t,case_tick,event,ticker,side,qty,price,pos,note
133.341,0,fill,RY,BUY,5000.0,99.97,5000.0,mode=mm
133.343,0,fill,AC,BUY,100.0,24.995,100.0,mode=mm
133.602,0,fill,RY,BUY,5000.0,99.97,10000.0,mode=mm
133.603,0,stop,RY,SELL,5000.0,99.93,10000.0,loss=8.5t stop=5.0t trend_against=False
133.835,0,fill,RY,SELL,5000.0,99.97,5000.0,mode=mm
133.838,0,fill,AC,SELL,100.0,24.995,0.0,mode=mm
134.641,0,fill,CNR,BUY,100.0,159.99,100.0,mode=mm
134.641,0,fill,RY,SELL,5000.0,99.995,0.0,mode=mm
134.643,0,fill,AC,SELL,300.0,24.985,-300.0,mode=mm
134.831,0,fill,AC,BUY,3000.0,24.995,2700.0,mode=mm
135.373,0,fill,CNR,SELL,1800.0,159.985,-1700.0,mode=mm
136.167,1,fill,RY,SELL,300.0,100.035,-300.0,mode=mm
136.167,1,fill,AC,SELL,2200.0,24.99,500.0,mode=mm
136.65,1,fill,AC,SELL,1322.0,24.985,-822.0,mode=mm
136.936,1,fill,AC,BUY,2022.0,24.985,1200.0,mode=mm
137.223,1,fill,RY,BUY,3100.0,100.025,2800.0,mode=mm
137.224,1,fill,AC,SELL,3400.0,24.985,-2200.0,mode=mm
137.428,1,fill,RY,BUY,5000.0,100.025,7800.0,mode=mm
138.485,1,fill,CNR,BUY,1500.0,159.95,-200.0,mode=mm
138.488,1,fill,AC,BUY,1100.0,24.975,-1100.0,mode=mm
138.71,1,fill,CNR,BUY,1500.0,159.955,1300.0,mode=mm
138.731,1,fill,RY,SELL,5000.0,100.015,2800.0,mode=mm
138.731,1,fill,AC,BUY,3600.0,24.975,2500.0,mode=mm
138.974,1,fill,CNR,BUY,400.0,159.955,1700.0,mode=mm
138.974,1,fill,AC,BUY,300.0,24.975,2800.0,mode=mm
139.714,1,fill,AC,SELL,3600.0,24.99,-800.0,mode=mm
140.063,1,fill,AC,BUY,1700.0,24.995,900.0,mode=mm
140.465,1,fill,RY,BUY,1900.0,100.04,4700.0,mode=mm
140.468,1,fill,AC,SELL,700.0,24.995,200.0,mode=mm
140.468,2,stop,RY,SELL,4700.0,99.99,4700.0,loss=12.0t stop=5.0t trend_against=False
140.536,2,fill,AC,BUY,300.0,24.995,500.0,mode=mm
140.724,2,fill,RY,SELL,4100.0,100.02,600.0,mode=mm
141.021,2,fill,AC,SELL,1000.0,25.01,-500.0,mode=mm
141.235,2,fill,AC,SELL,1320.0,25.02,-1820.0,mode=mm
141.518,2,fill,AC,BUY,3200.0,25.03,1380.0,mode=mm
141.521,2,stop,RY,SELL,600.0,99.88,600.0,loss=12.0t stop=5.0t trend_against=False
141.854,2,fill,RY,SELL,600.0,99.935,0.0,mode=mm
141.854,2,fill,AC,SELL,500.0,25.035,880.0,mode=mm
142.111,2,fill,CNR,BUY,2363.0,159.925,4063.0,mode=mm
142.112,2,fill,AC,BUY,1500.0,25.035,2380.0,mode=mm
142.393,2,fill,CNR,SELL,1300.0,159.925,2763.0,mode=mm
142.521,2,fill,AC,SELL,1000.0,24.985,1380.0,mode=mm
142.808,2,fill,CNR,SELL,2800.0,159.925,-37.0,mode=mm
142.812,2,fill,AC,SELL,1900.0,25.02,-520.0,mode=mm
143.054,2,fill,CNR,SELL,900.0,159.925,-937.0,mode=mm
143.054,2,fill,RY,SELL,100.0,99.9,-100.0,mode=mm
143.329,2,fill,CNR,BUY,1800.0,159.925,863.0,mode=mm
144.17,3,fill,CNR,BUY,2200.0,159.925,3063.0,mode=mm
144.172,3,fill,RY,SELL,800.0,99.905,-900.0,mode=mm
144.34,3,fill,AC,BUY,300.0,25.025,-220.0,mode=mm
144.655,3,fill,CNR,BUY,1800.0,159.895,4863.0,mode=mm
144.863,3,fill,AC,BUY,1128.0,25.025,908.0,mode=mm
145.104,3,fill,AC,BUY,1372.0,25.005,2280.0,mode=mm
145.105,3,stop,CNR,SELL,4863.0,159.8,4863.0,loss=5.5t stop=5.0t trend_against=False
145.414,3,fill,CNR,SELL,4863.0,159.855,0.0,mode=mm
146.242,3,fill,AC,BUY,1100.0,24.99,3380.0,mode=mm
146.244,3,stop,RY,BUY,900.0,100.07,-900.0,loss=10.9t stop=5.6t trend_against=False
146.425,3,fill,RY,BUY,900.0,100.0,0.0,mode=mm
146.425,3,fill,AC,SELL,154.0,24.99,3226.0,mode=mm
146.714,3,fill,AC,SELL,1550.0,24.985,1676.0,mode=mm
147.021,3,fill,RY,BUY,1500.0,99.94,1500.0,mode=mm
147.022,3,stop,RY,SELL,1500.0,99.85,1500.0,loss=10.0t stop=5.0t trend_against=False
147.161,3,fill,RY,SELL,1500.0,99.94,0.0,mode=mm
147.162,3,fill,AC,BUY,100.0,24.985,1776.0,mode=mm
147.438,3,fill,AC,BUY,950.0,25.0,2726.0,mode=mm
147.678,3,fill,AC,SELL,2088.0,24.98,638.0,mode=mm
147.763,3,dir_enter,CNR,SHORT,12869.0,159.73,0.0,gap=-14.9t thr=12.0t er=1.00 vol=1.0
147.87,3,fill,CNR,SELL,5000.0,159.73,-5000.0,mode=dir
148.231,4,fill,AC,SELL,70.0,24.995,568.0,mode=mm
148.499,4,fill,AC,SELL,830.0,24.995,-262.0,mode=mm
148.958,4,fill,CNR,SELL,200.0,159.685,-5200.0,mode=dir
149.527,4,fill,CNR,SELL,1700.0,159.675,-6900.0,mode=dir
150.105,4,fill,CNR,SELL,600.0,159.625,-7500.0,mode=dir
150.107,4,fill,AC,SELL,100.0,25.035,-362.0,mode=mm
150.259,4,fill,CNR,SELL,400.0,159.625,-7900.0,mode=dir
150.26,4,fill,RY,SELL,100.0,99.905,-100.0,mode=mm
150.264,4,stop,RY,BUY,100.0,100.12,-100.0,loss=13.0t stop=5.0t trend_against=False
150.566,4,fill,CNR,SELL,4000.0,159.61,-11900.0,mode=dir
150.567,4,fill,RY,BUY,100.0,100.035,0.0,mode=mm
150.772,4,fill,AC,BUY,1500.0,25.03,1138.0,mode=mm
151.798,4,fill,CNR,SELL,1400.0,159.565,-13300.0,mode=dir
152.58,5,fill,CNR,SELL,449.0,159.545,-13749.0,mode=dir
152.852,5,fill,AC,BUY,856.0,25.01,1994.0,mode=mm
153.105,5,fill,CNR,SELL,2700.0,159.545,-16449.0,mode=dir
153.107,5,fill,AC,BUY,144.0,25.015,2138.0,mode=mm
154.399,5,fill,CNR,SELL,400.0,159.545,-16849.0,mode=dir
154.646,5,fill,CNR,SELL,100.0,159.545,-16949.0,mode=dir
154.647,5,fill,RY,BUY,300.0,100.05,300.0,mode=mm
155.615,5,fill,CNR,SELL,2100.0,159.555,-19049.0,mode=dir
157.685,6,fill,AC,SELL,565.0,25.02,1573.0,mode=mm
158.223,6,fill,CNR,SELL,1100.0,159.555,-20149.0,mode=dir
158.224,6,fill,RY,SELL,500.0,99.99,-200.0,mode=mm
158.224,6,fill,AC,SELL,300.0,25.015,1273.0,mode=mm
158.225,6,stop,RY,BUY,200.0,100.13,-200.0,loss=8.0t stop=7.5t trend_against=False
158.468,6,fill,RY,BUY,200.0,100.035,0.0,mode=mm
159.025,6,fill,AC,SELL,400.0,25.02,873.0,mode=mm
159.269,6,dir_exit,CNR,,-20149.0,159.745,-20149.0,fast trail 20>15t
159.533,6,fill,CNR,BUY,3554.0,159.745,-16595.0,mode=cut
159.766,6,fill,RY,BUY,1500.0,100.015,1500.0,mode=mm
159.768,6,fill,AC,SELL,100.0,25.01,773.0,mode=mm
160.586,7,fill,CNR,BUY,5000.0,160.01,-11595.0,mode=cut
160.818,7,fill,RY,SELL,1500.0,99.95,0.0,mode=mm
161.075,7,fill,AC,SELL,1600.0,25.01,-827.0,mode=mm
161.338,7,fill,RY,BUY,1500.0,99.945,1500.0,mode=mm
161.339,7,fill,AC,BUY,950.0,25.015,123.0,mode=mm
161.625,7,fill,CNR,BUY,5000.0,160.09,-6595.0,mode=cut
161.626,7,fill,AC,BUY,650.0,25.005,773.0,mode=mm
161.881,7,fill,AC,SELL,1500.0,25.01,-727.0,mode=mm
162.122,7,fill,RY,BUY,900.0,99.945,2400.0,mode=mm
162.387,7,fill,AC,BUY,350.0,25.02,-377.0,mode=mm
162.684,7,fill,CNR,BUY,5000.0,160.18,-1595.0,mode=cut
162.684,7,fill,AC,BUY,1250.0,25.01,873.0,mode=mm
162.921,7,fill,RY,SELL,1900.0,99.92,500.0,mode=mm
162.922,7,fill,AC,SELL,400.0,25.01,473.0,mode=mm
163.214,7,fill,RY,SELL,1500.0,99.985,-1000.0,mode=mm
163.229,7,stop,RY,BUY,1000.0,100.14,-1000.0,loss=7.0t stop=6.7t trend_against=False
163.44,7,fill,RY,BUY,1000.0,100.035,0.0,mode=mm
163.69,7,fill,CNR,BUY,1595.0,160.205,0.0,mode=cut
163.691,7,fill,AC,SELL,150.0,25.005,323.0,mode=mm
163.856,7,fill,AC,SELL,350.0,25.015,-27.0,mode=mm
164.175,7,dir_enter,CNR,LONG,13236.0,160.225,0.0,gap=34.2t thr=18.3t er=0.83 vol=2.6
164.463,8,fill,CNR,BUY,3405.0,160.245,3405.0,mode=dir
164.761,8,fill,CNR,BUY,200.0,160.27,3605.0,mode=dir
164.768,8,fill,AC,BUY,900.0,25.015,873.0,mode=mm
165.256,8,fill,CNR,BUY,1395.0,160.33,5000.0,mode=dir
165.497,8,fill,CNR,BUY,200.0,160.33,5200.0,mode=dir
165.498,8,fill,RY,BUY,500.0,100.015,500.0,mode=mm
165.685,8,fill,CNR,BUY,400.0,160.335,5600.0,mode=dir
165.983,8,fill,CNR,BUY,1000.0,160.335,6600.0,mode=dir
166.264,8,fill,CNR,BUY,2000.0,160.335,8600.0,mode=dir
166.47,8,fill,RY,SELL,500.0,100.005,0.0,mode=mm
166.744,8,fill,CNR,BUY,200.0,160.335,8800.0,mode=dir
167.02,8,fill,CNR,BUY,1800.0,160.335,10600.0,mode=dir
167.243,8,fill,RY,SELL,300.0,99.995,-300.0,mode=mm
167.243,8,stop,RY,BUY,300.0,100.13,-300.0,loss=8.0t stop=5.0t trend_against=False
167.513,8,fill,RY,BUY,300.0,100.035,0.0,mode=mm
167.785,8,fill,CNR,BUY,600.0,160.335,11200.0,mode=dir
168.275,9,fill,CNR,BUY,100.0,160.335,11300.0,mode=dir
168.528,9,fill,CNR,BUY,500.0,160.34,11800.0,mode=dir
168.844,9,fill,CNR,BUY,3300.0,160.34,15100.0,mode=dir
168.844,9,fill,RY,BUY,1500.0,100.09,1500.0,mode=mm
168.846,9,fill,AC,SELL,300.0,25.005,573.0,mode=mm
169.769,9,fill,AC,SELL,100.0,25.02,473.0,mode=mm
171.034,9,fill,CNR,BUY,100.0,160.33,15200.0,mode=dir
171.036,9,fill,AC,SELL,300.0,24.995,173.0,mode=mm
171.324,9,fill,CNR,BUY,3100.0,160.33,18300.0,mode=dir
171.327,9,fill,AC,SELL,100.0,25.005,73.0,mode=mm
171.529,9,fill,AC,SELL,300.0,25.005,-227.0,mode=mm
173.929,10,fill,CNR,BUY,700.0,160.24,19000.0,mode=dir
173.93,10,fill,AC,BUY,800.0,24.985,573.0,mode=mm
174.196,10,fill,AC,BUY,200.0,24.985,773.0,mode=mm
174.524,10,fill,AC,SELL,100.0,24.975,673.0,mode=mm
174.636,10,fill,AC,SELL,300.0,24.975,373.0,mode=mm
174.939,10,dir_exit,CNR,,19000.0,160.175,19000.0,fast trail 16>15t
175.22,10,fill,CNR,SELL,5000.0,160.175,14000.0,mode=cut
175.449,10,fill,RY,BUY,1500.0,100.12,3000.0,mode=mm
175.68,10,fill,AC,SELL,3000.0,25.005,-2627.0,mode=mm
175.985,10,fill,RY,SELL,1100.0,100.125,1900.0,mode=mm
177.05,11,fill,AC,BUY,1900.0,25.02,-727.0,mode=mm
177.301,11,fill,CNR,SELL,5000.0,159.45,9000.0,mode=cut
177.301,11,fill,AC,BUY,2100.0,25.02,1373.0,mode=mm
177.497,11,fill,AC,SELL,4500.0,25.02,-3127.0,mode=mm
177.777,11,fill,AC,SELL,300.0,25.0,-3427.0,mode=mm
178.016,11,fill,AC,BUY,5000.0,25.0,1573.0,mode=mm
178.318,11,fill,CNR,SELL,5000.0,159.365,4000.0,mode=cut
178.319,11,fill,RY,BUY,700.0,100.18,2600.0,mode=mm
178.51,11,fill,AC,SELL,7000.0,25.0,-5427.0,mode=mm
178.795,11,fill,AC,BUY,1013.0,25.015,-4414.0,mode=mm
179.381,11,fill,CNR,SELL,4000.0,159.295,0.0,mode=cut
179.756,11,dir_enter,CNR,SHORT,9043.0,159.265,0.0,gap=-58.2t thr=45.0t er=0.87 vol=4.6
180.906,12,fill,CNR,SELL,5000.0,159.255,-5000.0,mode=dir
181.159,12,fill,AC,BUY,4400.0,25.015,-14.0,mode=mm
181.941,12,fill,AC,BUY,2900.0,25.005,2886.0,mode=mm
182.168,12,fill,AC,SELL,6500.0,25.005,-3614.0,mode=mm
182.527,12,fill,CNR,SELL,1400.0,159.225,-6400.0,mode=dir
182.528,12,fill,RY,SELL,1900.0,100.07,700.0,mode=mm
182.667,12,fill,AC,BUY,500.0,25.005,-3114.0,mode=mm
183.497,12,fill,CNR,SELL,5000.0,159.43,-11400.0,mode=dir
183.498,12,fill,RY,BUY,800.0,100.115,1500.0,mode=mm
183.498,12,fill,AC,BUY,4000.0,25.005,886.0,mode=mm
183.5,12,dir_exit,CNR,,-11400.0,159.825,-11400.0,fast trail 60>23t
183.744,12,fill,CNR,BUY,170.0,159.825,-11230.0,mode=cut
183.745,12,fill,RY,SELL,2300.0,100.12,-800.0,mode=mm
183.752,12,stop,RY,BUY,800.0,100.16,-800.0,loss=7.0t stop=5.0t trend_against=False
183.894,12,fill,RY,BUY,800.0,100.115,0.0,mode=mm
184.27,13,fill,CNR,BUY,2900.0,160.365,-8330.0,mode=cut
184.492,13,fill,CNR,BUY,1930.0,160.38,-6400.0,mode=cut
184.705,13,fill,CNR,BUY,5000.0,160.39,-1400.0,mode=cut
184.705,13,fill,AC,BUY,100.0,24.995,986.0,mode=mm
184.979,13,fill,AC,SELL,1600.0,24.995,-614.0,mode=mm
185.243,13,fill,RY,BUY,2400.0,100.04,2400.0,mode=mm
185.776,13,fill,CNR,BUY,1400.0,160.37,0.0,mode=cut
186.047,13,fill,AC,BUY,900.0,24.975,286.0,mode=mm
186.245,13,fill,AC,SELL,2500.0,24.97,-2214.0,mode=mm
187.047,13,fill,CNR,BUY,200.0,159.78,200.0,mode=mm
187.047,13,fill,RY,SELL,1500.0,100.025,900.0,mode=mm
187.048,13,fill,AC,SELL,400.0,24.975,-2614.0,mode=mm
187.048,13,stop,CNR,SELL,200.0,159.16,200.0,loss=40.0t stop=30.4t trend_against=False
187.301,13,fill,CNR,SELL,200.0,159.295,0.0,mode=mm
187.301,13,fill,RY,SELL,1300.0,100.035,-400.0,mode=mm
187.305,13,stop,RY,BUY,400.0,100.09,-400.0,loss=6.0t stop=5.0t trend_against=False
187.545,13,fill,RY,BUY,400.0,100.045,0.0,mode=mm
187.545,13,fill,AC,SELL,1400.0,24.98,-4014.0,mode=mm
187.822,13,fill,AC,BUY,2800.0,24.995,-1214.0,mode=mm
188.042,13,fill,RY,BUY,700.0,100.08,700.0,mode=mm
188.042,13,fill,AC,SELL,1000.0,25.0,-2214.0,mode=mm
188.345,14,fill,AC,SELL,300.0,25.005,-2514.0,mode=mm
188.615,14,fill,RY,BUY,500.0,100.075,1200.0,mode=mm
188.617,14,stop,RY,SELL,1200.0,99.89,1200.0,loss=10.4t stop=5.0t trend_against=False
188.808,14,fill,RY,SELL,1200.0,99.965,0.0,mode=mm
189.315,14,fill,AC,BUY,1900.0,25.035,-614.0,mode=mm
189.637,14,fill,CNR,SELL,300.0,159.125,-300.0,mode=mm
189.637,14,fill,AC,BUY,100.0,25.035,-514.0,mode=mm
189.638,14,stop,CNR,BUY,300.0,159.16,-300.0,loss=54.0t stop=31.0t trend_against=False
189.911,14,fill,CNR,BUY,300.0,159.125,0.0,mode=mm
190.126,14,fill,AC,BUY,1500.0,25.015,986.0,mode=mm
190.357,14,fill,AC,SELL,1200.0,25.015,-214.0,mode=mm
190.896,14,fill,RY,SELL,1200.0,100.04,-1200.0,mode=mm
190.9,14,fill,AC,SELL,1300.0,25.015,-1514.0,mode=mm
191.428,14,fill,AC,SELL,900.0,25.01,-2414.0,mode=mm
191.676,14,fill,AC,BUY,3100.0,25.015,686.0,mode=mm
192.013,14,fill,RY,BUY,1200.0,100.015,0.0,mode=mm
192.015,14,fill,AC,SELL,1000.0,25.01,-314.0,mode=mm
192.172,14,fill,AC,SELL,1600.0,25.01,-1914.0,mode=mm
192.705,15,fill,CNR,BUY,300.0,160.225,300.0,mode=mm
192.705,15,fill,RY,SELL,700.0,100.005,-700.0,mode=mm
192.706,15,stop,CNR,SELL,300.0,159.35,300.0,loss=69.0t stop=42.9t trend_against=False
192.978,15,fill,CNR,SELL,300.0,159.725,0.0,mode=mm
193.564,15,fill,CNR,SELL,200.0,159.71,-200.0,mode=mm
193.575,15,stop,CNR,BUY,200.0,160.5,-200.0,loss=54.0t stop=42.9t trend_against=False
194.0,15,fill,CNR,BUY,200.0,159.595,0.0,mode=mm
194.304,15,fill,RY,SELL,900.0,100.015,-1600.0,mode=mm
194.306,15,stop,RY,BUY,1600.0,100.06,-1600.0,loss=9.4t stop=5.6t trend_against=False
194.442,15,fill,RY,BUY,2400.0,100.015,800.0,mode=mm
195.203,15,fill,RY,SELL,800.0,100.015,0.0,mode=mm
195.945,15,fill,RY,BUY,700.0,100.115,700.0,mode=mm
196.189,15,fill,AC,BUY,1800.0,25.005,-114.0,mode=mm
196.459,16,fill,RY,BUY,900.0,100.1,1600.0,mode=mm
197.228,16,fill,RY,SELL,800.0,100.095,800.0,mode=mm
197.521,16,fill,CNR,SELL,300.0,159.895,-300.0,mode=mm
198.051,16,fill,RY,BUY,500.0,100.105,1300.0,mode=mm
198.502,16,fill,RY,BUY,800.0,100.08,2100.0,mode=mm
198.791,16,fill,CNR,SELL,400.0,159.76,-700.0,mode=mm
199.038,16,fill,CNR,SELL,100.0,159.67,-800.0,mode=mm
199.038,16,fill,RY,BUY,300.0,100.085,2400.0,mode=mm
199.043,16,stop,RY,SELL,2400.0,100.01,2400.0,loss=6.4t stop=5.1t trend_against=False
199.277,16,fill,CNR,BUY,200.0,159.675,-600.0,mode=mm
199.277,16,fill,RY,SELL,2400.0,100.07,0.0,mode=mm
199.805,16,fill,CNR,SELL,500.0,159.965,-1100.0,mode=mm
199.806,16,stop,CNR,BUY,1100.0,160.47,-1100.0,loss=57.6t stop=40.9t trend_against=False
200.026,16,fill,CNR,BUY,1100.0,160.305,0.0,mode=mm
200.571,17,fill,CNR,BUY,200.0,160.305,200.0,mode=mm
200.571,17,fill,RY,SELL,700.0,100.025,-700.0,mode=mm
200.573,17,stop,CNR,SELL,200.0,159.3,200.0,loss=80.0t stop=40.9t trend_against=False
200.821,17,fill,CNR,SELL,200.0,159.705,0.0,mode=mm
202.022,17,fill,RY,BUY,700.0,99.975,0.0,mode=mm
202.387,17,fill,RY,BUY,700.0,99.975,700.0,mode=mm
202.585,17,fill,RY,SELL,800.0,99.915,-100.0,mode=mm
202.59,17,stop,RY,BUY,100.0,100.03,-100.0,loss=13.0t stop=5.4t trend_against=False
202.798,17,fill,RY,BUY,100.0,99.955,0.0,mode=mm
203.649,17,fill,CNR,SELL,200.0,159.635,-200.0,mode=mm
203.651,17,stop,CNR,BUY,200.0,159.76,-200.0,loss=72.0t stop=40.9t trend_against=False
203.923,17,fill,CNR,BUY,200.0,159.635,0.0,mode=mm
204.681,18,fill,CNR,BUY,200.0,159.625,200.0,mode=mm
205.423,18,fill,CNR,SELL,200.0,159.635,0.0,mode=mm
207.25,18,fill,CNR,SELL,300.0,159.68,-300.0,mode=mm
210.265,19,stop,CNR,BUY,300.0,160.12,-300.0,loss=25.0t stop=21.5t trend_against=False
210.541,19,fill,CNR,BUY,150.0,159.98,-150.0,mode=mm
211.339,19,stop,CNR,BUY,150.0,160.12,-150.0,loss=27.7t stop=20.2t trend_against=False
211.527,19,fill,CNR,BUY,150.0,160.02,0.0,mode=mm
220.663,22,fill,RY,BUY,1500.0,100.065,1500.0,mode=mm
220.929,22,fill,RY,SELL,40.0,100.06,1460.0,mode=mm
221.439,22,fill,RY,SELL,2860.0,100.055,-1400.0,mode=mm
222.233,22,fill,RY,BUY,1500.0,100.055,100.0,mode=mm
222.457,22,fill,RY,BUY,1400.0,100.055,1500.0,mode=mm
223.21,22,fill,RY,BUY,1500.0,100.035,3000.0,mode=mm
227.283,23,fill,AC,BUY,1500.0,25.005,1386.0,mode=mm
227.775,23,fill,AC,BUY,1500.0,25.005,2886.0,mode=mm
228.05,23,fill,AC,SELL,2400.0,25.005,486.0,mode=mm
228.552,24,fill,AC,BUY,2100.0,25.005,2586.0,mode=mm
229.065,24,fill,AC,SELL,2600.0,25.005,-14.0,mode=mm
229.588,24,fill,AC,BUY,500.0,25.005,486.0,mode=mm
229.84,24,fill,AC,SELL,400.0,25.005,86.0,mode=mm
230.096,24,fill,AC,BUY,2100.0,25.005,2186.0,mode=mm
230.357,24,fill,AC,SELL,1000.0,25.005,1186.0,mode=mm
230.621,24,fill,AC,SELL,300.0,25.005,886.0,mode=mm
231.398,24,fill,AC,BUY,1800.0,25.005,2686.0,mode=mm
231.631,24,fill,AC,SELL,2700.0,25.005,-14.0,mode=mm
232.159,24,fill,AC,BUY,2500.0,25.005,2486.0,mode=mm
232.411,25,fill,AC,SELL,963.0,25.005,1523.0,mode=mm
232.665,25,fill,AC,SELL,1437.0,25.005,86.0,mode=mm
232.945,25,fill,AC,BUY,200.0,25.005,286.0,mode=mm
233.187,25,fill,AC,BUY,1300.0,25.005,1586.0,mode=mm
233.679,25,fill,AC,BUY,2200.0,25.005,3786.0,mode=mm
233.924,25,fill,AC,SELL,1663.0,25.005,2123.0,mode=mm
234.196,25,fill,AC,SELL,424.0,25.005,1699.0,mode=mm
234.454,25,fill,AC,BUY,787.0,25.005,2486.0,mode=mm
234.933,25,fill,AC,BUY,1000.0,24.99,3486.0,mode=mm
235.211,25,fill,AC,SELL,3100.0,24.98,386.0,mode=mm
235.953,25,fill,AC,SELL,2600.0,24.96,-2214.0,mode=mm
236.24,25,fill,AC,BUY,3100.0,24.955,886.0,mode=mm
237.512,26,fill,AC,SELL,5400.0,25.015,-4514.0,mode=mm
238.818,26,fill,AC,BUY,1700.0,25.015,-2814.0,mode=mm
239.062,26,fill,AC,BUY,3200.0,25.0,386.0,mode=mm
239.31,26,fill,AC,BUY,2600.0,24.985,2986.0,mode=mm
240.087,26,fill,AC,SELL,3900.0,24.97,-914.0,mode=mm
240.846,27,fill,AC,BUY,300.0,24.95,-614.0,mode=mm
241.334,27,fill,AC,SELL,1000.0,24.95,-1614.0,mode=mm
241.588,27,fill,AC,BUY,1000.0,24.94,-614.0,mode=mm
241.878,27,fill,AC,SELL,1400.0,24.94,-2014.0,mode=mm
242.898,27,fill,AC,SELL,1200.0,24.935,-3214.0,mode=mm
246.466,28,fill,RY,SELL,2000.0,100.015,1000.0,mode=mm
246.725,28,fill,RY,SELL,2700.0,100.02,-1700.0,mode=mm
247.233,28,fill,RY,SELL,1400.0,100.025,-3100.0,mode=mm
248.078,28,fill,RY,SELL,600.0,100.055,-3700.0,mode=mm
248.287,29,fill,RY,SELL,200.0,100.055,-3900.0,mode=mm
248.566,29,fill,RY,BUY,733.0,100.09,-3167.0,mode=mm
248.568,29,stop,RY,BUY,3167.0,100.13,-3167.0,loss=5.2t stop=5.0t trend_against=False
248.8,29,fill,RY,BUY,4234.0,100.075,1067.0,mode=mm
249.813,29,fill,RY,SELL,800.0,100.085,267.0,mode=mm
250.315,29,fill,RY,BUY,600.0,100.11,867.0,mode=mm
251.096,29,fill,RY,SELL,800.0,100.105,67.0,mode=mm
251.348,29,fill,RY,BUY,500.0,100.12,567.0,mode=mm
252.103,29,fill,RY,SELL,500.0,100.095,67.0,mode=mm
252.626,30,fill,RY,SELL,700.0,100.115,-633.0,mode=mm
254.928,30,fill,RY,BUY,800.0,100.135,167.0,mode=mm
259.283,31,fill,RY,BUY,1100.0,100.125,1267.0,mode=mm
259.812,31,fill,RY,BUY,400.0,100.125,1667.0,mode=mm
259.953,31,fill,RY,BUY,700.0,100.115,2367.0,mode=mm
260.339,32,fill,RY,SELL,1500.0,100.095,867.0,mode=mm
260.59,32,fill,RY,BUY,900.0,100.1,1767.0,mode=mm
263.127,32,fill,RY,BUY,400.0,100.085,2167.0,mode=mm
263.88,32,fill,RY,SELL,900.0,100.065,1267.0,mode=mm
264.158,33,fill,RY,BUY,300.0,100.07,1567.0,mode=mm
264.952,33,fill,RY,BUY,400.0,100.045,1967.0,mode=mm
264.952,33,stop,RY,SELL,1967.0,99.97,1967.0,loss=5.9t stop=5.0t trend_against=False
265.187,33,fill,RY,SELL,1967.0,100.03,0.0,mode=mm
267.495,33,fill,RY,SELL,700.0,100.015,-700.0,mode=mm
267.748,33,fill,RY,SELL,900.0,100.03,-1600.0,mode=mm
268.315,34,fill,RY,BUY,800.0,100.045,-800.0,mode=mm
268.529,34,fill,RY,SELL,400.0,100.045,-1200.0,mode=mm
268.825,34,fill,RY,SELL,800.0,100.06,-2000.0,mode=mm
269.294,34,fill,RY,BUY,900.0,100.065,-1100.0,mode=mm
270.315,34,fill,RY,SELL,800.0,100.06,-1900.0,mode=mm
270.57,34,fill,RY,SELL,300.0,100.055,-2200.0,mode=mm
272.351,34,fill,RY,SELL,300.0,100.095,-2500.0,mode=mm
272.351,34,stop,RY,BUY,2500.0,100.14,-2500.0,loss=6.6t stop=5.0t trend_against=False
272.598,35,fill,RY,BUY,2500.0,100.095,0.0,mode=mm
275.741,35,fill,CNR,BUY,900.0,160.485,900.0,mode=mm
278.261,36,fill,CNR,BUY,1100.0,160.485,2000.0,mode=mm
278.533,36,fill,CNR,SELL,900.0,160.485,1100.0,mode=mm
279.134,36,fill,RY,SELL,1500.0,100.125,-1500.0,mode=mm
279.925,36,fill,CNR,BUY,800.0,160.485,1900.0,mode=mm
280.448,37,fill,CNR,BUY,124.0,160.485,2024.0,mode=mm
280.677,37,fill,CNR,BUY,676.0,160.485,2700.0,mode=mm
281.708,37,fill,CNR,BUY,458.0,160.475,3158.0,mode=mm
281.985,37,fill,CNR,BUY,142.0,160.47,3300.0,mode=mm
282.272,37,fill,CNR,BUY,500.0,160.465,3800.0,mode=mm
282.757,37,fill,CNR,BUY,400.0,160.435,4200.0,mode=mm
282.757,37,stop,CNR,SELL,4200.0,160.34,4200.0,loss=7.7t stop=5.0t trend_against=False
283.021,37,fill,CNR,SELL,1300.0,160.4,2900.0,mode=mm
283.8,37,stop,CNR,SELL,2900.0,159.53,2900.0,loss=14.7t stop=9.5t trend_against=False
284.102,37,fill,CNR,SELL,2900.0,159.85,0.0,mode=mm
284.307,37,fill,RY,BUY,2900.0,100.135,1400.0,mode=mm
284.309,38,breaker,,,,,,"pnl -39,500 peak 1,493"
284.536,38,fill,RY,SELL,1400.0,100.13,0.0,mode=mm
284.537,38,fill,AC,BUY,3214.0,24.955,0.0,mode=mm
293.756,40,fill,CNR,SELL,237.0,159.39,-237.0,mode=mm
293.961,40,fill,CNR,SELL,500.0,159.4,-737.0,mode=mm
294.463,40,fill,CNR,SELL,400.0,159.415,-1137.0,mode=mm
294.979,40,fill,CNR,SELL,400.0,159.445,-1537.0,mode=mm
294.982,40,stop,CNR,BUY,1537.0,159.8,-1537.0,loss=21.8t stop=11.6t trend_against=False
295.283,40,fill,CNR,BUY,1537.0,159.595,0.0,mode=mm
300.827,42,fill,CNR,BUY,500.0,160.505,500.0,mode=mm
301.077,42,fill,CNR,BUY,400.0,160.49,900.0,mode=mm
301.578,42,fill,CNR,SELL,600.0,160.395,300.0,mode=mm
302.077,42,fill,CNR,BUY,356.0,160.405,656.0,mode=mm
302.289,42,fill,CNR,SELL,400.0,160.355,256.0,mode=mm
303.155,42,fill,CNR,BUY,500.0,160.405,756.0,mode=mm
303.349,42,fill,CNR,SELL,400.0,160.33,356.0,mode=mm
304.155,42,fill,CNR,BUY,300.0,160.345,656.0,mode=mm
304.409,42,fill,CNR,BUY,300.0,160.34,956.0,mode=mm
304.966,43,fill,CNR,BUY,200.0,160.285,1156.0,mode=mm
305.138,43,fill,CNR,BUY,200.0,160.285,1356.0,mode=mm
305.502,43,fill,CNR,BUY,700.0,160.225,2056.0,mode=mm
305.685,43,fill,CNR,BUY,200.0,160.23,2256.0,mode=mm
308.776,44,stop,CNR,SELL,2256.0,160.09,2256.0,loss=11.5t stop=11.3t trend_against=False
308.981,44,fill,CNR,SELL,2256.0,160.135,0.0,mode=mm
308.983,44,fill,RY,SELL,1500.0,100.135,-1500.0,mode=mm
309.52,44,fill,RY,SELL,100.0,100.155,-1600.0,mode=mm
310.512,44,fill,RY,BUY,1700.0,100.155,100.0,mode=mm
311.305,44,fill,RY,SELL,2500.0,100.145,-2400.0,mode=mm
311.779,44,fill,RY,BUY,2400.0,100.145,0.0,mode=mm
312.211,44,fill,CNR,SELL,500.0,159.915,-500.0,mode=mm
312.211,44,fill,RY,SELL,2500.0,100.135,-2500.0,mode=mm
312.215,44,stop,CNR,BUY,500.0,160.04,-500.0,loss=19.0t stop=14.4t trend_against=False
312.336,44,fill,CNR,BUY,300.0,159.9,-200.0,mode=mm
312.586,45,fill,CNR,BUY,500.0,159.9,300.0,mode=mm
312.586,45,fill,RY,BUY,2500.0,100.135,0.0,mode=mm
312.59,45,stop,CNR,SELL,300.0,159.69,300.0,loss=20.0t stop=13.2t trend_against=False
312.842,45,fill,CNR,SELL,300.0,159.775,0.0,mode=mm
312.842,45,fill,RY,SELL,2500.0,100.135,-2500.0,mode=mm
314.061,45,fill,RY,BUY,3100.0,100.17,600.0,mode=mm
314.333,45,fill,RY,SELL,3460.0,100.17,-2860.0,mode=mm
314.583,45,fill,RY,BUY,2000.0,100.165,-860.0,mode=mm
314.853,45,fill,RY,BUY,1600.0,100.165,740.0,mode=mm
315.311,45,fill,RY,BUY,700.0,100.085,1440.0,mode=mm
315.314,45,stop,RY,SELL,1440.0,99.95,1440.0,loss=6.6t stop=5.0t trend_against=False
315.572,45,fill,RY,SELL,1440.0,100.055,0.0,mode=mm
316.076,45,fill,RY,SELL,1200.0,100.065,-1200.0,mode=mm
316.669,46,fill,RY,BUY,400.0,100.07,-800.0,mode=mm
316.925,46,fill,CNR,BUY,500.0,159.855,500.0,mode=mm
316.925,46,fill,RY,BUY,1200.0,100.065,400.0,mode=mm
317.143,46,fill,RY,SELL,500.0,100.04,-100.0,mode=mm
317.946,46,fill,CNR,BUY,400.0,159.845,900.0,mode=mm
317.946,46,fill,RY,BUY,100.0,100.07,0.0,mode=mm
318.251,46,fill,CNR,SELL,600.0,159.85,300.0,mode=mm
318.251,46,fill,RY,BUY,100.0,100.07,100.0,mode=mm
318.745,46,fill,CNR,BUY,500.0,159.835,800.0,mode=mm
318.745,46,fill,RY,SELL,700.0,100.065,-600.0,mode=mm
319.206,46,fill,RY,SELL,600.0,100.065,-1200.0,mode=mm
319.207,46,stop,RY,BUY,1200.0,100.23,-1200.0,loss=12.0t stop=5.0t trend_against=False
319.431,46,fill,RY,BUY,1200.0,100.125,0.0,mode=mm
319.766,46,fill,CNR,SELL,600.0,159.83,200.0,mode=mm
320.268,47,fill,CNR,BUY,400.0,159.825,600.0,mode=mm
320.545,47,fill,CNR,BUY,500.0,159.825,1100.0,mode=mm
320.545,47,fill,RY,BUY,602.0,100.115,602.0,mode=mm
321.315,47,fill,CNR,BUY,400.0,159.78,1500.0,mode=mm
321.317,47,stop,CNR,SELL,1500.0,159.71,1500.0,loss=12.5t stop=7.8t trend_against=False
321.581,47,fill,CNR,SELL,1177.0,159.77,323.0,mode=mm
322.038,47,fill,RY,SELL,600.0,100.115,2.0,mode=mm
322.373,47,stop,CNR,SELL,323.0,159.58,323.0,loss=12.5t stop=8.3t trend_against=False
322.566,47,fill,CNR,SELL,323.0,159.64,0.0,mode=mm
322.803,47,fill,RY,SELL,1200.0,100.13,-1198.0,mode=mm
323.794,47,fill,RY,SELL,218.0,100.145,-1416.0,mode=mm
324.041,47,fill,RY,SELL,700.0,100.155,-2116.0,mode=mm
324.39,47,fill,CNR,SELL,500.0,159.635,-500.0,mode=mm
325.595,48,fill,CNR,SELL,400.0,159.65,-900.0,mode=mm
326.129,48,fill,RY,SELL,300.0,100.155,-2416.0,mode=mm
326.385,48,fill,RY,SELL,500.0,100.16,-2916.0,mode=mm
326.893,48,fill,RY,BUY,900.0,100.165,-2016.0,mode=mm
327.108,48,fill,RY,BUY,1500.0,100.15,-516.0,mode=mm
327.864,48,fill,RY,SELL,600.0,100.135,-1116.0,mode=mm
328.74,49,fill,CNR,SELL,400.0,159.59,-1300.0,mode=mm
329.165,49,fill,CNR,SELL,300.0,159.59,-1600.0,mode=mm
329.165,49,fill,RY,BUY,800.0,100.135,-316.0,mode=mm
329.166,49,stop,CNR,BUY,1600.0,159.63,-1600.0,loss=6.5t stop=5.8t trend_against=False
329.455,49,fill,CNR,BUY,1600.0,159.59,0.0,mode=mm
329.665,49,fill,RY,BUY,1200.0,100.11,884.0,mode=mm
330.678,49,fill,RY,SELL,400.0,100.075,484.0,mode=mm
330.924,49,fill,RY,SELL,700.0,100.075,-216.0,mode=mm
330.927,49,stop,RY,BUY,216.0,100.11,-216.0,loss=12.0t stop=5.0t trend_against=False
331.232,49,fill,CNR,BUY,500.0,159.915,500.0,mode=mm
331.232,49,fill,RY,BUY,216.0,100.075,0.0,mode=mm
331.764,49,fill,CNR,SELL,500.0,159.925,0.0,mode=mm
334.786,50,fill,RY,SELL,700.0,100.11,-700.0,mode=mm
335.39,50,fill,CNR,BUY,900.0,159.985,900.0,mode=mm
335.39,50,fill,RY,SELL,900.0,100.13,-1600.0,mode=mm
335.785,50,fill,RY,SELL,900.0,100.14,-2500.0,mode=mm
335.79,50,stop,RY,BUY,2500.0,100.25,-2500.0,loss=5.9t stop=5.0t trend_against=False
336.037,50,fill,RY,BUY,2500.0,100.195,0.0,mode=mm
336.4,50,fill,CNR,SELL,100.0,159.985,800.0,mode=mm
337.096,51,fill,CNR,SELL,600.0,159.98,200.0,mode=mm
337.63,51,fill,CNR,SELL,500.0,160.015,-300.0,mode=mm
337.63,51,fill,RY,BUY,700.0,100.215,700.0,mode=mm
338.553,51,fill,RY,BUY,500.0,100.205,1200.0,mode=mm
338.921,51,fill,CNR,BUY,500.0,160.025,200.0,mode=mm
339.177,51,fill,CNR,BUY,500.0,160.02,700.0,mode=mm
339.178,51,stop,CNR,SELL,700.0,159.85,700.0,loss=9.3t stop=6.1t trend_against=False
339.422,51,fill,CNR,SELL,700.0,159.955,0.0,mode=mm
339.422,51,fill,RY,BUY,800.0,100.165,2000.0,mode=mm
339.9,51,fill,RY,SELL,200.0,100.145,1800.0,mode=mm
339.901,51,stop,RY,SELL,1800.0,100.07,1800.0,loss=5.2t stop=5.0t trend_against=False
340.108,51,fill,RY,SELL,1800.0,100.13,0.0,mode=mm
341.669,52,fill,RY,SELL,700.0,100.125,-700.0,mode=mm
341.674,52,stop,RY,BUY,700.0,100.24,-700.0,loss=6.0t stop=5.0t trend_against=False
341.979,52,fill,RY,BUY,700.0,100.16,0.0,mode=mm
342.767,52,fill,CNR,BUY,900.0,159.765,900.0,mode=mm
343.011,52,fill,CNR,BUY,100.0,159.725,1000.0,mode=mm
343.528,52,fill,CNR,BUY,800.0,159.615,1800.0,mode=mm
343.529,52,stop,CNR,SELL,1800.0,159.42,1800.0,loss=17.3t stop=10.3t trend_against=False
343.802,52,fill,CNR,SELL,1800.0,159.57,0.0,mode=mm
344.216,53,fill,RY,BUY,700.0,100.21,700.0,mode=mm
344.514,53,fill,RY,BUY,500.0,100.215,1200.0,mode=mm
345.077,53,fill,CNR,SELL,700.0,159.525,-700.0,mode=mm
345.287,53,fill,CNR,SELL,200.0,159.53,-900.0,mode=mm
345.288,53,fill,RY,SELL,121.0,100.18,1079.0,mode=mm
345.539,53,fill,CNR,SELL,300.0,159.53,-1200.0,mode=mm
345.539,53,fill,AC,SELL,2500.0,24.955,-2500.0,mode=mm
346.034,53,fill,RY,SELL,2700.0,100.175,-1621.0,mode=mm
346.265,53,fill,CNR,SELL,200.0,159.53,-1400.0,mode=mm
346.573,53,fill,CNR,SELL,400.0,159.57,-1800.0,mode=mm
346.576,53,stop,CNR,BUY,1800.0,159.89,-1800.0,loss=21.3t stop=9.7t trend_against=False
346.873,53,fill,CNR,BUY,1800.0,159.805,0.0,mode=mm
346.874,53,fill,RY,SELL,400.0,100.165,-2021.0,mode=mm
347.332,53,fill,RY,BUY,1800.0,100.215,-221.0,mode=mm
347.556,53,fill,AC,BUY,2100.0,24.975,-400.0,mode=mm
348.091,53,fill,AC,SELL,1055.0,24.985,-1455.0,mode=mm
348.193,53,fill,AC,SELL,245.0,24.985,-1700.0,mode=mm
348.628,54,fill,AC,BUY,1400.0,24.985,-300.0,mode=mm
348.845,54,fill,RY,BUY,448.0,100.195,227.0,mode=mm
348.845,54,fill,AC,SELL,800.0,24.985,-1100.0,mode=mm
349.057,54,fill,AC,SELL,600.0,24.985,-1700.0,mode=mm
349.299,54,fill,AC,BUY,2500.0,24.99,800.0,mode=mm
349.574,54,fill,RY,BUY,2052.0,100.195,2279.0,mode=mm
349.575,54,fill,AC,SELL,2700.0,24.99,-1900.0,mode=mm
349.585,54,stop,RY,SELL,2279.0,100.1,2279.0,loss=7.0t stop=5.0t trend_against=False
349.861,54,fill,RY,SELL,2279.0,100.17,0.0,mode=mm
349.861,54,fill,AC,BUY,3000.0,24.995,1100.0,mode=mm
350.084,54,fill,AC,SELL,1100.0,24.995,0.0,mode=mm
350.604,54,fill,AC,SELL,2500.0,25.01,-2500.0,mode=mm
351.434,54,fill,AC,SELL,600.0,25.02,-3100.0,mode=mm
351.951,54,fill,CNR,BUY,2400.0,160.16,2400.0,mode=mm
351.954,54,fill,AC,BUY,3100.0,25.025,0.0,mode=mm
352.273,54,fill,CNR,SELL,2500.0,160.16,-100.0,mode=mm
352.279,54,fill,AC,SELL,200.0,25.03,-200.0,mode=mm
352.539,54,fill,CNR,BUY,1710.0,160.16,1610.0,mode=mm
352.539,54,fill,AC,SELL,900.0,25.035,-1100.0,mode=mm
352.689,55,fill,CNR,SELL,310.0,160.06,1300.0,mode=mm
352.689,55,fill,AC,BUY,2800.0,25.04,1700.0,mode=mm
352.973,55,fill,CNR,BUY,500.0,160.14,1800.0,mode=mm
352.973,55,fill,AC,SELL,1400.0,25.04,300.0,mode=mm
352.974,55,stop,CNR,SELL,1800.0,159.48,1800.0,loss=55.4t stop=12.3t trend_against=False
353.538,55,fill,CNR,SELL,1800.0,159.475,0.0,mode=mm
353.54,55,fill,AC,BUY,794.0,25.03,1094.0,mode=mm
354.045,55,fill,CNR,SELL,400.0,159.475,-400.0,mode=mm
354.045,55,fill,RY,SELL,700.0,100.125,-700.0,mode=mm
354.045,55,fill,AC,BUY,800.0,25.025,1894.0,mode=mm
354.045,55,stop,CNR,BUY,400.0,160.03,-400.0,loss=51.0t stop=23.4t trend_against=False
354.314,55,fill,CNR,BUY,400.0,159.735,0.0,mode=mm
354.314,55,fill,RY,BUY,454.0,100.15,-246.0,mode=mm
354.314,55,fill,AC,BUY,500.0,25.025,2394.0,mode=mm
354.961,55,fill,RY,BUY,1200.0,100.145,954.0,mode=mm
355.469,55,fill,AC,BUY,300.0,25.015,2694.0,mode=mm
355.84,55,fill,RY,BUY,900.0,100.115,1854.0,mode=mm
355.986,55,fill,AC,BUY,500.0,24.995,3194.0,mode=mm
356.338,56,fill,RY,BUY,400.0,100.105,2254.0,mode=mm
356.541,56,fill,AC,BUY,500.0,24.985,3694.0,mode=mm
356.75,56,fill,AC,SELL,1000.0,24.985,2694.0,mode=mm
357.075,56,fill,CNR,BUY,700.0,159.895,700.0,mode=mm
357.077,56,fill,AC,SELL,859.0,24.985,1835.0,mode=mm
357.259,56,fill,RY,BUY,300.0,100.085,2554.0,mode=mm
357.259,56,fill,AC,SELL,41.0,24.985,1794.0,mode=mm
357.26,56,stop,RY,SELL,2554.0,99.99,2554.0,loss=7.7t stop=5.0t trend_against=False
357.527,56,fill,RY,SELL,2554.0,100.06,0.0,mode=mm
357.787,56,fill,AC,SELL,77.0,24.985,1717.0,mode=mm
358.042,56,fill,RY,SELL,400.0,100.065,-400.0,mode=mm
358.042,56,fill,AC,SELL,823.0,24.99,894.0,mode=mm
358.563,56,fill,AC,SELL,62.0,24.995,832.0,mode=mm
358.838,56,fill,AC,SELL,200.0,24.995,632.0,mode=mm
359.31,56,fill,RY,BUY,400.0,100.075,0.0,mode=mm
359.673,56,fill,CNR,BUY,900.0,159.855,1600.0,mode=mm
359.674,56,fill,RY,SELL,1200.0,100.075,-1200.0,mode=mm
360.63,57,fill,CNR,BUY,700.0,159.845,2300.0,mode=mm
360.931,57,fill,CNR,BUY,500.0,159.84,2800.0,mode=mm
360.931,57,fill,RY,SELL,500.0,100.055,-1700.0,mode=mm
361.137,57,fill,RY,SELL,700.0,100.06,-2400.0,mode=mm
361.137,57,fill,AC,SELL,800.0,24.995,-168.0,mode=mm
361.86,57,fill,RY,BUY,900.0,100.065,-1500.0,mode=mm
362.406,57,fill,CNR,BUY,112.0,159.84,2912.0,mode=mm
362.406,57,fill,RY,BUY,800.0,100.065,-700.0,mode=mm
362.889,57,fill,RY,BUY,800.0,100.065,100.0,mode=mm
363.14,57,fill,AC,SELL,515.0,25.01,-683.0,mode=mm
363.45,57,fill,CNR,BUY,400.0,159.825,3312.0,mode=mm
363.453,57,stop,CNR,SELL,3312.0,159.67,3312.0,loss=12.6t stop=9.4t trend_against=False
364.49,58,stop,CNR,SELL,3312.0,159.53,3312.0,loss=24.6t stop=12.2t trend_against=False
364.825,58,fill,CNR,SELL,3312.0,159.615,0.0,mode=mm
364.833,58,fill,RY,SELL,700.0,100.035,-600.0,mode=mm
366.226,58,fill,RY,SELL,1000.0,100.055,-1600.0,mode=mm
366.771,58,fill,RY,SELL,400.0,100.065,-2000.0,mode=mm
367.264,58,fill,RY,BUY,900.0,100.085,-1100.0,mode=mm
368.809,59,fill,RY,BUY,800.0,100.105,-300.0,mode=mm
369.319,59,fill,RY,BUY,1200.0,100.08,900.0,mode=mm
369.32,59,fill,AC,BUY,800.0,25.015,117.0,mode=mm
369.844,59,fill,RY,SELL,800.0,100.075,100.0,mode=mm
370.671,59,fill,CNR,SELL,166.0,159.575,-166.0,mode=mm
370.671,59,fill,AC,BUY,700.0,25.015,817.0,mode=mm
371.176,59,fill,CNR,SELL,600.0,159.585,-766.0,mode=mm
371.176,59,fill,RY,BUY,700.0,100.085,800.0,mode=mm
371.437,59,fill,CNR,SELL,382.0,159.595,-1148.0,mode=mm
372.459,60,fill,CNR,SELL,400.0,159.625,-1548.0,mode=mm
372.741,60,fill,CNR,SELL,400.0,159.625,-1948.0,mode=mm
373.016,60,fill,RY,BUY,500.0,100.085,1300.0,mode=mm
373.304,60,fill,CNR,SELL,900.0,159.655,-2848.0,mode=mm
373.759,60,fill,CNR,SELL,200.0,159.685,-3048.0,mode=mm
373.765,60,stop,CNR,BUY,3048.0,159.91,-3048.0,loss=22.5t stop=6.3t trend_against=False
374.017,60,fill,CNR,BUY,3048.0,159.79,0.0,mode=mm
374.276,60,fill,AC,BUY,101.0,25.005,918.0,mode=mm
374.8,60,fill,RY,BUY,400.0,100.055,1700.0,mode=mm
375.29,60,fill,AC,BUY,799.0,25.005,1717.0,mode=mm
375.581,60,fill,RY,SELL,1400.0,100.035,300.0,mode=mm
375.582,60,fill,AC,BUY,400.0,25.005,2117.0,mode=mm
376.587,61,fill,RY,SELL,700.0,100.045,-400.0,mode=mm
377.816,61,fill,RY,BUY,700.0,100.085,300.0,mode=mm
379.631,61,fill,RY,SELL,105.0,100.075,195.0,mode=mm
380.237,61,fill,RY,SELL,2500.0,100.075,-2305.0,mode=mm
380.68,62,fill,RY,BUY,2500.0,100.08,195.0,mode=mm
380.984,62,fill,RY,SELL,2500.0,100.08,-2305.0,mode=mm
380.985,62,fill,AC,BUY,700.0,24.985,2817.0,mode=mm
381.425,62,fill,RY,BUY,1800.0,100.095,-505.0,mode=mm
381.71,62,fill,AC,SELL,1800.0,24.985,1017.0,mode=mm
381.983,62,stop,RY,BUY,505.0,100.18,-505.0,loss=6.0t stop=5.0t trend_against=False
382.221,62,fill,RY,BUY,1405.0,100.12,900.0,mode=mm
382.47,62,fill,RY,BUY,1200.0,100.125,2100.0,mode=mm
382.729,62,fill,RY,BUY,600.0,100.125,2700.0,mode=mm
382.73,62,fill,AC,BUY,870.0,24.985,1887.0,mode=mm
382.972,62,fill,RY,SELL,300.0,100.12,2400.0,mode=mm
382.972,62,fill,AC,SELL,1470.0,24.985,417.0,mode=mm
383.253,62,fill,RY,SELL,1700.0,100.115,700.0,mode=mm
383.74,62,fill,RY,SELL,200.0,100.115,500.0,mode=mm
383.974,62,fill,RY,SELL,700.0,100.115,-200.0,mode=mm
384.196,62,fill,RY,BUY,483.0,100.12,283.0,mode=mm
384.196,62,fill,AC,SELL,1500.0,24.985,-1083.0,mode=mm
384.502,62,fill,RY,SELL,200.0,100.125,83.0,mode=mm
384.502,62,fill,AC,BUY,1300.0,24.985,217.0,mode=mm
385.02,63,fill,AC,SELL,1000.0,24.985,-783.0,mode=mm
385.482,63,fill,RY,BUY,962.0,100.155,1045.0,mode=mm
385.482,63,fill,AC,BUY,1300.0,24.985,517.0,mode=mm
385.769,63,fill,RY,BUY,438.0,100.155,1483.0,mode=mm
385.77,63,fill,AC,SELL,1100.0,24.985,-583.0,mode=mm
386.302,63,fill,RY,SELL,1500.0,100.155,-17.0,mode=mm
386.306,63,fill,AC,BUY,1200.0,24.985,617.0,mode=mm
386.564,63,fill,RY,SELL,3100.0,100.165,-3117.0,mode=mm
386.566,63,fill,AC,SELL,1200.0,24.985,-583.0,mode=mm
386.802,63,fill,RY,BUY,2000.0,100.175,-1117.0,mode=mm
386.803,63,fill,AC,BUY,300.0,24.995,-283.0,mode=mm
387.112,63,fill,AC,BUY,200.0,25.0,-83.0,mode=mm
387.311,63,fill,RY,BUY,1600.0,100.175,483.0,mode=mm
387.615,63,fill,CNR,BUY,700.0,160.285,700.0,mode=mm
387.615,63,fill,RY,SELL,1000.0,100.175,-517.0,mode=mm
387.619,63,fill,AC,BUY,100.0,25.015,17.0,mode=mm
388.226,63,fill,CNR,BUY,500.0,160.295,1200.0,mode=mm
388.339,64,fill,AC,BUY,600.0,25.025,617.0,mode=mm
388.706,64,fill,CNR,BUY,400.0,160.3,1600.0,mode=mm
388.706,64,fill,AC,SELL,1300.0,25.025,-683.0,mode=mm
388.865,64,fill,RY,BUY,700.0,100.18,183.0,mode=mm
388.865,64,fill,AC,BUY,1200.0,25.025,517.0,mode=mm
389.184,64,fill,CNR,BUY,400.0,160.335,2000.0,mode=mm
389.184,64,fill,AC,BUY,1200.0,25.025,1717.0,mode=mm
389.402,64,fill,RY,BUY,700.0,100.175,883.0,mode=mm
389.402,64,fill,AC,SELL,1500.0,25.025,217.0,mode=mm
389.9,64,fill,RY,SELL,300.0,100.165,583.0,mode=mm
389.9,64,fill,AC,SELL,200.0,25.02,17.0,mode=mm
390.671,64,fill,CNR,BUY,300.0,160.335,2300.0,mode=mm
390.671,64,stop,CNR,SELL,2300.0,160.17,2300.0,loss=9.3t stop=5.0t trend_against=False
391.047,64,fill,CNR,SELL,2300.0,160.275,0.0,mode=mm
391.051,64,fill,RY,BUY,600.0,100.155,1183.0,mode=mm
391.185,64,fill,RY,SELL,700.0,100.155,483.0,mode=mm
391.468,64,fill,RY,BUY,1200.0,100.145,1683.0,mode=mm
391.701,64,fill,RY,BUY,100.0,100.16,1783.0,mode=mm
391.953,64,fill,RY,SELL,1300.0,100.145,483.0,mode=mm
391.954,64,fill,AC,BUY,900.0,25.015,917.0,mode=mm
392.236,64,fill,AC,SELL,900.0,25.015,17.0,mode=mm
392.461,65,fill,RY,SELL,2600.0,100.165,-2117.0,mode=mm
392.742,65,fill,RY,BUY,3000.0,100.175,883.0,mode=mm
392.743,65,fill,AC,BUY,800.0,25.0,817.0,mode=mm
392.981,65,fill,RY,BUY,3600.0,100.13,4483.0,mode=mm
392.982,65,fill,AC,SELL,1240.0,24.985,-423.0,mode=mm
393.257,65,fill,RY,SELL,2700.0,100.135,1783.0,mode=mm
393.258,65,fill,AC,SELL,300.0,24.975,-723.0,mode=mm
393.502,65,fill,RY,BUY,800.0,100.145,2583.0,mode=mm
393.821,65,fill,CNR,SELL,1200.0,159.905,-1200.0,mode=mm
394.022,65,fill,RY,SELL,1100.0,100.145,1483.0,mode=mm
394.269,65,fill,CNR,BUY,800.0,159.92,-400.0,mode=mm
394.269,65,fill,RY,SELL,2900.0,100.135,-1417.0,mode=mm
394.269,65,fill,AC,SELL,100.0,24.975,-823.0,mode=mm
394.59,65,fill,CNR,SELL,600.0,159.875,-1000.0,mode=mm
394.59,65,fill,AC,BUY,1600.0,24.975,777.0,mode=mm
394.595,65,stop,CNR,BUY,1000.0,160.38,-1000.0,loss=44.4t stop=9.0t trend_against=False
394.827,65,fill,CNR,BUY,1700.0,160.115,700.0,mode=mm
394.828,65,fill,RY,SELL,1500.0,100.145,-2917.0,mode=mm
394.83,65,stop,CNR,SELL,700.0,159.85,700.0,loss=45.0t stop=9.0t trend_against=False
395.06,65,fill,CNR,SELL,700.0,160.115,0.0,mode=mm
395.318,65,fill,RY,BUY,1900.0,100.145,-1017.0,mode=mm
395.319,65,fill,AC,SELL,2800.0,24.965,-2023.0,mode=mm
396.073,65,fill,RY,BUY,1000.0,100.115,-17.0,mode=mm
396.074,65,stop,AC,BUY,2023.0,25.0,-2023.0,loss=7.0t stop=5.0t trend_against=False
396.277,65,fill,RY,BUY,100.0,100.115,83.0,mode=mm
396.277,65,fill,AC,BUY,2023.0,24.965,0.0,mode=mm
396.626,66,fill,RY,SELL,1400.0,100.14,-1317.0,mode=mm
396.843,66,fill,AC,BUY,2500.0,25.02,2500.0,mode=mm
397.416,66,fill,RY,BUY,400.0,100.105,-917.0,mode=mm
398.001,66,fill,RY,BUY,1300.0,100.105,383.0,mode=mm
398.002,66,fill,AC,SELL,1500.0,25.02,1000.0,mode=mm
398.216,66,fill,CNR,SELL,700.0,160.115,-700.0,mode=mm
398.216,66,fill,RY,SELL,1100.0,100.105,-717.0,mode=mm
398.217,66,fill,AC,SELL,500.0,25.025,500.0,mode=mm
398.396,66,fill,RY,BUY,700.0,100.1,-17.0,mode=mm
398.396,66,fill,AC,SELL,2000.0,25.02,-1500.0,mode=mm
398.929,66,fill,CNR,SELL,900.0,160.22,-1600.0,mode=mm
398.929,66,fill,RY,BUY,500.0,100.125,483.0,mode=mm
399.208,66,fill,CNR,BUY,851.0,160.24,-749.0,mode=mm
399.208,66,fill,RY,BUY,1500.0,100.125,1983.0,mode=mm
399.211,66,fill,AC,BUY,1700.0,25.01,200.0,mode=mm
399.418,66,fill,RY,SELL,3000.0,100.09,-1017.0,mode=mm
399.42,66,fill,AC,BUY,600.0,25.015,800.0,mode=mm
399.631,66,fill,RY,BUY,700.0,100.085,-317.0,mode=mm
399.631,66,fill,AC,BUY,800.0,25.015,1600.0,mode=mm
399.962,66,fill,AC,SELL,1200.0,25.015,400.0,mode=mm
400.223,66,fill,CNR,SELL,447.0,160.265,-1196.0,mode=mm
400.223,66,fill,RY,BUY,1500.0,100.095,1183.0,mode=mm
400.227,66,fill,AC,BUY,2100.0,25.0,2500.0,mode=mm
400.5,66,fill,CNR,BUY,347.0,160.285,-849.0,mode=mm
400.501,66,fill,RY,SELL,700.0,100.095,483.0,mode=mm
400.501,66,fill,AC,SELL,3000.0,25.0,-500.0,mode=mm
400.821,67,fill,CNR,SELL,800.0,160.305,-1649.0,mode=mm
400.822,67,fill,RY,BUY,2700.0,100.105,3183.0,mode=mm
400.98,67,fill,RY,SELL,100.0,100.105,3083.0,mode=mm
401.228,67,fill,RY,SELL,2000.0,100.105,1083.0,mode=mm
401.524,67,fill,CNR,SELL,700.0,160.38,-2349.0,mode=mm
401.524,67,fill,RY,BUY,2200.0,100.12,3283.0,mode=mm
401.716,67,fill,RY,SELL,4300.0,100.12,-1017.0,mode=mm
401.718,67,fill,AC,BUY,2600.0,24.995,2100.0,mode=mm
402.712,67,fill,RY,BUY,1600.0,100.075,583.0,mode=mm
402.714,67,fill,AC,BUY,200.0,24.985,2300.0,mode=mm
403.095,67,fill,CNR,BUY,400.0,160.265,-1949.0,mode=mm
403.096,67,fill,RY,BUY,1600.0,100.075,2183.0,mode=mm
403.096,67,fill,AC,SELL,1200.0,24.985,1100.0,mode=mm
403.515,67,fill,RY,SELL,1000.0,100.075,1183.0,mode=mm
403.515,67,fill,AC,SELL,2800.0,25.005,-1700.0,mode=mm
403.761,67,fill,CNR,BUY,29.0,160.105,-1920.0,mode=mm
403.761,67,fill,RY,BUY,700.0,100.075,1883.0,mode=mm
403.761,67,fill,AC,BUY,800.0,25.005,-900.0,mode=mm
404.051,67,fill,CNR,BUY,100.0,160.12,-1820.0,mode=mm
404.051,67,fill,RY,SELL,1800.0,100.035,83.0,mode=mm
404.052,67,fill,AC,SELL,600.0,25.005,-1500.0,mode=mm
404.257,67,fill,AC,BUY,900.0,25.005,-600.0,mode=mm
404.565,68,fill,CNR,BUY,771.0,160.09,-1049.0,mode=mm
404.565,68,fill,RY,SELL,2062.0,100.045,-1979.0,mode=mm
404.567,68,fill,AC,SELL,100.0,25.005,-700.0,mode=mm
404.861,68,fill,CNR,SELL,300.0,160.425,-1349.0,mode=mm
404.861,68,fill,RY,BUY,2600.0,100.06,621.0,mode=mm
404.863,68,fill,AC,BUY,500.0,25.015,-200.0,mode=mm
405.165,68,fill,CNR,BUY,1400.0,160.425,51.0,mode=mm
405.166,68,fill,RY,SELL,3800.0,100.055,-3179.0,mode=mm
405.17,68,fill,AC,BUY,100.0,25.015,-100.0,mode=mm
405.17,68,stop,CNR,SELL,51.0,160.37,51.0,loss=30.0t stop=29.4t trend_against=False
405.419,68,fill,CNR,SELL,51.0,160.41,0.0,mode=mm
405.423,68,fill,RY,BUY,2000.0,100.075,-1179.0,mode=mm
405.423,68,fill,AC,BUY,100.0,25.015,0.0,mode=mm
405.536,68,fill,AC,SELL,600.0,25.015,-600.0,mode=mm
405.837,68,fill,RY,BUY,2800.0,100.04,1621.0,mode=mm
405.838,68,fill,AC,BUY,508.0,25.015,-92.0,mode=mm
406.028,68,fill,RY,SELL,1700.0,100.035,-79.0,mode=mm
406.029,68,fill,AC,BUY,192.0,25.015,100.0,mode=mm
406.363,68,fill,RY,BUY,1500.0,100.02,1421.0,mode=mm
406.581,68,fill,RY,BUY,1200.0,100.02,2621.0,mode=mm
406.582,68,fill,AC,BUY,200.0,25.015,300.0,mode=mm
407.07,68,fill,AC,SELL,800.0,24.985,-500.0,mode=mm
407.602,68,fill,AC,SELL,1200.0,25.005,-1700.0,mode=mm
408.119,68,fill,AC,BUY,2700.0,25.01,1000.0,mode=mm
408.266,68,fill,RY,SELL,440.0,100.06,2181.0,mode=mm
408.921,69,fill,CNR,BUY,1200.0,160.11,1200.0,mode=mm
409.181,69,fill,RY,BUY,700.0,100.065,2881.0,mode=mm
409.181,69,fill,AC,BUY,100.0,25.045,1100.0,mode=mm
409.471,69,fill,CNR,BUY,249.0,160.085,1449.0,mode=mm
409.471,69,fill,RY,SELL,2200.0,100.065,681.0,mode=mm
409.471,69,fill,AC,BUY,1700.0,25.03,2800.0,mode=mm
409.717,69,fill,CNR,BUY,551.0,160.025,2000.0,mode=mm
409.717,69,fill,RY,BUY,1600.0,100.035,2281.0,mode=mm
409.717,69,fill,AC,SELL,3200.0,25.02,-400.0,mode=mm
409.866,69,fill,RY,BUY,1100.0,100.035,3381.0,mode=mm
409.87,69,fill,AC,SELL,900.0,25.02,-1300.0,mode=mm
410.702,69,fill,CNR,SELL,900.0,160.085,1100.0,mode=mm
410.702,69,fill,RY,BUY,400.0,100.025,3781.0,mode=mm
410.702,69,fill,AC,BUY,1600.0,25.005,300.0,mode=mm
410.944,69,fill,CNR,SELL,300.0,160.085,800.0,mode=mm
410.944,69,fill,RY,SELL,2000.0,100.025,1781.0,mode=mm
411.229,69,fill,CNR,BUY,534.0,160.16,1334.0,mode=mm
411.229,69,fill,RY,BUY,700.0,100.055,2481.0,mode=mm
411.229,69,fill,AC,BUY,1300.0,25.015,1600.0,mode=mm
411.477,69,fill,CNR,BUY,366.0,160.16,1700.0,mode=mm
411.479,69,fill,RY,SELL,300.0,100.05,2181.0,mode=mm
411.695,69,fill,CNR,BUY,700.0,160.215,2400.0,mode=mm
411.695,69,fill,RY,BUY,400.0,100.07,2581.0,mode=mm
411.698,69,stop,CNR,SELL,2400.0,159.78,2400.0,loss=31.8t stop=21.1t trend_against=False
412.039,69,fill,CNR,SELL,2400.0,159.955,0.0,mode=mm
412.041,69,fill,RY,SELL,2000.0,100.06,581.0,mode=mm
412.043,69,fill,AC,SELL,1700.0,25.015,-100.0,mode=mm
412.279,69,fill,RY,BUY,300.0,100.075,881.0,mode=mm
412.746,70,fill,RY,BUY,1100.0,100.075,1981.0,mode=mm
412.746,70,fill,AC,BUY,300.0,25.015,200.0,mode=mm
412.747,70,stop,RY,SELL,1981.0,99.94,1981.0,loss=6.6t stop=5.0t trend_against=False
413.014,70,fill,CNR,SELL,1400.0,160.245,-1400.0,mode=mm
413.015,70,fill,RY,SELL,1981.0,100.02,0.0,mode=mm
413.218,70,fill,AC,SELL,1500.0,25.005,-1300.0,mode=mm
413.481,70,fill,AC,BUY,1400.0,25.005,100.0,mode=mm
413.736,70,fill,CNR,BUY,1400.0,160.3,0.0,mode=mm
413.737,70,fill,RY,SELL,400.0,100.025,-400.0,mode=mm
413.737,70,fill,AC,BUY,800.0,25.005,900.0,mode=mm
413.742,70,stop,RY,BUY,400.0,100.15,-400.0,loss=6.0t stop=5.2t trend_against=False
414.007,70,fill,RY,BUY,400.0,100.065,0.0,mode=mm
414.588,70,fill,CNR,SELL,500.0,160.215,-500.0,mode=mm
414.835,70,fill,CNR,BUY,500.0,160.325,0.0,mode=mm
414.835,70,fill,AC,SELL,500.0,24.995,400.0,mode=mm
415.004,70,fill,AC,SELL,3700.0,24.995,-3300.0,mode=mm
415.258,70,fill,AC,BUY,400.0,25.015,-2900.0,mode=mm
415.491,70,fill,AC,BUY,700.0,25.0,-2200.0,mode=mm
415.788,70,fill,CNR,BUY,200.0,160.125,200.0,mode=mm
415.788,70,fill,AC,BUY,1400.0,25.0,-800.0,mode=mm
416.002,70,fill,AC,SELL,1900.0,25.01,-2700.0,mode=mm
416.318,70,fill,CNR,SELL,700.0,160.055,-500.0,mode=mm
416.572,70,fill,CNR,SELL,200.0,160.045,-700.0,mode=mm
416.572,70,fill,RY,BUY,400.0,100.045,400.0,mode=mm
416.574,70,stop,CNR,BUY,700.0,160.3,-700.0,loss=21.0t stop=18.3t trend_against=False
416.81,71,fill,CNR,BUY,700.0,160.16,0.0,mode=mm
416.81,71,fill,AC,BUY,3200.0,25.0,500.0,mode=mm
417.111,71,fill,CNR,BUY,500.0,160.01,500.0,mode=mm
417.111,71,fill,AC,SELL,2600.0,24.995,-2100.0,mode=mm
417.842,71,fill,CNR,SELL,500.0,160.285,0.0,mode=mm
417.842,71,fill,RY,SELL,700.0,99.995,-300.0,mode=mm
417.842,71,fill,AC,BUY,1800.0,24.995,-300.0,mode=mm
417.843,71,stop,AC,BUY,300.0,25.03,-300.0,loss=5.9t stop=5.0t trend_against=False
418.054,71,fill,AC,BUY,300.0,24.995,0.0,mode=mm
418.422,71,fill,CNR,BUY,700.0,160.295,700.0,mode=mm
418.422,71,fill,RY,BUY,700.0,100.005,400.0,mode=mm
418.55,71,fill,CNR,SELL,392.0,160.215,308.0,mode=mm
418.55,71,fill,AC,BUY,1500.0,24.995,1500.0,mode=mm
418.943,71,fill,CNR,SELL,8.0,160.225,300.0,mode=mm
418.943,71,fill,RY,BUY,600.0,100.015,1000.0,mode=mm
418.943,71,fill,AC,SELL,1500.0,24.995,0.0,mode=mm
419.383,71,fill,CNR,SELL,300.0,160.295,0.0,mode=mm
419.383,71,fill,RY,BUY,500.0,100.025,1500.0,mode=mm
419.383,71,fill,AC,BUY,390.0,25.02,390.0,mode=mm
419.57,71,fill,AC,BUY,1810.0,25.035,2200.0,mode=mm
419.898,71,fill,CNR,BUY,700.0,160.285,700.0,mode=mm
419.898,71,fill,AC,BUY,2500.0,25.04,4700.0,mode=mm
419.901,71,stop,CNR,SELL,700.0,160.01,700.0,loss=19.0t stop=17.6t trend_against=False
420.159,71,fill,CNR,SELL,700.0,160.095,0.0,mode=mm
420.159,71,fill,AC,SELL,2200.0,25.04,2500.0,mode=mm
420.64,72,fill,CNR,SELL,411.0,160.085,-411.0,mode=mm
420.64,72,fill,RY,SELL,200.0,100.035,1300.0,mode=mm
420.944,72,fill,CNR,BUY,511.0,160.1,100.0,mode=mm
421.203,72,fill,CNR,SELL,1500.0,160.065,-1400.0,mode=mm
421.204,72,fill,RY,BUY,800.0,100.07,2100.0,mode=mm
421.426,72,fill,CNR,SELL,100.0,160.065,-1500.0,mode=mm
421.426,72,fill,RY,BUY,800.0,100.07,2900.0,mode=mm
422.014,72,fill,CNR,SELL,600.0,160.25,-2100.0,mode=mm
422.014,72,fill,RY,SELL,800.0,100.045,2100.0,mode=mm
422.476,72,fill,CNR,BUY,607.0,160.19,-1493.0,mode=mm
422.476,72,fill,RY,BUY,300.0,100.04,2400.0,mode=mm
422.661,72,fill,CNR,SELL,1200.0,160.19,-2693.0,mode=mm
422.663,72,fill,AC,SELL,1900.0,25.035,600.0,mode=mm
422.931,72,fill,CNR,BUY,2600.0,160.24,-93.0,mode=mm
422.932,72,fill,RY,BUY,500.0,100.035,2900.0,mode=mm
423.195,72,fill,CNR,SELL,1000.0,160.265,-1093.0,mode=mm
423.422,72,fill,AC,BUY,1200.0,25.035,1800.0,mode=mm
423.672,72,fill,CNR,SELL,1000.0,160.235,-2093.0,mode=mm
423.673,72,fill,AC,SELL,1600.0,25.035,200.0,mode=mm
423.937,72,fill,CNR,BUY,1000.0,160.3,-1093.0,mode=mm
424.164,72,fill,CNR,SELL,1000.0,160.165,-2093.0,mode=mm
424.458,73,fill,CNR,BUY,1336.0,160.255,-757.0,mode=mm
424.461,73,fill,AC,BUY,1400.0,25.035,1600.0,mode=mm
424.988,73,fill,AC,SELL,1104.0,25.035,496.0,mode=mm
425.35,73,fill,CNR,SELL,700.0,160.21,-1457.0,mode=mm
425.486,73,fill,AC,BUY,800.0,25.035,1296.0,mode=mm
425.732,73,fill,CNR,SELL,900.0,160.205,-2357.0,mode=mm
426.232,73,fill,CNR,SELL,600.0,160.19,-2957.0,mode=mm
426.232,73,fill,AC,SELL,1500.0,25.035,-204.0,mode=mm
426.506,73,fill,CNR,BUY,234.0,160.235,-2723.0,mode=mm
426.506,73,fill,AC,BUY,900.0,25.035,696.0,mode=mm
426.994,73,fill,CNR,BUY,1900.0,160.235,-823.0,mode=mm
427.559,73,fill,CNR,BUY,600.0,160.18,-223.0,mode=mm
428.02,73,fill,AC,BUY,867.0,25.035,1563.0,mode=mm
429.827,74,fill,CNR,BUY,712.0,160.105,489.0,mode=mm
432.439,74,fill,CNR,BUY,788.0,160.105,1277.0,mode=mm
441.235,77,stop,RY,SELL,2900.0,99.93,2900.0,loss=5.4t stop=5.0t trend_against=False
441.508,77,fill,RY,SELL,2900.0,99.975,0.0,mode=mm
467.726,83,fill,RY,SELL,1500.0,99.975,-1500.0,mode=mm
469.004,84,fill,RY,SELL,1500.0,99.985,-3000.0,mode=mm
469.248,84,fill,RY,BUY,2000.0,99.985,-1000.0,mode=mm
470.253,84,fill,RY,SELL,1000.0,99.975,-2000.0,mode=mm
470.521,84,fill,RY,SELL,1200.0,99.98,-3200.0,mode=mm
470.522,84,stop,RY,BUY,3200.0,100.03,-3200.0,loss=15.5t stop=5.0t trend_against=False
470.764,84,fill,RY,BUY,3200.0,99.985,0.0,mode=mm
476.448,85,fill,RY,SELL,700.0,99.965,-700.0,mode=mm
478.225,86,fill,RY,SELL,500.0,99.945,-1200.0,mode=mm
482.033,87,fill,RY,SELL,500.0,99.965,-1700.0,mode=mm
482.816,87,fill,RY,SELL,400.0,99.965,-2100.0,mode=mm
482.816,87,stop,RY,BUY,2100.0,100.11,-2100.0,loss=8.5t stop=5.0t trend_against=False
483.046,87,fill,RY,BUY,2100.0,100.015,0.0,mode=mm
485.327,88,fill,RY,BUY,700.0,100.04,700.0,mode=mm
485.594,88,fill,RY,BUY,500.0,100.045,1200.0,mode=mm
485.595,88,stop,RY,SELL,1200.0,100.01,1200.0,loss=8.4t stop=5.0t trend_against=False
485.855,88,fill,RY,SELL,1200.0,100.045,0.0,mode=mm
486.646,88,fill,AC,BUY,800.0,25.035,2363.0,mode=mm
487.126,88,fill,RY,SELL,700.0,100.025,-700.0,mode=mm
488.668,89,fill,RY,BUY,700.0,100.015,0.0,mode=mm
489.72,89,fill,RY,BUY,700.0,100.005,700.0,mode=mm
490.249,89,fill,RY,BUY,500.0,100.005,1200.0,mode=mm
491.264,89,fill,RY,BUY,500.0,99.985,1700.0,mode=mm
492.018,89,fill,RY,BUY,1100.0,99.955,2800.0,mode=mm
493.811,90,fill,RY,SELL,900.0,99.925,1900.0,mode=mm
494.045,90,fill,RY,SELL,900.0,99.925,1000.0,mode=mm
495.389,90,fill,RY,SELL,1300.0,99.945,-300.0,mode=mm
496.629,90,fill,RY,BUY,500.0,99.935,200.0,mode=mm
497.404,91,fill,RY,SELL,1200.0,99.94,-1000.0,mode=mm
497.92,91,fill,RY,BUY,800.0,99.945,-200.0,mode=mm
500.987,92,fill,RY,BUY,1500.0,99.925,1300.0,mode=mm
502.271,92,fill,RY,SELL,2800.0,99.915,-1500.0,mode=mm
502.784,92,fill,RY,SELL,900.0,99.935,-2400.0,mode=mm
502.784,92,stop,RY,BUY,2400.0,100.03,-2400.0,loss=5.2t stop=5.0t trend_against=False
503.044,92,fill,RY,BUY,2400.0,99.955,0.0,mode=mm
504.272,92,fill,RY,BUY,1200.0,99.97,1200.0,mode=mm
504.551,93,fill,RY,SELL,800.0,99.975,400.0,mode=mm
505.58,93,fill,RY,BUY,600.0,100.005,1000.0,mode=mm
506.86,93,fill,RY,SELL,800.0,99.985,200.0,mode=mm
507.362,93,fill,RY,BUY,800.0,100.0,1000.0,mode=mm
507.62,93,fill,RY,SELL,392.0,100.005,608.0,mode=mm
507.871,93,fill,RY,BUY,500.0,100.005,1108.0,mode=mm
508.128,93,fill,RY,BUY,500.0,100.005,1608.0,mode=mm
508.131,93,stop,RY,SELL,1608.0,99.88,1608.0,loss=7.3t stop=5.0t trend_against=False
508.271,93,fill,RY,SELL,1608.0,99.965,0.0,mode=mm
508.65,94,fill,RY,SELL,700.0,99.985,-700.0,mode=mm
509.676,94,fill,RY,SELL,500.0,100.005,-1200.0,mode=mm
510.183,94,fill,RY,BUY,800.0,100.015,-400.0,mode=mm
510.716,94,fill,RY,BUY,400.0,100.0,0.0,mode=mm
511.489,94,fill,RY,BUY,1200.0,99.94,1200.0,mode=mm
511.749,94,stop,RY,SELL,1200.0,99.85,1200.0,loss=6.0t stop=5.0t trend_against=False
512.01,94,fill,RY,SELL,1200.0,99.915,0.0,mode=mm
512.264,94,fill,RY,SELL,700.0,99.915,-700.0,mode=mm
513.796,95,fill,RY,SELL,400.0,99.97,-1100.0,mode=mm
513.799,95,stop,RY,BUY,1100.0,100.05,-1100.0,loss=7.0t stop=5.0t trend_against=False
514.067,95,fill,RY,BUY,1100.0,99.96,0.0,mode=mm
518.654,96,fill,RY,SELL,1200.0,100.015,-1200.0,mode=mm
519.431,96,fill,RY,SELL,500.0,100.025,-1700.0,mode=mm
519.672,96,fill,RY,BUY,800.0,100.035,-900.0,mode=mm
520.926,97,fill,RY,SELL,500.0,100.025,-1400.0,mode=mm
523.011,97,fill,RY,BUY,1400.0,100.04,0.0,mode=mm
523.328,97,fill,RY,BUY,700.0,99.985,700.0,mode=mm
524.282,97,fill,RY,BUY,500.0,99.995,1200.0,mode=mm
525.118,98,fill,RY,BUY,800.0,99.985,2000.0,mode=mm
526.355,98,fill,RY,SELL,800.0,99.985,1200.0,mode=mm
526.914,98,fill,RY,BUY,500.0,99.995,1700.0,mode=mm
526.917,98,stop,RY,SELL,1700.0,99.86,1700.0,loss=7.2t stop=5.0t trend_against=False
527.179,98,fill,RY,SELL,1700.0,99.955,0.0,mode=mm
527.417,98,fill,RY,SELL,1200.0,99.96,-1200.0,mode=mm
527.42,98,stop,RY,BUY,1200.0,100.0,-1200.0,loss=6.0t stop=5.0t trend_against=False
527.74,98,fill,CNR,SELL,2800.0,160.1,-1523.0,mode=mm
527.742,98,fill,RY,BUY,1200.0,99.955,0.0,mode=mm
528.414,98,fill,CNR,SELL,900.0,160.105,-2423.0,mode=mm
529.277,99,fill,CNR,SELL,1700.0,160.125,-4123.0,mode=mm
529.278,99,stop,CNR,BUY,4123.0,160.33,-4123.0,loss=17.0t stop=5.0t trend_against=False
529.547,99,fill,CNR,BUY,4123.0,160.22,0.0,mode=mm
531.046,99,fill,RY,BUY,700.0,100.005,700.0,mode=mm
531.271,99,fill,RY,SELL,700.0,100.005,0.0,mode=mm
531.491,99,fill,RY,BUY,1200.0,100.07,1200.0,mode=mm
532.456,99,fill,RY,BUY,800.0,100.045,2000.0,mode=mm
533.306,100,fill,RY,BUY,1200.0,100.055,3200.0,mode=mm
533.307,100,stop,RY,SELL,3200.0,99.95,3200.0,loss=5.5t stop=5.0t trend_against=False
533.578,100,fill,RY,SELL,6200.0,100.025,-3000.0,mode=mm
534.364,100,fill,RY,SELL,200.0,100.005,-3200.0,mode=mm
534.366,100,stop,RY,BUY,3200.0,100.05,-3200.0,loss=7.8t stop=5.0t trend_against=False
534.65,100,fill,RY,BUY,3200.0,100.01,0.0,mode=mm
538.93,101,fill,RY,SELL,700.0,99.975,-700.0,mode=mm
539.397,101,fill,RY,SELL,900.0,99.98,-1600.0,mode=mm
539.932,101,fill,RY,BUY,800.0,99.985,-800.0,mode=mm
540.714,102,fill,RY,SELL,500.0,100.005,-1300.0,mode=mm
543.762,102,fill,RY,BUY,800.0,100.015,-500.0,mode=mm
544.257,102,fill,RY,BUY,700.0,100.015,200.0,mode=mm
544.761,103,fill,RY,BUY,1100.0,99.985,1300.0,mode=mm
546.248,103,fill,CNR,SELL,700.0,160.57,-700.0,mode=mm
546.248,103,fill,RY,BUY,800.0,99.965,2100.0,mode=mm
546.55,103,fill,RY,BUY,600.0,99.95,2700.0,mode=mm
546.552,103,stop,RY,SELL,2700.0,99.89,2700.0,loss=5.7t stop=5.0t trend_against=False
546.855,103,fill,RY,SELL,2700.0,99.945,0.0,mode=mm
547.374,103,fill,RY,SELL,1200.0,99.94,-1200.0,mode=mm
547.781,103,fill,RY,BUY,800.0,99.945,-400.0,mode=mm
548.811,104,fill,RY,BUY,400.0,99.93,0.0,mode=mm
549.143,104,fill,RY,SELL,1000.0,99.935,-1000.0,mode=mm
549.585,104,fill,RY,SELL,500.0,99.95,-1500.0,mode=mm
550.381,104,fill,RY,BUY,800.0,99.965,-700.0,mode=mm
550.692,104,fill,CNR,SELL,398.0,160.615,-1098.0,mode=mm
550.915,104,fill,RY,BUY,800.0,99.955,100.0,mode=mm
551.685,104,fill,RY,BUY,1200.0,99.93,1300.0,mode=mm
553.211,105,fill,CNR,BUY,800.0,160.625,-298.0,mode=mm
553.941,105,fill,RY,SELL,800.0,99.895,500.0,mode=mm
554.258,105,fill,CNR,SELL,2058.0,160.6,-2356.0,mode=mm
554.472,105,fill,CNR,SELL,142.0,160.605,-2498.0,mode=mm
554.935,105,fill,RY,SELL,1300.0,99.95,-800.0,mode=mm
555.521,105,fill,CNR,BUY,2500.0,160.605,2.0,mode=mm
555.524,105,fill,RY,SELL,500.0,99.955,-1300.0,mode=mm
556.236,105,fill,RY,BUY,800.0,99.965,-500.0,mode=mm
557.079,106,fill,CNR,BUY,1100.0,160.605,1102.0,mode=mm
558.054,106,fill,RY,BUY,700.0,99.945,200.0,mode=mm
558.325,106,fill,CNR,SELL,1500.0,160.605,-398.0,mode=mm
558.326,106,fill,RY,SELL,600.0,99.94,-400.0,mode=mm
559.605,106,fill,CNR,BUY,291.0,160.605,-107.0,mode=mm
560.063,106,fill,CNR,BUY,709.0,160.605,602.0,mode=mm
560.864,106,fill,CNR,SELL,1300.0,160.605,-698.0,mode=mm
561.139,107,fill,CNR,BUY,323.0,160.605,-375.0,mode=mm
561.552,107,fill,RY,BUY,700.0,99.955,300.0,mode=mm
561.857,107,fill,CNR,BUY,877.0,160.605,502.0,mode=mm
562.603,107,fill,CNR,SELL,1000.0,160.605,-498.0,mode=mm
562.604,107,fill,RY,SELL,1200.0,99.92,-900.0,mode=mm
562.608,107,stop,RY,BUY,900.0,99.96,-900.0,loss=6.0t stop=5.0t trend_against=False
562.963,107,fill,CNR,BUY,1200.0,160.605,702.0,mode=mm
562.964,107,fill,RY,BUY,900.0,99.92,0.0,mode=mm
563.717,107,fill,CNR,BUY,1100.0,160.605,1802.0,mode=mm
563.934,107,fill,CNR,BUY,1300.0,160.6,3102.0,mode=mm
563.935,107,fill,RY,BUY,900.0,99.925,900.0,mode=mm
564.17,107,fill,RY,SELL,900.0,99.92,0.0,mode=mm
564.634,107,fill,RY,BUY,2500.0,99.92,2500.0,mode=mm
564.879,107,fill,RY,BUY,300.0,99.925,2800.0,mode=mm
565.181,108,fill,CNR,BUY,800.0,160.585,3902.0,mode=mm
565.442,108,fill,CNR,BUY,300.0,160.58,4202.0,mode=mm
566.064,108,fill,CNR,BUY,1200.0,160.56,5402.0,mode=mm
566.066,108,fill,RY,SELL,2800.0,99.905,0.0,mode=mm
566.069,108,stop,CNR,SELL,5000.0,160.47,5402.0,loss=5.8t stop=5.0t trend_against=False
566.464,108,fill,CNR,SELL,5000.0,160.525,402.0,mode=mm
567.326,108,stop,CNR,SELL,402.0,160.25,402.0,loss=6.8t stop=5.5t trend_against=False
567.569,108,fill,CNR,SELL,402.0,160.375,0.0,mode=mm
567.569,108,fill,RY,SELL,1500.0,99.985,-1500.0,mode=mm
568.361,108,fill,RY,BUY,3200.0,100.005,1700.0,mode=mm
568.859,109,fill,CNR,SELL,700.0,160.125,-700.0,mode=mm
568.86,109,stop,CNR,BUY,700.0,160.4,-700.0,loss=8.0t stop=6.5t trend_against=False
569.117,109,fill,CNR,BUY,700.0,160.32,0.0,mode=mm
569.584,109,fill,RY,BUY,800.0,100.015,2500.0,mode=mm
569.826,109,fill,RY,SELL,3100.0,100.005,-600.0,mode=mm
569.835,109,stop,RY,BUY,600.0,100.11,-600.0,loss=6.0t stop=5.0t trend_against=False
570.12,109,fill,RY,BUY,600.0,100.035,0.0,mode=mm
571.697,109,fill,CNR,BUY,700.0,160.13,700.0,mode=mm
572.178,109,fill,CNR,SELL,700.0,160.02,0.0,mode=mm
572.921,110,fill,RY,BUY,1200.0,100.06,1200.0,mode=mm
573.603,110,fill,RY,BUY,700.0,100.055,1900.0,mode=mm
575.188,110,fill,CNR,SELL,391.0,160.075,-391.0,mode=mm
575.467,110,fill,RY,BUY,300.0,100.045,2200.0,mode=mm
575.831,110,fill,CNR,SELL,193.0,160.09,-584.0,mode=mm
575.831,110,fill,RY,BUY,600.0,100.035,2800.0,mode=mm
575.833,110,stop,RY,SELL,2800.0,99.98,2800.0,loss=7.8t stop=5.0t trend_against=False
576.861,111,stop,RY,SELL,2800.0,99.84,2800.0,loss=13.8t stop=5.3t trend_against=False
576.945,111,fill,RY,SELL,2800.0,99.895,0.0,mode=mm
577.455,111,fill,RY,SELL,1200.0,99.925,-1200.0,mode=mm
577.456,111,stop,RY,BUY,1200.0,100.11,-1200.0,loss=12.0t stop=5.9t trend_against=False
577.709,111,fill,RY,BUY,1200.0,100.005,0.0,mode=mm
578.172,111,fill,CNR,SELL,600.0,160.085,-1184.0,mode=mm
580.028,111,fill,RY,BUY,1200.0,100.06,1200.0,mode=mm
580.029,111,stop,RY,SELL,1200.0,99.9,1200.0,loss=11.0t stop=8.7t trend_against=False
580.263,111,fill,RY,SELL,1200.0,99.99,0.0,mode=mm
580.628,111,fill,CNR,SELL,300.0,160.1,-1484.0,mode=mm
580.912,112,fill,CNR,SELL,1600.0,160.135,-3084.0,mode=mm
580.914,112,stop,CNR,BUY,3084.0,160.44,-3084.0,loss=26.6t stop=6.9t trend_against=False
581.825,112,fill,RY,SELL,700.0,99.935,-700.0,mode=mm
581.966,112,stop,CNR,BUY,3084.0,160.7,-3084.0,loss=51.6t stop=19.5t trend_against=False
582.221,112,fill,CNR,BUY,3084.0,160.635,0.0,mode=mm
582.607,112,fill,AC,SELL,1400.0,25.035,963.0,mode=mm
582.905,112,fill,RY,BUY,700.0,99.935,0.0,mode=mm
583.361,112,fill,RY,BUY,700.0,99.935,700.0,mode=mm
583.361,112,fill,AC,BUY,200.0,25.035,1163.0,mode=mm
583.899,112,fill,RY,SELL,800.0,99.895,-100.0,mode=mm
583.902,112,stop,RY,BUY,100.0,100.03,-100.0,loss=8.0t stop=7.8t trend_against=False
584.296,112,fill,CNR,BUY,1200.0,160.685,1200.0,mode=mm
584.298,112,fill,RY,BUY,100.0,99.965,0.0,mode=mm
584.298,112,fill,AC,SELL,700.0,25.035,463.0,mode=mm
584.298,112,stop,CNR,SELL,1200.0,160.41,1200.0,loss=22.0t stop=15.3t trend_against=False
584.524,112,fill,CNR,SELL,1200.0,160.57,0.0,mode=mm
584.709,112,fill,AC,BUY,451.0,25.035,914.0,mode=mm
584.942,113,fill,AC,BUY,1649.0,25.035,2563.0,mode=mm
585.193,113,fill,RY,BUY,700.0,99.97,700.0,mode=mm
585.193,113,fill,AC,SELL,2191.0,25.035,372.0,mode=mm
585.401,113,fill,RY,SELL,700.0,99.975,0.0,mode=mm
585.694,113,fill,RY,BUY,1200.0,99.975,1200.0,mode=mm
585.92,113,fill,AC,SELL,1530.0,25.035,-1158.0,mode=mm
586.186,113,fill,AC,BUY,1130.0,25.035,-28.0,mode=mm
586.446,113,fill,RY,SELL,800.0,99.965,400.0,mode=mm
586.446,113,fill,AC,SELL,1600.0,25.035,-1628.0,mode=mm
586.689,113,fill,AC,SELL,1400.0,25.035,-3028.0,mode=mm
586.951,113,fill,AC,SELL,900.0,25.04,-3928.0,mode=mm
587.191,113,fill,RY,BUY,1000.0,99.985,1400.0,mode=mm
587.192,113,fill,AC,BUY,4300.0,25.05,372.0,mode=mm
587.972,113,fill,RY,BUY,700.0,100.0,2100.0,mode=mm
588.236,113,fill,AC,BUY,1300.0,25.065,1672.0,mode=mm
588.808,114,stop,RY,SELL,2100.0,99.87,2100.0,loss=6.5t stop=6.2t trend_against=False
589.092,114,fill,RY,SELL,2100.0,99.915,0.0,mode=mm
589.279,114,fill,AC,BUY,1400.0,25.06,3072.0,mode=mm
589.519,114,fill,RY,SELL,1200.0,99.925,-1200.0,mode=mm
589.808,114,fill,AC,SELL,1600.0,25.05,1472.0,mode=mm
590.034,114,fill,AC,SELL,3300.0,25.045,-1828.0,mode=mm
590.313,114,fill,RY,BUY,800.0,99.935,-400.0,mode=mm
590.834,114,fill,AC,BUY,2200.0,25.045,372.0,mode=mm
591.075,114,fill,AC,SELL,648.0,25.045,-276.0,mode=mm
591.344,114,fill,AC,SELL,1952.0,25.045,-2228.0,mode=mm
591.605,114,fill,AC,SELL,800.0,25.05,-3028.0,mode=mm
591.872,114,fill,AC,BUY,2800.0,25.055,-228.0,mode=mm
592.145,114,fill,RY,SELL,600.0,99.895,-1000.0,mode=mm
592.145,114,fill,AC,BUY,1000.0,25.065,772.0,mode=mm
592.408,114,fill,RY,SELL,500.0,99.895,-1500.0,mode=mm
592.408,114,fill,AC,SELL,1000.0,25.065,-228.0,mode=mm
592.665,115,fill,RY,SELL,700.0,99.91,-2200.0,mode=mm
592.665,115,fill,AC,BUY,1350.0,25.07,1122.0,mode=mm
592.937,115,fill,AC,BUY,1150.0,25.075,2272.0,mode=mm
593.517,115,fill,CNR,BUY,700.0,160.435,700.0,mode=mm
593.517,115,fill,RY,BUY,900.0,99.925,-1300.0,mode=mm
593.718,115,fill,CNR,BUY,500.0,160.435,1200.0,mode=mm
593.935,115,fill,AC,BUY,283.0,25.075,2555.0,mode=mm
594.18,115,fill,AC,SELL,2783.0,25.07,-228.0,mode=mm
594.439,115,fill,AC,BUY,1500.0,25.065,1272.0,mode=mm
594.679,115,fill,AC,BUY,1600.0,25.06,2872.0,mode=mm
594.972,115,fill,AC,SELL,3200.0,25.05,-328.0,mode=mm
595.727,115,fill,RY,SELL,400.0,99.925,-1700.0,mode=mm
595.984,115,fill,RY,SELL,400.0,99.925,-2100.0,mode=mm
595.984,115,fill,AC,BUY,2500.0,25.045,2172.0,mode=mm
596.309,115,fill,CNR,BUY,500.0,160.435,1700.0,mode=mm
596.309,115,fill,RY,SELL,600.0,99.935,-2700.0,mode=mm
596.433,115,fill,AC,SELL,3100.0,25.045,-928.0,mode=mm
596.8,116,fill,CNR,BUY,400.0,160.415,2100.0,mode=mm
596.8,116,fill,AC,BUY,1700.0,25.065,772.0,mode=mm
597.538,116,fill,RY,SELL,300.0,99.945,-3000.0,mode=mm
597.54,116,stop,CNR,SELL,2100.0,160.3,2100.0,loss=6.6t stop=5.0t trend_against=False
597.54,116,stop,RY,BUY,3000.0,100.1,-3000.0,loss=10.7t stop=5.0t trend_against=False
597.877,116,fill,CNR,SELL,1935.0,160.365,165.0,mode=mm
597.879,116,fill,RY,BUY,3000.0,99.995,0.0,mode=mm
598.62,116,fill,AC,BUY,1100.0,25.085,1872.0,mode=mm
598.622,116,stop,CNR,SELL,165.0,159.98,165.0,loss=37.6t stop=7.3t trend_against=False
598.845,116,fill,CNR,SELL,165.0,160.115,0.0,mode=mm
599.303,116,fill,AC,BUY,800.0,25.085,2672.0,mode=mm
599.573,116,fill,RY,BUY,700.0,99.995,700.0,mode=mm
599.573,116,fill,AC,BUY,600.0,25.085,3272.0,mode=mm
600.099,116,fill,RY,BUY,2000.0,99.965,2700.0,mode=mm
600.334,116,fill,RY,SELL,2700.0,99.95,0.0,mode=mm
600.335,116,fill,AC,SELL,2000.0,25.065,1272.0,mode=mm
600.581,116,fill,AC,BUY,900.0,25.065,2172.0,mode=mm
601.092,117,fill,AC,SELL,1000.0,25.065,1172.0,mode=mm
601.354,117,fill,AC,BUY,100.0,25.065,1272.0,mode=mm
601.611,117,fill,RY,BUY,2500.0,99.97,2500.0,mode=mm
601.856,117,fill,AC,SELL,1600.0,25.065,-328.0,mode=mm
602.353,117,fill,RY,BUY,1000.0,99.955,3500.0,mode=mm
602.612,117,fill,AC,SELL,1300.0,25.06,-1628.0,mode=mm
602.9,117,fill,AC,BUY,2500.0,25.06,872.0,mode=mm
603.136,117,fill,RY,BUY,400.0,99.955,3900.0,mode=mm
603.136,117,fill,AC,SELL,2700.0,25.06,-1828.0,mode=mm
603.404,117,fill,RY,SELL,700.0,99.94,3200.0,mode=mm
603.662,117,fill,RY,SELL,2800.0,99.94,400.0,mode=mm
603.665,117,fill,AC,SELL,1300.0,25.065,-3128.0,mode=mm
603.914,117,fill,AC,BUY,3300.0,25.07,172.0,mode=mm
604.962,118,fill,AC,SELL,1500.0,25.085,-1328.0,mode=mm
605.181,118,fill,AC,BUY,770.0,25.085,-558.0,mode=mm
605.44,118,fill,RY,SELL,1500.0,99.965,-1100.0,mode=mm
605.44,118,fill,AC,BUY,30.0,25.085,-528.0,mode=mm
605.702,118,fill,AC,BUY,1500.0,25.085,972.0,mode=mm
605.956,118,fill,AC,SELL,900.0,25.085,72.0,mode=mm
606.218,118,fill,RY,SELL,600.0,99.975,-1700.0,mode=mm
606.218,118,fill,AC,SELL,100.0,25.08,-28.0,mode=mm
606.483,118,fill,RY,BUY,2900.0,99.98,1200.0,mode=mm
606.728,118,fill,RY,BUY,600.0,99.955,1800.0,mode=mm
606.728,118,fill,AC,BUY,1500.0,25.065,1472.0,mode=mm
606.972,118,fill,AC,SELL,2070.0,25.055,-598.0,mode=mm
607.242,118,fill,RY,BUY,700.0,99.96,2500.0,mode=mm
607.245,118,fill,AC,BUY,670.0,25.05,72.0,mode=mm
607.754,118,fill,RY,SELL,3000.0,99.955,-500.0,mode=mm
607.754,118,fill,AC,SELL,1500.0,25.04,-1428.0,mode=mm
608.453,118,fill,RY,SELL,2100.0,99.99,-2600.0,mode=mm
608.463,118,fill,AC,SELL,900.0,25.07,-2328.0,mode=mm
608.471,118,stop,AC,BUY,2328.0,25.14,-2328.0,loss=5.6t stop=5.0t trend_against=False
608.771,118,fill,AC,BUY,2328.0,25.065,0.0,mode=mm
609.032,119,fill,RY,BUY,100.0,100.03,-2500.0,mode=mm
609.032,119,fill,AC,BUY,100.0,25.065,100.0,mode=mm
609.277,119,fill,AC,BUY,300.0,25.06,400.0,mode=mm
609.279,119,stop,RY,BUY,2500.0,100.12,-2500.0,loss=6.8t stop=5.0t trend_against=False
609.564,119,fill,RY,BUY,2500.0,100.045,0.0,mode=mm
610.29,119,fill,RY,BUY,700.0,100.075,700.0,mode=mm
610.29,119,fill,AC,SELL,400.0,25.065,0.0,mode=mm
610.539,119,fill,AC,BUY,1500.0,25.07,1500.0,mode=mm
611.058,119,fill,AC,BUY,1000.0,25.065,2500.0,mode=mm
611.061,119,stop,RY,SELL,700.0,99.9,700.0,loss=9.0t stop=6.6t trend_against=False
611.321,119,fill,RY,SELL,200.0,99.97,500.0,mode=mm
611.82,119,fill,AC,SELL,2500.0,25.07,0.0,mode=mm
612.086,119,stop,RY,SELL,500.0,99.94,500.0,loss=8.1t stop=6.5t trend_against=False
612.341,119,fill,RY,SELL,500.0,99.985,0.0,mode=mm
612.639,120,fill,AC,BUY,650.0,25.07,650.0,mode=mm
612.873,120,fill,AC,BUY,450.0,25.07,1100.0,mode=mm
613.351,120,fill,AC,BUY,1100.0,25.065,2200.0,mode=mm
614.426,120,fill,RY,SELL,700.0,99.915,-700.0,mode=mm
614.706,120,fill,RY,BUY,700.0,99.915,0.0,mode=mm
614.706,120,fill,AC,BUY,700.0,25.07,2900.0,mode=mm
614.92,120,fill,AC,SELL,3300.0,25.07,-400.0,mode=mm
615.166,120,fill,AC,BUY,500.0,25.07,100.0,mode=mm
615.928,120,fill,RY,BUY,700.0,99.905,700.0,mode=mm
616.967,121,fill,AC,SELL,100.0,25.075,0.0,mode=mm
617.221,121,fill,RY,BUY,500.0,99.91,1200.0,mode=mm
617.464,121,fill,RY,SELL,1300.0,99.91,-100.0,mode=mm
617.708,121,fill,RY,BUY,800.0,99.91,700.0,mode=mm
618.0,121,fill,RY,SELL,1200.0,99.915,-500.0,mode=mm
619.266,121,fill,AC,BUY,1500.0,25.075,1500.0,mode=mm
619.538,121,fill,RY,BUY,700.0,99.995,200.0,mode=mm
619.538,121,fill,AC,SELL,1400.0,25.075,100.0,mode=mm
619.801,121,fill,RY,BUY,700.0,99.995,900.0,mode=mm
619.801,121,fill,AC,SELL,100.0,25.075,0.0,mode=mm
620.325,121,fill,RY,BUY,500.0,99.995,1400.0,mode=mm
620.325,121,fill,AC,SELL,1500.0,25.075,-1500.0,mode=mm
620.612,121,fill,RY,SELL,800.0,99.965,600.0,mode=mm
620.875,122,fill,AC,BUY,1700.0,25.07,200.0,mode=mm
621.114,122,fill,AC,BUY,1400.0,25.065,1600.0,mode=mm
621.351,122,fill,AC,SELL,1500.0,25.065,100.0,mode=mm
621.593,122,fill,AC,SELL,2500.0,25.055,-2400.0,mode=mm
622.11,122,fill,RY,BUY,600.0,99.965,1200.0,mode=mm
622.11,122,fill,AC,BUY,1900.0,25.055,-500.0,mode=mm
622.629,122,fill,AC,BUY,1500.0,25.055,1000.0,mode=mm
623.155,122,fill,AC,SELL,1600.0,25.055,-600.0,mode=mm
623.429,122,fill,AC,BUY,1000.0,25.055,400.0,mode=mm
623.696,122,fill,RY,BUY,800.0,99.95,2000.0,mode=mm
623.932,122,fill,RY,BUY,600.0,99.94,2600.0,mode=mm
623.932,122,fill,AC,BUY,1300.0,25.055,1700.0,mode=mm
623.933,122,stop,RY,SELL,2600.0,99.83,2600.0,loss=6.1t stop=5.0t trend_against=False
624.205,122,fill,RY,SELL,2600.0,99.915,0.0,mode=mm
624.206,122,fill,AC,BUY,1400.0,25.07,3100.0,mode=mm
624.463,122,fill,AC,SELL,3300.0,25.07,-200.0,mode=mm
624.729,122,fill,RY,SELL,100.0,99.935,-100.0,mode=mm
624.75,122,stop,RY,BUY,100.0,100.06,-100.0,loss=5.5t stop=5.0t trend_against=False
624.974,123,fill,RY,BUY,100.0,100.005,0.0,mode=mm
625.485,123,fill,AC,BUY,1650.0,25.07,1450.0,mode=mm
625.741,123,fill,AC,SELL,1450.0,25.075,0.0,mode=mm
626.041,123,fill,AC,SELL,1500.0,25.075,-1500.0,mode=mm
627.537,123,fill,AC,BUY,800.0,25.075,-700.0,mode=mm
628.048,123,fill,AC,SELL,150.0,25.08,-850.0,mode=mm
628.302,123,fill,AC,BUY,850.0,25.085,0.0,mode=mm
628.468,123,fill,RY,SELL,1200.0,99.955,-1200.0,mode=mm
628.469,123,fill,AC,BUY,2500.0,25.09,2500.0,mode=mm
629.842,124,fill,RY,SELL,500.0,99.975,-1700.0,mode=mm
630.089,124,fill,AC,BUY,600.0,25.095,3100.0,mode=mm
630.332,124,fill,AC,BUY,800.0,25.09,3900.0,mode=mm
630.592,124,fill,RY,BUY,800.0,99.985,-900.0,mode=mm
630.593,124,fill,AC,SELL,1200.0,25.085,2700.0,mode=mm
630.864,124,fill,RY,BUY,1300.0,99.975,400.0,mode=mm
630.865,124,fill,AC,SELL,3200.0,25.075,-500.0,mode=mm
631.649,124,fill,AC,BUY,500.0,25.065,0.0,mode=mm
631.883,124,fill,RY,SELL,700.0,99.955,-300.0,mode=mm
633.448,125,fill,AC,BUY,2500.0,25.065,2500.0,mode=mm
633.958,125,fill,RY,BUY,700.0,99.975,400.0,mode=mm
633.958,125,fill,AC,SELL,2500.0,25.065,0.0,mode=mm
634.479,125,fill,RY,BUY,1000.0,99.96,1400.0,mode=mm
634.48,125,fill,AC,BUY,1000.0,25.065,1000.0,mode=mm
634.741,125,fill,AC,SELL,1000.0,25.065,0.0,mode=mm
635.503,125,fill,AC,BUY,2500.0,25.065,2500.0,mode=mm
635.746,125,fill,AC,SELL,2500.0,25.065,0.0,mode=mm
635.748,125,stop,RY,SELL,1400.0,99.85,1400.0,loss=5.6t stop=5.0t trend_against=False
636.029,125,fill,RY,SELL,1400.0,99.895,0.0,mode=mm
636.265,125,fill,AC,SELL,2500.0,25.065,-2500.0,mode=mm
636.526,125,fill,AC,BUY,400.0,25.065,-2100.0,mode=mm
636.821,126,fill,AC,BUY,2100.0,25.065,0.0,mode=mm
637.288,126,fill,AC,SELL,1200.0,25.065,-1200.0,mode=mm
637.539,126,fill,AC,BUY,2500.0,25.065,1300.0,mode=mm
638.053,126,fill,AC,SELL,1600.0,25.065,-300.0,mode=mm
638.308,126,fill,RY,SELL,700.0,99.895,-700.0,mode=mm
638.308,126,fill,AC,BUY,1600.0,25.065,1300.0,mode=mm
638.565,126,fill,RY,SELL,900.0,99.92,-1600.0,mode=mm
638.829,126,fill,AC,SELL,2200.0,25.065,-900.0,mode=mm
639.088,126,fill,AC,BUY,1600.0,25.065,700.0,mode=mm
639.383,126,fill,AC,BUY,1900.0,25.065,2600.0,mode=mm
639.598,126,fill,RY,SELL,200.0,99.955,-1800.0,mode=mm
640.392,126,fill,RY,BUY,1700.0,99.995,-100.0,mode=mm
640.612,126,fill,AC,SELL,1900.0,25.045,700.0,mode=mm
640.87,127,fill,RY,BUY,2500.0,99.985,2400.0,mode=mm
640.873,127,fill,AC,BUY,1100.0,25.045,1800.0,mode=mm
640.878,127,stop,RY,SELL,2400.0,99.88,2400.0,loss=6.0t stop=5.0t trend_against=False
641.138,127,fill,RY,SELL,2400.0,99.95,0.0,mode=mm
641.408,127,fill,AC,SELL,1600.0,25.045,200.0,mode=mm
642.162,127,fill,AC,SELL,1500.0,25.025,-1300.0,mode=mm
642.405,127,fill,AC,BUY,400.0,25.025,-900.0,mode=mm
642.672,127,fill,AC,BUY,900.0,25.03,0.0,mode=mm
644.226,127,fill,AC,SELL,1500.0,25.035,-1500.0,mode=mm
644.511,127,fill,AC,BUY,1500.0,25.035,0.0,mode=mm
644.729,127,fill,RY,SELL,700.0,99.89,-700.0,mode=mm
645.252,128,fill,AC,BUY,1300.0,25.04,1300.0,mode=mm
645.762,128,fill,AC,SELL,1200.0,25.06,100.0,mode=mm
646.801,128,fill,RY,SELL,500.0,99.905,-1200.0,mode=mm
646.801,128,fill,AC,SELL,300.0,25.055,-200.0,mode=mm
647.03,128,fill,AC,SELL,2200.0,25.055,-2400.0,mode=mm
647.273,128,fill,AC,BUY,3100.0,25.055,700.0,mode=mm
647.54,128,fill,AC,SELL,1600.0,25.055,-900.0,mode=mm
647.814,128,fill,RY,BUY,1400.0,99.91,200.0,mode=mm
648.062,128,fill,RY,SELL,700.0,99.875,-500.0,mode=mm
648.062,128,fill,AC,BUY,2700.0,25.06,1800.0,mode=mm
648.334,128,fill,AC,SELL,3000.0,25.07,-1200.0,mode=mm
648.536,128,fill,AC,BUY,2800.0,25.08,1600.0,mode=mm
648.577,129,fill,AC,SELL,1700.0,25.08,-100.0,mode=mm
649.087,129,fill,AC,BUY,1500.0,25.075,1400.0,mode=mm
649.881,129,fill,AC,BUY,1500.0,25.07,2900.0,mode=mm
650.101,129,fill,RY,BUY,200.0,99.895,-300.0,mode=mm
650.381,129,fill,AC,SELL,2800.0,25.065,100.0,mode=mm
651.143,129,fill,AC,SELL,1500.0,25.065,-1400.0,mode=mm
651.409,129,fill,AC,BUY,1700.0,25.065,300.0,mode=mm
651.669,129,fill,RY,SELL,600.0,99.89,-900.0,mode=mm
652.199,129,fill,AC,SELL,300.0,25.06,0.0,mode=mm
652.504,129,fill,AC,BUY,2500.0,25.04,2500.0,mode=mm
652.72,130,fill,AC,SELL,3100.0,25.04,-600.0,mode=mm
653.222,130,fill,AC,BUY,1600.0,25.035,1000.0,mode=mm
653.477,130,fill,RY,BUY,800.0,99.915,-100.0,mode=mm
653.477,130,fill,AC,BUY,300.0,25.035,1300.0,mode=mm
653.729,130,fill,RY,SELL,900.0,99.91,-1000.0,mode=mm
654.247,130,fill,AC,SELL,2800.0,25.03,-1500.0,mode=mm
654.741,130,fill,AC,SELL,1500.0,25.035,-3000.0,mode=mm
655.521,130,fill,AC,BUY,2000.0,25.035,-1000.0,mode=mm
655.771,130,fill,AC,SELL,1000.0,25.035,-2000.0,mode=mm
656.049,130,fill,RY,BUY,1300.0,99.91,300.0,mode=mm
656.051,130,fill,AC,BUY,1800.0,25.04,-200.0,mode=mm
656.292,130,fill,AC,BUY,715.0,25.05,515.0,mode=mm
656.523,130,fill,AC,SELL,2915.0,25.06,-2400.0,mode=mm
656.801,131,fill,AC,SELL,200.0,25.055,-2600.0,mode=mm
657.066,131,fill,AC,BUY,2200.0,25.065,-400.0,mode=mm
657.363,131,fill,AC,SELL,300.0,25.065,-700.0,mode=mm
657.552,131,fill,RY,SELL,700.0,99.875,-400.0,mode=mm
658.084,131,fill,RY,SELL,1000.0,99.885,-1400.0,mode=mm
658.086,131,fill,AC,BUY,1500.0,25.075,800.0,mode=mm
658.35,131,fill,AC,SELL,1200.0,25.075,-400.0,mode=mm
658.585,131,fill,RY,BUY,800.0,99.905,-600.0,mode=mm
658.585,131,fill,AC,SELL,300.0,25.075,-700.0,mode=mm
658.863,131,fill,AC,SELL,37.0,25.075,-737.0,mode=mm
659.118,131,fill,AC,SELL,1100.0,25.075,-1837.0,mode=mm
659.372,131,fill,AC,BUY,1600.0,25.075,-237.0,mode=mm
659.633,131,fill,AC,BUY,2500.0,25.085,2263.0,mode=mm
659.878,131,fill,AC,SELL,1000.0,25.085,1263.0,mode=mm
660.15,131,fill,AC,SELL,800.0,25.085,463.0,mode=mm
660.411,131,fill,AC,SELL,300.0,25.085,163.0,mode=mm
660.529,131,fill,AC,SELL,1200.0,25.085,-1037.0,mode=mm
660.972,132,fill,CNR,BUY,1500.0,160.015,1500.0,mode=mm
660.976,132,fill,AC,SELL,1000.0,25.085,-2037.0,mode=mm
661.506,132,fill,CNR,SELL,1500.0,160.015,0.0,mode=mm
661.507,132,fill,AC,BUY,1600.0,25.085,-437.0,mode=mm
661.684,132,fill,AC,SELL,700.0,25.085,-1137.0,mode=mm
661.954,132,fill,AC,BUY,1500.0,25.085,363.0,mode=mm
662.2,132,fill,AC,BUY,1300.0,25.085,1663.0,mode=mm
662.443,132,fill,AC,BUY,800.0,25.075,2463.0,mode=mm
662.795,132,fill,AC,SELL,1700.0,25.075,763.0,mode=mm
663.268,132,fill,CNR,BUY,1500.0,160.015,1500.0,mode=mm
663.537,132,fill,CNR,SELL,2500.0,160.015,-1000.0,mode=mm
663.818,132,fill,AC,SELL,800.0,25.065,-37.0,mode=mm
664.528,132,fill,CNR,BUY,1500.0,160.015,500.0,mode=mm
664.791,132,fill,CNR,BUY,1263.0,160.015,1763.0,mode=mm
665.325,133,fill,CNR,BUY,837.0,160.015,2600.0,mode=mm
666.556,133,fill,CNR,SELL,1700.0,160.015,900.0,mode=mm
666.878,133,fill,CNR,BUY,1800.0,160.015,2700.0,mode=mm
667.142,133,fill,CNR,SELL,3200.0,160.01,-500.0,mode=mm
669.206,134,fill,CNR,BUY,2600.0,159.99,2100.0,mode=mm
669.673,134,fill,CNR,SELL,1800.0,159.985,300.0,mode=mm
670.46,134,fill,CNR,BUY,700.0,159.985,1000.0,mode=mm
670.7,134,fill,CNR,SELL,1663.0,159.98,-663.0,mode=mm
672.928,135,fill,AC,BUY,1500.0,25.065,1463.0,mode=mm
678.353,136,fill,CNR,SELL,615.0,159.985,-1278.0,mode=mm
678.574,136,fill,CNR,SELL,1385.0,159.985,-2663.0,mode=mm
680.147,136,fill,CNR,SELL,1000.0,160.0,-3663.0,mode=mm
680.416,136,fill,CNR,SELL,853.0,160.01,-4516.0,mode=mm
680.957,136,fill,CNR,SELL,1000.0,160.035,-5516.0,mode=mm
680.958,136,stop,CNR,BUY,5000.0,160.13,-5516.0,loss=7.2t stop=5.0t trend_against=False
681.198,137,fill,CNR,BUY,1600.0,160.065,-3916.0,mode=mm
682.008,137,stop,CNR,BUY,3916.0,160.35,-3916.0,loss=16.2t stop=6.2t trend_against=False
682.279,137,fill,CNR,BUY,3916.0,160.245,0.0,mode=mm
693.996,140,fill,CNR,BUY,555.0,160.675,555.0,mode=mm
694.493,140,fill,CNR,BUY,600.0,160.69,1155.0,mode=mm
694.991,140,fill,CNR,BUY,600.0,160.69,1755.0,mode=mm
695.516,140,fill,CNR,BUY,400.0,160.68,2155.0,mode=mm
696.512,140,fill,CNR,BUY,312.0,160.545,2467.0,mode=mm
696.515,140,stop,CNR,SELL,2467.0,160.39,2467.0,loss=16.3t stop=12.8t trend_against=False
696.852,140,fill,CNR,SELL,2467.0,160.485,0.0,mode=mm
700.114,141,fill,CNR,BUY,700.0,160.065,700.0,mode=mm
702.364,142,fill,CNR,BUY,500.0,159.98,1200.0,mode=mm
703.939,142,fill,CNR,BUY,500.0,159.955,1700.0,mode=mm
704.926,142,fill,CNR,SELL,59.0,159.94,1641.0,mode=mm
705.71,143,fill,CNR,SELL,800.0,159.935,841.0,mode=mm
706.25,143,fill,CNR,SELL,800.0,159.945,41.0,mode=mm
706.595,143,fill,CNR,SELL,700.0,159.96,-659.0,mode=mm
706.599,143,stop,CNR,BUY,659.0,160.05,-659.0,loss=14.0t stop=7.3t trend_against=False
706.811,143,fill,CNR,BUY,659.0,159.97,0.0,mode=mm
712.911,144,fill,CNR,BUY,700.0,160.755,700.0,mode=mm
713.412,145,fill,CNR,BUY,500.0,160.755,1200.0,mode=mm
714.425,145,fill,CNR,BUY,500.0,160.74,1700.0,mode=mm
714.425,145,stop,CNR,SELL,1700.0,160.49,1700.0,loss=20.1t stop=13.9t trend_against=False
714.688,145,fill,CNR,SELL,254.0,160.59,1446.0,mode=mm
714.942,145,fill,CNR,SELL,1446.0,160.36,0.0,mode=mm
714.944,145,fill,RY,BUY,200.0,99.905,-400.0,mode=mm
715.399,145,fill,RY,SELL,1200.0,99.905,-1600.0,mode=mm
717.954,146,fill,RY,BUY,1400.0,99.905,-200.0,mode=mm
718.23,146,fill,RY,BUY,2500.0,99.895,2300.0,mode=mm
718.461,146,fill,AC,BUY,900.0,25.065,2363.0,mode=mm
718.685,146,fill,AC,SELL,500.0,25.065,1863.0,mode=mm
718.95,146,fill,AC,SELL,900.0,25.065,963.0,mode=mm
719.223,146,fill,RY,SELL,3100.0,99.885,-800.0,mode=mm
719.499,146,fill,AC,BUY,1300.0,25.065,2263.0,mode=mm
719.969,146,fill,RY,BUY,2700.0,99.89,1900.0,mode=mm
719.972,146,fill,AC,SELL,3000.0,25.065,-737.0,mode=mm
720.482,146,fill,RY,BUY,700.0,99.895,2600.0,mode=mm
720.626,146,fill,RY,BUY,600.0,99.895,3200.0,mode=mm
721.003,147,fill,RY,SELL,3300.0,99.885,-100.0,mode=mm
721.004,147,fill,AC,BUY,2700.0,25.065,1963.0,mode=mm
721.572,147,fill,CNR,SELL,150.0,159.835,-150.0,mode=mm
721.572,147,fill,RY,SELL,1400.0,99.885,-1500.0,mode=mm
721.573,147,fill,AC,BUY,1200.0,25.065,3163.0,mode=mm
721.826,147,fill,CNR,SELL,550.0,159.84,-700.0,mode=mm
721.826,147,fill,AC,SELL,1900.0,25.065,1263.0,mode=mm
722.055,147,fill,RY,SELL,63.0,99.885,-1563.0,mode=mm
722.055,147,fill,AC,BUY,1600.0,25.065,2863.0,mode=mm
722.276,147,fill,RY,SELL,837.0,99.885,-2400.0,mode=mm
722.567,147,fill,RY,SELL,600.0,99.905,-3000.0,mode=mm
722.799,147,fill,RY,BUY,200.0,99.925,-2800.0,mode=mm
722.799,147,fill,AC,BUY,900.0,25.05,3763.0,mode=mm
723.029,147,fill,AC,SELL,3200.0,25.045,563.0,mode=mm
723.308,147,fill,RY,BUY,1900.0,99.935,-900.0,mode=mm
723.31,147,fill,AC,BUY,1200.0,25.045,1763.0,mode=mm
723.586,147,fill,RY,SELL,1100.0,99.935,-2000.0,mode=mm
723.868,147,fill,CNR,SELL,100.0,159.835,-800.0,mode=mm
724.103,147,fill,AC,SELL,1600.0,25.035,163.0,mode=mm
724.338,147,fill,AC,BUY,200.0,25.035,363.0,mode=mm
724.605,147,fill,RY,SELL,1200.0,99.945,-3200.0,mode=mm
725.162,148,fill,RY,SELL,500.0,99.945,-3700.0,mode=mm
725.163,148,stop,RY,BUY,3700.0,100.0,-3700.0,loss=5.2t stop=5.0t trend_against=False
725.396,148,fill,RY,BUY,3700.0,99.95,0.0,mode=mm
725.885,148,fill,RY,BUY,100.0,99.975,100.0,mode=mm
725.885,148,fill,AC,SELL,1711.0,25.025,-1348.0,mode=mm
726.172,148,fill,AC,BUY,1311.0,25.025,-37.0,mode=mm
726.424,148,fill,CNR,SELL,500.0,159.835,-1300.0,mode=mm
726.426,148,fill,RY,SELL,100.0,99.98,0.0,mode=mm
726.648,148,fill,AC,BUY,1500.0,25.025,1463.0,mode=mm
726.919,148,fill,RY,BUY,2500.0,99.985,2500.0,mode=mm
726.92,148,fill,AC,BUY,500.0,25.025,1963.0,mode=mm
727.172,148,fill,AC,SELL,800.0,25.025,1163.0,mode=mm
727.444,148,fill,CNR,SELL,207.0,159.835,-1507.0,mode=mm
727.991,148,fill,CNR,SELL,400.0,159.845,-1907.0,mode=mm
727.991,148,fill,RY,SELL,1300.0,99.99,1200.0,mode=mm
728.227,148,fill,AC,SELL,1600.0,25.025,-437.0,mode=mm
728.446,148,fill,RY,SELL,200.0,99.965,1000.0,mode=mm
728.631,148,fill,AC,SELL,1200.0,25.025,-1637.0,mode=mm
728.779,148,fill,CNR,SELL,300.0,159.865,-2207.0,mode=mm
729.064,149,fill,RY,SELL,2700.0,99.975,-1700.0,mode=mm
729.247,149,fill,AC,BUY,2100.0,25.035,463.0,mode=mm
729.578,149,fill,CNR,SELL,100.0,159.905,-2307.0,mode=mm
729.578,149,fill,RY,BUY,2900.0,99.99,1200.0,mode=mm
729.587,149,stop,CNR,BUY,2307.0,159.99,-2307.0,loss=19.0t stop=5.0t trend_against=False
729.785,149,fill,RY,SELL,154.0,99.99,1046.0,mode=mm
729.785,149,fill,AC,SELL,1500.0,25.035,-1037.0,mode=mm
730.074,149,fill,CNR,BUY,2307.0,159.99,0.0,mode=mm
730.075,149,fill,RY,SELL,2700.0,99.99,-1654.0,mode=mm
730.267,149,fill,AC,SELL,300.0,25.04,-1337.0,mode=mm
731.045,149,fill,RY,BUY,2500.0,100.0,846.0,mode=mm
731.046,149,fill,AC,SELL,900.0,25.045,-2237.0,mode=mm
731.303,149,fill,RY,BUY,1800.0,100.015,2646.0,mode=mm
732.397,149,fill,AC,SELL,1100.0,25.075,-3337.0,mode=mm
732.551,149,fill,AC,SELL,409.0,25.075,-3746.0,mode=mm
733.402,150,fill,CNR,SELL,700.0,160.175,-700.0,mode=mm
733.627,150,fill,AC,BUY,3500.0,25.085,-246.0,mode=mm
733.901,150,fill,CNR,SELL,500.0,160.18,-1200.0,mode=mm
734.159,150,fill,AC,SELL,1300.0,25.085,-1546.0,mode=mm
734.661,150,fill,AC,SELL,800.0,25.085,-2346.0,mode=mm
734.929,150,stop,CNR,BUY,1200.0,160.32,-1200.0,loss=7.7t stop=5.0t trend_against=False
735.2,150,fill,CNR,BUY,1200.0,160.22,0.0,mode=mm
735.201,150,fill,AC,BUY,1500.0,25.085,-846.0,mode=mm
735.625,150,fill,AC,BUY,1000.0,25.085,154.0,mode=mm
735.917,150,fill,AC,BUY,600.0,25.085,754.0,mode=mm
736.154,150,fill,RY,BUY,300.0,100.025,2946.0,mode=mm
736.708,150,fill,AC,BUY,1100.0,25.085,1854.0,mode=mm
736.942,150,fill,RY,SELL,900.0,100.005,2046.0,mode=mm
737.243,151,fill,AC,SELL,1700.0,25.075,154.0,mode=mm
737.705,151,fill,AC,BUY,1400.0,25.075,1554.0,mode=mm
737.972,151,fill,RY,SELL,1800.0,99.995,246.0,mode=mm
737.973,151,fill,AC,BUY,800.0,25.075,2354.0,mode=mm
738.265,151,fill,RY,SELL,500.0,99.995,-254.0,mode=mm
738.515,151,fill,AC,SELL,2100.0,25.065,254.0,mode=mm
738.749,151,fill,AC,SELL,1000.0,25.065,-746.0,mode=mm
738.966,151,fill,RY,SELL,2200.0,100.02,-2454.0,mode=mm
738.967,151,fill,AC,BUY,700.0,25.065,-46.0,mode=mm
739.221,151,fill,RY,BUY,900.0,100.025,-1554.0,mode=mm
739.221,151,fill,AC,BUY,200.0,25.065,154.0,mode=mm
739.475,151,fill,RY,BUY,900.0,100.025,-654.0,mode=mm
739.475,151,fill,AC,BUY,700.0,25.065,854.0,mode=mm
739.774,151,fill,AC,BUY,100.0,25.06,954.0,mode=mm
740.008,151,fill,RY,BUY,1600.0,100.035,946.0,mode=mm
740.352,151,fill,CNR,BUY,700.0,160.16,700.0,mode=mm
740.352,151,fill,AC,BUY,929.0,25.05,1883.0,mode=mm
740.57,151,fill,AC,SELL,1829.0,25.045,54.0,mode=mm
740.818,151,fill,AC,BUY,1400.0,25.045,1454.0,mode=mm
741.323,152,fill,AC,SELL,1700.0,25.035,-246.0,mode=mm
741.576,152,fill,RY,BUY,1000.0,100.015,1946.0,mode=mm
741.828,152,fill,AC,SELL,700.0,25.035,-946.0,mode=mm
742.071,152,fill,AC,BUY,1500.0,25.035,554.0,mode=mm
742.362,152,fill,RY,BUY,1300.0,99.985,3246.0,mode=mm
742.581,152,fill,AC,SELL,300.0,25.035,254.0,mode=mm
743.057,152,fill,RY,BUY,500.0,99.985,3746.0,mode=mm
743.057,152,fill,AC,BUY,1300.0,25.035,1554.0,mode=mm
743.32,152,fill,RY,BUY,700.0,99.97,4446.0,mode=mm
743.32,152,fill,AC,SELL,1500.0,25.035,54.0,mode=mm
743.322,152,stop,RY,SELL,4446.0,99.89,4446.0,loss=5.2t stop=5.0t trend_against=False
743.68,152,fill,RY,SELL,4446.0,99.945,0.0,mode=mm
743.684,152,fill,AC,SELL,1500.0,25.035,-1446.0,mode=mm
743.929,152,fill,CNR,BUY,500.0,160.135,1200.0,mode=mm
744.11,152,fill,AC,BUY,200.0,25.04,-1246.0,mode=mm
744.387,152,fill,AC,BUY,400.0,25.04,-846.0,mode=mm
744.666,152,fill,RY,SELL,1500.0,99.935,-1500.0,mode=mm
744.737,152,fill,AC,SELL,500.0,25.045,-1346.0,mode=mm
744.942,152,fill,CNR,BUY,300.0,160.135,1500.0,mode=mm
744.942,152,fill,RY,SELL,300.0,99.945,-1800.0,mode=mm
744.942,152,fill,AC,SELL,100.0,25.045,-1446.0,mode=mm
744.942,152,stop,RY,BUY,1800.0,100.0,-1800.0,loss=6.8t stop=5.0t trend_against=False
745.164,153,fill,RY,BUY,1800.0,99.95,0.0,mode=mm
745.167,153,fill,AC,BUY,663.0,25.05,-783.0,mode=mm
745.411,153,fill,AC,BUY,1600.0,25.055,817.0,mode=mm
746.009,153,fill,CNR,BUY,1500.0,160.085,3000.0,mode=mm
746.009,153,fill,AC,SELL,1100.0,25.055,-283.0,mode=mm
746.024,153,stop,CNR,SELL,3000.0,159.9,3000.0,loss=15.0t stop=5.0t trend_against=False
746.238,153,fill,CNR,SELL,3000.0,160.02,0.0,mode=mm
746.733,153,fill,AC,SELL,1300.0,25.05,-1583.0,mode=mm
747.489,153,fill,AC,SELL,800.0,25.045,-2383.0,mode=mm
747.707,153,fill,RY,BUY,700.0,99.965,700.0,mode=mm
748.041,153,fill,RY,BUY,500.0,99.965,1200.0,mode=mm
748.041,153,fill,AC,BUY,1700.0,25.045,-683.0,mode=mm
748.73,153,fill,RY,SELL,800.0,99.94,400.0,mode=mm
748.73,153,fill,AC,SELL,263.0,25.05,-946.0,mode=mm
749.06,153,fill,RY,SELL,1400.0,99.945,-1000.0,mode=mm
749.062,153,fill,AC,SELL,300.0,25.055,-1246.0,mode=mm
749.277,154,fill,AC,SELL,700.0,25.055,-1946.0,mode=mm
749.553,154,fill,AC,SELL,700.0,25.055,-2646.0,mode=mm
749.849,154,fill,CNR,SELL,700.0,159.925,-700.0,mode=mm
750.063,154,fill,CNR,SELL,500.0,159.925,-1200.0,mode=mm
750.065,154,fill,RY,BUY,600.0,99.945,-400.0,mode=mm
750.611,154,fill,CNR,BUY,700.0,159.935,-500.0,mode=mm
750.611,154,fill,AC,BUY,1163.0,25.055,-1483.0,mode=mm
750.849,154,fill,AC,BUY,737.0,25.055,-746.0,mode=mm
751.103,154,fill,RY,BUY,1300.0,99.935,900.0,mode=mm
751.106,154,fill,AC,SELL,1100.0,25.055,-1846.0,mode=mm
751.626,154,fill,CNR,BUY,212.0,159.91,-288.0,mode=mm
751.874,154,fill,CNR,SELL,373.0,159.9,-661.0,mode=mm
752.085,154,fill,RY,BUY,900.0,99.92,1800.0,mode=mm
752.085,154,fill,AC,BUY,1800.0,25.065,-46.0,mode=mm
752.779,154,fill,CNR,SELL,600.0,159.925,-1261.0,mode=mm
752.779,154,fill,AC,SELL,1400.0,25.065,-1446.0,mode=mm
752.954,155,fill,CNR,BUY,600.0,159.98,-661.0,mode=mm
753.185,155,fill,AC,BUY,1500.0,25.065,54.0,mode=mm
753.442,155,fill,CNR,BUY,5.0,159.975,-656.0,mode=mm
753.442,155,fill,RY,SELL,900.0,99.885,900.0,mode=mm
753.442,155,fill,AC,SELL,900.0,25.065,-846.0,mode=mm
753.989,155,fill,CNR,SELL,600.0,159.98,-1256.0,mode=mm
753.989,155,fill,AC,BUY,2700.0,25.075,1854.0,mode=mm
754.118,155,fill,AC,BUY,100.0,25.075,1954.0,mode=mm
754.488,155,fill,CNR,SELL,400.0,159.99,-1656.0,mode=mm
754.488,155,fill,RY,BUY,500.0,99.915,1400.0,mode=mm
754.682,155,fill,CNR,SELL,400.0,159.995,-2056.0,mode=mm
754.682,155,fill,AC,SELL,1800.0,25.075,154.0,mode=mm
755.219,155,fill,CNR,SELL,300.0,160.005,-2356.0,mode=mm
755.219,155,fill,RY,SELL,800.0,99.915,600.0,mode=mm
755.754,155,fill,RY,BUY,600.0,99.905,1200.0,mode=mm
755.754,155,fill,AC,BUY,408.0,25.075,562.0,mode=mm
755.941,155,fill,AC,SELL,2321.0,25.07,-1759.0,mode=mm
755.942,155,stop,CNR,BUY,2356.0,160.09,-2356.0,loss=5.8t stop=5.0t trend_against=False
756.325,155,fill,CNR,BUY,2356.0,160.025,0.0,mode=mm
756.325,155,fill,AC,BUY,1700.0,25.07,-59.0,mode=mm
756.995,156,fill,AC,BUY,200.0,25.065,141.0,mode=mm
757.224,156,fill,AC,SELL,1200.0,25.06,-1059.0,mode=mm
757.484,156,fill,AC,BUY,2700.0,25.06,1641.0,mode=mm
758.041,156,fill,AC,BUY,800.0,25.055,2441.0,mode=mm
759.091,156,fill,CNR,BUY,1200.0,160.035,1200.0,mode=mm
759.093,156,fill,AC,BUY,600.0,25.055,3041.0,mode=mm
759.56,156,fill,AC,SELL,3300.0,25.045,-259.0,mode=mm
759.775,156,fill,RY,SELL,1400.0,99.875,-200.0,mode=mm
760.025,156,fill,RY,SELL,700.0,99.875,-900.0,mode=mm
760.025,156,fill,AC,BUY,700.0,25.045,441.0,mode=mm
760.028,156,stop,RY,BUY,900.0,99.94,-900.0,loss=8.0t stop=5.0t trend_against=False
760.259,156,fill,RY,BUY,900.0,99.885,0.0,mode=mm
760.259,156,fill,AC,BUY,100.0,25.045,541.0,mode=mm
760.747,156,fill,CNR,SELL,800.0,160.035,400.0,mode=mm
760.801,156,fill,AC,SELL,300.0,25.045,241.0,mode=mm
761.34,157,fill,AC,SELL,1500.0,25.045,-1259.0,mode=mm
761.597,157,fill,AC,BUY,1300.0,25.045,41.0,mode=mm
762.204,157,fill,CNR,SELL,700.0,160.045,-300.0,mode=mm
762.204,157,fill,AC,SELL,900.0,25.045,-859.0,mode=mm
762.374,157,fill,AC,BUY,1400.0,25.045,541.0,mode=mm
762.871,157,fill,RY,BUY,700.0,99.925,700.0,mode=mm
763.068,157,fill,RY,SELL,700.0,99.92,0.0,mode=mm
763.068,157,fill,AC,BUY,1200.0,25.045,1741.0,mode=mm
763.322,157,fill,RY,BUY,900.0,99.92,900.0,mode=mm
763.322,157,fill,AC,SELL,913.0,25.045,828.0,mode=mm
763.622,157,fill,AC,SELL,187.0,25.045,641.0,mode=mm
763.829,157,fill,AC,SELL,800.0,25.045,-159.0,mode=mm
764.183,157,fill,CNR,BUY,700.0,160.05,400.0,mode=mm
764.42,157,fill,RY,BUY,900.0,99.93,1800.0,mode=mm
764.42,157,fill,AC,SELL,1400.0,25.045,-1559.0,mode=mm
764.659,157,fill,RY,SELL,1300.0,99.935,500.0,mode=mm
764.666,157,fill,AC,BUY,1100.0,25.045,-459.0,mode=mm
764.746,157,fill,AC,BUY,400.0,25.045,-59.0,mode=mm
764.94,157,fill,CNR,BUY,1200.0,160.045,1600.0,mode=mm
764.941,157,fill,RY,SELL,700.0,99.935,-200.0,mode=mm
765.185,158,fill,AC,SELL,800.0,25.045,-859.0,mode=mm
765.499,158,fill,CNR,BUY,400.0,160.04,2000.0,mode=mm
765.499,158,fill,RY,BUY,1200.0,99.93,1000.0,mode=mm
765.772,158,fill,CNR,BUY,700.0,160.03,2700.0,mode=mm
765.772,158,fill,AC,SELL,500.0,25.045,-1359.0,mode=mm
765.965,158,fill,AC,SELL,600.0,25.045,-1959.0,mode=mm
766.185,158,fill,AC,SELL,700.0,25.045,-2659.0,mode=mm
766.523,158,fill,CNR,BUY,800.0,159.98,3500.0,mode=mm
766.524,158,fill,AC,BUY,1500.0,25.045,-1159.0,mode=mm
766.525,158,stop,CNR,SELL,3500.0,159.85,3500.0,loss=11.1t stop=5.0t trend_against=False
766.786,158,fill,CNR,SELL,3000.0,159.945,500.0,mode=mm
766.788,158,fill,AC,SELL,600.0,25.05,-1759.0,mode=mm
767.018,158,fill,RY,SELL,800.0,99.925,200.0,mode=mm
767.511,158,fill,RY,SELL,700.0,99.935,-500.0,mode=mm
767.511,158,fill,AC,BUY,2000.0,25.055,241.0,mode=mm
767.862,158,fill,CNR,SELL,500.0,159.79,0.0,mode=mm
767.862,158,fill,AC,SELL,1500.0,25.06,-1259.0,mode=mm
768.317,158,fill,RY,BUY,700.0,99.935,200.0,mode=mm
768.565,158,fill,AC,BUY,1200.0,25.065,-59.0,mode=mm
769.021,159,fill,AC,SELL,1400.0,25.065,-1459.0,mode=mm
769.261,159,fill,RY,BUY,700.0,99.94,900.0,mode=mm
769.261,159,fill,AC,BUY,600.0,25.065,-859.0,mode=mm
770.279,159,fill,AC,BUY,500.0,25.075,-359.0,mode=mm
770.836,159,fill,AC,BUY,200.0,25.075,-159.0,mode=mm
771.556,159,fill,AC,BUY,900.0,25.075,741.0,mode=mm
771.841,159,fill,AC,SELL,800.0,25.075,-59.0,mode=mm
772.629,159,fill,RY,SELL,1300.0,99.965,-400.0,mode=mm
772.633,159,fill,AC,BUY,1100.0,25.075,1041.0,mode=mm
773.163,160,fill,AC,SELL,400.0,25.075,641.0,mode=mm
773.636,160,fill,RY,SELL,600.0,99.975,-1000.0,mode=mm
773.637,160,fill,AC,BUY,139.0,25.075,780.0,mode=mm
773.897,160,fill,RY,SELL,800.0,99.98,-1800.0,mode=mm
773.897,160,fill,AC,BUY,961.0,25.075,1741.0,mode=mm
774.16,160,fill,AC,SELL,1500.0,25.075,241.0,mode=mm
774.952,160,fill,AC,SELL,700.0,25.075,-459.0,mode=mm
775.203,160,fill,RY,BUY,900.0,99.995,-900.0,mode=mm
775.412,160,fill,AC,BUY,1500.0,25.075,1041.0,mode=mm
775.676,160,fill,RY,SELL,1600.0,99.985,-2500.0,mode=mm
775.676,160,fill,AC,BUY,1000.0,25.075,2041.0,mode=mm
775.952,160,fill,AC,SELL,1200.0,25.075,841.0,mode=mm
776.212,160,fill,RY,BUY,1900.0,100.015,-600.0,mode=mm
776.481,160,fill,RY,SELL,2000.0,100.005,-2600.0,mode=mm
776.49,160,fill,AC,SELL,900.0,25.065,-59.0,mode=mm
776.719,160,fill,RY,BUY,1900.0,100.045,-700.0,mode=mm
776.719,160,fill,AC,BUY,1500.0,25.065,1441.0,mode=mm
777.239,161,fill,RY,SELL,600.0,100.005,-1300.0,mode=mm
777.484,161,fill,RY,SELL,100.0,100.005,-1400.0,mode=mm
777.484,161,fill,AC,SELL,434.0,25.065,1007.0,mode=mm
777.747,161,fill,CNR,BUY,700.0,159.765,700.0,mode=mm
777.747,161,fill,AC,SELL,1266.0,25.065,-259.0,mode=mm
777.975,161,fill,RY,SELL,900.0,100.005,-2300.0,mode=mm
778.266,161,fill,RY,SELL,300.0,100.01,-2600.0,mode=mm
778.497,161,fill,AC,BUY,2000.0,25.055,1741.0,mode=mm
778.819,161,fill,RY,BUY,1100.0,100.055,-1500.0,mode=mm
779.02,161,fill,AC,SELL,2900.0,25.045,-1159.0,mode=mm
779.308,161,fill,RY,SELL,900.0,100.025,-2400.0,mode=mm
779.831,161,fill,RY,SELL,600.0,100.025,-3000.0,mode=mm
779.834,161,fill,AC,BUY,2800.0,25.045,1641.0,mode=mm
780.718,161,fill,RY,BUY,2000.0,100.055,-1000.0,mode=mm
780.719,161,fill,AC,SELL,1066.0,25.045,575.0,mode=mm
780.812,162,fill,AC,SELL,1834.0,25.045,-1259.0,mode=mm
781.163,162,fill,RY,SELL,1700.0,100.045,-2700.0,mode=mm
781.334,162,fill,RY,BUY,1600.0,100.045,-1100.0,mode=mm
781.648,162,fill,RY,SELL,1700.0,100.04,-2800.0,mode=mm
781.649,162,fill,AC,SELL,900.0,25.045,-2159.0,mode=mm
781.886,162,fill,RY,BUY,2800.0,100.05,0.0,mode=mm
782.153,162,fill,RY,BUY,2500.0,100.05,2500.0,mode=mm
782.153,162,fill,AC,SELL,700.0,25.045,-2859.0,mode=mm
783.12,162,fill,RY,BUY,600.0,100.055,3100.0,mode=mm
783.379,162,fill,RY,BUY,800.0,100.045,3900.0,mode=mm
783.381,162,stop,RY,SELL,3900.0,100.0,3900.0,loss=9.2t stop=5.0t trend_against=False
783.682,162,fill,RY,SELL,3900.0,100.045,0.0,mode=mm
783.684,162,fill,AC,SELL,1666.0,25.065,-4525.0,mode=mm
784.039,162,fill,CNR,SELL,2600.0,159.71,-1900.0,mode=mm
784.04,162,fill,AC,SELL,134.0,25.075,-4659.0,mode=mm
785.197,163,fill,AC,BUY,1667.0,25.085,-2992.0,mode=mm
785.53,163,fill,CNR,BUY,300.0,159.73,-1600.0,mode=mm
785.53,163,fill,AC,BUY,2033.0,25.085,-959.0,mode=mm
785.753,163,fill,CNR,BUY,800.0,159.73,-800.0,mode=mm
786.04,163,fill,RY,SELL,900.0,100.025,-900.0,mode=mm
786.296,163,fill,CNR,SELL,1900.0,159.74,-2700.0,mode=mm
786.55,163,fill,RY,BUY,900.0,100.035,0.0,mode=mm
786.55,163,fill,AC,SELL,1000.0,25.085,-1959.0,mode=mm
786.812,163,fill,CNR,SELL,1000.0,159.76,-3700.0,mode=mm
787.071,163,fill,CNR,SELL,1000.0,159.765,-4700.0,mode=mm
787.072,163,fill,RY,BUY,2500.0,100.01,2500.0,mode=mm
787.263,163,fill,RY,SELL,900.0,100.005,1600.0,mode=mm
787.263,163,fill,AC,BUY,649.0,25.085,-1310.0,mode=mm
787.591,163,fill,AC,BUY,1651.0,25.085,341.0,mode=mm
788.126,163,stop,CNR,BUY,4700.0,159.88,-4700.0,loss=6.4t stop=5.0t trend_against=False
788.391,163,fill,CNR,BUY,4200.0,159.825,-500.0,mode=mm
788.394,163,fill,RY,SELL,1700.0,100.03,-100.0,mode=mm
788.564,163,fill,RY,SELL,2400.0,100.03,-2500.0,mode=mm
789.068,164,fill,AC,BUY,2200.0,25.085,2541.0,mode=mm
789.207,164,stop,CNR,BUY,500.0,159.99,-500.0,loss=18.1t stop=5.0t trend_against=False
789.42,164,fill,CNR,BUY,500.0,159.91,0.0,mode=mm
789.42,164,fill,AC,SELL,2500.0,25.085,41.0,mode=mm
789.678,164,fill,RY,BUY,500.0,100.07,-2000.0,mode=mm
789.678,164,fill,AC,BUY,50.0,25.085,91.0,mode=mm
789.882,164,fill,AC,BUY,350.0,25.085,441.0,mode=mm
790.146,164,fill,RY,BUY,400.0,100.07,-1600.0,mode=mm
790.146,164,fill,AC,BUY,200.0,25.085,641.0,mode=mm
790.357,164,fill,AC,BUY,1000.0,25.085,1641.0,mode=mm
790.647,164,fill,RY,SELL,300.0,100.075,-1900.0,mode=mm
790.874,164,fill,RY,BUY,1500.0,100.08,-400.0,mode=mm
790.878,164,fill,AC,SELL,1300.0,25.075,341.0,mode=mm
791.105,164,fill,AC,BUY,1100.0,25.07,1441.0,mode=mm
791.505,164,fill,CNR,BUY,300.0,159.955,300.0,mode=mm
791.505,164,fill,RY,BUY,1300.0,100.055,900.0,mode=mm
791.506,164,fill,AC,SELL,1200.0,25.065,241.0,mode=mm
791.889,164,fill,AC,SELL,100.0,25.06,141.0,mode=mm
792.165,164,fill,RY,BUY,900.0,100.04,1800.0,mode=mm
792.166,164,stop,RY,SELL,1800.0,99.94,1800.0,loss=6.0t stop=5.0t trend_against=False
792.457,164,fill,CNR,BUY,18.0,159.93,318.0,mode=mm
792.457,164,fill,RY,SELL,1800.0,100.015,0.0,mode=mm
792.753,164,fill,CNR,BUY,85.0,159.925,403.0,mode=mm
792.964,164,fill,CNR,BUY,497.0,159.92,900.0,mode=mm
792.964,164,fill,AC,SELL,100.0,25.045,41.0,mode=mm
792.978,164,stop,CNR,SELL,900.0,159.64,900.0,loss=14.7t stop=5.0t trend_against=False
793.263,165,fill,CNR,SELL,900.0,159.71,0.0,mode=mm
793.458,165,fill,AC,BUY,700.0,25.045,741.0,mode=mm
793.838,165,fill,CNR,SELL,300.0,159.705,-300.0,mode=mm
793.838,165,fill,AC,SELL,1300.0,25.04,-559.0,mode=mm
794.195,165,fill,AC,BUY,1300.0,25.045,741.0,mode=mm
794.5,165,fill,AC,BUY,900.0,25.045,1641.0,mode=mm
794.744,165,fill,AC,SELL,600.0,25.045,1041.0,mode=mm
795.466,165,fill,AC,SELL,1300.0,25.045,-259.0,mode=mm
795.722,165,fill,RY,SELL,300.0,99.905,-300.0,mode=mm
796.218,165,fill,AC,BUY,924.0,25.045,665.0,mode=mm
796.47,165,fill,AC,SELL,824.0,25.045,-159.0,mode=mm
796.725,165,fill,RY,SELL,500.0,99.915,-800.0,mode=mm
797.02,165,fill,AC,BUY,1000.0,25.045,841.0,mode=mm
797.283,165,fill,AC,SELL,1100.0,25.045,-259.0,mode=mm
797.533,166,fill,RY,SELL,400.0,99.935,-1200.0,mode=mm
797.533,166,fill,AC,BUY,900.0,25.045,641.0,mode=mm
797.536,166,stop,RY,BUY,1200.0,99.98,-1200.0,loss=9.6t stop=5.0t trend_against=False
797.783,166,fill,RY,BUY,1200.0,99.935,0.0,mode=mm
798.055,166,fill,AC,SELL,100.0,25.045,541.0,mode=mm
798.274,166,fill,AC,BUY,264.0,25.045,805.0,mode=mm
798.512,166,fill,AC,SELL,364.0,25.045,441.0,mode=mm
798.79,166,fill,AC,SELL,100.0,25.045,341.0,mode=mm
799.56,166,fill,RY,BUY,300.0,99.975,300.0,mode=mm
800.336,166,fill,AC,SELL,700.0,25.045,-359.0,mode=mm
800.618,166,fill,CNR,SELL,300.0,159.705,-600.0,mode=mm
800.618,166,fill,RY,BUY,500.0,99.95,800.0,mode=mm
800.618,166,fill,AC,BUY,600.0,25.045,241.0,mode=mm
800.863,166,fill,CNR,SELL,300.0,159.71,-900.0,mode=mm
800.99,166,fill,CNR,SELL,500.0,159.73,-1400.0,mode=mm
800.991,167,stop,CNR,BUY,1400.0,159.85,-1400.0,loss=7.9t stop=5.3t trend_against=False
801.173,167,fill,CNR,SELL,400.0,159.76,-1800.0,mode=mm
801.173,167,fill,RY,BUY,500.0,99.94,1300.0,mode=mm
801.173,167,fill,AC,BUY,600.0,25.045,841.0,mode=mm
801.5,167,fill,CNR,BUY,1800.0,159.895,0.0,mode=mm
801.502,167,fill,AC,SELL,34.0,25.04,807.0,mode=mm
801.684,167,fill,RY,SELL,400.0,99.955,900.0,mode=mm
801.684,167,fill,AC,SELL,1266.0,25.035,-459.0,mode=mm
801.905,167,fill,RY,BUY,200.0,99.955,1100.0,mode=mm
801.906,167,fill,AC,BUY,900.0,25.035,441.0,mode=mm
801.906,167,stop,RY,SELL,1100.0,99.83,1100.0,loss=6.4t stop=5.0t trend_against=False
802.136,167,fill,RY,SELL,1100.0,99.915,0.0,mode=mm
802.137,167,fill,AC,SELL,600.0,25.035,-159.0,mode=mm
802.681,167,fill,AC,SELL,100.0,25.035,-259.0,mode=mm
802.871,167,fill,AC,BUY,1200.0,25.04,941.0,mode=mm
803.125,167,fill,AC,SELL,1100.0,25.045,-159.0,mode=mm
803.392,167,fill,AC,SELL,700.0,25.045,-859.0,mode=mm
804.389,167,fill,RY,SELL,300.0,99.915,-300.0,mode=mm
804.656,167,fill,AC,SELL,300.0,25.05,-1159.0,mode=mm
804.938,167,fill,CNR,BUY,300.0,160.025,300.0,mode=mm
804.973,167,fill,AC,BUY,700.0,25.055,-459.0,mode=mm
805.208,168,fill,AC,BUY,300.0,25.06,-159.0,mode=mm
805.488,168,fill,CNR,SELL,300.0,160.025,0.0,mode=mm
805.488,168,fill,AC,BUY,1200.0,25.07,1041.0,mode=mm
805.699,168,fill,RY,SELL,300.0,99.915,-600.0,mode=mm
806.421,168,fill,RY,SELL,500.0,99.96,-1100.0,mode=mm
807.007,168,fill,CNR,SELL,300.0,160.025,-300.0,mode=mm
807.008,168,fill,RY,SELL,400.0,99.965,-1500.0,mode=mm
807.008,168,fill,AC,BUY,500.0,25.065,1541.0,mode=mm
807.199,168,fill,AC,SELL,800.0,25.065,741.0,mode=mm
807.457,168,fill,AC,BUY,700.0,25.065,1441.0,mode=mm
807.733,168,fill,RY,SELL,300.0,99.985,-1800.0,mode=mm
807.733,168,fill,AC,SELL,700.0,25.06,741.0,mode=mm
807.733,168,stop,RY,BUY,1800.0,100.12,-1800.0,loss=10.3t stop=5.0t trend_against=False
807.992,168,fill,RY,BUY,1800.0,100.025,0.0,mode=mm
808.799,168,fill,CNR,SELL,300.0,160.025,-600.0,mode=mm
809.009,169,fill,CNR,SELL,300.0,160.025,-900.0,mode=mm
809.01,169,fill,AC,BUY,900.0,25.05,1641.0,mode=mm
809.279,169,fill,AC,SELL,1300.0,25.045,341.0,mode=mm
809.989,169,fill,AC,BUY,1100.0,25.035,1441.0,mode=mm
810.298,169,fill,AC,SELL,1200.0,25.035,241.0,mode=mm
810.611,169,fill,CNR,BUY,200.0,160.035,-700.0,mode=mm
810.611,169,fill,RY,BUY,300.0,100.05,300.0,mode=mm
810.864,169,fill,AC,SELL,1200.0,25.03,-959.0,mode=mm
811.047,169,fill,AC,BUY,1100.0,25.03,141.0,mode=mm
811.375,169,fill,CNR,BUY,400.0,160.045,-300.0,mode=mm
811.375,169,fill,AC,SELL,900.0,25.025,-759.0,mode=mm
811.622,169,fill,CNR,SELL,200.0,160.04,-500.0,mode=mm
811.622,169,fill,AC,BUY,1300.0,25.03,541.0,mode=mm
812.065,169,fill,AC,BUY,600.0,25.025,1141.0,mode=mm
812.387,169,fill,CNR,BUY,300.0,160.035,-200.0,mode=mm
812.387,169,fill,AC,BUY,500.0,25.025,1641.0,mode=mm
812.624,169,fill,AC,SELL,800.0,25.025,841.0,mode=mm
812.747,169,fill,AC,SELL,1300.0,25.02,-459.0,mode=mm
813.35,170,fill,RY,SELL,300.0,99.995,0.0,mode=mm
813.35,170,fill,AC,SELL,600.0,25.025,-1059.0,mode=mm
813.723,170,fill,AC,SELL,500.0,25.025,-1559.0,mode=mm
813.97,170,fill,CNR,BUY,250.0,160.035,50.0,mode=mm
813.97,170,fill,RY,SELL,300.0,100.005,-300.0,mode=mm
814.195,170,fill,CNR,BUY,300.0,160.035,350.0,mode=mm
814.195,170,fill,AC,SELL,700.0,25.035,-2259.0,mode=mm
814.393,170,fill,RY,SELL,500.0,100.015,-800.0,mode=mm
814.703,170,fill,AC,BUY,1000.0,25.05,-1259.0,mode=mm
814.896,170,fill,AC,SELL,800.0,25.03,-2059.0,mode=mm
815.171,170,fill,AC,BUY,300.0,25.035,-1759.0,mode=mm
815.458,170,fill,CNR,BUY,300.0,160.025,650.0,mode=mm
815.458,170,fill,AC,BUY,1200.0,25.035,-559.0,mode=mm
815.694,170,fill,RY,BUY,200.0,100.025,-600.0,mode=mm
815.694,170,fill,AC,SELL,600.0,25.055,-1159.0,mode=mm
815.983,170,fill,CNR,BUY,300.0,160.025,950.0,mode=mm
815.983,170,fill,AC,BUY,200.0,25.06,-959.0,mode=mm
816.199,170,fill,AC,BUY,400.0,25.065,-559.0,mode=mm
816.496,170,fill,CNR,BUY,200.0,160.025,1150.0,mode=mm
816.496,170,fill,AC,SELL,1000.0,25.07,-1559.0,mode=mm
816.747,170,fill,CNR,BUY,100.0,159.92,1250.0,mode=mm
816.747,170,fill,AC,BUY,1300.0,25.075,-259.0,mode=mm
817.297,171,fill,CNR,BUY,400.0,159.98,1650.0,mode=mm
817.297,171,fill,AC,BUY,1200.0,25.085,941.0,mode=mm
817.513,171,fill,AC,SELL,200.0,25.08,741.0,mode=mm
817.803,171,fill,CNR,BUY,500.0,159.955,2150.0,mode=mm
817.803,171,fill,AC,BUY,500.0,25.085,1241.0,mode=mm
817.803,171,stop,CNR,SELL,2150.0,159.91,2150.0,loss=17.0t stop=5.0t trend_against=False
818.037,171,fill,CNR,SELL,877.0,159.955,1273.0,mode=mm
818.037,171,fill,RY,SELL,300.0,100.035,-900.0,mode=mm
818.037,171,fill,AC,SELL,800.0,25.08,441.0,mode=mm
818.277,171,fill,AC,SELL,1300.0,25.075,-859.0,mode=mm
818.524,171,fill,AC,SELL,100.0,25.075,-959.0,mode=mm
818.775,171,fill,RY,SELL,200.0,100.05,-1100.0,mode=mm
818.775,171,fill,AC,SELL,500.0,25.075,-1459.0,mode=mm
818.846,171,stop,CNR,SELL,1273.0,159.59,1273.0,loss=20.0t stop=5.8t trend_against=False
819.081,171,fill,CNR,SELL,1273.0,159.675,0.0,mode=mm
819.081,171,fill,RY,BUY,400.0,100.055,-700.0,mode=mm
819.081,171,fill,AC,BUY,800.0,25.075,-659.0,mode=mm
819.487,171,fill,AC,SELL,400.0,25.07,-1059.0,mode=mm
819.761,171,fill,AC,BUY,300.0,25.065,-759.0,mode=mm
820.022,171,fill,RY,SELL,200.0,100.065,-900.0,mode=mm
820.269,171,fill,RY,BUY,400.0,100.065,-500.0,mode=mm
820.269,171,fill,AC,BUY,800.0,25.055,41.0,mode=mm
820.513,171,fill,AC,BUY,1200.0,25.05,1241.0,mode=mm
820.825,171,fill,RY,SELL,300.0,100.065,-800.0,mode=mm
820.825,171,fill,AC,SELL,1200.0,25.045,41.0,mode=mm
822.105,172,fill,RY,BUY,300.0,100.065,-500.0,mode=mm
822.609,172,fill,AC,SELL,1200.0,25.045,-1159.0,mode=mm
822.863,172,fill,RY,BUY,2200.0,100.04,1700.0,mode=mm
822.867,172,fill,AC,BUY,700.0,25.045,-459.0,mode=mm
823.112,172,fill,AC,BUY,200.0,25.045,-259.0,mode=mm
823.374,172,fill,RY,BUY,400.0,100.035,2100.0,mode=mm
823.623,172,fill,RY,SELL,900.0,100.02,1200.0,mode=mm
824.132,172,fill,RY,SELL,1400.0,100.005,-200.0,mode=mm
824.134,172,fill,AC,BUY,100.0,25.035,-159.0,mode=mm
824.657,172,fill,RY,SELL,700.0,100.005,-900.0,mode=mm
825.178,173,fill,RY,SELL,500.0,100.015,-1400.0,mode=mm
825.185,173,stop,RY,BUY,1400.0,100.12,-1400.0,loss=6.6t stop=5.0t trend_against=False
825.43,173,fill,RY,BUY,1400.0,100.045,0.0,mode=mm
825.638,173,fill,AC,SELL,1100.0,25.03,-1259.0,mode=mm
825.921,173,fill,AC,BUY,400.0,25.035,-859.0,mode=mm
826.137,173,fill,AC,BUY,1300.0,25.05,441.0,mode=mm
826.685,173,fill,RY,BUY,600.0,100.05,600.0,mode=mm
826.685,173,fill,AC,BUY,600.0,25.045,1041.0,mode=mm
826.921,173,fill,AC,BUY,800.0,25.03,1841.0,mode=mm
827.153,173,fill,RY,BUY,500.0,100.035,1100.0,mode=mm
827.153,173,fill,AC,SELL,1300.0,25.03,541.0,mode=mm
827.456,173,fill,RY,SELL,400.0,100.03,700.0,mode=mm
827.715,173,fill,AC,SELL,1300.0,25.035,-759.0,mode=mm
828.224,173,fill,AC,BUY,400.0,25.04,-359.0,mode=mm
828.478,173,fill,AC,BUY,1200.0,25.04,841.0,mode=mm
828.767,173,fill,RY,BUY,400.0,100.01,1100.0,mode=mm
828.968,173,fill,RY,BUY,400.0,100.005,1500.0,mode=mm
829.514,174,fill,RY,SELL,400.0,100.005,1100.0,mode=mm
829.741,174,fill,AC,SELL,2600.0,25.055,-1759.0,mode=mm
829.991,174,fill,AC,BUY,800.0,25.055,-959.0,mode=mm
830.261,174,fill,RY,SELL,700.0,100.015,400.0,mode=mm
831.046,174,fill,RY,BUY,300.0,100.025,700.0,mode=mm
831.56,174,fill,AC,BUY,400.0,25.05,-559.0,mode=mm
831.83,174,fill,AC,SELL,1000.0,25.045,-1559.0,mode=mm
832.12,174,fill,CNR,SELL,300.0,159.645,-300.0,mode=mm
832.12,174,fill,RY,BUY,200.0,100.025,900.0,mode=mm
832.302,174,fill,RY,SELL,300.0,100.025,600.0,mode=mm
832.577,174,fill,CNR,SELL,143.0,159.645,-443.0,mode=mm
832.578,174,fill,RY,BUY,200.0,100.035,800.0,mode=mm
832.578,174,fill,AC,SELL,700.0,25.055,-2259.0,mode=mm
833.331,175,fill,AC,BUY,1500.0,25.055,-759.0,mode=mm
833.837,175,fill,AC,BUY,1300.0,25.055,541.0,mode=mm
834.082,175,fill,AC,SELL,1300.0,25.05,-759.0,mode=mm
834.354,175,fill,RY,BUY,200.0,100.045,1000.0,mode=mm
834.354,175,fill,AC,BUY,850.0,25.045,91.0,mode=mm
834.888,175,fill,RY,BUY,200.0,100.045,1200.0,mode=mm
835.114,175,fill,RY,BUY,400.0,100.02,1600.0,mode=mm
835.676,175,fill,CNR,SELL,156.0,159.645,-599.0,mode=mm
835.676,175,fill,RY,SELL,700.0,99.985,900.0,mode=mm
837.15,176,fill,AC,BUY,700.0,25.055,791.0,mode=mm
843.051,177,fill,CNR,SELL,300.0,159.645,-899.0,mode=mm
843.52,177,fill,AC,BUY,500.0,25.055,1291.0,mode=mm
845.358,178,fill,CNR,SELL,400.0,159.665,-1299.0,mode=mm
845.576,178,fill,CNR,SELL,200.0,159.665,-1499.0,mode=mm
846.134,178,stop,CNR,BUY,1499.0,159.75,-1499.0,loss=5.1t stop=5.0t trend_against=False
846.411,178,fill,CNR,BUY,1499.0,159.7,0.0,mode=mm
852.278,179,fill,CNR,BUY,1200.0,159.73,1200.0,mode=mm
856.411,180,fill,CNR,BUY,800.0,159.73,2000.0,mode=mm
856.635,180,fill,CNR,SELL,1400.0,159.73,600.0,mode=mm
861.223,182,fill,CNR,SELL,1300.0,159.73,-700.0,mode=mm
861.739,182,fill,CNR,BUY,400.0,159.735,-300.0,mode=mm
861.986,182,fill,CNR,SELL,600.0,159.735,-900.0,mode=mm
862.257,182,fill,CNR,SELL,500.0,159.745,-1400.0,mode=mm
862.958,182,fill,CNR,SELL,700.0,159.77,-2100.0,mode=mm
863.263,182,fill,CNR,BUY,1400.0,159.77,-700.0,mode=mm
863.511,182,fill,CNR,BUY,1500.0,159.77,800.0,mode=mm
864.308,182,fill,CNR,BUY,900.0,159.785,1700.0,mode=mm
864.587,182,fill,CNR,SELL,1300.0,159.785,400.0,mode=mm
864.865,182,fill,CNR,SELL,1300.0,159.785,-900.0,mode=mm
866.092,183,fill,CNR,SELL,500.0,159.845,-1400.0,mode=mm
866.35,183,fill,CNR,SELL,1600.0,159.85,-3000.0,mode=mm
868.611,183,fill,CNR,SELL,100.0,159.87,-3100.0,mode=mm
868.612,183,stop,CNR,BUY,3100.0,159.94,-3100.0,loss=5.1t stop=5.0t trend_against=False
868.941,183,fill,CNR,BUY,3100.0,159.88,0.0,mode=mm
871.151,184,fill,CNR,BUY,206.0,159.89,206.0,mode=mm
871.901,184,fill,CNR,BUY,300.0,159.87,506.0,mode=mm
872.152,184,fill,CNR,BUY,300.0,159.865,806.0,mode=mm
872.669,184,fill,CNR,SELL,87.0,159.865,719.0,mode=mm
873.675,185,fill,CNR,SELL,313.0,159.865,406.0,mode=mm
873.925,185,fill,CNR,SELL,300.0,159.87,106.0,mode=mm
875.469,185,fill,CNR,BUY,300.0,159.955,406.0,mode=mm
875.708,185,fill,CNR,SELL,300.0,159.965,106.0,mode=mm
875.963,185,fill,CNR,SELL,300.0,159.97,-194.0,mode=mm
877.543,186,fill,CNR,SELL,51.0,159.985,-245.0,mode=mm
878.53,186,fill,CNR,BUY,51.0,159.985,-194.0,mode=mm
879.325,186,fill,CNR,SELL,300.0,159.985,-494.0,mode=mm
882.146,187,fill,CNR,SELL,300.0,159.98,-794.0,mode=mm
882.653,187,fill,CNR,SELL,200.0,160.02,-994.0,mode=mm
882.876,187,stop,CNR,BUY,994.0,160.13,-994.0,loss=7.2t stop=5.0t trend_against=False
883.157,187,fill,CNR,BUY,994.0,160.065,0.0,mode=mm
884.937,187,fill,CNR,BUY,300.0,160.1,300.0,mode=mm
884.938,187,stop,CNR,SELL,300.0,159.91,300.0,loss=11.0t stop=5.0t trend_against=False
885.266,187,fill,CNR,SELL,300.0,160.01,0.0,mode=mm
886.301,188,fill,CNR,SELL,200.0,160.035,-200.0,mode=mm
886.533,188,fill,CNR,BUY,200.0,160.045,0.0,mode=mm
886.791,188,fill,CNR,SELL,200.0,159.88,-200.0,mode=mm
886.792,188,stop,CNR,BUY,200.0,160.21,-200.0,loss=19.0t stop=14.7t trend_against=False
887.083,188,fill,CNR,BUY,200.0,160.145,0.0,mode=mm
888.316,188,fill,CNR,BUY,200.0,160.025,200.0,mode=mm
888.771,188,fill,CNR,BUY,300.0,159.84,500.0,mode=mm
889.809,189,fill,CNR,BUY,500.0,159.715,1000.0,mode=mm
890.08,189,fill,CNR,SELL,900.0,159.675,100.0,mode=mm
890.351,189,fill,CNR,BUY,200.0,159.84,300.0,mode=mm
890.594,189,fill,CNR,SELL,500.0,159.645,-200.0,mode=mm
890.912,189,fill,CNR,BUY,600.0,159.945,400.0,mode=mm
891.372,189,fill,CNR,SELL,300.0,159.615,100.0,mode=mm
892.2,189,fill,CNR,SELL,600.0,159.935,-500.0,mode=mm
893.085,189,fill,CNR,SELL,500.0,160.055,-1000.0,mode=mm
893.443,190,fill,CNR,BUY,700.0,160.155,-300.0,mode=mm
893.885,190,fill,CNR,SELL,500.0,159.97,-800.0,mode=mm
894.188,190,fill,CNR,BUY,1000.0,160.04,200.0,mode=mm
894.637,190,fill,CNR,SELL,300.0,159.925,-100.0,mode=mm
894.993,190,fill,CNR,BUY,900.0,159.965,800.0,mode=mm
895.719,190,fill,CNR,SELL,400.0,159.88,400.0,mode=mm
896.482,190,fill,CNR,SELL,600.0,159.93,-200.0,mode=mm
896.938,190,fill,CNR,SELL,300.0,159.975,-500.0,mode=mm
897.223,191,fill,CNR,SELL,300.0,159.975,-800.0,mode=mm
897.712,191,fill,CNR,SELL,200.0,160.045,-1000.0,mode=mm
897.975,191,fill,CNR,SELL,100.0,160.09,-1100.0,mode=mm
899.071,191,stop,CNR,BUY,1100.0,160.25,-1100.0,loss=18.3t stop=17.3t trend_against=False
899.308,191,fill,CNR,BUY,1900.0,160.195,800.0,mode=mm
899.523,191,fill,CNR,SELL,200.0,160.1,600.0,mode=mm
899.749,191,fill,CNR,BUY,100.0,160.11,700.0,mode=mm
900.905,191,fill,CNR,SELL,400.0,160.095,300.0,mode=mm
901.48,192,fill,CNR,BUY,500.0,160.095,800.0,mode=mm
902.262,192,fill,CNR,BUY,400.0,160.085,1200.0,mode=mm
902.534,192,fill,CNR,BUY,200.0,160.085,1400.0,mode=mm
903.024,192,stop,CNR,SELL,1400.0,159.86,1400.0,loss=16.1t stop=14.6t trend_against=False
903.302,192,fill,CNR,SELL,1400.0,159.935,0.0,mode=mm
907.931,193,fill,CNR,BUY,300.0,159.885,300.0,mode=mm
908.245,193,fill,CNR,SELL,514.0,159.88,-214.0,mode=mm
908.745,193,fill,CNR,BUY,229.0,159.88,15.0,mode=mm
909.691,194,fill,CNR,BUY,271.0,159.875,286.0,mode=mm
910.208,194,fill,CNR,BUY,300.0,159.855,586.0,mode=mm
910.914,194,fill,AC,BUY,800.0,25.055,2091.0,mode=mm
911.488,194,fill,CNR,SELL,300.0,159.835,286.0,mode=mm
911.811,194,fill,CNR,SELL,300.0,159.835,-14.0,mode=mm
912.051,194,fill,CNR,SELL,300.0,159.845,-314.0,mode=mm
912.054,194,stop,CNR,BUY,314.0,160.0,-314.0,loss=8.8t stop=5.0t trend_against=False
912.25,194,fill,CNR,BUY,314.0,159.9,0.0,mode=mm
914.343,195,fill,CNR,BUY,600.0,159.98,600.0,mode=mm
918.085,196,fill,CNR,SELL,308.0,159.975,292.0,mode=mm
918.387,196,fill,CNR,SELL,92.0,159.98,200.0,mode=mm
921.424,197,fill,CNR,SELL,600.0,159.985,-400.0,mode=mm
921.935,197,fill,CNR,SELL,500.0,160.0,-900.0,mode=mm
922.939,197,fill,CNR,SELL,400.0,160.015,-1300.0,mode=mm
924.722,197,fill,CNR,SELL,200.0,160.045,-1500.0,mode=mm
925.993,198,fill,CNR,SELL,200.0,160.055,-1700.0,mode=mm
925.995,198,stop,CNR,BUY,1700.0,160.11,-1700.0,loss=5.2t stop=5.0t trend_against=False
926.261,198,fill,CNR,BUY,1700.0,160.06,0.0,mode=mm
929.816,199,fill,CNR,SELL,169.0,160.095,-169.0,mode=mm
930.571,199,fill,CNR,SELL,300.0,160.105,-469.0,mode=mm
931.109,199,fill,CNR,SELL,300.0,160.115,-769.0,mode=mm
931.637,199,fill,CNR,SELL,200.0,160.13,-969.0,mode=mm
931.64,199,stop,CNR,BUY,969.0,160.19,-969.0,loss=5.7t stop=5.0t trend_against=False
931.911,199,fill,CNR,BUY,969.0,160.145,0.0,mode=mm
933.852,200,fill,RY,SELL,1300.0,100.005,-400.0,mode=mm
934.121,200,fill,RY,SELL,1000.0,100.015,-1400.0,mode=mm
934.372,200,fill,RY,SELL,700.0,100.025,-2100.0,mode=mm
934.591,200,fill,RY,SELL,300.0,100.035,-2400.0,mode=mm
935.104,200,fill,RY,SELL,300.0,100.055,-2700.0,mode=mm
935.385,200,stop,RY,BUY,2700.0,100.12,-2700.0,loss=5.1t stop=5.0t trend_against=False
935.635,200,fill,RY,BUY,2400.0,100.085,-300.0,mode=mm
936.401,200,stop,RY,BUY,300.0,100.17,-300.0,loss=5.6t stop=5.0t trend_against=False
936.615,200,fill,RY,BUY,300.0,100.115,0.0,mode=mm
939.5,201,dir_enter,RY,LONG,11997.0,100.235,0.0,gap=14.0t thr=12.0t er=1.00 vol=0.7
939.733,201,fill,CNR,SELL,300.0,160.185,-300.0,mode=mm
939.733,201,fill,RY,BUY,5000.0,100.235,5000.0,mode=dir
940.3,201,fill,CNR,BUY,300.0,160.18,0.0,mode=mm
940.72,201,fill,RY,BUY,2600.0,100.275,7600.0,mode=dir
942.238,202,fill,RY,BUY,5000.0,100.335,12600.0,mode=dir
944.809,202,fill,RY,BUY,2600.0,100.435,15200.0,mode=dir
947.378,203,fill,CNR,BUY,100.0,160.19,100.0,mode=mm
947.378,203,fill,RY,BUY,200.0,100.545,15400.0,mode=dir
948.964,203,stop,CNR,SELL,100.0,160.06,100.0,loss=6.0t stop=5.0t trend_against=False
949.215,203,fill,CNR,SELL,100.0,160.11,0.0,mode=mm
950.435,204,fill,RY,BUY,4596.0,100.695,19996.0,mode=dir
953.778,205,fill,AC,SELL,66.0,25.055,2025.0,mode=mm
954.017,205,fill,AC,SELL,887.0,25.055,1138.0,mode=mm
954.235,205,fill,RY,BUY,500.0,101.035,20496.0,mode=dir
956.797,205,fill,RY,BUY,453.0,101.27,20949.0,mode=dir
962.272,207,fill,CNR,BUY,300.0,160.07,300.0,mode=mm
963.554,207,fill,CNR,BUY,100.0,160.07,400.0,mode=mm
963.802,207,fill,CNR,SELL,300.0,160.11,100.0,mode=mm
964.574,207,fill,CNR,BUY,100.0,160.095,200.0,mode=mm
965.064,207,fill,CNR,SELL,400.0,160.08,-200.0,mode=mm
968.434,208,stop,CNR,BUY,200.0,160.2,-200.0,loss=6.0t stop=5.9t trend_against=False
968.71,208,fill,CNR,BUY,200.0,160.145,0.0,mode=mm
968.71,208,fill,AC,SELL,100.0,25.055,1038.0,mode=mm
968.984,208,fill,CNR,SELL,100.0,160.135,-100.0,mode=mm
968.984,208,fill,AC,SELL,563.0,25.055,475.0,mode=mm
969.697,209,fill,CNR,BUY,100.0,160.165,0.0,mode=mm
969.697,209,fill,RY,BUY,463.0,103.725,21412.0,mode=dir
969.698,209,fill,AC,SELL,100.0,25.065,375.0,mode=mm
970.169,209,fill,AC,SELL,100.0,25.08,275.0,mode=mm
970.404,209,fill,AC,SELL,300.0,25.09,-25.0,mode=mm
972.464,209,fill,CNR,BUY,600.0,160.1,600.0,mode=mm
972.465,209,fill,RY,BUY,300.0,104.845,21712.0,mode=dir
973.574,210,fill,CNR,SELL,600.0,160.115,0.0,mode=mm
973.72,210,fill,AC,SELL,100.0,25.08,-125.0,mode=mm
973.99,210,fill,RY,BUY,350.0,105.505,22062.0,mode=dir
975.275,210,fill,AC,BUY,300.0,25.095,175.0,mode=mm
975.586,210,fill,CNR,BUY,600.0,160.095,600.0,mode=mm
975.588,210,stop,CNR,SELL,600.0,160.07,600.0,loss=6.0t stop=5.0t trend_against=False
975.851,210,fill,CNR,SELL,600.0,160.11,0.0,mode=mm
977.054,210,fill,AC,SELL,100.0,25.065,75.0,mode=mm
978.12,211,fill,AC,SELL,300.0,25.08,-225.0,mode=mm
979.663,211,fill,AC,BUY,100.0,25.065,-125.0,mode=mm
979.922,211,fill,AC,BUY,300.0,25.105,175.0,mode=mm
980.69,211,fill,AC,SELL,100.0,25.065,75.0,mode=mm
981.19,211,fill,AC,SELL,300.0,25.075,-225.0,mode=mm
984.049,212,fill,CNR,SELL,500.0,160.03,-500.0,mode=mm
984.05,212,stop,CNR,BUY,500.0,160.08,-500.0,loss=7.0t stop=6.8t trend_against=False
984.274,212,fill,CNR,BUY,500.0,160.03,0.0,mode=mm
987.417,213,fill,CNR,BUY,300.0,160.075,300.0,mode=mm
988.568,213,fill,CNR,SELL,63.0,160.07,237.0,mode=mm
990.178,214,fill,CNR,BUY,400.0,160.07,637.0,mode=mm
990.18,214,stop,CNR,SELL,637.0,160.02,637.0,loss=5.6t stop=5.0t trend_against=False
990.417,214,fill,CNR,SELL,637.0,160.065,0.0,mode=mm
1002.084,217,fill,AC,BUY,100.0,25.095,-125.0,mode=mm
1002.371,217,fill,AC,BUY,200.0,25.1,75.0,mode=mm
1004.153,217,dir_exit,RY,,22062.0,114.3132,22062.0,fast trail 17790>89t
1004.431,217,fill,RY,SELL,5000.0,114.3132,17062.0,mode=cut
1004.665,217,fill,AC,SELL,1600.0,25.1,-1525.0,mode=mm
1004.892,217,fill,AC,SELL,1900.0,25.1,-3425.0,mode=mm
1005.441,218,fill,RY,SELL,5000.0,359.805,12062.0,mode=cut
1005.807,218,fill,CNR,SELL,1100.0,159.875,-1100.0,mode=mm
1006.028,218,fill,CNR,SELL,500.0,159.885,-1600.0,mode=mm
1006.028,218,fill,AC,BUY,4100.0,25.095,675.0,mode=mm
1006.241,218,fill,CNR,BUY,518.0,159.925,-1082.0,mode=mm
1006.241,218,fill,AC,SELL,500.0,25.1,175.0,mode=mm
1006.463,218,fill,RY,SELL,5000.0,114.3132,7062.0,mode=cut
1006.463,218,fill,AC,SELL,3000.0,25.09,-2825.0,mode=mm
1006.707,218,fill,CNR,BUY,100.0,159.895,-982.0,mode=mm
1006.707,218,fill,AC,BUY,2000.0,25.095,-825.0,mode=mm
1006.953,218,fill,AC,BUY,3000.0,25.1,2175.0,mode=mm
1007.209,218,fill,AC,BUY,800.0,25.105,2975.0,mode=mm
1007.508,218,fill,CNR,SELL,700.0,159.87,-1682.0,mode=mm
1007.508,218,fill,RY,SELL,5000.0,114.3132,2062.0,mode=cut
1007.508,218,fill,AC,BUY,1600.0,25.1,4575.0,mode=mm
1008.274,218,fill,CNR,BUY,4000.0,159.905,2318.0,mode=mm
1008.276,218,fill,AC,SELL,4300.0,25.07,275.0,mode=mm
1008.503,218,fill,CNR,BUY,1000.0,159.91,3318.0,mode=mm
1008.505,218,fill,RY,SELL,2062.0,114.3132,0.0,mode=cut
1008.506,218,fill,AC,SELL,200.0,25.09,75.0,mode=mm
1008.506,218,stop,AC,SELL,75.0,25.04,75.0,loss=6.0t stop=5.0t trend_against=False
1008.76,218,fill,CNR,SELL,1000.0,159.895,2318.0,mode=mm
1008.76,218,fill,AC,SELL,75.0,25.085,0.0,mode=mm
1009.077,218,fill,CNR,SELL,3000.0,159.905,-682.0,mode=mm
1009.294,218,fill,CNR,SELL,500.0,159.91,-1182.0,mode=mm
1009.519,219,fill,AC,SELL,1800.0,25.105,-1800.0,mode=mm
1009.788,219,fill,AC,BUY,2547.0,25.07,747.0,mode=mm
1010.086,219,fill,CNR,SELL,3300.0,159.86,-4482.0,mode=mm
1010.086,219,fill,AC,SELL,300.0,25.05,447.0,mode=mm
1010.262,219,fill,AC,SELL,4700.0,25.055,-4253.0,mode=mm
1010.84,219,fill,CNR,BUY,2355.0,159.86,-2127.0,mode=mm
1010.842,219,fill,AC,SELL,100.0,25.055,-4353.0,mode=mm
1010.842,219,stop,AC,BUY,4353.0,25.16,-4353.0,loss=6.0t stop=5.0t trend_against=False
1011.007,219,fill,AC,BUY,4353.0,25.085,0.0,mode=mm
1012.049,219,fill,AC,BUY,1800.0,25.105,1800.0,mode=mm
1012.36,219,fill,CNR,BUY,1200.0,159.86,-927.0,mode=mm
1012.361,219,fill,AC,BUY,900.0,25.11,2700.0,mode=mm
1012.546,219,fill,AC,SELL,500.0,25.105,2200.0,mode=mm
1012.546,219,stop,AC,SELL,2200.0,25.07,2200.0,loss=5.6t stop=5.0t trend_against=False
1012.783,219,fill,AC,SELL,2200.0,25.115,0.0,mode=mm
1013.121,219,fill,CNR,SELL,1700.0,159.855,-2627.0,mode=mm
1013.611,220,fill,CNR,BUY,1800.0,159.855,-827.0,mode=mm
1014.386,220,fill,CNR,SELL,1282.0,159.855,-2109.0,mode=mm
1014.641,220,fill,CNR,BUY,2200.0,159.86,91.0,mode=mm
1014.894,220,fill,CNR,SELL,3000.0,159.86,-2909.0,mode=mm
1015.66,220,fill,CNR,BUY,3200.0,159.865,291.0,mode=mm
1015.931,220,fill,CNR,BUY,700.0,159.865,991.0,mode=mm
1016.178,220,fill,AC,BUY,1720.0,25.11,1720.0,mode=mm
1016.703,220,fill,CNR,BUY,819.0,159.855,1810.0,mode=mm
1016.703,220,fill,AC,BUY,780.0,25.125,2500.0,mode=mm
1016.971,220,fill,CNR,SELL,4019.0,159.855,-2209.0,mode=mm
1017.204,221,fill,CNR,BUY,3200.0,159.855,991.0,mode=mm
1018.211,221,fill,CNR,SELL,2700.0,159.93,-1709.0,mode=mm
1019.05,221,fill,CNR,SELL,2800.0,159.935,-4509.0,mode=mm
1019.052,221,stop,CNR,BUY,4509.0,160.13,-4509.0,loss=8.9t stop=5.0t trend_against=False
1019.244,221,fill,CNR,BUY,4509.0,160.01,0.0,mode=mm
1033.287,225,fill,CNR,SELL,1150.0,160.045,-1150.0,mode=mm
1053.71,230,fill,CNR,BUY,1761.0,160.045,611.0,mode=mm
1054.19,230,fill,CNR,SELL,669.0,160.045,-58.0,mode=mm
1054.692,230,fill,CNR,BUY,1539.0,160.045,1481.0,mode=mm
1055.19,230,fill,CNR,SELL,1331.0,160.045,150.0,mode=mm
1056.97,230,fill,CNR,BUY,1800.0,160.045,1950.0,mode=mm
1057.222,230,fill,CNR,SELL,3000.0,160.045,-1050.0,mode=mm
1058.267,231,fill,CNR,SELL,1700.0,160.045,-2750.0,mode=mm
1058.527,231,fill,CNR,BUY,1500.0,160.045,-1250.0,mode=mm
1060.031,231,fill,CNR,BUY,3300.0,160.045,2050.0,mode=mm
1061.32,232,fill,CNR,BUY,1600.0,160.045,3650.0,mode=mm
1061.545,232,fill,CNR,BUY,900.0,160.045,4550.0,mode=mm
1062.35,232,fill,CNR,BUY,616.0,160.045,5166.0,mode=mm
1064.401,232,stop,CNR,SELL,5000.0,159.93,5166.0,loss=6.9t stop=5.0t trend_against=False
1064.671,232,fill,CNR,SELL,4550.0,159.985,616.0,mode=mm
1065.438,233,stop,CNR,SELL,616.0,159.87,616.0,loss=8.3t stop=5.0t trend_against=False
1065.823,233,fill,CNR,SELL,616.0,159.935,0.0,mode=mm
1071.806,234,fill,CNR,SELL,198.0,159.75,-198.0,mode=mm
1075.431,235,fill,CNR,BUY,660.0,159.72,462.0,mode=mm
1075.896,235,fill,CNR,BUY,1200.0,159.71,1662.0,mode=mm
1077.151,235,stop,CNR,SELL,1662.0,159.59,1662.0,loss=5.6t stop=5.0t trend_against=False
1077.445,236,fill,CNR,SELL,862.0,159.66,800.0,mode=mm
1078.228,236,stop,CNR,SELL,800.0,159.57,800.0,loss=5.8t stop=5.0t trend_against=False
1078.423,236,fill,CNR,SELL,800.0,159.66,0.0,mode=mm
1082.308,237,fill,CNR,SELL,1450.0,159.605,-1450.0,mode=mm
1083.002,237,fill,CNR,SELL,500.0,159.61,-1950.0,mode=mm
1085.167,237,fill,CNR,SELL,600.0,159.61,-2550.0,mode=mm
1085.854,238,fill,CNR,BUY,1900.0,159.625,-650.0,mode=mm
1086.4,238,fill,CNR,BUY,1033.0,159.615,383.0,mode=mm
1087.657,238,fill,CNR,BUY,1300.0,159.61,1683.0,mode=mm
1088.903,238,fill,CNR,BUY,239.0,159.615,1922.0,mode=mm
1089.152,238,fill,CNR,BUY,800.0,159.615,2722.0,mode=mm
1090.425,239,fill,CNR,BUY,600.0,159.59,3322.0,mode=mm
1094.721,240,stop,CNR,SELL,3322.0,159.49,3322.0,loss=5.1t stop=5.0t trend_against=False
1095.006,240,fill,CNR,SELL,3322.0,159.535,0.0,mode=mm
1099.127,241,fill,CNR,SELL,300.0,159.515,-300.0,mode=mm
1099.429,241,fill,CNR,SELL,1000.0,159.52,-1300.0,mode=mm
1099.637,241,fill,CNR,BUY,800.0,159.525,-500.0,mode=mm
1107.527,243,fill,CNR,SELL,500.0,159.455,-1000.0,mode=mm
1107.752,243,fill,CNR,SELL,700.0,159.455,-1700.0,mode=mm
1108.319,243,fill,CNR,SELL,1400.0,159.455,-3100.0,mode=mm
1109.619,244,fill,CNR,BUY,3800.0,159.465,700.0,mode=mm
1110.338,244,fill,CNR,SELL,3800.0,159.48,-3100.0,mode=mm
1111.387,244,fill,CNR,SELL,1000.0,159.485,-4100.0,mode=mm
1111.922,244,fill,CNR,BUY,100.0,159.505,-4000.0,mode=mm
1112.185,244,fill,CNR,SELL,1200.0,159.505,-5200.0,mode=mm
1112.688,244,fill,CNR,BUY,4500.0,159.515,-700.0,mode=mm
1112.911,244,fill,CNR,SELL,800.0,159.525,-1500.0,mode=mm
1113.156,244,fill,CNR,SELL,100.0,159.525,-1600.0,mode=mm
1116.726,245,stop,CNR,BUY,1600.0,159.56,-1600.0,loss=5.7t stop=5.0t trend_against=False
1117.06,245,fill,CNR,BUY,1600.0,159.51,0.0,mode=mm
1118.787,246,fill,AC,SELL,5000.0,25.105,-2500.0,mode=mm
1139.216,251,fill,CNR,SELL,1500.0,159.355,-1500.0,mode=mm
1142.483,252,fill,CNR,SELL,900.0,159.345,-2400.0,mode=mm
1153.507,254,fill,CNR,SELL,1376.0,159.325,-3776.0,mode=mm
1153.718,255,fill,CNR,BUY,3066.0,159.34,-710.0,mode=mm
1154.523,255,fill,CNR,SELL,3730.0,159.35,-4440.0,mode=mm
1154.76,255,fill,CNR,SELL,170.0,159.355,-4610.0,mode=mm
1155.299,255,fill,CNR,BUY,5000.0,159.38,390.0,mode=mm
1159.11,256,fill,CNR,SELL,5000.0,159.36,-4610.0,mode=mm
1159.601,256,fill,CNR,BUY,707.0,159.355,-3903.0,mode=mm
1159.877,256,fill,CNR,BUY,2700.0,159.355,-1203.0,mode=mm
1167.382,258,fill,CNR,BUY,1800.0,159.355,597.0,mode=mm
1170.065,259,fill,CNR,SELL,3500.0,159.35,-2903.0,mode=mm
1170.297,259,fill,CNR,BUY,1400.0,159.345,-1503.0,mode=mm
1170.582,259,fill,CNR,BUY,2600.0,159.345,1097.0,mode=mm
1171.343,259,fill,CNR,BUY,700.0,159.345,1797.0,mode=mm
1172.622,259,fill,CNR,BUY,2700.0,159.35,4497.0,mode=mm
1172.841,259,fill,CNR,SELL,3200.0,159.345,1297.0,mode=mm
1173.13,259,fill,CNR,SELL,1800.0,159.345,-503.0,mode=mm
1174.465,260,fill,CNR,SELL,700.0,159.37,-1203.0,mode=mm
1174.681,260,fill,CNR,SELL,3500.0,159.37,-4703.0,mode=mm
1175.24,260,fill,CNR,BUY,5000.0,159.375,297.0,mode=mm
1177.245,260,fill,RY,BUY,1500.0,429.555,1500.0,mode=mm
1177.504,261,fill,CNR,SELL,1437.0,159.415,-1140.0,mode=mm
1177.734,261,fill,CNR,SELL,2200.0,159.4,-3340.0,mode=mm
1177.737,261,dir_enter,RY,LONG,9748.0,429.555,1500.0,gap=16483.8t thr=82.6t er=1.00 vol=16.5
1177.947,261,fill,CNR,BUY,4000.0,159.4,660.0,mode=mm
1178.94,261,fill,CNR,BUY,1600.0,159.395,2260.0,mode=mm
1179.702,261,fill,CNR,SELL,1900.0,159.395,360.0,mode=mm
1180.268,261,fill,CNR,SELL,100.0,159.395,260.0,mode=mm
1180.457,261,fill,CNR,BUY,2600.0,159.395,2860.0,mode=mm
1180.81,261,fill,CNR,SELL,2900.0,159.395,-40.0,mode=mm
1181.043,261,fill,CNR,SELL,100.0,159.395,-140.0,mode=mm
1181.548,262,dir_exit,RY,,1500.0,221.5775,1500.0,fast trail 21219>110t
1181.572,262,fill,CNR,SELL,735.0,159.395,-875.0,mode=mm
1181.84,262,fill,CNR,BUY,835.0,159.395,-40.0,mode=mm
1181.84,262,fill,RY,SELL,809.0,221.5775,691.0,mode=cut
1182.296,262,fill,CNR,BUY,3000.0,159.395,2960.0,mode=mm
1182.577,262,fill,CNR,SELL,1100.0,159.395,1860.0,mode=mm
1182.813,262,fill,RY,SELL,691.0,433.77,0.0,mode=cut
1183.062,262,fill,CNR,BUY,1600.0,159.395,3460.0,mode=mm
1183.59,262,fill,CNR,SELL,1800.0,159.395,1660.0,mode=mm
1184.55,262,fill,CNR,BUY,650.0,159.395,2310.0,mode=mm
1186.416,263,fill,CNR,BUY,1300.0,159.395,3610.0,mode=mm
1187.223,263,fill,CNR,SELL,3300.0,159.375,310.0,mode=mm
1188.764,263,fill,CNR,SELL,3100.0,159.34,-2790.0,mode=mm
1189.049,263,fill,CNR,BUY,1792.0,159.335,-998.0,mode=mm
1189.305,263,fill,CNR,BUY,908.0,159.335,-90.0,mode=mm
1189.529,263,fill,CNR,SELL,2100.0,159.33,-2190.0,mode=mm
1190.028,264,fill,CNR,BUY,2860.0,159.325,670.0,mode=mm
1190.03,264,fill,AC,SELL,2100.0,25.12,-4600.0,mode=mm
1191.07,264,fill,CNR,SELL,2800.0,159.315,-2130.0,mode=mm
1191.255,264,fill,AC,SELL,100.0,25.165,-4700.0,mode=mm
1191.255,264,stop,AC,BUY,4700.0,25.23,-4700.0,loss=6.4t stop=5.0t trend_against=False
1191.581,264,fill,CNR,BUY,2300.0,159.31,170.0,mode=mm
1191.582,264,fill,AC,BUY,4700.0,25.175,0.0,mode=mm
1193.131,264,fill,CNR,SELL,3600.0,159.3,-3430.0,mode=mm
1193.305,264,fill,CNR,BUY,3000.0,159.295,-430.0,mode=mm
1193.819,265,fill,CNR,BUY,1700.0,159.295,1270.0,mode=mm
1194.154,265,fill,CNR,SELL,2500.0,159.295,-1230.0,mode=mm
1194.381,265,fill,CNR,BUY,2700.0,159.3,1470.0,mode=mm
1194.594,265,fill,CNR,SELL,2571.0,159.3,-1101.0,mode=mm
1195.396,265,dir_enter,AC,LONG,12591.0,25.335,0.0,gap=14.0t thr=12.0t er=1.00 vol=0.7
1195.636,265,fill,AC,BUY,1800.0,25.335,1800.0,mode=dir
1195.892,265,fill,AC,BUY,2684.0,25.345,4484.0,mode=dir
1196.64,265,fill,AC,BUY,733.0,25.375,5217.0,mode=dir
1196.859,265,fill,AC,BUY,1900.0,25.385,7117.0,mode=dir
1197.46,265,fill,CNR,SELL,3400.0,159.295,-4501.0,mode=mm
1197.669,266,fill,CNR,BUY,3400.0,159.295,-1101.0,mode=mm
1197.669,266,fill,AC,BUY,109.0,25.425,7226.0,mode=dir
1198.153,266,fill,CNR,BUY,1600.0,159.295,499.0,mode=mm
1198.156,266,fill,AC,BUY,1200.0,25.445,8426.0,mode=dir
1198.384,266,fill,AC,BUY,700.0,25.455,9126.0,mode=dir
1198.946,266,fill,CNR,SELL,3100.0,159.29,-2601.0,mode=mm
1199.719,266,fill,CNR,BUY,5000.0,159.285,2399.0,mode=mm
1199.719,266,fill,AC,BUY,100.0,25.505,9226.0,mode=dir
1200.964,266,fill,AC,BUY,1800.0,25.555,11026.0,mode=dir
1202.24,267,fill,CNR,BUY,400.0,159.31,2799.0,mode=mm
1202.24,267,fill,AC,BUY,3100.0,25.605,14126.0,mode=dir
1203.879,267,fill,CNR,SELL,100.0,159.285,2699.0,mode=mm
1204.808,267,fill,AC,BUY,1900.0,25.705,16026.0,mode=dir
1207.123,268,fill,AC,BUY,400.0,25.795,16426.0,mode=dir
1209.705,269,fill,CNR,SELL,2500.0,159.375,199.0,mode=mm
1209.708,269,fill,AC,BUY,200.0,25.905,16626.0,mode=dir
1209.991,269,fill,CNR,BUY,1000.0,159.375,1199.0,mode=mm
1209.991,269,fill,AC,BUY,1300.0,25.915,17926.0,mode=dir
1212.451,269,fill,AC,BUY,300.0,26.015,18226.0,mode=dir
1212.968,269,fill,AC,BUY,3062.0,26.035,21288.0,mode=dir
1214.289,270,fill,CNR,SELL,1000.0,159.32,199.0,mode=mm
1215.296,270,fill,AC,BUY,600.0,26.135,21888.0,mode=dir
1219.423,271,fill,CNR,SELL,1000.0,159.33,-801.0,mode=mm
1220.131,271,stop,CNR,BUY,801.0,159.51,-801.0,loss=7.0t stop=5.0t trend_against=False
1220.451,271,fill,CNR,BUY,801.0,159.4,0.0,mode=mm
1220.988,271,fill,CNR,BUY,400.0,159.405,400.0,mode=mm
1221.334,271,stop,CNR,SELL,400.0,159.23,400.0,loss=8.0t stop=5.7t trend_against=False
1221.46,271,fill,CNR,SELL,400.0,159.365,0.0,mode=mm
1224.779,272,fill,CNR,SELL,1000.0,159.3,-1000.0,mode=mm
1226.119,273,fill,CNR,BUY,1000.0,159.315,0.0,mode=mm
1227.097,273,fill,CNR,SELL,900.0,159.325,-900.0,mode=mm
1230.211,274,fill,CNR,BUY,1000.0,159.325,100.0,mode=mm
1230.398,274,fill,CNR,BUY,300.0,159.315,400.0,mode=mm
1234.808,275,fill,CNR,SELL,500.0,159.32,-100.0,mode=mm
1238.616,276,fill,CNR,SELL,500.0,159.305,-600.0,mode=mm
1238.93,276,fill,CNR,SELL,400.0,159.305,-1000.0,mode=mm
1243.232,277,fill,CNR,SELL,200.0,159.325,-1200.0,mode=mm
1244.723,277,stop,CNR,BUY,1200.0,159.45,-1200.0,loss=8.5t stop=5.0t trend_against=False
1245.008,277,fill,CNR,BUY,1200.0,159.395,0.0,mode=mm
1262.927,282,fill,CNR,BUY,900.0,159.585,900.0,mode=mm
1269.26,283,fill,CNR,SELL,900.0,159.555,0.0,mode=mm
1278.301,286,fill,CNR,BUY,100.0,159.6,100.0,mode=mm
1280.591,286,fill,CNR,SELL,700.0,159.605,-600.0,mode=mm
1283.893,287,fill,CNR,SELL,400.0,159.65,-1000.0,mode=mm
1287.149,288,stop,CNR,BUY,1000.0,159.72,-1000.0,loss=5.4t stop=5.0t trend_against=False
1287.444,288,fill,CNR,BUY,1000.0,159.675,0.0,mode=mm
1302.992,292,fill,CNR,BUY,900.0,159.83,900.0,mode=mm
1317.421,295,stop,CNR,SELL,900.0,159.67,900.0,loss=11.0t stop=5.0t trend_against=False
1317.575,295,fill,CNR,SELL,900.0,159.81,0.0,mode=mm
1318.039,296,fill,AC,SELL,5000.0,30.585,16888.0,mode=cut
1319.013,296,fill,AC,SELL,5000.0,30.695,11888.0,mode=cut
1320.049,296,fill,AC,SELL,5000.0,30.76,6888.0,mode=cut
1321.079,296,fill,AC,SELL,5000.0,30.805,1888.0,mode=cut
1322.082,297,fill,AC,SELL,1888.0,30.875,0.0,mode=cut
2227.725,299,end,,,,,,"pnl 6289215.47 pos {'CNR': 0, 'RY': 0, 'AC': 0}"
