t,case_tick,event,ticker,side,qty,price,pos,note
132.921,0,place,RY,BUY,5000,99.9500,0,quote
132.921,0,place,RY,SELL,5000,99.9900,0,quote
132.921,0,place,CNR,BUY,3000,159.9700,0,quote
132.921,0,place,CNR,SELL,3000,160.0300,0,quote
132.921,0,place,AC,BUY,3000,24.9900,0,quote
132.921,0,place,AC,SELL,3000,25.0000,0,quote
133.070,0,place,CNR,BUY,5000,159.9800,0,quote
133.070,0,place,CNR,SELL,5000,160.0200,0,quote
133.070,0,place,RY,BUY,5000,99.9600,0,quote
133.070,0,place,RY,SELL,5000,99.9800,0,quote
133.341,0,fill,RY,BUY,5000,99.9700,5000,mode=mm
133.343,0,fill,AC,BUY,100,24.9950,100,mode=mm
133.602,0,fill,RY,BUY,5000,99.9700,10000,mode=mm
133.603,0,stop,RY,SELL,5000,99.9300,10000,loss=8.5t stop=5.0t trend_against=False
133.605,0,place,RY,SELL,5000,99.9300,10000,agg
133.835,0,fill,RY,SELL,5000,99.9700,5000,mode=mm
133.838,0,fill,AC,SELL,100,24.9950,0,mode=mm
134.291,0,place,RY,SELL,5000,99.9900,5000,quote
134.291,0,place,AC,BUY,5000,24.9900,0,quote
134.291,0,place,AC,SELL,5000,25.0000,0,quote
134.389,0,place,AC,BUY,100,24.9800,0,quote
134.389,0,place,CNR,BUY,100,159.9900,0,quote
134.389,0,place,CNR,SELL,100,160.0000,0,quote
134.641,0,fill,CNR,BUY,100,159.9900,100,mode=mm
134.641,0,fill,RY,SELL,5000,99.9950,0,mode=mm
134.643,0,fill,AC,SELL,300,24.9850,-300,mode=mm
134.675,0,place,RY,SELL,3000,100.0100,0,quote
134.675,0,place,CNR,BUY,1600,159.9800,100,quote
134.675,0,place,CNR,SELL,1800,159.9900,100,quote
134.675,0,place,AC,BUY,3000,24.9900,-300,quote
134.675,0,place,AC,SELL,100,25.0100,-300,quote
134.831,0,fill,AC,BUY,3000,24.9950,2700,mode=mm
135.373,0,fill,CNR,SELL,1800,159.9850,-1700,mode=mm
135.877,0,place,AC,BUY,700,24.9700,2700,quote
135.877,0,place,AC,SELL,3000,24.9900,2700,quote
135.877,0,place,RY,SELL,300,100.0400,0,quote
136.167,1,fill,RY,SELL,300,100.0350,-300,mode=mm
136.167,1,fill,AC,SELL,2200,24.9900,500,mode=mm
136.169,1,place,RY,BUY,300,100.0400,-300,quote
136.169,1,place,RY,SELL,1600,100.0500,-300,quote
136.169,1,place,AC,BUY,2500,24.9800,500,quote
136.236,1,place,AC,SELL,5000,24.9900,500,quote
136.650,1,fill,AC,SELL,1322,24.9850,-822,mode=mm
136.656,1,place,AC,BUY,3200,24.9800,-822,quote
136.772,1,place,RY,BUY,3100,100.0400,-300,quote
136.936,1,fill,AC,BUY,2022,24.9850,1200,mode=mm
136.938,1,place,AC,SELL,3400,24.9900,1200,quote
137.184,1,place,RY,BUY,5000,100.0100,-300,quote
137.223,1,fill,RY,BUY,3100,100.0250,2800,mode=mm
137.224,1,fill,AC,SELL,3400,24.9850,-2200,mode=mm
137.428,1,fill,RY,BUY,5000,100.0250,7800,mode=mm
137.429,1,place,RY,SELL,5000,100.0200,7800,quote
137.713,1,place,RY,SELL,600,100.0400,7800,quote
137.953,1,place,RY,SELL,300,100.0200,7800,quote
138.212,1,place,AC,BUY,5000,24.9700,-2200,quote
138.212,1,place,RY,SELL,5000,100.0200,7800,quote
138.249,1,place,CNR,BUY,5000,159.9500,-1700,quote
138.249,1,place,CNR,SELL,1600,159.9600,-1700,quote
138.485,1,fill,CNR,BUY,1500,159.9500,-200,mode=mm
138.488,1,fill,AC,BUY,1100,24.9750,-1100,mode=mm
138.710,1,fill,CNR,BUY,1500,159.9550,1300,mode=mm
138.731,1,fill,RY,SELL,5000,100.0150,2800,mode=mm
138.731,1,fill,AC,BUY,3600,24.9750,2500,mode=mm
138.974,1,fill,CNR,BUY,400,159.9550,1700,mode=mm
138.974,1,fill,AC,BUY,300,24.9750,2800,mode=mm
138.986,1,place,CNR,SELL,100,159.9600,1700,quote
139.300,1,place,AC,BUY,600,24.9700,2800,quote
139.300,1,place,AC,SELL,5000,25.0000,2800,quote
139.300,1,place,CNR,BUY,300,159.9400,1700,quote
139.300,1,place,CNR,SELL,5000,159.9500,1700,quote
139.300,1,place,RY,SELL,3900,100.0600,2800,quote
139.714,1,fill,AC,SELL,3600,24.9900,-800,mode=mm
139.718,1,place,AC,BUY,3000,24.9800,-800,quote
139.718,1,place,RY,BUY,600,100.0300,2800,quote
139.718,1,place,RY,SELL,1800,100.0500,2800,quote
139.807,1,place,AC,SELL,1300,24.9900,-800,quote
139.969,1,place,RY,BUY,1900,100.0200,2800,quote
139.969,1,place,RY,SELL,5000,100.0400,2800,quote
139.969,1,place,AC,BUY,300,24.9900,-800,quote
139.969,1,place,AC,SELL,700,25.0000,-800,quote
140.063,1,fill,AC,BUY,1700,24.9950,900,mode=mm
140.064,1,place,CNR,BUY,2800,159.9300,1700,quote
140.064,1,place,CNR,SELL,5000,159.9400,1700,quote
140.465,1,fill,RY,BUY,1900,100.0400,4700,mode=mm
140.468,1,fill,AC,SELL,700,24.9950,200,mode=mm
140.468,2,stop,RY,SELL,4700,99.9900,4700,loss=12.0t stop=5.0t trend_against=False
140.471,2,place,RY,SELL,4700,99.9900,4700,agg
140.536,2,fill,AC,BUY,300,24.9950,500,mode=mm
140.724,2,fill,RY,SELL,4100,100.0200,600,mode=mm
140.853,2,place,AC,BUY,2500,25.0000,500,quote
140.853,2,place,AC,SELL,1000,25.0200,500,quote
141.021,2,fill,AC,SELL,1000,25.0100,-500,mode=mm
141.079,2,place,AC,BUY,3000,25.0200,-500,quote
141.079,2,place,AC,SELL,4200,25.0300,-500,quote
141.235,2,fill,AC,SELL,1320,25.0200,-1820,mode=mm
141.236,2,place,AC,BUY,5000,25.0300,-1820,quote
141.236,2,place,AC,SELL,500,25.0400,-1820,quote
141.290,2,place,AC,SELL,100,25.0500,-1820,quote
141.518,2,fill,AC,BUY,3200,25.0300,1380,mode=mm
141.521,2,regime,RY,,,,,"3 stop-outs in 85s -> toxic flow: half size, no stepping inside for 30s"
141.521,2,stop,RY,SELL,600,99.8800,600,loss=12.0t stop=5.0t trend_against=False
141.523,2,place,RY,SELL,600,99.8800,600,agg
141.805,2,place,CNR,BUY,2800,159.9200,1700,quote
141.805,2,place,CNR,SELL,5000,159.9300,1700,quote
141.805,2,place,AC,BUY,1500,25.0100,1380,quote
141.805,2,place,AC,SELL,2800,25.0600,1380,quote
141.854,2,fill,RY,SELL,600,99.9350,0,mode=mm
141.854,2,fill,AC,SELL,500,25.0350,880,mode=mm
141.854,2,regime,AC,,,,,"chop -> mixed (er=0.25, net +4t over 14s)"
141.855,2,place,RY,SELL,500,99.9500,0,quote
142.111,2,fill,CNR,BUY,2363,159.9250,4063,mode=mm
142.112,2,fill,AC,BUY,1500,25.0350,2380,mode=mm
142.114,2,regime,AC,,,,,"mixed -> chop (er=0.08, net +2t over 14s)"
142.259,2,place,AC,BUY,1100,24.9600,2380,quote
142.259,2,place,AC,SELL,3100,25.0500,2380,quote
142.259,2,place,CNR,BUY,700,159.9100,4063,quote
142.259,2,place,RY,SELL,1500,99.9500,0,quote
142.393,2,fill,CNR,SELL,1300,159.9250,2763,mode=mm
142.395,2,place,AC,BUY,600,24.9500,2380,quote
142.395,2,place,AC,SELL,1800,25.0000,2380,quote
142.521,2,fill,AC,SELL,1000,24.9850,1380,mode=mm
142.523,2,place,RY,SELL,1500,99.9300,0,quote
142.566,2,place,AC,BUY,900,24.9700,1380,quote
142.566,2,place,AC,SELL,1700,25.0700,1380,quote
142.808,2,fill,CNR,SELL,2800,159.9250,-37,mode=mm
142.812,2,fill,AC,SELL,1900,25.0200,-520,mode=mm
142.814,2,place,AC,SELL,2100,25.0500,-520,quote
142.814,2,place,CNR,BUY,1800,159.9200,-37,quote
142.814,2,place,RY,SELL,100,99.9200,0,quote
142.894,2,place,AC,BUY,2600,24.9700,-520,quote
142.894,2,place,CNR,SELL,600,159.9300,-37,quote
143.054,2,fill,CNR,SELL,900,159.9250,-937,mode=mm
143.054,2,fill,RY,SELL,100,99.9000,-100,mode=mm
143.062,2,place,RY,BUY,100,99.8700,-100,quote
143.329,2,fill,CNR,BUY,1800,159.9250,863,mode=mm
143.428,2,place,CNR,BUY,2200,159.9200,863,quote
143.428,2,place,CNR,SELL,3200,159.9300,863,quote
143.428,2,place,AC,BUY,300,25.0100,-520,quote
143.428,2,place,AC,SELL,1200,25.0400,-520,quote
143.790,2,place,RY,SELL,800,99.9100,-100,quote
143.790,2,place,AC,BUY,1500,25.0100,-520,quote
144.170,3,fill,CNR,BUY,2200,159.9250,3063,mode=mm
144.172,3,fill,RY,SELL,800,99.9050,-900,mode=mm
144.186,3,place,RY,SELL,1800,99.9700,-900,quote
144.186,3,place,CNR,BUY,1800,159.8800,3063,quote
144.186,3,place,CNR,SELL,5000,159.9000,3063,quote
144.340,3,fill,AC,BUY,300,25.0250,-220,mode=mm
144.345,3,place,RY,SELL,1800,99.9600,-900,quote
144.345,3,place,AC,BUY,2500,24.9900,-220,quote
144.345,3,place,AC,SELL,2300,25.0500,-220,quote
144.440,3,place,RY,BUY,900,99.9000,-900,quote
144.618,3,place,AC,SELL,2300,25.0600,-220,quote
144.655,3,fill,CNR,BUY,1800,159.8950,4863,mode=mm
144.677,3,place,CNR,BUY,900,159.8500,4863,quote
144.677,3,place,CNR,SELL,5000,159.8800,4863,quote
144.677,3,place,RY,BUY,900,99.9100,-900,quote
144.677,3,place,RY,SELL,1800,99.9500,-900,quote
144.863,3,fill,AC,BUY,1128,25.0250,908,mode=mm
144.864,3,place,CNR,BUY,900,159.8300,4863,quote
144.864,3,place,CNR,SELL,1800,159.8600,4863,quote
144.864,3,place,RY,BUY,2700,99.9200,-900,quote
144.864,3,place,RY,SELL,100,99.9700,-900,quote
144.864,3,place,AC,SELL,300,25.0300,908,quote
144.991,3,place,AC,BUY,300,24.9800,908,quote
145.037,3,regime,CNR,,,,,"mixed -> TREND (er=1.00, net -13t over 14s)"
145.039,3,place,CNR,SELL,400,159.8800,4863,quote
145.104,3,fill,AC,BUY,1372,25.0050,2280,mode=mm
145.105,3,stop,CNR,SELL,4863,159.8000,4863,loss=5.5t stop=5.0t trend_against=False
145.107,3,place,CNR,SELL,4863,159.8000,4863,agg
145.414,3,fill,CNR,SELL,4863,159.8550,0,mode=mm
145.823,3,place,AC,BUY,1100,24.9600,2280,quote
145.823,3,place,AC,SELL,3100,25.0300,2280,quote
145.823,3,place,CNR,SELL,900,159.8600,0,quote
145.823,3,place,RY,BUY,900,99.9400,-900,quote
145.823,3,place,RY,SELL,300,100.0700,-900,quote
145.946,3,place,RY,BUY,500,99.9600,-900,quote
145.946,3,place,RY,SELL,100,100.0500,-900,quote
145.946,3,place,AC,SELL,1800,25.0200,2280,quote
146.166,3,place,RY,BUY,2700,99.9700,-900,quote
146.166,3,place,RY,SELL,1800,100.0400,-900,quote
146.166,3,place,CNR,SELL,1500,159.8500,0,quote
146.166,3,place,AC,BUY,1100,24.9600,2280,quote
146.166,3,place,AC,SELL,3100,25.0100,2280,quote
146.242,3,fill,AC,BUY,1100,24.9900,3380,mode=mm
146.244,3,stop,RY,BUY,900,100.0700,-900,loss=10.9t stop=5.6t trend_against=False
146.245,3,place,RY,BUY,900,100.0700,-900,agg
146.245,3,place,CNR,SELL,900,159.8400,0,quote
146.425,3,fill,RY,BUY,900,100.0000,0,mode=mm
146.425,3,fill,AC,SELL,154,24.9900,3226,mode=mm
146.427,3,place,RY,BUY,1500,99.9800,0,quote
146.427,3,place,CNR,SELL,300,159.8300,0,quote
146.427,3,place,AC,BUY,100,24.9700,3226,quote
146.671,3,place,AC,SELL,700,25.0000,3226,quote
146.714,3,fill,AC,SELL,1550,24.9850,1676,mode=mm
146.724,3,place,CNR,SELL,900,159.8100,0,quote
146.724,3,place,AC,BUY,800,24.9700,1676,quote
146.959,3,place,CNR,SELL,300,159.8000,0,quote
146.959,3,place,RY,SELL,1500,102.9700,0,ladder
146.959,3,place,RY,SELL,1500,107.9600,0,ladder
146.959,3,place,RY,SELL,1200,114.9600,0,ladder
147.021,3,fill,RY,BUY,1500,99.9400,1500,mode=mm
147.022,3,stop,RY,SELL,1500,99.8500,1500,loss=10.0t stop=5.0t trend_against=False
147.024,3,place,RY,SELL,1500,99.8500,1500,agg
147.161,3,fill,RY,SELL,1500,99.9400,0,mode=mm
147.162,3,fill,AC,BUY,100,24.9850,1776,mode=mm
147.163,3,place,AC,SELL,1700,25.0300,1776,quote
147.163,3,place,CNR,SELL,100,159.7700,0,quote
147.163,3,place,RY,BUY,900,96.9700,0,ladder
147.163,3,place,RY,BUY,500,91.9700,0,ladder
147.207,3,place,AC,BUY,1300,24.9700,1776,quote
147.438,3,fill,AC,BUY,950,25.0000,2726,mode=mm
147.439,3,place,AC,BUY,600,24.9300,2726,quote
147.439,3,place,AC,SELL,3200,25.0200,2726,quote
147.439,3,place,CNR,SELL,100,159.7700,0,quote
147.439,3,place,RY,BUY,700,84.9700,0,ladder
147.678,3,fill,AC,SELL,2088,24.9800,638,mode=mm
147.763,3,dir_enter,CNR,SHORT,12869,159.7300,0,gap=-14.9t thr=12.0t er=1.00 vol=1.0
147.764,3,place,CNR,SELL,5000,159.6600,0,agg
147.764,3,place,AC,BUY,2000,24.9700,638,quote
147.870,3,fill,CNR,SELL,5000,159.7300,-5000,mode=dir
147.966,3,place,AC,BUY,700,24.9800,638,quote
147.966,3,place,AC,SELL,900,25.0100,638,quote
148.231,4,fill,AC,SELL,70,24.9950,568,mode=mm
148.499,4,fill,AC,SELL,830,24.9950,-262,mode=mm
148.499,4,place,AC,BUY,2500,24.9800,-262,quote
148.499,4,place,AC,SELL,700,25.0600,-262,quote
148.724,4,place,AC,BUY,1500,24.9900,-262,quote
148.724,4,place,AC,SELL,2200,25.0500,-262,quote
148.768,4,place,CNR,SELL,100,159.6400,-5000,agg
148.823,4,place,CNR,SELL,100,159.6400,-5000,agg
148.958,4,fill,CNR,SELL,200,159.6850,-5200,mode=dir
149.227,4,place,CNR,SELL,1600,159.6400,-5200,agg
149.227,4,place,AC,BUY,900,25.0000,-262,quote
149.227,4,place,AC,SELL,1300,25.0600,-262,quote
149.284,4,place,CNR,SELL,100,159.6200,-5200,agg
149.527,4,fill,CNR,SELL,1700,159.6750,-6900,mode=dir
149.741,4,place,CNR,SELL,600,159.5800,-6900,agg
149.741,4,place,AC,SELL,100,25.0500,-262,quote
150.031,4,place,CNR,SELL,400,159.5500,-6900,agg
150.031,4,place,AC,BUY,1500,25.0100,-262,quote
150.031,4,place,AC,SELL,200,25.0600,-262,quote
150.031,4,place,RY,SELL,100,99.9200,0,quote
150.105,4,fill,CNR,SELL,600,159.6250,-7500,mode=dir
150.107,4,fill,AC,SELL,100,25.0350,-362,mode=mm
150.170,4,regime,RY,,,,,"chop -> mixed (er=0.25, net -13t over 14s)"
150.259,4,fill,CNR,SELL,400,159.6250,-7900,mode=dir
150.260,4,fill,RY,SELL,100,99.9050,-100,mode=mm
150.264,4,stop,RY,BUY,100,100.1200,-100,loss=13.0t stop=5.0t trend_against=False
150.265,4,place,RY,BUY,100,100.1200,-100,agg
150.379,4,place,CNR,SELL,4000,159.5500,-7900,agg
150.379,4,place,AC,BUY,1500,25.0200,-362,quote
150.429,4,regime,RY,,,,,"mixed -> chop (er=0.02, net -1t over 14s)"
150.566,4,fill,CNR,SELL,4000,159.6100,-11900,mode=dir
150.567,4,fill,RY,BUY,100,100.0350,0,mode=mm
150.772,4,fill,AC,BUY,1500,25.0300,1138,mode=mm
151.025,4,place,AC,SELL,500,25.0400,1138,quote
151.291,4,place,AC,SELL,300,25.0300,1138,quote
151.572,4,place,CNR,SELL,1400,159.5100,-11900,agg
151.572,4,place,AC,BUY,300,24.9800,1138,quote
151.572,4,place,AC,SELL,2800,25.0300,1138,quote
151.572,4,place,RY,BUY,100,99.8700,0,quote
151.572,4,place,RY,BUY,100,96.9500,0,ladder
151.572,4,place,RY,SELL,100,102.9500,0,ladder
151.572,4,place,RY,SELL,100,107.9500,0,ladder
151.798,4,fill,CNR,SELL,1400,159.5650,-13300,mode=dir
151.904,4,place,RY,BUY,500,99.8700,0,quote
151.904,4,place,AC,BUY,1000,24.9900,1138,quote
151.904,4,place,AC,SELL,100,25.0200,1138,quote
151.904,4,place,RY,SELL,400,114.9400,0,ladder
152.357,5,place,CNR,SELL,449,159.4900,-13300,agg
152.357,5,place,RY,BUY,300,99.8800,0,quote
152.485,5,place,AC,SELL,500,25.0200,1138,quote
152.580,5,fill,CNR,SELL,449,159.5450,-13749,mode=dir
152.761,5,place,CNR,SELL,100,159.5000,-13749,agg
152.761,5,place,AC,SELL,100,25.0300,1138,quote
152.852,5,fill,AC,BUY,856,25.0100,1994,mode=mm
152.943,5,place,CNR,SELL,2600,159.5000,-13749,agg
152.943,5,place,RY,BUY,500,99.8800,0,quote
152.943,5,place,AC,BUY,100,25.0000,1994,quote
152.992,5,place,RY,BUY,300,91.9400,0,ladder
152.992,5,place,RY,BUY,100,84.9400,0,ladder
153.105,5,fill,CNR,SELL,2700,159.5450,-16449,mode=dir
153.107,5,fill,AC,BUY,144,25.0150,2138,mode=mm
153.108,5,place,AC,SELL,1000,25.0300,2138,quote
153.349,5,place,AC,SELL,300,25.0300,2138,quote
153.600,5,place,AC,SELL,100,25.0400,2138,quote
153.869,5,place,AC,SELL,100,25.0300,2138,quote
154.101,5,place,AC,SELL,300,25.0300,2138,quote
154.185,5,place,CNR,SELL,400,159.5000,-16449,agg
154.185,5,place,RY,SELL,300,100.0500,0,quote
154.290,5,place,CNR,SELL,100,159.5000,-16449,agg
154.290,5,place,AC,BUY,100,24.9900,2138,quote
154.290,5,place,RY,BUY,300,100.0100,0,quote
154.399,5,fill,CNR,SELL,400,159.5450,-16849,mode=dir
154.416,5,place,AC,SELL,300,25.0300,2138,quote
154.646,5,fill,CNR,SELL,100,159.5450,-16949,mode=dir
154.647,5,fill,RY,BUY,300,100.0500,300,mode=mm
154.697,5,place,AC,SELL,1000,25.0300,2138,quote
154.928,5,place,AC,SELL,300,25.0300,2138,quote
155.160,5,place,AC,SELL,100,25.0300,2138,quote
155.452,5,place,AC,SELL,100,25.0300,2138,quote
155.503,5,place,CNR,SELL,2100,159.5200,-16949,agg
155.503,5,place,AC,BUY,200,24.9900,2138,quote
155.503,5,place,RY,BUY,100,100.0200,300,quote
155.503,5,place,RY,SELL,500,100.0500,300,quote
155.615,5,fill,CNR,SELL,2100,159.5550,-19049,mode=dir
155.617,5,place,AC,SELL,300,25.0300,2138,quote
155.930,6,place,AC,SELL,300,25.0300,2138,quote
156.161,6,place,AC,SELL,1000,25.0200,2138,quote
156.642,6,place,AC,SELL,300,25.0300,2138,quote
156.877,6,place,AC,SELL,100,25.0400,2138,quote
157.241,6,place,AC,SELL,300,25.0300,2138,quote
157.417,6,place,AC,SELL,300,25.0400,2138,quote
157.685,6,fill,AC,SELL,565,25.0200,1573,mode=mm
157.872,6,place,AC,SELL,300,25.0400,1573,quote
157.905,6,place,AC,SELL,100,25.0400,1573,quote
158.073,6,place,CNR,SELL,1100,159.5200,-19049,agg
158.073,6,place,AC,BUY,400,24.9900,1573,quote
158.073,6,place,RY,BUY,200,99.9700,300,quote
158.073,6,place,RY,SELL,500,100.0100,300,quote
158.223,6,fill,CNR,SELL,1100,159.5550,-20149,mode=dir
158.224,6,fill,RY,SELL,500,99.9900,-200,mode=mm
158.224,6,fill,AC,SELL,300,25.0150,1273,mode=mm
158.225,6,stop,RY,BUY,200,100.1300,-200,loss=8.0t stop=7.5t trend_against=False
158.240,6,place,RY,BUY,200,100.1300,-200,agg
158.309,6,place,AC,SELL,100,25.0400,1273,quote
158.468,6,fill,RY,BUY,200,100.0350,0,mode=mm
158.471,6,place,AC,SELL,100,25.0300,1273,quote
158.731,6,place,AC,SELL,300,25.0400,1273,quote
159.025,6,fill,AC,SELL,400,25.0200,873,mode=mm
159.268,6,regime,CNR,,,,,"TREND -> chop (er=0.22, net -11t over 14s)"
159.269,6,dir_exit,CNR,,-20149,159.7450,-20149,fast trail 20>15t
159.269,6,regime,CNR,,,,,losing ride -1t -> entry bar x1.40
159.272,6,place,CNR,BUY,5000,159.8200,-20149,agg
159.272,6,place,AC,SELL,100,25.0300,873,quote
159.533,6,fill,CNR,BUY,3554,159.7450,-16595,mode=cut
159.535,6,place,AC,BUY,1800,24.9900,873,quote
159.535,6,place,AC,SELL,2700,25.0300,873,quote
159.535,6,place,RY,BUY,1500,100.0000,0,quote
159.535,6,place,RY,BUY,900,97.0100,0,ladder
159.535,6,place,RY,SELL,1500,103.0100,0,ladder
159.535,6,place,RY,BUY,100,92.0000,0,ladder
159.535,6,place,RY,SELL,500,108.0100,0,ladder
159.535,6,place,RY,BUY,100,85.0000,0,ladder
159.535,6,place,RY,SELL,200,115.0100,0,ladder
159.766,6,fill,RY,BUY,1500,100.0150,1500,mode=mm
159.768,6,fill,AC,SELL,100,25.0100,773,mode=mm
160.314,7,place,CNR,BUY,5000,160.1000,-16595,agg
160.344,7,regime,CNR,,,,,"chop -> mixed (er=0.27, net +19t over 14s)"
160.586,7,fill,CNR,BUY,5000,160.0100,-11595,mode=cut
160.591,7,place,RY,BUY,1500,99.9200,1500,quote
160.591,7,place,RY,SELL,1500,99.9700,1500,quote
160.591,7,place,AC,SELL,1600,25.0300,773,quote
160.652,7,place,RY,BUY,1500,99.9300,1500,quote
160.818,7,fill,RY,SELL,1500,99.9500,0,mode=mm
161.075,7,fill,AC,SELL,1600,25.0100,-827,mode=mm
161.077,7,place,AC,BUY,1600,25.0000,-827,quote
161.077,7,place,AC,SELL,600,25.0300,-827,quote
161.338,7,fill,RY,BUY,1500,99.9450,1500,mode=mm
161.339,7,fill,AC,BUY,950,25.0150,123,mode=mm
161.341,7,place,CNR,BUY,5000,160.1700,-11595,agg
161.341,7,place,AC,BUY,700,24.9800,123,quote
161.341,7,place,AC,SELL,1500,25.0300,123,quote
161.341,7,place,RY,BUY,300,99.9300,1500,quote
161.341,7,place,RY,SELL,1500,99.9600,1500,quote
161.437,7,regime,CNR,,,,,"mixed -> TREND (er=0.45, net +34t over 14s)"
161.625,7,fill,CNR,BUY,5000,160.0900,-6595,mode=cut
161.626,7,fill,AC,BUY,650,25.0050,773,mode=mm
161.637,7,place,AC,BUY,1900,24.9900,773,quote
161.637,7,place,RY,BUY,900,99.9300,1500,quote
161.881,7,fill,AC,SELL,1500,25.0100,-727,mode=mm
161.893,7,place,AC,SELL,1900,25.0300,-727,quote
162.122,7,fill,RY,BUY,900,99.9450,2400,mode=mm
162.122,7,place,RY,BUY,1100,99.8900,2400,quote
162.122,7,place,AC,BUY,1600,25.0000,-727,quote
162.122,7,place,AC,SELL,1900,25.0400,-727,quote
162.387,7,fill,AC,BUY,350,25.0200,-377,mode=mm
162.389,7,place,CNR,BUY,5000,160.2100,-6595,agg
162.389,7,place,RY,BUY,600,99.9000,2400,quote
162.389,7,place,RY,SELL,1900,99.9400,2400,quote
162.640,7,place,RY,BUY,1100,99.8900,2400,quote
162.640,7,place,AC,BUY,2600,24.9900,-377,quote
162.640,7,place,AC,SELL,1300,25.0300,-377,quote
162.684,7,fill,CNR,BUY,5000,160.1800,-1595,mode=cut
162.684,7,fill,AC,BUY,1250,25.0100,873,mode=mm
162.921,7,fill,RY,SELL,1900,99.9200,500,mode=mm
162.922,7,fill,AC,SELL,400,25.0100,473,mode=mm
162.995,7,place,RY,BUY,2100,99.9600,500,quote
162.995,7,place,RY,SELL,1500,100.0200,500,quote
162.995,7,place,AC,SELL,1500,25.0300,473,quote
163.214,7,fill,RY,SELL,1500,99.9850,-1000,mode=mm
163.229,7,stop,RY,BUY,1000,100.1400,-1000,loss=7.0t stop=6.7t trend_against=False
163.237,7,place,RY,BUY,1000,100.1400,-1000,agg
163.440,7,fill,RY,BUY,1000,100.0350,0,mode=mm
163.442,7,place,CNR,BUY,1595,160.2700,-1595,agg
163.442,7,place,RY,BUY,1500,99.9800,0,quote
163.442,7,place,AC,SELL,500,25.0200,473,quote
163.442,7,place,RY,SELL,900,102.9800,0,ladder
163.442,7,place,RY,SELL,500,107.9800,0,ladder
163.690,7,fill,CNR,BUY,1595,160.2050,0,mode=cut
163.691,7,fill,AC,SELL,150,25.0050,323,mode=mm
163.691,7,regime,CNR,,,,,"MM lost $5,337 (limit $4,500) in <64s (TREND) -> pause quoting 20s, reduce only"
163.856,7,fill,AC,SELL,350,25.0150,-27,mode=mm
163.891,7,place,AC,SELL,1400,25.0300,-27,quote
163.891,7,place,RY,BUY,100,96.9800,0,ladder
163.891,7,place,RY,SELL,1200,114.9800,0,ladder
163.997,7,place,RY,BUY,1500,91.9800,0,ladder
163.997,7,place,RY,BUY,2000,84.9800,0,ladder
164.175,7,dir_enter,CNR,LONG,13236,160.2250,0,gap=34.2t thr=18.3t er=0.83 vol=2.6
164.176,7,place,CNR,BUY,3405,160.2700,0,agg
164.176,7,place,AC,BUY,900,25.0000,-27,quote
164.463,8,fill,CNR,BUY,3405,160.2450,3405,mode=dir
164.480,8,place,CNR,BUY,100,160.3400,3405,agg
164.517,8,place,CNR,BUY,100,160.3400,3405,agg
164.761,8,fill,CNR,BUY,200,160.2700,3605,mode=dir
164.768,8,fill,AC,BUY,900,25.0150,873,mode=mm
165.006,8,place,CNR,BUY,1395,160.3700,3605,agg
165.006,8,place,AC,BUY,1800,24.9900,873,quote
165.006,8,place,RY,BUY,500,100.0000,0,quote
165.222,8,place,CNR,BUY,200,160.4100,3605,agg
165.256,8,fill,CNR,BUY,1395,160.3300,5000,mode=dir
165.497,8,fill,CNR,BUY,200,160.3300,5200,mode=dir
165.498,8,fill,RY,BUY,500,100.0150,500,mode=mm
165.532,8,place,CNR,BUY,400,160.4000,5200,agg
165.532,8,place,RY,BUY,100,99.9800,500,quote
165.532,8,place,RY,SELL,500,100.0300,500,quote
165.685,8,fill,CNR,BUY,400,160.3350,5600,mode=dir
165.827,8,place,CNR,BUY,1000,160.3900,5600,agg
165.827,8,place,RY,BUY,400,99.9900,500,quote
165.827,8,place,AC,BUY,100,24.9900,873,quote
165.983,8,fill,CNR,BUY,1000,160.3350,6600,mode=dir
166.034,8,place,CNR,BUY,2000,160.3800,6600,agg
166.034,8,place,AC,BUY,100,24.9900,873,quote
166.034,8,place,RY,SELL,500,100.0200,500,quote
166.264,8,fill,CNR,BUY,2000,160.3350,8600,mode=dir
166.394,8,place,CNR,BUY,200,160.3800,8600,agg
166.394,8,place,AC,BUY,100,24.9900,873,quote
166.394,8,place,RY,SELL,1500,100.0200,500,quote
166.470,8,fill,RY,SELL,500,100.0050,0,mode=mm
166.744,8,fill,CNR,BUY,200,160.3350,8800,mode=dir
166.786,8,place,CNR,BUY,1800,160.3800,8800,agg
166.786,8,place,AC,BUY,600,24.9900,873,quote
166.786,8,place,RY,BUY,900,99.9800,0,quote
166.786,8,place,RY,SELL,300,100.0100,0,quote
167.020,8,fill,CNR,BUY,1800,160.3350,10600,mode=dir
167.243,8,fill,RY,SELL,300,99.9950,-300,mode=mm
167.243,8,stop,RY,BUY,300,100.1300,-300,loss=8.0t stop=5.0t trend_against=False
167.244,8,place,RY,BUY,300,100.1300,-300,agg
167.513,8,fill,RY,BUY,300,100.0350,0,mode=mm
167.577,8,place,CNR,BUY,600,160.3800,10600,agg
167.577,8,place,RY,SELL,300,103.0000,0,ladder
167.577,8,place,RY,SELL,100,108.0000,0,ladder
167.785,8,fill,CNR,BUY,600,160.3350,11200,mode=dir
168.085,9,place,CNR,BUY,100,160.3900,11200,agg
168.085,9,place,RY,SELL,1200,115.0000,0,ladder
168.275,9,fill,CNR,BUY,100,160.3350,11300,mode=dir
168.308,9,place,CNR,BUY,500,160.3900,11300,agg
168.308,9,place,AC,SELL,300,25.0200,873,quote
168.434,9,place,CNR,BUY,700,160.3900,11300,agg
168.434,9,place,RY,BUY,300,100.0300,0,quote
168.528,9,fill,CNR,BUY,500,160.3400,11800,mode=dir
168.529,9,place,CNR,BUY,2460,160.3900,11800,agg
168.529,9,place,RY,BUY,1500,100.0400,0,quote
168.529,9,place,AC,BUY,100,24.9900,873,quote
168.529,9,place,AC,SELL,100,25.0200,873,quote
168.599,9,place,CNR,BUY,140,160.3900,11800,agg
168.599,9,place,RY,BUY,1500,97.0100,0,ladder
168.599,9,place,RY,BUY,300,92.0100,0,ladder
168.844,9,fill,CNR,BUY,3300,160.3400,15100,mode=dir
168.844,9,fill,RY,BUY,1500,100.0900,1500,mode=mm
168.846,9,fill,AC,SELL,300,25.0050,573,mode=mm
169.582,9,place,AC,SELL,100,25.0200,573,quote
169.769,9,fill,AC,SELL,100,25.0200,473,mode=mm
170.796,9,place,AC,SELL,300,25.0100,473,quote
170.981,9,place,CNR,BUY,100,160.3700,15100,agg
170.981,9,place,AC,BUY,100,24.9800,473,quote
171.034,9,fill,CNR,BUY,100,160.3300,15200,mode=dir
171.036,9,fill,AC,SELL,300,24.9950,173,mode=mm
171.037,9,place,CNR,BUY,200,160.3700,15200,agg
171.037,9,place,AC,SELL,100,25.0000,173,quote
171.114,9,place,CNR,BUY,2800,160.3700,15200,agg
171.114,9,place,RY,BUY,900,100.0900,1500,quote
171.114,9,place,AC,BUY,300,24.9800,173,quote
171.137,9,place,CNR,BUY,100,160.3700,15200,agg
171.291,9,place,AC,SELL,300,25.0200,173,quote
171.324,9,fill,CNR,BUY,3100,160.3300,18300,mode=dir
171.327,9,fill,AC,SELL,100,25.0050,73,mode=mm
171.529,9,fill,AC,SELL,300,25.0050,-227,mode=mm
173.714,10,place,CNR,BUY,700,160.2800,18300,agg
173.714,10,place,AC,BUY,1000,24.9800,-227,quote
173.714,10,place,AC,SELL,300,25.0000,-227,quote
173.714,10,place,RY,BUY,100,100.0700,1500,quote
173.929,10,fill,CNR,BUY,700,160.2400,19000,mode=dir
173.930,10,fill,AC,BUY,800,24.9850,573,mode=mm
173.972,10,place,AC,SELL,100,24.9900,573,quote
174.196,10,fill,AC,BUY,200,24.9850,773,mode=mm
174.198,10,place,AC,SELL,300,24.9800,773,quote
174.524,10,fill,AC,SELL,100,24.9750,673,mode=mm
174.562,10,regime,RY,,,,,"chop -> mixed (er=0.26, net +18t over 14s)"
174.636,10,fill,AC,SELL,300,24.9750,373,mode=mm
174.813,10,regime,CNR,,,,,"TREND -> mixed (er=0.29, net +14t over 14s)"
174.813,10,regime,RY,,,,,"mixed -> chop (er=0.24, net +16t over 14s)"
174.939,10,dir_exit,CNR,,19000,160.1750,19000,fast trail 16>15t
174.939,10,regime,CNR,,,,,losing ride -5t -> entry bar x1.96
174.941,10,place,CNR,SELL,5000,160.1200,19000,agg
175.076,10,regime,CNR,,,,,"mixed -> chop (er=0.22, net +11t over 14s)"
175.076,10,regime,RY,,,,,"chop -> mixed (er=0.27, net +18t over 14s)"
175.220,10,fill,CNR,SELL,5000,160.1750,14000,mode=cut
175.222,10,place,RY,BUY,1500,100.1000,1500,quote
175.222,10,place,AC,BUY,2600,24.9900,373,quote
175.222,10,place,AC,SELL,3000,25.0100,373,quote
175.222,10,place,RY,BUY,700,85.0700,1500,ladder
175.449,10,fill,RY,BUY,1500,100.1200,3000,mode=mm
175.452,10,place,RY,SELL,1100,100.1400,3000,quote
175.601,10,regime,CNR,,,,,"chop -> mixed (er=0.28, net -19t over 14s)"
175.680,10,fill,AC,SELL,3000,25.0050,-2627,mode=mm
175.922,10,regime,CNR,,,,,"mixed -> TREND (er=0.51, net -46t over 14s)"
175.985,10,fill,RY,SELL,1100,100.1250,1900,mode=mm
176.007,10,place,CNR,SELL,5000,159.5100,14000,agg
176.645,11,place,AC,BUY,5000,25.0000,-2627,quote
176.645,11,place,AC,SELL,700,25.0200,-2627,quote
176.975,11,place,AC,BUY,600,25.0100,-2627,quote
177.050,11,fill,AC,BUY,1900,25.0200,-727,mode=mm
177.066,11,place,CNR,SELL,5000,159.3600,14000,agg
177.301,11,fill,CNR,SELL,5000,159.4500,9000,mode=cut
177.301,11,fill,AC,BUY,2100,25.0200,1373,mode=mm
177.304,11,place,AC,SELL,5000,25.0200,1373,quote
177.304,11,place,RY,BUY,700,100.1500,1900,quote
177.351,11,regime,RY,,,,,"mixed -> chop (er=0.23, net +13t over 14s)"
177.497,11,fill,AC,SELL,4500,25.0200,-3127,mode=mm
177.777,11,fill,AC,SELL,300,25.0000,-3427,mode=mm
177.791,11,place,AC,BUY,5000,25.0000,-3427,quote
177.870,11,regime,RY,,,,,"chop -> mixed (er=0.33, net +17t over 14s)"
178.016,11,fill,AC,BUY,5000,25.0000,1573,mode=mm
178.074,11,place,CNR,SELL,5000,159.3000,9000,agg
178.225,11,place,AC,BUY,1700,24.9800,1573,quote
178.225,11,place,AC,SELL,5000,24.9900,1573,quote
178.318,11,fill,CNR,SELL,5000,159.3650,4000,mode=cut
178.319,11,fill,RY,BUY,700,100.1800,2600,mode=mm
178.319,11,place,AC,BUY,1700,24.9900,1573,quote
178.319,11,place,AC,SELL,3000,25.0000,1573,quote
178.398,11,regime,RY,,,,,"mixed -> chop (er=0.22, net +13t over 15s)"
178.510,11,fill,AC,SELL,7000,25.0000,-5427,mode=mm
178.795,11,fill,AC,BUY,1013,25.0150,-4414,mode=mm
179.081,11,place,CNR,SELL,4000,159.2400,4000,agg
179.381,11,fill,CNR,SELL,4000,159.2950,0,mode=cut
179.607,11,place,RY,SELL,600,100.1100,2600,quote
179.756,11,dir_enter,CNR,SHORT,9043,159.2650,0,gap=-58.2t thr=45.0t er=0.87 vol=4.6
179.813,11,place,RY,SELL,300,100.1000,2600,quote
180.087,11,place,RY,SELL,100,100.0900,2600,quote
180.487,12,place,AC,BUY,4400,25.0100,-4414,quote
180.681,12,place,CNR,SELL,1000,159.2100,0,agg
180.681,12,place,RY,BUY,600,100.0500,2600,quote
180.681,12,place,RY,SELL,3200,100.1400,2600,quote
180.681,12,place,AC,SELL,100,25.0300,-4414,quote
180.801,12,place,CNR,SELL,4000,159.2100,0,agg
180.906,12,fill,CNR,SELL,5000,159.2550,-5000,mode=dir
181.159,12,fill,AC,BUY,4400,25.0150,-14,mode=mm
181.673,12,place,AC,BUY,3000,25.0100,-14,quote
181.673,12,place,AC,SELL,4900,25.0200,-14,quote
181.673,12,place,RY,BUY,100,100.0800,2600,quote
181.673,12,place,RY,SELL,1900,100.1200,2600,quote
181.894,12,place,AC,SELL,1700,25.0100,-14,quote
181.941,12,fill,AC,BUY,2900,25.0050,2886,mode=mm
182.125,12,place,CNR,SELL,1400,159.1800,-5000,agg
182.125,12,place,RY,BUY,600,100.0800,2600,quote
182.125,12,place,AC,BUY,100,24.9900,2886,quote
182.168,12,fill,AC,SELL,6500,25.0050,-3614,mode=mm
182.178,12,place,AC,BUY,500,25.0000,-3614,quote
182.527,12,fill,CNR,SELL,1400,159.2250,-6400,mode=dir
182.528,12,fill,RY,SELL,1900,100.0700,700,mode=mm
182.667,12,fill,AC,BUY,500,25.0050,-3114,mode=mm
183.097,12,place,RY,BUY,1100,100.0900,700,quote
183.097,12,place,RY,SELL,2600,100.1300,700,quote
183.097,12,place,AC,BUY,4000,25.0000,-3114,quote
183.097,12,place,AC,SELL,100,25.0200,-3114,quote
183.214,12,place,CNR,SELL,100,159.2800,-6400,agg
183.214,12,place,RY,BUY,300,100.1000,700,quote
183.267,12,place,CNR,SELL,700,159.2800,-6400,agg
183.290,12,place,CNR,SELL,200,159.2800,-6400,agg
183.315,12,place,CNR,SELL,100,159.2800,-6400,agg
183.346,12,place,CNR,SELL,3900,159.2800,-6400,agg
183.497,12,fill,CNR,SELL,5000,159.4300,-11400,mode=dir
183.498,12,fill,RY,BUY,800,100.1150,1500,mode=mm
183.498,12,fill,AC,BUY,4000,25.0050,886,mode=mm
183.500,12,dir_exit,CNR,,-11400,159.8250,-11400,fast trail 60>23t
183.500,12,regime,CNR,,,,,"losing ride -56t -> entry bar x2.74; 3 losers in a row -> CHOPPY, trend engine off 60s"
183.505,12,place,CNR,BUY,5000,160.3600,-11400,agg
183.744,12,fill,CNR,BUY,170,159.8250,-11230,mode=cut
183.745,12,fill,RY,SELL,2300,100.1200,-800,mode=mm
183.748,12,regime,CNR,,,,,"TREND -> chop (er=0.01, net +3t over 15s)"
183.752,12,regime,RY,,,,,"3 stop-outs in 88s -> toxic flow: half size, no stepping inside for 30s"
183.752,12,stop,RY,BUY,800,100.1600,-800,loss=7.0t stop=5.0t trend_against=False
183.756,12,place,RY,BUY,800,100.1600,-800,agg
183.894,12,fill,RY,BUY,800,100.1150,0,mode=mm
184.270,13,fill,CNR,BUY,2900,160.3650,-8330,mode=cut
184.492,13,fill,CNR,BUY,1930,160.3800,-6400,mode=cut
184.510,13,place,RY,BUY,700,100.0000,0,quote
184.510,13,place,AC,BUY,100,24.9900,886,quote
184.510,13,place,AC,SELL,1600,25.0000,886,quote
184.510,13,place,RY,SELL,900,103.1000,0,ladder
184.510,13,place,RY,SELL,300,108.1100,0,ladder
184.580,13,place,CNR,BUY,5000,160.4700,-6400,agg
184.630,13,place,RY,BUY,200,100.0100,0,quote
184.630,13,place,RY,BUY,100,97.1000,0,ladder
184.630,13,place,RY,SELL,2000,115.1200,0,ladder
184.705,13,fill,CNR,BUY,5000,160.3900,-1400,mode=cut
184.705,13,fill,AC,BUY,100,24.9950,986,mode=mm
184.706,13,place,RY,BUY,1200,100.0100,0,quote
184.706,13,place,RY,BUY,1500,92.0900,0,ladder
184.706,13,place,RY,BUY,1200,85.0800,0,ladder
184.979,13,fill,AC,SELL,1600,24.9950,-614,mode=mm
184.982,13,place,RY,BUY,1200,100.0000,0,quote
184.982,13,place,AC,SELL,1200,25.0000,-614,quote
185.041,13,place,RY,BUY,1200,100.0100,0,quote
185.243,13,fill,RY,BUY,2400,100.0400,2400,mode=mm
185.536,13,place,RY,BUY,500,99.9500,2400,quote
185.536,13,place,RY,SELL,1500,100.0500,2400,quote
185.536,13,place,AC,BUY,900,24.9700,-614,quote
185.536,13,place,AC,SELL,1200,24.9900,-614,quote
185.596,13,place,CNR,BUY,1400,160.4600,-1400,agg
185.776,13,fill,CNR,BUY,1400,160.3700,0,mode=cut
185.778,13,place,RY,BUY,500,99.9800,2400,quote
185.778,13,place,AC,SELL,700,24.9800,-614,quote
186.005,13,place,RY,SELL,1500,100.0400,2400,quote
186.047,13,fill,AC,BUY,900,24.9750,286,mode=mm
186.054,13,place,RY,BUY,500,99.9900,2400,quote
186.054,13,place,AC,BUY,2200,24.9600,286,quote
186.054,13,place,AC,SELL,2500,24.9700,286,quote
186.245,13,fill,AC,SELL,2500,24.9700,-2214,mode=mm
186.826,13,place,CNR,BUY,200,159.6200,0,quote
186.826,13,place,CNR,SELL,200,159.9200,0,quote
186.826,13,place,RY,BUY,300,100.0000,2400,quote
186.826,13,place,AC,BUY,1800,24.9700,-2214,quote
186.826,13,place,AC,SELL,400,24.9800,-2214,quote
186.826,13,place,CNR,BUY,100,155.0400,0,ladder
186.826,13,place,CNR,SELL,1500,164.6300,0,ladder
186.826,13,place,CNR,BUY,100,147.0500,0,ladder
186.826,13,place,CNR,SELL,1500,172.6200,0,ladder
186.826,13,place,CNR,SELL,2000,183.8100,0,ladder
187.047,13,fill,CNR,BUY,200,159.7800,200,mode=mm
187.047,13,fill,RY,SELL,1500,100.0250,900,mode=mm
187.048,13,fill,AC,SELL,400,24.9750,-2614,mode=mm
187.048,13,stop,CNR,SELL,200,159.1600,200,loss=40.0t stop=30.4t trend_against=False
187.053,13,place,CNR,SELL,200,159.1600,200,agg
187.053,13,place,RY,BUY,900,100.0100,900,quote
187.053,13,place,RY,SELL,1300,100.0600,900,quote
187.113,13,place,AC,SELL,600,24.9900,-2614,quote
187.301,13,fill,CNR,SELL,200,159.2950,0,mode=mm
187.301,13,fill,RY,SELL,1300,100.0350,-400,mode=mm
187.305,13,stop,RY,BUY,400,100.0900,-400,loss=6.0t stop=5.0t trend_against=False
187.307,13,place,RY,BUY,400,100.0900,-400,agg
187.307,13,place,AC,BUY,3200,24.9800,-2614,quote
187.307,13,place,AC,SELL,1000,25.0000,-2614,quote
187.545,13,fill,RY,BUY,400,100.0450,0,mode=mm
187.545,13,fill,AC,SELL,1400,24.9800,-4014,mode=mm
187.546,13,regime,CNR,,,,,"chop -> mixed (er=0.31, net -107t over 15s)"
187.547,13,place,RY,BUY,1200,100.0200,0,quote
187.547,13,place,CNR,SELL,600,159.2200,0,quote
187.547,13,place,AC,BUY,3600,25.0000,-4014,quote
187.547,13,place,AC,SELL,600,25.0200,-4014,quote
187.547,13,place,CNR,BUY,1500,155.0300,0,ladder
187.547,13,place,CNR,SELL,100,164.6200,0,ladder
187.547,13,place,CNR,BUY,1500,147.0400,0,ladder
187.547,13,place,CNR,BUY,1200,135.8500,0,ladder
187.547,13,place,RY,SELL,1500,103.0700,0,ladder
187.547,13,place,RY,SELL,500,108.0700,0,ladder
187.626,13,place,RY,BUY,1500,97.0600,0,ladder
187.626,13,place,RY,BUY,900,92.0600,0,ladder
187.822,13,fill,AC,BUY,2800,24.9950,-1214,mode=mm
187.823,13,place,CNR,SELL,600,159.2100,0,quote
187.823,13,place,RY,BUY,700,100.0600,0,quote
187.823,13,place,AC,BUY,300,24.9900,-1214,quote
187.823,13,place,AC,SELL,1000,25.0000,-1214,quote
187.823,13,place,CNR,SELL,100,172.5700,0,ladder
187.823,13,place,RY,SELL,700,115.0800,0,ladder
187.959,13,place,AC,SELL,300,25.0100,-1214,quote
188.042,13,fill,RY,BUY,700,100.0800,700,mode=mm
188.042,13,fill,AC,SELL,1000,25.0000,-2214,mode=mm
188.249,14,place,CNR,SELL,300,159.2000,0,quote
188.249,14,place,RY,BUY,500,100.0700,700,quote
188.249,14,place,RY,SELL,700,100.1000,700,quote
188.249,14,place,CNR,SELL,2000,183.6900,0,ladder
188.249,14,place,RY,BUY,400,85.0600,700,ladder
188.345,14,fill,AC,SELL,300,25.0050,-2514,mode=mm
188.615,14,fill,RY,BUY,500,100.0750,1200,mode=mm
188.617,14,stop,RY,SELL,1200,99.8900,1200,loss=10.4t stop=5.0t trend_against=False
188.618,14,place,RY,SELL,1200,99.8900,1200,agg
188.618,14,place,AC,BUY,3100,25.0100,-2514,quote
188.618,14,place,AC,SELL,1000,25.0600,-2514,quote
188.618,14,place,CNR,SELL,300,159.1400,0,quote
188.754,14,regime,RY,,,,,"chop -> mixed (er=0.27, net -16t over 14s)"
188.755,14,place,AC,SELL,1000,25.0500,-2514,quote
188.808,14,fill,RY,SELL,1200,99.9650,0,mode=mm
188.811,14,place,AC,BUY,1900,25.0300,-2514,quote
188.811,14,place,RY,BUY,1500,97.0600,0,ladder
188.811,14,place,RY,SELL,1500,103.0600,0,ladder
188.811,14,place,RY,BUY,1500,92.0600,0,ladder
188.811,14,place,RY,SELL,1500,108.0700,0,ladder
188.811,14,place,RY,BUY,2000,85.0500,0,ladder
188.811,14,place,RY,SELL,2000,115.0700,0,ladder
189.315,14,fill,AC,BUY,1900,25.0350,-614,mode=mm
189.362,14,regime,RY,,,,,"mixed -> chop (er=0.11, net -8t over 14s)"
189.457,14,place,AC,BUY,100,25.0300,-614,quote
189.457,14,place,AC,SELL,1200,25.0400,-614,quote
189.637,14,fill,CNR,SELL,300,159.1250,-300,mode=mm
189.637,14,fill,AC,BUY,100,25.0350,-514,mode=mm
189.638,14,regime,CNR,,,,,"3 stop-outs in 86s -> toxic flow: half size, no stepping inside for 30s"
189.638,14,stop,CNR,BUY,300,159.1600,-300,loss=54.0t stop=31.0t trend_against=False
189.643,14,place,CNR,BUY,300,159.1600,-300,agg
189.911,14,fill,CNR,BUY,300,159.1250,0,mode=mm
189.912,14,place,AC,BUY,1500,25.0100,-514,quote
189.912,14,place,AC,SELL,1200,25.0200,-514,quote
189.912,14,place,CNR,BUY,1500,154.7600,0,ladder
189.912,14,place,CNR,SELL,1500,164.3300,0,ladder
189.912,14,place,CNR,BUY,900,146.7800,0,ladder
189.912,14,place,CNR,SELL,1500,172.3100,0,ladder
189.912,14,place,CNR,SELL,1200,183.4800,0,ladder
189.963,14,place,CNR,BUY,400,135.6200,0,ladder
190.126,14,fill,AC,BUY,1500,25.0150,986,mode=mm
190.229,14,place,CNR,BUY,200,159.5600,0,quote
190.357,14,fill,AC,SELL,1200,25.0150,-214,mode=mm
190.358,14,place,CNR,BUY,200,159.5700,0,quote
190.358,14,place,AC,SELL,1300,25.0200,-214,quote
190.476,14,place,RY,SELL,1200,100.0700,0,quote
190.638,14,place,RY,SELL,1200,100.0600,0,quote
190.638,14,place,CNR,BUY,200,159.5800,0,quote
190.896,14,fill,RY,SELL,1200,100.0400,-1200,mode=mm
190.900,14,fill,AC,SELL,1300,25.0150,-1514,mode=mm
190.905,14,place,RY,BUY,1200,100.0200,-1200,quote
190.905,14,place,CNR,BUY,200,159.6000,0,quote
190.967,14,place,AC,SELL,900,25.0200,-1514,quote
191.182,14,place,RY,BUY,800,100.0300,-1200,quote
191.428,14,fill,AC,SELL,900,25.0100,-2414,mode=mm
191.445,14,place,AC,SELL,1100,25.0400,-2414,quote
191.445,14,place,RY,BUY,1200,100.0200,-1200,quote
191.483,14,place,AC,BUY,3100,25.0100,-2414,quote
191.676,14,fill,AC,BUY,3100,25.0150,686,mode=mm
191.680,14,place,AC,BUY,1900,25.0000,686,quote
191.680,14,place,AC,SELL,2600,25.0100,686,quote
191.680,14,place,RY,SELL,500,100.0500,-1200,quote
191.958,14,place,RY,BUY,800,100.0000,-1200,quote
191.958,14,place,RY,SELL,500,100.0300,-1200,quote
192.013,14,fill,RY,BUY,1200,100.0150,0,mode=mm
192.015,14,fill,AC,SELL,1000,25.0100,-314,mode=mm
192.027,14,place,AC,SELL,2200,25.0200,-314,quote
192.027,14,place,CNR,BUY,200,160.0100,0,quote
192.027,14,place,CNR,BUY,1500,154.7600,0,ladder
192.027,14,place,CNR,SELL,1500,164.3300,0,ladder
192.027,14,place,CNR,BUY,1500,146.7800,0,ladder
192.027,14,place,CNR,SELL,900,172.3100,0,ladder
192.027,14,place,CNR,BUY,400,135.6200,0,ladder
192.027,14,place,CNR,SELL,400,183.4800,0,ladder
192.172,14,fill,AC,SELL,1600,25.0100,-1914,mode=mm
192.444,15,place,CNR,BUY,300,160.2100,0,quote
192.444,15,place,RY,BUY,700,99.9900,0,quote
192.444,15,place,RY,SELL,700,100.0200,0,quote
192.444,15,place,AC,BUY,1800,25.0000,-1914,quote
192.444,15,place,AC,SELL,700,25.0100,-1914,quote
192.444,15,place,CNR,BUY,1500,154.7800,0,ladder
192.444,15,place,CNR,SELL,1500,164.3500,0,ladder
192.444,15,place,CNR,BUY,500,146.8000,0,ladder
192.444,15,place,CNR,SELL,1500,172.3300,0,ladder
192.444,15,place,CNR,BUY,200,135.6300,0,ladder
192.444,15,place,CNR,SELL,400,183.5000,0,ladder
192.705,15,fill,CNR,BUY,300,160.2250,300,mode=mm
192.705,15,fill,RY,SELL,700,100.0050,-700,mode=mm
192.706,15,stop,CNR,SELL,300,159.3500,300,loss=69.0t stop=42.9t trend_against=False
192.707,15,place,CNR,SELL,300,159.3500,300,agg
192.978,15,fill,CNR,SELL,300,159.7250,0,mode=mm
193.023,15,place,RY,BUY,1300,100.0000,-700,quote
193.023,15,place,RY,SELL,900,100.0400,-700,quote
193.023,15,place,CNR,SELL,200,159.8900,0,quote
193.023,15,place,CNR,BUY,900,154.8000,0,ladder
193.023,15,place,CNR,SELL,500,164.3800,0,ladder
193.023,15,place,CNR,BUY,500,146.8200,0,ladder
193.023,15,place,CNR,SELL,300,172.3500,0,ladder
193.198,15,place,RY,BUY,700,99.9900,-700,quote
193.240,15,place,CNR,BUY,2000,135.6500,0,ladder
193.240,15,place,CNR,SELL,2000,183.5300,0,ladder
193.492,15,place,RY,SELL,900,100.0300,-700,quote
193.564,15,fill,CNR,SELL,200,159.7100,-200,mode=mm
193.575,15,stop,CNR,BUY,200,160.5000,-200,loss=54.0t stop=42.9t trend_against=False
193.576,15,place,CNR,BUY,200,160.5000,-200,agg
194.000,15,fill,CNR,BUY,200,159.5950,0,mode=mm
194.003,15,place,CNR,BUY,1500,154.8000,0,ladder
194.003,15,place,CNR,SELL,1500,164.3800,0,ladder
194.003,15,place,CNR,BUY,1500,146.8200,0,ladder
194.003,15,place,CNR,SELL,1500,172.3500,0,ladder
194.003,15,place,CNR,BUY,2000,135.6500,0,ladder
194.003,15,place,CNR,SELL,2000,183.5300,0,ladder
194.239,15,place,RY,BUY,800,100.0000,-700,quote
194.304,15,fill,RY,SELL,900,100.0150,-1600,mode=mm
194.306,15,regime,CNR,,,,,"mixed -> chop (er=0.14, net +56t over 14s)"
194.306,15,stop,RY,BUY,1600,100.0600,-1600,loss=9.4t stop=5.6t trend_against=False
194.307,15,place,RY,BUY,1600,100.0600,-1600,agg
194.442,15,fill,RY,BUY,2400,100.0150,800,mode=mm
194.444,15,place,RY,SELL,800,100.0300,800,quote
194.444,15,place,RY,BUY,1500,97.0300,800,ladder
194.444,15,place,RY,SELL,1500,103.0300,800,ladder
194.444,15,place,RY,SELL,1500,108.0300,800,ladder
194.444,15,place,RY,SELL,1200,115.0400,800,ladder
194.568,15,place,RY,BUY,900,92.0300,800,ladder
194.568,15,place,RY,BUY,400,85.0300,800,ladder
195.203,15,fill,RY,SELL,800,100.0150,0,mode=mm
195.208,15,place,RY,BUY,1200,100.0800,0,quote
195.466,15,place,RY,BUY,700,100.1000,0,quote
195.850,15,place,CNR,BUY,200,159.8300,0,quote
195.945,15,fill,RY,BUY,700,100.1150,700,mode=mm
195.945,15,place,RY,BUY,900,100.0800,700,quote
195.945,15,place,RY,SELL,700,100.1400,700,quote
195.945,15,place,CNR,BUY,200,159.5800,0,quote
196.013,15,place,RY,SELL,700,100.1200,700,quote
196.189,15,fill,AC,BUY,1800,25.0050,-114,mode=mm
196.190,16,place,CNR,BUY,300,159.8300,0,quote
196.190,16,place,AC,BUY,1500,25.0000,-114,quote
196.459,16,fill,RY,BUY,900,100.1000,1600,mode=mm
196.461,16,place,RY,BUY,700,100.0800,1600,quote
196.746,16,place,RY,SELL,800,100.1100,1600,quote
196.997,16,place,CNR,SELL,300,159.9700,0,quote
197.228,16,fill,RY,SELL,800,100.0950,800,mode=mm
197.229,16,place,RY,SELL,800,100.1300,800,quote
197.521,16,fill,CNR,SELL,300,159.8950,-300,mode=mm
197.522,16,place,CNR,SELL,300,159.9700,-300,quote
197.522,16,place,RY,BUY,500,100.0900,800,quote
197.522,16,place,RY,SELL,800,100.1200,800,quote
197.635,16,place,CNR,SELL,300,159.9600,-300,quote
197.720,16,place,CNR,BUY,200,159.8500,-300,quote
197.720,16,place,CNR,SELL,200,159.9500,-300,quote
198.051,16,fill,RY,BUY,500,100.1050,1300,mode=mm
198.051,16,place,RY,BUY,800,100.0500,1300,quote
198.051,16,place,CNR,BUY,200,159.5800,-300,quote
198.249,16,place,RY,BUY,800,100.0600,1300,quote
198.249,16,place,RY,SELL,1400,100.1000,1300,quote
198.405,16,place,CNR,BUY,200,159.5900,-300,quote
198.405,16,place,CNR,SELL,200,159.9400,-300,quote
198.502,16,fill,RY,BUY,800,100.0800,2100,mode=mm
198.502,16,place,CNR,SELL,200,159.9300,-300,quote
198.502,16,place,RY,BUY,300,100.0700,2100,quote
198.791,16,fill,CNR,SELL,400,159.7600,-700,mode=mm
198.792,16,place,CNR,BUY,200,159.6100,-700,quote
198.792,16,place,CNR,SELL,100,159.7300,-700,quote
199.038,16,fill,CNR,SELL,100,159.6700,-800,mode=mm
199.038,16,fill,RY,BUY,300,100.0850,2400,mode=mm
199.043,16,stop,RY,SELL,2400,100.0100,2400,loss=6.4t stop=5.1t trend_against=False
199.044,16,place,RY,SELL,2400,100.0100,2400,agg
199.044,16,place,CNR,BUY,200,159.6200,-800,quote
199.277,16,fill,CNR,BUY,200,159.6750,-600,mode=mm
199.277,16,fill,RY,SELL,2400,100.0700,0,mode=mm
199.281,16,regime,CNR,,,,,"chop -> mixed (er=0.25, net -79t over 14s)"
199.282,16,place,RY,SELL,1200,100.0700,0,quote
199.282,16,place,CNR,BUY,400,159.5700,-600,quote
199.282,16,place,CNR,SELL,300,159.6200,-600,quote
199.282,16,place,RY,BUY,1500,97.0700,0,ladder
199.282,16,place,RY,SELL,1500,103.0700,0,ladder
199.282,16,place,RY,BUY,1500,92.0600,0,ladder
199.282,16,place,RY,SELL,1500,108.0700,0,ladder
199.282,16,place,RY,BUY,2000,85.0600,0,ladder
199.282,16,place,RY,SELL,2000,115.0800,0,ladder
199.526,16,place,CNR,BUY,200,159.5800,-600,quote
199.526,16,place,CNR,SELL,200,159.9700,-600,quote
199.526,16,place,RY,SELL,700,100.0500,0,quote
199.805,16,fill,CNR,SELL,500,159.9650,-1100,mode=mm
199.806,16,stop,CNR,BUY,1100,160.4700,-1100,loss=57.6t stop=40.9t trend_against=False
199.807,16,place,CNR,BUY,1100,160.4700,-1100,agg
200.026,16,fill,CNR,BUY,1100,160.3050,0,mode=mm
200.258,16,place,CNR,BUY,200,160.1700,0,quote
200.258,16,place,RY,SELL,700,100.0400,0,quote
200.258,16,place,CNR,BUY,1500,154.9100,0,ladder
200.258,16,place,CNR,SELL,1500,164.4900,0,ladder
200.258,16,place,CNR,BUY,1500,146.9200,0,ladder
200.258,16,place,CNR,SELL,1500,172.4700,0,ladder
200.258,16,place,CNR,BUY,1200,135.7400,0,ladder
200.258,16,place,CNR,SELL,2000,183.6500,0,ladder
200.571,17,fill,CNR,BUY,200,160.3050,200,mode=mm
200.571,17,fill,RY,SELL,700,100.0250,-700,mode=mm
200.573,17,stop,CNR,SELL,200,159.3000,200,loss=80.0t stop=40.9t trend_against=False
200.574,17,place,CNR,SELL,200,159.3000,200,agg
200.821,17,fill,CNR,SELL,200,159.7050,0,mode=mm
200.824,17,place,RY,BUY,700,99.9400,-700,quote
200.824,17,place,RY,SELL,500,100.0500,-700,quote
200.824,17,place,CNR,BUY,900,154.9100,0,ladder
200.824,17,place,CNR,SELL,900,164.4900,0,ladder
200.824,17,place,CNR,SELL,100,172.4700,0,ladder
200.824,17,place,CNR,SELL,100,183.6500,0,ladder
200.904,17,place,CNR,BUY,1500,146.9200,0,ladder
200.904,17,place,CNR,BUY,2000,135.7400,0,ladder
201.015,17,place,RY,BUY,700,99.9500,-700,quote
201.015,17,place,RY,SELL,900,100.0300,-700,quote
201.270,17,place,RY,BUY,700,99.9300,-700,quote
201.270,17,place,RY,SELL,900,100.0000,-700,quote
201.326,17,place,RY,BUY,700,99.9400,-700,quote
201.545,17,place,RY,BUY,700,99.9500,-700,quote
201.545,17,place,RY,SELL,500,99.9900,-700,quote
201.916,17,place,RY,BUY,700,99.9600,-700,quote
202.022,17,fill,RY,BUY,700,99.9750,0,mode=mm
202.230,17,place,RY,BUY,700,99.9600,0,quote
202.387,17,fill,RY,BUY,700,99.9750,700,mode=mm
202.387,17,place,RY,BUY,500,99.8800,700,quote
202.387,17,place,RY,SELL,800,99.9300,700,quote
202.585,17,fill,RY,SELL,800,99.9150,-100,mode=mm
202.590,17,stop,RY,BUY,100,100.0300,-100,loss=13.0t stop=5.4t trend_against=False
202.591,17,place,RY,BUY,100,100.0300,-100,agg
202.657,17,regime,AC,,,,,"chop -> mixed (er=0.54, net -3t over 14s)"
202.798,17,fill,RY,BUY,100,99.9550,0,mode=mm
202.799,17,place,RY,BUY,1500,97.0200,0,ladder
202.799,17,place,RY,SELL,1500,103.0300,0,ladder
202.799,17,place,RY,BUY,1500,92.0200,0,ladder
202.799,17,place,RY,SELL,1500,108.0300,0,ladder
202.799,17,place,RY,BUY,2000,85.0200,0,ladder
202.799,17,place,RY,SELL,2000,115.0300,0,ladder
202.890,17,place,CNR,SELL,200,159.7300,0,quote
203.085,17,place,CNR,SELL,200,159.9700,0,quote
203.250,17,place,RY,BUY,700,100.0100,0,quote
203.376,17,place,CNR,SELL,200,159.7200,0,quote
203.649,17,fill,CNR,SELL,200,159.6350,-200,mode=mm
203.651,17,stop,CNR,BUY,200,159.7600,-200,loss=72.0t stop=40.9t trend_against=False
203.652,17,place,CNR,BUY,200,159.7600,-200,agg
203.923,17,fill,CNR,BUY,200,159.6350,0,mode=mm
203.924,17,place,CNR,BUY,200,159.5200,0,quote
203.924,17,place,CNR,BUY,1500,154.9100,0,ladder
203.924,17,place,CNR,SELL,1500,164.4900,0,ladder
203.924,17,place,CNR,BUY,1500,146.9200,0,ladder
203.924,17,place,CNR,SELL,1500,172.4700,0,ladder
203.924,17,place,CNR,BUY,2000,135.7400,0,ladder
203.924,17,place,CNR,SELL,2000,183.6500,0,ladder
203.979,18,place,RY,BUY,1200,100.0300,0,quote
204.115,18,place,RY,BUY,1200,100.0400,0,quote
204.115,18,place,CNR,BUY,200,159.5400,0,quote
204.391,18,place,CNR,BUY,200,159.5500,0,quote
204.391,18,place,RY,BUY,700,100.0500,0,quote
204.681,18,fill,CNR,BUY,200,159.6250,200,mode=mm
204.682,18,place,CNR,SELL,200,159.6800,200,quote
204.870,18,regime,CNR,,,,,"mixed -> TREND (er=0.75, net -59t over 14s)"
204.872,18,place,CNR,SELL,200,159.7000,200,quote
205.163,18,place,CNR,BUY,300,159.5700,200,quote
205.163,18,place,CNR,SELL,200,159.6900,200,quote
205.423,18,fill,CNR,SELL,200,159.6350,0,mode=mm
205.545,18,place,CNR,BUY,300,159.5800,0,quote
205.685,18,place,CNR,BUY,300,159.6000,0,quote
205.759,18,place,RY,SELL,700,100.0800,0,quote
205.929,18,place,CNR,BUY,300,159.6100,0,quote
206.326,18,regime,AC,,,,,"mixed -> chop (er=0.00, net +0t over 14s)"
206.481,18,place,CNR,BUY,300,159.6200,0,quote
206.718,18,place,CNR,BUY,300,159.6300,0,quote
206.812,18,place,CNR,SELL,300,159.7000,0,quote
206.951,18,place,CNR,BUY,300,159.6400,0,quote
206.951,18,place,CNR,SELL,300,159.7200,0,quote
207.050,18,regime,CNR,,,,,"TREND -> mixed (er=0.33, net -14t over 14s)"
207.250,18,fill,CNR,SELL,300,159.6800,-300,mode=mm
207.251,18,place,CNR,BUY,600,159.6500,-300,quote
207.251,18,place,CNR,SELL,500,159.6900,-300,quote
207.430,18,place,CNR,BUY,600,159.6600,-300,quote
207.430,18,place,CNR,SELL,500,159.7100,-300,quote
207.696,18,place,CNR,BUY,600,159.6700,-300,quote
207.696,18,place,CNR,SELL,500,159.7200,-300,quote
207.939,18,place,CNR,BUY,600,159.7000,-300,quote
207.939,18,place,CNR,SELL,500,159.7500,-300,quote
208.105,19,regime,CNR,,,,,"mixed -> chop (er=0.21, net -10t over 14s)"
208.189,19,place,CNR,SELL,500,159.7600,-300,quote
208.438,19,place,CNR,BUY,600,159.7300,-300,quote
208.438,19,place,CNR,SELL,500,159.8000,-300,quote
208.620,19,place,CNR,SELL,500,159.7900,-300,quote
208.713,19,place,CNR,BUY,600,159.7400,-300,quote
208.955,19,place,CNR,BUY,600,159.7600,-300,quote
208.955,19,place,CNR,SELL,500,159.8400,-300,quote
209.179,19,place,CNR,SELL,500,159.8300,-300,quote
209.261,19,place,CNR,BUY,600,159.7900,-300,quote
209.261,19,place,CNR,SELL,500,159.8500,-300,quote
209.488,19,place,CNR,BUY,600,159.8100,-300,quote
209.488,19,place,CNR,SELL,500,159.8900,-300,quote
209.757,19,place,CNR,BUY,600,159.8200,-300,quote
209.757,19,place,CNR,SELL,500,159.9100,-300,quote
210.000,19,place,CNR,BUY,300,159.8400,-300,quote
210.000,19,place,CNR,SELL,300,159.9500,-300,quote
210.265,19,stop,CNR,BUY,300,160.1200,-300,loss=25.0t stop=21.5t trend_against=False
210.266,19,place,CNR,BUY,300,160.1200,-300,agg
210.541,19,fill,CNR,BUY,150,159.9800,-150,mode=mm
211.339,19,stop,CNR,BUY,150,160.1200,-150,loss=27.7t stop=20.2t trend_against=False
211.339,19,place,CNR,BUY,150,160.1200,-150,agg
211.527,19,fill,CNR,BUY,150,160.0200,0,mode=mm
211.531,19,place,CNR,BUY,600,159.9900,0,quote
211.531,19,place,CNR,BUY,1500,154.9900,0,ladder
211.531,19,place,CNR,SELL,1500,164.5800,0,ladder
211.531,19,place,CNR,BUY,1500,147.0000,0,ladder
211.531,19,place,CNR,SELL,1500,172.5600,0,ladder
211.531,19,place,CNR,BUY,2000,135.8100,0,ladder
211.531,19,place,CNR,SELL,2000,183.7500,0,ladder
211.754,19,place,CNR,BUY,600,160.0000,0,quote
211.911,19,place,CNR,BUY,600,160.0200,0,quote
211.992,19,place,CNR,BUY,600,160.0300,0,quote
212.267,20,place,CNR,BUY,300,160.0400,0,quote
212.334,20,regime,CNR,,,,,"chop -> TREND (er=0.94, net +45t over 14s)"
213.763,20,place,RY,BUY,1500,100.0600,0,quote
213.763,20,place,RY,SELL,1500,100.0700,0,quote
215.200,20,regime,RY,,,,,"chop -> mixed (er=0.42, net +6t over 14s)"
216.501,21,place,AC,SELL,2400,25.0100,-114,quote
217.145,21,place,CNR,BUY,300,160.3000,0,quote
217.145,21,place,CNR,SELL,300,160.4600,0,quote
217.145,21,place,CNR,BUY,1500,155.0800,0,ladder
217.145,21,place,CNR,SELL,1500,164.6700,0,ladder
217.145,21,place,CNR,BUY,1500,147.0800,0,ladder
217.145,21,place,CNR,SELL,1500,172.6600,0,ladder
217.145,21,place,CNR,BUY,2000,135.8900,0,ladder
217.145,21,place,CNR,SELL,2000,183.8500,0,ladder
217.402,21,place,CNR,BUY,300,160.3100,0,quote
217.646,21,place,CNR,BUY,300,160.3300,0,quote
217.709,21,place,CNR,SELL,300,160.4500,0,quote
217.947,21,place,CNR,BUY,300,160.3400,0,quote
217.947,21,place,CNR,SELL,300,160.4400,0,quote
218.164,21,place,CNR,BUY,300,160.3600,0,quote
218.494,21,place,CNR,BUY,300,160.3700,0,quote
218.615,21,regime,RY,,,,,"mixed -> chop (er=0.00, net +0t over 14s)"
218.737,21,place,CNR,BUY,300,160.3800,0,quote
219.008,21,place,CNR,BUY,300,160.4300,0,quote
219.207,21,place,CNR,BUY,300,160.4400,0,quote
219.969,21,place,CNR,BUY,300,160.4600,0,quote
220.663,22,fill,RY,BUY,1500,100.0650,1500,mode=mm
220.665,22,place,RY,BUY,1500,100.0500,1500,quote
220.665,22,place,RY,SELL,2900,100.0600,1500,quote
220.841,22,regime,RY,,,,,"chop -> mixed (er=1.00, net -0t over 14s)"
220.929,22,fill,RY,SELL,40,100.0600,1460,mode=mm
221.439,22,fill,RY,SELL,2860,100.0550,-1400,mode=mm
221.441,22,place,CNR,BUY,300,160.4700,0,quote
221.441,22,place,RY,SELL,900,100.0600,-1400,quote
222.233,22,fill,RY,BUY,1500,100.0550,100,mode=mm
222.234,22,place,RY,BUY,1400,100.0500,100,quote
222.457,22,fill,RY,BUY,1400,100.0550,1500,mode=mm
222.459,22,place,RY,BUY,1500,100.0300,1500,quote
222.459,22,place,RY,SELL,2900,100.0400,1500,quote
223.210,22,fill,RY,BUY,1500,100.0350,3000,mode=mm
223.211,22,place,RY,BUY,500,100.0200,3000,quote
224.219,23,place,RY,BUY,900,100.0100,3000,quote
224.219,23,place,RY,SELL,3300,100.0300,3000,quote
224.999,23,place,RY,BUY,500,100.0000,3000,quote
224.999,23,place,RY,SELL,2000,100.0200,3000,quote
227.283,23,fill,AC,BUY,1500,25.0050,1386,mode=mm
227.284,23,place,AC,BUY,1500,25.0000,1386,quote
227.775,23,fill,AC,BUY,1500,25.0050,2886,mode=mm
227.777,23,place,AC,BUY,900,24.9900,2886,quote
228.050,23,fill,AC,SELL,2400,25.0050,486,mode=mm
228.053,23,place,AC,BUY,2100,25.0000,486,quote
228.053,23,place,AC,SELL,2600,25.0100,486,quote
228.552,24,fill,AC,BUY,2100,25.0050,2586,mode=mm
228.556,24,place,AC,BUY,1000,24.9900,2586,quote
229.065,24,fill,AC,SELL,2600,25.0050,-14,mode=mm
229.067,24,place,AC,BUY,2500,25.0000,-14,quote
229.067,24,place,AC,SELL,2400,25.0100,-14,quote
229.588,24,fill,AC,BUY,500,25.0050,486,mode=mm
229.590,24,place,AC,BUY,2100,25.0000,486,quote
229.840,24,fill,AC,SELL,400,25.0050,86,mode=mm
229.840,24,place,AC,SELL,2500,25.0100,86,quote
230.096,24,fill,AC,BUY,2100,25.0050,2186,mode=mm
230.097,24,place,AC,BUY,1200,25.0000,2186,quote
230.357,24,fill,AC,SELL,1000,25.0050,1186,mode=mm
230.621,24,fill,AC,SELL,300,25.0050,886,mode=mm
230.622,24,place,AC,BUY,1800,25.0000,886,quote
230.622,24,place,AC,SELL,2700,25.0100,886,quote
231.398,24,fill,AC,BUY,1800,25.0050,2686,mode=mm
231.401,24,place,AC,BUY,1000,24.9900,2686,quote
231.631,24,fill,AC,SELL,2700,25.0050,-14,mode=mm
231.644,24,place,AC,BUY,2500,25.0000,-14,quote
231.644,24,place,AC,SELL,2400,25.0100,-14,quote
232.159,24,fill,AC,BUY,2500,25.0050,2486,mode=mm
232.161,24,place,AC,BUY,1000,24.9900,2486,quote
232.411,25,fill,AC,SELL,963,25.0050,1523,mode=mm
232.412,25,place,AC,BUY,1500,25.0000,1523,quote
232.665,25,fill,AC,SELL,1437,25.0050,86,mode=mm
232.667,25,place,AC,SELL,2500,25.0100,86,quote
232.798,25,regime,CNR,,,,,"TREND -> mixed (er=1.00, net +7t over 14s)"
232.945,25,fill,AC,BUY,200,25.0050,286,mode=mm
233.156,25,place,AC,BUY,2200,25.0000,286,quote
233.187,25,fill,AC,BUY,1300,25.0050,1586,mode=mm
233.679,25,fill,AC,BUY,2200,25.0050,3786,mode=mm
233.685,25,place,AC,BUY,700,24.9900,3786,quote
233.734,25,place,CNR,SELL,400,160.5000,0,quote
233.924,25,fill,AC,SELL,1663,25.0050,2123,mode=mm
233.925,25,place,AC,BUY,1200,25.0000,2123,quote
233.956,25,place,AC,SELL,3000,25.0100,2123,quote
234.196,25,fill,AC,SELL,424,25.0050,1699,mode=mm
234.454,25,fill,AC,BUY,787,25.0050,2486,mode=mm
234.455,25,place,AC,BUY,1000,24.9800,2486,quote
234.455,25,place,AC,SELL,3100,25.0000,2486,quote
234.549,25,regime,AC,,,,,"chop -> mixed (er=1.00, net -1t over 14s)"
234.692,25,place,AC,BUY,1000,24.9700,2486,quote
234.692,25,place,AC,SELL,3100,24.9900,2486,quote
234.933,25,fill,AC,BUY,1000,24.9900,3486,mode=mm
234.935,25,place,AC,BUY,700,24.9600,3486,quote
234.935,25,place,AC,SELL,700,24.9800,3486,quote
235.211,25,fill,AC,SELL,3100,24.9800,386,mode=mm
235.715,25,place,AC,BUY,2100,24.9400,386,quote
235.715,25,place,AC,SELL,2600,24.9600,386,quote
235.853,25,place,AC,BUY,2100,24.9500,386,quote
235.953,25,fill,AC,SELL,2600,24.9600,-2214,mode=mm
235.957,25,place,AC,BUY,3100,24.9600,-2214,quote
235.957,25,place,AC,SELL,600,24.9700,-2214,quote
236.018,25,regime,CNR,,,,,"mixed -> chop (er=0.00, net +0t over 14s)"
236.018,25,place,AC,BUY,1800,24.9500,-2214,quote
236.240,25,fill,AC,BUY,3100,24.9550,886,mode=mm
236.900,26,regime,AC,,,,,"mixed -> chop (er=0.11, net -1t over 14s)"
237.243,26,place,AC,BUY,1800,24.9900,886,quote
237.243,26,place,AC,SELL,2700,25.0000,886,quote
237.284,26,place,AC,BUY,1000,25.0000,886,quote
237.284,26,place,AC,SELL,2700,25.0300,886,quote
237.512,26,fill,AC,SELL,5400,25.0150,-4514,mode=mm
237.692,26,regime,AC,,,,,"chop -> mixed (er=0.33, net +5t over 14s)"
238.224,26,regime,AC,,,,,"mixed -> chop (er=0.14, net +2t over 14s)"
238.509,26,place,AC,BUY,1300,25.0200,-4514,quote
238.544,26,place,AC,BUY,400,25.0100,-4514,quote
238.818,26,fill,AC,BUY,1700,25.0150,-2814,mode=mm
238.821,26,place,AC,BUY,3200,24.9800,-2814,quote
238.857,26,place,AC,SELL,900,25.0300,-2814,quote
239.062,26,fill,AC,BUY,3200,25.0000,386,mode=mm
239.064,26,place,AC,BUY,1300,24.9500,386,quote
239.064,26,place,AC,SELL,1500,25.0100,386,quote
239.113,26,place,AC,BUY,1300,24.9600,386,quote
239.258,26,regime,RY,,,,,"mixed -> chop (er=0.00, net +0t over 14s)"
239.310,26,fill,AC,BUY,2600,24.9850,2986,mode=mm
239.809,26,place,AC,SELL,3300,24.9800,2986,quote
239.943,26,place,AC,SELL,3300,24.9700,2986,quote
240.087,26,fill,AC,SELL,3900,24.9700,-914,mode=mm
240.338,26,place,AC,BUY,2700,24.9300,-914,quote
240.338,26,place,AC,SELL,300,24.9600,-914,quote
240.549,27,place,AC,BUY,900,24.9400,-914,quote
240.587,27,place,AC,SELL,1000,24.9600,-914,quote
240.630,27,place,AC,BUY,300,24.9500,-914,quote
240.846,27,fill,AC,BUY,300,24.9500,-614,mode=mm
241.334,27,fill,AC,SELL,1000,24.9500,-1614,mode=mm
241.348,27,place,AC,BUY,1000,24.9400,-1614,quote
241.348,27,place,AC,SELL,1400,24.9500,-1614,quote
241.588,27,fill,AC,BUY,1000,24.9400,-614,mode=mm
241.878,27,fill,AC,SELL,1400,24.9400,-2014,mode=mm
241.880,27,place,AC,SELL,1200,24.9500,-2014,quote
241.941,27,place,AC,BUY,1500,24.9200,-2014,quote
241.941,27,place,AC,SELL,300,24.9600,-2014,quote
242.898,27,fill,AC,SELL,1200,24.9350,-3214,mode=mm
242.901,27,place,AC,SELL,400,24.9700,-3214,quote
243.144,27,place,AC,BUY,1000,24.9300,-3214,quote
243.956,27,place,AC,SELL,400,24.9800,-3214,quote
244.162,28,place,AC,BUY,1000,24.9400,-3214,quote
246.466,28,fill,RY,SELL,2000,100.0150,1000,mode=mm
246.469,28,place,RY,BUY,1700,100.0100,1000,quote
246.469,28,place,RY,SELL,2700,100.0200,1000,quote
246.615,28,regime,RY,,,,,"chop -> mixed (er=1.00, net +1t over 14s)"
246.725,28,fill,RY,SELL,2700,100.0200,-1700,mode=mm
246.727,28,place,RY,BUY,2900,100.0200,-1700,quote
246.727,28,place,RY,SELL,1400,100.0300,-1700,quote
247.233,28,fill,RY,SELL,1400,100.0250,-3100,mode=mm
247.235,28,place,RY,BUY,2000,100.0300,-3100,quote
247.463,28,place,RY,SELL,500,100.0500,-3100,quote
247.504,28,place,RY,BUY,3300,100.0400,-3100,quote
247.504,28,place,RY,SELL,800,100.0600,-3100,quote
247.759,28,place,RY,BUY,2000,100.0500,-3100,quote
247.759,28,place,RY,SELL,500,100.0800,-3100,quote
247.845,28,place,RY,SELL,100,100.0700,-3100,quote
247.940,28,place,RY,SELL,100,100.0700,-3100,quote
248.078,28,fill,RY,SELL,600,100.0550,-3700,mode=mm
248.227,29,place,RY,SELL,400,100.0700,-3700,quote
248.287,29,fill,RY,SELL,200,100.0550,-3900,mode=mm
248.287,29,place,RY,BUY,2100,100.0700,-3900,quote
248.287,29,place,RY,SELL,200,100.1400,-3900,quote
248.566,29,fill,RY,BUY,733,100.0900,-3167,mode=mm
248.568,29,regime,RY,,,,,"3 stop-outs in 85s -> toxic flow: half size, no stepping inside for 30s"
248.568,29,stop,RY,BUY,3167,100.1300,-3167,loss=5.2t stop=5.0t trend_against=False
248.578,29,place,RY,BUY,3167,100.1300,-3167,agg
248.745,29,place,CNR,BUY,900,160.4800,0,quote
248.745,29,place,CNR,SELL,900,160.4900,0,quote
248.800,29,fill,RY,BUY,4234,100.0750,1067,mode=mm
248.938,29,place,RY,SELL,1000,100.1100,1067,quote
248.938,29,place,RY,SELL,1500,103.0300,1067,ladder
248.938,29,place,RY,SELL,1500,108.0300,1067,ladder
248.938,29,place,RY,SELL,1200,115.0400,1067,ladder
249.049,29,place,RY,SELL,800,100.1000,1067,quote
249.563,29,place,RY,BUY,500,100.0700,1067,quote
249.563,29,place,RY,BUY,1500,97.0400,1067,ladder
249.813,29,fill,RY,SELL,800,100.0850,267,mode=mm
249.817,29,place,RY,BUY,600,100.0900,267,quote
249.817,29,place,RY,SELL,200,100.1500,267,quote
249.817,29,place,RY,BUY,100,92.0400,267,ladder
249.817,29,place,RY,BUY,100,85.0400,267,ladder
250.059,29,place,RY,SELL,200,100.1300,267,quote
250.315,29,fill,RY,BUY,600,100.1100,867,mode=mm
250.316,29,place,RY,BUY,500,100.0900,867,quote
250.316,29,place,RY,SELL,800,100.1200,867,quote
251.096,29,fill,RY,SELL,800,100.1050,67,mode=mm
251.348,29,fill,RY,BUY,500,100.1200,567,mode=mm
251.350,29,place,RY,BUY,1000,100.0700,567,quote
251.539,29,regime,AC,,,,,"chop -> mixed (er=0.32, net -6t over 14s)"
251.635,29,place,RY,SELL,500,100.1100,567,quote
251.969,29,place,RY,BUY,600,100.0800,567,quote
252.103,29,fill,RY,SELL,500,100.0950,67,mode=mm
252.137,29,place,RY,BUY,700,100.1000,67,quote
252.137,29,place,RY,SELL,700,100.1300,67,quote
252.626,30,fill,RY,SELL,700,100.1150,-633,mode=mm
252.631,30,place,RY,BUY,800,100.1200,-633,quote
252.631,30,place,RY,SELL,600,100.1600,-633,quote
252.777,30,place,RY,SELL,600,100.1500,-633,quote
252.894,30,place,RY,BUY,1300,100.1100,-633,quote
253.145,30,place,RY,BUY,800,100.1200,-633,quote
253.903,30,regime,AC,,,,,"mixed -> chop (er=0.23, net -2t over 14s)"
254.928,30,fill,RY,BUY,800,100.1350,167,mode=mm
254.931,30,place,RY,BUY,1100,100.1000,167,quote
255.186,30,place,RY,BUY,700,100.1100,167,quote
255.719,30,regime,AC,,,,,"chop -> mixed (er=0.60, net +2t over 14s)"
255.768,30,place,RY,SELL,700,100.1400,167,quote
257.498,31,place,RY,BUY,1100,100.1000,167,quote
257.736,31,place,RY,SELL,1200,100.1500,167,quote
258.007,31,place,RY,SELL,1200,100.1400,167,quote
258.341,31,regime,AC,,,,,"mixed -> chop (er=0.00, net +0t over 14s)"
259.053,31,place,RY,SELL,1200,100.1500,167,quote
259.283,31,fill,RY,BUY,1100,100.1250,1267,mode=mm
259.285,31,place,RY,BUY,400,100.1100,1267,quote
259.285,31,place,RY,SELL,800,100.1400,1267,quote
259.812,31,fill,RY,BUY,400,100.1250,1667,mode=mm
259.814,31,place,RY,BUY,700,100.0900,1667,quote
259.953,31,fill,RY,BUY,700,100.1150,2367,mode=mm
259.955,31,place,RY,BUY,500,100.0600,2367,quote
259.955,31,place,RY,SELL,1500,100.1300,2367,quote
260.067,32,place,RY,BUY,500,100.0500,2367,quote
260.067,32,place,RY,SELL,1500,100.1200,2367,quote
260.339,32,fill,RY,SELL,1500,100.0950,867,mode=mm
260.341,32,place,RY,BUY,900,100.0800,867,quote
260.590,32,fill,RY,BUY,900,100.1000,1767,mode=mm
260.593,32,place,RY,BUY,600,100.0600,1767,quote
260.720,32,regime,RY,,,,,"mixed -> chop (er=0.22, net +7t over 14s)"
260.829,32,place,RY,BUY,400,100.0700,1767,quote
260.829,32,place,RY,SELL,800,100.1000,1767,quote
263.127,32,fill,RY,BUY,400,100.0850,2167,mode=mm
263.127,32,place,RY,BUY,600,100.0400,2167,quote
263.397,32,place,RY,BUY,300,100.0500,2167,quote
263.397,32,place,RY,SELL,900,100.0800,2167,quote
263.880,32,fill,RY,SELL,900,100.0650,1267,mode=mm
263.881,32,place,RY,SELL,1400,100.1000,1267,quote
263.985,32,place,RY,SELL,1400,100.0900,1267,quote
264.158,33,fill,RY,BUY,300,100.0700,1567,mode=mm
264.160,33,place,RY,BUY,700,100.0300,1567,quote
264.160,33,place,RY,SELL,1400,100.0800,1567,quote
264.419,33,place,RY,BUY,400,100.0200,1567,quote
264.419,33,place,RY,SELL,800,100.0600,1567,quote
264.494,33,place,RY,BUY,400,100.0300,1567,quote
264.650,33,regime,RY,,,,,"chop -> mixed (er=0.26, net -6t over 14s)"
264.952,33,fill,RY,BUY,400,100.0450,1967,mode=mm
264.952,33,stop,RY,SELL,1967,99.9700,1967,loss=5.9t stop=5.0t trend_against=False
264.953,33,place,RY,SELL,1967,99.9700,1967,agg
265.187,33,fill,RY,SELL,1967,100.0300,0,mode=mm
265.190,33,place,RY,SELL,1200,100.0400,0,quote
265.190,33,place,RY,BUY,1500,97.0800,0,ladder
265.190,33,place,RY,SELL,1500,103.0800,0,ladder
265.190,33,place,RY,BUY,1500,92.0800,0,ladder
265.190,33,place,RY,SELL,900,108.0900,0,ladder
265.190,33,place,RY,BUY,2000,85.0700,0,ladder
265.190,33,place,RY,SELL,200,115.0900,0,ladder
265.444,33,place,RY,SELL,700,100.0300,0,quote
267.495,33,fill,RY,SELL,700,100.0150,-700,mode=mm
267.496,33,place,RY,BUY,700,100.0100,-700,quote
267.496,33,place,RY,SELL,900,100.0500,-700,quote
267.748,33,fill,RY,SELL,900,100.0300,-1600,mode=mm
267.749,33,place,RY,BUY,800,100.0200,-1600,quote
268.263,34,place,RY,BUY,800,100.0300,-1600,quote
268.263,34,place,RY,SELL,400,100.0600,-1600,quote
268.315,34,fill,RY,BUY,800,100.0450,-800,mode=mm
268.529,34,fill,RY,SELL,400,100.0450,-1200,mode=mm
268.532,34,place,RY,BUY,1400,100.0200,-1200,quote
268.532,34,place,RY,SELL,800,100.0800,-1200,quote
268.789,34,place,RY,BUY,1400,100.0300,-1200,quote
268.789,34,place,RY,SELL,800,100.1000,-1200,quote
268.825,34,fill,RY,SELL,800,100.0600,-2000,mode=mm
268.908,34,place,RY,SELL,600,100.0900,-2000,quote
269.049,34,place,RY,BUY,900,100.0500,-2000,quote
269.294,34,fill,RY,BUY,900,100.0650,-1100,mode=mm
270.067,34,place,RY,BUY,1400,100.0400,-1100,quote
270.105,34,place,RY,SELL,800,100.0800,-1100,quote
270.315,34,fill,RY,SELL,800,100.0600,-1900,mode=mm
270.317,34,place,RY,SELL,300,100.0700,-1900,quote
270.570,34,fill,RY,SELL,300,100.0550,-2200,mode=mm
270.571,34,place,RY,SELL,600,100.1300,-2200,quote
270.599,34,place,RY,SELL,600,100.1200,-2200,quote
270.726,34,regime,RY,,,,,"mixed -> chop (er=0.19, net -5t over 14s)"
270.821,34,place,RY,BUY,900,100.0800,-2200,quote
271.168,34,place,RY,SELL,300,100.1100,-2200,quote
272.351,34,fill,RY,SELL,300,100.0950,-2500,mode=mm
272.351,34,stop,RY,BUY,2500,100.1400,-2500,loss=6.6t stop=5.0t trend_against=False
272.352,34,place,RY,BUY,2500,100.1400,-2500,agg
272.598,35,fill,RY,BUY,2500,100.0950,0,mode=mm
272.600,35,place,RY,BUY,700,100.0800,0,quote
272.600,35,place,RY,BUY,1500,97.0700,0,ladder
272.600,35,place,RY,SELL,1500,103.0700,0,ladder
272.600,35,place,RY,BUY,1500,92.0600,0,ladder
272.600,35,place,RY,SELL,1500,108.0800,0,ladder
272.600,35,place,RY,BUY,1200,85.0600,0,ladder
272.600,35,place,RY,SELL,2000,115.0800,0,ladder
273.366,35,place,AC,BUY,2000,24.9500,-3214,quote
273.366,35,place,AC,SELL,300,24.9700,-3214,quote
273.915,35,place,RY,BUY,1200,100.0900,0,quote
274.176,35,place,RY,BUY,1200,100.1000,0,quote
274.386,35,place,RY,BUY,700,100.1100,0,quote
275.589,35,place,RY,SELL,700,100.1400,0,quote
275.741,35,fill,CNR,BUY,900,160.4850,900,mode=mm
275.749,35,place,CNR,BUY,1100,160.4800,900,quote
277.330,36,regime,RY,,,,,"chop -> mixed (er=0.28, net +6t over 14s)"
278.261,36,fill,CNR,BUY,1100,160.4850,2000,mode=mm
278.263,36,place,CNR,BUY,800,160.4800,2000,quote
278.533,36,fill,CNR,SELL,900,160.4850,1100,mode=mm
278.534,36,place,CNR,SELL,1700,160.4900,1100,quote
278.575,36,place,RY,BUY,1500,100.1200,0,quote
278.575,36,place,RY,SELL,1500,100.1300,0,quote
279.134,36,fill,RY,SELL,1500,100.1250,-1500,mode=mm
279.170,36,place,RY,BUY,2900,100.1300,-1500,quote
279.170,36,place,RY,SELL,1500,100.1400,-1500,quote
279.925,36,fill,CNR,BUY,800,160.4850,1900,mode=mm
279.950,36,place,CNR,BUY,800,160.4800,1900,quote
280.448,37,fill,CNR,BUY,124,160.4850,2024,mode=mm
280.677,37,fill,CNR,BUY,676,160.4850,2700,mode=mm
280.679,37,place,CNR,BUY,600,160.4700,2700,quote
281.177,37,place,CNR,BUY,600,160.4600,2700,quote
281.177,37,place,CNR,SELL,2000,160.4800,2700,quote
281.249,37,regime,CNR,,,,,"chop -> mixed (er=1.00, net -0t over 14s)"
281.708,37,fill,CNR,BUY,458,160.4750,3158,mode=mm
281.714,37,place,CNR,BUY,500,160.4500,3158,quote
281.714,37,place,CNR,SELL,2100,160.4700,3158,quote
281.985,37,fill,CNR,BUY,142,160.4700,3300,mode=mm
282.272,37,fill,CNR,BUY,500,160.4650,3800,mode=mm
282.272,37,place,CNR,BUY,200,160.4100,3800,quote
282.272,37,place,CNR,SELL,1300,160.4400,3800,quote
282.509,37,place,CNR,BUY,200,160.4200,3800,quote
282.757,37,fill,CNR,BUY,400,160.4350,4200,mode=mm
282.757,37,regime,CNR,,,,,"3 stop-outs in 86s -> toxic flow: half size, no stepping inside for 30s"
282.757,37,stop,CNR,SELL,4200,160.3400,4200,loss=7.7t stop=5.0t trend_against=False
282.763,37,place,CNR,SELL,4200,160.3400,4200,agg
283.021,37,fill,CNR,SELL,1300,160.4000,2900,mode=mm
283.496,37,regime,CNR,,,,,"mixed -> TREND (er=1.00, net -38t over 14s)"
283.800,37,stop,CNR,SELL,2900,159.5300,2900,loss=14.7t stop=9.5t trend_against=False
283.800,37,place,CNR,SELL,2900,159.5300,2900,agg
284.102,37,fill,CNR,SELL,2900,159.8500,0,mode=mm
284.307,37,fill,RY,BUY,2900,100.1350,1400,mode=mm
284.309,38,breaker,,,,,,"pnl -39,500 peak 1,493"
284.311,38,place,RY,SELL,1400,100.0800,1400,agg
284.311,38,place,AC,BUY,3214,25.0000,-3214,agg
284.536,38,fill,RY,SELL,1400,100.1300,0,mode=mm
284.537,38,fill,AC,BUY,3214,24.9550,0,mode=mm
292.315,40,place,CNR,SELL,500,159.4000,0,quote
292.315,40,place,RY,BUY,1500,100.1300,0,quote
292.315,40,place,RY,SELL,1500,100.1400,0,quote
292.315,40,place,AC,BUY,2500,24.9500,0,quote
292.315,40,place,AC,SELL,2500,24.9600,0,quote
292.315,40,place,CNR,BUY,1500,154.8800,0,ladder
292.315,40,place,CNR,SELL,1500,164.4600,0,ladder
292.315,40,place,CNR,BUY,1500,146.9000,0,ladder
292.315,40,place,CNR,SELL,1500,172.4500,0,ladder
292.315,40,place,CNR,BUY,2000,135.7200,0,ladder
292.315,40,place,CNR,SELL,2000,183.6200,0,ladder
292.315,40,place,RY,BUY,1500,97.1300,0,ladder
292.315,40,place,RY,SELL,1500,103.1400,0,ladder
292.315,40,place,RY,BUY,1500,92.1200,0,ladder
292.315,40,place,RY,SELL,1500,108.1400,0,ladder
292.315,40,place,RY,BUY,2000,85.1100,0,ladder
292.315,40,place,RY,SELL,2000,115.1500,0,ladder
293.429,40,place,CNR,SELL,500,159.4100,0,quote
293.756,40,fill,CNR,SELL,237,159.3900,-237,mode=mm
293.758,40,place,CNR,SELL,500,159.4200,-237,quote
293.799,40,regime,RY,,,,,"mixed -> chop (er=0.00, net +0t over 14s)"
293.961,40,fill,CNR,SELL,500,159.4000,-737,mode=mm
293.963,40,place,CNR,SELL,400,159.4300,-737,quote
294.463,40,fill,CNR,SELL,400,159.4150,-1137,mode=mm
294.465,40,place,CNR,SELL,400,159.4400,-1137,quote
294.700,40,place,CNR,SELL,400,159.4800,-1137,quote
294.979,40,fill,CNR,SELL,400,159.4450,-1537,mode=mm
294.982,40,stop,CNR,BUY,1537,159.8000,-1537,loss=21.8t stop=11.6t trend_against=False
294.982,40,place,CNR,BUY,1537,159.8000,-1537,agg
295.283,40,fill,CNR,BUY,1537,159.5950,0,mode=mm
295.286,40,place,CNR,BUY,1500,154.7700,0,ladder
295.286,40,place,CNR,SELL,1500,164.3400,0,ladder
295.286,40,place,CNR,BUY,1500,146.7900,0,ladder
295.286,40,place,CNR,SELL,1500,172.3200,0,ladder
295.286,40,place,CNR,BUY,2000,135.6200,0,ladder
295.286,40,place,CNR,SELL,2000,183.4800,0,ladder
295.490,40,place,CNR,BUY,500,159.7800,0,quote
296.123,40,regime,CNR,,,,,"TREND -> chop (er=0.07, net -14t over 14s)"
296.125,40,place,CNR,BUY,500,160.2800,0,quote
296.125,40,place,CNR,BUY,1500,154.8000,0,ladder
296.125,40,place,CNR,SELL,1500,164.3700,0,ladder
296.125,40,place,CNR,BUY,100,146.8200,0,ladder
296.125,40,place,CNR,SELL,1500,172.3500,0,ladder
296.125,40,place,CNR,BUY,100,135.6500,0,ladder
296.125,40,place,CNR,SELL,700,183.5200,0,ladder
296.194,41,place,CNR,BUY,900,160.2900,0,quote
296.496,41,place,CNR,BUY,500,160.3700,0,quote
296.983,41,place,CNR,BUY,500,160.4300,0,quote
297.745,41,regime,CNR,,,,,"chop -> TREND (er=0.57, net +77t over 14s)"
298.118,41,place,CNR,SELL,500,160.5400,0,quote
298.226,41,place,CNR,BUY,500,160.4500,0,quote
298.270,41,place,CNR,SELL,500,160.5300,0,quote
298.465,41,place,CNR,BUY,500,160.4600,0,quote
298.527,41,regime,RY,,,,,"chop -> mixed (er=1.00, net +0t over 14s)"
298.752,41,place,CNR,BUY,500,160.4800,0,quote
298.752,41,place,CNR,SELL,500,160.5400,0,quote
299.224,41,place,CNR,SELL,500,160.5300,0,quote
299.541,41,place,CNR,BUY,500,160.4900,0,quote
300.051,41,place,CNR,BUY,500,160.4800,0,quote
300.051,41,place,CNR,SELL,500,160.5200,0,quote
300.283,41,place,CNR,BUY,500,160.4900,0,quote
300.827,42,fill,CNR,BUY,500,160.5050,500,mode=mm
300.829,42,place,CNR,BUY,400,160.4600,500,quote
301.077,42,fill,CNR,BUY,400,160.4900,900,mode=mm
301.081,42,place,CNR,BUY,400,160.3200,900,quote
301.081,42,place,CNR,SELL,600,160.4600,900,quote
301.145,42,regime,RY,,,,,"mixed -> chop (er=0.00, net +0t over 14s)"
301.307,42,place,CNR,BUY,400,160.3500,900,quote
301.307,42,place,CNR,SELL,600,160.4200,900,quote
301.578,42,fill,CNR,SELL,600,160.3950,300,mode=mm
301.579,42,place,CNR,BUY,500,160.3600,300,quote
301.579,42,place,CNR,SELL,600,160.4400,300,quote
301.666,42,place,CNR,SELL,2000,184.2600,300,ladder
301.696,42,place,CNR,BUY,1500,147.4100,300,ladder
301.836,42,place,CNR,SELL,1500,165.0400,300,ladder
301.836,42,place,CNR,SELL,1500,173.0500,300,ladder
301.836,42,place,CNR,BUY,2000,136.2000,300,ladder
301.922,42,place,CNR,BUY,500,160.3700,300,quote
301.922,42,place,CNR,BUY,1500,155.4300,300,ladder
302.077,42,fill,CNR,BUY,356,160.4050,656,mode=mm
302.077,42,place,CNR,BUY,300,160.2900,656,quote
302.077,42,place,CNR,SELL,400,160.3600,656,quote
302.289,42,fill,CNR,SELL,400,160.3550,256,mode=mm
302.292,42,place,CNR,BUY,500,160.3900,256,quote
302.856,42,place,CNR,SELL,600,160.4200,256,quote
303.155,42,fill,CNR,BUY,500,160.4050,756,mode=mm
303.156,42,place,CNR,BUY,300,160.2600,756,quote
303.156,42,place,CNR,SELL,400,160.3800,756,quote
303.349,42,fill,CNR,SELL,400,160.3300,356,mode=mm
303.556,42,place,CNR,BUY,300,160.2900,356,quote
304.155,42,fill,CNR,BUY,300,160.3450,656,mode=mm
304.156,42,place,CNR,BUY,300,160.2800,656,quote
304.409,42,fill,CNR,BUY,300,160.3400,956,mode=mm
304.412,42,place,CNR,BUY,200,160.2300,956,quote
304.608,43,place,CNR,BUY,200,160.1600,956,quote
304.608,43,place,CNR,SELL,400,160.3700,956,quote
304.918,43,place,CNR,BUY,400,160.1900,956,quote
304.918,43,place,CNR,SELL,600,160.3500,956,quote
304.966,43,fill,CNR,BUY,200,160.2850,1156,mode=mm
305.002,43,place,CNR,BUY,300,160.2000,1156,quote
305.138,43,fill,CNR,BUY,200,160.2850,1356,mode=mm
305.141,43,place,CNR,BUY,200,160.1300,1356,quote
305.141,43,place,CNR,SELL,400,160.3200,1356,quote
305.502,43,fill,CNR,BUY,700,160.2250,2056,mode=mm
305.505,43,place,CNR,SELL,400,160.3300,2056,quote
305.685,43,fill,CNR,BUY,200,160.2300,2256,mode=mm
305.688,43,place,CNR,BUY,200,160.0700,2256,quote
305.688,43,place,CNR,SELL,700,160.2400,2256,quote
306.025,43,place,CNR,BUY,200,160.0800,2256,quote
306.209,43,place,CNR,BUY,200,160.0900,2256,quote
306.209,43,place,CNR,SELL,700,160.2300,2256,quote
306.430,43,place,CNR,SELL,700,160.2100,2256,quote
306.631,43,place,CNR,SELL,700,160.2000,2256,quote
306.832,43,place,CNR,BUY,200,160.1000,2256,quote
306.888,43,place,CNR,BUY,200,160.0900,2256,quote
306.888,43,place,CNR,SELL,700,160.1800,2256,quote
306.984,43,place,CNR,BUY,200,160.1000,2256,quote
307.152,43,place,CNR,SELL,700,160.1700,2256,quote
307.271,43,place,CNR,BUY,200,160.1000,2256,quote
307.388,43,place,CNR,BUY,200,160.0900,2256,quote
307.388,43,place,CNR,SELL,700,160.1500,2256,quote
307.440,43,place,CNR,BUY,200,160.1000,2256,quote
308.259,44,place,CNR,BUY,200,160.1100,2256,quote
308.776,44,stop,CNR,SELL,2256,160.0900,2256,loss=11.5t stop=11.3t trend_against=False
308.777,44,place,CNR,SELL,2256,160.0900,2256,agg
308.981,44,fill,CNR,SELL,2256,160.1350,0,mode=mm
308.983,44,fill,RY,SELL,1500,100.1350,-1500,mode=mm
308.988,44,place,RY,BUY,2900,100.1400,-1500,quote
308.988,44,place,RY,SELL,1500,100.1600,-1500,quote
308.988,44,place,CNR,SELL,500,160.1500,0,quote
308.988,44,place,CNR,BUY,1500,155.4000,0,ladder
308.988,44,place,CNR,SELL,1500,165.0100,0,ladder
308.988,44,place,CNR,BUY,1500,147.3900,0,ladder
308.988,44,place,CNR,SELL,900,173.0200,0,ladder
308.988,44,place,CNR,BUY,2000,136.1700,0,ladder
308.988,44,place,CNR,SELL,200,184.2300,0,ladder
309.041,44,regime,RY,,,,,"chop -> mixed (er=1.00, net +1t over 14s)"
309.095,44,regime,CNR,,,,,"TREND -> mixed (er=0.30, net +32t over 14s)"
309.207,44,place,RY,SELL,100,100.1500,-1500,quote
309.479,44,place,RY,BUY,1700,100.1500,-1500,quote
309.520,44,fill,RY,SELL,100,100.1550,-1600,mode=mm
309.910,44,place,CNR,SELL,900,160.0900,0,quote
309.910,44,place,RY,SELL,800,100.1600,-1600,quote
309.992,44,place,CNR,SELL,900,160.0800,0,quote
310.512,44,fill,RY,BUY,1700,100.1550,100,mode=mm
310.516,44,place,RY,BUY,2400,100.1400,100,quote
310.851,44,place,RY,SELL,2500,100.1500,100,quote
311.019,44,regime,CNR,,,,,"mixed -> TREND (er=0.80, net -59t over 14s)"
311.021,44,place,CNR,SELL,500,159.8700,0,quote
311.021,44,place,CNR,BUY,1500,155.3600,0,ladder
311.021,44,place,CNR,SELL,1500,164.9700,0,ladder
311.021,44,place,CNR,BUY,1500,147.3600,0,ladder
311.021,44,place,CNR,SELL,1500,172.9800,0,ladder
311.021,44,place,CNR,BUY,2000,136.1400,0,ladder
311.021,44,place,CNR,SELL,1200,184.1900,0,ladder
311.305,44,fill,RY,SELL,2500,100.1450,-2400,mode=mm
311.443,44,place,RY,SELL,600,100.1600,-2400,quote
311.540,44,place,CNR,SELL,500,159.8200,0,quote
311.779,44,fill,RY,BUY,2400,100.1450,0,mode=mm
311.781,44,place,RY,BUY,2500,100.1300,0,quote
311.781,44,place,RY,SELL,2500,100.1500,0,quote
311.881,44,place,CNR,BUY,500,159.7500,0,quote
311.918,44,regime,RY,,,,,"mixed -> chop (er=0.00, net +0t over 14s)"
312.116,44,place,CNR,BUY,300,159.9800,0,quote
312.116,44,place,CNR,SELL,300,160.0000,0,quote
312.116,44,place,RY,SELL,1500,100.1400,0,quote
312.211,44,fill,CNR,SELL,500,159.9150,-500,mode=mm
312.211,44,fill,RY,SELL,2500,100.1350,-2500,mode=mm
312.215,44,stop,CNR,BUY,500,160.0400,-500,loss=19.0t stop=14.4t trend_against=False
312.216,44,place,CNR,BUY,500,160.0400,-500,agg
312.336,44,fill,CNR,BUY,300,159.9000,-200,mode=mm
312.586,45,fill,CNR,BUY,500,159.9000,300,mode=mm
312.586,45,fill,RY,BUY,2500,100.1350,0,mode=mm
312.590,45,stop,CNR,SELL,300,159.6900,300,loss=20.0t stop=13.2t trend_against=False
312.593,45,place,CNR,SELL,300,159.6900,300,agg
312.593,45,place,RY,BUY,2500,100.1300,0,quote
312.593,45,place,RY,SELL,2500,100.1400,0,quote
312.842,45,fill,CNR,SELL,300,159.7750,0,mode=mm
312.842,45,fill,RY,SELL,2500,100.1350,-2500,mode=mm
313.329,45,place,RY,BUY,3100,100.1400,-2500,quote
313.329,45,place,RY,SELL,300,100.2100,-2500,quote
313.369,45,regime,RY,,,,,"chop -> mixed (er=0.43, net +3t over 14s)"
313.383,45,place,RY,SELL,1000,100.2000,-2500,quote
313.556,45,place,RY,BUY,3100,100.1600,-2500,quote
313.556,45,place,RY,SELL,1000,100.1900,-2500,quote
313.773,45,place,RY,BUY,3100,100.1700,-2500,quote
314.061,45,fill,RY,BUY,3100,100.1700,600,mode=mm
314.063,45,place,RY,BUY,2000,100.1600,600,quote
314.063,45,place,RY,SELL,2600,100.1700,600,quote
314.333,45,fill,RY,SELL,3460,100.1700,-2860,mode=mm
314.342,45,place,RY,SELL,500,100.1800,-2860,quote
314.583,45,fill,RY,BUY,2000,100.1650,-860,mode=mm
314.586,45,place,RY,BUY,1600,100.1600,-860,quote
314.586,45,place,RY,SELL,1100,100.1700,-860,quote
314.586,45,place,CNR,BUY,1500,155.2600,0,ladder
314.586,45,place,CNR,SELL,1500,164.8600,0,ladder
314.586,45,place,CNR,BUY,900,147.2500,0,ladder
314.586,45,place,CNR,SELL,1500,172.8600,0,ladder
314.586,45,place,CNR,BUY,400,136.0500,0,ladder
314.586,45,place,CNR,SELL,400,184.0700,0,ladder
314.853,45,fill,RY,BUY,1600,100.1650,740,mode=mm
315.077,45,place,RY,BUY,700,100.1100,740,quote
315.077,45,place,RY,SELL,1000,100.1600,740,quote
315.311,45,fill,RY,BUY,700,100.0850,1440,mode=mm
315.314,45,regime,RY,,,,,"3 stop-outs in 86s -> toxic flow: half size, no stepping inside for 30s"
315.314,45,stop,RY,SELL,1440,99.9500,1440,loss=6.6t stop=5.0t trend_against=False
315.317,45,place,RY,SELL,1440,99.9500,1440,agg
315.500,45,place,CNR,SELL,500,159.8500,0,quote
315.572,45,fill,RY,SELL,1440,100.0550,0,mode=mm
315.576,45,place,RY,SELL,1200,100.1000,0,quote
315.576,45,place,RY,BUY,1500,97.1400,0,ladder
315.576,45,place,RY,SELL,1500,103.1500,0,ladder
315.576,45,place,RY,BUY,1500,92.1300,0,ladder
315.576,45,place,RY,SELL,1500,108.1500,0,ladder
315.576,45,place,RY,BUY,2000,85.1200,0,ladder
315.576,45,place,RY,SELL,2000,115.1600,0,ladder
315.728,45,place,CNR,BUY,500,159.8100,0,quote
315.866,45,place,RY,SELL,1200,100.0900,0,quote
316.076,45,fill,RY,SELL,1200,100.0650,-1200,mode=mm
316.310,45,place,CNR,BUY,500,159.8100,0,quote
316.310,45,place,CNR,SELL,500,159.8600,0,quote
316.310,45,place,RY,BUY,800,100.0600,-1200,quote
316.351,45,place,RY,BUY,1200,100.0500,-1200,quote
316.351,45,place,CNR,BUY,500,159.8300,0,quote
316.669,46,fill,RY,BUY,400,100.0700,-800,mode=mm
316.670,46,place,CNR,SELL,500,159.8800,0,quote
316.670,46,place,RY,SELL,500,100.0800,-800,quote
316.925,46,fill,CNR,BUY,500,159.8550,500,mode=mm
316.925,46,fill,RY,BUY,1200,100.0650,400,mode=mm
316.927,46,place,CNR,BUY,400,159.8300,500,quote
316.927,46,place,CNR,SELL,600,159.8700,500,quote
317.143,46,fill,RY,SELL,500,100.0400,-100,mode=mm
317.147,46,place,CNR,BUY,400,159.8000,500,quote
317.147,46,place,RY,BUY,100,100.0100,-100,quote
317.147,46,place,RY,SELL,700,100.1300,-100,quote
317.265,46,regime,RY,,,,,"mixed -> chop (er=0.24, net -6t over 14s)"
317.409,46,place,RY,BUY,100,100.0300,-100,quote
317.409,46,place,RY,SELL,1200,100.1100,-100,quote
317.409,46,place,CNR,BUY,400,159.8200,500,quote
317.615,46,place,RY,BUY,100,100.0400,-100,quote
317.615,46,place,RY,SELL,1200,100.1000,-100,quote
317.615,46,place,CNR,BUY,400,159.8300,500,quote
317.833,46,place,CNR,SELL,600,159.8600,500,quote
317.946,46,fill,CNR,BUY,400,159.8450,900,mode=mm
317.946,46,fill,RY,BUY,100,100.0700,0,mode=mm
317.947,46,place,RY,SELL,1200,100.0900,0,quote
317.947,46,place,CNR,BUY,400,159.8100,900,quote
318.213,46,place,CNR,SELL,600,159.8900,900,quote
318.251,46,fill,CNR,SELL,600,159.8500,300,mode=mm
318.251,46,fill,RY,BUY,100,100.0700,100,mode=mm
318.254,46,place,RY,SELL,700,100.0800,100,quote
318.407,46,place,CNR,BUY,500,159.8200,300,quote
318.407,46,place,CNR,SELL,600,159.8500,300,quote
318.528,46,place,RY,BUY,700,100.0500,100,quote
318.745,46,fill,CNR,BUY,500,159.8350,800,mode=mm
318.745,46,fill,RY,SELL,700,100.0650,-600,mode=mm
318.747,46,place,CNR,BUY,400,159.8000,800,quote
318.747,46,place,RY,SELL,600,100.0800,-600,quote
319.206,46,fill,RY,SELL,600,100.0650,-1200,mode=mm
319.207,46,stop,RY,BUY,1200,100.2300,-1200,loss=12.0t stop=5.0t trend_against=False
319.208,46,place,RY,BUY,1200,100.2300,-1200,agg
319.208,46,place,CNR,BUY,400,159.8100,800,quote
319.431,46,fill,RY,BUY,1200,100.1250,0,mode=mm
319.433,46,place,RY,BUY,700,100.0800,0,quote
319.433,46,place,RY,BUY,1500,97.1000,0,ladder
319.433,46,place,RY,SELL,1500,103.1000,0,ladder
319.433,46,place,RY,BUY,1500,92.0900,0,ladder
319.433,46,place,RY,SELL,1500,108.1100,0,ladder
319.433,46,place,RY,BUY,2000,85.0900,0,ladder
319.433,46,place,RY,SELL,2000,115.1200,0,ladder
319.766,46,fill,CNR,SELL,600,159.8300,200,mode=mm
319.767,46,place,RY,BUY,1200,100.0900,0,quote
319.767,46,place,CNR,SELL,500,159.8600,200,quote
320.144,46,place,CNR,BUY,500,159.8000,200,quote
320.144,46,place,CNR,SELL,500,159.8500,200,quote
320.268,47,fill,CNR,BUY,400,159.8250,600,mode=mm
320.271,47,place,RY,BUY,700,100.1000,0,quote
320.545,47,fill,CNR,BUY,500,159.8250,1100,mode=mm
320.545,47,fill,RY,BUY,602,100.1150,602,mode=mm
320.548,47,place,RY,BUY,1000,100.0900,602,quote
320.548,47,place,RY,SELL,600,100.1400,602,quote
320.548,47,place,CNR,BUY,400,159.7500,1100,quote
320.548,47,place,CNR,SELL,600,159.8000,1100,quote
320.786,47,place,RY,BUY,600,100.1000,602,quote
320.786,47,place,RY,SELL,600,100.1300,602,quote
320.902,47,place,CNR,BUY,400,159.7600,1100,quote
321.315,47,fill,CNR,BUY,400,159.7800,1500,mode=mm
321.317,47,regime,CNR,,,,,"3 stop-outs in 85s -> toxic flow: half size, no stepping inside for 30s"
321.317,47,stop,CNR,SELL,1500,159.7100,1500,loss=12.5t stop=7.8t trend_against=False
321.322,47,place,CNR,SELL,1500,159.7100,1500,agg
321.581,47,fill,CNR,SELL,1177,159.7700,323,mode=mm
322.038,47,fill,RY,SELL,600,100.1150,2,mode=mm
322.301,47,place,RY,BUY,700,100.1100,2,quote
322.373,47,stop,CNR,SELL,323,159.5800,323,loss=12.5t stop=8.3t trend_against=False
322.374,47,place,CNR,SELL,323,159.5800,323,agg
322.423,47,place,RY,SELL,700,100.1400,2,quote
322.566,47,fill,CNR,SELL,323,159.6400,0,mode=mm
322.569,47,place,RY,SELL,1200,100.1500,2,quote
322.569,47,place,CNR,SELL,500,159.6500,0,quote
322.569,47,place,CNR,BUY,1500,155.0300,0,ladder
322.569,47,place,CNR,SELL,1500,164.6200,0,ladder
322.569,47,place,CNR,BUY,1500,147.0400,0,ladder
322.569,47,place,CNR,SELL,1500,172.6100,0,ladder
322.569,47,place,CNR,BUY,2000,135.8500,0,ladder
322.569,47,place,CNR,SELL,2000,183.8000,0,ladder
322.803,47,fill,RY,SELL,1200,100.1300,-1198,mode=mm
322.804,47,place,RY,BUY,800,100.1200,-1198,quote
322.804,47,place,RY,SELL,500,100.2200,-1198,quote
323.046,47,place,RY,BUY,1400,100.1300,-1198,quote
323.252,47,place,RY,SELL,800,100.2100,-1198,quote
323.340,47,place,RY,SELL,500,100.1600,-1198,quote
323.794,47,fill,RY,SELL,218,100.1450,-1416,mode=mm
323.796,47,place,RY,SELL,700,100.1800,-1416,quote
324.041,47,fill,RY,SELL,700,100.1550,-2116,mode=mm
324.047,47,place,RY,BUY,900,100.1400,-2116,quote
324.047,47,place,RY,SELL,300,100.1700,-2116,quote
324.390,47,fill,CNR,SELL,500,159.6350,-500,mode=mm
324.391,47,place,CNR,SELL,400,159.6600,-500,quote
324.813,48,place,RY,BUY,900,100.1300,-2116,quote
324.813,48,place,RY,SELL,300,100.1600,-2116,quote
325.339,48,place,CNR,SELL,400,159.6700,-500,quote
325.393,48,place,RY,SELL,600,100.1800,-2116,quote
325.595,48,fill,CNR,SELL,400,159.6500,-900,mode=mm
325.598,48,place,RY,BUY,900,100.1400,-2116,quote
325.598,48,place,RY,SELL,300,100.1700,-2116,quote
326.129,48,fill,RY,SELL,300,100.1550,-2416,mode=mm
326.134,48,place,RY,SELL,500,100.1900,-2416,quote
326.134,48,place,CNR,SELL,400,159.6300,-900,quote
326.385,48,fill,RY,SELL,500,100.1600,-2916,mode=mm
326.386,48,place,CNR,SELL,400,159.6200,-900,quote
326.386,48,place,RY,BUY,900,100.1500,-2916,quote
326.893,48,fill,RY,BUY,900,100.1650,-2016,mode=mm
326.895,48,place,RY,BUY,1500,100.1200,-2016,quote
326.895,48,place,RY,SELL,600,100.1800,-2016,quote
326.895,48,place,CNR,SELL,400,159.6100,-900,quote
327.108,48,fill,RY,BUY,1500,100.1500,-516,mode=mm
327.110,48,place,RY,BUY,700,100.0700,-516,quote
327.110,48,place,RY,SELL,600,100.1700,-516,quote
327.232,48,place,RY,BUY,700,100.0800,-516,quote
327.383,48,place,RY,SELL,1000,100.1600,-516,quote
327.383,48,place,CNR,SELL,400,159.6000,-900,quote
327.656,48,place,RY,SELL,600,100.1500,-516,quote
327.864,48,fill,RY,SELL,600,100.1350,-1116,mode=mm
328.135,49,place,CNR,SELL,400,159.6100,-900,quote
328.456,49,place,RY,BUY,800,100.1200,-1116,quote
328.740,49,fill,CNR,SELL,400,159.5900,-1300,mode=mm
328.742,49,place,CNR,SELL,300,159.6100,-1300,quote
329.165,49,fill,CNR,SELL,300,159.5900,-1600,mode=mm
329.165,49,fill,RY,BUY,800,100.1350,-316,mode=mm
329.166,49,stop,CNR,BUY,1600,159.6300,-1600,loss=6.5t stop=5.8t trend_against=False
329.170,49,place,CNR,BUY,1600,159.6300,-1600,agg
329.170,49,place,RY,BUY,1200,100.0900,-316,quote
329.170,49,place,RY,SELL,1100,100.1300,-316,quote
329.455,49,fill,CNR,BUY,1600,159.5900,0,mode=mm
329.457,49,place,CNR,BUY,1500,154.8600,0,ladder
329.457,49,place,CNR,SELL,1500,164.4400,0,ladder
329.457,49,place,CNR,BUY,1500,146.8800,0,ladder
329.457,49,place,CNR,SELL,1500,172.4200,0,ladder
329.457,49,place,CNR,BUY,2000,135.7000,0,ladder
329.457,49,place,CNR,SELL,2000,183.6000,0,ladder
329.665,49,fill,RY,BUY,1200,100.1100,884,mode=mm
329.667,49,place,RY,BUY,900,100.0400,884,quote
329.667,49,place,RY,SELL,1300,100.1200,884,quote
329.971,49,place,RY,BUY,300,100.0500,884,quote
329.971,49,place,RY,SELL,1300,100.1000,884,quote
330.202,49,place,RY,SELL,400,100.0900,884,quote
330.257,49,place,RY,BUY,500,100.0600,884,quote
330.447,49,regime,CNR,,,,,"TREND -> chop (er=0.10, net +7t over 14s)"
330.451,49,place,CNR,BUY,500,159.9000,0,quote
330.678,49,fill,RY,SELL,400,100.0750,484,mode=mm
330.679,49,place,RY,SELL,700,100.0900,484,quote
330.924,49,fill,RY,SELL,700,100.0750,-216,mode=mm
330.927,49,stop,RY,BUY,216,100.1100,-216,loss=12.0t stop=5.0t trend_against=False
330.928,49,place,RY,BUY,216,100.1100,-216,agg
331.232,49,fill,CNR,BUY,500,159.9150,500,mode=mm
331.232,49,fill,RY,BUY,216,100.0750,0,mode=mm
331.232,49,place,CNR,BUY,800,159.8900,500,quote
331.232,49,place,CNR,SELL,500,159.9800,500,quote
331.232,49,place,RY,BUY,1200,100.0600,0,quote
331.232,49,place,RY,BUY,1500,97.1100,0,ladder
331.232,49,place,RY,SELL,1500,103.1200,0,ladder
331.232,49,place,RY,BUY,1500,92.1100,0,ladder
331.232,49,place,RY,SELL,1500,108.1300,0,ladder
331.232,49,place,RY,BUY,2000,85.1000,0,ladder
331.232,49,place,RY,SELL,1200,115.1300,0,ladder
331.465,49,place,CNR,BUY,400,159.9000,500,quote
331.465,49,place,CNR,SELL,500,159.9600,500,quote
331.764,49,fill,CNR,SELL,500,159.9250,0,mode=mm
331.765,49,place,CNR,BUY,500,159.9500,0,quote
331.809,49,place,RY,BUY,500,100.0900,0,quote
331.960,49,place,CNR,BUY,900,159.9600,0,quote
331.960,49,place,RY,BUY,200,100.1100,0,quote
332.196,49,place,CNR,BUY,900,159.9700,0,quote
332.196,49,place,RY,BUY,700,100.1100,0,quote
332.356,50,place,CNR,SELL,900,160.0200,0,quote
332.509,50,place,CNR,SELL,500,160.0100,0,quote
332.876,50,place,CNR,SELL,500,160.0000,0,quote
333.438,50,place,RY,BUY,1200,100.1000,0,quote
333.754,50,place,RY,BUY,700,100.1100,0,quote
333.980,50,place,RY,BUY,1200,100.1000,0,quote
334.152,50,place,RY,SELL,1200,100.1400,0,quote
334.229,50,place,RY,SELL,700,100.1300,0,quote
334.487,50,place,RY,BUY,1200,100.0900,0,quote
334.786,50,fill,RY,SELL,700,100.1100,-700,mode=mm
334.786,50,regime,CNR,,,,,"chop -> mixed (er=0.31, net +21t over 14s)"
334.814,50,place,RY,SELL,900,100.1300,-700,quote
335.025,50,place,RY,BUY,800,100.1000,-700,quote
335.346,50,place,RY,SELL,900,100.1600,-700,quote
335.390,50,fill,CNR,BUY,900,159.9850,900,mode=mm
335.390,50,fill,RY,SELL,900,100.1300,-1600,mode=mm
335.398,50,place,CNR,BUY,400,159.9700,900,quote
335.520,50,place,RY,BUY,1400,100.1200,-1600,quote
335.785,50,fill,RY,SELL,900,100.1400,-2500,mode=mm
335.790,50,stop,RY,BUY,2500,100.2500,-2500,loss=5.9t stop=5.0t trend_against=False
335.792,50,place,RY,BUY,2500,100.2500,-2500,agg
336.037,50,fill,RY,BUY,2500,100.1950,0,mode=mm
336.041,50,place,RY,BUY,1200,100.1800,0,quote
336.041,50,place,RY,BUY,900,97.1200,0,ladder
336.041,50,place,RY,SELL,1500,103.1300,0,ladder
336.041,50,place,RY,BUY,500,92.1200,0,ladder
336.041,50,place,RY,SELL,1500,108.1400,0,ladder
336.041,50,place,RY,SELL,2000,115.1400,0,ladder
336.174,50,regime,CNR,,,,,"mixed -> TREND (er=0.53, net +30t over 14s)"
336.341,50,place,CNR,SELL,600,160.0000,900,quote
336.400,50,fill,CNR,SELL,100,159.9850,800,mode=mm
336.401,50,place,RY,BUY,1200,100.1900,0,quote
336.401,50,place,CNR,BUY,400,159.9500,800,quote
336.401,50,place,CNR,SELL,600,160.0300,800,quote
336.401,50,place,RY,BUY,400,85.1100,0,ladder
336.528,51,place,CNR,BUY,200,159.9600,800,quote
336.782,51,place,RY,BUY,700,100.2000,0,quote
337.096,51,fill,CNR,SELL,600,159.9800,200,mode=mm
337.099,51,place,CNR,BUY,500,160.0000,200,quote
337.099,51,place,CNR,SELL,500,160.0400,200,quote
337.148,51,place,CNR,SELL,500,160.0300,200,quote
337.630,51,fill,CNR,SELL,500,160.0150,-300,mode=mm
337.630,51,fill,RY,BUY,700,100.2150,700,mode=mm
337.630,51,place,RY,BUY,900,100.1600,700,quote
337.630,51,place,CNR,SELL,500,160.0500,-300,quote
337.842,51,place,RY,BUY,900,100.1700,700,quote
337.842,51,place,RY,SELL,700,100.2200,700,quote
338.099,51,place,RY,BUY,900,100.1800,700,quote
338.321,51,place,RY,BUY,500,100.1900,700,quote
338.553,51,fill,RY,BUY,500,100.2050,1200,mode=mm
338.554,51,place,RY,BUY,800,100.1400,1200,quote
338.921,51,fill,CNR,BUY,500,160.0250,200,mode=mm
338.924,51,place,RY,BUY,800,100.1500,1200,quote
338.924,51,place,RY,SELL,1200,100.1900,1200,quote
338.924,51,place,CNR,BUY,500,159.9900,200,quote
339.143,51,place,RY,SELL,800,100.1800,1200,quote
339.177,51,fill,CNR,BUY,500,160.0200,700,mode=mm
339.178,51,stop,CNR,SELL,700,159.8500,700,loss=9.3t stop=6.1t trend_against=False
339.179,51,place,CNR,SELL,700,159.8500,700,agg
339.422,51,fill,CNR,SELL,700,159.9550,0,mode=mm
339.422,51,fill,RY,BUY,800,100.1650,2000,mode=mm
339.423,51,place,RY,BUY,600,100.1300,2000,quote
339.423,51,place,CNR,SELL,500,160.0100,0,quote
339.423,51,place,CNR,BUY,1500,155.1500,0,ladder
339.423,51,place,CNR,SELL,1500,164.7500,0,ladder
339.423,51,place,CNR,BUY,1500,147.1600,0,ladder
339.423,51,place,CNR,SELL,1500,172.7500,0,ladder
339.423,51,place,CNR,BUY,2000,135.9600,0,ladder
339.423,51,place,CNR,SELL,2000,183.9500,0,ladder
339.637,51,place,CNR,SELL,500,160.0200,0,quote
339.637,51,place,RY,SELL,900,100.1600,2000,quote
339.900,51,fill,RY,SELL,200,100.1450,1800,mode=mm
339.901,51,stop,RY,SELL,1800,100.0700,1800,loss=5.2t stop=5.0t trend_against=False
339.902,51,place,RY,SELL,1800,100.0700,1800,agg
340.108,51,fill,RY,SELL,1800,100.1300,0,mode=mm
340.459,51,place,CNR,SELL,500,159.9500,0,quote
340.459,51,place,RY,SELL,700,100.1400,0,quote
340.459,51,place,RY,BUY,1500,97.1500,0,ladder
340.459,51,place,RY,SELL,1500,103.1600,0,ladder
340.459,51,place,RY,BUY,1500,92.1400,0,ladder
340.459,51,place,RY,SELL,1500,108.1700,0,ladder
340.459,51,place,RY,BUY,2000,85.1300,0,ladder
340.459,51,place,RY,SELL,1200,115.1800,0,ladder
340.674,52,place,CNR,SELL,100,159.9400,0,quote
340.902,52,place,CNR,SELL,500,159.9400,0,quote
341.167,52,place,CNR,SELL,500,159.9300,0,quote
341.669,52,fill,RY,SELL,700,100.1250,-700,mode=mm
341.674,52,stop,RY,BUY,700,100.2400,-700,loss=6.0t stop=5.0t trend_against=False
341.675,52,place,RY,BUY,700,100.2400,-700,agg
341.675,52,place,CNR,SELL,500,159.8900,0,quote
341.979,52,fill,RY,BUY,700,100.1600,0,mode=mm
341.979,52,place,CNR,SELL,500,159.8800,0,quote
341.979,52,place,RY,BUY,1500,97.1500,0,ladder
341.979,52,place,RY,SELL,1500,103.1500,0,ladder
341.979,52,place,RY,BUY,1500,92.1400,0,ladder
341.979,52,place,RY,SELL,1500,108.1600,0,ladder
341.979,52,place,RY,BUY,2000,85.1300,0,ladder
341.979,52,place,RY,SELL,2000,115.1700,0,ladder
342.216,52,place,CNR,SELL,500,159.8400,0,quote
342.309,52,place,CNR,BUY,500,159.7900,0,quote
342.479,52,place,CNR,BUY,500,159.6900,0,quote
342.479,52,place,CNR,SELL,500,159.8200,0,quote
342.593,52,regime,CNR,,,,,"TREND -> chop (er=0.23, net +17t over 14s)"
342.767,52,fill,CNR,BUY,900,159.7650,900,mode=mm
342.770,52,place,CNR,BUY,400,159.6500,900,quote
342.770,52,place,CNR,SELL,600,159.7800,900,quote
343.011,52,fill,CNR,BUY,100,159.7250,1000,mode=mm
343.020,52,place,CNR,BUY,400,159.6600,1000,quote
343.020,52,place,CNR,SELL,600,159.7700,1000,quote
343.079,52,place,RY,BUY,1200,100.1600,0,quote
343.228,52,place,RY,BUY,1200,100.1700,0,quote
343.228,52,place,CNR,BUY,400,159.5200,1000,quote
343.228,52,place,CNR,SELL,600,159.6800,1000,quote
343.528,52,fill,CNR,BUY,800,159.6150,1800,mode=mm
343.529,52,stop,CNR,SELL,1800,159.4200,1800,loss=17.3t stop=10.3t trend_against=False
343.530,52,place,CNR,SELL,1800,159.4200,1800,agg
343.530,52,place,RY,BUY,1200,100.1800,0,quote
343.802,52,fill,CNR,SELL,1800,159.5700,0,mode=mm
343.803,52,place,RY,BUY,700,100.1900,0,quote
343.906,52,regime,RY,,,,,"chop -> mixed (er=0.27, net +12t over 14s)"
344.216,53,fill,RY,BUY,700,100.2100,700,mode=mm
344.216,53,place,RY,BUY,500,100.2000,700,quote
344.216,53,place,RY,SELL,700,100.2300,700,quote
344.514,53,fill,RY,BUY,500,100.2150,1200,mode=mm
344.524,53,regime,CNR,,,,,"chop -> TREND (er=0.57, net -37t over 14s)"
344.525,53,place,RY,BUY,800,100.1800,1200,quote
344.525,53,place,CNR,SELL,700,159.5600,0,quote
344.525,53,place,CNR,BUY,1500,155.0800,0,ladder
344.525,53,place,CNR,SELL,1500,164.6700,0,ladder
344.525,53,place,CNR,BUY,1500,147.0800,0,ladder
344.525,53,place,CNR,SELL,500,172.6600,0,ladder
344.525,53,place,CNR,BUY,1200,135.8900,0,ladder
344.773,53,regime,RY,,,,,"mixed -> chop (er=0.25, net +12t over 14s)"
344.774,53,place,RY,BUY,800,100.1700,1200,quote
344.774,53,place,RY,SELL,1200,100.2100,1200,quote
344.774,53,place,CNR,SELL,2000,183.8300,0,ladder
345.077,53,fill,CNR,SELL,700,159.5250,-700,mode=mm
345.080,53,place,RY,BUY,800,100.1600,1200,quote
345.080,53,place,RY,SELL,1400,100.2000,1200,quote
345.080,53,place,CNR,BUY,700,159.4900,-700,quote
345.080,53,place,CNR,SELL,500,159.5500,-700,quote
345.287,53,fill,CNR,SELL,200,159.5300,-900,mode=mm
345.288,53,fill,RY,SELL,121,100.1800,1079,mode=mm
345.317,53,place,RY,BUY,1700,100.1700,1079,quote
345.317,53,place,RY,SELL,2700,100.1800,1079,quote
345.539,53,fill,CNR,SELL,300,159.5300,-1200,mode=mm
345.539,53,fill,AC,SELL,2500,24.9550,-2500,mode=mm
345.909,53,regime,AC,,,,,"chop -> mixed (er=1.00, net +1t over 14s)"
345.956,53,place,AC,BUY,3100,24.9600,-2500,quote
345.956,53,place,AC,SELL,600,24.9800,-2500,quote
345.956,53,place,CNR,SELL,200,159.5500,-1200,quote
346.034,53,fill,RY,SELL,2700,100.1750,-1621,mode=mm
346.265,53,fill,CNR,SELL,200,159.5300,-1400,mode=mm
346.265,53,place,RY,BUY,2900,100.1600,-1621,quote
346.265,53,place,RY,SELL,800,100.1800,-1621,quote
346.470,53,place,CNR,SELL,400,159.6300,-1400,quote
346.573,53,fill,CNR,SELL,400,159.5700,-1800,mode=mm
346.576,53,stop,CNR,BUY,1800,159.8900,-1800,loss=21.3t stop=9.7t trend_against=False
346.578,53,place,CNR,BUY,1800,159.8900,-1800,agg
346.578,53,place,AC,BUY,3100,24.9700,-2500,quote
346.578,53,place,AC,SELL,1000,24.9900,-2500,quote
346.578,53,place,RY,SELL,400,100.1700,-1621,quote
346.706,53,regime,CNR,,,,,"TREND -> chop (er=0.21, net -18t over 14s)"
346.873,53,fill,CNR,BUY,1800,159.8050,0,mode=mm
346.874,53,fill,RY,SELL,400,100.1650,-2021,mode=mm
346.875,53,place,CNR,BUY,100,159.8100,0,quote
346.875,53,place,RY,BUY,3000,100.1700,-2021,quote
346.875,53,place,CNR,SELL,1500,164.5500,0,ladder
347.068,53,place,RY,SELL,1200,100.1800,-2021,quote
347.068,53,place,CNR,BUY,1500,154.9600,0,ladder
347.068,53,place,CNR,BUY,900,146.9700,0,ladder
347.068,53,place,CNR,SELL,1500,172.5300,0,ladder
347.068,53,place,CNR,SELL,700,183.7200,0,ladder
347.110,53,place,RY,SELL,1200,100.2300,-2021,quote
347.332,53,fill,RY,BUY,1800,100.2150,-221,mode=mm
347.556,53,fill,AC,BUY,2100,24.9750,-400,mode=mm
347.784,53,place,CNR,BUY,700,159.8000,0,quote
347.784,53,place,RY,BUY,2500,100.1900,-221,quote
347.784,53,place,RY,SELL,2300,100.2000,-221,quote
347.784,53,place,AC,BUY,1500,24.9800,-400,quote
347.784,53,place,AC,SELL,1300,24.9900,-400,quote
347.784,53,place,CNR,BUY,700,135.8000,0,ladder
348.091,53,fill,AC,SELL,1055,24.9850,-1455,mode=mm
348.093,53,place,CNR,BUY,400,159.8500,0,quote
348.093,53,place,AC,SELL,100,24.9900,-1455,quote
348.193,53,fill,AC,SELL,245,24.9850,-1700,mode=mm
348.201,53,place,CNR,BUY,700,160.0700,0,quote
348.320,54,place,CNR,BUY,700,160.0600,0,quote
348.361,54,place,AC,SELL,800,24.9900,-1700,quote
348.628,54,fill,AC,BUY,1400,24.9850,-300,mode=mm
348.629,54,place,AC,BUY,1500,24.9800,-300,quote
348.845,54,fill,RY,BUY,448,100.1950,227,mode=mm
348.845,54,fill,AC,SELL,800,24.9850,-1100,mode=mm
348.846,54,place,CNR,BUY,1200,160.1100,0,quote
348.846,54,place,AC,SELL,1000,24.9900,-1100,quote
349.057,54,fill,AC,SELL,600,24.9850,-1700,mode=mm
349.060,54,place,CNR,BUY,700,160.1200,0,quote
349.060,54,place,AC,BUY,2900,24.9900,-1700,quote
349.060,54,place,AC,SELL,200,25.0000,-1700,quote
349.299,54,fill,AC,BUY,2500,24.9900,800,mode=mm
349.301,54,place,AC,BUY,600,24.9800,800,quote
349.301,54,place,AC,SELL,2700,24.9900,800,quote
349.574,54,fill,RY,BUY,2052,100.1950,2279,mode=mm
349.575,54,fill,AC,SELL,2700,24.9900,-1900,mode=mm
349.585,54,regime,RY,,,,,"3 stop-outs in 85s -> toxic flow: half size, no stepping inside for 30s"
349.585,54,stop,RY,SELL,2279,100.1000,2279,loss=7.0t stop=5.0t trend_against=False
349.588,54,place,RY,SELL,2279,100.1000,2279,agg
349.663,54,place,CNR,BUY,700,160.1300,0,quote
349.663,54,place,AC,BUY,3000,25.0000,-1900,quote
349.663,54,place,AC,SELL,400,25.0100,-1900,quote
349.743,54,place,CNR,SELL,1200,160.2100,0,quote
349.827,54,place,AC,SELL,700,25.0000,-1900,quote
349.861,54,fill,RY,SELL,2279,100.1700,0,mode=mm
349.861,54,fill,AC,BUY,3000,24.9950,1100,mode=mm
350.084,54,fill,AC,SELL,1100,24.9950,0,mode=mm
350.284,54,place,CNR,SELL,1200,160.1900,0,quote
350.284,54,place,RY,SELL,700,100.1400,0,quote
350.284,54,place,RY,BUY,1500,97.1700,0,ladder
350.284,54,place,RY,SELL,300,103.1800,0,ladder
350.284,54,place,RY,BUY,1500,92.1600,0,ladder
350.284,54,place,RY,BUY,100,85.1500,0,ladder
350.418,54,place,CNR,BUY,1200,160.1200,0,quote
350.418,54,place,AC,SELL,2500,25.0200,0,quote
350.604,54,fill,AC,SELL,2500,25.0100,-2500,mode=mm
350.866,54,place,CNR,SELL,1200,160.2100,0,quote
350.866,54,place,AC,BUY,1900,25.0100,-2500,quote
350.866,54,place,AC,SELL,600,25.0300,-2500,quote
350.866,54,place,RY,SELL,1500,108.1800,0,ladder
350.866,54,place,RY,SELL,1200,115.2000,0,ladder
351.120,54,place,CNR,SELL,700,160.2000,0,quote
351.366,54,place,CNR,BUY,2400,160.1400,0,quote
351.366,54,place,CNR,SELL,200,160.1800,0,quote
351.366,54,place,AC,BUY,3100,25.0200,-2500,quote
351.434,54,fill,AC,SELL,600,25.0200,-3100,mode=mm
351.435,54,place,AC,SELL,200,25.0400,-3100,quote
351.600,54,place,CNR,SELL,400,160.1800,0,quote
351.951,54,fill,CNR,BUY,2400,160.1600,2400,mode=mm
351.954,54,fill,AC,BUY,3100,25.0250,0,mode=mm
351.957,54,place,CNR,BUY,100,160.1400,2400,quote
351.957,54,place,CNR,SELL,3000,160.1700,2400,quote
351.957,54,place,AC,SELL,900,25.0400,0,quote
352.273,54,fill,CNR,SELL,2500,160.1600,-100,mode=mm
352.279,54,fill,AC,SELL,200,25.0300,-200,mode=mm
352.280,54,place,CNR,BUY,2400,160.1500,-100,quote
352.280,54,place,CNR,SELL,100,160.1700,-100,quote
352.354,54,place,AC,BUY,1500,25.0300,-200,quote
352.539,54,fill,CNR,BUY,1710,160.1600,1610,mode=mm
352.539,54,fill,AC,SELL,900,25.0350,-1100,mode=mm
352.540,55,place,AC,BUY,2800,25.0400,-1100,quote
352.540,55,place,AC,SELL,1700,25.0500,-1100,quote
352.540,55,place,CNR,BUY,500,159.9600,1610,quote
352.540,55,place,CNR,SELL,1100,160.0900,1610,quote
352.689,55,fill,CNR,SELL,310,160.0600,1300,mode=mm
352.689,55,fill,AC,BUY,2800,25.0400,1700,mode=mm
352.690,55,place,CNR,BUY,500,160.1300,1300,quote
352.690,55,place,CNR,SELL,2700,160.1400,1300,quote
352.690,55,place,AC,SELL,2900,25.0400,1700,quote
352.830,55,place,RY,BUY,700,100.1100,0,quote
352.973,55,fill,CNR,BUY,500,160.1400,1800,mode=mm
352.973,55,fill,AC,SELL,1400,25.0400,300,mode=mm
352.974,55,regime,CNR,,,,,"3 stop-outs in 85s -> toxic flow: half size, no stepping inside for 30s"
352.974,55,stop,CNR,SELL,1800,159.4800,1800,loss=55.4t stop=12.3t trend_against=False
352.985,55,place,CNR,SELL,1800,159.4800,1800,agg
352.985,55,place,AC,BUY,2200,25.0200,300,quote
353.071,55,place,AC,BUY,1100,25.0100,300,quote
353.071,55,place,AC,SELL,1200,25.0600,300,quote
353.225,55,regime,CNR,,,,,"chop -> mixed (er=0.27, net -48t over 14s)"
353.225,55,place,AC,SELL,1200,25.0500,300,quote
353.538,55,fill,CNR,SELL,1800,159.4750,0,mode=mm
353.540,55,fill,AC,BUY,794,25.0300,1094,mode=mm
353.579,55,place,AC,BUY,800,25.0000,1094,quote
353.579,55,place,CNR,SELL,400,159.4900,0,quote
353.579,55,place,CNR,BUY,1500,155.1600,0,ladder
353.579,55,place,CNR,SELL,100,164.7600,0,ladder
353.579,55,place,CNR,BUY,1500,147.1600,0,ladder
353.579,55,place,CNR,BUY,400,135.9700,0,ladder
353.634,55,place,CNR,SELL,100,172.7500,0,ladder
353.994,55,place,AC,BUY,500,25.0100,1094,quote
353.994,55,place,CNR,SELL,700,183.9000,0,ladder
354.045,55,fill,CNR,SELL,400,159.4750,-400,mode=mm
354.045,55,fill,RY,SELL,700,100.1250,-700,mode=mm
354.045,55,fill,AC,BUY,800,25.0250,1894,mode=mm
354.045,55,stop,CNR,BUY,400,160.0300,-400,loss=51.0t stop=23.4t trend_against=False
354.046,55,place,CNR,BUY,400,160.0300,-400,agg
354.160,55,place,RY,SELL,900,100.1900,-700,quote
354.314,55,fill,CNR,BUY,400,159.7350,0,mode=mm
354.314,55,fill,RY,BUY,454,100.1500,-246,mode=mm
354.314,55,fill,AC,BUY,500,25.0250,2394,mode=mm
354.339,55,place,RY,BUY,1200,100.1000,-246,quote
354.339,55,place,RY,SELL,1100,100.1800,-246,quote
354.339,55,place,AC,BUY,500,24.9800,2394,quote
354.339,55,place,AC,SELL,1500,25.0300,2394,quote
354.339,55,place,CNR,BUY,1500,155.1200,0,ladder
354.339,55,place,CNR,SELL,1500,164.7100,0,ladder
354.339,55,place,CNR,BUY,900,147.1200,0,ladder
354.339,55,place,CNR,SELL,900,172.7100,0,ladder
354.339,55,place,CNR,BUY,200,135.9300,0,ladder
354.492,55,place,RY,BUY,1200,100.1300,-246,quote
354.492,55,place,RY,SELL,1100,100.1700,-246,quote
354.732,55,place,RY,SELL,600,100.1600,-246,quote
354.732,55,place,AC,BUY,300,24.9900,2394,quote
354.961,55,fill,RY,BUY,1200,100.1450,954,mode=mm
354.964,55,place,RY,BUY,900,100.1000,954,quote
354.964,55,place,RY,SELL,1300,100.1500,954,quote
355.261,55,place,RY,SELL,800,100.1300,954,quote
355.469,55,fill,AC,BUY,300,25.0150,2694,mode=mm
355.471,55,place,AC,BUY,500,24.9700,2694,quote
355.840,55,fill,RY,BUY,900,100.1150,1854,mode=mm
355.844,55,place,AC,BUY,500,24.9600,2694,quote
355.844,55,place,AC,SELL,1600,25.0200,2694,quote
355.844,55,place,RY,BUY,400,100.1000,1854,quote
355.986,55,fill,AC,BUY,500,24.9950,3194,mode=mm
355.988,55,regime,CNR,,,,,"mixed -> chop (er=0.01, net +3t over 14s)"
355.989,55,place,AC,SELL,1600,25.0100,3194,quote
356.125,55,regime,AC,,,,,"mixed -> chop (er=0.18, net +3t over 14s)"
356.126,55,place,AC,SELL,1000,25.0000,3194,quote
356.279,56,place,RY,BUY,600,100.0800,1854,quote
356.338,56,fill,RY,BUY,400,100.1050,2254,mode=mm
356.339,56,place,RY,BUY,500,100.0700,2254,quote
356.382,56,place,CNR,BUY,1200,159.8700,0,quote
356.541,56,fill,AC,BUY,500,24.9850,3694,mode=mm
356.543,56,place,RY,SELL,1500,100.1200,2254,quote
356.543,56,place,CNR,BUY,700,159.8800,0,quote
356.543,56,place,AC,BUY,200,24.9600,3694,quote
356.543,56,place,AC,SELL,1000,24.9900,3694,quote
356.750,56,fill,AC,SELL,1000,24.9850,2694,mode=mm
356.753,56,place,RY,SELL,900,100.1100,2254,quote
356.753,56,place,AC,SELL,900,25.0000,2694,quote
357.075,56,fill,CNR,BUY,700,159.8950,700,mode=mm
357.077,56,fill,AC,SELL,859,24.9850,1835,mode=mm
357.079,56,place,CNR,BUY,500,159.8700,700,quote
357.079,56,place,CNR,SELL,700,159.9000,700,quote
357.079,56,place,RY,BUY,300,100.0600,2254,quote
357.079,56,place,RY,SELL,900,100.1000,2254,quote
357.079,56,place,AC,BUY,400,24.9700,1835,quote
357.079,56,place,AC,SELL,900,25.0000,1835,quote
357.163,56,regime,RY,,,,,"chop -> mixed (er=0.33, net -11t over 14s)"
357.259,56,fill,RY,BUY,300,100.0850,2554,mode=mm
357.259,56,fill,AC,SELL,41,24.9850,1794,mode=mm
357.260,56,stop,RY,SELL,2554,99.9900,2554,loss=7.7t stop=5.0t trend_against=False
357.261,56,place,RY,SELL,2554,99.9900,2554,agg
357.261,56,place,CNR,BUY,500,159.8600,700,quote
357.261,56,place,CNR,SELL,700,159.8900,700,quote
357.527,56,fill,RY,SELL,2554,100.0600,0,mode=mm
357.530,56,place,RY,SELL,1200,100.1000,0,quote
357.530,56,place,RY,BUY,1500,97.1200,0,ladder
357.530,56,place,RY,SELL,1500,103.1300,0,ladder
357.530,56,place,RY,BUY,1500,92.1100,0,ladder
357.530,56,place,RY,SELL,1500,108.1300,0,ladder
357.530,56,place,RY,BUY,2000,85.1100,0,ladder
357.530,56,place,RY,SELL,200,115.1400,0,ladder
357.787,56,fill,AC,SELL,77,24.9850,1717,mode=mm
357.793,56,place,RY,SELL,400,100.0900,0,quote
357.793,56,place,CNR,BUY,100,159.8300,700,quote
357.793,56,place,CNR,SELL,1300,159.8800,700,quote
357.793,56,place,AC,SELL,400,25.0100,1717,quote
357.877,56,place,CNR,BUY,900,159.8400,700,quote
358.042,56,fill,RY,SELL,400,100.0650,-400,mode=mm
358.042,56,fill,AC,SELL,823,24.9900,894,mode=mm
358.045,56,place,RY,BUY,400,100.0400,-400,quote
358.045,56,place,RY,SELL,600,100.1200,-400,quote
358.045,56,place,AC,BUY,500,24.9800,894,quote
358.292,56,place,RY,BUY,400,100.0500,-400,quote
358.292,56,place,CNR,SELL,700,159.8700,700,quote
358.563,56,fill,AC,SELL,62,24.9950,832,mode=mm
358.626,56,place,RY,BUY,400,100.0600,-400,quote
358.838,56,fill,AC,SELL,200,24.9950,632,mode=mm
358.842,56,place,AC,SELL,800,25.0100,632,quote
359.310,56,fill,RY,BUY,400,100.0750,0,mode=mm
359.313,56,place,RY,SELL,1200,100.1000,0,quote
359.629,56,place,RY,SELL,700,100.0900,0,quote
359.673,56,fill,CNR,BUY,900,159.8550,1600,mode=mm
359.674,56,fill,RY,SELL,1200,100.0750,-1200,mode=mm
359.678,56,place,CNR,BUY,700,159.8300,1600,quote
359.678,56,place,RY,BUY,800,100.0600,-1200,quote
359.808,56,place,CNR,SELL,800,159.8600,1600,quote
360.115,56,place,RY,BUY,1200,100.0500,-1200,quote
360.332,57,place,RY,BUY,800,100.0400,-1200,quote
360.332,57,place,RY,SELL,500,100.0700,-1200,quote
360.630,57,fill,CNR,BUY,700,159.8450,2300,mode=mm
360.632,57,place,CNR,BUY,500,159.8100,2300,quote
360.931,57,fill,CNR,BUY,500,159.8400,2800,mode=mm
360.931,57,fill,RY,SELL,500,100.0550,-1700,mode=mm
360.935,57,place,RY,SELL,700,100.0800,-1700,quote
360.935,57,place,CNR,BUY,200,159.8200,2800,quote
361.137,57,fill,RY,SELL,700,100.0600,-2400,mode=mm
361.137,57,fill,AC,SELL,800,24.9950,-168,mode=mm
361.139,57,place,RY,SELL,500,100.1100,-2400,quote
361.139,57,place,AC,SELL,1100,25.0200,-168,quote
361.200,57,regime,RY,,,,,"mixed -> TREND (er=0.49, net -15t over 14s)"
361.347,57,place,RY,BUY,900,100.0500,-2400,quote
361.347,57,place,RY,SELL,300,100.0900,-2400,quote
361.347,57,place,AC,BUY,700,24.9900,-168,quote
361.860,57,fill,RY,BUY,900,100.0650,-1500,mode=mm
361.862,57,place,RY,BUY,800,100.0500,-1500,quote
362.149,57,place,CNR,BUY,400,159.8100,2800,quote
362.406,57,fill,CNR,BUY,112,159.8400,2912,mode=mm
362.406,57,fill,RY,BUY,800,100.0650,-700,mode=mm
362.406,57,place,CNR,BUY,100,159.7800,2912,quote
362.406,57,place,CNR,SELL,600,159.8400,2912,quote
362.406,57,place,RY,BUY,800,100.0500,-700,quote
362.458,57,place,RY,SELL,500,100.0800,-700,quote
362.617,57,place,CNR,BUY,400,159.8000,2912,quote
362.617,57,place,CNR,SELL,1600,159.8500,2912,quote
362.889,57,fill,RY,BUY,800,100.0650,100,mode=mm
362.892,57,place,AC,SELL,1100,25.0300,-168,quote
362.892,57,place,CNR,SELL,900,159.8400,2912,quote
362.892,57,place,RY,BUY,700,100.0200,100,quote
363.140,57,fill,AC,SELL,515,25.0100,-683,mode=mm
363.141,57,place,RY,BUY,700,100.0300,100,quote
363.141,57,place,RY,SELL,700,100.0700,100,quote
363.141,57,place,AC,BUY,800,25.0000,-683,quote
363.192,57,regime,CNR,,,,,"chop -> mixed (er=0.27, net -33t over 14s)"
363.450,57,fill,CNR,BUY,400,159.8250,3312,mode=mm
363.453,57,stop,CNR,SELL,3312,159.6700,3312,loss=12.6t stop=9.4t trend_against=False
363.454,57,place,CNR,SELL,3312,159.6700,3312,agg
363.454,57,place,RY,BUY,700,100.0200,100,quote
363.454,57,place,RY,SELL,700,100.0600,100,quote
363.721,57,place,RY,SELL,700,100.0500,100,quote
364.490,58,stop,CNR,SELL,3312,159.5300,3312,loss=24.6t stop=12.2t trend_against=False
364.492,58,place,CNR,SELL,3312,159.5300,3312,agg
364.825,58,fill,CNR,SELL,3312,159.6150,0,mode=mm
364.833,58,fill,RY,SELL,700,100.0350,-600,mode=mm
364.834,58,place,CNR,SELL,1200,159.6400,0,quote
364.834,58,place,CNR,BUY,1500,155.0100,0,ladder
364.834,58,place,CNR,SELL,1500,164.6000,0,ladder
364.834,58,place,CNR,BUY,1500,147.0200,0,ladder
364.834,58,place,CNR,SELL,1500,172.5900,0,ladder
364.834,58,place,CNR,BUY,2000,135.8400,0,ladder
364.834,58,place,CNR,SELL,2000,183.7800,0,ladder
364.886,58,place,RY,SELL,600,100.0500,-600,quote
364.965,58,place,CNR,SELL,1200,159.6300,0,quote
365.209,58,place,CNR,SELL,1200,159.6200,0,quote
365.209,58,place,RY,SELL,600,100.0600,-600,quote
365.270,58,place,RY,BUY,800,100.0300,-600,quote
365.393,58,regime,RY,,,,,"TREND -> mixed (er=0.32, net -8t over 14s)"
365.501,58,place,RY,SELL,1000,100.0700,-600,quote
365.501,58,place,CNR,SELL,700,159.6100,0,quote
365.783,58,place,RY,BUY,800,100.0400,-600,quote
366.226,58,fill,RY,SELL,1000,100.0550,-1600,mode=mm
366.228,58,place,RY,BUY,800,100.0500,-1600,quote
366.228,58,place,RY,SELL,400,100.0800,-1600,quote
366.463,58,regime,RY,,,,,"mixed -> chop (er=0.22, net -6t over 14s)"
366.771,58,fill,RY,SELL,400,100.0650,-2000,mode=mm
366.782,58,place,RY,SELL,600,100.0900,-2000,quote
367.051,58,place,CNR,SELL,700,159.6000,0,quote
367.051,58,place,RY,BUY,900,100.0700,-2000,quote
367.051,58,place,RY,SELL,300,100.1000,-2000,quote
367.125,58,regime,CNR,,,,,"mixed -> chop (er=0.08, net +7t over 14s)"
367.264,58,fill,RY,BUY,900,100.0850,-1100,mode=mm
367.288,58,place,RY,BUY,1400,100.0600,-1100,quote
367.288,58,place,RY,SELL,800,100.1100,-1100,quote
367.590,58,place,RY,BUY,800,100.0900,-1100,quote
367.590,58,place,RY,SELL,500,100.1300,-1100,quote
367.816,58,place,CNR,SELL,700,159.5900,0,quote
367.816,58,place,RY,SELL,500,100.1200,-1100,quote
368.175,58,regime,CNR,,,,,"chop -> TREND (er=0.88, net -37t over 14s)"
368.809,59,fill,RY,BUY,800,100.1050,-300,mode=mm
368.812,59,place,RY,BUY,1200,100.0500,-300,quote
369.081,59,place,RY,BUY,1200,100.0600,-300,quote
369.081,59,place,RY,SELL,1100,100.1000,-300,quote
369.319,59,fill,RY,BUY,1200,100.0800,900,mode=mm
369.320,59,fill,AC,BUY,800,25.0150,117,mode=mm
369.331,59,place,RY,SELL,800,100.0900,900,quote
369.331,59,place,AC,BUY,700,25.0000,117,quote
369.779,59,regime,AC,,,,,"chop -> mixed (er=0.50, net +2t over 14s)"
369.844,59,fill,RY,SELL,800,100.0750,100,mode=mm
369.845,59,place,RY,BUY,1200,100.0500,100,quote
369.845,59,place,RY,SELL,1200,100.1100,100,quote
370.098,59,place,RY,SELL,700,100.0900,100,quote
370.671,59,fill,CNR,SELL,166,159.5750,-166,mode=mm
370.671,59,fill,AC,BUY,700,25.0150,817,mode=mm
370.674,59,place,AC,BUY,900,24.9900,817,quote
370.674,59,place,CNR,SELL,600,159.6000,-166,quote
370.732,59,place,RY,BUY,700,100.0600,100,quote
370.795,59,place,CNR,BUY,700,159.5700,-166,quote
370.930,59,place,AC,SELL,800,25.0200,817,quote
370.980,59,place,RY,BUY,700,100.0700,100,quote
370.980,59,place,RY,SELL,700,100.1000,100,quote
371.176,59,fill,CNR,SELL,600,159.5850,-766,mode=mm
371.176,59,fill,RY,BUY,700,100.0850,800,mode=mm
371.177,59,place,CNR,SELL,500,159.6200,-766,quote
371.437,59,fill,CNR,SELL,382,159.5950,-1148,mode=mm
371.438,59,place,RY,SELL,1300,100.1100,800,quote
371.438,59,place,CNR,BUY,800,159.5800,-1148,quote
371.438,59,place,CNR,SELL,400,159.6500,-1148,quote
371.488,59,place,CNR,SELL,400,159.6400,-1148,quote
371.711,59,place,CNR,BUY,800,159.6000,-1148,quote
371.711,59,place,CNR,SELL,400,159.6300,-1148,quote
371.711,59,place,RY,SELL,800,100.1000,800,quote
371.946,59,place,RY,SELL,1300,100.1100,800,quote
371.946,59,place,CNR,SELL,400,159.6400,-1148,quote
372.174,60,place,CNR,BUY,800,159.6100,-1148,quote
372.459,60,fill,CNR,SELL,400,159.6250,-1548,mode=mm
372.469,60,place,RY,BUY,900,100.0400,800,quote
372.505,60,place,CNR,SELL,400,159.6400,-1548,quote
372.741,60,fill,CNR,SELL,400,159.6250,-1948,mode=mm
372.741,60,place,CNR,BUY,800,159.6300,-1948,quote
372.741,60,place,CNR,SELL,300,159.6700,-1948,quote
372.741,60,place,RY,BUY,500,100.0700,800,quote
372.741,60,place,RY,SELL,800,100.1000,800,quote
373.016,60,fill,RY,BUY,500,100.0850,1300,mode=mm
373.017,60,place,CNR,BUY,800,159.6400,-1948,quote
373.017,60,place,CNR,SELL,300,159.6800,-1948,quote
373.143,60,place,CNR,SELL,300,159.6700,-1948,quote
373.304,60,fill,CNR,SELL,900,159.6550,-2848,mode=mm
373.305,60,place,CNR,BUY,900,159.6700,-2848,quote
373.305,60,place,CNR,SELL,200,159.7200,-2848,quote
373.377,60,regime,CNR,,,,,"TREND -> mixed (er=0.33, net -17t over 14s)"
373.484,60,place,RY,BUY,800,100.0100,1300,quote
373.484,60,place,RY,SELL,1400,100.0900,1300,quote
373.759,60,fill,CNR,SELL,200,159.6850,-3048,mode=mm
373.765,60,stop,CNR,BUY,3048,159.9100,-3048,loss=22.5t stop=6.3t trend_against=False
373.766,60,place,CNR,BUY,3048,159.9100,-3048,agg
373.766,60,place,RY,BUY,400,100.0400,1300,quote
373.766,60,place,RY,SELL,800,100.0700,1300,quote
374.017,60,fill,CNR,BUY,3048,159.7900,0,mode=mm
374.276,60,fill,AC,BUY,101,25.0050,918,mode=mm
374.276,60,regime,CNR,,,,,"mixed -> chop (er=0.12, net +9t over 14s)"
374.277,60,place,CNR,BUY,1200,159.9100,0,quote
374.277,60,place,CNR,BUY,1500,154.8500,0,ladder
374.277,60,place,CNR,SELL,1500,164.4300,0,ladder
374.277,60,place,CNR,BUY,900,146.8700,0,ladder
374.277,60,place,CNR,SELL,1500,172.4100,0,ladder
374.277,60,place,CNR,SELL,2000,183.5900,0,ladder
374.536,60,place,CNR,BUY,700,159.9400,0,quote
374.536,60,place,CNR,BUY,100,135.7100,0,ladder
374.800,60,fill,RY,BUY,400,100.0550,1700,mode=mm
374.993,60,place,CNR,BUY,1200,159.9700,0,quote
374.993,60,place,RY,BUY,700,100.0200,1700,quote
374.993,60,place,RY,SELL,1400,100.0600,1700,quote
375.290,60,fill,AC,BUY,799,25.0050,1717,mode=mm
375.290,60,regime,AC,,,,,"mixed -> chop (er=0.20, net +1t over 14s)"
375.291,60,place,CNR,BUY,700,160.0000,0,quote
375.291,60,place,RY,SELL,800,100.0500,1700,quote
375.291,60,place,AC,BUY,400,24.9900,1717,quote
375.342,60,regime,CNR,,,,,"chop -> mixed (er=0.25, net +22t over 14s)"
375.581,60,fill,RY,SELL,1400,100.0350,300,mode=mm
375.582,60,fill,AC,BUY,400,25.0050,2117,mode=mm
375.582,60,regime,AC,,,,,"chop -> mixed (er=0.33, net -1t over 14s)"
375.583,60,place,AC,BUY,600,24.9700,2117,quote
375.583,60,place,CNR,BUY,700,160.0200,0,quote
375.630,60,regime,CNR,,,,,"mixed -> chop (er=0.21, net +19t over 14s)"
375.799,60,place,CNR,BUY,700,160.0300,0,quote
375.799,60,place,AC,BUY,300,24.9800,2117,quote
375.799,60,place,AC,SELL,900,25.0100,2117,quote
375.889,60,regime,CNR,,,,,"chop -> mixed (er=0.25, net +24t over 14s)"
376.045,60,place,CNR,BUY,1200,160.0400,0,quote
376.045,60,place,RY,BUY,600,100.0300,300,quote
376.045,60,place,RY,SELL,700,100.0600,300,quote
376.196,60,regime,CNR,,,,,"mixed -> chop (er=0.22, net +22t over 14s)"
376.224,60,place,CNR,BUY,700,160.0600,0,quote
376.462,61,regime,CNR,,,,,"chop -> mixed (er=0.25, net +25t over 14s)"
376.587,61,fill,RY,SELL,700,100.0450,-400,mode=mm
376.588,61,place,RY,SELL,1000,100.0900,-400,quote
376.829,61,place,RY,BUY,1300,100.0500,-400,quote
376.829,61,place,AC,BUY,600,24.9700,2117,quote
377.045,61,place,AC,SELL,900,25.0000,2117,quote
377.073,61,place,CNR,BUY,700,160.0800,0,quote
377.073,61,place,RY,BUY,700,100.0700,-400,quote
377.073,61,place,RY,SELL,600,100.1100,-400,quote
377.176,61,place,RY,SELL,600,100.1000,-400,quote
377.317,61,place,CNR,BUY,700,160.1000,0,quote
377.611,61,regime,CNR,,,,,"mixed -> TREND (er=0.57, net +51t over 14s)"
377.613,61,place,CNR,BUY,700,160.1300,0,quote
377.816,61,fill,RY,BUY,700,100.0850,300,mode=mm
377.843,61,place,CNR,BUY,700,160.1500,0,quote
377.843,61,place,RY,BUY,600,100.0700,300,quote
378.412,61,place,CNR,BUY,700,160.1700,0,quote
378.412,61,place,RY,BUY,600,100.0600,300,quote
378.412,61,place,RY,SELL,700,100.0900,300,quote
378.625,61,place,CNR,BUY,700,160.1800,0,quote
379.631,61,fill,RY,SELL,105,100.0750,195,mode=mm
379.634,61,place,RY,BUY,2300,100.0700,195,quote
379.634,61,place,RY,SELL,2500,100.0800,195,quote
379.908,61,place,CNR,BUY,700,160.1900,0,quote
380.237,61,fill,RY,SELL,2500,100.0750,-2305,mode=mm
380.239,61,place,RY,SELL,600,100.0900,-2305,quote
380.474,61,place,RY,BUY,3100,100.0800,-2305,quote
380.474,61,place,RY,SELL,1100,100.1000,-2305,quote
380.585,62,place,AC,BUY,700,24.9800,2117,quote
380.585,62,place,AC,SELL,1800,24.9900,2117,quote
380.680,62,fill,RY,BUY,2500,100.0800,195,mode=mm
380.694,62,place,RY,BUY,2300,100.0700,195,quote
380.694,62,place,RY,SELL,2500,100.0800,195,quote
380.694,62,place,CNR,BUY,700,160.2000,0,quote
380.984,62,fill,RY,SELL,2500,100.0800,-2305,mode=mm
380.985,62,fill,AC,BUY,700,24.9850,2817,mode=mm
380.986,62,place,RY,BUY,1800,100.0900,-2305,quote
380.986,62,place,RY,SELL,600,100.1100,-2305,quote
380.986,62,place,AC,BUY,500,24.9700,2817,quote
381.425,62,fill,RY,BUY,1800,100.0950,-505,mode=mm
381.710,62,fill,AC,SELL,1800,24.9850,1017,mode=mm
381.715,62,place,CNR,BUY,700,160.2200,0,quote
381.715,62,place,RY,BUY,900,100.0900,-505,quote
381.715,62,place,RY,SELL,1200,100.1500,-505,quote
381.715,62,place,AC,BUY,300,24.9800,1017,quote
381.715,62,place,AC,SELL,1600,24.9900,1017,quote
381.983,62,stop,RY,BUY,505,100.1800,-505,loss=6.0t stop=5.0t trend_against=False
381.984,62,place,RY,BUY,505,100.1800,-505,agg
381.984,62,place,AC,BUY,1000,24.9800,1017,quote
382.221,62,fill,RY,BUY,1405,100.1200,900,mode=mm
382.229,62,place,RY,BUY,1800,100.1100,900,quote
382.229,62,place,RY,SELL,900,100.1300,900,quote
382.229,62,place,RY,BUY,1500,97.0800,900,ladder
382.229,62,place,RY,SELL,1500,103.0800,900,ladder
382.229,62,place,RY,BUY,500,92.0700,900,ladder
382.229,62,place,RY,SELL,1500,108.0900,900,ladder
382.229,62,place,RY,BUY,200,85.0700,900,ladder
382.229,62,place,RY,SELL,2000,115.0900,900,ladder
382.313,62,place,CNR,BUY,700,160.2300,0,quote
382.470,62,fill,RY,BUY,1200,100.1250,2100,mode=mm
382.473,62,place,RY,BUY,700,100.1200,2100,quote
382.729,62,fill,RY,BUY,600,100.1250,2700,mode=mm
382.730,62,fill,AC,BUY,870,24.9850,1887,mode=mm
382.731,62,place,RY,BUY,600,100.1000,2700,quote
382.731,62,place,RY,SELL,2700,100.1200,2700,quote
382.731,62,place,CNR,BUY,700,160.2400,0,quote
382.731,62,place,AC,BUY,100,24.9800,1887,quote
382.972,62,fill,RY,SELL,300,100.1200,2400,mode=mm
382.972,62,fill,AC,SELL,1470,24.9850,417,mode=mm
382.974,62,place,AC,BUY,1300,24.9800,417,quote
382.974,62,place,AC,SELL,1500,24.9900,417,quote
383.253,62,fill,RY,SELL,1700,100.1150,700,mode=mm
383.254,62,place,RY,BUY,1100,100.1100,700,quote
383.254,62,place,RY,SELL,200,100.1200,700,quote
383.486,62,place,RY,SELL,700,100.1200,700,quote
383.740,62,fill,RY,SELL,200,100.1150,500,mode=mm
383.974,62,fill,RY,SELL,700,100.1150,-200,mode=mm
383.986,62,place,RY,BUY,2500,100.1200,-200,quote
384.196,62,fill,RY,BUY,483,100.1200,283,mode=mm
384.196,62,fill,AC,SELL,1500,24.9850,-1083,mode=mm
384.201,62,place,RY,BUY,2200,100.1100,283,quote
384.201,62,place,RY,SELL,200,100.1200,283,quote
384.201,62,place,AC,SELL,1000,24.9900,-1083,quote
384.250,62,place,RY,BUY,1300,100.1200,283,quote
384.250,62,place,RY,SELL,200,100.1300,283,quote
384.502,62,fill,RY,SELL,200,100.1250,83,mode=mm
384.502,62,fill,AC,BUY,1300,24.9850,217,mode=mm
384.504,62,place,AC,BUY,1300,24.9800,217,quote
385.020,63,fill,AC,SELL,1000,24.9850,-783,mode=mm
385.025,63,place,RY,BUY,1400,100.1500,83,quote
385.025,63,place,AC,SELL,1100,24.9900,-783,quote
385.166,63,place,RY,SELL,1500,100.1700,83,quote
385.194,63,regime,RY,,,,,"chop -> mixed (er=0.26, net +7t over 14s)"
385.353,63,place,RY,SELL,1500,100.1600,83,quote
385.455,63,regime,RY,,,,,"mixed -> chop (er=0.25, net +6t over 14s)"
385.482,63,fill,RY,BUY,962,100.1550,1045,mode=mm
385.482,63,fill,AC,BUY,1300,24.9850,517,mode=mm
385.483,63,place,AC,BUY,1200,24.9800,517,quote
385.706,63,regime,RY,,,,,"chop -> mixed (er=0.27, net +7t over 14s)"
385.769,63,fill,RY,BUY,438,100.1550,1483,mode=mm
385.770,63,fill,AC,SELL,1100,24.9850,-583,mode=mm
385.772,63,place,RY,BUY,900,100.1500,1483,quote
385.772,63,place,AC,SELL,1200,24.9900,-583,quote
386.062,63,place,CNR,BUY,700,160.2300,0,quote
386.271,63,place,RY,SELL,1700,100.1600,1483,quote
386.271,63,place,AC,BUY,1500,24.9800,-583,quote
386.302,63,fill,RY,SELL,1500,100.1550,-17,mode=mm
386.306,63,fill,AC,BUY,1200,24.9850,617,mode=mm
386.312,63,place,CNR,BUY,700,160.2400,0,quote
386.312,63,place,RY,BUY,1500,100.1600,-17,quote
386.312,63,place,RY,SELL,1400,100.1700,-17,quote
386.564,63,fill,RY,SELL,3100,100.1650,-3117,mode=mm
386.566,63,fill,AC,SELL,1200,24.9850,-583,mode=mm
386.568,63,place,CNR,BUY,700,160.2500,0,quote
386.568,63,place,RY,BUY,2000,100.1700,-3117,quote
386.568,63,place,RY,SELL,500,100.1900,-3117,quote
386.568,63,place,AC,BUY,1500,24.9900,-583,quote
386.568,63,place,AC,SELL,1200,25.0000,-583,quote
386.802,63,fill,RY,BUY,2000,100.1750,-1117,mode=mm
386.803,63,fill,AC,BUY,300,24.9950,-283,mode=mm
386.804,63,place,AC,BUY,2500,25.0000,-283,quote
386.804,63,place,AC,SELL,2200,25.0100,-283,quote
386.804,63,place,CNR,BUY,200,160.2400,0,quote
386.804,63,place,RY,BUY,1600,100.1600,-1117,quote
387.112,63,fill,AC,BUY,200,25.0000,-83,mode=mm
387.113,63,regime,AC,,,,,"mixed -> chop (er=0.20, net +1t over 14s)"
387.256,63,place,CNR,BUY,700,160.2700,0,quote
387.256,63,place,RY,SELL,1000,100.1800,-1117,quote
387.256,63,place,AC,BUY,1500,25.0100,-83,quote
387.256,63,place,AC,SELL,1400,25.0200,-83,quote
387.311,63,fill,RY,BUY,1600,100.1750,483,mode=mm
387.615,63,fill,CNR,BUY,700,160.2850,700,mode=mm
387.615,63,fill,RY,SELL,1000,100.1750,-517,mode=mm
387.619,63,fill,AC,BUY,100,25.0150,17,mode=mm
387.619,63,regime,RY,,,,,"mixed -> TREND (er=0.60, net +14t over 14s)"
387.619,63,regime,AC,,,,,"chop -> mixed (er=0.33, net +2t over 14s)"
387.623,63,place,CNR,BUY,500,160.2600,700,quote
387.623,63,place,RY,BUY,1500,100.1800,-517,quote
387.623,63,place,RY,SELL,100,100.1900,-517,quote
387.623,63,place,AC,SELL,1500,25.0300,17,quote
387.854,63,place,CNR,BUY,500,160.2800,700,quote
387.854,63,place,RY,SELL,700,100.1900,-517,quote
387.854,63,place,AC,BUY,800,25.0200,17,quote
387.922,63,place,RY,SELL,100,100.2000,-517,quote
388.142,63,place,RY,SELL,600,100.2000,-517,quote
388.226,63,fill,CNR,BUY,500,160.2950,1200,mode=mm
388.231,63,place,CNR,BUY,200,160.2600,1200,quote
388.231,63,place,RY,BUY,700,100.1700,-517,quote
388.339,64,fill,AC,BUY,600,25.0250,617,mode=mm
388.342,64,place,CNR,BUY,400,160.3000,1200,quote
388.342,64,place,AC,BUY,1200,25.0200,617,quote
388.675,64,place,CNR,BUY,400,160.2600,1200,quote
388.706,64,fill,CNR,BUY,400,160.3000,1600,mode=mm
388.706,64,fill,AC,SELL,1300,25.0250,-683,mode=mm
388.796,64,place,RY,BUY,700,100.1600,-517,quote
388.865,64,fill,RY,BUY,700,100.1800,183,mode=mm
388.865,64,fill,AC,BUY,1200,25.0250,517,mode=mm
388.868,64,place,CNR,BUY,400,160.3200,1600,quote
388.868,64,place,AC,BUY,1200,25.0200,517,quote
388.868,64,place,AC,SELL,1500,25.0300,517,quote
389.184,64,fill,CNR,BUY,400,160.3350,2000,mode=mm
389.184,64,fill,AC,BUY,1200,25.0250,1717,mode=mm
389.402,64,fill,RY,BUY,700,100.1750,883,mode=mm
389.402,64,fill,AC,SELL,1500,25.0250,217,mode=mm
389.403,64,place,RY,BUY,500,100.1600,883,quote
389.403,64,place,AC,SELL,1500,25.0300,217,quote
389.436,64,place,RY,BUY,500,100.1500,883,quote
389.487,64,place,RY,SELL,800,100.1800,883,quote
389.672,64,place,AC,BUY,2300,25.0100,217,quote
389.672,64,place,AC,SELL,2500,25.0200,217,quote
389.900,64,fill,RY,SELL,300,100.1650,583,mode=mm
389.900,64,fill,AC,SELL,200,25.0200,17,mode=mm
389.901,64,place,RY,BUY,600,100.1300,583,quote
389.901,64,place,RY,SELL,700,100.1700,583,quote
390.146,64,place,RY,SELL,700,100.1600,583,quote
390.459,64,place,CNR,BUY,300,160.3200,2000,quote
390.671,64,fill,CNR,BUY,300,160.3350,2300,mode=mm
390.671,64,regime,CNR,,,,,"3 stop-outs in 85s -> toxic flow: half size, no stepping inside for 30s"
390.671,64,stop,CNR,SELL,2300,160.1700,2300,loss=9.3t stop=5.0t trend_against=False
390.676,64,place,CNR,SELL,2300,160.1700,2300,agg
391.014,64,place,RY,BUY,600,100.1400,583,quote
391.014,64,place,RY,SELL,700,100.1700,583,quote
391.047,64,fill,CNR,SELL,2300,160.2750,0,mode=mm
391.051,64,fill,RY,BUY,600,100.1550,1183,mode=mm
391.057,64,place,CNR,BUY,1500,155.4600,0,ladder
391.057,64,place,CNR,SELL,1500,165.0800,0,ladder
391.057,64,place,CNR,BUY,1500,147.4500,0,ladder
391.057,64,place,CNR,SELL,1500,173.0900,0,ladder
391.057,64,place,CNR,BUY,2000,136.2300,0,ladder
391.057,64,place,CNR,SELL,2000,184.3100,0,ladder
391.185,64,fill,RY,SELL,700,100.1550,483,mode=mm
391.185,64,regime,CNR,,,,,"TREND -> chop (er=0.11, net +6t over 14s)"
391.185,64,regime,RY,,,,,"TREND -> mixed (er=0.32, net +6t over 14s)"
391.192,64,place,CNR,SELL,700,160.1900,0,quote
391.192,64,place,RY,BUY,600,100.1300,483,quote
391.192,64,place,RY,SELL,100,100.1600,483,quote
391.234,64,place,AC,SELL,900,25.0200,17,quote
391.468,64,fill,RY,BUY,1200,100.1450,1683,mode=mm
391.473,64,place,CNR,SELL,700,160.1200,0,quote
391.473,64,place,RY,BUY,200,100.1500,1683,quote
391.473,64,place,RY,SELL,300,100.1600,1683,quote
391.473,64,place,AC,BUY,100,25.0100,17,quote
391.701,64,fill,RY,BUY,100,100.1600,1783,mode=mm
391.711,64,place,CNR,SELL,100,160.0800,0,quote
391.711,64,place,RY,SELL,1000,100.1500,1783,quote
391.711,64,place,AC,BUY,800,25.0100,17,quote
391.953,64,fill,RY,SELL,1300,100.1450,483,mode=mm
391.954,64,fill,AC,BUY,900,25.0150,917,mode=mm
391.954,64,place,RY,SELL,2600,100.1700,483,quote
391.954,64,place,CNR,SELL,400,160.0700,0,quote
392.236,64,fill,AC,SELL,900,25.0150,17,mode=mm
392.237,64,place,CNR,SELL,700,160.0300,0,quote
392.237,64,place,RY,BUY,1200,100.1600,483,quote
392.237,64,place,AC,SELL,500,25.0200,17,quote
392.337,64,regime,CNR,,,,,"chop -> mixed (er=0.33, net -19t over 14s)"
392.461,65,fill,RY,SELL,2600,100.1650,-2117,mode=mm
392.463,65,place,AC,BUY,800,24.9900,17,quote
392.463,65,place,AC,SELL,500,25.0100,17,quote
392.463,65,place,RY,BUY,1800,100.1700,-2117,quote
392.463,65,place,RY,SELL,200,100.1800,-2117,quote
392.603,65,regime,AC,,,,,"mixed -> chop (er=0.23, net +2t over 14s)"
392.742,65,fill,RY,BUY,3000,100.1750,883,mode=mm
392.743,65,fill,AC,BUY,800,25.0000,817,mode=mm
392.745,65,place,RY,BUY,1800,100.1100,883,quote
392.745,65,place,RY,SELL,2700,100.1400,883,quote
392.745,65,place,CNR,SELL,400,159.9300,0,quote
392.745,65,place,AC,BUY,100,24.9700,817,quote
392.745,65,place,AC,SELL,1600,24.9900,817,quote
392.854,65,place,RY,BUY,1800,100.1200,883,quote
392.880,65,regime,RY,,,,,"mixed -> chop (er=0.19, net +6t over 14s)"
392.981,65,fill,RY,BUY,3600,100.1300,4483,mode=mm
392.982,65,fill,AC,SELL,1240,24.9850,-423,mode=mm
393.257,65,fill,RY,SELL,2700,100.1350,1783,mode=mm
393.258,65,fill,AC,SELL,300,24.9750,-723,mode=mm
393.309,65,place,CNR,SELL,1200,159.9300,0,quote
393.309,65,place,RY,BUY,800,100.1400,1783,quote
393.309,65,place,RY,SELL,1700,100.1500,1783,quote
393.393,65,regime,CNR,,,,,"mixed -> TREND (er=0.45, net -30t over 14s)"
393.502,65,fill,RY,BUY,800,100.1450,2583,mode=mm
393.787,65,place,CNR,SELL,700,159.9200,0,quote
393.787,65,place,RY,BUY,600,100.1300,2583,quote
393.821,65,fill,CNR,SELL,1200,159.9050,-1200,mode=mm
394.022,65,fill,RY,SELL,1100,100.1450,1483,mode=mm
394.024,65,place,RY,SELL,2900,100.1400,1483,quote
394.024,65,place,CNR,BUY,800,159.8900,-1200,quote
394.024,65,place,CNR,SELL,400,159.9400,-1200,quote
394.024,65,place,AC,SELL,100,24.9800,-723,quote
394.269,65,fill,CNR,BUY,800,159.9200,-400,mode=mm
394.269,65,fill,RY,SELL,2900,100.1350,-1417,mode=mm
394.269,65,fill,AC,SELL,100,24.9750,-823,mode=mm
394.291,65,place,RY,SELL,1500,100.1500,-1417,quote
394.291,65,place,CNR,BUY,700,159.8400,-400,quote
394.291,65,place,CNR,SELL,600,159.8900,-400,quote
394.291,65,place,AC,BUY,1600,24.9700,-823,quote
394.590,65,fill,CNR,SELL,600,159.8750,-1000,mode=mm
394.590,65,fill,AC,BUY,1600,24.9750,777,mode=mm
394.595,65,stop,CNR,BUY,1000,160.3800,-1000,loss=44.4t stop=9.0t trend_against=False
394.596,65,place,CNR,BUY,1000,160.3800,-1000,agg
394.596,65,place,AC,SELL,500,24.9700,777,quote
394.827,65,fill,CNR,BUY,1700,160.1150,700,mode=mm
394.828,65,fill,RY,SELL,1500,100.1450,-2917,mode=mm
394.830,65,stop,CNR,SELL,700,159.8500,700,loss=45.0t stop=9.0t trend_against=False
394.831,65,place,CNR,SELL,700,159.8500,700,agg
394.831,65,place,AC,SELL,100,24.9700,777,quote
395.060,65,fill,CNR,SELL,700,160.1150,0,mode=mm
395.061,65,regime,CNR,,,,,"TREND -> chop (er=0.10, net +11t over 14s)"
395.068,65,place,RY,BUY,1900,100.1400,-2917,quote
395.068,65,place,RY,SELL,100,100.1600,-2917,quote
395.068,65,place,AC,SELL,2700,24.9700,777,quote
395.068,65,place,CNR,SELL,100,164.9100,0,ladder
395.136,65,place,AC,BUY,600,24.9600,777,quote
395.136,65,place,CNR,BUY,100,155.3100,0,ladder
395.136,65,place,CNR,BUY,100,147.3000,0,ladder
395.136,65,place,CNR,SELL,100,172.9200,0,ladder
395.136,65,place,CNR,SELL,100,184.1300,0,ladder
395.318,65,fill,RY,BUY,1900,100.1450,-1017,mode=mm
395.319,65,fill,AC,SELL,2800,24.9650,-2023,mode=mm
395.822,65,place,RY,BUY,2700,100.1100,-1017,quote
395.822,65,place,RY,SELL,1700,100.1300,-1017,quote
395.822,65,place,AC,BUY,3000,24.9600,-2023,quote
395.822,65,place,CNR,BUY,2000,136.1100,0,ladder
396.073,65,fill,RY,BUY,1000,100.1150,-17,mode=mm
396.074,65,stop,AC,BUY,2023,25.0000,-2023,loss=7.0t stop=5.0t trend_against=False
396.075,65,place,AC,BUY,2023,25.0000,-2023,agg
396.075,65,place,RY,BUY,1500,100.1300,-17,quote
396.075,65,place,RY,SELL,1400,100.1400,-17,quote
396.255,65,place,RY,SELL,1400,100.1200,-17,quote
396.277,65,fill,RY,BUY,100,100.1150,83,mode=mm
396.277,65,fill,AC,BUY,2023,24.9650,0,mode=mm
396.626,66,fill,RY,SELL,1400,100.1400,-1317,mode=mm
396.649,66,place,AC,BUY,2500,25.0200,0,quote
396.649,66,place,RY,BUY,1700,100.1000,-1317,quote
396.649,66,place,RY,SELL,100,100.1100,-1317,quote
396.843,66,fill,AC,BUY,2500,25.0200,2500,mode=mm
397.187,66,place,RY,SELL,100,100.1100,-1317,quote
397.187,66,place,AC,SELL,2500,25.0300,2500,quote
397.298,66,place,AC,BUY,1000,25.0100,2500,quote
397.416,66,fill,RY,BUY,400,100.1050,-917,mode=mm
397.418,66,place,RY,SELL,1100,100.1100,-917,quote
397.632,66,place,AC,BUY,1000,25.0000,2500,quote
397.632,66,place,AC,SELL,2500,25.0200,2500,quote
398.001,66,fill,RY,BUY,1300,100.1050,383,mode=mm
398.002,66,fill,AC,SELL,1500,25.0200,1000,mode=mm
398.006,66,place,CNR,BUY,700,160.0600,0,quote
398.006,66,place,CNR,SELL,700,160.1800,0,quote
398.006,66,place,RY,BUY,1300,100.1000,383,quote
398.006,66,place,AC,SELL,1000,25.0300,1000,quote
398.216,66,fill,CNR,SELL,700,160.1150,-700,mode=mm
398.216,66,fill,RY,SELL,1100,100.1050,-717,mode=mm
398.217,66,fill,AC,SELL,500,25.0250,500,mode=mm
398.217,66,place,RY,BUY,2600,100.0900,-717,quote
398.217,66,place,RY,SELL,1900,100.1100,-717,quote
398.217,66,place,CNR,BUY,400,160.1500,-700,quote
398.217,66,place,CNR,SELL,500,160.2600,-700,quote
398.396,66,fill,RY,BUY,700,100.1000,-17,mode=mm
398.396,66,fill,AC,SELL,2000,25.0200,-1500,mode=mm
398.398,66,place,CNR,BUY,400,160.1600,-700,quote
398.398,66,place,CNR,SELL,900,160.2300,-700,quote
398.398,66,place,RY,BUY,500,100.1200,-17,quote
398.484,66,place,RY,SELL,1400,100.1300,-17,quote
398.656,66,place,CNR,BUY,400,160.2000,-700,quote
398.656,66,place,CNR,SELL,300,160.2600,-700,quote
398.656,66,place,RY,BUY,1500,100.1200,-17,quote
398.822,66,place,AC,BUY,1700,25.0100,-1500,quote
398.929,66,fill,CNR,SELL,900,160.2200,-1600,mode=mm
398.929,66,fill,RY,BUY,500,100.1250,483,mode=mm
399.015,66,place,CNR,BUY,1400,160.2200,-1600,quote
399.015,66,place,CNR,SELL,700,160.2800,-1600,quote
399.043,66,place,CNR,SELL,700,160.2700,-1600,quote
399.208,66,fill,CNR,BUY,851,160.2400,-749,mode=mm
399.208,66,fill,RY,BUY,1500,100.1250,1983,mode=mm
399.211,66,fill,AC,BUY,1700,25.0100,200,mode=mm
399.213,66,place,CNR,BUY,1300,160.2100,-749,quote
399.213,66,place,RY,BUY,700,100.0800,1983,quote
399.213,66,place,RY,SELL,3000,100.0900,1983,quote
399.213,66,place,AC,SELL,200,25.0200,200,quote
399.281,66,place,AC,BUY,1400,25.0100,200,quote
399.418,66,fill,RY,SELL,3000,100.0900,-1017,mode=mm
399.420,66,fill,AC,BUY,600,25.0150,800,mode=mm
399.421,66,place,CNR,BUY,400,160.2400,-749,quote
399.421,66,place,CNR,SELL,500,160.2800,-749,quote
399.421,66,place,AC,SELL,1600,25.0200,800,quote
399.631,66,fill,RY,BUY,700,100.0850,-317,mode=mm
399.631,66,fill,AC,BUY,800,25.0150,1600,mode=mm
399.634,66,place,RY,BUY,1500,100.0800,-317,quote
399.634,66,place,AC,BUY,400,25.0100,1600,quote
399.962,66,fill,AC,SELL,1200,25.0150,400,mode=mm
399.969,66,place,AC,BUY,2100,24.9900,400,quote
399.969,66,place,AC,SELL,2600,25.0100,400,quote
399.969,66,place,CNR,BUY,400,160.2500,-749,quote
399.969,66,place,CNR,SELL,500,160.2900,-749,quote
399.969,66,place,RY,BUY,1500,100.0900,-317,quote
399.969,66,place,RY,SELL,200,100.1000,-317,quote
400.223,66,fill,CNR,SELL,447,160.2650,-1196,mode=mm
400.223,66,fill,RY,BUY,1500,100.0950,1183,mode=mm
400.227,66,fill,AC,BUY,2100,25.0000,2500,mode=mm
400.230,66,place,CNR,BUY,1300,160.2500,-1196,quote
400.230,66,place,CNR,SELL,800,160.3300,-1196,quote
400.230,66,place,RY,SELL,500,100.1000,1183,quote
400.230,66,place,AC,BUY,100,24.9800,2500,quote
400.230,66,place,AC,SELL,3100,25.0000,2500,quote
400.500,66,fill,CNR,BUY,347,160.2850,-849,mode=mm
400.501,66,fill,RY,SELL,700,100.0950,483,mode=mm
400.501,66,fill,AC,SELL,3000,25.0000,-500,mode=mm
400.510,66,place,CNR,BUY,200,160.2900,-849,quote
400.510,66,place,RY,BUY,1200,100.1000,483,quote
400.510,66,place,RY,SELL,100,100.1100,483,quote
400.821,67,fill,CNR,SELL,800,160.3050,-1649,mode=mm
400.822,67,fill,RY,BUY,2700,100.1050,3183,mode=mm
400.892,67,place,CNR,BUY,1400,160.3100,-1649,quote
400.892,67,place,CNR,SELL,700,160.3800,-1649,quote
400.892,67,place,RY,BUY,500,100.0900,3183,quote
400.892,67,place,RY,SELL,2000,100.1100,3183,quote
400.980,67,fill,RY,SELL,100,100.1050,3083,mode=mm
400.983,67,place,CNR,BUY,800,160.3500,-1649,quote
400.983,67,place,CNR,SELL,400,160.4000,-1649,quote
401.133,67,place,CNR,SELL,400,160.3900,-1649,quote
401.228,67,fill,RY,SELL,2000,100.1050,1083,mode=mm
401.251,67,place,CNR,BUY,1400,160.3600,-1649,quote
401.251,67,place,CNR,SELL,700,160.4300,-1649,quote
401.251,67,place,RY,BUY,1700,100.1100,1083,quote
401.251,67,place,RY,SELL,900,100.1200,1083,quote
401.324,67,place,CNR,SELL,700,160.4200,-1649,quote
401.524,67,fill,CNR,SELL,700,160.3800,-2349,mode=mm
401.524,67,fill,RY,BUY,2200,100.1200,3283,mode=mm
401.526,67,place,CNR,BUY,1500,160.3500,-2349,quote
401.553,67,place,RY,SELL,3400,100.1200,3283,quote
401.553,67,place,AC,BUY,2600,24.9900,-500,quote
401.716,67,fill,RY,SELL,4300,100.1200,-1017,mode=mm
401.718,67,fill,AC,BUY,2600,24.9950,2100,mode=mm
402.310,67,regime,AC,,,,,"chop -> mixed (er=0.26, net -5t over 14s)"
402.575,67,regime,AC,,,,,"mixed -> chop (er=0.20, net -4t over 14s)"
402.577,67,place,CNR,BUY,600,160.1400,-2349,quote
402.577,67,place,CNR,SELL,200,160.3700,-2349,quote
402.577,67,place,RY,BUY,1600,100.0600,-1017,quote
402.577,67,place,RY,SELL,1000,100.0800,-1017,quote
402.577,67,place,AC,BUY,200,24.9800,2100,quote
402.577,67,place,AC,SELL,1800,24.9900,2100,quote
402.635,67,place,RY,BUY,1600,100.0700,-1017,quote
402.712,67,fill,RY,BUY,1600,100.0750,583,mode=mm
402.714,67,fill,AC,BUY,200,24.9850,2300,mode=mm
402.714,67,place,CNR,BUY,600,160.1900,-2349,quote
402.714,67,place,CNR,SELL,200,160.3600,-2349,quote
402.714,67,place,AC,BUY,600,24.9700,2300,quote
403.095,67,fill,CNR,BUY,400,160.2650,-1949,mode=mm
403.096,67,fill,RY,BUY,1600,100.0750,2183,mode=mm
403.096,67,fill,AC,SELL,1200,24.9850,1100,mode=mm
403.099,67,place,CNR,BUY,1400,160.0900,-1949,quote
403.099,67,place,CNR,SELL,600,160.1700,-1949,quote
403.099,67,place,RY,BUY,700,100.0700,2183,quote
403.099,67,place,AC,SELL,2800,25.0100,1100,quote
403.164,67,place,AC,BUY,1700,24.9900,1100,quote
403.276,67,place,CNR,BUY,800,160.1000,-1949,quote
403.276,67,place,CNR,SELL,300,160.1500,-1949,quote
403.276,67,place,AC,BUY,1000,25.0000,1100,quote
403.515,67,fill,RY,SELL,1000,100.0750,1183,mode=mm
403.515,67,fill,AC,SELL,2800,25.0050,-1700,mode=mm
403.520,67,place,CNR,BUY,800,160.0600,-1949,quote
403.520,67,place,CNR,SELL,300,160.1200,-1949,quote
403.520,67,place,RY,SELL,1600,100.0800,1183,quote
403.520,67,place,AC,SELL,800,25.0100,-1700,quote
403.574,67,place,CNR,BUY,800,160.0700,-1949,quote
403.761,67,fill,CNR,BUY,29,160.1050,-1920,mode=mm
403.761,67,fill,RY,BUY,700,100.0750,1883,mode=mm
403.761,67,fill,AC,BUY,800,25.0050,-900,mode=mm
403.765,67,place,RY,BUY,1300,100.0100,1883,quote
403.765,67,place,RY,SELL,1800,100.0400,1883,quote
403.765,67,place,CNR,BUY,400,160.0800,-1920,quote
403.765,67,place,CNR,SELL,600,160.1400,-1920,quote
403.765,67,place,AC,BUY,900,25.0000,-900,quote
403.882,67,regime,RY,,,,,"chop -> mixed (er=0.28, net -13t over 14s)"
404.051,67,fill,CNR,BUY,100,160.1200,-1820,mode=mm
404.051,67,fill,RY,SELL,1800,100.0350,83,mode=mm
404.052,67,fill,AC,SELL,600,25.0050,-1500,mode=mm
404.163,67,place,RY,SELL,2500,100.0300,83,quote
404.163,67,place,CNR,BUY,900,159.9700,-1820,quote
404.163,67,place,CNR,SELL,400,160.0900,-1820,quote
404.163,67,place,AC,SELL,100,25.0100,-1500,quote
404.257,67,fill,AC,BUY,900,25.0050,-600,mode=mm
404.260,68,place,CNR,BUY,900,160.0500,-1820,quote
404.260,68,place,CNR,SELL,600,160.1100,-1820,quote
404.260,68,place,RY,BUY,1400,100.0400,83,quote
404.260,68,place,RY,SELL,100,100.0500,83,quote
404.260,68,place,AC,BUY,500,25.0000,-600,quote
404.407,68,regime,RY,,,,,"mixed -> chop (er=0.21, net -10t over 14s)"
404.565,68,fill,CNR,BUY,771,160.0900,-1049,mode=mm
404.565,68,fill,RY,SELL,2062,100.0450,-1979,mode=mm
404.567,68,fill,AC,SELL,100,25.0050,-700,mode=mm
404.610,68,place,RY,BUY,3000,100.0600,-1979,quote
404.610,68,place,RY,SELL,1200,100.0700,-1979,quote
404.610,68,place,CNR,BUY,100,160.0900,-1049,quote
404.610,68,place,CNR,SELL,300,160.3300,-1049,quote
404.610,68,place,AC,BUY,100,25.0100,-700,quote
404.610,68,place,AC,SELL,600,25.0200,-700,quote
404.861,68,fill,CNR,SELL,300,160.4250,-1349,mode=mm
404.861,68,fill,RY,BUY,2600,100.0600,621,mode=mm
404.863,68,fill,AC,BUY,500,25.0150,-200,mode=mm
404.872,68,place,CNR,BUY,1400,160.4000,-1349,quote
404.872,68,place,RY,BUY,2000,100.0400,621,quote
404.872,68,place,RY,SELL,2600,100.0600,621,quote
404.872,68,place,AC,BUY,100,25.0100,-200,quote
405.165,68,fill,CNR,BUY,1400,160.4250,51,mode=mm
405.166,68,fill,RY,SELL,3800,100.0550,-3179,mode=mm
405.170,68,fill,AC,BUY,100,25.0150,-100,mode=mm
405.170,68,stop,CNR,SELL,51,160.3700,51,loss=30.0t stop=29.4t trend_against=False
405.171,68,place,CNR,SELL,51,160.3700,51,agg
405.419,68,fill,CNR,SELL,51,160.4100,0,mode=mm
405.423,68,fill,RY,BUY,2000,100.0750,-1179,mode=mm
405.423,68,fill,AC,BUY,100,25.0150,0,mode=mm
405.424,68,place,RY,BUY,2800,100.0200,-1179,quote
405.424,68,place,CNR,SELL,700,160.4700,0,quote
405.424,68,place,AC,BUY,900,25.0100,0,quote
405.424,68,place,CNR,BUY,100,155.4200,0,ladder
405.424,68,place,CNR,SELL,1500,165.0400,0,ladder
405.424,68,place,CNR,SELL,1500,173.0500,0,ladder
405.424,68,place,CNR,SELL,1200,184.2600,0,ladder
405.536,68,fill,AC,SELL,600,25.0150,-600,mode=mm
405.537,68,place,RY,BUY,2800,100.0300,-1179,quote
405.537,68,place,CNR,SELL,700,160.4600,0,quote
405.537,68,place,AC,SELL,200,25.0200,-600,quote
405.537,68,place,CNR,BUY,900,147.4200,0,ladder
405.537,68,place,CNR,BUY,400,136.2000,0,ladder
405.837,68,fill,RY,BUY,2800,100.0400,1621,mode=mm
405.838,68,fill,AC,BUY,508,25.0150,-92,mode=mm
405.904,68,place,CNR,SELL,400,160.4900,0,quote
405.904,68,place,RY,SELL,1700,100.0400,1621,quote
405.904,68,place,AC,BUY,100,25.0100,-92,quote
406.028,68,fill,RY,SELL,1700,100.0350,-79,mode=mm
406.029,68,fill,AC,BUY,192,25.0150,100,mode=mm
406.072,68,place,CNR,SELL,400,160.4700,0,quote
406.072,68,place,RY,BUY,1500,100.0400,-79,quote
406.072,68,place,RY,SELL,200,100.0500,-79,quote
406.209,68,regime,RY,,,,,"chop -> mixed (er=0.26, net -12t over 14s)"
406.315,68,place,RY,BUY,2500,100.0200,-79,quote
406.315,68,place,RY,SELL,400,100.0300,-79,quote
406.363,68,fill,RY,BUY,1500,100.0200,1421,mode=mm
406.374,68,place,RY,BUY,900,100.0100,1421,quote
406.374,68,place,RY,SELL,900,100.0200,1421,quote
406.374,68,place,AC,BUY,200,25.0100,100,quote
406.581,68,fill,RY,BUY,1200,100.0200,2621,mode=mm
406.582,68,fill,AC,BUY,200,25.0150,300,mode=mm
406.809,68,place,CNR,SELL,1200,160.4600,0,quote
406.809,68,place,RY,BUY,600,100.0100,2621,quote
406.809,68,place,AC,BUY,700,24.9800,300,quote
406.809,68,place,AC,SELL,1500,24.9900,300,quote
406.995,68,regime,RY,,,,,"mixed -> chop (er=0.23, net -10t over 14s)"
407.070,68,fill,AC,SELL,800,24.9850,-500,mode=mm
407.331,68,place,AC,BUY,2600,24.9900,-500,quote
407.331,68,place,AC,SELL,1200,25.0200,-500,quote
407.331,68,place,CNR,SELL,700,160.4800,0,quote
407.407,68,place,CNR,SELL,100,160.4700,0,quote
407.508,68,regime,RY,,,,,"chop -> mixed (er=0.27, net -12t over 14s)"
407.602,68,fill,AC,SELL,1200,25.0050,-1700,mode=mm
407.775,68,regime,RY,,,,,"mixed -> chop (er=0.18, net -9t over 14s)"
407.776,68,place,CNR,SELL,100,160.3900,0,quote
407.776,68,place,RY,SELL,1900,100.0900,2621,quote
407.776,68,place,AC,BUY,1700,25.0300,-1700,quote
407.776,68,place,AC,SELL,100,25.0400,-1700,quote
407.895,68,place,RY,SELL,3200,100.0700,2621,quote
407.936,68,place,AC,BUY,1000,25.0100,-1700,quote
408.119,68,fill,AC,BUY,2700,25.0100,1000,mode=mm
408.266,68,fill,RY,SELL,440,100.0600,2181,mode=mm
408.449,69,place,AC,BUY,300,25.0000,1000,quote
408.449,69,place,CNR,SELL,200,160.1700,0,quote
408.449,69,place,RY,BUY,200,100.0500,2181,quote
408.541,69,place,CNR,BUY,1200,160.1000,0,quote
408.656,69,place,CNR,BUY,1200,160.0600,0,quote
408.656,69,place,CNR,SELL,1200,160.1300,0,quote
408.718,69,place,RY,BUY,700,100.0500,2181,quote
408.921,69,fill,CNR,BUY,1200,160.1100,1200,mode=mm
408.927,69,regime,AC,,,,,"chop -> mixed (er=0.27, net +8t over 14s)"
408.928,69,place,CNR,BUY,500,160.0700,1200,quote
408.928,69,place,CNR,SELL,800,160.1200,1200,quote
408.928,69,place,RY,BUY,700,100.0600,2181,quote
408.928,69,place,RY,SELL,300,100.0700,2181,quote
408.928,69,place,AC,BUY,100,25.0400,1000,quote
408.928,69,place,AC,SELL,1600,25.0500,1000,quote
409.181,69,fill,RY,BUY,700,100.0650,2881,mode=mm
409.181,69,fill,AC,BUY,100,25.0450,1100,mode=mm
409.182,69,regime,AC,,,,,"mixed -> chop (er=0.21, net +7t over 14s)"
409.183,69,place,AC,BUY,1700,25.0200,1100,quote
409.183,69,place,AC,SELL,2800,25.0400,1100,quote
409.183,69,place,CNR,BUY,800,160.0400,1200,quote
409.183,69,place,CNR,SELL,1400,160.1100,1200,quote
409.183,69,place,RY,BUY,500,100.0500,2881,quote
409.183,69,place,RY,SELL,1900,100.0700,2881,quote
409.471,69,fill,CNR,BUY,249,160.0850,1449,mode=mm
409.471,69,fill,RY,SELL,2200,100.0650,681,mode=mm
409.471,69,fill,AC,BUY,1700,25.0300,2800,mode=mm
409.475,69,place,CNR,SELL,1400,160.1000,1449,quote
409.475,69,place,RY,BUY,1100,100.0700,681,quote
409.475,69,place,RY,SELL,500,100.0800,681,quote
409.475,69,place,AC,SELL,3200,25.0300,2800,quote
409.528,69,place,AC,BUY,500,25.0100,2800,quote
409.665,69,place,CNR,BUY,700,159.9700,1449,quote
409.665,69,place,CNR,SELL,200,160.0600,1449,quote
409.665,69,place,RY,BUY,1100,100.0300,681,quote
409.665,69,place,RY,SELL,100,100.0400,681,quote
409.717,69,fill,CNR,BUY,551,160.0250,2000,mode=mm
409.717,69,fill,RY,BUY,1600,100.0350,2281,mode=mm
409.717,69,fill,AC,SELL,3200,25.0200,-400,mode=mm
409.866,69,fill,RY,BUY,1100,100.0350,3381,mode=mm
409.870,69,fill,AC,SELL,900,25.0200,-1300,mode=mm
410.289,69,regime,RY,,,,,"chop -> mixed (er=0.27, net -13t over 14s)"
410.376,69,place,CNR,BUY,300,159.9800,2000,quote
410.376,69,place,CNR,SELL,900,160.0300,2000,quote
410.376,69,place,RY,BUY,400,100.0100,3381,quote
410.376,69,place,RY,SELL,2000,100.0300,3381,quote
410.376,69,place,AC,BUY,1700,25.0000,-1300,quote
410.376,69,place,AC,SELL,100,25.0100,-1300,quote
410.543,69,regime,RY,,,,,"mixed -> chop (er=0.23, net -11t over 14s)"
410.661,69,place,CNR,SELL,300,160.1400,2000,quote
410.702,69,fill,CNR,SELL,900,160.0850,1100,mode=mm
410.702,69,fill,RY,BUY,400,100.0250,3781,mode=mm
410.702,69,fill,AC,BUY,1600,25.0050,300,mode=mm
410.739,69,place,CNR,BUY,300,160.0600,1100,quote
410.944,69,fill,CNR,SELL,300,160.0850,800,mode=mm
410.944,69,fill,RY,SELL,2000,100.0250,1781,mode=mm
410.947,69,place,RY,BUY,1300,100.0400,1781,quote
410.947,69,place,RY,SELL,2900,100.0700,1781,quote
410.947,69,place,CNR,BUY,900,160.1400,800,quote
410.947,69,place,CNR,SELL,1300,160.2000,800,quote
410.947,69,place,AC,BUY,1300,25.0100,300,quote
410.947,69,place,AC,SELL,1500,25.0200,300,quote
411.229,69,fill,CNR,BUY,534,160.1600,1334,mode=mm
411.229,69,fill,RY,BUY,700,100.0550,2481,mode=mm
411.229,69,fill,AC,BUY,1300,25.0150,1600,mode=mm
411.230,69,place,CNR,BUY,800,160.1200,1334,quote
411.230,69,place,CNR,SELL,1400,160.2100,1334,quote
411.230,69,place,RY,SELL,300,100.0500,2481,quote
411.300,69,place,RY,BUY,600,100.0300,2481,quote
411.477,69,fill,CNR,BUY,366,160.1600,1700,mode=mm
411.479,69,fill,RY,SELL,300,100.0500,2181,mode=mm
411.480,69,place,CNR,BUY,700,160.1800,1700,quote
411.480,69,place,CNR,SELL,400,160.2700,1700,quote
411.480,69,place,RY,BUY,400,100.0600,2181,quote
411.480,69,place,RY,SELL,100,100.0700,2181,quote
411.480,69,place,AC,SELL,1700,25.0200,1600,quote
411.695,69,fill,CNR,BUY,700,160.2150,2400,mode=mm
411.695,69,fill,RY,BUY,400,100.0700,2581,mode=mm
411.698,69,stop,CNR,SELL,2400,159.7800,2400,loss=31.8t stop=21.1t trend_against=False
411.698,69,place,CNR,SELL,2400,159.7800,2400,agg
411.773,69,place,RY,BUY,300,100.0400,2581,quote
411.773,69,place,RY,SELL,1900,100.0600,2581,quote
412.039,69,fill,CNR,SELL,2400,159.9550,0,mode=mm
412.041,69,fill,RY,SELL,2000,100.0600,581,mode=mm
412.043,69,fill,AC,SELL,1700,25.0150,-100,mode=mm
412.279,69,fill,RY,BUY,300,100.0750,881,mode=mm
412.453,70,place,CNR,SELL,700,160.2800,0,quote
412.453,70,place,RY,BUY,1100,100.0700,881,quote
412.453,70,place,RY,SELL,1600,100.0800,881,quote
412.453,70,place,AC,SELL,1400,25.0200,-100,quote
412.453,70,place,CNR,BUY,1500,155.3900,0,ladder
412.453,70,place,CNR,SELL,1500,165.0000,0,ladder
412.453,70,place,CNR,BUY,1500,147.3800,0,ladder
412.453,70,place,CNR,SELL,100,173.0100,0,ladder
412.453,70,place,CNR,BUY,2000,136.1700,0,ladder
412.571,70,place,AC,BUY,300,25.0100,-100,quote
412.629,70,place,CNR,SELL,700,160.2700,0,quote
412.629,70,place,CNR,SELL,700,184.2300,0,ladder
412.746,70,fill,RY,BUY,1100,100.0750,1981,mode=mm
412.746,70,fill,AC,BUY,300,25.0150,200,mode=mm
412.747,70,regime,RY,,,,,"3 stop-outs in 85s -> toxic flow: half size, no stepping inside for 30s"
412.747,70,stop,RY,SELL,1981,99.9400,1981,loss=6.6t stop=5.0t trend_against=False
412.752,70,place,RY,SELL,1981,99.9400,1981,agg
413.014,70,fill,CNR,SELL,1400,160.2450,-1400,mode=mm
413.015,70,fill,RY,SELL,1981,100.0200,0,mode=mm
413.019,70,place,CNR,BUY,1400,160.2400,-1400,quote
413.019,70,place,CNR,SELL,200,160.3500,-1400,quote
413.019,70,place,AC,SELL,1500,25.0100,200,quote
413.019,70,place,RY,BUY,1500,97.0500,0,ladder
413.019,70,place,RY,BUY,1500,92.0500,0,ladder
413.019,70,place,RY,BUY,2000,85.0500,0,ladder
413.094,70,place,RY,SELL,1200,100.0500,0,quote
413.094,70,place,AC,BUY,1400,25.0000,200,quote
413.218,70,fill,AC,SELL,1500,25.0050,-1300,mode=mm
413.481,70,fill,AC,BUY,1400,25.0050,100,mode=mm
413.484,70,place,RY,SELL,400,100.0500,0,quote
413.484,70,place,CNR,BUY,1400,160.2800,-1400,quote
413.587,70,place,CNR,SELL,200,160.3300,-1400,quote
413.587,70,place,AC,BUY,800,25.0000,100,quote
413.587,70,place,RY,SELL,100,103.0500,0,ladder
413.736,70,fill,CNR,BUY,1400,160.3000,0,mode=mm
413.737,70,fill,RY,SELL,400,100.0250,-400,mode=mm
413.737,70,fill,AC,BUY,800,25.0050,900,mode=mm
413.742,70,stop,RY,BUY,400,100.1500,-400,loss=6.0t stop=5.2t trend_against=False
413.746,70,place,RY,BUY,400,100.1500,-400,agg
414.007,70,fill,RY,BUY,400,100.0650,0,mode=mm
414.007,70,place,CNR,SELL,1200,160.3400,0,quote
414.007,70,place,RY,BUY,1500,97.0500,0,ladder
414.007,70,place,RY,SELL,1500,103.0500,0,ladder
414.007,70,place,RY,BUY,1500,92.0500,0,ladder
414.007,70,place,RY,SELL,1500,108.0600,0,ladder
414.007,70,place,RY,BUY,1200,85.0400,0,ladder
414.007,70,place,RY,SELL,2000,115.0600,0,ladder
414.293,70,place,CNR,SELL,500,160.3200,0,quote
414.588,70,fill,CNR,SELL,500,160.2150,-500,mode=mm
414.590,70,place,AC,BUY,1800,24.9800,900,quote
414.590,70,place,AC,SELL,2700,25.0100,900,quote
414.590,70,place,CNR,BUY,500,160.3100,-500,quote
414.590,70,place,CNR,SELL,600,160.3500,-500,quote
414.835,70,fill,CNR,BUY,500,160.3250,0,mode=mm
414.835,70,fill,AC,SELL,500,24.9950,400,mode=mm
414.839,70,place,AC,SELL,1500,25.0000,400,quote
414.839,70,place,CNR,SELL,1200,160.1400,0,quote
414.877,70,place,CNR,BUY,200,160.0700,0,quote
415.004,70,fill,AC,SELL,3700,24.9950,-3300,mode=mm
415.008,70,place,AC,BUY,400,25.0100,-3300,quote
415.258,70,fill,AC,BUY,400,25.0150,-2900,mode=mm
415.259,70,place,AC,BUY,3300,24.9900,-2900,quote
415.259,70,place,AC,SELL,100,25.0200,-2900,quote
415.259,70,place,CNR,SELL,1200,160.1300,0,quote
415.347,70,place,CNR,BUY,1200,160.0600,0,quote
415.491,70,fill,AC,BUY,700,25.0000,-2200,mode=mm
415.492,70,place,AC,SELL,1200,25.0100,-2200,quote
415.564,70,place,CNR,BUY,200,160.1000,0,quote
415.564,70,place,CNR,SELL,700,160.1400,0,quote
415.788,70,fill,CNR,BUY,200,160.1250,200,mode=mm
415.788,70,fill,AC,BUY,1400,25.0000,-800,mode=mm
415.790,70,place,AC,SELL,1900,25.0200,-800,quote
415.790,70,place,CNR,BUY,700,160.0100,200,quote
415.790,70,place,CNR,SELL,700,160.0600,200,quote
415.891,70,place,RY,BUY,700,100.0400,0,quote
416.002,70,fill,AC,SELL,1900,25.0100,-2700,mode=mm
416.005,70,place,RY,BUY,700,99.9900,0,quote
416.005,70,place,CNR,BUY,400,160.0200,200,quote
416.005,70,place,CNR,SELL,700,160.0700,200,quote
416.079,70,place,AC,SELL,1000,25.0300,-2700,quote
416.191,70,place,CNR,BUY,400,160.0300,200,quote
416.318,70,fill,CNR,SELL,700,160.0550,-500,mode=mm
416.321,70,place,AC,BUY,3200,24.9900,-2700,quote
416.321,70,place,CNR,BUY,700,160.0100,-500,quote
416.321,70,place,CNR,SELL,600,160.0600,-500,quote
416.321,70,place,RY,BUY,400,100.0300,0,quote
416.572,70,fill,CNR,SELL,200,160.0450,-700,mode=mm
416.572,70,fill,RY,BUY,400,100.0450,400,mode=mm
416.574,70,stop,CNR,BUY,700,160.3000,-700,loss=21.0t stop=18.3t trend_against=False
416.575,70,place,CNR,BUY,700,160.3000,-700,agg
416.810,71,fill,CNR,BUY,700,160.1600,0,mode=mm
416.810,71,fill,AC,BUY,3200,25.0000,500,mode=mm
416.813,71,place,AC,BUY,2100,24.9800,500,quote
416.813,71,place,AC,SELL,2600,25.0000,500,quote
416.813,71,place,CNR,BUY,500,160.0400,0,quote
416.813,71,place,RY,SELL,400,100.0300,400,quote
416.813,71,place,CNR,SELL,1500,164.9800,0,ladder
416.813,71,place,CNR,SELL,1500,172.9900,0,ladder
416.813,71,place,CNR,SELL,400,184.2000,0,ladder
417.111,71,fill,CNR,BUY,500,160.0100,500,mode=mm
417.111,71,fill,AC,SELL,2600,24.9950,-2100,mode=mm
417.378,71,place,CNR,BUY,300,160.2200,500,quote
417.378,71,place,CNR,SELL,500,160.3000,500,quote
417.378,71,place,RY,SELL,700,100.0200,400,quote
417.378,71,place,AC,BUY,1800,24.9900,-2100,quote
417.417,71,place,CNR,SELL,500,160.2900,500,quote
417.582,71,place,CNR,BUY,1000,160.2600,500,quote
417.582,71,place,CNR,SELL,500,160.3300,500,quote
417.582,71,place,RY,BUY,600,99.9800,400,quote
417.582,71,place,RY,SELL,400,100.0100,400,quote
417.650,71,place,CNR,SELL,500,160.3200,500,quote
417.842,71,fill,CNR,SELL,500,160.2850,0,mode=mm
417.842,71,fill,RY,SELL,700,99.9950,-300,mode=mm
417.842,71,fill,AC,BUY,1800,24.9950,-300,mode=mm
417.843,71,stop,AC,BUY,300,25.0300,-300,loss=5.9t stop=5.0t trend_against=False
417.847,71,place,AC,BUY,300,25.0300,-300,agg
417.847,71,place,CNR,BUY,500,155.3800,0,ladder
417.901,71,place,CNR,BUY,700,160.2700,0,quote
417.901,71,place,CNR,BUY,1500,147.3700,0,ladder
417.901,71,place,CNR,BUY,2000,136.1600,0,ladder
418.054,71,fill,AC,BUY,300,24.9950,0,mode=mm
418.054,71,place,CNR,BUY,700,160.2800,0,quote
418.054,71,place,RY,BUY,700,99.9900,-300,quote
418.054,71,place,RY,SELL,600,100.0200,-300,quote
418.054,71,place,AC,BUY,1500,24.9900,0,quote
418.422,71,fill,CNR,BUY,700,160.2950,700,mode=mm
418.422,71,fill,RY,BUY,700,100.0050,400,mode=mm
418.422,71,place,CNR,BUY,300,160.1400,700,quote
418.422,71,place,CNR,SELL,500,160.3000,700,quote
418.550,71,fill,CNR,SELL,392,160.2150,308,mode=mm
418.550,71,fill,AC,BUY,1500,24.9950,1500,mode=mm
418.552,71,place,CNR,BUY,400,160.1700,308,quote
418.552,71,place,CNR,SELL,300,160.2900,308,quote
418.552,71,place,RY,BUY,600,100.0000,400,quote
418.552,71,place,RY,SELL,700,100.0300,400,quote
418.552,71,place,AC,BUY,900,24.9900,1500,quote
418.552,71,place,AC,SELL,1500,25.0000,1500,quote
418.943,71,fill,CNR,SELL,8,160.2250,300,mode=mm
418.943,71,fill,RY,BUY,600,100.0150,1000,mode=mm
418.943,71,fill,AC,SELL,1500,24.9950,0,mode=mm
418.946,71,place,CNR,SELL,300,160.3200,300,quote
419.085,71,place,AC,BUY,2500,25.0000,0,quote
419.085,71,place,CNR,SELL,300,160.3100,300,quote
419.085,71,place,RY,BUY,500,100.0100,1000,quote
419.085,71,place,RY,SELL,800,100.0400,1000,quote
419.383,71,fill,CNR,SELL,300,160.2950,0,mode=mm
419.383,71,fill,RY,BUY,500,100.0250,1500,mode=mm
419.383,71,fill,AC,BUY,390,25.0200,390,mode=mm
419.387,71,place,RY,BUY,700,99.9700,1500,quote
419.387,71,place,RY,SELL,1400,100.0200,1500,quote
419.387,71,place,CNR,BUY,500,160.1400,0,quote
419.387,71,place,AC,BUY,1300,25.0100,390,quote
419.387,71,place,AC,SELL,300,25.0600,390,quote
419.570,71,fill,AC,BUY,1810,25.0350,2200,mode=mm
419.572,71,place,AC,BUY,1200,25.0200,2200,quote
419.572,71,place,CNR,BUY,700,160.2700,0,quote
419.572,71,place,RY,SELL,800,100.0300,1500,quote
419.704,71,place,CNR,SELL,700,160.3000,0,quote
419.898,71,fill,CNR,BUY,700,160.2850,700,mode=mm
419.898,71,fill,AC,BUY,2500,25.0400,4700,mode=mm
419.901,71,stop,CNR,SELL,700,160.0100,700,loss=19.0t stop=17.6t trend_against=False
419.905,71,place,CNR,SELL,700,160.0100,700,agg
419.905,71,place,AC,SELL,2200,25.0400,4700,quote
420.159,71,fill,CNR,SELL,700,160.0950,0,mode=mm
420.159,71,fill,AC,SELL,2200,25.0400,2500,mode=mm
420.171,71,place,CNR,SELL,400,160.1100,0,quote
420.171,71,place,RY,SELL,800,100.0800,1500,quote
420.171,71,place,CNR,SELL,100,165.0100,0,ladder
420.171,71,place,CNR,SELL,100,173.0200,0,ladder
420.275,72,place,RY,SELL,200,100.0600,1500,quote
420.361,72,place,CNR,SELL,700,160.1000,0,quote
420.361,72,place,CNR,BUY,900,155.3900,0,ladder
420.361,72,place,CNR,SELL,400,184.2200,0,ladder
420.455,72,place,CNR,BUY,300,147.3800,0,ladder
420.640,72,fill,CNR,SELL,411,160.0850,-411,mode=mm
420.640,72,fill,RY,SELL,200,100.0350,1300,mode=mm
420.641,72,place,RY,BUY,800,100.0400,1300,quote
420.641,72,place,RY,SELL,1400,100.1000,1300,quote
420.641,72,place,CNR,BUY,400,160.0500,-411,quote
420.641,72,place,CNR,BUY,1200,136.1600,-411,ladder
420.698,72,place,CNR,BUY,400,160.0800,-411,quote
420.698,72,place,CNR,SELL,2100,160.1100,-411,quote
420.912,72,place,RY,SELL,800,100.0800,1300,quote
420.944,72,fill,CNR,BUY,511,160.1000,100,mode=mm
420.945,72,place,CNR,SELL,1500,160.0500,100,quote
421.153,72,place,RY,BUY,800,100.0500,1300,quote
421.153,72,place,RY,SELL,1400,100.1000,1300,quote
421.153,72,place,CNR,SELL,100,160.0700,100,quote
421.203,72,fill,CNR,SELL,1500,160.0650,-1400,mode=mm
421.204,72,fill,RY,BUY,800,100.0700,2100,mode=mm
421.205,72,place,AC,BUY,600,25.0200,2500,quote
421.426,72,fill,CNR,SELL,100,160.0650,-1500,mode=mm
421.426,72,fill,RY,BUY,800,100.0700,2900,mode=mm
421.428,72,place,RY,BUY,200,100.0300,2900,quote
421.428,72,place,RY,SELL,900,100.0700,2900,quote
421.479,72,place,AC,SELL,1900,25.0400,2500,quote
421.652,72,place,CNR,BUY,1100,160.0900,-1500,quote
421.652,72,place,CNR,SELL,600,160.2200,-1500,quote
421.652,72,place,RY,BUY,200,100.0400,2900,quote
421.652,72,place,RY,SELL,900,100.0800,2900,quote
421.980,72,place,CNR,BUY,1500,160.2400,-1500,quote
421.980,72,place,CNR,SELL,1500,160.2900,-1500,quote
421.980,72,place,RY,BUY,200,100.0200,2900,quote
421.980,72,place,RY,SELL,900,100.0600,2900,quote
422.014,72,fill,CNR,SELL,600,160.2500,-2100,mode=mm
422.014,72,fill,RY,SELL,800,100.0450,2100,mode=mm
422.018,72,place,RY,BUY,300,100.0300,2100,quote
422.173,72,place,CNR,BUY,2100,160.2800,-2100,quote
422.173,72,place,CNR,SELL,200,160.3400,-2100,quote
422.173,72,place,RY,BUY,300,100.0400,2100,quote
422.173,72,place,RY,SELL,100,100.0700,2100,quote
422.290,72,place,CNR,SELL,1200,160.3300,-2100,quote
422.430,72,place,CNR,BUY,2100,160.1700,-2100,quote
422.430,72,place,CNR,SELL,1200,160.2100,-2100,quote
422.430,72,place,RY,BUY,600,100.0200,2100,quote
422.430,72,place,RY,SELL,1500,100.0600,2100,quote
422.476,72,fill,CNR,BUY,607,160.1900,-1493,mode=mm
422.476,72,fill,RY,BUY,300,100.0400,2400,mode=mm
422.480,72,place,RY,BUY,500,100.0100,2400,quote
422.661,72,fill,CNR,SELL,1200,160.1900,-2693,mode=mm
422.663,72,fill,AC,SELL,1900,25.0350,600,mode=mm
422.665,72,place,AC,BUY,1200,25.0300,600,quote
422.715,72,place,CNR,BUY,2600,160.2300,-2693,quote
422.715,72,place,CNR,SELL,1000,160.2800,-2693,quote
422.715,72,place,RY,SELL,900,100.0500,2400,quote
422.715,72,place,AC,SELL,1600,25.0400,600,quote
422.931,72,fill,CNR,BUY,2600,160.2400,-93,mode=mm
422.932,72,fill,RY,BUY,500,100.0350,2900,mode=mm
423.195,72,fill,CNR,SELL,1000,160.2650,-1093,mode=mm
423.197,72,place,RY,BUY,100,99.9900,2900,quote
423.197,72,place,RY,SELL,1600,100.0400,2900,quote
423.197,72,place,CNR,SELL,1000,160.3100,-1093,quote
423.422,72,fill,AC,BUY,1200,25.0350,1800,mode=mm
423.499,72,place,RY,BUY,400,99.9800,2900,quote
423.499,72,place,CNR,BUY,1600,160.1900,-1093,quote
423.499,72,place,CNR,SELL,1000,160.2800,-1093,quote
423.499,72,place,AC,BUY,100,25.0300,1800,quote
423.672,72,fill,CNR,SELL,1000,160.2350,-2093,mode=mm
423.673,72,fill,AC,SELL,1600,25.0350,200,mode=mm
423.680,72,place,CNR,BUY,1000,160.3000,-2093,quote
423.680,72,place,CNR,SELL,700,160.3200,-2093,quote
423.680,72,place,RY,SELL,900,100.0200,2900,quote
423.680,72,place,AC,BUY,1400,25.0300,200,quote
423.680,72,place,AC,SELL,300,25.0400,200,quote
423.937,72,fill,CNR,BUY,1000,160.3000,-1093,mode=mm
423.940,72,place,RY,BUY,400,99.9700,2900,quote
423.940,72,place,RY,SELL,1600,100.0300,2900,quote
423.940,72,place,CNR,BUY,1600,160.1500,-1093,quote
423.940,72,place,CNR,SELL,1000,160.1700,-1093,quote
423.940,72,place,AC,SELL,1500,25.0400,200,quote
424.164,72,fill,CNR,SELL,1000,160.1650,-2093,mode=mm
424.167,72,place,RY,SELL,1600,100.0200,2900,quote
424.167,72,place,CNR,BUY,1200,160.1700,-2093,quote
424.167,72,place,CNR,SELL,400,160.3100,-2093,quote
424.269,72,place,CNR,BUY,700,160.1900,-2093,quote
424.458,73,fill,CNR,BUY,1336,160.2550,-757,mode=mm
424.461,73,fill,AC,BUY,1400,25.0350,1600,mode=mm
424.801,73,place,CNR,SELL,1900,160.3200,-757,quote
424.801,73,place,RY,BUY,200,99.9800,2900,quote
424.801,73,place,AC,BUY,800,25.0300,1600,quote
424.988,73,fill,AC,SELL,1104,25.0350,496,mode=mm
424.992,73,place,CNR,BUY,1000,160.1600,-757,quote
424.992,73,place,CNR,SELL,700,160.2600,-757,quote
424.992,73,place,AC,SELL,1500,25.0400,496,quote
425.350,73,fill,CNR,SELL,700,160.2100,-1457,mode=mm
425.486,73,fill,AC,BUY,800,25.0350,1296,mode=mm
425.487,73,place,CNR,BUY,1700,160.1500,-1457,quote
425.487,73,place,CNR,SELL,900,160.2400,-1457,quote
425.487,73,place,AC,BUY,900,25.0300,1296,quote
425.487,73,place,CNR,BUY,1500,155.4000,-1457,ladder
425.487,73,place,CNR,SELL,1500,165.0100,-1457,ladder
425.487,73,place,CNR,BUY,1500,147.3900,-1457,ladder
425.487,73,place,CNR,SELL,1500,173.0200,-1457,ladder
425.487,73,place,CNR,BUY,2000,136.1700,-1457,ladder
425.487,73,place,CNR,SELL,1200,184.2300,-1457,ladder
425.567,73,place,CNR,BUY,1000,160.1600,-1457,quote
425.732,73,fill,CNR,SELL,900,160.2050,-2357,mode=mm
426.066,73,place,CNR,BUY,1800,160.1500,-2357,quote
426.066,73,place,CNR,SELL,600,160.2300,-2357,quote
426.066,73,place,RY,SELL,900,100.0200,2900,quote
426.232,73,fill,CNR,SELL,600,160.1900,-2957,mode=mm
426.232,73,fill,AC,SELL,1500,25.0350,-204,mode=mm
426.364,73,place,CNR,BUY,1900,160.2300,-2957,quote
426.364,73,place,CNR,SELL,500,160.2500,-2957,quote
426.364,73,place,AC,SELL,1400,25.0400,-204,quote
426.506,73,fill,CNR,BUY,234,160.2350,-2723,mode=mm
426.506,73,fill,AC,BUY,900,25.0350,696,mode=mm
426.510,73,place,CNR,BUY,1900,160.1500,-2723,quote
426.510,73,place,AC,BUY,1100,25.0300,696,quote
426.705,73,place,CNR,BUY,1900,160.2300,-2723,quote
426.705,73,place,CNR,SELL,600,160.2500,-2723,quote
426.994,73,fill,CNR,BUY,1900,160.2350,-823,mode=mm
426.996,73,place,CNR,BUY,900,160.1400,-823,quote
426.996,73,place,CNR,SELL,1100,160.2000,-823,quote
427.211,73,place,CNR,BUY,500,160.1500,-823,quote
427.376,73,place,CNR,BUY,100,160.1600,-823,quote
427.559,73,fill,CNR,BUY,600,160.1800,-223,mode=mm
427.563,73,place,CNR,BUY,1500,160.0900,-223,quote
427.563,73,place,CNR,SELL,2300,160.1200,-223,quote
427.795,73,place,CNR,BUY,2500,160.1000,-223,quote
428.020,73,fill,AC,BUY,867,25.0350,1563,mode=mm
428.067,73,place,RY,BUY,400,99.9700,2900,quote
428.067,73,place,CNR,BUY,500,160.0900,-223,quote
428.067,73,place,CNR,SELL,1300,160.1100,-223,quote
428.067,73,place,AC,BUY,200,25.0300,1563,quote
428.231,73,place,RY,SELL,900,100.0100,2900,quote
428.484,74,place,CNR,BUY,900,160.0900,-223,quote
428.899,74,regime,AC,,,,,"chop -> mixed (er=0.33, net +4t over 14s)"
428.951,74,place,CNR,BUY,1500,160.1000,-223,quote
429.153,74,regime,AC,,,,,"mixed -> chop (er=0.20, net +2t over 14s)"
429.205,74,place,AC,BUY,800,25.0300,1563,quote
429.422,74,regime,AC,,,,,"chop -> mixed (er=0.41, net +4t over 14s)"
429.827,74,fill,CNR,BUY,712,160.1050,489,mode=mm
432.439,74,fill,CNR,BUY,788,160.1050,1277,mode=mm
432.441,74,place,CNR,BUY,1600,160.0900,1277,quote
432.441,74,place,CNR,SELL,2800,160.1000,1277,quote
433.489,75,regime,AC,,,,,"mixed -> chop (er=0.00, net +0t over 14s)"
433.749,75,regime,AC,,,,,"chop -> mixed (er=1.00, net -0t over 14s)"
434.791,75,regime,RY,,,,,"chop -> mixed (er=0.50, net -7t over 14s)"
434.791,75,regime,AC,,,,,"mixed -> chop (er=0.00, net +0t over 14s)"
437.664,76,regime,CNR,,,,,"chop -> mixed (er=0.30, net -21t over 14s)"
437.933,76,regime,CNR,,,,,"mixed -> chop (er=0.13, net -7t over 14s)"
438.194,76,regime,CNR,,,,,"chop -> TREND (er=0.49, net -21t over 14s)"
438.194,76,regime,RY,,,,,"mixed -> chop (er=0.20, net -0t over 14s)"
438.455,76,place,CNR,BUY,400,160.0800,1277,quote
438.455,76,place,CNR,SELL,800,160.1100,1277,quote
438.455,76,place,CNR,BUY,1500,155.3000,1277,ladder
438.455,76,place,CNR,SELL,1500,164.9100,1277,ladder
438.455,76,place,CNR,BUY,1500,147.3000,1277,ladder
438.455,76,place,CNR,SELL,1500,172.9100,1277,ladder
438.455,76,place,CNR,BUY,2000,136.0900,1277,ladder
438.455,76,place,CNR,SELL,2000,184.1200,1277,ladder
438.740,76,regime,RY,,,,,"chop -> mixed (er=0.50, net -1t over 14s)"
439.964,76,place,RY,BUY,200,99.9600,2900,quote
439.964,76,place,RY,SELL,900,100.0000,2900,quote
441.012,77,place,RY,BUY,400,99.9500,2900,quote
441.235,77,stop,RY,SELL,2900,99.9300,2900,loss=5.4t stop=5.0t trend_against=False
441.235,77,place,RY,SELL,2900,99.9300,2900,agg
441.508,77,fill,RY,SELL,2900,99.9750,0,mode=mm
441.509,77,place,RY,SELL,700,99.9900,0,quote
441.509,77,place,RY,BUY,1500,96.9900,0,ladder
441.509,77,place,RY,SELL,1500,102.9900,0,ladder
441.509,77,place,RY,BUY,1500,91.9900,0,ladder
441.509,77,place,RY,SELL,1500,107.9900,0,ladder
441.509,77,place,RY,BUY,2000,84.9900,0,ladder
441.509,77,place,RY,SELL,1200,114.9900,0,ladder
441.653,77,regime,CNR,,,,,"TREND -> mixed (er=1.00, net -2t over 14s)"
442.778,77,place,RY,SELL,1500,99.9800,0,quote
444.475,77,place,RY,BUY,1500,99.9700,0,quote
446.858,78,regime,CNR,,,,,"mixed -> chop (er=0.00, net +0t over 14s)"
455.435,80,regime,RY,,,,,"mixed -> chop (er=0.00, net +0t over 14s)"
467.726,83,fill,RY,SELL,1500,99.9750,-1500,mode=mm
467.728,83,place,RY,BUY,2900,99.9800,-1500,quote
467.728,83,place,RY,SELL,1500,99.9900,-1500,quote
467.919,83,regime,RY,,,,,"chop -> mixed (er=1.00, net +0t over 14s)"
469.004,84,fill,RY,SELL,1500,99.9850,-3000,mode=mm
469.006,84,place,RY,BUY,2000,99.9800,-3000,quote
469.006,84,place,RY,SELL,500,100.0000,-3000,quote
469.248,84,fill,RY,BUY,2000,99.9850,-1000,mode=mm
469.250,84,place,RY,SELL,1000,99.9900,-1000,quote
469.765,84,regime,RY,,,,,"mixed -> chop (er=0.00, net +0t over 14s)"
469.766,84,place,RY,SELL,1000,99.9800,-1000,quote
470.253,84,fill,RY,SELL,1000,99.9750,-2000,mode=mm
470.254,84,place,RY,SELL,1200,99.9900,-2000,quote
470.521,84,fill,RY,SELL,1200,99.9800,-3200,mode=mm
470.522,84,regime,RY,,,,,"3 stop-outs in 85s -> toxic flow: half size, no stepping inside for 30s"
470.522,84,stop,RY,BUY,3200,100.0300,-3200,loss=15.5t stop=5.0t trend_against=False
470.531,84,place,RY,BUY,3200,100.0300,-3200,agg
470.580,84,regime,RY,,,,,"chop -> mixed (er=0.33, net +1t over 14s)"
470.764,84,fill,RY,BUY,3200,99.9850,0,mode=mm
470.765,84,place,RY,BUY,1500,96.9800,0,ladder
470.765,84,place,RY,SELL,1500,102.9800,0,ladder
470.765,84,place,RY,BUY,1500,91.9800,0,ladder
470.765,84,place,RY,SELL,1500,107.9800,0,ladder
470.765,84,place,RY,BUY,2000,84.9800,0,ladder
470.765,84,place,RY,SELL,2000,114.9800,0,ladder
471.358,84,regime,RY,,,,,"mixed -> chop (er=0.25, net +1t over 14s)"
473.753,85,place,RY,SELL,700,100.0000,0,quote
474.894,85,place,RY,SELL,1200,99.9900,0,quote
476.166,85,place,RY,SELL,700,99.9800,0,quote
476.448,85,fill,RY,SELL,700,99.9650,-700,mode=mm
476.456,85,place,RY,SELL,500,99.9800,-700,quote
477.453,86,place,RY,SELL,500,99.9700,-700,quote
477.954,86,place,RY,SELL,500,99.9600,-700,quote
478.093,86,regime,RY,,,,,"chop -> mixed (er=0.27, net -3t over 14s)"
478.225,86,fill,RY,SELL,500,99.9450,-1200,mode=mm
478.226,86,place,RY,SELL,800,99.9700,-1200,quote
478.350,86,regime,RY,,,,,"mixed -> chop (er=0.22, net -3t over 14s)"
478.982,86,place,RY,SELL,500,99.9800,-1200,quote
480.775,87,place,RY,BUY,800,99.9500,-1200,quote
482.033,87,fill,RY,SELL,500,99.9650,-1700,mode=mm
482.035,87,place,RY,SELL,700,100.0000,-1700,quote
482.268,87,place,RY,SELL,700,99.9900,-1700,quote
482.538,87,place,RY,SELL,400,99.9800,-1700,quote
482.816,87,fill,RY,SELL,400,99.9650,-2100,mode=mm
482.816,87,stop,RY,BUY,2100,100.1100,-2100,loss=8.5t stop=5.0t trend_against=False
482.817,87,place,RY,BUY,2100,100.1100,-2100,agg
483.046,87,fill,RY,BUY,2100,100.0150,0,mode=mm
483.047,87,place,RY,BUY,1200,99.9800,0,quote
483.047,87,place,RY,BUY,1500,96.9700,0,ladder
483.047,87,place,RY,SELL,1500,102.9700,0,ladder
483.047,87,place,RY,BUY,1500,91.9700,0,ladder
483.047,87,place,RY,SELL,1500,107.9700,0,ladder
483.047,87,place,RY,BUY,2000,84.9700,0,ladder
483.047,87,place,RY,SELL,2000,114.9700,0,ladder
483.295,87,place,RY,BUY,1200,99.9900,0,quote
483.559,87,place,RY,BUY,1200,100.0000,0,quote
484.069,87,place,RY,BUY,1200,100.0100,0,quote
484.119,87,regime,RY,,,,,"chop -> mixed (er=0.27, net +6t over 14s)"
484.282,87,place,RY,BUY,700,100.0200,0,quote
485.146,88,regime,RY,,,,,"mixed -> chop (er=0.24, net +5t over 14s)"
485.327,88,fill,RY,BUY,700,100.0400,700,mode=mm
485.329,88,place,RY,BUY,500,100.0300,700,quote
485.329,88,place,RY,SELL,700,100.0600,700,quote
485.409,88,regime,RY,,,,,"chop -> mixed (er=0.29, net +6t over 14s)"
485.594,88,fill,RY,BUY,500,100.0450,1200,mode=mm
485.595,88,stop,RY,SELL,1200,100.0100,1200,loss=8.4t stop=5.0t trend_against=False
485.595,88,place,RY,SELL,1200,100.0100,1200,agg
485.855,88,fill,RY,SELL,1200,100.0450,0,mode=mm
485.856,88,place,RY,BUY,1500,97.0000,0,ladder
485.856,88,place,RY,SELL,1500,103.0000,0,ladder
485.856,88,place,RY,BUY,1500,92.0000,0,ladder
485.856,88,place,RY,SELL,1500,108.0000,0,ladder
485.856,88,place,RY,BUY,2000,85.0000,0,ladder
485.856,88,place,RY,SELL,2000,115.0000,0,ladder
485.943,88,regime,RY,,,,,"mixed -> chop (er=0.10, net +2t over 14s)"
486.017,88,place,RY,SELL,1200,100.0300,0,quote
486.646,88,fill,AC,BUY,800,25.0350,2363,mode=mm
486.648,88,place,AC,BUY,1100,25.0200,2363,quote
486.892,88,place,RY,SELL,700,100.0400,0,quote
487.126,88,fill,RY,SELL,700,100.0250,-700,mode=mm
487.139,88,place,RY,BUY,700,99.9900,-700,quote
487.402,88,place,RY,BUY,700,100.0000,-700,quote
487.402,88,place,RY,SELL,500,100.0300,-700,quote
488.668,89,fill,RY,BUY,700,100.0150,0,mode=mm
488.839,89,place,RY,BUY,700,99.9300,0,quote
488.929,89,place,RY,BUY,1200,99.9800,0,quote
489.221,89,place,RY,BUY,700,99.9900,0,quote
489.221,89,place,RY,SELL,700,100.0200,0,quote
489.720,89,fill,RY,BUY,700,100.0050,700,mode=mm
489.722,89,place,RY,BUY,500,99.9900,700,quote
490.249,89,fill,RY,BUY,500,100.0050,1200,mode=mm
490.252,89,place,RY,BUY,800,99.9600,1200,quote
490.509,89,place,RY,BUY,500,99.9700,1200,quote
490.509,89,place,RY,SELL,800,100.0000,1200,quote
491.264,89,fill,RY,BUY,500,99.9850,1700,mode=mm
491.265,89,place,RY,BUY,700,99.9200,1700,quote
491.495,89,place,RY,BUY,700,99.9300,1700,quote
491.495,89,place,RY,SELL,1400,99.9800,1700,quote
491.704,89,place,RY,BUY,700,99.9400,1700,quote
491.759,89,place,RY,SELL,800,99.9700,1700,quote
491.837,89,place,RY,BUY,400,99.9400,1700,quote
492.018,89,fill,RY,BUY,1100,99.9550,2800,mode=mm
492.019,89,place,RY,BUY,200,99.9000,2800,quote
492.019,89,place,RY,SELL,900,99.9500,2800,quote
492.570,89,place,RY,BUY,200,99.9100,2800,quote
493.534,90,place,RY,BUY,400,99.9000,2800,quote
493.788,90,place,RY,SELL,900,99.9400,2800,quote
493.811,90,fill,RY,SELL,900,99.9250,1900,mode=mm
493.813,90,place,RY,BUY,300,99.9100,1900,quote
494.045,90,fill,RY,SELL,900,99.9250,1000,mode=mm
494.843,90,place,RY,SELL,1300,99.9600,1000,quote
495.116,90,place,RY,BUY,500,99.9300,1000,quote
495.389,90,fill,RY,SELL,1300,99.9450,-300,mode=mm
495.390,90,place,RY,SELL,1100,99.9700,-300,quote
495.891,90,place,RY,SELL,600,99.9600,-300,quote
496.388,90,place,RY,BUY,700,99.9200,-300,quote
496.388,90,place,RY,SELL,600,99.9500,-300,quote
496.629,90,fill,RY,BUY,500,99.9350,200,mode=mm
496.904,91,place,RY,SELL,1200,99.9600,200,quote
497.170,91,regime,RY,,,,,"chop -> mixed (er=0.30, net -8t over 14s)"
497.404,91,fill,RY,SELL,1200,99.9400,-1000,mode=mm
497.405,91,place,RY,SELL,800,99.9600,-1000,quote
497.672,91,place,RY,BUY,800,99.9300,-1000,quote
497.920,91,fill,RY,BUY,800,99.9450,-200,mode=mm
497.921,91,place,RY,BUY,1200,99.9100,-200,quote
498.161,91,place,RY,SELL,1100,99.9500,-200,quote
498.445,91,place,RY,SELL,700,99.9400,-200,quote
500.547,92,place,RY,BUY,1500,99.9200,-200,quote
500.547,92,place,RY,SELL,1400,99.9300,-200,quote
500.987,92,fill,RY,BUY,1500,99.9250,1300,mode=mm
500.988,92,place,RY,BUY,1600,99.9100,1300,quote
500.988,92,place,RY,SELL,2800,99.9200,1300,quote
502.271,92,fill,RY,SELL,2800,99.9150,-1500,mode=mm
502.271,92,place,RY,BUY,1700,99.9300,-1500,quote
502.271,92,place,RY,SELL,900,99.9400,-1500,quote
502.784,92,fill,RY,SELL,900,99.9350,-2400,mode=mm
502.784,92,regime,RY,,,,,"3 stop-outs in 85s -> toxic flow: half size, no stepping inside for 30s"
502.784,92,stop,RY,BUY,2400,100.0300,-2400,loss=5.2t stop=5.0t trend_against=False
502.789,92,place,RY,BUY,2400,100.0300,-2400,agg
502.866,92,regime,RY,,,,,"mixed -> chop (er=0.14, net -3t over 14s)"
503.044,92,fill,RY,BUY,2400,99.9550,0,mode=mm
503.046,92,place,RY,BUY,1200,99.9200,0,quote
503.046,92,place,RY,BUY,1500,96.9400,0,ladder
503.046,92,place,RY,SELL,1500,102.9300,0,ladder
503.046,92,place,RY,BUY,1500,91.9400,0,ladder
503.046,92,place,RY,SELL,1500,107.9300,0,ladder
503.046,92,place,RY,BUY,2000,84.9400,0,ladder
503.046,92,place,RY,SELL,2000,114.9200,0,ladder
503.125,92,regime,RY,,,,,"chop -> mixed (er=0.29, net -6t over 14s)"
503.292,92,place,RY,BUY,700,99.9300,0,quote
503.898,92,regime,RY,,,,,"mixed -> chop (er=0.17, net -4t over 14s)"
504.065,92,place,RY,BUY,1200,99.9500,0,quote
504.272,92,fill,RY,BUY,1200,99.9700,1200,mode=mm
504.274,92,place,RY,BUY,500,99.9600,1200,quote
504.274,92,place,RY,SELL,800,100.0000,1200,quote
504.305,92,place,RY,SELL,800,99.9900,1200,quote
504.551,93,fill,RY,SELL,800,99.9750,400,mode=mm
504.833,93,place,RY,SELL,400,100.0400,400,quote
504.859,93,place,RY,SELL,400,100.0300,400,quote
505.078,93,place,RY,BUY,1000,99.9800,400,quote
505.163,93,place,RY,SELL,400,100.0200,400,quote
505.320,93,place,RY,BUY,600,99.9900,400,quote
505.320,93,place,RY,SELL,400,100.0300,400,quote
505.376,93,place,RY,SELL,400,100.0200,400,quote
505.580,93,fill,RY,BUY,600,100.0050,1000,mode=mm
505.581,93,place,RY,BUY,800,99.9700,1000,quote
505.581,93,place,RY,SELL,1000,100.0100,1000,quote
505.850,93,place,RY,SELL,800,100.0000,1000,quote
506.860,93,fill,RY,SELL,800,99.9850,200,mode=mm
506.861,93,place,RY,SELL,1200,100.0300,200,quote
507.062,93,regime,RY,,,,,"chop -> mixed (er=0.28, net +6t over 14s)"
507.115,93,place,RY,BUY,1100,99.9800,200,quote
507.115,93,place,RY,SELL,1200,100.0200,200,quote
507.362,93,fill,RY,BUY,800,100.0000,1000,mode=mm
507.363,93,place,RY,BUY,500,99.9900,1000,quote
507.620,93,fill,RY,SELL,392,100.0050,608,mode=mm
507.871,93,fill,RY,BUY,500,100.0050,1108,mode=mm
507.873,93,place,RY,BUY,500,99.9900,1108,quote
508.128,93,fill,RY,BUY,500,100.0050,1608,mode=mm
508.131,93,stop,RY,SELL,1608,99.8800,1608,loss=7.3t stop=5.0t trend_against=False
508.132,93,place,RY,SELL,1608,99.8800,1608,agg
508.271,93,fill,RY,SELL,1608,99.9650,0,mode=mm
508.272,93,place,RY,SELL,700,100.0000,0,quote
508.272,93,place,RY,BUY,1500,96.9700,0,ladder
508.272,93,place,RY,SELL,1500,102.9700,0,ladder
508.272,93,place,RY,BUY,1500,91.9700,0,ladder
508.272,93,place,RY,SELL,1500,107.9700,0,ladder
508.272,93,place,RY,BUY,2000,84.9800,0,ladder
508.272,93,place,RY,SELL,2000,114.9700,0,ladder
508.358,93,regime,RY,,,,,"mixed -> chop (er=0.24, net +6t over 14s)"
508.650,94,fill,RY,SELL,700,99.9850,-700,mode=mm
508.657,94,place,RY,BUY,700,99.9700,-700,quote
508.657,94,place,RY,SELL,900,100.0200,-700,quote
508.897,94,regime,RY,,,,,"chop -> mixed (er=0.30, net +8t over 14s)"
508.898,94,place,RY,BUY,700,99.9800,-700,quote
508.898,94,place,RY,SELL,900,100.0300,-700,quote
509.158,94,place,RY,SELL,500,100.0200,-700,quote
509.424,94,regime,RY,,,,,"mixed -> chop (er=0.24, net +6t over 14s)"
509.425,94,place,RY,BUY,700,99.9900,-700,quote
509.676,94,fill,RY,SELL,500,100.0050,-1200,mode=mm
509.679,94,regime,RY,,,,,"chop -> mixed (er=0.25, net +7t over 14s)"
509.680,94,place,RY,SELL,800,100.0400,-1200,quote
509.942,94,place,RY,BUY,800,100.0000,-1200,quote
509.942,94,place,RY,SELL,500,100.0300,-1200,quote
510.183,94,fill,RY,BUY,800,100.0150,-400,mode=mm
510.185,94,place,RY,BUY,400,99.9700,-400,quote
510.210,94,regime,RY,,,,,"mixed -> chop (er=0.21, net +6t over 14s)"
510.443,94,place,RY,BUY,400,99.9800,-400,quote
510.443,94,place,RY,SELL,1000,100.0200,-400,quote
510.716,94,fill,RY,BUY,400,100.0000,0,mode=mm
510.718,94,place,RY,SELL,700,100.0100,0,quote
510.967,94,place,RY,SELL,1200,100.0000,0,quote
511.242,94,place,RY,BUY,1200,99.9600,0,quote
511.273,94,place,RY,BUY,1200,99.8800,0,quote
511.273,94,place,RY,SELL,1200,99.9800,0,quote
511.489,94,fill,RY,BUY,1200,99.9400,1200,mode=mm
511.490,94,place,RY,BUY,800,99.8700,1200,quote
511.490,94,place,RY,SELL,1400,99.9600,1200,quote
511.749,94,stop,RY,SELL,1200,99.8500,1200,loss=6.0t stop=5.0t trend_against=False
511.750,94,place,RY,SELL,1200,99.8500,1200,agg
512.010,94,fill,RY,SELL,1200,99.9150,0,mode=mm
512.010,94,place,RY,SELL,700,99.9300,0,quote
512.010,94,place,RY,BUY,1500,96.9800,0,ladder
512.010,94,place,RY,SELL,1500,102.9700,0,ladder
512.010,94,place,RY,BUY,1500,91.9800,0,ladder
512.010,94,place,RY,SELL,1500,107.9700,0,ladder
512.010,94,place,RY,BUY,2000,84.9800,0,ladder
512.010,94,place,RY,SELL,2000,114.9700,0,ladder
512.264,94,fill,RY,SELL,700,99.9150,-700,mode=mm
512.266,94,place,RY,BUY,700,99.8900,-700,quote
512.764,95,place,RY,BUY,700,99.8800,-700,quote
512.995,95,place,RY,BUY,700,99.8900,-700,quote
513.038,95,place,RY,BUY,700,99.9000,-700,quote
513.522,95,place,RY,SELL,900,99.9300,-700,quote
513.560,95,place,RY,BUY,500,99.9200,-700,quote
513.560,95,place,RY,SELL,300,100.0000,-700,quote
513.796,95,fill,RY,SELL,400,99.9700,-1100,mode=mm
513.799,95,stop,RY,BUY,1100,100.0500,-1100,loss=7.0t stop=5.0t trend_against=False
513.800,95,place,RY,BUY,1100,100.0500,-1100,agg
514.067,95,fill,RY,BUY,1100,99.9600,0,mode=mm
514.068,95,place,RY,BUY,1500,96.9600,0,ladder
514.068,95,place,RY,SELL,1500,102.9600,0,ladder
514.068,95,place,RY,BUY,1500,91.9600,0,ladder
514.068,95,place,RY,SELL,1500,107.9500,0,ladder
514.068,95,place,RY,BUY,2000,84.9600,0,ladder
514.068,95,place,RY,SELL,2000,114.9500,0,ladder
514.979,95,place,RY,BUY,700,99.9400,0,quote
515.346,95,place,RY,BUY,1200,99.9500,0,quote
515.851,95,place,RY,BUY,1200,99.9600,0,quote
516.117,95,place,RY,BUY,1200,99.9700,0,quote
516.327,95,place,RY,BUY,700,99.9800,0,quote
516.609,95,place,RY,BUY,700,99.9900,0,quote
517.047,96,place,RY,SELL,700,100.0200,0,quote
517.124,96,place,RY,SELL,1200,100.0300,0,quote
517.375,96,place,RY,BUY,700,100.0000,0,quote
518.654,96,fill,RY,SELL,1200,100.0150,-1200,mode=mm
518.656,96,place,RY,SELL,800,100.0500,-1200,quote
519.165,96,place,RY,BUY,800,100.0100,-1200,quote
519.165,96,place,RY,SELL,500,100.0400,-1200,quote
519.431,96,fill,RY,SELL,500,100.0250,-1700,mode=mm
519.432,96,place,RY,SELL,700,100.0600,-1700,quote
519.672,96,fill,RY,BUY,800,100.0350,-900,mode=mm
519.675,96,place,RY,BUY,1300,100.0000,-900,quote
519.675,96,place,RY,SELL,900,100.0500,-900,quote
519.906,96,place,RY,BUY,800,100.0100,-900,quote
520.688,97,place,RY,SELL,500,100.0400,-900,quote
520.926,97,fill,RY,SELL,500,100.0250,-1400,mode=mm
520.927,97,place,RY,SELL,700,100.0500,-1400,quote
521.997,97,place,RY,SELL,700,100.0700,-1400,quote
522.242,97,place,RY,BUY,1400,100.0200,-1400,quote
522.242,97,place,RY,SELL,700,100.0600,-1400,quote
523.011,97,fill,RY,BUY,1400,100.0400,0,mode=mm
523.012,97,place,RY,BUY,700,100.0000,0,quote
523.012,97,place,RY,SELL,700,100.0300,0,quote
523.293,97,place,RY,BUY,1200,99.9400,0,quote
523.293,97,place,RY,SELL,1200,100.0200,0,quote
523.328,97,fill,RY,BUY,700,99.9850,700,mode=mm
523.499,97,place,RY,BUY,900,99.9500,700,quote
523.499,97,place,RY,SELL,1300,100.0300,700,quote
523.565,97,place,RY,BUY,900,99.9600,700,quote
523.764,97,place,RY,BUY,900,99.9700,700,quote
523.764,97,place,RY,SELL,1300,100.0200,700,quote
524.086,97,place,RY,BUY,500,99.9800,700,quote
524.086,97,place,RY,SELL,800,100.0100,700,quote
524.282,97,fill,RY,BUY,500,99.9950,1200,mode=mm
524.548,98,place,RY,BUY,800,99.9700,1200,quote
524.861,98,place,RY,SELL,800,100.0000,1200,quote
525.118,98,fill,RY,BUY,800,99.9850,2000,mode=mm
525.119,98,place,RY,BUY,300,99.9700,2000,quote
525.958,98,regime,RY,,,,,"chop -> mixed (er=0.26, net +7t over 14s)"
526.355,98,fill,RY,SELL,800,99.9850,1200,mode=mm
526.360,98,place,RY,SELL,1400,100.0200,1200,quote
526.591,98,place,RY,BUY,500,99.9800,1200,quote
526.591,98,place,RY,SELL,800,100.0100,1200,quote
526.914,98,fill,RY,BUY,500,99.9950,1700,mode=mm
526.917,98,stop,RY,SELL,1700,99.8600,1700,loss=7.2t stop=5.0t trend_against=False
526.919,98,place,RY,SELL,1700,99.8600,1700,agg
526.999,98,regime,RY,,,,,"mixed -> chop (er=0.14, net +5t over 14s)"
527.179,98,fill,RY,SELL,1700,99.9550,0,mode=mm
527.182,98,place,RY,SELL,1200,100.0000,0,quote
527.182,98,place,RY,BUY,1500,97.0000,0,ladder
527.182,98,place,RY,SELL,1500,103.0000,0,ladder
527.182,98,place,RY,BUY,1500,92.0000,0,ladder
527.182,98,place,RY,SELL,1500,108.0000,0,ladder
527.182,98,place,RY,BUY,2000,85.0000,0,ladder
527.182,98,place,RY,SELL,2000,115.0000,0,ladder
527.417,98,fill,RY,SELL,1200,99.9600,-1200,mode=mm
527.420,98,stop,RY,BUY,1200,100.0000,-1200,loss=6.0t stop=5.0t trend_against=False
527.424,98,place,RY,BUY,1200,100.0000,-1200,agg
527.424,98,place,CNR,BUY,1600,160.0900,1277,quote
527.424,98,place,CNR,SELL,2800,160.1000,1277,quote
527.424,98,place,CNR,BUY,500,155.2900,1277,ladder
527.424,98,place,CNR,SELL,1500,164.9000,1277,ladder
527.424,98,place,CNR,BUY,100,147.2900,1277,ladder
527.424,98,place,CNR,SELL,300,172.9000,1277,ladder
527.424,98,place,CNR,SELL,100,184.1100,1277,ladder
527.527,98,regime,CNR,,,,,"chop -> mixed (er=1.00, net +1t over 14s)"
527.740,98,fill,CNR,SELL,2800,160.1000,-1523,mode=mm
527.742,98,fill,RY,BUY,1200,99.9550,0,mode=mm
528.249,98,place,CNR,BUY,1700,160.1000,-1523,quote
528.249,98,place,CNR,SELL,900,160.1100,-1523,quote
528.249,98,place,CNR,BUY,2000,136.0800,-1523,ladder
528.249,98,place,RY,BUY,1500,96.9900,0,ladder
528.249,98,place,RY,SELL,1500,102.9900,0,ladder
528.249,98,place,RY,BUY,1500,91.9900,0,ladder
528.249,98,place,RY,SELL,1500,107.9800,0,ladder
528.249,98,place,RY,BUY,2000,84.9900,0,ladder
528.249,98,place,RY,SELL,1200,114.9800,0,ladder
528.414,98,fill,CNR,SELL,900,160.1050,-2423,mode=mm
528.718,99,place,CNR,BUY,1900,160.1100,-2423,quote
528.718,99,place,CNR,SELL,600,160.1300,-2423,quote
528.974,99,place,CNR,BUY,3100,160.1200,-2423,quote
528.974,99,place,CNR,SELL,1100,160.1500,-2423,quote
529.277,99,fill,CNR,SELL,1700,160.1250,-4123,mode=mm
529.278,99,stop,CNR,BUY,4123,160.3300,-4123,loss=17.0t stop=5.0t trend_against=False
529.282,99,place,CNR,BUY,4123,160.3300,-4123,agg
529.547,99,fill,CNR,BUY,4123,160.2200,0,mode=mm
529.758,99,regime,CNR,,,,,"mixed -> TREND (er=1.00, net +16t over 14s)"
529.759,99,place,CNR,BUY,1500,160.2200,0,quote
529.759,99,place,CNR,BUY,300,155.3000,0,ladder
529.759,99,place,CNR,SELL,1500,164.9000,0,ladder
529.759,99,place,CNR,SELL,1500,172.9100,0,ladder
529.759,99,place,CNR,SELL,2000,184.1200,0,ladder
530.030,99,place,CNR,BUY,700,160.2200,0,quote
530.030,99,place,CNR,BUY,500,147.3000,0,ladder
530.279,99,place,RY,BUY,1200,99.9800,0,quote
530.279,99,place,CNR,BUY,700,136.1000,0,ladder
530.393,99,place,CNR,BUY,700,160.2300,0,quote
530.520,99,place,CNR,BUY,700,160.2500,0,quote
530.520,99,place,RY,BUY,700,99.9900,0,quote
530.595,99,place,RY,SELL,700,100.0200,0,quote
530.738,99,place,CNR,BUY,700,160.3200,0,quote
531.046,99,fill,RY,BUY,700,100.0050,700,mode=mm
531.048,99,place,CNR,BUY,700,160.3400,0,quote
531.048,99,place,RY,BUY,500,99.9900,700,quote
531.271,99,fill,RY,SELL,700,100.0050,0,mode=mm
531.273,99,place,RY,BUY,1200,100.0500,0,quote
531.273,99,place,RY,SELL,1200,100.1100,0,quote
531.273,99,place,CNR,BUY,400,160.3600,0,quote
531.342,99,place,RY,SELL,1200,100.1000,0,quote
531.491,99,fill,RY,BUY,1200,100.0700,1200,mode=mm
531.493,99,place,CNR,BUY,700,160.3700,0,quote
531.493,99,place,RY,BUY,300,100.0000,1200,quote
531.493,99,place,RY,SELL,800,100.0900,1200,quote
531.771,99,place,RY,BUY,800,100.0200,1200,quote
531.771,99,place,RY,SELL,1400,100.0800,1200,quote
531.771,99,place,CNR,BUY,700,160.3800,0,quote
532.031,99,place,RY,BUY,800,100.0300,1200,quote
532.031,99,place,RY,SELL,1400,100.0700,1200,quote
532.031,99,place,CNR,BUY,700,160.3900,0,quote
532.329,99,place,CNR,BUY,700,160.4000,0,quote
532.329,99,place,RY,SELL,800,100.0600,1200,quote
532.456,99,fill,RY,BUY,800,100.0450,2000,mode=mm
532.459,99,place,RY,BUY,600,100.0300,2000,quote
532.459,99,place,RY,SELL,1500,100.0800,2000,quote
532.459,99,place,CNR,BUY,700,160.4100,0,quote
532.567,99,place,CNR,BUY,700,160.4200,0,quote
532.567,99,place,RY,BUY,300,100.0400,2000,quote
532.567,99,place,RY,SELL,900,100.0700,2000,quote
532.829,100,place,RY,SELL,3000,100.0600,2000,quote
532.883,100,place,RY,BUY,1200,100.0500,2000,quote
533.060,100,place,CNR,BUY,700,160.4300,0,quote
533.306,100,fill,RY,BUY,1200,100.0550,3200,mode=mm
533.307,100,regime,RY,,,,,"3 stop-outs in 85s -> toxic flow: half size, no stepping inside for 30s"
533.307,100,stop,RY,SELL,3200,99.9500,3200,loss=5.5t stop=5.0t trend_against=False
533.318,100,place,RY,SELL,3200,99.9500,3200,agg
533.318,100,place,CNR,BUY,700,160.4400,0,quote
533.578,100,fill,RY,SELL,6200,100.0250,-3000,mode=mm
533.985,100,place,RY,BUY,1000,100.0000,-3000,quote
533.985,100,place,RY,SELL,200,100.0400,-3000,quote
533.985,100,place,RY,BUY,1500,97.0100,-3000,ladder
533.985,100,place,RY,SELL,900,103.0100,-3000,ladder
533.985,100,place,RY,BUY,1500,92.0100,-3000,ladder
533.985,100,place,RY,SELL,100,108.0100,-3000,ladder
533.985,100,place,RY,BUY,2000,85.0100,-3000,ladder
533.985,100,place,RY,SELL,100,115.0100,-3000,ladder
534.134,100,place,RY,BUY,1600,99.9800,-3000,quote
534.364,100,fill,RY,SELL,200,100.0050,-3200,mode=mm
534.366,100,stop,RY,BUY,3200,100.0500,-3200,loss=7.8t stop=5.0t trend_against=False
534.368,100,place,RY,BUY,3200,100.0500,-3200,agg
534.485,100,place,CNR,BUY,700,160.4500,0,quote
534.650,100,fill,RY,BUY,3200,100.0100,0,mode=mm
534.654,100,place,CNR,BUY,700,160.4600,0,quote
534.654,100,place,RY,BUY,1500,97.0100,0,ladder
534.654,100,place,RY,SELL,1500,103.0100,0,ladder
534.654,100,place,RY,BUY,1500,92.0100,0,ladder
534.654,100,place,RY,SELL,1500,108.0100,0,ladder
534.654,100,place,RY,BUY,700,85.0100,0,ladder
534.654,100,place,RY,SELL,2000,115.0100,0,ladder
535.374,100,place,CNR,BUY,700,160.4700,0,quote
535.592,100,place,CNR,BUY,700,160.4800,0,quote
536.463,100,place,RY,BUY,700,99.9600,0,quote
536.598,100,place,CNR,BUY,700,160.4900,0,quote
536.879,101,place,CNR,BUY,700,160.5000,0,quote
537.169,101,place,RY,BUY,1200,99.9500,0,quote
537.373,101,place,RY,BUY,700,99.9600,0,quote
537.510,101,place,RY,SELL,700,99.9900,0,quote
538.160,101,place,CNR,BUY,700,160.5100,0,quote
538.930,101,fill,RY,SELL,700,99.9750,-700,mode=mm
538.931,101,place,RY,SELL,900,100.0100,-700,quote
538.931,101,place,CNR,BUY,700,160.5200,0,quote
539.191,101,place,RY,SELL,900,100.0000,-700,quote
539.397,101,fill,RY,SELL,900,99.9800,-1600,mode=mm
539.410,101,place,RY,BUY,800,99.9700,-1600,quote
539.932,101,fill,RY,BUY,800,99.9850,-800,mode=mm
539.936,101,place,RY,BUY,800,99.9700,-800,quote
540.192,101,place,RY,SELL,900,100.0200,-800,quote
540.377,101,place,RY,BUY,800,99.9800,-800,quote
540.377,101,place,RY,SELL,500,100.0100,-800,quote
540.483,102,place,RY,SELL,900,100.0300,-800,quote
540.714,102,fill,RY,SELL,500,100.0050,-1300,mode=mm
540.718,102,place,RY,BUY,1400,99.9900,-1300,quote
540.718,102,place,CNR,BUY,700,160.5300,0,quote
541.221,102,place,RY,BUY,800,100.0000,-1300,quote
543.262,102,place,CNR,BUY,700,160.5400,0,quote
543.542,102,place,CNR,SELL,700,160.5700,0,quote
543.762,102,fill,RY,BUY,800,100.0150,-500,mode=mm
543.763,102,place,RY,BUY,700,100.0000,-500,quote
543.997,102,place,CNR,BUY,700,160.5500,0,quote
543.997,102,place,CNR,SELL,700,160.5800,0,quote
544.257,102,fill,RY,BUY,700,100.0150,200,mode=mm
544.263,102,place,RY,BUY,1100,99.9700,200,quote
544.263,102,place,RY,SELL,1200,100.0200,200,quote
544.359,102,place,RY,SELL,1200,100.0100,200,quote
544.510,102,place,RY,SELL,700,100.0000,200,quote
544.761,103,fill,RY,BUY,1100,99.9850,1300,mode=mm
544.763,103,place,RY,BUY,400,99.9700,1300,quote
545.221,103,place,RY,BUY,400,99.9600,1300,quote
545.221,103,place,RY,SELL,800,99.9900,1300,quote
545.362,103,regime,RY,,,,,"chop -> mixed (er=0.40, net -9t over 14s)"
545.801,103,place,CNR,SELL,700,160.5900,0,quote
545.801,103,place,RY,BUY,400,99.9500,1300,quote
545.801,103,place,RY,SELL,800,99.9800,1300,quote
546.248,103,fill,CNR,SELL,700,160.5700,-700,mode=mm
546.248,103,fill,RY,BUY,800,99.9650,2100,mode=mm
546.249,103,place,RY,BUY,600,99.9200,2100,quote
546.249,103,place,CNR,BUY,800,160.5900,-700,quote
546.249,103,place,CNR,SELL,500,160.6300,-700,quote
546.550,103,fill,RY,BUY,600,99.9500,2700,mode=mm
546.552,103,stop,RY,SELL,2700,99.8900,2700,loss=5.7t stop=5.0t trend_against=False
546.556,103,place,RY,SELL,2700,99.8900,2700,agg
546.556,103,place,CNR,SELL,500,160.6200,-700,quote
546.855,103,fill,RY,SELL,2700,99.9450,0,mode=mm
546.857,103,place,RY,SELL,1200,99.9600,0,quote
546.857,103,place,RY,BUY,1500,96.9900,0,ladder
546.857,103,place,RY,SELL,900,102.9900,0,ladder
546.857,103,place,RY,BUY,1500,91.9900,0,ladder
546.857,103,place,RY,SELL,100,107.9900,0,ladder
546.857,103,place,RY,BUY,2000,84.9900,0,ladder
546.857,103,place,RY,SELL,100,114.9800,0,ladder
547.374,103,fill,RY,SELL,1200,99.9400,-1200,mode=mm
547.377,103,place,RY,SELL,200,99.9600,-1200,quote
547.531,103,place,RY,BUY,800,99.9300,-1200,quote
547.781,103,fill,RY,BUY,800,99.9450,-400,mode=mm
547.783,103,place,RY,SELL,600,99.9600,-400,quote
548.081,103,place,RY,BUY,400,99.9000,-400,quote
548.081,103,place,RY,SELL,1000,99.9500,-400,quote
548.323,103,place,RY,BUY,400,99.9100,-400,quote
548.431,103,place,RY,BUY,400,99.9200,-400,quote
548.811,104,fill,RY,BUY,400,99.9300,0,mode=mm
549.143,104,fill,RY,SELL,1000,99.9350,-1000,mode=mm
549.145,104,place,RY,BUY,800,99.9300,-1000,quote
549.145,104,place,RY,SELL,500,99.9600,-1000,quote
549.209,104,regime,RY,,,,,"mixed -> chop (er=0.22, net -5t over 14s)"
549.446,104,place,RY,SELL,800,99.9700,-1000,quote
549.585,104,fill,RY,SELL,500,99.9500,-1500,mode=mm
549.586,104,place,RY,BUY,800,99.9400,-1500,quote
549.882,104,place,RY,BUY,800,99.9500,-1500,quote
549.882,104,place,RY,SELL,400,99.9800,-1500,quote
550.127,104,place,CNR,SELL,500,160.6300,-700,quote
550.381,104,fill,RY,BUY,800,99.9650,-700,mode=mm
550.385,104,place,CNR,BUY,800,160.6000,-700,quote
550.385,104,place,RY,BUY,800,99.9500,-700,quote
550.692,104,fill,CNR,SELL,398,160.6150,-1098,mode=mm
550.693,104,place,CNR,SELL,500,160.6500,-1098,quote
550.693,104,place,RY,BUY,800,99.9400,-700,quote
550.693,104,place,RY,SELL,500,99.9700,-700,quote
550.915,104,fill,RY,BUY,800,99.9550,100,mode=mm
550.920,104,place,RY,BUY,1200,99.8900,100,quote
550.920,104,place,CNR,BUY,800,160.6100,-1098,quote
551.169,104,place,RY,BUY,1200,99.9000,100,quote
551.169,104,place,RY,SELL,1200,99.9600,100,quote
551.394,104,place,RY,BUY,1200,99.9100,100,quote
551.394,104,place,RY,SELL,1200,99.9500,100,quote
551.394,104,place,CNR,BUY,800,160.6200,-1098,quote
551.685,104,fill,RY,BUY,1200,99.9300,1300,mode=mm
551.689,104,regime,RY,,,,,"chop -> mixed (er=0.25, net -6t over 14s)"
551.690,104,place,RY,BUY,800,99.8800,1300,quote
551.690,104,place,RY,SELL,1400,99.9300,1300,quote
551.843,104,place,RY,BUY,200,99.8900,1300,quote
551.944,104,place,CNR,BUY,800,160.6100,-1098,quote
551.944,104,place,CNR,SELL,500,160.6400,-1098,quote
551.944,104,place,RY,SELL,800,99.9200,1300,quote
552.923,105,place,RY,BUY,400,99.8800,1300,quote
552.923,105,place,RY,SELL,800,99.9100,1300,quote
553.211,105,fill,CNR,BUY,800,160.6250,-298,mode=mm
553.214,105,place,CNR,BUY,700,160.5800,-298,quote
553.438,105,place,CNR,SELL,600,160.6300,-298,quote
553.561,105,regime,CNR,,,,,"TREND -> mixed (er=0.54, net +7t over 14s)"
553.702,105,place,CNR,SELL,1100,160.6200,-298,quote
553.820,105,place,CNR,BUY,2500,160.6000,-298,quote
553.820,105,place,CNR,SELL,2200,160.6100,-298,quote
553.941,105,fill,RY,SELL,800,99.8950,500,mode=mm
553.944,105,place,RY,BUY,1000,99.9100,500,quote
553.944,105,place,RY,SELL,1300,99.9800,500,quote
554.088,105,regime,RY,,,,,"mixed -> chop (er=0.15, net -5t over 14s)"
554.089,105,place,RY,SELL,1300,99.9700,500,quote
554.258,105,fill,CNR,SELL,2058,160.6000,-2356,mode=mm
554.262,105,place,RY,BUY,1000,99.9200,500,quote
554.262,105,place,CNR,SELL,100,160.6200,-2356,quote
554.316,105,place,RY,SELL,1300,99.9700,500,quote
554.472,105,fill,CNR,SELL,142,160.6050,-2498,mode=mm
554.700,105,place,RY,BUY,300,99.9300,500,quote
554.935,105,fill,RY,SELL,1300,99.9500,-800,mode=mm
554.936,105,place,CNR,SELL,600,160.6200,-2498,quote
554.936,105,place,RY,BUY,800,99.9400,-800,quote
554.936,105,place,RY,SELL,500,99.9700,-800,quote
555.521,105,fill,CNR,BUY,2500,160.6050,2,mode=mm
555.524,105,fill,RY,SELL,500,99.9550,-1300,mode=mm
555.526,105,place,CNR,BUY,1400,160.6000,2,quote
555.526,105,place,CNR,SELL,1500,160.6100,2,quote
555.526,105,place,RY,SELL,400,99.9700,-1300,quote
555.706,105,place,RY,BUY,800,99.9500,-1300,quote
555.706,105,place,RY,SELL,400,99.9800,-1300,quote
556.236,105,fill,RY,BUY,800,99.9650,-500,mode=mm
556.237,105,place,RY,BUY,1300,99.9000,-500,quote
556.424,105,place,RY,BUY,1300,99.9100,-500,quote
556.424,105,place,RY,SELL,1000,99.9700,-500,quote
556.466,105,place,RY,BUY,1300,99.9200,-500,quote
556.728,106,place,RY,BUY,700,99.9300,-500,quote
556.728,106,place,RY,SELL,600,99.9600,-500,quote
557.079,106,fill,CNR,BUY,1100,160.6050,1102,mode=mm
557.082,106,place,CNR,BUY,1000,160.6000,1102,quote
558.054,106,fill,RY,BUY,700,99.9450,200,mode=mm
558.057,106,place,RY,BUY,1100,99.9200,200,quote
558.325,106,fill,CNR,SELL,1500,160.6050,-398,mode=mm
558.326,106,fill,RY,SELL,600,99.9400,-400,mode=mm
558.327,106,place,CNR,SELL,1300,160.6100,-398,quote
558.327,106,place,RY,SELL,600,99.9500,-400,quote
559.605,106,fill,CNR,BUY,291,160.6050,-107,mode=mm
559.606,106,place,RY,BUY,700,99.9300,-400,quote
559.606,106,place,RY,SELL,600,99.9600,-400,quote
560.063,106,fill,CNR,BUY,709,160.6050,602,mode=mm
560.063,106,place,CNR,BUY,1200,160.6000,602,quote
560.238,106,regime,CNR,,,,,"mixed -> chop (er=0.00, net +0t over 14s)"
560.864,106,fill,CNR,SELL,1300,160.6050,-698,mode=mm
560.866,107,place,CNR,SELL,1100,160.6100,-698,quote
561.139,107,fill,CNR,BUY,323,160.6050,-375,mode=mm
561.293,107,place,RY,BUY,700,99.9400,-400,quote
561.293,107,place,RY,SELL,600,99.9700,-400,quote
561.552,107,fill,RY,BUY,700,99.9550,300,mode=mm
561.554,107,place,RY,BUY,600,99.8800,300,quote
561.857,107,fill,CNR,BUY,877,160.6050,502,mode=mm
561.869,107,place,RY,BUY,1100,99.8900,300,quote
561.869,107,place,RY,SELL,1200,99.9600,300,quote
561.869,107,place,CNR,BUY,1200,160.6000,502,quote
562.152,107,place,RY,BUY,1100,99.9000,300,quote
562.152,107,place,RY,SELL,1200,99.9400,300,quote
562.603,107,fill,CNR,SELL,1000,160.6050,-498,mode=mm
562.604,107,fill,RY,SELL,1200,99.9200,-900,mode=mm
562.608,107,stop,RY,BUY,900,99.9600,-900,loss=6.0t stop=5.0t trend_against=False
562.611,107,place,RY,BUY,900,99.9600,-900,agg
562.611,107,place,CNR,SELL,1200,160.6100,-498,quote
562.963,107,fill,CNR,BUY,1200,160.6050,702,mode=mm
562.964,107,fill,RY,BUY,900,99.9200,0,mode=mm
562.965,107,place,CNR,BUY,1100,160.6000,702,quote
562.965,107,place,RY,BUY,700,99.9100,0,quote
562.965,107,place,RY,BUY,1500,96.9400,0,ladder
562.965,107,place,RY,SELL,1500,102.9400,0,ladder
562.965,107,place,RY,BUY,1500,91.9400,0,ladder
562.965,107,place,RY,SELL,1500,107.9300,0,ladder
562.965,107,place,RY,SELL,2000,114.9300,0,ladder
563.075,107,place,RY,BUY,400,84.9500,0,ladder
563.311,107,place,RY,BUY,100,99.9200,0,quote
563.421,107,place,RY,BUY,900,99.9200,0,quote
563.717,107,fill,CNR,BUY,1100,160.6050,1802,mode=mm
563.718,107,place,CNR,BUY,1300,160.5900,1802,quote
563.718,107,place,CNR,SELL,1000,160.6000,1802,quote
563.934,107,fill,CNR,BUY,1300,160.6000,3102,mode=mm
563.935,107,fill,RY,BUY,900,99.9250,900,mode=mm
563.936,107,place,RY,BUY,1800,99.9100,900,quote
563.936,107,place,RY,SELL,900,99.9200,900,quote
563.936,107,place,CNR,BUY,500,160.5800,3102,quote
564.170,107,fill,RY,SELL,900,99.9200,0,mode=mm
564.171,107,place,CNR,BUY,800,160.5700,3102,quote
564.171,107,place,CNR,SELL,3300,160.5900,3102,quote
564.171,107,place,RY,BUY,2500,99.9200,0,quote
564.303,107,regime,CNR,,,,,"chop -> mixed (er=0.25, net -2t over 14s)"
564.634,107,fill,RY,BUY,2500,99.9200,2500,mode=mm
564.635,107,place,RY,BUY,300,99.9100,2500,quote
564.635,107,place,RY,SELL,2500,99.9300,2500,quote
564.879,107,fill,RY,BUY,300,99.9250,2800,mode=mm
564.880,108,place,RY,BUY,500,99.8900,2800,quote
565.181,108,fill,CNR,BUY,800,160.5850,3902,mode=mm
565.236,108,place,CNR,BUY,300,160.5600,3902,quote
565.236,108,place,CNR,SELL,2100,160.5800,3902,quote
565.236,108,place,RY,SELL,2800,99.9100,2800,quote
565.442,108,fill,CNR,BUY,300,160.5800,4202,mode=mm
565.443,108,place,CNR,BUY,600,160.5500,4202,quote
565.443,108,place,CNR,SELL,3600,160.5600,4202,quote
565.657,108,place,CNR,BUY,600,160.5400,4202,quote
566.064,108,fill,CNR,BUY,1200,160.5600,5402,mode=mm
566.066,108,fill,RY,SELL,2800,99.9050,0,mode=mm
566.069,108,stop,CNR,SELL,5000,160.4700,5402,loss=5.8t stop=5.0t trend_against=False
566.078,108,place,CNR,SELL,5000,160.4700,5402,agg
566.464,108,fill,CNR,SELL,5000,160.5250,402,mode=mm
566.784,108,regime,CNR,,,,,"mixed -> TREND (er=0.94, net -16t over 14s)"
566.784,108,regime,RY,,,,,"chop -> mixed (er=0.26, net +7t over 14s)"
566.908,108,place,RY,BUY,1500,99.9400,0,quote
566.908,108,place,RY,SELL,1500,100.0200,0,quote
567.326,108,regime,CNR,,,,,"3 stop-outs in 85s -> toxic flow: half size, no stepping inside for 30s"
567.326,108,stop,CNR,SELL,402,160.2500,402,loss=6.8t stop=5.5t trend_against=False
567.331,108,place,CNR,SELL,402,160.2500,402,agg
567.331,108,place,RY,BUY,1500,99.9600,0,quote
567.569,108,fill,CNR,SELL,402,160.3750,0,mode=mm
567.569,108,fill,RY,SELL,1500,99.9850,-1500,mode=mm
567.571,108,place,RY,BUY,1700,99.9700,-1500,quote
567.571,108,place,RY,SELL,900,100.0300,-1500,quote
567.785,108,place,RY,BUY,2900,99.9800,-1500,quote
567.785,108,place,CNR,SELL,700,160.4000,0,quote
567.785,108,place,CNR,BUY,1500,155.7300,0,ladder
567.785,108,place,CNR,SELL,1500,165.3600,0,ladder
567.785,108,place,CNR,BUY,1500,147.7000,0,ladder
567.785,108,place,CNR,SELL,1500,173.3900,0,ladder
567.785,108,place,CNR,BUY,2000,136.4700,0,ladder
567.785,108,place,CNR,SELL,700,184.6300,0,ladder
568.080,108,place,RY,BUY,300,99.9900,-1500,quote
568.080,108,place,CNR,SELL,100,160.2700,0,quote
568.361,108,fill,RY,BUY,3200,100.0050,1700,mode=mm
568.694,109,place,CNR,SELL,700,160.1400,0,quote
568.694,109,place,RY,BUY,800,100.0100,1700,quote
568.694,109,place,RY,SELL,1700,100.0200,1700,quote
568.859,109,fill,CNR,SELL,700,160.1250,-700,mode=mm
568.860,109,stop,CNR,BUY,700,160.4000,-700,loss=8.0t stop=6.5t trend_against=False
568.861,109,place,CNR,BUY,700,160.4000,-700,agg
568.913,109,place,CNR,BUY,1500,155.6600,-700,ladder
568.913,109,place,CNR,SELL,1500,165.2900,-700,ladder
568.913,109,place,CNR,BUY,1500,147.6400,-700,ladder
568.913,109,place,CNR,SELL,900,173.3100,-700,ladder
568.913,109,place,CNR,BUY,700,136.4100,-700,ladder
568.913,109,place,CNR,SELL,200,184.5500,-700,ladder
569.117,109,fill,CNR,BUY,700,160.3200,0,mode=mm
569.206,109,regime,RY,,,,,"mixed -> chop (er=0.25, net +6t over 14s)"
569.584,109,fill,RY,BUY,800,100.0150,2500,mode=mm
569.585,109,place,RY,BUY,1000,99.9800,2500,quote
569.585,109,place,RY,SELL,3100,100.0100,2500,quote
569.826,109,fill,RY,SELL,3100,100.0050,-600,mode=mm
569.835,109,regime,RY,,,,,"3 stop-outs in 85s -> toxic flow: half size, no stepping inside for 30s"
569.835,109,stop,RY,BUY,600,100.1100,-600,loss=6.0t stop=5.0t trend_against=False
569.843,109,place,RY,BUY,600,100.1100,-600,agg
569.979,109,regime,RY,,,,,"chop -> mixed (er=0.26, net +7t over 14s)"
569.980,109,place,CNR,BUY,1500,155.6300,0,ladder
569.980,109,place,CNR,SELL,1500,165.2600,0,ladder
569.980,109,place,CNR,BUY,1500,147.6100,0,ladder
569.980,109,place,CNR,SELL,1500,173.2800,0,ladder
569.980,109,place,CNR,BUY,1200,136.3800,0,ladder
569.980,109,place,CNR,SELL,2000,184.5100,0,ladder
570.120,109,fill,RY,BUY,600,100.0350,0,mode=mm
570.120,109,place,RY,BUY,1200,100.0000,0,quote
570.120,109,place,RY,BUY,1500,96.9700,0,ladder
570.120,109,place,RY,SELL,900,102.9700,0,ladder
570.120,109,place,RY,BUY,1500,91.9700,0,ladder
570.120,109,place,RY,SELL,300,107.9700,0,ladder
570.120,109,place,RY,BUY,700,84.9800,0,ladder
570.120,109,place,RY,SELL,100,114.9700,0,ladder
570.379,109,place,RY,BUY,100,100.0100,0,quote
570.666,109,place,RY,BUY,1200,100.0100,0,quote
570.876,109,place,RY,BUY,1200,100.0200,0,quote
570.876,109,place,CNR,BUY,700,160.0300,0,quote
570.876,109,place,CNR,BUY,1500,155.6000,0,ladder
570.876,109,place,CNR,SELL,1500,165.2200,0,ladder
570.876,109,place,CNR,BUY,100,147.5800,0,ladder
570.876,109,place,CNR,SELL,100,173.2400,0,ladder
570.876,109,place,CNR,BUY,100,136.3500,0,ladder
571.217,109,place,RY,BUY,1200,100.0300,0,quote
571.217,109,place,CNR,SELL,2000,184.4400,0,ladder
571.393,109,place,CNR,BUY,700,160.1000,0,quote
571.697,109,fill,CNR,BUY,700,160.1300,700,mode=mm
571.699,109,place,CNR,BUY,500,159.9600,700,quote
571.699,109,place,CNR,SELL,700,160.0600,700,quote
572.178,109,fill,CNR,SELL,700,160.0200,0,mode=mm
572.179,109,place,CNR,SELL,700,160.1600,0,quote
572.407,109,place,CNR,BUY,700,160.0700,0,quote
572.510,110,regime,RY,,,,,"mixed -> TREND (er=0.45, net +12t over 14s)"
572.641,110,place,CNR,SELL,700,160.1500,0,quote
572.886,110,place,CNR,SELL,700,160.1400,0,quote
572.886,110,place,RY,BUY,700,100.0400,0,quote
572.921,110,fill,RY,BUY,1200,100.0600,1200,mode=mm
573.349,110,place,CNR,SELL,700,160.1300,0,quote
573.603,110,fill,RY,BUY,700,100.0550,1900,mode=mm
573.604,110,place,CNR,BUY,700,160.0300,0,quote
573.604,110,place,CNR,SELL,700,160.0900,0,quote
573.604,110,place,RY,BUY,300,100.0200,1900,quote
573.869,110,place,CNR,BUY,700,160.0600,0,quote
573.869,110,place,RY,BUY,300,100.0300,1900,quote
574.311,110,place,CNR,BUY,700,160.0600,0,quote
574.650,110,place,RY,SELL,900,100.0600,1900,quote
575.188,110,fill,CNR,SELL,391,160.0750,-391,mode=mm
575.191,110,place,CNR,SELL,600,160.1000,-391,quote
575.467,110,fill,RY,BUY,300,100.0450,2200,mode=mm
575.468,110,regime,RY,,,,,"TREND -> mixed (er=0.29, net +8t over 14s)"
575.469,110,place,RY,BUY,600,100.0100,2200,quote
575.469,110,place,CNR,SELL,600,160.1100,-391,quote
575.831,110,fill,CNR,SELL,193,160.0900,-584,mode=mm
575.831,110,fill,RY,BUY,600,100.0350,2800,mode=mm
575.833,110,stop,RY,SELL,2800,99.9800,2800,loss=7.8t stop=5.0t trend_against=False
575.835,110,place,RY,SELL,2800,99.9800,2800,agg
576.098,110,regime,RY,,,,,"mixed -> chop (er=0.04, net +2t over 14s)"
576.184,110,place,CNR,SELL,600,160.1000,-584,quote
576.861,111,stop,RY,SELL,2800,99.8400,2800,loss=13.8t stop=5.3t trend_against=False
576.861,111,place,RY,SELL,2800,99.8400,2800,agg
576.945,111,fill,RY,SELL,2800,99.8950,0,mode=mm
576.974,111,place,RY,SELL,700,99.9700,0,quote
576.974,111,place,RY,BUY,1500,97.0000,0,ladder
576.974,111,place,RY,SELL,1500,103.0000,0,ladder
576.974,111,place,RY,BUY,1500,92.0000,0,ladder
576.974,111,place,RY,SELL,1500,108.0000,0,ladder
576.974,111,place,RY,BUY,2000,85.0000,0,ladder
576.974,111,place,RY,SELL,2000,115.0000,0,ladder
577.186,111,place,RY,SELL,1200,99.9600,0,quote
577.455,111,fill,RY,SELL,1200,99.9250,-1200,mode=mm
577.456,111,stop,RY,BUY,1200,100.1100,-1200,loss=12.0t stop=5.9t trend_against=False
577.460,111,place,RY,BUY,1200,100.1100,-1200,agg
577.709,111,fill,RY,BUY,1200,100.0050,0,mode=mm
577.714,111,place,RY,BUY,1500,96.9900,0,ladder
577.714,111,place,RY,SELL,1500,102.9900,0,ladder
577.714,111,place,RY,BUY,1500,91.9900,0,ladder
577.714,111,place,RY,SELL,1500,107.9900,0,ladder
577.714,111,place,RY,BUY,2000,84.9900,0,ladder
577.714,111,place,RY,SELL,2000,114.9900,0,ladder
578.172,111,fill,CNR,SELL,600,160.0850,-1184,mode=mm
578.461,111,place,CNR,SELL,300,160.1100,-1184,quote
579.639,111,regime,RY,,,,,"chop -> mixed (er=0.26, net +16t over 14s)"
579.964,111,place,RY,BUY,1200,100.0400,0,quote
580.028,111,fill,RY,BUY,1200,100.0600,1200,mode=mm
580.029,111,stop,RY,SELL,1200,99.9000,1200,loss=11.0t stop=8.7t trend_against=False
580.031,111,place,RY,SELL,1200,99.9000,1200,agg
580.263,111,fill,RY,SELL,1200,99.9900,0,mode=mm
580.264,111,regime,RY,,,,,"mixed -> chop (er=0.03, net +3t over 14s)"
580.264,111,place,RY,BUY,1500,97.0000,0,ladder
580.264,111,place,RY,SELL,1500,103.0000,0,ladder
580.264,111,place,RY,BUY,1500,92.0000,0,ladder
580.264,111,place,RY,SELL,1500,108.0000,0,ladder
580.264,111,place,RY,BUY,2000,85.0000,0,ladder
580.264,111,place,RY,SELL,2000,115.0000,0,ladder
580.474,111,place,CNR,SELL,500,160.1200,-1184,quote
580.628,111,fill,CNR,SELL,300,160.1000,-1484,mode=mm
580.628,111,place,CNR,BUY,800,160.1100,-1484,quote
580.628,111,place,CNR,SELL,400,160.1700,-1484,quote
580.680,111,place,RY,SELL,700,99.9500,0,quote
580.735,111,regime,CNR,,,,,"TREND -> mixed (er=0.28, net -34t over 14s)"
580.736,111,place,CNR,SELL,700,160.1600,-1484,quote
580.912,112,fill,CNR,SELL,1600,160.1350,-3084,mode=mm
580.914,112,stop,CNR,BUY,3084,160.4400,-3084,loss=26.6t stop=6.9t trend_against=False
580.919,112,place,CNR,BUY,3084,160.4400,-3084,agg
581.567,112,regime,CNR,,,,,"mixed -> chop (er=0.19, net +30t over 14s)"
581.825,112,fill,RY,SELL,700,99.9350,-700,mode=mm
581.827,112,place,RY,BUY,700,99.9200,-700,quote
581.827,112,place,RY,SELL,900,99.9800,-700,quote
581.966,112,stop,CNR,BUY,3084,160.7000,-3084,loss=51.6t stop=19.5t trend_against=False
581.967,112,place,CNR,BUY,3084,160.7000,-3084,agg
582.221,112,fill,CNR,BUY,3084,160.6350,0,mode=mm
582.222,112,regime,CNR,,,,,"chop -> mixed (er=0.27, net +42t over 14s)"
582.223,112,place,CNR,BUY,1200,160.6400,0,quote
582.223,112,place,RY,BUY,700,99.9500,-700,quote
582.223,112,place,CNR,BUY,1500,155.3900,0,ladder
582.223,112,place,CNR,SELL,1500,165.0100,0,ladder
582.223,112,place,CNR,BUY,1500,147.3800,0,ladder
582.223,112,place,CNR,SELL,1500,173.0200,0,ladder
582.223,112,place,CNR,BUY,700,136.1700,0,ladder
582.223,112,place,CNR,SELL,2000,184.2300,0,ladder
582.371,112,place,CNR,BUY,200,160.6500,0,quote
582.371,112,place,RY,BUY,700,99.9400,-700,quote
582.607,112,fill,AC,SELL,1400,25.0350,963,mode=mm
582.609,112,place,CNR,BUY,1200,160.6500,0,quote
582.609,112,place,AC,BUY,100,25.0300,963,quote
582.609,112,place,AC,SELL,1600,25.0400,963,quote
582.674,112,place,RY,SELL,500,99.9700,-700,quote
582.835,112,place,RY,BUY,700,99.9200,-700,quote
582.835,112,place,RY,SELL,500,99.9500,-700,quote
582.835,112,place,AC,BUY,1800,25.0300,963,quote
582.905,112,fill,RY,BUY,700,99.9350,0,mode=mm
582.911,112,place,CNR,BUY,1200,160.6600,0,quote
583.234,112,place,RY,BUY,700,99.9200,0,quote
583.361,112,fill,RY,BUY,700,99.9350,700,mode=mm
583.361,112,fill,AC,BUY,200,25.0350,1163,mode=mm
583.383,112,place,AC,SELL,1600,25.0400,1163,quote
583.516,112,regime,CNR,,,,,"mixed -> TREND (er=0.61, net +60t over 14s)"
583.561,112,place,RY,BUY,900,99.8900,700,quote
583.561,112,place,AC,BUY,900,25.0300,1163,quote
583.596,112,place,RY,BUY,100,99.8700,700,quote
583.596,112,place,RY,SELL,800,99.9100,700,quote
583.899,112,fill,RY,SELL,800,99.8950,-100,mode=mm
583.902,112,stop,RY,BUY,100,100.0300,-100,loss=8.0t stop=7.8t trend_against=False
583.905,112,place,RY,BUY,100,100.0300,-100,agg
584.296,112,fill,CNR,BUY,1200,160.6850,1200,mode=mm
584.298,112,fill,RY,BUY,100,99.9650,0,mode=mm
584.298,112,fill,AC,SELL,700,25.0350,463,mode=mm
584.298,112,stop,CNR,SELL,1200,160.4100,1200,loss=22.0t stop=15.3t trend_against=False
584.300,112,place,CNR,SELL,1200,160.4100,1200,agg
584.300,112,place,RY,BUY,1200,99.9400,0,quote
584.300,112,place,AC,BUY,2100,25.0300,463,quote
584.300,112,place,AC,SELL,2600,25.0400,463,quote
584.300,112,place,RY,SELL,1500,102.9600,0,ladder
584.300,112,place,RY,SELL,900,107.9600,0,ladder
584.524,112,fill,CNR,SELL,1200,160.5700,0,mode=mm
584.525,112,place,RY,BUY,700,99.9500,0,quote
584.525,112,place,CNR,BUY,500,155.5700,0,ladder
584.525,112,place,CNR,SELL,1500,165.2000,0,ladder
584.525,112,place,CNR,SELL,500,173.2200,0,ladder
584.525,112,place,CNR,SELL,200,184.4400,0,ladder
584.525,112,place,RY,SELL,700,114.9600,0,ladder
584.650,112,place,CNR,BUY,1500,147.5500,0,ladder
584.650,112,place,CNR,BUY,2000,136.3300,0,ladder
584.650,112,place,RY,BUY,1500,96.9600,0,ladder
584.650,112,place,RY,BUY,300,91.9700,0,ladder
584.650,112,place,RY,BUY,100,84.9700,0,ladder
584.709,112,fill,AC,BUY,451,25.0350,914,mode=mm
584.942,113,fill,AC,BUY,1649,25.0350,2563,mode=mm
585.193,113,fill,RY,BUY,700,99.9700,700,mode=mm
585.193,113,fill,AC,SELL,2191,25.0350,372,mode=mm
585.195,113,place,CNR,SELL,500,160.4900,0,quote
585.195,113,place,RY,BUY,100,99.9600,700,quote
585.195,113,place,RY,SELL,700,99.9900,700,quote
585.195,113,place,AC,BUY,400,25.0300,372,quote
585.337,113,place,AC,SELL,2600,25.0400,372,quote
585.401,113,fill,RY,SELL,700,99.9750,0,mode=mm
585.402,113,place,RY,BUY,1200,99.9500,0,quote
585.402,113,place,AC,BUY,2200,25.0300,372,quote
585.694,113,fill,RY,BUY,1200,99.9750,1200,mode=mm
585.698,113,place,RY,SELL,1200,100.0000,1200,quote
585.920,113,fill,AC,SELL,1530,25.0350,-1158,mode=mm
585.922,113,place,AC,SELL,1600,25.0400,-1158,quote
586.186,113,fill,AC,BUY,1130,25.0350,-28,mode=mm
586.188,113,place,RY,SELL,800,99.9800,1200,quote
586.188,113,place,AC,BUY,2500,25.0300,-28,quote
586.446,113,fill,RY,SELL,800,99.9650,400,mode=mm
586.446,113,fill,AC,SELL,1600,25.0350,-1628,mode=mm
586.447,113,place,AC,SELL,1400,25.0400,-1628,quote
586.689,113,fill,AC,SELL,1400,25.0350,-3028,mode=mm
586.691,113,place,RY,SELL,400,100.0200,400,quote
586.691,113,place,AC,BUY,3300,25.0400,-3028,quote
586.691,113,place,AC,SELL,900,25.0600,-3028,quote
586.860,113,regime,AC,,,,,"chop -> mixed (er=1.00, net +0t over 14s)"
586.951,113,fill,AC,SELL,900,25.0400,-3928,mode=mm
586.952,113,place,RY,BUY,1000,99.9600,400,quote
586.952,113,place,RY,SELL,400,100.0100,400,quote
586.952,113,place,AC,BUY,3500,25.0500,-3928,quote
586.952,113,place,AC,SELL,600,25.0700,-3928,quote
587.191,113,fill,RY,BUY,1000,99.9850,1400,mode=mm
587.192,113,fill,AC,BUY,4300,25.0500,372,mode=mm
587.196,113,place,RY,SELL,1400,100.0100,1400,quote
587.376,113,place,CNR,BUY,700,160.4100,0,quote
587.491,113,place,RY,BUY,700,99.9700,1400,quote
587.491,113,place,RY,SELL,1400,100.0200,1400,quote
587.732,113,place,RY,BUY,700,99.9800,1400,quote
587.972,113,fill,RY,BUY,700,100.0000,2100,mode=mm
587.974,113,place,CNR,SELL,700,160.4800,0,quote
587.974,113,place,AC,BUY,1300,25.0600,372,quote
587.974,113,place,AC,SELL,1500,25.0700,372,quote
588.236,113,fill,AC,BUY,1300,25.0650,1672,mode=mm
588.247,113,place,CNR,SELL,700,160.4700,0,quote
588.247,113,place,RY,SELL,900,100.0100,2100,quote
588.519,114,place,CNR,SELL,700,160.4600,0,quote
588.519,114,place,RY,BUY,300,99.8700,2100,quote
588.808,114,stop,RY,SELL,2100,99.8700,2100,loss=6.5t stop=6.2t trend_against=False
588.812,114,place,RY,SELL,2100,99.8700,2100,agg
588.812,114,place,CNR,SELL,700,160.4500,0,quote
589.047,114,place,AC,BUY,1400,25.0500,1672,quote
589.047,114,place,AC,SELL,2900,25.0600,1672,quote
589.092,114,fill,RY,SELL,2100,99.9150,0,mode=mm
589.093,114,place,RY,SELL,1200,99.9500,0,quote
589.093,114,place,RY,BUY,1500,96.9700,0,ladder
589.093,114,place,RY,SELL,900,102.9700,0,ladder
589.093,114,place,RY,BUY,1500,91.9700,0,ladder
589.093,114,place,RY,SELL,100,107.9700,0,ladder
589.093,114,place,RY,BUY,2000,84.9700,0,ladder
589.093,114,place,RY,SELL,100,114.9700,0,ladder
589.279,114,fill,AC,BUY,1400,25.0600,3072,mode=mm
589.441,114,place,CNR,BUY,200,160.4200,0,quote
589.441,114,place,RY,SELL,400,99.9400,0,quote
589.441,114,place,AC,BUY,100,25.0400,3072,quote
589.519,114,fill,RY,SELL,1200,99.9250,-1200,mode=mm
589.520,114,place,AC,BUY,800,25.0300,3072,quote
589.520,114,place,AC,SELL,3300,25.0500,3072,quote
589.520,114,place,CNR,BUY,700,160.4200,0,quote
589.520,114,place,RY,BUY,800,99.9100,-1200,quote
589.808,114,fill,AC,SELL,1600,25.0500,1472,mode=mm
589.814,114,place,RY,BUY,800,99.9200,-1200,quote
589.814,114,place,RY,SELL,500,99.9500,-1200,quote
589.814,114,place,AC,BUY,900,25.0400,1472,quote
589.874,114,regime,AC,,,,,"mixed -> chop (er=0.20, net +1t over 14s)"
590.034,114,fill,AC,SELL,3300,25.0450,-1828,mode=mm
590.101,114,place,AC,SELL,800,25.0500,-1828,quote
590.132,114,place,AC,BUY,3000,25.0400,-1828,quote
590.313,114,fill,RY,BUY,800,99.9350,-400,mode=mm
590.313,114,place,RY,BUY,400,99.8700,-400,quote
590.313,114,place,RY,SELL,1000,99.9200,-400,quote
590.572,114,place,RY,SELL,600,99.9100,-400,quote
590.834,114,fill,AC,BUY,2200,25.0450,372,mode=mm
590.837,114,place,AC,BUY,2200,25.0400,372,quote
590.837,114,place,AC,SELL,2600,25.0500,372,quote
590.947,114,place,RY,BUY,400,99.8800,-400,quote
591.075,114,fill,AC,SELL,648,25.0450,-276,mode=mm
591.344,114,fill,AC,SELL,1952,25.0450,-2228,mode=mm
591.345,114,place,AC,BUY,3100,25.0500,-2228,quote
591.345,114,place,AC,SELL,1100,25.0600,-2228,quote
591.447,114,regime,AC,,,,,"chop -> mixed (er=0.27, net +1t over 14s)"
591.605,114,fill,AC,SELL,800,25.0500,-3028,mode=mm
591.607,114,place,AC,SELL,900,25.0700,-3028,quote
591.872,114,fill,AC,BUY,2800,25.0550,-228,mode=mm
591.875,114,place,AC,BUY,2500,25.0600,-228,quote
592.145,114,fill,RY,SELL,600,99.8950,-1000,mode=mm
592.145,114,fill,AC,BUY,1000,25.0650,772,mode=mm
592.147,114,place,RY,SELL,500,99.9100,-1000,quote
592.147,114,place,AC,SELL,1600,25.0700,772,quote
592.408,114,fill,RY,SELL,500,99.8950,-1500,mode=mm
592.408,114,fill,AC,SELL,1000,25.0650,-228,mode=mm
592.421,114,place,RY,BUY,1400,99.8900,-1500,quote
592.421,114,place,RY,SELL,700,99.9300,-1500,quote
592.421,114,place,AC,BUY,2500,25.0700,-228,quote
592.421,114,place,AC,SELL,2300,25.0800,-228,quote
592.665,115,fill,RY,SELL,700,99.9100,-2200,mode=mm
592.665,115,fill,AC,BUY,1350,25.0700,1122,mode=mm
592.672,115,place,RY,BUY,900,99.9100,-2200,quote
592.672,115,place,RY,SELL,300,99.9400,-2200,quote
592.937,115,fill,AC,BUY,1150,25.0750,2272,mode=mm
592.939,115,place,AC,BUY,700,25.0600,2272,quote
593.517,115,fill,CNR,BUY,700,160.4350,700,mode=mm
593.517,115,fill,RY,BUY,900,99.9250,-1300,mode=mm
593.522,115,place,CNR,BUY,500,160.4200,700,quote
593.522,115,place,RY,BUY,800,99.9100,-1300,quote
593.650,115,regime,RY,,,,,"chop -> mixed (er=0.26, net -13t over 14s)"
593.718,115,fill,CNR,BUY,500,160.4350,1200,mode=mm
593.721,115,place,RY,BUY,800,99.9000,-1300,quote
593.935,115,fill,AC,BUY,283,25.0750,2555,mode=mm
593.936,115,regime,RY,,,,,"mixed -> chop (er=0.21, net -12t over 14s)"
593.937,115,place,AC,BUY,1000,25.0500,2555,quote
593.937,115,place,AC,SELL,3200,25.0700,2555,quote
593.937,115,place,RY,SELL,400,100.0000,-1300,quote
594.017,115,place,RY,SELL,400,99.9900,-1300,quote
594.180,115,fill,AC,SELL,2783,25.0700,-228,mode=mm
594.199,115,place,RY,BUY,1400,99.8900,-1300,quote
594.199,115,place,RY,SELL,800,99.9500,-1300,quote
594.199,115,place,AC,BUY,1500,25.0600,-228,quote
594.439,115,fill,AC,BUY,1500,25.0650,1272,mode=mm
594.442,115,place,RY,BUY,1400,99.9000,-1300,quote
594.442,115,place,AC,BUY,1600,25.0500,1272,quote
594.442,115,place,AC,SELL,2800,25.0600,1272,quote
594.679,115,fill,AC,BUY,1600,25.0600,2872,mode=mm
594.681,115,place,AC,BUY,900,25.0300,2872,quote
594.681,115,place,AC,SELL,3200,25.0500,2872,quote
594.681,115,place,RY,BUY,800,99.9100,-1300,quote
594.681,115,place,RY,SELL,400,99.9400,-1300,quote
594.883,115,regime,AC,,,,,"mixed -> chop (er=0.14, net +1t over 14s)"
594.972,115,fill,AC,SELL,3200,25.0500,-328,mode=mm
595.439,115,place,CNR,BUY,500,160.4200,1200,quote
595.439,115,place,AC,BUY,2500,25.0400,-328,quote
595.727,115,fill,RY,SELL,400,99.9250,-1700,mode=mm
595.727,115,place,RY,SELL,400,99.9400,-1700,quote
595.984,115,fill,RY,SELL,400,99.9250,-2100,mode=mm
595.984,115,fill,AC,BUY,2500,25.0450,2172,mode=mm
595.985,115,place,RY,SELL,600,99.9600,-2100,quote
595.985,115,place,AC,BUY,1200,25.0400,2172,quote
596.210,115,place,AC,SELL,3100,25.0500,2172,quote
596.309,115,fill,CNR,BUY,500,160.4350,1700,mode=mm
596.309,115,fill,RY,SELL,600,99.9350,-2700,mode=mm
596.310,115,place,CNR,BUY,400,160.4000,1700,quote
596.310,115,place,RY,BUY,900,99.9200,-2700,quote
596.433,115,fill,AC,SELL,3100,25.0450,-928,mode=mm
596.437,115,place,CNR,SELL,800,160.4300,1700,quote
596.488,115,place,AC,BUY,2700,25.0600,-928,quote
596.488,115,place,AC,SELL,1000,25.0800,-928,quote
596.800,116,fill,CNR,BUY,400,160.4150,2100,mode=mm
596.800,116,fill,AC,BUY,1700,25.0650,772,mode=mm
596.802,116,place,CNR,BUY,300,160.3800,2100,quote
596.965,116,regime,AC,,,,,"chop -> mixed (er=0.29, net +4t over 14s)"
597.023,116,place,RY,SELL,500,99.9800,-2700,quote
597.023,116,place,CNR,BUY,300,160.3600,2100,quote
597.023,116,place,CNR,SELL,900,160.4100,2100,quote
597.023,116,place,AC,BUY,1900,25.0700,772,quote
597.148,116,place,CNR,BUY,300,160.3700,2100,quote
597.305,116,place,CNR,BUY,300,160.3400,2100,quote
597.305,116,place,CNR,SELL,900,160.4000,2100,quote
597.305,116,place,RY,BUY,900,99.9300,-2700,quote
597.305,116,place,RY,SELL,300,99.9700,-2700,quote
597.305,116,place,AC,BUY,1100,25.0800,772,quote
597.305,116,place,AC,SELL,1600,25.0900,772,quote
597.538,116,fill,RY,SELL,300,99.9450,-3000,mode=mm
597.540,116,regime,CNR,,,,,"3 stop-outs in 85s -> toxic flow: half size, no stepping inside for 30s"
597.540,116,stop,CNR,SELL,2100,160.3000,2100,loss=6.6t stop=5.0t trend_against=False
597.540,116,stop,RY,BUY,3000,100.1000,-3000,loss=10.7t stop=5.0t trend_against=False
597.547,116,place,CNR,SELL,2100,160.3000,2100,agg
597.547,116,place,RY,BUY,3000,100.1000,-3000,agg
597.877,116,fill,CNR,SELL,1935,160.3650,165,mode=mm
597.879,116,fill,RY,BUY,3000,99.9950,0,mode=mm
597.885,116,place,RY,BUY,200,99.9400,0,quote
597.885,116,place,RY,SELL,1500,102.9400,0,ladder
597.885,116,place,RY,SELL,1500,107.9300,0,ladder
597.885,116,place,RY,SELL,2000,114.9300,0,ladder
598.258,116,place,RY,BUY,700,99.9500,0,quote
598.258,116,place,RY,BUY,100,96.9400,0,ladder
598.620,116,fill,AC,BUY,1100,25.0850,1872,mode=mm
598.622,116,stop,CNR,SELL,165,159.9800,165,loss=37.6t stop=7.3t trend_against=False
598.627,116,place,CNR,SELL,165,159.9800,165,agg
598.627,116,place,RY,BUY,1500,91.9500,0,ladder
598.627,116,place,RY,BUY,700,84.9600,0,ladder
598.684,116,place,RY,BUY,200,99.9600,0,quote
598.845,116,fill,CNR,SELL,165,160.1150,0,mode=mm
598.846,116,place,RY,BUY,1200,99.9700,0,quote
598.846,116,place,AC,BUY,800,25.0800,1872,quote
599.303,116,fill,AC,BUY,800,25.0850,2672,mode=mm
599.305,116,place,RY,BUY,700,99.9800,0,quote
599.305,116,place,AC,BUY,600,25.0700,2672,quote
599.573,116,fill,RY,BUY,700,99.9950,700,mode=mm
599.573,116,fill,AC,BUY,600,25.0850,3272,mode=mm
599.574,116,place,CNR,SELL,700,160.1400,0,quote
599.574,116,place,RY,BUY,500,99.9300,700,quote
599.574,116,place,RY,SELL,700,100.0200,700,quote
599.574,116,place,AC,BUY,500,25.0600,3272,quote
599.574,116,place,AC,SELL,2000,25.0800,3272,quote
599.574,116,place,CNR,BUY,1500,155.5800,0,ladder
599.574,116,place,CNR,SELL,1500,165.2100,0,ladder
599.574,116,place,CNR,BUY,1500,147.5600,0,ladder
599.574,116,place,CNR,SELL,1500,173.2300,0,ladder
599.574,116,place,CNR,BUY,2000,136.3300,0,ladder
599.574,116,place,CNR,SELL,2000,184.4500,0,ladder
599.827,116,place,RY,BUY,900,99.9400,700,quote
599.827,116,place,RY,SELL,700,99.9900,700,quote
599.827,116,place,CNR,SELL,700,160.1300,0,quote
599.867,116,place,RY,SELL,700,99.9700,700,quote
599.867,116,place,AC,BUY,500,25.0500,3272,quote
599.867,116,place,AC,SELL,2000,25.0700,3272,quote
599.986,116,regime,AC,,,,,"mixed -> chop (er=0.18, net +3t over 14s)"
600.013,116,place,RY,BUY,1100,99.9500,700,quote
600.099,116,fill,RY,BUY,2000,99.9650,2700,mode=mm
600.144,116,place,RY,BUY,1000,99.9200,2700,quote
600.144,116,place,RY,SELL,2700,99.9600,2700,quote
600.144,116,place,CNR,SELL,400,160.1200,0,quote
600.334,116,fill,RY,SELL,2700,99.9500,0,mode=mm
600.335,116,fill,AC,SELL,2000,25.0650,1272,mode=mm
600.338,116,place,CNR,SELL,700,160.0900,0,quote
600.338,116,place,AC,BUY,900,25.0600,1272,quote
600.338,116,place,AC,SELL,1000,25.0700,1272,quote
600.429,116,place,CNR,SELL,400,160.0700,0,quote
600.581,116,fill,AC,BUY,900,25.0650,2172,mode=mm
600.587,116,place,RY,BUY,2500,99.9600,0,quote
600.587,116,place,CNR,SELL,700,160.0600,0,quote
601.092,117,fill,AC,SELL,1000,25.0650,1172,mode=mm
601.096,117,place,CNR,SELL,700,160.0500,0,quote
601.096,117,place,RY,SELL,100,99.9700,0,quote
601.096,117,place,AC,BUY,100,25.0600,1172,quote
601.132,117,place,AC,SELL,1600,25.0700,1172,quote
601.354,117,fill,AC,BUY,100,25.0650,1272,mode=mm
601.355,117,place,RY,BUY,2500,99.9700,0,quote
601.355,117,place,RY,SELL,2500,99.9800,0,quote
601.611,117,fill,RY,BUY,2500,99.9700,2500,mode=mm
601.612,117,place,RY,BUY,1000,99.9400,2500,quote
601.612,117,place,RY,SELL,3100,99.9700,2500,quote
601.856,117,fill,AC,SELL,1600,25.0650,-328,mode=mm
601.879,117,place,RY,SELL,1900,99.9600,2500,quote
601.917,117,place,AC,SELL,700,25.0700,-328,quote
602.114,117,place,AC,SELL,1300,25.0700,-328,quote
602.353,117,fill,RY,BUY,1000,99.9550,3500,mode=mm
602.354,117,place,RY,BUY,400,99.9400,3500,quote
602.612,117,fill,AC,SELL,1300,25.0600,-1628,mode=mm
602.621,117,place,AC,BUY,2900,25.0600,-1628,quote
602.621,117,place,AC,SELL,400,25.0700,-1628,quote
602.900,117,fill,AC,BUY,2500,25.0600,872,mode=mm
602.901,117,place,AC,BUY,1800,25.0500,872,quote
602.901,117,place,AC,SELL,2700,25.0600,872,quote
603.136,117,fill,RY,BUY,400,99.9550,3900,mode=mm
603.136,117,fill,AC,SELL,2700,25.0600,-1828,mode=mm
603.139,117,place,RY,BUY,300,99.9200,3900,quote
603.139,117,place,RY,SELL,3500,99.9400,3900,quote
603.384,117,place,AC,SELL,1300,25.0800,-1828,quote
603.404,117,fill,RY,SELL,700,99.9400,3200,mode=mm
603.662,117,fill,RY,SELL,2800,99.9400,400,mode=mm
603.665,117,fill,AC,SELL,1300,25.0650,-3128,mode=mm
603.666,117,place,RY,BUY,2100,99.9400,400,quote
603.666,117,place,AC,BUY,3300,25.0700,-3128,quote
603.914,117,fill,AC,BUY,3300,25.0700,172,mode=mm
604.245,117,regime,AC,,,,,"chop -> mixed (er=0.27, net +4t over 14s)"
604.405,117,place,RY,BUY,2100,99.9600,400,quote
604.405,117,place,RY,SELL,2600,99.9800,400,quote
604.405,117,place,AC,BUY,400,25.0800,172,quote
604.405,117,place,AC,SELL,1500,25.0900,172,quote
604.752,117,place,CNR,SELL,700,160.0300,0,quote
604.752,117,place,RY,SELL,1500,99.9700,400,quote
604.752,117,place,AC,BUY,800,25.0800,172,quote
604.962,118,fill,AC,SELL,1500,25.0850,-1328,mode=mm
604.964,118,place,AC,SELL,900,25.0900,-1328,quote
605.181,118,fill,AC,BUY,770,25.0850,-558,mode=mm
605.185,118,place,AC,BUY,1500,25.0800,-558,quote
605.346,118,regime,AC,,,,,"mixed -> chop (er=0.24, net +4t over 14s)"
605.440,118,fill,RY,SELL,1500,99.9650,-1100,mode=mm
605.440,118,fill,AC,BUY,30,25.0850,-528,mode=mm
605.505,118,place,RY,BUY,2800,99.9700,-1100,quote
605.505,118,place,RY,SELL,1000,99.9900,-1100,quote
605.702,118,fill,AC,BUY,1500,25.0850,972,mode=mm
605.956,118,fill,AC,SELL,900,25.0850,72,mode=mm
605.957,118,place,AC,BUY,2400,25.0700,72,quote
605.957,118,place,AC,SELL,2500,25.0800,72,quote
605.957,118,place,RY,SELL,600,99.9800,-1100,quote
606.218,118,fill,RY,SELL,600,99.9750,-1700,mode=mm
606.218,118,fill,AC,SELL,100,25.0800,-28,mode=mm
606.241,118,place,RY,BUY,2900,99.9800,-1700,quote
606.241,118,place,RY,SELL,1400,99.9900,-1700,quote
606.483,118,fill,RY,BUY,2900,99.9800,1200,mode=mm
606.485,118,place,AC,BUY,1500,25.0600,-28,quote
606.485,118,place,RY,BUY,600,99.9300,1200,quote
606.728,118,fill,RY,BUY,600,99.9550,1800,mode=mm
606.728,118,fill,AC,BUY,1500,25.0650,1472,mode=mm
606.729,118,place,RY,SELL,3000,99.9700,1800,quote
606.729,118,place,AC,BUY,1500,25.0400,1472,quote
606.729,118,place,AC,SELL,2900,25.0600,1472,quote
606.972,118,fill,AC,SELL,2070,25.0550,-598,mode=mm
606.975,118,place,RY,BUY,700,99.9500,1800,quote
606.975,118,place,RY,SELL,3000,99.9600,1800,quote
606.975,118,place,AC,BUY,1500,25.0500,-598,quote
607.242,118,fill,RY,BUY,700,99.9600,2500,mode=mm
607.245,118,fill,AC,BUY,670,25.0500,72,mode=mm
607.502,118,place,AC,SELL,1500,25.0400,72,quote
607.502,118,place,RY,BUY,600,99.9400,2500,quote
607.754,118,fill,RY,SELL,3000,99.9550,-500,mode=mm
607.754,118,fill,AC,SELL,1500,25.0400,-1428,mode=mm
608.278,118,place,RY,BUY,2600,99.9900,-500,quote
608.278,118,place,RY,SELL,2100,100.0000,-500,quote
608.278,118,place,AC,BUY,1700,25.0400,-1428,quote
608.278,118,place,AC,SELL,900,25.0500,-1428,quote
608.453,118,fill,RY,SELL,2100,99.9900,-2600,mode=mm
608.463,118,fill,AC,SELL,900,25.0700,-2328,mode=mm
608.471,118,stop,AC,BUY,2328,25.1400,-2328,loss=5.6t stop=5.0t trend_against=False
608.472,118,place,AC,BUY,2328,25.1400,-2328,agg
608.557,118,place,RY,BUY,3200,100.0100,-2600,quote
608.557,118,place,RY,SELL,100,100.0400,-2600,quote
608.771,118,fill,AC,BUY,2328,25.0650,0,mode=mm
608.774,118,place,AC,BUY,100,25.0600,0,quote
608.774,118,place,RY,BUY,100,100.0300,-2600,quote
608.774,118,place,RY,SELL,600,100.0600,-2600,quote
609.032,119,fill,RY,BUY,100,100.0300,-2500,mode=mm
609.032,119,fill,AC,BUY,100,25.0650,100,mode=mm
609.034,119,place,RY,SELL,1000,100.0700,-2500,quote
609.034,119,place,AC,BUY,400,25.0500,100,quote
609.034,119,place,AC,SELL,100,25.0600,100,quote
609.277,119,fill,AC,BUY,300,25.0600,400,mode=mm
609.279,119,regime,RY,,,,,"3 stop-outs in 85s -> toxic flow: half size, no stepping inside for 30s"
609.279,119,stop,RY,BUY,2500,100.1200,-2500,loss=6.8t stop=5.0t trend_against=False
609.283,119,place,RY,BUY,2500,100.1200,-2500,agg
609.355,119,regime,RY,,,,,"chop -> mixed (er=0.26, net +12t over 14s)"
609.564,119,fill,RY,BUY,2500,100.0450,0,mode=mm
609.567,119,place,RY,BUY,1200,100.0200,0,quote
609.567,119,place,CNR,BUY,700,160.0000,0,quote
609.567,119,place,RY,BUY,1500,96.9800,0,ladder
609.567,119,place,RY,SELL,1500,102.9800,0,ladder
609.567,119,place,RY,BUY,900,91.9800,0,ladder
609.567,119,place,RY,SELL,1500,107.9800,0,ladder
609.567,119,place,RY,SELL,2000,114.9800,0,ladder
609.803,119,place,RY,BUY,700,100.0600,0,quote
609.803,119,place,RY,BUY,1200,84.9900,0,ladder
610.049,119,place,AC,SELL,400,25.0700,400,quote
610.290,119,fill,RY,BUY,700,100.0750,700,mode=mm
610.290,119,fill,AC,SELL,400,25.0650,0,mode=mm
610.293,119,place,AC,BUY,1500,25.0700,0,quote
610.293,119,place,RY,BUY,500,100.0600,700,quote
610.539,119,fill,AC,BUY,1500,25.0700,1500,mode=mm
610.590,119,place,RY,BUY,900,100.0300,700,quote
610.590,119,place,AC,BUY,1500,25.0600,1500,quote
610.660,119,regime,RY,,,,,"mixed -> chop (er=0.24, net +12t over 14s)"
610.928,119,regime,RY,,,,,"chop -> mixed (er=0.25, net +13t over 14s)"
611.030,119,place,RY,BUY,500,100.0500,700,quote
611.058,119,fill,AC,BUY,1000,25.0650,2500,mode=mm
611.061,119,stop,RY,SELL,700,99.9000,700,loss=9.0t stop=6.6t trend_against=False
611.061,119,place,RY,SELL,700,99.9000,700,agg
611.061,119,place,AC,BUY,600,25.0500,2500,quote
611.183,119,regime,RY,,,,,"mixed -> chop (er=0.04, net +3t over 14s)"
611.321,119,fill,RY,SELL,200,99.9700,500,mode=mm
611.595,119,place,AC,SELL,2500,25.0700,2500,quote
611.820,119,fill,AC,SELL,2500,25.0700,0,mode=mm
611.823,119,place,AC,BUY,2500,25.0700,0,quote
611.823,119,place,AC,SELL,2500,25.0900,0,quote
612.086,119,stop,RY,SELL,500,99.9400,500,loss=8.1t stop=6.5t trend_against=False
612.087,119,place,RY,SELL,500,99.9400,500,agg
612.087,119,place,AC,SELL,2500,25.0800,0,quote
612.341,119,fill,RY,SELL,500,99.9850,0,mode=mm
612.343,119,place,AC,BUY,1500,25.0600,0,quote
612.343,119,place,RY,BUY,1500,97.0000,0,ladder
612.343,119,place,RY,SELL,1500,103.0000,0,ladder
612.343,119,place,RY,BUY,1500,92.0000,0,ladder
612.343,119,place,RY,SELL,1500,108.0000,0,ladder
612.343,119,place,RY,BUY,2000,85.0000,0,ladder
612.343,119,place,RY,SELL,2000,115.0000,0,ladder
612.545,120,place,RY,SELL,700,99.9900,0,quote
612.586,120,place,AC,SELL,2500,25.0800,0,quote
612.639,120,fill,AC,BUY,650,25.0700,650,mode=mm
612.666,120,place,AC,BUY,2000,25.0600,650,quote
612.666,120,place,RY,SELL,700,99.9600,0,quote
612.776,120,regime,CNR,,,,,"TREND -> mixed (er=0.76, net -6t over 14s)"
612.873,120,fill,AC,BUY,450,25.0700,1100,mode=mm
613.136,120,place,AC,SELL,900,25.0700,1100,quote
613.351,120,fill,AC,BUY,1100,25.0650,2200,mode=mm
613.353,120,place,RY,SELL,1200,99.9500,0,quote
613.353,120,place,AC,BUY,400,25.0600,2200,quote
613.639,120,place,RY,SELL,100,99.9400,0,quote
613.675,120,place,AC,BUY,700,25.0600,2200,quote
613.871,120,place,RY,SELL,700,99.9300,0,quote
614.426,120,fill,RY,SELL,700,99.9150,-700,mode=mm
614.429,120,place,RY,BUY,700,99.9000,-700,quote
614.429,120,place,RY,SELL,500,99.9300,-700,quote
614.706,120,fill,RY,BUY,700,99.9150,0,mode=mm
614.706,120,fill,AC,BUY,700,25.0700,2900,mode=mm
614.707,120,place,AC,BUY,900,25.0500,2900,quote
614.707,120,place,AC,SELL,3300,25.0700,2900,quote
614.920,120,fill,AC,SELL,3300,25.0700,-400,mode=mm
614.921,120,place,AC,BUY,2600,25.0700,-400,quote
614.921,120,place,AC,SELL,2100,25.0800,-400,quote
615.166,120,fill,AC,BUY,500,25.0700,100,mode=mm
615.168,120,place,AC,BUY,2400,25.0600,100,quote
615.321,120,place,RY,BUY,1200,99.8800,0,quote
615.439,120,place,RY,BUY,700,99.8900,0,quote
615.439,120,place,RY,SELL,700,99.9200,0,quote
615.928,120,fill,RY,BUY,700,99.9050,700,mode=mm
615.932,120,place,RY,BUY,500,99.8900,700,quote
616.499,120,place,AC,BUY,1400,25.0700,100,quote
616.499,120,place,AC,SELL,1500,25.0800,100,quote
616.735,121,place,RY,SELL,1300,99.9300,700,quote
616.967,121,fill,AC,SELL,100,25.0750,0,mode=mm
616.968,121,place,AC,BUY,1500,25.0700,0,quote
616.968,121,place,AC,SELL,1500,25.0800,0,quote
617.221,121,fill,RY,BUY,500,99.9100,1200,mode=mm
617.222,121,place,RY,BUY,800,99.8900,1200,quote
617.464,121,fill,RY,SELL,1300,99.9100,-100,mode=mm
617.467,121,place,RY,SELL,1200,99.9300,-100,quote
617.708,121,fill,RY,BUY,800,99.9100,700,mode=mm
617.712,121,place,RY,BUY,500,99.9000,700,quote
618.000,121,fill,RY,SELL,1200,99.9150,-500,mode=mm
618.002,121,place,RY,SELL,1000,99.9900,-500,quote
618.002,121,place,AC,BUY,1500,25.0700,0,quote
618.002,121,place,AC,SELL,1500,25.0800,0,quote
618.265,121,place,RY,BUY,1300,99.9200,-500,quote
618.265,121,place,RY,SELL,1000,99.9800,-500,quote
618.489,121,place,RY,BUY,1300,99.9300,-500,quote
618.489,121,place,RY,SELL,1000,100.0000,-500,quote
618.762,121,place,RY,BUY,1300,99.9500,-500,quote
618.900,121,regime,CNR,,,,,"mixed -> chop (er=0.00, net +0t over 14s)"
619.007,121,place,RY,BUY,700,99.9600,-500,quote
619.007,121,place,AC,BUY,1500,25.0700,0,quote
619.007,121,place,AC,SELL,1500,25.0800,0,quote
619.266,121,fill,AC,BUY,1500,25.0750,1500,mode=mm
619.269,121,place,RY,BUY,700,99.9800,-500,quote
619.269,121,place,RY,SELL,600,100.0300,-500,quote
619.353,121,place,RY,SELL,600,100.0200,-500,quote
619.538,121,fill,RY,BUY,700,99.9950,200,mode=mm
619.538,121,fill,AC,SELL,1400,25.0750,100,mode=mm
619.541,121,place,AC,SELL,1500,25.0800,100,quote
619.801,121,fill,RY,BUY,700,99.9950,900,mode=mm
619.801,121,fill,AC,SELL,100,25.0750,0,mode=mm
619.804,121,place,RY,BUY,500,99.9800,900,quote
619.988,121,place,RY,SELL,800,100.0100,900,quote
620.325,121,fill,RY,BUY,500,99.9950,1400,mode=mm
620.325,121,fill,AC,SELL,1500,25.0750,-1500,mode=mm
620.328,121,place,RY,BUY,700,99.9400,1400,quote
620.328,121,place,AC,SELL,900,25.0800,-1500,quote
620.458,121,place,RY,BUY,400,99.9500,1400,quote
620.458,121,place,RY,SELL,800,99.9800,1400,quote
620.566,121,place,AC,BUY,1700,25.0700,-1500,quote
620.612,121,fill,RY,SELL,800,99.9650,600,mode=mm
620.822,122,place,RY,BUY,1000,99.9400,600,quote
620.875,122,fill,AC,BUY,1700,25.0700,200,mode=mm
620.880,122,place,AC,BUY,1400,25.0600,200,quote
620.880,122,place,AC,SELL,1500,25.0700,200,quote
621.084,122,place,RY,BUY,600,99.9500,600,quote
621.114,122,fill,AC,BUY,1400,25.0650,1600,mode=mm
621.351,122,fill,AC,SELL,1500,25.0650,100,mode=mm
621.353,122,place,AC,BUY,2400,25.0400,100,quote
621.353,122,place,AC,SELL,2500,25.0600,100,quote
621.593,122,fill,AC,SELL,2500,25.0550,-2400,mode=mm
621.594,122,place,AC,BUY,1900,25.0500,-2400,quote
621.594,122,place,AC,SELL,600,25.0700,-2400,quote
622.002,122,place,RY,SELL,800,99.9800,600,quote
622.110,122,fill,RY,BUY,600,99.9650,1200,mode=mm
622.110,122,fill,AC,BUY,1900,25.0550,-500,mode=mm
622.111,122,place,RY,BUY,800,99.9400,1200,quote
622.111,122,place,AC,BUY,1500,25.0500,-500,quote
622.629,122,fill,AC,BUY,1500,25.0550,1000,mode=mm
622.901,122,place,RY,BUY,800,99.9100,1200,quote
622.901,122,place,AC,BUY,1000,25.0500,1000,quote
622.901,122,place,AC,SELL,1600,25.0600,1000,quote
623.155,122,fill,AC,SELL,1600,25.0550,-600,mode=mm
623.157,122,place,RY,BUY,800,99.9200,1200,quote
623.429,122,fill,AC,BUY,1000,25.0550,400,mode=mm
623.432,122,place,RY,BUY,800,99.9300,1200,quote
623.432,122,place,RY,SELL,1400,99.9700,1200,quote
623.432,122,place,AC,BUY,1300,25.0500,400,quote
623.696,122,fill,RY,BUY,800,99.9500,2000,mode=mm
623.696,122,place,RY,BUY,600,99.9100,2000,quote
623.903,122,regime,RY,,,,,"chop -> mixed (er=0.31, net -13t over 14s)"
623.932,122,fill,RY,BUY,600,99.9400,2600,mode=mm
623.932,122,fill,AC,BUY,1300,25.0550,1700,mode=mm
623.933,122,stop,RY,SELL,2600,99.8300,2600,loss=6.1t stop=5.0t trend_against=False
623.937,122,place,RY,SELL,2600,99.8300,2600,agg
623.937,122,place,AC,BUY,1400,25.0600,1700,quote
623.937,122,place,AC,SELL,2900,25.0800,1700,quote
624.205,122,fill,RY,SELL,2600,99.9150,0,mode=mm
624.206,122,fill,AC,BUY,1400,25.0700,3100,mode=mm
624.208,122,place,AC,BUY,800,25.0500,3100,quote
624.208,122,place,AC,SELL,3300,25.0700,3100,quote
624.208,122,place,RY,SELL,100,99.9500,0,quote
624.208,122,place,RY,BUY,1500,96.9500,0,ladder
624.208,122,place,RY,BUY,300,91.9600,0,ladder
624.208,122,place,RY,BUY,100,84.9600,0,ladder
624.428,122,place,RY,SELL,900,102.9500,0,ladder
624.428,122,place,RY,SELL,100,107.9500,0,ladder
624.463,122,fill,AC,SELL,3300,25.0700,-200,mode=mm
624.729,122,fill,RY,SELL,100,99.9350,-100,mode=mm
624.750,122,stop,RY,BUY,100,100.0600,-100,loss=5.5t stop=5.0t trend_against=False
624.751,122,place,RY,BUY,100,100.0600,-100,agg
624.953,123,regime,RY,,,,,"mixed -> chop (er=0.12, net -6t over 14s)"
624.974,123,fill,RY,BUY,100,100.0050,0,mode=mm
625.208,123,place,AC,BUY,2500,25.0700,-200,quote
625.208,123,place,AC,SELL,2300,25.0800,-200,quote
625.208,123,place,RY,BUY,1500,96.9600,0,ladder
625.208,123,place,RY,SELL,1500,102.9600,0,ladder
625.208,123,place,RY,BUY,1500,91.9600,0,ladder
625.208,123,place,RY,SELL,1500,107.9500,0,ladder
625.208,123,place,RY,BUY,700,84.9600,0,ladder
625.208,123,place,RY,SELL,400,114.9500,0,ladder
625.485,123,fill,AC,BUY,1650,25.0700,1450,mode=mm
625.741,123,fill,AC,SELL,1450,25.0750,0,mode=mm
625.744,123,place,AC,SELL,1500,25.0800,0,quote
626.041,123,fill,AC,SELL,1500,25.0750,-1500,mode=mm
626.761,123,place,AC,BUY,1700,25.0700,-1500,quote
627.177,123,place,RY,BUY,700,99.9500,0,quote
627.267,123,place,RY,BUY,1200,99.9300,0,quote
627.292,123,place,AC,SELL,900,25.0800,-1500,quote
627.537,123,fill,AC,BUY,800,25.0750,-700,mode=mm
627.538,123,place,AC,BUY,2600,25.0700,-700,quote
627.563,123,place,CNR,BUY,1500,160.0100,0,quote
627.563,123,place,CNR,SELL,1500,160.0200,0,quote
627.808,123,place,AC,BUY,2600,25.0800,-700,quote
627.808,123,place,AC,SELL,1900,25.0900,-700,quote
627.967,123,place,RY,SELL,1200,99.9700,0,quote
628.048,123,fill,AC,SELL,150,25.0800,-850,mode=mm
628.049,123,place,RY,BUY,700,99.9400,0,quote
628.302,123,fill,AC,BUY,850,25.0850,0,mode=mm
628.305,123,place,AC,BUY,2500,25.0900,0,quote
628.305,123,place,AC,SELL,2500,25.1000,0,quote
628.407,123,regime,AC,,,,,"chop -> mixed (er=0.29, net +2t over 14s)"
628.468,123,fill,RY,SELL,1200,99.9550,-1200,mode=mm
628.469,123,fill,AC,BUY,2500,25.0900,2500,mode=mm
628.596,124,place,RY,BUY,1400,99.9500,-1200,quote
628.830,124,place,RY,BUY,400,99.9600,-1200,quote
628.830,124,place,RY,SELL,500,99.9900,-1200,quote
628.830,124,place,AC,BUY,100,25.0800,2500,quote
629.086,124,place,AC,BUY,600,25.0800,2500,quote
629.842,124,fill,RY,SELL,500,99.9750,-1700,mode=mm
629.852,124,place,RY,BUY,1400,99.9600,-1700,quote
629.852,124,place,RY,SELL,700,100.0000,-1700,quote
630.089,124,fill,AC,BUY,600,25.0950,3100,mode=mm
630.092,124,place,AC,BUY,800,25.0700,3100,quote
630.092,124,place,AC,SELL,3300,25.0900,3100,quote
630.092,124,place,RY,BUY,800,99.9700,-1700,quote
630.251,124,regime,AC,,,,,"mixed -> chop (er=0.20, net +2t over 14s)"
630.332,124,fill,AC,BUY,800,25.0900,3900,mode=mm
630.592,124,fill,RY,BUY,800,99.9850,-900,mode=mm
630.593,124,fill,AC,SELL,1200,25.0850,2700,mode=mm
630.594,124,place,RY,BUY,1300,99.9500,-900,quote
630.594,124,place,AC,BUY,1000,25.0500,2700,quote
630.594,124,place,AC,SELL,3200,25.0800,2700,quote
630.864,124,fill,RY,BUY,1300,99.9750,400,mode=mm
630.865,124,fill,AC,SELL,3200,25.0750,-500,mode=mm
631.329,124,place,RY,BUY,1000,99.9400,400,quote
631.329,124,place,RY,SELL,1300,99.9800,400,quote
631.389,124,place,AC,BUY,2600,25.0600,-500,quote
631.389,124,place,AC,SELL,2100,25.0700,-500,quote
631.649,124,fill,AC,BUY,500,25.0650,0,mode=mm
631.650,124,place,RY,SELL,700,99.9700,400,quote
631.883,124,fill,RY,SELL,700,99.9550,-300,mode=mm
631.885,124,place,RY,SELL,1100,100.0000,-300,quote
632.144,124,place,RY,BUY,1200,99.9500,-300,quote
632.144,124,place,RY,SELL,1100,99.9900,-300,quote
632.470,124,place,RY,BUY,700,99.9600,-300,quote
632.904,125,place,AC,BUY,2500,25.0600,0,quote
632.904,125,place,AC,SELL,2500,25.0700,0,quote
633.448,125,fill,AC,BUY,2500,25.0650,2500,mode=mm
633.450,125,place,AC,BUY,1000,25.0500,2500,quote
633.958,125,fill,RY,BUY,700,99.9750,400,mode=mm
633.958,125,fill,AC,SELL,2500,25.0650,0,mode=mm
633.959,125,place,RY,BUY,1000,99.9300,400,quote
633.959,125,place,AC,BUY,2500,25.0600,0,quote
633.959,125,place,AC,SELL,2500,25.0700,0,quote
634.206,125,place,RY,BUY,1000,99.9400,400,quote
634.206,125,place,RY,SELL,1300,99.9800,400,quote
634.479,125,fill,RY,BUY,1000,99.9600,1400,mode=mm
634.480,125,fill,AC,BUY,1000,25.0650,1000,mode=mm
634.484,125,place,RY,BUY,700,99.9100,1400,quote
634.741,125,fill,AC,SELL,1000,25.0650,0,mode=mm
634.742,125,place,RY,BUY,400,99.8800,1400,quote
634.742,125,place,RY,SELL,800,99.9300,1400,quote
634.742,125,place,AC,BUY,2500,25.0600,0,quote
634.742,125,place,AC,SELL,2500,25.0700,0,quote
634.809,125,place,RY,BUY,200,99.8900,1400,quote
635.239,125,place,RY,SELL,800,99.9200,1400,quote
635.503,125,fill,AC,BUY,2500,25.0650,2500,mode=mm
635.507,125,place,RY,BUY,700,99.8700,1400,quote
635.507,125,place,AC,BUY,1000,25.0500,2500,quote
635.746,125,fill,AC,SELL,2500,25.0650,0,mode=mm
635.748,125,stop,RY,SELL,1400,99.8500,1400,loss=5.6t stop=5.0t trend_against=False
635.750,125,place,RY,SELL,1400,99.8500,1400,agg
635.750,125,place,AC,BUY,2500,25.0600,0,quote
635.750,125,place,AC,SELL,2500,25.0700,0,quote
636.029,125,fill,RY,SELL,1400,99.8950,0,mode=mm
636.032,125,place,RY,SELL,700,99.9100,0,quote
636.032,125,place,RY,BUY,1500,96.9500,0,ladder
636.032,125,place,RY,SELL,1500,102.9500,0,ladder
636.032,125,place,RY,BUY,1500,91.9500,0,ladder
636.032,125,place,RY,SELL,1500,107.9500,0,ladder
636.032,125,place,RY,BUY,1200,84.9600,0,ladder
636.032,125,place,RY,SELL,400,114.9400,0,ladder
636.265,125,fill,AC,SELL,2500,25.0650,-2500,mode=mm
636.526,125,fill,AC,BUY,400,25.0650,-2100,mode=mm
636.753,126,place,AC,SELL,1200,25.0700,-2100,quote
636.821,126,fill,AC,BUY,2100,25.0650,0,mode=mm
636.824,126,place,AC,BUY,2500,25.0600,0,quote
637.288,126,fill,AC,SELL,1200,25.0650,-1200,mode=mm
637.290,126,place,AC,SELL,1600,25.0700,-1200,quote
637.539,126,fill,AC,BUY,2500,25.0650,1300,mode=mm
637.540,126,place,AC,BUY,1600,25.0600,1300,quote
638.053,126,fill,AC,SELL,1600,25.0650,-300,mode=mm
638.055,126,place,AC,SELL,2200,25.0700,-300,quote
638.308,126,fill,RY,SELL,700,99.8950,-700,mode=mm
638.308,126,fill,AC,BUY,1600,25.0650,1300,mode=mm
638.310,126,place,RY,BUY,700,99.8800,-700,quote
638.310,126,place,RY,SELL,900,99.9600,-700,quote
638.310,126,place,AC,BUY,1600,25.0600,1300,quote
638.565,126,fill,RY,SELL,900,99.9200,-1600,mode=mm
638.568,126,place,RY,BUY,1400,99.9100,-1600,quote
638.767,126,place,RY,SELL,700,99.9500,-1600,quote
638.829,126,fill,AC,SELL,2200,25.0650,-900,mode=mm
638.839,126,place,RY,BUY,800,99.9200,-1600,quote
638.839,126,place,AC,SELL,1800,25.0700,-900,quote
639.088,126,fill,AC,BUY,1600,25.0650,700,mode=mm
639.089,126,place,RY,BUY,800,99.9300,-1600,quote
639.089,126,place,RY,SELL,400,99.9700,-1600,quote
639.089,126,place,AC,BUY,1900,25.0600,700,quote
639.282,126,place,RY,BUY,2900,99.9400,-1600,quote
639.282,126,place,RY,SELL,1400,99.9500,-1600,quote
639.383,126,fill,AC,BUY,1900,25.0650,2600,mode=mm
639.386,126,place,RY,BUY,1000,99.9500,-1600,quote
639.386,126,place,RY,SELL,1400,99.9800,-1600,quote
639.386,126,place,AC,BUY,300,25.0400,2600,quote
639.386,126,place,AC,SELL,3200,25.0600,2600,quote
639.494,126,place,RY,SELL,400,99.9700,-1600,quote
639.537,126,regime,AC,,,,,"chop -> mixed (er=0.27, net -1t over 14s)"
639.598,126,fill,RY,SELL,200,99.9550,-1800,mode=mm
640.093,126,place,RY,BUY,3000,99.9900,-1800,quote
640.093,126,place,RY,SELL,1300,100.0200,-1800,quote
640.093,126,place,AC,BUY,100,25.0300,2600,quote
640.093,126,place,AC,SELL,1900,25.0500,2600,quote
640.392,126,fill,RY,BUY,1700,99.9950,-100,mode=mm
640.394,126,place,RY,SELL,2400,99.9900,-100,quote
640.612,126,fill,AC,SELL,1900,25.0450,700,mode=mm
640.632,126,place,RY,BUY,2500,99.9800,-100,quote
640.632,126,place,AC,BUY,1100,25.0400,700,quote
640.632,126,place,AC,SELL,1600,25.0500,700,quote
640.870,127,fill,RY,BUY,2500,99.9850,2400,mode=mm
640.873,127,fill,AC,BUY,1100,25.0450,1800,mode=mm
640.878,127,regime,RY,,,,,"3 stop-outs in 85s -> toxic flow: half size, no stepping inside for 30s"
640.878,127,stop,RY,SELL,2400,99.8800,2400,loss=6.0t stop=5.0t trend_against=False
640.887,127,place,RY,SELL,2400,99.8800,2400,agg
641.138,127,fill,RY,SELL,2400,99.9500,0,mode=mm
641.142,127,place,RY,SELL,1200,99.9800,0,quote
641.142,127,place,RY,BUY,1500,96.9500,0,ladder
641.142,127,place,RY,SELL,900,102.9400,0,ladder
641.142,127,place,RY,BUY,500,91.9500,0,ladder
641.142,127,place,RY,SELL,100,107.9400,0,ladder
641.142,127,place,RY,BUY,100,84.9500,0,ladder
641.142,127,place,RY,SELL,100,114.9400,0,ladder
641.408,127,fill,AC,SELL,1600,25.0450,200,mode=mm
641.410,127,place,AC,BUY,1300,25.0200,200,quote
641.410,127,place,AC,SELL,1500,25.0400,200,quote
641.410,127,place,RY,SELL,100,99.9400,0,quote
641.675,127,place,AC,SELL,1500,25.0300,200,quote
641.675,127,place,RY,SELL,400,99.9400,0,quote
642.162,127,fill,AC,SELL,1500,25.0250,-1300,mode=mm
642.164,127,place,AC,SELL,900,25.0300,-1300,quote
642.405,127,fill,AC,BUY,400,25.0250,-900,mode=mm
642.406,127,place,AC,BUY,2700,25.0300,-900,quote
642.406,127,place,AC,SELL,1800,25.0400,-900,quote
642.672,127,fill,AC,BUY,900,25.0300,0,mode=mm
643.193,127,place,RY,SELL,1200,99.9400,0,quote
643.963,127,place,RY,SELL,1200,99.9300,0,quote
643.963,127,place,AC,BUY,1500,25.0300,0,quote
643.963,127,place,AC,SELL,1500,25.0400,0,quote
644.111,127,place,RY,BUY,1200,99.8900,0,quote
644.226,127,fill,AC,SELL,1500,25.0350,-1500,mode=mm
644.228,127,place,RY,BUY,700,99.8700,0,quote
644.228,127,place,RY,SELL,700,99.9100,0,quote
644.276,127,place,RY,BUY,700,99.8800,0,quote
644.511,127,fill,AC,BUY,1500,25.0350,0,mode=mm
644.514,127,place,RY,BUY,1200,99.8600,0,quote
644.514,127,place,AC,BUY,1500,25.0300,0,quote
644.586,127,place,RY,BUY,1200,99.8700,0,quote
644.729,127,fill,RY,SELL,700,99.8900,-700,mode=mm
644.731,127,place,RY,SELL,900,99.9100,-700,quote
644.989,128,place,AC,BUY,2500,25.0400,0,quote
644.989,128,place,AC,SELL,2500,25.0500,0,quote
645.252,128,fill,AC,BUY,1300,25.0400,1300,mode=mm
645.494,128,place,AC,BUY,1600,25.0500,1300,quote
645.494,128,place,AC,SELL,2800,25.0600,1300,quote
645.660,128,regime,AC,,,,,"mixed -> chop (er=0.07, net -0t over 14s)"
645.762,128,fill,AC,SELL,1200,25.0600,100,mode=mm
645.763,128,place,RY,SELL,500,99.9000,-700,quote
646.516,128,place,AC,BUY,1400,25.0300,100,quote
646.516,128,place,AC,SELL,1500,25.0800,100,quote
646.726,128,regime,RY,,,,,"chop -> mixed (er=0.26, net -9t over 14s)"
646.758,128,place,RY,SELL,900,99.9400,-700,quote
646.758,128,place,AC,BUY,2400,25.0400,100,quote
646.758,128,place,AC,SELL,2500,25.0700,100,quote
646.801,128,fill,RY,SELL,500,99.9050,-1200,mode=mm
646.801,128,fill,AC,SELL,300,25.0550,-200,mode=mm
646.987,128,regime,RY,,,,,"mixed -> chop (er=0.19, net -7t over 14s)"
647.030,128,fill,AC,SELL,2200,25.0550,-2400,mode=mm
647.033,128,place,AC,BUY,3100,25.0500,-2400,quote
647.273,128,fill,AC,BUY,3100,25.0550,700,mode=mm
647.286,128,place,RY,BUY,1400,99.8800,-1200,quote
647.286,128,place,AC,SELL,1600,25.0600,700,quote
647.540,128,fill,AC,SELL,1600,25.0550,-900,mode=mm
647.541,128,place,RY,BUY,1400,99.8900,-1200,quote
647.541,128,place,RY,SELL,800,99.9300,-1200,quote
647.814,128,fill,RY,BUY,1400,99.9100,200,mode=mm
647.817,128,place,AC,BUY,2700,25.0600,-900,quote
647.817,128,place,RY,BUY,100,99.8500,200,quote
647.817,128,place,RY,SELL,700,99.8900,200,quote
648.062,128,fill,RY,SELL,700,99.8750,-500,mode=mm
648.062,128,fill,AC,BUY,2700,25.0600,1800,mode=mm
648.064,128,place,RY,BUY,700,99.8600,-500,quote
648.298,128,place,AC,SELL,3000,25.0700,1800,quote
648.334,128,fill,AC,SELL,3000,25.0700,-1200,mode=mm
648.337,128,place,AC,BUY,2800,25.0800,-1200,quote
648.337,128,place,AC,SELL,500,25.0900,-1200,quote
648.536,128,fill,AC,BUY,2800,25.0800,1600,mode=mm
648.538,129,place,AC,BUY,100,25.0700,1600,quote
648.538,129,place,AC,SELL,1700,25.0800,1600,quote
648.577,129,fill,AC,SELL,1700,25.0800,-100,mode=mm
648.585,129,place,AC,SELL,400,25.0900,-100,quote
648.826,129,place,AC,BUY,1500,25.0700,-100,quote
649.087,129,fill,AC,BUY,1500,25.0750,1400,mode=mm
649.340,129,place,RY,SELL,1000,99.9200,-500,quote
649.604,129,place,RY,BUY,1300,99.8700,-500,quote
649.604,129,place,RY,SELL,1000,99.9300,-500,quote
649.604,129,place,AC,BUY,1500,25.0600,1400,quote
649.814,129,place,AC,SELL,2800,25.0700,1400,quote
649.881,129,fill,AC,BUY,1500,25.0700,2900,mode=mm
649.884,129,place,RY,BUY,200,99.8800,-500,quote
649.884,129,place,RY,SELL,600,99.9100,-500,quote
649.884,129,place,AC,BUY,100,25.0500,2900,quote
650.101,129,fill,RY,BUY,200,99.8950,-300,mode=mm
650.146,129,place,RY,BUY,1200,99.8600,-300,quote
650.349,129,place,AC,BUY,500,25.0500,2900,quote
650.381,129,fill,AC,SELL,2800,25.0650,100,mode=mm
650.386,129,place,AC,SELL,1500,25.0700,100,quote
650.648,129,place,RY,BUY,1200,99.8700,-300,quote
650.900,129,place,RY,BUY,1200,99.8600,-300,quote
651.143,129,fill,AC,SELL,1500,25.0650,-1400,mode=mm
651.146,129,place,AC,BUY,1700,25.0600,-1400,quote
651.146,129,place,AC,SELL,900,25.0700,-1400,quote
651.409,129,fill,AC,BUY,1700,25.0650,300,mode=mm
651.415,129,place,RY,BUY,1200,99.8700,-300,quote
651.669,129,fill,RY,SELL,600,99.8900,-900,mode=mm
651.669,129,place,RY,SELL,900,99.9500,-900,quote
651.924,129,place,AC,BUY,2200,25.0500,300,quote
651.924,129,place,AC,SELL,2500,25.0600,300,quote
651.924,129,place,RY,BUY,800,99.8600,-900,quote
652.199,129,fill,AC,SELL,300,25.0600,0,mode=mm
652.201,129,place,RY,BUY,1300,99.8700,-900,quote
652.201,129,place,RY,SELL,900,99.9400,-900,quote
652.442,129,place,RY,BUY,1300,99.8800,-900,quote
652.442,129,place,RY,SELL,900,99.9300,-900,quote
652.442,129,place,AC,BUY,2500,25.0400,0,quote
652.442,129,place,AC,SELL,2500,25.0500,0,quote
652.504,129,fill,AC,BUY,2500,25.0400,2500,mode=mm
652.514,129,place,AC,BUY,600,25.0200,2500,quote
652.514,129,place,AC,SELL,3100,25.0400,2500,quote
652.720,130,fill,AC,SELL,3100,25.0400,-600,mode=mm
652.721,130,place,RY,BUY,1300,99.8900,-900,quote
652.721,130,place,AC,BUY,1600,25.0300,-600,quote
653.222,130,fill,AC,BUY,1600,25.0350,1000,mode=mm
653.225,130,place,RY,BUY,800,99.9000,-900,quote
653.225,130,place,AC,BUY,300,25.0300,1000,quote
653.477,130,fill,RY,BUY,800,99.9150,-100,mode=mm
653.477,130,fill,AC,BUY,300,25.0350,1300,mode=mm
653.518,130,place,RY,BUY,700,99.8900,-100,quote
653.729,130,fill,RY,SELL,900,99.9100,-1000,mode=mm
653.729,130,place,RY,SELL,800,99.9300,-1000,quote
653.987,130,place,AC,BUY,1600,25.0200,1300,quote
653.987,130,place,AC,SELL,2800,25.0300,1300,quote
654.247,130,fill,AC,SELL,2800,25.0300,-1500,mode=mm
654.251,130,place,AC,SELL,1500,25.0400,-1500,quote
654.427,130,regime,RY,,,,,"chop -> mixed (er=0.29, net -9t over 14s)"
654.741,130,fill,AC,SELL,1500,25.0350,-3000,mode=mm
654.743,130,place,AC,SELL,500,25.0500,-3000,quote
654.791,130,place,RY,BUY,800,99.9000,-1000,quote
654.791,130,place,AC,BUY,2000,25.0300,-3000,quote
654.943,130,regime,RY,,,,,"mixed -> chop (er=0.14, net -4t over 14s)"
655.011,130,place,RY,SELL,800,99.9400,-1000,quote
655.521,130,fill,AC,BUY,2000,25.0350,-1000,mode=mm
655.523,130,place,RY,BUY,1300,99.8900,-1000,quote
655.523,130,place,AC,BUY,1600,25.0300,-1000,quote
655.523,130,place,AC,SELL,1000,25.0400,-1000,quote
655.771,130,fill,AC,SELL,1000,25.0350,-2000,mode=mm
655.774,130,place,RY,SELL,800,99.9300,-1000,quote
655.774,130,place,AC,BUY,3000,25.0400,-2000,quote
655.774,130,place,AC,SELL,1200,25.0500,-2000,quote
656.049,130,fill,RY,BUY,1300,99.9100,300,mode=mm
656.051,130,fill,AC,BUY,1800,25.0400,-200,mode=mm
656.055,130,place,RY,BUY,1100,99.8600,300,quote
656.055,130,place,AC,BUY,2500,25.0500,-200,quote
656.055,130,place,AC,SELL,2300,25.0600,-200,quote
656.292,130,fill,AC,BUY,715,25.0500,515,mode=mm
656.294,130,place,RY,BUY,1100,99.8700,300,quote
656.294,130,place,RY,SELL,1200,99.9200,300,quote
656.385,130,place,AC,SELL,2600,25.0600,515,quote
656.523,130,fill,AC,SELL,2915,25.0600,-2400,mode=mm
656.594,130,place,RY,SELL,1200,99.9000,300,quote
656.801,131,fill,AC,SELL,200,25.0550,-2600,mode=mm
656.846,131,place,AC,BUY,3200,25.0600,-2600,quote
656.846,131,place,AC,SELL,1000,25.0900,-2600,quote
656.846,131,place,RY,BUY,100,99.8600,300,quote
656.846,131,place,RY,SELL,700,99.8900,300,quote
657.066,131,fill,AC,BUY,2200,25.0650,-400,mode=mm
657.068,131,place,RY,BUY,600,99.8600,300,quote
657.068,131,place,AC,SELL,1300,25.0700,-400,quote
657.363,131,fill,AC,SELL,300,25.0650,-700,mode=mm
657.367,131,place,AC,BUY,2600,25.0700,-700,quote
657.367,131,place,AC,SELL,1100,25.0900,-700,quote
657.552,131,fill,RY,SELL,700,99.8750,-400,mode=mm
657.553,131,place,RY,SELL,1000,99.9000,-400,quote
657.553,131,place,AC,SELL,1100,25.0800,-700,quote
657.826,131,place,RY,BUY,700,99.8700,-400,quote
658.084,131,fill,RY,SELL,1000,99.8850,-1400,mode=mm
658.086,131,fill,AC,BUY,1500,25.0750,800,mode=mm
658.088,131,place,RY,SELL,400,99.9300,-1400,quote
658.088,131,place,AC,SELL,1600,25.0800,800,quote
658.312,131,place,AC,BUY,1100,25.0700,800,quote
658.350,131,fill,AC,SELL,1200,25.0750,-400,mode=mm
658.351,131,place,RY,BUY,800,99.8900,-1400,quote
658.351,131,place,RY,SELL,400,99.9200,-1400,quote
658.351,131,place,AC,SELL,1300,25.0800,-400,quote
658.585,131,fill,RY,BUY,800,99.9050,-600,mode=mm
658.585,131,fill,AC,SELL,300,25.0750,-700,mode=mm
658.589,131,place,RY,BUY,1300,99.8700,-600,quote
658.589,131,place,RY,SELL,1000,99.9300,-600,quote
658.863,131,fill,AC,SELL,37,25.0750,-737,mode=mm
658.865,131,place,RY,SELL,600,99.9200,-600,quote
658.865,131,place,AC,BUY,1600,25.0700,-737,quote
658.865,131,place,AC,SELL,1100,25.0800,-737,quote
659.118,131,fill,AC,SELL,1100,25.0750,-1837,mode=mm
659.372,131,fill,AC,BUY,1600,25.0750,-237,mode=mm
659.373,131,place,AC,BUY,2500,25.0800,-237,quote
659.373,131,place,AC,SELL,2300,25.1000,-237,quote
659.633,131,fill,AC,BUY,2500,25.0850,2263,mode=mm
659.634,131,place,AC,BUY,700,25.0700,2263,quote
659.634,131,place,AC,SELL,1800,25.0900,2263,quote
659.878,131,fill,AC,SELL,1000,25.0850,1263,mode=mm
659.878,131,place,RY,BUY,800,99.8900,-600,quote
660.150,131,fill,AC,SELL,800,25.0850,463,mode=mm
660.151,131,place,AC,SELL,1500,25.0900,463,quote
660.411,131,fill,AC,SELL,300,25.0850,163,mode=mm
660.529,131,fill,AC,SELL,1200,25.0850,-1037,mode=mm
660.531,131,place,AC,SELL,1000,25.0900,-1037,quote
660.890,132,place,AC,BUY,1600,25.0800,-1037,quote
660.972,132,fill,CNR,BUY,1500,160.0150,1500,mode=mm
660.976,132,fill,AC,SELL,1000,25.0850,-2037,mode=mm
660.979,132,place,CNR,BUY,1500,160.0100,1500,quote
660.979,132,place,AC,SELL,700,25.0900,-2037,quote
661.506,132,fill,CNR,SELL,1500,160.0150,0,mode=mm
661.507,132,fill,AC,BUY,1600,25.0850,-437,mode=mm
661.509,132,place,CNR,SELL,2500,160.0200,0,quote
661.509,132,place,AC,BUY,1500,25.0800,-437,quote
661.684,132,fill,AC,SELL,700,25.0850,-1137,mode=mm
661.684,132,place,AC,SELL,1000,25.0900,-1137,quote
661.954,132,fill,AC,BUY,1500,25.0850,363,mode=mm
661.957,132,place,AC,BUY,1300,25.0800,363,quote
662.200,132,fill,AC,BUY,1300,25.0850,1663,mode=mm
662.204,132,place,AC,BUY,800,25.0700,1663,quote
662.204,132,place,AC,SELL,1700,25.0800,1663,quote
662.443,132,fill,AC,BUY,800,25.0750,2463,mode=mm
662.445,132,place,AC,BUY,600,25.0600,2463,quote
662.795,132,fill,AC,SELL,1700,25.0750,763,mode=mm
662.798,132,place,AC,SELL,1600,25.0800,763,quote
663.268,132,fill,CNR,BUY,1500,160.0150,1500,mode=mm
663.270,132,place,AC,BUY,1900,25.0600,763,quote
663.270,132,place,AC,SELL,2700,25.0700,763,quote
663.308,132,place,CNR,BUY,1500,160.0100,1500,quote
663.537,132,fill,CNR,SELL,2500,160.0150,-1000,mode=mm
663.543,132,place,CNR,SELL,1700,160.0200,-1000,quote
663.818,132,fill,AC,SELL,800,25.0650,-37,mode=mm
663.819,132,place,AC,BUY,1500,25.0600,-37,quote
663.819,132,place,AC,SELL,1400,25.0700,-37,quote
664.528,132,fill,CNR,BUY,1500,160.0150,500,mode=mm
664.531,132,place,CNR,BUY,2100,160.0100,500,quote
664.791,132,fill,CNR,BUY,1263,160.0150,1763,mode=mm
665.325,133,fill,CNR,BUY,837,160.0150,2600,mode=mm
665.325,133,place,CNR,BUY,1000,160.0000,2600,quote
666.556,133,fill,CNR,SELL,1700,160.0150,900,mode=mm
666.559,133,place,CNR,BUY,1800,160.0100,900,quote
666.559,133,place,CNR,SELL,2700,160.0200,900,quote
666.681,133,regime,AC,,,,,"chop -> mixed (er=0.29, net +2t over 14s)"
666.878,133,fill,CNR,BUY,1800,160.0150,2700,mode=mm
666.879,133,place,CNR,BUY,1000,159.9900,2700,quote
666.879,133,place,CNR,SELL,3200,160.0100,2700,quote
666.957,133,regime,CNR,,,,,"chop -> mixed (er=1.00, net -0t over 14s)"
667.142,133,fill,CNR,SELL,3200,160.0100,-500,mode=mm
667.145,133,place,CNR,SELL,2100,160.0200,-500,quote
667.737,133,regime,CNR,,,,,"mixed -> chop (er=0.00, net +0t over 14s)"
667.999,133,regime,CNR,,,,,"chop -> mixed (er=0.33, net -0t over 14s)"
668.949,134,place,CNR,BUY,2600,159.9900,-500,quote
668.949,134,place,CNR,SELL,2100,160.0000,-500,quote
668.949,134,place,CNR,BUY,1500,155.2100,-500,ladder
668.949,134,place,CNR,SELL,1500,164.8100,-500,ladder
668.949,134,place,CNR,BUY,1500,147.2100,-500,ladder
668.949,134,place,CNR,SELL,1500,172.8100,-500,ladder
668.949,134,place,CNR,BUY,2000,136.0100,-500,ladder
668.949,134,place,CNR,SELL,2000,184.0100,-500,ladder
669.206,134,fill,CNR,BUY,2600,159.9900,2100,mode=mm
669.209,134,place,CNR,BUY,700,159.9800,2100,quote
669.209,134,place,CNR,SELL,1800,159.9900,2100,quote
669.673,134,fill,CNR,SELL,1800,159.9850,300,mode=mm
669.674,134,place,CNR,SELL,1500,159.9900,300,quote
670.460,134,fill,CNR,BUY,700,159.9850,1000,mode=mm
670.460,134,place,CNR,BUY,1700,159.9700,1000,quote
670.460,134,place,CNR,SELL,2700,159.9800,1000,quote
670.517,134,regime,RY,,,,,"chop -> mixed (er=0.27, net +2t over 14s)"
670.517,134,regime,AC,,,,,"mixed -> chop (er=0.20, net +1t over 14s)"
670.700,134,fill,CNR,SELL,1663,159.9800,-663,mode=mm
670.933,134,place,RY,BUY,1600,99.9000,-600,quote
670.933,134,place,RY,SELL,1200,99.9100,-600,quote
671.289,134,regime,AC,,,,,"chop -> mixed (er=0.33, net -1t over 14s)"
672.889,135,regime,RY,,,,,"mixed -> chop (er=0.00, net +0t over 14s)"
672.928,135,fill,AC,BUY,1500,25.0650,1463,mode=mm
672.931,135,place,AC,BUY,900,25.0600,1463,quote
677.446,136,regime,AC,,,,,"mixed -> chop (er=0.00, net +0t over 14s)"
677.824,136,place,CNR,BUY,2600,159.9800,-663,quote
677.824,136,place,CNR,SELL,2000,159.9900,-663,quote
677.824,136,place,CNR,BUY,1500,155.1800,-663,ladder
677.824,136,place,CNR,SELL,1500,164.7800,-663,ladder
677.824,136,place,CNR,BUY,1500,147.1800,-663,ladder
677.824,136,place,CNR,SELL,1500,172.7800,-663,ladder
677.824,136,place,CNR,BUY,2000,135.9800,-663,ladder
677.824,136,place,CNR,SELL,2000,183.9800,-663,ladder
678.353,136,fill,CNR,SELL,615,159.9850,-1278,mode=mm
678.574,136,fill,CNR,SELL,1385,159.9850,-2663,mode=mm
678.575,136,place,CNR,SELL,600,160.0000,-2663,quote
679.323,136,place,CNR,BUY,3200,159.9900,-2663,quote
679.323,136,place,CNR,SELL,1000,160.0100,-2663,quote
679.774,136,regime,CNR,,,,,"mixed -> chop (er=0.25, net -2t over 14s)"
679.876,136,place,CNR,BUY,3200,160.0000,-2663,quote
679.876,136,place,CNR,SELL,1000,160.0200,-2663,quote
680.147,136,fill,CNR,SELL,1000,160.0000,-3663,mode=mm
680.149,136,place,CNR,BUY,3500,160.0100,-3663,quote
680.149,136,place,CNR,SELL,700,160.0300,-3663,quote
680.416,136,fill,CNR,SELL,853,160.0100,-4516,mode=mm
680.418,136,place,CNR,BUY,3700,160.0200,-4516,quote
680.418,136,place,CNR,SELL,500,160.0400,-4516,quote
680.596,136,place,CNR,BUY,700,160.0300,-4516,quote
680.596,136,place,CNR,SELL,500,160.0500,-4516,quote
680.957,136,fill,CNR,SELL,1000,160.0350,-5516,mode=mm
680.958,136,regime,CNR,,,,,"chop -> mixed (er=0.38, net +6t over 14s)"
680.958,136,stop,CNR,BUY,5000,160.1300,-5516,loss=7.2t stop=5.0t trend_against=False
680.964,136,place,CNR,BUY,5000,160.1300,-5516,agg
681.198,137,fill,CNR,BUY,1600,160.0650,-3916,mode=mm
681.215,137,regime,CNR,,,,,"mixed -> TREND (er=0.58, net +12t over 14s)"
682.008,137,regime,CNR,,,,,"3 stop-outs in 85s -> toxic flow: half size, no stepping inside for 30s"
682.008,137,stop,CNR,BUY,3916,160.3500,-3916,loss=16.2t stop=6.2t trend_against=False
682.012,137,place,CNR,BUY,3916,160.3500,-3916,agg
682.279,137,fill,CNR,BUY,3916,160.2450,0,mode=mm
682.281,137,place,CNR,BUY,700,160.2000,0,quote
682.281,137,place,CNR,BUY,1500,155.2500,0,ladder
682.281,137,place,CNR,SELL,1500,164.8500,0,ladder
682.281,137,place,CNR,BUY,1500,147.2400,0,ladder
682.281,137,place,CNR,SELL,1500,172.8500,0,ladder
682.281,137,place,CNR,BUY,2000,136.0400,0,ladder
682.281,137,place,CNR,SELL,2000,184.0500,0,ladder
682.426,137,place,CNR,BUY,700,160.2100,0,quote
682.711,137,place,CNR,BUY,700,160.2200,0,quote
682.989,137,place,CNR,BUY,700,160.2300,0,quote
683.174,137,place,CNR,BUY,700,160.2400,0,quote
683.469,137,place,CNR,BUY,700,160.2500,0,quote
683.715,137,place,CNR,BUY,700,160.2600,0,quote
683.961,137,place,CNR,BUY,700,160.3400,0,quote
685.228,138,place,CNR,BUY,700,160.4500,0,quote
685.228,138,place,CNR,BUY,1500,155.3500,0,ladder
685.228,138,place,CNR,SELL,1500,164.9600,0,ladder
685.228,138,place,CNR,BUY,1500,147.3400,0,ladder
685.228,138,place,CNR,SELL,1500,172.9700,0,ladder
685.228,138,place,CNR,BUY,2000,136.1300,0,ladder
685.228,138,place,CNR,SELL,2000,184.1800,0,ladder
685.485,138,place,CNR,BUY,700,160.4600,0,quote
690.837,139,place,CNR,BUY,700,160.6000,0,quote
690.837,139,place,CNR,BUY,1500,155.3900,0,ladder
690.837,139,place,CNR,SELL,1500,165.0000,0,ladder
690.837,139,place,CNR,BUY,1500,147.3800,0,ladder
690.837,139,place,CNR,SELL,1500,173.0100,0,ladder
690.837,139,place,CNR,BUY,2000,136.1600,0,ladder
690.837,139,place,CNR,SELL,2000,184.2200,0,ladder
691.351,139,place,CNR,BUY,700,160.6100,0,quote
692.368,139,place,CNR,BUY,700,160.6200,0,quote
692.925,140,place,CNR,BUY,700,160.6300,0,quote
693.706,140,place,CNR,BUY,700,160.6600,0,quote
693.996,140,fill,CNR,BUY,555,160.6750,555,mode=mm
693.997,140,place,CNR,BUY,600,160.6400,555,quote
694.212,140,place,CNR,BUY,600,160.6300,555,quote
694.493,140,fill,CNR,BUY,600,160.6900,1155,mode=mm
694.991,140,fill,CNR,BUY,600,160.6900,1755,mode=mm
694.991,140,place,CNR,BUY,400,160.6200,1755,quote
695.188,140,place,CNR,BUY,400,160.6300,1755,quote
695.516,140,fill,CNR,BUY,400,160.6800,2155,mode=mm
695.990,140,place,CNR,BUY,300,160.5100,2155,quote
695.990,140,place,CNR,BUY,1500,155.6900,2155,ladder
695.990,140,place,CNR,SELL,1500,165.3200,2155,ladder
695.990,140,place,CNR,BUY,1500,147.6700,2155,ladder
695.990,140,place,CNR,SELL,1500,173.3500,2155,ladder
695.990,140,place,CNR,BUY,2000,136.4300,2155,ladder
695.990,140,place,CNR,SELL,2000,184.5800,2155,ladder
696.045,140,place,CNR,BUY,300,160.5200,2155,quote
696.228,140,place,CNR,BUY,300,160.5000,2155,quote
696.512,140,fill,CNR,BUY,312,160.5450,2467,mode=mm
696.515,140,stop,CNR,SELL,2467,160.3900,2467,loss=16.3t stop=12.8t trend_against=False
696.517,140,place,CNR,SELL,2467,160.3900,2467,agg
696.852,140,fill,CNR,SELL,2467,160.4850,0,mode=mm
696.854,140,place,CNR,SELL,700,160.4000,0,quote
696.854,140,place,CNR,BUY,1500,155.6900,0,ladder
696.854,140,place,CNR,SELL,1500,165.3200,0,ladder
696.854,140,place,CNR,BUY,1500,147.6600,0,ladder
696.854,140,place,CNR,SELL,1500,173.3400,0,ladder
696.854,140,place,CNR,BUY,2000,136.4300,0,ladder
696.854,140,place,CNR,SELL,1200,184.5800,0,ladder
696.893,140,regime,CNR,,,,,"TREND -> chop (er=0.14, net +11t over 14s)"
697.048,141,place,CNR,SELL,1200,160.3900,0,quote
697.243,141,place,CNR,SELL,700,160.3700,0,quote
697.483,141,place,CNR,SELL,700,160.3600,0,quote
697.769,141,place,CNR,SELL,700,160.3500,0,quote
697.993,141,place,CNR,SELL,700,160.3300,0,quote
698.253,141,place,CNR,SELL,1200,160.3200,0,quote
698.477,141,place,CNR,SELL,1200,160.3000,0,quote
698.781,141,regime,CNR,,,,,"chop -> mixed (er=0.40, net -28t over 14s)"
698.782,141,place,CNR,SELL,1200,160.2400,0,quote
699.042,141,regime,CNR,,,,,"mixed -> TREND (er=0.46, net -36t over 14s)"
699.043,141,place,CNR,SELL,700,160.1700,0,quote
699.299,141,place,CNR,SELL,700,160.1100,0,quote
699.689,141,place,CNR,BUY,700,160.0200,0,quote
699.806,141,place,CNR,SELL,700,160.0900,0,quote
700.114,141,fill,CNR,BUY,700,160.0650,700,mode=mm
700.117,141,place,CNR,BUY,500,159.9500,700,quote
700.117,141,place,CNR,SELL,800,160.0800,700,quote
700.162,141,place,CNR,BUY,500,159.9600,700,quote
700.366,141,place,CNR,SELL,800,160.0700,700,quote
700.553,141,place,CNR,SELL,800,160.0600,700,quote
700.818,141,place,CNR,SELL,800,160.0500,700,quote
701.107,142,place,CNR,BUY,500,159.9700,700,quote
701.152,142,place,CNR,BUY,500,159.9600,700,quote
701.299,142,place,CNR,SELL,800,160.0400,700,quote
701.598,142,place,CNR,BUY,500,159.9500,700,quote
701.816,142,place,CNR,SELL,800,160.0300,700,quote
702.104,142,place,CNR,BUY,500,159.9300,700,quote
702.104,142,place,CNR,SELL,800,160.0200,700,quote
702.364,142,fill,CNR,BUY,500,159.9800,1200,mode=mm
702.367,142,place,CNR,SELL,800,160.0100,1200,quote
702.574,142,place,CNR,SELL,800,160.0000,1200,quote
702.869,142,place,CNR,BUY,500,159.9200,1200,quote
702.869,142,place,CNR,SELL,800,159.9900,1200,quote
703.227,142,place,CNR,BUY,500,159.9300,1200,quote
703.632,142,place,CNR,BUY,500,159.9200,1200,quote
703.939,142,fill,CNR,BUY,500,159.9550,1700,mode=mm
703.942,142,place,CNR,BUY,400,159.9100,1700,quote
704.392,142,place,CNR,BUY,400,159.9000,1700,quote
704.655,142,place,CNR,SELL,800,159.9800,1700,quote
704.926,142,fill,CNR,SELL,59,159.9400,1641,mode=mm
704.927,142,place,CNR,SELL,800,159.9700,1641,quote
705.263,143,place,CNR,BUY,400,159.9000,1641,quote
705.263,143,place,CNR,SELL,800,159.9600,1641,quote
705.452,143,place,CNR,SELL,800,159.9700,1641,quote
705.710,143,fill,CNR,SELL,800,159.9350,841,mode=mm
705.710,143,place,CNR,BUY,500,159.9100,841,quote
705.710,143,place,CNR,SELL,800,159.9800,841,quote
706.250,143,fill,CNR,SELL,800,159.9450,41,mode=mm
706.253,143,place,CNR,SELL,700,160.0100,41,quote
706.595,143,fill,CNR,SELL,700,159.9600,-659,mode=mm
706.599,143,stop,CNR,BUY,659,160.0500,-659,loss=14.0t stop=7.3t trend_against=False
706.600,143,place,CNR,BUY,659,160.0500,-659,agg
706.811,143,fill,CNR,BUY,659,159.9700,0,mode=mm
706.814,143,place,CNR,BUY,1500,155.2400,0,ladder
706.814,143,place,CNR,SELL,1500,164.8400,0,ladder
706.814,143,place,CNR,BUY,1500,147.2400,0,ladder
706.814,143,place,CNR,SELL,1500,172.8400,0,ladder
706.814,143,place,CNR,BUY,2000,136.0300,0,ladder
706.814,143,place,CNR,SELL,2000,184.0500,0,ladder
707.540,143,regime,CNR,,,,,"TREND -> chop (er=0.09, net -12t over 14s)"
707.546,143,place,CNR,BUY,1200,160.5000,0,quote
707.546,143,place,CNR,BUY,1500,155.2500,0,ladder
707.546,143,place,CNR,SELL,1500,164.8500,0,ladder
707.546,143,place,CNR,BUY,1500,147.2500,0,ladder
707.546,143,place,CNR,SELL,1500,172.8600,0,ladder
707.546,143,place,CNR,BUY,2000,136.0400,0,ladder
707.546,143,place,CNR,SELL,2000,184.0600,0,ladder
707.793,143,place,CNR,BUY,1200,160.5100,0,quote
708.293,143,place,CNR,BUY,700,160.7300,0,quote
708.293,143,place,CNR,BUY,1500,155.3000,0,ladder
708.293,143,place,CNR,SELL,1500,164.9100,0,ladder
708.293,143,place,CNR,BUY,1500,147.2900,0,ladder
708.293,143,place,CNR,SELL,1500,172.9100,0,ladder
708.293,143,place,CNR,BUY,700,136.0900,0,ladder
708.293,143,place,CNR,SELL,2000,184.1200,0,ladder
709.677,144,place,CNR,SELL,700,160.7700,0,quote
709.756,144,place,CNR,SELL,1200,160.7800,0,quote
710.055,144,place,CNR,BUY,700,160.7400,0,quote
710.433,144,place,CNR,SELL,700,160.7700,0,quote
710.907,144,regime,CNR,,,,,"chop -> mixed (er=0.30, net +38t over 14s)"
711.217,144,place,CNR,SELL,700,160.7700,0,quote
712.730,144,regime,CNR,,,,,"mixed -> TREND (er=0.48, net +53t over 14s)"
712.911,144,fill,CNR,BUY,700,160.7550,700,mode=mm
712.911,144,place,CNR,BUY,500,160.7300,700,quote
713.080,145,place,CNR,BUY,500,160.7400,700,quote
713.412,145,fill,CNR,BUY,500,160.7550,1200,mode=mm
713.412,145,place,CNR,BUY,500,160.7300,1200,quote
713.587,145,place,CNR,BUY,500,160.7100,1200,quote
714.425,145,fill,CNR,BUY,500,160.7400,1700,mode=mm
714.425,145,regime,CNR,,,,,"3 stop-outs in 85s -> toxic flow: half size, no stepping inside for 30s"
714.425,145,stop,CNR,SELL,1700,160.4900,1700,loss=20.1t stop=13.9t trend_against=False
714.433,145,place,CNR,SELL,1700,160.4900,1700,agg
714.688,145,fill,CNR,SELL,254,160.5900,1446,mode=mm
714.942,145,fill,CNR,SELL,1446,160.3600,0,mode=mm
714.944,145,fill,RY,BUY,200,99.9050,-400,mode=mm
715.156,145,regime,CNR,,,,,"TREND -> chop (er=0.05, net -8t over 14s)"
715.157,145,place,CNR,SELL,700,159.9900,0,quote
715.157,145,place,CNR,BUY,1500,155.7600,0,ladder
715.157,145,place,CNR,SELL,1500,165.4000,0,ladder
715.157,145,place,CNR,BUY,1500,147.7300,0,ladder
715.157,145,place,CNR,SELL,1500,173.4200,0,ladder
715.157,145,place,CNR,BUY,2000,136.4900,0,ladder
715.157,145,place,CNR,SELL,2000,184.6600,0,ladder
715.399,145,fill,RY,SELL,1200,99.9050,-1600,mode=mm
715.400,145,place,CNR,SELL,700,159.9700,0,quote
715.400,145,place,RY,SELL,1400,99.9100,-1600,quote
715.640,145,place,CNR,SELL,1200,159.9400,0,quote
715.900,145,place,CNR,SELL,1200,159.9200,0,quote
716.215,145,place,CNR,SELL,1200,159.9100,0,quote
716.444,145,place,CNR,SELL,1200,159.9000,0,quote
716.644,145,place,CNR,SELL,700,159.8900,0,quote
716.933,145,place,CNR,SELL,1200,159.8700,0,quote
717.207,146,place,CNR,SELL,700,159.8600,0,quote
717.806,146,place,CNR,BUY,700,159.8200,0,quote
717.954,146,fill,RY,BUY,1400,99.9050,-200,mode=mm
717.957,146,place,RY,BUY,2500,99.8900,-200,quote
717.957,146,place,CNR,BUY,1200,159.8100,0,quote
718.073,146,place,CNR,BUY,1200,159.8200,0,quote
718.099,146,regime,RY,,,,,"chop -> mixed (er=1.00, net -1t over 14s)"
718.230,146,fill,RY,BUY,2500,99.8950,2300,mode=mm
718.232,146,place,RY,BUY,1100,99.8700,2300,quote
718.232,146,place,RY,SELL,3100,99.8900,2300,quote
718.232,146,place,CNR,SELL,700,159.8500,0,quote
718.461,146,fill,AC,BUY,900,25.0650,2363,mode=mm
718.462,146,place,AC,BUY,1100,25.0500,2363,quote
718.685,146,fill,AC,SELL,500,25.0650,1863,mode=mm
718.695,146,place,AC,BUY,1300,25.0600,1863,quote
718.695,146,place,AC,SELL,3000,25.0700,1863,quote
718.950,146,fill,AC,SELL,900,25.0650,963,mode=mm
719.223,146,fill,RY,SELL,3100,99.8850,-800,mode=mm
719.224,146,place,RY,SELL,1900,99.9000,-800,quote
719.499,146,fill,AC,BUY,1300,25.0650,2263,mode=mm
719.504,146,place,AC,BUY,1100,25.0500,2263,quote
719.546,146,place,RY,BUY,2700,99.8900,-800,quote
719.969,146,fill,RY,BUY,2700,99.8900,1900,mode=mm
719.972,146,fill,AC,SELL,3000,25.0650,-737,mode=mm
719.976,146,place,RY,BUY,700,99.8900,1900,quote
719.976,146,place,AC,BUY,2700,25.0600,-737,quote
719.976,146,place,AC,SELL,1900,25.0700,-737,quote
720.482,146,fill,RY,BUY,700,99.8950,2600,mode=mm
720.483,146,place,RY,BUY,600,99.8800,2600,quote
720.626,146,fill,RY,BUY,600,99.8950,3200,mode=mm
720.626,146,place,RY,BUY,800,99.8600,3200,quote
720.626,146,place,RY,SELL,3300,99.8900,3200,quote
720.768,147,place,RY,BUY,500,99.8700,3200,quote
721.003,147,fill,RY,SELL,3300,99.8850,-100,mode=mm
721.004,147,fill,AC,BUY,2700,25.0650,1963,mode=mm
721.009,147,place,RY,SELL,1400,99.8900,-100,quote
721.009,147,place,AC,BUY,1200,25.0600,1963,quote
721.285,147,regime,CNR,,,,,"chop -> TREND (er=0.59, net -68t over 14s)"
721.572,147,fill,CNR,SELL,150,159.8350,-150,mode=mm
721.572,147,fill,RY,SELL,1400,99.8850,-1500,mode=mm
721.573,147,fill,AC,BUY,1200,25.0650,3163,mode=mm
721.580,147,place,RY,SELL,900,99.8900,-1500,quote
721.580,147,place,CNR,SELL,200,159.8600,-150,quote
721.826,147,fill,CNR,SELL,550,159.8400,-700,mode=mm
721.826,147,fill,AC,SELL,1900,25.0650,1263,mode=mm
721.829,147,place,CNR,SELL,500,159.8500,-700,quote
721.829,147,place,AC,BUY,1600,25.0600,1263,quote
721.829,147,place,AC,SELL,2800,25.0700,1263,quote
722.055,147,fill,RY,SELL,63,99.8850,-1563,mode=mm
722.055,147,fill,AC,BUY,1600,25.0650,2863,mode=mm
722.057,147,place,AC,BUY,900,25.0400,2863,quote
722.057,147,place,AC,SELL,3200,25.0600,2863,quote
722.057,147,place,RY,BUY,1700,99.8800,-1563,quote
722.204,147,regime,AC,,,,,"chop -> mixed (er=1.00, net -0t over 14s)"
722.276,147,fill,RY,SELL,837,99.8850,-2400,mode=mm
722.280,147,place,RY,BUY,1900,99.9000,-2400,quote
722.280,147,place,RY,SELL,600,99.9200,-2400,quote
722.480,147,regime,RY,,,,,"mixed -> chop (er=0.00, net +0t over 14s)"
722.567,147,fill,RY,SELL,600,99.9050,-3000,mode=mm
722.570,147,place,RY,BUY,3300,99.9200,-3000,quote
722.570,147,place,RY,SELL,900,99.9600,-3000,quote
722.570,147,place,AC,BUY,900,25.0300,2863,quote
722.570,147,place,AC,SELL,3200,25.0500,2863,quote
722.799,147,fill,RY,BUY,200,99.9250,-2800,mode=mm
722.799,147,fill,AC,BUY,900,25.0500,3763,mode=mm
722.799,147,place,RY,BUY,1900,99.9300,-2800,quote
722.943,147,place,RY,SELL,900,99.9500,-2800,quote
723.003,147,regime,RY,,,,,"chop -> mixed (er=0.26, net +3t over 14s)"
723.029,147,fill,AC,SELL,3200,25.0450,563,mode=mm
723.033,147,place,CNR,SELL,300,159.8600,-700,quote
723.033,147,place,RY,SELL,900,99.9600,-2800,quote
723.033,147,place,AC,BUY,1200,25.0400,563,quote
723.308,147,fill,RY,BUY,1900,99.9350,-900,mode=mm
723.310,147,fill,AC,BUY,1200,25.0450,1763,mode=mm
723.313,147,place,AC,BUY,200,25.0300,1763,quote
723.313,147,place,AC,SELL,1700,25.0400,1763,quote
723.313,147,place,CNR,SELL,100,159.8500,-700,quote
723.313,147,place,RY,SELL,1100,99.9400,-900,quote
723.539,147,place,RY,BUY,1600,99.9300,-900,quote
723.539,147,place,CNR,SELL,100,164.7400,-700,ladder
723.586,147,fill,RY,SELL,1100,99.9350,-2000,mode=mm
723.588,147,place,CNR,SELL,500,159.8500,-700,quote
723.588,147,place,AC,BUY,400,25.0300,1763,quote
723.689,147,place,CNR,BUY,1500,147.1400,-700,ladder
723.868,147,fill,CNR,SELL,100,159.8350,-800,mode=mm
723.888,147,place,CNR,BUY,2000,135.9400,-800,ladder
723.941,147,place,CNR,SELL,2000,183.9200,-800,ladder
723.989,147,place,CNR,BUY,1500,155.1300,-800,ladder
724.103,147,fill,AC,SELL,1600,25.0350,163,mode=mm
724.106,147,place,RY,BUY,1800,99.9400,-2000,quote
724.106,147,place,RY,SELL,1200,99.9600,-2000,quote
724.106,147,place,CNR,SELL,500,159.8600,-800,quote
724.106,147,place,AC,BUY,200,25.0300,163,quote
724.189,147,place,AC,SELL,1500,25.0400,163,quote
724.189,147,place,CNR,SELL,900,172.7200,-800,ladder
724.338,147,fill,AC,BUY,200,25.0350,363,mode=mm
724.340,147,place,RY,SELL,700,99.9500,-2000,quote
724.605,147,fill,RY,SELL,1200,99.9450,-3200,mode=mm
724.620,147,place,CNR,SELL,500,159.8700,-800,quote
724.620,147,place,RY,SELL,500,99.9600,-3200,quote
724.903,148,place,CNR,SELL,500,159.8600,-800,quote
725.162,148,fill,RY,SELL,500,99.9450,-3700,mode=mm
725.163,148,stop,RY,BUY,3700,100.0000,-3700,loss=5.2t stop=5.0t trend_against=False
725.165,148,place,RY,BUY,3700,100.0000,-3700,agg
725.165,148,place,CNR,SELL,500,159.8500,-800,quote
725.396,148,fill,RY,BUY,3700,99.9500,0,mode=mm
725.399,148,place,AC,BUY,2200,25.0200,363,quote
725.399,148,place,AC,SELL,2600,25.0300,363,quote
725.399,148,place,RY,BUY,1500,99.9500,0,quote
725.399,148,place,RY,BUY,1500,96.9200,0,ladder
725.399,148,place,RY,SELL,1500,102.9100,0,ladder
725.399,148,place,RY,BUY,1500,91.9200,0,ladder
725.399,148,place,RY,SELL,1500,107.9100,0,ladder
725.399,148,place,RY,BUY,1200,84.9300,0,ladder
725.399,148,place,RY,SELL,2000,114.9000,0,ladder
725.620,148,place,RY,BUY,100,99.9700,0,quote
725.885,148,fill,RY,BUY,100,99.9750,100,mode=mm
725.885,148,fill,AC,SELL,1711,25.0250,-1348,mode=mm
726.172,148,fill,AC,BUY,1311,25.0250,-37,mode=mm
726.176,148,place,RY,SELL,100,99.9800,100,quote
726.176,148,place,AC,BUY,1500,25.0200,-37,quote
726.176,148,place,AC,SELL,800,25.0300,-37,quote
726.424,148,fill,CNR,SELL,500,159.8350,-1300,mode=mm
726.426,148,fill,RY,SELL,100,99.9800,0,mode=mm
726.427,148,place,RY,BUY,2500,99.9800,0,quote
726.427,148,place,CNR,SELL,400,159.8500,-1300,quote
726.648,148,fill,AC,BUY,1500,25.0250,1463,mode=mm
726.650,148,place,AC,BUY,500,25.0200,1463,quote
726.919,148,fill,RY,BUY,2500,99.9850,2500,mode=mm
726.920,148,fill,AC,BUY,500,25.0250,1963,mode=mm
727.120,148,place,RY,BUY,600,99.9600,2500,quote
727.172,148,fill,AC,SELL,800,25.0250,1163,mode=mm
727.182,148,place,RY,SELL,1900,99.9900,2500,quote
727.182,148,place,AC,SELL,1600,25.0300,1163,quote
727.225,148,place,RY,BUY,600,99.9700,2500,quote
727.444,148,fill,CNR,SELL,207,159.8350,-1507,mode=mm
727.449,148,place,CNR,SELL,400,159.8600,-1507,quote
727.667,148,place,CNR,SELL,400,159.8700,-1507,quote
727.991,148,fill,CNR,SELL,400,159.8450,-1907,mode=mm
727.991,148,fill,RY,SELL,1300,99.9900,1200,mode=mm
727.994,148,place,RY,BUY,1600,99.9500,1200,quote
727.994,148,place,RY,SELL,1200,99.9700,1200,quote
727.994,148,place,CNR,SELL,300,159.8800,-1907,quote
728.227,148,fill,AC,SELL,1600,25.0250,-437,mode=mm
728.229,148,place,RY,BUY,1000,99.9600,1200,quote
728.229,148,place,AC,SELL,1200,25.0300,-437,quote
728.295,148,place,AC,BUY,1500,25.0200,-437,quote
728.446,148,fill,RY,SELL,200,99.9650,1000,mode=mm
728.450,148,place,RY,SELL,1600,99.9700,1000,quote
728.584,148,place,CNR,BUY,900,159.8400,-1907,quote
728.631,148,fill,AC,SELL,1200,25.0250,-1637,mode=mm
728.632,148,regime,CNR,,,,,"TREND -> mixed (er=0.39, net -6t over 14s)"
728.632,148,regime,RY,,,,,"mixed -> chop (er=0.24, net +5t over 14s)"
728.640,148,place,RY,BUY,1700,99.9400,1000,quote
728.640,148,place,RY,SELL,2700,99.9600,1000,quote
728.640,148,place,CNR,BUY,900,159.8500,-1907,quote
728.640,148,place,AC,BUY,2900,25.0300,-1637,quote
728.640,148,place,AC,SELL,800,25.0400,-1637,quote
728.779,148,fill,CNR,SELL,300,159.8650,-2207,mode=mm
728.780,148,place,RY,BUY,1000,99.9500,1000,quote
728.780,148,place,CNR,BUY,900,159.8700,-2207,quote
728.780,148,place,CNR,SELL,300,159.9100,-2207,quote
728.895,149,regime,CNR,,,,,"mixed -> chop (er=0.24, net -5t over 14s)"
728.895,149,regime,RY,,,,,"chop -> mixed (er=0.26, net +6t over 14s)"
729.064,149,fill,RY,SELL,2700,99.9750,-1700,mode=mm
729.247,149,fill,AC,BUY,2100,25.0350,463,mode=mm
729.301,149,place,RY,BUY,2900,99.9700,-1700,quote
729.301,149,place,RY,SELL,200,100.0100,-1700,quote
729.301,149,place,CNR,BUY,300,159.8900,-2207,quote
729.301,149,place,CNR,SELL,100,159.9300,-2207,quote
729.301,149,place,AC,SELL,1500,25.0400,463,quote
729.543,149,place,AC,BUY,1200,25.0300,463,quote
729.578,149,fill,CNR,SELL,100,159.9050,-2307,mode=mm
729.578,149,fill,RY,BUY,2900,99.9900,1200,mode=mm
729.587,149,stop,CNR,BUY,2307,159.9900,-2307,loss=19.0t stop=5.0t trend_against=False
729.588,149,place,CNR,BUY,2307,159.9900,-2307,agg
729.785,149,fill,RY,SELL,154,99.9900,1046,mode=mm
729.785,149,fill,AC,SELL,1500,25.0350,-1037,mode=mm
729.917,149,place,RY,BUY,600,99.9800,1046,quote
729.917,149,place,RY,SELL,2700,99.9900,1046,quote
729.917,149,place,AC,SELL,300,25.0400,-1037,quote
730.074,149,fill,CNR,BUY,2307,159.9900,0,mode=mm
730.075,149,fill,RY,SELL,2700,99.9900,-1654,mode=mm
730.081,149,regime,CNR,,,,,"chop -> TREND (er=0.46, net +14t over 14s)"
730.267,149,fill,AC,SELL,300,25.0400,-1337,mode=mm
730.271,149,place,AC,BUY,100,25.0300,-1337,quote
730.582,149,place,RY,BUY,2900,100.0000,-1654,quote
730.582,149,place,RY,SELL,200,100.0100,-1654,quote
730.582,149,place,AC,BUY,1700,25.0400,-1337,quote
730.582,149,place,CNR,SELL,1500,164.7000,0,ladder
730.582,149,place,CNR,SELL,1500,172.6900,0,ladder
730.582,149,place,CNR,SELL,1200,183.8900,0,ladder
730.715,149,place,CNR,BUY,700,160.0300,0,quote
730.715,149,place,AC,SELL,900,25.0500,-1337,quote
730.715,149,place,CNR,BUY,1500,155.1100,0,ladder
730.715,149,place,CNR,BUY,1500,147.1100,0,ladder
730.715,149,place,CNR,BUY,2000,135.9200,0,ladder
730.797,149,place,RY,SELL,400,100.0100,-1654,quote
731.045,149,fill,RY,BUY,2500,100.0000,846,mode=mm
731.046,149,fill,AC,SELL,900,25.0450,-2237,mode=mm
731.047,149,place,RY,BUY,1800,100.0000,846,quote
731.047,149,place,RY,SELL,2700,100.0300,846,quote
731.047,149,place,CNR,BUY,700,160.0700,0,quote
731.047,149,place,AC,BUY,1800,25.0500,-2237,quote
731.047,149,place,AC,SELL,100,25.0600,-2237,quote
731.128,149,regime,AC,,,,,"mixed -> chop (er=0.12, net -1t over 14s)"
731.303,149,fill,RY,BUY,1800,100.0150,2646,mode=mm
731.884,149,place,AC,BUY,3100,25.0600,-2237,quote
731.884,149,place,AC,SELL,1100,25.0700,-2237,quote
731.884,149,place,CNR,BUY,700,160.0900,0,quote
731.884,149,place,RY,BUY,100,99.9900,2646,quote
732.080,149,place,CNR,BUY,700,160.1000,0,quote
732.080,149,place,RY,BUY,600,99.9900,2646,quote
732.329,149,place,AC,BUY,3100,25.0700,-2237,quote
732.329,149,place,AC,SELL,1100,25.0900,-2237,quote
732.397,149,fill,AC,SELL,1100,25.0750,-3337,mode=mm
732.399,149,place,AC,SELL,200,25.1000,-3337,quote
732.399,149,place,RY,SELL,1100,100.0200,2646,quote
732.551,149,fill,AC,SELL,409,25.0750,-3746,mode=mm
732.750,149,regime,RY,,,,,"mixed -> TREND (er=0.47, net +14t over 14s)"
733.026,150,place,CNR,BUY,400,160.1200,0,quote
733.026,150,place,CNR,SELL,700,160.1600,0,quote
733.026,150,place,AC,BUY,3500,25.0800,-3746,quote
733.144,150,place,CNR,SELL,700,160.2500,0,quote
733.248,150,place,RY,BUY,300,100.0000,2646,quote
733.248,150,place,AC,SELL,400,25.1000,-3746,quote
733.402,150,fill,CNR,SELL,700,160.1750,-700,mode=mm
733.403,150,place,CNR,BUY,800,160.1300,-700,quote
733.475,150,place,CNR,SELL,500,160.2400,-700,quote
733.627,150,fill,AC,BUY,3500,25.0850,-246,mode=mm
733.633,150,place,CNR,BUY,800,160.1400,-700,quote
733.633,150,place,CNR,SELL,500,160.2300,-700,quote
733.633,150,place,AC,BUY,500,25.0800,-246,quote
733.633,150,place,AC,SELL,1300,25.0900,-246,quote
733.901,150,fill,CNR,SELL,500,160.1800,-1200,mode=mm
733.905,150,place,RY,BUY,300,99.9800,2646,quote
733.905,150,place,AC,BUY,1500,25.0800,-246,quote
734.159,150,fill,AC,SELL,1300,25.0850,-1546,mode=mm
734.160,150,place,RY,BUY,300,100.0000,2646,quote
734.160,150,place,AC,SELL,800,25.0900,-1546,quote
734.355,150,place,CNR,BUY,800,160.1600,-1200,quote
734.355,150,place,CNR,SELL,500,160.2500,-1200,quote
734.355,150,place,CNR,BUY,1500,155.2200,-1200,ladder
734.355,150,place,CNR,SELL,1500,164.8200,-1200,ladder
734.355,150,place,CNR,BUY,1500,147.2200,-1200,ladder
734.355,150,place,CNR,SELL,1500,172.8300,-1200,ladder
734.355,150,place,CNR,BUY,1200,136.0200,-1200,ladder
734.355,150,place,CNR,SELL,100,184.0300,-1200,ladder
734.661,150,fill,AC,SELL,800,25.0850,-2346,mode=mm
734.821,150,place,CNR,SELL,500,160.2900,-1200,quote
734.821,150,place,AC,SELL,300,25.1000,-2346,quote
734.929,150,stop,CNR,BUY,1200,160.3200,-1200,loss=7.7t stop=5.0t trend_against=False
734.933,150,place,CNR,BUY,1200,160.3200,-1200,agg
735.200,150,fill,CNR,BUY,1200,160.2200,0,mode=mm
735.201,150,fill,AC,BUY,1500,25.0850,-846,mode=mm
735.204,150,place,AC,BUY,1600,25.0800,-846,quote
735.204,150,place,AC,SELL,1100,25.0900,-846,quote
735.307,150,place,RY,SELL,900,100.0400,2646,quote
735.625,150,fill,AC,BUY,1000,25.0850,154,mode=mm
735.917,150,fill,AC,BUY,600,25.0850,754,mode=mm
735.920,150,place,AC,BUY,1100,25.0800,754,quote
736.154,150,fill,RY,BUY,300,100.0250,2946,mode=mm
736.155,150,place,RY,BUY,200,99.9800,2946,quote
736.445,150,place,RY,SELL,900,100.0200,2946,quote
736.445,150,place,AC,BUY,1100,25.0800,754,quote
736.445,150,place,AC,SELL,1600,25.0900,754,quote
736.602,150,regime,AC,,,,,"chop -> mixed (er=0.30, net +3t over 14s)"
736.708,150,fill,AC,BUY,1100,25.0850,1854,mode=mm
736.715,150,place,AC,BUY,1300,25.0700,1854,quote
736.715,150,place,AC,SELL,3000,25.0800,1854,quote
736.861,150,regime,RY,,,,,"TREND -> mixed (er=0.32, net +8t over 14s)"
736.942,150,fill,RY,SELL,900,100.0050,2046,mode=mm
736.945,150,place,CNR,BUY,700,160.1700,0,quote
736.945,150,place,RY,SELL,900,100.0100,2046,quote
736.945,150,place,CNR,BUY,1500,155.2500,0,ladder
736.945,150,place,CNR,SELL,1500,164.8600,0,ladder
736.945,150,place,CNR,BUY,1500,147.2500,0,ladder
736.945,150,place,CNR,SELL,1500,172.8600,0,ladder
736.945,150,place,CNR,BUY,2000,136.0500,0,ladder
736.945,150,place,CNR,SELL,2000,184.0600,0,ladder
737.139,151,place,RY,BUY,700,99.9900,2046,quote
737.139,151,place,RY,SELL,1800,100.0000,2046,quote
737.243,151,fill,AC,SELL,1700,25.0750,154,mode=mm
737.245,151,place,CNR,BUY,700,160.1800,0,quote
737.245,151,place,AC,BUY,1400,25.0700,154,quote
737.245,151,place,AC,SELL,1500,25.0800,154,quote
737.403,151,regime,RY,,,,,"mixed -> chop (er=0.24, net +6t over 14s)"
737.705,151,fill,AC,BUY,1400,25.0750,1554,mode=mm
737.710,151,place,AC,BUY,800,25.0700,1554,quote
737.972,151,fill,RY,SELL,1800,99.9950,246,mode=mm
737.973,151,fill,AC,BUY,800,25.0750,2354,mode=mm
737.973,151,place,AC,BUY,1100,25.0500,2354,quote
737.973,151,place,AC,SELL,3100,25.0700,2354,quote
737.973,151,place,CNR,BUY,700,160.1700,0,quote
737.973,151,place,RY,SELL,500,100.0000,246,quote
738.117,151,place,CNR,SELL,700,160.2500,0,quote
738.265,151,fill,RY,SELL,500,99.9950,-254,mode=mm
738.269,151,regime,RY,,,,,"chop -> mixed (er=0.27, net +7t over 14s)"
738.313,151,place,RY,BUY,2500,100.0000,-254,quote
738.313,151,place,RY,SELL,700,100.0300,-254,quote
738.313,151,place,CNR,BUY,200,160.1600,0,quote
738.313,151,place,CNR,SELL,700,160.2400,0,quote
738.515,151,fill,AC,SELL,2100,25.0650,254,mode=mm
738.517,151,place,RY,BUY,2500,100.0100,-254,quote
738.517,151,place,RY,SELL,2200,100.0300,-254,quote
738.517,151,place,CNR,BUY,700,160.1700,0,quote
738.517,151,place,CNR,SELL,700,160.2300,0,quote
738.517,151,place,AC,BUY,700,25.0600,254,quote
738.749,151,fill,AC,SELL,1000,25.0650,-746,mode=mm
738.750,151,place,RY,BUY,900,100.0200,-254,quote
738.966,151,fill,RY,SELL,2200,100.0200,-2454,mode=mm
738.967,151,fill,AC,BUY,700,25.0650,-46,mode=mm
738.968,151,place,CNR,BUY,400,160.1600,0,quote
738.968,151,place,CNR,SELL,400,160.2100,0,quote
738.968,151,place,AC,BUY,900,25.0600,-46,quote
739.221,151,fill,RY,BUY,900,100.0250,-1554,mode=mm
739.221,151,fill,AC,BUY,200,25.0650,154,mode=mm
739.222,151,place,CNR,SELL,700,160.2000,0,quote
739.222,151,place,RY,BUY,1700,100.0200,-1554,quote
739.222,151,place,RY,SELL,800,100.0300,-1554,quote
739.222,151,place,AC,SELL,900,25.0700,154,quote
739.475,151,fill,RY,BUY,900,100.0250,-654,mode=mm
739.475,151,fill,AC,BUY,700,25.0650,854,mode=mm
739.482,151,place,AC,BUY,100,25.0500,854,quote
739.482,151,place,AC,SELL,900,25.0600,854,quote
739.482,151,place,CNR,BUY,700,160.1500,0,quote
739.482,151,place,CNR,SELL,100,160.1900,0,quote
739.482,151,place,RY,SELL,1200,100.0400,-654,quote
739.706,151,place,RY,BUY,1600,100.0300,-654,quote
739.774,151,fill,AC,BUY,100,25.0600,954,mode=mm
739.775,151,place,CNR,BUY,700,160.1300,0,quote
739.775,151,place,CNR,SELL,700,160.1800,0,quote
739.908,151,regime,RY,,,,,"mixed -> chop (er=0.24, net +6t over 14s)"
739.909,151,place,CNR,BUY,700,160.1400,0,quote
740.008,151,fill,RY,BUY,1600,100.0350,946,mode=mm
740.010,151,place,AC,BUY,1800,25.0400,954,quote
740.010,151,place,AC,SELL,2700,25.0500,954,quote
740.169,151,regime,AC,,,,,"mixed -> chop (er=0.24, net +2t over 14s)"
740.352,151,fill,CNR,BUY,700,160.1600,700,mode=mm
740.352,151,fill,AC,BUY,929,25.0500,1883,mode=mm
740.358,151,place,CNR,BUY,500,160.1100,700,quote
740.358,151,place,CNR,SELL,800,160.1700,700,quote
740.570,151,fill,AC,SELL,1829,25.0450,54,mode=mm
740.573,151,place,CNR,BUY,500,160.1300,700,quote
740.573,151,place,CNR,SELL,800,160.1600,700,quote
740.573,151,place,AC,BUY,1400,25.0400,54,quote
740.573,151,place,AC,SELL,900,25.0500,54,quote
740.713,151,place,CNR,BUY,100,160.1200,700,quote
740.818,151,fill,AC,BUY,1400,25.0450,1454,mode=mm
740.823,152,place,RY,BUY,1000,100.0100,946,quote
740.823,152,place,RY,SELL,2700,100.0200,946,quote
740.823,152,place,CNR,BUY,100,160.1100,700,quote
740.823,152,place,CNR,SELL,800,160.1500,700,quote
740.823,152,place,AC,SELL,1700,25.0400,1454,quote
741.092,152,place,CNR,BUY,500,160.1200,700,quote
741.092,152,place,AC,BUY,100,25.0300,1454,quote
741.323,152,fill,AC,SELL,1700,25.0350,-246,mode=mm
741.379,152,place,AC,BUY,1500,25.0300,-246,quote
741.379,152,place,AC,SELL,700,25.0400,-246,quote
741.576,152,fill,RY,BUY,1000,100.0150,1946,mode=mm
741.579,152,place,RY,BUY,1300,99.9800,1946,quote
741.579,152,place,RY,SELL,3000,100.0100,1946,quote
741.781,152,place,RY,SELL,3000,99.9900,1946,quote
741.828,152,fill,AC,SELL,700,25.0350,-946,mode=mm
741.831,152,place,AC,SELL,300,25.0400,-946,quote
742.071,152,fill,AC,BUY,1500,25.0350,554,mode=mm
742.076,152,place,AC,BUY,1200,25.0300,554,quote
742.076,152,place,AC,SELL,1500,25.0400,554,quote
742.362,152,fill,RY,BUY,1300,99.9850,3246,mode=mm
742.374,152,place,RY,BUY,500,99.9700,3246,quote
742.581,152,fill,AC,SELL,300,25.0350,254,mode=mm
742.583,152,place,AC,BUY,1300,25.0300,254,quote
742.583,152,place,AC,SELL,1500,25.0400,254,quote
743.057,152,fill,RY,BUY,500,99.9850,3746,mode=mm
743.057,152,fill,AC,BUY,1300,25.0350,1554,mode=mm
743.059,152,place,RY,BUY,700,99.9500,3746,quote
743.059,152,place,RY,SELL,3500,99.9700,3746,quote
743.059,152,place,AC,BUY,800,25.0300,1554,quote
743.320,152,fill,RY,BUY,700,99.9700,4446,mode=mm
743.320,152,fill,AC,SELL,1500,25.0350,54,mode=mm
743.322,152,stop,RY,SELL,4446,99.8900,4446,loss=5.2t stop=5.0t trend_against=False
743.324,152,place,RY,SELL,4446,99.8900,4446,agg
743.324,152,place,AC,SELL,1500,25.0400,54,quote
743.680,152,fill,RY,SELL,4446,99.9450,0,mode=mm
743.684,152,fill,AC,SELL,1500,25.0350,-1446,mode=mm
743.753,152,regime,CNR,,,,,"TREND -> mixed (er=0.32, net +10t over 14s)"
743.929,152,fill,CNR,BUY,500,160.1350,1200,mode=mm
744.008,152,regime,RY,,,,,"chop -> mixed (er=0.32, net -7t over 14s)"
744.056,152,place,AC,BUY,600,25.0400,-1446,quote
744.110,152,fill,AC,BUY,200,25.0400,-1246,mode=mm
744.328,152,place,AC,BUY,2800,25.0400,-1246,quote
744.328,152,place,AC,SELL,500,25.0500,-1246,quote
744.328,152,place,CNR,BUY,300,160.1200,1200,quote
744.328,152,place,RY,BUY,1500,96.9900,0,ladder
744.328,152,place,RY,BUY,1500,91.9900,0,ladder
744.328,152,place,RY,BUY,2000,84.9900,0,ladder
744.387,152,fill,AC,BUY,400,25.0400,-846,mode=mm
744.576,152,place,RY,SELL,1500,99.9400,0,quote
744.576,152,place,RY,SELL,1500,102.9900,0,ladder
744.576,152,place,RY,SELL,1500,107.9900,0,ladder
744.576,152,place,RY,SELL,2000,114.9800,0,ladder
744.666,152,fill,RY,SELL,1500,99.9350,-1500,mode=mm
744.676,152,place,RY,BUY,1500,99.9400,-1500,quote
744.676,152,place,RY,SELL,300,99.9500,-1500,quote
744.737,152,fill,AC,SELL,500,25.0450,-1346,mode=mm
744.763,152,place,AC,SELL,100,25.0500,-1346,quote
744.821,152,regime,CNR,,,,,"mixed -> chop (er=0.21, net +6t over 14s)"
744.821,152,regime,RY,,,,,"mixed -> chop (er=0.22, net -6t over 14s)"
744.942,152,fill,CNR,BUY,300,160.1350,1500,mode=mm
744.942,152,fill,RY,SELL,300,99.9450,-1800,mode=mm
744.942,152,fill,AC,SELL,100,25.0450,-1446,mode=mm
744.942,152,regime,RY,,,,,"3 stop-outs in 85s -> toxic flow: half size, no stepping inside for 30s"
744.942,152,stop,RY,BUY,1800,100.0000,-1800,loss=6.8t stop=5.0t trend_against=False
744.950,152,place,RY,BUY,1800,100.0000,-1800,agg
745.096,153,regime,RY,,,,,"chop -> mixed (er=0.28, net -7t over 14s)"
745.164,153,fill,RY,BUY,1800,99.9500,0,mode=mm
745.167,153,fill,AC,BUY,663,25.0500,-783,mode=mm
745.168,153,place,AC,BUY,1600,25.0500,-783,quote
745.168,153,place,AC,SELL,1100,25.0600,-783,quote
745.168,153,place,RY,BUY,1500,96.9800,0,ladder
745.168,153,place,RY,SELL,900,102.9800,0,ladder
745.168,153,place,RY,BUY,1500,91.9800,0,ladder
745.168,153,place,RY,BUY,200,84.9800,0,ladder
745.361,153,regime,RY,,,,,"mixed -> chop (er=0.22, net -5t over 14s)"
745.411,153,fill,AC,BUY,1600,25.0550,817,mode=mm
745.680,153,place,CNR,BUY,1500,160.0700,1500,quote
745.680,153,place,CNR,SELL,2900,160.0900,1500,quote
745.680,153,place,CNR,BUY,1500,155.3300,1500,ladder
745.680,153,place,CNR,SELL,1500,164.9400,1500,ladder
745.680,153,place,CNR,BUY,900,147.3200,1500,ladder
745.680,153,place,CNR,SELL,1500,172.9400,1500,ladder
745.680,153,place,CNR,BUY,100,136.1100,1500,ladder
745.680,153,place,CNR,SELL,1200,184.1500,1500,ladder
745.860,153,place,RY,SELL,100,107.9800,0,ladder
745.860,153,place,RY,SELL,100,114.9800,0,ladder
746.009,153,fill,CNR,BUY,1500,160.0850,3000,mode=mm
746.009,153,fill,AC,SELL,1100,25.0550,-283,mode=mm
746.024,153,regime,CNR,,,,,"3 stop-outs in 85s -> toxic flow: half size, no stepping inside for 30s"
746.024,153,stop,CNR,SELL,3000,159.9000,3000,loss=15.0t stop=5.0t trend_against=False
746.033,153,place,CNR,SELL,3000,159.9000,3000,agg
746.085,153,place,AC,SELL,1300,25.0600,-283,quote
746.238,153,fill,CNR,SELL,3000,160.0200,0,mode=mm
746.240,153,regime,CNR,,,,,"chop -> mixed (er=0.30, net -11t over 14s)"
746.240,153,place,CNR,SELL,700,160.0700,0,quote
746.240,153,place,CNR,BUY,1500,155.3200,0,ladder
746.240,153,place,CNR,SELL,1500,164.9300,0,ladder
746.240,153,place,CNR,BUY,1500,147.3200,0,ladder
746.240,153,place,CNR,SELL,1500,172.9400,0,ladder
746.240,153,place,CNR,BUY,2000,136.1100,0,ladder
746.240,153,place,CNR,SELL,1200,184.1400,0,ladder
746.431,153,place,CNR,SELL,400,160.0600,0,quote
746.569,153,regime,AC,,,,,"chop -> mixed (er=0.29, net -3t over 14s)"
746.733,153,fill,AC,SELL,1300,25.0500,-1583,mode=mm
747.144,153,place,CNR,SELL,700,160.0300,0,quote
747.144,153,place,RY,BUY,700,99.9600,0,quote
747.144,153,place,AC,BUY,1700,25.0400,-1583,quote
747.144,153,place,AC,SELL,800,25.0500,-1583,quote
747.193,153,place,CNR,SELL,1200,159.9900,0,quote
747.193,153,place,RY,BUY,700,99.9500,0,quote
747.314,153,regime,CNR,,,,,"mixed -> TREND (er=0.61, net -22t over 14s)"
747.367,153,regime,RY,,,,,"chop -> mixed (er=0.25, net -6t over 14s)"
747.489,153,fill,AC,SELL,800,25.0450,-2383,mode=mm
747.492,153,place,CNR,SELL,700,159.9800,0,quote
747.492,153,place,AC,SELL,600,25.0600,-2383,quote
747.707,153,fill,RY,BUY,700,99.9650,700,mode=mm
747.710,153,place,CNR,SELL,700,159.9700,0,quote
747.710,153,place,RY,BUY,500,99.9500,700,quote
747.710,153,place,RY,SELL,700,99.9800,700,quote
747.881,153,regime,RY,,,,,"mixed -> chop (er=0.23, net -6t over 14s)"
748.041,153,fill,RY,BUY,500,99.9650,1200,mode=mm
748.041,153,fill,AC,BUY,1700,25.0450,-683,mode=mm
748.042,153,place,RY,BUY,800,99.8800,1200,quote
748.042,153,place,RY,SELL,1200,99.9700,1200,quote
748.042,153,place,CNR,SELL,700,159.9600,0,quote
748.042,153,place,AC,BUY,1600,25.0400,-683,quote
748.146,153,regime,RY,,,,,"chop -> mixed (er=0.36, net -9t over 14s)"
748.228,153,place,RY,BUY,500,99.9200,1200,quote
748.228,153,place,RY,SELL,800,99.9500,1200,quote
748.474,153,place,RY,SELL,1400,99.9600,1200,quote
748.474,153,place,AC,BUY,1500,25.0500,-683,quote
748.474,153,place,AC,SELL,1900,25.0600,-683,quote
748.730,153,fill,RY,SELL,800,99.9400,400,mode=mm
748.730,153,fill,AC,SELL,263,25.0500,-946,mode=mm
748.734,153,place,RY,BUY,600,99.9300,400,quote
748.734,153,place,AC,SELL,1000,25.0600,-946,quote
749.060,153,fill,RY,SELL,1400,99.9450,-1000,mode=mm
749.062,153,fill,AC,SELL,300,25.0550,-1246,mode=mm
749.063,153,place,RY,SELL,500,99.9600,-1000,quote
749.112,153,place,CNR,BUY,700,159.8800,0,quote
749.201,154,place,CNR,BUY,700,159.8900,0,quote
749.277,154,fill,AC,SELL,700,25.0550,-1946,mode=mm
749.280,154,place,CNR,BUY,700,159.9100,0,quote
749.280,154,place,CNR,SELL,700,159.9400,0,quote
749.280,154,place,AC,SELL,700,25.0600,-1946,quote
749.553,154,fill,AC,SELL,700,25.0550,-2646,mode=mm
749.560,154,place,AC,SELL,600,25.0700,-2646,quote
749.849,154,fill,CNR,SELL,700,159.9250,-700,mode=mm
749.851,154,place,CNR,SELL,500,159.9400,-700,quote
750.063,154,fill,CNR,SELL,500,159.9250,-1200,mode=mm
750.065,154,fill,RY,BUY,600,99.9450,-400,mode=mm
750.066,154,place,RY,BUY,700,99.9300,-400,quote
750.092,154,place,AC,BUY,1900,25.0500,-2646,quote
750.346,154,place,CNR,SELL,500,159.9600,-1200,quote
750.611,154,fill,CNR,BUY,700,159.9350,-500,mode=mm
750.611,154,fill,AC,BUY,1163,25.0550,-1483,mode=mm
750.615,154,place,RY,BUY,1300,99.9200,-400,quote
750.615,154,place,CNR,BUY,700,159.8900,-500,quote
750.615,154,place,CNR,SELL,600,159.9500,-500,quote
750.704,154,regime,RY,,,,,"mixed -> chop (er=0.25, net -6t over 14s)"
750.849,154,fill,AC,BUY,737,25.0550,-746,mode=mm
750.850,154,place,RY,SELL,600,99.9500,-400,quote
750.850,154,place,AC,BUY,1600,25.0500,-746,quote
750.940,154,place,AC,SELL,1100,25.0600,-746,quote
750.967,154,regime,RY,,,,,"chop -> mixed (er=0.26, net -7t over 14s)"
751.103,154,fill,RY,BUY,1300,99.9350,900,mode=mm
751.106,154,fill,AC,SELL,1100,25.0550,-1846,mode=mm
751.113,154,place,RY,BUY,900,99.9100,900,quote
751.113,154,place,CNR,BUY,700,159.8700,-500,quote
751.113,154,place,CNR,BUY,1500,155.2000,-500,ladder
751.113,154,place,CNR,SELL,1500,164.8000,-500,ladder
751.113,154,place,CNR,BUY,1500,147.2000,-500,ladder
751.113,154,place,CNR,SELL,1500,172.8000,-500,ladder
751.113,154,place,CNR,BUY,2000,136.0000,-500,ladder
751.113,154,place,CNR,SELL,2000,184.0000,-500,ladder
751.232,154,regime,RY,,,,,"mixed -> chop (er=0.25, net -6t over 14s)"
751.356,154,place,CNR,SELL,600,159.9500,-500,quote
751.356,154,place,RY,SELL,800,99.9400,900,quote
751.356,154,place,AC,BUY,1800,25.0600,-1846,quote
751.356,154,place,AC,SELL,100,25.0700,-1846,quote
751.484,154,regime,RY,,,,,"chop -> mixed (er=0.26, net -7t over 14s)"
751.484,154,regime,AC,,,,,"mixed -> chop (er=0.11, net -1t over 14s)"
751.626,154,fill,CNR,BUY,212,159.9100,-288,mode=mm
751.627,154,place,AC,SELL,200,25.0700,-1846,quote
751.667,154,place,CNR,BUY,400,159.8500,-288,quote
751.874,154,fill,CNR,SELL,373,159.9000,-661,mode=mm
751.918,154,place,RY,BUY,900,99.9000,900,quote
751.918,154,place,CNR,BUY,800,159.8800,-661,quote
751.918,154,place,CNR,SELL,300,159.9700,-661,quote
751.918,154,place,AC,SELL,100,25.0700,-1846,quote
752.085,154,fill,RY,BUY,900,99.9200,1800,mode=mm
752.085,154,fill,AC,BUY,1800,25.0650,-46,mode=mm
752.088,154,place,CNR,BUY,800,159.8600,-661,quote
752.088,154,place,CNR,SELL,600,159.9600,-661,quote
752.088,154,place,RY,BUY,400,99.8800,1800,quote
752.088,154,place,RY,SELL,900,99.9100,1800,quote
752.088,154,place,AC,BUY,1500,25.0600,-46,quote
752.088,154,place,AC,SELL,1400,25.0700,-46,quote
752.337,154,place,RY,BUY,600,99.8600,1800,quote
752.337,154,place,CNR,BUY,800,159.8900,-661,quote
752.512,154,place,RY,BUY,600,99.8700,1800,quote
752.650,154,place,RY,SELL,900,99.9000,1800,quote
752.779,154,fill,CNR,SELL,600,159.9250,-1261,mode=mm
752.779,154,fill,AC,SELL,1400,25.0650,-1446,mode=mm
752.787,155,regime,RY,,,,,"mixed -> TREND (er=0.47, net -14t over 14s)"
752.791,155,place,CNR,BUY,800,159.9600,-1261,quote
752.791,155,place,CNR,SELL,400,160.0200,-1261,quote
752.791,155,place,AC,SELL,900,25.0700,-1446,quote
752.954,155,fill,CNR,BUY,600,159.9800,-661,mode=mm
752.956,155,place,CNR,BUY,800,159.9500,-661,quote
752.994,155,place,RY,BUY,400,99.8700,1800,quote
753.043,155,place,CNR,SELL,600,160.0100,-661,quote
753.185,155,fill,AC,BUY,1500,25.0650,54,mode=mm
753.195,155,place,CNR,SELL,600,160.0000,-661,quote
753.195,155,place,AC,BUY,1400,25.0600,54,quote
753.442,155,fill,CNR,BUY,5,159.9750,-656,mode=mm
753.442,155,fill,RY,SELL,900,99.8850,900,mode=mm
753.442,155,fill,AC,SELL,900,25.0650,-846,mode=mm
753.445,155,place,AC,BUY,2700,25.0700,-846,quote
753.445,155,place,AC,SELL,1800,25.0800,-846,quote
753.445,155,place,CNR,BUY,800,159.9500,-656,quote
753.445,155,place,RY,SELL,800,99.9500,900,quote
753.646,155,place,CNR,BUY,800,159.9600,-656,quote
753.646,155,place,RY,BUY,500,99.8800,900,quote
753.646,155,place,RY,SELL,800,99.9400,900,quote
753.818,155,regime,AC,,,,,"chop -> mixed (er=0.25, net +2t over 14s)"
753.989,155,fill,CNR,SELL,600,159.9800,-1256,mode=mm
753.989,155,fill,AC,BUY,2700,25.0750,1854,mode=mm
753.990,155,place,CNR,SELL,400,160.0000,-1256,quote
753.990,155,place,RY,BUY,300,99.8900,900,quote
753.990,155,place,AC,BUY,100,25.0700,1854,quote
754.118,155,fill,AC,BUY,100,25.0750,1954,mode=mm
754.120,155,place,CNR,BUY,800,159.9700,-1256,quote
754.120,155,place,CNR,SELL,400,160.0100,-1256,quote
754.120,155,place,RY,BUY,500,99.9000,900,quote
754.120,155,place,RY,SELL,800,99.9300,900,quote
754.488,155,fill,CNR,SELL,400,159.9900,-1656,mode=mm
754.488,155,fill,RY,BUY,500,99.9150,1400,mode=mm
754.490,155,place,CNR,SELL,400,160.0200,-1656,quote
754.682,155,fill,CNR,SELL,400,159.9950,-2056,mode=mm
754.682,155,fill,AC,SELL,1800,25.0750,154,mode=mm
754.683,155,place,AC,SELL,1500,25.0800,154,quote
754.919,155,place,CNR,BUY,900,159.9800,-2056,quote
754.919,155,place,CNR,SELL,300,160.0300,-2056,quote
754.997,155,regime,CNR,,,,,"TREND -> mixed (er=0.29, net -12t over 14s)"
755.219,155,fill,CNR,SELL,300,160.0050,-2356,mode=mm
755.219,155,fill,RY,SELL,800,99.9150,600,mode=mm
755.220,155,place,CNR,BUY,1500,159.9900,-2356,quote
755.220,155,place,CNR,SELL,500,160.0500,-2356,quote
755.220,155,place,RY,SELL,800,99.9300,600,quote
755.450,155,place,CNR,BUY,1500,159.9800,-2356,quote
755.450,155,place,RY,BUY,600,99.8800,600,quote
755.542,155,place,AC,BUY,1400,25.0700,154,quote
755.754,155,fill,RY,BUY,600,99.9050,1200,mode=mm
755.754,155,fill,AC,BUY,408,25.0750,562,mode=mm
755.755,155,place,CNR,BUY,1500,159.9900,-2356,quote
755.755,155,place,AC,BUY,2000,25.0600,562,quote
755.755,155,place,AC,SELL,2600,25.0700,562,quote
755.818,155,regime,RY,,,,,"TREND -> mixed (er=0.32, net -9t over 14s)"
755.941,155,fill,AC,SELL,2321,25.0700,-1759,mode=mm
755.942,155,stop,CNR,BUY,2356,160.0900,-2356,loss=5.8t stop=5.0t trend_against=False
755.944,155,place,CNR,BUY,2356,160.0900,-2356,agg
755.944,155,place,RY,SELL,1400,99.9200,1200,quote
755.944,155,place,AC,BUY,1700,25.0700,-1759,quote
755.944,155,place,AC,SELL,400,25.0800,-1759,quote
756.097,155,regime,CNR,,,,,"mixed -> chop (er=0.24, net -11t over 14s)"
756.325,155,fill,CNR,BUY,2356,160.0250,0,mode=mm
756.325,155,fill,AC,BUY,1700,25.0700,-59,mode=mm
756.478,155,place,CNR,BUY,700,160.0100,0,quote
756.478,155,place,RY,SELL,800,99.9000,1200,quote
756.478,155,place,CNR,SELL,1500,164.7900,0,ladder
756.478,155,place,CNR,SELL,1500,172.7900,0,ladder
756.478,155,place,CNR,SELL,2000,183.9900,0,ladder
756.549,155,place,RY,BUY,100,99.8700,1200,quote
756.798,155,place,RY,BUY,500,99.8700,1200,quote
756.798,155,place,AC,BUY,1500,25.0600,-59,quote
756.995,156,fill,AC,BUY,200,25.0650,141,mode=mm
756.998,156,place,CNR,BUY,1200,160.0200,0,quote
756.998,156,place,RY,BUY,500,99.8600,1200,quote
756.998,156,place,RY,SELL,800,99.8900,1200,quote
756.998,156,place,AC,BUY,700,25.0500,141,quote
756.998,156,place,AC,SELL,2500,25.0600,141,quote
756.998,156,place,CNR,BUY,300,155.2000,0,ladder
757.224,156,fill,AC,SELL,1200,25.0600,-1059,mode=mm
757.327,156,place,AC,BUY,2700,25.0600,-1059,quote
757.327,156,place,AC,SELL,1700,25.0700,-1059,quote
757.327,156,place,CNR,BUY,1500,147.2000,0,ladder
757.327,156,place,CNR,BUY,2000,136.0000,0,ladder
757.484,156,fill,AC,BUY,2700,25.0600,1641,mode=mm
757.493,156,place,AC,BUY,800,25.0500,1641,quote
757.706,156,regime,AC,,,,,"mixed -> chop (er=0.22, net +2t over 14s)"
758.003,156,place,RY,BUY,100,99.8500,1200,quote
758.041,156,fill,AC,BUY,800,25.0550,2441,mode=mm
758.247,156,place,RY,BUY,800,99.8500,1200,quote
758.247,156,place,RY,SELL,1400,99.9100,1200,quote
758.247,156,place,AC,BUY,600,25.0400,2441,quote
758.302,156,regime,RY,,,,,"mixed -> chop (er=0.22, net -6t over 14s)"
758.547,156,place,RY,BUY,800,99.8600,1200,quote
758.547,156,place,RY,SELL,1400,99.9000,1200,quote
758.621,156,place,AC,SELL,1900,25.0600,2441,quote
758.830,156,place,RY,BUY,800,99.8500,1200,quote
758.895,156,regime,RY,,,,,"chop -> mixed (er=0.29, net -7t over 14s)"
759.091,156,fill,CNR,BUY,1200,160.0350,1200,mode=mm
759.093,156,fill,AC,BUY,600,25.0550,3041,mode=mm
759.093,156,place,RY,SELL,1400,99.8900,1200,quote
759.093,156,place,CNR,BUY,500,160.0200,1200,quote
759.093,156,place,CNR,SELL,800,160.0500,1200,quote
759.093,156,place,AC,BUY,900,25.0300,3041,quote
759.093,156,place,AC,SELL,3300,25.0500,3041,quote
759.560,156,fill,AC,SELL,3300,25.0450,-259,mode=mm
759.563,156,place,RY,BUY,500,99.8600,1200,quote
759.563,156,place,AC,BUY,1500,25.0400,-259,quote
759.563,156,place,AC,SELL,700,25.0500,-259,quote
759.775,156,fill,RY,SELL,1400,99.8750,-200,mode=mm
759.781,156,place,RY,SELL,700,99.8900,-200,quote
760.025,156,fill,RY,SELL,700,99.8750,-900,mode=mm
760.025,156,fill,AC,BUY,700,25.0450,441,mode=mm
760.028,156,stop,RY,BUY,900,99.9400,-900,loss=8.0t stop=5.0t trend_against=False
760.029,156,place,RY,BUY,900,99.9400,-900,agg
760.259,156,fill,RY,BUY,900,99.8850,0,mode=mm
760.259,156,fill,AC,BUY,100,25.0450,541,mode=mm
760.266,156,place,RY,BUY,700,99.8800,0,quote
760.266,156,place,AC,BUY,1200,25.0400,541,quote
760.266,156,place,AC,SELL,1500,25.0500,541,quote
760.266,156,place,RY,BUY,1500,96.9000,0,ladder
760.266,156,place,RY,SELL,1500,102.8900,0,ladder
760.266,156,place,RY,BUY,1500,91.9000,0,ladder
760.266,156,place,RY,SELL,1500,107.8900,0,ladder
760.266,156,place,RY,BUY,1200,84.9100,0,ladder
760.266,156,place,RY,SELL,2000,114.8800,0,ladder
760.747,156,fill,CNR,SELL,800,160.0350,400,mode=mm
760.748,156,place,CNR,SELL,1300,160.0600,400,quote
760.801,156,fill,AC,SELL,300,25.0450,241,mode=mm
760.801,156,place,CNR,SELL,700,160.0500,400,quote
760.801,156,place,AC,BUY,1300,25.0400,241,quote
760.801,156,place,AC,SELL,1500,25.0500,241,quote
761.102,157,place,RY,BUY,700,99.9000,0,quote
761.340,157,fill,AC,SELL,1500,25.0450,-1259,mode=mm
761.341,157,regime,CNR,,,,,"chop -> mixed (er=0.28, net +9t over 14s)"
761.341,157,regime,RY,,,,,"mixed -> chop (er=0.20, net -5t over 14s)"
761.342,157,place,CNR,SELL,1300,160.0600,400,quote
761.342,157,place,AC,SELL,900,25.0500,-1259,quote
761.597,157,fill,AC,BUY,1300,25.0450,41,mode=mm
761.599,157,place,CNR,SELL,700,160.0500,400,quote
761.599,157,place,AC,BUY,1400,25.0400,41,quote
761.827,157,place,CNR,BUY,600,160.0300,400,quote
761.827,157,place,CNR,SELL,700,160.0600,400,quote
762.204,157,fill,CNR,SELL,700,160.0450,-300,mode=mm
762.204,157,fill,AC,SELL,900,25.0450,-859,mode=mm
762.205,157,place,CNR,SELL,1100,160.0700,-300,quote
762.205,157,place,RY,BUY,700,99.9100,0,quote
762.205,157,place,AC,SELL,1100,25.0500,-859,quote
762.374,157,fill,AC,BUY,1400,25.0450,541,mode=mm
762.377,157,place,CNR,BUY,700,160.0400,-300,quote
762.377,157,place,AC,BUY,1200,25.0400,541,quote
762.871,157,fill,RY,BUY,700,99.9250,700,mode=mm
762.872,157,place,RY,BUY,900,99.9000,700,quote
762.872,157,place,RY,SELL,700,99.9400,700,quote
763.068,157,fill,RY,SELL,700,99.9200,0,mode=mm
763.068,157,fill,AC,BUY,1200,25.0450,1741,mode=mm
763.071,157,place,AC,BUY,800,25.0400,1741,quote
763.322,157,fill,RY,BUY,900,99.9200,900,mode=mm
763.322,157,fill,AC,SELL,913,25.0450,828,mode=mm
763.326,157,place,RY,BUY,900,99.9000,900,quote
763.326,157,place,AC,SELL,1600,25.0500,828,quote
763.584,157,place,RY,SELL,1300,99.9600,900,quote
763.622,157,fill,AC,SELL,187,25.0450,641,mode=mm
763.829,157,fill,AC,SELL,800,25.0450,-159,mode=mm
763.831,157,place,CNR,BUY,1200,160.0300,-300,quote
763.831,157,place,RY,BUY,900,99.9100,900,quote
763.831,157,place,RY,SELL,1300,99.9500,900,quote
763.831,157,place,AC,BUY,1500,25.0400,-159,quote
763.831,157,place,AC,SELL,1400,25.0500,-159,quote
764.183,157,fill,CNR,BUY,700,160.0500,400,mode=mm
764.185,157,place,CNR,SELL,700,160.0600,400,quote
764.420,157,fill,RY,BUY,900,99.9300,1800,mode=mm
764.420,157,fill,AC,SELL,1400,25.0450,-1559,mode=mm
764.422,157,place,RY,BUY,400,99.9200,1800,quote
764.422,157,place,AC,SELL,800,25.0500,-1559,quote
764.659,157,fill,RY,SELL,1300,99.9350,500,mode=mm
764.666,157,fill,AC,BUY,1100,25.0450,-459,mode=mm
764.686,157,place,RY,SELL,700,99.9500,500,quote
764.686,157,place,AC,BUY,1500,25.0400,-459,quote
764.746,157,fill,AC,BUY,400,25.0450,-59,mode=mm
764.940,157,fill,CNR,BUY,1200,160.0450,1600,mode=mm
764.941,157,fill,RY,SELL,700,99.9350,-200,mode=mm
764.945,157,regime,CNR,,,,,"mixed -> TREND (er=0.54, net +14t over 14s)"
764.948,157,place,RY,BUY,1200,99.9200,-200,quote
764.948,157,place,RY,SELL,1100,99.9700,-200,quote
764.948,157,place,CNR,BUY,400,160.0300,1600,quote
765.185,158,fill,AC,SELL,800,25.0450,-859,mode=mm
765.188,158,place,RY,BUY,1200,99.9300,-200,quote
765.188,158,place,RY,SELL,1100,99.9800,-200,quote
765.188,158,place,CNR,BUY,400,160.0200,1600,quote
765.188,158,place,AC,SELL,1100,25.0500,-859,quote
765.462,158,place,RY,BUY,1200,99.9000,-200,quote
765.462,158,place,RY,SELL,1100,99.9600,-200,quote
765.499,158,fill,CNR,BUY,400,160.0400,2000,mode=mm
765.499,158,fill,RY,BUY,1200,99.9300,1000,mode=mm
765.501,158,place,CNR,BUY,300,160.0100,2000,quote
765.501,158,place,CNR,SELL,900,160.0500,2000,quote
765.561,158,regime,AC,,,,,"chop -> mixed (er=0.40, net -2t over 14s)"
765.772,158,fill,CNR,BUY,700,160.0300,2700,mode=mm
765.772,158,fill,AC,SELL,500,25.0450,-1359,mode=mm
765.774,158,place,CNR,BUY,300,159.9800,2700,quote
765.774,158,place,CNR,SELL,900,160.0400,2700,quote
765.774,158,place,RY,BUY,500,99.9100,1000,quote
765.774,158,place,RY,SELL,800,99.9400,1000,quote
765.965,158,fill,AC,SELL,600,25.0450,-1959,mode=mm
765.968,158,place,CNR,SELL,900,160.0200,2700,quote
765.968,158,place,AC,SELL,700,25.0500,-1959,quote
766.081,158,regime,CNR,,,,,"TREND -> mixed (er=0.31, net +8t over 14s)"
766.185,158,fill,AC,SELL,700,25.0450,-2659,mode=mm
766.186,158,place,CNR,BUY,500,159.9400,2700,quote
766.186,158,place,CNR,SELL,1600,160.0000,2700,quote
766.186,158,place,AC,SELL,600,25.0600,-2659,quote
766.523,158,fill,CNR,BUY,800,159.9800,3500,mode=mm
766.524,158,fill,AC,BUY,1500,25.0450,-1159,mode=mm
766.525,158,stop,CNR,SELL,3500,159.8500,3500,loss=11.1t stop=5.0t trend_against=False
766.530,158,place,CNR,SELL,3500,159.8500,3500,agg
766.530,158,place,AC,BUY,2800,25.0500,-1159,quote
766.653,158,regime,CNR,,,,,"mixed -> chop (er=0.07, net +2t over 14s)"
766.786,158,fill,CNR,SELL,3000,159.9450,500,mode=mm
766.788,158,fill,AC,SELL,600,25.0500,-1759,mode=mm
766.921,158,regime,CNR,,,,,"chop -> mixed (er=0.37, net -12t over 14s)"
766.921,158,regime,AC,,,,,"mixed -> chop (er=0.17, net -1t over 14s)"
766.922,158,place,AC,SELL,800,25.0600,-1759,quote
767.018,158,fill,RY,SELL,800,99.9250,200,mode=mm
767.020,158,place,RY,SELL,1200,99.9800,200,quote
767.185,158,regime,RY,,,,,"chop -> mixed (er=0.25, net +6t over 14s)"
767.270,158,place,RY,BUY,700,99.9200,200,quote
767.270,158,place,RY,SELL,700,99.9500,200,quote
767.511,158,fill,RY,SELL,700,99.9350,-500,mode=mm
767.511,158,fill,AC,BUY,2000,25.0550,241,mode=mm
767.516,158,regime,CNR,,,,,"mixed -> TREND (er=0.47, net -18t over 14s)"
767.516,158,regime,RY,,,,,"mixed -> chop (er=0.11, net +3t over 14s)"
767.516,158,regime,AC,,,,,"chop -> mixed (er=0.27, net -2t over 14s)"
767.548,158,place,CNR,SELL,500,159.7300,500,agg
767.548,158,place,AC,BUY,1300,25.0500,241,quote
767.548,158,place,AC,SELL,1500,25.0600,241,quote
767.862,158,fill,CNR,SELL,500,159.7900,0,mode=mm
767.862,158,fill,AC,SELL,1500,25.0600,-1259,mode=mm
767.863,158,place,AC,BUY,2800,25.0600,-1259,quote
767.863,158,place,AC,SELL,1600,25.0700,-1259,quote
767.863,158,place,CNR,SELL,700,159.8100,0,quote
767.863,158,place,CNR,BUY,1500,155.1800,0,ladder
767.863,158,place,CNR,SELL,1500,164.7700,0,ladder
767.863,158,place,CNR,BUY,1500,147.1800,0,ladder
767.863,158,place,CNR,SELL,1500,172.7700,0,ladder
767.863,158,place,CNR,BUY,2000,135.9800,0,ladder
767.863,158,place,CNR,SELL,1200,183.9700,0,ladder
768.035,158,place,CNR,SELL,200,159.8000,0,quote
768.095,158,regime,AC,,,,,"mixed -> chop (er=0.17, net -1t over 14s)"
768.317,158,fill,RY,BUY,700,99.9350,200,mode=mm
768.318,158,place,RY,BUY,1100,99.9100,200,quote
768.318,158,place,CNR,SELL,700,159.8000,0,quote
768.565,158,fill,AC,BUY,1200,25.0650,-59,mode=mm
768.569,158,place,RY,BUY,700,99.9200,200,quote
768.569,158,place,AC,BUY,1500,25.0600,-59,quote
768.569,158,place,AC,SELL,1400,25.0700,-59,quote
768.752,159,place,CNR,SELL,700,159.7900,0,quote
768.834,159,place,RY,SELL,700,99.9500,200,quote
769.021,159,fill,AC,SELL,1400,25.0650,-1459,mode=mm
769.023,159,place,RY,SELL,1200,99.9600,200,quote
769.023,159,place,AC,SELL,900,25.0700,-1459,quote
769.261,159,fill,RY,BUY,700,99.9400,900,mode=mm
769.261,159,fill,AC,BUY,600,25.0650,-859,mode=mm
769.262,159,place,RY,BUY,500,99.9300,900,quote
769.262,159,place,AC,BUY,1600,25.0600,-859,quote
769.526,159,place,AC,BUY,1600,25.0700,-859,quote
769.526,159,place,AC,SELL,1100,25.0800,-859,quote
770.279,159,fill,AC,BUY,500,25.0750,-359,mode=mm
770.279,159,place,AC,BUY,1500,25.0700,-359,quote
770.279,159,place,AC,SELL,1300,25.0800,-359,quote
770.471,159,regime,RY,,,,,"chop -> mixed (er=0.26, net +5t over 14s)"
770.836,159,fill,AC,BUY,200,25.0750,-159,mode=mm
770.836,159,place,AC,BUY,1500,25.0700,-159,quote
770.836,159,place,AC,SELL,1400,25.0800,-159,quote
771.057,159,place,RY,BUY,500,99.9400,900,quote
771.057,159,place,RY,SELL,800,99.9700,900,quote
771.239,159,regime,AC,,,,,"chop -> mixed (er=0.33, net +1t over 14s)"
771.556,159,fill,AC,BUY,900,25.0750,741,mode=mm
771.557,159,place,RY,SELL,1300,99.9800,900,quote
771.557,159,place,AC,BUY,1100,25.0700,741,quote
771.676,159,place,CNR,BUY,700,159.7600,0,quote
771.841,159,fill,AC,SELL,800,25.0750,-59,mode=mm
771.842,159,place,RY,BUY,500,99.9500,900,quote
771.842,159,place,AC,SELL,1400,25.0800,-59,quote
772.629,159,fill,RY,SELL,1300,99.9650,-400,mode=mm
772.633,159,fill,AC,BUY,1100,25.0750,1041,mode=mm
772.640,159,place,CNR,BUY,700,159.7500,0,quote
772.640,159,place,RY,SELL,600,99.9800,-400,quote
772.640,159,place,AC,BUY,1000,25.0700,1041,quote
772.884,160,place,CNR,SELL,700,159.7800,0,quote
773.163,160,fill,AC,SELL,400,25.0750,641,mode=mm
773.165,160,place,RY,BUY,700,99.9600,-400,quote
773.165,160,place,RY,SELL,600,99.9900,-400,quote
773.165,160,place,AC,BUY,1200,25.0700,641,quote
773.165,160,place,AC,SELL,1600,25.0800,641,quote
773.636,160,fill,RY,SELL,600,99.9750,-1000,mode=mm
773.637,160,fill,AC,BUY,139,25.0750,780,mode=mm
773.638,160,place,RY,SELL,800,100.0000,-1000,quote
773.897,160,fill,RY,SELL,800,99.9800,-1800,mode=mm
773.897,160,fill,AC,BUY,961,25.0750,1741,mode=mm
773.897,160,regime,RY,,,,,"mixed -> TREND (er=0.55, net +12t over 14s)"
773.900,160,place,CNR,SELL,700,159.7900,0,quote
773.900,160,place,RY,BUY,900,99.9800,-1800,quote
773.900,160,place,RY,SELL,400,100.0100,-1800,quote
773.900,160,place,AC,BUY,800,25.0700,1741,quote
774.160,160,fill,AC,SELL,1500,25.0750,241,mode=mm
774.162,160,place,AC,SELL,1500,25.0800,241,quote
774.677,160,place,CNR,BUY,700,159.7400,0,quote
774.677,160,place,CNR,SELL,700,159.8000,0,quote
774.952,160,fill,AC,SELL,700,25.0750,-459,mode=mm
774.953,160,place,CNR,BUY,700,159.7700,0,quote
774.953,160,place,AC,BUY,1500,25.0700,-459,quote
774.953,160,place,AC,SELL,1200,25.0800,-459,quote
775.203,160,fill,RY,BUY,900,99.9950,-900,mode=mm
775.203,160,regime,RY,,,,,"TREND -> mixed (er=0.37, net +7t over 14s)"
775.204,160,place,RY,BUY,1300,99.9600,-900,quote
775.412,160,fill,AC,BUY,1500,25.0750,1041,mode=mm
775.420,160,place,RY,BUY,800,99.9700,-900,quote
775.420,160,place,RY,SELL,500,100.0000,-900,quote
775.420,160,place,AC,BUY,1000,25.0700,1041,quote
775.482,160,place,RY,BUY,1600,99.9800,-900,quote
775.482,160,place,RY,SELL,1100,99.9900,-900,quote
775.676,160,fill,RY,SELL,1600,99.9850,-2500,mode=mm
775.676,160,fill,AC,BUY,1000,25.0750,2041,mode=mm
775.687,160,place,CNR,BUY,400,159.7600,0,quote
775.952,160,fill,AC,SELL,1200,25.0750,841,mode=mm
775.953,160,place,AC,BUY,1800,25.0600,841,quote
775.953,160,place,AC,SELL,2700,25.0700,841,quote
775.953,160,place,CNR,BUY,700,159.7500,0,quote
775.953,160,place,CNR,SELL,700,159.7900,0,quote
775.953,160,place,RY,BUY,1900,99.9900,-2500,quote
775.953,160,place,RY,SELL,300,100.0500,-2500,quote
776.212,160,fill,RY,BUY,1900,100.0150,-600,mode=mm
776.214,160,place,RY,SELL,2000,100.0200,-600,quote
776.214,160,place,CNR,SELL,700,159.7800,0,quote
776.481,160,fill,RY,SELL,2000,100.0050,-2600,mode=mm
776.490,160,fill,AC,SELL,900,25.0650,-59,mode=mm
776.491,160,place,RY,BUY,1900,100.0400,-2600,quote
776.491,160,place,RY,SELL,300,100.0700,-2600,quote
776.491,160,place,AC,BUY,1500,25.0600,-59,quote
776.491,160,place,AC,SELL,200,25.0700,-59,quote
776.719,160,fill,RY,BUY,1900,100.0450,-700,mode=mm
776.719,160,fill,AC,BUY,1500,25.0650,1441,mode=mm
776.722,160,place,RY,BUY,900,100.0000,-700,quote
776.722,160,place,RY,SELL,600,100.0400,-700,quote
776.722,160,place,CNR,BUY,100,159.7400,0,quote
776.722,160,place,AC,SELL,1700,25.0700,1441,quote
776.960,160,place,RY,SELL,100,100.0100,-700,quote
777.089,160,place,CNR,BUY,700,159.7400,0,quote
777.239,161,fill,RY,SELL,600,100.0050,-1300,mode=mm
777.404,161,place,CNR,BUY,700,159.7500,0,quote
777.404,161,place,RY,SELL,900,100.0100,-1300,quote
777.484,161,fill,RY,SELL,100,100.0050,-1400,mode=mm
777.484,161,fill,AC,SELL,434,25.0650,1007,mode=mm
777.747,161,fill,CNR,BUY,700,159.7650,700,mode=mm
777.747,161,fill,AC,SELL,1266,25.0650,-259,mode=mm
777.748,161,place,AC,SELL,700,25.0700,-259,quote
777.748,161,place,CNR,BUY,500,159.7400,700,quote
777.975,161,fill,RY,SELL,900,100.0050,-2300,mode=mm
777.975,161,place,RY,BUY,3100,100.0100,-2300,quote
777.975,161,place,RY,SELL,300,100.0300,-2300,quote
777.975,161,place,AC,BUY,500,25.0500,-259,quote
778.080,161,place,AC,SELL,1300,25.0600,-259,quote
778.149,161,regime,AC,,,,,"mixed -> chop (er=0.20, net +1t over 14s)"
778.266,161,fill,RY,SELL,300,100.0100,-2600,mode=mm
778.273,161,place,CNR,BUY,500,159.7300,700,quote
778.273,161,place,RY,BUY,1100,100.0500,-2600,quote
778.273,161,place,RY,SELL,100,100.0800,-2600,quote
778.273,161,place,AC,BUY,1500,25.0500,-259,quote
778.497,161,fill,AC,BUY,2000,25.0550,1741,mode=mm
778.725,161,place,AC,BUY,400,25.0400,1741,quote
778.725,161,place,AC,SELL,2900,25.0500,1741,quote
778.819,161,fill,RY,BUY,1100,100.0550,-1500,mode=mm
778.821,161,place,RY,BUY,1000,100.0100,-1500,quote
778.821,161,place,RY,SELL,900,100.0400,-1500,quote
778.821,161,place,CNR,SELL,800,159.7700,700,quote
778.953,161,regime,RY,,,,,"mixed -> chop (er=0.23, net +8t over 14s)"
779.020,161,fill,AC,SELL,2900,25.0450,-1159,mode=mm
779.098,161,place,RY,BUY,1000,100.0200,-1500,quote
779.098,161,place,AC,BUY,2800,25.0400,-1159,quote
779.308,161,fill,RY,SELL,900,100.0250,-2400,mode=mm
779.309,161,place,CNR,SELL,800,159.7600,700,quote
779.309,161,place,RY,SELL,600,100.0400,-2400,quote
779.477,161,regime,RY,,,,,"chop -> mixed (er=0.30, net +9t over 14s)"
779.573,161,place,CNR,BUY,500,159.7200,700,quote
779.831,161,fill,RY,SELL,600,100.0250,-3000,mode=mm
779.834,161,fill,AC,BUY,2800,25.0450,1641,mode=mm
779.837,161,place,RY,BUY,3300,100.0300,-3000,quote
779.837,161,place,RY,SELL,300,100.0600,-3000,quote
779.837,161,place,CNR,SELL,800,159.7500,700,quote
779.837,161,place,AC,BUY,100,25.0400,1641,quote
780.127,161,place,RY,BUY,2000,100.0500,-3000,quote
780.255,161,place,CNR,BUY,500,159.7100,700,quote
780.255,161,place,RY,SELL,500,100.0700,-3000,quote
780.255,161,place,AC,BUY,200,25.0400,1641,quote
780.255,161,place,AC,SELL,2900,25.0500,1641,quote
780.315,161,place,CNR,SELL,800,159.7400,700,quote
780.315,161,place,AC,BUY,100,25.0400,1641,quote
780.631,161,place,AC,BUY,200,25.0400,1641,quote
780.718,161,fill,RY,BUY,2000,100.0550,-1000,mode=mm
780.719,161,fill,AC,SELL,1066,25.0450,575,mode=mm
780.734,162,place,RY,BUY,900,100.0400,-1000,quote
780.734,162,place,RY,SELL,1700,100.0600,-1000,quote
780.734,162,place,AC,BUY,100,25.0400,575,quote
780.812,162,fill,AC,SELL,1834,25.0450,-1259,mode=mm
780.916,162,place,AC,BUY,500,25.0400,-1259,quote
781.163,162,fill,RY,SELL,1700,100.0450,-2700,mode=mm
781.263,162,place,RY,BUY,1900,100.0400,-2700,quote
781.263,162,place,RY,SELL,600,100.0600,-2700,quote
781.263,162,place,AC,BUY,2800,25.0400,-1259,quote
781.263,162,place,AC,SELL,900,25.0500,-1259,quote
781.334,162,fill,RY,BUY,1600,100.0450,-1100,mode=mm
781.335,162,place,RY,BUY,2800,100.0400,-1100,quote
781.335,162,place,RY,SELL,1700,100.0500,-1100,quote
781.648,162,fill,RY,SELL,1700,100.0400,-2800,mode=mm
781.649,162,fill,AC,SELL,900,25.0450,-2159,mode=mm
781.752,162,regime,CNR,,,,,"TREND -> mixed (er=0.58, net -7t over 14s)"
781.752,162,regime,AC,,,,,"chop -> mixed (er=0.33, net -2t over 14s)"
781.886,162,fill,RY,BUY,2800,100.0500,0,mode=mm
781.890,162,place,RY,BUY,2500,100.0500,0,quote
781.890,162,place,CNR,BUY,500,159.7000,700,quote
781.890,162,place,CNR,SELL,800,159.7300,700,quote
781.890,162,place,AC,SELL,700,25.0500,-2159,quote
782.153,162,fill,RY,BUY,2500,100.0500,2500,mode=mm
782.153,162,fill,AC,SELL,700,25.0450,-2859,mode=mm
782.585,162,regime,AC,,,,,"mixed -> chop (er=0.20, net -1t over 14s)"
782.649,162,place,RY,BUY,600,100.0400,2500,quote
782.649,162,place,AC,BUY,1900,25.0500,-2859,quote
782.649,162,place,AC,SELL,300,25.0700,-2859,quote
782.907,162,place,AC,SELL,900,25.0700,-2859,quote
783.120,162,fill,RY,BUY,600,100.0550,3100,mode=mm
783.129,162,place,RY,BUY,800,100.0200,3100,quote
783.129,162,place,RY,SELL,3300,100.0500,3100,quote
783.379,162,fill,RY,BUY,800,100.0450,3900,mode=mm
783.381,162,stop,RY,SELL,3900,100.0000,3900,loss=9.2t stop=5.0t trend_against=False
783.382,162,place,RY,SELL,3900,100.0000,3900,agg
783.382,162,place,AC,BUY,3200,25.0600,-2859,quote
783.382,162,place,AC,SELL,900,25.0800,-2859,quote
783.682,162,fill,RY,SELL,3900,100.0450,0,mode=mm
783.684,162,fill,AC,SELL,1666,25.0650,-4525,mode=mm
783.686,162,place,CNR,BUY,1100,159.7000,700,quote
783.686,162,place,CNR,SELL,2600,159.7100,700,quote
783.686,162,place,RY,SELL,100,100.0700,0,quote
783.686,162,place,AC,BUY,3700,25.0700,-4525,quote
783.686,162,place,CNR,BUY,100,154.9500,700,ladder
783.686,162,place,RY,BUY,1500,97.0300,0,ladder
783.686,162,place,RY,BUY,1500,92.0300,0,ladder
783.686,162,place,RY,BUY,2000,85.0300,0,ladder
784.039,162,fill,CNR,SELL,2600,159.7100,-1900,mode=mm
784.040,162,fill,AC,SELL,134,25.0750,-4659,mode=mm
784.044,162,place,CNR,BUY,600,159.7100,-1900,quote
784.044,162,place,CNR,BUY,100,146.9600,-1900,ladder
784.531,162,regime,RY,,,,,"mixed -> chop (er=0.24, net +9t over 14s)"
784.650,162,place,RY,SELL,2500,100.0500,0,quote
784.650,162,place,AC,BUY,3700,25.0800,-4659,quote
784.650,162,place,AC,SELL,500,25.1000,-4659,quote
784.650,162,place,RY,SELL,1500,103.0400,0,ladder
784.650,162,place,RY,SELL,1500,108.0400,0,ladder
784.650,162,place,RY,SELL,2000,115.0400,0,ladder
784.791,162,place,CNR,BUY,3000,159.7200,-1900,quote
784.791,162,place,CNR,SELL,700,159.7300,-1900,quote
784.791,162,place,RY,SELL,300,100.0400,0,quote
784.791,162,place,CNR,BUY,1500,154.9400,-1900,ladder
784.791,162,place,CNR,SELL,100,164.5300,-1900,ladder
784.791,162,place,CNR,BUY,500,146.9600,-1900,ladder
784.791,162,place,CNR,BUY,200,135.7800,-1900,ladder
785.082,163,place,RY,SELL,900,100.0300,0,quote
785.197,163,fill,AC,BUY,1667,25.0850,-2992,mode=mm
785.205,163,place,CNR,BUY,1800,159.7300,-1900,quote
785.205,163,place,CNR,SELL,700,159.7400,-1900,quote
785.205,163,place,CNR,SELL,100,172.5100,-1900,ladder
785.205,163,place,CNR,SELL,100,183.7000,-1900,ladder
785.530,163,fill,CNR,BUY,300,159.7300,-1600,mode=mm
785.530,163,fill,AC,BUY,2033,25.0850,-959,mode=mm
785.753,163,fill,CNR,BUY,800,159.7300,-800,mode=mm
785.780,163,place,CNR,BUY,1600,159.7300,-800,quote
785.780,163,place,AC,BUY,100,25.0800,-959,quote
785.780,163,place,AC,SELL,1000,25.0900,-959,quote
786.040,163,fill,RY,SELL,900,100.0250,-900,mode=mm
786.041,163,place,RY,BUY,900,100.0300,-900,quote
786.041,163,place,RY,SELL,1800,100.0500,-900,quote
786.041,163,place,CNR,BUY,900,159.7400,-800,quote
786.041,163,place,CNR,SELL,1900,159.7500,-800,quote
786.041,163,place,AC,BUY,300,25.0800,-959,quote
786.137,163,regime,CNR,,,,,"mixed -> chop (er=0.24, net -3t over 14s)"
786.296,163,fill,CNR,SELL,1900,159.7400,-2700,mode=mm
786.299,163,place,CNR,BUY,3200,159.7500,-2700,quote
786.299,163,place,CNR,SELL,1000,159.7700,-2700,quote
786.299,163,place,RY,SELL,1100,100.0400,-900,quote
786.299,163,place,AC,BUY,300,25.0800,-959,quote
786.550,163,fill,RY,BUY,900,100.0350,0,mode=mm
786.550,163,fill,AC,SELL,1000,25.0850,-1959,mode=mm
786.554,163,place,RY,SELL,900,100.0300,0,quote
786.554,163,place,CNR,SELL,1000,159.7800,-2700,quote
786.554,163,place,AC,BUY,1000,25.0800,-1959,quote
786.626,163,place,RY,BUY,2500,100.0000,0,quote
786.626,163,place,CNR,BUY,1900,159.7600,-2700,quote
786.626,163,place,AC,SELL,700,25.0900,-1959,quote
786.812,163,fill,CNR,SELL,1000,159.7600,-3700,mode=mm
786.813,163,place,RY,BUY,2500,100.0100,0,quote
786.813,163,place,RY,SELL,900,100.0200,0,quote
786.813,163,place,AC,BUY,3000,25.0800,-1959,quote
787.071,163,fill,CNR,SELL,1000,159.7650,-4700,mode=mm
787.072,163,fill,RY,BUY,2500,100.0100,2500,mode=mm
787.263,163,fill,RY,SELL,900,100.0050,1600,mode=mm
787.263,163,fill,AC,BUY,649,25.0850,-1310,mode=mm
787.591,163,fill,AC,BUY,1651,25.0850,341,mode=mm
787.818,163,place,CNR,BUY,400,159.8100,-4700,quote
787.996,163,place,CNR,SELL,500,159.8500,-4700,quote
787.996,163,place,RY,BUY,800,100.0000,1600,quote
787.996,163,place,RY,SELL,1700,100.0100,1600,quote
787.996,163,place,AC,BUY,2200,25.0800,341,quote
787.996,163,place,AC,SELL,2500,25.0900,341,quote
788.126,163,regime,CNR,,,,,"3 stop-outs in 85s -> toxic flow: half size, no stepping inside for 30s"
788.126,163,stop,CNR,BUY,4700,159.8800,-4700,loss=6.4t stop=5.0t trend_against=False
788.147,163,place,CNR,BUY,4700,159.8800,-4700,agg
788.147,163,place,RY,SELL,1700,100.0600,1600,quote
788.258,163,regime,CNR,,,,,"chop -> mixed (er=0.26, net +6t over 14s)"
788.391,163,fill,CNR,BUY,4200,159.8250,-500,mode=mm
788.394,163,fill,RY,SELL,1700,100.0300,-100,mode=mm
788.399,163,place,RY,BUY,2500,100.0200,-100,quote
788.399,163,place,RY,SELL,2400,100.0400,-100,quote
788.564,163,fill,RY,SELL,2400,100.0300,-2500,mode=mm
788.569,163,place,RY,BUY,3100,100.0300,-2500,quote
788.569,163,place,RY,SELL,600,100.0900,-2500,quote
788.781,163,place,RY,BUY,1800,100.0400,-2500,quote
788.879,163,place,RY,BUY,600,100.0500,-2500,quote
789.068,164,fill,AC,BUY,2200,25.0850,2541,mode=mm
789.207,164,stop,CNR,BUY,500,159.9900,-500,loss=18.1t stop=5.0t trend_against=False
789.208,164,place,CNR,BUY,500,159.9900,-500,agg
789.420,164,fill,CNR,BUY,500,159.9100,0,mode=mm
789.420,164,fill,AC,SELL,2500,25.0850,41,mode=mm
789.422,164,place,CNR,BUY,600,159.8800,0,quote
789.422,164,place,RY,BUY,900,100.0700,-2500,quote
789.422,164,place,RY,SELL,500,100.1000,-2500,quote
789.422,164,place,AC,BUY,400,25.0800,41,quote
789.422,164,place,AC,SELL,200,25.0900,41,quote
789.422,164,place,CNR,SELL,1500,164.5800,0,ladder
789.422,164,place,CNR,SELL,1500,172.5700,0,ladder
789.422,164,place,CNR,SELL,2000,183.7500,0,ladder
789.493,164,place,RY,SELL,300,100.0900,-2500,quote
789.541,164,place,CNR,BUY,1500,154.9900,0,ladder
789.541,164,place,CNR,BUY,100,147.0100,0,ladder
789.541,164,place,CNR,BUY,100,135.8200,0,ladder
789.678,164,fill,RY,BUY,500,100.0700,-2000,mode=mm
789.678,164,fill,AC,BUY,50,25.0850,91,mode=mm
789.680,164,regime,CNR,,,,,"mixed -> TREND (er=0.52, net +16t over 14s)"
789.682,164,place,CNR,BUY,300,159.9100,0,quote
789.682,164,place,AC,BUY,200,25.0800,91,quote
789.682,164,place,AC,SELL,200,25.0900,91,quote
789.882,164,fill,AC,BUY,350,25.0850,441,mode=mm
790.058,164,place,RY,BUY,1500,100.0700,-2000,quote
790.058,164,place,RY,SELL,300,100.0800,-2000,quote
790.058,164,place,CNR,BUY,100,159.9200,0,quote
790.058,164,place,AC,BUY,1000,25.0800,441,quote
790.146,164,fill,RY,BUY,400,100.0700,-1600,mode=mm
790.146,164,fill,AC,BUY,200,25.0850,641,mode=mm
790.148,164,place,CNR,BUY,300,159.9300,0,quote
790.148,164,place,AC,SELL,200,25.0900,641,quote
790.357,164,fill,AC,BUY,1000,25.0850,1641,mode=mm
790.359,164,place,AC,SELL,1400,25.0800,1641,quote
790.524,164,place,AC,BUY,700,25.0600,1641,quote
790.524,164,place,CNR,BUY,300,159.9400,0,quote
790.647,164,fill,RY,SELL,300,100.0750,-1900,mode=mm
790.651,164,place,RY,BUY,1500,100.0800,-1900,quote
790.651,164,place,RY,SELL,300,100.0900,-1900,quote
790.651,164,place,AC,BUY,100,25.0700,1641,quote
790.874,164,fill,RY,BUY,1500,100.0800,-400,mode=mm
790.878,164,fill,AC,SELL,1300,25.0750,341,mode=mm
790.881,164,place,RY,BUY,1300,100.0400,-400,quote
790.881,164,place,RY,SELL,1000,100.0800,-400,quote
790.881,164,place,AC,BUY,1100,25.0600,341,quote
790.881,164,place,AC,SELL,1200,25.0700,341,quote
791.105,164,fill,AC,BUY,1100,25.0700,1441,mode=mm
791.106,164,place,RY,BUY,1300,100.0500,-400,quote
791.106,164,place,RY,SELL,1000,100.0700,-400,quote
791.505,164,fill,CNR,BUY,300,159.9550,300,mode=mm
791.505,164,fill,RY,BUY,1300,100.0550,900,mode=mm
791.506,164,fill,AC,SELL,1200,25.0650,241,mode=mm
791.508,164,place,RY,BUY,900,100.0400,900,quote
791.508,164,place,RY,SELL,1300,100.0500,900,quote
791.508,164,place,CNR,BUY,300,159.9200,300,quote
791.508,164,place,CNR,SELL,300,159.9700,300,quote
791.508,164,place,AC,SELL,1200,25.0700,241,quote
791.626,164,place,AC,BUY,1100,25.0500,241,quote
791.626,164,place,AC,SELL,1200,25.0600,241,quote
791.626,164,place,CNR,BUY,300,159.9300,300,quote
791.626,164,place,CNR,SELL,300,159.9600,300,quote
791.889,164,fill,AC,SELL,100,25.0600,141,mode=mm
791.890,164,place,RY,BUY,900,100.0300,900,quote
791.890,164,place,RY,SELL,1300,100.0400,900,quote
791.890,164,place,CNR,BUY,300,159.9200,300,quote
791.890,164,place,CNR,SELL,300,159.9500,300,quote
792.165,164,fill,RY,BUY,900,100.0400,1800,mode=mm
792.166,164,regime,RY,,,,,"3 stop-outs in 85s -> toxic flow: half size, no stepping inside for 30s"
792.166,164,stop,RY,SELL,1800,99.9400,1800,loss=6.0t stop=5.0t trend_against=False
792.178,164,place,RY,SELL,1800,99.9400,1800,agg
792.178,164,place,CNR,BUY,300,159.9100,300,quote
792.457,164,fill,CNR,BUY,18,159.9300,318,mode=mm
792.457,164,fill,RY,SELL,1800,100.0150,0,mode=mm
792.470,164,place,RY,SELL,600,100.0300,0,quote
792.470,164,place,CNR,BUY,300,159.8900,318,quote
792.470,164,place,CNR,SELL,300,159.9600,318,quote
792.470,164,place,AC,BUY,1100,25.0400,141,quote
792.470,164,place,AC,SELL,1200,25.0500,141,quote
792.470,164,place,RY,BUY,1500,97.0400,0,ladder
792.470,164,place,RY,SELL,500,103.0400,0,ladder
792.470,164,place,RY,BUY,300,92.0400,0,ladder
792.470,164,place,RY,SELL,100,108.0500,0,ladder
792.470,164,place,RY,SELL,100,115.0500,0,ladder
792.565,164,place,RY,BUY,1200,85.0400,0,ladder
792.753,164,fill,CNR,BUY,85,159.9250,403,mode=mm
792.755,164,place,CNR,BUY,300,159.9000,403,quote
792.755,164,place,CNR,SELL,300,159.9400,403,quote
792.755,164,place,RY,SELL,300,100.0100,0,quote
792.964,164,fill,CNR,BUY,497,159.9200,900,mode=mm
792.964,164,fill,AC,SELL,100,25.0450,41,mode=mm
792.975,164,regime,CNR,,,,,"TREND -> chop (er=0.08, net -4t over 14s)"
792.978,164,stop,CNR,SELL,900,159.6400,900,loss=14.7t stop=5.0t trend_against=False
792.980,164,place,CNR,SELL,900,159.6400,900,agg
792.980,164,place,RY,SELL,600,99.9800,0,quote
792.980,164,place,AC,BUY,700,25.0400,41,quote
792.980,164,place,AC,SELL,400,25.0500,41,quote
793.263,165,fill,CNR,SELL,900,159.7100,0,mode=mm
793.279,165,place,CNR,SELL,300,159.7200,0,quote
793.279,165,place,AC,SELL,1200,25.0500,41,quote
793.279,165,place,CNR,BUY,1500,155.0600,0,ladder
793.279,165,place,CNR,SELL,1500,164.6500,0,ladder
793.279,165,place,CNR,BUY,1500,147.0600,0,ladder
793.279,165,place,CNR,SELL,300,172.6400,0,ladder
793.279,165,place,CNR,BUY,2000,135.8700,0,ladder
793.360,165,place,CNR,SELL,2000,183.8300,0,ladder
793.458,165,fill,AC,BUY,700,25.0450,741,mode=mm
793.461,165,place,AC,BUY,900,25.0300,741,quote
793.461,165,place,AC,SELL,1300,25.0400,741,quote
793.838,165,fill,CNR,SELL,300,159.7050,-300,mode=mm
793.838,165,fill,AC,SELL,1300,25.0400,-559,mode=mm
793.845,165,place,CNR,BUY,300,159.6700,-300,quote
793.845,165,place,CNR,SELL,300,159.7200,-300,quote
793.845,165,place,AC,BUY,1300,25.0400,-559,quote
793.845,165,place,AC,SELL,600,25.0500,-559,quote
794.043,165,place,CNR,BUY,300,159.6800,-300,quote
794.195,165,fill,AC,BUY,1300,25.0450,741,mode=mm
794.198,165,place,AC,BUY,900,25.0400,741,quote
794.427,165,regime,RY,,,,,"chop -> mixed (er=0.29, net -12t over 14s)"
794.500,165,fill,AC,BUY,900,25.0450,1641,mode=mm
794.500,165,place,CNR,SELL,500,159.7300,-300,quote
794.500,165,place,RY,SELL,300,99.9700,0,quote
794.744,165,fill,AC,SELL,600,25.0450,1041,mode=mm
794.744,165,regime,RY,,,,,"mixed -> chop (er=0.23, net -10t over 14s)"
794.745,165,place,CNR,SELL,300,159.7200,-300,quote
794.745,165,place,AC,SELL,1300,25.0500,1041,quote
794.787,165,place,CNR,BUY,300,159.6900,-300,quote
795.211,165,place,CNR,BUY,300,159.6800,-300,quote
795.211,165,place,RY,SELL,300,99.9200,0,quote
795.291,165,regime,RY,,,,,"chop -> mixed (er=0.30, net -14t over 14s)"
795.337,165,place,RY,BUY,300,99.8800,0,quote
795.466,165,fill,AC,SELL,1300,25.0450,-259,mode=mm
795.470,165,place,CNR,SELL,300,159.7100,-300,quote
795.470,165,place,AC,SELL,1100,25.0500,-259,quote
795.722,165,fill,RY,SELL,300,99.9050,-300,mode=mm
795.728,165,place,RY,SELL,300,99.9800,-300,quote
795.773,165,place,AC,BUY,1200,25.0400,-259,quote
795.829,165,regime,RY,,,,,"mixed -> chop (er=0.24, net -11t over 14s)"
795.942,165,place,RY,SELL,500,99.9300,-300,quote
796.099,165,regime,RY,,,,,"chop -> mixed (er=0.28, net -15t over 14s)"
796.218,165,fill,AC,BUY,924,25.0450,665,mode=mm
796.219,165,place,AC,BUY,1000,25.0400,665,quote
796.350,165,regime,RY,,,,,"mixed -> chop (er=0.24, net -12t over 14s)"
796.470,165,fill,AC,SELL,824,25.0450,-159,mode=mm
796.473,165,place,AC,SELL,1100,25.0500,-159,quote
796.610,165,regime,RY,,,,,"chop -> mixed (er=0.28, net -14t over 14s)"
796.725,165,fill,RY,SELL,500,99.9150,-800,mode=mm
796.727,165,place,RY,SELL,400,99.9500,-800,quote
796.871,165,regime,RY,,,,,"mixed -> chop (er=0.24, net -12t over 14s)"
797.020,165,fill,AC,BUY,1000,25.0450,841,mode=mm
797.023,165,place,CNR,BUY,300,159.6700,-300,quote
797.023,165,place,CNR,SELL,300,159.7000,-300,quote
797.023,165,place,AC,BUY,900,25.0400,841,quote
797.283,165,fill,AC,SELL,1100,25.0450,-259,mode=mm
797.318,166,place,AC,SELL,1100,25.0500,-259,quote
797.422,166,regime,AC,,,,,"chop -> mixed (er=0.29, net -2t over 14s)"
797.533,166,fill,RY,SELL,400,99.9350,-1200,mode=mm
797.533,166,fill,AC,BUY,900,25.0450,641,mode=mm
797.536,166,stop,RY,BUY,1200,99.9800,-1200,loss=9.6t stop=5.0t trend_against=False
797.537,166,place,RY,BUY,1200,99.9800,-1200,agg
797.537,166,place,AC,BUY,1000,25.0400,641,quote
797.695,166,regime,RY,,,,,"chop -> mixed (er=0.27, net -13t over 14s)"
797.783,166,fill,RY,BUY,1200,99.9350,0,mode=mm
797.797,166,place,RY,BUY,600,99.9200,0,quote
797.797,166,place,CNR,SELL,500,159.7100,-300,quote
797.797,166,place,RY,BUY,1500,96.9700,0,ladder
797.797,166,place,RY,SELL,1500,102.9700,0,ladder
797.797,166,place,RY,BUY,1500,91.9700,0,ladder
797.797,166,place,RY,SELL,1500,107.9600,0,ladder
797.797,166,place,RY,BUY,2000,84.9700,0,ladder
797.797,166,place,RY,SELL,2000,114.9600,0,ladder
797.945,166,regime,RY,,,,,"mixed -> chop (er=0.23, net -11t over 14s)"
798.055,166,fill,AC,SELL,100,25.0450,541,mode=mm
798.057,166,place,RY,BUY,300,99.9600,0,quote
798.057,166,place,AC,BUY,600,25.0400,541,quote
798.057,166,place,AC,SELL,700,25.0500,541,quote
798.274,166,fill,AC,BUY,264,25.0450,805,mode=mm
798.512,166,fill,AC,SELL,364,25.0450,441,mode=mm
798.512,166,place,AC,BUY,600,25.0400,441,quote
798.512,166,place,AC,SELL,700,25.0500,441,quote
798.790,166,fill,AC,SELL,100,25.0450,341,mode=mm
798.791,166,place,CNR,SELL,300,159.7000,-300,quote
799.071,166,place,CNR,BUY,600,159.6600,-300,quote
799.071,166,place,CNR,SELL,500,159.7100,-300,quote
799.560,166,fill,RY,BUY,300,99.9750,300,mode=mm
799.561,166,place,RY,BUY,500,99.9200,300,quote
799.561,166,place,RY,SELL,300,99.9900,300,quote
799.561,166,place,CNR,BUY,600,159.6700,-300,quote
799.836,166,place,CNR,SELL,500,159.7200,-300,quote
800.099,166,place,RY,SELL,300,99.9800,300,quote
800.099,166,place,CNR,BUY,300,159.6800,-300,quote
800.099,166,place,CNR,SELL,300,159.7100,-300,quote
800.099,166,place,AC,BUY,600,25.0400,341,quote
800.099,166,place,AC,SELL,700,25.0500,341,quote
800.336,166,fill,AC,SELL,700,25.0450,-359,mode=mm
800.337,166,place,RY,BUY,500,99.9300,300,quote
800.337,166,place,RY,SELL,300,99.9700,300,quote
800.337,166,place,CNR,BUY,300,159.6900,-300,quote
800.337,166,place,CNR,SELL,300,159.7200,-300,quote
800.618,166,fill,CNR,SELL,300,159.7050,-600,mode=mm
800.618,166,fill,RY,BUY,500,99.9500,800,mode=mm
800.618,166,fill,AC,BUY,600,25.0450,241,mode=mm
800.620,166,place,CNR,SELL,500,159.7300,-600,quote
800.620,166,place,RY,SELL,400,99.9600,800,quote
800.620,166,place,AC,BUY,600,25.0400,241,quote
800.863,166,fill,CNR,SELL,300,159.7100,-900,mode=mm
800.884,166,place,RY,BUY,400,99.9200,800,quote
800.884,166,place,RY,SELL,600,99.9900,800,quote
800.884,166,place,CNR,BUY,600,159.7100,-900,quote
800.884,166,place,CNR,SELL,400,159.7500,-900,quote
800.990,166,fill,CNR,SELL,500,159.7300,-1400,mode=mm
800.991,167,stop,CNR,BUY,1400,159.8500,-1400,loss=7.9t stop=5.3t trend_against=False
800.992,167,place,CNR,BUY,1400,159.8500,-1400,agg
800.992,167,place,RY,SELL,600,99.9600,800,quote
801.173,167,fill,CNR,SELL,400,159.7600,-1800,mode=mm
801.173,167,fill,RY,BUY,500,99.9400,1300,mode=mm
801.173,167,fill,AC,BUY,600,25.0450,841,mode=mm
801.175,167,place,CNR,BUY,400,160.0100,-1800,agg
801.175,167,place,AC,BUY,900,25.0300,841,quote
801.175,167,place,AC,SELL,1300,25.0400,841,quote
801.175,167,place,RY,BUY,200,99.9400,1300,quote
801.175,167,place,RY,SELL,400,99.9700,1300,quote
801.500,167,fill,CNR,BUY,1800,159.8950,0,mode=mm
801.502,167,fill,AC,SELL,34,25.0400,807,mode=mm
801.502,167,regime,CNR,,,,,"chop -> mixed (er=0.28, net +22t over 14s)"
801.503,167,place,CNR,BUY,300,159.9800,0,quote
801.503,167,place,CNR,BUY,1500,154.9400,0,ladder
801.503,167,place,CNR,SELL,1500,164.5300,0,ladder
801.503,167,place,CNR,BUY,1500,146.9600,0,ladder
801.503,167,place,CNR,SELL,1500,172.5200,0,ladder
801.503,167,place,CNR,BUY,700,135.7800,0,ladder
801.503,167,place,CNR,SELL,2000,183.7000,0,ladder
801.684,167,fill,RY,SELL,400,99.9550,900,mode=mm
801.684,167,fill,AC,SELL,1266,25.0350,-459,mode=mm
801.687,167,place,RY,SELL,400,99.9700,900,quote
801.687,167,place,AC,SELL,600,25.0400,-459,quote
801.905,167,fill,RY,BUY,200,99.9550,1100,mode=mm
801.906,167,fill,AC,BUY,900,25.0350,441,mode=mm
801.906,167,stop,RY,SELL,1100,99.8300,1100,loss=6.4t stop=5.0t trend_against=False
801.907,167,place,RY,SELL,1100,99.8300,1100,agg
801.907,167,place,CNR,BUY,300,160.0000,0,quote
801.907,167,place,AC,BUY,600,25.0300,441,quote
802.136,167,fill,RY,SELL,1100,99.9150,0,mode=mm
802.137,167,fill,AC,SELL,600,25.0350,-159,mode=mm
802.171,167,place,RY,SELL,300,99.9600,0,quote
802.171,167,place,AC,SELL,700,25.0400,-159,quote
802.171,167,place,RY,BUY,1500,96.9600,0,ladder
802.171,167,place,RY,SELL,1500,102.9600,0,ladder
802.171,167,place,RY,BUY,1500,91.9600,0,ladder
802.171,167,place,RY,SELL,1500,107.9500,0,ladder
802.171,167,place,RY,BUY,2000,84.9600,0,ladder
802.171,167,place,RY,SELL,1200,114.9500,0,ladder
802.426,167,place,RY,SELL,600,99.9500,0,quote
802.426,167,place,CNR,BUY,300,160.0100,0,quote
802.681,167,fill,AC,SELL,100,25.0350,-259,mode=mm
802.684,167,place,RY,SELL,600,99.9400,0,quote
802.684,167,place,AC,BUY,1200,25.0400,-259,quote
802.684,167,place,AC,SELL,1100,25.0500,-259,quote
802.871,167,fill,AC,BUY,1200,25.0400,941,mode=mm
802.873,167,place,RY,SELL,300,99.9300,0,quote
802.960,167,regime,CNR,,,,,"mixed -> chop (er=0.17, net +12t over 14s)"
802.960,167,regime,RY,,,,,"chop -> mixed (er=0.32, net -15t over 14s)"
803.125,167,fill,AC,SELL,1100,25.0450,-159,mode=mm
803.135,167,place,AC,SELL,700,25.0500,-159,quote
803.392,167,fill,AC,SELL,700,25.0450,-859,mode=mm
804.253,167,place,AC,BUY,800,25.0400,-859,quote
804.304,167,place,CNR,SELL,300,160.0400,0,quote
804.389,167,fill,RY,SELL,300,99.9150,-300,mode=mm
804.393,167,place,AC,BUY,1300,25.0500,-859,quote
804.393,167,place,AC,SELL,900,25.0600,-859,quote
804.393,167,place,RY,BUY,300,99.9000,-300,quote
804.393,167,place,RY,SELL,300,99.9300,-300,quote
804.656,167,fill,AC,SELL,300,25.0500,-1159,mode=mm
804.938,167,fill,CNR,BUY,300,160.0250,300,mode=mm
804.938,167,regime,AC,,,,,"mixed -> chop (er=0.23, net -2t over 14s)"
804.939,167,place,CNR,BUY,300,160.0100,300,quote
804.973,167,fill,AC,BUY,700,25.0550,-459,mode=mm
804.974,167,place,AC,BUY,1300,25.0600,-459,quote
804.974,167,place,AC,SELL,1000,25.0700,-459,quote
805.208,168,fill,AC,BUY,300,25.0600,-159,mode=mm
805.209,168,place,AC,BUY,1200,25.0700,-159,quote
805.209,168,place,AC,SELL,1100,25.0800,-159,quote
805.258,168,place,CNR,SELL,300,160.0400,300,quote
805.488,168,fill,CNR,SELL,300,160.0250,0,mode=mm
805.488,168,fill,AC,BUY,1200,25.0700,1041,mode=mm
805.699,168,fill,RY,SELL,300,99.9150,-600,mode=mm
805.700,168,place,RY,SELL,300,100.0000,-600,quote
805.726,168,place,RY,SELL,300,99.9900,-600,quote
805.768,168,regime,RY,,,,,"mixed -> chop (er=0.22, net -10t over 14s)"
805.938,168,place,RY,BUY,600,99.9200,-600,quote
805.938,168,place,RY,SELL,500,99.9800,-600,quote
806.188,168,place,RY,BUY,600,99.9300,-600,quote
806.188,168,place,RY,SELL,500,100.0000,-600,quote
806.338,168,place,RY,SELL,500,99.9900,-600,quote
806.421,168,fill,RY,SELL,500,99.9600,-1100,mode=mm
806.436,168,place,RY,BUY,700,99.9400,-1100,quote
806.436,168,place,RY,SELL,400,99.9800,-1100,quote
806.556,168,place,AC,BUY,500,25.0600,1041,quote
806.556,168,place,AC,SELL,800,25.0700,1041,quote
806.733,168,place,RY,BUY,400,99.9500,-1100,quote
806.801,168,place,CNR,SELL,300,160.0400,0,quote
806.849,168,regime,CNR,,,,,"chop -> TREND (er=0.84, net +32t over 14s)"
806.849,168,regime,AC,,,,,"chop -> mixed (er=0.33, net +2t over 14s)"
807.007,168,fill,CNR,SELL,300,160.0250,-300,mode=mm
807.008,168,fill,RY,SELL,400,99.9650,-1500,mode=mm
807.008,168,fill,AC,BUY,500,25.0650,1541,mode=mm
807.010,168,place,RY,SELL,300,100.0000,-1500,quote
807.010,168,place,CNR,SELL,300,160.0800,-300,quote
807.010,168,place,AC,BUY,700,25.0600,1541,quote
807.199,168,fill,AC,SELL,800,25.0650,741,mode=mm
807.199,168,place,RY,BUY,400,99.9700,-1500,quote
807.199,168,place,AC,SELL,800,25.0700,741,quote
807.457,168,fill,AC,BUY,700,25.0650,1441,mode=mm
807.459,168,place,AC,BUY,700,25.0500,1441,quote
807.459,168,place,AC,SELL,1400,25.0600,1441,quote
807.733,168,fill,RY,SELL,300,99.9850,-1800,mode=mm
807.733,168,fill,AC,SELL,700,25.0600,741,mode=mm
807.733,168,stop,RY,BUY,1800,100.1200,-1800,loss=10.3t stop=5.0t trend_against=False
807.735,168,place,RY,BUY,1800,100.1200,-1800,agg
807.956,168,regime,AC,,,,,"mixed -> chop (er=0.17, net +1t over 14s)"
807.992,168,fill,RY,BUY,1800,100.0250,0,mode=mm
807.995,168,place,RY,BUY,300,99.9800,0,quote
807.995,168,place,RY,BUY,1500,96.9500,0,ladder
807.995,168,place,RY,SELL,1500,102.9500,0,ladder
807.995,168,place,RY,BUY,1500,91.9600,0,ladder
807.995,168,place,RY,SELL,1500,107.9500,0,ladder
807.995,168,place,RY,BUY,2000,84.9600,0,ladder
807.995,168,place,RY,SELL,2000,114.9500,0,ladder
808.216,168,place,RY,BUY,300,99.9900,0,quote
808.329,168,place,CNR,SELL,300,160.0400,-300,quote
808.457,168,place,RY,BUY,600,100.0100,0,quote
808.519,168,regime,RY,,,,,"chop -> mixed (er=0.26, net +11t over 14s)"
808.799,168,fill,CNR,SELL,300,160.0250,-600,mode=mm
808.799,169,regime,RY,,,,,"mixed -> chop (er=0.23, net +9t over 14s)"
808.801,169,place,RY,BUY,600,100.0200,0,quote
808.801,169,place,CNR,SELL,300,160.0400,-600,quote
808.801,169,place,AC,BUY,900,25.0400,741,quote
808.801,169,place,AC,SELL,1300,25.0500,741,quote
809.009,169,fill,CNR,SELL,300,160.0250,-900,mode=mm
809.010,169,fill,AC,BUY,900,25.0500,1641,mode=mm
809.063,169,place,CNR,SELL,200,160.0700,-900,quote
809.063,169,place,RY,BUY,300,100.0300,0,quote
809.279,169,fill,AC,SELL,1300,25.0450,341,mode=mm
809.282,169,place,CNR,BUY,400,160.0200,-900,quote
809.282,169,place,CNR,SELL,200,160.0600,-900,quote
809.282,169,place,AC,SELL,1200,25.0500,341,quote
809.334,169,regime,RY,,,,,"chop -> mixed (er=0.38, net +14t over 14s)"
809.545,169,place,AC,BUY,1100,25.0200,341,quote
809.545,169,place,AC,SELL,1200,25.0400,341,quote
809.767,169,place,AC,BUY,1100,25.0300,341,quote
809.989,169,fill,AC,BUY,1100,25.0350,1441,mode=mm
810.121,169,regime,RY,,,,,"mixed -> TREND (er=0.46, net +15t over 14s)"
810.298,169,fill,AC,SELL,1200,25.0350,241,mode=mm
810.300,169,place,CNR,BUY,400,160.0100,-900,quote
810.300,169,place,AC,SELL,1200,25.0400,241,quote
810.611,169,fill,CNR,BUY,200,160.0350,-700,mode=mm
810.611,169,fill,RY,BUY,300,100.0500,300,mode=mm
810.612,169,place,AC,BUY,1100,25.0200,241,quote
810.612,169,place,AC,SELL,1200,25.0300,241,quote
810.612,169,place,CNR,BUY,400,160.0200,-700,quote
810.612,169,place,CNR,SELL,200,160.0700,-700,quote
810.612,169,place,RY,BUY,300,99.9900,300,quote
810.612,169,place,RY,SELL,300,100.0600,300,quote
810.829,169,place,RY,BUY,300,100.0000,300,quote
810.829,169,place,RY,SELL,300,100.0400,300,quote
810.864,169,fill,AC,SELL,1200,25.0300,-959,mode=mm
810.874,169,place,AC,SELL,900,25.0400,-959,quote
810.874,169,place,CNR,BUY,400,160.0300,-700,quote
810.874,169,place,CNR,SELL,200,160.0600,-700,quote
810.950,169,regime,RY,,,,,"TREND -> mixed (er=0.28, net +9t over 14s)"
811.047,169,fill,AC,BUY,1100,25.0300,141,mode=mm
811.050,169,place,AC,BUY,1100,25.0100,141,quote
811.050,169,place,RY,SELL,300,100.0300,300,quote
811.217,169,regime,RY,,,,,"mixed -> chop (er=0.25, net +8t over 14s)"
811.375,169,fill,CNR,BUY,400,160.0450,-300,mode=mm
811.375,169,fill,AC,SELL,900,25.0250,-759,mode=mm
811.385,169,place,AC,SELL,900,25.0400,-759,quote
811.385,169,place,CNR,BUY,300,160.0200,-300,quote
811.494,169,place,AC,BUY,1300,25.0300,-759,quote
811.622,169,fill,CNR,SELL,200,160.0400,-500,mode=mm
811.622,169,fill,AC,BUY,1300,25.0300,541,mode=mm
811.625,169,place,CNR,SELL,300,160.0500,-500,quote
811.625,169,place,AC,BUY,600,25.0200,541,quote
811.925,169,place,RY,BUY,300,99.9900,300,quote
811.925,169,place,RY,SELL,300,100.0200,300,quote
812.065,169,fill,AC,BUY,600,25.0250,1141,mode=mm
812.068,169,place,AC,BUY,500,25.0200,1141,quote
812.159,169,place,AC,SELL,800,25.0300,1141,quote
812.387,169,fill,CNR,BUY,300,160.0350,-200,mode=mm
812.387,169,fill,AC,BUY,500,25.0250,1641,mode=mm
812.389,169,place,CNR,BUY,300,160.0200,-200,quote
812.624,169,fill,AC,SELL,800,25.0250,841,mode=mm
812.625,169,place,RY,BUY,500,99.9800,300,quote
812.625,169,place,AC,BUY,900,25.0100,841,quote
812.625,169,place,AC,SELL,1300,25.0200,841,quote
812.747,169,fill,AC,SELL,1300,25.0200,-459,mode=mm
812.757,169,place,RY,SELL,300,100.0100,300,quote
812.757,169,place,AC,SELL,600,25.0300,-459,quote
813.350,170,fill,RY,SELL,300,99.9950,0,mode=mm
813.350,170,fill,AC,SELL,600,25.0250,-1059,mode=mm
813.354,170,place,RY,SELL,300,100.0100,0,quote
813.354,170,place,AC,SELL,500,25.0300,-1059,quote
813.663,170,place,RY,BUY,300,99.9900,0,quote
813.663,170,place,RY,SELL,300,100.0200,0,quote
813.663,170,place,AC,BUY,800,25.0200,-1059,quote
813.723,170,fill,AC,SELL,500,25.0250,-1559,mode=mm
813.944,170,place,CNR,BUY,300,160.0200,-200,quote
813.970,170,fill,CNR,BUY,250,160.0350,50,mode=mm
813.970,170,fill,RY,SELL,300,100.0050,-300,mode=mm
813.972,170,place,AC,BUY,1400,25.0300,-1559,quote
813.972,170,place,AC,SELL,700,25.0500,-1559,quote
813.972,170,place,RY,SELL,500,100.0300,-300,quote
814.195,170,fill,CNR,BUY,300,160.0350,350,mode=mm
814.195,170,fill,AC,SELL,700,25.0350,-2259,mode=mm
814.198,170,place,AC,BUY,1500,25.0400,-2259,quote
814.198,170,place,AC,SELL,500,25.0700,-2259,quote
814.198,170,place,CNR,BUY,300,160.0000,350,quote
814.198,170,place,RY,BUY,300,100.0000,-300,quote
814.393,170,fill,RY,SELL,500,100.0150,-800,mode=mm
814.397,170,place,AC,BUY,1500,25.0500,-2259,quote
814.397,170,place,CNR,BUY,300,160.0100,350,quote
814.397,170,place,CNR,SELL,300,160.0400,350,quote
814.397,170,place,RY,SELL,200,100.0300,-800,quote
814.703,170,fill,AC,BUY,1000,25.0500,-1259,mode=mm
814.706,170,place,AC,BUY,1400,25.0200,-1259,quote
814.706,170,place,AC,SELL,800,25.0400,-1259,quote
814.706,170,place,RY,BUY,400,100.0100,-800,quote
814.706,170,place,RY,SELL,200,100.0400,-800,quote
814.774,170,regime,RY,,,,,"chop -> mixed (er=0.27, net +8t over 14s)"
814.896,170,fill,AC,SELL,800,25.0300,-2059,mode=mm
814.898,170,place,AC,BUY,1500,25.0300,-2059,quote
815.171,170,fill,AC,BUY,300,25.0350,-1759,mode=mm
815.286,170,regime,CNR,,,,,"TREND -> chop (er=0.25, net +3t over 14s)"
815.286,170,regime,RY,,,,,"mixed -> chop (er=0.25, net +7t over 14s)"
815.458,170,fill,CNR,BUY,300,160.0250,650,mode=mm
815.458,170,fill,AC,BUY,1200,25.0350,-559,mode=mm
815.460,170,place,CNR,BUY,300,160.0100,650,quote
815.460,170,place,AC,SELL,600,25.0600,-559,quote
815.694,170,fill,RY,BUY,200,100.0250,-600,mode=mm
815.694,170,fill,AC,SELL,600,25.0550,-1159,mode=mm
815.695,170,place,RY,BUY,600,100.0100,-600,quote
815.695,170,place,RY,SELL,500,100.0800,-600,quote
815.695,170,place,AC,BUY,1400,25.0600,-1159,quote
815.695,170,place,AC,SELL,800,25.0700,-1159,quote
815.817,170,regime,RY,,,,,"chop -> mixed (er=0.30, net +9t over 14s)"
815.983,170,fill,CNR,BUY,300,160.0250,950,mode=mm
815.983,170,fill,AC,BUY,200,25.0600,-959,mode=mm
815.984,170,place,RY,SELL,500,100.0700,-600,quote
815.984,170,place,CNR,BUY,200,160.0100,950,quote
816.087,170,regime,RY,,,,,"mixed -> TREND (er=0.47, net +12t over 14s)"
816.199,170,fill,AC,BUY,400,25.0650,-559,mode=mm
816.203,170,place,AC,BUY,1300,25.0700,-559,quote
816.203,170,place,AC,SELL,1000,25.0800,-559,quote
816.203,170,place,RY,BUY,400,100.0200,-600,quote
816.203,170,place,RY,SELL,300,100.0600,-600,quote
816.496,170,fill,CNR,BUY,200,160.0250,1150,mode=mm
816.496,170,fill,AC,SELL,1000,25.0700,-1559,mode=mm
816.497,170,place,CNR,BUY,100,159.9800,1150,quote
816.497,170,place,CNR,SELL,200,160.0200,1150,quote
816.497,170,place,RY,SELL,300,100.0500,-600,quote
816.747,170,fill,CNR,BUY,100,159.9200,1250,mode=mm
816.747,170,fill,AC,BUY,1300,25.0750,-259,mode=mm
816.750,170,regime,CNR,,,,,"chop -> mixed (er=0.28, net -3t over 14s)"
816.751,170,place,CNR,BUY,400,159.9500,1250,quote
816.751,170,place,CNR,SELL,700,160.0200,1250,quote
816.751,170,place,AC,BUY,700,25.0700,-259,quote
816.877,170,place,CNR,SELL,700,160.0100,1250,quote
816.877,170,place,AC,BUY,1200,25.0800,-259,quote
816.877,170,place,AC,SELL,1100,25.0900,-259,quote
816.963,170,place,CNR,BUY,400,159.9600,1250,quote
816.963,170,place,CNR,SELL,700,160.0000,1250,quote
817.297,171,fill,CNR,BUY,400,159.9800,1650,mode=mm
817.297,171,fill,AC,BUY,1200,25.0850,941,mode=mm
817.298,171,place,CNR,BUY,300,159.9300,1650,quote
817.298,171,place,CNR,SELL,700,159.9900,1650,quote
817.298,171,place,AC,BUY,900,25.0700,941,quote
817.356,171,place,CNR,BUY,300,159.9400,1650,quote
817.513,171,fill,AC,SELL,200,25.0800,741,mode=mm
817.515,171,place,CNR,SELL,400,159.9700,1650,quote
817.515,171,place,AC,BUY,500,25.0800,741,quote
817.515,171,place,AC,SELL,800,25.0900,741,quote
817.566,171,place,CNR,BUY,200,159.9400,1650,quote
817.803,171,fill,CNR,BUY,500,159.9550,2150,mode=mm
817.803,171,fill,AC,BUY,500,25.0850,1241,mode=mm
817.803,171,stop,CNR,SELL,2150,159.9100,2150,loss=17.0t stop=5.0t trend_against=False
817.805,171,place,CNR,SELL,2150,159.9100,2150,agg
817.878,171,place,AC,SELL,1400,25.0800,1241,quote
818.037,171,fill,CNR,SELL,877,159.9550,1273,mode=mm
818.037,171,fill,RY,SELL,300,100.0350,-900,mode=mm
818.037,171,fill,AC,SELL,800,25.0800,441,mode=mm
818.037,171,place,RY,SELL,200,100.0700,-900,quote
818.164,171,regime,CNR,,,,,"3 stop-outs in 85s -> toxic flow: half size, no stepping inside for 30s"
818.277,171,fill,AC,SELL,1300,25.0750,-859,mode=mm
818.278,171,regime,CNR,,,,,"mixed -> TREND (er=0.68, net -19t over 14s)"
818.279,171,place,RY,BUY,400,100.0300,-900,quote
818.279,171,place,AC,SELL,500,25.0800,-859,quote
818.524,171,fill,AC,SELL,100,25.0750,-959,mode=mm
818.775,171,fill,RY,SELL,200,100.0500,-1100,mode=mm
818.775,171,fill,AC,SELL,500,25.0750,-1459,mode=mm
818.779,171,place,RY,BUY,400,100.0400,-1100,quote
818.779,171,place,RY,SELL,200,100.0700,-1100,quote
818.779,171,place,AC,SELL,400,25.0800,-1459,quote
818.846,171,stop,CNR,SELL,1273,159.5900,1273,loss=20.0t stop=5.8t trend_against=False
818.847,171,place,CNR,SELL,1273,159.5900,1273,agg
818.874,171,place,AC,BUY,800,25.0700,-1459,quote
819.081,171,fill,CNR,SELL,1273,159.6750,0,mode=mm
819.081,171,fill,RY,BUY,400,100.0550,-700,mode=mm
819.081,171,fill,AC,BUY,800,25.0750,-659,mode=mm
819.082,171,place,CNR,SELL,300,159.6900,0,quote
819.082,171,place,RY,BUY,400,100.0500,-700,quote
819.082,171,place,RY,SELL,200,100.0800,-700,quote
819.082,171,place,CNR,BUY,1500,155.1700,0,ladder
819.082,171,place,CNR,SELL,1500,164.7700,0,ladder
819.082,171,place,CNR,BUY,1500,147.1700,0,ladder
819.082,171,place,CNR,SELL,1500,172.7700,0,ladder
819.082,171,place,CNR,BUY,2000,135.9700,0,ladder
819.082,171,place,CNR,SELL,2000,183.9600,0,ladder
819.487,171,fill,AC,SELL,400,25.0700,-1059,mode=mm
819.489,171,place,RY,BUY,400,100.0500,-700,quote
819.489,171,place,AC,BUY,800,25.0600,-1059,quote
819.489,171,place,AC,SELL,500,25.0700,-1059,quote
819.761,171,fill,AC,BUY,300,25.0650,-759,mode=mm
820.022,171,fill,RY,SELL,200,100.0650,-900,mode=mm
820.022,171,place,RY,SELL,200,100.0800,-900,quote
820.022,171,place,AC,BUY,800,25.0500,-759,quote
820.022,171,place,AC,SELL,500,25.0600,-759,quote
820.269,171,fill,RY,BUY,400,100.0650,-500,mode=mm
820.269,171,fill,AC,BUY,800,25.0550,41,mode=mm
820.271,171,place,AC,BUY,1200,25.0400,41,quote
820.271,171,place,AC,SELL,1200,25.0500,41,quote
820.271,171,place,RY,BUY,300,100.0500,-500,quote
820.271,171,place,RY,SELL,300,100.0900,-500,quote
820.513,171,fill,AC,BUY,1200,25.0500,1241,mode=mm
820.514,171,place,RY,SELL,300,100.0800,-500,quote
820.825,171,fill,RY,SELL,300,100.0650,-800,mode=mm
820.825,171,fill,AC,SELL,1200,25.0450,41,mode=mm
820.826,171,place,RY,SELL,200,100.0900,-800,quote
820.826,171,place,AC,SELL,700,25.0500,41,quote
821.026,171,place,AC,BUY,1200,25.0300,41,quote
821.026,171,place,AC,SELL,1200,25.0400,41,quote
821.932,172,regime,RY,,,,,"TREND -> chop (er=0.20, net +4t over 14s)"
822.105,172,fill,RY,BUY,300,100.0650,-500,mode=mm
822.114,172,place,AC,SELL,1200,25.0500,41,quote
822.114,172,place,RY,BUY,300,100.0000,-500,quote
822.114,172,place,RY,SELL,300,100.1000,-500,quote
822.235,172,place,RY,BUY,700,100.0200,-500,quote
822.235,172,place,RY,SELL,600,100.0800,-500,quote
822.307,172,place,RY,BUY,1300,100.0300,-500,quote
822.307,172,place,RY,SELL,1000,100.0600,-500,quote
822.307,172,place,CNR,SELL,300,159.6800,0,quote
822.307,172,place,AC,BUY,700,25.0400,41,quote
822.609,172,fill,AC,SELL,1200,25.0450,-1159,mode=mm
822.613,172,place,RY,BUY,1300,100.0400,-500,quote
822.613,172,place,RY,SELL,1000,100.0500,-500,quote
822.613,172,place,AC,SELL,500,25.0500,-1159,quote
822.863,172,fill,RY,BUY,2200,100.0400,1700,mode=mm
822.867,172,fill,AC,BUY,700,25.0450,-459,mode=mm
822.868,172,place,RY,BUY,400,100.0300,1700,quote
822.868,172,place,RY,SELL,800,100.0400,1700,quote
822.868,172,place,AC,BUY,700,25.0400,-459,quote
823.112,172,fill,AC,BUY,200,25.0450,-259,mode=mm
823.120,172,place,AC,SELL,600,25.0500,-259,quote
823.374,172,fill,RY,BUY,400,100.0350,2100,mode=mm
823.376,172,place,RY,BUY,600,100.0100,2100,quote
823.376,172,place,RY,SELL,1500,100.0300,2100,quote
823.623,172,fill,RY,SELL,900,100.0200,1200,mode=mm
823.626,172,place,RY,BUY,800,99.9900,1200,quote
823.626,172,place,RY,SELL,1400,100.0100,1200,quote
823.719,172,place,RY,BUY,800,100.0000,1200,quote
823.876,172,place,AC,BUY,700,25.0300,-259,quote
823.876,172,place,AC,SELL,600,25.0400,-259,quote
824.087,172,place,RY,BUY,500,100.0000,1200,quote
824.132,172,fill,RY,SELL,1400,100.0050,-200,mode=mm
824.134,172,fill,AC,BUY,100,25.0350,-159,mode=mm
824.134,172,place,RY,SELL,700,100.0100,-200,quote
824.657,172,fill,RY,SELL,700,100.0050,-900,mode=mm
824.658,172,place,RY,SELL,500,100.0200,-900,quote
824.954,173,place,RY,BUY,800,100.0100,-900,quote
825.178,173,fill,RY,SELL,500,100.0150,-1400,mode=mm
825.185,173,regime,RY,,,,,"3 stop-outs in 85s -> toxic flow: half size, no stepping inside for 30s"
825.185,173,stop,RY,BUY,1400,100.1200,-1400,loss=6.6t stop=5.0t trend_against=False
825.191,173,place,RY,BUY,1400,100.1200,-1400,agg
825.329,173,place,CNR,BUY,300,159.6500,0,quote
825.430,173,fill,RY,BUY,1400,100.0450,0,mode=mm
825.436,173,place,RY,BUY,600,100.0100,0,quote
825.436,173,place,RY,BUY,1500,97.0300,0,ladder
825.436,173,place,RY,SELL,1500,103.0300,0,ladder
825.436,173,place,RY,BUY,1500,92.0300,0,ladder
825.436,173,place,RY,SELL,1500,108.0400,0,ladder
825.436,173,place,RY,BUY,2000,85.0300,0,ladder
825.436,173,place,RY,SELL,2000,115.0400,0,ladder
825.498,173,place,AC,BUY,1200,25.0300,-159,quote
825.498,173,place,AC,SELL,1100,25.0400,-159,quote
825.638,173,fill,AC,SELL,1100,25.0300,-1259,mode=mm
825.641,173,place,AC,BUY,1400,25.0200,-1259,quote
825.641,173,place,AC,SELL,800,25.0500,-1259,quote
825.641,173,place,RY,BUY,100,100.0200,0,quote
825.921,173,fill,AC,BUY,400,25.0350,-859,mode=mm
825.925,173,place,RY,BUY,600,100.0300,0,quote
825.925,173,place,AC,BUY,1300,25.0500,-859,quote
825.925,173,place,AC,SELL,300,25.0600,-859,quote
826.137,173,fill,AC,BUY,1300,25.0500,441,mode=mm
826.415,173,place,RY,BUY,600,100.0300,0,quote
826.415,173,place,AC,BUY,600,25.0400,441,quote
826.685,173,fill,RY,BUY,600,100.0500,600,mode=mm
826.685,173,fill,AC,BUY,600,25.0450,1041,mode=mm
826.686,173,place,AC,BUY,800,25.0200,1041,quote
826.686,173,place,RY,BUY,500,100.0200,600,quote
826.686,173,place,RY,SELL,600,100.0600,600,quote
826.896,173,place,AC,SELL,1300,25.0300,1041,quote
826.921,173,fill,AC,BUY,800,25.0300,1841,mode=mm
826.922,173,place,RY,SELL,400,100.0500,600,quote
827.153,173,fill,RY,BUY,500,100.0350,1100,mode=mm
827.153,173,fill,AC,SELL,1300,25.0300,541,mode=mm
827.155,173,place,RY,BUY,400,100.0100,1100,quote
827.456,173,fill,RY,SELL,400,100.0300,700,mode=mm
827.456,173,place,AC,SELL,1300,25.0400,541,quote
827.456,173,place,RY,SELL,400,100.0400,700,quote
827.715,173,fill,AC,SELL,1300,25.0350,-759,mode=mm
827.929,173,place,AC,BUY,1300,25.0300,-759,quote
827.929,173,place,AC,SELL,900,25.0500,-759,quote
828.224,173,fill,AC,BUY,400,25.0400,-359,mode=mm
828.224,173,place,AC,BUY,1200,25.0400,-359,quote
828.478,173,fill,AC,BUY,1200,25.0400,841,mode=mm
828.479,173,place,AC,BUY,900,25.0200,841,quote
828.698,173,place,RY,BUY,400,99.9800,700,quote
828.767,173,fill,RY,BUY,400,100.0100,1100,mode=mm
828.823,173,place,RY,BUY,200,99.9900,1100,quote
828.823,173,place,RY,SELL,400,100.0200,1100,quote
828.968,173,fill,RY,BUY,400,100.0050,1500,mode=mm
828.968,173,place,RY,BUY,300,99.9800,1500,quote
829.244,174,place,RY,BUY,200,99.9900,1500,quote
829.446,174,place,AC,SELL,1300,25.0500,841,quote
829.514,174,fill,RY,SELL,400,100.0050,1100,mode=mm
829.515,174,place,AC,SELL,1300,25.0600,841,quote
829.515,174,place,RY,SELL,700,100.0300,1100,quote
829.741,174,fill,AC,SELL,2600,25.0550,-1759,mode=mm
829.750,174,place,RY,BUY,200,100.0000,1100,quote
829.750,174,place,AC,BUY,800,25.0500,-1759,quote
829.991,174,fill,AC,BUY,800,25.0550,-959,mode=mm
830.261,174,fill,RY,SELL,700,100.0150,400,mode=mm
830.262,174,place,RY,SELL,600,100.0500,400,quote
830.262,174,place,CNR,BUY,300,159.6400,0,quote
830.521,174,place,CNR,BUY,300,159.6300,0,quote
830.521,174,place,CNR,SELL,300,159.6600,0,quote
830.521,174,place,RY,BUY,300,100.0100,400,quote
830.521,174,place,RY,SELL,300,100.0400,400,quote
831.046,174,fill,RY,BUY,300,100.0250,700,mode=mm
831.047,174,place,RY,BUY,200,100.0100,700,quote
831.098,174,place,AC,SELL,900,25.0600,-959,quote
831.284,174,place,AC,BUY,1300,25.0500,-959,quote
831.560,174,fill,AC,BUY,400,25.0500,-559,mode=mm
831.561,174,place,AC,BUY,1300,25.0400,-559,quote
831.561,174,place,AC,SELL,1000,25.0500,-559,quote
831.830,174,fill,AC,SELL,1000,25.0450,-1559,mode=mm
832.120,174,fill,CNR,SELL,300,159.6450,-300,mode=mm
832.120,174,fill,RY,BUY,200,100.0250,900,mode=mm
832.120,174,place,AC,SELL,700,25.0600,-1559,quote
832.120,174,place,CNR,SELL,300,159.6600,-300,quote
832.120,174,place,RY,BUY,200,100.0100,900,quote
832.302,174,fill,RY,SELL,300,100.0250,600,mode=mm
832.303,174,place,RY,SELL,600,100.0600,600,quote
832.577,174,fill,CNR,SELL,143,159.6450,-443,mode=mm
832.578,174,fill,RY,BUY,200,100.0350,800,mode=mm
832.578,174,fill,AC,SELL,700,25.0550,-2259,mode=mm
832.581,174,place,RY,BUY,400,100.0000,800,quote
832.581,174,place,AC,SELL,500,25.0700,-2259,quote
832.690,174,regime,CNR,,,,,"TREND -> mixed (er=1.00, net -3t over 14s)"
832.836,174,place,RY,BUY,400,100.0100,800,quote
832.899,174,place,AC,BUY,1500,25.0500,-2259,quote
833.061,174,place,RY,BUY,400,100.0200,800,quote
833.061,174,place,RY,SELL,600,100.0700,800,quote
833.331,175,fill,AC,BUY,1500,25.0550,-759,mode=mm
833.333,175,place,RY,BUY,200,100.0300,800,quote
833.333,175,place,RY,SELL,400,100.0600,800,quote
833.333,175,place,AC,BUY,1300,25.0500,-759,quote
833.333,175,place,AC,SELL,900,25.0600,-759,quote
833.837,175,fill,AC,BUY,1300,25.0550,541,mode=mm
833.838,175,place,AC,BUY,1000,25.0400,541,quote
833.838,175,place,AC,SELL,1300,25.0500,541,quote
834.082,175,fill,AC,SELL,1300,25.0500,-759,mode=mm
834.354,175,fill,RY,BUY,200,100.0450,1000,mode=mm
834.354,175,fill,AC,BUY,850,25.0450,91,mode=mm
834.355,175,place,RY,BUY,200,100.0300,1000,quote
834.355,175,place,AC,BUY,1200,25.0400,91,quote
834.888,175,fill,RY,BUY,200,100.0450,1200,mode=mm
834.889,175,place,RY,BUY,400,99.9800,1200,quote
834.889,175,place,AC,BUY,1200,25.0500,91,quote
834.889,175,place,AC,SELL,1200,25.0600,91,quote
835.114,175,fill,RY,BUY,400,100.0200,1600,mode=mm
835.115,175,place,RY,BUY,300,99.9600,1600,quote
835.115,175,place,RY,SELL,700,100.0400,1600,quote
835.360,175,place,RY,BUY,300,99.9500,1600,quote
835.360,175,place,RY,SELL,700,100.0100,1600,quote
835.578,175,regime,RY,,,,,"chop -> mixed (er=0.29, net -8t over 14s)"
835.676,175,fill,CNR,SELL,156,159.6450,-599,mode=mm
835.676,175,fill,RY,SELL,700,99.9850,900,mode=mm
835.676,175,place,RY,SELL,600,100.0400,900,quote
835.676,175,place,CNR,SELL,300,159.6600,-599,quote
835.831,175,regime,RY,,,,,"mixed -> chop (er=0.18, net -6t over 14s)"
835.895,175,place,RY,BUY,200,99.9900,900,quote
835.895,175,place,RY,SELL,400,100.0200,900,quote
837.150,176,fill,AC,BUY,700,25.0550,791,mode=mm
839.853,176,regime,RY,,,,,"chop -> mixed (er=0.25, net -5t over 14s)"
840.392,176,regime,RY,,,,,"mixed -> chop (er=0.23, net -5t over 14s)"
841.693,177,regime,AC,,,,,"chop -> mixed (er=0.33, net +3t over 14s)"
842.007,177,regime,AC,,,,,"mixed -> chop (er=0.20, net +2t over 14s)"
842.515,177,regime,AC,,,,,"chop -> mixed (er=0.29, net +2t over 14s)"
843.051,177,fill,CNR,SELL,300,159.6450,-899,mode=mm
843.051,177,regime,AC,,,,,"mixed -> chop (er=0.17, net +1t over 14s)"
843.053,177,place,CNR,SELL,400,159.6700,-899,quote
843.267,177,place,CNR,BUY,400,159.6400,-899,quote
843.520,177,fill,AC,BUY,500,25.0550,1291,mode=mm
843.520,177,place,AC,BUY,800,25.0500,1291,quote
844.050,177,place,CNR,SELL,400,159.6800,-899,quote
844.089,177,regime,CNR,,,,,"mixed -> chop (er=0.14, net -0t over 14s)"
844.263,177,place,CNR,BUY,400,159.6500,-899,quote
844.599,177,regime,CNR,,,,,"chop -> mixed (er=1.00, net +2t over 14s)"
845.358,178,fill,CNR,SELL,400,159.6650,-1299,mode=mm
845.359,178,place,CNR,SELL,200,159.6800,-1299,quote
845.576,178,fill,CNR,SELL,200,159.6650,-1499,mode=mm
845.577,178,place,CNR,BUY,400,159.6800,-1499,quote
845.577,178,place,CNR,SELL,200,159.7200,-1499,quote
845.669,178,regime,AC,,,,,"chop -> mixed (er=0.33, net +1t over 14s)"
845.881,178,place,CNR,SELL,300,159.7300,-1499,quote
846.000,178,place,CNR,SELL,300,159.7200,-1499,quote
846.134,178,stop,CNR,BUY,1499,159.7500,-1499,loss=5.1t stop=5.0t trend_against=False
846.136,178,place,CNR,BUY,1499,159.7500,-1499,agg
846.194,178,regime,AC,,,,,"mixed -> chop (er=0.20, net +1t over 14s)"
846.411,178,fill,CNR,BUY,1499,159.7000,0,mode=mm
846.412,178,place,CNR,BUY,600,159.6800,0,quote
846.412,178,place,CNR,BUY,1500,154.8700,0,ladder
846.412,178,place,CNR,SELL,1500,164.4500,0,ladder
846.412,178,place,CNR,BUY,1500,146.8900,0,ladder
846.412,178,place,CNR,SELL,1500,172.4300,0,ladder
846.412,178,place,CNR,BUY,2000,135.7100,0,ladder
846.412,178,place,CNR,SELL,2000,183.6100,0,ladder
846.454,178,regime,RY,,,,,"chop -> mixed (er=0.27, net -3t over 14s)"
846.597,178,place,CNR,BUY,300,159.6900,0,quote
846.715,178,regime,RY,,,,,"mixed -> chop (er=0.24, net -3t over 14s)"
846.965,178,regime,RY,,,,,"chop -> mixed (er=0.30, net -3t over 14s)"
847.341,178,place,CNR,BUY,300,159.7000,0,quote
848.003,178,regime,AC,,,,,"chop -> mixed (er=0.33, net +1t over 14s)"
849.065,178,regime,RY,,,,,"mixed -> chop (er=0.23, net -2t over 14s)"
849.065,178,regime,AC,,,,,"mixed -> chop (er=0.00, net +0t over 14s)"
849.599,179,regime,RY,,,,,"chop -> mixed (er=0.67, net +2t over 14s)"
850.111,179,regime,RY,,,,,"mixed -> chop (er=0.00, net +0t over 14s)"
851.995,179,place,CNR,BUY,1200,159.7300,0,quote
851.995,179,place,CNR,SELL,1200,159.7400,0,quote
851.995,179,place,CNR,BUY,1500,154.9100,0,ladder
851.995,179,place,CNR,SELL,1500,164.4900,0,ladder
851.995,179,place,CNR,BUY,1500,146.9300,0,ladder
851.995,179,place,CNR,SELL,1500,172.4800,0,ladder
851.995,179,place,CNR,BUY,2000,135.7500,0,ladder
851.995,179,place,CNR,SELL,2000,183.6600,0,ladder
852.278,179,fill,CNR,BUY,1200,159.7300,1200,mode=mm
855.207,180,place,RY,BUY,900,100.0000,900,quote
855.207,180,place,RY,SELL,1300,100.0100,900,quote
856.091,180,place,CNR,BUY,800,159.7200,1200,quote
856.091,180,place,CNR,SELL,1400,159.7300,1200,quote
856.091,180,place,CNR,BUY,1500,154.9300,1200,ladder
856.091,180,place,CNR,SELL,1500,164.5100,1200,ladder
856.091,180,place,CNR,BUY,1500,146.9400,1200,ladder
856.091,180,place,CNR,SELL,1500,172.4900,1200,ladder
856.091,180,place,CNR,BUY,2000,135.7600,1200,ladder
856.091,180,place,CNR,SELL,2000,183.6700,1200,ladder
856.411,180,fill,CNR,BUY,800,159.7300,2000,mode=mm
856.635,180,fill,CNR,SELL,1400,159.7300,600,mode=mm
860.871,181,place,CNR,BUY,1000,159.7200,600,quote
860.871,181,place,CNR,SELL,1300,159.7300,600,quote
860.871,181,place,CNR,BUY,1500,154.9300,600,ladder
860.871,181,place,CNR,SELL,1500,164.5100,600,ladder
860.871,181,place,CNR,BUY,1500,146.9400,600,ladder
860.871,181,place,CNR,SELL,1500,172.5000,600,ladder
860.871,181,place,CNR,BUY,2000,135.7600,600,ladder
860.871,181,place,CNR,SELL,2000,183.6800,600,ladder
861.223,182,fill,CNR,SELL,1300,159.7300,-700,mode=mm
861.226,182,place,CNR,BUY,1300,159.7300,-700,quote
861.226,182,place,CNR,SELL,900,159.7400,-700,quote
861.739,182,fill,CNR,BUY,400,159.7350,-300,mode=mm
861.741,182,place,CNR,BUY,700,159.7300,-300,quote
861.741,182,place,CNR,SELL,600,159.7400,-300,quote
861.986,182,fill,CNR,SELL,600,159.7350,-900,mode=mm
861.988,182,place,CNR,BUY,1300,159.7400,-900,quote
861.988,182,place,CNR,SELL,900,159.7500,-900,quote
862.257,182,fill,CNR,SELL,500,159.7450,-1400,mode=mm
862.475,182,place,CNR,BUY,1400,159.7500,-1400,quote
862.475,182,place,CNR,SELL,700,159.7900,-1400,quote
862.615,182,place,CNR,SELL,700,159.7800,-1400,quote
862.688,182,place,CNR,BUY,1400,159.7600,-1400,quote
862.958,182,fill,CNR,SELL,700,159.7700,-2100,mode=mm
862.961,182,place,CNR,BUY,1500,159.7700,-2100,quote
862.961,182,place,CNR,SELL,600,159.7800,-2100,quote
863.263,182,fill,CNR,BUY,1400,159.7700,-700,mode=mm
863.511,182,fill,CNR,BUY,1500,159.7700,800,mode=mm
864.002,182,place,CNR,BUY,900,159.7800,800,quote
864.002,182,place,CNR,SELL,1300,159.7900,800,quote
864.002,182,place,CNR,BUY,1500,154.9500,800,ladder
864.002,182,place,CNR,SELL,1500,164.5300,800,ladder
864.002,182,place,CNR,BUY,1500,146.9600,800,ladder
864.002,182,place,CNR,SELL,1500,172.5200,800,ladder
864.002,182,place,CNR,BUY,1200,135.7800,800,ladder
864.002,182,place,CNR,SELL,2000,183.7000,800,ladder
864.308,182,fill,CNR,BUY,900,159.7850,1700,mode=mm
864.587,182,fill,CNR,SELL,1300,159.7850,400,mode=mm
864.588,182,place,CNR,SELL,1300,159.7900,400,quote
864.865,182,fill,CNR,SELL,1300,159.7850,-900,mode=mm
864.872,182,place,CNR,BUY,800,159.7900,-900,quote
864.872,182,place,CNR,SELL,500,159.8600,-900,quote
865.008,182,place,CNR,BUY,1300,159.8100,-900,quote
865.270,183,place,CNR,BUY,1300,159.8200,-900,quote
865.536,183,place,CNR,BUY,1300,159.8300,-900,quote
865.770,183,place,CNR,BUY,1300,159.8400,-900,quote
865.992,183,place,CNR,SELL,900,159.8500,-900,quote
866.092,183,fill,CNR,SELL,500,159.8450,-1400,mode=mm
866.094,183,place,CNR,SELL,700,159.8700,-1400,quote
866.170,183,regime,CNR,,,,,"mixed -> TREND (er=0.81, net +13t over 14s)"
866.350,183,fill,CNR,SELL,1600,159.8500,-3000,mode=mm
866.355,183,place,CNR,BUY,1000,159.8600,-3000,quote
866.355,183,place,CNR,SELL,200,159.8900,-3000,quote
866.427,183,place,CNR,BUY,500,159.8400,-3000,quote
866.427,183,place,CNR,SELL,100,159.9100,-3000,quote
866.541,183,place,CNR,SELL,100,159.9000,-3000,quote
866.789,183,place,CNR,BUY,500,159.8500,-3000,quote
868.611,183,fill,CNR,SELL,100,159.8700,-3100,mode=mm
868.612,183,regime,CNR,,,,,"3 stop-outs in 85s -> toxic flow: half size, no stepping inside for 30s"
868.612,183,stop,CNR,BUY,3100,159.9400,-3100,loss=5.1t stop=5.0t trend_against=False
868.614,183,place,CNR,BUY,3100,159.9400,-3100,agg
868.941,183,fill,CNR,BUY,3100,159.8800,0,mode=mm
868.954,184,place,CNR,BUY,300,159.8500,0,quote
868.954,184,place,CNR,BUY,1500,155.0300,0,ladder
868.954,184,place,CNR,SELL,1500,164.6200,0,ladder
868.954,184,place,CNR,BUY,1500,147.0400,0,ladder
868.954,184,place,CNR,SELL,1500,172.6100,0,ladder
868.954,184,place,CNR,BUY,2000,135.8500,0,ladder
868.954,184,place,CNR,SELL,2000,183.7900,0,ladder
869.125,184,place,CNR,BUY,300,159.8600,0,quote
869.620,184,place,CNR,BUY,300,159.8700,0,quote
870.371,184,place,CNR,BUY,300,159.8600,0,quote
870.870,184,place,CNR,BUY,300,159.8500,0,quote
871.151,184,fill,CNR,BUY,206,159.8900,206,mode=mm
871.152,184,place,CNR,SELL,200,159.8800,206,quote
871.647,184,place,CNR,SELL,200,159.8900,206,quote
871.901,184,fill,CNR,BUY,300,159.8700,506,mode=mm
871.903,184,place,CNR,BUY,300,159.8400,506,quote
872.152,184,fill,CNR,BUY,300,159.8650,806,mode=mm
872.432,184,place,CNR,BUY,200,159.8500,806,quote
872.432,184,place,CNR,SELL,400,159.8800,806,quote
872.669,184,fill,CNR,SELL,87,159.8650,719,mode=mm
873.675,185,fill,CNR,SELL,313,159.8650,406,mode=mm
873.677,185,place,CNR,SELL,300,159.8900,406,quote
873.925,185,fill,CNR,SELL,300,159.8700,106,mode=mm
873.926,185,place,CNR,BUY,300,159.8900,106,quote
873.926,185,place,CNR,SELL,300,160.0000,106,quote
873.967,185,place,CNR,SELL,300,159.9900,106,quote
874.143,185,place,CNR,BUY,300,159.9000,106,quote
874.417,185,place,CNR,BUY,300,159.9100,106,quote
874.656,185,place,CNR,BUY,300,159.9200,106,quote
874.931,185,place,CNR,BUY,300,159.9300,106,quote
875.251,185,place,CNR,SELL,300,159.9800,106,quote
875.469,185,fill,CNR,BUY,300,159.9550,406,mode=mm
875.470,185,place,CNR,BUY,300,159.9400,406,quote
875.470,185,place,CNR,SELL,300,160.0000,406,quote
875.542,185,place,CNR,SELL,300,159.9900,406,quote
875.708,185,fill,CNR,SELL,300,159.9650,106,mode=mm
875.963,185,fill,CNR,SELL,300,159.9700,-194,mode=mm
875.964,185,place,CNR,SELL,300,160.0100,-194,quote
876.177,185,place,CNR,BUY,300,159.9500,-194,quote
876.177,185,place,CNR,SELL,300,160.0000,-194,quote
876.673,185,place,CNR,BUY,300,159.9700,-194,quote
877.543,186,fill,CNR,SELL,51,159.9850,-245,mode=mm
878.530,186,fill,CNR,BUY,51,159.9850,-194,mode=mm
878.549,186,place,CNR,BUY,300,159.9700,-194,quote
878.549,186,place,CNR,SELL,300,160.0000,-194,quote
879.325,186,fill,CNR,SELL,300,159.9850,-494,mode=mm
879.326,186,place,CNR,SELL,300,160.0200,-494,quote
879.509,186,place,CNR,BUY,300,159.9600,-494,quote
879.509,186,place,CNR,SELL,300,160.0000,-494,quote
882.146,187,fill,CNR,SELL,300,159.9800,-794,mode=mm
882.148,187,place,CNR,BUY,400,160.0000,-794,quote
882.148,187,place,CNR,SELL,200,160.0500,-794,quote
882.427,187,place,CNR,SELL,200,160.0400,-794,quote
882.653,187,fill,CNR,SELL,200,160.0200,-994,mode=mm
882.656,187,place,CNR,BUY,400,160.0400,-994,quote
882.656,187,place,CNR,SELL,200,160.1000,-994,quote
882.876,187,stop,CNR,BUY,994,160.1300,-994,loss=7.2t stop=5.0t trend_against=False
882.877,187,place,CNR,BUY,994,160.1300,-994,agg
883.157,187,fill,CNR,BUY,994,160.0650,0,mode=mm
883.159,187,place,CNR,BUY,300,160.0400,0,quote
883.159,187,place,CNR,BUY,1500,155.1800,0,ladder
883.159,187,place,CNR,SELL,1500,164.7800,0,ladder
883.159,187,place,CNR,BUY,1500,147.1800,0,ladder
883.159,187,place,CNR,SELL,1500,172.7800,0,ladder
883.159,187,place,CNR,BUY,2000,135.9800,0,ladder
883.159,187,place,CNR,SELL,2000,183.9800,0,ladder
883.615,187,place,CNR,BUY,300,160.0700,0,quote
884.937,187,fill,CNR,BUY,300,160.1000,300,mode=mm
884.938,187,stop,CNR,SELL,300,159.9100,300,loss=11.0t stop=5.0t trend_against=False
884.939,187,place,CNR,SELL,300,159.9100,300,agg
885.266,187,fill,CNR,SELL,300,160.0100,0,mode=mm
885.267,187,regime,CNR,,,,,"TREND -> chop (er=0.17, net +7t over 14s)"
885.268,187,place,CNR,BUY,1500,155.2100,0,ladder
885.268,187,place,CNR,SELL,1500,164.8100,0,ladder
885.268,187,place,CNR,BUY,1500,147.2100,0,ladder
885.268,187,place,CNR,SELL,1500,172.8100,0,ladder
885.268,187,place,CNR,BUY,2000,136.0100,0,ladder
885.268,187,place,CNR,SELL,2000,184.0100,0,ladder
886.056,188,place,CNR,SELL,200,160.0500,0,quote
886.301,188,fill,CNR,SELL,200,160.0350,-200,mode=mm
886.303,188,place,CNR,BUY,200,159.9600,-200,quote
886.533,188,fill,CNR,BUY,200,160.0450,0,mode=mm
886.536,188,place,CNR,SELL,200,159.9400,0,quote
886.791,188,fill,CNR,SELL,200,159.8800,-200,mode=mm
886.791,188,regime,CNR,,,,,"chop -> mixed (er=0.33, net +28t over 14s)"
886.792,188,stop,CNR,BUY,200,160.2100,-200,loss=19.0t stop=14.7t trend_against=False
886.793,188,place,CNR,BUY,200,160.2100,-200,agg
887.083,188,fill,CNR,BUY,200,160.1450,0,mode=mm
887.084,188,regime,CNR,,,,,"mixed -> chop (er=0.08, net -10t over 14s)"
887.084,188,place,CNR,BUY,1500,155.1900,0,ladder
887.084,188,place,CNR,SELL,1500,164.7900,0,ladder
887.084,188,place,CNR,BUY,1500,147.1900,0,ladder
887.084,188,place,CNR,SELL,1500,172.7900,0,ladder
887.084,188,place,CNR,BUY,2000,135.9900,0,ladder
887.084,188,place,CNR,SELL,2000,183.9900,0,ladder
888.075,188,place,CNR,BUY,200,159.9100,0,quote
888.316,188,fill,CNR,BUY,200,160.0250,200,mode=mm
888.318,188,place,CNR,BUY,300,159.8000,200,quote
888.318,188,place,CNR,SELL,200,159.8900,200,quote
888.496,188,place,CNR,SELL,200,159.8800,200,quote
888.771,188,fill,CNR,BUY,300,159.8400,500,mode=mm
888.774,188,place,CNR,BUY,500,159.7300,500,quote
888.774,188,place,CNR,SELL,500,159.8000,500,quote
888.898,188,place,CNR,SELL,500,159.7900,500,quote
888.946,189,place,CNR,BUY,500,159.7400,500,quote
888.946,189,place,CNR,SELL,500,159.7800,500,quote
889.335,189,place,CNR,BUY,500,159.6800,500,quote
889.335,189,place,CNR,SELL,500,159.7400,500,quote
889.627,189,place,CNR,BUY,500,159.6900,500,quote
889.809,189,fill,CNR,BUY,500,159.7150,1000,mode=mm
889.810,189,place,CNR,BUY,200,159.6500,1000,quote
889.810,189,place,CNR,SELL,400,159.6900,1000,quote
890.080,189,fill,CNR,SELL,900,159.6750,100,mode=mm
890.082,189,place,CNR,BUY,200,159.7500,100,quote
890.082,189,place,CNR,SELL,200,159.9200,100,quote
890.351,189,fill,CNR,BUY,200,159.8400,300,mode=mm
890.352,189,place,CNR,BUY,300,159.6200,300,quote
890.352,189,place,CNR,SELL,300,159.6600,300,quote
890.594,189,fill,CNR,SELL,500,159.6450,-200,mode=mm
890.595,189,place,CNR,BUY,300,159.9300,-200,quote
890.595,189,place,CNR,SELL,300,159.9800,-200,quote
890.912,189,fill,CNR,BUY,600,159.9450,400,mode=mm
890.913,189,place,CNR,BUY,300,159.6000,400,quote
890.913,189,place,CNR,SELL,300,159.6500,400,quote
891.038,189,place,CNR,SELL,300,159.6400,400,quote
891.372,189,fill,CNR,SELL,300,159.6150,100,mode=mm
891.373,189,place,CNR,BUY,200,159.7600,100,quote
891.373,189,place,CNR,SELL,200,159.9300,100,quote
891.600,189,place,CNR,BUY,600,159.8600,100,quote
891.600,189,place,CNR,SELL,600,159.9500,100,quote
891.801,189,place,CNR,BUY,300,159.9200,100,quote
891.801,189,place,CNR,SELL,100,159.9900,100,quote
891.835,189,place,CNR,SELL,300,159.9800,100,quote
892.200,189,fill,CNR,SELL,600,159.9350,-500,mode=mm
892.202,189,place,CNR,BUY,600,159.9500,-500,quote
892.202,189,place,CNR,SELL,500,160.0200,-500,quote
892.387,189,place,CNR,BUY,300,159.9600,-500,quote
892.851,189,place,CNR,BUY,300,159.9900,-500,quote
893.085,189,fill,CNR,SELL,500,160.0550,-1000,mode=mm
893.086,190,place,CNR,BUY,400,160.1400,-1000,quote
893.228,190,place,CNR,SELL,200,160.2000,-1000,quote
893.443,190,fill,CNR,BUY,700,160.1550,-300,mode=mm
893.445,190,place,CNR,BUY,300,159.8700,-300,quote
893.445,190,place,CNR,SELL,300,160.0000,-300,quote
893.622,190,place,CNR,BUY,600,159.9500,-300,quote
893.622,190,place,CNR,SELL,500,159.9900,-300,quote
893.885,190,fill,CNR,SELL,500,159.9700,-800,mode=mm
893.886,190,place,CNR,BUY,400,159.9900,-800,quote
893.886,190,place,CNR,SELL,200,160.1000,-800,quote
894.188,190,fill,CNR,BUY,1000,160.0400,200,mode=mm
894.189,190,place,CNR,BUY,500,159.8900,200,quote
894.189,190,place,CNR,SELL,600,159.9500,200,quote
894.226,190,place,CNR,BUY,500,159.9000,200,quote
894.353,190,place,CNR,BUY,300,159.9100,200,quote
894.353,190,place,CNR,SELL,300,159.9400,200,quote
894.637,190,fill,CNR,SELL,300,159.9250,-100,mode=mm
894.638,190,place,CNR,BUY,600,159.9400,-100,quote
894.993,190,fill,CNR,BUY,900,159.9650,800,mode=mm
894.995,190,place,CNR,BUY,400,159.8600,800,quote
894.995,190,place,CNR,SELL,600,159.9100,800,quote
895.155,190,place,CNR,BUY,200,159.8700,800,quote
895.155,190,place,CNR,SELL,400,159.9000,800,quote
895.350,190,place,CNR,BUY,400,159.8600,800,quote
895.380,190,place,CNR,BUY,400,159.8500,800,quote
895.719,190,fill,CNR,SELL,400,159.8800,400,mode=mm
895.721,190,place,CNR,BUY,500,159.9000,400,quote
895.721,190,place,CNR,SELL,600,159.9600,400,quote
896.482,190,fill,CNR,SELL,600,159.9300,-200,mode=mm
896.484,190,place,CNR,BUY,300,159.9600,-200,quote
896.484,190,place,CNR,SELL,300,159.9900,-200,quote
896.938,190,fill,CNR,SELL,300,159.9750,-500,mode=mm
896.940,190,place,CNR,SELL,300,159.9900,-500,quote
897.223,191,fill,CNR,SELL,300,159.9750,-800,mode=mm
897.223,191,place,CNR,BUY,400,159.9900,-800,quote
897.223,191,place,CNR,SELL,200,160.1000,-800,quote
897.510,191,place,CNR,BUY,400,160.0000,-800,quote
897.537,191,place,CNR,SELL,200,160.1100,-800,quote
897.712,191,fill,CNR,SELL,200,160.0450,-1000,mode=mm
897.714,191,place,CNR,BUY,200,160.0300,-1000,quote
897.714,191,place,CNR,SELL,100,160.0800,-1000,quote
897.975,191,fill,CNR,SELL,100,160.0900,-1100,mode=mm
897.978,191,place,CNR,BUY,700,160.1200,-1100,quote
897.978,191,place,CNR,SELL,400,160.2000,-1100,quote
898.170,191,place,CNR,BUY,700,160.1300,-1100,quote
898.510,191,place,CNR,BUY,400,160.1800,-1100,quote
898.510,191,place,CNR,SELL,200,160.2300,-1100,quote
898.772,191,place,CNR,BUY,800,160.1900,-1100,quote
898.772,191,place,CNR,SELL,500,160.2200,-1100,quote
898.898,191,place,CNR,SELL,500,160.2100,-1100,quote
899.071,191,regime,CNR,,,,,"3 stop-outs in 85s -> toxic flow: half size, no stepping inside for 30s"
899.071,191,stop,CNR,BUY,1100,160.2500,-1100,loss=18.3t stop=17.3t trend_against=False
899.073,191,place,CNR,BUY,1100,160.2500,-1100,agg
899.308,191,fill,CNR,BUY,1900,160.1950,800,mode=mm
899.310,191,place,CNR,BUY,100,160.0400,800,quote
899.310,191,place,CNR,SELL,200,160.1300,800,quote
899.310,191,place,CNR,BUY,1500,155.2000,800,ladder
899.310,191,place,CNR,SELL,1500,164.8000,800,ladder
899.310,191,place,CNR,BUY,1500,147.2000,800,ladder
899.310,191,place,CNR,SELL,1500,172.8000,800,ladder
899.310,191,place,CNR,BUY,2000,136.0000,800,ladder
899.310,191,place,CNR,SELL,2000,184.0000,800,ladder
899.523,191,fill,CNR,SELL,200,160.1000,600,mode=mm
899.526,191,place,CNR,BUY,500,160.0800,600,quote
899.526,191,place,CNR,SELL,600,160.1400,600,quote
899.749,191,fill,CNR,BUY,100,160.1100,700,mode=mm
899.750,191,place,CNR,SELL,400,160.1100,700,quote
900.905,191,fill,CNR,SELL,400,160.0950,300,mode=mm
900.913,191,place,CNR,SELL,300,160.1100,300,quote
901.480,192,fill,CNR,BUY,500,160.0950,800,mode=mm
901.484,192,place,CNR,BUY,400,160.0700,800,quote
901.703,192,place,CNR,SELL,400,160.1000,800,quote
902.262,192,fill,CNR,BUY,400,160.0850,1200,mode=mm
902.263,192,place,CNR,BUY,200,160.0700,1200,quote
902.534,192,fill,CNR,BUY,200,160.0850,1400,mode=mm
902.535,192,place,CNR,BUY,300,159.9300,1400,quote
902.535,192,place,CNR,SELL,700,160.0100,1400,quote
902.753,192,place,CNR,BUY,200,159.9200,1400,quote
902.753,192,place,CNR,SELL,400,159.9700,1400,quote
903.024,192,stop,CNR,SELL,1400,159.8600,1400,loss=16.1t stop=14.6t trend_against=False
903.024,192,place,CNR,SELL,1400,159.8600,1400,agg
903.302,192,fill,CNR,SELL,1400,159.9350,0,mode=mm
903.303,192,place,CNR,SELL,600,159.9500,0,quote
903.303,192,place,CNR,BUY,1500,155.2300,0,ladder
903.303,192,place,CNR,SELL,1500,164.8300,0,ladder
903.303,192,place,CNR,BUY,1500,147.2300,0,ladder
903.303,192,place,CNR,SELL,1500,172.8300,0,ladder
903.303,192,place,CNR,BUY,2000,136.0300,0,ladder
903.303,192,place,CNR,SELL,2000,184.0400,0,ladder
903.496,192,place,CNR,SELL,300,159.9400,0,quote
904.273,192,place,CNR,SELL,600,159.9500,0,quote
904.502,192,place,CNR,SELL,600,159.9400,0,quote
904.867,192,place,CNR,SELL,600,159.9300,0,quote
905.294,193,place,CNR,SELL,600,159.9200,0,quote
905.568,193,place,CNR,SELL,600,159.9100,0,quote
905.842,193,place,CNR,SELL,600,159.9000,0,quote
906.186,193,place,CNR,BUY,600,159.8600,0,quote
907.338,193,place,CNR,BUY,300,159.8700,0,quote
907.931,193,fill,CNR,BUY,300,159.8850,300,mode=mm
907.933,193,place,CNR,BUY,500,159.8600,300,quote
908.245,193,fill,CNR,SELL,514,159.8800,-214,mode=mm
908.246,193,place,CNR,SELL,500,159.9100,-214,quote
908.428,193,place,CNR,SELL,500,159.9000,-214,quote
908.745,193,fill,CNR,BUY,229,159.8800,15,mode=mm
908.748,193,place,CNR,SELL,300,159.8900,15,quote
909.691,194,fill,CNR,BUY,271,159.8750,286,mode=mm
909.694,194,place,CNR,BUY,300,159.8400,286,quote
909.694,194,place,CNR,SELL,300,159.8700,286,quote
910.208,194,fill,CNR,BUY,300,159.8550,586,mode=mm
910.211,194,place,CNR,BUY,300,159.8200,586,quote
910.211,194,place,CNR,SELL,300,159.8500,586,quote
910.914,194,fill,AC,BUY,800,25.0550,2091,mode=mm
910.915,194,place,AC,BUY,600,25.0500,2091,quote
911.250,194,regime,CNR,,,,,"chop -> mixed (er=0.38, net -21t over 14s)"
911.488,194,fill,CNR,SELL,300,159.8350,286,mode=mm
911.489,194,place,CNR,SELL,300,159.8500,286,quote
911.811,194,fill,CNR,SELL,300,159.8350,-14,mode=mm
911.813,194,regime,CNR,,,,,"mixed -> TREND (er=0.69, net -30t over 14s)"
911.814,194,place,CNR,SELL,300,159.8700,-14,quote
912.051,194,fill,CNR,SELL,300,159.8450,-314,mode=mm
912.054,194,stop,CNR,BUY,314,160.0000,-314,loss=8.8t stop=5.0t trend_against=False
912.055,194,place,CNR,BUY,314,160.0000,-314,agg
912.250,194,fill,CNR,BUY,314,159.9000,0,mode=mm
912.253,194,place,CNR,BUY,300,159.8800,0,quote
912.253,194,place,CNR,BUY,1500,155.0900,0,ladder
912.253,194,place,CNR,SELL,1500,164.6800,0,ladder
912.253,194,place,CNR,BUY,1500,147.0900,0,ladder
912.253,194,place,CNR,SELL,1500,172.6800,0,ladder
912.253,194,place,CNR,BUY,2000,135.9000,0,ladder
912.253,194,place,CNR,SELL,2000,183.8700,0,ladder
912.512,194,place,CNR,BUY,300,159.8900,0,quote
912.753,194,place,CNR,BUY,300,159.9100,0,quote
912.979,194,place,CNR,BUY,300,159.9200,0,quote
913.094,194,place,CNR,BUY,300,159.9300,0,quote
913.283,195,place,CNR,BUY,300,159.9400,0,quote
913.358,195,regime,CNR,,,,,"TREND -> mixed (er=0.32, net -14t over 14s)"
913.504,195,place,CNR,BUY,600,159.9600,0,quote
914.343,195,fill,CNR,BUY,600,159.9800,600,mode=mm
914.344,195,place,CNR,BUY,300,159.9600,600,quote
914.344,195,place,CNR,SELL,400,159.9900,600,quote
916.569,195,regime,CNR,,,,,"mixed -> chop (er=0.02, net -1t over 14s)"
918.085,196,fill,CNR,SELL,308,159.9750,292,mode=mm
918.086,196,place,CNR,SELL,600,160.0000,292,quote
918.387,196,fill,CNR,SELL,92,159.9800,200,mode=mm
918.388,196,place,CNR,BUY,300,159.9700,200,quote
918.700,196,regime,CNR,,,,,"chop -> mixed (er=0.27, net +7t over 14s)"
921.424,197,fill,CNR,SELL,600,159.9850,-400,mode=mm
921.427,197,place,CNR,SELL,500,160.0200,-400,quote
921.659,197,place,CNR,BUY,600,159.9800,-400,quote
921.935,197,fill,CNR,SELL,500,160.0000,-900,mode=mm
921.936,197,place,CNR,BUY,600,159.9900,-900,quote
921.936,197,place,CNR,SELL,400,160.0300,-900,quote
922.078,197,regime,CNR,,,,,"mixed -> TREND (er=0.54, net +13t over 14s)"
922.191,197,place,CNR,BUY,400,160.0000,-900,quote
922.939,197,fill,CNR,SELL,400,160.0150,-1300,mode=mm
922.940,197,place,CNR,SELL,200,160.0500,-1300,quote
923.181,197,place,CNR,BUY,400,160.0100,-1300,quote
923.411,197,place,CNR,BUY,400,160.0200,-1300,quote
924.157,197,place,CNR,SELL,200,160.0600,-1300,quote
924.432,197,place,CNR,BUY,400,160.0300,-1300,quote
924.722,197,fill,CNR,SELL,200,160.0450,-1500,mode=mm
924.722,197,place,CNR,SELL,200,160.0700,-1500,quote
924.957,197,place,CNR,BUY,400,160.0400,-1500,quote
925.993,198,fill,CNR,SELL,200,160.0550,-1700,mode=mm
925.995,198,stop,CNR,BUY,1700,160.1100,-1700,loss=5.2t stop=5.0t trend_against=False
925.995,198,place,CNR,BUY,1700,160.1100,-1700,agg
926.261,198,fill,CNR,BUY,1700,160.0600,0,mode=mm
926.264,198,place,CNR,BUY,300,160.0500,0,quote
926.264,198,place,CNR,BUY,1500,155.2200,0,ladder
926.264,198,place,CNR,SELL,1500,164.8200,0,ladder
926.264,198,place,CNR,BUY,1500,147.2200,0,ladder
926.264,198,place,CNR,SELL,1500,172.8200,0,ladder
926.264,198,place,CNR,BUY,2000,136.0200,0,ladder
926.264,198,place,CNR,SELL,2000,184.0200,0,ladder
926.498,198,place,CNR,BUY,300,160.0600,0,quote
926.722,198,place,CNR,BUY,300,160.0700,0,quote
928.015,198,place,CNR,BUY,300,160.0800,0,quote
929.156,198,place,CNR,SELL,300,160.1100,0,quote
929.816,199,fill,CNR,SELL,169,160.0950,-169,mode=mm
929.824,199,place,CNR,SELL,300,160.1300,-169,quote
930.015,199,place,CNR,BUY,300,160.0900,-169,quote
930.015,199,place,CNR,SELL,300,160.1200,-169,quote
930.571,199,fill,CNR,SELL,300,160.1050,-469,mode=mm
930.571,199,place,CNR,SELL,300,160.1400,-469,quote
931.109,199,fill,CNR,SELL,300,160.1150,-769,mode=mm
931.111,199,place,CNR,BUY,400,160.1000,-769,quote
931.111,199,place,CNR,SELL,200,160.1600,-769,quote
931.637,199,fill,CNR,SELL,200,160.1300,-969,mode=mm
931.640,199,regime,CNR,,,,,"3 stop-outs in 85s -> toxic flow: half size, no stepping inside for 30s"
931.640,199,stop,CNR,BUY,969,160.1900,-969,loss=5.7t stop=5.0t trend_against=False
931.644,199,place,CNR,BUY,969,160.1900,-969,agg
931.911,199,fill,CNR,BUY,969,160.1450,0,mode=mm
931.914,199,place,CNR,BUY,300,160.1100,0,quote
931.914,199,place,CNR,BUY,1500,155.2800,0,ladder
931.914,199,place,CNR,SELL,1500,164.8900,0,ladder
931.914,199,place,CNR,BUY,1500,147.2800,0,ladder
931.914,199,place,CNR,SELL,1500,172.8900,0,ladder
931.914,199,place,CNR,BUY,2000,136.0700,0,ladder
931.914,199,place,CNR,SELL,2000,184.1000,0,ladder
931.954,199,place,CNR,BUY,300,160.1200,0,quote
932.371,199,place,CNR,BUY,300,160.1300,0,quote
932.607,199,place,CNR,BUY,300,160.1400,0,quote
932.855,199,place,CNR,BUY,300,160.1500,0,quote
933.122,200,place,CNR,BUY,300,160.1600,0,quote
933.852,200,fill,RY,SELL,1300,100.0050,-400,mode=mm
933.859,200,place,RY,BUY,1300,100.0100,-400,quote
933.859,200,place,RY,SELL,1000,100.0200,-400,quote
934.054,200,regime,RY,,,,,"chop -> mixed (er=1.00, net +1t over 14s)"
934.121,200,fill,RY,SELL,1000,100.0150,-1400,mode=mm
934.124,200,place,RY,BUY,1400,100.0200,-1400,quote
934.124,200,place,RY,SELL,700,100.0300,-1400,quote
934.372,200,fill,RY,SELL,700,100.0250,-2100,mode=mm
934.374,200,place,RY,BUY,900,100.0300,-2100,quote
934.374,200,place,RY,SELL,300,100.0400,-2100,quote
934.591,200,fill,RY,SELL,300,100.0350,-2400,mode=mm
934.622,200,place,RY,BUY,900,100.0400,-2400,quote
934.622,200,place,RY,SELL,300,100.0700,-2400,quote
934.718,200,place,RY,SELL,300,100.0600,-2400,quote
934.777,200,place,CNR,SELL,300,160.2000,0,quote
934.855,200,place,RY,BUY,900,100.0500,-2400,quote
935.104,200,fill,RY,SELL,300,100.0550,-2700,mode=mm
935.105,200,place,RY,BUY,900,100.0600,-2700,quote
935.105,200,place,RY,SELL,300,100.0900,-2700,quote
935.209,200,place,RY,SELL,300,100.0800,-2700,quote
935.385,200,stop,RY,BUY,2700,100.1200,-2700,loss=5.1t stop=5.0t trend_against=False
935.386,200,place,RY,BUY,2700,100.1200,-2700,agg
935.635,200,fill,RY,BUY,2400,100.0850,-300,mode=mm
935.842,200,place,CNR,BUY,300,160.1700,0,quote
936.172,200,place,CNR,SELL,300,160.2100,0,quote
936.401,200,stop,RY,BUY,300,100.1700,-300,loss=5.6t stop=5.0t trend_against=False
936.402,200,place,RY,BUY,300,100.1700,-300,agg
936.615,200,fill,RY,BUY,300,100.1150,0,mode=mm
936.618,200,place,RY,BUY,700,100.1200,0,quote
936.798,200,regime,RY,,,,,"mixed -> TREND (er=1.00, net +12t over 14s)"
936.886,200,place,RY,BUY,700,100.1300,0,quote
937.087,201,place,RY,BUY,300,100.1200,0,quote
937.444,201,place,CNR,SELL,300,160.2000,0,quote
937.444,201,place,RY,BUY,300,100.1400,0,quote
937.712,201,place,RY,BUY,300,100.1500,0,quote
937.869,201,place,RY,BUY,300,100.1600,0,quote
938.120,201,place,RY,BUY,300,100.1700,0,quote
938.385,201,place,RY,BUY,300,100.1800,0,quote
938.651,201,place,RY,BUY,300,100.1900,0,quote
938.940,201,place,RY,BUY,300,100.2000,0,quote
939.161,201,place,RY,BUY,300,100.2100,0,quote
939.460,201,place,RY,BUY,300,100.2200,0,quote
939.500,201,dir_enter,RY,LONG,11997,100.2350,0,gap=14.0t thr=12.0t er=1.00 vol=0.7
939.500,201,place,RY,BUY,5000,100.2900,0,agg
939.733,201,fill,CNR,SELL,300,160.1850,-300,mode=mm
939.733,201,fill,RY,BUY,5000,100.2350,5000,mode=dir
939.739,201,place,CNR,BUY,300,160.1600,-300,quote
939.739,201,place,CNR,SELL,300,160.2100,-300,quote
939.984,201,place,CNR,BUY,300,160.1500,-300,quote
940.300,201,fill,CNR,BUY,300,160.1800,0,mode=mm
940.302,201,place,CNR,BUY,300,160.1600,0,quote
940.500,201,place,CNR,BUY,300,160.1400,0,quote
940.583,201,place,RY,BUY,2600,100.3200,5000,agg
940.720,201,fill,RY,BUY,2600,100.2750,7600,mode=dir
942.041,202,place,CNR,SELL,300,160.1700,0,quote
942.073,202,place,RY,BUY,5000,100.3800,7600,agg
942.160,202,regime,CNR,,,,,"TREND -> mixed (er=0.35, net +5t over 14s)"
942.238,202,fill,RY,BUY,5000,100.3350,12600,mode=dir
942.432,202,regime,CNR,,,,,"mixed -> chop (er=0.24, net +4t over 14s)"
943.522,202,regime,CNR,,,,,"chop -> mixed (er=0.38, net +8t over 14s)"
944.617,202,place,RY,BUY,1800,100.4800,12600,agg
944.617,202,place,CNR,BUY,300,160.1900,0,quote
944.617,202,place,CNR,SELL,300,160.2200,0,quote
944.638,202,place,RY,BUY,600,100.4800,12600,agg
944.663,202,place,RY,BUY,200,100.4800,12600,agg
944.809,202,fill,RY,BUY,2600,100.4350,15200,mode=dir
946.949,203,regime,CNR,,,,,"mixed -> chop (er=0.02, net +0t over 14s)"
947.184,203,place,RY,BUY,100,100.6000,15200,agg
947.210,203,place,RY,BUY,100,100.5900,15200,agg
947.210,203,place,CNR,BUY,100,160.1600,0,quote
947.210,203,place,CNR,SELL,100,160.2200,0,quote
947.378,203,fill,CNR,BUY,100,160.1900,100,mode=mm
947.378,203,fill,RY,BUY,200,100.5450,15400,mode=dir
948.964,203,stop,CNR,SELL,100,160.0600,100,loss=6.0t stop=5.0t trend_against=False
948.965,203,place,CNR,SELL,100,160.0600,100,agg
949.215,203,fill,CNR,SELL,100,160.1100,0,mode=mm
949.493,204,regime,CNR,,,,,"chop -> mixed (er=0.27, net -9t over 14s)"
949.762,204,place,CNR,BUY,100,155.3500,0,ladder
950.257,204,place,RY,BUY,4596,100.7400,15400,agg
950.257,204,place,CNR,SELL,400,160.0900,0,quote
950.257,204,place,CNR,BUY,300,147.3400,0,ladder
950.257,204,place,CNR,BUY,100,136.1300,0,ladder
950.435,204,fill,RY,BUY,4596,100.6950,19996,mode=dir
952.225,204,regime,CNR,,,,,"mixed -> chop (er=0.07, net -4t over 14s)"
952.804,204,place,CNR,SELL,400,160.1900,0,quote
952.804,204,place,CNR,SELL,100,164.9300,0,ladder
953.778,205,fill,AC,SELL,66,25.0550,2025,mode=mm
953.785,205,place,CNR,BUY,100,160.1900,0,quote
953.785,205,place,CNR,SELL,100,160.2300,0,quote
954.017,205,fill,AC,SELL,887,25.0550,1138,mode=mm
954.018,205,place,RY,BUY,500,101.1100,19996,agg
954.018,205,place,CNR,BUY,400,160.1900,0,quote
954.018,205,place,CNR,SELL,400,160.2500,0,quote
954.018,205,place,AC,SELL,1600,25.0600,1138,quote
954.235,205,fill,RY,BUY,500,101.0350,20496,mode=dir
955.255,205,place,CNR,BUY,200,160.2400,0,quote
955.255,205,place,CNR,SELL,400,160.2700,0,quote
955.255,205,place,CNR,SELL,100,172.9800,0,ladder
955.255,205,place,CNR,SELL,100,184.1900,0,ladder
955.501,205,place,CNR,BUY,400,160.2400,0,quote
955.501,205,place,CNR,SELL,400,160.2800,0,quote
956.586,205,place,RY,BUY,453,101.3400,20496,agg
956.797,205,fill,RY,BUY,453,101.2700,20949,mode=dir
957.299,205,place,CNR,BUY,200,160.2200,0,quote
957.299,205,place,CNR,SELL,400,160.2500,0,quote
958.767,206,place,CNR,BUY,200,160.1500,0,quote
959.037,206,place,CNR,SELL,400,160.2000,0,quote
959.115,206,place,CNR,BUY,400,160.1500,0,quote
959.115,206,place,CNR,SELL,400,160.2000,0,quote
960.061,206,place,CNR,BUY,200,160.1400,0,quote
960.337,206,place,CNR,SELL,400,160.2000,0,quote
960.591,206,place,CNR,BUY,400,160.1500,0,quote
960.688,206,place,CNR,SELL,400,160.2000,0,quote
961.703,207,place,CNR,BUY,100,160.0400,0,quote
961.703,207,place,CNR,BUY,100,155.3800,0,ladder
961.985,207,place,CNR,SELL,300,160.1100,0,quote
961.985,207,place,CNR,SELL,100,164.9800,0,ladder
962.125,207,place,CNR,BUY,300,160.0100,0,quote
962.125,207,place,AC,BUY,100,25.0500,1138,quote
962.125,207,place,CNR,SELL,300,172.9800,0,ladder
962.272,207,fill,CNR,BUY,300,160.0700,300,mode=mm
962.273,207,regime,CNR,,,,,"chop -> mixed (er=0.26, net -17t over 14s)"
962.651,207,place,CNR,BUY,200,159.9300,300,quote
962.651,207,place,CNR,SELL,500,159.9700,300,quote
962.651,207,place,CNR,SELL,100,184.1700,300,ladder
962.786,207,regime,CNR,,,,,"mixed -> chop (er=0.25, net -16t over 14s)"
963.158,207,place,CNR,BUY,100,160.0700,300,quote
963.398,207,place,CNR,SELL,300,160.1600,300,quote
963.554,207,fill,CNR,BUY,100,160.0700,400,mode=mm
963.802,207,fill,CNR,SELL,300,160.1100,100,mode=mm
964.273,207,place,CNR,BUY,400,160.0800,100,quote
964.273,207,place,CNR,SELL,300,160.1100,100,quote
964.273,207,place,AC,BUY,100,25.0500,1138,quote
964.574,207,fill,CNR,BUY,100,160.0950,200,mode=mm
964.659,207,place,CNR,SELL,100,160.1000,200,quote
964.659,207,place,CNR,BUY,100,147.3200,200,ladder
964.659,207,place,CNR,BUY,100,136.1100,200,ladder
964.774,207,place,CNR,SELL,300,160.0900,200,quote
965.064,207,fill,CNR,SELL,400,160.0800,-200,mode=mm
966.298,208,place,AC,SELL,1000,25.0600,1138,quote
966.565,208,place,AC,SELL,100,25.0600,1138,quote
966.866,208,place,CNR,BUY,1000,160.1200,-200,quote
966.866,208,place,CNR,SELL,100,160.1500,-200,quote
966.866,208,place,AC,SELL,1000,25.0600,1138,quote
967.047,208,place,AC,SELL,100,25.0600,1138,quote
967.338,208,place,AC,SELL,100,25.0600,1138,quote
967.392,208,place,CNR,SELL,300,160.1500,-200,quote
967.796,208,place,AC,SELL,1000,25.0600,1138,quote
968.112,208,place,AC,SELL,100,25.0600,1138,quote
968.378,208,place,CNR,BUY,1000,160.1400,-200,quote
968.378,208,place,CNR,SELL,100,160.1500,-200,quote
968.378,208,place,AC,SELL,1000,25.0600,1138,quote
968.434,208,stop,CNR,BUY,200,160.2000,-200,loss=6.0t stop=5.9t trend_against=False
968.435,208,place,CNR,BUY,200,160.2000,-200,agg
968.710,208,fill,CNR,BUY,200,160.1450,0,mode=mm
968.710,208,fill,AC,SELL,100,25.0550,1038,mode=mm
968.984,208,fill,CNR,SELL,100,160.1350,-100,mode=mm
968.984,208,fill,AC,SELL,563,25.0550,475,mode=mm
969.381,209,regime,AC,,,,,"chop -> mixed (er=1.00, net +1t over 14s)"
969.382,209,place,RY,BUY,100,103.8400,20949,agg
969.382,209,place,CNR,BUY,100,160.1600,-100,quote
969.382,209,place,AC,BUY,100,25.0500,475,quote
969.382,209,place,CNR,SELL,500,164.9400,-100,ladder
969.382,209,place,CNR,SELL,300,172.9400,-100,ladder
969.582,209,place,RY,BUY,363,103.8300,20949,agg
969.582,209,place,AC,SELL,100,25.0700,475,quote
969.582,209,place,CNR,SELL,200,184.1500,-100,ladder
969.697,209,fill,CNR,BUY,100,160.1650,0,mode=mm
969.697,209,fill,RY,BUY,463,103.7250,21412,mode=dir
969.698,209,fill,AC,SELL,100,25.0650,375,mode=mm
969.908,209,place,AC,SELL,100,25.0800,375,quote
970.169,209,fill,AC,SELL,100,25.0800,275,mode=mm
970.170,209,place,CNR,BUY,600,160.0700,0,quote
970.170,209,place,AC,SELL,300,25.0900,275,quote
970.170,209,place,CNR,BUY,100,155.3300,0,ladder
970.404,209,fill,AC,SELL,300,25.0900,-25,mode=mm
972.103,209,place,RY,BUY,300,104.8600,21412,agg
972.103,209,place,AC,BUY,300,25.0900,-25,quote
972.103,209,place,AC,SELL,100,25.1000,-25,quote
972.159,209,place,CNR,BUY,600,160.1000,0,quote
972.159,209,place,AC,BUY,100,25.0900,-25,quote
972.159,209,place,CNR,BUY,300,155.3100,0,ladder
972.464,209,fill,CNR,BUY,600,160.1000,600,mode=mm
972.465,209,fill,RY,BUY,300,104.8450,21712,mode=dir
973.167,209,place,CNR,SELL,600,160.1200,600,quote
973.574,210,fill,CNR,SELL,600,160.1150,0,mode=mm
973.577,210,place,RY,BUY,350,105.5100,21712,agg
973.577,210,place,AC,BUY,100,25.0700,-25,quote
973.577,210,place,AC,SELL,100,25.0900,-25,quote
973.577,210,place,CNR,BUY,100,160.1100,0,quote
973.577,210,place,CNR,SELL,300,164.9200,0,ladder
973.577,210,place,CNR,SELL,100,172.9200,0,ladder
973.680,210,place,CNR,BUY,300,155.3100,0,ladder
973.720,210,fill,AC,SELL,100,25.0800,-125,mode=mm
973.990,210,fill,RY,BUY,350,105.5050,22062,mode=dir
974.229,210,regime,AC,,,,,"mixed -> chop (er=0.24, net +2t over 14s)"
974.516,210,regime,AC,,,,,"chop -> mixed (er=0.33, net +4t over 14s)"
975.013,210,place,CNR,BUY,600,160.0800,0,quote
975.013,210,place,CNR,SELL,300,160.1200,0,quote
975.013,210,place,AC,BUY,300,25.0900,-125,quote
975.275,210,fill,AC,BUY,300,25.0950,175,mode=mm
975.345,210,regime,AC,,,,,"mixed -> chop (er=0.19, net +2t over 14s)"
975.586,210,fill,CNR,BUY,600,160.0950,600,mode=mm
975.588,210,regime,CNR,,,,,"3 stop-outs in 85s -> toxic flow: half size, no stepping inside for 30s"
975.588,210,stop,CNR,SELL,600,160.0700,600,loss=6.0t stop=5.0t trend_against=False
975.590,210,place,CNR,SELL,600,160.0700,600,agg
975.623,210,regime,AC,,,,,"chop -> mixed (er=0.29, net +5t over 14s)"
975.851,210,fill,CNR,SELL,600,160.1100,0,mode=mm
976.128,210,place,AC,SELL,100,25.1100,175,quote
976.501,210,place,CNR,SELL,100,160.1400,0,quote
976.501,210,place,AC,SELL,300,25.1100,175,quote
976.501,210,place,CNR,BUY,500,155.3000,0,ladder
976.501,210,place,CNR,BUY,100,147.3000,0,ladder
976.501,210,place,CNR,BUY,100,136.0900,0,ladder
976.548,210,place,AC,SELL,100,25.1000,175,quote
976.805,210,place,AC,SELL,100,25.0900,175,quote
977.010,210,regime,AC,,,,,"mixed -> chop (er=0.05, net +1t over 14s)"
977.054,210,fill,AC,SELL,100,25.0650,75,mode=mm
977.604,211,place,AC,BUY,300,25.0600,75,quote
977.863,211,place,AC,BUY,100,25.0700,75,quote
977.863,211,place,AC,SELL,300,25.0800,75,quote
977.863,211,place,CNR,SELL,100,160.1600,0,quote
978.120,211,fill,AC,SELL,300,25.0800,-225,mode=mm
979.062,211,place,AC,BUY,100,25.0900,-225,quote
979.326,211,place,AC,BUY,100,25.0900,-225,quote
979.663,211,fill,AC,BUY,100,25.0650,-125,mode=mm
979.665,211,place,AC,BUY,300,25.1000,-125,quote
979.665,211,place,CNR,SELL,500,160.0900,0,quote
979.665,211,place,CNR,SELL,100,164.9000,0,ladder
979.665,211,place,CNR,SELL,100,172.9100,0,ladder
979.922,211,fill,AC,BUY,300,25.1050,175,mode=mm
980.453,211,place,AC,SELL,100,25.0800,175,quote
980.690,211,fill,AC,SELL,100,25.0650,75,mode=mm
980.691,211,place,CNR,BUY,100,159.9500,0,quote
980.691,211,place,CNR,SELL,100,160.0300,0,quote
980.910,211,place,AC,SELL,300,25.0700,75,quote
981.190,211,fill,AC,SELL,300,25.0750,-225,mode=mm
982.242,212,place,AC,BUY,100,25.0700,-225,quote
982.451,212,place,AC,BUY,100,25.0700,-225,quote
983.136,212,regime,CNR,,,,,"chop -> mixed (er=0.30, net -18t over 14s)"
983.500,212,place,CNR,BUY,100,160.0000,0,quote
983.500,212,place,CNR,SELL,500,160.0300,0,quote
983.500,212,place,AC,BUY,300,25.0700,-225,quote
983.500,212,place,AC,SELL,100,25.0800,-225,quote
983.500,212,place,CNR,SELL,100,184.0600,0,ladder
983.708,212,regime,CNR,,,,,"mixed -> chop (er=0.19, net -11t over 14s)"
983.709,212,place,AC,BUY,100,25.0700,-225,quote
984.026,212,place,AC,BUY,100,25.0700,-225,quote
984.049,212,fill,CNR,SELL,500,160.0300,-500,mode=mm
984.050,212,stop,CNR,BUY,500,160.0800,-500,loss=7.0t stop=6.8t trend_against=False
984.051,212,place,CNR,BUY,500,160.0800,-500,agg
984.274,212,fill,CNR,BUY,500,160.0300,0,mode=mm
985.209,212,place,CNR,BUY,300,160.0100,0,quote
985.209,212,place,AC,BUY,300,25.0700,-225,quote
985.209,212,place,AC,SELL,100,25.0800,-225,quote
985.209,212,place,CNR,SELL,500,164.8500,0,ladder
985.209,212,place,CNR,SELL,300,172.8500,0,ladder
985.556,213,place,AC,BUY,100,25.0700,-225,quote
985.819,213,place,AC,BUY,100,25.0700,-225,quote
986.063,213,place,AC,BUY,100,25.0700,-225,quote
986.627,213,place,CNR,BUY,500,160.0200,0,quote
986.775,213,place,CNR,BUY,300,160.0400,0,quote
986.775,213,place,AC,BUY,300,25.0700,-225,quote
986.775,213,place,AC,SELL,100,25.0800,-225,quote
987.040,213,place,AC,BUY,100,25.0700,-225,quote
987.417,213,fill,CNR,BUY,300,160.0750,300,mode=mm
988.183,213,place,CNR,BUY,200,160.0500,300,quote
988.183,213,place,CNR,SELL,300,160.0800,300,quote
988.183,213,place,AC,BUY,100,25.0700,-225,quote
988.351,213,place,CNR,BUY,400,160.0500,300,quote
988.351,213,place,CNR,SELL,100,160.0800,300,quote
988.351,213,place,AC,BUY,300,25.0700,-225,quote
988.568,213,fill,CNR,SELL,63,160.0700,237,mode=mm
988.572,213,place,CNR,BUY,100,160.0500,237,quote
989.587,214,place,CNR,BUY,200,160.0600,237,quote
989.587,214,place,CNR,SELL,300,160.0900,237,quote
989.587,214,place,AC,BUY,100,25.0700,-225,quote
989.789,214,place,CNR,BUY,400,160.0500,237,quote
989.789,214,place,CNR,SELL,100,184.0700,237,ladder
989.843,214,place,AC,BUY,300,25.0700,-225,quote
989.975,214,place,CNR,BUY,100,155.2600,237,ladder
990.178,214,fill,CNR,BUY,400,160.0700,637,mode=mm
990.180,214,stop,CNR,SELL,637,160.0200,637,loss=5.6t stop=5.0t trend_against=False
990.181,214,place,CNR,SELL,637,160.0200,637,agg
990.417,214,fill,CNR,SELL,637,160.0650,0,mode=mm
991.343,214,place,CNR,SELL,300,160.0700,0,quote
991.343,214,place,AC,BUY,300,25.0700,-225,quote
991.343,214,place,CNR,BUY,500,155.2500,0,ladder
991.681,214,place,AC,BUY,100,25.0700,-225,quote
992.332,214,place,CNR,BUY,300,147.2600,0,ladder
992.332,214,place,CNR,BUY,100,136.0600,0,ladder
992.666,214,place,CNR,SELL,300,160.1800,0,quote
992.743,214,place,AC,BUY,100,25.0700,-225,quote
992.743,214,place,CNR,SELL,500,164.8800,0,ladder
992.743,214,place,CNR,SELL,100,172.8800,0,ladder
992.958,214,place,AC,BUY,300,25.0700,-225,quote
993.208,214,place,AC,BUY,100,25.0700,-225,quote
993.620,215,regime,AC,,,,,"chop -> mixed (er=0.60, net -3t over 14s)"
994.255,215,place,CNR,SELL,300,160.1400,0,quote
994.255,215,place,AC,BUY,100,25.0700,-225,quote
994.433,215,place,AC,BUY,300,25.0700,-225,quote
994.760,215,place,AC,BUY,100,25.0700,-225,quote
995.010,215,regime,AC,,,,,"mixed -> chop (er=0.00, net +0t over 14s)"
995.807,215,place,CNR,SELL,300,160.0400,0,quote
995.807,215,place,AC,BUY,100,25.0700,-225,quote
996.001,215,place,AC,BUY,300,25.0700,-225,quote
996.308,215,place,AC,BUY,100,25.0700,-225,quote
997.305,215,place,CNR,SELL,300,160.0700,0,quote
997.305,215,place,AC,BUY,100,25.0700,-225,quote
997.571,216,place,AC,BUY,300,25.0700,-225,quote
997.812,216,place,AC,BUY,100,25.0700,-225,quote
998.883,216,place,CNR,SELL,300,160.0700,0,quote
998.883,216,place,AC,BUY,100,25.0700,-225,quote
999.064,216,place,AC,BUY,300,25.0700,-225,quote
999.350,216,place,AC,BUY,100,25.0700,-225,quote
1000.273,216,place,CNR,SELL,300,160.0700,0,quote
1000.273,216,place,AC,BUY,100,25.0700,-225,quote
1000.619,216,place,AC,BUY,300,25.0700,-225,quote
1000.907,216,place,AC,BUY,100,25.0700,-225,quote
1001.260,216,regime,AC,,,,,"chop -> mixed (er=1.00, net +1t over 14s)"
1001.874,217,place,AC,BUY,100,25.0900,-225,quote
1001.874,217,place,CNR,SELL,300,159.9900,0,quote
1002.084,217,fill,AC,BUY,100,25.0950,-125,mode=mm
1002.087,217,place,AC,BUY,300,25.1000,-125,quote
1002.087,217,place,AC,SELL,100,25.1100,-125,quote
1002.371,217,fill,AC,BUY,200,25.1000,75,mode=mm
1004.153,217,dir_exit,RY,,22062,114.3132,22062,fast trail 17790>89t
1004.153,217,regime,RY,,,,,winning ride +1408t -> entry bar x1.00
1004.155,217,place,RY,SELL,5000,345.8500,22062,agg
1004.431,217,fill,RY,SELL,5000,114.3132,17062,mode=cut
1004.433,217,place,AC,BUY,4800,25.0900,75,quote
1004.433,217,place,AC,SELL,5000,25.1000,75,quote
1004.433,217,place,CNR,SELL,300,159.9300,0,quote
1004.475,217,place,CNR,BUY,100,159.9000,0,quote
1004.475,217,place,CNR,SELL,100,183.9800,0,ladder
1004.665,217,fill,AC,SELL,1600,25.1000,-1525,mode=mm
1004.892,217,fill,AC,SELL,1900,25.1000,-3425,mode=mm
1005.197,218,place,RY,SELL,5000,345.8300,17062,agg
1005.441,218,fill,RY,SELL,5000,359.8050,12062,mode=cut
1005.442,218,place,CNR,BUY,1500,159.8500,0,quote
1005.442,218,place,CNR,SELL,1500,159.9000,0,quote
1005.442,218,place,AC,BUY,4100,25.0900,-3425,quote
1005.442,218,place,AC,SELL,100,25.1100,-3425,quote
1005.484,218,place,CNR,SELL,100,159.8900,0,quote
1005.590,218,place,CNR,BUY,100,159.8600,0,quote
1005.807,218,fill,CNR,SELL,1100,159.8750,-1100,mode=mm
1005.893,218,place,CNR,BUY,5000,159.8700,-1100,quote
1005.893,218,place,CNR,SELL,3400,159.9000,-1100,quote
1005.893,218,place,AC,SELL,500,25.1100,-3425,quote
1006.028,218,fill,CNR,SELL,500,159.8850,-1600,mode=mm
1006.028,218,fill,AC,BUY,4100,25.0950,675,mode=mm
1006.241,218,fill,CNR,BUY,518,159.9250,-1082,mode=mm
1006.241,218,fill,AC,SELL,500,25.1000,175,mode=mm
1006.243,218,place,RY,SELL,5000,401.6300,12062,agg
1006.243,218,place,AC,BUY,100,25.0800,175,quote
1006.243,218,place,AC,SELL,3000,25.1000,175,quote
1006.243,218,place,CNR,BUY,300,159.8700,-1082,quote
1006.332,218,regime,CNR,,,,,"chop -> mixed (er=0.29, net -26t over 14s)"
1006.332,218,regime,AC,,,,,"mixed -> chop (er=0.20, net +2t over 14s)"
1006.463,218,fill,RY,SELL,5000,114.3132,7062,mode=cut
1006.463,218,fill,AC,SELL,3000,25.0900,-2825,mode=mm
1006.465,218,place,AC,BUY,5000,25.0900,-2825,quote
1006.465,218,place,AC,SELL,1900,25.1200,-2825,quote
1006.465,218,place,CNR,BUY,100,159.8700,-1082,quote
1006.465,218,place,CNR,SELL,200,159.9200,-1082,quote
1006.707,218,fill,CNR,BUY,100,159.8950,-982,mode=mm
1006.707,218,fill,AC,BUY,2000,25.0950,-825,mode=mm
1006.856,218,regime,AC,,,,,"chop -> mixed (er=0.29, net +3t over 14s)"
1006.953,218,fill,AC,BUY,3000,25.1000,2175,mode=mm
1006.954,218,place,AC,BUY,2400,25.0900,2175,quote
1006.954,218,place,CNR,SELL,700,159.9300,-982,quote
1007.115,218,regime,CNR,,,,,"mixed -> chop (er=0.22, net -19t over 14s)"
1007.209,218,fill,AC,BUY,800,25.1050,2975,mode=mm
1007.256,218,place,RY,SELL,5000,401.6300,7062,agg
1007.508,218,fill,CNR,SELL,700,159.8700,-1682,mode=mm
1007.508,218,fill,RY,SELL,5000,114.3132,2062,mode=cut
1007.508,218,fill,AC,BUY,1600,25.1000,4575,mode=mm
1007.919,218,regime,CNR,,,,,"chop -> mixed (er=0.27, net -24t over 14s)"
1007.919,218,regime,AC,,,,,"mixed -> chop (er=0.04, net +0t over 14s)"
1007.971,218,place,CNR,BUY,5000,159.8900,-1682,quote
1007.971,218,place,CNR,SELL,1600,159.9200,-1682,quote
1007.971,218,place,AC,BUY,100,25.0300,4575,quote
1007.971,218,place,AC,SELL,4500,25.0900,4575,quote
1007.971,218,place,CNR,BUY,1500,155.1300,-1682,ladder
1007.971,218,place,CNR,BUY,1500,147.1400,-1682,ladder
1007.971,218,place,CNR,BUY,700,135.9400,-1682,ladder
1008.012,218,place,CNR,SELL,100,164.7300,-1682,ladder
1008.274,218,fill,CNR,BUY,4000,159.9050,2318,mode=mm
1008.276,218,fill,AC,SELL,4300,25.0700,275,mode=mm
1008.277,218,regime,CNR,,,,,"mixed -> chop (er=0.22, net -20t over 14s)"
1008.277,218,place,RY,SELL,2062,401.6100,2062,agg
1008.503,218,fill,CNR,BUY,1000,159.9100,3318,mode=mm
1008.505,218,fill,RY,SELL,2062,114.3132,0,mode=cut
1008.506,218,fill,AC,SELL,200,25.0900,75,mode=mm
1008.506,218,stop,AC,SELL,75,25.0400,75,loss=6.0t stop=5.0t trend_against=False
1008.507,218,place,AC,SELL,75,25.0400,75,agg
1008.507,218,place,CNR,SELL,1000,159.9000,3318,quote
1008.507,218,place,CNR,SELL,500,172.7200,3318,ladder
1008.507,218,place,CNR,SELL,100,183.9200,3318,ladder
1008.760,218,fill,CNR,SELL,1000,159.8950,2318,mode=mm
1008.760,218,fill,AC,SELL,75,25.0850,0,mode=mm
1008.774,218,place,CNR,BUY,400,159.8900,2318,quote
1008.774,218,place,CNR,SELL,5000,159.9100,2318,quote
1009.077,218,fill,CNR,SELL,3000,159.9050,-682,mode=mm
1009.078,218,place,AC,SELL,1800,25.1200,0,quote
1009.078,218,place,CNR,BUY,1100,159.8800,-682,quote
1009.078,218,place,CNR,SELL,700,159.9400,-682,quote
1009.294,218,fill,CNR,SELL,500,159.9100,-1182,mode=mm
1009.519,219,fill,AC,SELL,1800,25.1050,-1800,mode=mm
1009.521,219,place,CNR,BUY,5000,159.8500,-1182,quote
1009.521,219,place,CNR,SELL,3300,159.8700,-1182,quote
1009.521,219,place,AC,BUY,1800,25.0300,-1800,quote
1009.521,219,place,AC,SELL,500,25.1000,-1800,quote
1009.521,219,place,CNR,BUY,1500,155.1300,-1182,ladder
1009.521,219,place,CNR,SELL,100,164.7200,-1182,ladder
1009.521,219,place,CNR,BUY,900,147.1300,-1182,ladder
1009.521,219,place,CNR,BUY,400,135.9400,-1182,ladder
1009.566,219,place,AC,BUY,1800,25.0400,-1800,quote
1009.788,219,fill,AC,BUY,2547,25.0700,747,mode=mm
1009.821,219,place,AC,SELL,5000,25.0600,747,quote
1009.821,219,place,CNR,SELL,1500,172.7100,-1182,ladder
1009.821,219,place,CNR,SELL,700,183.9100,-1182,ladder
1010.086,219,fill,CNR,SELL,3300,159.8600,-4482,mode=mm
1010.086,219,fill,AC,SELL,300,25.0500,447,mode=mm
1010.262,219,fill,AC,SELL,4700,25.0550,-4253,mode=mm
1010.263,219,place,AC,BUY,500,25.0500,-4253,quote
1010.525,219,place,CNR,BUY,5000,159.8600,-4482,quote
1010.525,219,place,CNR,SELL,100,159.8800,-4482,quote
1010.525,219,place,AC,BUY,4200,25.0500,-4253,quote
1010.525,219,place,AC,SELL,100,25.0700,-4253,quote
1010.840,219,fill,CNR,BUY,2355,159.8600,-2127,mode=mm
1010.842,219,fill,AC,SELL,100,25.0550,-4353,mode=mm
1010.842,219,stop,AC,BUY,4353,25.1600,-4353,loss=6.0t stop=5.0t trend_against=False
1010.843,219,place,AC,BUY,4353,25.1600,-4353,agg
1011.007,219,fill,AC,BUY,4353,25.0850,0,mode=mm
1011.673,219,place,AC,BUY,5000,25.0800,0,quote
1011.787,219,place,AC,BUY,1800,25.0900,0,quote
1012.049,219,fill,AC,BUY,1800,25.1050,1800,mode=mm
1012.052,219,place,AC,BUY,2700,25.1000,1800,quote
1012.052,219,place,AC,SELL,1800,25.1200,1800,quote
1012.052,219,place,CNR,BUY,5000,159.8600,-2127,quote
1012.052,219,place,CNR,SELL,2400,159.8700,-2127,quote
1012.052,219,place,CNR,BUY,1500,155.1000,-2127,ladder
1012.052,219,place,CNR,SELL,900,164.6900,-2127,ladder
1012.052,219,place,CNR,BUY,900,147.1100,-2127,ladder
1012.052,219,place,CNR,SELL,100,172.6900,-2127,ladder
1012.052,219,place,CNR,BUY,400,135.9100,-2127,ladder
1012.052,219,place,CNR,SELL,100,183.8800,-2127,ladder
1012.360,219,fill,CNR,BUY,1200,159.8600,-927,mode=mm
1012.361,219,fill,AC,BUY,900,25.1100,2700,mode=mm
1012.361,219,place,AC,SELL,500,25.1100,2700,quote
1012.546,219,fill,AC,SELL,500,25.1050,2200,mode=mm
1012.546,219,regime,AC,,,,,"3 stop-outs in 85s -> toxic flow: half size, no stepping inside for 30s"
1012.546,219,stop,AC,SELL,2200,25.0700,2200,loss=5.6t stop=5.0t trend_against=False
1012.549,219,place,AC,SELL,2200,25.0700,2200,agg
1012.730,219,regime,CNR,,,,,"chop -> mixed (er=0.27, net -19t over 14s)"
1012.783,219,fill,AC,SELL,2200,25.1150,0,mode=mm
1012.785,219,place,CNR,BUY,1800,159.8500,-927,quote
1012.785,219,place,CNR,SELL,3600,159.8600,-927,quote
1012.785,219,place,CNR,BUY,500,155.0900,-927,ladder
1012.785,219,place,CNR,SELL,900,164.6900,-927,ladder
1012.785,219,place,CNR,BUY,100,147.1000,-927,ladder
1012.785,219,place,CNR,SELL,300,172.6800,-927,ladder
1012.785,219,place,CNR,BUY,100,135.9100,-927,ladder
1013.121,219,fill,CNR,SELL,1700,159.8550,-2627,mode=mm
1013.123,219,place,CNR,SELL,1200,159.8700,-2627,quote
1013.123,219,place,CNR,SELL,2000,183.8700,-2627,ladder
1013.611,220,fill,CNR,BUY,1800,159.8550,-827,mode=mm
1013.612,220,place,CNR,BUY,3200,159.8500,-827,quote
1013.612,220,place,CNR,SELL,2200,159.8600,-827,quote
1013.990,220,place,AC,SELL,1500,25.1300,0,quote
1014.386,220,fill,CNR,SELL,1282,159.8550,-2109,mode=mm
1014.390,220,place,CNR,BUY,5000,159.8600,-2109,quote
1014.390,220,place,CNR,SELL,2400,159.8700,-2109,quote
1014.390,220,place,AC,SELL,1500,25.1400,0,quote
1014.641,220,fill,CNR,BUY,2200,159.8600,91,mode=mm
1014.645,220,place,AC,SELL,2500,25.1300,0,quote
1014.645,220,place,CNR,BUY,2800,159.8500,91,quote
1014.645,220,place,CNR,SELL,3000,159.8600,91,quote
1014.894,220,fill,CNR,SELL,3000,159.8600,-2909,mode=mm
1014.898,220,place,CNR,BUY,3900,159.8600,-2909,quote
1014.898,220,place,CNR,SELL,1100,159.8800,-2909,quote
1015.149,220,regime,CNR,,,,,"mixed -> chop (er=0.24, net -16t over 14s)"
1015.660,220,fill,CNR,BUY,3200,159.8650,291,mode=mm
1015.663,220,place,AC,SELL,2500,25.1400,0,quote
1015.761,220,place,AC,BUY,2500,25.0800,0,quote
1015.931,220,fill,CNR,BUY,700,159.8650,991,mode=mm
1015.933,220,place,CNR,BUY,3500,159.8500,991,quote
1015.933,220,place,CNR,BUY,1500,155.0800,991,ladder
1015.933,220,place,CNR,SELL,1500,164.6700,991,ladder
1015.933,220,place,CNR,BUY,1500,147.0900,991,ladder
1015.933,220,place,CNR,SELL,1500,172.6700,991,ladder
1015.933,220,place,CNR,BUY,2000,135.8900,991,ladder
1015.933,220,place,CNR,SELL,2000,183.8600,991,ladder
1016.178,220,fill,AC,BUY,1720,25.1100,1720,mode=mm
1016.194,220,place,CNR,SELL,3300,159.8600,991,quote
1016.389,220,place,AC,BUY,800,25.1100,1720,quote
1016.703,220,fill,CNR,BUY,819,159.8550,1810,mode=mm
1016.703,220,fill,AC,BUY,780,25.1250,2500,mode=mm
1016.704,220,place,CNR,BUY,1600,159.8500,1810,quote
1016.704,220,place,CNR,SELL,3600,159.8600,1810,quote
1016.971,220,fill,CNR,SELL,4019,159.8550,-2209,mode=mm
1016.975,220,place,CNR,BUY,5000,159.8600,-2209,quote
1016.975,220,place,CNR,SELL,200,159.8700,-2209,quote
1016.975,220,place,AC,BUY,100,25.0900,2500,quote
1017.036,220,place,CNR,BUY,3700,159.8500,-2209,quote
1017.204,221,fill,CNR,BUY,3200,159.8550,991,mode=mm
1017.746,221,place,CNR,SELL,5000,159.9500,991,quote
1017.746,221,place,AC,SELL,1900,25.1300,2500,quote
1017.746,221,place,CNR,SELL,1500,164.6700,991,ladder
1017.746,221,place,CNR,SELL,1500,172.6600,991,ladder
1017.746,221,place,CNR,SELL,700,183.8600,991,ladder
1017.994,221,place,AC,BUY,1000,25.0500,2500,quote
1017.994,221,place,CNR,BUY,2100,159.9200,991,quote
1017.994,221,place,CNR,BUY,900,155.0800,991,ladder
1017.994,221,place,CNR,BUY,300,147.0900,991,ladder
1018.092,221,place,CNR,SELL,3000,159.9400,991,quote
1018.211,221,fill,CNR,SELL,2700,159.9300,-1709,mode=mm
1018.212,221,place,CNR,BUY,3000,159.9300,-1709,quote
1018.212,221,place,CNR,SELL,900,159.9700,-1709,quote
1018.212,221,place,AC,BUY,100,25.0600,2500,quote
1018.212,221,place,AC,SELL,1800,25.1200,2500,quote
1018.212,221,place,CNR,BUY,1200,135.9000,-1709,ladder
1018.486,221,place,AC,BUY,100,25.0700,2500,quote
1018.707,221,place,CNR,SELL,2800,159.9400,-1709,quote
1018.707,221,place,AC,BUY,600,25.0800,2500,quote
1019.050,221,fill,CNR,SELL,2800,159.9350,-4509,mode=mm
1019.052,221,regime,CNR,,,,,"3 stop-outs in 85s -> toxic flow: half size, no stepping inside for 30s"
1019.052,221,stop,CNR,BUY,4509,160.1300,-4509,loss=8.9t stop=5.0t trend_against=False
1019.052,221,place,CNR,BUY,4509,160.1300,-4509,agg
1019.244,221,fill,CNR,BUY,4509,160.0100,0,mode=mm
1019.986,221,place,CNR,BUY,2500,159.9400,0,quote
1019.986,221,place,CNR,BUY,1500,155.0900,0,ladder
1019.986,221,place,CNR,SELL,1500,164.6900,0,ladder
1019.986,221,place,CNR,BUY,1500,147.1000,0,ladder
1019.986,221,place,CNR,SELL,1500,172.6800,0,ladder
1019.986,221,place,CNR,BUY,2000,135.9100,0,ladder
1019.986,221,place,CNR,SELL,2000,183.8800,0,ladder
1020.231,221,place,CNR,BUY,2500,159.9500,0,quote
1020.499,221,place,CNR,BUY,2500,159.9600,0,quote
1020.796,221,regime,CNR,,,,,"chop -> mixed (er=0.28, net +11t over 14s)"
1020.984,221,place,CNR,BUY,1500,159.9700,0,quote
1021.064,221,regime,CNR,,,,,"mixed -> chop (er=0.24, net +9t over 14s)"
1021.251,221,place,CNR,BUY,1500,160.0000,0,quote
1021.338,222,regime,CNR,,,,,"chop -> TREND (er=0.48, net +19t over 14s)"
1021.521,222,place,CNR,BUY,100,160.0100,0,quote
1021.756,222,place,CNR,BUY,1500,160.0200,0,quote
1022.034,222,place,CNR,BUY,1500,160.0300,0,quote
1022.145,222,place,CNR,SELL,1500,160.1300,0,quote
1022.286,222,place,CNR,SELL,1500,160.0600,0,quote
1024.001,222,regime,AC,,,,,"chop -> mixed (er=0.26, net +5t over 14s)"
1024.265,222,regime,AC,,,,,"mixed -> chop (er=0.24, net +5t over 14s)"
1030.488,224,regime,AC,,,,,"chop -> mixed (er=0.40, net -2t over 14s)"
1031.525,224,regime,AC,,,,,"mixed -> chop (er=0.14, net -0t over 14s)"
1031.785,224,regime,AC,,,,,"chop -> mixed (er=0.33, net -1t over 14s)"
1033.082,224,regime,AC,,,,,"mixed -> chop (er=0.00, net +0t over 14s)"
1033.287,225,fill,CNR,SELL,1150,160.0450,-1150,mode=mm
1033.289,225,place,CNR,SELL,1000,160.0700,-1150,quote
1033.493,225,place,CNR,SELL,1000,160.0600,-1150,quote
1033.605,225,regime,CNR,,,,,"TREND -> mixed (er=0.50, net +7t over 14s)"
1036.448,225,regime,CNR,,,,,"mixed -> chop (er=0.00, net +0t over 14s)"
1042.569,227,place,AC,BUY,2100,25.0900,2500,quote
1042.569,227,place,AC,SELL,5000,25.1100,2500,quote
1047.415,228,regime,CNR,,,,,"chop -> mixed (er=1.00, net -0t over 14s)"
1047.673,228,regime,CNR,,,,,"mixed -> chop (er=0.00, net +0t over 14s)"
1049.069,228,place,CNR,BUY,3300,160.0400,-1150,quote
1049.069,228,place,CNR,SELL,2000,160.0500,-1150,quote
1053.710,230,fill,CNR,BUY,1761,160.0450,611,mode=mm
1054.190,230,fill,CNR,SELL,669,160.0450,-58,mode=mm
1054.692,230,fill,CNR,BUY,1539,160.0450,1481,mode=mm
1054.694,230,place,CNR,BUY,1800,160.0400,1481,quote
1055.190,230,fill,CNR,SELL,1331,160.0450,150,mode=mm
1055.193,230,place,CNR,SELL,3000,160.0500,150,quote
1056.970,230,fill,CNR,BUY,1800,160.0450,1950,mode=mm
1056.975,230,place,CNR,BUY,1500,160.0400,1950,quote
1057.222,230,fill,CNR,SELL,3000,160.0450,-1050,mode=mm
1057.225,230,place,CNR,SELL,2100,160.0500,-1050,quote
1058.267,231,fill,CNR,SELL,1700,160.0450,-2750,mode=mm
1058.268,231,place,CNR,SELL,1100,160.0600,-2750,quote
1058.527,231,fill,CNR,BUY,1500,160.0450,-1250,mode=mm
1058.529,231,place,CNR,BUY,3400,160.0400,-1250,quote
1058.529,231,place,CNR,SELL,1900,160.0500,-1250,quote
1060.031,231,fill,CNR,BUY,3300,160.0450,2050,mode=mm
1060.032,231,place,CNR,BUY,2500,160.0400,2050,quote
1061.320,232,fill,CNR,BUY,1600,160.0450,3650,mode=mm
1061.322,232,place,CNR,BUY,1400,160.0300,3650,quote
1061.545,232,fill,CNR,BUY,900,160.0450,4550,mode=mm
1062.350,232,fill,CNR,BUY,616,160.0450,5166,mode=mm
1062.351,232,place,CNR,BUY,800,160.0100,5166,quote
1062.351,232,place,CNR,SELL,5000,160.0400,5166,quote
1062.516,232,regime,CNR,,,,,"chop -> mixed (er=1.00, net -0t over 14s)"
1062.852,232,place,CNR,BUY,800,160.0000,5166,quote
1062.852,232,place,CNR,SELL,5000,160.0300,5166,quote
1063.340,232,place,CNR,BUY,800,159.9900,5166,quote
1063.340,232,place,CNR,SELL,5000,160.0200,5166,quote
1063.622,232,place,CNR,BUY,800,159.9800,5166,quote
1063.622,232,place,CNR,SELL,3000,160.0100,5166,quote
1063.883,232,place,CNR,BUY,500,159.9600,5166,quote
1063.883,232,place,CNR,SELL,500,160.0000,5166,quote
1063.998,232,place,CNR,BUY,500,159.9700,5166,quote
1064.171,232,place,CNR,SELL,4700,160.0000,5166,quote
1064.401,232,stop,CNR,SELL,5000,159.9300,5166,loss=6.9t stop=5.0t trend_against=False
1064.402,232,place,CNR,SELL,5000,159.9300,5166,agg
1064.671,232,fill,CNR,SELL,4550,159.9850,616,mode=mm
1065.438,233,stop,CNR,SELL,616,159.8700,616,loss=8.3t stop=5.0t trend_against=False
1065.439,233,place,CNR,SELL,616,159.8700,616,agg
1065.823,233,fill,CNR,SELL,616,159.9350,0,mode=mm
1065.825,233,regime,CNR,,,,,"mixed -> TREND (er=1.00, net -18t over 14s)"
1065.826,233,place,CNR,SELL,3000,159.8900,0,quote
1065.826,233,place,CNR,BUY,1500,155.2100,0,ladder
1065.826,233,place,CNR,SELL,1500,164.8100,0,ladder
1065.826,233,place,CNR,BUY,1500,147.2100,0,ladder
1065.826,233,place,CNR,SELL,1500,172.8100,0,ladder
1065.826,233,place,CNR,BUY,2000,136.0100,0,ladder
1065.826,233,place,CNR,SELL,2000,184.0100,0,ladder
1065.886,233,place,CNR,SELL,3000,159.8800,0,quote
1066.388,233,place,CNR,SELL,1500,159.8500,0,quote
1066.658,233,place,CNR,SELL,500,159.8400,0,quote
1066.944,233,place,CNR,SELL,1500,159.8300,0,quote
1067.173,233,place,CNR,SELL,1500,159.8200,0,quote
1067.375,233,place,CNR,SELL,1500,159.8100,0,quote
1068.140,233,place,CNR,SELL,1500,159.8000,0,quote
1068.705,233,place,CNR,SELL,1500,159.7900,0,quote
1069.195,233,place,CNR,SELL,1500,159.7800,0,quote
1070.464,234,place,CNR,SELL,1500,159.7700,0,quote
1071.806,234,fill,CNR,SELL,198,159.7500,-198,mode=mm
1071.808,234,place,CNR,SELL,1400,159.7800,-198,quote
1072.249,234,place,CNR,BUY,1500,159.7200,-198,quote
1072.249,234,place,CNR,SELL,1400,159.7700,-198,quote
1072.649,234,place,CNR,BUY,1500,159.7100,-198,quote
1072.807,234,place,CNR,SELL,1400,159.7800,-198,quote
1073.085,234,place,CNR,SELL,1400,159.7700,-198,quote
1073.315,235,place,CNR,SELL,1400,159.7600,-198,quote
1073.573,235,place,CNR,SELL,1400,159.7500,-198,quote
1073.803,235,place,CNR,SELL,1400,159.7400,-198,quote
1074.579,235,place,CNR,BUY,1500,159.7000,-198,quote
1074.579,235,place,CNR,SELL,1400,159.7300,-198,quote
1075.070,235,place,CNR,SELL,1400,159.7400,-198,quote
1075.431,235,fill,CNR,BUY,660,159.7200,462,mode=mm
1075.433,235,place,CNR,BUY,1200,159.6800,462,quote
1075.896,235,fill,CNR,BUY,1200,159.7100,1662,mode=mm
1075.897,235,place,CNR,BUY,800,159.6300,1662,quote
1075.897,235,place,CNR,SELL,1700,159.7300,1662,quote
1076.118,235,place,CNR,BUY,800,159.6200,1662,quote
1076.118,235,place,CNR,SELL,1700,159.7200,1662,quote
1076.495,235,place,CNR,BUY,800,159.6300,1662,quote
1076.602,235,place,CNR,BUY,800,159.6200,1662,quote
1076.602,235,place,CNR,SELL,1700,159.7100,1662,quote
1077.151,235,regime,CNR,,,,,"3 stop-outs in 85s -> toxic flow: half size, no stepping inside for 30s"
1077.151,235,stop,CNR,SELL,1662,159.5900,1662,loss=5.6t stop=5.0t trend_against=False
1077.153,235,place,CNR,SELL,1662,159.5900,1662,agg
1077.445,236,fill,CNR,SELL,862,159.6600,800,mode=mm
1077.447,236,place,CNR,SELL,1600,159.7000,800,quote
1077.447,236,place,CNR,BUY,1500,154.9400,800,ladder
1077.447,236,place,CNR,SELL,1500,164.5300,800,ladder
1077.447,236,place,CNR,BUY,1500,146.9600,800,ladder
1077.447,236,place,CNR,SELL,1500,172.5100,800,ladder
1077.447,236,place,CNR,BUY,2000,135.7800,800,ladder
1077.447,236,place,CNR,SELL,2000,183.7000,800,ladder
1078.228,236,stop,CNR,SELL,800,159.5700,800,loss=5.8t stop=5.0t trend_against=False
1078.229,236,place,CNR,SELL,800,159.5700,800,agg
1078.423,236,fill,CNR,SELL,800,159.6600,0,mode=mm
1078.424,236,place,CNR,SELL,1500,159.7200,0,quote
1078.424,236,place,CNR,BUY,1500,154.9300,0,ladder
1078.424,236,place,CNR,SELL,1500,164.5100,0,ladder
1078.424,236,place,CNR,BUY,1500,146.9400,0,ladder
1078.424,236,place,CNR,SELL,1500,172.5000,0,ladder
1078.424,236,place,CNR,BUY,2000,135.7600,0,ladder
1078.424,236,place,CNR,SELL,2000,183.6800,0,ladder
1078.935,236,place,CNR,SELL,1500,159.7100,0,quote
1079.177,236,place,CNR,SELL,1500,159.7000,0,quote
1079.705,236,place,CNR,SELL,1500,159.6900,0,quote
1079.944,236,place,CNR,SELL,1500,159.6700,0,quote
1080.193,236,place,CNR,SELL,1500,159.6600,0,quote
1080.483,236,place,CNR,SELL,1500,159.6700,0,quote
1080.969,236,place,CNR,SELL,1500,159.6600,0,quote
1081.098,236,place,CNR,SELL,1500,159.6500,0,quote
1081.377,237,place,CNR,BUY,1500,159.5900,0,quote
1081.702,237,place,CNR,SELL,1500,159.6400,0,quote
1082.011,237,place,CNR,BUY,1500,159.5800,0,quote
1082.011,237,place,CNR,SELL,1500,159.6300,0,quote
1082.308,237,fill,CNR,SELL,1450,159.6050,-1450,mode=mm
1082.309,237,place,CNR,SELL,900,159.6300,-1450,quote
1082.745,237,place,CNR,SELL,900,159.6400,-1450,quote
1083.002,237,fill,CNR,SELL,500,159.6100,-1950,mode=mm
1083.004,237,place,CNR,SELL,700,159.6500,-1950,quote
1083.257,237,place,CNR,SELL,700,159.6600,-1950,quote
1083.512,237,place,CNR,SELL,700,159.6500,-1950,quote
1084.001,237,place,CNR,SELL,700,159.6400,-1950,quote
1084.288,237,place,CNR,SELL,700,159.6300,-1950,quote
1084.556,237,place,CNR,BUY,1800,159.5700,-1950,quote
1084.556,237,place,CNR,SELL,700,159.6400,-1950,quote
1084.806,237,place,CNR,SELL,700,159.6300,-1950,quote
1085.027,237,place,CNR,BUY,1800,159.5800,-1950,quote
1085.027,237,place,CNR,SELL,700,159.6400,-1950,quote
1085.167,237,fill,CNR,SELL,600,159.6100,-2550,mode=mm
1085.167,237,place,CNR,SELL,600,159.6600,-2550,quote
1085.312,237,place,CNR,BUY,1900,159.5900,-2550,quote
1085.544,238,place,CNR,SELL,600,159.6700,-2550,quote
1085.854,238,fill,CNR,BUY,1900,159.6250,-650,mode=mm
1085.856,238,place,CNR,BUY,1600,159.5700,-650,quote
1085.856,238,place,CNR,SELL,1200,159.6500,-650,quote
1086.090,238,place,CNR,BUY,1600,159.5800,-650,quote
1086.364,238,place,CNR,BUY,1600,159.5700,-650,quote
1086.364,238,place,CNR,SELL,1200,159.6600,-650,quote
1086.400,238,fill,CNR,BUY,1033,159.6150,383,mode=mm
1086.809,238,place,CNR,SELL,1500,159.6500,383,quote
1087.081,238,place,CNR,BUY,1300,159.5800,383,quote
1087.081,238,place,CNR,SELL,1500,159.6600,383,quote
1087.373,238,place,CNR,SELL,1500,159.6400,383,quote
1087.657,238,fill,CNR,BUY,1300,159.6100,1683,mode=mm
1087.658,238,place,CNR,BUY,800,159.5600,1683,quote
1087.857,238,place,CNR,BUY,800,159.5700,1683,quote
1087.857,238,place,CNR,SELL,1700,159.6500,1683,quote
1088.120,238,place,CNR,BUY,800,159.5800,1683,quote
1088.120,238,place,CNR,SELL,1700,159.6400,1683,quote
1088.609,238,place,CNR,BUY,800,159.5900,1683,quote
1088.903,238,fill,CNR,BUY,239,159.6150,1922,mode=mm
1089.152,238,fill,CNR,BUY,800,159.6150,2722,mode=mm
1089.154,238,place,CNR,BUY,600,159.5500,2722,quote
1089.403,238,place,CNR,BUY,600,159.5600,2722,quote
1089.403,238,place,CNR,SELL,1900,159.6300,2722,quote
1089.654,239,place,CNR,BUY,600,159.5500,2722,quote
1089.898,239,place,CNR,BUY,600,159.5700,2722,quote
1089.898,239,place,CNR,SELL,1900,159.6200,2722,quote
1090.168,239,place,CNR,BUY,600,159.5500,2722,quote
1090.425,239,fill,CNR,BUY,600,159.5900,3322,mode=mm
1090.425,239,place,CNR,BUY,400,159.5600,3322,quote
1090.425,239,place,CNR,SELL,2000,159.6100,3322,quote
1090.470,239,regime,CNR,,,,,"TREND -> mixed (er=0.32, net -8t over 14s)"
1090.677,239,place,CNR,SELL,2000,159.6000,3322,quote
1091.403,239,place,CNR,BUY,800,159.5400,3322,quote
1091.649,239,place,CNR,SELL,3400,159.5900,3322,quote
1091.936,239,place,CNR,BUY,800,159.5300,3322,quote
1091.936,239,place,CNR,SELL,3400,159.5800,3322,quote
1092.165,239,place,CNR,SELL,2000,159.5700,3322,quote
1093.437,240,place,CNR,BUY,400,159.5200,3322,quote
1093.437,240,place,CNR,SELL,2000,159.5600,3322,quote
1094.488,240,place,CNR,BUY,800,159.5100,3322,quote
1094.721,240,stop,CNR,SELL,3322,159.4900,3322,loss=5.1t stop=5.0t trend_against=False
1094.721,240,place,CNR,SELL,3322,159.4900,3322,agg
1095.006,240,fill,CNR,SELL,3322,159.5350,0,mode=mm
1095.006,240,place,CNR,SELL,1500,159.5500,0,quote
1095.006,240,place,CNR,BUY,1500,154.7900,0,ladder
1095.006,240,place,CNR,SELL,1500,164.3600,0,ladder
1095.006,240,place,CNR,BUY,1500,146.8100,0,ladder
1095.006,240,place,CNR,SELL,1500,172.3400,0,ladder
1095.006,240,place,CNR,BUY,2000,135.6400,0,ladder
1095.006,240,place,CNR,SELL,2000,183.5100,0,ladder
1095.497,240,place,CNR,SELL,1500,159.5400,0,quote
1097.007,240,place,CNR,SELL,1500,159.5300,0,quote
1097.929,241,place,CNR,BUY,1500,159.5000,0,quote
1099.127,241,fill,CNR,SELL,300,159.5150,-300,mode=mm
1099.130,241,place,CNR,SELL,2200,159.5400,-300,quote
1099.429,241,fill,CNR,SELL,1000,159.5200,-1300,mode=mm
1099.432,241,place,CNR,BUY,1700,159.5100,-1300,quote
1099.637,241,fill,CNR,BUY,800,159.5250,-500,mode=mm
1099.639,241,place,CNR,BUY,2600,159.5000,-500,quote
1099.840,241,place,CNR,SELL,1200,159.5300,-500,quote
1100.068,241,place,CNR,BUY,2600,159.4900,-500,quote
1100.369,241,place,CNR,SELL,1200,159.5200,-500,quote
1102.107,242,place,CNR,SELL,1200,159.5100,-500,quote
1102.657,242,regime,CNR,,,,,"mixed -> TREND (er=0.80, net -12t over 14s)"
1103.618,242,place,CNR,SELL,1200,159.5000,-500,quote
1105.716,243,place,CNR,SELL,1200,159.4900,-500,quote
1106.193,243,place,CNR,SELL,1200,159.4800,-500,quote
1106.712,243,place,CNR,SELL,1200,159.4900,-500,quote
1106.967,243,place,CNR,SELL,1200,159.4800,-500,quote
1107.203,243,place,CNR,SELL,1200,159.4700,-500,quote
1107.527,243,fill,CNR,SELL,500,159.4550,-1000,mode=mm
1107.529,243,place,CNR,SELL,1000,159.4800,-1000,quote
1107.752,243,fill,CNR,SELL,700,159.4550,-1700,mode=mm
1107.753,243,place,CNR,SELL,800,159.4700,-1700,quote
1108.024,243,place,CNR,SELL,800,159.4800,-1700,quote
1108.319,243,fill,CNR,SELL,1400,159.4550,-3100,mode=mm
1108.322,243,place,CNR,BUY,2000,159.4300,-3100,quote
1108.322,243,place,CNR,SELL,500,159.5200,-3100,quote
1108.511,243,place,CNR,BUY,2000,159.4400,-3100,quote
1108.511,243,place,CNR,SELL,500,159.5000,-3100,quote
1108.806,243,place,CNR,SELL,500,159.5100,-3100,quote
1108.865,243,regime,CNR,,,,,"TREND -> mixed (er=0.48, net -6t over 14s)"
1109.032,243,place,CNR,SELL,800,159.5000,-3100,quote
1109.149,244,place,CNR,BUY,5000,159.4600,-3100,quote
1109.149,244,place,CNR,SELL,1700,159.4800,-3100,quote
1109.619,244,fill,CNR,BUY,3800,159.4650,700,mode=mm
1110.072,244,place,CNR,SELL,5000,159.4900,700,quote
1110.072,244,place,CNR,BUY,1500,154.6900,700,ladder
1110.072,244,place,CNR,SELL,1500,164.2600,700,ladder
1110.072,244,place,CNR,BUY,1500,146.7200,700,ladder
1110.072,244,place,CNR,SELL,1500,172.2400,700,ladder
1110.072,244,place,CNR,BUY,2000,135.5600,700,ladder
1110.072,244,place,CNR,SELL,2000,183.4000,700,ladder
1110.338,244,fill,CNR,SELL,3800,159.4800,-3100,mode=mm
1110.471,244,regime,CNR,,,,,"mixed -> chop (er=0.24, net -3t over 14s)"
1110.747,244,place,CNR,BUY,4000,159.4800,-3100,quote
1110.747,244,place,CNR,SELL,1000,159.5000,-3100,quote
1111.387,244,fill,CNR,SELL,1000,159.4850,-4100,mode=mm
1111.389,244,place,CNR,BUY,5000,159.5000,-4100,quote
1111.389,244,place,CNR,SELL,1200,159.5200,-4100,quote
1111.922,244,fill,CNR,BUY,100,159.5050,-4000,mode=mm
1112.185,244,fill,CNR,SELL,1200,159.5050,-5200,mode=mm
1112.186,244,place,CNR,SELL,500,159.5300,-5200,quote
1112.356,244,place,CNR,BUY,5000,159.5200,-5200,quote
1112.356,244,place,CNR,SELL,800,159.5400,-5200,quote
1112.688,244,fill,CNR,BUY,4500,159.5150,-700,mode=mm
1112.691,244,place,CNR,SELL,3900,159.5300,-700,quote
1112.691,244,place,CNR,SELL,1500,164.2700,-700,ladder
1112.691,244,place,CNR,SELL,1500,172.2500,-700,ladder
1112.691,244,place,CNR,SELL,2000,183.4100,-700,ladder
1112.911,244,fill,CNR,SELL,800,159.5250,-1500,mode=mm
1113.156,244,fill,CNR,SELL,100,159.5250,-1600,mode=mm
1113.159,244,place,CNR,SELL,1700,159.5200,-1600,quote
1114.444,245,place,CNR,SELL,1700,159.4500,-1600,quote
1114.444,245,place,CNR,BUY,1500,154.7100,-1600,ladder
1114.444,245,place,CNR,SELL,1500,164.2800,-1600,ladder
1114.444,245,place,CNR,BUY,1500,146.7400,-1600,ladder
1114.444,245,place,CNR,SELL,1500,172.2500,-1600,ladder
1114.444,245,place,CNR,BUY,2000,135.5700,-1600,ladder
1114.444,245,place,CNR,SELL,2000,183.4200,-1600,ladder
1114.492,245,regime,CNR,,,,,"chop -> mixed (er=0.26, net -6t over 14s)"
1115.443,245,place,CNR,SELL,1100,159.5300,-1600,quote
1115.443,245,place,CNR,BUY,1500,154.7000,-1600,ladder
1115.443,245,place,CNR,SELL,1500,164.2700,-1600,ladder
1115.443,245,place,CNR,BUY,1500,146.7300,-1600,ladder
1115.443,245,place,CNR,SELL,1500,172.2400,-1600,ladder
1115.443,245,place,CNR,BUY,2000,135.5600,-1600,ladder
1115.443,245,place,CNR,SELL,2000,183.4100,-1600,ladder
1115.684,245,regime,CNR,,,,,"mixed -> chop (er=0.02, net -0t over 14s)"
1115.685,245,place,CNR,SELL,2900,159.5200,-1600,quote
1115.743,245,place,CNR,SELL,1000,159.5100,-1600,quote
1115.918,245,place,CNR,SELL,300,159.5000,-1600,quote
1116.435,245,place,CNR,SELL,1700,159.5800,-1600,quote
1116.435,245,place,CNR,BUY,1500,154.7000,-1600,ladder
1116.435,245,place,CNR,SELL,1500,164.2700,-1600,ladder
1116.435,245,place,CNR,BUY,1500,146.7300,-1600,ladder
1116.435,245,place,CNR,SELL,1500,172.2500,-1600,ladder
1116.435,245,place,CNR,BUY,2000,135.5600,-1600,ladder
1116.435,245,place,CNR,SELL,2000,183.4100,-1600,ladder
1116.726,245,regime,CNR,,,,,"3 stop-outs in 85s -> toxic flow: half size, no stepping inside for 30s"
1116.726,245,stop,CNR,BUY,1600,159.5600,-1600,loss=5.7t stop=5.0t trend_against=False
1116.728,245,place,CNR,BUY,1600,159.5600,-1600,agg
1117.060,245,fill,CNR,BUY,1600,159.5100,0,mode=mm
1117.062,245,place,CNR,BUY,1500,154.7100,0,ladder
1117.062,245,place,CNR,SELL,1500,164.2800,0,ladder
1117.062,245,place,CNR,BUY,1500,146.7300,0,ladder
1117.062,245,place,CNR,SELL,900,172.2500,0,ladder
1117.062,245,place,CNR,BUY,2000,135.5700,0,ladder
1117.062,245,place,CNR,SELL,200,183.4200,0,ladder
1118.787,246,fill,AC,SELL,5000,25.1050,-2500,mode=mm
1118.789,246,place,AC,BUY,5000,25.1000,-2500,quote
1118.789,246,place,AC,SELL,2100,25.1200,-2500,quote
1119.911,246,place,CNR,SELL,2500,159.4900,0,quote
1120.029,246,place,CNR,SELL,2500,159.4800,0,quote
1120.298,246,place,CNR,SELL,2500,159.4700,0,quote
1120.548,246,place,CNR,SELL,2500,159.4600,0,quote
1120.812,246,place,CNR,SELL,1500,159.4500,0,quote
1121.863,247,place,CNR,SELL,2500,159.4400,0,quote
1122.099,247,place,CNR,SELL,1500,159.4300,0,quote
1124.125,247,place,CNR,SELL,1500,159.4200,0,quote
1126.619,248,regime,CNR,,,,,"chop -> mixed (er=0.27, net -11t over 14s)"
1127.221,248,place,CNR,SELL,1500,159.4100,0,quote
1128.426,248,regime,CNR,,,,,"mixed -> chop (er=0.16, net -5t over 14s)"
1129.176,248,place,CNR,SELL,1500,159.4000,0,quote
1129.224,248,place,CNR,SELL,2500,159.4100,0,quote
1129.487,249,regime,CNR,,,,,"chop -> mixed (er=0.41, net -11t over 14s)"
1129.767,249,place,CNR,SELL,1500,159.4000,0,quote
1130.609,249,regime,CNR,,,,,"mixed -> TREND (er=0.65, net -15t over 14s)"
1131.503,249,place,CNR,SELL,1500,159.3900,0,quote
1133.794,250,place,CNR,SELL,1500,159.3800,0,quote
1135.143,250,regime,CNR,,,,,"TREND -> mixed (er=1.00, net -7t over 14s)"
1137.109,250,place,CNR,SELL,1500,159.3700,0,quote
1139.216,251,fill,CNR,SELL,1500,159.3550,-1500,mode=mm
1139.219,251,place,CNR,SELL,1500,159.3800,-1500,quote
1139.655,251,place,CNR,SELL,900,159.3700,-1500,quote
1140.931,251,place,CNR,SELL,900,159.3600,-1500,quote
1142.483,252,fill,CNR,SELL,900,159.3450,-2400,mode=mm
1142.486,252,place,CNR,SELL,1100,159.3900,-2400,quote
1142.720,252,place,CNR,SELL,600,159.3800,-2400,quote
1143.224,252,place,CNR,SELL,600,159.3700,-2400,quote
1144.225,252,place,CNR,SELL,600,159.3600,-2400,quote
1145.192,252,place,CNR,SELL,600,159.3500,-2400,quote
1146.729,253,place,CNR,SELL,1300,159.3400,-2400,quote
1148.066,253,place,CNR,SELL,1300,159.3300,-2400,quote
1148.588,253,place,CNR,SELL,2200,159.3400,-2400,quote
1152.431,254,place,CNR,SELL,1300,159.3300,-2400,quote
1152.687,254,place,CNR,SELL,2200,159.3400,-2400,quote
1153.507,254,fill,CNR,SELL,1376,159.3250,-3776,mode=mm
1153.510,254,place,CNR,BUY,5000,159.3400,-3776,quote
1153.510,254,place,CNR,SELL,1400,159.3600,-3776,quote
1153.718,255,fill,CNR,BUY,3066,159.3400,-710,mode=mm
1153.720,255,regime,CNR,,,,,"mixed -> chop (er=0.12, net -2t over 14s)"
1154.225,255,place,CNR,SELL,3900,159.3600,-710,quote
1154.225,255,place,CNR,BUY,1500,154.5500,-710,ladder
1154.225,255,place,CNR,SELL,1500,164.1100,-710,ladder
1154.225,255,place,CNR,BUY,1500,146.5800,-710,ladder
1154.225,255,place,CNR,SELL,1500,172.0800,-710,ladder
1154.225,255,place,CNR,BUY,2000,135.4300,-710,ladder
1154.225,255,place,CNR,SELL,2000,183.2300,-710,ladder
1154.523,255,fill,CNR,SELL,3730,159.3500,-4440,mode=mm
1154.760,255,fill,CNR,SELL,170,159.3550,-4610,mode=mm
1154.761,255,place,CNR,BUY,5000,159.3600,-4610,quote
1154.761,255,place,CNR,SELL,1000,159.3800,-4610,quote
1154.977,255,place,CNR,BUY,5000,159.3800,-4610,quote
1154.977,255,place,CNR,SELL,1000,159.4100,-4610,quote
1155.299,255,fill,CNR,BUY,5000,159.3800,390,mode=mm
1158.273,256,regime,CNR,,,,,"chop -> mixed (er=0.28, net +3t over 14s)"
1158.804,256,regime,CNR,,,,,"mixed -> chop (er=0.19, net +3t over 14s)"
1158.804,256,place,CNR,BUY,4300,159.3500,390,quote
1158.804,256,place,CNR,SELL,5000,159.3600,390,quote
1158.804,256,place,CNR,BUY,1500,154.5800,390,ladder
1158.804,256,place,CNR,SELL,1500,164.1400,390,ladder
1158.804,256,place,CNR,BUY,1500,146.6100,390,ladder
1158.804,256,place,CNR,SELL,1500,172.1100,390,ladder
1158.804,256,place,CNR,BUY,2000,135.4500,390,ladder
1158.804,256,place,CNR,SELL,2000,183.2600,390,ladder
1159.110,256,fill,CNR,SELL,5000,159.3600,-4610,mode=mm
1159.111,256,place,CNR,BUY,5000,159.3200,-4610,quote
1159.111,256,place,CNR,SELL,1000,159.3700,-4610,quote
1159.176,256,place,CNR,BUY,5000,159.3300,-4610,quote
1159.314,256,place,CNR,BUY,2700,159.3500,-4610,quote
1159.601,256,fill,CNR,BUY,707,159.3550,-3903,mode=mm
1159.601,256,place,CNR,SELL,1500,164.1400,-3903,ladder
1159.601,256,place,CNR,SELL,1500,172.1100,-3903,ladder
1159.601,256,place,CNR,SELL,700,183.2600,-3903,ladder
1159.877,256,fill,CNR,BUY,2700,159.3550,-1203,mode=mm
1166.219,258,place,CNR,BUY,5000,159.3100,-1203,quote
1166.219,258,place,CNR,SELL,3300,159.4000,-1203,quote
1166.219,258,place,CNR,BUY,1500,154.5400,-1203,ladder
1166.219,258,place,CNR,SELL,1500,164.1000,-1203,ladder
1166.219,258,place,CNR,BUY,1500,146.5800,-1203,ladder
1166.219,258,place,CNR,SELL,1500,172.0700,-1203,ladder
1166.219,258,place,CNR,BUY,2000,135.4200,-1203,ladder
1166.219,258,place,CNR,SELL,2000,183.2200,-1203,ladder
1166.467,258,place,CNR,BUY,5000,159.3300,-1203,quote
1166.467,258,place,CNR,SELL,3300,159.3900,-1203,quote
1166.634,258,place,CNR,SELL,3300,159.3800,-1203,quote
1166.750,258,place,CNR,BUY,3000,159.3400,-1203,quote
1166.793,258,place,CNR,SELL,1900,159.3800,-1203,quote
1167.013,258,place,CNR,BUY,1800,159.3500,-1203,quote
1167.013,258,place,CNR,SELL,600,159.3600,-1203,quote
1167.382,258,fill,CNR,BUY,1800,159.3550,597,mode=mm
1169.772,259,place,CNR,BUY,4000,159.3400,597,quote
1169.772,259,place,CNR,SELL,5000,159.3500,597,quote
1169.772,259,place,CNR,BUY,1500,154.5600,597,ladder
1169.772,259,place,CNR,SELL,1500,164.1200,597,ladder
1169.772,259,place,CNR,BUY,1500,146.5900,597,ladder
1169.772,259,place,CNR,SELL,1500,172.0800,597,ladder
1169.772,259,place,CNR,BUY,2000,135.4400,597,ladder
1169.772,259,place,CNR,SELL,2000,183.2400,597,ladder
1170.065,259,fill,CNR,SELL,3500,159.3500,-2903,mode=mm
1170.067,259,place,CNR,SELL,1800,159.3600,-2903,quote
1170.297,259,fill,CNR,BUY,1400,159.3450,-1503,mode=mm
1170.582,259,fill,CNR,BUY,2600,159.3450,1097,mode=mm
1170.814,259,place,CNR,BUY,3400,159.3400,1097,quote
1170.814,259,place,CNR,SELL,5000,159.3500,1097,quote
1170.814,259,place,CNR,BUY,1500,154.5600,1097,ladder
1170.814,259,place,CNR,SELL,1500,164.1200,1097,ladder
1170.814,259,place,CNR,BUY,1500,146.5900,1097,ladder
1170.814,259,place,CNR,SELL,900,172.0900,1097,ladder
1170.814,259,place,CNR,BUY,2000,135.4400,1097,ladder
1170.814,259,place,CNR,SELL,400,183.2400,1097,ladder
1171.343,259,fill,CNR,BUY,700,159.3450,1797,mode=mm
1171.823,259,place,CNR,BUY,2700,159.3400,1797,quote
1171.823,259,place,CNR,SELL,5000,159.3500,1797,quote
1171.823,259,place,CNR,BUY,1500,154.5600,1797,ladder
1171.823,259,place,CNR,SELL,1500,164.1200,1797,ladder
1171.823,259,place,CNR,BUY,1500,146.5900,1797,ladder
1171.823,259,place,CNR,SELL,1500,172.0900,1797,ladder
1171.823,259,place,CNR,BUY,2000,135.4400,1797,ladder
1171.823,259,place,CNR,SELL,2000,183.2400,1797,ladder
1172.354,259,place,CNR,BUY,2700,159.3400,1797,quote
1172.354,259,place,CNR,SELL,5000,159.3500,1797,quote
1172.354,259,place,CNR,BUY,1500,154.5600,1797,ladder
1172.354,259,place,CNR,SELL,1500,164.1200,1797,ladder
1172.354,259,place,CNR,BUY,1500,146.5900,1797,ladder
1172.354,259,place,CNR,SELL,1500,172.0900,1797,ladder
1172.354,259,place,CNR,BUY,2000,135.4400,1797,ladder
1172.354,259,place,CNR,SELL,2000,183.2400,1797,ladder
1172.622,259,fill,CNR,BUY,2700,159.3500,4497,mode=mm
1172.841,259,fill,CNR,SELL,3200,159.3450,1297,mode=mm
1173.130,259,fill,CNR,SELL,1800,159.3450,-503,mode=mm
1174.126,260,regime,CNR,,,,,"chop -> mixed (er=0.38, net +6t over 14s)"
1174.127,260,place,CNR,BUY,5000,159.3500,-503,quote
1174.127,260,place,CNR,SELL,4200,159.3900,-503,quote
1174.127,260,place,CNR,BUY,1500,154.5600,-503,ladder
1174.127,260,place,CNR,SELL,1500,164.1200,-503,ladder
1174.127,260,place,CNR,BUY,1500,146.6000,-503,ladder
1174.127,260,place,CNR,SELL,1500,172.0900,-503,ladder
1174.127,260,place,CNR,BUY,2000,135.4400,-503,ladder
1174.127,260,place,CNR,SELL,2000,183.2400,-503,ladder
1174.465,260,fill,CNR,SELL,700,159.3700,-1203,mode=mm
1174.467,260,place,CNR,BUY,5000,159.3600,-1203,quote
1174.467,260,place,CNR,SELL,3300,159.3800,-1203,quote
1174.681,260,fill,CNR,SELL,3500,159.3700,-4703,mode=mm
1174.683,260,place,CNR,BUY,5000,159.3700,-4703,quote
1174.683,260,place,CNR,SELL,1000,159.4000,-4703,quote
1175.213,260,place,CNR,BUY,2700,159.3700,-4703,quote
1175.240,260,fill,CNR,BUY,5000,159.3750,297,mode=mm
1176.924,260,place,RY,BUY,1500,429.5400,0,quote
1177.167,260,place,CNR,BUY,4500,159.3800,297,quote
1177.167,260,place,CNR,SELL,5000,159.4200,297,quote
1177.167,260,place,CNR,BUY,1500,154.5800,297,ladder
1177.167,260,place,CNR,SELL,1500,164.1400,297,ladder
1177.167,260,place,CNR,BUY,1500,146.6100,297,ladder
1177.167,260,place,CNR,SELL,1500,172.1100,297,ladder
1177.167,260,place,CNR,BUY,2000,135.4600,297,ladder
1177.167,260,place,CNR,SELL,2000,183.2600,297,ladder
1177.245,260,fill,RY,BUY,1500,429.5550,1500,mode=mm
1177.246,260,place,CNR,SELL,3000,159.4600,297,quote
1177.504,261,fill,CNR,SELL,1437,159.4150,-1140,mode=mm
1177.505,261,place,CNR,BUY,5000,159.3900,-1140,quote
1177.505,261,place,CNR,SELL,1200,159.4100,-1140,quote
1177.734,261,fill,CNR,SELL,2200,159.4000,-3340,mode=mm
1177.737,261,dir_enter,RY,LONG,9748,429.5550,1500,gap=16483.8t thr=82.6t er=1.00 vol=16.5
1177.947,261,fill,CNR,BUY,4000,159.4000,660,mode=mm
1177.950,261,place,CNR,BUY,400,159.3900,660,quote
1177.950,261,place,CNR,SELL,1900,159.4000,660,quote
1178.741,261,place,CNR,BUY,2400,159.3900,660,quote
1178.940,261,fill,CNR,BUY,1600,159.3950,2260,mode=mm
1178.942,261,place,CNR,BUY,1400,159.3800,2260,quote
1179.702,261,fill,CNR,SELL,1900,159.3950,360,mode=mm
1179.703,261,place,CNR,BUY,2600,159.3900,360,quote
1179.703,261,place,CNR,SELL,3100,159.4000,360,quote
1180.268,261,fill,CNR,SELL,100,159.3950,260,mode=mm
1180.457,261,fill,CNR,BUY,2600,159.3950,2860,mode=mm
1180.458,261,place,CNR,BUY,1100,159.3800,2860,quote
1180.810,261,fill,CNR,SELL,2900,159.3950,-40,mode=mm
1180.812,261,regime,CNR,,,,,"mixed -> chop (er=0.24, net +3t over 14s)"
1180.813,261,place,CNR,BUY,3000,159.3900,-40,quote
1180.839,261,place,CNR,SELL,2900,159.4000,-40,quote
1181.043,261,fill,CNR,SELL,100,159.3950,-140,mode=mm
1181.083,261,regime,CNR,,,,,"chop -> mixed (er=0.29, net +4t over 14s)"
1181.548,262,dir_exit,RY,,1500,221.5775,1500,fast trail 21219>110t
1181.548,262,regime,RY,,,,,losing ride -20798t -> entry bar x1.40
1181.550,262,place,RY,SELL,1500,434.1500,1500,agg
1181.572,262,fill,CNR,SELL,735,159.3950,-875,mode=mm
1181.840,262,fill,CNR,BUY,835,159.3950,-40,mode=mm
1181.840,262,fill,RY,SELL,809,221.5775,691,mode=cut
1181.842,262,place,CNR,BUY,3000,159.3900,-40,quote
1181.842,262,place,CNR,SELL,2900,159.4000,-40,quote
1182.296,262,fill,CNR,BUY,3000,159.3950,2960,mode=mm
1182.298,262,place,CNR,BUY,1100,159.3800,2960,quote
1182.577,262,fill,CNR,SELL,1100,159.3950,1860,mode=mm
1182.578,262,place,RY,SELL,691,433.3600,691,agg
1182.578,262,place,CNR,BUY,1600,159.3900,1860,quote
1182.813,262,fill,RY,SELL,691,433.7700,0,mode=cut
1183.062,262,fill,CNR,BUY,1600,159.3950,3460,mode=mm
1183.065,262,place,CNR,BUY,900,159.3800,3460,quote
1183.590,262,fill,CNR,SELL,1800,159.3950,1660,mode=mm
1183.600,262,place,CNR,BUY,1700,159.3900,1660,quote
1183.600,262,place,CNR,SELL,3500,159.4000,1660,quote
1184.550,262,fill,CNR,BUY,650,159.3950,2310,mode=mm
1184.551,262,place,CNR,BUY,1300,159.3800,2310,quote
1186.416,263,fill,CNR,BUY,1300,159.3950,3610,mode=mm
1186.419,263,place,CNR,BUY,1500,159.3700,3610,quote
1186.419,263,place,CNR,SELL,5000,159.3800,3610,quote
1186.639,263,place,CNR,BUY,1500,159.3600,3610,quote
1187.223,263,fill,CNR,SELL,3300,159.3750,310,mode=mm
1188.270,263,regime,CNR,,,,,"mixed -> chop (er=0.06, net +0t over 14s)"
1188.444,263,place,CNR,BUY,2700,159.3000,310,quote
1188.444,263,place,CNR,SELL,3100,159.3700,310,quote
1188.444,263,place,CNR,BUY,1500,154.6000,310,ladder
1188.444,263,place,CNR,SELL,1500,164.1700,310,ladder
1188.444,263,place,CNR,BUY,1500,146.6300,310,ladder
1188.444,263,place,CNR,SELL,1500,172.1400,310,ladder
1188.444,263,place,CNR,BUY,2000,135.4800,310,ladder
1188.444,263,place,CNR,SELL,2000,183.2900,310,ladder
1188.764,263,fill,CNR,SELL,3100,159.3400,-2790,mode=mm
1188.788,263,regime,CNR,,,,,"chop -> mixed (er=0.28, net -3t over 14s)"
1189.049,263,fill,CNR,BUY,1792,159.3350,-998,mode=mm
1189.050,263,place,CNR,BUY,3300,159.3100,-998,quote
1189.050,263,place,CNR,SELL,2100,159.3600,-998,quote
1189.305,263,fill,CNR,BUY,908,159.3350,-90,mode=mm
1189.306,263,place,CNR,SELL,4800,159.3500,-90,quote
1189.529,263,fill,CNR,SELL,2100,159.3300,-2190,mode=mm
1189.530,263,place,CNR,BUY,5000,159.3200,-2190,quote
1189.530,263,place,CNR,SELL,1400,159.3400,-2190,quote
1189.767,264,place,CNR,BUY,3000,159.3100,-2190,quote
1189.767,264,place,AC,BUY,1800,25.1200,-2500,quote
1189.837,264,regime,AC,,,,,"chop -> mixed (er=1.00, net +1t over 14s)"
1190.028,264,fill,CNR,BUY,2860,159.3250,670,mode=mm
1190.030,264,fill,AC,SELL,2100,25.1200,-4600,mode=mm
1190.759,264,place,CNR,BUY,2300,159.3000,670,quote
1190.759,264,place,CNR,SELL,5000,159.3300,670,quote
1190.759,264,place,AC,BUY,4500,25.1500,-4600,quote
1190.759,264,place,AC,SELL,300,25.1800,-4600,quote
1190.969,264,place,AC,SELL,100,25.1700,-4600,quote
1191.070,264,fill,CNR,SELL,2800,159.3150,-2130,mode=mm
1191.071,264,place,AC,BUY,4500,25.1600,-4600,quote
1191.071,264,place,AC,SELL,600,25.1900,-4600,quote
1191.255,264,fill,AC,SELL,100,25.1650,-4700,mode=mm
1191.255,264,stop,AC,BUY,4700,25.2300,-4700,loss=6.4t stop=5.0t trend_against=False
1191.256,264,place,AC,BUY,4700,25.2300,-4700,agg
1191.256,264,place,CNR,SELL,200,159.3200,-2130,quote
1191.581,264,fill,CNR,BUY,2300,159.3100,170,mode=mm
1191.582,264,fill,AC,BUY,4700,25.1750,0,mode=mm
1192.342,264,place,CNR,BUY,4700,159.2900,170,quote
1192.342,264,place,CNR,SELL,3000,159.3100,170,quote
1192.342,264,place,AC,BUY,1000,25.2100,0,quote
1192.342,264,place,CNR,BUY,500,154.5600,170,ladder
1192.342,264,place,CNR,BUY,300,146.6000,170,ladder
1192.534,264,place,CNR,SELL,5000,159.3000,170,quote
1192.534,264,place,CNR,SELL,1500,164.1200,170,ladder
1192.534,264,place,CNR,SELL,1500,172.0900,170,ladder
1192.534,264,place,CNR,BUY,2000,135.4400,170,ladder
1192.534,264,place,CNR,SELL,1200,183.2400,170,ladder
1192.664,264,regime,AC,,,,,"mixed -> TREND (er=1.00, net +12t over 14s)"
1192.792,264,place,AC,BUY,500,25.2200,0,quote
1193.131,264,fill,CNR,SELL,3600,159.3000,-3430,mode=mm
1193.134,264,place,CNR,SELL,900,159.3100,-3430,quote
1193.134,264,place,AC,BUY,500,25.2300,0,quote
1193.305,264,fill,CNR,BUY,3000,159.2950,-430,mode=mm
1193.308,264,place,CNR,SELL,2500,159.3000,-430,quote
1193.308,264,place,AC,BUY,500,25.2400,0,quote
1193.819,265,fill,CNR,BUY,1700,159.2950,1270,mode=mm
1193.821,265,place,CNR,BUY,1900,159.2900,1270,quote
1193.821,265,place,AC,BUY,1500,25.2600,0,quote
1194.154,265,fill,CNR,SELL,2500,159.2950,-1230,mode=mm
1194.161,265,place,CNR,BUY,5000,159.3000,-1230,quote
1194.161,265,place,CNR,SELL,3300,159.3100,-1230,quote
1194.161,265,place,AC,BUY,1500,25.2700,0,quote
1194.381,265,fill,CNR,BUY,2700,159.3000,1470,mode=mm
1194.383,265,place,CNR,BUY,3000,159.2900,1470,quote
1194.383,265,place,CNR,SELL,5000,159.3000,1470,quote
1194.383,265,place,AC,BUY,300,25.2800,0,quote
1194.594,265,fill,CNR,SELL,2571,159.3000,-1101,mode=mm
1194.597,265,place,AC,BUY,1500,25.2900,0,quote
1194.898,265,place,AC,BUY,1500,25.3000,0,quote
1195.101,265,place,AC,BUY,1500,25.3100,0,quote
1195.320,265,place,AC,BUY,1500,25.3200,0,quote
1195.396,265,dir_enter,AC,LONG,12591,25.3350,0,gap=14.0t thr=12.0t er=1.00 vol=0.7
1195.398,265,place,AC,BUY,1600,25.3800,0,agg
1195.424,265,place,AC,BUY,100,25.3800,0,agg
1195.440,265,place,AC,BUY,100,25.3800,0,agg
1195.636,265,fill,AC,BUY,1800,25.3350,1800,mode=dir
1195.638,265,place,AC,BUY,2684,25.4000,1800,agg
1195.892,265,fill,AC,BUY,2684,25.3450,4484,mode=dir
1195.895,265,place,CNR,BUY,5000,159.2900,-1101,quote
1195.895,265,place,CNR,BUY,1500,154.5400,-1101,ladder
1195.895,265,place,CNR,SELL,1500,164.1000,-1101,ladder
1195.895,265,place,CNR,BUY,1500,146.5700,-1101,ladder
1195.895,265,place,CNR,SELL,500,172.0700,-1101,ladder
1195.895,265,place,CNR,BUY,1200,135.4200,-1101,ladder
1195.895,265,place,CNR,SELL,100,183.2200,-1101,ladder
1196.413,265,place,AC,BUY,733,25.4300,4484,agg
1196.640,265,fill,AC,BUY,733,25.3750,5217,mode=dir
1196.662,265,place,AC,BUY,1900,25.4400,5217,agg
1196.859,265,fill,AC,BUY,1900,25.3850,7117,mode=dir
1197.100,265,place,CNR,BUY,600,159.2900,-1101,quote
1197.100,265,place,CNR,SELL,3400,159.3000,-1101,quote
1197.100,265,place,CNR,BUY,300,154.5400,-1101,ladder
1197.100,265,place,CNR,SELL,1500,164.1000,-1101,ladder
1197.100,265,place,CNR,SELL,900,172.0600,-1101,ladder
1197.340,265,place,AC,BUY,109,25.4600,7117,agg
1197.340,265,place,CNR,BUY,5000,159.2900,-1101,quote
1197.340,265,place,CNR,BUY,1500,146.5700,-1101,ladder
1197.340,265,place,CNR,BUY,2000,135.4200,-1101,ladder
1197.340,265,place,CNR,SELL,2000,183.2100,-1101,ladder
1197.460,265,fill,CNR,SELL,3400,159.2950,-4501,mode=mm
1197.669,266,fill,CNR,BUY,3400,159.2950,-1101,mode=mm
1197.669,266,fill,AC,BUY,109,25.4250,7226,mode=dir
1197.932,266,place,AC,BUY,1000,25.5000,7226,agg
1197.932,266,place,CNR,SELL,400,159.3000,-1101,quote
1197.956,266,place,AC,BUY,100,25.5000,7226,agg
1197.976,266,place,AC,BUY,100,25.5000,7226,agg
1198.153,266,fill,CNR,BUY,1600,159.2950,499,mode=mm
1198.156,266,fill,AC,BUY,1200,25.4450,8426,mode=dir
1198.185,266,place,AC,BUY,700,25.5100,8426,agg
1198.185,266,place,CNR,BUY,100,159.2900,499,quote
1198.185,266,place,CNR,SELL,1800,159.3000,499,quote
1198.185,266,place,CNR,SELL,500,164.0900,499,ladder
1198.185,266,place,CNR,SELL,100,172.0600,499,ladder
1198.384,266,fill,AC,BUY,700,25.4550,9126,mode=dir
1198.675,266,place,CNR,SELL,5000,159.2900,499,quote
1198.946,266,fill,CNR,SELL,3100,159.2900,-2601,mode=mm
1199.386,266,place,AC,BUY,100,25.5500,9126,agg
1199.386,266,place,CNR,BUY,5000,159.2900,-2601,quote
1199.421,266,place,CNR,BUY,3800,159.2800,-2601,quote
1199.719,266,fill,CNR,BUY,5000,159.2850,2399,mode=mm
1199.719,266,fill,AC,BUY,100,25.5050,9226,mode=dir
1200.905,266,place,AC,BUY,1800,25.6100,9226,agg
1200.905,266,place,CNR,BUY,700,159.2800,2399,quote
1200.905,266,place,CNR,SELL,5000,159.3300,2399,quote
1200.964,266,fill,AC,BUY,1800,25.5550,11026,mode=dir
1201.929,267,place,AC,BUY,3000,25.6400,11026,agg
1201.929,267,place,CNR,BUY,400,159.3000,2399,quote
1201.929,267,place,CNR,SELL,1800,159.3200,2399,quote
1202.005,267,place,AC,BUY,100,25.6500,11026,agg
1202.005,267,place,CNR,SELL,300,159.3100,2399,quote
1202.240,267,fill,CNR,BUY,400,159.3100,2799,mode=mm
1202.240,267,fill,AC,BUY,3100,25.6050,14126,mode=dir
1203.463,267,place,CNR,SELL,100,159.2900,2799,quote
1203.879,267,fill,CNR,SELL,100,159.2850,2699,mode=mm
1204.474,267,place,AC,BUY,1800,25.7400,14126,agg
1204.474,267,place,CNR,BUY,700,159.2700,2699,quote
1204.567,267,place,AC,BUY,100,25.7600,14126,agg
1204.620,267,regime,CNR,,,,,"mixed -> chop (er=0.20, net -3t over 14s)"
1204.808,267,fill,AC,BUY,1900,25.7050,16026,mode=dir
1207.010,268,place,AC,BUY,400,25.8500,16026,agg
1207.010,268,place,CNR,BUY,200,159.2700,2699,quote
1207.010,268,place,CNR,SELL,5000,159.3100,2699,quote
1207.123,268,fill,AC,BUY,400,25.7950,16426,mode=dir
1209.534,269,place,AC,BUY,200,25.9500,16426,agg
1209.534,269,place,CNR,BUY,100,159.2900,2699,quote
1209.534,269,place,CNR,SELL,2500,159.3400,2699,quote
1209.705,269,fill,CNR,SELL,2500,159.3750,199,mode=mm
1209.708,269,fill,AC,BUY,200,25.9050,16626,mode=dir
1209.710,269,place,AC,BUY,900,25.9600,16626,agg
1209.710,269,place,CNR,BUY,1000,159.3200,199,quote
1209.752,269,place,AC,BUY,300,25.9600,16626,agg
1209.782,269,place,AC,BUY,100,25.9600,16626,agg
1209.991,269,fill,CNR,BUY,1000,159.3750,1199,mode=mm
1209.991,269,fill,AC,BUY,1300,25.9150,17926,mode=dir
1212.278,269,place,AC,BUY,200,26.0600,17926,agg
1212.327,269,place,AC,BUY,100,26.0600,17926,agg
1212.451,269,fill,AC,BUY,300,26.0150,18226,mode=dir
1212.673,269,place,AC,BUY,3062,26.0700,18226,agg
1212.968,269,fill,AC,BUY,3062,26.0350,21288,mode=dir
1213.991,270,place,CNR,SELL,1000,159.3300,1199,quote
1213.991,270,place,CNR,SELL,100,164.1100,1199,ladder
1214.289,270,fill,CNR,SELL,1000,159.3200,199,mode=mm
1215.202,270,place,AC,BUY,600,26.1800,21288,agg
1215.296,270,fill,AC,BUY,600,26.1350,21888,mode=dir
1219.077,271,place,CNR,BUY,900,159.3200,199,quote
1219.077,271,place,CNR,SELL,1000,159.3300,199,quote
1219.077,271,place,CNR,BUY,100,154.5500,199,ladder
1219.077,271,place,CNR,SELL,500,164.1100,199,ladder
1219.077,271,place,CNR,BUY,100,146.5800,199,ladder
1219.423,271,fill,CNR,SELL,1000,159.3300,-801,mode=mm
1220.131,271,stop,CNR,BUY,801,159.5100,-801,loss=7.0t stop=5.0t trend_against=False
1220.131,271,place,CNR,BUY,801,159.5100,-801,agg
1220.451,271,fill,CNR,BUY,801,159.4000,0,mode=mm
1220.597,271,place,CNR,BUY,400,159.3500,0,quote
1220.597,271,place,CNR,BUY,100,154.5500,0,ladder
1220.597,271,place,CNR,SELL,300,164.1100,0,ladder
1220.988,271,fill,CNR,BUY,400,159.4050,400,mode=mm
1221.334,271,stop,CNR,SELL,400,159.2300,400,loss=8.0t stop=5.7t trend_against=False
1221.335,271,place,CNR,SELL,400,159.2300,400,agg
1221.460,271,fill,CNR,SELL,400,159.3650,0,mode=mm
1221.663,271,place,CNR,SELL,500,164.1100,0,ladder
1221.663,271,place,CNR,SELL,100,172.0800,0,ladder
1222.378,272,place,CNR,BUY,100,154.5500,0,ladder
1222.378,272,place,CNR,SELL,200,183.2300,0,ladder
1222.722,272,place,CNR,BUY,500,146.5800,0,ladder
1222.722,272,place,CNR,BUY,200,135.4300,0,ladder
1223.593,272,regime,CNR,,,,,"chop -> mixed (er=0.31, net -10t over 14s)"
1224.273,272,place,CNR,SELL,1000,159.3000,0,quote
1224.273,272,place,CNR,BUY,900,154.5400,0,ladder
1224.273,272,place,CNR,SELL,300,164.0900,0,ladder
1224.273,272,place,CNR,BUY,300,146.5700,0,ladder
1224.273,272,place,CNR,BUY,100,135.4200,0,ladder
1224.657,272,regime,CNR,,,,,"mixed -> chop (er=0.24, net -8t over 14s)"
1224.779,272,fill,CNR,SELL,1000,159.3000,-1000,mode=mm
1225.806,273,place,CNR,BUY,1000,159.3100,-1000,quote
1226.119,273,fill,CNR,BUY,1000,159.3150,0,mode=mm
1226.801,273,place,CNR,BUY,300,159.3200,0,quote
1226.801,273,place,CNR,SELL,1000,159.3300,0,quote
1226.801,273,place,CNR,SELL,300,164.0900,0,ladder
1227.097,273,fill,CNR,SELL,900,159.3250,-900,mode=mm
1228.362,273,place,CNR,BUY,1000,159.3200,-900,quote
1228.362,273,place,CNR,SELL,100,159.3300,-900,quote
1228.362,273,place,CNR,BUY,100,154.5400,-900,ladder
1228.362,273,place,CNR,BUY,100,146.5700,-900,ladder
1228.413,273,place,CNR,BUY,700,135.4200,-900,ladder
1228.626,273,place,CNR,BUY,300,159.3200,-900,quote
1229.841,274,place,CNR,BUY,1000,159.3200,-900,quote
1229.841,274,place,CNR,SELL,100,159.3300,-900,quote
1230.099,274,place,CNR,BUY,300,159.3200,-900,quote
1230.211,274,fill,CNR,BUY,1000,159.3250,100,mode=mm
1230.398,274,fill,CNR,BUY,300,159.3150,400,mode=mm
1231.195,274,place,CNR,SELL,100,159.3200,400,quote
1234.275,275,place,CNR,BUY,900,159.3100,400,quote
1234.275,275,place,CNR,SELL,1000,159.3300,400,quote
1234.275,275,place,CNR,SELL,500,164.0900,400,ladder
1234.275,275,place,CNR,SELL,100,172.0600,400,ladder
1234.275,275,place,CNR,SELL,100,183.2100,400,ladder
1234.396,275,regime,CNR,,,,,"chop -> mixed (er=0.40, net -9t over 14s)"
1234.808,275,fill,CNR,SELL,500,159.3200,-100,mode=mm
1234.927,275,regime,CNR,,,,,"mixed -> chop (er=0.08, net +1t over 14s)"
1237.146,275,regime,CNR,,,,,"chop -> mixed (er=0.29, net +3t over 14s)"
1238.331,276,place,CNR,BUY,1000,159.3000,-100,quote
1238.331,276,place,CNR,SELL,900,159.3100,-100,quote
1238.331,276,place,CNR,BUY,300,154.5300,-100,ladder
1238.331,276,place,CNR,SELL,300,164.0900,-100,ladder
1238.331,276,place,CNR,BUY,100,146.5700,-100,ladder
1238.481,276,regime,CNR,,,,,"mixed -> chop (er=0.18, net +1t over 14s)"
1238.616,276,fill,CNR,SELL,500,159.3050,-600,mode=mm
1238.930,276,fill,CNR,SELL,400,159.3050,-1000,mode=mm
1240.870,276,regime,CNR,,,,,"chop -> mixed (er=0.40, net -2t over 14s)"
1242.664,277,regime,CNR,,,,,"mixed -> chop (er=0.17, net -1t over 14s)"
1242.924,277,place,CNR,BUY,1800,159.3200,-1000,quote
1242.924,277,place,CNR,SELL,200,159.3300,-1000,quote
1242.924,277,place,CNR,BUY,500,154.5300,-1000,ladder
1242.924,277,place,CNR,SELL,100,164.0900,-1000,ladder
1243.232,277,fill,CNR,SELL,200,159.3250,-1200,mode=mm
1244.086,277,regime,CNR,,,,,"chop -> mixed (er=0.30, net +3t over 14s)"
1244.492,277,place,CNR,BUY,1200,159.3800,-1200,quote
1244.723,277,regime,CNR,,,,,"3 stop-outs in 85s -> toxic flow: half size, no stepping inside for 30s"
1244.723,277,stop,CNR,BUY,1200,159.4500,-1200,loss=8.5t stop=5.0t trend_against=False
1244.726,277,place,CNR,BUY,1200,159.4500,-1200,agg
1245.008,277,fill,CNR,BUY,1200,159.3950,0,mode=mm
1246.019,278,place,CNR,BUY,100,159.4000,0,quote
1246.019,278,place,CNR,SELL,900,164.1300,0,ladder
1246.019,278,place,CNR,SELL,300,172.0900,0,ladder
1246.019,278,place,CNR,SELL,100,183.2500,0,ladder
1246.342,278,regime,CNR,,,,,"mixed -> TREND (er=0.83, net +14t over 14s)"
1247.275,278,place,CNR,BUY,900,159.4400,0,quote
1247.275,278,place,CNR,BUY,300,154.5900,0,ladder
1247.526,278,place,CNR,BUY,100,159.4500,0,quote
1248.762,278,place,CNR,BUY,900,159.4800,0,quote
1249.038,278,place,CNR,BUY,100,159.4900,0,quote
1250.247,279,place,CNR,BUY,900,159.5200,0,quote
1250.500,279,place,CNR,BUY,100,146.6900,0,ladder
1252.535,279,place,CNR,BUY,900,159.5300,0,quote
1256.122,280,place,CNR,BUY,900,159.5500,0,quote
1260.058,281,place,CNR,BUY,900,159.5600,0,quote
1261.574,282,place,CNR,BUY,900,159.5700,0,quote
1262.927,282,fill,CNR,BUY,900,159.5850,900,mode=mm
1263.044,282,regime,CNR,,,,,"TREND -> mixed (er=0.88, net +7t over 14s)"
1263.815,282,place,CNR,SELL,900,159.6000,900,quote
1265.924,283,place,CNR,SELL,900,159.5700,900,quote
1265.953,283,regime,CNR,,,,,"mixed -> chop (er=0.12, net +1t over 14s)"
1269.260,283,fill,CNR,SELL,900,159.5550,0,mode=mm
1270.205,284,place,CNR,BUY,900,159.5600,0,quote
1275.866,285,place,CNR,BUY,600,159.5700,0,quote
1275.866,285,place,CNR,BUY,200,135.6400,0,ladder
1275.904,285,place,CNR,BUY,100,159.5700,0,quote
1277.175,285,place,CNR,BUY,600,159.5700,0,quote
1277.990,286,place,CNR,BUY,100,159.6000,0,quote
1278.301,286,fill,CNR,BUY,100,159.6000,100,mode=mm
1278.303,286,regime,CNR,,,,,"chop -> mixed (er=0.25, net +2t over 14s)"
1278.344,286,place,CNR,SELL,100,159.6100,100,quote
1278.344,286,place,CNR,BUY,500,154.7900,100,ladder
1278.515,286,place,CNR,SELL,1000,159.6100,100,quote
1278.515,286,place,CNR,SELL,300,164.3700,100,ladder
1278.515,286,place,CNR,BUY,500,146.8100,100,ladder
1278.515,286,place,CNR,BUY,100,135.6400,100,ladder
1279.748,286,place,CNR,SELL,100,159.6100,100,quote
1280.018,286,place,CNR,SELL,1000,159.6100,100,quote
1280.591,286,fill,CNR,SELL,700,159.6050,-600,mode=mm
1282.059,287,place,CNR,BUY,1900,159.6400,-600,quote
1282.059,287,place,CNR,SELL,400,159.6600,-600,quote
1282.059,287,place,CNR,SELL,300,164.3900,-600,ladder
1283.557,287,place,CNR,SELL,400,159.6500,-600,quote
1283.893,287,fill,CNR,SELL,400,159.6500,-1000,mode=mm
1286.937,288,place,CNR,BUY,1800,159.6700,-1000,quote
1286.937,288,place,CNR,BUY,500,154.8500,-1000,ladder
1286.937,288,place,CNR,SELL,300,164.4300,-1000,ladder
1287.149,288,stop,CNR,BUY,1000,159.7200,-1000,loss=5.4t stop=5.0t trend_against=False
1287.150,288,place,CNR,BUY,1000,159.7200,-1000,agg
1287.444,288,fill,CNR,BUY,1000,159.6750,0,mode=mm
1289.190,288,place,CNR,BUY,300,159.7000,0,quote
1289.190,288,place,CNR,SELL,900,164.4500,0,ladder
1289.190,288,place,CNR,SELL,300,172.4300,0,ladder
1289.190,288,place,CNR,SELL,100,183.6000,0,ladder
1289.318,288,regime,CNR,,,,,"mixed -> TREND (er=1.00, net +12t over 14s)"
1289.722,289,place,CNR,BUY,900,159.6900,0,quote
1289.722,289,place,CNR,BUY,100,154.8700,0,ladder
1290.488,289,place,CNR,BUY,300,159.7100,0,quote
1291.433,289,place,CNR,BUY,900,159.7100,0,quote
1292.017,289,place,CNR,BUY,300,159.7000,0,quote
1293.013,289,place,CNR,BUY,900,159.7100,0,quote
1293.524,289,place,CNR,BUY,300,159.7000,0,quote
1294.371,290,place,CNR,BUY,900,159.7500,0,quote
1295.030,290,place,CNR,BUY,300,146.9400,0,ladder
1296.818,290,place,CNR,BUY,900,159.7600,0,quote
1298.645,291,place,CNR,BUY,900,159.7600,0,quote
1300.431,291,place,CNR,BUY,900,159.7200,0,quote
1302.457,292,place,CNR,BUY,900,159.8100,0,quote
1302.992,292,fill,CNR,BUY,900,159.8300,900,mode=mm
1306.155,293,regime,CNR,,,,,"TREND -> mixed (er=0.26, net +7t over 14s)"
1306.660,293,regime,CNR,,,,,"mixed -> chop (er=0.24, net +6t over 14s)"
1307.006,293,regime,CNR,,,,,"chop -> mixed (er=0.29, net +8t over 14s)"
1307.531,293,regime,CNR,,,,,"mixed -> chop (er=0.17, net +5t over 14s)"
1314.710,295,regime,CNR,,,,,"chop -> mixed (er=0.25, net +8t over 14s)"
1316.018,295,regime,CNR,,,,,"mixed -> chop (er=0.23, net +6t over 14s)"
1317.421,295,stop,CNR,SELL,900,159.6700,900,loss=11.0t stop=5.0t trend_against=False
1317.422,295,place,CNR,SELL,900,159.6700,900,agg
1317.575,295,fill,CNR,SELL,900,159.8100,0,mode=mm
1317.904,296,place,AC,SELL,5000,30.5500,21888,agg
1318.039,296,fill,AC,SELL,5000,30.5850,16888,mode=cut
1318.039,296,regime,CNR,,,,,"chop -> mixed (er=0.30, net -11t over 14s)"
1318.593,296,regime,CNR,,,,,"mixed -> chop (er=0.07, net +4t over 14s)"
1318.927,296,place,AC,SELL,5000,30.6600,16888,agg
1319.013,296,fill,AC,SELL,5000,30.6950,11888,mode=cut
1319.946,296,place,AC,SELL,5000,30.7200,11888,agg
1320.049,296,fill,AC,SELL,5000,30.7600,6888,mode=cut
1320.967,296,place,AC,SELL,5000,30.7700,6888,agg
1321.079,296,fill,AC,SELL,5000,30.8050,1888,mode=cut
1321.583,297,regime,CNR,,,,,"chop -> mixed (er=0.28, net +15t over 14s)"
1321.977,297,place,AC,SELL,1888,30.8400,1888,agg
1322.082,297,fill,AC,SELL,1888,30.8750,0,mode=cut
1322.708,297,regime,CNR,,,,,"mixed -> chop (er=0.24, net +12t over 14s)"
1332.845,299,regime,CNR,,,,,"chop -> mixed (er=0.27, net -25t over 14s)"
2227.725,299,end,,,,,,"pnl 6289215.47 pos {'CNR': 0, 'RY': 0, 'AC': 0}"
