t,case_tick,event,ticker,side,qty,price,pos,note
73.785,0,place,AC,BUY,5000,27.9900,0,quote
73.785,0,place,AC,SELL,5000,28.0100,0,quote
73.785,0,place,CNR,BUY,2000,176.9000,0,quote
73.785,0,place,CNR,SELL,2000,176.9800,0,quote
73.785,0,place,RY,BUY,3000,102.9900,0,quote
73.785,0,place,RY,SELL,3000,103.0000,0,quote
73.935,0,place,AC,BUY,5000,28.0000,0,quote
73.935,0,place,CNR,BUY,3000,176.9100,0,quote
73.935,0,place,CNR,SELL,3000,177.0000,0,quote
74.202,0,fill,CNR,SELL,2000,176.9550,-2000,mode=mm
74.203,0,place,CNR,BUY,5000,176.9300,-2000,quote
74.203,0,place,CNR,SELL,2500,176.9700,-2000,quote
74.340,0,fill,RY,BUY,3000,102.9950,3000,mode=mm
74.560,0,fill,AC,SELL,2000,28.0050,-2000,mode=mm
74.805,0,fill,AC,SELL,900,28.0050,-2900,mode=mm
74.805,0,stop,RY,SELL,3000,102.8900,3000,loss=6.0t stop=5.0t trend_against=False
74.806,0,place,RY,SELL,3000,102.8900,3000,agg
74.898,0,fill,AC,BUY,200,28.0050,-2700,mode=mm
74.899,1,place,CNR,BUY,1000,176.9600,-2000,quote
75.106,1,fill,RY,SELL,3000,102.9800,0,mode=mm
75.107,1,fill,AC,BUY,2500,28.0050,-200,mode=mm
75.317,1,fill,AC,BUY,200,28.0050,0,mode=mm
75.328,1,place,RY,SELL,3000,102.9800,0,quote
75.328,1,place,AC,BUY,1800,28.0000,0,quote
75.328,1,place,AC,SELL,1800,28.0100,0,quote
75.793,1,fill,RY,SELL,3000,102.9700,-3000,mode=mm
75.795,1,place,RY,BUY,3000,102.9700,-3000,quote
75.795,1,place,RY,SELL,1100,102.9900,-3000,quote
76.086,1,fill,RY,BUY,3000,102.9750,0,mode=mm
76.089,1,fill,AC,BUY,1202,28.0050,1202,mode=mm
76.094,1,place,RY,SELL,3000,102.9800,0,quote
76.094,1,place,AC,BUY,700,28.0000,1202,quote
76.360,1,fill,RY,SELL,3488,102.9750,-3488,mode=mm
76.361,1,place,RY,SELL,900,102.9900,-3488,quote
76.633,1,fill,RY,SELL,900,102.9750,-4388,mode=mm
76.634,1,place,RY,BUY,4300,102.9800,-4388,quote
76.634,1,place,RY,SELL,1100,103.0000,-4388,quote
76.761,1,fill,RY,BUY,3200,102.9750,-1188,mode=mm
76.762,1,fill,AC,SELL,1000,28.0050,202,mode=mm
76.769,1,place,AC,BUY,2800,28.0000,202,quote
76.769,1,place,AC,SELL,3000,28.0100,202,quote
76.835,1,fill,AC,SELL,800,28.0050,-598,mode=mm
77.096,2,place,RY,BUY,1100,102.9900,-1188,quote
77.096,2,place,RY,SELL,3300,103.0300,-1188,quote
77.188,2,place,RY,SELL,1900,103.0200,-1188,quote
77.349,2,fill,RY,BUY,1100,103.0050,-88,mode=mm
77.647,2,place,RY,SELL,4800,103.0400,-88,quote
77.688,2,fill,RY,SELL,1900,103.0200,-1988,mode=mm
77.868,2,place,RY,BUY,1900,103.0100,-1988,quote
77.868,2,place,RY,SELL,500,103.0200,-1988,quote
78.092,2,place,RY,SELL,100,103.0200,-1988,quote
78.631,2,fill,RY,BUY,1900,103.0150,-88,mode=mm
78.632,2,place,RY,BUY,5000,102.9200,-88,quote
78.632,2,place,RY,SELL,1600,102.9600,-88,quote
78.739,2,fill,AC,BUY,404,28.0050,-194,mode=mm
78.741,2,place,RY,BUY,5000,102.9300,-88,quote
78.741,2,place,RY,SELL,4800,102.9500,-88,quote
78.894,2,fill,RY,BUY,5000,102.9400,4912,mode=mm
78.896,2,fill,AC,SELL,3000,28.0050,-3194,mode=mm
79.098,3,fill,RY,SELL,3400,102.9400,1512,mode=mm
79.192,3,place,RY,BUY,300,102.9300,1512,quote
79.192,3,place,RY,SELL,5000,102.9400,1512,quote
79.192,3,place,AC,SELL,100,28.0200,-3194,quote
79.406,3,fill,RY,BUY,300,102.9400,1812,mode=mm
79.698,3,place,RY,BUY,1600,102.9200,1812,quote
79.698,3,place,RY,SELL,3600,102.9300,1812,quote
79.698,3,place,AC,SELL,100,28.0200,-3194,quote
79.959,3,fill,RY,SELL,3600,102.9250,-1788,mode=mm
79.961,3,fill,AC,BUY,2200,28.0050,-994,mode=mm
79.963,3,place,RY,SELL,1600,102.9400,-1788,quote
79.963,3,place,AC,BUY,1900,28.0000,-994,quote
79.963,3,place,AC,SELL,2100,28.0100,-994,quote
80.145,3,fill,RY,SELL,1600,102.9350,-3388,mode=mm
80.147,3,place,RY,SELL,900,102.9500,-3388,quote
80.412,3,fill,AC,SELL,2100,28.0050,-3094,mode=mm
80.414,3,place,AC,SELL,1000,28.0200,-3094,quote
80.672,3,place,AC,BUY,4000,28.0100,-3094,quote
80.672,3,place,AC,SELL,1000,28.0300,-3094,quote
80.817,3,place,RY,BUY,5000,102.9400,-3388,quote
80.817,3,place,RY,SELL,1600,102.9600,-3388,quote
80.914,3,fill,RY,SELL,900,102.9450,-4288,mode=mm
81.158,4,fill,RY,BUY,5000,102.9450,712,mode=mm
81.160,4,place,RY,BUY,3900,102.9300,712,quote
81.406,4,fill,RY,SELL,1600,102.9400,-888,mode=mm
81.407,4,place,RY,SELL,3700,102.9500,-888,quote
81.407,4,place,AC,BUY,5000,28.0200,-3094,quote
81.407,4,place,AC,SELL,1700,28.0400,-3094,quote
81.653,4,place,RY,BUY,5000,102.9500,-888,quote
81.653,4,place,RY,SELL,700,102.9600,-888,quote
81.710,4,fill,RY,SELL,3700,102.9500,-4588,mode=mm
81.956,4,fill,RY,BUY,4300,102.9500,-288,mode=mm
81.957,4,fill,AC,SELL,1700,28.0250,-4794,mode=mm
81.963,4,place,RY,BUY,100,102.9600,-288,quote
81.963,4,place,RY,SELL,1600,102.9700,-288,quote
82.269,4,fill,RY,SELL,1600,102.9650,-1888,mode=mm
82.270,4,stop,RY,BUY,1888,103.0800,-1888,loss=5.8t stop=5.0t trend_against=False
82.273,4,place,RY,BUY,1888,103.0800,-1888,agg
82.461,4,fill,RY,BUY,1988,102.9950,100,mode=mm
82.754,4,place,RY,BUY,1600,102.9800,100,quote
82.754,4,place,RY,SELL,100,102.9900,100,quote
82.754,4,place,AC,BUY,4500,28.0400,-4794,quote
82.754,4,place,AC,SELL,600,28.0700,-4794,quote
82.794,4,place,AC,SELL,300,28.0800,-4794,quote
82.970,4,fill,RY,SELL,100,102.9850,0,mode=mm
82.971,4,place,RY,BUY,100,102.9700,0,quote
83.232,5,place,RY,BUY,1800,102.9900,0,quote
83.355,5,place,AC,SELL,500,28.0900,-4794,quote
83.518,5,fill,RY,BUY,1800,103.0000,1800,mode=mm
83.519,5,stop,AC,BUY,4794,28.1200,-4794,loss=5.9t stop=5.0t trend_against=False
83.524,5,place,AC,BUY,4794,28.1200,-4794,agg
83.659,5,place,RY,BUY,2700,103.0000,1800,quote
83.659,5,place,RY,SELL,1800,103.0100,1800,quote
83.756,5,fill,AC,BUY,4794,28.0650,0,mode=mm
84.019,5,fill,RY,BUY,2700,102.9400,4500,mode=mm
84.065,5,place,RY,SELL,300,102.9400,4500,quote
84.270,5,fill,RY,SELL,300,102.9350,4200,mode=mm
84.271,5,place,CNR,BUY,100,176.9800,-2000,quote
84.329,5,place,CNR,SELL,900,176.9900,-2000,quote
84.329,5,place,RY,BUY,200,102.9300,4200,quote
84.329,5,place,RY,SELL,4200,102.9900,4200,quote
84.329,5,place,AC,BUY,100,28.0800,0,quote
84.529,5,place,RY,BUY,100,102.9600,4200,quote
84.529,5,place,RY,SELL,4200,102.9800,4200,quote
84.529,5,place,CNR,BUY,3600,176.9800,-2000,quote
84.951,5,fill,CNR,SELL,900,176.9850,-2900,mode=mm
84.953,5,fill,RY,SELL,2300,102.9800,1900,mode=mm
84.959,5,regime,AC,,,,,"mixed -> TREND (er=1.00, net +12t over 10s)"
84.965,5,place,RY,BUY,900,102.9700,1900,quote
84.965,5,place,CNR,BUY,1900,176.9700,-2900,quote
84.965,5,place,CNR,SELL,500,177.1100,-2900,quote
85.454,5,fill,RY,BUY,100,102.9800,2000,mode=mm
85.454,6,stop,CNR,BUY,2900,177.1400,-2900,loss=10.7t stop=5.0t trend_against=False
85.455,6,place,CNR,BUY,2900,177.1400,-2900,agg
85.455,6,place,RY,BUY,2500,102.9200,2000,quote
85.455,6,place,RY,SELL,5000,102.9300,2000,quote
85.611,6,fill,RY,SELL,1000,102.9250,1000,mode=mm
85.613,6,place,RY,BUY,3500,102.8900,1000,quote
85.613,6,place,AC,SELL,1500,28.9000,0,ladder
85.613,6,place,AC,SELL,1500,30.3100,0,ladder
85.613,6,place,AC,SELL,1200,32.2700,0,ladder
85.753,6,regime,CNR,,,,,"mixed -> TREND (er=1.00, net +12t over 10s)"
85.903,6,fill,CNR,BUY,2400,177.0850,-500,mode=mm
85.904,6,fill,RY,BUY,2500,102.9150,3500,mode=mm
86.179,6,fill,RY,BUY,3500,102.9050,7000,mode=mm
86.420,6,place,RY,BUY,400,102.9300,7000,quote
86.420,6,place,RY,SELL,5000,102.9700,7000,quote
86.420,6,place,AC,BUY,1500,28.1800,0,quote
86.420,6,place,AC,BUY,1500,27.2500,0,ladder
86.420,6,place,AC,BUY,1500,25.8500,0,ladder
86.420,6,place,AC,BUY,100,23.8800,0,ladder
86.587,6,stop,CNR,BUY,500,177.2100,-500,loss=10.5t stop=5.0t trend_against=True
86.588,6,place,CNR,BUY,500,177.2100,-500,agg
87.106,6,fill,CNR,BUY,500,177.1350,0,mode=mm
87.107,6,fill,RY,SELL,5000,102.9650,2000,mode=mm
87.108,6,place,RY,BUY,2500,102.9600,2000,quote
87.108,6,place,RY,SELL,5000,102.9700,2000,quote
87.108,6,place,CNR,BUY,300,177.1000,0,quote
87.466,7,place,CNR,BUY,1500,177.2100,0,quote
87.466,7,place,AC,BUY,1500,28.1800,0,quote
87.640,7,place,CNR,BUY,1500,177.2200,0,quote
87.640,7,place,AC,BUY,1500,28.1900,0,quote
87.964,7,dir_enter,AC,LONG,12052,28.2050,0,gap=12.2t thr=12.0t er=0.91 vol=1.3
87.966,7,place,AC,BUY,3000,28.2500,0,agg
88.090,7,fill,RY,SELL,2500,102.9700,-500,mode=mm
88.091,7,fill,AC,BUY,3000,28.2050,3000,mode=dir
88.096,7,regime,RY,,,,,"3 stop-outs in 60s -> toxic flow: half size, no stepping inside for 30s"
88.096,7,stop,RY,BUY,500,103.0800,-500,loss=7.0t stop=6.8t trend_against=False
88.112,7,place,RY,BUY,500,103.0800,-500,agg
88.283,7,dir_enter,CNR,LONG,11152,177.3050,0,gap=18.7t thr=12.0t er=1.00 vol=2.1
88.417,7,fill,RY,BUY,500,102.9900,0,mode=mm
88.520,7,place,CNR,BUY,1800,177.3800,0,agg
88.520,7,place,RY,BUY,2500,102.9500,0,quote
89.163,7,fill,CNR,BUY,1800,177.3450,1800,mode=dir
89.344,7,fill,RY,BUY,2500,102.9850,2500,mode=mm
89.345,8,place,CNR,BUY,3200,177.4200,1800,agg
89.345,8,place,AC,BUY,3000,28.2500,3000,agg
89.345,8,place,RY,BUY,1000,102.8400,2500,quote
89.345,8,place,RY,SELL,2500,102.9200,2500,quote
89.515,8,place,AC,BUY,600,28.2400,3000,agg
89.515,8,place,RY,SELL,2500,102.9100,2500,quote
89.708,8,fill,CNR,BUY,3200,177.3850,5000,mode=dir
89.711,8,fill,AC,BUY,3000,28.2000,6000,mode=dir
89.903,8,fill,AC,BUY,600,28.2000,6600,mode=dir
90.165,8,fill,RY,SELL,2500,102.8950,0,mode=mm
90.921,9,place,CNR,BUY,300,177.4500,5000,agg
90.921,9,place,AC,BUY,100,28.2300,6600,agg
90.921,9,place,RY,BUY,1500,102.9100,0,quote
90.995,9,place,CNR,BUY,100,177.4500,5000,agg
91.138,9,fill,CNR,BUY,400,177.4050,5400,mode=dir
91.139,9,fill,AC,BUY,100,28.1950,6700,mode=dir
91.192,9,place,CNR,BUY,1600,177.4500,5400,agg
91.192,9,place,AC,BUY,500,28.2300,6700,agg
91.283,9,place,CNR,BUY,100,177.4500,5400,agg
91.283,9,place,AC,BUY,100,28.2300,6700,agg
91.437,9,place,RY,SELL,1500,102.9400,0,quote
91.544,9,fill,CNR,BUY,1700,177.4050,7100,mode=dir
91.545,9,fill,AC,BUY,600,28.1950,7300,mode=dir
92.068,9,fill,RY,SELL,27,102.9250,-27,mode=mm
92.070,9,place,CNR,BUY,3300,177.4500,7100,agg
92.070,9,place,AC,BUY,400,28.2300,7300,agg
92.336,9,fill,CNR,BUY,3300,177.4050,10400,mode=dir
92.337,9,fill,RY,BUY,27,102.9250,0,mode=mm
92.337,9,fill,AC,BUY,400,28.1950,7700,mode=dir
93.845,10,place,CNR,BUY,900,177.4600,10400,agg
93.845,10,place,AC,BUY,300,28.2200,7700,agg
93.935,10,place,CNR,BUY,100,177.4600,10400,agg
93.935,10,place,AC,BUY,100,28.2200,7700,agg
94.168,10,fill,CNR,BUY,900,177.4150,11300,mode=dir
94.169,10,fill,AC,BUY,300,28.1850,8000,mode=dir
94.256,10,fill,CNR,BUY,100,177.4150,11400,mode=dir
94.257,10,fill,AC,BUY,100,28.1750,8100,mode=dir
94.824,10,dir_exit,AC,,8100,28.0050,8100,fast trail 20>15t
94.824,10,regime,AC,,,,,losing ride -20t -> entry bar x1.40
94.828,10,place,CNR,BUY,1400,177.4500,11400,agg
94.828,10,place,AC,SELL,5000,27.8900,8100,agg
94.828,10,place,RY,BUY,900,102.9400,0,quote
94.828,10,place,RY,SELL,900,102.9700,0,quote
95.347,11,fill,CNR,BUY,1400,177.4150,12800,mode=dir
95.347,11,fill,RY,SELL,900,102.9550,-900,mode=mm
95.347,11,fill,AC,SELL,5000,27.9800,3100,mode=cut
95.353,11,stop,RY,BUY,900,103.0100,-900,loss=8.0t stop=5.9t trend_against=False
95.354,11,place,CNR,BUY,1518,177.4600,12800,agg
95.354,11,place,RY,BUY,900,103.0100,-900,agg
95.824,11,fill,CNR,BUY,1518,177.4150,14318,mode=dir
95.824,11,fill,RY,BUY,900,102.9750,0,mode=mm
95.852,11,place,AC,SELL,3100,27.7400,3100,agg
96.051,11,fill,AC,SELL,3100,27.8950,0,mode=cut
96.051,11,regime,CNR,,,,,"TREND -> chop (er=0.18, net +10t over 10s)"
96.051,11,regime,RY,,,,,"chop -> mixed (er=0.27, net +13t over 10s)"
96.054,11,dir_exit,CNR,,14318,177.1950,14318,fast trail 22>22t
96.054,11,regime,CNR,,,,,losing ride -11t -> entry bar x1.40
96.057,11,place,CNR,SELL,5000,177.1000,14318,agg
96.687,11,regime,RY,,,,,"mixed -> chop (er=0.22, net +10t over 10s)"
97.069,11,place,CNR,SELL,5000,176.8500,14318,agg
97.442,12,fill,CNR,SELL,5000,176.9550,9318,mode=cut
97.445,12,regime,CNR,,,,,"chop -> mixed (er=0.44, net -31t over 10s)"
97.446,12,place,RY,BUY,1500,103.0600,0,quote
97.446,12,place,AC,SELL,300,28.0900,0,quote
97.446,12,place,RY,BUY,100,99.9100,0,ladder
97.446,12,place,RY,SELL,1500,106.0900,0,ladder
97.446,12,place,RY,BUY,100,94.7600,0,ladder
97.446,12,place,RY,SELL,100,111.2400,0,ladder
97.446,12,place,RY,SELL,100,118.4500,0,ladder
97.446,12,place,AC,BUY,1500,27.1600,0,ladder
97.446,12,place,AC,BUY,1500,25.7600,0,ladder
97.446,12,place,AC,BUY,2000,23.8000,0,ladder
97.610,12,place,RY,BUY,2000,87.5600,0,ladder
97.610,12,place,AC,SELL,1500,28.8400,0,ladder
97.610,12,place,AC,SELL,1500,30.2400,0,ladder
97.610,12,place,AC,SELL,1200,32.2000,0,ladder
97.939,12,fill,AC,BUY,1200,27.9800,1200,mode=mm
97.941,12,stop,AC,SELL,1200,27.7500,1200,loss=15.0t stop=14.2t trend_against=True
97.943,12,place,AC,SELL,1200,27.7500,1200,agg
98.155,12,fill,RY,BUY,1500,103.0800,1500,mode=mm
98.156,12,regime,CNR,,,,,"mixed -> TREND (er=0.59, net -45t over 10s)"
98.156,12,place,CNR,SELL,5000,176.7700,9318,agg
98.156,12,place,RY,BUY,900,103.0300,1500,quote
98.437,12,fill,CNR,SELL,5000,176.8550,4318,mode=cut
98.438,12,fill,AC,SELL,1200,27.9850,0,mode=mm
98.439,12,place,AC,SELL,1500,28.8400,0,ladder
98.439,12,place,AC,BUY,1500,25.7600,0,ladder
98.439,12,place,AC,SELL,900,30.2400,0,ladder
98.439,12,place,AC,BUY,2000,23.8000,0,ladder
98.439,12,place,AC,SELL,200,32.2000,0,ladder
98.697,12,place,AC,SELL,1000,28.0100,0,quote
99.057,12,fill,RY,BUY,900,103.0650,2400,mode=mm
99.057,12,fill,AC,SELL,1000,27.9250,-1000,mode=mm
99.059,13,place,RY,BUY,100,103.0300,2400,quote
99.166,13,place,CNR,SELL,4318,176.7500,4318,agg
99.166,13,place,RY,BUY,600,103.0400,2400,quote
99.166,13,place,AC,SELL,700,28.0900,-1000,quote
99.166,13,place,AC,BUY,1500,27.1600,-1000,ladder
99.510,13,fill,CNR,SELL,4318,176.8050,0,mode=cut
99.512,13,fill,AC,BUY,800,28.3700,-200,mode=mm
99.512,13,regime,RY,,,,,"chop -> TREND (er=0.47, net +17t over 10s)"
99.895,13,regime,AC,,,,,"3 stop-outs in 61s -> toxic flow: half size, no stepping inside for 30s"
99.895,13,stop,AC,BUY,200,28.2000,-200,loss=48.1t stop=14.2t trend_against=False
99.898,13,place,AC,BUY,200,28.2000,-200,agg
99.898,13,place,CNR,SELL,900,176.8000,0,quote
99.898,13,place,RY,BUY,300,103.0600,2400,quote
100.192,13,fill,AC,BUY,200,28.0900,0,mode=mm
100.193,13,place,CNR,SELL,500,176.7900,0,quote
100.193,13,place,AC,SELL,900,28.8400,0,ladder
100.193,13,place,AC,BUY,100,25.7600,0,ladder
100.193,13,place,AC,SELL,100,30.2400,0,ladder
100.193,13,place,AC,BUY,100,23.8000,0,ladder
100.193,13,place,AC,SELL,100,32.2000,0,ladder
100.420,13,place,CNR,SELL,300,176.7900,0,quote
100.709,13,place,CNR,SELL,900,176.7900,0,quote
100.709,13,place,RY,BUY,300,103.0700,2400,quote
100.981,13,regime,AC,,,,,"TREND -> chop (er=0.09, net -9t over 10s)"
100.986,13,dir_enter,CNR,SHORT,11812,176.7650,0,gap=-28.5t thr=25.6t er=0.85 vol=3.7
100.990,13,place,CNR,SELL,4894,176.7200,0,agg
100.990,13,place,AC,BUY,500,27.1600,0,ladder
101.337,13,fill,CNR,SELL,4894,176.7650,-4894,mode=dir
101.720,14,place,AC,BUY,500,28.1200,0,quote
101.720,14,place,RY,BUY,100,103.0800,2400,quote
101.885,14,place,RY,BUY,600,103.0800,2400,quote
102.024,14,place,CNR,SELL,2546,176.7000,-4894,agg
102.235,14,fill,CNR,SELL,2546,176.7450,-7440,mode=dir
102.238,14,place,AC,BUY,900,28.3400,0,quote
102.238,14,place,AC,BUY,300,27.2000,0,ladder
102.238,14,place,AC,SELL,1500,28.8900,0,ladder
102.238,14,place,AC,BUY,100,25.8000,0,ladder
102.238,14,place,AC,SELL,100,30.2900,0,ladder
102.457,14,fill,RY,BUY,600,103.1050,3000,mode=mm
102.457,14,place,RY,SELL,1200,103.0900,3000,quote
102.768,14,regime,RY,,,,,"TREND -> chop (er=0.09, net +3t over 10s)"
102.769,14,place,RY,SELL,100,103.0600,3000,quote
103.260,15,fill,RY,SELL,100,103.0250,2900,mode=mm
103.350,15,place,AC,BUY,900,28.4100,0,quote
103.350,15,place,AC,SELL,900,28.4700,0,quote
103.350,15,place,RY,BUY,100,103.0100,2900,quote
103.350,15,place,RY,SELL,1900,103.0500,2900,quote
103.350,15,place,AC,BUY,300,27.3100,0,ladder
103.522,15,place,AC,BUY,500,28.4300,0,quote
103.522,15,place,AC,SELL,500,28.5300,0,quote
103.522,15,place,AC,SELL,100,29.0200,0,ladder
103.522,15,place,AC,BUY,100,25.9200,0,ladder
103.627,15,place,CNR,SELL,3248,176.6900,-7440,agg
103.627,15,place,AC,SELL,1500,30.4400,0,ladder
103.627,15,place,AC,BUY,2000,23.9500,0,ladder
103.627,15,place,AC,SELL,200,32.4100,0,ladder
103.857,15,fill,CNR,SELL,3248,176.7350,-10688,mode=dir
103.857,15,fill,AC,SELL,900,28.4700,-900,mode=mm
104.116,15,regime,AC,,,,,"chop -> mixed (er=0.44, net +57t over 10s)"
104.393,15,regime,AC,,,,,"mixed -> TREND (er=0.46, net +61t over 10s)"
104.880,16,regime,RY,,,,,"chop -> mixed (er=0.26, net +10t over 10s)"
104.880,16,place,RY,SELL,3300,103.0700,2900,quote
104.880,16,place,AC,BUY,900,28.5800,-900,quote
104.880,16,place,AC,BUY,300,27.4600,-900,ladder
105.057,16,place,RY,BUY,100,103.0300,2900,quote
105.057,16,place,RY,SELL,1100,103.1300,2900,quote
105.057,16,place,AC,SELL,300,28.7000,-900,quote
105.057,16,place,AC,SELL,100,29.1800,-900,ladder
105.057,16,place,AC,SELL,100,30.6000,-900,ladder
105.303,16,fill,RY,SELL,3300,103.0800,-400,mode=mm
105.607,16,stop,AC,BUY,900,28.7000,-900,loss=19.0t stop=20.4t trend_against=True
105.608,16,place,AC,BUY,900,28.7000,-900,agg
106.019,16,fill,AC,BUY,900,28.6450,0,mode=mm
106.019,16,regime,RY,,,,,"mixed -> chop (er=0.14, net +5t over 10s)"
106.085,16,place,CNR,SELL,210,176.6800,-10688,agg
106.085,16,place,RY,BUY,2600,103.0900,-400,quote
106.085,16,place,RY,SELL,400,103.1400,-400,quote
106.085,16,place,AC,BUY,100,28.6300,0,quote
106.085,16,place,AC,SELL,1500,29.2700,0,ladder
106.085,16,place,AC,SELL,100,30.7000,0,ladder
106.085,16,place,AC,SELL,100,32.6800,0,ladder
106.272,16,place,CNR,SELL,3038,176.6800,-10688,agg
106.272,16,place,RY,SELL,200,103.1300,-400,quote
106.454,16,fill,CNR,SELL,210,176.7250,-10898,mode=dir
106.601,16,fill,CNR,SELL,3038,176.7200,-13936,mode=dir
106.601,16,fill,RY,BUY,2600,103.1100,2200,mode=mm
107.987,17,place,RY,SELL,300,103.0700,2200,quote
108.299,17,fill,RY,SELL,300,103.0550,1900,mode=mm
108.305,17,place,RY,BUY,200,103.0600,1900,quote
108.305,17,place,RY,SELL,3000,103.1600,1900,quote
108.305,17,place,AC,BUY,1500,28.6100,0,quote
108.305,17,place,AC,BUY,100,27.6800,0,ladder
108.305,17,place,AC,BUY,100,26.2500,0,ladder
108.436,17,place,RY,SELL,1000,103.1500,1900,quote
108.570,17,fill,AC,BUY,1500,28.6300,1500,mode=mm
109.172,17,place,CNR,SELL,210,176.6500,-13936,agg
109.172,17,place,RY,BUY,700,103.0800,1900,quote
109.172,17,place,RY,SELL,1800,103.1100,1900,quote
109.172,17,place,AC,SELL,1500,29.4100,1500,ladder
109.172,17,place,AC,SELL,1500,30.8300,1500,ladder
109.339,18,fill,CNR,SELL,210,176.6950,-14146,mode=dir
109.958,18,fill,RY,SELL,1800,103.0950,100,mode=mm
109.964,18,place,RY,SELL,1500,103.1100,100,quote
109.964,18,place,AC,BUY,300,28.5200,1500,quote
109.964,18,place,AC,BUY,100,24.2700,1500,ladder
109.964,18,place,AC,SELL,2000,32.8300,1500,ladder
110.089,18,fill,RY,SELL,1500,103.0950,-1400,mode=mm
111.011,19,place,RY,BUY,1700,103.1100,-1400,quote
111.011,19,place,RY,SELL,500,103.1400,-1400,quote
111.011,19,place,AC,BUY,900,28.5300,1500,quote
111.011,19,place,AC,SELL,100,28.5600,1500,quote
111.139,19,regime,CNR,,,,,"TREND -> mixed (er=0.88, net -7t over 10s)"
111.220,19,place,AC,SELL,100,28.5600,1500,quote
111.655,19,fill,RY,BUY,1700,103.1250,300,mode=mm
111.656,19,place,RY,BUY,700,103.1100,300,quote
111.656,19,place,RY,SELL,1500,103.1400,300,quote
111.755,19,place,AC,SELL,100,28.5600,1500,quote
111.957,19,place,AC,SELL,300,28.5600,1500,quote
112.317,19,place,AC,SELL,100,28.5600,1500,quote
112.459,19,fill,RY,BUY,700,103.1250,1000,mode=mm
112.802,19,place,RY,BUY,1000,103.0900,1000,quote
112.802,19,place,RY,SELL,1600,103.1300,1000,quote
113.016,19,fill,RY,SELL,1500,103.1100,-500,mode=mm
113.018,19,regime,RY,,,,,"chop -> mixed (er=0.30, net +8t over 10s)"
113.296,20,regime,AC,,,,,"TREND -> mixed (er=0.26, net +8t over 10s)"
113.354,20,fill,RY,SELL,1600,103.1050,-2100,mode=mm
113.462,20,fill,RY,BUY,1000,103.1050,-1100,mode=mm
113.819,20,regime,RY,,,,,"mixed -> chop (er=0.16, net +5t over 10s)"
113.819,20,regime,AC,,,,,"mixed -> chop (er=0.16, net +4t over 10s)"
114.055,20,place,RY,BUY,2800,103.0700,-1100,quote
114.055,20,place,RY,SELL,1000,103.1100,-1100,quote
114.249,20,fill,RY,SELL,1000,103.0900,-2100,mode=mm
114.708,20,regime,RY,,,,,"chop -> mixed (er=0.26, net +9t over 10s)"
114.708,20,regime,AC,,,,,"chop -> mixed (er=0.40, net -6t over 10s)"
114.848,20,fill,RY,BUY,2800,103.1200,700,mode=mm
114.970,20,regime,RY,,,,,"mixed -> chop (er=0.08, net +3t over 10s)"
114.970,20,stop,AC,SELL,1500,28.5000,1500,loss=7.0t stop=6.5t trend_against=False
114.971,20,place,AC,SELL,1500,28.5000,1500,agg
115.314,20,fill,AC,SELL,1500,28.5450,0,mode=mm
116.379,21,place,RY,BUY,1900,103.0600,700,quote
116.379,21,place,RY,SELL,2600,103.1200,700,quote
116.379,21,place,AC,SELL,1500,28.5600,0,quote
116.379,21,place,AC,BUY,1500,27.6900,0,ladder
116.379,21,place,AC,SELL,900,29.4000,0,ladder
116.379,21,place,AC,BUY,1500,26.2600,0,ladder
116.379,21,place,AC,SELL,300,30.8300,0,ladder
116.379,21,place,AC,BUY,1200,24.2600,0,ladder
116.379,21,place,AC,SELL,100,32.8300,0,ladder
116.559,21,place,RY,SELL,100,103.1100,700,quote
116.880,21,place,RY,SELL,900,103.1100,700,quote
117.018,22,fill,RY,SELL,100,103.0950,600,mode=mm
117.019,22,place,RY,BUY,100,103.0800,600,quote
117.019,22,place,RY,SELL,100,103.1300,600,quote
117.285,22,fill,RY,SELL,100,103.1050,500,mode=mm
117.657,22,place,RY,BUY,200,103.0900,500,quote
117.890,22,place,RY,BUY,1200,103.1100,500,quote
117.890,22,place,RY,SELL,1500,103.1400,500,quote
118.252,22,place,AC,BUY,500,28.5300,0,quote
118.392,22,fill,RY,BUY,1200,103.1250,1700,mode=mm
119.040,22,regime,CNR,,,,,"mixed -> TREND (er=0.92, net -12t over 10s)"
119.637,23,regime,AC,,,,,"mixed -> chop (er=0.00, net +0t over 10s)"
120.598,23,place,RY,BUY,1000,103.1100,1700,quote
120.598,23,place,RY,SELL,3500,103.1200,1700,quote
120.987,23,fill,RY,SELL,3500,103.1150,-1800,mode=mm
121.145,23,fill,RY,BUY,1000,103.1300,-800,mode=mm
123.266,25,place,RY,BUY,3000,103.1000,-800,quote
123.266,25,place,RY,SELL,2200,103.1200,-800,quote
123.266,25,place,AC,BUY,100,28.5300,0,quote
123.431,25,place,RY,SELL,100,103.1100,-800,quote
123.677,25,fill,RY,BUY,2100,103.1050,1300,mode=mm
123.797,25,regime,AC,,,,,"chop -> mixed (er=1.00, net -1t over 10s)"
124.739,25,place,RY,BUY,1100,103.0800,1300,quote
124.739,25,place,RY,SELL,3000,103.0900,1300,quote
124.739,25,place,AC,BUY,300,28.4800,0,quote
124.739,25,place,AC,SELL,1500,28.5200,0,quote
124.878,25,place,RY,SELL,1000,103.1000,1300,quote
125.088,25,fill,RY,BUY,1100,103.1000,2400,mode=mm
125.090,25,fill,AC,BUY,300,28.5000,300,mode=mm
125.092,25,stop,AC,SELL,300,27.9900,300,loss=67.0t stop=5.0t trend_against=False
125.092,25,place,AC,SELL,300,27.9900,300,agg
125.285,25,fill,RY,SELL,3000,103.0800,-600,mode=mm
125.481,26,fill,AC,SELL,300,28.1450,0,mode=mm
125.481,26,regime,AC,,,,,"mixed -> TREND (er=1.00, net -58t over 10s)"
126.545,26,place,RY,BUY,5000,103.0900,-600,quote
126.545,26,place,RY,SELL,4000,103.1000,-600,quote
126.545,26,place,AC,SELL,900,27.9300,0,quote
126.545,26,place,AC,BUY,900,27.5000,0,ladder
126.545,26,place,AC,SELL,100,29.2000,0,ladder
126.545,26,place,AC,BUY,100,26.0800,0,ladder
126.545,26,place,AC,SELL,100,30.6200,0,ladder
126.545,26,place,AC,BUY,100,24.1000,0,ladder
127.046,26,fill,RY,BUY,5000,103.0950,4400,mode=mm
127.886,27,place,RY,BUY,1100,103.0100,4400,quote
127.886,27,place,RY,SELL,5000,103.0400,4400,quote
127.886,27,place,AC,SELL,900,27.8300,0,quote
127.886,27,place,AC,BUY,300,27.3200,0,ladder
127.886,27,place,AC,SELL,300,29.0100,0,ladder
128.060,27,stop,RY,SELL,4400,102.9900,4400,loss=6.0t stop=5.0t trend_against=False
128.061,27,place,RY,SELL,4400,102.9900,4400,agg
128.193,27,regime,RY,,,,,"chop -> mixed (er=0.32, net -9t over 10s)"
128.193,27,dir_enter,AC,SHORT,2124,27.8150,0,gap=-44.5t thr=32.5t er=0.95 vol=4.6
128.296,27,fill,RY,SELL,9400,103.0350,-5000,mode=mm
128.297,27,place,RY,BUY,1000,103.0600,-5000,quote
128.297,27,place,RY,BUY,500,100.0000,-5000,ladder
128.297,27,place,RY,BUY,100,94.8400,-5000,ladder
128.297,27,place,RY,BUY,100,87.6200,-5000,ladder
128.453,27,regime,RY,,,,,"mixed -> chop (er=0.21, net -6t over 10s)"
128.596,27,fill,RY,BUY,1000,103.0600,-4000,mode=mm
129.318,28,place,AC,SELL,600,27.7300,0,agg
129.318,28,place,RY,SELL,100,103.0800,-4000,quote
129.573,28,fill,AC,SELL,600,27.7800,-600,mode=dir
129.897,28,place,RY,BUY,1400,103.0600,-4000,quote
130.129,28,place,RY,BUY,800,103.0700,-4000,quote
130.378,28,place,RY,BUY,100,103.0700,-4000,quote
130.627,28,fill,RY,BUY,800,103.0750,-3200,mode=mm
130.630,28,place,AC,SELL,200,27.8000,-600,agg
130.630,28,place,RY,BUY,3200,103.0700,-3200,quote
130.711,28,place,AC,SELL,1899,27.8000,-600,agg
130.711,28,place,RY,SELL,1700,103.0900,-3200,quote
130.711,28,place,RY,SELL,500,106.1700,-3200,ladder
130.711,28,place,RY,SELL,300,111.3200,-3200,ladder
131.172,28,fill,RY,BUY,3200,103.0700,0,mode=mm
131.173,28,fill,AC,SELL,200,27.8750,-800,mode=dir
131.177,29,regime,RY,,,,,"chop -> mixed (er=0.33, net -10t over 10s)"
131.230,29,fill,RY,SELL,150,103.0500,-150,mode=mm
131.230,29,fill,AC,SELL,1899,27.9800,-2699,mode=dir
131.482,29,regime,RY,,,,,"mixed -> chop (er=0.25, net -8t over 10s)"
131.777,29,dir_exit,AC,,-2699,28.3700,-2699,fast trail 60>34t
131.777,29,regime,AC,,,,,losing ride -56t -> entry bar x1.96
132.048,29,place,RY,BUY,300,103.0800,-150,quote
132.048,29,place,RY,SELL,1600,103.0900,-150,quote
132.134,29,regime,AC,,,,,"TREND -> chop (er=0.01, net +1t over 10s)"
132.135,29,place,RY,BUY,100,103.0900,-150,quote
132.345,29,place,AC,BUY,2699,28.6100,-2699,agg
132.469,29,fill,RY,SELL,1500,103.1050,-1650,mode=mm
132.471,29,place,RY,SELL,100,103.1000,-1650,quote
132.471,29,place,RY,SELL,100,118.5400,-1650,ladder
132.700,29,fill,RY,SELL,100,103.0950,-1750,mode=mm
132.701,29,fill,AC,BUY,2699,28.5700,0,mode=cut
132.707,29,place,AC,BUY,1500,28.5600,0,quote
132.707,29,place,RY,BUY,1800,103.1000,-1750,quote
132.707,29,place,RY,SELL,500,103.1200,-1750,quote
132.707,29,place,AC,SELL,1500,28.9100,0,ladder
132.707,29,place,AC,SELL,500,30.3100,0,ladder
132.707,29,place,AC,SELL,100,32.2800,0,ladder
133.229,29,fill,RY,BUY,1800,103.1050,50,mode=mm
133.270,30,place,RY,BUY,1700,103.1000,50,quote
133.270,30,place,RY,SELL,1800,103.1100,50,quote
133.270,30,place,AC,SELL,100,28.6600,0,quote
133.507,30,fill,RY,BUY,1700,103.1050,1750,mode=mm
134.152,30,place,AC,BUY,1500,28.5400,0,quote
134.152,30,place,AC,SELL,2500,28.6000,0,quote
134.152,30,place,RY,BUY,100,103.0800,1750,quote
134.152,30,place,RY,SELL,1000,103.0900,1750,quote
134.152,30,place,AC,BUY,500,27.4100,0,ladder
134.278,30,place,RY,SELL,600,103.0800,1750,quote
134.503,30,place,RY,SELL,100,103.0500,1750,quote
134.631,30,fill,RY,BUY,100,103.0450,1850,mode=mm
134.631,30,fill,AC,BUY,1500,28.5200,1500,mode=mm
134.996,30,fill,RY,SELL,1700,103.0450,150,mode=mm
134.998,30,regime,AC,,,,,"chop -> mixed (er=0.29, net +38t over 10s)"
134.999,30,place,AC,SELL,2900,28.3900,1500,quote
134.999,30,place,RY,BUY,100,103.0600,150,quote
134.999,30,place,RY,SELL,300,103.0900,150,quote
134.999,30,place,AC,SELL,1500,29.1500,1500,ladder
134.999,30,place,AC,SELL,500,30.5700,1500,ladder
134.999,30,place,AC,SELL,200,32.5500,1500,ladder
135.150,30,regime,AC,,,,,"3 stop-outs in 61s -> toxic flow: half size, no stepping inside for 30s"
135.150,30,stop,AC,SELL,1500,28.1200,1500,loss=42.0t stop=26.5t trend_against=False
135.154,30,place,AC,SELL,1500,28.1200,1500,agg
135.455,30,fill,AC,SELL,1500,28.1100,0,mode=mm
136.020,31,regime,AC,,,,,"mixed -> chop (er=0.03, net -5t over 10s)"
136.166,31,place,RY,BUY,900,103.0700,150,quote
136.166,31,place,RY,SELL,1000,103.0800,150,quote
136.166,31,place,AC,SELL,300,27.9800,0,quote
136.166,31,place,AC,BUY,1500,27.4300,0,ladder
136.166,31,place,AC,BUY,1500,26.0200,0,ladder
136.166,31,place,AC,BUY,1200,24.0400,0,ladder
136.613,31,fill,RY,SELL,100,103.0800,50,mode=mm
136.688,31,place,AC,SELL,2500,27.9600,0,quote
136.688,31,place,RY,BUY,1000,103.0600,50,quote
136.688,31,place,AC,SELL,900,29.0700,0,ladder
136.688,31,place,AC,SELL,300,30.4800,0,ladder
136.688,31,place,AC,SELL,100,32.4600,0,ladder
136.811,31,place,AC,SELL,500,27.9500,0,quote
136.897,31,place,AC,SELL,300,27.9500,0,quote
137.301,32,place,AC,BUY,1500,27.3200,0,ladder
137.301,32,place,AC,BUY,500,25.9100,0,ladder
137.301,32,place,AC,BUY,200,23.9400,0,ladder
137.863,32,place,RY,SELL,600,103.1000,50,quote
137.863,32,place,AC,SELL,1500,27.9300,0,quote
137.972,32,place,AC,SELL,200,32.3300,0,ladder
138.083,32,fill,RY,SELL,600,103.0900,-550,mode=mm
138.657,32,place,RY,BUY,5000,103.1100,-550,quote
138.657,32,place,RY,SELL,2400,103.1300,-550,quote
138.657,32,place,AC,BUY,500,27.8900,0,quote
138.906,32,place,RY,SELL,400,103.1200,-550,quote
138.906,32,place,AC,BUY,300,27.8900,0,quote
139.047,32,fill,RY,SELL,2400,103.1150,-2950,mode=mm
139.048,33,regime,CNR,,,,,"TREND -> mixed (er=0.70, net -7t over 10s)"
139.376,33,fill,RY,BUY,400,103.1150,-2550,mode=mm
139.596,33,regime,RY,,,,,"chop -> mixed (er=0.26, net +8t over 10s)"
139.909,33,regime,AC,,,,,"chop -> mixed (er=0.35, net +74t over 10s)"
140.029,33,place,RY,BUY,2200,103.1400,-2550,quote
140.029,33,place,RY,SELL,1200,103.1600,-2550,quote
140.029,33,place,AC,BUY,900,28.4600,0,quote
140.029,33,place,AC,SELL,1500,28.6200,0,quote
140.029,33,place,AC,SELL,1500,28.9200,0,ladder
140.029,33,place,AC,SELL,100,30.3200,0,ladder
140.208,33,regime,RY,,,,,"mixed -> chop (er=0.19, net +6t over 10s)"
140.209,33,place,RY,BUY,300,103.1200,-2550,quote
140.404,33,place,AC,SELL,100,28.6700,0,quote
140.464,33,fill,RY,BUY,2200,103.1300,-350,mode=mm
140.600,33,place,RY,BUY,1800,103.1100,-350,quote
140.600,33,place,RY,SELL,2600,103.1300,-350,quote
140.600,33,place,AC,BUY,2500,28.5900,0,quote
140.600,33,place,AC,BUY,500,27.3200,0,ladder
140.600,33,place,AC,BUY,100,25.9100,0,ladder
140.782,33,regime,RY,,,,,"chop -> mixed (er=0.30, net +9t over 10s)"
140.783,33,place,AC,SELL,500,29.0400,0,ladder
140.783,33,place,AC,SELL,100,30.4500,0,ladder
141.305,33,fill,RY,BUY,1800,103.1400,1450,mode=mm
141.310,33,regime,CNR,,,,,"mixed -> chop (er=0.15, net -2t over 10s)"
141.310,33,regime,RY,,,,,"mixed -> chop (er=0.24, net +8t over 10s)"
141.559,33,fill,RY,SELL,2600,103.1250,-1150,mode=mm
141.564,34,regime,CNR,,,,,"chop -> mixed (er=0.31, net +4t over 10s)"
141.564,34,regime,AC,,,,,"mixed -> chop (er=0.05, net +8t over 10s)"
141.565,34,dir_exit,CNR,,-14146,176.4550,-14146,"fast trend faded (gap=-1.3t, t_slow=-2.5)"
141.565,34,regime,CNR,,,,,winning ride +31t -> entry bar x1.12
141.566,34,place,CNR,BUY,5000,176.5400,-14146,agg
141.728,34,place,RY,SELL,1200,103.1300,-1150,quote
141.728,34,place,AC,BUY,100,28.6100,0,quote
141.728,34,place,AC,SELL,500,29.1600,0,ladder
141.728,34,place,AC,SELL,200,32.5600,0,ladder
141.998,34,fill,CNR,BUY,5000,176.4600,-9146,mode=cut
142.000,34,place,RY,SELL,3400,103.1200,-1150,quote
142.000,34,place,AC,SELL,1500,28.6800,0,quote
142.000,34,place,AC,BUY,1500,27.4900,0,ladder
142.000,34,place,AC,BUY,100,26.0700,0,ladder
142.000,34,place,AC,SELL,100,30.6000,0,ladder
142.195,34,fill,AC,BUY,100,28.6300,100,mode=mm
142.272,34,regime,CNR,,,,,"mixed -> TREND (er=0.70, net +17t over 10s)"
142.495,34,fill,RY,SELL,3400,103.1150,-4550,mode=mm
142.649,34,place,CNR,BUY,5000,176.6600,-9146,agg
142.709,34,place,RY,BUY,5000,103.0900,-4550,quote
142.709,34,place,RY,SELL,1000,103.1200,-4550,quote
142.709,34,place,AC,SELL,100,28.6500,100,quote
142.709,34,place,AC,BUY,400,24.1400,100,ladder
142.816,34,place,RY,BUY,5000,103.1000,-4550,quote
143.044,34,fill,CNR,BUY,432,176.6150,-8714,mode=cut
143.044,34,fill,RY,BUY,5000,103.0950,450,mode=mm
143.154,34,fill,RY,BUY,4000,103.0950,4450,mode=mm
143.661,35,place,CNR,BUY,5000,176.7700,-8714,agg
143.661,35,place,RY,SELL,1800,103.1100,4450,quote
143.661,35,place,RY,SELL,500,106.2000,4450,ladder
143.661,35,place,RY,SELL,100,111.3600,4450,ladder
143.661,35,place,RY,SELL,100,118.5700,4450,ladder
143.949,35,fill,CNR,BUY,5000,176.6900,-3714,mode=cut
144.329,35,fill,RY,SELL,1800,103.1150,2650,mode=mm
144.331,35,regime,AC,,,,,"chop -> mixed (er=0.32, net -70t over 10s)"
144.684,35,regime,RY,,,,,"chop -> mixed (er=0.36, net +10t over 10s)"
144.686,35,place,CNR,BUY,3714,176.7500,-3714,agg
144.686,35,place,RY,SELL,100,103.1700,2650,quote
144.816,35,place,RY,BUY,2000,103.1200,2650,quote
144.816,35,place,RY,SELL,5000,103.1500,2650,quote
144.816,35,place,AC,SELL,1500,27.8000,100,quote
144.816,35,place,AC,BUY,500,27.4400,100,ladder
144.816,35,place,AC,SELL,900,29.1400,100,ladder
144.816,35,place,AC,BUY,300,26.0300,100,ladder
144.816,35,place,AC,SELL,300,30.5500,100,ladder
145.178,35,fill,CNR,BUY,3714,176.7000,0,mode=cut
145.179,35,fill,RY,SELL,3000,103.1450,-350,mode=mm
145.183,36,regime,RY,,,,,"mixed -> chop (er=0.09, net +2t over 10s)"
145.183,36,regime,AC,,,,,"mixed -> chop (er=0.09, net -15t over 10s)"
145.184,36,stop,AC,SELL,100,27.6600,100,loss=85.0t stop=35.7t trend_against=False
145.185,36,place,AC,SELL,100,27.6600,100,agg
145.466,36,fill,AC,SELL,250,27.7750,-150,mode=mm
145.490,36,place,RY,BUY,5000,103.1000,-350,quote
145.490,36,place,RY,SELL,4400,103.1400,-350,quote
145.490,36,place,CNR,BUY,900,176.7000,0,quote
145.490,36,place,AC,BUY,100,27.6600,-150,quote
145.490,36,place,AC,SELL,100,27.8100,-150,quote
145.490,36,place,AC,BUY,1500,27.3400,-150,ladder
145.490,36,place,AC,BUY,500,25.9300,-150,ladder
145.490,36,place,AC,BUY,200,23.9600,-150,ladder
145.602,36,place,AC,BUY,100,27.6700,-150,quote
145.686,36,place,RY,BUY,3000,103.1100,-350,quote
146.093,36,place,RY,BUY,100,103.1300,-350,quote
146.263,36,fill,RY,BUY,3000,103.1300,2650,mode=mm
146.376,36,place,AC,BUY,100,27.7300,-150,quote
146.376,36,place,AC,SELL,1300,27.8100,-150,quote
146.376,36,place,CNR,BUY,500,176.7100,0,quote
146.376,36,place,RY,SELL,5000,103.1400,2650,quote
146.376,36,place,AC,SELL,300,28.9200,-150,ladder
146.496,36,regime,RY,,,,,"chop -> mixed (er=0.27, net +9t over 10s)"
146.496,36,dir_enter,CNR,LONG,11572,176.7250,0,gap=17.7t thr=13.4t er=1.00 vol=2.0
146.497,36,place,RY,SELL,1000,103.1800,2650,quote
146.497,36,place,AC,BUY,1500,27.2300,-150,ladder
146.771,36,fill,RY,SELL,5000,103.1650,-2350,mode=mm
146.781,36,regime,RY,,,,,"mixed -> chop (er=0.22, net +8t over 10s)"
147.140,36,place,CNR,BUY,1000,176.7800,0,agg
147.140,36,place,AC,BUY,100,27.7500,-150,quote
147.140,36,place,AC,SELL,1300,27.8100,-150,quote
147.140,36,place,RY,BUY,5000,103.1500,-2350,quote
147.140,36,place,RY,SELL,100,103.1700,-2350,quote
147.140,36,place,AC,SELL,500,30.2500,-150,ladder
147.140,36,place,AC,SELL,200,32.2100,-150,ladder
147.469,36,fill,CNR,BUY,1000,176.7350,1000,mode=dir
147.470,36,fill,AC,SELL,1300,27.7800,-1450,mode=mm
147.582,37,stop,AC,BUY,1450,28.1200,-1450,loss=26.1t stop=26.0t trend_against=False
147.582,37,place,CNR,BUY,4000,176.7900,1000,agg
147.582,37,place,AC,BUY,1450,28.1200,-1450,agg
147.582,37,place,RY,SELL,2200,103.1700,-2350,quote
148.081,37,fill,CNR,BUY,4000,176.7450,5000,mode=dir
148.087,37,fill,RY,BUY,5000,103.1550,2650,mode=mm
148.089,37,fill,AC,BUY,1450,27.9600,0,mode=mm
148.090,37,place,RY,BUY,1200,103.1400,2650,quote
148.090,37,place,RY,SELL,3000,103.1600,2650,quote
148.090,37,place,AC,BUY,500,27.1600,0,ladder
148.090,37,place,AC,SELL,900,28.8400,0,ladder
148.090,37,place,AC,BUY,100,25.7600,0,ladder
148.090,37,place,AC,SELL,500,30.2400,0,ladder
148.376,37,place,RY,SELL,1000,103.1500,2650,quote
148.494,37,fill,RY,BUY,1200,103.1500,3850,mode=mm
149.095,37,place,CNR,BUY,4046,176.8100,5000,agg
149.095,37,place,AC,BUY,900,28.2600,0,quote
149.095,37,place,RY,BUY,400,103.1100,3850,quote
149.095,37,place,RY,SELL,3000,103.1300,3850,quote
149.095,37,place,AC,BUY,100,23.8700,0,ladder
149.095,37,place,AC,SELL,200,32.2900,0,ladder
149.395,38,fill,CNR,BUY,4046,176.7600,9046,mode=dir
150.203,38,place,CNR,BUY,954,176.8100,9046,agg
150.203,38,place,AC,BUY,2500,28.2900,0,quote
150.203,38,place,RY,BUY,100,103.1100,3850,quote
150.203,38,place,AC,SELL,1500,28.9900,0,ladder
150.203,38,place,AC,SELL,900,30.4000,0,ladder
150.752,38,fill,CNR,BUY,954,176.7650,10000,mode=dir
151.086,38,place,RY,SELL,100,103.1200,3850,quote
151.280,38,fill,RY,SELL,3000,103.1200,850,mode=mm
151.280,38,place,RY,BUY,3700,103.1100,850,quote
151.280,38,place,RY,SELL,1800,103.1300,850,quote
151.280,38,place,AC,BUY,300,28.3000,0,quote
151.280,38,place,AC,SELL,300,28.3300,0,quote
151.454,39,place,RY,SELL,600,103.1200,850,quote
151.637,39,fill,RY,SELL,1900,103.1150,-1050,mode=mm
151.946,39,fill,RY,BUY,3100,103.1150,2050,mode=mm
151.948,39,fill,AC,BUY,234,28.3100,234,mode=mm
151.949,39,place,CNR,BUY,1800,176.8200,10000,agg
151.949,39,place,RY,BUY,900,103.1100,2050,quote
151.949,39,place,AC,SELL,300,28.3400,234,quote
151.949,39,place,AC,SELL,100,32.4500,234,ladder
152.060,39,place,AC,BUY,1300,28.3100,234,quote
152.060,39,place,AC,BUY,900,27.3800,234,ladder
152.060,39,place,AC,BUY,300,25.9700,234,ladder
152.200,39,fill,CNR,BUY,1800,176.7750,11800,mode=dir
152.756,39,fill,AC,BUY,504,28.3200,738,mode=mm
153.220,39,regime,AC,,,,,"chop -> TREND (er=0.73, net +48t over 10s)"
153.221,39,place,CNR,BUY,446,176.8200,11800,agg
153.221,39,place,RY,BUY,1500,103.1400,2050,quote
153.221,39,place,RY,SELL,3000,103.1500,2050,quote
153.221,39,place,AC,BUY,600,28.2900,738,quote
153.221,39,place,AC,SELL,1600,28.3300,738,quote
153.221,39,place,AC,BUY,200,24.0200,738,ladder
153.460,40,fill,CNR,BUY,446,176.7750,12246,mode=dir
153.508,40,place,AC,BUY,300,28.2800,738,quote
153.508,40,place,AC,SELL,900,28.3200,738,quote
153.508,40,place,AC,SELL,100,29.1100,738,ladder
153.665,40,fill,RY,SELL,1500,103.1450,550,mode=mm
153.950,40,place,RY,BUY,1400,103.1400,550,quote
153.950,40,place,RY,SELL,600,103.1500,550,quote
153.950,40,place,AC,BUY,1100,28.2200,738,quote
154.092,40,regime,CNR,,,,,"TREND -> mixed (er=0.62, net +6t over 10s)"
154.094,40,place,AC,BUY,100,28.2300,738,quote
154.480,40,fill,RY,BUY,1400,103.1450,1950,mode=mm
154.481,40,fill,AC,BUY,1100,28.2550,1838,mode=mm
154.483,40,regime,RY,,,,,"3 stop-outs in 61s -> toxic flow: half size, no stepping inside for 30s"
154.483,40,stop,RY,SELL,1950,103.0800,1950,loss=6.0t stop=5.0t trend_against=False
154.486,40,place,RY,SELL,1950,103.0800,1950,agg
154.809,40,fill,AC,BUY,100,28.1300,1938,mode=mm
154.811,40,place,CNR,BUY,1354,176.7500,12246,agg
154.811,40,place,AC,BUY,300,28.1400,1938,quote
154.811,40,place,AC,SELL,1200,28.2100,1938,quote
155.081,40,fill,CNR,BUY,1354,176.7000,13600,mode=dir
155.083,40,fill,RY,SELL,1950,103.1000,0,mode=mm
155.089,41,regime,CNR,,,,,"mixed -> chop (er=0.10, net -1t over 10s)"
155.250,41,fill,AC,SELL,400,28.1200,1538,mode=mm
155.253,41,stop,AC,SELL,1538,28.0900,1538,loss=20.8t stop=17.1t trend_against=False
155.254,41,place,AC,SELL,1538,28.0900,1538,agg
155.254,41,place,RY,SELL,100,103.0900,0,quote
155.254,41,place,RY,BUY,900,100.0300,0,ladder
155.254,41,place,RY,BUY,300,94.8700,0,ladder
155.254,41,place,RY,BUY,100,87.6600,0,ladder
155.640,41,regime,CNR,,,,,"chop -> mixed (er=0.46, net -9t over 10s)"
155.641,41,dir_exit,CNR,,13600,176.6300,13600,"fast trend faded (gap=2.0t, t_slow=0.2)"
155.641,41,regime,CNR,,,,,losing ride -9t -> entry bar x1.57
155.646,41,place,CNR,SELL,5000,176.5600,13600,agg
155.840,41,fill,RY,SELL,100,103.1200,-100,mode=mm
155.840,41,fill,AC,SELL,1538,28.1550,0,mode=mm
155.844,41,stop,RY,BUY,100,103.1700,-100,loss=7.0t stop=5.0t trend_against=False
155.847,41,place,RY,BUY,100,103.1700,-100,agg
155.847,41,place,AC,SELL,900,28.1700,0,quote
155.847,41,place,AC,BUY,1500,27.3900,0,ladder
155.847,41,place,AC,SELL,300,29.0800,0,ladder
155.847,41,place,AC,BUY,500,25.9800,0,ladder
155.847,41,place,AC,SELL,100,30.5000,0,ladder
155.847,41,place,AC,BUY,200,24.0000,0,ladder
156.154,41,fill,CNR,SELL,400,176.6300,13200,mode=cut
156.155,41,regime,CNR,,,,,"mixed -> TREND (er=0.66, net -21t over 10s)"
156.156,41,place,AC,SELL,500,28.1500,0,quote
156.156,41,place,AC,SELL,200,32.4600,0,ladder
156.296,41,fill,RY,BUY,100,103.1250,0,mode=mm
156.298,41,place,RY,SELL,1500,106.2200,0,ladder
156.298,41,place,RY,SELL,900,111.3700,0,ladder
156.298,41,place,RY,SELL,200,118.5900,0,ladder
156.475,41,regime,RY,,,,,"chop -> mixed (er=0.29, net -7t over 10s)"
156.601,41,place,AC,SELL,1500,28.1500,0,quote
156.601,41,place,RY,BUY,1500,100.0300,0,ladder
156.601,41,place,RY,BUY,500,94.8700,0,ladder
156.601,41,place,RY,BUY,200,87.6500,0,ladder
156.873,41,regime,RY,,,,,"mixed -> chop (er=0.22, net -5t over 10s)"
156.874,41,place,CNR,SELL,5000,176.2700,13200,agg
157.135,41,regime,RY,,,,,"chop -> mixed (er=0.31, net -8t over 10s)"
157.494,41,fill,CNR,SELL,5000,176.4000,8200,mode=cut
157.495,41,regime,RY,,,,,"mixed -> chop (er=0.14, net -4t over 10s)"
157.874,42,place,CNR,SELL,5000,176.2400,8200,agg
158.064,42,fill,CNR,SELL,5000,176.3350,3200,mode=cut
158.065,42,place,RY,BUY,2500,103.0500,0,quote
158.180,42,place,RY,BUY,2500,103.0600,0,quote
158.574,42,fill,AC,SELL,1500,28.1300,-1500,mode=mm
158.586,42,place,AC,BUY,1500,28.1100,-1500,quote
158.586,42,place,AC,SELL,900,28.1500,-1500,quote
158.824,42,fill,RY,BUY,2500,103.0750,2500,mode=mm
158.825,42,place,RY,BUY,1000,103.0200,2500,quote
158.825,42,place,RY,SELL,2500,103.0900,2500,quote
158.903,42,place,CNR,SELL,3200,176.2000,3200,agg
159.265,42,fill,CNR,SELL,3200,176.2700,0,mode=cut
159.550,43,place,RY,BUY,1000,103.0000,2500,quote
159.550,43,place,RY,SELL,3100,103.0700,2500,quote
159.550,43,place,CNR,SELL,1500,176.2300,0,quote
159.550,43,place,AC,BUY,1700,28.1200,-1500,quote
159.550,43,place,AC,SELL,900,28.1500,-1500,quote
159.550,43,place,CNR,BUY,1500,171.1500,0,ladder
159.550,43,place,CNR,SELL,300,181.7300,0,ladder
159.550,43,place,CNR,BUY,1500,162.3300,0,ladder
159.550,43,place,CNR,SELL,100,190.5600,0,ladder
159.550,43,place,CNR,BUY,2000,149.9700,0,ladder
159.800,43,place,CNR,SELL,1500,176.2200,0,quote
159.800,43,place,RY,BUY,600,103.0300,2500,quote
159.800,43,place,CNR,SELL,400,202.8900,0,ladder
160.267,43,fill,RY,SELL,3100,103.0550,-600,mode=mm
160.511,43,dir_enter,CNR,SHORT,11992,176.2000,0,gap=-27.7t thr=20.7t er=0.95 vol=2.6
160.703,43,place,CNR,SELL,5000,176.1400,0,agg
160.703,43,place,RY,BUY,2600,103.0500,-600,quote
160.703,43,place,RY,SELL,1200,103.1000,-600,quote
161.201,43,fill,CNR,SELL,5000,176.1950,-5000,mode=dir
161.615,43,fill,RY,SELL,1200,103.0850,-1800,mode=mm
161.616,43,fill,AC,SELL,900,28.1350,-2400,mode=mm
161.685,44,place,RY,BUY,1800,103.0800,-1800,quote
161.685,44,place,RY,SELL,800,103.1100,-1800,quote
161.685,44,place,AC,SELL,600,28.1800,-2400,quote
161.826,44,place,CNR,SELL,1700,176.0400,-5000,agg
162.020,44,place,CNR,SELL,400,176.0400,-5000,agg
162.020,44,place,AC,BUY,1900,28.1400,-2400,quote
162.020,44,place,AC,SELL,100,28.1900,-2400,quote
162.336,44,fill,CNR,SELL,1700,176.1000,-6700,mode=dir
162.337,44,fill,RY,SELL,800,103.0950,-2600,mode=mm
162.509,44,fill,CNR,SELL,400,176.0900,-7100,mode=dir
162.627,44,fill,RY,BUY,1800,103.1150,-800,mode=mm
162.714,44,place,RY,BUY,1600,103.0700,-800,quote
162.714,44,place,RY,SELL,1100,103.1100,-800,quote
162.967,44,place,AC,BUY,300,28.1600,-2400,quote
163.380,44,fill,RY,BUY,500,103.0850,-300,mode=mm
163.429,45,regime,AC,,,,,"TREND -> chop (er=0.24, net -7t over 10s)"
163.430,45,stop,RY,BUY,300,103.1600,-300,loss=5.6t stop=5.0t trend_against=False
163.432,45,place,CNR,SELL,600,175.9900,-7100,agg
163.432,45,place,RY,BUY,300,103.1600,-300,agg
163.578,45,stop,AC,BUY,2400,28.3300,-2400,loss=13.0t stop=7.0t trend_against=False
163.578,45,place,CNR,SELL,4400,175.9900,-7100,agg
163.578,45,place,AC,BUY,2400,28.3300,-2400,agg
163.877,45,fill,CNR,SELL,600,176.0500,-7700,mode=dir
163.877,45,fill,RY,BUY,300,103.0800,0,mode=mm
163.878,45,fill,AC,BUY,2400,28.2350,0,mode=mm
164.380,45,fill,CNR,SELL,4400,176.0450,-12100,mode=dir
164.695,45,regime,AC,,,,,"chop -> TREND (er=0.65, net +22t over 10s)"
164.695,45,place,CNR,SELL,1196,175.9500,-12100,agg
164.695,45,place,RY,BUY,1500,103.0800,0,quote
164.695,45,place,AC,BUY,500,28.3500,0,quote
164.695,45,place,RY,BUY,100,100.0000,0,ladder
164.695,45,place,RY,SELL,1500,106.1900,0,ladder
164.695,45,place,RY,BUY,100,94.8500,0,ladder
164.695,45,place,RY,SELL,500,111.3400,0,ladder
164.695,45,place,AC,SELL,1500,29.0600,0,ladder
164.695,45,place,AC,SELL,900,30.4700,0,ladder
164.695,45,place,AC,SELL,400,32.4500,0,ladder
165.372,45,fill,CNR,SELL,1196,176.0150,-13296,mode=dir
165.372,45,fill,RY,BUY,1500,103.0950,1500,mode=mm
166.160,46,place,CNR,SELL,2200,175.8900,-13296,agg
166.160,46,place,RY,BUY,500,103.0300,1500,quote
166.160,46,place,RY,SELL,1500,103.1000,1500,quote
166.160,46,place,AC,BUY,1500,28.4100,0,quote
166.160,46,place,RY,SELL,1200,118.5500,1500,ladder
166.160,46,place,AC,BUY,900,27.4400,0,ladder
166.160,46,place,AC,BUY,300,26.0300,0,ladder
166.160,46,place,AC,BUY,100,24.0500,0,ladder
166.295,46,place,RY,SELL,500,103.1200,1500,quote
166.748,46,fill,CNR,SELL,2200,175.9550,-15496,mode=dir
166.749,46,fill,RY,SELL,1500,103.0750,0,mode=mm
166.950,46,fill,AC,BUY,1300,28.4450,1300,mode=mm
167.040,46,fill,RY,SELL,500,103.0850,-500,mode=mm
168.069,47,place,RY,BUY,300,103.0400,-500,quote
168.443,47,place,AC,SELL,900,29.2300,1300,ladder
168.663,47,place,AC,SELL,300,30.6500,1300,ladder
168.663,47,place,AC,SELL,100,32.6400,1300,ladder
168.841,47,place,CNR,SELL,900,175.8900,-15496,agg
168.841,47,place,RY,BUY,1500,103.0800,-500,quote
168.841,47,place,RY,SELL,400,103.1100,-500,quote
168.841,47,place,AC,BUY,100,28.4300,1300,quote
168.841,47,place,RY,BUY,2000,87.6100,-500,ladder
169.181,47,fill,CNR,SELL,900,175.9250,-16396,mode=dir
169.649,48,fill,RY,BUY,1500,103.0950,1000,mode=mm
170.635,48,place,CNR,SELL,100,175.8900,-16396,agg
170.635,48,place,RY,SELL,900,103.1000,1000,quote
170.931,48,fill,CNR,SELL,100,175.9250,-16496,mode=dir
170.932,48,fill,RY,SELL,900,103.0850,100,mode=mm
171.150,48,place,CNR,SELL,400,175.8900,-16496,agg
171.150,48,place,RY,BUY,1400,103.0800,100,quote
171.422,48,fill,CNR,SELL,400,175.9250,-16896,mode=dir
171.424,48,fill,RY,BUY,1400,103.1050,1500,mode=mm
172.738,49,regime,CNR,,,,,"TREND -> mixed (er=0.25, net -7t over 10s)"
173.043,49,regime,CNR,,,,,"mixed -> chop (er=0.22, net -6t over 10s)"
173.565,50,regime,AC,,,,,"TREND -> mixed (er=0.27, net +9t over 10s)"
173.816,50,regime,AC,,,,,"3 stop-outs in 60s -> toxic flow: half size, no stepping inside for 30s"
173.816,50,stop,AC,SELL,1300,28.1300,1300,loss=15.0t stop=5.7t trend_against=False
173.820,50,place,AC,SELL,1300,28.1300,1300,agg
174.030,50,place,CNR,SELL,800,175.9900,-16896,agg
174.030,50,place,RY,BUY,500,103.0100,1500,quote
174.030,50,place,RY,SELL,1700,103.0600,1500,quote
174.297,50,fill,CNR,SELL,800,176.0350,-17696,mode=dir
174.299,50,fill,AC,SELL,1300,28.1950,0,mode=mm
174.475,50,fill,RY,SELL,556,103.0550,944,mode=mm
174.477,50,regime,AC,,,,,"mixed -> TREND (er=0.46, net -20t over 10s)"
175.027,50,dir_exit,CNR,,-17696,176.0350,-17696,"fast trend faded (gap=-4.7t, t_slow=-0.8)"
175.027,50,regime,CNR,,,,,winning ride +16t -> entry bar x1.25
175.034,50,place,CNR,BUY,5000,176.0900,-17696,agg
175.355,50,fill,CNR,BUY,5000,176.0350,-12696,mode=cut
175.356,50,place,RY,BUY,1800,103.0500,944,quote
175.356,50,place,RY,SELL,2700,103.0900,944,quote
175.356,50,place,AC,SELL,1500,28.1500,0,quote
175.356,50,place,AC,BUY,1500,27.4900,0,ladder
175.356,50,place,AC,SELL,100,29.1900,0,ladder
175.356,50,place,AC,BUY,1500,26.0700,0,ladder
175.356,50,place,AC,SELL,100,30.6100,0,ladder
175.688,51,place,RY,BUY,1000,103.0600,944,quote
175.688,51,place,AC,BUY,700,24.0700,0,ladder
175.688,51,place,AC,SELL,700,32.5700,0,ladder
175.760,51,fill,RY,BUY,1800,103.0750,2744,mode=mm
175.762,51,stop,RY,SELL,2744,103.0000,2744,loss=5.0t stop=5.0t trend_against=False
175.768,51,place,RY,SELL,2744,103.0000,2744,agg
176.014,51,fill,RY,SELL,1744,103.0550,1000,mode=mm
176.015,51,regime,CNR,,,,,"chop -> mixed (er=0.25, net +6t over 10s)"
176.066,51,place,CNR,BUY,5000,176.0600,-12696,agg
176.308,51,regime,CNR,,,,,"mixed -> TREND (er=0.47, net +14t over 10s)"
176.665,51,fill,AC,SELL,200,28.1350,-200,mode=mm
176.842,51,fill,CNR,BUY,3925,176.0800,-8771,mode=cut
176.844,51,place,RY,SELL,2700,103.0400,1000,quote
176.844,51,place,AC,BUY,200,28.1100,-200,quote
176.844,51,place,RY,BUY,1500,99.9600,1000,ladder
176.844,51,place,RY,SELL,300,106.1500,1000,ladder
176.844,51,place,RY,BUY,1500,94.8100,1000,ladder
176.844,51,place,RY,SELL,100,111.3000,1000,ladder
176.844,51,place,RY,BUY,1200,87.6000,1000,ladder
177.262,51,fill,AC,SELL,174,28.1350,-374,mode=mm
177.264,52,stop,RY,SELL,1000,102.9500,1000,loss=5.0t stop=5.0t trend_against=False
177.265,52,place,CNR,BUY,5000,176.1600,-8771,agg
177.265,52,place,RY,SELL,1000,102.9500,1000,agg
177.396,52,place,AC,BUY,1500,28.1200,-374,quote
177.797,52,fill,CNR,BUY,5000,176.0950,-3771,mode=cut
177.798,52,fill,RY,SELL,1000,103.0100,0,mode=mm
177.800,52,fill,AC,SELL,1126,28.1350,-1500,mode=mm
177.802,52,place,AC,BUY,1700,28.1400,-1500,quote
177.802,52,place,AC,SELL,900,28.1700,-1500,quote
177.802,52,place,RY,SELL,2000,118.5000,0,ladder
177.802,52,place,AC,BUY,1500,27.3800,-1500,ladder
177.892,52,place,AC,SELL,1500,29.0700,-1500,ladder
178.014,52,place,AC,SELL,1500,30.4800,-1500,ladder
178.119,52,place,AC,BUY,900,25.9600,-1500,ladder
178.310,52,fill,AC,SELL,900,28.1550,-2400,mode=mm
178.312,52,place,CNR,BUY,3771,176.1400,-3771,agg
178.312,52,place,AC,SELL,600,28.1800,-2400,quote
178.759,52,fill,CNR,BUY,3771,176.0950,0,mode=cut
179.177,52,fill,AC,SELL,600,28.1700,-3000,mode=mm
179.182,53,regime,RY,,,,,"chop -> mixed (er=0.25, net -9t over 10s)"
179.496,53,place,RY,SELL,900,103.0300,0,quote
179.496,53,place,CNR,BUY,100,176.1300,0,quote
179.496,53,place,CNR,SELL,1500,176.1900,0,quote
179.496,53,place,AC,BUY,2000,28.1700,-3000,quote
179.496,53,place,CNR,SELL,1500,181.3700,0,ladder
179.496,53,place,CNR,SELL,1500,190.1700,0,ladder
179.496,53,place,CNR,SELL,2000,202.5000,0,ladder
179.583,53,place,AC,BUY,2000,23.9700,-3000,ladder
180.216,53,fill,CNR,BUY,100,176.1550,100,mode=mm
180.216,53,regime,RY,,,,,"mixed -> chop (er=0.23, net -8t over 10s)"
180.657,53,fill,CNR,SELL,1500,176.1450,-1400,mode=mm
180.658,53,fill,RY,SELL,900,103.0100,-900,mode=mm
180.659,53,place,CNR,BUY,1700,176.0500,-1400,quote
180.659,53,place,CNR,SELL,900,176.1600,-1400,quote
180.659,53,place,RY,BUY,1600,103.0100,-900,quote
180.659,53,place,RY,SELL,1100,103.0400,-900,quote
180.659,53,place,AC,BUY,2000,28.1900,-3000,quote
180.659,53,place,AC,SELL,500,28.2300,-3000,quote
180.659,53,place,CNR,BUY,1500,170.8200,-1400,ladder
180.659,53,place,CNR,BUY,1500,162.0100,-1400,ladder
180.659,53,place,CNR,BUY,2000,149.6800,-1400,ladder
180.659,53,place,AC,SELL,2000,32.4300,-3000,ladder
180.824,53,place,CNR,BUY,100,176.1000,-1400,quote
180.824,53,place,CNR,SELL,500,176.1300,-1400,quote
180.824,53,place,RY,BUY,500,102.9900,-900,quote
180.824,53,place,RY,SELL,100,103.0200,-900,quote
180.921,53,regime,RY,,,,,"chop -> mixed (er=0.37, net -12t over 10s)"
181.252,53,fill,CNR,BUY,1700,176.1150,300,mode=mm
181.256,53,fill,RY,BUY,1600,103.0050,700,mode=mm
181.260,53,fill,AC,SELL,500,28.2050,-3500,mode=mm
182.044,53,fill,CNR,SELL,400,176.1150,-100,mode=mm
182.045,54,place,CNR,BUY,300,176.1100,-100,quote
182.045,54,place,CNR,SELL,400,176.2600,-100,quote
182.045,54,place,RY,SELL,1600,103.0200,700,quote
182.045,54,place,AC,BUY,2000,28.2200,-3500,quote
182.045,54,place,AC,SELL,100,28.2800,-3500,quote
182.158,54,place,CNR,SELL,200,176.1500,-100,quote
182.397,54,fill,RY,SELL,1600,103.0050,-900,mode=mm
182.397,54,regime,RY,,,,,"mixed -> chop (er=0.24, net -6t over 10s)"
182.397,54,regime,AC,,,,,"TREND -> mixed (er=0.30, net -15t over 10s)"
182.400,54,stop,AC,BUY,3500,28.3200,-3500,loss=9.8t stop=7.9t trend_against=False
182.402,54,place,AC,BUY,3500,28.3200,-3500,agg
182.402,54,place,CNR,BUY,900,176.1200,-100,quote
182.402,54,place,CNR,SELL,800,176.1600,-100,quote
182.402,54,place,RY,BUY,500,102.9900,-900,quote
182.668,54,regime,CNR,,,,,"TREND -> mixed (er=0.32, net +13t over 10s)"
182.668,54,regime,AC,,,,,"mixed -> chop (er=0.19, net -10t over 10s)"
182.669,54,place,RY,BUY,100,103.0000,-900,quote
182.904,54,place,RY,SELL,100,103.0400,-900,quote
182.904,54,place,CNR,BUY,100,176.1300,-100,quote
183.120,54,fill,AC,BUY,900,28.3250,-2600,mode=mm
183.196,55,place,RY,BUY,900,103.0000,-900,quote
183.196,55,place,RY,SELL,1800,103.0600,-900,quote
183.383,55,fill,RY,SELL,100,103.0300,-1000,mode=mm
183.384,55,fill,AC,BUY,1400,28.3250,-1200,mode=mm
183.401,55,place,RY,BUY,2700,103.0100,-1000,quote
183.401,55,place,RY,SELL,1000,103.0800,-1000,quote
183.401,55,place,CNR,BUY,300,176.1300,-100,quote
183.716,55,fill,CNR,SELL,800,176.1450,-900,mode=mm
183.731,55,regime,AC,,,,,"chop -> TREND (er=0.51, net +14t over 10s)"
183.732,55,stop,AC,BUY,1200,28.3800,-1200,loss=15.8t stop=8.1t trend_against=False
183.732,55,place,AC,BUY,1200,28.3800,-1200,agg
183.732,55,place,RY,BUY,2700,103.0200,-1000,quote
183.732,55,place,RY,SELL,1700,103.0600,-1000,quote
183.732,55,place,CNR,SELL,1100,176.1600,-900,quote
183.897,55,place,CNR,BUY,1600,176.1300,-900,quote
184.110,55,fill,RY,BUY,5400,103.0350,4400,mode=mm
184.113,55,fill,AC,BUY,1200,28.3250,0,mode=mm
184.794,55,place,CNR,BUY,600,176.1400,-900,quote
184.794,55,place,CNR,SELL,100,176.1500,-900,quote
184.794,55,place,RY,SELL,5000,103.0300,4400,quote
184.794,55,place,AC,SELL,900,29.1300,0,ladder
184.794,55,place,AC,SELL,300,30.5400,0,ladder
184.924,55,place,RY,BUY,600,103.0100,4400,quote
184.924,55,place,AC,BUY,300,28.3400,0,quote
184.924,55,place,AC,SELL,200,32.5300,0,ladder
185.117,56,place,CNR,BUY,3300,176.1400,-900,quote
185.117,56,place,CNR,SELL,2200,176.1500,-900,quote
185.117,56,place,AC,BUY,100,28.3300,0,quote
185.117,56,place,AC,BUY,100,27.4400,0,ladder
185.522,56,fill,CNR,SELL,600,176.1450,-1500,mode=mm
185.683,56,fill,CNR,SELL,1600,176.1500,-3100,mode=mm
185.683,56,fill,RY,SELL,5000,103.0250,-600,mode=mm
185.689,56,place,RY,BUY,3000,103.0300,-600,quote
185.689,56,place,RY,SELL,1400,103.0500,-600,quote
185.689,56,place,CNR,BUY,4000,176.1400,-3100,quote
185.689,56,place,CNR,SELL,100,176.1600,-3100,quote
185.787,56,place,AC,BUY,900,28.3500,0,quote
185.787,56,place,AC,BUY,100,26.0400,0,ladder
185.787,56,place,AC,BUY,100,24.0600,0,ladder
186.075,56,regime,CNR,,,,,"mixed -> chop (er=0.19, net +5t over 10s)"
186.339,56,place,CNR,SELL,1000,176.1600,-3100,quote
186.339,56,place,RY,BUY,1800,103.0400,-600,quote
186.448,56,fill,RY,SELL,1400,103.0450,-2000,mode=mm
186.711,56,regime,CNR,,,,,"chop -> mixed (er=0.27, net +6t over 10s)"
186.928,56,fill,CNR,SELL,1000,176.1450,-4100,mode=mm
187.070,56,regime,CNR,,,,,"mixed -> chop (er=0.25, net +6t over 10s)"
187.071,56,place,CNR,BUY,5000,176.1600,-4100,quote
187.071,56,place,CNR,SELL,1200,176.1700,-4100,quote
187.071,56,place,RY,SELL,2500,103.0500,-2000,quote
187.071,56,place,AC,SELL,300,28.3800,0,quote
187.220,56,fill,RY,BUY,1800,103.0450,-200,mode=mm
187.221,56,place,RY,BUY,3000,103.0200,-200,quote
187.221,56,place,CNR,BUY,2500,176.1500,-4100,quote
187.221,56,place,AC,BUY,500,28.3400,0,quote
187.221,56,place,AC,SELL,300,28.3900,0,quote
187.601,56,fill,CNR,BUY,5000,176.1550,900,mode=mm
187.601,56,fill,AC,BUY,900,28.3650,900,mode=mm
187.609,57,regime,CNR,,,,,"chop -> mixed (er=0.27, net +6t over 10s)"
187.755,57,fill,RY,BUY,3000,103.0150,2800,mode=mm
187.971,57,fill,AC,BUY,500,28.3650,1400,mode=mm
188.561,57,regime,CNR,,,,,"mixed -> chop (er=0.03, net +0t over 10s)"
189.431,58,place,CNR,BUY,3700,176.1700,900,quote
189.431,58,place,CNR,SELL,5000,176.1800,900,quote
189.431,58,place,RY,BUY,1900,103.0300,2800,quote
189.431,58,place,RY,SELL,5000,103.0500,2800,quote
189.431,58,place,AC,SELL,1700,28.3500,1400,quote
189.431,58,place,CNR,SELL,1500,181.4400,900,ladder
189.431,58,place,CNR,SELL,1500,190.2500,900,ladder
189.431,58,place,CNR,SELL,2000,202.5800,900,ladder
190.007,58,fill,CNR,SELL,5000,176.1850,-4100,mode=mm
190.008,58,fill,RY,SELL,3200,103.0500,-400,mode=mm
190.016,58,stop,AC,SELL,1400,28.2400,1400,loss=5.6t stop=5.2t trend_against=False
190.020,58,place,AC,SELL,1400,28.2400,1400,agg
190.020,58,place,CNR,BUY,300,176.1800,-4100,quote
190.020,58,place,CNR,BUY,100,170.8800,-4100,ladder
190.272,58,fill,RY,BUY,100,103.0500,-300,mode=mm
190.282,58,regime,CNR,,,,,"chop -> mixed (er=0.48, net +7t over 10s)"
190.282,58,regime,AC,,,,,"TREND -> mixed (er=0.30, net +8t over 10s)"
190.447,58,fill,AC,SELL,1400,28.2850,0,mode=mm
190.825,58,regime,AC,,,,,"mixed -> chop (er=0.09, net +3t over 10s)"
191.253,59,place,AC,SELL,2500,28.2200,0,quote
191.253,59,place,CNR,BUY,4300,176.1800,-4100,quote
191.253,59,place,CNR,SELL,700,176.2000,-4100,quote
191.253,59,place,RY,BUY,600,103.0200,-300,quote
191.253,59,place,RY,SELL,1600,103.0300,-300,quote
191.253,59,place,CNR,BUY,1500,162.0800,-4100,ladder
191.253,59,place,CNR,BUY,2000,149.7400,-4100,ladder
191.253,59,place,AC,BUY,1500,27.4600,0,ladder
191.253,59,place,AC,BUY,1500,26.0400,0,ladder
191.253,59,place,AC,BUY,700,24.0600,0,ladder
191.408,59,regime,CNR,,,,,"mixed -> chop (er=0.11, net +1t over 10s)"
191.488,59,fill,RY,SELL,1600,103.0250,-1900,mode=mm
191.786,59,fill,CNR,SELL,700,176.1900,-4800,mode=mm
191.789,59,stop,CNR,BUY,4800,176.2400,-4800,loss=5.7t stop=5.0t trend_against=False
191.790,59,place,CNR,BUY,4800,176.2400,-4800,agg
192.100,59,regime,CNR,,,,,"chop -> mixed (er=0.85, net +6t over 10s)"
192.119,59,fill,CNR,BUY,4800,176.1950,0,mode=mm
192.242,59,place,CNR,BUY,600,176.2100,0,quote
192.242,59,place,RY,BUY,3000,103.0300,-1900,quote
192.242,59,place,RY,SELL,100,103.0400,-1900,quote
192.242,59,place,CNR,SELL,1500,181.4600,0,ladder
192.242,59,place,CNR,SELL,1500,190.2700,0,ladder
192.242,59,place,CNR,SELL,2000,202.6000,0,ladder
192.533,59,fill,RY,BUY,3000,103.0350,1100,mode=mm
192.720,59,regime,AC,,,,,"chop -> TREND (er=0.58, net -15t over 10s)"
193.087,59,place,CNR,BUY,1800,176.2400,0,quote
193.087,59,place,RY,BUY,400,103.0200,1100,quote
193.087,59,place,RY,SELL,5000,103.0300,1100,quote
193.087,59,place,AC,SELL,1500,28.1900,0,quote
193.087,59,place,AC,SELL,1500,29.0900,0,ladder
193.087,59,place,AC,SELL,500,30.5100,0,ladder
193.087,59,place,AC,SELL,200,32.4800,0,ladder
193.250,59,place,CNR,BUY,1500,170.9100,0,ladder
193.250,59,place,CNR,BUY,1500,162.1000,0,ladder
193.250,59,place,CNR,BUY,400,149.7600,0,ladder
193.327,59,fill,RY,SELL,5000,103.0250,-3900,mode=mm
193.755,60,regime,CNR,,,,,"mixed -> TREND (er=0.93, net +12t over 10s)"
194.443,60,place,RY,BUY,5000,103.0300,-3900,quote
194.443,60,place,RY,SELL,1300,103.0500,-3900,quote
194.443,60,place,CNR,BUY,1500,176.2600,0,quote
194.443,60,place,AC,BUY,100,28.1400,0,quote
194.443,60,place,AC,SELL,100,28.1700,0,quote
194.521,60,place,AC,BUY,100,28.1400,0,quote
194.521,60,place,AC,SELL,100,28.1700,0,quote
194.856,60,fill,RY,BUY,5000,103.0350,1100,mode=mm
194.858,60,place,RY,BUY,3400,103.0300,1100,quote
194.858,60,place,RY,SELL,5000,103.0400,1100,quote
194.858,60,place,AC,BUY,500,28.1400,0,quote
194.858,60,place,AC,SELL,500,28.1700,0,quote
195.049,60,fill,RY,BUY,3400,103.0350,4500,mode=mm
195.360,60,fill,RY,SELL,5000,103.0150,-500,mode=mm
195.752,61,place,RY,BUY,1000,103.0200,-500,quote
195.752,61,place,RY,SELL,4200,103.0300,-500,quote
195.752,61,place,AC,BUY,300,28.1400,0,quote
195.752,61,place,AC,SELL,1500,28.1800,0,quote
195.752,61,place,RY,BUY,300,99.9400,-500,ladder
195.752,61,place,RY,BUY,100,94.7900,-500,ladder
195.970,61,place,AC,BUY,100,28.1500,0,quote
195.970,61,place,RY,BUY,2000,87.5700,-500,ladder
195.970,61,place,AC,BUY,100,27.3500,0,ladder
196.193,61,fill,RY,SELL,3200,103.0200,-3700,mode=mm
196.439,61,place,RY,SELL,1400,103.0400,-3700,quote
196.439,61,place,AC,BUY,1500,28.1500,0,quote
196.439,61,place,AC,BUY,500,25.9300,0,ladder
196.439,61,place,AC,BUY,200,23.9600,0,ladder
196.533,61,place,CNR,SELL,100,176.2900,0,quote
196.598,61,place,RY,BUY,5000,103.0300,-3700,quote
196.598,61,place,RY,SELL,1400,103.0500,-3700,quote
196.842,61,fill,RY,SELL,1400,103.0350,-5100,mode=mm
197.159,61,fill,RY,BUY,5000,103.0350,-100,mode=mm
197.159,61,place,CNR,SELL,1500,176.2900,0,quote
197.159,61,place,RY,SELL,1600,103.0400,-100,quote
197.159,61,place,RY,SELL,500,106.1200,-100,ladder
197.159,61,place,RY,SELL,100,111.2700,-100,ladder
197.825,61,fill,CNR,BUY,1500,176.2750,1500,mode=mm
197.828,62,place,CNR,BUY,900,176.2500,1500,quote
197.828,62,place,RY,BUY,3000,103.0300,-100,quote
197.828,62,place,RY,SELL,500,103.0400,-100,quote
197.828,62,place,AC,BUY,900,28.1500,0,quote
198.050,62,fill,AC,SELL,1500,28.1700,-1500,mode=mm
198.118,62,place,CNR,BUY,900,176.2600,1500,quote
198.118,62,place,RY,SELL,2800,103.0400,-100,quote
198.375,62,fill,RY,SELL,2800,103.0350,-2900,mode=mm
198.704,62,place,RY,BUY,5000,103.0700,-2900,quote
198.704,62,place,RY,SELL,1900,103.1100,-2900,quote
198.704,62,place,AC,BUY,1700,28.1600,-1500,quote
198.704,62,place,AC,SELL,900,28.2100,-1500,quote
198.704,62,place,RY,SELL,100,118.4900,-2900,ladder
198.939,62,fill,RY,BUY,5000,103.0750,2100,mode=mm
199.529,63,fill,CNR,BUY,900,176.2750,2400,mode=mm
199.772,63,place,RY,SELL,5000,103.0800,2100,quote
199.772,63,place,CNR,BUY,600,176.2400,2400,quote
199.772,63,place,CNR,SELL,1900,176.2800,2400,quote
199.772,63,place,AC,SELL,900,28.1900,-1500,quote
200.024,63,place,CNR,BUY,600,176.2300,2400,quote
200.211,63,place,CNR,SELL,1900,176.2700,2400,quote
200.339,63,regime,CNR,,,,,"TREND -> mixed (er=0.58, net +7t over 10s)"
200.339,63,regime,RY,,,,,"chop -> mixed (er=0.37, net +6t over 10s)"
200.340,63,place,RY,BUY,800,103.0700,2100,quote
200.693,63,fill,CNR,BUY,1200,176.2550,3600,mode=mm
200.693,63,fill,AC,SELL,900,28.1750,-2400,mode=mm
200.693,63,regime,CNR,,,,,"mixed -> chop (er=0.19, net +3t over 10s)"
200.693,63,regime,AC,,,,,"TREND -> mixed (er=0.38, net -5t over 10s)"
201.313,63,fill,RY,BUY,800,103.0750,2900,mode=mm
201.313,64,stop,CNR,SELL,3600,176.1400,3600,loss=6.2t stop=5.0t trend_against=False
201.317,64,place,CNR,SELL,3600,176.1400,3600,agg
201.507,64,regime,RY,,,,,"mixed -> chop (er=0.20, net +3t over 10s)"
201.507,64,regime,AC,,,,,"mixed -> chop (er=0.09, net -1t over 10s)"
201.508,64,place,RY,BUY,1100,103.0500,2900,quote
201.508,64,place,RY,SELL,3900,103.0700,2900,quote
201.508,64,place,AC,BUY,1900,28.1600,-2400,quote
201.508,64,place,AC,SELL,600,28.2000,-2400,quote
201.966,64,fill,CNR,SELL,728,176.1600,2872,mode=mm
201.967,64,fill,AC,BUY,1900,28.1750,-500,mode=mm
201.969,64,place,AC,BUY,1500,28.1300,-500,quote
201.969,64,place,AC,SELL,1200,28.1700,-500,quote
202.572,64,fill,CNR,SELL,2872,176.1500,0,mode=mm
202.573,64,fill,RY,SELL,2800,103.0650,100,mode=mm
202.576,64,regime,CNR,,,,,"chop -> mixed (er=0.45, net -9t over 10s)"
202.576,64,regime,AC,,,,,"chop -> mixed (er=0.26, net -4t over 10s)"
202.623,64,place,RY,BUY,4800,103.0000,100,quote
202.623,64,place,RY,SELL,600,103.0300,100,quote
202.623,64,place,AC,BUY,500,28.1100,-500,quote
202.623,64,place,CNR,BUY,1500,170.9300,0,ladder
202.623,64,place,CNR,BUY,1500,162.1100,0,ladder
202.623,64,place,CNR,BUY,2000,149.7800,0,ladder
202.733,64,place,RY,BUY,1600,102.9900,100,quote
202.901,64,regime,CNR,,,,,"mixed -> TREND (er=0.69, net -18t over 10s)"
202.902,64,place,RY,SELL,5000,103.0200,100,quote
202.902,64,place,CNR,SELL,3000,176.0700,0,quote
202.902,64,place,AC,SELL,1200,28.1500,-500,quote
202.902,64,place,CNR,SELL,500,181.4800,0,ladder
202.902,64,place,CNR,SELL,300,190.2900,0,ladder
203.168,64,fill,RY,SELL,600,103.0200,-500,mode=mm
203.168,64,fill,AC,BUY,581,28.1350,81,mode=mm
203.196,65,place,RY,BUY,1000,103.0400,-500,quote
203.390,65,fill,RY,SELL,5000,103.0450,-5500,mode=mm
203.647,65,place,CNR,SELL,1500,176.0700,0,quote
203.647,65,place,RY,BUY,5000,103.0400,-5500,quote
203.647,65,place,RY,SELL,700,103.0700,-5500,quote
203.647,65,place,AC,BUY,400,28.1200,81,quote
203.647,65,place,CNR,SELL,200,202.5900,0,ladder
203.888,65,fill,RY,BUY,1000,103.0450,-4500,mode=mm
203.890,65,regime,AC,,,,,"mixed -> chop (er=0.17, net -2t over 10s)"
203.891,65,place,CNR,SELL,900,176.0600,0,quote
203.891,65,place,RY,BUY,1000,102.9900,-4500,quote
203.891,65,place,AC,BUY,100,28.1300,81,quote
203.891,65,place,AC,SELL,600,28.1400,81,quote
204.075,65,fill,RY,BUY,5000,103.0050,500,mode=mm
204.351,65,fill,AC,BUY,100,28.1350,181,mode=mm
204.517,65,fill,AC,BUY,200,28.1300,381,mode=mm
204.559,65,place,AC,BUY,4400,28.1100,381,quote
204.559,65,place,AC,SELL,3000,28.1300,381,quote
204.559,65,place,CNR,SELL,300,176.0300,0,quote
204.559,65,place,RY,SELL,3000,103.0300,500,quote
204.559,65,place,RY,SELL,300,106.1300,500,ladder
204.559,65,place,RY,SELL,100,111.2800,500,ladder
204.825,65,fill,RY,SELL,2329,103.0250,-1829,mode=mm
204.918,65,regime,AC,,,,,"chop -> mixed (er=0.26, net -4t over 10s)"
204.919,65,place,RY,BUY,5000,103.0200,-1829,quote
204.919,65,place,RY,SELL,100,103.0300,-1829,quote
204.919,65,place,CNR,SELL,900,176.0100,0,quote
205.290,65,fill,AC,BUY,3600,28.1200,3981,mode=mm
205.563,65,fill,RY,SELL,100,103.0600,-1929,mode=mm
205.563,65,fill,AC,BUY,800,28.1150,4781,mode=mm
206.616,66,place,RY,BUY,1800,103.0400,-1929,quote
206.616,66,place,RY,SELL,2600,103.0600,-1929,quote
206.616,66,place,CNR,SELL,1500,175.9300,0,quote
206.616,66,place,AC,BUY,600,28.0800,4781,quote
206.616,66,place,AC,SELL,4500,28.1100,4781,quote
206.616,66,place,RY,SELL,2000,118.5000,-1929,ladder
206.616,66,place,AC,SELL,1500,30.3800,4781,ladder
206.616,66,place,AC,SELL,2000,32.3500,4781,ladder
206.863,66,place,AC,BUY,1000,28.0700,4781,quote
206.863,66,place,AC,SELL,5000,28.1000,4781,quote
206.863,66,place,CNR,SELL,1500,175.9200,0,quote
206.863,66,place,RY,SELL,500,103.0500,-1929,quote
206.863,66,place,AC,SELL,300,28.9700,4781,ladder
207.014,66,fill,RY,SELL,2600,103.0450,-4529,mode=mm
207.015,66,fill,AC,SELL,1000,28.1000,3781,mode=mm
207.018,66,place,RY,BUY,300,103.0600,-4529,quote
207.567,67,fill,RY,BUY,100,103.0550,-4429,mode=mm
208.138,67,place,CNR,SELL,1500,175.8900,0,quote
208.138,67,place,RY,BUY,5000,103.0700,-4429,quote
208.138,67,place,RY,SELL,1100,103.0900,-4429,quote
208.138,67,place,AC,BUY,800,28.0800,3781,quote
208.138,67,place,AC,SELL,4200,28.1000,3781,quote
208.138,67,place,RY,SELL,500,106.1400,-4429,ladder
208.138,67,place,RY,SELL,100,111.2900,-4429,ladder
208.138,67,place,AC,BUY,1500,27.2700,3781,ladder
208.138,67,place,AC,BUY,1500,25.8700,3781,ladder
208.138,67,place,AC,BUY,400,23.9000,3781,ladder
208.443,67,place,RY,BUY,5000,103.0800,-4429,quote
208.443,67,place,RY,SELL,1100,103.1000,-4429,quote
208.443,67,place,CNR,SELL,1500,175.8800,0,quote
208.443,67,place,AC,BUY,800,28.0700,3781,quote
208.443,67,place,AC,SELL,100,28.0900,3781,quote
208.443,67,place,RY,SELL,1200,118.5100,-4429,ladder
208.627,67,place,AC,BUY,800,28.0600,3781,quote
208.627,67,place,AC,SELL,5000,28.0800,3781,quote
208.627,67,place,RY,BUY,600,103.0700,-4429,quote
208.627,67,place,RY,SELL,100,103.0900,-4429,quote
208.993,67,fill,AC,SELL,2300,28.0800,1481,mode=mm
209.105,67,fill,RY,BUY,5500,103.0800,1071,mode=mm
209.105,67,fill,AC,SELL,1100,28.0750,381,mode=mm
209.168,67,fill,AC,SELL,800,28.0750,-419,mode=mm
209.415,67,fill,AC,SELL,800,28.0750,-1219,mode=mm
210.146,68,place,CNR,SELL,1500,175.8500,0,quote
210.146,68,place,RY,BUY,3400,103.0600,1071,quote
210.146,68,place,RY,SELL,5000,103.0700,1071,quote
210.146,68,place,AC,BUY,3400,28.0600,-1219,quote
210.146,68,place,AC,SELL,1100,28.0700,-1219,quote
211.000,68,fill,RY,BUY,3400,103.0650,4471,mode=mm
211.000,68,fill,AC,BUY,1200,28.0650,-19,mode=mm
211.003,68,regime,AC,,,,,"mixed -> TREND (er=0.86, net -12t over 10s)"
211.004,68,place,RY,BUY,1100,103.0400,4471,quote
211.004,68,place,RY,SELL,5000,103.0600,4471,quote
211.351,68,fill,RY,SELL,5000,103.0600,-529,mode=mm
211.351,68,fill,AC,BUY,500,28.0650,481,mode=mm
211.525,68,fill,RY,SELL,2947,103.0600,-3476,mode=mm
211.526,68,fill,AC,BUY,600,28.0650,1081,mode=mm
211.688,69,fill,RY,SELL,2053,103.0600,-5529,mode=mm
211.993,69,regime,AC,,,,,"TREND -> mixed (er=0.78, net -7t over 10s)"
211.994,69,place,RY,BUY,1800,103.0500,-5529,quote
212.060,69,place,RY,BUY,100,103.0600,-5529,quote
212.332,69,fill,RY,BUY,207,103.0600,-5322,mode=mm
212.615,69,place,RY,BUY,5000,103.0600,-5322,quote
212.615,69,place,RY,SELL,800,103.0900,-5322,quote
212.615,69,place,AC,BUY,700,28.0600,1081,quote
212.615,69,place,AC,SELL,1900,28.0700,1081,quote
212.770,69,place,RY,BUY,5000,103.0700,-5322,quote
212.770,69,place,RY,SELL,800,103.1000,-5322,quote
213.015,69,fill,AC,SELL,1900,28.0700,-819,mode=mm
213.030,69,place,RY,BUY,1000,103.0800,-5322,quote
213.030,69,place,RY,SELL,800,103.1100,-5322,quote
213.030,69,place,AC,BUY,3200,28.0700,-819,quote
213.030,69,place,AC,SELL,400,28.0800,-819,quote
213.460,70,fill,RY,BUY,1000,103.0850,-4322,mode=mm
213.461,70,place,RY,SELL,1100,103.1000,-4322,quote
213.461,70,place,AC,SELL,200,28.0800,-819,quote
213.461,70,place,RY,SELL,1500,106.1600,-4322,ladder
213.461,70,place,RY,SELL,1500,111.3100,-4322,ladder
213.461,70,place,RY,SELL,200,118.5300,-4322,ladder
213.621,70,regime,RY,,,,,"chop -> mixed (er=0.26, net +8t over 10s)"
213.701,70,place,AC,SELL,100,28.0800,-819,quote
213.882,70,regime,RY,,,,,"mixed -> chop (er=0.24, net +7t over 10s)"
214.112,70,place,RY,BUY,1500,103.0600,-4322,quote
214.262,70,fill,RY,SELL,1100,103.0650,-5422,mode=mm
214.263,70,place,RY,BUY,5000,103.0700,-5422,quote
214.263,70,place,RY,SELL,400,103.1000,-5422,quote
214.263,70,place,AC,SELL,100,28.0800,-819,quote
214.472,70,fill,RY,BUY,5000,103.0750,-422,mode=mm
214.473,70,fill,AC,SELL,100,28.0750,-919,mode=mm
214.475,70,place,AC,BUY,3000,28.0800,-919,quote
214.475,70,place,AC,SELL,1200,28.0900,-919,quote
214.475,70,place,RY,SELL,2500,103.0700,-422,quote
214.475,70,place,RY,SELL,900,106.1600,-422,ladder
214.475,70,place,RY,SELL,100,111.3100,-422,ladder
214.475,70,place,RY,SELL,100,118.5300,-422,ladder
214.818,70,place,RY,SELL,500,103.1000,-422,quote
214.998,70,place,AC,SELL,400,28.1000,-919,quote
214.998,70,place,RY,SELL,300,103.0800,-422,quote
215.215,70,fill,RY,SELL,2500,103.0750,-2922,mode=mm
215.216,70,fill,AC,SELL,1200,28.0900,-2119,mode=mm
215.638,70,fill,CNR,SELL,1500,175.8350,-1500,mode=mm
215.639,70,fill,RY,SELL,300,103.0750,-3222,mode=mm
215.639,70,fill,AC,SELL,400,28.0900,-2519,mode=mm
215.639,71,regime,AC,,,,,"mixed -> chop (er=0.10, net -1t over 10s)"
215.640,71,place,RY,BUY,3000,103.0800,-3222,quote
215.640,71,place,RY,SELL,1700,103.1000,-3222,quote
215.640,71,place,CNR,SELL,900,175.8500,-1500,quote
215.640,71,place,AC,BUY,1000,28.1000,-2519,quote
215.640,71,place,AC,SELL,400,28.1300,-2519,quote
215.795,71,place,CNR,SELL,100,175.8600,-1500,quote
216.104,71,fill,RY,BUY,2500,103.0850,-722,mode=mm
216.105,71,place,AC,BUY,3000,28.1100,-2519,quote
216.105,71,place,AC,SELL,100,28.1400,-2519,quote
216.105,71,place,RY,SELL,2300,103.0900,-722,quote
216.378,71,fill,CNR,SELL,900,175.8350,-2400,mode=mm
216.613,71,fill,RY,SELL,2300,103.0850,-3022,mode=mm
216.693,71,regime,CNR,,,,,"TREND -> mixed (er=0.86, net -6t over 10s)"
216.956,71,regime,AC,,,,,"chop -> mixed (er=0.30, net +3t over 10s)"
217.208,71,regime,AC,,,,,"3 stop-outs in 60s -> toxic flow: half size, no stepping inside for 30s"
217.208,71,stop,AC,BUY,2519,28.2000,-2519,loss=6.5t stop=5.0t trend_against=False
217.232,71,place,AC,BUY,2519,28.2000,-2519,agg
217.377,72,place,CNR,SELL,2200,175.8700,-2400,quote
217.377,72,place,RY,BUY,5000,103.0600,-3022,quote
217.377,72,place,RY,SELL,1800,103.0800,-3022,quote
217.574,72,fill,AC,BUY,2519,28.1450,0,mode=mm
217.576,72,place,CNR,BUY,3000,175.8500,-2400,quote
217.576,72,place,AC,BUY,100,28.1300,0,quote
217.576,72,place,AC,BUY,100,27.2600,0,ladder
217.576,72,place,AC,SELL,1500,28.9500,0,ladder
217.576,72,place,AC,SELL,1500,30.3500,0,ladder
217.576,72,place,AC,SELL,1200,32.3200,0,ladder
217.740,72,place,AC,BUY,300,25.8600,0,ladder
217.963,72,regime,CNR,,,,,"mixed -> chop (er=0.23, net -1t over 10s)"
217.964,72,place,AC,BUY,2500,28.1600,0,quote
217.964,72,place,CNR,SELL,400,175.8800,-2400,quote
217.964,72,place,AC,BUY,100,23.9000,0,ladder
218.206,72,fill,CNR,SELL,2200,175.8550,-4600,mode=mm
218.257,72,regime,CNR,,,,,"chop -> mixed (er=0.44, net +6t over 10s)"
218.335,72,fill,CNR,SELL,400,175.9200,-5000,mode=mm
218.336,72,regime,CNR,,,,,"3 stop-outs in 60s -> toxic flow: half size, no stepping inside for 30s"
218.336,72,stop,CNR,BUY,5000,176.0300,-5000,loss=8.6t stop=5.0t trend_against=False
218.339,72,place,CNR,BUY,5000,176.0300,-5000,agg
218.663,72,fill,CNR,BUY,5000,175.9350,0,mode=mm
218.912,72,fill,RY,SELL,1800,103.0650,-4822,mode=mm
218.914,72,regime,AC,,,,,"mixed -> TREND (er=0.87, net +14t over 10s)"
219.136,72,fill,RY,BUY,5000,103.0650,178,mode=mm
219.184,72,regime,CNR,,,,,"mixed -> TREND (er=0.72, net +13t over 10s)"
219.398,72,place,CNR,BUY,100,175.9700,0,quote
219.398,72,place,RY,SELL,3000,103.0700,178,quote
219.398,72,place,CNR,SELL,1500,181.1700,0,ladder
219.398,72,place,CNR,SELL,1500,189.9600,0,ladder
219.398,72,place,CNR,SELL,2000,202.2700,0,ladder
219.398,72,place,RY,SELL,1500,106.1600,178,ladder
219.398,72,place,RY,SELL,300,111.3200,178,ladder
219.398,72,place,RY,SELL,100,118.5300,178,ladder
219.737,73,place,RY,BUY,4700,103.0300,178,quote
219.737,73,place,RY,SELL,5000,103.0600,178,quote
219.737,73,place,CNR,BUY,900,175.9600,0,quote
219.737,73,place,AC,BUY,1500,28.1900,0,quote
219.737,73,place,CNR,BUY,100,170.6200,0,ladder
219.964,73,place,RY,SELL,1800,103.0500,178,quote
220.059,73,place,CNR,BUY,300,176.0300,0,quote
220.059,73,place,AC,BUY,1500,28.2000,0,quote
220.395,73,fill,RY,BUY,4700,103.0400,4878,mode=mm
220.396,73,regime,RY,,,,,"chop -> mixed (er=0.31, net -4t over 10s)"
220.397,73,place,RY,BUY,500,102.9800,4878,quote
220.397,73,place,RY,SELL,5000,103.0200,4878,quote
220.397,73,place,CNR,BUY,100,176.0700,0,quote
220.397,73,place,AC,BUY,500,28.2100,0,quote
220.778,73,fill,RY,SELL,5000,103.0250,-122,mode=mm
221.119,73,place,RY,BUY,5000,103.0000,-122,quote
221.119,73,place,CNR,BUY,1500,176.0800,0,quote
221.119,73,place,AC,BUY,300,28.2200,0,quote
221.119,73,place,AC,SELL,100,28.2900,0,quote
221.119,73,place,CNR,BUY,1500,161.8900,0,ladder
221.119,73,place,CNR,BUY,700,149.5800,0,ladder
221.119,73,place,RY,BUY,900,99.9600,-122,ladder
221.119,73,place,RY,BUY,300,94.8100,-122,ladder
221.119,73,place,RY,BUY,100,87.5900,-122,ladder
221.629,74,place,CNR,BUY,1500,176.0900,0,quote
221.629,74,place,RY,SELL,2800,103.0100,-122,quote
221.629,74,place,AC,BUY,1500,28.2500,0,quote
221.629,74,place,AC,SELL,1500,28.3000,0,quote
222.086,74,fill,RY,SELL,2500,103.0050,-2622,mode=mm
222.287,74,fill,RY,BUY,4700,103.0100,2078,mode=mm
222.552,74,place,RY,BUY,2500,102.9900,2078,quote
222.552,74,place,RY,SELL,3000,103.0000,2078,quote
222.552,74,place,AC,BUY,1500,28.2600,0,quote
222.552,74,place,AC,SELL,900,28.3100,0,quote
222.552,74,place,AC,BUY,1500,27.3700,0,ladder
222.552,74,place,AC,SELL,200,32.4500,0,ladder
222.714,74,fill,AC,SELL,1153,28.2800,-1153,mode=mm
223.134,74,fill,RY,SELL,3000,102.9950,-922,mode=mm
223.314,74,place,CNR,BUY,1500,176.1100,0,quote
223.314,74,place,AC,BUY,1600,28.2700,-1153,quote
223.314,74,place,AC,SELL,1500,29.0800,-1153,ladder
223.314,74,place,AC,BUY,1500,25.9700,-1153,ladder
223.314,74,place,AC,SELL,1500,30.4900,-1153,ladder
223.462,74,place,RY,BUY,3300,103.0000,-922,quote
223.462,74,place,RY,SELL,700,103.0100,-922,quote
223.462,74,place,AC,SELL,300,28.3000,-1153,quote
223.462,74,place,AC,BUY,2000,24.0000,-1153,ladder
223.696,75,fill,RY,BUY,3300,103.0050,2378,mode=mm
224.409,75,place,RY,BUY,700,102.9700,2378,quote
224.409,75,place,RY,SELL,5000,102.9900,2378,quote
224.409,75,place,CNR,BUY,300,176.1200,0,quote
224.409,75,place,AC,SELL,300,28.3100,-1153,quote
224.537,75,place,RY,BUY,1300,102.9800,2378,quote
224.537,75,place,RY,SELL,3700,103.0000,2378,quote
224.537,75,place,AC,BUY,500,28.2800,-1153,quote
224.840,75,fill,RY,SELL,5000,102.9950,-2622,mode=mm
225.056,75,fill,RY,SELL,3700,102.9950,-6322,mode=mm
226.021,76,place,RY,BUY,5000,103.0300,-6322,quote
226.021,76,place,RY,SELL,300,103.0800,-6322,quote
226.021,76,place,CNR,BUY,1500,176.1300,0,quote
226.021,76,place,AC,BUY,300,28.2900,-1153,quote
226.219,76,fill,RY,BUY,5000,103.0350,-1322,mode=mm
226.223,76,regime,RY,,,,,"mixed -> chop (er=0.17, net -3t over 10s)"
226.224,76,regime,RY,,,,,"3 stop-outs in 60s -> toxic flow: half size, no stepping inside for 30s"
226.224,76,stop,RY,BUY,1322,103.1100,-1322,loss=5.4t stop=5.0t trend_against=False
226.229,76,place,RY,BUY,1322,103.1100,-1322,agg
226.229,76,place,AC,BUY,1600,28.2900,-1153,quote
226.229,76,place,AC,SELL,1000,28.3200,-1153,quote
226.473,76,fill,RY,BUY,1322,103.0550,0,mode=mm
226.475,76,place,RY,BUY,1500,103.0400,0,quote
226.475,76,place,RY,BUY,1500,99.9300,0,ladder
226.475,76,place,RY,SELL,1500,106.1100,0,ladder
226.475,76,place,RY,BUY,1500,94.7800,0,ladder
226.475,76,place,RY,SELL,1500,111.2600,0,ladder
226.475,76,place,RY,BUY,200,87.5700,0,ladder
226.475,76,place,RY,SELL,2000,118.4700,0,ladder
227.266,76,place,AC,SELL,300,28.3300,-1153,quote
227.377,76,fill,RY,BUY,1500,103.0500,1500,mode=mm
227.635,76,place,RY,SELL,1500,103.0700,1500,quote
227.635,76,place,AC,BUY,100,28.3000,-1153,quote
228.102,77,fill,RY,SELL,1500,103.0450,0,mode=mm
228.104,77,place,RY,BUY,1500,103.0300,0,quote
228.104,77,place,AC,BUY,100,28.3000,-1153,quote
228.369,77,place,AC,BUY,900,28.3000,-1153,quote
228.369,77,place,AC,SELL,1000,28.3300,-1153,quote
229.155,77,fill,RY,BUY,1500,103.0450,1500,mode=mm
229.157,77,place,RY,BUY,900,102.9700,1500,quote
229.157,77,place,RY,SELL,1500,103.0600,1500,quote
229.228,77,place,RY,BUY,900,103.0200,1500,quote
229.228,77,place,RY,SELL,1500,103.0500,1500,quote
229.367,78,place,CNR,SELL,1500,176.1600,0,quote
229.367,78,place,AC,BUY,1600,28.2900,-1153,quote
229.865,78,fill,CNR,BUY,1500,176.1450,1500,mode=mm
229.865,78,fill,RY,SELL,3000,103.0350,-1500,mode=mm
229.867,78,regime,CNR,,,,,"TREND -> mixed (er=0.65, net +6t over 10s)"
229.869,78,place,CNR,BUY,500,176.1200,1500,quote
229.869,78,place,AC,BUY,100,28.3000,-1153,quote
230.195,78,fill,RY,BUY,900,103.0350,-600,mode=mm
230.221,78,regime,CNR,,,,,"mixed -> chop (er=0.20, net +2t over 10s)"
230.222,78,place,CNR,BUY,900,176.0800,1500,quote
230.222,78,place,CNR,SELL,1700,176.1400,1500,quote
230.222,78,place,RY,BUY,1600,102.9500,-600,quote
230.591,78,fill,CNR,BUY,500,176.1150,2000,mode=mm
230.591,78,fill,AC,BUY,569,28.3100,-584,mode=mm
230.593,78,stop,CNR,SELL,2000,175.9900,2000,loss=7.8t stop=5.0t trend_against=False
230.593,78,place,CNR,SELL,2000,175.9900,2000,agg
231.031,78,fill,CNR,BUY,900,176.0700,2900,mode=mm
231.031,78,fill,AC,BUY,1131,28.3000,547,mode=mm
231.032,78,regime,AC,,,,,"TREND -> mixed (er=0.50, net +6t over 10s)"
231.037,78,place,CNR,SELL,900,176.0400,2900,agg
231.037,78,place,RY,BUY,2600,102.9600,-600,quote
231.037,78,place,RY,SELL,700,103.0200,-600,quote
231.037,78,place,AC,SELL,2600,28.3100,547,quote
231.742,78,fill,CNR,SELL,2000,176.1000,900,mode=mm
231.743,79,stop,AC,SELL,547,28.0600,547,loss=16.0t stop=5.3t trend_against=False
231.744,79,place,AC,SELL,547,28.0600,547,agg
232.233,79,fill,CNR,SELL,900,176.0650,0,mode=mm
232.233,79,fill,RY,SELL,700,103.0350,-1300,mode=mm
232.234,79,regime,AC,,,,,"mixed -> TREND (er=0.69, net -18t over 10s)"
232.460,79,fill,AC,SELL,547,28.0950,0,mode=mm
232.517,79,regime,CNR,,,,,"chop -> mixed (er=0.26, net -5t over 10s)"
232.768,79,place,RY,BUY,2800,102.9600,-1300,quote
232.768,79,place,RY,SELL,1600,103.0400,-1300,quote
232.768,79,place,CNR,SELL,1500,176.0700,0,quote
232.768,79,place,AC,SELL,1500,28.1200,0,quote
232.768,79,place,CNR,BUY,1500,170.8100,0,ladder
232.768,79,place,CNR,SELL,1500,181.3800,0,ladder
232.768,79,place,CNR,BUY,1500,162.0100,0,ladder
232.768,79,place,CNR,SELL,900,190.1800,0,ladder
232.768,79,place,CNR,BUY,2000,149.6800,0,ladder
232.768,79,place,AC,BUY,1500,27.3800,0,ladder
232.768,79,place,AC,BUY,900,25.9600,0,ladder
232.768,79,place,AC,BUY,400,23.9900,0,ladder
233.008,79,place,RY,BUY,900,102.9800,-1300,quote
233.278,79,fill,AC,SELL,537,28.1000,-537,mode=mm
233.279,79,place,RY,BUY,1700,103.0000,-1300,quote
233.279,79,place,RY,SELL,900,103.0300,-1300,quote
233.279,79,place,AC,BUY,500,28.0700,-537,quote
233.279,79,place,AC,SELL,1200,28.1100,-537,quote
233.279,79,place,CNR,SELL,100,202.5000,0,ladder
233.546,80,place,RY,SELL,300,103.0100,-1300,quote
233.546,80,place,AC,BUY,500,28.0800,-537,quote
233.596,80,place,RY,BUY,1700,102.9800,-1300,quote
233.596,80,place,AC,SELL,1500,29.0400,-537,ladder
233.596,80,place,AC,SELL,1500,30.4500,-537,ladder
233.596,80,place,AC,SELL,1200,32.4200,-537,ladder
233.789,80,fill,RY,BUY,1700,102.9950,400,mode=mm
233.989,80,fill,RY,BUY,1700,103.0000,2100,mode=mm
234.232,80,place,RY,BUY,400,102.9500,2100,quote
234.232,80,place,RY,SELL,3000,103.0000,2100,quote
234.232,80,place,CNR,BUY,100,176.0400,0,quote
234.383,80,place,AC,BUY,500,28.0800,-537,quote
234.586,80,place,CNR,BUY,1500,176.0400,0,quote
234.586,80,place,RY,BUY,700,102.9700,2100,quote
235.002,80,fill,AC,SELL,1200,28.0950,-1737,mode=mm
235.245,80,fill,AC,BUY,500,28.1000,-1237,mode=mm
235.246,80,place,AC,BUY,1200,28.0800,-1237,quote
235.246,80,place,AC,SELL,100,28.1300,-1237,quote
235.712,80,fill,CNR,BUY,1500,176.0550,1500,mode=mm
235.713,80,fill,RY,SELL,3000,102.9850,-900,mode=mm
235.852,80,fill,AC,SELL,100,28.1100,-1337,mode=mm
236.405,81,place,CNR,BUY,500,176.0200,1500,quote
236.405,81,place,CNR,SELL,1700,176.0500,1500,quote
236.405,81,place,RY,BUY,1600,102.9900,-900,quote
236.405,81,place,RY,SELL,100,103.0200,-900,quote
236.405,81,place,AC,BUY,1700,28.0800,-1337,quote
236.405,81,place,AC,SELL,100,28.1400,-1337,quote
236.838,81,fill,RY,BUY,1600,103.0050,700,mode=mm
236.840,81,place,RY,BUY,1900,102.9800,700,quote
236.840,81,place,RY,SELL,2600,103.0200,700,quote
236.840,81,place,AC,BUY,1700,28.1100,-1337,quote
236.840,81,place,AC,SELL,900,28.1400,-1337,quote
236.979,81,fill,AC,SELL,1000,28.1250,-2337,mode=mm
236.994,81,place,AC,BUY,1800,28.1300,-2337,quote
236.994,81,place,AC,SELL,600,28.1800,-2337,quote
237.364,81,fill,RY,BUY,1900,103.0050,2600,mode=mm
237.367,81,fill,AC,BUY,914,28.1450,-1423,mode=mm
237.367,82,stop,AC,BUY,1423,28.3300,-1423,loss=17.5t stop=5.9t trend_against=False
237.368,82,place,AC,BUY,1423,28.3300,-1423,agg
237.617,82,fill,RY,SELL,2600,103.0000,0,mode=mm
237.619,82,fill,AC,BUY,823,28.2150,-600,mode=mm
237.619,82,regime,AC,,,,,"TREND -> chop (er=0.10, net -4t over 10s)"
238.091,82,place,RY,BUY,1500,102.9800,0,quote
238.091,82,place,RY,SELL,1500,103.0100,0,quote
238.580,82,stop,AC,BUY,600,28.3700,-600,loss=14.8t stop=8.3t trend_against=False
238.581,82,place,AC,BUY,600,28.3700,-600,agg
238.618,82,fill,CNR,BUY,500,176.0350,2000,mode=mm
238.618,82,fill,RY,BUY,1500,102.9950,1500,mode=mm
238.638,82,place,RY,BUY,1500,102.9600,1500,quote
238.638,82,place,CNR,BUY,1200,176.0100,2000,quote
238.832,82,fill,AC,BUY,600,28.3050,0,mode=mm
238.835,82,place,RY,SELL,2900,103.0000,1500,quote
238.835,82,place,CNR,SELL,1800,176.0400,2000,quote
238.835,82,place,AC,BUY,900,28.2900,0,quote
238.835,82,place,AC,BUY,500,27.3500,0,ladder
238.835,82,place,AC,SELL,1500,29.0400,0,ladder
238.835,82,place,AC,SELL,1500,30.4500,0,ladder
238.835,82,place,AC,SELL,700,32.4200,0,ladder
238.938,82,place,AC,BUY,1500,25.9400,0,ladder
238.938,82,place,AC,BUY,200,23.9700,0,ladder
239.126,82,fill,RY,SELL,4400,102.9800,-2900,mode=mm
240.383,83,place,RY,BUY,1900,102.9700,-2900,quote
240.383,83,place,RY,SELL,500,103.0100,-2900,quote
240.681,83,place,AC,BUY,600,28.1800,0,quote
240.929,83,fill,AC,BUY,600,28.1300,600,mode=mm
240.930,83,regime,AC,,,,,"chop -> mixed (er=0.26, net -15t over 10s)"
241.194,83,fill,CNR,SELL,1420,176.0250,580,mode=mm
241.296,83,regime,AC,,,,,"mixed -> chop (er=0.10, net -5t over 10s)"
241.296,83,place,AC,BUY,700,28.0600,600,quote
241.296,83,place,AC,SELL,600,28.1700,600,quote
241.296,83,place,CNR,SELL,1500,176.0400,580,quote
241.296,83,place,RY,BUY,1900,102.9800,-2900,quote
241.296,83,place,RY,SELL,300,103.0200,-2900,quote
241.760,83,fill,CNR,SELL,380,176.0250,200,mode=mm
241.868,84,place,CNR,SELL,2500,176.0500,200,quote
241.868,84,place,AC,BUY,2000,28.0900,600,quote
241.868,84,place,AC,SELL,2600,28.1500,600,quote
241.960,84,fill,RY,BUY,1900,102.9950,-1000,mode=mm
241.965,84,place,AC,BUY,2000,28.0500,600,quote
241.965,84,place,AC,SELL,1500,28.1400,600,quote
241.965,84,place,RY,BUY,900,102.9600,-1000,quote
241.965,84,place,RY,SELL,600,103.0100,-1000,quote
242.308,84,fill,RY,SELL,134,102.9850,-1134,mode=mm
242.308,84,fill,AC,BUY,2000,28.1100,2600,mode=mm
242.647,84,fill,CNR,BUY,1200,176.0250,1400,mode=mm
242.648,84,fill,AC,BUY,800,28.1100,3400,mode=mm
243.047,84,fill,CNR,SELL,1500,176.0250,-100,mode=mm
243.048,84,fill,RY,SELL,600,102.9850,-1734,mode=mm
243.048,84,fill,AC,BUY,1200,28.0700,4600,mode=mm
244.121,85,place,CNR,BUY,1500,176.0200,-100,quote
244.121,85,place,CNR,SELL,1400,176.0500,-100,quote
244.121,85,place,RY,BUY,1700,102.9600,-1734,quote
244.121,85,place,RY,SELL,800,102.9900,-1734,quote
244.121,85,place,AC,BUY,300,28.0300,4600,quote
244.121,85,place,AC,SELL,2200,28.0700,4600,quote
244.361,85,place,RY,BUY,1700,102.9700,-1734,quote
244.361,85,place,RY,SELL,800,103.0000,-1734,quote
244.361,85,place,AC,BUY,300,28.0400,4600,quote
244.525,85,fill,RY,SELL,800,102.9850,-2534,mode=mm
244.563,85,place,RY,SELL,1000,103.0300,-2534,quote
244.851,85,fill,CNR,BUY,1500,176.0350,1400,mode=mm
245.052,85,fill,AC,SELL,1349,28.0650,3251,mode=mm
245.053,85,place,CNR,BUY,900,176.0200,1400,quote
245.053,85,place,RY,SELL,300,103.0100,-2534,quote
245.053,85,place,AC,SELL,1200,28.0800,3251,quote
245.053,85,place,AC,BUY,100,27.2700,3251,ladder
245.291,85,fill,AC,SELL,851,28.0650,2400,mode=mm
245.867,86,regime,CNR,,,,,"mixed -> chop (er=0.00, net +0t over 10s)"
245.868,86,place,AC,BUY,1500,25.8600,2400,ladder
245.868,86,place,AC,BUY,1200,23.8900,2400,ladder
245.913,86,place,RY,SELL,600,103.0300,-2534,quote
246.221,86,place,RY,SELL,600,103.0100,-2534,quote
246.470,86,place,RY,SELL,600,103.0300,-2534,quote
246.784,86,fill,RY,BUY,1700,102.9950,-834,mode=mm
246.785,86,place,RY,BUY,2700,102.9700,-834,quote
246.785,86,place,RY,SELL,1800,103.0100,-834,quote
247.116,86,regime,AC,,,,,"chop -> TREND (er=0.70, net -21t over 10s)"
247.117,86,place,RY,BUY,1600,102.9800,-834,quote
247.400,86,fill,RY,BUY,2700,102.9950,1866,mode=mm
247.867,87,place,RY,BUY,700,102.9700,1866,quote
247.867,87,place,RY,SELL,3000,103.0200,1866,quote
248.051,87,place,RY,SELL,1800,103.0000,1866,quote
248.365,87,place,RY,SELL,600,103.0100,1866,quote
248.365,87,place,AC,SELL,1500,28.9200,2400,ladder
248.365,87,place,AC,SELL,1200,32.2900,2400,ladder
248.652,87,fill,RY,SELL,1800,102.9900,66,mode=mm
248.652,87,regime,CNR,,,,,"chop -> mixed (er=0.50, net +1t over 10s)"
248.898,87,place,RY,BUY,2400,102.9700,66,quote
248.898,87,place,RY,SELL,100,103.0100,66,quote
249.038,87,place,AC,SELL,300,30.3200,2400,ladder
249.304,88,place,RY,BUY,2400,102.9800,66,quote
249.628,88,place,RY,SELL,2500,103.0200,66,quote
249.822,88,place,RY,BUY,1400,102.9900,66,quote
249.980,88,regime,CNR,,,,,"mixed -> chop (er=0.00, net +0t over 10s)"
249.980,88,regime,AC,,,,,"TREND -> mixed (er=0.87, net -7t over 10s)"
249.980,88,place,RY,SELL,2500,103.0300,66,quote
250.132,88,fill,RY,SELL,2500,103.0100,-2434,mode=mm
250.134,88,place,CNR,BUY,3100,176.0100,1400,quote
250.134,88,place,CNR,SELL,5000,176.0200,1400,quote
250.134,88,place,AC,BUY,100,28.0300,2400,quote
250.134,88,place,CNR,SELL,900,181.3100,1400,ladder
250.246,88,place,AC,SELL,1800,28.0600,2400,quote
250.498,88,fill,RY,BUY,1400,103.0050,-1034,mode=mm
250.501,88,regime,CNR,,,,,"chop -> mixed (er=0.25, net -1t over 10s)"
250.502,88,place,RY,BUY,2700,102.9700,-1034,quote
250.502,88,place,RY,SELL,1700,103.0200,-1034,quote
250.502,88,place,AC,BUY,200,28.0400,2400,quote
250.502,88,place,CNR,BUY,100,170.7500,1400,ladder
250.502,88,place,CNR,SELL,100,190.1100,1400,ladder
251.166,88,fill,CNR,BUY,1500,176.0150,2900,mode=mm
251.169,88,fill,AC,SELL,1800,28.0550,600,mode=mm
251.225,88,fill,RY,BUY,2700,102.9700,1666,mode=mm
251.229,88,place,CNR,BUY,1100,176.0000,2900,quote
251.229,88,place,RY,SELL,1700,103.0000,1666,quote
251.229,88,place,AC,BUY,2400,28.0500,600,quote
251.229,88,place,CNR,BUY,300,161.9500,2900,ladder
251.229,88,place,CNR,BUY,100,149.6200,2900,ladder
251.229,88,place,CNR,SELL,2000,202.4300,2900,ladder
251.838,89,place,CNR,BUY,300,175.9900,2900,quote
251.838,89,place,CNR,SELL,2300,176.0100,2900,quote
251.991,89,place,AC,SELL,600,28.0600,600,quote
252.133,89,place,CNR,BUY,1100,175.9900,2900,quote
252.133,89,place,AC,SELL,3200,28.0600,600,quote
252.357,89,place,RY,BUY,200,102.9700,1666,quote
252.755,89,fill,RY,BUY,200,102.9850,1866,mode=mm
253.016,89,place,CNR,BUY,1100,175.9800,2900,quote
253.016,89,place,CNR,SELL,1300,176.0000,2900,quote
253.016,89,place,RY,BUY,200,102.9600,1866,quote
253.016,89,place,RY,SELL,1800,102.9900,1866,quote
253.269,89,fill,AC,BUY,2400,28.0550,3000,mode=mm
253.280,89,place,CNR,BUY,600,175.9700,2900,quote
253.280,89,place,CNR,SELL,3000,175.9900,2900,quote
253.280,89,place,RY,BUY,100,102.9500,1866,quote
253.586,89,fill,RY,SELL,1800,102.9700,66,mode=mm
254.062,90,place,RY,BUY,2400,102.9500,66,quote
254.062,90,place,RY,SELL,1500,102.9900,66,quote
254.235,90,place,CNR,BUY,1100,175.9600,2900,quote
254.235,90,place,CNR,SELL,3900,175.9800,2900,quote
254.235,90,place,RY,BUY,1400,102.9600,66,quote
254.235,90,place,AC,BUY,600,28.0400,3000,quote
254.601,90,fill,CNR,BUY,600,175.9750,3500,mode=mm
254.602,90,place,CNR,BUY,900,175.9400,3500,quote
254.602,90,place,CNR,SELL,800,175.9700,3500,quote
254.775,90,fill,RY,SELL,1500,102.9750,-1434,mode=mm
254.778,90,place,AC,BUY,300,28.0300,3000,quote
254.778,90,place,AC,SELL,3000,28.0500,3000,quote
254.778,90,place,RY,SELL,100,102.9900,-1434,quote
255.512,90,fill,CNR,BUY,1100,175.9650,4600,mode=mm
255.512,90,fill,RY,BUY,1400,102.9750,-34,mode=mm
255.578,91,stop,CNR,SELL,4600,175.8900,4600,loss=5.5t stop=5.0t trend_against=False
255.579,91,place,CNR,SELL,4600,175.8900,4600,agg
255.833,91,fill,CNR,BUY,900,175.9450,5500,mode=mm
255.833,91,fill,RY,SELL,100,102.9850,-134,mode=mm
255.839,91,place,AC,BUY,1000,28.0100,3000,quote
255.839,91,place,AC,SELL,1800,28.0400,3000,quote
255.839,91,place,CNR,SELL,900,175.9500,5500,quote
255.839,91,place,RY,BUY,300,102.9700,-134,quote
255.839,91,place,RY,SELL,1400,103.0800,-134,quote
255.839,91,place,CNR,SELL,300,181.2600,5500,ladder
256.067,91,fill,CNR,SELL,4600,175.9450,900,mode=mm
256.343,91,place,RY,BUY,3000,103.0000,-134,quote
256.343,91,place,RY,SELL,500,103.0100,-134,quote
256.343,91,place,AC,SELL,1800,28.0300,3000,quote
256.604,91,fill,RY,BUY,300,103.0050,166,mode=mm
256.604,91,regime,CNR,,,,,"mixed -> TREND (er=1.00, net -12t over 10s)"
256.605,91,place,AC,BUY,600,28.0000,3000,quote
256.646,91,regime,CNR,,,,,"3 stop-outs in 60s -> toxic flow: half size, no stepping inside for 30s"
256.646,91,stop,CNR,SELL,900,175.8600,900,loss=6.6t stop=5.0t trend_against=False
256.650,91,place,CNR,SELL,900,175.8600,900,agg
256.829,91,fill,RY,BUY,3000,103.0050,3166,mode=mm
257.512,91,fill,CNR,SELL,900,175.9100,0,mode=mm
257.855,92,place,CNR,SELL,900,175.9100,0,quote
257.855,92,place,RY,SELL,5000,103.0000,3166,quote
257.855,92,place,AC,SELL,4000,28.0100,3000,quote
257.855,92,place,CNR,BUY,1500,170.6700,0,ladder
257.855,92,place,CNR,BUY,1500,161.8700,0,ladder
257.855,92,place,CNR,BUY,2000,149.5600,0,ladder
257.938,92,place,RY,BUY,1000,102.9800,3166,quote
258.324,92,fill,RY,SELL,900,102.9950,2266,mode=mm
258.335,92,regime,AC,,,,,"3 stop-outs in 60s -> toxic flow: half size, no stepping inside for 30s"
258.335,92,stop,AC,SELL,3000,27.9500,3000,loss=5.7t stop=5.0t trend_against=False
258.344,92,place,AC,SELL,3000,27.9500,3000,agg
258.609,92,fill,RY,SELL,4100,102.9900,-1834,mode=mm
258.826,92,fill,RY,BUY,1000,102.9950,-834,mode=mm
258.828,92,fill,AC,SELL,3000,27.9950,0,mode=mm
259.969,92,place,CNR,SELL,1500,175.9000,0,quote
259.969,92,place,RY,BUY,5000,102.9800,-834,quote
259.969,92,place,RY,SELL,3700,102.9900,-834,quote
259.969,92,place,AC,SELL,1500,28.0000,0,quote
259.969,92,place,CNR,SELL,1500,181.1900,0,ladder
259.969,92,place,CNR,SELL,1500,189.9900,0,ladder
259.969,92,place,CNR,SELL,2000,202.3000,0,ladder
259.969,92,place,AC,BUY,1500,27.1700,0,ladder
259.969,92,place,AC,SELL,1500,28.8500,0,ladder
259.969,92,place,AC,BUY,1500,25.7700,0,ladder
259.969,92,place,AC,SELL,300,30.2500,0,ladder
259.969,92,place,AC,BUY,2000,23.8100,0,ladder
260.387,92,fill,RY,SELL,2900,102.9850,-3734,mode=mm
260.729,93,fill,RY,SELL,800,102.9900,-4534,mode=mm
262.042,94,place,RY,BUY,5000,103.0100,-4534,quote
262.042,94,place,RY,SELL,1100,103.0300,-4534,quote
262.042,94,place,CNR,SELL,1500,175.8300,0,quote
262.042,94,place,AC,BUY,900,27.9700,0,quote
262.042,94,place,AC,SELL,2000,32.2000,0,ladder
262.173,94,place,RY,BUY,5000,103.0000,-4534,quote
262.173,94,place,RY,SELL,1100,103.0200,-4534,quote
262.504,94,fill,RY,BUY,5000,103.0050,466,mode=mm
263.161,94,regime,RY,,,,,"chop -> mixed (er=0.33, net +6t over 10s)"
263.634,94,fill,AC,SELL,1500,27.9850,-1500,mode=mm
263.635,94,place,RY,BUY,900,103.0300,466,quote
263.635,94,place,RY,SELL,3100,103.0400,466,quote
263.635,94,place,AC,SELL,300,28.0000,-1500,quote
263.635,94,place,RY,SELL,1500,106.0900,466,ladder
263.635,94,place,RY,SELL,1500,111.2400,466,ladder
263.635,94,place,RY,SELL,2000,118.4500,466,ladder
264.186,95,fill,RY,SELL,3100,103.0350,-2634,mode=mm
264.862,95,place,RY,BUY,3800,103.0500,-2634,quote
264.862,95,place,RY,SELL,400,103.0700,-2634,quote
265.033,95,place,RY,BUY,5000,103.0400,-2634,quote
265.492,95,fill,RY,BUY,3800,103.0400,1166,mode=mm
265.672,95,fill,RY,BUY,5000,103.0400,6166,mode=mm
265.689,96,place,RY,SELL,600,103.0500,6166,quote
265.818,96,regime,RY,,,,,"mixed -> chop (er=0.18, net +3t over 10s)"
265.977,96,place,RY,SELL,100,103.0500,6166,quote
266.147,96,regime,RY,,,,,"chop -> mixed (er=0.27, net +4t over 10s)"
266.522,96,regime,RY,,,,,"mixed -> chop (er=0.19, net +3t over 10s)"
267.014,96,place,RY,SELL,300,103.0500,6166,quote
267.149,96,regime,RY,,,,,"chop -> mixed (er=0.31, net +5t over 10s)"
267.228,96,place,RY,SELL,600,103.0500,6166,quote
267.523,96,fill,RY,SELL,300,103.0450,5866,mode=mm
267.524,97,place,AC,BUY,2900,27.9700,-1500,quote
267.524,97,place,AC,SELL,1500,28.0100,-1500,quote
267.524,97,place,RY,SELL,4900,103.0700,5866,quote
267.776,97,fill,RY,SELL,600,103.0650,5266,mode=mm
267.777,97,place,CNR,SELL,1500,175.8400,0,quote
267.777,97,place,RY,BUY,500,103.0400,5266,quote
267.777,97,place,AC,BUY,1700,27.9800,-1500,quote
268.096,97,fill,RY,BUY,500,103.0650,5766,mode=mm
268.096,97,regime,CNR,,,,,"TREND -> mixed (er=0.57, net -6t over 10s)"
268.096,97,regime,RY,,,,,"mixed -> chop (er=0.06, net -2t over 10s)"
268.096,97,regime,AC,,,,,"mixed -> chop (er=0.00, net +0t over 10s)"
268.097,97,stop,RY,SELL,5000,102.9000,5766,loss=9.2t stop=5.3t trend_against=False
268.099,97,place,RY,SELL,5000,102.9000,5766,agg
268.591,97,fill,CNR,SELL,1500,175.8300,-1500,mode=mm
268.595,97,fill,AC,SELL,500,28.0000,-2000,mode=mm
268.851,97,fill,RY,SELL,5000,102.9750,766,mode=mm
268.852,97,regime,AC,,,,,"chop -> mixed (er=0.50, net +1t over 10s)"
269.255,97,regime,CNR,,,,,"mixed -> chop (er=0.12, net +2t over 10s)"
269.256,97,stop,RY,SELL,766,102.9300,766,loss=9.2t stop=5.0t trend_against=False
269.256,97,place,RY,SELL,766,102.9300,766,agg
269.637,98,stop,CNR,BUY,1500,175.9500,-1500,loss=6.0t stop=5.0t trend_against=False
269.638,98,place,CNR,BUY,1500,175.9500,-1500,agg
269.638,98,place,AC,BUY,1800,28.0000,-2000,quote
269.638,98,place,AC,SELL,700,28.0300,-2000,quote
269.875,98,fill,RY,SELL,766,102.9700,0,mode=mm
269.877,98,place,RY,SELL,3000,102.9800,0,quote
269.877,98,place,RY,BUY,1500,99.9200,0,ladder
269.877,98,place,RY,SELL,900,106.1000,0,ladder
269.877,98,place,RY,BUY,1500,94.7700,0,ladder
269.877,98,place,RY,SELL,500,111.2500,0,ladder
269.877,98,place,RY,BUY,2000,87.5600,0,ladder
270.110,98,fill,CNR,BUY,428,175.9250,-1072,mode=mm
270.125,98,regime,CNR,,,,,"chop -> mixed (er=0.52, net +11t over 10s)"
270.127,98,place,RY,SELL,300,102.9700,0,quote
270.127,98,place,RY,SELL,200,118.4500,0,ladder
270.570,98,regime,CNR,,,,,"mixed -> TREND (er=0.58, net +14t over 10s)"
270.805,98,fill,RY,SELL,300,102.9550,-300,mode=mm
270.813,98,stop,CNR,BUY,1072,176.0600,-1072,loss=13.0t stop=6.0t trend_against=False
270.814,98,place,CNR,BUY,1072,176.0600,-1072,agg
270.968,98,place,RY,BUY,300,102.9500,-300,quote
270.968,98,place,RY,SELL,4500,102.9600,-300,quote
271.655,98,fill,CNR,BUY,1072,176.0000,0,mode=mm
271.655,98,fill,AC,SELL,700,28.0150,-2700,mode=mm
271.656,99,place,CNR,BUY,1500,176.0100,0,quote
271.656,99,place,AC,SELL,600,28.0400,-2700,quote
271.656,99,place,CNR,BUY,900,170.6400,0,ladder
271.656,99,place,CNR,SELL,1500,181.2000,0,ladder
271.656,99,place,CNR,SELL,1500,190.0000,0,ladder
271.656,99,place,CNR,SELL,1200,202.3100,0,ladder
271.971,99,place,CNR,BUY,1500,176.0700,0,quote
271.971,99,place,CNR,BUY,1500,161.8600,0,ladder
271.971,99,place,CNR,BUY,1200,149.5500,0,ladder
272.174,99,fill,RY,SELL,4500,102.9550,-4800,mode=mm
272.175,99,regime,RY,,,,,"3 stop-outs in 60s -> toxic flow: half size, no stepping inside for 30s"
272.175,99,stop,RY,BUY,4800,103.1300,-4800,loss=8.9t stop=6.1t trend_against=False
272.181,99,place,RY,BUY,4800,103.1300,-4800,agg
272.647,99,fill,RY,BUY,4800,103.0450,0,mode=mm
273.742,100,place,AC,SELL,1000,28.0500,-2700,quote
273.742,100,place,CNR,BUY,1500,176.1400,0,quote
273.742,100,place,RY,BUY,1500,103.0300,0,quote
273.742,100,place,RY,BUY,1500,99.9200,0,ladder
273.742,100,place,RY,SELL,1500,106.1000,0,ladder
273.742,100,place,RY,BUY,1500,94.7700,0,ladder
273.742,100,place,RY,SELL,1500,111.2500,0,ladder
273.742,100,place,RY,BUY,700,87.5600,0,ladder
273.742,100,place,RY,SELL,2000,118.4600,0,ladder
273.886,100,fill,AC,BUY,400,28.0200,-2300,mode=mm
273.889,100,place,AC,SELL,300,28.0400,-2300,quote
274.177,100,fill,AC,BUY,258,28.0150,-2042,mode=mm
274.178,100,place,RY,BUY,300,103.0400,0,quote
274.178,100,place,AC,SELL,100,28.0300,-2042,quote
274.509,100,dir_enter,CNR,LONG,12027,176.1550,0,gap=16.6t thr=15.1t er=0.94 vol=1.9
274.510,100,place,CNR,BUY,600,176.2000,0,agg
275.230,100,fill,CNR,BUY,600,176.1550,600,mode=dir
275.232,100,fill,RY,BUY,300,103.0450,300,mode=mm
275.233,100,place,CNR,BUY,4400,176.2300,600,agg
275.233,100,place,RY,BUY,400,103.0200,300,quote
275.233,100,place,RY,SELL,300,103.0600,300,quote
275.233,100,place,AC,SELL,100,28.0300,-2042,quote
275.456,100,place,RY,BUY,1300,102.9700,300,quote
275.456,100,place,RY,SELL,300,103.0500,300,quote
275.803,100,fill,CNR,BUY,4400,176.1750,5000,mode=dir
275.804,100,fill,RY,BUY,400,103.0150,700,mode=mm
276.254,101,place,CNR,BUY,900,176.2300,5000,agg
276.254,101,place,RY,BUY,100,103.0500,700,quote
276.254,101,place,RY,SELL,900,103.1000,700,quote
276.254,101,place,AC,SELL,100,28.0300,-2042,quote
276.528,101,place,CNR,BUY,100,176.2300,5000,agg
276.528,101,place,RY,SELL,300,103.0700,700,quote
276.802,101,fill,CNR,BUY,900,176.1850,5900,mode=dir
276.804,101,fill,RY,BUY,100,103.0500,800,mode=mm
277.030,101,fill,CNR,BUY,100,176.1850,6000,mode=dir
277.030,101,fill,RY,SELL,300,103.0450,500,mode=mm
277.030,101,fill,AC,BUY,1142,28.0150,-900,mode=mm
277.218,101,place,CNR,BUY,100,176.2300,6000,agg
277.218,101,place,AC,BUY,100,27.9900,-900,quote
277.218,101,place,AC,SELL,1000,28.0300,-900,quote
277.448,101,place,AC,SELL,100,28.0200,-900,quote
277.498,101,fill,CNR,BUY,100,176.1900,6100,mode=dir
277.947,102,place,CNR,BUY,2900,176.2400,6100,agg
277.947,102,place,RY,BUY,2100,103.0400,500,quote
277.947,102,place,RY,SELL,1500,103.0800,500,quote
277.947,102,place,AC,BUY,1600,27.9900,-900,quote
278.290,102,regime,RY,,,,,"chop -> mixed (er=0.26, net +9t over 10s)"
278.290,102,regime,AC,,,,,"mixed -> chop (er=0.20, net +1t over 10s)"
278.669,102,fill,CNR,BUY,2900,176.1950,9000,mode=dir
278.669,102,fill,RY,BUY,2100,103.0600,2600,mode=mm
279.019,102,regime,RY,,,,,"mixed -> chop (er=0.05, net +2t over 10s)"
279.586,102,regime,AC,,,,,"chop -> mixed (er=1.00, net -1t over 10s)"
280.788,103,place,CNR,BUY,2200,176.2800,9000,agg
280.788,103,place,RY,SELL,1900,103.0500,2600,quote
280.788,103,place,AC,SELL,600,28.0200,-900,quote
281.303,103,fill,AC,BUY,700,28.0050,-200,mode=mm
281.619,103,fill,CNR,BUY,2200,176.2500,11200,mode=dir
281.619,103,fill,AC,BUY,900,27.9950,700,mode=mm
281.620,103,stop,RY,SELL,2600,102.9200,2600,loss=8.8t stop=5.7t trend_against=False
281.621,103,place,RY,SELL,2600,102.9200,2600,agg
282.139,104,fill,RY,SELL,2600,103.0050,0,mode=mm
283.098,104,place,RY,SELL,1500,103.0800,0,quote
283.098,104,place,AC,SELL,1600,27.9900,700,quote
283.098,104,place,RY,BUY,1500,99.9300,0,ladder
283.098,104,place,RY,BUY,1500,94.7800,0,ladder
283.098,104,place,RY,BUY,700,87.5700,0,ladder
283.626,104,fill,RY,SELL,1500,103.0400,-1500,mode=mm
283.648,105,place,CNR,BUY,500,176.3100,11200,agg
283.648,105,place,RY,BUY,1500,103.0600,-1500,quote
283.648,105,place,RY,SELL,100,103.1300,-1500,quote
283.648,105,place,AC,BUY,100,27.9500,700,quote
283.648,105,place,AC,SELL,900,27.9800,700,quote
284.223,105,fill,CNR,BUY,500,176.2700,11700,mode=dir
284.705,105,place,RY,BUY,1500,103.0700,-1500,quote
284.705,105,place,RY,SELL,900,103.1100,-1500,quote
284.705,105,place,RY,SELL,1500,106.1300,-1500,ladder
284.705,105,place,RY,SELL,900,111.2900,-1500,ladder
284.705,105,place,RY,SELL,200,118.5000,-1500,ladder
285.033,105,fill,RY,BUY,1500,103.0850,0,mode=mm
285.224,105,fill,RY,BUY,1500,103.0900,1500,mode=mm
285.502,105,fill,AC,SELL,900,27.9650,-200,mode=mm
286.513,106,place,AC,SELL,700,28.0400,-200,quote
286.513,106,place,RY,SELL,1700,103.1200,1500,quote
286.647,106,regime,AC,,,,,"mixed -> chop (er=0.11, net -1t over 10s)"
286.724,106,stop,AC,BUY,200,28.0600,-200,loss=6.0t stop=5.0t trend_against=False
286.725,106,place,AC,BUY,200,28.0600,-200,agg
286.924,106,fill,AC,BUY,200,28.0150,0,mode=mm
287.480,106,regime,AC,,,,,"chop -> mixed (er=0.33, net +4t over 10s)"
287.481,106,place,CNR,BUY,1012,176.3300,11700,agg
287.481,106,place,RY,BUY,100,103.0700,1500,quote
287.481,106,place,AC,SELL,500,28.8300,0,ladder
287.481,106,place,AC,SELL,100,30.2300,0,ladder
287.481,106,place,AC,SELL,100,32.1900,0,ladder
287.813,107,fill,CNR,BUY,1012,176.2800,12712,mode=dir
287.818,107,fill,RY,BUY,100,103.0950,1600,mode=mm
288.008,107,place,RY,BUY,1400,103.0500,1600,quote
288.008,107,place,RY,SELL,2900,103.1000,1600,quote
288.008,107,place,AC,BUY,1500,28.0500,0,quote
288.008,107,place,AC,BUY,900,27.1600,0,ladder
288.008,107,place,AC,BUY,100,25.7600,0,ladder
288.334,107,place,RY,SELL,1000,103.0700,1600,quote
288.636,107,fill,RY,SELL,1000,103.0550,600,mode=mm
288.969,107,regime,CNR,,,,,"TREND -> mixed (er=1.00, net +7t over 10s)"
289.103,107,place,RY,SELL,900,103.1000,600,quote
289.197,107,place,RY,BUY,700,103.0700,600,quote
289.297,107,regime,RY,,,,,"chop -> mixed (er=0.25, net +9t over 10s)"
289.342,107,place,RY,BUY,200,103.0800,600,quote
289.635,107,place,RY,SELL,100,103.1100,600,quote
289.635,107,place,AC,BUY,100,28.0700,0,quote
289.782,108,place,RY,BUY,2000,103.0800,600,quote
289.782,108,place,RY,SELL,2600,103.1200,600,quote
289.782,108,place,AC,BUY,700,23.8300,0,ladder
289.966,108,place,AC,SELL,1000,28.0800,0,quote
290.061,108,fill,RY,SELL,100,103.1000,500,mode=mm
290.061,108,place,RY,BUY,400,103.1000,500,quote
290.061,108,place,RY,SELL,900,103.1400,500,quote
290.061,108,place,AC,BUY,100,28.0700,0,quote
290.336,108,fill,AC,SELL,1000,28.0750,-1000,mode=mm
290.341,108,regime,RY,,,,,"mixed -> chop (er=0.23, net +8t over 10s)"
290.342,108,place,AC,BUY,1800,28.0800,-1000,quote
290.342,108,place,AC,SELL,200,28.0900,-1000,quote
290.397,108,place,RY,BUY,100,103.1000,500,quote
291.000,108,fill,AC,BUY,1600,28.0800,600,mode=mm
291.001,108,regime,CNR,,,,,"mixed -> chop (er=0.00, net +0t over 10s)"
291.477,108,regime,RY,,,,,"chop -> mixed (er=0.38, net +12t over 10s)"
291.477,108,dir_exit,CNR,,12712,176.2350,12712,"fast trend faded (gap=3.3t, t_slow=1.1)"
291.477,108,regime,CNR,,,,,winning ride +8t -> entry bar x1.00
291.480,108,place,CNR,SELL,5000,176.1700,12712,agg
291.480,108,place,RY,BUY,1200,103.1000,500,quote
291.480,108,place,RY,SELL,2600,103.1400,500,quote
291.740,109,regime,CNR,,,,,"chop -> mixed (er=0.50, net -6t over 10s)"
292.211,109,fill,CNR,SELL,5000,176.1950,7712,mode=cut
292.417,109,place,AC,BUY,2400,28.0800,600,quote
292.417,109,place,AC,SELL,3200,28.0900,600,quote
292.479,109,place,RY,BUY,1200,103.1100,500,quote
293.022,109,regime,CNR,,,,,"mixed -> TREND (er=0.71, net -14t over 10s)"
293.044,109,place,CNR,SELL,5000,176.0300,7712,agg
293.044,109,place,RY,BUY,1200,103.1200,500,quote
293.044,109,place,RY,SELL,1500,103.1500,500,quote
293.614,109,fill,AC,SELL,3200,28.0850,-2600,mode=mm
293.621,110,regime,RY,,,,,"mixed -> chop (er=0.20, net +5t over 10s)"
293.621,110,regime,AC,,,,,"mixed -> TREND (er=1.00, net +12t over 10s)"
293.628,110,place,AC,SELL,1200,28.1000,-2600,quote
293.961,110,fill,CNR,SELL,2000,176.0500,5712,mode=cut
293.970,110,regime,RY,,,,,"chop -> mixed (er=0.25, net +6t over 10s)"
293.971,110,place,AC,BUY,1900,28.0700,-2600,quote
293.971,110,place,AC,SELL,600,28.1100,-2600,quote
294.237,110,fill,RY,BUY,1200,103.1350,1700,mode=mm
294.238,110,regime,RY,,,,,"mixed -> chop (er=0.20, net +5t over 10s)"
294.238,110,place,RY,BUY,200,103.1100,1700,quote
294.238,110,place,RY,SELL,1700,103.1400,1700,quote
294.465,110,place,CNR,SELL,5000,175.8700,5712,agg
294.740,110,fill,CNR,SELL,5000,175.9650,712,mode=cut
294.743,110,place,RY,BUY,800,103.1000,1700,quote
294.743,110,place,RY,SELL,1700,103.1300,1700,quote
294.743,110,place,AC,BUY,1100,28.0800,-2600,quote
294.959,110,fill,RY,BUY,200,103.1150,1900,mode=mm
294.960,110,place,RY,BUY,700,103.0800,1900,quote
294.960,110,place,RY,SELL,3000,103.1400,1900,quote
294.960,110,place,AC,SELL,100,28.1200,-2600,quote
295.200,110,fill,RY,SELL,1700,103.1100,200,mode=mm
295.523,111,regime,RY,,,,,"chop -> mixed (er=0.25, net +5t over 10s)"
295.524,111,place,RY,BUY,1400,103.1000,200,quote
295.524,111,place,RY,SELL,1500,103.1300,200,quote
295.524,111,place,AC,SELL,600,28.1300,-2600,quote
295.609,111,place,CNR,SELL,712,175.9000,712,agg
295.609,111,place,AC,SELL,600,28.1400,-2600,quote
295.880,111,regime,RY,,,,,"mixed -> chop (er=0.06, net +1t over 10s)"
295.881,111,place,RY,BUY,2300,103.0900,200,quote
295.881,111,place,AC,BUY,1900,28.0900,-2600,quote
296.515,111,fill,CNR,SELL,712,175.9400,0,mode=cut
296.528,111,dir_enter,CNR,SHORT,11572,175.9050,0,gap=-18.4t thr=12.0t er=0.97 vol=1.8
296.529,111,place,CNR,SELL,4288,175.8400,0,agg
297.113,111,fill,CNR,SELL,4288,175.9050,-4288,mode=dir
297.385,111,fill,RY,SELL,1500,103.1000,-1300,mode=mm
297.385,111,fill,AC,SELL,600,28.1300,-3200,mode=mm
297.389,111,stop,AC,BUY,3200,28.2000,-3200,loss=5.1t stop=5.0t trend_against=False
297.390,111,place,AC,BUY,3200,28.2000,-3200,agg
298.273,112,regime,RY,,,,,"chop -> mixed (er=0.42, net +6t over 10s)"
298.273,112,place,CNR,SELL,3000,175.7700,-4288,agg
298.273,112,place,RY,BUY,1600,103.1000,-1300,quote
298.273,112,place,RY,SELL,900,103.1400,-1300,quote
298.425,112,fill,AC,BUY,3200,28.1600,0,mode=mm
298.711,112,fill,CNR,SELL,3000,175.8450,-7288,mode=dir
299.150,112,fill,RY,BUY,700,103.1300,-600,mode=mm
299.268,112,place,CNR,SELL,2000,175.7300,-7288,agg
299.268,112,place,RY,BUY,2600,103.1200,-600,quote
299.268,112,place,RY,SELL,2000,103.1800,-600,quote
299.268,112,place,AC,BUY,300,28.1900,0,quote
299.268,112,place,AC,BUY,100,27.3000,0,ladder
299.268,112,place,AC,SELL,1500,28.9900,0,ladder
299.268,112,place,AC,SELL,1500,30.3900,0,ladder
299.268,112,place,AC,SELL,400,32.3600,0,ladder
299.567,112,place,RY,SELL,1200,103.1600,-600,quote
299.939,112,fill,CNR,SELL,2000,175.7950,-9288,mode=dir
300.929,113,place,CNR,SELL,1800,175.7500,-9288,agg
300.929,113,place,RY,BUY,900,103.1300,-600,quote
300.929,113,place,RY,SELL,200,103.1700,-600,quote
300.929,113,place,AC,BUY,1500,28.2500,0,quote
300.929,113,place,AC,BUY,1500,25.9300,0,ladder
300.929,113,place,AC,BUY,100,23.9600,0,ladder
301.476,113,fill,CNR,SELL,1800,175.7950,-11088,mode=dir
301.482,113,regime,RY,,,,,"mixed -> chop (er=0.19, net +3t over 10s)"
302.114,113,fill,RY,BUY,900,103.1450,300,mode=mm
302.135,114,place,CNR,SELL,1800,175.7500,-11088,agg
302.135,114,place,RY,BUY,200,103.1100,300,quote
302.135,114,place,RY,SELL,2500,103.1500,300,quote
302.135,114,place,AC,BUY,100,28.2800,0,quote
302.276,114,place,RY,SELL,100,103.1400,300,quote
302.276,114,place,AC,BUY,100,28.2900,0,quote
302.474,114,fill,CNR,SELL,1800,175.7850,-12888,mode=dir
302.687,114,fill,RY,BUY,200,103.1350,500,mode=mm
303.721,115,place,CNR,SELL,900,175.7300,-12888,agg
303.721,115,place,RY,SELL,1800,103.1300,500,quote
303.721,115,place,AC,BUY,1500,28.3000,0,quote
304.190,115,fill,CNR,SELL,900,175.7750,-13788,mode=dir
304.192,115,fill,RY,SELL,1800,103.1250,-1300,mode=mm
304.491,115,fill,AC,BUY,1500,28.3200,1500,mode=mm
304.960,115,place,AC,SELL,1500,29.1300,1500,ladder
305.578,115,regime,RY,,,,,"chop -> mixed (er=0.26, net +3t over 10s)"
306.176,116,regime,CNR,,,,,"TREND -> mixed (er=0.35, net -7t over 10s)"
306.547,116,regime,RY,,,,,"mixed -> chop (er=0.24, net +4t over 10s)"
306.738,116,place,CNR,SELL,1800,175.8100,-13788,agg
306.738,116,place,RY,BUY,1700,103.1400,-1300,quote
306.738,116,place,RY,SELL,500,103.1500,-1300,quote
306.738,116,place,AC,BUY,100,28.2900,1500,quote
306.738,116,place,AC,SELL,1500,30.5500,1500,ladder
306.738,116,place,AC,SELL,1200,32.5300,1500,ladder
306.834,116,regime,RY,,,,,"chop -> mixed (er=0.36, net +5t over 10s)"
306.835,116,place,RY,BUY,300,103.1500,-1300,quote
307.100,116,fill,CNR,SELL,1800,175.8450,-15588,mode=dir
307.102,116,fill,RY,SELL,500,103.1500,-1800,mode=mm
307.102,116,fill,AC,BUY,100,28.3050,1600,mode=mm
307.102,116,regime,AC,,,,,"3 stop-outs in 60s -> toxic flow: half size, no stepping inside for 30s"
307.102,116,stop,AC,SELL,1600,28.0700,1600,loss=19.6t stop=5.0t trend_against=False
307.104,116,place,AC,SELL,1600,28.0700,1600,agg
307.265,116,regime,AC,,,,,"TREND -> chop (er=0.23, net +7t over 10s)"
307.504,116,regime,CNR,,,,,"mixed -> chop (er=0.03, net -1t over 10s)"
307.611,116,fill,AC,SELL,1600,28.2150,0,mode=mm
308.554,117,regime,CNR,,,,,"chop -> mixed (er=0.37, net +6t over 10s)"
308.609,117,dir_exit,CNR,,-15588,175.8950,-15588,"fast trend faded (gap=-3.0t, t_slow=0.2)"
308.609,117,regime,CNR,,,,,winning ride +1t -> entry bar x1.00
308.612,117,place,CNR,BUY,5000,175.9500,-15588,agg
308.875,117,regime,RY,,,,,"mixed -> chop (er=0.14, net +2t over 10s)"
309.535,117,fill,CNR,BUY,5000,175.8950,-10588,mode=cut
309.547,117,place,RY,BUY,1800,103.1500,-1800,quote
309.547,117,place,RY,SELL,800,103.1600,-1800,quote
309.547,117,place,AC,BUY,1500,27.3900,0,ladder
309.547,117,place,AC,SELL,1500,29.0900,0,ladder
309.547,117,place,AC,BUY,1500,25.9800,0,ladder
309.547,117,place,AC,SELL,1500,30.5000,0,ladder
309.547,117,place,AC,BUY,2000,24.0000,0,ladder
309.547,117,place,AC,SELL,400,32.4700,0,ladder
310.237,117,fill,RY,BUY,1800,103.1550,0,mode=mm
310.240,118,regime,CNR,,,,,"mixed -> TREND (er=0.78, net +14t over 10s)"
310.240,118,regime,AC,,,,,"chop -> mixed (er=0.26, net -8t over 10s)"
310.241,118,place,CNR,BUY,5000,175.9900,-10588,agg
310.241,118,place,AC,SELL,1200,28.1800,0,quote
310.241,118,place,RY,BUY,1500,103.1400,0,quote
310.241,118,place,RY,SELL,1500,103.1500,0,quote
310.403,118,fill,RY,SELL,800,103.1450,-800,mode=mm
310.404,118,place,RY,BUY,900,103.1000,-800,quote
310.404,118,place,RY,SELL,1900,103.1400,-800,quote
310.404,118,place,AC,SELL,400,28.1900,0,quote
310.684,118,fill,CNR,BUY,3076,175.9350,-7512,mode=cut
310.684,118,fill,RY,BUY,1500,103.1300,700,mode=mm
310.686,118,fill,AC,SELL,1200,28.1700,-1200,mode=mm
310.688,118,place,AC,BUY,1400,28.1500,-1200,quote
310.688,118,place,RY,BUY,600,103.1300,700,quote
310.844,118,fill,AC,SELL,361,28.1700,-1561,mode=mm
311.232,118,fill,RY,BUY,600,103.1200,1300,mode=mm
311.232,118,fill,AC,SELL,39,28.1700,-1600,mode=mm
311.698,118,place,CNR,BUY,5000,176.1100,-7512,agg
311.890,119,place,RY,BUY,100,103.1100,1300,quote
311.890,119,place,RY,SELL,2800,103.1300,1300,quote
311.890,119,place,AC,BUY,800,28.1900,-1600,quote
311.890,119,place,AC,SELL,100,28.2300,-1600,quote
312.219,119,fill,CNR,BUY,5000,176.0550,-2512,mode=cut
312.483,119,place,RY,BUY,1600,103.1200,1300,quote
312.483,119,place,AC,SELL,400,28.2200,-1600,quote
312.745,119,place,CNR,BUY,2512,176.3300,-2512,agg
312.745,119,place,AC,SELL,400,28.2900,-1600,quote
312.894,119,fill,RY,SELL,1200,103.1250,100,mode=mm
312.896,119,fill,AC,SELL,400,28.2350,-2000,mode=mm
312.897,119,place,RY,BUY,2400,103.1100,100,quote
312.897,119,place,RY,SELL,2500,103.1300,100,quote
312.897,119,place,AC,SELL,600,28.2400,-2000,quote
313.405,119,fill,CNR,BUY,2512,176.2200,0,mode=cut
313.406,119,place,RY,SELL,900,103.1200,100,quote
313.406,119,place,CNR,BUY,100,176.1800,0,quote
313.406,119,place,AC,BUY,900,28.2100,-2000,quote
313.406,119,place,CNR,SELL,1500,181.3200,0,ladder
313.406,119,place,CNR,SELL,1500,190.1200,0,ladder
313.406,119,place,CNR,SELL,2000,202.4400,0,ladder
313.732,119,fill,RY,SELL,2500,103.1200,-2400,mode=mm
313.732,119,fill,AC,SELL,600,28.2250,-2600,mode=mm
313.733,120,dir_enter,CNR,LONG,10252,176.2950,0,gap=21.9t thr=14.5t er=1.00 vol=2.9
313.900,120,fill,RY,SELL,900,103.1250,-3300,mode=mm
313.901,120,fill,AC,SELL,106,28.2250,-2706,mode=mm
314.745,120,place,CNR,BUY,5000,176.3400,0,agg
314.745,120,place,AC,BUY,1600,28.2100,-2706,quote
314.745,120,place,AC,SELL,500,28.2700,-2706,quote
314.745,120,place,RY,BUY,3400,103.1200,-3300,quote
314.745,120,place,RY,SELL,800,103.1400,-3300,quote
314.858,120,place,AC,BUY,1600,28.2200,-2706,quote
314.858,120,place,AC,SELL,500,28.3000,-2706,quote
314.858,120,place,RY,BUY,200,103.1100,-3300,quote
314.858,120,place,RY,SELL,400,103.1300,-3300,quote
315.057,120,regime,AC,,,,,"mixed -> chop (er=0.16, net -5t over 10s)"
315.488,120,fill,CNR,BUY,5000,176.2950,5000,mode=dir
315.489,120,fill,RY,BUY,3600,103.1150,300,mode=mm
315.491,120,fill,AC,SELL,500,28.2550,-3206,mode=mm
315.687,120,fill,RY,SELL,400,103.1100,-100,mode=mm
315.687,120,fill,AC,SELL,500,28.2600,-3706,mode=mm
315.744,121,regime,RY,,,,,"chop -> mixed (er=0.27, net -4t over 10s)"
315.975,121,fill,RY,SELL,800,103.1050,-900,mode=mm
316.015,121,regime,RY,,,,,"mixed -> chop (er=0.19, net -3t over 10s)"
316.986,121,regime,AC,,,,,"chop -> mixed (er=0.33, net +8t over 10s)"
317.508,121,place,CNR,BUY,5000,176.3600,5000,agg
317.508,121,place,AC,BUY,1700,28.2800,-3706,quote
317.508,121,place,AC,SELL,300,28.3300,-3706,quote
317.508,121,place,RY,BUY,2700,103.1400,-900,quote
317.508,121,place,RY,SELL,1800,103.1500,-900,quote
317.636,121,regime,AC,,,,,"mixed -> TREND (er=0.88, net +15t over 10s)"
317.637,121,stop,AC,BUY,3706,28.3500,-3706,loss=8.2t stop=5.0t trend_against=False
317.639,121,place,AC,BUY,3706,28.3500,-3706,agg
318.001,121,fill,CNR,BUY,5000,176.3150,10000,mode=dir
318.276,122,fill,AC,BUY,3706,28.2950,0,mode=mm
318.395,122,fill,RY,BUY,2700,103.1450,1800,mode=mm
318.829,122,fill,RY,SELL,1800,103.1450,0,mode=mm
319.555,122,place,CNR,BUY,100,176.3600,10000,agg
319.555,122,place,RY,BUY,500,103.1500,0,quote
319.555,122,place,AC,SELL,1500,29.1200,0,ladder
319.555,122,place,AC,SELL,1500,30.5300,0,ladder
319.555,122,place,AC,SELL,700,32.5100,0,ladder
319.838,123,place,CNR,BUY,100,176.3600,10000,agg
319.838,123,place,RY,BUY,100,103.1500,0,quote
319.838,123,place,RY,SELL,1500,103.1600,0,quote
320.585,123,fill,CNR,BUY,100,176.3150,10100,mode=dir
320.585,123,fill,RY,BUY,500,103.1550,500,mode=mm
320.586,123,place,CNR,BUY,2900,176.3600,10100,agg
320.586,123,place,AC,BUY,700,28.2500,0,quote
320.586,123,place,AC,BUY,500,27.4200,0,ladder
320.586,123,place,AC,BUY,300,26.0100,0,ladder
320.712,123,fill,CNR,BUY,100,176.3150,10200,mode=dir
320.714,123,fill,RY,SELL,1500,103.1600,-1000,mode=mm
320.718,123,place,CNR,BUY,800,176.3600,10200,agg
320.718,123,place,RY,BUY,1600,103.1600,-1000,quote
320.718,123,place,RY,SELL,300,103.1700,-1000,quote
320.718,123,place,AC,BUY,700,28.2100,0,quote
320.718,123,place,AC,BUY,1200,24.0300,0,ladder
321.897,123,fill,CNR,BUY,2900,176.3150,13100,mode=dir
321.899,123,fill,RY,BUY,100,103.1650,-900,mode=mm
321.899,123,fill,AC,BUY,700,28.2450,700,mode=mm
321.899,124,regime,AC,,,,,"TREND -> chop (er=0.05, net -1t over 10s)"
322.563,124,fill,CNR,BUY,800,176.3100,13900,mode=dir
322.564,124,fill,RY,BUY,1300,103.1400,400,mode=mm
322.566,124,fill,AC,BUY,700,28.1950,1400,mode=mm
322.566,124,regime,CNR,,,,,"TREND -> mixed (er=0.38, net +6t over 10s)"
322.566,124,regime,AC,,,,,"chop -> mixed (er=0.33, net -7t over 10s)"
323.753,125,place,CNR,BUY,1300,176.2700,13900,agg
323.753,125,place,RY,BUY,400,103.1300,400,quote
323.753,125,place,RY,SELL,1500,103.1400,400,quote
323.753,125,place,AC,BUY,100,28.1400,1400,quote
323.753,125,place,AC,SELL,800,28.1800,1400,quote
323.926,125,place,RY,SELL,500,103.1500,400,quote
324.228,125,fill,CNR,BUY,1300,176.2250,15200,mode=dir
324.229,125,fill,RY,SELL,2000,103.1450,-1600,mode=mm
324.527,125,dir_exit,CNR,,15200,176.1850,15200,"fast trend faded (gap=2.7t, t_slow=-0.1)"
324.527,125,regime,CNR,,,,,losing ride -11t -> entry bar x1.40
324.529,125,place,CNR,SELL,5000,176.1000,15200,agg
324.682,125,fill,AC,SELL,800,28.1700,600,mode=mm
324.818,125,regime,CNR,,,,,"mixed -> TREND (er=0.67, net -12t over 10s)"
325.117,125,fill,CNR,SELL,5000,176.1750,10200,mode=cut
325.118,125,place,RY,BUY,2900,103.1400,-1600,quote
325.118,125,place,RY,SELL,1400,103.1600,-1600,quote
325.118,125,place,AC,BUY,1000,28.1600,600,quote
325.118,125,place,AC,SELL,200,28.2000,600,quote
325.385,125,place,AC,BUY,300,28.1700,600,quote
325.634,126,place,CNR,SELL,5000,176.0500,10200,agg
325.727,126,regime,RY,,,,,"chop -> mixed (er=0.27, net +4t over 10s)"
325.728,126,place,RY,SELL,200,103.1500,-1600,quote
325.728,126,place,AC,SELL,400,28.2000,600,quote
326.253,126,fill,CNR,SELL,5000,176.1200,5200,mode=cut
326.254,126,fill,RY,SELL,200,103.1450,-1800,mode=mm
326.254,126,regime,RY,,,,,"mixed -> chop (er=0.21, net +3t over 10s)"
326.254,126,place,RY,BUY,3000,103.1500,-1800,quote
326.254,126,place,RY,SELL,1300,103.1600,-1800,quote
326.562,126,fill,RY,BUY,2900,103.1500,1100,mode=mm
326.563,126,fill,AC,SELL,400,28.1850,200,mode=mm
326.564,126,place,AC,SELL,700,28.2000,200,quote
326.749,126,fill,RY,SELL,1300,103.1600,-200,mode=mm
326.753,126,place,CNR,SELL,5000,175.9100,5200,agg
327.123,126,fill,CNR,SELL,2600,176.0150,2600,mode=cut
327.123,126,fill,RY,BUY,2400,103.1650,2200,mode=mm
327.491,126,fill,AC,SELL,700,28.1850,-500,mode=mm
327.615,126,place,RY,BUY,1200,103.1400,2200,quote
327.615,126,place,AC,SELL,600,28.2000,-500,quote
327.835,126,fill,AC,BUY,300,28.1850,-200,mode=mm
327.881,127,place,CNR,SELL,2600,175.8200,2600,agg
328.064,127,place,RY,BUY,700,103.1500,2200,quote
328.064,127,place,RY,SELL,3100,103.1600,2200,quote
328.064,127,place,AC,BUY,700,28.1700,-200,quote
328.434,127,fill,CNR,SELL,2600,175.8750,0,mode=cut
328.817,127,fill,RY,SELL,3100,103.1650,-900,mode=mm
328.822,127,place,RY,BUY,2700,103.1600,-900,quote
328.822,127,place,RY,SELL,1800,103.1700,-900,quote
328.822,127,place,CNR,SELL,700,175.8900,0,quote
328.822,127,place,CNR,BUY,1500,170.7700,0,ladder
328.822,127,place,CNR,SELL,500,181.3300,0,ladder
328.822,127,place,CNR,BUY,1500,161.9600,0,ladder
328.822,127,place,CNR,SELL,100,190.1300,0,ladder
328.822,127,place,CNR,BUY,2000,149.6400,0,ladder
328.822,127,place,CNR,SELL,100,202.4500,0,ladder
329.314,127,fill,AC,BUY,700,28.1850,500,mode=mm
329.327,127,place,RY,BUY,2700,103.1700,-900,quote
329.327,127,place,RY,SELL,1800,103.1800,-900,quote
329.327,127,place,CNR,SELL,700,175.8400,0,quote
329.327,127,place,AC,BUY,1000,28.1500,500,quote
329.327,127,place,AC,SELL,1300,28.1900,500,quote
329.620,127,fill,RY,SELL,1800,103.1700,-2700,mode=mm
329.622,127,place,RY,SELL,1000,103.1900,-2700,quote
329.622,127,place,CNR,SELL,400,175.8300,0,quote
329.803,127,fill,RY,BUY,2700,103.1700,0,mode=mm
329.804,127,fill,AC,BUY,23,28.1650,523,mode=mm
329.805,128,place,AC,BUY,1000,28.1300,523,quote
329.805,128,place,AC,SELL,1300,28.1800,523,quote
329.805,128,place,CNR,SELL,700,175.8100,0,quote
329.805,128,place,RY,BUY,900,103.1700,0,quote
329.805,128,place,RY,SELL,500,103.1800,0,quote
330.171,128,dir_enter,CNR,SHORT,12938,175.7850,0,gap=-24.6t thr=21.2t er=1.00 vol=3.0
330.172,128,place,CNR,SELL,100,175.7100,0,agg
330.172,128,place,AC,BUY,1000,28.1400,523,quote
330.397,128,fill,AC,BUY,977,28.1600,1500,mode=mm
330.408,128,place,AC,SELL,800,28.1700,1500,quote
331.246,128,fill,CNR,SELL,100,175.7800,-100,mode=dir
331.246,128,fill,RY,BUY,900,103.1750,900,mode=mm
331.265,128,place,CNR,SELL,4900,175.6900,-100,agg
331.265,128,place,RY,BUY,1800,103.1000,900,quote
331.265,128,place,RY,SELL,2700,103.1300,900,quote
331.354,128,place,CNR,SELL,100,175.6900,-100,agg
331.623,128,fill,CNR,SELL,5000,175.7550,-5100,mode=dir
331.624,128,fill,RY,SELL,2700,103.1250,-1800,mode=mm
332.204,129,place,RY,BUY,3000,103.1300,-1800,quote
332.204,129,place,RY,SELL,400,103.1400,-1800,quote
332.204,129,place,AC,SELL,800,28.1600,1500,quote
332.497,129,fill,RY,SELL,400,103.1350,-2200,mode=mm
332.499,129,place,CNR,SELL,500,175.7100,-5100,agg
332.499,129,place,RY,BUY,1000,103.1700,-2200,quote
332.499,129,place,RY,SELL,100,103.1900,-2200,quote
332.852,129,fill,CNR,SELL,500,175.7550,-5600,mode=dir
332.852,129,fill,RY,BUY,3000,103.1750,800,mode=mm
332.855,129,place,RY,SELL,2700,103.1900,800,quote
332.855,129,place,AC,SELL,400,32.3800,1500,ladder
333.064,129,place,CNR,SELL,100,175.7100,-5600,agg
333.064,129,place,RY,SELL,500,103.1800,800,quote
333.064,129,place,AC,SELL,100,29.0000,1500,ladder
333.361,129,fill,CNR,SELL,100,175.7550,-5700,mode=dir
333.700,129,fill,RY,BUY,1000,103.1750,1800,mode=mm
333.788,130,place,CNR,SELL,1200,175.7100,-5700,agg
333.788,130,place,RY,BUY,700,103.1500,1800,quote
334.129,130,fill,CNR,SELL,1200,175.7550,-6900,mode=dir
334.129,130,fill,RY,BUY,700,103.1650,2500,mode=mm
334.129,130,fill,AC,SELL,191,28.1450,1309,mode=mm
334.130,130,place,CNR,SELL,2200,175.7100,-6900,agg
334.130,130,place,RY,BUY,1000,103.1400,2500,quote
334.130,130,place,RY,SELL,3100,103.1700,2500,quote
334.130,130,place,AC,BUY,100,28.1300,1309,quote
334.347,130,place,CNR,SELL,581,175.7100,-6900,agg
334.347,130,place,RY,SELL,3100,103.1600,2500,quote
334.347,130,place,AC,BUY,900,27.3100,1309,ladder
334.347,130,place,AC,BUY,100,25.9000,1309,ladder
334.347,130,place,AC,BUY,100,23.9300,1309,ladder
334.711,130,fill,CNR,SELL,2781,175.7550,-9681,mode=dir
334.712,130,fill,RY,SELL,6000,103.1550,-3500,mode=mm
334.949,130,fill,RY,SELL,200,103.1550,-3700,mode=mm
336.624,131,place,AC,SELL,800,28.1500,1309,quote
336.772,131,place,CNR,SELL,900,175.7300,-9681,agg
336.772,131,place,RY,BUY,3500,103.1600,-3700,quote
336.772,131,place,RY,SELL,200,103.1800,-3700,quote
336.772,131,place,AC,SELL,1500,30.4000,1309,ladder
336.914,131,place,RY,BUY,3500,103.1700,-3700,quote
337.050,131,place,CNR,SELL,2000,175.7300,-9681,agg
337.050,131,place,RY,SELL,700,103.1900,-3700,quote
337.050,131,place,AC,BUY,400,28.1200,1309,quote
337.704,131,fill,CNR,SELL,900,175.7650,-10581,mode=dir
337.705,131,fill,RY,BUY,6800,103.1700,3100,mode=mm
337.848,131,fill,CNR,SELL,2000,175.7650,-12581,mode=dir
338.861,132,regime,CNR,,,,,"TREND -> mixed (er=0.69, net -5t over 10s)"
338.861,132,regime,AC,,,,,"mixed -> chop (er=0.12, net +1t over 10s)"
339.172,132,regime,AC,,,,,"chop -> mixed (er=0.39, net +4t over 10s)"
339.230,132,place,RY,SELL,300,103.1900,3100,quote
339.310,132,dir_exit,CNR,,-12581,175.7650,-12581,fast stalled 8s without new extreme
339.310,132,regime,CNR,,,,,winning ride +2t -> entry bar x1.12
339.313,132,place,CNR,BUY,5000,175.8100,-12581,agg
340.032,132,fill,CNR,BUY,5000,175.7750,-7581,mode=cut
340.034,133,regime,CNR,,,,,"mixed -> chop (er=0.00, net -0t over 10s)"
340.034,133,regime,AC,,,,,"mixed -> TREND (er=0.74, net +14t over 10s)"
340.036,133,place,RY,BUY,800,103.1700,3100,quote
340.036,133,place,RY,SELL,3300,103.1900,3100,quote
340.036,133,place,AC,BUY,900,28.2800,1309,quote
340.036,133,place,AC,SELL,1300,28.3700,1309,quote
340.714,133,regime,CNR,,,,,"chop -> mixed (er=1.00, net +5t over 10s)"
340.714,133,regime,RY,,,,,"chop -> mixed (er=0.50, net +6t over 10s)"
340.715,133,place,CNR,BUY,5000,175.8600,-7581,agg
340.715,133,place,AC,BUY,400,28.3500,1309,quote
340.715,133,place,AC,SELL,800,28.4300,1309,quote
340.879,133,fill,AC,SELL,1300,28.3650,9,mode=mm
340.880,133,place,AC,BUY,700,28.3600,9,quote
341.256,133,fill,CNR,BUY,5000,175.8100,-2581,mode=cut
341.257,133,fill,RY,BUY,800,103.1850,3900,mode=mm
341.325,133,place,RY,BUY,600,103.1500,3900,quote
341.325,133,place,RY,SELL,3500,103.1700,3900,quote
341.325,133,place,AC,BUY,700,28.3800,9,quote
341.834,134,regime,RY,,,,,"mixed -> chop (er=0.23, net +3t over 10s)"
341.835,134,place,CNR,BUY,2581,175.9000,-2581,agg
341.835,134,place,AC,BUY,400,28.4000,9,quote
341.835,134,place,AC,SELL,100,29.1200,9,ladder
341.911,134,place,AC,BUY,1500,27.4300,9,ladder
341.911,134,place,AC,BUY,1500,26.0100,9,ladder
341.911,134,place,AC,SELL,1500,30.5400,9,ladder
341.911,134,place,AC,BUY,2000,24.0400,9,ladder
341.911,134,place,AC,SELL,2000,32.5200,9,ladder
342.281,134,fill,CNR,BUY,2581,175.8450,0,mode=cut
342.282,134,fill,RY,SELL,2900,103.1650,1000,mode=mm
342.287,134,regime,RY,,,,,"chop -> mixed (er=0.29, net +4t over 10s)"
342.688,134,regime,RY,,,,,"mixed -> chop (er=0.00, net -0t over 10s)"
342.879,134,place,CNR,BUY,2500,175.8800,0,quote
342.879,134,place,CNR,SELL,2500,175.9100,0,quote
342.879,134,place,RY,BUY,600,103.1700,1000,quote
342.879,134,place,RY,SELL,500,103.1800,1000,quote
342.879,134,place,CNR,SELL,1500,181.0900,0,ladder
342.879,134,place,CNR,SELL,1500,189.8800,0,ladder
342.879,134,place,CNR,SELL,2000,202.1900,0,ladder
343.239,134,regime,CNR,,,,,"mixed -> TREND (er=1.00, net +16t over 10s)"
343.239,134,regime,RY,,,,,"chop -> mixed (er=0.26, net +3t over 10s)"
343.245,134,place,RY,SELL,300,103.1900,1000,quote
343.245,134,place,CNR,SELL,1500,175.9500,0,quote
343.936,134,fill,CNR,SELL,2500,175.9100,-2500,mode=mm
343.937,134,fill,RY,BUY,100,103.1850,1100,mode=mm
343.944,135,regime,RY,,,,,"mixed -> chop (er=0.22, net +2t over 10s)"
343.944,135,stop,CNR,BUY,2500,176.1800,-2500,loss=14.0t stop=8.0t trend_against=False
343.945,135,place,CNR,BUY,2500,176.1800,-2500,agg
344.782,135,fill,CNR,SELL,1500,176.0250,-4000,mode=mm
344.782,135,fill,RY,SELL,300,103.1850,800,mode=mm
344.783,135,regime,RY,,,,,"chop -> mixed (er=0.41, net +3t over 10s)"
344.783,135,place,CNR,BUY,1500,176.2700,-4000,agg
344.783,135,place,RY,BUY,100,103.1800,800,quote
344.783,135,place,AC,SELL,900,29.2600,9,ladder
344.783,135,place,AC,SELL,500,30.6800,9,ladder
345.687,135,fill,CNR,BUY,2500,176.1250,-1500,mode=mm
345.688,135,place,RY,BUY,1100,103.1900,800,quote
345.688,135,place,RY,SELL,1600,103.2000,800,quote
345.688,135,place,AC,BUY,700,28.5400,9,quote
345.688,135,place,AC,BUY,500,27.5900,9,ladder
345.688,135,place,AC,BUY,100,26.1700,9,ladder
345.688,135,place,AC,BUY,100,24.1800,9,ladder
345.688,135,place,AC,SELL,1200,32.7100,9,ladder
346.586,135,fill,CNR,BUY,1500,176.2100,0,mode=mm
346.587,135,fill,RY,BUY,100,103.1950,900,mode=mm
346.587,136,place,RY,BUY,1800,103.1700,900,quote
346.587,136,place,RY,SELL,2700,103.1900,900,quote
346.587,136,place,CNR,BUY,700,176.2500,0,quote
346.587,136,place,AC,BUY,700,28.5700,9,quote
346.587,136,place,CNR,BUY,1500,170.7400,0,ladder
346.587,136,place,CNR,SELL,1500,181.3000,0,ladder
346.587,136,place,CNR,BUY,1500,161.9400,0,ladder
346.587,136,place,CNR,SELL,1500,190.1000,0,ladder
346.587,136,place,CNR,BUY,700,149.6200,0,ladder
346.587,136,place,CNR,SELL,2000,202.4200,0,ladder
347.033,136,fill,RY,BUY,1100,103.1850,2000,mode=mm
347.034,136,regime,RY,,,,,"mixed -> chop (er=0.20, net +2t over 10s)"
347.035,136,place,CNR,BUY,700,176.2700,0,quote
347.035,136,place,RY,BUY,700,103.1800,2000,quote
347.035,136,place,AC,BUY,700,28.6000,9,quote
347.579,136,fill,RY,SELL,2700,103.1850,-700,mode=mm
347.580,136,dir_enter,CNR,LONG,12826,176.3150,0,gap=28.7t thr=19.9t er=1.00 vol=3.6
347.582,136,place,CNR,BUY,5000,176.4500,0,agg
347.582,136,place,RY,SELL,1100,103.2000,-700,quote
347.582,136,place,AC,BUY,100,28.6200,9,quote
347.582,136,place,AC,SELL,300,29.3800,9,ladder
348.241,136,fill,CNR,BUY,5000,176.3150,5000,mode=dir
348.570,137,place,RY,BUY,1500,103.1900,-700,quote
348.570,137,place,AC,BUY,700,28.6700,9,quote
348.570,137,place,AC,BUY,900,27.7100,9,ladder
348.570,137,place,AC,BUY,500,26.2800,9,ladder
348.570,137,place,AC,SELL,500,30.8500,9,ladder
348.570,137,place,AC,SELL,200,32.8500,9,ladder
348.937,137,place,CNR,BUY,3000,176.3600,5000,agg
348.937,137,place,AC,BUY,700,28.6900,9,quote
349.282,137,fill,CNR,BUY,3000,176.3150,8000,mode=dir
349.859,138,dir_enter,AC,LONG,8032,28.7450,9,gap=24.2t thr=23.5t er=1.00 vol=1.2
350.280,138,place,CNR,BUY,400,176.3800,8000,agg
350.280,138,place,AC,BUY,100,28.8200,9,agg
350.339,138,place,CNR,BUY,100,176.3800,8000,agg
350.548,138,fill,CNR,BUY,400,176.3250,8400,mode=dir
350.549,138,fill,RY,BUY,1500,103.1950,800,mode=mm
350.550,138,fill,AC,BUY,100,28.7650,109,mode=dir
350.551,138,place,CNR,BUY,2700,176.3800,8400,agg
350.551,138,place,AC,BUY,300,28.8300,109,agg
350.551,138,place,RY,SELL,2700,103.1900,800,quote
350.863,138,fill,CNR,BUY,2800,176.3300,11200,mode=dir
350.864,138,fill,RY,SELL,1100,103.1850,-300,mode=mm
351.210,138,fill,RY,SELL,2700,103.1750,-3000,mode=mm
351.211,138,fill,AC,BUY,300,28.7850,409,mode=dir
351.582,138,regime,RY,,,,,"chop -> mixed (er=0.36, net +4t over 10s)"
352.160,138,regime,RY,,,,,"mixed -> chop (er=0.18, net +2t over 10s)"
352.209,139,place,CNR,BUY,1700,176.3800,11200,agg
352.209,139,place,AC,BUY,600,28.8900,409,agg
352.209,139,place,RY,BUY,3300,103.1900,-3000,quote
352.209,139,place,RY,SELL,100,103.2200,-3000,quote
352.414,139,regime,RY,,,,,"chop -> mixed (er=0.25, net +3t over 10s)"
352.415,139,place,RY,BUY,1100,103.2000,-3000,quote
352.616,139,fill,CNR,BUY,1700,176.3400,12900,mode=dir
352.617,139,fill,AC,BUY,600,28.8450,1009,mode=dir
352.853,139,regime,RY,,,,,"mixed -> chop (er=0.13, net +1t over 10s)"
353.083,139,fill,RY,BUY,4400,103.2000,1400,mode=mm
354.201,140,place,CNR,BUY,1600,176.4100,12900,agg
354.201,140,place,AC,BUY,300,28.9700,1009,agg
354.201,140,place,RY,SELL,2800,103.2000,1400,quote
354.572,140,fill,CNR,BUY,1600,176.3650,14500,mode=dir
354.572,140,fill,RY,SELL,2800,103.1900,-1400,mode=mm
354.574,140,fill,AC,BUY,300,28.9250,1309,mode=dir
356.835,141,regime,CNR,,,,,"TREND -> mixed (er=0.55, net +6t over 10s)"
356.837,141,place,CNR,BUY,2787,176.4100,14500,agg
356.837,141,place,AC,BUY,600,29.0700,1309,agg
356.837,141,place,RY,BUY,1600,103.1900,-1400,quote
357.053,141,place,RY,BUY,100,103.1700,-1400,quote
357.616,141,fill,CNR,BUY,2787,176.3600,17287,mode=dir
357.616,141,fill,RY,BUY,1600,103.1800,200,mode=mm
357.619,141,fill,AC,BUY,600,29.0250,1909,mode=dir
357.992,141,fill,RY,BUY,100,103.1700,300,mode=mm
358.633,142,regime,CNR,,,,,"mixed -> chop (er=0.15, net +2t over 10s)"
359.884,142,place,RY,SELL,1500,103.2000,300,quote
360.626,143,regime,CNR,,,,,"chop -> mixed (er=0.31, net -5t over 10s)"
360.627,143,dir_exit,CNR,,17287,176.2750,17287,"fast trend faded (gap=3.0t, t_slow=-0.1)"
360.627,143,regime,CNR,,,,,losing ride -4t -> entry bar x1.57
360.629,143,place,CNR,SELL,5000,176.2300,17287,agg
360.629,143,place,RY,SELL,100,103.2100,300,quote
360.830,143,fill,RY,SELL,1500,103.2050,-1200,mode=mm
360.999,143,fill,CNR,SELL,5000,176.2750,12287,mode=cut
361.001,143,place,AC,BUY,3000,29.2600,1909,agg
361.001,143,place,RY,BUY,2800,103.2000,-1200,quote
361.001,143,place,RY,SELL,500,103.2100,-1200,quote
361.053,143,place,AC,BUY,100,29.2600,1909,agg
361.223,143,fill,AC,BUY,3100,29.2050,5009,mode=dir
361.650,144,place,CNR,SELL,5000,176.2300,12287,agg
362.439,144,fill,CNR,SELL,5000,176.2750,7287,mode=cut
362.446,144,place,AC,BUY,1181,29.3200,5009,agg
362.446,144,place,RY,SELL,500,103.2100,-1200,quote
362.660,144,place,CNR,SELL,5000,176.2100,7287,agg
362.826,144,fill,AC,BUY,1181,29.2750,6190,mode=dir
363.012,144,fill,CNR,SELL,5000,176.2450,2287,mode=cut
363.013,144,fill,RY,SELL,500,103.2050,-1700,mode=mm
363.240,144,place,AC,BUY,200,29.3600,6190,agg
363.368,144,regime,CNR,,,,,"mixed -> TREND (er=0.67, net -12t over 10s)"
363.491,144,fill,AC,BUY,200,29.3050,6390,mode=dir
363.694,144,regime,RY,,,,,"chop -> mixed (er=0.25, net +3t over 10s)"
363.695,144,place,CNR,SELL,2287,176.1900,2287,agg
363.795,145,place,AC,BUY,500,29.3900,6390,agg
363.795,145,place,RY,BUY,100,103.2100,-1700,quote
363.795,145,place,RY,SELL,100,103.2200,-1700,quote
364.191,145,fill,CNR,SELL,2287,176.2350,0,mode=cut
364.192,145,fill,AC,BUY,500,29.3350,6890,mode=dir
364.212,145,regime,RY,,,,,"mixed -> chop (er=0.24, net +3t over 10s)"
364.379,145,place,AC,BUY,2700,29.4100,6890,agg
364.379,145,place,CNR,BUY,700,176.2000,0,quote
364.379,145,place,RY,BUY,1700,103.2100,-1700,quote
364.379,145,place,CNR,BUY,1500,170.9800,0,ladder
364.379,145,place,CNR,BUY,1500,162.1700,0,ladder
364.379,145,place,CNR,BUY,2000,149.8300,0,ladder
365.056,145,fill,CNR,BUY,261,176.2150,261,mode=mm
365.058,145,fill,AC,BUY,2700,29.3650,9590,mode=dir
365.924,146,regime,RY,,,,,"chop -> mixed (er=0.26, net +3t over 10s)"
366.349,146,fill,RY,BUY,1700,103.2150,0,mode=mm
366.352,146,regime,RY,,,,,"mixed -> chop (er=0.16, net +2t over 10s)"
366.393,146,place,CNR,SELL,200,176.2000,261,quote
366.876,146,place,AC,BUY,100,29.5100,9590,agg
366.876,146,place,RY,BUY,100,103.2100,0,quote
366.876,146,place,RY,SELL,2500,103.2200,0,quote
366.876,146,place,CNR,SELL,700,176.1900,261,quote
366.876,146,place,CNR,SELL,1500,181.5100,261,ladder
366.876,146,place,CNR,SELL,1500,190.3200,261,ladder
366.876,146,place,CNR,SELL,1200,202.6600,261,ladder
366.976,146,place,AC,BUY,1700,29.5100,9590,agg
366.976,146,place,CNR,BUY,600,176.1600,261,quote
367.150,146,fill,AC,BUY,1800,29.4650,11390,mode=dir
367.152,146,regime,RY,,,,,"chop -> mixed (er=0.53, net +5t over 10s)"
367.342,146,fill,RY,BUY,100,103.2150,100,mode=mm
368.000,146,fill,CNR,SELL,700,176.1750,-439,mode=mm
368.345,147,regime,RY,,,,,"mixed -> chop (er=0.24, net +2t over 10s)"
368.696,147,regime,RY,,,,,"chop -> mixed (er=0.39, net +4t over 10s)"
368.747,147,place,AC,BUY,700,29.5900,11390,agg
368.747,147,place,RY,BUY,200,103.2100,100,quote
368.747,147,place,RY,SELL,1500,103.2200,100,quote
368.938,147,fill,RY,SELL,1500,103.2200,-1400,mode=mm
368.939,147,fill,AC,BUY,700,29.5350,12090,mode=dir
369.500,147,regime,CNR,,,,,"TREND -> mixed (er=0.26, net -5t over 10s)"
369.501,147,stop,CNR,BUY,439,176.3200,-439,loss=5.5t stop=5.0t trend_against=False
369.503,147,place,CNR,BUY,439,176.3200,-439,agg
369.954,148,regime,CNR,,,,,"mixed -> chop (er=0.00, net +0t over 10s)"
369.954,148,regime,RY,,,,,"mixed -> chop (er=0.10, net +1t over 10s)"
370.226,148,regime,CNR,,,,,"chop -> mixed (er=0.29, net +8t over 10s)"
371.006,148,regime,CNR,,,,,"3 stop-outs in 60s -> toxic flow: half size, no stepping inside for 30s"
371.006,148,stop,CNR,BUY,439,176.4300,-439,loss=19.0t stop=7.1t trend_against=False
371.010,148,place,CNR,BUY,439,176.4300,-439,agg
371.166,148,place,AC,BUY,2494,29.6800,12090,agg
371.166,148,place,RY,BUY,2800,103.2100,-1400,quote
371.166,148,place,RY,SELL,1500,103.2300,-1400,quote
372.189,148,fill,CNR,BUY,439,176.3800,0,mode=mm
372.190,149,regime,CNR,,,,,"mixed -> TREND (er=0.48, net +15t over 10s)"
372.191,149,place,AC,BUY,700,29.7200,12090,agg
372.191,149,place,CNR,BUY,700,176.3900,0,quote
372.191,149,place,RY,BUY,900,103.2200,-1400,quote
372.191,149,place,CNR,BUY,300,171.0200,0,ladder
372.191,149,place,CNR,SELL,1500,181.5900,0,ladder
372.191,149,place,CNR,SELL,300,190.4100,0,ladder
372.191,149,place,CNR,SELL,100,202.7500,0,ladder
372.528,149,fill,AC,BUY,2494,29.6650,14584,mode=dir
372.837,149,fill,RY,BUY,3700,103.2200,2300,mode=mm
372.838,149,fill,AC,BUY,700,29.6950,15284,mode=dir
374.898,150,place,CNR,BUY,700,176.4200,0,quote
374.898,150,place,RY,SELL,3100,103.2100,2300,quote
374.898,150,place,CNR,BUY,900,162.2700,0,ladder
375.157,150,place,RY,SELL,1800,103.2200,2300,quote
375.279,150,fill,RY,SELL,3100,103.2150,-800,mode=mm
375.833,150,fill,RY,SELL,1800,103.2250,-2600,mode=mm
377.899,152,place,CNR,BUY,700,176.4700,0,quote
377.899,152,place,RY,BUY,3200,103.2300,-2600,quote
377.899,152,place,RY,SELL,600,103.2500,-2600,quote
377.899,152,place,CNR,BUY,200,149.9700,0,ladder
378.176,152,regime,RY,,,,,"chop -> mixed (er=0.27, net +3t over 10s)"
378.437,152,regime,RY,,,,,"mixed -> chop (er=0.16, net +2t over 10s)"
378.597,152,fill,RY,BUY,2600,103.2350,0,mode=mm
380.243,153,place,RY,BUY,1500,103.2300,0,quote
380.243,153,place,RY,SELL,2500,103.2400,0,quote
380.453,153,regime,RY,,,,,"chop -> mixed (er=0.26, net +2t over 10s)"
380.919,153,fill,RY,SELL,2500,103.2350,-2500,mode=mm
381.068,153,regime,RY,,,,,"mixed -> chop (er=0.13, net +1t over 10s)"
381.993,153,fill,CNR,BUY,700,176.4900,700,mode=mm
382.042,154,place,CNR,SELL,1600,176.5100,700,quote
382.042,154,place,RY,BUY,1800,103.2400,-2500,quote
382.255,154,regime,RY,,,,,"chop -> mixed (er=0.29, net +3t over 10s)"
383.128,154,place,CNR,BUY,600,176.4800,700,quote
383.535,154,fill,RY,BUY,1800,103.2450,-700,mode=mm
383.537,154,regime,CNR,,,,,"TREND -> mixed (er=0.88, net +7t over 10s)"
383.538,154,place,RY,BUY,300,103.2200,-700,quote
383.538,154,place,RY,SELL,1300,103.2400,-700,quote
383.793,155,regime,RY,,,,,"mixed -> chop (er=0.22, net +2t over 10s)"
383.794,155,place,RY,SELL,400,103.2400,-700,quote
384.015,155,fill,RY,BUY,300,103.2250,-400,mode=mm
384.456,155,fill,RY,SELL,400,103.2300,-800,mode=mm
384.456,155,regime,RY,,,,,"chop -> mixed (er=0.29, net +2t over 10s)"
384.457,155,place,RY,BUY,100,103.2300,-800,quote
384.457,155,place,CNR,BUY,100,176.4700,700,quote
384.968,155,regime,RY,,,,,"mixed -> chop (er=0.06, net +0t over 10s)"
384.968,155,place,RY,BUY,1800,103.2200,-800,quote
384.968,155,place,RY,SELL,1300,103.2300,-800,quote
385.337,155,fill,CNR,BUY,100,176.4850,800,mode=mm
385.337,155,fill,RY,SELL,1200,103.2200,-2000,mode=mm
386.073,156,regime,CNR,,,,,"mixed -> chop (er=0.17, net +1t over 10s)"
386.990,156,regime,CNR,,,,,"chop -> mixed (er=0.40, net -4t over 10s)"
388.448,157,stop,CNR,SELL,800,176.3600,800,loss=6.0t stop=5.0t trend_against=False
388.449,157,place,CNR,SELL,800,176.3600,800,agg
388.449,157,place,RY,BUY,3000,103.2500,-2000,quote
388.449,157,place,RY,SELL,900,103.2600,-2000,quote
389.385,157,fill,CNR,SELL,800,176.3900,0,mode=mm
389.385,157,fill,RY,SELL,900,103.2550,-2900,mode=mm
389.387,157,regime,RY,,,,,"chop -> mixed (er=0.33, net +3t over 10s)"
389.490,157,fill,RY,BUY,3000,103.2550,100,mode=mm
389.786,157,regime,CNR,,,,,"mixed -> TREND (er=0.84, net -16t over 10s)"
390.133,157,regime,RY,,,,,"mixed -> chop (er=0.18, net +2t over 10s)"
390.343,158,place,AC,BUY,300,30.5500,15284,agg
390.343,158,place,RY,SELL,3000,103.2500,100,quote
390.343,158,place,CNR,BUY,500,171.1100,0,ladder
390.343,158,place,CNR,BUY,300,162.2900,0,ladder
390.711,158,fill,AC,BUY,300,30.4850,15584,mode=dir
390.713,158,place,AC,BUY,100,30.5700,15584,agg
390.713,158,place,RY,BUY,1600,103.2200,100,quote
390.940,158,fill,AC,BUY,100,30.5050,15684,mode=dir
391.350,158,fill,RY,SELL,1400,103.2250,-1300,mode=mm
392.158,159,place,AC,BUY,642,30.6500,15684,agg
392.158,159,place,CNR,BUY,1500,176.3100,0,quote
392.158,159,place,CNR,SELL,1500,176.3400,0,quote
392.158,159,place,RY,BUY,1800,103.2600,-1300,quote
392.158,159,place,RY,SELL,300,103.2700,-1300,quote
392.158,159,place,CNR,SELL,500,181.6600,0,ladder
392.158,159,place,CNR,SELL,300,190.4800,0,ladder
392.526,159,fill,AC,BUY,642,30.5850,16326,mode=dir
392.648,159,fill,RY,BUY,1800,103.2600,500,mode=mm
394.138,160,place,RY,BUY,2500,103.2200,500,quote
394.138,160,place,RY,SELL,3000,103.2300,500,quote
394.138,160,place,CNR,BUY,900,176.3600,0,quote
394.138,160,place,CNR,SELL,900,176.4400,0,quote
394.584,160,regime,CNR,,,,,"TREND -> chop (er=0.05, net -2t over 10s)"
394.585,160,place,AC,BUY,332,30.7800,16326,agg
394.585,160,place,RY,BUY,900,103.2400,500,quote
394.585,160,place,RY,SELL,1000,103.2600,500,quote
394.585,160,place,CNR,BUY,300,176.4200,0,quote
394.585,160,place,CNR,SELL,300,176.5500,0,quote
394.978,160,fill,CNR,SELL,900,176.4700,-900,mode=mm
394.978,160,fill,RY,SELL,3000,103.2550,-2500,mode=mm
395.139,160,fill,RY,SELL,1000,103.2600,-3500,mode=mm
395.139,160,fill,AC,BUY,332,30.7300,16658,mode=dir
395.140,160,stop,CNR,BUY,900,176.5700,-900,loss=7.0t stop=6.4t trend_against=False
395.141,160,place,CNR,BUY,900,176.5700,-900,agg
395.141,160,place,RY,BUY,100,103.2600,-3500,quote
396.353,160,fill,CNR,BUY,900,176.4950,0,mode=mm
396.353,160,fill,RY,BUY,100,103.2650,-3400,mode=mm
396.737,161,regime,CNR,,,,,"chop -> mixed (er=0.28, net +8t over 10s)"
396.888,161,place,RY,BUY,3000,103.2500,-3400,quote
397.276,161,place,AC,BUY,642,30.9100,16658,agg
397.276,161,place,CNR,BUY,1500,176.5000,0,quote
397.276,161,place,RY,SELL,100,103.2700,-3400,quote
397.276,161,place,CNR,SELL,1500,181.7400,0,ladder
397.276,161,place,CNR,SELL,900,190.5700,0,ladder
397.520,161,place,RY,BUY,3000,103.2600,-3400,quote
397.833,161,fill,RY,BUY,3000,103.2650,-400,mode=mm
397.835,161,fill,AC,BUY,642,30.8550,17300,mode=dir
398.085,162,fill,RY,BUY,3000,103.2600,2600,mode=mm
398.088,162,place,RY,SELL,1800,103.2500,2600,quote
398.470,162,regime,CNR,,,,,"mixed -> TREND (er=0.49, net +14t over 10s)"
398.837,162,fill,RY,SELL,1800,103.2450,800,mode=mm
399.163,162,place,CNR,BUY,1500,176.5100,0,quote
399.163,162,place,CNR,SELL,1500,176.5400,0,quote
399.163,162,place,RY,BUY,400,103.2400,800,quote
399.163,162,place,RY,SELL,300,103.2500,800,quote
399.163,162,place,CNR,BUY,1500,171.1900,0,ladder
399.163,162,place,CNR,BUY,900,162.3600,0,ladder
399.163,162,place,CNR,BUY,100,150.0100,0,ladder
399.163,162,place,CNR,SELL,100,202.9600,0,ladder
399.427,162,place,RY,BUY,100,103.2400,800,quote
399.731,162,fill,RY,SELL,300,103.2450,500,mode=mm
400.108,163,place,AC,BUY,948,31.1100,17300,agg
400.108,163,place,RY,SELL,1000,103.2600,500,quote
400.344,163,fill,AC,BUY,948,31.0350,18248,mode=dir
400.635,163,fill,RY,SELL,1000,103.2600,-500,mode=mm
400.775,163,place,RY,BUY,300,103.2500,-500,quote
401.288,163,place,RY,BUY,100,103.2400,-500,quote
401.419,163,fill,CNR,SELL,600,176.5300,-600,mode=mm
401.419,163,fill,RY,BUY,300,103.2450,-200,mode=mm
402.846,164,place,AC,BUY,336,31.3000,18248,agg
402.846,164,place,CNR,BUY,1600,176.5300,-600,quote
402.846,164,place,CNR,SELL,1200,176.5600,-600,quote
402.846,164,place,RY,BUY,100,103.2600,-200,quote
402.846,164,place,RY,SELL,100,103.2700,-200,quote
403.076,164,place,CNR,BUY,500,176.5400,-600,quote
403.291,164,fill,RY,SELL,100,103.2700,-300,mode=mm
403.291,164,fill,AC,BUY,336,31.2250,18584,mode=dir
403.296,164,regime,RY,,,,,"chop -> mixed (er=0.36, net +5t over 10s)"
403.653,164,fill,RY,BUY,100,103.2750,-200,mode=mm
403.673,164,place,RY,BUY,100,103.2700,-200,quote
404.237,165,regime,RY,,,,,"mixed -> chop (er=0.18, net +2t over 10s)"
404.661,165,place,RY,BUY,100,103.2700,-200,quote
404.941,165,place,CNR,BUY,1600,176.5400,-600,quote
404.941,165,place,CNR,SELL,700,176.5800,-600,quote
405.091,165,regime,CNR,,,,,"TREND -> mixed (er=1.00, net +7t over 10s)"
405.092,165,place,CNR,BUY,500,176.5500,-600,quote
405.092,165,place,RY,BUY,300,103.2700,-200,quote
405.706,165,place,AC,BUY,391,31.4400,18584,agg
406.097,165,fill,AC,BUY,391,31.3750,18975,mode=dir
406.877,166,regime,RY,,,,,"chop -> mixed (er=0.30, net +3t over 10s)"
407.241,166,regime,RY,,,,,"mixed -> chop (er=0.22, net +2t over 10s)"
407.243,166,place,CNR,BUY,3200,176.5700,-600,quote
407.243,166,place,CNR,SELL,2400,176.5800,-600,quote
407.243,166,place,RY,BUY,1000,103.2800,-200,quote
407.243,166,place,RY,SELL,500,103.2900,-200,quote
407.243,166,place,CNR,BUY,300,171.2600,-600,ladder
407.243,166,place,CNR,BUY,100,162.4300,-600,ladder
407.681,166,regime,RY,,,,,"chop -> mixed (er=0.29, net +3t over 10s)"
408.060,166,fill,CNR,SELL,2400,176.5850,-3000,mode=mm
409.649,167,place,CNR,BUY,2400,176.5900,-3000,quote
409.649,167,place,RY,BUY,100,103.2900,-200,quote
409.649,167,place,CNR,BUY,200,150.0900,-3000,ladder
409.854,167,place,CNR,SELL,600,176.6100,-3000,quote
409.854,167,place,RY,SELL,300,103.3000,-200,quote
409.854,167,place,CNR,SELL,100,181.8700,-3000,ladder
409.945,167,place,RY,BUY,600,103.2900,-200,quote
410.684,168,place,CNR,BUY,3000,176.6000,-3000,quote
411.189,168,place,RY,BUY,100,103.2800,-200,quote
411.441,168,place,CNR,SELL,300,176.6200,-3000,quote
411.441,168,place,RY,BUY,300,103.2800,-200,quote
411.853,168,fill,CNR,BUY,1100,176.6050,-1900,mode=mm
412.109,169,place,CNR,SELL,1500,176.6100,-1900,quote
412.109,169,place,RY,BUY,100,103.2900,-200,quote
412.109,169,place,RY,SELL,100,103.3000,-200,quote
412.109,169,place,CNR,SELL,100,190.7200,-1900,ladder
412.660,169,fill,CNR,BUY,1900,176.6050,0,mode=mm
412.694,169,place,AC,BUY,200,31.8300,18975,agg
412.694,169,place,RY,BUY,100,103.2800,-200,quote
412.694,169,place,CNR,SELL,1200,203.0800,0,ladder
412.925,169,fill,CNR,SELL,1500,176.6050,-1500,mode=mm
413.050,169,fill,AC,BUY,200,31.8150,19175,mode=dir
413.304,169,fill,RY,BUY,200,103.2950,0,mode=mm
413.306,169,regime,RY,,,,,"mixed -> chop (er=0.07, net +0t over 10s)"
413.530,169,place,CNR,BUY,700,176.6200,-1500,quote
413.530,169,place,CNR,BUY,100,171.3000,-1500,ladder
413.530,169,place,CNR,BUY,100,162.4700,-1500,ladder
414.214,170,place,AC,BUY,334,31.9300,19175,agg
414.214,170,place,RY,BUY,300,103.2800,0,quote
414.214,170,place,RY,SELL,300,103.3000,0,quote
414.214,170,place,CNR,BUY,3500,176.6300,-1500,quote
414.214,170,place,CNR,SELL,100,176.6500,-1500,quote
414.214,170,place,CNR,BUY,300,171.3100,-1500,ladder
414.214,170,place,CNR,SELL,100,181.9000,-1500,ladder
414.638,170,fill,AC,BUY,334,31.8950,19509,mode=dir
414.904,170,fill,CNR,SELL,100,176.6450,-1600,mode=mm
415.535,170,place,RY,BUY,600,103.2600,0,quote
415.535,170,place,RY,SELL,600,103.2900,0,quote
415.830,170,regime,CNR,,,,,"3 stop-outs in 60s -> toxic flow: half size, no stepping inside for 30s"
415.830,170,stop,CNR,BUY,1600,176.7100,-1600,loss=5.8t stop=5.0t trend_against=False
415.835,170,place,CNR,BUY,1600,176.7100,-1600,agg
415.835,170,place,RY,BUY,1000,103.2800,0,quote
416.229,171,fill,CNR,BUY,1600,176.6650,0,mode=mm
416.938,171,place,AC,BUY,541,32.1000,19509,agg
416.938,171,place,RY,SELL,1000,103.2900,0,quote
416.938,171,place,CNR,SELL,1500,181.9400,0,ladder
416.938,171,place,CNR,SELL,100,190.7700,0,ladder
417.080,171,fill,AC,BUY,541,32.0350,20050,mode=dir
417.733,171,place,RY,BUY,1000,103.2800,0,quote
418.395,171,fill,RY,BUY,1000,103.2850,1000,mode=mm
418.448,172,place,RY,SELL,1000,103.2600,1000,quote
419.923,173,place,RY,SELL,1000,103.3200,1000,quote
420.356,173,place,CNR,BUY,1500,176.6800,0,quote
420.356,173,place,CNR,SELL,500,176.7100,0,quote
420.356,173,place,RY,BUY,100,103.3000,1000,quote
420.356,173,place,RY,SELL,1000,103.3100,1000,quote
420.356,173,place,CNR,BUY,500,171.3700,0,ladder
420.356,173,place,CNR,BUY,100,162.5400,0,ladder
420.532,173,place,RY,SELL,100,103.3000,1000,quote
420.776,173,fill,RY,SELL,100,103.3000,900,mode=mm
421.605,173,place,CNR,SELL,100,176.7100,0,quote
421.605,173,place,RY,SELL,600,103.3100,900,quote
421.605,173,place,CNR,BUY,100,150.1800,0,ladder
421.789,173,place,RY,SELL,100,103.3100,900,quote
422.048,173,place,RY,SELL,100,103.3100,900,quote
422.263,173,fill,RY,SELL,100,103.3100,800,mode=mm
422.264,174,place,RY,BUY,200,103.3000,800,quote
422.264,174,place,CNR,SELL,500,176.7100,0,quote
422.610,174,fill,RY,SELL,100,103.3100,700,mode=mm
422.611,174,place,CNR,SELL,100,176.7100,0,quote
422.611,174,place,RY,SELL,600,103.3200,700,quote
423.418,174,fill,CNR,BUY,600,176.6950,600,mode=mm
424.738,175,place,RY,SELL,100,103.3200,700,quote
425.047,175,place,RY,SELL,600,103.3200,700,quote
425.778,175,place,CNR,BUY,1200,176.7000,600,quote
425.778,175,place,CNR,SELL,1500,176.7400,600,quote
425.778,175,place,RY,SELL,600,103.3200,700,quote
425.930,175,place,RY,SELL,100,103.3100,700,quote
426.432,176,place,RY,SELL,100,103.3000,700,quote
426.873,176,fill,RY,SELL,200,103.2950,500,mode=mm
426.877,176,place,CNR,BUY,200,176.6900,600,quote
426.877,176,place,CNR,SELL,200,203.2100,600,ladder
427.309,176,place,CNR,BUY,1200,176.7000,600,quote
428.114,177,regime,RY,,,,,"chop -> mixed (er=0.33, net +5t over 10s)"
428.115,177,place,RY,SELL,600,103.3100,500,quote
428.534,177,fill,CNR,BUY,1100,176.7150,1700,mode=mm
428.535,177,regime,RY,,,,,"mixed -> chop (er=0.19, net +3t over 10s)"
430.039,178,place,CNR,BUY,200,176.7100,1700,quote
430.039,178,place,RY,BUY,100,103.2900,500,quote
430.039,178,place,RY,SELL,1000,103.3000,500,quote
430.252,178,place,RY,SELL,100,103.3000,500,quote
430.537,178,fill,RY,BUY,100,103.2950,600,mode=mm
431.063,178,fill,RY,SELL,100,103.2800,500,mode=mm
431.553,178,place,CNR,BUY,200,176.7100,1700,quote
431.553,178,place,RY,BUY,100,103.3000,500,quote
431.553,178,place,RY,SELL,1000,103.3100,500,quote
431.802,178,fill,RY,SELL,1000,103.3100,-500,mode=mm
431.805,178,place,RY,BUY,300,103.3200,-500,quote
432.326,179,fill,RY,BUY,300,103.3250,-200,mode=mm
434.109,180,place,RY,BUY,600,103.2800,-200,quote
434.109,180,place,RY,SELL,500,103.3000,-200,quote
434.109,180,place,CNR,BUY,100,176.7300,1700,quote
434.575,180,place,RY,BUY,300,103.3000,-200,quote
435.065,180,fill,RY,BUY,300,103.2950,100,mode=mm
435.641,180,place,CNR,BUY,200,176.7300,1700,quote
435.641,180,place,RY,BUY,100,103.2700,100,quote
435.641,180,place,RY,SELL,100,103.2900,100,quote
435.953,180,place,RY,SELL,600,103.2800,100,quote
436.084,181,place,RY,BUY,100,103.2700,100,quote
436.443,181,fill,RY,SELL,700,103.2750,-600,mode=mm
436.651,181,fill,RY,BUY,100,103.2750,-500,mode=mm
437.645,181,place,RY,BUY,300,103.2800,-500,quote
437.894,182,place,RY,BUY,100,103.3000,-500,quote
438.305,182,fill,RY,BUY,100,103.3050,-400,mode=mm
438.646,182,place,CNR,BUY,400,176.7700,1700,quote
438.646,182,place,RY,BUY,300,103.2900,-400,quote
439.215,182,place,RY,BUY,100,103.3100,-400,quote
439.391,182,fill,RY,BUY,300,103.3200,-100,mode=mm
439.395,182,stop,RY,BUY,100,103.3600,-100,loss=5.8t stop=5.0t trend_against=False
439.395,182,place,RY,BUY,100,103.3600,-100,agg
439.655,182,fill,RY,BUY,200,103.3150,100,mode=mm
439.659,182,place,RY,SELL,100,103.3100,100,quote
440.208,183,fill,RY,SELL,100,103.3050,0,mode=mm
440.210,183,dir_enter,CNR,LONG,1018,176.7950,1700,SLOW trend t=6.1 net=+27t over 21 case ticks
440.721,183,place,RY,BUY,600,103.3000,0,quote
441.738,183,place,RY,BUY,600,103.3000,0,quote
442.132,184,place,RY,BUY,300,103.3100,0,quote
442.429,184,place,RY,BUY,600,103.3200,0,quote
442.554,184,place,RY,SELL,1000,103.3300,0,quote
442.694,184,fill,RY,BUY,300,103.3200,300,mode=mm
443.063,184,fill,RY,SELL,1000,103.3300,-700,mode=mm
443.833,184,place,RY,BUY,100,103.2400,-700,quote
444.105,185,place,RY,BUY,1800,103.2500,-700,quote
444.105,185,place,RY,SELL,700,103.2700,-700,quote
444.360,185,place,RY,SELL,100,103.2700,-700,quote
444.833,185,fill,RY,SELL,700,103.2650,-1400,mode=mm
445.040,185,fill,RY,SELL,100,103.2900,-1500,mode=mm
446.083,186,place,RY,BUY,1000,103.3100,-1500,quote
446.637,186,fill,RY,BUY,1000,103.3150,-500,mode=mm
446.640,186,place,RY,BUY,1000,103.3000,-500,quote
446.640,186,place,RY,SELL,900,103.3100,-500,quote
447.232,186,place,RY,SELL,100,103.3100,-500,quote
447.678,186,fill,RY,SELL,100,103.3050,-600,mode=mm
448.069,187,place,RY,BUY,1000,103.3300,-600,quote
448.069,187,place,RY,SELL,800,103.3400,-600,quote
448.517,187,place,RY,BUY,100,103.3300,-600,quote
448.899,187,place,RY,BUY,1000,103.3300,-600,quote
449.120,187,fill,RY,BUY,100,103.3350,-500,mode=mm
449.427,187,fill,RY,BUY,1000,103.3350,500,mode=mm
450.072,187,place,RY,SELL,300,103.3200,500,quote
450.481,188,place,RY,SELL,1000,103.3200,500,quote
450.787,188,place,RY,BUY,900,103.3200,500,quote
450.787,188,place,RY,SELL,600,103.3400,500,quote
451.057,188,fill,RY,BUY,900,103.3300,1400,mode=mm
451.062,188,stop,RY,SELL,1400,103.2700,1400,loss=7.4t stop=5.0t trend_against=False
451.063,188,place,RY,SELL,1400,103.2700,1400,agg
451.487,188,fill,RY,SELL,1000,103.3150,400,mode=mm
451.893,188,fill,RY,SELL,1400,103.3350,-1000,mode=mm
452.046,188,place,RY,BUY,100,103.3100,-1000,quote
452.462,189,fill,RY,BUY,100,103.3200,-900,mode=mm
453.482,189,place,RY,BUY,900,103.3000,-900,quote
454.162,189,place,RY,BUY,1000,103.3400,-900,quote
454.162,189,place,RY,SELL,400,103.3500,-900,quote
454.338,190,place,RY,BUY,300,103.3400,-900,quote
454.338,190,place,RY,SELL,200,103.3500,-900,quote
454.537,190,place,RY,BUY,100,103.3400,-900,quote
455.320,190,place,RY,BUY,100,103.3400,-900,quote
455.647,190,fill,RY,BUY,100,103.3450,-800,mode=mm
455.650,190,place,RY,BUY,1800,103.3300,-800,quote
455.650,190,place,RY,SELL,400,103.3400,-800,quote
456.000,190,fill,RY,BUY,100,103.3350,-700,mode=mm
456.002,190,place,RY,SELL,400,103.3400,-700,quote
456.198,190,fill,RY,SELL,400,103.3350,-1100,mode=mm
457.225,191,place,RY,BUY,600,103.3200,-1100,quote
457.501,191,fill,RY,BUY,600,103.3200,-500,mode=mm
457.553,191,place,RY,SELL,500,103.3300,-500,quote
457.873,192,place,RY,SELL,500,103.3300,-500,quote
458.179,192,fill,RY,SELL,500,103.3250,-1000,mode=mm
458.182,192,place,RY,BUY,300,103.3300,-1000,quote
458.418,192,place,RY,BUY,100,103.3400,-1000,quote
459.021,192,fill,RY,BUY,100,103.3400,-900,mode=mm
459.159,192,place,RY,SELL,100,103.3500,-900,quote
459.743,192,place,RY,BUY,1000,103.3100,-900,quote
459.918,192,place,RY,BUY,1000,103.3200,-900,quote
460.251,193,fill,RY,BUY,2000,103.3200,1100,mode=mm
460.252,193,place,RY,SELL,300,103.3200,1100,quote
460.530,193,place,RY,SELL,100,103.3200,1100,quote
460.721,193,fill,RY,SELL,300,103.3150,800,mode=mm
460.723,193,place,RY,SELL,300,103.3400,800,quote
460.947,193,fill,RY,SELL,400,103.3300,400,mode=mm
461.312,193,place,RY,BUY,100,103.3300,400,quote
461.660,193,place,RY,SELL,1000,103.3700,400,quote
461.919,194,place,RY,SELL,300,103.3600,400,quote
462.331,194,place,RY,SELL,100,103.3600,400,quote
462.552,194,place,RY,SELL,100,103.3600,400,quote
462.781,194,place,RY,BUY,900,103.3500,400,quote
462.896,194,regime,RY,,,,,"chop -> mixed (er=0.26, net +4t over 10s)"
463.179,194,place,RY,BUY,100,103.3500,400,quote
463.299,194,place,RY,SELL,100,103.3600,400,quote
463.475,194,regime,RY,,,,,"mixed -> chop (er=0.08, net +1t over 10s)"
463.624,194,place,RY,BUY,100,103.3500,400,quote
463.624,194,place,RY,SELL,1000,103.3600,400,quote
463.828,194,fill,RY,BUY,100,103.3550,500,mode=mm
464.594,195,place,RY,BUY,500,103.3300,500,quote
464.594,195,place,RY,SELL,600,103.3400,500,quote
464.834,195,place,RY,BUY,300,103.3200,500,quote
464.834,195,place,RY,SELL,300,103.3300,500,quote
465.138,195,place,RY,BUY,100,103.3100,500,quote
465.452,195,place,RY,BUY,100,103.3100,500,quote
465.452,195,place,RY,SELL,1000,103.3200,500,quote
465.578,195,place,RY,SELL,100,103.3200,500,quote
466.138,195,fill,RY,BUY,100,103.3200,600,mode=mm
466.224,196,fill,RY,SELL,100,103.3150,500,mode=mm
466.225,196,place,RY,BUY,500,103.3100,500,quote
466.225,196,place,RY,SELL,600,103.3200,500,quote
466.853,196,fill,RY,SELL,600,103.3350,-100,mode=mm
466.965,196,place,RY,BUY,600,103.3300,-100,quote
466.965,196,place,RY,SELL,300,103.3400,-100,quote
467.323,196,place,RY,BUY,100,103.3400,-100,quote
467.323,196,place,RY,SELL,100,103.3600,-100,quote
467.391,196,fill,RY,BUY,300,103.3450,200,mode=mm
467.539,196,place,RY,BUY,100,103.2900,200,quote
467.539,196,place,RY,SELL,600,103.3500,200,quote
467.920,196,fill,RY,SELL,600,103.3200,-400,mode=mm
467.937,196,place,RY,BUY,1000,103.3500,-400,quote
467.937,196,place,RY,SELL,100,103.3600,-400,quote
468.248,197,fill,RY,BUY,1000,103.3500,600,mode=mm
470.424,198,regime,RY,,,,,"chop -> mixed (er=0.25, net +5t over 10s)"
470.552,198,place,RY,SELL,600,103.3700,600,quote
470.806,198,regime,RY,,,,,"mixed -> chop (er=0.13, net +3t over 10s)"
470.895,198,place,RY,BUY,800,103.3400,600,quote
470.895,198,place,RY,SELL,1000,103.3600,600,quote
471.115,198,place,RY,BUY,100,103.3500,600,quote
471.330,198,place,RY,SELL,300,103.3600,600,quote
471.546,198,fill,RY,SELL,1000,103.3600,-400,mode=mm
472.668,199,place,RY,BUY,1800,103.3600,-400,quote
472.668,199,place,RY,SELL,500,103.3700,-400,quote
472.981,199,place,RY,SELL,500,103.3700,-400,quote
473.341,199,fill,RY,BUY,1800,103.3650,1400,mode=mm
473.354,199,place,RY,SELL,300,103.3600,1400,quote
473.621,199,place,RY,SELL,100,103.3300,1400,quote
473.939,199,fill,RY,SELL,300,103.3250,1100,mode=mm
474.342,200,fill,RY,SELL,100,103.3250,1000,mode=mm
474.448,200,place,RY,BUY,400,103.3300,1000,quote
474.448,200,place,RY,SELL,1000,103.3600,1000,quote
474.596,200,fill,RY,BUY,400,103.3450,1400,mode=mm
474.597,200,regime,RY,,,,,"3 stop-outs in 60s -> toxic flow: half size, no stepping inside for 30s"
474.597,200,stop,RY,SELL,1400,103.2600,1400,loss=5.1t stop=5.0t trend_against=False
474.600,200,place,RY,SELL,1400,103.2600,1400,agg
474.907,200,fill,RY,SELL,1400,103.3300,0,mode=mm
476.169,200,place,RY,SELL,100,103.3400,0,quote
476.778,201,fill,RY,SELL,100,103.3250,-100,mode=mm
477.219,201,place,RY,BUY,100,103.2900,-100,quote
477.219,201,place,RY,SELL,800,103.3200,-100,quote
477.445,201,place,RY,BUY,100,103.2700,-100,quote
477.445,201,place,RY,SELL,400,103.3100,-100,quote
477.733,201,fill,RY,SELL,800,103.2900,-900,mode=mm
477.733,201,regime,RY,,,,,"chop -> mixed (er=0.29, net -6t over 10s)"
477.734,201,place,RY,BUY,500,103.2700,-900,quote
478.579,202,place,RY,BUY,100,103.2700,-900,quote
478.799,202,place,RY,SELL,100,103.3000,-900,quote
478.941,202,place,RY,BUY,1600,103.2700,-900,quote
479.207,202,fill,RY,SELL,100,103.2850,-1000,mode=mm
480.478,202,place,RY,BUY,900,103.3000,-1000,quote
480.478,202,place,RY,SELL,300,103.3500,-1000,quote
481.026,203,regime,RY,,,,,"mixed -> chop (er=0.08, net -2t over 10s)"
481.026,203,place,RY,SELL,100,103.3600,-1000,quote
481.288,203,fill,RY,BUY,900,103.3350,-100,mode=mm
481.578,203,regime,RY,,,,,"chop -> mixed (er=0.26, net -8t over 10s)"
481.837,203,regime,RY,,,,,"mixed -> chop (er=0.08, net -2t over 10s)"
482.043,203,place,RY,BUY,500,103.3300,-100,quote
482.043,203,place,RY,SELL,800,103.3700,-100,quote
482.268,204,place,RY,BUY,100,103.3400,-100,quote
482.268,204,place,RY,SELL,200,103.3800,-100,quote
482.569,204,fill,RY,BUY,100,103.3550,0,mode=mm
482.572,204,regime,AC,,,,,"TREND -> mixed (er=0.38, net +5t over 10s)"
482.863,204,place,RY,SELL,500,103.3700,0,quote
483.888,204,regime,AC,,,,,"mixed -> chop (er=0.11, net +1t over 10s)"
484.149,204,place,RY,BUY,900,103.3100,0,quote
484.149,204,place,RY,SELL,500,103.3500,0,quote
484.229,205,place,RY,SELL,300,103.3400,0,quote
484.718,205,fill,RY,BUY,900,103.3250,900,mode=mm
485.141,205,regime,AC,,,,,"chop -> mixed (er=0.33, net -2t over 10s)"
485.367,205,fill,RY,SELL,300,103.3150,600,mode=mm
485.368,205,place,RY,SELL,500,103.3400,600,quote
485.523,205,dir_exit,AC,,20050,34.5250,20050,fast stalled 8s without new extreme
485.523,205,regime,AC,,,,,winning ride +578t -> entry bar x1.57
485.525,205,place,AC,SELL,5000,34.4800,20050,agg
485.699,205,place,RY,SELL,500,103.3300,600,quote
485.915,205,fill,RY,SELL,500,103.3150,100,mode=mm
485.915,205,fill,AC,SELL,5000,34.5250,15050,mode=cut
485.918,205,place,RY,BUY,2400,103.3100,100,quote
485.918,205,place,RY,SELL,2500,103.3800,100,quote
486.126,205,fill,RY,SELL,500,103.3400,-400,mode=mm
486.128,206,place,RY,BUY,2600,103.3300,-400,quote
486.515,206,place,RY,BUY,900,103.3400,-400,quote
486.865,206,fill,RY,BUY,2600,103.3550,2200,mode=mm
486.884,206,place,AC,SELL,5000,34.4800,15050,agg
487.173,206,fill,AC,SELL,5000,34.5250,10050,mode=cut
487.177,206,place,RY,SELL,1800,103.3700,2200,quote
487.966,206,fill,RY,BUY,900,103.3550,3100,mode=mm
487.971,206,place,AC,SELL,5000,34.4800,10050,agg
487.971,206,place,RY,BUY,500,103.3300,3100,quote
488.144,206,fill,AC,SELL,5000,34.5250,5050,mode=cut
488.148,206,place,RY,BUY,500,103.3200,3100,quote
488.148,206,place,RY,SELL,2000,103.3600,3100,quote
488.449,206,fill,RY,BUY,500,103.3450,3600,mode=mm
488.457,207,place,RY,BUY,700,103.2600,3600,quote
488.705,207,place,RY,BUY,700,103.2700,3600,quote
488.705,207,place,RY,SELL,3500,103.3500,3600,quote
489.000,207,place,AC,SELL,5000,34.4800,5050,agg
489.000,207,place,RY,BUY,700,103.2900,3600,quote
489.285,207,fill,AC,SELL,5000,34.5250,50,mode=cut
489.497,207,place,RY,BUY,400,103.3000,3600,quote
489.497,207,place,RY,SELL,3500,103.3500,3600,quote
489.759,207,place,RY,BUY,700,103.2600,3600,quote
489.759,207,place,RY,SELL,3500,103.3300,3600,quote
490.070,207,fill,RY,BUY,400,103.3050,4000,mode=mm
490.071,208,place,AC,SELL,50,34.4800,50,agg
490.071,208,place,RY,BUY,300,103.2800,4000,quote
490.071,208,place,RY,SELL,2100,103.3100,4000,quote
490.188,208,fill,AC,SELL,50,34.5250,0,mode=cut
490.213,208,place,RY,BUY,600,103.2700,4000,quote
490.720,208,fill,RY,SELL,2100,103.3000,1900,mode=mm
490.720,208,place,RY,BUY,700,103.2800,1900,quote
490.720,208,place,RY,SELL,600,103.3100,1900,quote
490.943,208,place,RY,BUY,700,103.2900,1900,quote
490.943,208,place,RY,SELL,1800,103.3200,1900,quote
491.351,208,regime,AC,,,,,"mixed -> chop (er=0.00, net +0t over 10s)"
491.573,208,fill,RY,SELL,1800,103.3050,100,mode=mm
491.574,208,place,RY,BUY,2400,103.2900,100,quote
491.574,208,place,RY,SELL,2500,103.3700,100,quote
491.748,208,place,RY,BUY,2400,103.3000,100,quote
491.748,208,place,RY,SELL,2500,103.3500,100,quote
491.968,208,place,RY,BUY,2400,103.3100,100,quote
492.249,208,place,RY,BUY,1400,103.3200,100,quote
492.503,209,fill,RY,BUY,900,103.3350,1000,mode=mm
492.508,209,place,RY,BUY,1700,103.3000,1000,quote
492.863,209,place,RY,BUY,1000,103.3100,1000,quote
492.863,209,place,RY,SELL,1600,103.3400,1000,quote
493.276,209,fill,RY,SELL,3600,103.3250,-2600,mode=mm
493.277,209,place,RY,BUY,1900,103.3400,-2600,quote
493.277,209,place,RY,SELL,600,103.3800,-2600,quote
493.736,209,place,RY,BUY,1900,103.3500,-2600,quote
493.736,209,place,RY,SELL,600,103.4000,-2600,quote
493.974,209,place,RY,SELL,600,103.3900,-2600,quote
494.274,210,regime,RY,,,,,"chop -> mixed (er=0.28, net +7t over 10s)"
494.563,210,place,RY,SELL,1000,103.4000,-2600,quote
494.762,210,place,RY,BUY,1900,103.3600,-2600,quote
495.111,210,fill,RY,BUY,1300,103.3750,-1300,mode=mm
495.122,210,place,RY,SELL,900,103.3900,-1300,quote
495.326,210,fill,RY,BUY,1900,103.3750,600,mode=mm
495.341,210,regime,RY,,,,,"mixed -> chop (er=0.15, net +4t over 10s)"
495.341,210,place,RY,BUY,2000,103.3200,600,quote
495.565,210,place,RY,BUY,2000,103.3300,600,quote
495.565,210,place,RY,SELL,2600,103.3800,600,quote
495.843,210,place,RY,BUY,1200,103.3400,600,quote
495.843,210,place,RY,SELL,1600,103.3700,600,quote
496.320,211,fill,RY,SELL,1600,103.3550,-1000,mode=mm
496.328,211,place,RY,SELL,1700,103.3800,-1000,quote
496.635,211,fill,RY,BUY,1200,103.3600,200,mode=mm
496.636,211,place,RY,BUY,1400,103.3500,200,quote
497.158,211,fill,RY,BUY,1400,103.3650,1600,mode=mm
497.163,211,place,RY,BUY,800,103.2900,1600,quote
497.163,211,place,RY,SELL,1700,103.3300,1600,quote
498.033,211,place,RY,BUY,800,103.3000,1600,quote
498.221,211,fill,RY,SELL,1700,103.3150,-100,mode=mm
498.222,212,place,RY,BUY,1500,103.3400,-100,quote
498.222,212,place,RY,SELL,1400,103.3700,-100,quote
499.020,212,fill,RY,SELL,1400,103.3550,-1500,mode=mm
499.023,212,place,RY,BUY,2900,103.3500,-1500,quote
499.023,212,place,RY,SELL,1500,103.3900,-1500,quote
499.464,212,place,RY,BUY,1700,103.3600,-1500,quote
499.592,212,place,RY,SELL,900,103.4000,-1500,quote
500.196,213,regime,RY,,,,,"chop -> mixed (er=0.32, net +8t over 10s)"
500.471,213,place,RY,BUY,1700,103.3700,-1500,quote
500.471,213,place,RY,SELL,900,103.4100,-1500,quote
500.687,213,place,RY,SELL,900,103.4000,-1500,quote
501.217,213,place,RY,BUY,2900,103.3600,-1500,quote
501.462,213,regime,RY,,,,,"mixed -> chop (er=0.17, net +4t over 10s)"
501.463,213,place,RY,BUY,2900,103.3400,-1500,quote
501.463,213,place,RY,SELL,1500,103.3900,-1500,quote
502.096,214,place,RY,BUY,2900,103.3600,-1500,quote
502.096,214,place,RY,SELL,1500,103.4000,-1500,quote
502.290,214,place,RY,BUY,1700,103.3700,-1500,quote
503.282,214,place,RY,SELL,1500,103.4100,-1500,quote
503.569,214,place,RY,BUY,1700,103.3800,-1500,quote
504.607,215,place,RY,BUY,3500,103.3900,-1500,quote
504.607,215,place,RY,SELL,1800,103.4000,-1500,quote
505.080,215,fill,RY,BUY,3500,103.3950,2000,mode=mm
506.111,215,place,RY,BUY,2500,103.3500,2000,quote
506.111,215,place,RY,SELL,5000,103.3900,2000,quote
506.226,215,place,RY,BUY,2500,103.3600,2000,quote
506.529,215,place,RY,SELL,5000,103.3700,2000,quote
506.674,215,fill,RY,BUY,2500,103.3700,4500,mode=mm
506.676,216,place,RY,BUY,1100,103.3300,4500,quote
506.676,216,place,RY,SELL,5000,103.3600,4500,quote
506.927,216,fill,RY,SELL,5000,103.3600,-500,mode=mm
506.930,216,place,RY,BUY,3100,103.3500,-500,quote
507.275,216,fill,RY,SELL,5000,103.3550,-5500,mode=mm
507.285,216,regime,RY,,,,,"chop -> mixed (er=0.35, net +6t over 10s)"
507.477,216,place,RY,BUY,5000,103.3800,-5500,quote
507.477,216,place,RY,SELL,700,103.4100,-5500,quote
507.642,216,place,RY,BUY,4800,103.3700,-5500,quote
507.642,216,place,RY,SELL,200,103.4000,-5500,quote
507.980,216,fill,RY,BUY,5000,103.3750,-500,mode=mm
507.981,216,place,RY,BUY,3000,103.3900,-500,quote
507.981,216,place,RY,SELL,4200,103.4000,-500,quote
508.922,217,regime,RY,,,,,"mixed -> chop (er=0.15, net +2t over 10s)"
509.438,217,fill,RY,BUY,3000,103.3950,2500,mode=mm
509.440,217,place,RY,BUY,2100,103.3600,2500,quote
509.440,217,place,RY,SELL,5000,103.3900,2500,quote
509.650,217,place,RY,BUY,1300,103.3700,2500,quote
509.916,217,fill,RY,SELL,5000,103.3850,-2500,mode=mm
509.921,217,place,RY,BUY,3800,103.3800,-2500,quote
509.921,217,place,RY,SELL,1300,103.4000,-2500,quote
510.455,218,fill,RY,BUY,2500,103.3850,0,mode=mm
510.639,218,place,RY,BUY,3000,103.4000,0,quote
510.639,218,place,RY,SELL,3000,103.4100,0,quote
510.960,218,fill,RY,BUY,2800,103.4050,2800,mode=mm
510.962,218,place,RY,BUY,1100,103.3900,2800,quote
511.225,218,fill,RY,BUY,200,103.4050,3000,mode=mm
511.310,218,regime,RY,,,,,"chop -> mixed (er=0.31, net +4t over 10s)"
511.524,218,fill,RY,BUY,1100,103.4050,4100,mode=mm
511.537,218,place,RY,BUY,700,103.3900,4100,quote
511.969,218,fill,RY,SELL,3000,103.4050,1100,mode=mm
511.970,218,place,RY,BUY,3400,103.4000,1100,quote
511.970,218,place,RY,SELL,5000,103.4100,1100,quote
512.191,218,fill,RY,BUY,700,103.4100,1800,mode=mm
512.193,218,regime,RY,,,,,"mixed -> chop (er=0.04, net +1t over 10s)"
512.193,218,place,RY,BUY,2700,103.3800,1800,quote
512.193,218,place,RY,SELL,5000,103.4000,1800,quote
512.344,218,fill,RY,BUY,3400,103.3900,5200,mode=mm
512.413,219,fill,RY,SELL,3400,103.4050,1800,mode=mm
512.414,219,place,RY,BUY,2700,103.3900,1800,quote
512.414,219,place,RY,SELL,5000,103.4000,1800,quote
512.671,219,fill,RY,SELL,1500,103.4000,300,mode=mm
512.980,219,fill,RY,SELL,5000,103.3950,-4700,mode=mm
512.984,219,place,RY,BUY,5000,103.4100,-4700,quote
512.984,219,place,RY,SELL,1000,103.4400,-4700,quote
513.274,219,fill,RY,BUY,5000,103.4050,300,mode=mm
513.283,219,place,RY,SELL,3100,103.4100,300,quote
513.607,219,place,RY,BUY,2700,103.4000,300,quote
513.763,219,place,RY,BUY,4500,103.3900,300,quote
513.763,219,place,RY,SELL,5000,103.4000,300,quote
514.034,219,fill,RY,SELL,500,103.4000,-200,mode=mm
514.041,219,place,RY,SELL,4600,103.4100,-200,quote
514.818,220,fill,RY,SELL,2300,103.3900,-2500,mode=mm
514.820,220,place,RY,BUY,3800,103.3800,-2500,quote
515.327,220,place,RY,SELL,1300,103.4000,-2500,quote
515.467,220,place,RY,BUY,5000,103.3900,-2500,quote
515.467,220,place,RY,SELL,2100,103.4200,-2500,quote
515.810,220,fill,RY,BUY,3700,103.4000,1200,mode=mm
515.811,220,place,RY,SELL,5000,103.4100,1200,quote
516.065,220,place,RY,SELL,5000,103.4000,1200,quote
516.621,220,place,RY,BUY,3300,103.3500,1200,quote
516.621,220,place,RY,SELL,3000,103.3800,1200,quote
516.761,221,place,RY,SELL,5000,103.3600,1200,quote
517.844,221,fill,RY,BUY,3300,103.3550,4500,mode=mm
517.855,221,place,RY,BUY,1100,103.3400,4500,quote
518.112,221,regime,RY,,,,,"chop -> mixed (er=0.31, net -5t over 10s)"
518.113,221,place,RY,BUY,1100,103.3300,4500,quote
518.113,221,place,RY,SELL,5000,103.3500,4500,quote
518.501,221,fill,RY,SELL,5000,103.3500,-500,mode=mm
518.514,221,place,RY,BUY,3100,103.3400,-500,quote
519.060,221,fill,RY,SELL,5000,103.3450,-5500,mode=mm
519.135,222,regime,RY,,,,,"mixed -> chop (er=0.21, net -4t over 10s)"
519.136,222,place,RY,BUY,5000,103.3600,-5500,quote
519.136,222,place,RY,SELL,700,103.3900,-5500,quote
519.360,222,place,RY,BUY,4800,103.3700,-5500,quote
519.360,222,place,RY,SELL,400,103.4000,-5500,quote
519.633,222,fill,RY,SELL,700,103.3750,-6200,mode=mm
519.796,222,fill,RY,BUY,2500,103.3750,-3700,mode=mm
519.819,222,place,RY,BUY,5000,103.3900,-3700,quote
519.819,222,place,RY,SELL,1400,103.4100,-3700,quote
520.163,222,fill,RY,SELL,300,103.3900,-4000,mode=mm
520.166,222,stop,RY,BUY,4000,103.4700,-4000,loss=5.3t stop=5.0t trend_against=False
520.168,222,place,RY,BUY,4000,103.4700,-4000,agg
520.693,223,fill,RY,BUY,4000,103.4150,0,mode=mm
520.702,223,place,RY,BUY,5000,103.4100,0,quote
521.107,223,place,RY,BUY,5000,103.4200,0,quote
522.353,223,fill,RY,BUY,5000,103.4250,5000,mode=mm
522.357,223,place,RY,BUY,900,103.4000,5000,quote
522.357,223,place,RY,SELL,5000,103.4300,5000,quote
524.658,225,fill,RY,BUY,900,103.4250,5900,mode=mm
524.672,225,place,RY,BUY,600,103.3800,5900,quote
524.672,225,place,RY,SELL,5000,103.4100,5900,quote
525.299,225,fill,RY,SELL,5000,103.4050,900,mode=mm
525.301,225,place,RY,BUY,3700,103.4000,900,quote
525.301,225,place,RY,SELL,5000,103.4100,900,quote
525.565,225,place,RY,SELL,5000,103.4200,900,quote
525.747,225,fill,RY,SELL,5000,103.4150,-4100,mode=mm
526.051,225,fill,RY,SELL,5000,103.4150,-9100,mode=mm
526.051,225,place,RY,BUY,3000,103.4100,-9100,quote
526.425,226,regime,RY,,,,,"chop -> mixed (er=0.41, net +5t over 10s)"
526.426,226,place,RY,BUY,5000,103.4200,-9100,quote
526.716,226,fill,RY,BUY,5000,103.4250,-4100,mode=mm
526.719,226,place,RY,SELL,700,103.4400,-4100,quote
526.956,226,place,RY,BUY,5000,103.4300,-4100,quote
526.956,226,place,RY,SELL,1200,103.4500,-4100,quote
527.206,226,regime,AC,,,,,"chop -> mixed (er=1.00, net +0t over 10s)"
527.951,226,fill,RY,BUY,5000,103.4350,900,mode=mm
527.954,226,place,RY,BUY,2200,103.3800,900,quote
527.954,226,place,RY,SELL,3300,103.4000,900,quote
528.504,226,place,RY,BUY,2200,103.3900,900,quote
528.841,227,fill,RY,SELL,3300,103.3950,-2400,mode=mm
528.842,227,place,RY,BUY,5000,103.4000,-2400,quote
528.842,227,place,RY,SELL,2200,103.4300,-2400,quote
529.100,227,place,AC,BUY,3000,34.5400,0,quote
529.100,227,place,AC,SELL,3000,34.5500,0,quote
529.100,227,place,RY,BUY,1300,103.4200,-2400,quote
529.100,227,place,RY,SELL,1300,103.4400,-2400,quote
529.100,227,place,AC,BUY,100,33.4900,0,ladder
529.100,227,place,AC,SELL,100,35.5700,0,ladder
529.100,227,place,AC,BUY,100,31.7700,0,ladder
529.100,227,place,AC,SELL,100,37.2900,0,ladder
529.375,227,place,AC,BUY,5000,34.5500,0,quote
529.375,227,place,AC,SELL,5000,34.5600,0,quote
529.375,227,place,AC,BUY,2000,29.3500,0,ladder
529.375,227,place,AC,SELL,2000,39.7100,0,ladder
529.592,227,fill,RY,SELL,2200,103.4250,-4600,mode=mm
529.592,227,fill,AC,SELL,3000,34.5500,-3000,mode=mm
529.730,227,regime,RY,,,,,"mixed -> chop (er=0.25, net +4t over 10s)"
529.783,227,fill,RY,BUY,1300,103.4300,-3300,mode=mm
529.784,227,fill,AC,SELL,5000,34.5600,-8000,mode=mm
530.561,228,place,RY,BUY,1800,103.4300,-3300,quote
530.851,228,place,AC,BUY,5000,34.5600,-8000,quote
531.174,228,place,RY,BUY,3000,103.4400,-3300,quote
531.315,228,fill,RY,BUY,1800,103.4400,-1500,mode=mm
531.323,228,place,RY,SELL,3000,103.4500,-1500,quote
531.645,228,fill,RY,BUY,3000,103.4450,1500,mode=mm
531.889,228,place,RY,BUY,1800,103.4400,1500,quote
532.499,229,place,RY,BUY,3000,103.4200,1500,quote
532.499,229,place,RY,SELL,5000,103.4300,1500,quote
532.850,229,fill,RY,BUY,1800,103.4250,3300,mode=mm
532.851,229,fill,AC,BUY,5000,34.5650,-3000,mode=mm
532.858,229,place,RY,BUY,1600,103.3700,3300,quote
532.858,229,place,RY,SELL,5000,103.4100,3300,quote
532.858,229,place,AC,BUY,4000,34.5600,-3000,quote
532.858,229,place,AC,SELL,1100,34.5800,-3000,quote
532.858,229,place,AC,SELL,1500,35.5900,-3000,ladder
532.858,229,place,AC,SELL,1500,37.3200,-3000,ladder
532.858,229,place,AC,SELL,2000,39.7400,-3000,ladder
532.976,229,place,RY,BUY,1600,103.3800,3300,quote
533.298,229,fill,RY,BUY,3000,103.4050,6300,mode=mm
533.701,229,fill,AC,BUY,100,34.5650,-2900,mode=mm
533.976,229,fill,RY,SELL,5000,103.4050,1300,mode=mm
533.976,229,fill,AC,BUY,1400,34.5650,-1500,mode=mm
533.979,229,place,RY,BUY,3200,103.4000,1300,quote
533.979,229,place,RY,SELL,5000,103.4100,1300,quote
534.489,229,fill,AC,BUY,2500,34.5650,1000,mode=mm
534.490,230,place,AC,BUY,1200,34.5500,1000,quote
534.490,230,place,AC,SELL,3000,34.5600,1000,quote
534.490,230,place,RY,BUY,600,103.4100,1300,quote
534.490,230,place,RY,SELL,3000,103.4200,1300,quote
534.490,230,place,AC,SELL,300,35.5900,1000,ladder
534.789,230,fill,RY,SELL,1200,103.4150,100,mode=mm
534.790,230,fill,AC,BUY,800,34.5600,1800,mode=mm
534.925,230,fill,AC,BUY,400,34.5550,2200,mode=mm
534.927,230,place,AC,BUY,2400,34.5400,2200,quote
534.927,230,place,AC,SELL,5000,34.5500,2200,quote
534.927,230,place,RY,BUY,500,103.3900,100,quote
534.927,230,place,RY,SELL,1000,103.4000,100,quote
534.927,230,place,AC,BUY,500,33.5200,2200,ladder
534.927,230,place,AC,SELL,300,37.3200,2200,ladder
535.174,230,fill,AC,BUY,1300,34.5500,3500,mode=mm
535.419,230,fill,AC,BUY,1100,34.5450,4600,mode=mm
535.496,230,place,AC,BUY,1000,34.4900,4600,quote
535.496,230,place,AC,SELL,5000,34.5200,4600,quote
535.496,230,place,RY,BUY,4800,103.3900,100,quote
535.496,230,place,RY,SELL,1800,103.4000,100,quote
535.496,230,place,AC,SELL,1200,39.7400,4600,ladder
535.611,230,regime,AC,,,,,"mixed -> chop (er=0.06, net -1t over 10s)"
535.652,230,fill,RY,SELL,1800,103.3950,-1700,mode=mm
536.260,230,place,RY,BUY,5000,103.4100,-1700,quote
536.260,230,place,RY,SELL,2800,103.4300,-1700,quote
536.260,230,place,AC,BUY,600,34.5000,4600,quote
536.486,230,fill,RY,SELL,2800,103.4150,-4500,mode=mm
536.487,230,place,RY,BUY,5000,103.4200,-4500,quote
536.487,230,place,RY,SELL,100,103.4400,-4500,quote
536.722,231,place,RY,BUY,1000,103.4300,-4500,quote
536.722,231,place,RY,SELL,1100,103.4500,-4500,quote
536.989,231,fill,RY,BUY,5000,103.4300,500,mode=mm
536.992,231,place,RY,BUY,4200,103.4300,500,quote
536.992,231,place,RY,SELL,5000,103.4400,500,quote
537.257,231,fill,RY,SELL,5000,103.4350,-4500,mode=mm
537.263,231,place,RY,BUY,5000,103.4400,-4500,quote
537.263,231,place,RY,SELL,600,103.4600,-4500,quote
537.849,231,fill,RY,BUY,5000,103.4400,500,mode=mm
537.855,231,place,RY,SELL,5000,103.4500,500,quote
537.901,231,regime,RY,,,,,"chop -> mixed (er=0.26, net +5t over 10s)"
538.575,232,fill,RY,SELL,5000,103.4450,-4500,mode=mm
538.575,232,fill,AC,SELL,3081,34.5150,1519,mode=mm
538.577,232,regime,RY,,,,,"mixed -> chop (er=0.20, net +3t over 10s)"
538.577,232,regime,AC,,,,,"chop -> mixed (er=0.33, net -2t over 10s)"
538.825,232,fill,AC,SELL,20,34.5150,1499,mode=mm
539.039,232,fill,AC,SELL,1899,34.5150,-400,mode=mm
539.538,232,place,RY,BUY,5000,103.4300,-4500,quote
539.538,232,place,RY,SELL,1100,103.4600,-4500,quote
539.928,232,fill,RY,BUY,5000,103.4350,500,mode=mm
539.930,232,place,RY,BUY,2500,103.4100,500,quote
539.930,232,place,RY,SELL,5000,103.4300,500,quote
540.078,232,regime,AC,,,,,"mixed -> chop (er=0.11, net -1t over 10s)"
540.079,232,place,RY,BUY,4200,103.4500,500,quote
540.079,232,place,RY,SELL,5000,103.4600,500,quote
540.079,232,place,AC,BUY,3100,34.5500,-400,quote
540.079,232,place,AC,SELL,2600,34.5600,-400,quote
540.079,232,place,AC,BUY,1500,33.4900,-400,ladder
540.079,232,place,AC,SELL,1500,35.5700,-400,ladder
540.079,232,place,AC,BUY,1500,31.7700,-400,ladder
540.079,232,place,AC,SELL,1500,37.2900,-400,ladder
540.079,232,place,AC,BUY,2000,29.3500,-400,ladder
540.079,232,place,AC,SELL,1200,39.7100,-400,ladder
540.300,232,fill,RY,SELL,5000,103.4550,-4500,mode=mm
540.573,233,fill,RY,BUY,4200,103.4250,-300,mode=mm
540.574,233,fill,AC,SELL,2600,34.5550,-3000,mode=mm
540.575,233,place,RY,BUY,300,103.4200,-300,quote
540.575,233,place,AC,BUY,3000,34.5600,-3000,quote
541.073,233,fill,RY,BUY,300,103.4250,0,mode=mm
541.641,233,regime,AC,,,,,"chop -> mixed (er=0.29, net +4t over 10s)"
541.752,233,place,RY,BUY,1800,103.4300,0,quote
541.752,233,place,RY,SELL,5000,103.4500,0,quote
541.752,233,place,AC,BUY,1800,34.6000,-3000,quote
541.752,233,place,AC,SELL,300,34.6400,-3000,quote
541.954,233,place,RY,BUY,100,103.4400,0,quote
541.954,233,place,RY,SELL,1000,103.4600,0,quote
542.349,233,fill,RY,SELL,5000,103.4450,-5000,mode=mm
542.351,233,stop,AC,BUY,3000,34.6700,-3000,loss=6.5t stop=5.0t trend_against=False
542.351,233,place,AC,BUY,3000,34.6700,-3000,agg
542.806,234,regime,RY,,,,,"chop -> mixed (er=0.28, net +5t over 10s)"
542.806,234,place,RY,BUY,5000,103.4500,-5000,quote
542.806,234,place,RY,SELL,900,103.4800,-5000,quote
543.306,234,fill,AC,BUY,3000,34.6550,0,mode=mm
543.957,234,place,RY,BUY,4600,103.4600,-5000,quote
543.957,234,place,RY,SELL,500,103.4900,-5000,quote
543.957,234,place,AC,BUY,3000,34.6800,0,quote
543.957,234,place,AC,BUY,1500,33.5600,0,ladder
543.957,234,place,AC,SELL,1500,35.6400,0,ladder
543.957,234,place,AC,BUY,1500,31.8300,0,ladder
543.957,234,place,AC,SELL,1500,37.3700,0,ladder
543.957,234,place,AC,BUY,700,29.4100,0,ladder
543.957,234,place,AC,SELL,2000,39.7900,0,ladder
544.264,234,regime,AC,,,,,"mixed -> TREND (er=0.60, net +13t over 10s)"
544.266,234,place,AC,BUY,300,34.6900,0,quote
544.412,234,place,AC,BUY,3000,34.7000,0,quote
544.519,235,place,AC,BUY,1500,34.6900,0,quote
544.807,235,fill,RY,BUY,4600,103.4650,-400,mode=mm
544.808,235,regime,RY,,,,,"mixed -> chop (er=0.21, net +4t over 10s)"
545.029,235,place,RY,BUY,1800,103.4100,-400,quote
545.029,235,place,RY,SELL,4300,103.4500,-400,quote
545.029,235,place,AC,BUY,900,34.7100,0,quote
545.168,235,place,RY,BUY,100,103.4300,-400,quote
545.461,235,place,RY,BUY,3000,103.4300,-400,quote
545.461,235,place,RY,SELL,2500,103.4400,-400,quote
545.743,235,place,RY,SELL,900,103.4500,-400,quote
545.866,235,place,RY,BUY,5000,103.4400,-400,quote
545.866,235,place,AC,BUY,1500,34.7300,0,quote
546.066,235,fill,RY,SELL,3100,103.4450,-3500,mode=mm
546.067,235,regime,CNR,,,,,"mixed -> TREND (er=1.00, net +12t over 10s)"
546.307,235,fill,RY,BUY,2700,103.4500,-800,mode=mm
546.311,236,place,RY,BUY,5000,103.4500,-800,quote
546.311,236,place,RY,SELL,3800,103.4700,-800,quote
546.311,236,place,AC,BUY,900,34.7500,0,quote
546.492,236,fill,RY,BUY,5000,103.4550,4200,mode=mm
546.711,236,fill,RY,BUY,5000,103.4600,9200,mode=mm
546.915,236,place,RY,SELL,1800,103.4500,9200,quote
546.979,236,place,RY,SELL,100,103.4600,9200,quote
547.318,236,fill,RY,SELL,1800,103.4550,7400,mode=mm
547.521,236,stop,RY,SELL,5000,103.3800,7400,loss=5.5t stop=5.0t trend_against=False
547.522,236,place,RY,SELL,5000,103.3800,7400,agg
547.626,236,place,AC,BUY,1500,34.8000,0,quote
547.831,236,fill,RY,SELL,5000,103.4300,2400,mode=mm
547.832,236,place,RY,SELL,3000,103.4300,2400,quote
548.028,236,fill,RY,SELL,3000,103.4250,-600,mode=mm
548.133,236,place,RY,BUY,600,103.4400,-600,quote
548.133,236,place,RY,SELL,2400,103.4600,-600,quote
548.133,236,place,AC,BUY,900,34.8100,0,quote
548.393,237,place,RY,BUY,600,103.3900,-600,quote
548.393,237,place,AC,BUY,1500,34.8200,0,quote
548.393,237,place,AC,BUY,900,33.7000,0,ladder
548.393,237,place,AC,BUY,100,31.9600,0,ladder
548.393,237,place,AC,SELL,2000,39.9500,0,ladder
548.729,237,fill,RY,SELL,1800,103.4150,-2400,mode=mm
549.302,237,place,RY,BUY,800,103.4100,-2400,quote
549.962,237,place,RY,BUY,2400,103.4200,-2400,quote
549.962,237,place,RY,SELL,1300,103.4400,-2400,quote
549.962,237,place,AC,BUY,300,34.8800,0,quote
549.962,237,place,AC,SELL,300,35.8400,0,ladder
549.962,237,place,AC,SELL,100,37.5800,0,ladder
551.062,237,fill,RY,BUY,800,103.4200,-1600,mode=mm
551.088,238,place,RY,BUY,5000,103.4000,-1600,quote
551.088,238,place,RY,SELL,2900,103.4200,-1600,quote
551.088,238,place,AC,BUY,1500,34.9200,0,quote
551.088,238,place,AC,BUY,2000,29.6100,0,ladder
551.234,238,fill,RY,BUY,2400,103.4050,800,mode=mm
551.237,238,place,RY,BUY,3800,103.3900,800,quote
551.237,238,place,RY,SELL,5000,103.4100,800,quote
551.237,238,place,AC,BUY,1500,34.9300,0,quote
551.745,238,fill,RY,SELL,2900,103.4050,-2100,mode=mm
551.748,238,place,AC,BUY,1500,34.9400,0,quote
551.999,238,fill,RY,BUY,8800,103.4050,6700,mode=mm
552.012,238,regime,RY,,,,,"chop -> mixed (er=0.28, net -5t over 10s)"
552.863,239,dir_enter,AC,LONG,8212,35.0050,0,gap=19.7t thr=18.8t er=1.00 vol=0.9
553.012,239,place,AC,BUY,3969,35.0600,0,agg
553.012,239,place,RY,BUY,500,103.3500,6700,quote
553.012,239,place,RY,SELL,5000,103.3900,6700,quote
553.214,239,fill,RY,SELL,5000,103.3950,1700,mode=mm
553.215,239,fill,AC,BUY,3969,35.0050,3969,mode=dir
553.216,239,regime,RY,,,,,"mixed -> chop (er=0.15, net -3t over 10s)"
553.216,239,place,RY,BUY,2800,103.4100,1700,quote
553.216,239,place,RY,SELL,600,103.4400,1700,quote
553.520,239,place,RY,BUY,2800,103.4200,1700,quote
553.520,239,place,RY,SELL,5000,103.4300,1700,quote
554.128,239,fill,RY,SELL,3100,103.4250,-1400,mode=mm
554.478,239,fill,RY,BUY,300,103.4250,-1100,mode=mm
554.485,240,place,AC,BUY,1500,35.1100,3969,agg
554.485,240,place,RY,BUY,5000,103.4300,-1100,quote
554.485,240,place,RY,SELL,400,103.4400,-1100,quote
554.867,240,place,AC,BUY,400,35.1300,3969,agg
554.867,240,place,RY,BUY,5000,103.3900,-1100,quote
554.867,240,place,RY,SELL,200,103.4300,-1100,quote
554.999,240,fill,RY,BUY,4600,103.4100,3500,mode=mm
555.000,240,fill,AC,BUY,1500,35.0750,5469,mode=dir
555.346,240,fill,RY,BUY,5000,103.4250,8500,mode=mm
555.347,240,fill,AC,BUY,400,35.0950,5869,mode=dir
555.388,240,place,RY,SELL,1800,103.4300,8500,quote
555.755,240,fill,RY,SELL,200,103.4250,8300,mode=mm
555.776,240,place,RY,SELL,600,103.4100,8300,quote
556.118,240,fill,RY,SELL,2400,103.4050,5900,mode=mm
556.161,240,place,RY,SELL,1800,103.4700,5900,quote
556.374,241,place,RY,SELL,1000,103.4600,5900,quote
556.626,241,fill,RY,SELL,1800,103.4550,4100,mode=mm
557.117,241,place,AC,BUY,5000,35.2200,5869,agg
557.117,241,place,RY,BUY,700,103.4200,4100,quote
557.117,241,place,RY,SELL,5000,103.4400,4100,quote
557.367,241,fill,AC,BUY,5000,35.1750,10869,mode=dir
557.617,241,fill,RY,SELL,5000,103.4350,-900,mode=mm
557.621,241,place,RY,BUY,100,103.4300,-900,quote
557.892,241,place,RY,BUY,100,103.4600,-900,quote
558.126,241,fill,RY,BUY,100,103.4600,-800,mode=mm
558.691,242,place,RY,SELL,2200,103.4800,-800,quote
558.852,242,place,RY,BUY,5000,103.4500,-800,quote
558.852,242,place,RY,SELL,2200,103.4700,-800,quote
559.157,242,fill,RY,BUY,5000,103.4550,4200,mode=mm
559.755,242,fill,RY,SELL,2200,103.4650,2000,mode=mm
559.869,242,place,AC,BUY,2737,35.3100,10869,agg
559.869,242,place,RY,BUY,500,103.4600,2000,quote
559.869,242,place,RY,SELL,5000,103.4700,2000,quote
559.983,242,place,RY,BUY,300,103.4000,2000,quote
559.983,242,place,RY,SELL,300,103.4600,2000,quote
560.337,242,fill,RY,BUY,800,103.4300,2800,mode=mm
560.337,242,fill,AC,BUY,2737,35.2750,13606,mode=dir
560.340,243,regime,RY,,,,,"3 stop-outs in 60s -> toxic flow: half size, no stepping inside for 30s"
560.340,243,stop,RY,SELL,2800,103.3500,2800,loss=5.1t stop=5.0t trend_against=False
560.341,243,place,RY,SELL,2800,103.3500,2800,agg
560.693,243,fill,RY,SELL,2800,103.4150,0,mode=mm
561.795,243,place,RY,SELL,1500,103.3900,0,quote
562.497,244,place,AC,BUY,1467,35.4400,13606,agg
562.917,244,fill,AC,BUY,1467,35.3850,15073,mode=dir
563.240,244,place,RY,SELL,1500,103.3800,0,quote
563.569,244,place,RY,BUY,2500,103.3400,0,quote
563.741,244,place,RY,BUY,1500,103.3500,0,quote
564.042,244,fill,RY,SELL,1500,103.3650,-1500,mode=mm
564.045,244,stop,RY,BUY,1500,103.5300,-1500,loss=6.0t stop=5.0t trend_against=False
564.046,244,place,RY,BUY,1500,103.5300,-1500,agg
564.513,245,fill,RY,BUY,1500,103.4050,0,mode=mm
565.363,245,place,RY,BUY,2500,103.4300,0,quote
565.764,245,fill,RY,BUY,2500,103.4600,2500,mode=mm
565.781,245,stop,RY,SELL,2500,103.3000,2500,loss=8.0t stop=5.2t trend_against=False
565.781,245,place,RY,SELL,2500,103.3000,2500,agg
565.952,245,fill,RY,SELL,2500,103.4000,0,mode=mm
567.270,246,place,AC,BUY,200,35.6200,15073,agg
567.444,246,place,RY,SELL,2500,103.4300,0,quote
567.917,246,fill,AC,BUY,200,35.5650,15273,mode=dir
567.918,246,place,RY,SELL,900,103.4100,0,quote
568.158,246,fill,RY,SELL,2500,103.3950,-2500,mode=mm
568.159,246,place,RY,BUY,1900,103.3800,-2500,quote
568.380,246,fill,RY,SELL,900,103.3950,-3400,mode=mm
568.381,247,place,RY,BUY,1200,103.4200,-3400,quote
569.048,247,fill,RY,BUY,2800,103.4350,-600,mode=mm
569.050,247,place,RY,BUY,2600,103.3900,-600,quote
569.050,247,place,RY,SELL,2000,103.4500,-600,quote
569.834,247,place,RY,BUY,900,103.4100,-600,quote
569.834,247,place,RY,SELL,1200,103.4400,-600,quote
570.157,247,fill,RY,BUY,2600,103.4250,2000,mode=mm
570.159,247,place,RY,BUY,700,103.3600,2000,quote
570.159,247,place,RY,SELL,3000,103.4200,2000,quote
570.471,247,fill,RY,BUY,900,103.3950,2900,mode=mm
570.622,247,fill,RY,SELL,3200,103.4050,-300,mode=mm
571.873,248,place,RY,BUY,1500,103.3700,-300,quote
571.873,248,place,RY,SELL,2200,103.4300,-300,quote
571.974,248,place,RY,BUY,2500,103.3800,-300,quote
571.974,248,place,RY,SELL,2200,103.4200,-300,quote
572.241,248,place,RY,SELL,1300,103.4100,-300,quote
572.418,248,fill,RY,BUY,2500,103.3900,2200,mode=mm
572.657,249,fill,RY,SELL,1300,103.3900,900,mode=mm
572.658,249,place,RY,BUY,300,103.3800,900,quote
572.843,249,fill,RY,BUY,1500,103.3950,2400,mode=mm
573.633,249,place,RY,BUY,600,103.3700,2400,quote
573.965,249,place,RY,SELL,1900,103.4100,2400,quote
574.178,249,place,RY,BUY,1100,103.3600,2400,quote
574.443,250,place,RY,SELL,1900,103.4000,2400,quote
575.004,250,regime,RY,,,,,"chop -> mixed (er=0.25, net -8t over 10s)"
575.004,250,place,RY,BUY,600,103.3300,2400,quote
575.004,250,place,RY,SELL,1900,103.3800,2400,quote
575.355,250,place,RY,BUY,600,103.3400,2400,quote
575.647,250,fill,RY,SELL,1900,103.3650,500,mode=mm
575.649,250,place,AC,BUY,629,35.9500,15273,agg
575.649,250,place,RY,SELL,300,103.4000,500,quote
575.998,250,regime,RY,,,,,"mixed -> chop (er=0.17, net -5t over 10s)"
575.999,250,place,RY,BUY,1200,103.3600,500,quote
575.999,250,place,RY,SELL,1500,103.3900,500,quote
576.556,250,fill,RY,BUY,1200,103.3750,1700,mode=mm
576.558,250,fill,AC,BUY,629,35.9250,15902,mode=dir
576.560,250,place,RY,BUY,800,103.3400,1700,quote
577.134,250,fill,RY,SELL,1800,103.3650,-100,mode=mm
577.135,251,place,RY,SELL,1400,103.3700,-100,quote
577.529,251,fill,RY,SELL,1400,103.3550,-1500,mode=mm
577.531,251,place,RY,BUY,2900,103.3400,-1500,quote
577.531,251,place,RY,SELL,300,103.3800,-1500,quote
577.781,251,place,RY,BUY,1000,103.3500,-1500,quote
578.111,251,regime,RY,,,,,"chop -> mixed (er=0.29, net -6t over 10s)"
578.166,251,fill,RY,SELL,300,103.3750,-1800,mode=mm
578.167,251,stop,RY,BUY,1800,103.4300,-1800,loss=5.7t stop=5.0t trend_against=False
578.168,251,place,RY,BUY,1800,103.4300,-1800,agg
578.521,252,fill,RY,BUY,1800,103.3750,0,mode=mm
578.701,252,regime,RY,,,,,"mixed -> chop (er=0.15, net -3t over 10s)"
579.582,252,place,AC,BUY,339,36.1000,15902,agg
579.582,252,place,RY,BUY,1500,103.4000,0,quote
579.792,252,fill,AC,BUY,339,36.0450,16241,mode=dir
580.146,252,place,RY,BUY,1500,103.4100,0,quote
580.677,253,place,RY,BUY,100,103.4500,0,quote
580.924,253,place,RY,BUY,1500,103.4600,0,quote
581.244,253,place,RY,SELL,1500,103.5000,0,quote
581.414,253,regime,RY,,,,,"chop -> mixed (er=0.26, net +6t over 10s)"
581.414,253,place,RY,SELL,1500,103.4900,0,quote
581.785,253,place,RY,BUY,1500,103.4500,0,quote
581.934,253,place,RY,BUY,300,103.4600,0,quote
582.147,253,place,RY,BUY,1500,103.4600,0,quote
582.645,254,place,RY,SELL,1500,103.5000,0,quote
582.831,254,place,RY,BUY,500,103.4700,0,quote
583.260,254,place,RY,BUY,1500,103.4700,0,quote
584.079,254,fill,RY,BUY,500,103.4850,500,mode=mm
584.081,254,place,RY,BUY,1200,103.4600,500,quote
584.081,254,place,RY,SELL,1500,103.4900,500,quote
584.462,254,place,RY,SELL,2600,103.5000,500,quote
585.331,255,place,RY,BUY,1200,103.4700,500,quote
585.748,255,place,RY,BUY,700,103.4600,500,quote
585.748,255,place,RY,SELL,1500,103.4900,500,quote
586.161,255,fill,RY,BUY,1900,103.4750,2400,mode=mm
586.482,256,regime,RY,,,,,"mixed -> TREND (er=0.63, net +12t over 10s)"
586.773,256,place,RY,BUY,600,103.4600,2400,quote
586.773,256,place,RY,SELL,1900,103.5000,2400,quote
587.164,256,fill,RY,BUY,600,103.4850,3000,mode=mm
587.166,256,stop,RY,SELL,3000,103.3400,3000,loss=7.6t stop=5.0t trend_against=False
587.167,256,place,RY,SELL,3000,103.3400,3000,agg
587.514,256,fill,RY,SELL,3000,103.4400,0,mode=mm
587.524,256,place,RY,SELL,300,103.4700,0,quote
587.699,256,place,RY,SELL,100,103.4600,0,quote
587.969,256,regime,RY,,,,,"TREND -> mixed (er=0.33, net +7t over 10s)"
588.217,256,fill,RY,SELL,100,103.4450,-100,mode=mm
588.708,257,place,RY,BUY,100,103.4400,-100,quote
588.708,257,place,RY,SELL,1400,103.4700,-100,quote
589.081,257,regime,RY,,,,,"mixed -> chop (er=0.23, net +5t over 10s)"
589.506,257,fill,RY,SELL,1400,103.4550,-1500,mode=mm
589.508,257,place,RY,BUY,500,103.4400,-1500,quote
589.827,257,place,RY,BUY,900,103.4500,-1500,quote
590.020,257,place,RY,SELL,1500,103.4900,-1500,quote
590.323,257,place,RY,BUY,1500,103.4400,-1500,quote
590.323,257,place,RY,SELL,500,103.4700,-1500,quote
590.487,257,place,RY,BUY,1500,103.4500,-1500,quote
590.487,257,place,RY,SELL,1800,103.4600,-1500,quote
590.873,257,fill,RY,SELL,500,103.4550,-2000,mode=mm
591.010,258,fill,RY,SELL,1800,103.4700,-3800,mode=mm
591.894,258,place,RY,BUY,500,103.4800,-3800,quote
592.133,258,place,RY,BUY,300,103.4900,-3800,quote
592.560,258,fill,RY,BUY,800,103.4900,-3000,mode=mm
592.561,258,place,RY,BUY,4000,103.4800,-3000,quote
593.125,259,fill,RY,BUY,4000,103.4800,1000,mode=mm
593.215,259,place,RY,SELL,1000,103.4700,1000,quote
593.481,259,place,RY,SELL,5000,103.4600,1000,quote
593.557,259,place,RY,SELL,300,103.4500,1000,quote
594.592,260,regime,RY,,,,,"3 stop-outs in 60s -> toxic flow: half size, no stepping inside for 30s"
594.592,260,stop,RY,SELL,1000,103.3500,1000,loss=8.0t stop=5.0t trend_against=False
594.597,260,place,RY,SELL,1000,103.3500,1000,agg
594.700,260,regime,RY,,,,,"chop -> mixed (er=0.32, net -8t over 10s)"
594.902,260,fill,RY,SELL,1000,103.4050,0,mode=mm
595.215,260,place,RY,SELL,1500,103.4300,0,quote
595.475,260,regime,RY,,,,,"mixed -> chop (er=0.24, net -6t over 10s)"
595.836,260,place,RY,SELL,1500,103.4200,0,quote
596.052,260,regime,RY,,,,,"chop -> mixed (er=0.27, net -7t over 10s)"
596.165,260,fill,RY,SELL,1500,103.4050,-1500,mode=mm
596.167,260,stop,RY,BUY,1500,103.4400,-1500,loss=7.0t stop=5.0t trend_against=False
596.168,260,place,RY,BUY,1500,103.4400,-1500,agg
596.403,260,fill,RY,BUY,1500,103.4050,0,mode=mm
596.755,261,regime,RY,,,,,"mixed -> chop (er=0.06, net -2t over 10s)"
597.812,261,place,RY,BUY,2500,103.4100,0,quote
598.225,261,place,RY,BUY,900,103.4200,0,quote
598.741,262,place,RY,BUY,300,103.3900,0,quote
598.788,262,fill,RY,BUY,900,103.4100,900,mode=mm
598.790,262,place,RY,SELL,900,103.4300,900,quote
599.062,262,fill,RY,BUY,300,103.4100,1200,mode=mm
599.062,262,place,RY,BUY,300,103.3700,1200,quote
599.062,262,place,RY,SELL,1200,103.4200,1200,quote
599.239,262,place,RY,BUY,100,103.3800,1200,quote
599.239,262,place,RY,SELL,1700,103.4100,1200,quote
599.658,262,regime,AC,,,,,"TREND -> mixed (er=0.78, net +7t over 10s)"
599.661,262,place,RY,SELL,1600,103.4300,1200,quote
599.900,262,fill,RY,SELL,2900,103.4100,-1700,mode=mm
599.901,262,stop,RY,BUY,1700,103.4400,-1700,loss=8.3t stop=5.0t trend_against=False
599.902,262,place,RY,BUY,1700,103.4400,-1700,agg
600.102,262,fill,RY,SELL,1600,103.4050,-3300,mode=mm
600.104,262,place,RY,BUY,1600,103.5500,-3300,agg
600.348,262,fill,RY,BUY,1600,103.4550,-1700,mode=mm
600.562,263,fill,RY,BUY,1700,103.4500,0,mode=mm
600.564,263,place,RY,BUY,300,103.4400,0,quote
601.009,263,fill,RY,BUY,300,103.4550,300,mode=mm
601.011,263,place,RY,BUY,200,103.4400,300,quote
601.011,263,place,RY,SELL,300,103.4700,300,quote
601.537,263,place,RY,BUY,700,103.4400,300,quote
601.623,263,fill,RY,BUY,200,103.4550,500,mode=mm
601.626,263,stop,RY,SELL,500,103.4200,500,loss=7.0t stop=5.0t trend_against=False
601.627,263,place,RY,SELL,500,103.4200,500,agg
601.822,263,fill,RY,SELL,800,103.4550,-300,mode=mm
601.822,263,stop,RY,BUY,300,103.5400,-300,loss=6.0t stop=5.0t trend_against=False
601.823,263,place,RY,BUY,300,103.5400,-300,agg
601.940,263,regime,CNR,,,,,"TREND -> mixed (er=0.64, net +7t over 10s)"
602.058,263,fill,RY,BUY,300,103.4700,0,mode=mm
602.647,264,dir_exit,AC,,16241,36.3750,16241,fast stalled 8s without new extreme
602.647,264,regime,AC,,,,,winning ride +137t -> entry bar x1.25
602.651,264,place,AC,SELL,5000,36.3300,16241,agg
602.926,264,fill,AC,SELL,5000,36.3750,11241,mode=cut
602.927,264,regime,AC,,,,,"mixed -> chop (er=0.00, net +0t over 10s)"
603.758,264,regime,CNR,,,,,"mixed -> TREND (er=0.76, net +12t over 10s)"
603.758,264,place,AC,SELL,5000,36.3300,11241,agg
604.419,264,regime,RY,,,,,"chop -> mixed (er=0.29, net +7t over 10s)"
604.419,264,regime,AC,,,,,"chop -> mixed (er=1.00, net -2t over 10s)"
604.562,264,fill,AC,SELL,5000,36.3700,6241,mode=cut
604.780,265,place,AC,SELL,5000,36.3200,6241,agg
604.780,265,place,RY,BUY,1500,103.4700,0,quote
604.967,265,fill,AC,SELL,5000,36.3650,1241,mode=cut
605.031,265,place,RY,SELL,1500,103.5000,0,quote
605.145,265,place,RY,BUY,2500,103.4800,0,quote
605.145,265,place,RY,SELL,2500,103.5200,0,quote
605.750,265,place,RY,BUY,1500,103.4900,0,quote
606.064,265,place,AC,SELL,1241,36.3200,1241,agg
606.064,265,place,RY,BUY,1500,103.4800,0,quote
606.064,265,place,RY,SELL,1500,103.5100,0,quote
606.596,265,fill,AC,SELL,1241,36.3650,0,mode=cut
606.597,265,regime,RY,,,,,"mixed -> chop (er=0.19, net +4t over 10s)"
606.598,265,place,RY,SELL,1500,103.5200,0,quote
606.982,265,fill,RY,BUY,3000,103.5050,3000,mode=mm
606.997,266,regime,RY,,,,,"chop -> mixed (er=0.28, net +6t over 10s)"
606.998,266,place,RY,BUY,900,103.4600,3000,quote
606.998,266,place,RY,SELL,3300,103.5100,3000,quote
607.635,266,regime,RY,,,,,"mixed -> chop (er=0.25, net +5t over 10s)"
607.636,266,place,RY,SELL,2000,103.5000,3000,quote
607.904,266,fill,RY,BUY,900,103.4850,3900,mode=mm
607.921,266,stop,RY,SELL,3900,103.3500,3900,loss=6.9t stop=5.0t trend_against=False
607.922,266,place,RY,SELL,3900,103.3500,3900,agg
608.260,266,fill,RY,SELL,3900,103.4250,0,mode=mm
608.275,266,place,RY,SELL,2500,103.4400,0,quote
608.484,267,place,RY,SELL,2500,103.4200,0,quote
608.531,267,place,RY,SELL,2500,103.4100,0,quote
608.720,267,place,RY,SELL,2500,103.3900,0,quote
608.976,267,fill,RY,SELL,2500,103.3700,-2500,mode=mm
608.980,267,place,RY,BUY,1500,103.3300,-2500,quote
609.275,267,place,RY,BUY,2500,103.3500,-2500,quote
609.275,267,place,RY,SELL,1000,103.4300,-2500,quote
609.594,267,place,RY,BUY,2500,103.3700,-2500,quote
609.594,267,place,RY,SELL,1000,103.4200,-2500,quote
609.776,267,place,RY,BUY,2500,103.3800,-2500,quote
609.776,267,place,RY,SELL,1000,103.4300,-2500,quote
610.119,267,place,RY,BUY,2500,103.3900,-2500,quote
610.119,267,place,RY,SELL,1000,103.4600,-2500,quote
610.247,267,fill,RY,SELL,1000,103.4200,-3500,mode=mm
610.459,267,place,RY,BUY,2000,103.4200,-3500,quote
610.459,267,place,RY,SELL,400,103.4700,-3500,quote
610.955,267,fill,RY,SELL,1000,103.4350,-4500,mode=mm
610.971,268,place,RY,BUY,3700,103.4600,-4500,quote
610.971,268,place,RY,SELL,500,103.5500,-4500,quote
611.168,268,fill,RY,SELL,400,103.4850,-4900,mode=mm
611.176,268,stop,RY,BUY,4900,103.5700,-4900,loss=7.1t stop=6.9t trend_against=False
611.177,268,place,RY,BUY,4900,103.5700,-4900,agg
611.438,268,fill,RY,BUY,3700,103.4900,-1200,mode=mm
611.448,268,place,CNR,BUY,5000,178.6800,1700,agg
611.695,268,fill,CNR,BUY,5000,178.6050,6700,mode=dir
611.695,268,fill,RY,BUY,4900,103.4900,3700,mode=mm
611.697,268,place,RY,SELL,700,103.5000,3700,quote
611.861,268,place,RY,SELL,100,103.5000,3700,quote
612.237,268,place,RY,SELL,700,103.4900,3700,quote
612.688,269,place,RY,SELL,1200,103.4800,3700,quote
613.003,269,fill,RY,SELL,700,103.4700,3000,mode=mm
613.614,269,fill,RY,SELL,1200,103.4650,1800,mode=mm
613.615,269,place,CNR,BUY,1000,178.7400,6700,agg
613.615,269,place,RY,BUY,100,103.4500,1800,quote
613.615,269,place,RY,SELL,1800,103.4900,1800,quote
614.047,269,place,RY,BUY,800,103.4600,1800,quote
614.323,269,fill,CNR,BUY,1000,178.7050,7700,mode=dir
614.324,269,fill,RY,SELL,1800,103.4750,0,mode=mm
614.325,269,place,CNR,BUY,4000,178.7600,7700,agg
614.547,270,place,RY,BUY,1500,103.4900,0,quote
614.547,270,place,RY,SELL,1500,103.5300,0,quote
614.962,270,fill,CNR,BUY,4000,178.7050,11700,mode=dir
614.962,270,regime,AC,,,,,"mixed -> chop (er=0.00, net +0t over 10s)"
615.051,270,place,RY,SELL,1500,103.5200,0,quote
615.595,270,fill,RY,BUY,1500,103.5050,1500,mode=mm
615.597,270,place,RY,BUY,1500,103.4800,1500,quote
615.694,270,place,RY,BUY,900,103.4900,1500,quote
615.954,270,fill,RY,BUY,1500,103.5050,3000,mode=mm
616.902,271,place,RY,BUY,900,103.4700,3000,quote
617.104,271,place,CNR,BUY,2815,178.8700,11700,agg
617.104,271,place,RY,BUY,900,103.4600,3000,quote
617.104,271,place,RY,SELL,3300,103.5100,3000,quote
617.359,271,fill,RY,BUY,900,103.4900,3900,mode=mm
617.359,271,place,RY,BUY,400,103.4400,3900,quote
617.359,271,place,RY,SELL,2100,103.4800,3900,quote
617.632,271,fill,CNR,BUY,2815,178.8000,14515,mode=dir
618.537,271,regime,RY,,,,,"chop -> mixed (er=0.32, net +8t over 10s)"
619.406,272,place,RY,BUY,600,103.4800,3900,quote
619.406,272,place,RY,SELL,3500,103.5200,3900,quote
619.626,272,place,RY,BUY,400,103.4900,3900,quote
620.510,272,regime,RY,,,,,"mixed -> chop (er=0.15, net +3t over 10s)"
622.353,273,place,RY,BUY,600,103.4800,3900,quote
622.602,273,place,RY,SELL,2100,103.5100,3900,quote
622.986,273,fill,RY,SELL,1500,103.5050,2400,mode=mm
622.992,274,place,RY,SELL,3100,103.5300,2400,quote
623.595,274,place,RY,BUY,600,103.4900,2400,quote
623.744,274,place,RY,SELL,1800,103.5400,2400,quote
623.958,274,place,RY,BUY,600,103.5000,2400,quote
624.617,274,place,RY,BUY,1300,103.5100,2400,quote
624.617,274,place,RY,SELL,3800,103.5300,2400,quote
625.193,275,place,RY,BUY,2200,103.5000,2400,quote
625.193,275,place,RY,SELL,3000,103.5200,2400,quote
625.424,275,fill,RY,BUY,1300,103.5200,3700,mode=mm
625.458,275,place,RY,BUY,800,103.4900,3700,quote
625.458,275,place,RY,SELL,3000,103.5100,3700,quote
625.867,275,fill,RY,SELL,3000,103.5100,700,mode=mm
626.562,275,fill,RY,SELL,3000,103.5050,-2300,mode=mm
626.563,275,place,RY,BUY,5000,103.5000,-2300,quote
626.563,275,place,RY,SELL,400,103.5300,-2300,quote
626.693,276,place,RY,SELL,1300,103.5200,-2300,quote
626.960,276,regime,CNR,,,,,"TREND -> mixed (er=0.85, net +6t over 10s)"
627.481,276,place,RY,BUY,5000,103.5100,-2300,quote
627.481,276,place,RY,SELL,1300,103.5400,-2300,quote
627.544,276,fill,RY,SELL,1300,103.5150,-3600,mode=mm
627.546,276,regime,RY,,,,,"chop -> mixed (er=0.27, net +4t over 10s)"
627.741,276,place,RY,SELL,900,103.5300,-3600,quote
628.228,276,fill,RY,BUY,5000,103.5150,1400,mode=mm
628.573,276,regime,RY,,,,,"mixed -> chop (er=0.06, net -0t over 10s)"
628.853,277,place,RY,BUY,1800,103.5000,1400,quote
628.853,277,place,RY,SELL,3400,103.5100,1400,quote
629.376,277,fill,RY,SELL,3400,103.5050,-2000,mode=mm
629.394,277,place,RY,BUY,5000,103.5100,-2000,quote
629.394,277,place,RY,SELL,2500,103.5200,-2000,quote
630.056,277,fill,RY,SELL,2500,103.5150,-4500,mode=mm
630.382,277,fill,RY,BUY,5000,103.5200,500,mode=mm
630.400,277,place,RY,BUY,900,103.5200,500,quote
630.400,277,place,RY,SELL,3000,103.5300,500,quote
630.633,277,fill,RY,SELL,3000,103.5300,-2500,mode=mm
630.635,278,place,RY,BUY,5000,103.5300,-2500,quote
630.635,278,place,RY,SELL,700,103.5500,-2500,quote
630.993,278,fill,RY,BUY,5900,103.5300,3400,mode=mm
631.838,278,place,RY,BUY,300,103.4700,3400,quote
631.838,278,place,RY,SELL,5000,103.5000,3400,quote
632.105,278,fill,RY,SELL,5000,103.4950,-1600,mode=mm
633.278,279,place,RY,BUY,5000,103.4800,-1600,quote
633.278,279,place,RY,SELL,1700,103.4900,-1600,quote
633.421,279,place,RY,BUY,5000,103.4700,-1600,quote
633.421,279,place,RY,SELL,300,103.4800,-1600,quote
633.568,279,regime,RY,,,,,"chop -> mixed (er=0.38, net -5t over 10s)"
633.598,279,fill,RY,BUY,4700,103.4700,3100,mode=mm
633.896,279,fill,RY,BUY,5000,103.4850,8100,mode=mm
633.903,279,regime,RY,,,,,"3 stop-outs in 60s -> toxic flow: half size, no stepping inside for 30s"
633.903,279,stop,RY,SELL,5000,103.4400,8100,loss=5.4t stop=5.0t trend_against=False
633.906,279,place,RY,SELL,5000,103.4400,8100,agg
634.123,279,fill,RY,SELL,5000,103.4850,3100,mode=mm
634.161,279,regime,RY,,,,,"mixed -> chop (er=0.24, net -3t over 10s)"
634.760,280,regime,RY,,,,,"chop -> mixed (er=0.27, net -4t over 10s)"
635.068,280,place,RY,SELL,2000,103.5000,3100,quote
635.320,280,regime,RY,,,,,"mixed -> chop (er=0.19, net -2t over 10s)"
635.721,280,place,RY,SELL,3300,103.4900,3100,quote
635.862,280,regime,RY,,,,,"chop -> mixed (er=0.27, net -4t over 10s)"
636.048,280,place,RY,SELL,1200,103.4800,3100,quote
636.825,280,regime,CNR,,,,,"mixed -> chop (er=0.11, net +1t over 10s)"
636.995,280,fill,RY,SELL,1200,103.4650,1900,mode=mm
637.162,281,regime,CNR,,,,,"chop -> mixed (er=0.29, net -4t over 10s)"
637.163,281,place,RY,BUY,700,103.4500,1900,quote
637.163,281,place,RY,SELL,1800,103.4800,1900,quote
637.349,281,place,RY,BUY,700,103.4600,1900,quote
637.349,281,place,RY,SELL,1800,103.5500,1900,quote
637.426,281,regime,RY,,,,,"mixed -> chop (er=0.06, net -1t over 10s)"
637.610,281,fill,RY,SELL,1800,103.5050,100,mode=mm
637.610,281,place,RY,BUY,1400,103.5200,100,quote
637.610,281,place,RY,SELL,1500,103.5600,100,quote
638.322,281,place,RY,BUY,1400,103.5300,100,quote
638.930,282,dir_exit,CNR,,14515,178.7850,14515,"fast trend faded (gap=-3.8t, t_slow=2.8)"
638.930,282,regime,CNR,,,,,winning ride +199t -> entry bar x1.25
638.937,282,place,CNR,SELL,5000,178.7300,14515,agg
638.937,282,place,RY,SELL,1500,103.5700,100,quote
639.556,282,fill,CNR,SELL,5000,178.7850,9515,mode=cut
639.557,282,fill,RY,BUY,2800,103.5450,2900,mode=mm
639.604,282,regime,CNR,,,,,"mixed -> TREND (er=0.76, net -13t over 10s)"
639.605,282,place,RY,BUY,900,103.4500,2900,quote
639.605,282,place,RY,SELL,3300,103.5300,2900,quote
640.118,282,stop,RY,SELL,2900,103.4400,2900,loss=7.3t stop=5.0t trend_against=False
640.119,282,place,CNR,SELL,5000,178.6600,9515,agg
640.119,282,place,RY,SELL,2900,103.4400,2900,agg
640.339,282,fill,RY,SELL,2900,103.4950,0,mode=mm
640.340,282,place,RY,SELL,1500,103.5000,0,quote
640.621,283,place,RY,SELL,1500,103.5300,0,quote
640.740,283,fill,RY,SELL,1500,103.5150,-1500,mode=mm
640.782,283,place,RY,BUY,1500,103.5000,-1500,quote
641.046,283,place,RY,BUY,1500,103.5100,-1500,quote
641.046,283,place,RY,SELL,900,103.5500,-1500,quote
641.314,283,fill,RY,SELL,1500,103.5250,-3000,mode=mm
641.438,283,place,CNR,SELL,5000,178.5100,9515,agg
641.438,283,place,RY,SELL,500,103.5800,-3000,quote
642.171,283,regime,AC,,,,,"chop -> mixed (er=1.00, net +1t over 10s)"
642.172,283,place,RY,BUY,2000,103.5300,-3000,quote
642.172,283,place,AC,BUY,3000,36.3700,0,quote
642.172,283,place,AC,SELL,3000,36.3800,0,quote
643.536,283,fill,CNR,SELL,5000,178.6350,4515,mode=cut
643.537,283,fill,AC,SELL,3000,36.3750,-3000,mode=mm
643.537,284,regime,RY,,,,,"chop -> mixed (er=0.36, net +9t over 10s)"
643.537,284,place,CNR,SELL,4515,178.6400,4515,agg
643.537,284,place,RY,BUY,2000,103.5400,-3000,quote
643.537,284,place,RY,SELL,500,103.5900,-3000,quote
643.537,284,place,AC,BUY,4000,36.3900,-3000,quote
643.537,284,place,AC,SELL,1100,36.4200,-3000,quote
644.449,284,fill,CNR,SELL,4515,178.6950,0,mode=cut
644.449,284,fill,AC,SELL,1100,36.3950,-4100,mode=mm
644.507,284,regime,CNR,,,,,"TREND -> chop (er=0.05, net +3t over 10s)"
644.509,284,place,CNR,BUY,1500,178.9200,0,quote
644.509,284,place,RY,SELL,500,103.5800,-3000,quote
644.509,284,place,AC,BUY,4300,36.4300,-4100,quote
644.509,284,place,AC,SELL,700,36.4800,-4100,quote
644.509,284,place,CNR,BUY,1500,173.4100,0,ladder
644.509,284,place,CNR,SELL,300,184.1400,0,ladder
644.509,284,place,CNR,BUY,1500,164.4700,0,ladder
644.509,284,place,CNR,BUY,2000,151.9600,0,ladder
645.113,284,fill,RY,BUY,2000,103.5550,-1000,mode=mm
645.120,285,place,RY,BUY,900,103.5200,-1000,quote
645.120,285,place,RY,SELL,1700,103.5700,-1000,quote
645.120,285,place,CNR,BUY,3000,178.9600,0,quote
645.120,285,place,AC,BUY,1500,36.4400,-4100,quote
645.120,285,place,CNR,SELL,300,193.1100,0,ladder
645.390,285,regime,RY,,,,,"mixed -> chop (er=0.24, net +6t over 10s)"
645.391,285,place,CNR,BUY,1000,178.9700,0,quote
645.391,285,place,RY,BUY,1600,103.5100,-1000,quote
645.391,285,place,RY,SELL,300,103.5500,-1000,quote
645.391,285,place,CNR,SELL,2000,205.6500,0,ladder
645.943,285,regime,RY,,,,,"chop -> mixed (er=0.36, net +8t over 10s)"
645.943,285,place,RY,BUY,500,103.5300,-1000,quote
645.943,285,place,AC,SELL,700,36.4900,-4100,quote
646.387,285,fill,RY,SELL,300,103.5450,-1300,mode=mm
646.393,285,stop,AC,BUY,4100,36.5200,-4100,loss=6.9t stop=5.0t trend_against=False
646.394,285,place,AC,BUY,4100,36.5200,-4100,agg
646.394,285,place,RY,BUY,2800,103.5400,-1300,quote
646.394,285,place,RY,SELL,1600,103.5900,-1300,quote
646.394,285,place,CNR,BUY,600,178.9900,0,quote
646.641,286,place,RY,BUY,1000,103.5500,-1300,quote
646.850,286,fill,AC,BUY,4100,36.4650,0,mode=mm
646.860,286,regime,CNR,,,,,"chop -> mixed (er=0.32, net +19t over 10s)"
647.250,286,place,RY,BUY,1600,103.5400,-1300,quote
647.250,286,place,RY,SELL,1600,103.5800,-1300,quote
647.250,286,place,CNR,BUY,600,179.0000,0,quote
647.579,286,regime,RY,,,,,"mixed -> chop (er=0.06, net +1t over 10s)"
647.579,286,place,CNR,BUY,5000,179.0100,0,quote
647.579,286,place,RY,SELL,900,103.5700,-1300,quote
647.969,286,regime,AC,,,,,"mixed -> TREND (er=1.00, net +13t over 10s)"
647.970,286,place,CNR,BUY,3000,179.0200,0,quote
647.970,286,place,RY,BUY,1700,103.5500,-1300,quote
647.970,286,place,AC,BUY,3000,36.4900,0,quote
648.289,286,place,CNR,BUY,1000,179.0300,0,quote
648.289,286,place,AC,BUY,100,36.4800,0,quote
649.100,286,fill,RY,BUY,1700,103.5650,400,mode=mm
649.101,287,regime,CNR,,,,,"mixed -> TREND (er=0.52, net +30t over 10s)"
649.101,287,regime,RY,,,,,"chop -> mixed (er=0.38, net +6t over 10s)"
649.102,287,place,CNR,BUY,1800,179.0500,0,quote
649.102,287,place,RY,BUY,700,103.5400,400,quote
649.102,287,place,RY,SELL,1500,103.5700,400,quote
649.492,287,place,CNR,BUY,1500,179.0600,0,quote
649.492,287,place,RY,SELL,1500,103.5800,400,quote
649.492,287,place,AC,BUY,1500,36.5000,0,quote
650.465,287,fill,RY,BUY,700,103.5650,1100,mode=mm
650.467,287,place,CNR,BUY,1500,179.0800,0,quote
650.467,287,place,RY,BUY,1000,103.5500,1100,quote
650.467,287,place,AC,BUY,1500,36.5100,0,quote
651.333,288,regime,RY,,,,,"mixed -> chop (er=0.07, net -1t over 10s)"
651.334,288,place,CNR,BUY,1500,179.1000,0,quote
651.334,288,place,RY,BUY,1000,103.4900,1100,quote
651.334,288,place,RY,SELL,1600,103.5400,1100,quote
651.334,288,place,AC,BUY,1500,36.5300,0,quote
651.701,288,fill,RY,BUY,1000,103.5250,2100,mode=mm
651.702,288,place,RY,BUY,1200,103.4600,2100,quote
651.702,288,place,CNR,BUY,1500,179.1100,0,quote
652.411,288,fill,RY,SELL,1600,103.5100,500,mode=mm
652.412,288,dir_enter,CNR,LONG,12952,179.1350,0,gap=15.9t thr=15.1t er=1.00 vol=2.2
652.413,288,place,CNR,BUY,5000,179.1900,0,agg
652.413,288,place,RY,BUY,1200,103.5300,500,quote
652.413,288,place,RY,SELL,1500,103.5700,500,quote
652.413,288,place,AC,BUY,1500,36.5500,0,quote
653.652,288,fill,CNR,BUY,5000,179.1350,5000,mode=dir
653.978,289,fill,RY,SELL,912,103.5650,-412,mode=mm
653.982,289,place,CNR,BUY,882,179.2600,5000,agg
653.982,289,place,RY,BUY,1500,103.5400,-412,quote
653.982,289,place,RY,SELL,1300,103.5700,-412,quote
653.982,289,place,AC,BUY,500,36.5900,0,quote
654.381,289,fill,CNR,BUY,882,179.1850,5882,mode=dir
654.383,289,fill,RY,SELL,1300,103.5550,-1712,mode=mm
654.627,290,place,RY,BUY,1700,103.5600,-1712,quote
654.627,290,place,RY,SELL,800,103.6000,-1712,quote
654.627,290,place,AC,BUY,1500,36.6000,0,quote
654.754,290,place,RY,BUY,1700,103.5500,-1712,quote
654.840,290,place,RY,SELL,800,103.5900,-1712,quote
655.222,290,fill,RY,BUY,3400,103.5700,1688,mode=mm
655.548,290,place,CNR,BUY,2118,179.2700,5882,agg
655.548,290,place,RY,SELL,1700,103.5900,1688,quote
655.662,290,place,CNR,BUY,2882,179.2700,5882,agg
655.850,290,fill,CNR,BUY,2118,179.2150,8000,mode=dir
656.086,290,fill,CNR,BUY,2882,179.2150,10882,mode=dir
657.017,290,place,RY,BUY,400,103.5500,1688,quote
657.017,290,place,RY,SELL,2900,103.5900,1688,quote
657.084,291,place,CNR,SELL,5000,179.2000,10882,agg
657.370,291,fill,CNR,SELL,5000,179.2450,5882,mode=cut
657.704,291,fill,RY,BUY,400,103.5750,2088,mode=mm
657.839,291,place,RY,SELL,2000,103.5800,2088,quote
658.124,291,place,CNR,SELL,5000,179.1600,5882,agg
658.442,291,fill,CNR,SELL,5000,179.2100,882,mode=cut
658.588,291,fill,RY,SELL,2000,103.5650,88,mode=mm
659.153,292,place,CNR,SELL,882,179.2000,882,agg
659.657,292,fill,CNR,SELL,882,179.2400,0,mode=cut
660.307,292,regime,CNR,,,,,"TREND -> chop (er=0.07, net +3t over 10s)"
660.600,292,regime,AC,,,,,"TREND -> mixed (er=1.00, net +7t over 10s)"
661.312,293,regime,AC,,,,,"mixed -> chop (er=0.20, net -4t over 10s)"
661.603,293,regime,AC,,,,,"chop -> mixed (er=0.40, net -9t over 10s)"
662.088,293,regime,AC,,,,,"mixed -> TREND (er=0.63, net -17t over 10s)"
662.448,293,regime,CNR,,,,,"chop -> TREND (er=0.48, net -38t over 10s)"
666.686,295,stop,RY,SELL,88,103.4200,88,loss=9.0t stop=5.0t trend_against=False
666.687,295,place,RY,SELL,88,103.4200,88,agg
667.412,296,fill,RY,SELL,88,103.5350,0,mode=mm
667.687,296,regime,CNR,,,,,"TREND -> chop (er=0.05, net +9t over 10s)"
667.687,296,regime,RY,,,,,"chop -> mixed (er=0.26, net -10t over 10s)"
668.006,296,regime,RY,,,,,"mixed -> chop (er=0.22, net -8t over 10s)"
672.285,298,regime,AC,,,,,"TREND -> chop (er=0.05, net +2t over 10s)"
673.044,299,regime,AC,,,,,"chop -> mixed (er=0.29, net +10t over 10s)"
673.801,299,regime,AC,,,,,"mixed -> chop (er=0.01, net +0t over 10s)"
681.515,300,regime,RY,,,,,"chop -> mixed (er=0.28, net -3t over 10s)"
1066.139,300,end,,,,,,"pnl 79572.28 pos {'CNR': 0, 'RY': 0, 'AC': 0}"
