t,case_tick,event,ticker,side,qty,price,pos,note
29.540,1,place,AC,SELL,5000,26.0000,0,quote
29.540,1,place,CNR,SELL,5000,159.0000,0,quote
29.540,1,place,RY,SELL,5000,101.0400,0,quote
29.927,1,fill,CNR,SELL,1500,158.9650,-1500,mode=mm
29.927,1,place,RY,SELL,5000,101.0200,0,quote
29.927,1,place,CNR,SELL,1400,158.9900,-1500,quote
30.114,1,fill,RY,SELL,5000,101.0050,-5000,mode=mm
30.116,1,place,RY,BUY,5000,101.0000,-5000,quote
30.302,1,fill,RY,BUY,5000,101.0150,0,mode=mm
30.303,1,place,RY,SELL,300,100.9900,0,quote
31.099,2,place,AC,SELL,5000,25.9900,0,quote
31.338,2,place,RY,SELL,5000,100.9200,0,quote
31.338,2,place,AC,SELL,5000,25.9800,0,quote
31.540,2,fill,AC,SELL,900,25.9750,-900,mode=mm
31.540,2,place,RY,SELL,5000,100.8700,0,quote
31.848,3,fill,RY,SELL,5000,100.8600,-5000,mode=mm
31.849,3,fill,AC,SELL,2900,25.9750,-3800,mode=mm
31.851,3,place,AC,BUY,3000,25.9700,-3800,quote
32.298,3,fill,AC,SELL,800,25.9750,-4600,mode=mm
32.547,3,fill,AC,BUY,1400,25.9750,-3200,mode=mm
32.548,3,place,AC,BUY,100,25.9700,-3200,quote
32.664,4,place,RY,BUY,4000,100.8300,-5000,quote
32.763,4,place,RY,SELL,1400,100.8400,-5000,quote
32.763,4,place,AC,SELL,1800,25.9800,-3200,quote
32.838,4,fill,RY,BUY,4000,100.7800,-1000,mode=mm
32.840,4,place,CNR,SELL,4000,158.9000,-1500,quote
32.840,4,place,RY,SELL,300,100.8300,-1000,quote
32.840,4,place,AC,BUY,5000,25.9700,-3200,quote
33.098,4,fill,CNR,SELL,200,158.9000,-1700,mode=mm
33.098,4,fill,RY,SELL,1700,100.8250,-2700,mode=mm
33.101,4,stop,RY,BUY,2700,100.8600,-2700,loss=22.3t stop=11.7t trend_against=False
33.107,4,place,RY,BUY,2700,100.8600,-2700,agg
33.332,4,fill,AC,BUY,980,25.9750,-2220,mode=mm
33.668,5,fill,AC,BUY,700,25.9750,-1520,mode=mm
33.669,5,place,CNR,SELL,1300,158.8500,-1700,quote
33.852,5,fill,AC,SELL,1800,25.9750,-3320,mode=mm
33.855,5,place,CNR,SELL,1300,158.8500,-1700,quote
33.855,5,place,AC,BUY,3000,25.9700,-3320,quote
33.855,5,place,AC,SELL,300,25.9800,-3320,quote
34.144,5,stop,RY,BUY,2700,101.1400,-2700,loss=17.3t stop=16.2t trend_against=False
34.145,5,place,RY,BUY,2700,101.1400,-2700,agg
34.145,5,place,CNR,SELL,100,158.8500,-1700,quote
34.202,5,place,AC,SELL,1800,25.9800,-3320,quote
34.280,5,fill,RY,BUY,2700,101.0700,0,mode=mm
34.282,5,fill,AC,SELL,300,25.9750,-3620,mode=mm
34.623,6,fill,AC,SELL,1800,25.9750,-5420,mode=mm
34.634,6,place,AC,SELL,100,25.9900,-5420,quote
34.805,6,regime,CNR,,,,,"mixed -> TREND (er=0.86, net -12t over 7s)"
34.807,6,place,AC,BUY,1500,25.9400,-5420,ladder
34.807,6,place,AC,BUY,1500,24.6000,-5420,ladder
34.807,6,place,AC,BUY,2000,22.7300,-5420,ladder
34.867,6,place,AC,SELL,2300,25.9900,-5420,quote
34.867,6,place,AC,SELL,1500,27.5200,-5420,ladder
34.867,6,place,AC,SELL,500,28.8500,-5420,ladder
34.867,6,place,AC,SELL,200,30.7200,-5420,ladder
35.058,6,place,CNR,BUY,1500,155.3500,-1700,ladder
35.058,6,place,CNR,BUY,1500,147.3400,-1700,ladder
35.058,6,place,CNR,BUY,2000,136.1300,-1700,ladder
35.127,6,place,CNR,SELL,1100,158.8500,-1700,quote
35.127,6,place,CNR,SELL,100,164.9100,-1700,ladder
35.127,6,place,CNR,SELL,100,172.9200,-1700,ladder
35.127,6,place,AC,BUY,1500,25.8300,-5420,ladder
35.127,6,place,AC,BUY,1500,24.5000,-5420,ladder
35.169,6,place,AC,BUY,2000,22.6300,-5420,ladder
35.193,6,place,CNR,SELL,2000,184.0800,-1700,ladder
35.193,6,place,AC,SELL,1500,27.4100,-5420,ladder
35.217,6,place,AC,SELL,500,28.7300,-5420,ladder
35.286,7,regime,RY,,,,,"chop -> mixed (er=0.26, net +21t over 7s)"
35.286,7,place,CNR,SELL,1100,158.8400,-1700,quote
35.286,7,place,RY,BUY,500,98.1900,0,ladder
35.286,7,place,RY,SELL,1500,104.2700,0,ladder
35.360,7,regime,AC,,,,,"mixed -> chop (er=0.20, net -1t over 7s)"
35.361,7,place,AC,BUY,5000,25.9800,-5420,quote
35.361,7,place,AC,SELL,100,26.0000,-5420,quote
35.361,7,place,RY,SELL,900,109.3300,0,ladder
35.361,7,place,RY,SELL,400,116.4100,0,ladder
35.503,7,place,AC,BUY,900,24.4000,-5420,ladder
35.527,7,place,AC,BUY,300,25.7200,-5420,ladder
35.554,7,place,AC,BUY,100,22.5300,-5420,ladder
35.640,7,fill,AC,BUY,2000,25.9800,-3420,mode=mm
35.895,7,fill,AC,BUY,1800,25.9850,-1620,mode=mm
36.119,7,fill,AC,BUY,800,25.9850,-820,mode=mm
36.282,7,place,AC,SELL,4400,26.0100,-820,quote
36.282,7,place,CNR,SELL,300,158.8300,-1700,quote
36.282,7,place,RY,BUY,100,93.1300,0,ladder
36.282,7,place,AC,SELL,1500,27.1500,-820,ladder
36.282,7,place,AC,SELL,1500,28.4700,-820,ladder
36.282,7,place,AC,SELL,200,30.3100,-820,ladder
36.386,8,place,CNR,SELL,1100,158.8300,-1700,quote
36.429,8,regime,AC,,,,,"chop -> mixed (er=0.40, net +2t over 7s)"
36.429,8,place,CNR,BUY,1500,154.7300,-1700,ladder
36.429,8,place,CNR,BUY,1500,146.7500,-1700,ladder
36.461,8,place,CNR,BUY,100,135.5800,-1700,ladder
36.640,8,fill,AC,SELL,4400,26.0050,-5220,mode=mm
36.916,8,fill,CNR,SELL,240,158.8050,-1940,mode=mm
36.937,8,place,CNR,SELL,1800,158.8200,-1940,quote
36.937,8,place,AC,BUY,5000,26.0100,-5220,quote
36.937,8,place,AC,SELL,200,26.0300,-5220,quote
36.937,8,place,RY,BUY,2000,86.0500,0,ladder
36.937,8,place,AC,BUY,1500,25.4800,-5220,ladder
36.937,8,place,AC,BUY,1500,24.1700,-5220,ladder
36.937,8,place,AC,BUY,2000,22.3300,-5220,ladder
36.964,8,place,AC,BUY,2000,26.0000,-5220,quote
37.166,8,fill,CNR,SELL,860,158.8000,-2800,mode=mm
37.168,8,regime,RY,,,,,"mixed -> chop (er=0.22, net +20t over 7s)"
37.441,9,regime,RY,,,,,"chop -> mixed (er=0.29, net +25t over 7s)"
37.703,9,place,RY,SELL,3000,101.2200,0,quote
37.703,9,place,CNR,SELL,900,158.8100,-2800,quote
37.703,9,place,AC,SELL,100,26.0400,-5220,quote
37.856,9,place,CNR,SELL,1500,163.9400,-2800,ladder
37.856,9,place,CNR,SELL,500,171.9000,-2800,ladder
37.856,9,place,CNR,SELL,100,183.0400,-2800,ladder
37.932,9,fill,AC,SELL,100,26.0150,-5320,mode=mm
38.109,9,place,AC,SELL,1100,26.0700,-5320,quote
38.109,9,place,AC,SELL,1500,26.9500,-5320,ladder
38.109,9,place,AC,BUY,1500,24.0700,-5320,ladder
38.109,9,place,AC,SELL,900,28.2500,-5320,ladder
38.109,9,place,AC,BUY,1200,22.2400,-5320,ladder
38.109,9,place,AC,SELL,400,30.0900,-5320,ladder
38.194,9,place,RY,SELL,100,101.2100,0,quote
38.194,9,place,AC,BUY,300,25.3700,-5320,ladder
38.304,9,place,AC,SELL,1100,26.0600,-5320,quote
38.304,9,place,RY,SELL,1000,101.2100,0,quote
38.420,9,fill,AC,SELL,200,26.0250,-5520,mode=mm
38.718,10,fill,AC,SELL,800,26.0450,-6320,mode=mm
39.296,10,stop,AC,BUY,5000,26.1400,-6320,loss=8.6t stop=7.9t trend_against=False
39.297,10,place,AC,BUY,5000,26.1400,-6320,agg
39.297,10,place,RY,SELL,1800,101.1400,0,quote
39.448,10,fill,RY,SELL,1800,101.1350,-1800,mode=mm
39.449,10,fill,AC,BUY,5000,26.0850,-1320,mode=mm
39.451,10,place,RY,SELL,1300,101.1300,-1800,quote
39.652,11,regime,AC,,,,,"mixed -> TREND (er=0.94, net +15t over 7s)"
39.679,11,fill,RY,SELL,1300,101.1150,-3100,mode=mm
39.681,11,place,RY,BUY,5000,101.1200,-3100,quote
39.979,11,fill,CNR,SELL,900,158.7950,-3700,mode=mm
39.979,11,fill,RY,BUY,5000,101.1250,1900,mode=mm
39.981,11,regime,RY,,,,,"3 stop-outs in 42s -> toxic flow: half size, no stepping inside for 30s"
39.981,11,stop,RY,SELL,1900,100.9900,1900,loss=8.0t stop=11.5t trend_against=True
39.984,11,place,RY,SELL,1900,100.9900,1900,agg
39.984,11,place,CNR,BUY,3100,158.7800,-3700,quote
39.984,11,place,CNR,SELL,200,158.8300,-3700,quote
40.214,11,fill,RY,SELL,1900,101.0550,0,mode=mm
40.215,11,place,CNR,BUY,3100,158.7900,-3700,quote
40.215,11,place,CNR,SELL,1400,158.8200,-3700,quote
40.215,11,place,RY,SELL,300,101.0600,0,quote
40.215,11,place,RY,BUY,500,98.1200,0,ladder
40.215,11,place,RY,SELL,100,104.1900,0,ladder
40.215,11,place,RY,BUY,100,93.0700,0,ladder
40.324,11,regime,RY,,,,,"mixed -> chop (er=0.25, net +22t over 7s)"
40.343,11,stop,AC,BUY,1320,26.2600,-1320,loss=19.6t stop=8.3t trend_against=False
40.344,11,place,AC,BUY,1320,26.2600,-1320,agg
40.435,11,fill,RY,SELL,300,101.0450,-300,mode=mm
40.435,11,fill,AC,BUY,1320,26.2000,0,mode=mm
40.436,11,place,CNR,BUY,1800,158.8000,-3700,quote
40.436,11,place,CNR,SELL,100,158.8300,-3700,quote
40.436,11,place,RY,BUY,400,85.9800,-300,ladder
40.436,11,place,AC,SELL,1500,26.9100,0,ladder
40.436,11,place,AC,SELL,1500,28.2200,0,ladder
40.436,11,place,AC,SELL,2000,30.0500,0,ladder
40.575,12,regime,CNR,,,,,"TREND -> mixed (er=0.43, net -3t over 7s)"
40.799,12,fill,CNR,SELL,1400,158.8150,-5100,mode=mm
41.182,12,place,RY,SELL,2300,101.0400,-300,quote
41.182,12,place,CNR,BUY,1800,158.8200,-5100,quote
41.182,12,place,CNR,BUY,900,154.1100,-5100,ladder
41.320,12,place,CNR,SELL,200,158.8400,-5100,quote
41.488,12,place,CNR,BUY,1500,146.1600,-5100,ladder
41.637,13,regime,CNR,,,,,"mixed -> chop (er=0.20, net -2t over 7s)"
41.747,13,fill,CNR,BUY,1200,158.8250,-3900,mode=mm
41.747,13,fill,RY,SELL,2300,101.0250,-2600,mode=mm
41.749,13,place,CNR,BUY,1000,158.8200,-3900,quote
41.749,13,place,CNR,SELL,300,158.8300,-3900,quote
41.888,13,regime,RY,,,,,"chop -> mixed (er=0.26, net -12t over 7s)"
41.888,13,place,RY,SELL,1700,101.1100,-2600,quote
41.888,13,place,RY,SELL,900,109.1700,-2600,ladder
41.888,13,place,RY,SELL,400,116.2500,-2600,ladder
41.888,13,place,AC,BUY,1500,25.4200,0,ladder
41.888,13,place,AC,BUY,1500,24.1100,0,ladder
41.888,13,place,AC,BUY,700,22.2800,0,ladder
41.935,13,place,CNR,BUY,400,135.0300,-3900,ladder
42.018,13,place,RY,SELL,1000,101.1300,-2600,quote
42.018,13,place,CNR,BUY,1800,158.8200,-3900,quote
42.018,13,place,CNR,SELL,500,158.8300,-3900,quote
42.152,13,regime,RY,,,,,"mixed -> chop (er=0.17, net -9t over 7s)"
42.242,13,fill,RY,SELL,1000,101.1000,-3600,mode=mm
42.242,13,stop,RY,BUY,3600,101.1700,-3600,loss=14.3t stop=12.6t trend_against=False
42.248,13,place,RY,BUY,3600,101.1700,-3600,agg
42.589,14,place,RY,BUY,3100,101.1800,-3600,quote
42.589,14,place,CNR,SELL,900,158.8300,-3900,quote
42.589,14,place,RY,BUY,1500,98.0700,-3600,ladder
42.589,14,place,RY,BUY,1500,93.0200,-3600,ladder
42.589,14,place,RY,BUY,2000,85.9400,-3600,ladder
42.743,14,fill,RY,BUY,6700,101.2000,3100,mode=mm
42.744,14,stop,RY,SELL,3100,101.0600,3100,loss=22.0t stop=15.0t trend_against=True
42.747,14,place,RY,SELL,3100,101.0600,3100,agg
42.975,14,fill,RY,SELL,3100,101.1150,0,mode=mm
43.502,14,regime,CNR,,,,,"chop -> mixed (er=0.38, net +3t over 7s)"
43.554,14,place,RY,BUY,900,98.0800,0,ladder
43.554,14,place,RY,SELL,1500,104.1500,0,ladder
43.554,14,place,RY,SELL,1500,109.2000,0,ladder
43.554,14,place,RY,SELL,2000,116.2800,0,ladder
43.554,14,place,AC,SELL,1500,27.0700,0,ladder
43.554,14,place,AC,SELL,100,28.3900,0,ladder
43.554,14,place,AC,SELL,100,30.2300,0,ladder
43.727,15,place,RY,BUY,1500,93.0200,0,ladder
43.727,15,place,RY,BUY,2000,85.9500,0,ladder
44.009,15,place,CNR,BUY,5000,158.8500,-3900,quote
44.009,15,place,CNR,SELL,2800,158.8700,-3900,quote
44.009,15,place,CNR,BUY,1500,154.0800,-3900,ladder
44.009,15,place,CNR,SELL,1500,163.6100,-3900,ladder
44.009,15,place,CNR,BUY,1500,146.1400,-3900,ladder
44.009,15,place,CNR,SELL,100,171.5500,-3900,ladder
44.009,15,place,CNR,BUY,1200,135.0200,-3900,ladder
44.387,15,fill,CNR,BUY,85,158.8550,-3815,mode=mm
44.388,15,stop,CNR,BUY,3815,158.9000,-3815,loss=7.6t stop=5.0t trend_against=False
44.388,15,place,CNR,BUY,3815,158.9000,-3815,agg
44.649,16,regime,CNR,,,,,"mixed -> TREND (er=1.00, net +15t over 7s)"
44.819,16,place,AC,BUY,1500,25.5300,0,ladder
44.819,16,place,AC,BUY,500,24.2100,0,ladder
44.819,16,place,AC,BUY,200,22.3700,0,ladder
45.432,16,stop,CNR,BUY,3815,159.0200,-3815,loss=9.6t stop=6.5t trend_against=False
45.432,16,place,CNR,BUY,3815,159.0200,-3815,agg
45.464,16,regime,RY,,,,,"chop -> mixed (er=0.32, net +26t over 7s)"
45.524,16,place,RY,SELL,2500,101.4500,0,quote
45.624,16,fill,CNR,BUY,3815,158.9650,0,mode=mm
45.626,16,place,RY,SELL,2500,101.4600,0,quote
45.626,16,place,CNR,BUY,1500,154.1200,0,ladder
45.626,16,place,CNR,SELL,1500,163.6600,0,ladder
45.626,16,place,CNR,BUY,300,146.1800,0,ladder
45.626,16,place,CNR,SELL,1500,171.6000,0,ladder
45.626,16,place,CNR,BUY,100,135.0600,0,ladder
45.626,16,place,CNR,SELL,2000,182.7200,0,ladder
45.855,17,place,RY,SELL,1500,101.4700,0,quote
45.959,17,place,RY,BUY,2500,101.4200,0,quote
46.112,17,place,RY,BUY,2500,101.4300,0,quote
46.341,17,place,RY,BUY,2500,101.4400,0,quote
46.341,17,place,RY,SELL,1500,101.4800,0,quote
46.602,17,place,RY,BUY,2500,101.4500,0,quote
46.602,17,place,RY,SELL,1500,101.5100,0,quote
46.723,18,place,RY,SELL,500,101.5000,0,quote
46.884,18,place,RY,BUY,900,101.4700,0,quote
46.884,18,place,RY,SELL,2500,101.5200,0,quote
47.037,18,regime,RY,,,,,"mixed -> TREND (er=0.57, net +43t over 7s)"
47.038,18,place,RY,SELL,300,101.5100,0,quote
47.141,18,place,RY,SELL,2500,101.5300,0,quote
47.346,18,place,RY,BUY,2500,101.4900,0,quote
47.595,18,place,RY,BUY,2500,101.5000,0,quote
47.595,18,place,RY,SELL,1500,101.5700,0,quote
47.665,18,fill,RY,SELL,2500,101.5250,-2500,mode=mm
48.153,19,place,RY,BUY,2900,101.5500,-2500,quote
48.153,19,place,RY,SELL,1700,101.5900,-2500,quote
48.153,19,place,AC,SELL,500,25.9000,0,quote
48.332,19,place,RY,BUY,2900,101.5600,-2500,quote
48.332,19,place,RY,SELL,1700,101.6300,-2500,quote
48.332,19,place,AC,SELL,900,25.9000,0,quote
48.332,19,place,AC,BUY,900,25.4200,0,ladder
48.332,19,place,AC,SELL,100,27.0000,0,ladder
48.332,19,place,AC,BUY,100,24.1100,0,ladder
48.332,19,place,AC,SELL,100,28.3100,0,ladder
48.332,19,place,AC,BUY,100,22.2800,0,ladder
48.467,19,fill,RY,SELL,1700,101.5850,-4200,mode=mm
48.502,19,stop,RY,BUY,4200,101.6400,-4200,loss=4.6t stop=9.2t trend_against=True
48.502,19,place,RY,BUY,4200,101.6400,-4200,agg
48.642,19,place,CNR,SELL,900,159.1400,0,quote
48.642,19,place,AC,SELL,400,30.0900,0,ladder
48.714,19,fill,RY,BUY,4200,101.5950,0,mode=mm
48.882,20,place,CNR,SELL,900,159.1700,0,quote
48.882,20,place,RY,SELL,1500,104.5200,0,ladder
48.882,20,place,RY,SELL,1500,109.5900,0,ladder
48.882,20,place,RY,SELL,2000,116.7000,0,ladder
48.973,20,fill,CNR,SELL,900,159.1400,-900,mode=mm
49.448,20,place,CNR,SELL,2100,159.2100,-900,quote
49.448,20,place,RY,BUY,300,101.6200,0,quote
49.448,20,place,RY,BUY,100,98.4700,0,ladder
49.448,20,place,AC,BUY,300,25.3000,0,ladder
49.448,20,place,AC,BUY,100,23.9900,0,ladder
49.679,20,place,CNR,SELL,2100,159.2000,-900,quote
49.679,20,place,RY,BUY,1500,93.4000,0,ladder
49.679,20,place,RY,BUY,2000,86.3000,0,ladder
49.679,20,place,AC,SELL,1500,26.8400,0,ladder
49.679,20,place,AC,SELL,100,28.1400,0,ladder
49.679,20,place,AC,BUY,1200,22.1500,0,ladder
49.679,20,place,AC,SELL,100,29.9700,0,ladder
49.756,20,fill,AC,SELL,900,25.8850,-900,mode=mm
49.994,21,regime,CNR,,,,,"3 stop-outs in 43s -> toxic flow: half size, no stepping inside for 30s"
49.994,21,stop,CNR,BUY,900,159.2300,-900,loss=6.0t stop=5.0t trend_against=False
49.997,21,place,CNR,BUY,900,159.2300,-900,agg
50.334,21,fill,CNR,BUY,900,159.1750,0,mode=mm
50.336,21,place,RY,BUY,900,101.6300,0,quote
50.336,21,place,AC,SELL,200,25.9000,-900,quote
50.336,21,place,CNR,BUY,1500,154.3300,0,ladder
50.336,21,place,CNR,BUY,1500,146.3700,0,ladder
50.336,21,place,CNR,BUY,2000,135.2400,0,ladder
50.494,22,fill,AC,SELL,200,25.8950,-1100,mode=mm
50.767,22,fill,RY,BUY,900,101.6450,900,mode=mm
50.785,22,place,RY,BUY,200,101.6300,900,quote
51.016,22,place,RY,BUY,2100,101.6300,900,quote
51.016,22,place,AC,SELL,200,26.3300,-1100,quote
51.016,22,place,CNR,SELL,100,163.9000,0,ladder
51.059,22,place,CNR,SELL,1500,171.8600,0,ladder
51.059,22,place,CNR,SELL,2000,183.0000,0,ladder
51.165,22,regime,AC,,,,,"TREND -> chop (er=0.14, net -12t over 7s)"
51.278,22,fill,RY,BUY,2100,101.6450,3000,mode=mm
51.279,22,fill,AC,SELL,200,26.2400,-1300,mode=mm
51.279,22,regime,AC,,,,,"3 stop-outs in 43s -> toxic flow: half size, no stepping inside for 30s"
51.279,22,stop,AC,BUY,1300,26.3500,-1300,loss=39.4t stop=12.6t trend_against=False
51.285,22,place,AC,BUY,1300,26.3500,-1300,agg
51.285,22,place,RY,BUY,1600,101.6100,3000,quote
51.285,22,place,RY,SELL,3000,101.6600,3000,quote
51.519,23,fill,AC,BUY,1300,26.2650,0,mode=mm
51.521,23,place,AC,BUY,1500,25.2700,0,ladder
51.521,23,place,AC,SELL,1500,26.8300,0,ladder
51.521,23,place,AC,BUY,1500,23.9700,0,ladder
51.521,23,place,AC,SELL,1500,28.1300,0,ladder
51.521,23,place,AC,SELL,700,29.9600,0,ladder
51.726,23,place,AC,BUY,700,22.1600,0,ladder
51.785,23,place,RY,SELL,3000,101.6500,3000,quote
52.044,23,place,RY,SELL,1800,101.6400,3000,quote
52.282,23,place,AC,BUY,300,26.1400,0,quote
52.533,24,place,AC,BUY,1500,26.1400,0,quote
52.796,24,place,AC,BUY,900,26.1500,0,quote
53.311,24,fill,AC,BUY,900,26.1650,900,mode=mm
53.576,25,place,AC,BUY,1200,26.1300,900,quote
53.576,25,place,AC,SELL,900,26.1700,900,quote
53.853,25,fill,RY,BUY,1600,101.6250,4600,mode=mm
53.854,25,fill,AC,BUY,1200,26.1500,2100,mode=mm
54.089,25,place,AC,BUY,300,26.1100,2100,quote
54.089,25,place,AC,SELL,2100,26.1700,2100,quote
54.089,25,place,RY,BUY,200,101.5800,4600,quote
54.123,25,place,RY,SELL,3300,101.6300,4600,quote
54.328,25,place,AC,BUY,600,26.1200,2100,quote
54.328,25,place,RY,BUY,200,101.5800,4600,quote
54.328,25,place,RY,SELL,3300,101.6200,4600,quote
54.380,25,regime,AC,,,,,"chop -> mixed (er=0.28, net +18t over 7s)"
54.585,26,fill,RY,SELL,3300,101.6050,1300,mode=mm
55.162,26,regime,RY,,,,,"TREND -> mixed (er=0.40, net +6t over 7s)"
55.162,26,regime,AC,,,,,"mixed -> TREND (er=0.47, net +25t over 7s)"
55.287,26,place,RY,BUY,2000,101.5900,1300,quote
55.287,26,place,AC,SELL,2800,26.1600,2100,quote
55.386,26,place,AC,SELL,900,26.1400,2100,quote
55.421,26,regime,RY,,,,,"mixed -> chop (er=0.22, net +3t over 7s)"
55.421,26,place,AC,SELL,500,26.1600,2100,quote
55.582,27,place,RY,SELL,2700,101.6300,1300,quote
55.582,27,place,AC,BUY,600,26.0800,2100,quote
55.646,27,place,AC,BUY,300,26.0500,2100,quote
55.646,27,place,AC,SELL,600,26.0900,2100,quote
55.867,27,fill,RY,SELL,2700,101.6100,-1400,mode=mm
55.868,27,fill,AC,BUY,900,26.0300,3000,mode=mm
55.868,27,regime,AC,,,,,"TREND -> chop (er=0.17, net +12t over 7s)"
55.868,27,stop,AC,SELL,3000,25.9000,3000,loss=14.6t stop=12.4t trend_against=False
55.872,27,place,AC,SELL,3000,25.9000,3000,agg
56.148,27,fill,AC,SELL,3000,26.0000,0,mode=mm
56.762,28,regime,RY,,,,,"chop -> mixed (er=0.26, net -2t over 7s)"
56.930,28,place,RY,BUY,2700,101.5900,-1400,quote
56.930,28,place,CNR,BUY,1500,159.2400,0,quote
56.930,28,place,AC,SELL,300,26.0300,0,quote
56.930,28,place,AC,BUY,1500,25.3000,0,ladder
56.930,28,place,AC,BUY,1500,24.0000,0,ladder
57.229,28,fill,CNR,BUY,1500,159.2550,1500,mode=mm
57.230,28,fill,AC,SELL,300,26.0150,-300,mode=mm
57.231,28,place,RY,SELL,2000,101.6500,-1400,quote
57.231,28,place,AC,SELL,400,26.0200,-300,quote
57.231,28,place,AC,SELL,100,26.8500,-300,ladder
57.231,28,place,AC,BUY,400,22.1600,-300,ladder
57.303,28,regime,CNR,,,,,"TREND -> mixed (er=0.64, net +7t over 7s)"
57.435,28,fill,AC,SELL,250,26.0150,-550,mode=mm
58.060,29,regime,AC,,,,,"chop -> TREND (er=0.52, net -21t over 7s)"
58.146,29,regime,CNR,,,,,"mixed -> chop (er=0.24, net +3t over 7s)"
58.237,29,place,CNR,BUY,2000,159.2200,1500,quote
58.237,29,place,RY,SELL,400,101.6200,-1400,quote
58.237,29,place,AC,SELL,100,26.0600,-550,quote
58.451,29,place,RY,SELL,1200,101.6200,-1400,quote
58.451,29,place,AC,SELL,1300,26.0600,-550,quote
58.451,29,place,AC,SELL,500,28.1400,-550,ladder
58.665,30,fill,AC,SELL,1400,26.0450,-1950,mode=mm
58.667,30,place,AC,SELL,1000,26.0900,-1950,quote
58.984,30,fill,CNR,BUY,1000,159.2350,2500,mode=mm
58.984,30,fill,AC,SELL,1000,26.0650,-2950,mode=mm
59.099,30,regime,AC,,,,,"TREND -> chop (er=0.24, net -9t over 7s)"
59.247,30,fill,CNR,BUY,1000,159.2300,3500,mode=mm
59.248,30,regime,RY,,,,,"mixed -> chop (er=0.22, net -2t over 7s)"
59.406,30,stop,AC,BUY,2950,26.2600,-2950,loss=13.5t stop=11.7t trend_against=False
59.406,30,place,AC,BUY,2950,26.2600,-2950,agg
59.506,30,regime,CNR,,,,,"chop -> mixed (er=0.25, net -2t over 7s)"
59.682,31,fill,AC,BUY,2950,26.1850,0,mode=mm
60.241,31,regime,AC,,,,,"chop -> mixed (er=0.33, net +18t over 7s)"
60.241,31,place,CNR,BUY,500,159.1900,3500,quote
60.241,31,place,CNR,SELL,3100,159.2200,3500,quote
60.241,31,place,AC,BUY,300,26.2800,0,quote
60.241,31,place,AC,SELL,1500,26.9100,0,ladder
60.241,31,place,AC,SELL,1500,28.2200,0,ladder
60.241,31,place,AC,SELL,700,30.0500,0,ladder
60.795,32,place,CNR,BUY,500,159.1900,3500,quote
60.795,32,place,AC,BUY,2500,26.3500,0,quote
60.795,32,place,AC,BUY,300,25.3900,0,ladder
60.795,32,place,AC,BUY,100,24.0900,0,ladder
61.068,32,place,CNR,SELL,3100,159.2600,3500,quote
61.107,32,fill,CNR,SELL,3100,159.2250,400,mode=mm
61.109,32,regime,CNR,,,,,"mixed -> chop (er=0.17, net -2t over 7s)"
61.110,32,place,CNR,BUY,2300,159.1900,400,quote
61.110,32,place,AC,BUY,100,22.2700,0,ladder
61.249,32,place,CNR,BUY,700,159.2200,400,quote
61.479,32,fill,RY,SELL,1200,101.6050,-2600,mode=mm
62.127,33,place,CNR,BUY,1300,159.2400,400,quote
62.127,33,place,AC,BUY,900,26.3500,0,quote
62.127,33,place,AC,SELL,500,27.0600,0,ladder
62.243,33,place,AC,SELL,500,28.3700,0,ladder
62.438,33,place,AC,SELL,2000,30.2200,0,ladder
62.516,33,place,AC,BUY,1500,25.5000,0,ladder
62.574,33,regime,AC,,,,,"mixed -> TREND (er=0.82, net +37t over 7s)"
62.627,33,place,AC,BUY,1500,24.1900,0,ladder
62.744,33,fill,AC,BUY,900,26.3700,900,mode=mm
62.746,33,place,AC,BUY,2100,26.3200,900,quote
62.830,34,regime,RY,,,,,"chop -> mixed (er=0.33, net -2t over 7s)"
63.086,34,place,AC,BUY,1200,26.3300,900,quote
63.086,34,place,AC,BUY,200,22.3600,900,ladder
63.124,34,fill,AC,BUY,2100,26.3450,3000,mode=mm
63.315,34,fill,CNR,BUY,1300,159.2550,1700,mode=mm
64.076,35,fill,AC,BUY,1200,26.3350,4200,mode=mm
64.077,35,place,AC,SELL,1100,26.3500,4200,quote
64.119,35,regime,RY,,,,,"mixed -> chop (er=0.14, net -1t over 7s)"
64.327,35,stop,AC,SELL,4200,26.2900,4200,loss=21.9t stop=9.9t trend_against=False
64.328,35,place,AC,SELL,4200,26.2900,4200,agg
64.369,35,regime,RY,,,,,"chop -> mixed (er=0.67, net -2t over 7s)"
64.407,35,fill,AC,SELL,600,26.3350,3600,mode=mm
64.558,36,fill,AC,SELL,444,26.2450,3156,mode=mm
65.109,36,regime,AC,,,,,"TREND -> chop (er=0.07, net +4t over 7s)"
65.158,36,place,CNR,BUY,300,159.2100,1700,quote
65.158,36,place,RY,BUY,2900,101.5800,-2600,quote
65.158,36,place,RY,SELL,100,101.6100,-2600,quote
65.320,36,place,CNR,BUY,1900,159.2100,1700,quote
65.320,36,place,RY,SELL,100,101.6100,-2600,quote
65.356,36,stop,AC,SELL,3156,25.9500,3156,loss=15.9t stop=15.5t trend_against=False
65.357,36,place,AC,SELL,3156,25.9500,3156,agg
65.421,36,place,RY,SELL,1700,101.6100,-2600,quote
65.581,37,fill,CNR,BUY,1900,159.2250,3600,mode=mm
65.583,37,fill,AC,SELL,3156,26.0450,0,mode=mm
65.832,37,fill,RY,BUY,2900,101.5950,300,mode=mm
66.099,37,place,CNR,BUY,1400,159.1700,3600,quote
66.099,37,place,CNR,SELL,3100,159.2300,3600,quote
66.099,37,place,RY,BUY,700,101.5700,300,quote
66.099,37,place,RY,SELL,900,101.6000,300,quote
66.099,37,place,AC,SELL,300,26.0400,0,quote
66.099,37,place,AC,BUY,1500,25.4100,0,ladder
66.099,37,place,AC,BUY,1500,24.1000,0,ladder
66.099,37,place,AC,BUY,400,22.2700,0,ladder
66.385,37,fill,CNR,BUY,1400,159.2000,5000,mode=mm
66.385,37,fill,AC,SELL,300,26.0250,-300,mode=mm
66.385,37,stop,CNR,SELL,5000,159.1500,5000,loss=6.8t stop=5.0t trend_against=False
66.387,37,place,CNR,SELL,5000,159.1500,5000,agg
66.502,38,regime,CNR,,,,,"chop -> mixed (er=0.41, net -7t over 7s)"
66.502,38,regime,AC,,,,,"chop -> mixed (er=0.27, net -16t over 7s)"
66.616,38,fill,CNR,SELL,150,159.1550,4850,mode=mm
66.617,38,place,RY,BUY,700,101.5600,300,quote
66.617,38,place,RY,SELL,900,101.5900,300,quote
66.617,38,place,AC,BUY,300,26.0100,-300,quote
66.975,38,fill,CNR,SELL,340,159.1300,4510,mode=mm
66.978,38,place,RY,BUY,2300,101.5600,300,quote
66.978,38,place,AC,SELL,200,26.0600,-300,quote
66.978,38,place,AC,SELL,100,26.9300,-300,ladder
67.042,38,regime,AC,,,,,"mixed -> TREND (er=0.64, net -28t over 7s)"
67.337,38,place,AC,SELL,400,26.0700,-300,quote
67.337,38,place,AC,SELL,100,28.2200,-300,ladder
67.337,38,place,AC,SELL,100,30.0500,-300,ladder
67.436,38,fill,AC,SELL,200,26.0500,-500,mode=mm
67.453,38,stop,CNR,SELL,4510,159.0400,4510,loss=11.8t stop=5.0t trend_against=False
67.453,38,place,CNR,SELL,4510,159.0400,4510,agg
67.586,39,place,AC,SELL,2300,26.0800,-500,quote
67.710,39,fill,CNR,SELL,4510,159.0950,0,mode=mm
67.711,39,fill,AC,SELL,400,26.0600,-900,mode=mm
67.930,39,fill,AC,SELL,2300,26.0700,-3200,mode=mm
68.064,39,place,CNR,SELL,100,159.1100,0,quote
68.064,39,place,AC,BUY,3000,26.0600,-3200,quote
68.064,39,place,CNR,BUY,1500,154.3900,0,ladder
68.064,39,place,CNR,BUY,1500,146.4300,0,ladder
68.064,39,place,CNR,BUY,2000,135.2900,0,ladder
68.185,39,regime,CNR,,,,,"mixed -> TREND (er=0.71, net -15t over 7s)"
68.187,39,place,CNR,SELL,2500,159.1100,0,quote
68.187,39,place,AC,SELL,1500,26.1200,-3200,quote
68.187,39,place,CNR,SELL,1500,163.9300,0,ladder
68.187,39,place,CNR,SELL,100,171.8900,0,ladder
68.187,39,place,CNR,SELL,100,183.0300,0,ladder
68.238,39,place,AC,BUY,3000,26.1200,-3200,quote
68.447,39,fill,AC,SELL,1500,26.1600,-4700,mode=mm
68.449,39,stop,AC,BUY,4700,26.4300,-4700,loss=28.3t stop=13.9t trend_against=False
68.450,39,place,AC,BUY,4700,26.4300,-4700,agg
68.717,40,fill,AC,BUY,4700,26.2850,0,mode=mm
68.916,40,regime,AC,,,,,"TREND -> chop (er=0.18, net -11t over 7s)"
69.714,41,place,CNR,SELL,2500,159.0500,0,quote
69.714,41,place,AC,BUY,2500,26.2500,0,quote
69.714,41,place,AC,BUY,900,25.3800,0,ladder
69.714,41,place,AC,SELL,1500,26.9500,0,ladder
69.714,41,place,AC,BUY,100,24.0700,0,ladder
69.714,41,place,AC,SELL,1500,28.2500,0,ladder
69.714,41,place,AC,BUY,100,22.2400,0,ladder
69.714,41,place,AC,SELL,2000,30.0900,0,ladder
69.990,41,place,RY,SELL,600,101.5800,300,quote
70.017,41,place,RY,BUY,2800,101.5700,300,quote
70.194,41,place,RY,SELL,3000,101.5800,300,quote
70.194,41,place,AC,BUY,500,26.2600,0,quote
70.497,41,fill,RY,BUY,2800,101.5750,3100,mode=mm
70.748,42,fill,CNR,SELL,2500,159.0300,-2500,mode=mm
71.177,42,place,CNR,SELL,1700,159.0500,-2500,quote
71.177,42,place,RY,SELL,3000,101.5700,3100,quote
71.177,42,place,AC,BUY,900,26.2700,0,quote
71.235,42,place,CNR,SELL,300,159.0700,-2500,quote
71.453,42,place,CNR,SELL,1000,159.0600,-2500,quote
71.644,43,place,AC,SELL,500,26.3000,0,quote
71.757,43,fill,CNR,SELL,876,159.0450,-3376,mode=mm
71.758,43,place,CNR,BUY,3100,159.0400,-3376,quote
71.758,43,place,CNR,SELL,1500,159.0700,-3376,quote
71.758,43,place,AC,BUY,2500,26.2800,0,quote
71.758,43,place,AC,SELL,900,26.3100,0,quote
71.824,43,regime,AC,,,,,"chop -> TREND (er=0.69, net +22t over 7s)"
72.020,43,fill,CNR,SELL,124,159.0550,-3500,mode=mm
72.255,43,fill,RY,SELL,3000,101.5650,100,mode=mm
72.255,43,fill,AC,SELL,900,26.2950,-900,mode=mm
72.440,43,place,AC,BUY,2600,26.2900,-900,quote
72.547,43,fill,CNR,SELL,1500,159.0600,-5000,mode=mm
73.086,44,regime,CNR,,,,,"TREND -> chop (er=0.05, net +2t over 7s)"
73.087,44,place,CNR,BUY,3300,159.1800,-5000,quote
73.087,44,place,CNR,SELL,200,159.3000,-5000,quote
73.087,44,place,RY,BUY,2900,101.5600,100,quote
73.087,44,place,RY,SELL,100,101.5700,100,quote
73.087,44,place,AC,BUY,1500,26.3900,-900,quote
73.087,44,place,CNR,BUY,1500,154.3000,-5000,ladder
73.087,44,place,CNR,BUY,500,146.3400,-5000,ladder
73.304,44,stop,CNR,BUY,5000,159.3700,-5000,loss=21.2t stop=7.4t trend_against=False
73.304,44,stop,AC,BUY,900,26.4900,-900,loss=12.0t stop=9.4t trend_against=False
73.310,44,place,CNR,BUY,5000,159.3700,-5000,agg
73.310,44,place,AC,BUY,900,26.4900,-900,agg
73.357,44,regime,CNR,,,,,"chop -> mixed (er=0.31, net +12t over 7s)"
73.518,44,fill,CNR,BUY,5000,159.2700,0,mode=mm
73.520,44,fill,AC,BUY,900,26.4250,0,mode=mm
73.878,45,regime,CNR,,,,,"mixed -> TREND (er=0.55, net +19t over 7s)"
74.018,45,place,CNR,BUY,2500,159.2800,0,quote
74.018,45,place,RY,SELL,3000,101.5700,100,quote
74.018,45,place,CNR,SELL,1500,163.9200,0,ladder
74.018,45,place,CNR,SELL,1500,171.8800,0,ladder
74.018,45,place,CNR,SELL,2000,183.0200,0,ladder
74.018,45,place,AC,SELL,1500,27.1300,0,ladder
74.018,45,place,AC,SELL,900,28.4400,0,ladder
74.636,45,place,CNR,BUY,2500,159.3200,0,quote
74.636,45,place,AC,BUY,2500,26.4500,0,quote
74.636,45,place,CNR,BUY,1500,154.4100,0,ladder
74.636,45,place,CNR,BUY,300,146.4500,0,ladder
74.636,45,place,CNR,BUY,100,135.3100,0,ladder
74.636,45,place,AC,SELL,700,30.3200,0,ladder
75.487,46,place,CNR,BUY,2500,159.3300,0,quote
75.943,47,place,CNR,BUY,2500,159.3400,0,quote
75.943,47,place,AC,BUY,2500,26.5000,0,quote
75.943,47,place,AC,BUY,900,25.6300,0,ladder
76.135,47,place,AC,BUY,1500,24.3200,0,ladder
76.135,47,place,AC,BUY,700,22.4700,0,ladder
76.294,47,place,AC,SELL,1500,28.5600,0,ladder
76.352,47,place,AC,SELL,1500,27.2400,0,ladder
76.479,47,place,CNR,BUY,300,159.3300,0,quote
76.516,47,place,AC,BUY,2500,26.5100,0,quote
76.909,48,place,CNR,BUY,2500,159.3400,0,quote
77.113,48,place,AC,SELL,2000,30.4500,0,ladder
77.738,48,place,RY,SELL,3000,101.5500,100,quote
77.738,48,place,CNR,BUY,1500,159.3600,0,quote
77.738,48,place,AC,BUY,500,26.5500,0,quote
77.979,49,fill,RY,SELL,3000,101.5500,-2900,mode=mm
78.534,49,place,RY,SELL,1100,101.5600,-2900,quote
78.534,49,place,CNR,BUY,300,159.3900,0,quote
78.534,49,place,AC,BUY,900,26.5600,0,quote
78.687,49,place,CNR,BUY,2500,159.3900,0,quote
78.687,49,place,AC,BUY,500,26.5700,0,quote
79.180,50,place,AC,BUY,500,26.5800,0,quote
79.406,50,place,RY,SELL,1100,101.5500,-2900,quote
79.406,50,place,AC,BUY,100,25.7500,0,ladder
79.511,50,place,CNR,BUY,300,159.3800,0,quote
79.593,50,place,AC,SELL,100,27.3500,0,ladder
79.769,50,fill,CNR,BUY,300,159.4000,300,mode=mm
79.950,51,place,RY,SELL,1100,101.5500,-2900,quote
79.950,51,place,AC,BUY,900,26.5800,0,quote
80.261,51,place,AC,BUY,900,26.6000,0,quote
80.261,51,place,AC,BUY,500,24.4400,0,ladder
80.314,51,place,CNR,BUY,2300,159.3700,300,quote
80.314,51,place,RY,SELL,600,101.5500,-2900,quote
80.314,51,place,AC,SELL,100,28.6900,0,ladder
80.314,51,place,AC,BUY,100,22.5800,0,ladder
80.770,51,place,CNR,BUY,2300,159.3600,300,quote
80.770,51,place,RY,SELL,1900,101.5500,-2900,quote
81.067,52,fill,CNR,BUY,1500,159.3750,1800,mode=mm
81.102,52,place,CNR,BUY,600,159.3500,1800,quote
81.138,52,regime,CNR,,,,,"TREND -> mixed (er=0.39, net +6t over 7s)"
81.642,53,place,CNR,BUY,1300,159.3900,1800,quote
81.642,53,place,AC,SELL,100,30.5800,0,ladder
81.856,53,place,CNR,BUY,2200,159.3900,1800,quote
81.856,53,place,AC,BUY,900,26.6100,0,quote
82.355,53,fill,CNR,BUY,2200,159.3950,4000,mode=mm
82.357,53,place,CNR,BUY,900,159.3900,4000,quote
82.357,53,place,CNR,SELL,5000,159.4000,4000,quote
82.568,53,fill,CNR,BUY,900,159.3950,4900,mode=mm
82.577,53,regime,CNR,,,,,"mixed -> chop (er=0.17, net +2t over 7s)"
82.689,53,fill,CNR,SELL,4000,159.3850,900,mode=mm
82.720,54,place,CNR,SELL,1800,159.4000,900,quote
82.852,54,fill,CNR,SELL,1300,159.3950,-400,mode=mm
83.175,54,fill,CNR,SELL,1500,159.3950,-1900,mode=mm
83.177,54,regime,CNR,,,,,"chop -> mixed (er=0.35, net +5t over 7s)"
83.704,54,regime,AC,,,,,"TREND -> mixed (er=0.78, net +7t over 7s)"
83.850,55,place,CNR,BUY,5000,159.4200,-1900,quote
83.850,55,place,CNR,SELL,2200,159.4300,-1900,quote
83.850,55,place,AC,BUY,900,26.6100,0,quote
83.850,55,place,CNR,BUY,1500,154.6100,-1900,ladder
83.850,55,place,CNR,BUY,1500,146.6400,-1900,ladder
83.850,55,place,CNR,BUY,2000,135.4900,-1900,ladder
84.157,55,fill,CNR,BUY,5000,159.4200,3100,mode=mm
84.364,55,place,CNR,SELL,600,159.4200,3100,quote
84.364,55,place,CNR,SELL,300,164.1800,3100,ladder
84.518,55,fill,CNR,SELL,600,159.4200,2500,mode=mm
85.033,56,regime,RY,,,,,"mixed -> chop (er=0.00, net +0t over 7s)"
85.171,56,fill,RY,SELL,1900,101.5450,-4800,mode=mm
85.171,56,place,RY,BUY,1000,101.5400,-4800,quote
85.305,56,regime,CNR,,,,,"mixed -> chop (er=0.15, net +2t over 7s)"
85.445,56,place,RY,BUY,5000,101.5400,-4800,quote
85.445,56,place,RY,SELL,1500,101.5600,-4800,quote
85.445,56,place,AC,BUY,900,26.6300,0,quote
85.947,57,fill,RY,BUY,5000,101.5450,200,mode=mm
85.948,57,place,CNR,BUY,3400,159.3900,2500,quote
85.948,57,place,CNR,SELL,5000,159.4000,2500,quote
85.948,57,place,RY,SELL,1800,101.5400,200,quote
85.948,57,place,AC,BUY,500,26.6500,0,quote
85.948,57,place,CNR,BUY,100,154.6200,2500,ladder
85.948,57,place,CNR,SELL,1500,164.1900,2500,ladder
85.948,57,place,CNR,BUY,100,146.6500,2500,ladder
85.948,57,place,CNR,SELL,1500,172.1600,2500,ladder
85.948,57,place,CNR,SELL,2000,183.3200,2500,ladder
86.272,57,fill,CNR,SELL,5000,159.4000,-2500,mode=mm
86.272,57,regime,RY,,,,,"chop -> mixed (er=1.00, net -1t over 7s)"
86.524,57,fill,CNR,BUY,3400,159.4050,900,mode=mm
86.526,57,place,AC,BUY,1500,26.6500,0,quote
86.671,57,place,CNR,BUY,4300,159.3900,900,quote
86.671,57,place,CNR,BUY,1500,154.6200,900,ladder
86.671,57,place,CNR,SELL,900,164.1900,900,ladder
86.671,57,place,CNR,BUY,500,146.6500,900,ladder
86.671,57,place,CNR,SELL,100,172.1600,900,ladder
86.671,57,place,CNR,SELL,100,183.3200,900,ladder
86.954,58,fill,CNR,BUY,4100,159.4000,5000,mode=mm
87.215,58,fill,CNR,BUY,200,159.3900,5200,mode=mm
87.452,58,fill,RY,SELL,600,101.5350,-400,mode=mm
87.453,58,place,AC,BUY,1500,26.6700,0,quote
87.453,58,place,CNR,BUY,700,159.3400,5200,quote
87.453,58,place,CNR,SELL,5000,159.3700,5200,quote
87.453,58,place,RY,BUY,3000,101.5300,-400,quote
87.453,58,place,RY,SELL,100,101.5400,-400,quote
87.603,58,regime,CNR,,,,,"chop -> mixed (er=0.27, net -4t over 7s)"
87.604,58,place,CNR,SELL,5000,159.3500,5200,quote
87.604,58,place,AC,SELL,1500,27.4600,0,ladder
87.840,58,fill,CNR,BUY,700,159.3350,5900,mode=mm
87.841,58,regime,CNR,,,,,"3 stop-outs in 43s -> toxic flow: half size, no stepping inside for 30s"
87.841,58,stop,CNR,SELL,5000,159.2000,5900,loss=8.4t stop=5.7t trend_against=False
87.845,58,place,CNR,SELL,5000,159.2000,5900,agg
88.281,59,fill,CNR,SELL,4400,159.2300,1500,mode=mm
88.286,59,regime,CNR,,,,,"mixed -> TREND (er=0.71, net -22t over 7s)"
88.540,59,place,RY,BUY,100,101.5400,-400,quote
88.540,59,place,RY,SELL,900,101.5500,-400,quote
88.540,59,place,AC,SELL,300,28.8100,0,ladder
88.712,59,fill,RY,BUY,100,101.5400,-300,mode=mm
88.713,59,place,RY,SELL,100,101.5500,-300,quote
88.850,59,place,AC,BUY,100,26.7000,0,quote
88.897,59,stop,CNR,SELL,1500,159.0500,1500,loss=31.4t stop=7.5t trend_against=True
88.898,59,place,CNR,SELL,1500,159.0500,1500,agg
88.929,60,place,AC,BUY,1500,25.8800,0,ladder
88.929,60,place,AC,BUY,1500,24.5500,0,ladder
88.929,60,place,AC,BUY,2000,22.6800,0,ladder
89.078,60,fill,CNR,SELL,1500,159.1300,0,mode=mm
89.195,60,place,AC,BUY,2500,26.7100,0,quote
89.195,60,place,CNR,SELL,1500,159.1500,0,quote
89.195,60,place,RY,SELL,500,101.5500,-300,quote
89.195,60,place,CNR,BUY,1500,154.5000,0,ladder
89.195,60,place,CNR,SELL,100,164.0600,0,ladder
89.195,60,place,CNR,BUY,1500,146.5400,0,ladder
89.195,60,place,CNR,SELL,100,172.0200,0,ladder
89.195,60,place,CNR,BUY,2000,135.3900,0,ladder
89.523,60,place,RY,SELL,500,101.5500,-300,quote
89.624,60,regime,AC,,,,,"mixed -> TREND (er=0.93, net +13t over 7s)"
89.624,60,place,AC,SELL,2000,30.7100,0,ladder
89.783,60,place,RY,SELL,2800,101.5500,-300,quote
89.783,60,place,CNR,SELL,1500,159.0500,0,quote
89.783,60,place,AC,BUY,500,26.7400,0,quote
89.783,60,place,CNR,SELL,200,183.1100,0,ladder
90.116,61,fill,CNR,SELL,1500,159.0350,-1500,mode=mm
90.674,61,regime,RY,,,,,"mixed -> chop (er=0.00, net +0t over 7s)"
90.818,61,place,RY,BUY,5000,101.5400,-300,quote
90.818,61,place,CNR,SELL,2000,159.0400,-1500,quote
90.818,61,place,AC,BUY,1500,26.8000,0,quote
91.025,62,place,CNR,SELL,700,159.0300,-1500,quote
91.025,62,place,AC,BUY,100,26.8100,0,quote
91.269,62,place,AC,BUY,500,26.8100,0,quote
91.529,62,fill,CNR,SELL,700,159.0150,-2200,mode=mm
91.529,62,fill,RY,BUY,5000,101.5450,4700,mode=mm
92.315,63,place,RY,BUY,900,101.5300,4700,quote
92.315,63,place,RY,SELL,5000,101.5500,4700,quote
92.315,63,place,CNR,SELL,100,159.1100,-2200,quote
92.315,63,place,AC,SELL,1500,27.6000,0,ladder
92.315,63,place,AC,SELL,300,28.9400,0,ladder
92.492,63,place,AC,BUY,2500,26.8600,0,quote
92.492,63,place,AC,BUY,1500,26.0000,0,ladder
92.492,63,place,AC,BUY,1500,24.6600,0,ladder
92.492,63,place,AC,BUY,200,22.7800,0,ladder
92.577,63,fill,CNR,SELL,100,159.0850,-2300,mode=mm
92.681,64,place,AC,SELL,2000,30.8400,0,ladder
92.773,64,place,RY,BUY,500,101.5200,4700,quote
92.822,64,place,RY,SELL,3000,101.5400,4700,quote
93.290,64,place,CNR,SELL,1700,159.2100,-2300,quote
93.290,64,place,RY,BUY,900,101.5200,4700,quote
93.290,64,place,AC,BUY,300,26.9000,0,quote
93.380,64,place,CNR,SELL,100,159.2400,-2300,quote
93.451,64,regime,CNR,,,,,"TREND -> mixed (er=0.30, net -20t over 7s)"
93.488,64,place,CNR,BUY,1700,159.1900,-2300,quote
93.670,64,stop,CNR,BUY,2300,159.2700,-2300,loss=16.3t stop=10.3t trend_against=False
93.671,64,place,CNR,BUY,2300,159.2700,-2300,agg
93.816,65,place,AC,BUY,2500,26.9100,0,quote
93.880,65,fill,CNR,BUY,600,159.2050,-1700,mode=mm
93.880,65,place,CNR,BUY,100,159.1900,-1700,quote
93.880,65,place,AC,BUY,100,26.9200,0,quote
93.880,65,place,CNR,SELL,1500,163.9000,-1700,ladder
93.880,65,place,CNR,SELL,1500,171.8600,-1700,ladder
93.880,65,place,CNR,SELL,400,183.0000,-1700,ladder
94.411,65,fill,RY,BUY,900,101.5350,5600,mode=mm
94.601,65,regime,CNR,,,,,"mixed -> chop (er=0.20, net -12t over 7s)"
94.730,65,stop,CNR,BUY,1700,159.3700,-1700,loss=19.4t stop=8.6t trend_against=False
94.730,65,place,CNR,BUY,1700,159.3700,-1700,agg
94.933,66,fill,CNR,BUY,1700,159.2900,0,mode=mm
94.951,66,place,CNR,BUY,2500,159.2900,0,quote
94.951,66,place,RY,BUY,700,101.5100,5600,quote
94.951,66,place,RY,SELL,5000,101.5300,5600,quote
94.951,66,place,CNR,SELL,1500,163.9500,0,ladder
94.951,66,place,CNR,SELL,1500,171.9100,0,ladder
94.951,66,place,CNR,SELL,200,183.0500,0,ladder
95.173,66,fill,RY,BUY,700,101.5250,6300,mode=mm
95.210,66,regime,CNR,,,,,"chop -> mixed (er=0.31, net +17t over 7s)"
95.210,66,regime,RY,,,,,"chop -> mixed (er=0.38, net -2t over 7s)"
95.407,66,place,CNR,BUY,1500,159.3200,0,quote
95.407,66,place,RY,BUY,700,101.4900,6300,quote
95.407,66,place,RY,SELL,3000,101.5100,6300,quote
95.407,66,place,AC,BUY,500,26.9300,0,quote
95.407,66,place,CNR,BUY,100,154.4300,0,ladder
95.467,66,regime,CNR,,,,,"mixed -> TREND (er=0.48, net +24t over 7s)"
95.608,66,place,AC,BUY,100,26.9300,0,quote
96.248,67,place,CNR,BUY,1500,159.3400,0,quote
96.248,67,place,AC,BUY,500,26.9400,0,quote
96.248,67,place,CNR,BUY,300,146.5100,0,ladder
96.248,67,place,AC,SELL,500,27.7200,0,ladder
96.407,67,place,CNR,BUY,2500,159.3500,0,quote
96.586,67,place,AC,SELL,300,29.0800,0,ladder
96.879,68,place,CNR,BUY,1500,159.3700,0,quote
96.879,68,place,AC,BUY,900,26.9500,0,quote
96.879,68,place,CNR,BUY,200,135.3900,0,ladder
96.879,68,place,AC,BUY,100,26.1200,0,ladder
96.879,68,place,AC,SELL,400,30.9700,0,ladder
97.130,68,place,AC,BUY,1500,24.7800,0,ladder
97.130,68,place,AC,BUY,200,22.8900,0,ladder
97.175,68,fill,RY,SELL,3000,101.5050,3300,mode=mm
97.179,68,place,RY,SELL,5000,101.5100,3300,quote
97.416,68,fill,RY,SELL,5000,101.5050,-1700,mode=mm
97.629,68,place,CNR,BUY,500,159.4100,0,quote
97.629,68,place,AC,BUY,500,26.9400,0,quote
97.749,68,place,AC,BUY,100,26.9500,0,quote
97.856,69,place,RY,BUY,5000,101.5000,-1700,quote
97.927,69,fill,AC,BUY,600,26.9650,600,mode=mm
98.206,69,place,CNR,BUY,2500,159.4100,0,quote
98.206,69,place,AC,BUY,2200,26.9200,600,quote
98.390,69,fill,AC,BUY,2200,26.9350,2800,mode=mm
98.612,69,regime,AC,,,,,"TREND -> mixed (er=0.37, net +7t over 7s)"
98.971,70,place,RY,BUY,5000,101.5100,-1700,quote
98.971,70,place,RY,SELL,400,101.5300,-1700,quote
98.971,70,place,AC,BUY,100,26.9000,2800,quote
99.357,70,fill,CNR,BUY,278,159.4250,278,mode=mm
99.357,70,fill,RY,BUY,5000,101.5150,3300,mode=mm
99.358,70,fill,AC,BUY,100,26.8650,2900,mode=mm
99.359,70,regime,AC,,,,,"3 stop-outs in 43s -> toxic flow: half size, no stepping inside for 30s"
99.359,70,stop,AC,SELL,2900,26.6700,2900,loss=14.3t stop=5.0t trend_against=False
99.363,70,place,AC,SELL,2900,26.6700,2900,agg
99.452,70,fill,CNR,BUY,2222,159.4150,2500,mode=mm
99.452,70,fill,AC,SELL,1124,26.7950,1776,mode=mm
99.625,70,fill,AC,SELL,1776,26.7500,0,mode=mm
99.626,70,regime,AC,,,,,"mixed -> TREND (er=0.66, net -25t over 7s)"
99.722,70,regime,CNR,,,,,"TREND -> mixed (er=0.33, net +16t over 7s)"
100.243,71,regime,CNR,,,,,"mixed -> chop (er=0.20, net +8t over 7s)"
100.243,71,place,CNR,BUY,1000,159.2200,2500,quote
100.243,71,place,CNR,SELL,2900,159.2700,2500,quote
100.243,71,place,RY,SELL,5000,101.5200,3300,quote
100.243,71,place,AC,SELL,500,26.6400,0,quote
100.243,71,place,AC,SELL,100,27.6600,0,ladder
100.422,71,place,AC,BUY,1500,26.0300,0,ladder
100.422,71,place,AC,BUY,1500,24.6900,0,ladder
100.422,71,place,AC,SELL,1500,28.9800,0,ladder
100.422,71,place,AC,BUY,1200,22.8100,0,ladder
100.422,71,place,AC,SELL,2000,30.8600,0,ladder
100.475,71,fill,CNR,BUY,463,159.2550,2963,mode=mm
100.479,71,stop,CNR,SELL,2963,159.2000,2963,loss=16.0t stop=9.8t trend_against=False
100.480,71,place,CNR,SELL,2963,159.2000,2963,agg
100.657,71,fill,CNR,SELL,2963,159.2550,0,mode=mm
101.540,72,place,CNR,SELL,2500,159.2500,0,quote
101.540,72,place,RY,BUY,300,101.4900,3300,quote
101.540,72,place,RY,SELL,600,101.5000,3300,quote
101.540,72,place,AC,SELL,100,26.5100,0,quote
101.540,72,place,CNR,BUY,1500,154.5200,0,ladder
101.540,72,place,CNR,SELL,100,164.0800,0,ladder
101.540,72,place,CNR,BUY,1500,146.5600,0,ladder
101.540,72,place,CNR,BUY,2000,135.4100,0,ladder
101.642,72,place,RY,BUY,3100,101.5000,3300,quote
101.642,72,place,RY,SELL,5000,101.5300,3300,quote
101.642,72,place,CNR,SELL,2500,159.2700,0,quote
101.642,72,place,CNR,SELL,500,172.0400,0,ladder
101.642,72,place,CNR,SELL,100,183.1900,0,ladder
101.642,72,place,AC,SELL,500,27.5400,0,ladder
101.727,72,fill,RY,BUY,2500,101.5150,5800,mode=mm
102.054,73,regime,CNR,,,,,"chop -> mixed (er=0.28, net -12t over 7s)"
102.054,73,regime,RY,,,,,"mixed -> chop (er=0.05, net -1t over 7s)"
103.037,73,place,CNR,SELL,1500,159.2200,0,quote
103.037,73,place,AC,BUY,500,25.8200,0,ladder
103.060,74,place,RY,BUY,2100,101.4800,5800,quote
103.060,74,place,RY,SELL,5000,101.5000,5800,quote
103.060,74,place,AC,SELL,900,26.4900,0,quote
103.060,74,place,AC,BUY,900,24.4900,0,ladder
103.269,74,fill,RY,SELL,5000,101.5000,800,mode=mm
103.302,74,place,RY,BUY,4400,101.4900,800,quote
103.302,74,place,CNR,SELL,2500,159.2100,0,quote
103.302,74,place,AC,SELL,1500,27.4000,0,ladder
103.302,74,place,AC,SELL,900,28.7300,0,ladder
103.302,74,place,AC,BUY,2000,22.6100,0,ladder
103.302,74,place,AC,SELL,400,30.5900,0,ladder
103.508,74,place,RY,SELL,3000,101.5100,800,quote
103.508,74,place,CNR,SELL,300,159.1500,0,quote
103.682,74,regime,CNR,,,,,"mixed -> TREND (er=0.53, net -25t over 7s)"
103.795,74,fill,RY,SELL,3000,101.5050,-2200,mode=mm
104.792,76,place,RY,BUY,5000,101.5000,-2200,quote
104.792,76,place,RY,SELL,2100,101.5100,-2200,quote
104.792,76,place,CNR,SELL,2500,159.1500,0,quote
104.792,76,place,AC,SELL,100,26.4900,0,quote
105.031,76,fill,RY,SELL,2100,101.5000,-4300,mode=mm
105.287,76,fill,RY,BUY,5000,101.5150,700,mode=mm
105.294,76,place,RY,BUY,4500,101.4900,700,quote
105.294,76,place,AC,SELL,1500,26.4700,0,quote
105.294,76,place,AC,BUY,900,24.3900,0,ladder
105.344,76,place,AC,BUY,100,25.7100,0,ladder
105.615,76,place,RY,SELL,5000,101.5000,700,quote
105.806,77,fill,RY,SELL,300,101.5000,400,mode=mm
105.807,77,place,RY,BUY,300,101.4900,400,quote
106.345,77,place,RY,BUY,4700,101.4900,400,quote
106.345,77,place,AC,SELL,300,26.4300,0,quote
106.345,77,place,AC,SELL,100,27.2700,0,ladder
106.345,77,place,AC,BUY,1200,22.5100,0,ladder
106.601,77,fill,RY,SELL,4700,101.4950,-4300,mode=mm
107.337,78,place,RY,BUY,5000,101.5200,-4300,quote
107.337,78,place,RY,SELL,1600,101.5600,-4300,quote
107.337,78,place,CNR,SELL,1500,159.1400,0,quote
107.337,78,place,AC,SELL,1500,26.4600,0,quote
107.337,78,place,AC,SELL,300,28.5700,0,ladder
107.337,78,place,AC,SELL,100,30.4200,0,ladder
107.568,78,place,RY,SELL,2700,101.5500,-4300,quote
107.568,78,place,AC,SELL,1500,26.4500,0,quote
107.717,78,fill,CNR,SELL,811,159.1250,-811,mode=mm
107.717,78,fill,RY,BUY,5000,101.5300,700,mode=mm
107.717,78,fill,AC,SELL,308,26.4300,-308,mode=mm
107.939,79,fill,CNR,SELL,689,159.1350,-1500,mode=mm
107.939,79,fill,AC,SELL,2692,26.4450,-3000,mode=mm
107.941,79,place,AC,BUY,600,26.4200,-3000,quote
108.022,79,regime,CNR,,,,,"TREND -> mixed (er=0.30, net -6t over 7s)"
108.131,79,place,AC,BUY,100,26.4300,-3000,quote
108.273,79,regime,CNR,,,,,"mixed -> TREND (er=0.81, net -12t over 7s)"
108.273,79,regime,AC,,,,,"TREND -> chop (er=0.24, net -4t over 7s)"
108.491,79,place,RY,BUY,2700,101.4900,700,quote
108.491,79,place,RY,SELL,3000,101.5100,700,quote
108.491,79,place,CNR,BUY,900,159.1200,-1500,quote
108.491,79,place,CNR,SELL,700,159.1600,-1500,quote
108.491,79,place,AC,BUY,3000,26.4500,-3000,quote
108.491,79,place,AC,SELL,300,26.4900,-3000,quote
108.871,80,place,RY,BUY,900,101.4900,700,quote
108.871,80,place,RY,SELL,3000,101.5000,700,quote
108.871,80,place,CNR,BUY,500,159.1300,-1500,quote
108.871,80,place,AC,BUY,1800,26.4600,-3000,quote
109.080,80,regime,CNR,,,,,"TREND -> mixed (er=0.58, net -7t over 7s)"
109.106,80,place,AC,SELL,100,26.5000,-3000,quote
109.165,80,fill,RY,BUY,900,101.5000,1600,mode=mm
109.167,80,stop,AC,BUY,3000,26.5600,-3000,loss=36.5t stop=6.4t trend_against=False
109.168,80,place,AC,BUY,3000,26.5600,-3000,agg
109.457,80,fill,CNR,BUY,200,159.1450,-1300,mode=mm
109.457,80,fill,AC,BUY,2900,26.5050,-100,mode=mm
109.459,80,regime,AC,,,,,"chop -> mixed (er=0.25, net +7t over 7s)"
109.628,80,fill,RY,SELL,3000,101.4950,-1400,mode=mm
109.989,81,regime,AC,,,,,"mixed -> TREND (er=0.66, net +28t over 7s)"
110.172,81,place,CNR,BUY,2700,159.1400,-1300,quote
110.172,81,place,CNR,SELL,2000,159.1700,-1300,quote
110.172,81,place,RY,BUY,5000,101.4800,-1400,quote
110.199,81,stop,AC,BUY,100,26.9000,-100,loss=19.4t stop=12.1t trend_against=False
110.199,81,place,AC,BUY,100,26.9000,-100,agg
110.400,81,fill,CNR,BUY,2051,159.1550,751,mode=mm
110.402,81,fill,AC,BUY,100,26.7900,0,mode=mm
110.402,81,place,CNR,BUY,2200,159.1300,751,quote
110.402,81,place,AC,SELL,1500,27.3500,0,ladder
110.402,81,place,AC,SELL,1500,28.6800,0,ladder
110.645,81,place,RY,BUY,1000,101.4900,-1400,quote
110.645,81,place,RY,SELL,2400,101.5100,-1400,quote
110.645,81,place,CNR,BUY,200,159.1400,751,quote
110.645,81,place,AC,BUY,100,26.7800,0,quote
110.645,81,place,AC,SELL,100,30.5700,0,ladder
110.901,82,fill,RY,SELL,2400,101.4950,-3800,mode=mm
111.057,82,regime,CNR,,,,,"mixed -> chop (er=0.17, net +1t over 7s)"
111.740,82,place,CNR,BUY,400,159.1100,751,quote
111.740,82,place,CNR,SELL,2600,159.1600,751,quote
111.740,82,place,RY,BUY,5000,101.4700,-3800,quote
111.740,82,place,RY,SELL,100,101.4900,-3800,quote
111.740,82,place,AC,BUY,100,26.9200,0,quote
111.740,82,place,AC,SELL,100,27.5100,0,ladder
111.804,83,place,CNR,SELL,2600,159.1400,751,quote
111.804,83,place,AC,BUY,1500,25.9200,0,ladder
111.804,83,place,AC,BUY,1500,24.5800,0,ladder
111.804,83,place,AC,SELL,100,28.8600,0,ladder
111.955,83,fill,CNR,BUY,400,159.1250,1151,mode=mm
111.956,83,place,CNR,BUY,1200,159.0700,1151,quote
111.956,83,place,CNR,SELL,1600,159.1200,1151,quote
111.956,83,place,RY,BUY,5000,101.4800,-3800,quote
111.956,83,place,RY,SELL,300,101.4900,-3800,quote
112.081,83,place,CNR,BUY,200,159.0800,1151,quote
112.189,83,regime,CNR,,,,,"chop -> mixed (er=0.39, net -4t over 7s)"
112.189,83,place,CNR,BUY,200,159.0600,1151,quote
112.189,83,place,CNR,SELL,1600,159.1100,1151,quote
112.189,83,place,RY,SELL,100,101.4900,-3800,quote
112.189,83,place,AC,BUY,100,26.9200,0,quote
112.445,83,fill,CNR,BUY,200,159.0900,1351,mode=mm
112.446,83,fill,RY,SELL,400,101.4850,-4200,mode=mm
112.447,83,stop,CNR,SELL,1351,158.9600,1351,loss=6.9t stop=5.0t trend_against=False
112.447,83,stop,RY,BUY,4200,101.6000,-4200,loss=5.4t stop=5.0t trend_against=False
112.449,83,place,CNR,SELL,1351,158.9600,1351,agg
112.449,83,place,RY,BUY,4200,101.6000,-4200,agg
112.740,83,fill,CNR,SELL,1351,159.0550,0,mode=mm
112.742,83,fill,RY,BUY,4200,101.5200,0,mode=mm
112.743,83,regime,CNR,,,,,"mixed -> TREND (er=0.63, net -12t over 7s)"
113.247,84,place,RY,BUY,300,101.5000,0,quote
113.247,84,place,CNR,SELL,1500,159.0200,0,quote
113.247,84,place,CNR,SELL,100,163.8700,0,ladder
113.247,84,place,CNR,SELL,100,171.8200,0,ladder
113.247,84,place,RY,SELL,1500,104.5500,0,ladder
113.247,84,place,RY,SELL,1500,109.6200,0,ladder
113.247,84,place,RY,SELL,2000,116.7300,0,ladder
113.247,84,place,AC,SELL,1500,27.6300,0,ladder
113.247,84,place,AC,SELL,1200,30.8500,0,ladder
113.401,84,place,AC,BUY,900,26.8800,0,quote
113.401,84,place,CNR,BUY,500,154.3200,0,ladder
113.401,84,place,CNR,SELL,700,182.9500,0,ladder
113.401,84,place,AC,SELL,900,28.9800,0,ladder
113.486,84,fill,RY,BUY,300,101.5000,300,mode=mm
113.679,84,place,RY,BUY,4700,101.4800,300,quote
113.679,84,place,CNR,SELL,2500,159.0000,0,quote
113.679,84,place,AC,BUY,1500,26.7800,0,quote
113.679,84,place,CNR,BUY,1500,146.3500,0,ladder
113.679,84,place,CNR,BUY,2000,135.2200,0,ladder
113.679,84,place,RY,BUY,1500,98.4600,300,ladder
113.679,84,place,RY,BUY,500,93.3800,300,ladder
113.783,84,place,RY,SELL,300,101.5000,300,quote
113.965,85,fill,RY,SELL,300,101.4950,0,mode=mm
113.965,85,fill,AC,BUY,1500,26.4850,1500,mode=mm
113.965,85,regime,AC,,,,,"TREND -> chop (er=0.03, net +4t over 7s)"
113.967,85,stop,AC,SELL,1500,26.3500,1500,loss=37.0t stop=23.2t trend_against=False
113.970,85,place,AC,SELL,1500,26.3500,1500,agg
114.211,85,fill,AC,SELL,1500,26.4500,0,mode=mm
114.213,85,place,AC,SELL,300,26.5800,0,quote
114.213,85,place,RY,BUY,100,101.4900,0,quote
114.213,85,place,AC,BUY,100,25.9900,0,ladder
114.213,85,place,AC,BUY,100,24.6500,0,ladder
114.475,85,fill,AC,SELL,200,26.5400,-200,mode=mm
114.506,85,place,AC,BUY,200,26.5100,-200,quote
114.506,85,place,AC,BUY,1200,22.7400,-200,ladder
114.686,85,place,CNR,SELL,1500,158.9800,0,quote
114.686,85,place,AC,BUY,200,26.5400,-200,quote
114.736,85,place,AC,BUY,200,26.5100,-200,quote
114.943,86,place,AC,SELL,2400,26.5700,-200,quote
114.943,86,place,RY,BUY,1000,101.5100,0,quote
114.943,86,place,RY,BUY,200,86.2800,0,ladder
115.030,86,fill,AC,BUY,200,26.5400,0,mode=mm
115.059,86,place,AC,SELL,2500,26.5600,0,quote
115.059,86,place,CNR,SELL,2500,158.9700,0,quote
115.059,86,place,RY,BUY,600,101.5000,0,quote
115.059,86,place,AC,SELL,100,27.5100,0,ladder
115.059,86,place,AC,SELL,100,28.8400,0,ladder
115.241,86,fill,RY,BUY,1600,101.5050,1600,mode=mm
115.242,86,fill,AC,SELL,49,26.5400,-49,mode=mm
115.242,86,place,RY,BUY,2300,101.4800,1600,quote
115.242,86,place,CNR,SELL,500,158.9600,0,quote
115.242,86,place,AC,SELL,200,30.7000,-49,ladder
115.298,86,place,AC,BUY,1500,24.5500,-49,ladder
115.350,86,place,RY,SELL,1600,101.5000,1600,quote
115.373,86,place,AC,BUY,1500,25.8800,-49,ladder
115.517,86,fill,RY,SELL,1600,101.4950,0,mode=mm
115.519,86,place,CNR,SELL,900,158.9300,0,quote
115.519,86,place,AC,SELL,400,26.5400,-49,quote
115.700,86,place,RY,BUY,3000,101.4800,0,quote
115.700,86,place,RY,SELL,1800,101.4900,0,quote
115.700,86,place,AC,SELL,200,26.5400,-49,quote
115.828,86,place,RY,BUY,300,101.4900,0,quote
115.828,86,place,RY,SELL,600,101.5100,0,quote
115.828,86,place,AC,SELL,100,26.5300,-49,quote
116.036,87,fill,RY,SELL,1500,101.5000,-1500,mode=mm
116.224,87,place,RY,SELL,100,101.5100,-1500,quote
116.224,87,place,AC,BUY,2000,22.6300,-49,ladder
116.300,87,place,RY,BUY,3000,101.4800,-1500,quote
116.478,87,place,CNR,SELL,2500,158.8900,0,quote
116.478,87,place,AC,SELL,2400,26.5000,-49,quote
116.586,87,place,AC,SELL,1400,26.4900,-49,quote
116.586,87,place,CNR,SELL,100,158.8800,0,quote
116.745,87,place,CNR,SELL,1500,158.8700,0,quote
116.745,87,place,AC,SELL,1500,27.3900,-49,ladder
116.745,87,place,AC,SELL,300,28.7200,-49,ladder
116.803,87,place,CNR,SELL,300,158.8600,0,quote
116.803,87,place,AC,SELL,100,26.4700,-49,quote
116.863,87,regime,AC,,,,,"chop -> mixed (er=0.34, net -29t over 7s)"
117.241,88,place,AC,BUY,100,26.4300,-49,quote
117.241,88,place,AC,BUY,100,25.7700,-49,ladder
117.355,88,place,AC,SELL,1400,26.4500,-49,quote
117.355,88,place,CNR,SELL,300,158.8400,0,quote
117.355,88,place,RY,SELL,100,101.4900,-1500,quote
117.355,88,place,AC,BUY,1500,24.4300,-49,ladder
117.381,88,regime,AC,,,,,"mixed -> TREND (er=0.48, net -39t over 7s)"
117.511,88,place,AC,SELL,100,30.5300,-49,ladder
117.544,88,fill,RY,BUY,3000,101.4850,1500,mode=mm
117.546,88,place,CNR,SELL,1500,158.8200,0,quote
117.546,88,place,RY,BUY,800,101.4800,1500,quote
117.546,88,place,RY,SELL,1000,101.4900,1500,quote
117.546,88,place,AC,SELL,100,26.4400,-49,quote
117.699,88,fill,RY,BUY,800,101.4850,2300,mode=mm
117.726,88,place,RY,BUY,2100,101.4700,2300,quote
117.726,88,place,RY,SELL,3000,101.4800,2300,quote
117.726,88,place,AC,SELL,2400,26.4400,-49,quote
117.816,88,place,AC,SELL,400,26.4200,-49,quote
118.070,89,fill,RY,BUY,2100,101.4750,4400,mode=mm
118.070,89,regime,RY,,,,,"chop -> mixed (er=0.33, net -7t over 7s)"
118.071,89,place,CNR,SELL,900,158.8000,0,quote
118.071,89,place,RY,BUY,100,101.4500,4400,quote
118.071,89,place,RY,SELL,5000,101.4700,4400,quote
118.186,89,place,AC,BUY,700,22.5300,-49,ladder
118.349,89,place,CNR,SELL,500,158.7900,0,quote
118.383,89,place,RY,BUY,300,101.4500,4400,quote
118.576,89,place,CNR,SELL,2500,158.7800,0,quote
118.576,89,place,RY,BUY,500,101.4500,4400,quote
118.714,89,place,AC,SELL,1400,26.3900,-49,quote
118.714,89,place,AC,SELL,300,27.2800,-49,ladder
118.829,89,place,CNR,SELL,100,158.7700,0,quote
118.890,89,regime,RY,,,,,"mixed -> chop (er=0.13, net -2t over 7s)"
119.123,90,fill,RY,SELL,5000,101.4650,-600,mode=mm
119.343,90,place,CNR,SELL,2500,158.7400,0,quote
119.343,90,place,RY,BUY,5000,101.4700,-600,quote
119.343,90,place,RY,SELL,1600,101.4800,-600,quote
119.343,90,place,AC,BUY,900,25.6600,-49,ladder
119.343,90,place,AC,BUY,300,24.3300,-49,ladder
119.427,90,regime,RY,,,,,"chop -> mixed (er=0.33, net -5t over 7s)"
119.557,90,place,AC,SELL,800,26.3600,-49,quote
119.557,90,place,AC,SELL,100,28.5600,-49,ladder
119.611,90,fill,RY,BUY,5000,101.4750,4400,mode=mm
119.831,90,place,CNR,SELL,500,158.7300,0,quote
119.831,90,place,RY,BUY,300,101.4500,4400,quote
119.831,90,place,RY,SELL,5000,101.4700,4400,quote
119.831,90,place,AC,SELL,800,26.3400,-49,quote
119.897,90,place,CNR,SELL,500,158.7200,0,quote
120.142,91,place,CNR,SELL,2500,158.7000,0,quote
120.142,91,place,AC,SELL,1400,26.3300,-49,quote
120.185,91,place,RY,BUY,500,101.4500,4400,quote
120.185,91,place,AC,SELL,200,30.3700,-49,ladder
120.364,91,place,CNR,SELL,100,158.6900,0,quote
120.364,91,place,RY,BUY,100,101.4500,4400,quote
120.364,91,place,AC,BUY,200,22.4400,-49,ladder
120.785,91,place,CNR,SELL,2500,158.6800,0,quote
120.785,91,place,RY,BUY,100,101.4500,4400,quote
120.982,91,place,CNR,SELL,500,158.6700,0,quote
120.982,91,place,RY,BUY,300,101.4500,4400,quote
121.035,91,regime,RY,,,,,"mixed -> chop (er=0.24, net -3t over 7s)"
121.295,92,regime,RY,,,,,"chop -> mixed (er=0.30, net -3t over 7s)"
121.323,92,place,CNR,SELL,1500,158.6600,0,quote
121.323,92,place,RY,BUY,500,101.4500,4400,quote
121.323,92,place,AC,SELL,100,26.3000,-49,quote
121.770,92,place,CNR,SELL,2500,158.6400,0,quote
121.770,92,place,RY,BUY,900,101.4500,4400,quote
121.770,92,place,AC,SELL,800,26.2800,-49,quote
121.770,92,place,AC,BUY,300,25.5500,-49,ladder
121.770,92,place,AC,SELL,100,27.1400,-49,ladder
121.853,92,place,AC,BUY,100,24.2300,-49,ladder
121.912,92,place,CNR,SELL,100,158.6300,0,quote
121.912,92,place,AC,SELL,200,26.2700,-49,quote
121.996,92,place,RY,BUY,2600,101.4500,4400,quote
121.996,92,place,AC,SELL,1500,28.4400,-49,ladder
122.199,93,fill,RY,SELL,5000,101.4650,-600,mode=mm
122.199,93,place,RY,BUY,5000,101.4700,-600,quote
122.199,93,place,RY,SELL,1600,101.4800,-600,quote
122.239,93,place,CNR,SELL,2500,158.6200,0,quote
122.483,93,fill,RY,BUY,3400,101.4700,2800,mode=mm
122.625,93,place,RY,BUY,600,101.4600,2800,quote
122.625,93,place,AC,SELL,200,26.2500,-49,quote
122.738,93,place,RY,SELL,5000,101.4900,2800,quote
122.968,93,place,AC,BUY,1200,22.3500,-49,ladder
123.131,94,place,RY,BUY,3300,101.4600,2800,quote
123.131,94,place,CNR,SELL,900,158.6000,0,quote
123.131,94,place,AC,SELL,100,26.2300,-49,quote
123.198,94,place,RY,SELL,5000,101.4700,2800,quote
123.317,94,regime,RY,,,,,"mixed -> chop (er=0.20, net -2t over 7s)"
123.393,94,place,CNR,SELL,2500,158.5900,0,quote
123.393,94,place,AC,SELL,400,26.2200,-49,quote
123.450,94,fill,RY,SELL,3000,101.4700,-200,mode=mm
123.580,94,regime,RY,,,,,"chop -> mixed (er=0.25, net -2t over 7s)"
123.687,94,fill,RY,SELL,2000,101.4650,-2200,mode=mm
123.831,94,regime,RY,,,,,"mixed -> chop (er=0.05, net -1t over 7s)"
124.165,95,place,CNR,SELL,2500,158.5600,0,quote
124.165,95,place,RY,BUY,5000,101.4600,-2200,quote
124.165,95,place,RY,SELL,400,101.4700,-2200,quote
124.165,95,place,AC,SELL,100,26.1900,-49,quote
124.241,95,place,RY,BUY,600,101.4500,-2200,quote
124.367,95,regime,RY,,,,,"chop -> mixed (er=0.25, net -3t over 7s)"
124.421,95,place,CNR,SELL,900,158.5500,0,quote
124.421,95,place,RY,SELL,100,101.4600,-2200,quote
124.481,95,fill,RY,BUY,5000,101.4550,2800,mode=mm
124.760,95,place,CNR,SELL,2500,158.5300,0,quote
124.760,95,place,RY,BUY,600,101.4500,2800,quote
124.760,95,place,RY,SELL,5000,101.4600,2800,quote
124.760,95,place,AC,SELL,200,26.1600,-49,quote
124.760,95,place,AC,BUY,300,25.4400,-49,ladder
124.895,95,regime,RY,,,,,"mixed -> chop (er=0.18, net -2t over 7s)"
124.969,95,place,CNR,SELL,2500,158.5200,0,quote
124.969,95,place,RY,BUY,600,101.4500,2800,quote
124.969,95,place,AC,SELL,200,26.1500,-49,quote
124.969,95,place,AC,BUY,100,24.1200,-49,ladder
125.502,96,place,CNR,SELL,100,158.5000,0,quote
125.763,96,place,CNR,SELL,2500,158.4900,0,quote
125.763,96,place,RY,BUY,600,101.4500,2800,quote
125.763,96,place,AC,SELL,100,26.1300,-49,quote
125.820,96,place,AC,BUY,100,22.2600,-49,ladder
125.946,96,place,AC,SELL,1500,26.9700,-49,ladder
125.946,96,place,AC,SELL,900,28.2800,-49,ladder
126.222,97,place,CNR,SELL,2500,158.4800,0,quote
126.222,97,place,RY,BUY,600,101.4500,2800,quote
126.222,97,place,AC,SELL,200,26.1200,-49,quote
126.267,97,fill,RY,SELL,5000,101.4550,-2200,mode=mm
126.461,97,place,RY,BUY,5000,101.4600,-2200,quote
126.461,97,place,RY,SELL,2100,101.4700,-2200,quote
126.461,97,place,AC,SELL,200,26.1100,-49,quote
126.534,97,fill,RY,BUY,5000,101.4600,2800,mode=mm
126.687,97,place,RY,BUY,1900,101.4500,2800,quote
126.687,97,place,RY,SELL,5000,101.4600,2800,quote
126.843,97,fill,RY,SELL,1430,101.4600,1370,mode=mm
127.266,98,fill,RY,SELL,3570,101.4550,-2200,mode=mm
127.296,98,place,RY,SELL,2100,101.4900,-2200,quote
127.296,98,place,CNR,SELL,500,158.4400,0,quote
127.554,98,fill,RY,SELL,1307,101.4750,-3507,mode=mm
127.842,98,place,RY,SELL,1000,101.4900,-3507,quote
127.842,98,place,CNR,SELL,2500,158.4100,0,quote
127.842,98,place,AC,SELL,100,26.0500,-49,quote
127.842,98,place,AC,BUY,1500,25.3300,-49,ladder
127.882,98,place,RY,BUY,5000,101.4500,-3507,quote
127.901,98,place,AC,BUY,500,24.0200,-49,ladder
128.063,98,place,CNR,SELL,100,158.4000,0,quote
128.324,99,place,CNR,SELL,2500,158.3800,0,quote
128.324,99,place,RY,SELL,1800,101.4600,-3507,quote
128.324,99,place,AC,SELL,400,26.0300,-49,quote
128.324,99,place,CNR,SELL,300,163.2100,0,ladder
128.371,99,place,CNR,BUY,1500,153.7000,0,ladder
128.573,99,place,CNR,BUY,1200,134.6800,0,ladder
128.573,99,place,AC,BUY,400,22.1700,-49,ladder
128.854,99,fill,RY,SELL,500,101.4550,-4007,mode=mm
128.856,99,place,CNR,SELL,1500,158.3600,0,quote
128.856,99,place,AC,SELL,400,26.0100,-49,quote
128.856,99,place,CNR,BUY,900,145.7600,0,ladder
128.856,99,place,CNR,SELL,100,171.1100,0,ladder
128.856,99,place,CNR,SELL,100,182.2000,0,ladder
129.066,99,fill,RY,SELL,1300,101.4550,-5307,mode=mm
129.268,100,place,RY,BUY,5000,101.4600,-5307,quote
129.268,100,place,RY,SELL,200,101.4800,-5307,quote
129.268,100,place,CNR,SELL,1500,158.3500,0,quote
129.334,100,place,CNR,SELL,500,158.3400,0,quote
129.619,100,fill,RY,BUY,5000,101.4600,-307,mode=mm
129.623,100,place,CNR,SELL,1500,158.3300,0,quote
129.623,100,place,RY,BUY,100,101.4500,-307,quote
129.623,100,place,RY,SELL,2800,101.4600,-307,quote
129.842,100,fill,RY,SELL,2780,101.4550,-3087,mode=mm
129.845,100,place,AC,SELL,2400,25.9800,-49,quote
129.845,100,place,AC,SELL,900,26.8200,-49,ladder
129.845,100,place,AC,SELL,100,28.1300,-49,ladder
129.845,100,place,AC,SELL,100,29.9500,-49,ladder
129.881,100,place,RY,BUY,3000,101.4500,-3087,quote
130.050,100,place,CNR,SELL,1500,158.3200,0,quote
130.050,100,place,RY,SELL,1100,101.4600,-3087,quote
130.115,100,fill,RY,BUY,3000,101.4550,-87,mode=mm
130.300,101,place,CNR,SELL,2500,158.3100,0,quote
130.300,101,place,RY,BUY,1000,101.4400,-87,quote
130.300,101,place,RY,SELL,1700,101.4500,-87,quote
130.300,101,place,AC,SELL,400,25.9700,-49,quote
130.353,101,place,RY,SELL,300,101.4500,-87,quote
130.549,101,place,CNR,SELL,1500,158.3000,0,quote
130.549,101,place,RY,BUY,5000,101.4400,-87,quote
130.620,101,fill,RY,SELL,300,101.4450,-387,mode=mm
130.813,101,place,RY,BUY,300,101.4600,-387,quote
130.853,101,fill,RY,BUY,300,101.4750,-87,mode=mm
130.905,101,place,RY,BUY,100,101.4700,-87,quote
130.905,101,place,RY,SELL,600,101.4900,-87,quote
130.905,101,place,CNR,SELL,100,158.2800,0,quote
130.955,101,place,AC,BUY,1500,25.2200,-49,ladder
130.955,101,place,AC,BUY,100,23.9200,-49,ladder
131.082,101,place,AC,SELL,1400,25.9500,-49,quote
131.136,101,fill,RY,BUY,100,101.4800,13,mode=mm
131.138,101,place,CNR,SELL,100,158.2700,0,quote
131.138,101,place,RY,SELL,3000,101.4600,13,quote
131.337,102,place,AC,SELL,2400,25.9400,-49,quote
131.396,102,fill,RY,SELL,3000,101.4550,-2987,mode=mm
131.655,102,place,CNR,SELL,2500,158.2500,0,quote
131.655,102,place,RY,BUY,5000,101.4400,-2987,quote
131.655,102,place,AC,SELL,800,25.9200,-49,quote
131.655,102,place,AC,BUY,1200,22.0800,-49,ladder
131.890,102,place,CNR,SELL,1500,158.2400,0,quote
131.890,102,place,AC,SELL,800,25.9200,-49,quote
131.932,102,place,RY,SELL,100,101.4500,-2987,quote
132.388,103,place,CNR,SELL,500,158.2300,0,quote
132.388,103,place,RY,SELL,100,101.4500,-2987,quote
132.388,103,place,AC,SELL,100,25.9100,-49,quote
132.452,103,place,RY,BUY,5000,101.4500,-2987,quote
132.613,103,place,CNR,SELL,1500,158.2200,0,quote
132.694,103,fill,RY,BUY,4900,101.4500,1913,mode=mm
133.214,104,place,CNR,SELL,1500,158.1900,0,quote
133.214,104,place,RY,BUY,400,101.4400,1913,quote
133.214,104,place,AC,SELL,400,25.8700,-49,quote
133.214,104,place,AC,SELL,300,26.7100,-49,ladder
133.343,104,place,AC,SELL,300,28.0000,-49,ladder
133.508,104,place,CNR,SELL,1500,158.1800,0,quote
133.508,104,place,RY,BUY,400,101.4400,1913,quote
133.508,104,place,AC,SELL,400,25.8600,-49,quote
133.508,104,place,AC,SELL,100,29.8100,-49,ladder
133.742,104,place,CNR,SELL,2500,158.1700,0,quote
133.742,104,place,RY,BUY,2200,101.4400,1913,quote
133.742,104,place,AC,SELL,200,25.8500,-49,quote
133.940,105,place,RY,SELL,5000,101.4500,1913,quote
133.997,105,place,CNR,SELL,1500,158.1600,0,quote
133.997,105,place,AC,SELL,800,25.8400,-49,quote
134.189,105,place,AC,BUY,500,23.8200,-49,ladder
134.251,105,place,CNR,SELL,300,158.1500,0,quote
134.251,105,place,AC,SELL,400,25.8300,-49,quote
134.497,105,place,AC,SELL,200,25.8200,-49,quote
134.753,105,regime,RY,,,,,"chop -> mixed (er=0.28, net -3t over 7s)"
134.753,105,place,CNR,SELL,1500,158.1400,0,quote
134.753,105,place,AC,SELL,800,25.8100,-49,quote
134.753,105,place,AC,BUY,300,25.1000,-49,ladder
134.753,105,place,AC,BUY,100,21.9900,-49,ladder
134.913,105,place,CNR,SELL,300,158.1200,0,quote
134.993,106,fill,RY,SELL,5000,101.4450,-3087,mode=mm
135.028,106,regime,RY,,,,,"mixed -> chop (er=0.00, net +0t over 7s)"
135.256,106,place,CNR,SELL,2500,158.1000,0,quote
135.256,106,place,RY,BUY,5000,101.4500,-3087,quote
135.256,106,place,AC,SELL,400,25.7900,-49,quote
135.522,106,fill,RY,BUY,5000,101.4550,1913,mode=mm
135.524,106,place,CNR,SELL,2500,158.0900,0,quote
135.524,106,place,RY,BUY,1300,101.4400,1913,quote
135.524,106,place,RY,SELL,5000,101.4500,1913,quote
135.769,106,fill,RY,BUY,1300,101.4450,3213,mode=mm
136.072,107,place,RY,SELL,5000,101.4400,3213,quote
136.347,107,place,CNR,SELL,2500,158.0500,0,quote
136.347,107,place,RY,BUY,1800,101.4300,3213,quote
136.347,107,place,AC,SELL,400,25.7500,-49,quote
136.347,107,place,AC,SELL,100,26.5900,-49,ladder
136.753,107,place,CNR,SELL,2500,158.0400,0,quote
136.753,107,place,AC,SELL,400,25.7500,-49,quote
137.045,108,place,CNR,SELL,2500,158.0200,0,quote
137.165,108,place,AC,BUY,500,23.7200,-49,ladder
137.376,108,fill,RY,SELL,5000,101.4350,-1787,mode=mm
137.377,108,place,RY,BUY,5000,101.4400,-1787,quote
137.377,108,place,RY,SELL,1300,101.4500,-1787,quote
137.437,108,place,CNR,SELL,300,158.0100,0,quote
137.512,108,place,AC,SELL,400,25.7200,-49,quote
137.579,108,fill,RY,BUY,700,101.4400,-1087,mode=mm
137.850,108,fill,RY,BUY,4300,101.4450,3213,mode=mm
137.870,108,place,CNR,SELL,2500,157.9800,0,quote
137.870,108,place,RY,SELL,5000,101.4400,3213,quote
137.870,108,place,AC,SELL,400,25.7100,-49,quote
137.974,108,regime,RY,,,,,"chop -> mixed (er=0.47, net -4t over 7s)"
138.098,109,place,CNR,SELL,500,157.9700,0,quote
138.098,109,place,RY,BUY,600,101.4300,3213,quote
138.305,109,place,AC,SELL,2400,25.7100,-49,quote
138.305,109,place,AC,BUY,1500,24.9800,-49,ladder
138.305,109,place,AC,SELL,500,27.8100,-49,ladder
138.305,109,place,AC,BUY,1200,21.8900,-49,ladder
138.305,109,place,AC,SELL,200,29.6100,-49,ladder
138.518,109,regime,RY,,,,,"mixed -> chop (er=0.17, net -1t over 7s)"
138.575,109,fill,RY,SELL,5000,101.4350,-1787,mode=mm
138.576,109,place,CNR,SELL,1500,157.9500,0,quote
138.576,109,place,RY,BUY,5000,101.4300,-1787,quote
138.576,109,place,AC,SELL,800,25.7000,-49,quote
138.616,109,place,RY,BUY,1800,101.4400,-1787,quote
138.840,109,fill,RY,BUY,1800,101.4400,13,mode=mm
138.842,109,place,RY,SELL,3000,101.4400,13,quote
138.842,109,place,CNR,SELL,500,157.9200,0,quote
138.842,109,place,AC,SELL,200,25.6800,-49,quote
139.129,110,fill,RY,SELL,3000,101.4400,-2987,mode=mm
139.130,110,stop,RY,BUY,2987,101.5000,-2987,loss=7.0t stop=5.0t trend_against=False
139.132,110,place,RY,BUY,2987,101.5000,-2987,agg
139.379,110,fill,RY,BUY,2987,101.4450,0,mode=mm
139.381,110,place,RY,BUY,300,101.4500,0,quote
139.381,110,place,CNR,SELL,100,157.9000,0,quote
139.381,110,place,RY,BUY,100,98.4000,0,ladder
139.422,110,place,AC,SELL,2400,25.6700,-49,quote
139.647,110,fill,RY,BUY,300,101.4500,300,mode=mm
139.682,110,place,CNR,SELL,900,157.8800,0,quote
139.682,110,place,RY,BUY,300,101.4300,300,quote
139.682,110,place,RY,SELL,1500,104.4800,300,ladder
139.682,110,place,RY,SELL,1500,109.5600,300,ladder
139.682,110,place,RY,SELL,2000,116.6600,300,ladder
139.830,110,place,AC,SELL,2400,25.6600,-49,quote
140.084,111,place,RY,BUY,500,101.4300,300,quote
140.084,111,place,AC,SELL,200,25.6500,-49,quote
140.084,111,place,RY,BUY,100,93.3300,300,ladder
140.162,111,place,CNR,SELL,1500,157.8700,0,quote
140.354,111,place,RY,BUY,4700,101.4300,300,quote
140.354,111,place,AC,SELL,2400,25.6400,-49,quote
140.354,111,place,RY,BUY,200,86.2200,300,ladder
140.354,111,place,AC,SELL,100,26.4600,-49,ladder
140.424,111,place,CNR,SELL,500,157.8500,0,quote
140.424,111,place,RY,SELL,300,101.4400,300,quote
140.666,111,place,CNR,SELL,100,157.8300,0,quote
140.666,111,place,AC,BUY,1500,23.6200,-49,ladder
140.946,111,place,CNR,SELL,2500,157.8200,0,quote
140.946,111,place,AC,SELL,100,25.6100,-49,quote
141.194,112,place,CNR,SELL,1500,157.8100,0,quote
141.194,112,place,AC,SELL,800,25.6000,-49,quote
141.407,112,place,AC,BUY,1500,24.8800,-49,ladder
141.475,112,place,CNR,SELL,1500,157.8000,0,quote
141.475,112,place,AC,SELL,1400,25.5900,-49,quote
141.475,112,place,AC,BUY,200,21.8000,-49,ladder
141.579,112,place,AC,SELL,700,29.4900,-49,ladder
141.697,112,place,CNR,SELL,1500,157.7900,0,quote
141.697,112,place,AC,SELL,2400,25.5800,-49,quote
141.697,112,place,AC,SELL,100,27.6900,-49,ladder
141.916,112,fill,RY,SELL,300,101.4350,0,mode=mm
141.918,112,place,CNR,SELL,2500,157.7800,0,quote
141.918,112,place,AC,SELL,800,25.5700,-49,quote
141.973,112,fill,RY,BUY,4700,101.4350,4700,mode=mm
142.075,112,regime,RY,,,,,"chop -> mixed (er=0.33, net -2t over 7s)"
142.707,113,place,CNR,SELL,900,157.7500,0,quote
142.707,113,place,RY,BUY,500,101.4100,4700,quote
142.707,113,place,RY,SELL,5000,101.4300,4700,quote
142.882,113,regime,RY,,,,,"mixed -> chop (er=0.17, net -1t over 7s)"
142.882,113,place,AC,SELL,2400,25.5400,-49,quote
142.913,113,place,RY,BUY,900,101.4100,4700,quote
142.974,113,place,AC,SELL,2400,25.5300,-49,quote
142.974,113,place,CNR,SELL,1500,162.5500,0,ladder
143.032,113,place,CNR,BUY,1500,153.0800,0,ladder
143.060,113,place,CNR,BUY,2000,134.1400,0,ladder
143.222,114,place,RY,SELL,3000,101.4400,4700,quote
143.251,114,fill,RY,SELL,5000,101.4350,-300,mode=mm
144.339,115,place,CNR,SELL,2500,157.6900,0,quote
144.339,115,place,RY,BUY,5000,101.4200,-300,quote
144.339,115,place,RY,SELL,4700,101.4300,-300,quote
144.339,115,place,AC,SELL,1400,25.4800,-49,quote
144.339,115,place,CNR,BUY,900,145.1400,0,ladder
144.339,115,place,CNR,SELL,300,170.3800,0,ladder
144.339,115,place,CNR,SELL,100,181.4300,0,ladder
144.339,115,place,AC,BUY,1500,24.7800,-49,ladder
144.474,115,place,AC,SELL,1500,26.3100,-49,ladder
144.474,115,place,AC,BUY,100,23.5000,-49,ladder
144.474,115,place,AC,BUY,100,21.7100,-49,ladder
144.474,115,place,AC,SELL,1200,29.3700,-49,ladder
144.568,115,place,CNR,SELL,500,157.6800,0,quote
144.707,115,regime,RY,,,,,"chop -> mixed (er=0.29, net -2t over 7s)"
144.807,115,place,CNR,SELL,300,157.6700,0,quote
144.916,115,fill,RY,BUY,5000,101.4250,4700,mode=mm
144.918,115,place,CNR,SELL,2500,157.6700,0,quote
144.918,115,place,RY,BUY,500,101.4000,4700,quote
144.918,115,place,RY,SELL,1800,101.4200,4700,quote
145.502,116,place,CNR,SELL,500,157.6600,0,quote
145.502,116,place,RY,BUY,100,101.4000,4700,quote
145.502,116,place,AC,SELL,100,25.4300,-49,quote
145.834,116,fill,RY,SELL,1800,101.4150,2900,mode=mm
145.835,116,place,CNR,SELL,2500,157.6200,0,quote
145.835,116,place,RY,BUY,3300,101.4100,2900,quote
145.835,116,place,RY,SELL,3000,101.4200,2900,quote
145.932,116,place,AC,SELL,800,25.4100,-49,quote
145.932,116,place,AC,SELL,300,27.5200,-49,ladder
146.091,116,place,CNR,SELL,2500,157.6100,0,quote
146.091,116,place,AC,SELL,1400,25.4000,-49,quote
146.414,116,fill,RY,SELL,200,101.4200,2700,mode=mm
146.416,117,place,CNR,SELL,900,157.6000,0,quote
146.571,117,fill,RY,SELL,2800,101.4150,-100,mode=mm
146.782,117,place,CNR,SELL,1500,157.5900,0,quote
146.782,117,place,AC,BUY,1500,24.6800,-49,ladder
146.946,117,place,CNR,SELL,500,157.5800,0,quote
146.946,117,place,RY,SELL,100,101.4200,-100,quote
146.946,117,place,AC,BUY,2000,21.6200,-49,ladder
147.313,117,fill,RY,SELL,100,101.4150,-200,mode=mm
147.346,118,place,RY,BUY,5000,101.4200,-200,quote
147.346,118,place,RY,SELL,1600,101.4300,-200,quote
147.346,118,place,CNR,SELL,500,157.5600,0,quote
147.346,118,place,AC,SELL,800,25.3700,-49,quote
147.346,118,place,AC,SELL,300,26.1900,-49,ladder
147.346,118,place,AC,BUY,300,23.3900,-49,ladder
147.570,118,fill,RY,BUY,5000,101.4200,4800,mode=mm
147.835,118,place,RY,BUY,900,101.4000,4800,quote
147.835,118,place,CNR,SELL,300,157.5500,0,quote
148.120,119,place,CNR,SELL,1500,157.5200,0,quote
148.120,119,place,AC,SELL,1400,25.3500,-49,quote
148.120,119,place,AC,SELL,100,29.2100,-49,ladder
148.357,119,place,CNR,SELL,300,157.5000,0,quote
148.357,119,place,AC,SELL,800,25.3400,-49,quote
148.497,119,place,RY,SELL,5000,101.4200,4800,quote
148.597,119,place,AC,SELL,100,25.3300,-49,quote
148.632,119,place,CNR,SELL,2500,157.4900,0,quote
148.657,119,place,AC,SELL,900,27.4100,-49,ladder
148.930,119,fill,RY,SELL,1486,101.4200,3314,mode=mm
148.932,119,place,RY,BUY,1800,101.4100,3314,quote
148.978,120,place,CNR,SELL,900,157.4800,0,quote
148.978,120,place,AC,SELL,400,25.3200,-49,quote
149.103,120,fill,RY,SELL,3514,101.4200,-200,mode=mm
149.105,120,regime,RY,,,,,"mixed -> chop (er=0.20, net -1t over 7s)"
149.106,120,place,RY,BUY,3000,101.4200,-200,quote
149.106,120,place,RY,SELL,900,101.4300,-200,quote
149.106,120,place,CNR,SELL,300,157.4700,0,quote
149.331,120,place,AC,SELL,200,25.3100,-49,quote
149.404,120,fill,RY,BUY,2100,101.4200,1900,mode=mm
149.585,120,place,RY,BUY,400,101.4100,1900,quote
149.585,120,place,RY,SELL,3000,101.4200,1900,quote
149.585,120,place,CNR,SELL,100,157.4500,0,quote
149.585,120,place,AC,SELL,400,25.3000,-49,quote
149.645,120,place,AC,SELL,200,25.2900,-49,quote
149.898,120,place,CNR,SELL,300,157.4300,0,quote
149.985,120,fill,RY,BUY,400,101.4150,2300,mode=mm
149.985,120,regime,RY,,,,,"chop -> mixed (er=0.38, net -3t over 7s)"
150.018,121,place,RY,BUY,3500,101.3900,2300,quote
150.018,121,place,RY,SELL,1800,101.4000,2300,quote
150.018,121,place,AC,SELL,800,25.2800,-49,quote
150.095,121,place,CNR,SELL,2500,157.4200,0,quote
150.095,121,place,AC,BUY,1500,24.5800,-49,ladder
150.175,121,place,CNR,SELL,500,157.4100,0,quote
150.175,121,place,AC,SELL,1400,25.2700,-49,quote
150.357,121,place,AC,BUY,2000,21.5300,-49,ladder
150.391,121,fill,RY,SELL,1800,101.3950,500,mode=mm
150.393,121,place,RY,SELL,100,101.4000,500,quote
150.393,121,place,AC,SELL,2400,25.2600,-49,quote
150.393,121,place,AC,SELL,500,26.0800,-49,ladder
150.620,121,place,CNR,SELL,300,157.4100,0,quote
150.688,121,fill,RY,SELL,100,101.4000,400,mode=mm
150.953,121,place,RY,BUY,2800,101.3900,400,quote
150.953,121,place,CNR,SELL,100,157.3900,0,quote
150.953,121,place,AC,BUY,900,23.2800,-49,ladder
151.227,122,place,CNR,SELL,300,157.3800,0,quote
151.227,122,place,AC,SELL,400,25.2300,-49,quote
151.385,122,place,AC,SELL,2000,29.0800,-49,ladder
151.451,122,place,CNR,SELL,1500,157.3700,0,quote
151.451,122,place,AC,SELL,100,25.2300,-49,quote
151.699,122,place,CNR,SELL,2500,157.3600,0,quote
151.699,122,place,AC,SELL,2400,25.2200,-49,quote
151.699,122,place,AC,SELL,300,27.3000,-49,ladder
151.996,122,place,RY,SELL,5000,101.4000,400,quote
151.996,122,place,CNR,SELL,100,157.3500,0,quote
151.996,122,place,AC,SELL,100,25.2100,-49,quote
152.224,123,place,CNR,SELL,300,157.3300,0,quote
152.224,123,place,AC,SELL,100,25.2000,-49,quote
152.477,123,place,CNR,SELL,100,157.3300,0,quote
152.681,123,place,AC,SELL,1400,25.1900,-49,quote
152.746,123,place,CNR,SELL,100,157.3200,0,quote
152.746,123,place,AC,SELL,100,25.1800,-49,quote
152.796,123,place,AC,BUY,1500,24.4800,-49,ladder
153.012,123,fill,RY,SELL,5000,101.3950,-4600,mode=mm
153.013,123,place,RY,BUY,1000,101.4000,-4600,quote
153.304,124,fill,RY,BUY,1000,101.4000,-3600,mode=mm
154.053,124,place,CNR,SELL,2500,157.2700,0,quote
154.053,124,place,RY,BUY,5000,101.3800,-3600,quote
154.053,124,place,RY,SELL,2900,101.3900,-3600,quote
154.053,124,place,AC,SELL,2400,25.1400,-49,quote
154.053,124,place,AC,SELL,1500,25.9500,-49,ladder
154.053,124,place,AC,BUY,1500,23.1800,-49,ladder
154.053,124,place,AC,BUY,1200,21.4200,-49,ladder
154.279,125,place,CNR,SELL,500,157.2600,0,quote
154.279,125,place,AC,SELL,100,25.1300,-49,quote
154.500,125,place,AC,SELL,400,28.9600,-49,ladder
154.569,125,place,CNR,SELL,100,157.2200,0,quote
155.297,126,fill,RY,SELL,2900,101.3850,-6500,mode=mm
155.309,126,place,RY,BUY,100,101.4000,-6500,quote
155.553,126,fill,RY,BUY,100,101.3950,-6400,mode=mm
155.553,126,place,RY,BUY,5000,101.3900,-6400,quote
155.553,126,place,RY,SELL,200,101.4100,-6400,quote
155.553,126,place,CNR,SELL,1500,157.1900,0,quote
155.553,126,place,AC,SELL,1400,25.0900,-49,quote
155.553,126,place,AC,SELL,500,27.1600,-49,ladder
155.831,126,fill,RY,BUY,5000,101.3900,-1400,mode=mm
155.832,126,place,RY,SELL,4000,101.4000,-1400,quote
155.832,126,place,CNR,SELL,1500,157.1800,0,quote
155.832,126,place,AC,SELL,800,25.0800,-49,quote
155.832,126,place,AC,BUY,500,24.3800,-49,ladder
155.997,126,place,AC,SELL,100,25.0700,-49,quote
156.043,126,place,CNR,SELL,100,157.1700,0,quote
156.095,126,place,RY,BUY,3000,101.3800,-1400,quote
156.318,127,place,CNR,SELL,900,157.1500,0,quote
156.318,127,place,RY,SELL,1400,101.3900,-1400,quote
156.318,127,place,AC,SELL,400,25.0600,-49,quote
156.591,127,place,CNR,SELL,100,157.1400,0,quote
156.591,127,place,AC,SELL,100,25.0500,-49,quote
156.936,127,place,AC,BUY,400,21.3300,-49,ladder
156.961,127,place,CNR,SELL,2500,157.1300,0,quote
156.961,127,place,AC,SELL,400,25.0400,-49,quote
157.015,127,fill,RY,SELL,1400,101.3850,-2800,mode=mm
157.020,127,regime,RY,,,,,"mixed -> chop (er=0.17, net -1t over 7s)"
157.141,127,place,RY,BUY,5000,101.3900,-2800,quote
157.141,127,place,RY,SELL,600,101.4000,-2800,quote
157.141,127,place,CNR,SELL,300,157.1200,0,quote
157.141,127,place,AC,SELL,200,25.0300,-49,quote
157.309,128,place,AC,SELL,1500,25.8400,-49,ladder
157.309,128,place,AC,BUY,1500,23.0800,-49,ladder
157.334,128,place,CNR,BUY,1500,152.4700,0,ladder
157.412,128,fill,RY,BUY,5000,101.3900,2200,mode=mm
158.110,128,place,RY,SELL,5000,101.4000,2200,quote
158.110,128,place,CNR,SELL,2500,157.0600,0,quote
158.110,128,place,AC,SELL,2400,24.9900,-49,quote
158.110,128,place,CNR,SELL,500,161.8700,0,ladder
158.110,128,place,CNR,BUY,2000,133.5800,0,ladder
158.395,129,fill,RY,SELL,5000,101.4000,-2800,mode=mm
158.692,129,place,CNR,SELL,2500,157.0500,0,quote
158.692,129,place,RY,BUY,5000,101.3800,-2800,quote
158.692,129,place,RY,SELL,100,101.3900,-2800,quote
158.692,129,place,CNR,BUY,1500,144.5600,0,ladder
158.692,129,place,AC,BUY,1500,24.2800,-49,ladder
159.204,129,fill,RY,BUY,5000,101.3850,2200,mode=mm
159.205,129,place,CNR,SELL,300,157.0100,0,quote
159.205,129,place,RY,SELL,3000,101.3800,2200,quote
159.369,130,regime,RY,,,,,"chop -> mixed (er=0.29, net -3t over 7s)"
159.505,130,place,CNR,SELL,500,157.0000,0,quote
159.505,130,place,RY,SELL,1000,101.3700,2200,quote
159.609,130,place,RY,BUY,1200,101.3600,2200,quote
159.609,130,place,AC,SELL,2400,24.9500,-49,quote
159.609,130,place,CNR,SELL,1500,169.6500,0,ladder
159.609,130,place,CNR,SELL,200,180.6400,0,ladder
159.672,130,place,RY,SELL,1800,101.3700,2200,quote
159.759,130,place,CNR,SELL,100,156.9900,0,quote
159.759,130,place,RY,BUY,3600,101.3600,2200,quote
159.918,130,place,AC,BUY,400,21.2400,-49,ladder
160.027,130,place,CNR,SELL,2500,156.9800,0,quote
160.027,130,place,AC,SELL,100,24.9300,-49,quote
160.201,130,fill,RY,BUY,3600,101.3650,5800,mode=mm
160.202,130,place,CNR,SELL,2500,156.9700,0,quote
160.202,130,place,RY,BUY,100,101.3400,5800,quote
160.202,130,place,RY,SELL,1000,101.3600,5800,quote
160.202,130,place,AC,BUY,100,22.9800,-49,ladder
160.440,131,place,RY,SELL,100,101.3600,5800,quote
160.660,131,place,CNR,SELL,300,156.9600,0,quote
160.733,131,place,RY,SELL,5000,101.3500,5800,quote
160.959,131,place,CNR,SELL,1500,156.9400,0,quote
160.959,131,place,RY,BUY,200,101.3300,5800,quote
160.959,131,place,AC,SELL,2400,24.8900,-49,quote
161.031,131,place,AC,SELL,100,25.7000,-49,ladder
161.243,131,place,CNR,SELL,2500,156.9300,0,quote
161.243,131,place,RY,BUY,700,101.3300,5800,quote
161.243,131,place,AC,SELL,400,24.8800,-49,quote
161.433,132,place,AC,SELL,1500,26.9300,-49,ladder
161.433,132,place,AC,SELL,2000,28.6800,-49,ladder
161.494,132,place,CNR,SELL,500,156.9200,0,quote
161.494,132,place,AC,SELL,100,24.8700,-49,quote
161.597,132,place,AC,BUY,1500,24.1800,-49,ladder
161.752,132,place,CNR,SELL,2500,156.9100,0,quote
161.752,132,place,AC,SELL,100,24.8600,-49,quote
161.989,132,place,CNR,SELL,300,156.9000,0,quote
162.505,133,place,CNR,SELL,2500,156.8800,0,quote
162.505,133,place,RY,BUY,1200,101.3300,5800,quote
162.505,133,place,AC,SELL,400,24.8300,-49,quote
162.781,133,place,CNR,SELL,2500,156.8700,0,quote
162.781,133,place,AC,SELL,800,24.8200,-49,quote
162.781,133,place,AC,BUY,2000,21.1500,-49,ladder
163.084,133,fill,RY,SELL,5000,101.3450,800,mode=mm
163.288,133,place,RY,BUY,4400,101.3400,800,quote
163.288,133,place,RY,SELL,1000,101.3500,800,quote
163.288,133,place,CNR,SELL,500,156.8500,0,quote
163.288,133,place,AC,SELL,200,24.8000,-49,quote
163.288,133,place,AC,BUY,900,22.8800,-49,ladder
163.535,134,fill,RY,SELL,1000,101.3500,-200,mode=mm
164.082,134,place,CNR,SELL,2500,156.8100,0,quote
164.082,134,place,RY,BUY,5000,101.3400,-200,quote
164.082,134,place,AC,SELL,100,24.7700,-49,quote
164.400,134,place,CNR,SELL,2500,156.8000,0,quote
164.400,134,place,AC,SELL,1400,24.7700,-49,quote
164.400,134,place,AC,BUY,1500,24.0800,-49,ladder
164.400,134,place,AC,SELL,500,25.5700,-49,ladder
164.400,134,place,AC,SELL,100,26.8100,-49,ladder
164.548,135,fill,RY,BUY,5000,101.3450,4800,mode=mm
165.597,136,place,CNR,SELL,2500,156.7600,0,quote
165.597,136,place,RY,BUY,2500,101.3300,4800,quote
165.597,136,place,RY,SELL,5000,101.3500,4800,quote
165.597,136,place,AC,SELL,2400,24.7300,-49,quote
165.597,136,place,AC,SELL,2000,28.5100,-49,ladder
165.654,136,place,CNR,SELL,1500,156.7400,0,quote
165.761,136,place,AC,BUY,2000,21.0600,-49,ladder
165.867,136,fill,RY,SELL,5000,101.3450,-200,mode=mm
165.868,136,place,CNR,SELL,300,156.7200,0,quote
165.868,136,place,RY,SELL,100,101.3400,-200,quote
165.868,136,place,AC,SELL,1400,24.7200,-49,quote
166.640,137,place,RY,BUY,5000,101.3400,-200,quote
166.830,137,regime,RY,,,,,"mixed -> chop (er=0.22, net -3t over 7s)"
166.894,137,fill,RY,BUY,5000,101.3400,4800,mode=mm
167.171,138,place,CNR,SELL,2500,156.6700,0,quote
167.171,138,place,RY,BUY,900,101.3200,4800,quote
167.171,138,place,RY,SELL,5000,101.3400,4800,quote
167.171,138,place,AC,SELL,400,24.6800,-49,quote
167.171,138,place,AC,BUY,100,22.7600,-49,ladder
167.382,138,place,CNR,SELL,500,156.6600,0,quote
167.482,138,place,AC,BUY,500,23.9800,-49,ladder
167.649,138,place,CNR,SELL,300,156.6500,0,quote
167.649,138,place,AC,SELL,800,24.6600,-49,quote
167.649,138,place,AC,SELL,300,25.4600,-49,ladder
167.852,138,place,AC,SELL,1500,26.6900,-49,ladder
167.942,138,fill,RY,SELL,5000,101.3350,-200,mode=mm
168.137,139,place,RY,SELL,1600,101.3600,-200,quote
168.137,139,place,CNR,SELL,300,156.6300,0,quote
168.185,139,place,RY,BUY,5000,101.3400,-200,quote
168.430,139,fill,RY,BUY,3400,101.3450,3200,mode=mm
169.102,139,place,RY,SELL,5000,101.3800,3200,quote
169.102,139,place,CNR,SELL,2500,156.6000,0,quote
169.102,139,place,AC,SELL,800,24.6100,-49,quote
169.102,139,place,AC,BUY,2000,20.9700,-49,ladder
169.189,140,place,RY,SELL,5000,101.3400,3200,quote
169.273,140,place,RY,BUY,3100,101.3300,3200,quote
169.273,140,place,CNR,SELL,100,156.5900,0,quote
169.273,140,place,AC,SELL,100,24.6100,-49,quote
169.474,140,fill,RY,SELL,5000,101.3400,-1800,mode=mm
170.470,141,place,RY,BUY,5000,101.3400,-1800,quote
170.470,141,place,RY,SELL,2200,101.3500,-1800,quote
170.470,141,place,CNR,SELL,2500,156.5400,0,quote
170.470,141,place,AC,SELL,400,24.5700,-49,quote
170.470,141,place,AC,SELL,200,28.3200,-49,ladder
170.710,141,fill,RY,BUY,5000,101.3400,3200,mode=mm
170.743,141,place,RY,BUY,3100,101.3300,3200,quote
170.743,141,place,RY,SELL,5000,101.3400,3200,quote
170.743,141,place,CNR,SELL,1500,156.5300,0,quote
170.743,141,place,AC,SELL,400,24.5600,-49,quote
170.743,141,place,AC,BUY,300,23.8800,-49,ladder
170.743,141,place,AC,BUY,100,22.6500,-49,ladder
170.822,141,place,AC,SELL,100,25.3500,-49,ladder
170.847,141,place,AC,SELL,100,26.5800,-49,ladder
171.247,142,fill,RY,SELL,5000,101.3350,-1800,mode=mm
171.249,142,stop,RY,BUY,1800,101.4000,-1800,loss=6.0t stop=5.0t trend_against=False
171.253,142,place,RY,BUY,1800,101.4000,-1800,agg
171.503,142,fill,RY,BUY,1800,101.3450,0,mode=mm
171.761,142,place,CNR,SELL,1500,156.4900,0,quote
171.761,142,place,AC,SELL,200,24.5200,-49,quote
171.761,142,place,CNR,BUY,1500,151.8600,0,ladder
171.761,142,place,RY,BUY,1500,98.3000,0,ladder
171.761,142,place,RY,SELL,100,104.3800,0,ladder
171.761,142,place,RY,BUY,500,93.2300,0,ladder
171.963,142,place,RY,SELL,1500,109.4500,0,ladder
171.963,142,place,RY,BUY,2000,86.1400,0,ladder
171.963,142,place,RY,SELL,2000,116.5400,0,ladder
172.010,142,place,CNR,SELL,900,156.4800,0,quote
172.010,142,place,AC,SELL,1400,24.5100,-49,quote
172.215,143,place,CNR,SELL,1500,156.4700,0,quote
172.471,143,place,RY,BUY,3000,101.3500,0,quote
172.471,143,place,AC,BUY,400,20.8800,-49,ladder
172.566,143,place,RY,BUY,100,101.3700,0,quote
172.566,143,place,CNR,SELL,300,156.4600,0,quote
172.566,143,place,AC,SELL,800,24.5000,-49,quote
172.566,143,place,CNR,SELL,100,161.2200,0,ladder
172.906,143,regime,RY,,,,,"chop -> mixed (er=0.40, net +8t over 7s)"
173.027,143,place,CNR,SELL,2500,156.4400,0,quote
173.027,143,place,RY,BUY,1800,101.4200,0,quote
173.027,143,place,AC,SELL,400,24.4800,-49,quote
173.027,143,place,CNR,BUY,2000,133.0300,0,ladder
173.095,143,place,RY,BUY,300,101.4300,0,quote
173.158,143,place,CNR,BUY,1500,143.9800,0,ladder
173.228,143,place,AC,SELL,400,24.4800,-49,quote
173.266,144,place,CNR,SELL,900,156.4300,0,quote
173.266,144,place,RY,BUY,300,101.4400,0,quote
173.512,144,place,CNR,SELL,100,156.4200,0,quote
173.605,144,place,AC,BUY,1500,23.7800,-49,ladder
173.799,144,place,CNR,SELL,2500,156.4000,0,quote
173.799,144,place,RY,BUY,1000,101.4600,0,quote
173.799,144,place,AC,SELL,400,24.4500,-49,quote
173.799,144,place,AC,BUY,100,22.5500,-49,ladder
173.854,144,place,AC,SELL,1500,26.4700,-49,ladder
173.854,144,place,AC,SELL,200,28.1900,-49,ladder
173.908,144,place,AC,SELL,100,25.2400,-49,ladder
173.935,144,regime,RY,,,,,"mixed -> TREND (er=0.54, net +13t over 7s)"
174.079,144,place,CNR,SELL,2500,156.3900,0,quote
174.079,144,place,RY,BUY,1800,101.4700,0,quote
174.198,144,place,AC,SELL,200,24.4400,-49,quote
174.286,144,place,CNR,SELL,1500,156.3800,0,quote
174.286,144,place,CNR,SELL,500,168.9700,0,ladder
174.347,144,place,AC,SELL,200,24.4400,-49,quote
174.347,144,place,CNR,SELL,100,179.9200,0,ladder
174.689,145,place,CNR,SELL,2500,156.3700,0,quote
174.689,145,place,RY,BUY,500,101.4800,0,quote
174.752,145,place,AC,SELL,1400,24.4300,-49,quote
174.862,145,place,CNR,SELL,100,156.3600,0,quote
174.862,145,place,RY,BUY,100,101.4900,0,quote
175.237,145,place,CNR,SELL,300,156.3500,0,quote
175.317,145,place,AC,BUY,2000,20.7900,-49,ladder
175.347,145,place,CNR,SELL,2500,156.3500,0,quote
175.347,145,place,AC,SELL,400,24.4100,-49,quote
175.632,146,place,CNR,SELL,2500,156.3400,0,quote
175.632,146,place,RY,BUY,2500,101.5200,0,quote
175.632,146,place,AC,SELL,400,24.4000,-49,quote
175.942,146,place,CNR,SELL,2500,156.3200,0,quote
175.942,146,place,RY,BUY,900,101.5300,0,quote
175.942,146,place,AC,SELL,100,24.4000,-49,quote
176.084,146,place,CNR,SELL,2500,156.3100,0,quote
176.084,146,place,RY,BUY,500,101.5400,0,quote
176.277,146,place,AC,SELL,1400,24.3900,-49,quote
176.317,146,place,RY,BUY,100,101.5500,0,quote
176.582,147,place,CNR,SELL,300,156.3000,0,quote
176.582,147,place,RY,BUY,100,101.5600,0,quote
176.831,147,place,CNR,SELL,2500,156.2900,0,quote
176.831,147,place,RY,BUY,300,101.5700,0,quote
176.831,147,place,AC,SELL,100,24.3700,-49,quote
176.889,147,place,AC,BUY,100,22.4600,-49,ladder
176.920,147,place,AC,BUY,100,23.6800,-49,ladder
177.069,147,place,AC,SELL,2000,28.0700,-49,ladder
177.171,147,place,CNR,SELL,2500,156.2800,0,quote
177.171,147,place,RY,BUY,900,101.5800,0,quote
177.334,147,place,RY,BUY,2500,101.5900,0,quote
177.334,147,place,AC,SELL,800,24.3600,-49,quote
177.334,147,place,AC,SELL,100,26.3600,-49,ladder
177.431,147,place,AC,SELL,100,25.1300,-49,ladder
177.610,148,place,CNR,SELL,500,156.2700,0,quote
177.860,148,place,CNR,SELL,2500,156.2700,0,quote
177.860,148,place,RY,BUY,1500,101.6100,0,quote
178.184,148,place,CNR,SELL,300,156.2600,0,quote
178.184,148,place,RY,BUY,100,101.6200,0,quote
178.425,148,place,CNR,SELL,2500,156.2500,0,quote
178.425,148,place,RY,BUY,1500,101.6300,0,quote
178.425,148,place,AC,SELL,400,24.3400,-49,quote
178.616,149,place,CNR,SELL,900,156.2400,0,quote
178.616,149,place,RY,BUY,300,101.6400,0,quote
178.891,149,place,CNR,SELL,2500,156.2300,0,quote
178.891,149,place,RY,BUY,2500,101.6500,0,quote
178.891,149,place,AC,SELL,800,24.3300,-49,quote
179.179,149,place,CNR,SELL,500,156.2100,0,quote
179.179,149,place,AC,BUY,1200,20.7000,-49,ladder
179.501,149,place,CNR,SELL,2500,156.1900,0,quote
179.501,149,place,RY,BUY,1500,101.6700,0,quote
179.602,150,place,AC,SELL,400,24.3100,-49,quote
179.852,150,place,RY,BUY,2500,101.6800,0,quote
179.852,150,place,AC,SELL,1400,24.3000,-49,quote
179.904,150,place,CNR,SELL,500,156.1800,0,quote
180.228,150,place,CNR,SELL,900,156.1700,0,quote
180.228,150,place,RY,BUY,300,101.7000,0,quote
180.415,150,place,RY,BUY,2500,101.7000,0,quote
180.415,150,place,AC,SELL,2400,24.2800,-49,quote
180.626,151,place,AC,BUY,1500,22.3700,-49,ladder
180.775,151,place,CNR,SELL,900,156.1600,0,quote
180.775,151,place,RY,BUY,500,101.7100,0,quote
180.850,151,place,AC,BUY,1500,23.5800,-49,ladder
180.945,151,place,CNR,SELL,1500,156.1400,0,quote
180.945,151,place,RY,BUY,300,101.7200,0,quote
180.945,151,place,AC,SELL,100,24.2700,-49,quote
181.235,151,place,CNR,SELL,2500,156.1300,0,quote
181.464,151,place,CNR,SELL,2500,156.1200,0,quote
181.464,151,place,RY,BUY,1500,101.7400,0,quote
181.464,151,place,AC,SELL,400,24.2500,-49,quote
181.768,152,place,CNR,SELL,300,156.0900,0,quote
182.007,152,place,CNR,SELL,2500,156.0800,0,quote
182.007,152,place,RY,BUY,1500,101.7600,0,quote
182.007,152,place,AC,SELL,1400,24.2400,-49,quote
182.007,152,place,AC,SELL,300,25.0100,-49,ladder
182.007,152,place,AC,SELL,100,26.2300,-49,ladder
182.191,152,place,CNR,SELL,1500,156.0700,0,quote
182.191,152,place,RY,BUY,100,101.7700,0,quote
182.191,152,place,AC,SELL,1400,24.2300,-49,quote
182.191,152,place,AC,SELL,400,27.9200,-49,ladder
182.261,152,place,CNR,SELL,100,156.0600,0,quote
182.574,152,place,CNR,SELL,1500,156.0500,0,quote
182.574,152,place,RY,BUY,300,101.7800,0,quote
182.574,152,place,AC,SELL,100,24.2200,-49,quote
182.746,153,place,CNR,SELL,2500,156.0300,0,quote
182.746,153,place,AC,SELL,100,24.2100,-49,quote
183.050,153,place,CNR,SELL,2500,156.0200,0,quote
183.050,153,place,RY,BUY,1500,101.8000,0,quote
183.050,153,place,AC,SELL,400,24.2000,-49,quote
183.326,154,place,CNR,SELL,300,156.0100,0,quote
183.326,154,place,RY,SELL,1500,104.8000,0,ladder
183.326,154,place,RY,SELL,2000,117.0100,0,ladder
183.379,154,place,RY,SELL,300,109.8900,0,ladder
183.505,154,place,CNR,SELL,2500,156.0000,0,quote
183.505,154,place,RY,BUY,1500,101.8200,0,quote
183.505,154,place,AC,SELL,1400,24.1800,-49,quote
183.862,154,place,CNR,SELL,1500,155.9900,0,quote
183.862,154,place,RY,BUY,100,101.8300,0,quote
183.862,154,place,AC,SELL,1400,24.1700,-49,quote
183.862,154,place,RY,BUY,100,98.7100,0,ladder
183.984,154,place,RY,BUY,1500,93.6300,0,ladder
183.984,154,place,RY,BUY,200,86.5000,0,ladder
183.984,154,place,AC,BUY,100,22.2800,-49,ladder
184.270,154,place,AC,SELL,200,24.1600,-49,quote
184.332,155,place,CNR,SELL,2500,155.9600,0,quote
184.332,155,place,RY,BUY,100,101.8500,0,quote
184.332,155,place,AC,BUY,900,23.4800,-49,ladder
184.332,155,place,AC,BUY,200,20.5800,-49,ladder
184.516,155,place,RY,BUY,2500,101.8600,0,quote
184.516,155,place,AC,SELL,2400,24.1400,-49,quote
184.789,155,place,CNR,SELL,2500,155.9500,0,quote
184.789,155,place,RY,BUY,900,101.8700,0,quote
184.789,155,place,AC,SELL,100,24.1300,-49,quote
184.974,155,place,AC,SELL,300,24.9100,-49,ladder
185.089,155,place,CNR,SELL,2500,155.9400,0,quote
185.089,155,place,RY,BUY,2500,101.8800,0,quote
185.089,155,place,AC,SELL,400,24.1200,-49,quote
185.331,155,place,CNR,SELL,1500,155.9200,0,quote
185.331,155,place,RY,BUY,100,101.9000,0,quote
185.507,156,place,AC,SELL,1400,24.1100,-49,quote
185.773,156,place,CNR,SELL,300,155.9100,0,quote
186.030,156,place,CNR,SELL,2500,155.9000,0,quote
186.030,156,place,RY,BUY,2500,101.9200,0,quote
186.030,156,place,AC,SELL,2400,24.0900,-49,quote
186.030,156,place,AC,SELL,300,26.0800,-49,ladder
186.030,156,place,AC,SELL,100,27.7700,-49,ladder
186.277,156,place,CNR,SELL,2500,155.8800,0,quote
186.277,156,place,RY,BUY,900,101.9300,0,quote
186.277,156,place,AC,SELL,100,24.0800,-49,quote
186.338,156,place,RY,BUY,2500,101.9400,0,quote
186.711,157,place,CNR,SELL,2500,155.8700,0,quote
186.711,157,place,RY,BUY,500,101.9500,0,quote
186.711,157,place,AC,SELL,200,24.0600,-49,quote
186.843,157,place,CNR,SELL,2500,155.8600,0,quote
186.843,157,place,RY,BUY,500,101.9600,0,quote
186.843,157,place,AC,SELL,100,24.0500,-49,quote
186.843,157,place,AC,BUY,1500,22.1900,-49,ladder
186.980,157,place,CNR,BUY,1500,151.2500,0,ladder
187.083,157,place,AC,BUY,700,20.4900,-49,ladder
187.185,157,place,CNR,SELL,300,155.8400,0,quote
187.185,157,place,AC,BUY,100,23.3800,-49,ladder
187.414,157,place,CNR,SELL,2500,155.8300,0,quote
187.414,157,place,RY,BUY,2500,101.9800,0,quote
187.414,157,place,AC,SELL,2400,24.0400,-49,quote
187.810,158,place,CNR,SELL,2500,155.8000,0,quote
187.810,158,place,RY,BUY,2500,101.9900,0,quote
187.810,158,place,AC,SELL,800,24.0200,-49,quote
187.810,158,place,CNR,SELL,100,160.5700,0,ladder
187.810,158,place,AC,SELL,100,24.8100,-49,ladder
187.896,158,place,CNR,BUY,2000,132.5000,0,ladder
188.165,158,place,CNR,BUY,1500,143.4000,0,ladder
188.205,158,place,CNR,SELL,2500,155.7800,0,quote
188.205,158,place,RY,BUY,500,102.0100,0,quote
188.205,158,place,AC,SELL,200,24.0000,-49,quote
188.377,158,place,CNR,SELL,2500,155.7700,0,quote
188.377,158,place,RY,BUY,500,102.0200,0,quote
188.377,158,place,AC,SELL,100,23.9900,-49,quote
188.679,159,place,CNR,SELL,300,155.7600,0,quote
188.954,159,place,CNR,SELL,2500,155.7400,0,quote
188.954,159,place,RY,BUY,2500,102.0400,0,quote
188.954,159,place,AC,SELL,2400,23.9800,-49,quote
188.954,159,place,AC,SELL,300,25.9600,-49,ladder
188.954,159,place,AC,SELL,100,27.6500,-49,ladder
189.097,159,place,CNR,SELL,1500,168.2900,0,ladder
189.097,159,place,CNR,SELL,2000,179.2000,0,ladder
189.210,159,place,CNR,SELL,1500,155.7300,0,quote
189.210,159,place,RY,BUY,500,102.0500,0,quote
189.210,159,place,AC,SELL,200,23.9700,-49,quote
189.384,159,place,CNR,SELL,100,155.7100,0,quote
189.384,159,place,AC,BUY,1500,22.1000,-49,ladder
189.673,160,place,CNR,SELL,2500,155.7000,0,quote
189.673,160,place,RY,BUY,500,102.0700,0,quote
189.673,160,place,AC,SELL,200,23.9600,-49,quote
189.981,160,place,CNR,SELL,2500,155.6700,0,quote
189.981,160,place,RY,BUY,500,102.0800,0,quote
189.981,160,place,AC,SELL,400,23.9500,-49,quote
190.159,160,place,AC,SELL,100,23.9400,-49,quote
190.264,160,place,CNR,SELL,900,155.6600,0,quote
190.407,160,place,CNR,SELL,2500,155.6500,0,quote
190.407,160,place,RY,BUY,2500,102.1000,0,quote
190.407,160,place,AC,SELL,2400,23.9300,-49,quote
190.661,161,place,RY,BUY,1500,102.1100,0,quote
190.661,161,place,AC,SELL,400,23.9200,-49,quote
190.661,161,place,AC,BUY,1500,23.2600,-49,ladder
190.661,161,place,AC,SELL,300,24.7000,-49,ladder
190.661,161,place,AC,BUY,400,20.3900,-49,ladder
190.912,161,place,CNR,SELL,100,155.6400,0,quote
191.187,161,place,CNR,SELL,2500,155.6300,0,quote
191.187,161,place,RY,BUY,500,102.1300,0,quote
191.187,161,place,AC,SELL,200,23.9000,-49,quote
191.443,161,place,CNR,SELL,2500,155.6200,0,quote
191.443,161,place,RY,BUY,900,102.1400,0,quote
191.443,161,place,AC,SELL,100,23.8900,-49,quote
191.698,162,place,CNR,SELL,900,155.6100,0,quote
191.698,162,place,RY,BUY,100,102.1500,0,quote
191.920,162,place,AC,SELL,2400,23.8800,-49,quote
191.920,162,place,AC,SELL,1500,25.8500,-49,ladder
191.920,162,place,AC,SELL,700,27.5300,-49,ladder
191.993,162,place,CNR,SELL,300,155.6000,0,quote
192.167,162,place,RY,BUY,2500,102.1600,0,quote
192.167,162,place,AC,SELL,1400,23.8700,-49,quote
192.167,162,place,AC,BUY,1500,22.0100,-49,ladder
192.266,162,place,CNR,SELL,500,155.5900,0,quote
192.497,162,place,CNR,SELL,100,155.5800,0,quote
192.682,163,place,RY,BUY,2500,102.1800,0,quote
192.682,163,place,AC,SELL,400,23.8500,-49,quote
192.777,163,place,CNR,SELL,300,155.5700,0,quote
193.007,163,place,CNR,SELL,2500,155.5400,0,quote
193.007,163,place,RY,BUY,900,102.2000,0,quote
193.007,163,place,AC,SELL,400,23.8400,-49,quote
193.356,163,place,CNR,SELL,900,155.5300,0,quote
193.356,163,place,RY,BUY,100,102.2100,0,quote
193.356,163,place,AC,SELL,100,23.8300,-49,quote
193.356,163,place,AC,BUY,2000,20.3000,-49,ladder
193.480,163,place,AC,SELL,1500,24.6000,-49,ladder
193.535,163,place,RY,BUY,900,102.2200,0,quote
193.535,163,place,AC,SELL,200,23.8200,-49,quote
193.535,163,place,AC,BUY,900,23.1600,-49,ladder
193.605,163,place,RY,SELL,2000,117.4800,0,ladder
193.818,164,place,CNR,SELL,2500,155.5200,0,quote
193.818,164,place,RY,BUY,500,102.2400,0,quote
193.818,164,place,AC,SELL,1400,23.8100,-49,quote
193.818,164,place,RY,SELL,900,105.2300,0,ladder
193.929,164,place,RY,SELL,100,110.3400,0,ladder
194.157,164,place,CNR,SELL,100,155.5100,0,quote
194.157,164,place,RY,BUY,100,102.2500,0,quote
194.280,164,place,CNR,SELL,500,155.5100,0,quote
194.280,164,place,RY,BUY,2500,102.2600,0,quote
194.313,164,place,AC,SELL,200,23.8000,-49,quote
194.518,164,place,RY,BUY,2500,102.2700,0,quote
194.518,164,place,RY,BUY,900,99.1300,0,ladder
194.518,164,place,RY,BUY,300,94.0200,0,ladder
194.518,164,place,RY,BUY,100,86.8600,0,ladder
194.643,164,place,AC,SELL,200,23.7900,-49,quote
194.643,164,place,AC,SELL,100,27.4200,-49,ladder
194.774,165,place,CNR,SELL,100,155.5000,0,quote
194.774,165,place,RY,BUY,100,102.2800,0,quote
195.035,165,place,AC,BUY,900,21.9200,-49,ladder
195.115,165,place,CNR,SELL,1500,155.4800,0,quote
195.115,165,place,RY,BUY,500,102.3100,0,quote
195.248,166,place,RY,BUY,2500,102.3200,0,quote
195.248,166,place,AC,SELL,800,23.7700,-49,quote
195.336,166,place,RY,BUY,1500,102.3300,0,quote
195.336,166,place,AC,SELL,200,23.7600,-49,quote
195.707,166,place,CNR,SELL,900,155.4700,0,quote
195.707,166,place,RY,BUY,300,102.3400,0,quote
195.707,166,place,AC,SELL,200,23.7500,-49,quote
195.855,166,place,RY,BUY,2500,102.3500,0,quote
195.855,166,place,AC,SELL,1400,23.7400,-49,quote
196.134,166,place,CNR,SELL,2500,155.4600,0,quote
196.134,166,place,RY,BUY,500,102.3600,0,quote
196.134,166,place,AC,SELL,900,25.7000,-49,ladder
196.228,166,place,RY,BUY,100,102.3700,0,quote
196.228,166,place,AC,SELL,200,23.7300,-49,quote
196.278,167,place,AC,SELL,100,24.5000,-49,ladder
196.404,167,place,CNR,SELL,500,155.4500,0,quote
196.404,167,place,RY,BUY,100,102.3800,0,quote
196.461,167,place,AC,BUY,1200,20.2100,-49,ladder
196.566,167,place,AC,SELL,2400,23.7300,-49,quote
196.590,167,place,AC,BUY,1500,23.0600,-49,ladder
196.681,167,place,CNR,SELL,900,155.4300,0,quote
196.944,167,place,CNR,SELL,2500,155.4200,0,quote
196.944,167,place,RY,BUY,500,102.4000,0,quote
196.944,167,place,AC,SELL,200,23.7200,-49,quote
197.270,167,place,CNR,SELL,2500,155.4100,0,quote
197.270,167,place,RY,BUY,900,102.4100,0,quote
197.270,167,place,AC,SELL,400,23.7100,-49,quote
197.390,168,place,RY,BUY,900,102.4200,0,quote
197.390,168,place,AC,SELL,2400,23.7000,-49,quote
197.442,168,place,AC,SELL,200,27.3100,-49,ladder
197.747,168,place,CNR,SELL,2500,155.4000,0,quote
197.747,168,place,RY,BUY,300,102.4300,0,quote
197.866,168,place,AC,SELL,2400,23.6900,-49,quote
197.929,168,place,RY,BUY,500,102.4400,0,quote
197.929,168,place,AC,SELL,100,23.6800,-49,quote
198.030,168,place,AC,BUY,1500,21.8300,-49,ladder
198.153,168,place,CNR,SELL,900,155.3900,0,quote
198.376,169,place,RY,BUY,2500,102.4500,0,quote
198.376,169,place,AC,SELL,400,23.6700,-49,quote
198.439,169,place,CNR,SELL,300,155.3800,0,quote
198.640,169,place,RY,BUY,900,102.4600,0,quote
198.640,169,place,AC,SELL,400,23.6600,-49,quote
198.702,169,place,CNR,SELL,100,155.3600,0,quote
198.903,169,place,RY,BUY,2500,102.4700,0,quote
198.903,169,place,AC,SELL,2400,23.6500,-49,quote
198.962,169,place,CNR,SELL,900,155.3500,0,quote
199.157,169,place,RY,BUY,300,102.4800,0,quote
199.305,169,place,CNR,SELL,2500,155.3300,0,quote
199.305,169,place,RY,BUY,2500,102.5000,0,quote
199.305,169,place,AC,SELL,400,23.6300,-49,quote
199.305,169,place,AC,SELL,100,24.4000,-49,ladder
199.685,170,place,CNR,SELL,2500,155.3200,0,quote
199.685,170,place,RY,BUY,900,102.5100,0,quote
199.685,170,place,AC,SELL,400,23.6300,-49,quote
199.734,170,place,AC,BUY,700,20.1200,-49,ladder
200.034,170,place,CNR,SELL,900,155.3000,0,quote
200.034,170,place,RY,BUY,300,102.5300,0,quote
200.034,170,place,AC,SELL,400,23.6100,-49,quote
200.263,170,place,CNR,SELL,100,155.2900,0,quote
200.263,170,place,AC,SELL,800,23.6000,-49,quote
200.263,170,place,AC,SELL,100,25.5500,-49,ladder
200.513,171,place,CNR,SELL,2500,155.2800,0,quote
200.513,171,place,RY,BUY,900,102.5600,0,quote
200.513,171,place,AC,SELL,2400,23.5900,-49,quote
200.513,171,place,AC,BUY,300,22.9400,-49,ladder
200.513,171,place,AC,SELL,400,27.2000,-49,ladder
200.754,171,place,RY,BUY,2500,102.5700,0,quote
200.951,171,place,AC,BUY,1500,21.7400,-49,ladder
201.081,171,place,CNR,SELL,2500,155.2700,0,quote
201.081,171,place,RY,BUY,300,102.5800,0,quote
201.081,171,place,AC,SELL,100,23.5800,-49,quote
201.237,171,place,RY,BUY,2500,102.5900,0,quote
201.237,171,place,AC,SELL,800,23.5700,-49,quote
201.277,171,place,CNR,SELL,500,155.2600,0,quote
201.513,172,place,CNR,SELL,1500,155.2500,0,quote
201.513,172,place,RY,BUY,300,102.6000,0,quote
201.699,172,place,AC,SELL,800,23.5600,-49,quote
201.765,172,place,CNR,SELL,100,155.2400,0,quote
201.831,172,place,CNR,BUY,1500,150.6400,0,ladder
202.085,172,place,CNR,SELL,900,155.2200,0,quote
202.219,172,place,RY,BUY,2500,102.6300,0,quote
202.219,172,place,AC,SELL,2400,23.5400,-49,quote
202.219,172,place,AC,SELL,1500,24.3000,-49,ladder
202.339,172,place,CNR,SELL,900,155.2100,0,quote
202.339,172,place,RY,BUY,100,102.6400,0,quote
202.546,173,place,RY,BUY,2500,102.6500,0,quote
202.546,173,place,AC,SELL,400,23.5200,-49,quote
202.624,173,place,RY,SELL,2000,117.9600,0,ladder
202.749,173,place,CNR,SELL,1500,159.9300,0,ladder
202.868,173,place,CNR,SELL,1500,155.2000,0,quote
202.868,173,place,RY,BUY,500,102.6600,0,quote
202.868,173,place,AC,SELL,200,23.5100,-49,quote
202.868,173,place,CNR,BUY,2000,131.9700,0,ladder
202.868,173,place,RY,SELL,1500,105.6600,0,ladder
202.868,173,place,RY,SELL,500,110.7900,0,ladder
202.952,173,place,AC,BUY,2000,20.0300,-49,ladder
203.079,173,place,RY,BUY,2500,102.6700,0,quote
203.079,173,place,AC,SELL,200,23.5000,-49,quote
203.329,173,place,CNR,SELL,100,155.1900,0,quote
203.329,173,place,RY,BUY,100,102.6900,0,quote
203.453,173,place,CNR,BUY,1500,142.8200,0,ladder
203.453,173,place,AC,BUY,500,22.8400,-49,ladder
203.541,174,place,CNR,SELL,900,155.1900,0,quote
203.822,174,place,CNR,SELL,2500,155.1800,0,quote
203.822,174,place,RY,BUY,300,102.7100,0,quote
203.822,174,place,AC,SELL,1400,23.4900,-49,quote
203.822,174,place,RY,BUY,100,99.5500,0,ladder
203.822,174,place,AC,SELL,500,25.4200,-49,ladder
203.822,174,place,AC,SELL,200,27.0700,-49,ladder
204.069,174,place,RY,BUY,1500,94.4200,0,ladder
204.069,174,place,RY,BUY,2000,87.2400,0,ladder
204.069,174,place,AC,BUY,500,21.6500,-49,ladder
204.128,174,place,CNR,SELL,100,155.1700,0,quote
204.128,174,place,AC,SELL,200,23.4800,-49,quote
204.355,174,place,AC,SELL,100,23.4700,-49,quote
204.379,174,place,CNR,SELL,500,155.1500,0,quote
204.379,174,place,RY,BUY,100,102.7400,0,quote
204.566,175,place,CNR,SELL,2500,155.1500,0,quote
204.566,175,place,RY,BUY,2500,102.7500,0,quote
204.566,175,place,AC,SELL,800,23.4700,-49,quote
204.639,175,place,CNR,SELL,200,178.4800,0,ladder
204.815,175,place,CNR,SELL,300,167.6100,0,ladder
205.150,175,place,CNR,SELL,900,155.1200,0,quote
205.318,175,place,RY,BUY,2500,102.7900,0,quote
205.318,175,place,AC,SELL,1400,23.4500,-49,quote
205.318,175,place,AC,SELL,300,24.2000,-49,ladder
205.637,176,place,CNR,SELL,300,155.1100,0,quote
205.920,176,place,CNR,SELL,2500,155.1100,0,quote
205.920,176,place,RY,BUY,100,102.8100,0,quote
205.920,176,place,AC,SELL,100,23.4300,-49,quote
206.007,176,place,AC,BUY,1200,19.9500,-49,ladder
206.112,176,place,CNR,SELL,2500,155.1000,0,quote
206.112,176,place,RY,BUY,2500,102.8200,0,quote
206.112,176,place,AC,SELL,1400,23.4300,-49,quote
206.311,176,place,RY,BUY,900,102.8400,0,quote
206.372,176,place,AC,SELL,1400,23.4200,-49,quote
206.629,177,place,CNR,SELL,100,155.0900,0,quote
206.898,177,place,CNR,SELL,2500,155.0700,0,quote
206.898,177,place,RY,BUY,1500,102.8600,0,quote
206.898,177,place,AC,SELL,800,23.4100,-49,quote
207.039,177,place,AC,BUY,500,22.7400,-49,ladder
207.159,177,place,CNR,SELL,300,155.0600,0,quote
207.337,177,place,CNR,SELL,2500,155.0600,0,quote
207.337,177,place,RY,BUY,100,102.8800,0,quote
207.337,177,place,AC,SELL,100,23.4000,-49,quote
207.337,177,place,AC,BUY,1500,21.5600,-49,ladder
207.430,177,place,CNR,SELL,2500,155.0500,0,quote
207.430,177,place,AC,SELL,900,25.3100,-49,ladder
207.430,177,place,AC,SELL,400,26.9500,-49,ladder
207.690,178,place,CNR,SELL,100,155.0400,0,quote
207.892,178,place,CNR,SELL,2500,155.0300,0,quote
207.892,178,place,RY,BUY,900,102.9100,0,quote
207.892,178,place,AC,SELL,1400,23.3800,-49,quote
208.135,178,place,RY,BUY,300,102.9200,0,quote
208.362,178,place,RY,BUY,2500,102.9300,0,quote
208.362,178,place,AC,SELL,1400,23.3700,-49,quote
208.430,178,place,CNR,SELL,900,155.0200,0,quote
208.738,179,place,CNR,SELL,500,155.0100,0,quote
208.738,179,place,RY,BUY,300,102.9600,0,quote
208.927,179,place,CNR,SELL,2500,155.0000,0,quote
208.927,179,place,RY,BUY,2500,102.9700,0,quote
208.927,179,place,AC,SELL,200,23.3500,-49,quote
209.116,179,place,AC,SELL,100,24.0900,-49,ladder
209.378,179,place,CNR,SELL,900,154.9900,0,quote
209.477,179,place,AC,BUY,1200,19.8700,-49,ladder
209.641,179,place,RY,BUY,2500,103.0100,0,quote
209.641,179,place,AC,SELL,1400,23.3400,-49,quote
209.701,180,place,CNR,SELL,300,154.9800,0,quote
209.895,180,place,RY,BUY,2500,103.0300,0,quote
209.895,180,place,AC,SELL,2400,23.3300,-49,quote
209.968,180,place,CNR,SELL,100,154.9600,0,quote
209.968,180,place,RY,BUY,100,103.0600,0,quote
210.149,180,place,AC,SELL,800,23.3200,-49,quote
210.352,180,place,CNR,SELL,2500,154.9500,0,quote
210.352,180,place,RY,BUY,100,103.0800,0,quote
210.352,180,place,AC,SELL,100,23.3100,-49,quote
210.459,180,place,RY,BUY,2500,103.1100,0,quote
210.777,181,place,RY,SELL,2000,118.4400,0,ladder
210.777,181,place,AC,BUY,1500,22.6400,-49,ladder
210.835,181,place,AC,BUY,900,21.4700,-49,ladder
210.882,181,place,RY,SELL,1500,106.0900,0,ladder
210.882,181,place,RY,SELL,1500,111.2400,0,ladder
211.089,181,place,CNR,SELL,900,154.9100,0,quote
211.216,181,place,RY,BUY,2500,103.1400,0,quote
211.216,181,place,AC,SELL,2400,23.2800,-49,quote
211.216,181,place,AC,SELL,1500,25.2000,-49,ladder
211.216,181,place,AC,SELL,2000,26.8300,-49,ladder
211.341,181,place,RY,BUY,1500,103.1600,0,quote
211.393,181,place,AC,SELL,200,23.2700,-49,quote
211.730,182,place,CNR,SELL,100,154.8900,0,quote
211.730,182,place,RY,BUY,100,103.1800,0,quote
212.143,182,place,CNR,SELL,2500,154.8800,0,quote
212.143,182,place,RY,BUY,2500,103.1900,0,quote
212.143,182,place,AC,SELL,400,23.2400,-49,quote
212.237,182,place,CNR,SELL,900,154.8700,0,quote
212.440,182,place,RY,BUY,2500,103.2000,0,quote
212.440,182,place,AC,SELL,2400,23.2300,-49,quote
212.488,182,place,AC,BUY,2000,19.7900,-49,ladder
212.700,182,place,CNR,SELL,2500,154.8600,0,quote
212.700,182,place,RY,BUY,1500,103.2100,0,quote
212.700,182,place,AC,SELL,200,23.2200,-49,quote
213.066,183,place,CNR,SELL,1500,154.8400,0,quote
213.066,183,place,RY,BUY,500,103.2500,0,quote
213.273,183,place,CNR,SELL,100,154.8300,0,quote
213.273,183,place,RY,BUY,100,103.2600,0,quote
213.346,184,place,AC,SELL,2400,23.1900,-49,quote
213.346,184,place,RY,BUY,1500,100.0600,0,ladder
213.346,184,place,RY,BUY,1500,94.9000,0,ladder
213.346,184,place,RY,BUY,100,87.6800,0,ladder
213.656,184,place,AC,BUY,1500,21.3800,-49,ladder
213.793,184,place,AC,BUY,900,22.5400,-49,ladder
213.833,184,place,CNR,SELL,2500,154.8100,0,quote
213.833,184,place,RY,BUY,2500,103.2800,0,quote
213.833,184,place,AC,SELL,800,23.1800,-49,quote
214.298,184,place,CNR,SELL,2500,154.7900,0,quote
214.298,184,place,RY,BUY,1500,103.3000,0,quote
214.298,184,place,AC,SELL,200,23.1600,-49,quote
214.545,185,place,CNR,SELL,1500,154.7800,0,quote
214.545,185,place,RY,BUY,500,103.3100,0,quote
214.732,185,place,AC,SELL,200,23.1500,-49,quote
215.008,185,place,CNR,SELL,2500,154.7700,0,quote
215.008,185,place,RY,BUY,100,103.3200,0,quote
215.008,185,place,AC,SELL,2400,23.1500,-49,quote
215.008,185,place,AC,SELL,900,23.8900,-49,ladder
215.151,185,place,AC,BUY,100,19.7100,-49,ladder
215.275,185,place,CNR,SELL,2500,154.7600,0,quote
215.275,185,place,RY,BUY,2500,103.3400,0,quote
215.275,185,place,AC,SELL,800,23.1400,-49,quote
215.889,186,place,CNR,SELL,2500,154.7300,0,quote
215.889,186,place,RY,BUY,1500,103.3700,0,quote
215.889,186,place,AC,SELL,200,23.1100,-49,quote
216.082,186,place,AC,SELL,1500,25.0200,-49,ladder
216.082,186,place,AC,SELL,700,26.6400,-49,ladder
216.387,186,place,CNR,SELL,2500,154.7200,0,quote
216.387,186,place,RY,BUY,2500,103.3900,0,quote
216.526,187,place,AC,BUY,1500,22.4500,-49,ladder
216.678,187,place,AC,BUY,100,21.2900,-49,ladder
216.875,187,place,CNR,SELL,2500,154.7000,0,quote
216.875,187,place,RY,BUY,2500,103.4300,0,quote
216.875,187,place,AC,SELL,800,23.0900,-49,quote
217.335,187,place,CNR,SELL,1500,154.6900,0,quote
217.335,187,place,AC,SELL,200,23.0800,-49,quote
217.650,188,place,RY,BUY,2500,103.4700,0,quote
217.884,188,place,CNR,SELL,2500,154.6700,0,quote
217.884,188,place,RY,BUY,2500,103.4800,0,quote
218.275,188,place,AC,BUY,2000,19.6300,-49,ladder
218.302,188,place,RY,SELL,2000,118.9200,0,ladder
218.443,188,place,RY,SELL,1500,106.5200,0,ladder
218.443,188,place,RY,SELL,1500,111.6900,0,ladder
218.500,189,place,CNR,SELL,2500,154.6500,0,quote
218.500,189,place,RY,BUY,2500,103.5100,0,quote
218.500,189,place,AC,SELL,800,23.0500,-49,quote
218.878,189,place,CNR,SELL,1500,154.6400,0,quote
218.878,189,place,RY,BUY,100,103.5200,0,quote
218.878,189,place,AC,SELL,100,23.0400,-49,quote
219.217,189,place,CNR,SELL,500,154.6100,0,quote
219.217,189,place,RY,BUY,1500,103.5400,0,quote
219.217,189,place,AC,SELL,200,23.0100,-49,quote
219.369,189,place,RY,BUY,300,103.5500,0,quote
219.492,189,place,CNR,SELL,2500,154.6100,0,quote
219.492,189,place,AC,SELL,2400,23.0000,-49,quote
219.492,189,place,CNR,BUY,1500,150.0300,0,ladder
219.492,189,place,AC,SELL,500,23.7500,-49,ladder
219.613,190,place,AC,BUY,1500,22.3600,-49,ladder
219.637,190,place,AC,SELL,500,24.9000,-49,ladder
219.828,190,place,AC,BUY,1500,21.2000,-49,ladder
220.011,190,place,CNR,SELL,2500,154.5900,0,quote
220.011,190,place,RY,BUY,2500,103.5700,0,quote
220.011,190,place,AC,SELL,800,22.9800,-49,quote
220.200,190,place,RY,BUY,100,103.5900,0,quote
220.200,190,place,AC,SELL,1400,22.9700,-49,quote
220.200,190,place,AC,SELL,700,26.4900,-49,ladder
220.444,190,place,CNR,SELL,1500,154.5800,0,quote
220.444,190,place,RY,BUY,100,103.6000,0,quote
220.444,190,place,CNR,BUY,2000,131.4400,0,ladder
220.481,190,place,RY,BUY,1500,103.6100,0,quote
220.481,190,place,CNR,SELL,500,159.2800,0,ladder
220.729,191,place,CNR,SELL,300,154.5700,0,quote
220.838,191,place,CNR,BUY,1500,142.2500,0,ladder
220.996,191,place,CNR,SELL,2500,154.5700,0,quote
220.996,191,place,RY,BUY,1500,103.6300,0,quote
220.996,191,place,AC,SELL,800,22.9500,-49,quote
221.077,191,place,AC,BUY,100,19.5500,-49,ladder
221.301,191,place,AC,SELL,400,22.9400,-49,quote
221.364,191,place,CNR,SELL,1500,154.5600,0,quote
221.424,191,place,RY,BUY,2500,103.6400,0,quote
221.475,191,place,AC,SELL,800,22.9300,-49,quote
221.693,192,place,RY,BUY,2500,103.6500,0,quote
221.693,192,place,RY,BUY,100,95.2900,0,ladder
221.985,192,place,CNR,SELL,2500,154.5400,0,quote
221.985,192,place,RY,BUY,500,103.6700,0,quote
221.985,192,place,AC,SELL,1400,22.9100,-49,quote
221.985,192,place,RY,BUY,100,100.4800,0,ladder
222.401,192,place,CNR,SELL,300,154.5200,0,quote
222.401,192,place,AC,BUY,1500,22.2700,-49,ladder
222.504,192,place,CNR,SELL,2500,154.5200,0,quote
222.504,192,place,RY,BUY,1500,103.7000,0,quote
222.504,192,place,AC,SELL,800,22.9000,-49,quote
222.699,193,place,AC,BUY,500,21.1100,-49,ladder
222.821,193,place,CNR,SELL,2500,154.5100,0,quote
222.821,193,place,RY,BUY,1500,103.7100,0,quote
222.821,193,place,AC,SELL,400,22.8900,-49,quote
222.821,193,place,CNR,SELL,100,166.9300,0,ladder
222.971,193,place,CNR,SELL,2000,177.7400,0,ladder
222.971,193,place,RY,BUY,700,88.0900,0,ladder
222.971,193,place,AC,SELL,900,23.6300,-49,ladder
222.971,193,place,AC,SELL,100,24.7800,-49,ladder
222.971,193,place,AC,SELL,100,26.3800,-49,ladder
223.297,193,place,CNR,SELL,1500,154.5000,0,quote
223.297,193,place,RY,BUY,900,103.7400,0,quote
223.297,193,place,AC,SELL,400,22.8700,-49,quote
223.394,193,place,CNR,SELL,2500,154.4900,0,quote
223.394,193,place,RY,BUY,900,103.7500,0,quote
223.394,193,place,AC,SELL,200,22.8700,-49,quote
223.582,193,place,CNR,SELL,1500,154.4800,0,quote
223.582,193,place,RY,BUY,500,103.7600,0,quote
223.751,194,place,AC,SELL,200,22.8600,-49,quote
223.814,194,place,CNR,SELL,100,154.4700,0,quote
223.923,194,place,AC,BUY,1200,19.4700,-49,ladder
224.087,194,place,CNR,SELL,2500,154.4700,0,quote
224.087,194,place,RY,BUY,1500,103.7700,0,quote
224.087,194,place,AC,SELL,1400,22.8400,-49,quote
224.131,194,place,CNR,SELL,100,154.4600,0,quote
224.249,194,place,RY,BUY,2500,103.7800,0,quote
224.316,194,place,CNR,SELL,1500,154.4500,0,quote
224.316,194,place,RY,BUY,300,103.7900,0,quote
224.316,194,place,AC,SELL,100,22.8300,-49,quote
224.575,194,place,CNR,SELL,2500,154.4400,0,quote
224.575,194,place,AC,SELL,200,22.8200,-49,quote
224.846,195,place,CNR,SELL,2500,154.4300,0,quote
224.846,195,place,RY,BUY,900,103.8200,0,quote
224.846,195,place,AC,SELL,200,22.8100,-49,quote
225.085,195,place,CNR,SELL,1500,154.4200,0,quote
225.085,195,place,RY,BUY,500,103.8300,0,quote
225.085,195,place,AC,SELL,100,22.8000,-49,quote
225.085,195,place,AC,BUY,100,22.1800,-49,ladder
225.333,195,place,RY,BUY,100,103.8400,0,quote
225.333,195,place,AC,SELL,200,22.7900,-49,quote
225.413,195,place,AC,SELL,1500,24.6800,-49,ladder
225.448,195,place,AC,BUY,1500,21.0200,-49,ladder
225.548,195,place,AC,SELL,1500,23.5300,-49,ladder
225.625,195,place,CNR,SELL,2500,154.4100,0,quote
225.625,195,place,RY,BUY,2500,103.8500,0,quote
225.851,196,place,CNR,SELL,1500,154.4000,0,quote
225.851,196,place,RY,BUY,300,103.8600,0,quote
225.851,196,place,AC,SELL,100,22.7700,-49,quote
226.056,196,place,AC,SELL,2000,26.2500,-49,ladder
226.124,196,place,RY,BUY,500,103.8700,0,quote
226.124,196,place,AC,SELL,200,22.7600,-49,quote
226.356,196,place,CNR,SELL,2500,154.3900,0,quote
226.356,196,place,RY,BUY,900,103.8800,0,quote
226.356,196,place,AC,SELL,200,22.7500,-49,quote
226.438,196,place,AC,BUY,2000,19.3900,-49,ladder
226.609,196,place,RY,BUY,500,103.8900,0,quote
226.609,196,place,AC,SELL,100,22.7500,-49,quote
226.875,197,place,RY,BUY,2500,103.9000,0,quote
226.875,197,place,AC,SELL,400,22.7400,-49,quote
226.947,197,place,RY,SELL,2000,119.4000,0,ladder
227.125,197,place,RY,SELL,900,112.1400,0,ladder
227.167,197,place,CNR,SELL,2500,154.3700,0,quote
227.167,197,place,RY,BUY,2500,103.9100,0,quote
227.167,197,place,RY,SELL,100,106.9500,0,ladder
227.371,197,place,AC,SELL,200,22.7300,-49,quote
227.466,197,place,RY,BUY,100,103.9200,0,quote
227.529,197,place,AC,BUY,900,22.0900,-49,ladder
227.584,197,place,CNR,SELL,1500,154.3500,0,quote
227.584,197,place,AC,SELL,200,22.7200,-49,quote
227.654,197,place,RY,BUY,500,103.9300,0,quote
227.912,198,place,RY,BUY,100,103.9400,0,quote
227.963,198,place,CNR,SELL,100,154.3300,0,quote
227.963,198,place,AC,SELL,100,22.7000,-49,quote
228.133,198,place,AC,SELL,1500,24.5800,-49,ladder
228.213,198,place,CNR,SELL,2500,154.3200,0,quote
228.213,198,place,AC,BUY,1500,20.9300,-49,ladder
228.478,198,place,CNR,SELL,2500,154.3100,0,quote
228.478,198,place,RY,BUY,300,103.9600,0,quote
228.478,198,place,AC,SELL,100,22.6900,-49,quote
228.638,198,place,AC,SELL,1500,23.4200,-49,ladder
228.708,198,place,CNR,SELL,2500,154.3000,0,quote
228.708,198,place,RY,BUY,900,103.9900,0,quote
228.708,198,place,AC,SELL,100,22.6900,-49,quote
228.905,199,place,AC,SELL,1200,26.1400,-49,ladder
228.980,199,place,CNR,SELL,500,154.2900,0,quote
228.980,199,place,RY,BUY,300,104.0000,0,quote
229.239,199,place,AC,BUY,2000,19.3100,-49,ladder
229.278,199,place,CNR,SELL,1500,154.2800,0,quote
229.278,199,place,RY,BUY,500,104.0100,0,quote
229.426,199,place,CNR,SELL,1500,154.2700,0,quote
229.426,199,place,RY,BUY,300,104.0200,0,quote
229.730,199,place,RY,BUY,2500,104.0300,0,quote
229.998,200,place,CNR,SELL,2500,154.2600,0,quote
229.998,200,place,RY,BUY,300,104.0500,0,quote
229.998,200,place,AC,SELL,1400,22.6500,-49,quote
230.195,200,place,RY,BUY,2500,104.0600,0,quote
230.195,200,place,AC,SELL,1400,22.6400,-49,quote
230.422,200,place,CNR,SELL,300,154.2500,0,quote
230.467,200,place,RY,BUY,500,104.0700,0,quote
230.467,200,place,AC,BUY,1500,22.0000,-49,ladder
230.733,200,place,CNR,SELL,1500,154.2400,0,quote
230.733,200,place,RY,BUY,500,104.0800,0,quote
230.733,200,place,AC,SELL,200,22.6300,-49,quote
230.775,200,place,RY,BUY,100,95.6800,0,ladder
230.975,201,place,CNR,SELL,300,154.2300,0,quote
231.231,201,place,CNR,SELL,2500,154.2200,0,quote
231.231,201,place,RY,BUY,1500,104.1000,0,quote
231.402,201,place,AC,SELL,1400,22.6100,-49,quote
231.402,201,place,RY,BUY,300,100.9000,0,ladder
231.526,201,place,AC,BUY,900,20.8400,-49,ladder
231.699,201,place,CNR,SELL,2500,154.2100,0,quote
231.699,201,place,RY,BUY,2500,104.1100,0,quote
232.009,202,place,CNR,SELL,1500,154.1900,0,quote
232.009,202,place,RY,BUY,500,104.1300,0,quote
232.009,202,place,AC,SELL,200,22.5900,-49,quote
232.009,202,place,AC,SELL,100,23.3200,-49,ladder
232.287,202,place,CNR,SELL,1500,154.1800,0,quote
232.287,202,place,RY,BUY,500,104.1400,0,quote
232.287,202,place,AC,SELL,1400,22.5800,-49,quote
232.287,202,place,RY,BUY,200,88.4500,0,ladder
232.287,202,place,AC,SELL,100,24.4400,-49,ladder
232.287,202,place,AC,SELL,100,26.0300,-49,ladder
232.361,202,place,AC,BUY,100,19.2300,-49,ladder
232.546,203,place,CNR,SELL,300,154.1700,0,quote
232.726,203,place,RY,BUY,2500,104.1500,0,quote
232.726,203,place,AC,SELL,1400,22.5700,-49,quote
232.797,203,place,CNR,SELL,100,154.1600,0,quote
233.012,203,place,CNR,SELL,2500,154.1500,0,quote
233.012,203,place,RY,BUY,300,104.1700,0,quote
233.012,203,place,AC,SELL,100,22.5500,-49,quote
233.359,203,place,CNR,SELL,2500,154.1400,0,quote
233.359,203,place,RY,BUY,2500,104.1800,0,quote
233.359,203,place,AC,SELL,1400,22.5400,-49,quote
233.478,204,place,AC,BUY,1500,21.9100,-49,ladder
233.526,204,place,AC,SELL,2400,22.5300,-49,quote
233.844,204,place,CNR,SELL,2500,154.1300,0,quote
233.844,204,place,RY,BUY,900,104.1900,0,quote
233.844,204,place,AC,SELL,200,22.5200,-49,quote
234.059,204,place,CNR,SELL,2500,154.1200,0,quote
234.059,204,place,RY,BUY,1500,104.2000,0,quote
234.059,204,place,AC,SELL,200,22.5100,-49,quote
234.314,204,place,CNR,SELL,100,154.1100,0,quote
234.314,204,place,RY,BUY,100,104.2100,0,quote
234.410,204,place,AC,BUY,500,20.7500,-49,ladder
234.475,205,place,CNR,SELL,2500,154.1100,0,quote
234.475,205,place,RY,BUY,300,104.2200,0,quote
234.475,205,place,AC,SELL,100,22.5000,-49,quote
235.098,205,place,CNR,SELL,900,154.0900,0,quote
235.098,205,place,RY,BUY,500,104.2400,0,quote
235.159,205,place,CNR,SELL,2500,154.0800,0,quote
235.159,205,place,RY,BUY,2500,104.2600,0,quote
235.159,205,place,AC,SELL,2400,22.4700,-49,quote
235.159,205,place,AC,BUY,200,19.1500,-49,ladder
235.328,205,place,RY,BUY,2500,104.2700,0,quote
235.328,205,place,AC,SELL,800,22.4600,-49,quote
235.328,205,place,AC,SELL,300,23.2000,-49,ladder
235.543,206,place,CNR,SELL,2500,154.0700,0,quote
235.543,206,place,RY,BUY,1500,104.2800,0,quote
235.543,206,place,AC,SELL,200,22.4600,-49,quote
235.607,206,place,AC,SELL,100,24.3200,-49,ladder
235.607,206,place,AC,SELL,100,25.8900,-49,ladder
236.124,206,place,AC,BUY,1500,21.8200,-49,ladder
236.201,206,place,CNR,SELL,300,154.0600,0,quote
236.384,206,place,CNR,SELL,2500,154.0500,0,quote
236.384,206,place,RY,BUY,300,104.3100,0,quote
236.384,206,place,AC,SELL,100,22.4300,-49,quote
236.574,206,place,RY,BUY,2500,104.3200,0,quote
236.574,206,place,AC,SELL,2400,22.4300,-49,quote
236.574,206,place,RY,SELL,2000,119.8800,0,ladder
236.748,207,place,RY,SELL,1500,107.3800,0,ladder
236.878,207,place,CNR,SELL,2500,154.0400,0,quote
236.878,207,place,RY,BUY,2500,104.3300,0,quote
236.878,207,place,AC,SELL,1400,22.4200,-49,quote
236.991,207,place,RY,SELL,1500,112.6000,0,ladder
237.095,207,place,RY,BUY,2500,104.3500,0,quote
237.360,207,place,RY,BUY,2500,104.3600,0,quote
237.360,207,place,AC,BUY,1500,20.6600,-49,ladder
237.523,207,place,CNR,SELL,300,154.0300,0,quote
237.838,208,place,CNR,SELL,300,154.0300,0,quote
237.838,208,place,RY,BUY,100,104.3800,0,quote
238.011,208,place,AC,BUY,400,19.0700,-49,ladder
238.104,208,place,CNR,SELL,2500,154.0200,0,quote
238.104,208,place,RY,BUY,2500,104.4200,0,quote
238.104,208,place,AC,SELL,2400,22.3900,-49,quote
238.104,208,place,CNR,BUY,1500,149.4300,0,ladder
238.627,208,place,CNR,SELL,2500,154.0100,0,quote
238.627,208,place,RY,BUY,2500,104.4400,0,quote
238.627,208,place,AC,SELL,2400,22.3800,-49,quote
238.627,208,place,AC,SELL,1500,23.0900,-49,ladder
238.947,209,place,CNR,SELL,2500,153.9900,0,quote
238.947,209,place,RY,BUY,300,104.4600,0,quote
239.179,209,place,AC,BUY,1500,21.7300,-49,ladder
239.577,209,place,CNR,BUY,2000,130.9100,0,ladder
239.780,209,place,CNR,SELL,500,153.9500,0,quote
239.780,209,place,RY,BUY,300,104.5100,0,quote
239.876,210,place,CNR,BUY,1500,141.6800,0,ladder
239.955,210,place,CNR,SELL,2500,153.9500,0,quote
239.955,210,place,RY,BUY,2500,104.5200,0,quote
239.955,210,place,AC,SELL,2400,22.3400,-49,quote
239.955,210,place,CNR,SELL,100,158.6200,0,ladder
240.162,210,place,CNR,SELL,2500,153.9400,0,quote
240.162,210,place,RY,BUY,1500,96.0700,0,ladder
240.162,210,place,AC,SELL,1500,24.1700,-49,ladder
240.162,210,place,AC,SELL,1200,25.7400,-49,ladder
240.300,210,place,CNR,SELL,500,153.9300,0,quote
240.300,210,place,RY,BUY,100,104.5400,0,quote
240.300,210,place,AC,SELL,100,22.3300,-49,quote
240.543,210,place,CNR,SELL,2500,153.9100,0,quote
240.543,210,place,RY,BUY,500,104.5500,0,quote
240.543,210,place,AC,SELL,200,22.3300,-49,quote
240.543,210,place,RY,BUY,100,101.3100,0,ladder
240.834,210,place,AC,BUY,1500,20.5700,-49,ladder
241.254,211,place,CNR,SELL,900,153.8900,0,quote
241.363,211,place,AC,BUY,2000,18.9900,-49,ladder
241.430,211,place,RY,BUY,2500,104.5800,0,quote
241.430,211,place,AC,SELL,2400,22.3100,-49,quote
241.430,211,place,CNR,SELL,1500,166.2600,0,ladder
241.430,211,place,RY,BUY,1200,88.8200,0,ladder
241.511,211,place,CNR,SELL,100,153.8800,0,quote
241.728,211,place,CNR,SELL,2500,153.8800,0,quote
241.728,211,place,RY,BUY,500,104.6100,0,quote
241.728,211,place,AC,SELL,200,22.2900,-49,quote
242.036,212,place,CNR,SELL,2500,153.8700,0,quote
242.036,212,place,RY,BUY,500,104.6200,0,quote
242.036,212,place,AC,SELL,200,22.2800,-49,quote
242.512,212,place,AC,BUY,1500,21.6400,-49,ladder
242.572,212,place,CNR,SELL,300,153.8600,0,quote
242.758,212,place,CNR,SELL,2500,153.8500,0,quote
242.758,212,place,RY,BUY,300,104.6500,0,quote
242.758,212,place,AC,SELL,100,22.2600,-49,quote
243.051,213,place,CNR,SELL,1500,153.8300,0,quote
243.051,213,place,RY,BUY,1500,104.6600,0,quote
243.051,213,place,AC,SELL,1400,22.2500,-49,quote
243.051,213,place,CNR,SELL,200,176.9800,0,ladder
243.051,213,place,AC,SELL,300,22.9700,-49,ladder
243.263,213,place,CNR,SELL,2500,153.8200,0,quote
243.263,213,place,RY,BUY,500,104.6700,0,quote
243.309,213,place,AC,SELL,1500,24.0700,-49,ladder
243.309,213,place,AC,SELL,200,25.6300,-49,ladder
243.593,213,place,CNR,SELL,2500,153.8100,0,quote
243.593,213,place,RY,BUY,500,104.6800,0,quote
243.593,213,place,AC,SELL,200,22.2400,-49,quote
243.768,213,place,RY,BUY,100,104.6900,0,quote
244.087,214,place,CNR,SELL,300,153.8000,0,quote
244.387,214,place,CNR,SELL,2500,153.7900,0,quote
244.387,214,place,RY,BUY,300,104.7200,0,quote
244.387,214,place,AC,SELL,100,22.2300,-49,quote
244.387,214,place,AC,BUY,900,20.4800,-49,ladder
244.588,215,place,RY,BUY,2500,104.7300,0,quote
244.588,215,place,AC,SELL,2400,22.2200,-49,quote
244.787,215,place,CNR,SELL,2500,153.7800,0,quote
244.787,215,place,RY,BUY,1500,104.7400,0,quote
244.787,215,place,AC,SELL,800,22.2100,-49,quote
245.068,215,place,CNR,SELL,500,153.7700,0,quote
245.068,215,place,AC,SELL,400,22.2000,-49,quote
245.068,215,place,RY,SELL,2000,120.3700,0,ladder
245.274,215,place,RY,SELL,100,107.8200,0,ladder
245.400,215,place,CNR,SELL,2500,153.7600,0,quote
245.400,215,place,RY,BUY,100,104.7600,0,quote
245.400,215,place,AC,SELL,200,22.1900,-49,quote
245.400,215,place,RY,SELL,100,113.0600,0,ladder
245.538,215,place,RY,BUY,300,104.7700,0,quote
245.538,215,place,AC,BUY,1200,18.9000,-49,ladder
245.788,216,place,CNR,SELL,300,153.7500,0,quote
245.788,216,place,AC,SELL,100,22.1800,-49,quote
245.912,216,place,AC,BUY,300,21.5500,-49,ladder
246.142,216,place,CNR,SELL,2500,153.7300,0,quote
246.142,216,place,RY,BUY,2500,104.7900,0,quote
246.142,216,place,AC,SELL,2400,22.1700,-49,quote
246.396,216,place,CNR,SELL,2500,153.7200,0,quote
246.396,216,place,RY,BUY,1500,104.8000,0,quote
246.396,216,place,AC,SELL,800,22.1600,-49,quote
246.561,216,place,CNR,SELL,900,153.7100,0,quote
246.888,217,place,CNR,SELL,2500,153.7000,0,quote
246.888,217,place,RY,BUY,300,104.8200,0,quote
247.132,217,place,CNR,SELL,300,153.6900,0,quote
247.283,217,place,RY,BUY,300,104.8300,0,quote
247.283,217,place,AC,SELL,100,22.1300,-49,quote
247.575,217,place,CNR,SELL,2500,153.6800,0,quote
247.575,217,place,RY,BUY,2500,104.8500,0,quote
247.575,217,place,AC,SELL,2400,22.1100,-49,quote
247.575,217,place,AC,SELL,300,22.8400,-49,ladder
247.644,218,place,AC,BUY,1500,20.3900,-49,ladder
247.813,218,place,CNR,SELL,2500,153.6700,0,quote
247.813,218,place,AC,SELL,1500,23.9400,-49,ladder
247.813,218,place,AC,SELL,2000,25.4900,-49,ladder
247.878,218,place,CNR,SELL,300,153.6600,0,quote
248.081,218,place,RY,BUY,900,104.8600,0,quote
248.081,218,place,AC,SELL,200,22.1000,-49,quote
248.265,218,place,AC,BUY,2000,18.8200,-49,ladder
248.337,218,place,CNR,SELL,2500,153.6500,0,quote
248.337,218,place,RY,BUY,300,104.8800,0,quote
248.623,218,place,RY,BUY,500,104.9000,0,quote
248.623,218,place,AC,SELL,200,22.0800,-49,quote
248.835,219,place,AC,BUY,500,21.4600,-49,ladder
249.143,219,place,CNR,SELL,2500,153.6400,0,quote
249.143,219,place,RY,BUY,2500,104.9100,0,quote
249.143,219,place,AC,SELL,2400,22.0800,-49,quote
249.212,219,place,RY,BUY,2500,104.9200,0,quote
249.406,219,place,RY,BUY,300,96.4600,0,ladder
249.609,219,place,CNR,SELL,900,153.6300,0,quote
249.609,219,place,RY,BUY,500,104.9500,0,quote
250.222,220,place,CNR,SELL,2500,153.6200,0,quote
250.222,220,place,RY,BUY,500,104.9800,0,quote
250.222,220,place,AC,SELL,200,22.0500,-49,quote
250.437,220,place,RY,BUY,1500,101.7500,0,ladder
250.595,220,place,CNR,SELL,2500,153.6000,0,quote
250.595,220,place,RY,BUY,2500,104.9900,0,quote
250.595,220,place,AC,SELL,2400,22.0400,-49,quote
250.595,220,place,AC,SELL,1500,22.7400,-49,ladder
250.691,220,place,RY,BUY,700,89.1800,0,ladder
250.827,221,place,CNR,SELL,300,153.5900,0,quote
250.827,221,place,RY,BUY,100,105.0000,0,quote
251.019,221,place,AC,BUY,1500,20.3000,-49,ladder
251.246,221,place,CNR,SELL,900,153.5800,0,quote
251.246,221,place,RY,BUY,500,105.0200,0,quote
251.589,221,place,CNR,SELL,2500,153.5700,0,quote
251.589,221,place,RY,BUY,500,105.0300,0,quote
251.589,221,place,AC,SELL,200,22.0100,-49,quote
251.633,221,place,AC,BUY,2000,18.7400,-49,ladder
251.785,221,place,RY,BUY,1500,105.0400,0,quote
252.008,222,place,CNR,SELL,2500,153.5600,0,quote
252.008,222,place,RY,BUY,2500,105.0500,0,quote
252.008,222,place,AC,SELL,2400,22.0000,-49,quote
252.008,222,place,AC,SELL,1500,23.8100,-49,ladder
252.008,222,place,AC,SELL,2000,25.3500,-49,ladder
252.254,222,place,CNR,SELL,300,153.5500,0,quote
252.254,222,place,RY,BUY,100,105.0600,0,quote
252.323,222,place,AC,BUY,1500,21.3700,-49,ladder
252.633,222,place,CNR,SELL,900,153.5400,0,quote
252.633,222,place,RY,BUY,500,105.0800,0,quote
253.131,223,place,CNR,SELL,500,153.5200,0,quote
253.131,223,place,RY,BUY,100,105.1000,0,quote
253.131,223,place,AC,SELL,100,21.9700,-49,quote
253.247,223,place,CNR,SELL,2500,153.5200,0,quote
253.247,223,place,RY,BUY,1500,105.1100,0,quote
253.499,223,place,AC,SELL,2400,21.9700,-49,quote
253.581,223,place,CNR,SELL,2500,153.5100,0,quote
253.581,223,place,RY,BUY,2500,105.1200,0,quote
253.581,223,place,AC,SELL,400,21.9600,-49,quote
253.972,224,place,CNR,SELL,900,153.5000,0,quote
253.972,224,place,RY,BUY,500,105.1300,0,quote
254.633,224,place,CNR,SELL,500,153.4800,0,quote
254.633,224,place,RY,BUY,100,105.1700,0,quote
254.633,224,place,AC,SELL,100,21.9200,-49,quote
254.633,224,place,AC,BUY,1500,20.2100,-49,ladder
254.733,224,place,RY,SELL,2000,120.8600,0,ladder
254.764,224,place,AC,SELL,1500,22.6300,-49,ladder
254.819,224,place,CNR,SELL,2500,153.4800,0,quote
254.920,224,place,RY,SELL,900,108.2600,0,ladder
255.031,225,place,RY,BUY,2500,105.1900,0,quote
255.031,225,place,AC,SELL,2400,21.9100,-49,quote
255.031,225,place,RY,SELL,1500,113.5200,0,ladder
255.127,225,place,CNR,SELL,1500,153.4700,0,quote
255.127,225,place,RY,BUY,900,105.2000,0,quote
255.127,225,place,AC,SELL,400,21.9000,-49,quote
255.127,225,place,AC,BUY,2000,18.6600,-49,ladder
255.297,225,place,RY,BUY,100,105.2100,0,quote
255.355,225,place,AC,SELL,2400,21.9000,-49,quote
255.567,225,place,RY,BUY,500,105.2200,0,quote
255.567,225,place,AC,BUY,1500,21.2800,-49,ladder
256.122,226,place,CNR,SELL,500,153.4400,0,quote
256.122,226,place,RY,BUY,100,105.2400,0,quote
256.122,226,place,AC,SELL,100,21.8800,-49,quote
256.366,226,place,AC,SELL,1500,23.6700,-49,ladder
256.366,226,place,AC,SELL,2000,25.2100,-49,ladder
256.410,226,place,CNR,SELL,2500,153.4400,0,quote
256.571,226,place,CNR,SELL,2500,153.4300,0,quote
256.571,226,place,RY,BUY,2500,105.2600,0,quote
256.571,226,place,AC,SELL,800,21.8700,-49,quote
256.866,226,place,CNR,SELL,2500,153.4200,0,quote
256.866,226,place,RY,BUY,1500,105.2700,0,quote
256.866,226,place,AC,SELL,400,21.8600,-49,quote
257.276,227,place,CNR,SELL,500,153.4100,0,quote
257.548,227,place,CNR,SELL,500,153.4100,0,quote
257.548,227,place,RY,BUY,100,105.2900,0,quote
257.548,227,place,AC,SELL,100,21.8500,-49,quote
257.895,227,place,CNR,SELL,2500,153.3900,0,quote
257.939,227,place,CNR,BUY,1500,148.8300,0,ladder
258.000,227,place,AC,BUY,900,20.1200,-49,ladder
258.052,228,place,RY,BUY,2500,105.3100,0,quote
258.052,228,place,AC,SELL,2400,21.8300,-49,quote
258.052,228,place,AC,SELL,900,22.5300,-49,ladder
258.310,228,place,CNR,SELL,2500,153.3800,0,quote
258.310,228,place,RY,BUY,1500,105.3200,0,quote
258.310,228,place,AC,SELL,400,21.8200,-49,quote
258.367,228,place,AC,BUY,2000,18.5800,-49,ladder
258.645,228,place,CNR,SELL,500,153.3700,0,quote
258.914,228,place,CNR,SELL,500,153.3600,0,quote
258.914,228,place,RY,BUY,100,105.3600,0,quote
258.914,228,place,AC,SELL,100,21.8100,-49,quote
258.914,228,place,AC,BUY,900,21.1900,-49,ladder
259.080,229,place,RY,BUY,1500,96.8600,0,ladder
259.388,229,place,CNR,SELL,2500,153.3500,0,quote
259.388,229,place,RY,BUY,2500,105.3700,0,quote
259.388,229,place,AC,SELL,2400,21.8000,-49,quote
259.439,229,place,CNR,BUY,2000,130.3800,0,ladder
259.667,229,place,CNR,SELL,1500,153.3400,0,quote
259.667,229,place,RY,BUY,300,105.3900,0,quote
259.667,229,place,AC,SELL,100,21.7900,-49,quote
259.798,229,place,CNR,BUY,1500,141.1100,0,ladder
259.878,229,place,AC,SELL,800,21.7800,-49,quote
259.878,229,place,CNR,SELL,1500,157.9800,0,ladder
259.878,229,place,RY,BUY,300,102.1600,0,ladder
259.993,229,place,CNR,SELL,100,153.3300,0,quote
260.183,230,place,CNR,SELL,500,153.3300,0,quote
260.465,230,place,CNR,SELL,500,153.3200,0,quote
260.465,230,place,RY,BUY,100,105.4300,0,quote
260.465,230,place,AC,SELL,100,21.7500,-49,quote
260.643,230,place,CNR,SELL,100,153.3200,0,quote
261.062,230,place,CNR,SELL,2500,153.3100,0,quote
261.062,230,place,RY,BUY,2500,105.4600,0,quote
261.062,230,place,AC,SELL,2400,21.7300,-49,quote
261.062,230,place,RY,BUY,2000,89.5700,0,ladder
261.062,230,place,AC,SELL,1500,22.4400,-49,ladder
261.062,230,place,AC,SELL,1500,23.5300,-49,ladder
261.062,230,place,AC,SELL,100,25.0500,-49,ladder
261.197,231,place,RY,BUY,1500,105.4800,0,quote
261.197,231,place,AC,SELL,400,21.7200,-49,quote
261.318,231,place,AC,BUY,1500,20.0300,-49,ladder
261.489,231,place,CNR,SELL,1500,153.3000,0,quote
261.489,231,place,RY,BUY,100,105.4900,0,quote
261.538,231,place,AC,BUY,1200,18.5000,-49,ladder
261.735,231,place,RY,BUY,500,105.5000,0,quote
261.904,231,place,AC,BUY,300,21.1000,-49,ladder
262.042,231,place,CNR,SELL,500,153.2900,0,quote
262.042,231,place,RY,BUY,100,105.5100,0,quote
262.042,231,place,AC,SELL,800,21.7000,-49,quote
262.042,231,place,CNR,SELL,100,165.5900,0,ladder
262.256,232,place,RY,BUY,100,105.5300,0,quote
262.298,232,place,AC,SELL,100,21.7000,-49,quote
262.556,232,place,CNR,SELL,2500,153.2700,0,quote
262.556,232,place,RY,BUY,900,105.5400,0,quote
262.556,232,place,AC,SELL,1400,21.6900,-49,quote
262.728,233,place,AC,SELL,100,21.6800,-49,quote
262.841,233,place,RY,BUY,2500,105.5500,0,quote
262.991,233,place,CNR,SELL,1500,153.2600,0,quote
262.991,233,place,RY,BUY,500,105.5600,0,quote
263.299,233,place,CNR,SELL,2500,153.2500,0,quote
263.299,233,place,RY,BUY,900,105.5700,0,quote
263.299,233,place,AC,SELL,100,21.6600,-49,quote
263.507,233,place,CNR,SELL,900,153.2400,0,quote
263.507,233,place,RY,BUY,500,105.5900,0,quote
263.695,234,place,RY,BUY,100,105.5900,0,quote
263.695,234,place,AC,SELL,100,21.6500,-49,quote
263.929,234,place,RY,SELL,2000,121.3500,0,ladder
263.980,234,place,RY,BUY,1500,105.6200,0,quote
263.980,234,place,AC,SELL,800,21.6400,-49,quote
264.054,234,place,AC,BUY,900,19.9500,-49,ladder
264.145,234,place,RY,SELL,1500,108.7000,0,ladder
264.206,234,place,RY,SELL,1500,113.9800,0,ladder
264.301,234,place,CNR,SELL,2500,153.2200,0,quote
264.301,234,place,RY,BUY,2500,105.6400,0,quote
264.301,234,place,AC,SELL,100,21.6300,-49,quote
264.503,234,place,CNR,SELL,1500,153.2100,0,quote
264.503,234,place,RY,BUY,500,105.6500,0,quote
264.503,234,place,AC,BUY,200,18.4200,-49,ladder
264.697,234,place,RY,BUY,2500,105.6600,0,quote
264.697,234,place,AC,SELL,800,21.6100,-49,quote
264.697,234,place,CNR,SELL,200,176.2400,0,ladder
264.859,235,place,CNR,SELL,900,153.2000,0,quote
264.859,235,place,RY,BUY,300,105.6800,0,quote
264.859,235,place,AC,SELL,800,21.6100,-49,quote
264.859,235,place,AC,BUY,100,21.0100,-49,ladder
265.076,235,place,CNR,SELL,300,153.1900,0,quote
265.076,235,place,AC,SELL,1400,21.6000,-49,quote
265.076,235,place,AC,SELL,300,22.3100,-49,ladder
265.321,235,place,CNR,SELL,900,153.1800,0,quote
265.515,235,place,CNR,SELL,1500,153.1700,0,quote
265.515,235,place,RY,BUY,500,105.7200,0,quote
265.515,235,place,AC,SELL,200,21.5800,-49,quote
265.515,235,place,AC,SELL,100,23.3700,-49,ladder
265.682,235,place,RY,BUY,2500,105.7300,0,quote
265.682,235,place,AC,SELL,2400,21.5700,-49,quote
265.682,235,place,AC,SELL,200,24.8800,-49,ladder
265.784,236,place,CNR,SELL,500,153.1600,0,quote
266.048,236,place,CNR,SELL,2500,153.1500,0,quote
266.048,236,place,RY,BUY,1500,105.7500,0,quote
266.048,236,place,AC,SELL,800,21.5600,-49,quote
266.596,236,place,CNR,SELL,2500,153.1300,0,quote
266.596,236,place,RY,BUY,900,105.7800,0,quote
266.596,236,place,AC,SELL,200,21.5400,-49,quote
266.596,236,place,AC,BUY,1500,19.8700,-49,ladder
266.769,236,place,CNR,SELL,900,153.1200,0,quote
266.839,237,place,RY,BUY,500,105.7900,0,quote
266.839,237,place,AC,SELL,200,21.5400,-49,quote
267.084,237,place,CNR,SELL,2500,153.1100,0,quote
267.084,237,place,RY,BUY,1500,105.8000,0,quote
267.084,237,place,AC,SELL,100,21.5300,-49,quote
267.229,237,place,AC,BUY,1200,18.3400,-49,ladder
267.290,237,place,RY,BUY,900,97.2500,0,ladder
267.332,237,place,AC,SELL,1400,21.5200,-49,quote
267.376,237,place,AC,SELL,500,22.2200,-49,ladder
267.590,237,place,CNR,SELL,2500,153.1000,0,quote
267.590,237,place,RY,BUY,1500,105.8400,0,quote
267.590,237,place,AC,SELL,800,21.5100,-49,quote
267.790,237,place,AC,SELL,100,21.5100,-49,quote
267.883,238,place,AC,BUY,900,20.9100,-49,ladder
268.046,238,place,RY,BUY,2500,105.8700,0,quote
268.046,238,place,RY,BUY,900,102.5800,0,ladder
268.098,238,place,AC,SELL,200,21.5000,-49,quote
268.347,238,place,CNR,SELL,2500,153.0900,0,quote
268.347,238,place,RY,BUY,500,105.8900,0,quote
268.347,238,place,AC,SELL,100,21.4900,-49,quote
268.540,238,place,AC,SELL,1500,23.2600,-49,ladder
268.540,238,place,AC,SELL,400,24.7700,-49,ladder
268.816,238,place,CNR,SELL,2500,153.0800,0,quote
268.816,238,place,RY,BUY,900,105.9100,0,quote
268.816,238,place,AC,SELL,400,21.4800,-49,quote
268.816,238,place,RY,BUY,100,89.9300,0,ladder
269.143,239,place,CNR,SELL,2500,153.0700,0,quote
269.143,239,place,AC,SELL,100,21.4700,-49,quote
269.358,239,place,CNR,SELL,2500,153.0600,0,quote
269.358,239,place,AC,SELL,400,21.4600,-49,quote
269.644,239,place,CNR,SELL,2500,153.0400,0,quote
269.644,239,place,AC,SELL,200,21.4500,-49,quote
269.735,239,place,RY,BUY,2500,105.9600,0,quote
269.735,239,place,AC,SELL,400,21.4500,-49,quote
269.735,239,place,AC,BUY,500,19.7800,-49,ladder
269.859,239,place,AC,SELL,200,21.4400,-49,quote
269.918,240,place,RY,BUY,1500,105.9700,0,quote
270.139,240,place,CNR,SELL,500,153.0300,0,quote
270.336,240,place,RY,BUY,2500,105.9800,0,quote
270.336,240,place,AC,SELL,800,21.4300,-49,quote
270.336,240,place,AC,SELL,500,22.1300,-49,ladder
270.336,240,place,AC,BUY,2000,18.2600,-49,ladder
270.604,240,place,CNR,SELL,2500,153.0200,0,quote
270.604,240,place,RY,BUY,100,105.9900,0,quote
270.834,240,place,CNR,SELL,2500,153.0100,0,quote
270.834,240,place,RY,BUY,300,106.0000,0,quote
270.834,240,place,AC,SELL,100,21.4100,-49,quote
270.950,240,place,AC,SELL,200,21.4000,-49,quote
271.221,241,place,CNR,SELL,2500,152.9900,0,quote
271.221,241,place,AC,SELL,400,21.3900,-49,quote
271.430,241,place,RY,BUY,2500,106.0300,0,quote
271.430,241,place,AC,SELL,1400,21.3800,-49,quote
271.430,241,place,AC,BUY,1500,20.8000,-49,ladder
271.430,241,place,AC,SELL,500,23.1600,-49,ladder
271.430,241,place,AC,SELL,200,24.6600,-49,ladder
271.519,241,place,RY,SELL,2000,121.8400,0,ladder
271.720,241,place,CNR,SELL,100,152.9800,0,quote
271.844,241,place,RY,BUY,500,106.0400,0,quote
271.844,241,place,RY,SELL,500,109.1400,0,ladder
271.844,241,place,RY,SELL,300,114.4400,0,ladder
271.961,241,place,CNR,SELL,500,152.9800,0,quote
271.961,241,place,RY,BUY,2500,106.0500,0,quote
271.961,241,place,AC,SELL,200,21.3700,-49,quote
272.196,242,place,CNR,SELL,100,152.9700,0,quote
272.196,242,place,RY,BUY,100,106.0600,0,quote
272.196,242,place,AC,BUY,900,19.7000,-49,ladder
272.322,242,place,AC,SELL,2400,21.3600,-49,quote
272.446,242,place,CNR,SELL,2500,152.9600,0,quote
272.446,242,place,RY,BUY,2500,106.0700,0,quote
272.716,242,place,CNR,SELL,500,152.9500,0,quote
273.002,242,place,CNR,SELL,2500,152.9500,0,quote
273.002,242,place,RY,BUY,2500,106.1000,0,quote
273.002,242,place,AC,SELL,1400,21.3400,-49,quote
273.002,242,place,AC,BUY,200,18.1800,-49,ladder
273.219,243,place,CNR,SELL,100,152.9400,0,quote
273.440,243,place,RY,BUY,2500,106.1100,0,quote
273.440,243,place,AC,SELL,800,21.3300,-49,quote
273.440,243,place,AC,SELL,300,22.0200,-49,ladder
273.506,243,place,CNR,SELL,100,152.9300,0,quote
273.679,243,place,RY,BUY,100,106.1300,0,quote
273.679,243,place,AC,SELL,100,21.3200,-49,quote
274.018,243,place,CNR,SELL,2500,152.9100,0,quote
274.018,243,place,RY,BUY,2500,106.1500,0,quote
274.018,243,place,AC,SELL,2400,21.3000,-49,quote
274.018,243,place,AC,SELL,400,24.5600,-49,ladder
274.119,244,place,AC,SELL,100,23.0600,-49,ladder
274.154,244,place,AC,BUY,1500,20.7100,-49,ladder
274.276,244,place,CNR,SELL,500,152.9000,0,quote
274.575,244,place,CNR,SELL,2500,152.8900,0,quote
274.575,244,place,RY,BUY,2500,106.1800,0,quote
274.575,244,place,AC,SELL,1400,21.2800,-49,quote
274.846,244,place,RY,BUY,100,106.1900,0,quote
274.846,244,place,AC,BUY,1500,19.6200,-49,ladder
274.999,244,place,AC,SELL,2400,21.2700,-49,quote
275.064,244,place,CNR,SELL,900,152.8800,0,quote
275.064,244,place,RY,BUY,300,106.2000,0,quote
275.311,245,place,CNR,SELL,500,152.8700,0,quote
275.311,245,place,RY,BUY,100,106.2100,0,quote
275.311,245,place,AC,SELL,100,21.2600,-49,quote
275.600,245,place,CNR,SELL,2500,152.8600,0,quote
275.600,245,place,RY,BUY,2500,106.2200,0,quote
275.600,245,place,AC,SELL,2400,21.2500,-49,quote
275.789,245,place,AC,BUY,2000,18.1000,-49,ladder
275.845,245,place,CNR,SELL,500,152.8500,0,quote
276.080,245,place,CNR,SELL,2500,152.8400,0,quote
276.080,245,place,RY,BUY,900,106.2400,0,quote
276.080,245,place,AC,SELL,400,21.2300,-49,quote
276.080,245,place,RY,BUY,100,97.6700,0,ladder
276.389,246,place,CNR,SELL,2500,152.8300,0,quote
276.389,246,place,RY,BUY,100,106.2500,0,quote
276.577,246,place,RY,BUY,1500,106.2700,0,quote
276.577,246,place,AC,SELL,1400,21.2200,-49,quote
276.577,246,place,RY,BUY,500,103.0000,0,ladder
276.577,246,place,AC,SELL,100,21.9100,-49,ladder
276.577,246,place,AC,SELL,100,24.4600,-49,ladder
276.814,246,place,CNR,SELL,1500,152.8200,0,quote
276.814,246,place,RY,BUY,100,106.2900,0,quote
277.092,246,place,CNR,SELL,2500,152.8100,0,quote
277.092,246,place,RY,BUY,2500,106.3000,0,quote
277.092,246,place,AC,SELL,2400,21.2000,-49,quote
277.092,246,place,AC,BUY,100,20.6200,-49,ladder
277.092,246,place,AC,SELL,300,22.9600,-49,ladder
277.397,247,place,CNR,SELL,500,152.7900,0,quote
277.455,247,place,AC,BUY,100,19.5400,-49,ladder
277.608,247,place,CNR,SELL,2500,152.7800,0,quote
277.608,247,place,RY,BUY,900,106.3200,0,quote
277.608,247,place,AC,SELL,400,21.1900,-49,quote
277.832,247,place,CNR,SELL,900,152.7700,0,quote
277.832,247,place,RY,BUY,100,106.3400,0,quote
277.832,247,place,AC,SELL,400,21.1800,-49,quote
278.034,247,place,RY,BUY,2000,90.3200,0,ladder
278.114,247,place,CNR,SELL,2500,152.7600,0,quote
278.114,247,place,RY,BUY,900,106.3500,0,quote
278.114,247,place,AC,SELL,100,21.1700,-49,quote
278.352,248,place,CNR,BUY,1500,148.2300,0,ladder
278.410,248,place,CNR,SELL,1500,152.7500,0,quote
278.410,248,place,RY,BUY,100,106.3600,0,quote
278.563,248,place,AC,SELL,2400,21.1700,-49,quote
278.622,248,place,CNR,SELL,2500,152.7400,0,quote
278.622,248,place,RY,BUY,2500,106.3700,0,quote
278.740,248,place,AC,BUY,1200,18.0200,-49,ladder
278.926,248,place,RY,BUY,500,106.3800,0,quote
278.926,248,place,AC,SELL,100,21.1500,-49,quote
279.099,248,place,RY,BUY,2500,106.3900,0,quote
279.144,248,place,CNR,SELL,900,152.7300,0,quote
279.144,248,place,RY,BUY,300,106.4000,0,quote
279.144,248,place,AC,SELL,100,21.1400,-49,quote
279.347,249,place,AC,SELL,900,21.8200,-49,ladder
279.347,249,place,AC,SELL,400,24.3600,-49,ladder
279.428,249,place,CNR,SELL,100,152.7200,0,quote
279.428,249,place,CNR,BUY,2000,129.8600,0,ladder
279.645,249,place,RY,BUY,2500,106.4100,0,quote
279.645,249,place,AC,SELL,800,21.1300,-49,quote
279.730,249,place,CNR,SELL,100,152.7100,0,quote
279.730,249,place,CNR,SELL,100,157.3500,0,ladder
279.885,250,place,CNR,SELL,2500,152.7100,0,quote
279.885,250,place,RY,BUY,900,106.4400,0,quote
279.885,250,place,AC,SELL,400,21.1200,-49,quote
279.885,250,place,CNR,BUY,900,140.5400,0,ladder
279.885,250,place,AC,SELL,100,22.8600,-49,ladder
280.019,250,place,AC,BUY,1500,20.5300,-49,ladder
280.230,250,place,CNR,SELL,2500,152.7000,0,quote
280.230,250,place,RY,BUY,100,106.4500,0,quote
280.336,250,place,AC,BUY,300,19.4600,-49,ladder
280.433,250,place,CNR,SELL,2500,152.6900,0,quote
280.433,250,place,RY,BUY,500,106.4600,0,quote
280.433,250,place,AC,SELL,200,21.1100,-49,quote
280.433,250,place,RY,SELL,2000,122.3300,0,ladder
280.679,250,place,CNR,SELL,100,152.6800,0,quote
280.718,250,place,RY,BUY,2500,106.4700,0,quote
280.718,250,place,AC,SELL,800,21.1000,-49,quote
280.718,250,place,RY,SELL,1500,109.5800,0,ladder
280.718,250,place,RY,SELL,1500,114.9000,0,ladder
280.812,250,place,CNR,SELL,500,152.6700,0,quote
280.942,251,place,RY,BUY,1500,106.5000,0,quote
280.981,251,place,CNR,SELL,100,152.6700,0,quote
281.225,251,place,CNR,SELL,2500,152.6600,0,quote
281.225,251,place,RY,BUY,900,106.5100,0,quote
281.225,251,place,AC,SELL,200,21.0900,-49,quote
281.404,251,place,CNR,SELL,1500,164.9300,0,ladder
281.460,251,place,RY,BUY,1500,106.5200,0,quote
281.460,251,place,AC,SELL,800,21.0800,-49,quote
281.753,251,place,CNR,SELL,2500,152.6500,0,quote
281.753,251,place,RY,BUY,100,106.5300,0,quote
281.753,251,place,AC,SELL,100,21.0800,-49,quote
281.899,251,place,AC,SELL,2400,21.0700,-49,quote
281.972,252,place,CNR,SELL,500,152.6400,0,quote
281.972,252,place,RY,BUY,300,106.5400,0,quote
282.035,252,place,AC,BUY,2000,17.9400,-49,ladder
282.330,252,place,CNR,SELL,2500,152.6300,0,quote
282.330,252,place,RY,BUY,900,106.5500,0,quote
282.330,252,place,AC,SELL,400,21.0600,-49,quote
282.382,252,place,AC,SELL,100,21.7300,-49,ladder
282.550,252,place,CNR,SELL,1500,152.6100,0,quote
282.550,252,place,RY,BUY,100,106.5600,0,quote
282.550,252,place,AC,SELL,100,21.0500,-49,quote
282.778,252,place,RY,BUY,900,106.5700,0,quote
282.778,252,place,AC,SELL,200,21.0400,-49,quote
282.939,252,place,AC,SELL,2000,24.2500,-49,ladder
283.028,253,place,CNR,SELL,2500,152.6000,0,quote
283.028,253,place,RY,BUY,300,106.5800,0,quote
283.264,253,place,AC,BUY,1500,20.4400,-49,ladder
283.372,253,place,CNR,SELL,2500,152.5900,0,quote
283.372,253,place,RY,BUY,100,106.5900,0,quote
283.372,253,place,AC,SELL,100,21.0200,-49,quote
283.424,253,place,AC,BUY,900,19.3800,-49,ladder
283.473,253,place,AC,SELL,1500,22.7500,-49,ladder
283.521,253,place,CNR,SELL,900,152.5700,0,quote
283.521,253,place,RY,BUY,300,106.6000,0,quote
283.521,253,place,AC,SELL,1400,21.0100,-49,quote
283.711,253,place,CNR,SELL,2000,175.5300,0,ladder
283.755,253,place,CNR,SELL,500,152.5600,0,quote
283.755,253,place,RY,BUY,900,106.6200,0,quote
283.755,253,place,AC,SELL,800,21.0000,-49,quote
284.003,253,place,CNR,SELL,100,152.5600,0,quote
284.003,253,place,RY,BUY,100,106.6300,0,quote
284.278,254,place,CNR,SELL,1500,152.5500,0,quote
284.278,254,place,RY,BUY,900,106.6400,0,quote
284.278,254,place,AC,SELL,200,20.9800,-49,quote
284.561,254,place,RY,BUY,2500,106.6500,0,quote
284.561,254,place,AC,SELL,400,20.9800,-49,quote
284.841,254,place,CNR,SELL,2500,152.5400,0,quote
284.841,254,place,RY,BUY,300,106.6700,0,quote
284.841,254,place,AC,SELL,100,20.9700,-49,quote
285.080,254,place,AC,BUY,2000,17.8600,-49,ladder
285.147,255,place,CNR,SELL,900,152.5300,0,quote
285.147,255,place,RY,BUY,300,106.6800,0,quote
285.147,255,place,AC,SELL,1400,20.9700,-49,quote
285.303,255,place,CNR,SELL,1500,152.5200,0,quote
285.303,255,place,AC,SELL,400,20.9600,-49,quote
285.303,255,place,AC,SELL,300,21.6400,-49,ladder
285.607,255,place,RY,BUY,100,106.7000,0,quote
285.607,255,place,AC,SELL,100,20.9500,-49,quote
285.855,255,place,CNR,SELL,900,152.5100,0,quote
285.855,255,place,RY,BUY,100,106.7100,0,quote
285.855,255,place,AC,SELL,100,20.9500,-49,quote
286.149,255,place,CNR,SELL,1500,152.5000,0,quote
286.149,255,place,RY,BUY,2500,106.7200,0,quote
286.149,255,place,AC,SELL,400,20.9400,-49,quote
286.275,256,place,RY,BUY,1500,103.4500,0,ladder
286.275,256,place,RY,BUY,1500,98.1100,0,ladder
286.275,256,place,AC,BUY,1500,20.3500,-49,ladder
286.275,256,place,AC,BUY,300,19.3000,-49,ladder
286.275,256,place,AC,SELL,100,24.1300,-49,ladder
286.690,256,place,CNR,SELL,900,152.4900,0,quote
286.690,256,place,RY,BUY,300,106.7400,0,quote
286.690,256,place,AC,SELL,1400,20.9300,-49,quote
286.899,256,place,RY,BUY,1500,106.7500,0,quote
286.899,256,place,AC,SELL,1500,22.6400,-49,ladder
287.086,256,place,CNR,SELL,500,152.4800,0,quote
287.086,256,place,RY,BUY,100,106.7600,0,quote
287.250,257,place,RY,BUY,100,90.6900,0,ladder
287.392,257,place,CNR,SELL,1500,152.4800,0,quote
287.392,257,place,RY,BUY,500,106.7800,0,quote
287.603,257,place,RY,BUY,2500,106.7900,0,quote
287.817,257,place,RY,BUY,2500,106.8000,0,quote
288.087,257,place,RY,BUY,500,106.8100,0,quote
288.372,258,place,CNR,SELL,2500,152.4900,0,quote
288.372,258,place,RY,BUY,1500,106.8300,0,quote
288.607,258,place,RY,BUY,900,106.8400,0,quote
288.850,258,place,RY,BUY,500,106.8500,0,quote
289.149,258,place,RY,BUY,2500,106.8600,0,quote
289.149,258,place,AC,SELL,800,20.9200,-49,quote
289.412,259,place,RY,BUY,2500,106.8700,0,quote
289.630,259,place,CNR,SELL,1500,152.5000,0,quote
289.630,259,place,RY,BUY,500,106.8800,0,quote
289.846,259,place,RY,SELL,2000,122.8300,0,ladder
289.979,259,place,RY,BUY,1500,106.9000,0,quote
289.979,259,place,AC,BUY,200,17.7800,-49,ladder
290.111,259,place,AC,SELL,800,20.9200,-49,quote
290.111,259,place,RY,SELL,1500,110.0300,0,ladder
290.111,259,place,RY,SELL,1500,115.3700,0,ladder
290.111,259,place,AC,SELL,100,21.5500,-49,ladder
290.425,260,place,CNR,SELL,1500,152.5100,0,quote
290.425,260,place,AC,SELL,400,20.9300,-49,quote
290.706,260,fill,AC,SELL,800,20.9100,-849,mode=mm
290.708,260,regime,CNR,,,,,"TREND -> mixed (er=0.44, net -6t over 7s)"
290.710,260,place,CNR,SELL,100,152.5200,0,quote
290.710,260,place,RY,BUY,1500,106.9400,0,quote
290.847,260,place,RY,BUY,900,106.9500,0,quote
290.970,261,regime,AC,,,,,"TREND -> mixed (er=0.68, net -6t over 7s)"
291.053,261,place,AC,SELL,2200,20.9400,-849,quote
291.146,261,place,RY,BUY,2500,106.9600,0,quote
291.222,261,place,AC,SELL,500,20.9300,-849,quote
291.426,261,place,CNR,SELL,600,152.5200,0,quote
291.426,261,place,CNR,BUY,1500,147.9200,0,ladder
291.426,261,place,CNR,BUY,900,140.2900,0,ladder
291.426,261,place,CNR,BUY,400,129.6200,0,ladder
291.479,261,regime,CNR,,,,,"mixed -> chop (er=0.22, net -3t over 7s)"
291.620,261,place,RY,BUY,1500,106.9700,0,quote
291.620,261,place,AC,SELL,900,20.9300,-849,quote
291.620,261,place,CNR,SELL,900,157.0700,0,ladder
291.620,261,place,CNR,SELL,500,164.6900,0,ladder
291.870,261,place,CNR,SELL,1800,152.5200,0,quote
291.870,261,place,RY,BUY,100,106.9900,0,quote
291.911,261,place,RY,BUY,1500,107.0000,0,quote
291.911,261,place,AC,SELL,100,20.9300,-849,quote
292.220,262,fill,CNR,SELL,1800,152.5150,-1800,mode=mm
292.221,262,place,CNR,SELL,1300,152.5300,-1800,quote
292.221,262,place,RY,BUY,500,107.0100,0,quote
292.488,262,place,CNR,SELL,2200,152.5300,-1800,quote
292.488,262,place,RY,BUY,900,107.0200,0,quote
292.584,262,regime,CNR,,,,,"chop -> mixed (er=0.29, net +2t over 7s)"
292.584,262,regime,AC,,,,,"mixed -> chop (er=0.20, net -1t over 7s)"
292.721,262,place,RY,BUY,2500,107.0300,0,quote
292.721,262,place,AC,SELL,500,20.9300,-849,quote
292.866,262,place,RY,BUY,500,107.0500,0,quote
292.866,262,place,AC,SELL,100,20.9300,-849,quote
293.205,263,place,RY,BUY,1500,107.0600,0,quote
293.205,263,place,AC,SELL,900,20.9300,-849,quote
293.431,263,place,RY,BUY,1500,107.0700,0,quote
293.431,263,place,AC,SELL,100,20.9300,-849,quote
293.675,263,regime,AC,,,,,"chop -> mixed (er=0.33, net +1t over 7s)"
293.721,263,place,RY,BUY,1500,107.0800,0,quote
293.721,263,place,AC,SELL,300,20.9300,-849,quote
293.854,263,place,AC,SELL,4400,20.9300,-849,quote
293.947,263,place,RY,BUY,2500,107.0900,0,quote
294.202,264,fill,AC,SELL,4358,20.9250,-5207,mode=mm
294.205,264,place,AC,BUY,3000,20.9200,-5207,quote
294.463,264,fill,AC,SELL,42,20.9250,-5249,mode=mm
294.467,264,place,CNR,BUY,1500,147.9500,-1800,ladder
294.467,264,place,CNR,BUY,300,140.3200,-1800,ladder
294.751,264,place,CNR,SELL,700,152.5600,-1800,quote
294.751,264,place,RY,BUY,300,107.1400,0,quote
294.751,264,place,AC,SELL,100,20.9400,-5249,quote
294.751,264,place,CNR,BUY,2000,129.6500,-1800,ladder
294.867,264,place,RY,BUY,1500,107.1400,0,quote
294.867,264,place,AC,SELL,100,20.9400,-5249,quote
295.029,264,place,AC,BUY,5000,20.9300,-5249,quote
295.131,264,place,RY,BUY,300,107.1500,0,quote
295.205,265,place,AC,SELL,1300,20.9500,-5249,quote
295.244,265,place,RY,BUY,100,107.1600,0,quote
295.290,265,place,RY,BUY,100,98.5100,0,ladder
295.465,265,place,RY,BUY,1500,103.8700,0,ladder
295.522,265,place,CNR,SELL,3800,152.5700,-1800,quote
295.522,265,place,RY,BUY,1500,107.1700,0,quote
295.522,265,place,CNR,BUY,1500,147.9600,-1800,ladder
295.522,265,place,CNR,SELL,100,157.1100,-1800,ladder
295.522,265,place,CNR,BUY,1500,140.3300,-1800,ladder
295.522,265,place,CNR,BUY,1200,129.6500,-1800,ladder
295.890,265,fill,CNR,SELL,3800,152.5650,-5600,mode=mm
296.047,265,place,CNR,BUY,1000,152.5700,-5600,quote
296.266,266,place,CNR,BUY,300,152.5800,-5600,quote
296.534,266,place,CNR,BUY,5000,152.5800,-5600,quote
296.534,266,place,CNR,SELL,400,152.6000,-5600,quote
296.534,266,place,RY,BUY,1500,107.2200,0,quote
296.534,266,place,AC,BUY,5000,20.9400,-5249,quote
296.534,266,place,AC,SELL,100,20.9600,-5249,quote
296.534,266,place,RY,BUY,200,91.0600,0,ladder
296.858,266,place,RY,BUY,100,107.2400,0,quote
296.932,266,place,CNR,BUY,5000,152.5900,-5600,quote
297.105,266,place,RY,BUY,1500,107.2500,0,quote
297.322,267,place,AC,BUY,1000,20.9500,-5249,quote
297.513,267,regime,CNR,,,,,"mixed -> TREND (er=1.00, net +12t over 7s)"
297.581,267,place,CNR,BUY,1000,152.6100,-5600,quote
297.581,267,place,RY,BUY,100,107.2700,0,quote
297.610,267,place,AC,BUY,300,20.9500,-5249,quote
297.878,267,stop,CNR,BUY,5000,152.6700,-5600,loss=7.6t stop=5.0t trend_against=False
297.880,267,place,CNR,BUY,5000,152.6700,-5600,agg
298.222,267,fill,CNR,BUY,5000,152.6250,-600,mode=mm
298.351,268,place,RY,BUY,2500,107.3200,0,quote
298.351,268,place,AC,BUY,3000,20.9500,-5249,quote
298.351,268,place,AC,SELL,700,20.9700,-5249,quote
298.627,268,place,RY,BUY,100,107.3300,0,quote
298.678,268,place,AC,SELL,700,20.9700,-5249,quote
298.698,268,place,RY,SELL,200,123.3300,0,ladder
298.989,268,stop,CNR,BUY,600,152.6800,-600,loss=8.6t stop=5.0t trend_against=False
298.989,268,place,CNR,BUY,600,152.6800,-600,agg
299.242,268,fill,CNR,BUY,600,152.6350,0,mode=mm
299.244,268,place,CNR,BUY,2500,152.6200,0,quote
299.244,268,place,RY,BUY,1500,107.3600,0,quote
299.244,268,place,AC,SELL,700,20.9700,-5249,quote
299.244,268,place,CNR,BUY,100,148.0200,0,ladder
299.244,268,place,CNR,SELL,1500,157.1800,0,ladder
299.244,268,place,CNR,BUY,100,140.3900,0,ladder
299.244,268,place,CNR,SELL,1500,164.8100,0,ladder
299.244,268,place,CNR,SELL,2000,175.4900,0,ladder
299.244,268,place,RY,SELL,500,110.4900,0,ladder
299.244,268,place,RY,SELL,100,115.8500,0,ladder
299.938,269,place,CNR,BUY,2500,152.6300,0,quote
299.938,269,place,RY,BUY,500,107.4000,0,quote
299.938,269,place,AC,SELL,200,20.9700,-5249,quote
300.140,269,place,AC,BUY,5000,20.9600,-5249,quote
300.195,269,place,RY,BUY,500,107.4100,0,quote
300.195,269,place,AC,SELL,200,20.9800,-5249,quote
300.195,269,place,CNR,BUY,100,129.7300,0,ladder
300.523,270,place,RY,BUY,2500,107.4200,0,quote
300.523,270,place,AC,SELL,2300,20.9800,-5249,quote
300.673,270,place,RY,BUY,2500,107.4500,0,quote
300.886,270,place,RY,BUY,500,107.4600,0,quote
301.162,270,place,RY,BUY,300,107.4700,0,quote
301.504,271,place,RY,BUY,500,107.4900,0,quote
301.694,271,place,RY,BUY,900,107.5000,0,quote
301.880,271,place,RY,BUY,2500,107.5100,0,quote
302.163,271,place,CNR,SELL,2500,152.6600,0,quote
302.423,272,place,CNR,SELL,500,152.6700,0,quote
302.482,272,place,CNR,BUY,2500,152.6400,0,quote
302.741,272,fill,CNR,SELL,500,152.6550,-500,mode=mm
302.934,272,place,CNR,BUY,2500,152.6500,-500,quote
302.934,272,place,CNR,SELL,200,152.6800,-500,quote
302.934,272,place,RY,BUY,100,107.5600,0,quote
302.994,272,place,RY,BUY,900,107.5700,0,quote
303.302,272,place,CNR,BUY,2500,152.6600,-500,quote
303.302,272,place,CNR,SELL,2300,152.6900,-500,quote
303.302,272,place,RY,BUY,100,107.5800,0,quote
303.505,273,place,RY,BUY,100,107.5900,0,quote
303.730,273,place,RY,BUY,1500,98.9100,0,ladder
303.797,273,place,CNR,SELL,700,152.7000,-500,quote
303.797,273,place,RY,BUY,300,107.6000,0,quote
304.032,274,place,CNR,BUY,1500,152.6700,-500,quote
304.493,274,place,CNR,SELL,700,152.7000,-500,quote
304.493,274,place,RY,BUY,500,107.6300,0,quote
304.531,274,regime,CNR,,,,,"TREND -> mixed (er=1.00, net +7t over 7s)"
304.833,274,place,RY,BUY,100,107.6400,0,quote
304.962,274,place,RY,BUY,1500,104.3400,0,ladder
304.962,274,place,RY,BUY,1200,91.4300,0,ladder
305.023,275,place,RY,BUY,300,107.6500,0,quote
305.273,275,fill,AC,SELL,1700,20.9650,-6949,mode=mm
305.310,275,place,AC,BUY,5000,20.9800,-6949,quote
305.310,275,place,AC,SELL,600,21.0000,-6949,quote
305.310,275,place,RY,BUY,100,107.6600,0,quote
305.550,275,fill,AC,BUY,800,20.9750,-6149,mode=mm
305.552,275,place,CNR,BUY,5000,152.7000,-500,quote
305.552,275,place,RY,BUY,500,107.6800,0,quote
305.552,275,place,AC,SELL,200,21.0000,-6149,quote
305.552,275,place,CNR,BUY,100,148.0900,-500,ladder
305.552,275,place,CNR,SELL,100,157.2500,-500,ladder
305.552,275,place,CNR,SELL,100,164.8900,-500,ladder
305.888,275,fill,CNR,BUY,3500,152.7000,3000,mode=mm
305.907,275,fill,AC,BUY,350,20.9800,-5799,mode=mm
306.059,275,fill,CNR,BUY,350,152.7000,3350,mode=mm
306.060,275,place,CNR,SELL,3000,152.7100,3350,quote
306.060,275,place,CNR,SELL,100,175.5800,3350,ladder
306.508,276,place,CNR,BUY,1000,152.7000,3350,quote
306.508,276,place,RY,BUY,500,107.7200,0,quote
306.508,276,place,AC,SELL,200,21.0000,-5799,quote
306.602,276,place,AC,BUY,5000,20.9900,-5799,quote
306.814,276,place,CNR,BUY,600,152.7000,3350,quote
306.814,276,place,RY,BUY,100,107.7600,0,quote
307.064,276,place,CNR,BUY,3000,152.7000,3350,quote
307.064,276,place,RY,BUY,2500,107.7900,0,quote
307.136,276,place,RY,SELL,2000,123.8300,0,ladder
307.477,277,place,RY,BUY,100,107.8000,0,quote
307.477,277,place,CNR,BUY,100,140.4800,3350,ladder
307.568,277,place,RY,SELL,1500,116.3200,0,ladder
307.668,277,place,RY,SELL,1500,110.9400,0,ladder
307.849,277,fill,CNR,SELL,3000,152.7050,350,mode=mm
307.851,277,place,RY,BUY,2500,107.8200,0,quote
307.851,277,place,CNR,BUY,400,129.7900,350,ladder
308.114,277,place,RY,BUY,1500,107.8300,0,quote
308.359,278,place,AC,BUY,5000,21.0000,-5799,quote
308.427,278,place,RY,BUY,900,107.8400,0,quote
308.606,278,fill,AC,BUY,1000,21.0000,-4799,mode=mm
308.609,278,place,RY,BUY,300,107.8600,0,quote
308.856,278,fill,AC,BUY,1000,21.0050,-3799,mode=mm
308.858,278,place,RY,BUY,1500,107.8700,0,quote
309.118,278,place,RY,BUY,100,107.8800,0,quote
309.441,279,place,RY,BUY,2500,107.8900,0,quote
309.675,279,place,RY,BUY,2500,107.9100,0,quote
309.879,279,place,AC,BUY,5000,21.0100,-3799,quote
309.879,279,place,RY,BUY,2500,107.9200,0,quote
310.136,279,place,RY,BUY,900,107.9300,0,quote
310.136,279,place,AC,BUY,300,21.0200,-3799,quote
310.385,280,place,CNR,BUY,1600,152.7200,350,quote
310.385,280,place,CNR,SELL,1500,157.2900,350,ladder
310.385,280,place,CNR,SELL,500,164.9300,350,ladder
310.385,280,place,CNR,SELL,200,175.6200,350,ladder
310.699,280,place,CNR,BUY,100,152.7200,350,quote
310.782,280,place,AC,SELL,1500,21.6400,-3799,ladder
310.896,280,place,CNR,BUY,1600,152.7300,350,quote
310.896,280,place,RY,BUY,900,107.9700,0,quote
311.318,280,place,CNR,BUY,2800,152.7300,350,quote
311.318,280,place,RY,BUY,900,107.9800,0,quote
311.318,280,place,AC,BUY,3000,21.0200,-3799,quote
311.318,280,place,CNR,BUY,300,148.1400,350,ladder
311.318,280,place,CNR,BUY,100,140.5000,350,ladder
311.318,280,place,AC,BUY,400,17.8600,-3799,ladder
311.439,281,place,AC,BUY,5000,21.0300,-3799,quote
311.439,281,place,RY,BUY,2500,107.9900,0,quote
311.654,281,stop,AC,BUY,3799,21.0800,-3799,loss=5.9t stop=5.0t trend_against=False
311.654,281,place,AC,BUY,3799,21.0800,-3799,agg
311.875,281,fill,AC,BUY,3799,21.0350,0,mode=mm
313.019,282,place,AC,BUY,5000,21.0400,0,quote
313.019,282,place,RY,BUY,2500,108.0500,0,quote
313.019,282,place,RY,BUY,1500,99.3400,0,ladder
313.019,282,place,AC,BUY,1500,20.3900,0,ladder
313.019,282,place,AC,SELL,1500,21.6500,0,ladder
313.019,282,place,AC,BUY,1500,19.3400,0,ladder
313.019,282,place,AC,SELL,1500,22.7100,0,ladder
313.019,282,place,AC,BUY,2000,17.8700,0,ladder
313.019,282,place,AC,SELL,2000,24.1800,0,ladder
313.211,283,place,RY,BUY,900,108.0600,0,quote
313.431,283,place,RY,BUY,1500,108.0700,0,quote
313.936,283,place,CNR,SELL,500,157.3200,350,ladder
313.936,283,place,CNR,SELL,100,164.9600,350,ladder
313.936,283,place,CNR,SELL,100,175.6500,350,ladder
314.270,284,place,CNR,BUY,2800,152.7700,350,quote
314.270,284,place,RY,BUY,900,108.1200,0,quote
314.270,284,place,AC,BUY,100,21.0500,0,quote
314.397,284,place,RY,BUY,1500,104.7900,0,ladder
314.397,284,place,RY,BUY,700,91.8300,0,ladder
314.527,284,place,RY,BUY,300,108.1400,0,quote
314.678,284,place,AC,BUY,3000,21.0500,0,quote
314.745,284,place,RY,BUY,500,108.1500,0,quote
315.029,284,place,RY,BUY,1500,108.1600,0,quote
324.771,294,place,CNR,SELL,350,152.8400,350,agg
325.213,294,fill,CNR,SELL,350,152.8800,0,mode=mm
326.783,296,regime,RY,,,,,"TREND -> mixed (er=0.37, net +7t over 7s)"
327.580,297,regime,RY,,,,,"mixed -> chop (er=0.17, net +2t over 7s)"
328.613,298,regime,RY,,,,,"chop -> mixed (er=0.33, net -3t over 7s)"
329.403,299,regime,AC,,,,,"mixed -> chop (er=0.23, net +2t over 7s)"
342.466,0,end,,,,,,"pnl -12717.20 pos {'CNR': 0, 'RY': 0, 'AC': 0}"
