t,case_tick,event,ticker,side,qty,price,pos,note
0.560,22,place,CNR,BUY,5000,160.4800,0,quote
0.560,22,place,CNR,SELL,5000,160.4900,0,quote
0.560,22,place,RY,BUY,5000,100.0500,0,quote
0.560,22,place,RY,SELL,5000,100.0600,0,quote
0.560,22,place,AC,BUY,5000,25.0000,0,quote
0.560,22,place,AC,SELL,5000,25.0100,0,quote
0.779,22,fill,RY,BUY,5000,100.0550,5000,mode=mm
0.780,22,place,RY,BUY,2400,100.0200,5000,quote
0.780,22,place,RY,SELL,5000,100.0400,5000,quote
1.287,22,fill,RY,SELL,3040,100.0350,1960,mode=mm
1.302,22,place,RY,BUY,3700,100.0300,1960,quote
2.296,22,fill,RY,BUY,883,100.0350,2843,mode=mm
2.542,22,place,RY,BUY,1100,100.0200,2843,quote
2.542,22,place,RY,SELL,5000,100.0300,2843,quote
2.808,23,place,RY,BUY,600,100.0200,2843,quote
3.099,23,fill,CNR,SELL,3914,160.4850,-3914,mode=mm
3.133,23,place,RY,BUY,600,100.0100,2843,quote
3.133,23,place,RY,SELL,1800,100.0200,2843,quote
3.321,23,place,RY,BUY,300,100.0100,2843,quote
3.574,23,place,RY,BUY,3300,100.0100,2843,quote
5.867,23,fill,AC,BUY,5000,25.0050,5000,mode=mm
6.638,24,fill,AC,SELL,5000,25.0050,0,mode=mm
6.639,24,place,AC,BUY,3000,25.0000,0,quote
6.639,24,place,AC,SELL,3000,25.0100,0,quote
7.143,24,fill,AC,BUY,3000,25.0050,3000,mode=mm
7.145,24,place,AC,BUY,1900,25.0000,3000,quote
7.387,24,fill,AC,SELL,2300,25.0050,700,mode=mm
7.389,24,place,AC,SELL,600,25.0100,700,quote
7.645,24,fill,AC,BUY,1200,25.0050,1900,mode=mm
7.646,24,place,AC,BUY,1300,25.0000,1900,quote
7.646,24,place,AC,SELL,5000,25.0100,1900,quote
7.907,24,fill,RY,SELL,1800,100.0150,1043,mode=mm
7.919,24,place,RY,SELL,5000,100.0200,1043,quote
7.919,24,place,AC,BUY,400,25.0000,1900,quote
8.180,24,place,AC,BUY,2200,25.0000,1900,quote
8.426,24,fill,AC,SELL,5000,25.0050,-3100,mode=mm
8.696,24,fill,AC,BUY,1940,25.0050,-1160,mode=mm
8.697,24,place,AC,BUY,5000,25.0000,-1160,quote
8.697,24,place,AC,SELL,1500,25.0100,-1160,quote
8.951,24,fill,AC,BUY,860,25.0050,-300,mode=mm
8.953,24,place,AC,SELL,2800,25.0100,-300,quote
9.202,24,fill,AC,BUY,4400,25.0050,4100,mode=mm
9.971,24,fill,AC,SELL,300,25.0050,3800,mode=mm
9.973,24,place,AC,BUY,1000,25.0000,3800,quote
10.237,24,fill,AC,SELL,2500,25.0050,1300,mode=mm
10.238,24,place,AC,BUY,4100,25.0000,1300,quote
10.238,24,place,AC,SELL,5000,25.0100,1300,quote
10.735,25,fill,AC,BUY,4100,25.0050,5400,mode=mm
10.993,25,fill,AC,SELL,2963,25.0050,2437,mode=mm
10.996,25,place,AC,BUY,2100,25.0000,2437,quote
11.270,25,fill,AC,SELL,2037,25.0050,400,mode=mm
11.272,25,place,AC,SELL,5000,25.0100,400,quote
11.759,25,fill,AC,BUY,2100,25.0050,2500,mode=mm
11.763,25,place,AC,BUY,3400,25.0000,2500,quote
12.274,25,fill,CNR,BUY,1600,160.4850,-2314,mode=mm
12.277,25,fill,AC,BUY,3400,25.0050,5900,mode=mm
12.278,25,place,CNR,SELL,100,160.4900,-2314,quote
12.779,25,place,AC,BUY,2100,24.9800,5900,quote
12.779,25,place,AC,SELL,5000,25.0000,5900,quote
12.940,25,regime,AC,,,,,"chop -> mixed (er=1.00, net -1t over 14s)"
13.020,25,place,AC,SELL,5000,24.9900,5900,quote
13.367,25,fill,CNR,BUY,3400,160.4850,1086,mode=mm
13.369,25,fill,AC,SELL,2473,24.9900,3427,mode=mm
13.370,25,place,AC,BUY,3000,24.9700,3427,quote
13.370,25,place,AC,SELL,1000,24.9800,3427,quote
13.370,25,place,CNR,BUY,100,160.4800,1086,quote
13.370,25,place,CNR,SELL,1800,160.4900,1086,quote
13.525,25,fill,AC,BUY,1333,24.9800,4760,mode=mm
13.527,25,place,CNR,BUY,900,160.4800,1086,quote
13.527,25,place,AC,BUY,1500,24.9600,4760,quote
13.527,25,place,AC,SELL,300,24.9800,4760,quote
13.783,25,fill,AC,BUY,2740,24.9750,7500,mode=mm
14.303,25,place,CNR,BUY,4200,160.4800,1086,quote
14.303,25,place,AC,BUY,600,24.9400,7500,quote
14.303,25,place,AC,SELL,5000,24.9600,7500,quote
14.571,26,fill,AC,SELL,5000,24.9550,2500,mode=mm
14.573,26,place,AC,SELL,2900,24.9700,2500,quote
14.831,26,fill,CNR,BUY,1700,160.4850,2786,mode=mm
14.831,26,fill,AC,SELL,2900,24.9550,-400,mode=mm
14.832,26,place,AC,BUY,2500,24.9400,-400,quote
14.832,26,place,AC,SELL,2300,25.0000,-400,quote
15.095,26,regime,AC,,,,,"mixed -> chop (er=0.11, net -1t over 14s)"
15.096,26,place,AC,BUY,2500,24.9800,-400,quote
15.096,26,place,AC,SELL,1300,25.0200,-400,quote
15.362,26,fill,CNR,BUY,2087,160.4850,4873,mode=mm
15.364,26,fill,AC,SELL,531,24.9950,-931,mode=mm
15.588,26,fill,AC,SELL,769,25.0000,-1700,mode=mm
15.881,26,regime,AC,,,,,"chop -> mixed (er=0.33, net +5t over 14s)"
16.399,26,regime,AC,,,,,"mixed -> chop (er=0.14, net +2t over 14s)"
16.582,26,place,AC,BUY,2800,24.9900,-1700,quote
16.582,26,place,AC,SELL,1900,25.0700,-1700,quote
16.582,26,place,CNR,BUY,2400,160.4700,4873,quote
16.619,26,place,AC,SELL,100,25.0600,-1700,quote
16.870,26,fill,AC,BUY,2000,25.0250,300,mode=mm
16.872,26,place,AC,BUY,2300,25.0100,300,quote
16.872,26,place,AC,SELL,2500,25.0500,300,quote
17.140,26,fill,AC,BUY,2970,25.0300,3270,mode=mm
17.141,26,place,AC,BUY,1500,24.9600,3270,quote
17.141,26,place,AC,SELL,3000,25.0400,3270,quote
17.371,26,fill,AC,BUY,1500,25.0000,4770,mode=mm
17.373,26,place,AC,BUY,200,24.9200,4770,quote
17.373,26,place,AC,SELL,3300,25.0300,4770,quote
17.632,26,stop,AC,SELL,4770,24.9000,4770,loss=5.0t stop=5.0t trend_against=False
17.632,26,place,AC,SELL,4770,24.9000,4770,agg
17.704,26,regime,RY,,,,,"mixed -> chop (er=0.00, net +0t over 14s)"
17.896,26,fill,AC,SELL,4770,24.9750,0,mode=mm
18.363,26,place,AC,SELL,500,24.9900,0,quote
18.628,27,place,AC,SELL,2500,24.9800,0,quote
18.664,27,place,AC,SELL,500,24.9700,0,quote
18.918,27,place,AC,SELL,2500,24.9700,0,quote
19.676,27,place,AC,SELL,900,24.9600,0,quote
20.443,27,place,AC,SELL,2500,24.9500,0,quote
20.888,27,place,AC,BUY,2500,24.9200,0,quote
21.230,27,fill,AC,SELL,2500,24.9350,-2500,mode=mm
21.232,27,place,AC,SELL,1700,24.9600,-2500,quote
21.491,27,place,AC,BUY,2900,24.9300,-2500,quote
22.284,27,fill,AC,SELL,1241,24.9450,-3741,mode=mm
22.290,27,place,AC,SELL,1400,24.9700,-3741,quote
22.507,27,place,AC,BUY,3100,24.9400,-3741,quote
24.783,28,fill,RY,SELL,5000,100.0150,-3957,mode=mm
24.784,28,place,RY,BUY,5000,100.0200,-3957,quote
24.784,28,place,RY,SELL,1600,100.0300,-3957,quote
24.979,28,regime,RY,,,,,"chop -> mixed (er=1.00, net +1t over 14s)"
25.041,28,fill,RY,SELL,1400,100.0200,-5357,mode=mm
25.794,28,place,RY,BUY,5000,100.0300,-5357,quote
25.794,28,place,RY,SELL,2300,100.0500,-5357,quote
25.830,28,place,RY,BUY,1800,100.0400,-5357,quote
25.830,28,place,RY,SELL,1300,100.0600,-5357,quote
26.082,28,place,RY,BUY,3000,100.0500,-5357,quote
26.082,28,place,RY,SELL,200,100.0700,-5357,quote
26.374,29,fill,RY,SELL,200,100.0550,-5557,mode=mm
26.376,29,stop,RY,BUY,5000,100.1000,-5557,loss=6.5t stop=5.0t trend_against=False
26.377,29,place,RY,BUY,5000,100.1000,-5557,agg
26.627,29,fill,RY,BUY,5000,100.0550,-557,mode=mm
27.086,29,place,RY,BUY,1000,100.0800,-557,quote
27.401,29,stop,RY,BUY,557,100.1300,-557,loss=7.5t stop=5.0t trend_against=False
27.401,29,place,RY,BUY,557,100.1300,-557,agg
27.639,29,fill,RY,BUY,557,100.0850,0,mode=mm
27.641,29,place,RY,BUY,3000,100.0800,0,quote
28.143,29,place,RY,BUY,1000,100.1100,0,quote
28.393,29,fill,RY,BUY,1000,100.1150,1000,mode=mm
28.395,29,place,RY,BUY,100,100.1000,1000,quote
28.395,29,place,RY,SELL,1000,100.1100,1000,quote
28.656,29,fill,RY,BUY,100,100.1100,1100,mode=mm
29.405,29,place,RY,SELL,1100,100.1300,1100,quote
29.437,29,fill,RY,SELL,1000,100.1200,100,mode=mm
29.483,29,place,RY,BUY,2400,100.0900,100,quote
29.675,29,fill,RY,BUY,2400,100.1200,2500,mode=mm
29.676,29,place,RY,BUY,1700,100.0700,2500,quote
29.736,29,regime,AC,,,,,"chop -> mixed (er=0.30, net -6t over 14s)"
29.995,29,place,RY,SELL,2500,100.1100,2500,quote
30.275,29,place,RY,BUY,1700,100.0800,2500,quote
30.433,30,fill,RY,SELL,2500,100.0950,0,mode=mm
30.434,30,place,RY,BUY,2500,100.1000,0,quote
30.607,30,place,RY,SELL,2500,100.1300,0,quote
30.953,30,fill,RY,SELL,2500,100.1150,-2500,mode=mm
30.954,30,place,RY,BUY,2900,100.1200,-2500,quote
30.954,30,place,RY,SELL,1700,100.1500,-2500,quote
31.232,30,fill,RY,BUY,361,100.1350,-2139,mode=mm
31.233,30,place,RY,BUY,1600,100.1100,-2139,quote
31.480,30,place,RY,BUY,1600,100.1200,-2139,quote
31.853,30,regime,AC,,,,,"mixed -> chop (er=0.23, net -2t over 14s)"
33.278,30,fill,RY,BUY,1600,100.1350,-539,mode=mm
33.278,30,place,RY,BUY,2500,100.1000,-539,quote
33.516,30,place,RY,BUY,2500,100.1100,-539,quote
33.516,30,place,RY,SELL,2300,100.1400,-539,quote
33.678,30,regime,AC,,,,,"chop -> mixed (er=0.60, net +2t over 14s)"
35.821,31,place,RY,BUY,2500,100.1000,-539,quote
36.092,31,place,RY,SELL,2300,100.1500,-539,quote
36.350,31,place,RY,SELL,2300,100.1400,-539,quote
36.595,31,regime,AC,,,,,"mixed -> chop (er=0.00, net +0t over 14s)"
37.371,31,place,RY,SELL,2300,100.1500,-539,quote
37.630,31,fill,RY,BUY,826,100.1250,287,mode=mm
37.632,31,place,RY,BUY,2300,100.1100,287,quote
37.632,31,place,RY,SELL,2500,100.1400,287,quote
38.153,31,fill,RY,BUY,2300,100.1250,2587,mode=mm
38.156,31,place,RY,BUY,1700,100.0900,2587,quote
38.290,31,fill,RY,BUY,1700,100.1150,4287,mode=mm
38.293,31,place,RY,SELL,3200,100.1300,4287,quote
38.387,31,place,RY,SELL,3200,100.1200,4287,quote
38.666,31,fill,RY,SELL,1500,100.0950,2787,mode=mm
38.669,31,place,RY,BUY,900,100.0800,2787,quote
38.907,32,fill,RY,BUY,900,100.1000,3687,mode=mm
38.911,32,place,RY,BUY,1400,100.0600,3687,quote
39.175,32,place,RY,BUY,1400,100.0700,3687,quote
39.175,32,place,RY,SELL,3100,100.1000,3687,quote
39.262,32,regime,RY,,,,,"mixed -> chop (er=0.21, net +6t over 14s)"
41.454,32,fill,RY,BUY,1400,100.0850,5087,mode=mm
41.455,32,place,RY,BUY,1200,100.0300,5087,quote
41.733,32,place,RY,BUY,1200,100.0400,5087,quote
41.733,32,place,RY,SELL,3400,100.0800,5087,quote
42.223,32,fill,RY,SELL,3400,100.0650,1687,mode=mm
42.229,32,place,RY,BUY,1900,100.0500,1687,quote
42.229,32,place,RY,SELL,2800,100.1000,1687,quote
42.307,32,place,RY,SELL,2800,100.0900,1687,quote
42.474,33,fill,RY,BUY,1900,100.0700,3587,mode=mm
42.476,33,place,RY,BUY,1400,100.0300,3587,quote
42.476,33,place,RY,SELL,1800,100.0800,3587,quote
42.747,33,place,RY,SELL,300,100.0600,3587,quote
42.946,33,regime,RY,,,,,"chop -> mixed (er=0.26, net -6t over 14s)"
43.009,33,place,RY,SELL,3100,100.0600,3587,quote
43.277,33,fill,RY,BUY,1400,100.0450,4987,mode=mm
43.280,33,place,RY,BUY,1200,99.9800,4987,quote
43.465,33,place,RY,BUY,1200,99.9900,4987,quote
43.528,33,place,RY,SELL,3300,100.0400,4987,quote
43.706,33,place,RY,BUY,1200,99.9900,4987,quote
43.773,33,place,RY,SELL,3300,100.0300,4987,quote
45.816,33,fill,RY,SELL,3300,100.0150,1687,mode=mm
45.817,33,place,RY,BUY,1900,100.0100,1687,quote
45.817,33,place,RY,SELL,2800,100.0500,1687,quote
46.075,33,fill,RY,SELL,2800,100.0300,-1113,mode=mm
46.077,33,place,RY,BUY,2600,100.0200,-1113,quote
46.613,34,fill,RY,BUY,2600,100.0350,1487,mode=mm
46.614,34,place,RY,BUY,2000,100.0300,1487,quote
46.614,34,place,RY,SELL,2700,100.0600,1487,quote
46.851,34,fill,RY,SELL,2700,100.0450,-1213,mode=mm
46.853,34,place,RY,BUY,2700,100.0200,-1213,quote
46.853,34,place,RY,SELL,2100,100.0800,-1213,quote
47.134,34,fill,RY,SELL,2100,100.0500,-3313,mode=mm
48.158,34,place,RY,BUY,600,100.0500,-3313,quote
48.410,34,place,RY,BUY,3000,99.9900,-3313,quote
48.410,34,place,RY,SELL,1500,100.0800,-3313,quote
48.629,34,fill,RY,SELL,1500,100.0350,-4813,mode=mm
48.645,34,place,RY,BUY,1100,100.0400,-4813,quote
48.896,34,place,RY,BUY,100,100.0400,-4813,quote
49.012,34,regime,RY,,,,,"mixed -> chop (er=0.16, net -5t over 14s)"
49.170,34,place,RY,BUY,3300,100.0800,-4813,quote
49.170,34,place,RY,SELL,1200,100.1300,-4813,quote
49.540,34,place,RY,SELL,1200,100.1200,-4813,quote
50.676,35,fill,RY,SELL,1200,100.0950,-6013,mode=mm
50.678,35,regime,RY,,,,,"3 stop-outs in 83s -> toxic flow: half size, no stepping inside for 30s"
50.678,35,stop,RY,BUY,5000,100.1400,-6013,loss=5.6t stop=5.0t trend_against=False
50.679,35,place,RY,BUY,5000,100.1400,-6013,agg
50.942,35,fill,RY,BUY,5000,100.0950,-1013,mode=mm
51.721,35,stop,RY,BUY,1013,100.1400,-1013,loss=5.6t stop=5.0t trend_against=False
51.722,35,place,RY,BUY,1013,100.1400,-1013,agg
51.963,35,fill,RY,BUY,1013,100.0950,0,mode=mm
51.964,35,place,RY,BUY,2500,100.0800,0,quote
52.238,35,place,RY,BUY,1500,100.0900,0,quote
52.503,35,place,RY,BUY,500,100.1000,0,quote
52.731,35,place,RY,BUY,300,100.1100,0,quote
53.291,35,place,RY,BUY,2500,100.1100,0,quote
53.750,35,fill,CNR,SELL,567,160.4850,4306,mode=mm
53.765,35,place,CNR,SELL,5000,160.4900,4306,quote
54.772,36,place,AC,BUY,5000,24.9500,-3741,quote
54.772,36,place,AC,SELL,2900,24.9600,-3741,quote
54.944,36,place,RY,SELL,2500,100.1400,0,quote
55.829,36,regime,RY,,,,,"chop -> mixed (er=0.26, net +6t over 14s)"
56.339,36,regime,RY,,,,,"mixed -> chop (er=0.24, net +6t over 14s)"
56.600,36,regime,RY,,,,,"chop -> mixed (er=0.33, net +7t over 14s)"
57.467,36,place,RY,SELL,2500,100.1500,0,quote
57.706,36,place,RY,BUY,2500,100.1200,0,quote
58.002,36,fill,CNR,SELL,9,160.4850,4297,mode=mm
58.402,36,fill,CNR,SELL,3700,160.4850,597,mode=mm
58.402,36,place,CNR,BUY,4500,160.4800,597,quote
58.402,36,place,CNR,SELL,5000,160.4900,597,quote
59.007,37,fill,CNR,BUY,3324,160.4850,3921,mode=mm
59.234,37,fill,CNR,BUY,1176,160.4850,5097,mode=mm
59.237,37,place,CNR,BUY,1400,160.4700,5097,quote
59.504,37,place,CNR,BUY,400,160.4600,5097,quote
59.504,37,place,CNR,SELL,5000,160.4800,5097,quote
59.545,37,regime,CNR,,,,,"chop -> mixed (er=1.00, net -0t over 14s)"
59.764,37,place,CNR,BUY,2400,160.4600,5097,quote
60.028,37,place,CNR,BUY,200,160.4500,5097,quote
60.028,37,place,CNR,SELL,5000,160.4700,5097,quote
60.319,37,fill,CNR,BUY,2400,160.4700,7497,mode=mm
60.322,37,place,CNR,BUY,1700,160.4500,7497,quote
60.589,37,fill,CNR,BUY,1900,160.4650,9397,mode=mm
60.834,37,place,CNR,SELL,5000,160.4400,9397,quote
60.973,37,place,CNR,BUY,400,160.4100,9397,quote
61.084,37,fill,CNR,BUY,400,160.4350,9797,mode=mm
61.084,37,stop,CNR,SELL,5000,160.3400,9797,loss=7.5t stop=5.0t trend_against=False
61.085,37,place,CNR,SELL,5000,160.3400,9797,agg
61.347,37,fill,CNR,SELL,5000,160.4000,4797,mode=mm
61.823,37,regime,CNR,,,,,"mixed -> TREND (er=1.00, net -38t over 14s)"
62.119,37,stop,CNR,SELL,4797,159.5200,4797,loss=14.5t stop=9.9t trend_against=False
62.119,37,place,CNR,SELL,4797,159.5200,4797,agg
62.413,37,fill,CNR,SELL,4797,159.8500,0,mode=mm
62.626,38,place,RY,BUY,2500,100.1100,0,quote
63.836,38,place,CNR,SELL,2500,159.6900,0,quote
63.836,38,place,CNR,BUY,1500,155.6200,0,ladder
63.836,38,place,CNR,SELL,1500,165.2500,0,ladder
63.836,38,place,CNR,BUY,1500,147.6000,0,ladder
63.836,38,place,CNR,SELL,1500,173.2700,0,ladder
63.836,38,place,CNR,BUY,2000,136.3700,0,ladder
63.836,38,place,CNR,SELL,2000,184.5000,0,ladder
64.088,38,place,CNR,SELL,1500,159.6800,0,quote
64.314,38,place,CNR,SELL,300,159.6700,0,quote
64.674,38,place,CNR,SELL,2500,159.6600,0,quote
64.868,38,place,CNR,SELL,1500,159.6300,0,quote
65.093,38,place,CNR,SELL,500,159.6000,0,quote
65.369,38,place,CNR,SELL,2500,159.5600,0,quote
65.369,38,place,RY,BUY,300,100.1200,0,quote
65.579,38,place,RY,BUY,1500,100.1200,0,quote
66.037,38,place,CNR,SELL,300,159.5400,0,quote
66.085,38,place,CNR,SELL,2500,159.5200,0,quote
66.425,38,place,CNR,SELL,1500,159.5100,0,quote
68.491,39,fill,CNR,SELL,1500,159.4900,-1500,mode=mm
68.492,39,place,CNR,SELL,2000,159.5100,-1500,quote
68.837,39,place,CNR,SELL,1500,164.5900,-1500,ladder
68.956,39,place,CNR,BUY,1500,155.0000,-1500,ladder
68.956,39,place,CNR,BUY,1500,147.0100,-1500,ladder
68.956,39,place,CNR,BUY,2000,135.8200,-1500,ladder
68.956,39,place,CNR,SELL,2000,183.7600,-1500,ladder
68.987,39,place,CNR,SELL,500,172.5700,-1500,ladder
69.174,39,place,CNR,SELL,100,159.4800,-1500,quote
69.432,39,place,CNR,SELL,1200,159.4700,-1500,quote
69.648,39,place,CNR,SELL,200,159.4400,-1500,quote
69.960,39,place,CNR,SELL,100,159.4100,-1500,quote
70.228,39,place,CNR,SELL,2000,159.4100,-1500,quote
70.367,39,place,CNR,SELL,2000,159.4000,-1500,quote
71.783,40,place,CNR,SELL,2000,159.4100,-1500,quote
71.814,40,fill,CNR,SELL,737,159.3900,-2237,mode=mm
71.910,40,regime,RY,,,,,"mixed -> chop (er=0.00, net +0t over 14s)"
72.076,40,place,CNR,SELL,1800,159.4200,-2237,quote
72.099,40,fill,CNR,SELL,1263,159.4000,-3500,mode=mm
72.099,40,place,CNR,BUY,3100,159.3800,-3500,quote
72.288,40,place,CNR,SELL,500,159.4300,-3500,quote
72.317,40,fill,CNR,SELL,2000,159.4050,-5500,mode=mm
72.790,40,fill,CNR,SELL,500,159.4150,-6000,mode=mm
73.330,40,place,CNR,BUY,2100,159.4800,-6000,quote
73.330,40,place,CNR,SELL,600,159.6300,-6000,quote
73.609,40,fill,CNR,BUY,1500,159.5950,-4500,mode=mm
73.611,40,regime,CNR,,,,,"3 stop-outs in 85s -> toxic flow: half size, no stepping inside for 30s"
73.611,40,stop,CNR,BUY,4500,159.7900,-4500,loss=29.9t stop=11.1t trend_against=False
73.615,40,place,CNR,BUY,4500,159.7900,-4500,agg
73.806,40,fill,CNR,BUY,1182,159.5950,-3318,mode=mm
73.808,40,regime,CNR,,,,,"MM lost $7,380 (limit $6,635) in <64s (TREND) -> pause quoting 20s, reduce only"
74.083,40,fill,CNR,BUY,1903,159.8000,-1415,mode=mm
74.475,40,regime,CNR,,,,,"TREND -> chop (er=0.07, net -14t over 14s)"
74.643,40,stop,CNR,BUY,1415,160.4900,-1415,loss=91.9t stop=31.1t trend_against=False
74.644,40,place,CNR,BUY,1415,160.4900,-1415,agg
74.847,40,fill,CNR,BUY,1415,160.3300,0,mode=mm
76.144,41,regime,CNR,,,,,"chop -> TREND (er=0.57, net +77t over 14s)"
76.662,41,regime,RY,,,,,"chop -> mixed (er=1.00, net +0t over 14s)"
79.293,42,regime,RY,,,,,"mixed -> chop (er=0.00, net +0t over 14s)"
80.695,42,place,RY,BUY,5000,100.1300,0,quote
80.695,42,place,RY,SELL,5000,100.1400,0,quote
87.121,44,regime,CNR,,,,,"TREND -> mixed (er=0.30, net +33t over 14s)"
87.275,44,fill,RY,SELL,5000,100.1350,-5000,mode=mm
87.276,44,place,RY,BUY,5000,100.1400,-5000,quote
87.276,44,place,RY,SELL,2400,100.1700,-5000,quote
87.452,44,regime,RY,,,,,"chop -> mixed (er=1.00, net +1t over 14s)"
87.520,44,place,RY,SELL,2400,100.1600,-5000,quote
87.798,44,place,RY,BUY,5000,100.1500,-5000,quote
87.798,44,place,RY,SELL,1400,100.1700,-5000,quote
88.841,44,fill,RY,BUY,5000,100.1550,0,mode=mm
88.842,44,place,RY,BUY,5000,100.1500,0,quote
88.842,44,place,RY,SELL,5000,100.1600,0,quote
89.145,44,fill,RY,BUY,5000,100.1500,5000,mode=mm
89.147,44,place,RY,BUY,1400,100.1300,5000,quote
89.147,44,place,RY,SELL,5000,100.1500,5000,quote
89.341,44,regime,CNR,,,,,"mixed -> TREND (er=0.80, net -59t over 14s)"
89.616,44,fill,RY,SELL,5000,100.1450,0,mode=mm
89.617,44,place,RY,BUY,5000,100.1400,0,quote
89.617,44,place,RY,SELL,5000,100.1500,0,quote
89.835,44,place,RY,SELL,100,100.1800,0,quote
90.105,44,fill,RY,SELL,200,100.1650,-200,mode=mm
90.105,44,place,RY,BUY,5000,100.1300,-200,quote
90.105,44,place,RY,SELL,900,100.1500,-200,quote
90.184,44,regime,RY,,,,,"mixed -> chop (er=0.00, net +0t over 14s)"
90.356,44,fill,RY,SELL,900,100.1350,-1100,mode=mm
90.359,44,place,RY,SELL,4200,100.1400,-1100,quote
90.895,45,fill,RY,BUY,4000,100.1350,2900,mode=mm
91.134,45,fill,RY,SELL,3200,100.1350,-300,mode=mm
91.137,45,place,RY,BUY,5000,100.1300,-300,quote
91.137,45,place,RY,SELL,4700,100.1400,-300,quote
91.652,45,fill,RY,SELL,4700,100.1350,-5000,mode=mm
91.654,45,stop,RY,BUY,5000,100.2400,-5000,loss=6.0t stop=5.0t trend_against=False
91.655,45,place,RY,BUY,5000,100.2400,-5000,agg
91.730,45,regime,RY,,,,,"chop -> mixed (er=0.27, net +3t over 14s)"
91.870,45,fill,RY,BUY,5000,100.1650,0,mode=mm
91.872,45,place,RY,BUY,1000,100.1600,0,quote
92.122,45,place,RY,BUY,5000,100.1700,0,quote
92.389,45,fill,RY,BUY,5000,100.1700,5000,mode=mm
92.580,45,place,RY,SELL,3000,100.1700,5000,quote
92.910,45,fill,RY,SELL,2000,100.1650,3000,mode=mm
92.912,45,place,RY,BUY,1900,100.1600,3000,quote
92.912,45,place,RY,SELL,3000,100.1700,3000,quote
93.169,45,fill,RY,BUY,1900,100.1650,4900,mode=mm
93.646,45,fill,AC,SELL,350,24.9550,-4091,mode=mm
94.130,45,place,RY,SELL,1700,100.0800,4900,quote
94.130,45,place,RY,SELL,100,103.1400,4900,ladder
94.130,45,place,RY,SELL,100,108.1500,4900,ladder
94.209,45,place,RY,BUY,2400,100.0300,4900,quote
94.209,45,place,RY,SELL,4900,100.0700,4900,quote
94.209,45,place,CNR,SELL,1200,159.8500,0,quote
94.209,45,place,CNR,BUY,1500,155.2000,0,ladder
94.209,45,place,CNR,SELL,500,164.8000,0,ladder
94.209,45,place,CNR,BUY,500,147.2000,0,ladder
94.209,45,place,CNR,SELL,300,172.8000,0,ladder
94.209,45,place,RY,SELL,2000,115.1600,4900,ladder
94.407,45,fill,RY,SELL,6600,100.0650,-1700,mode=mm
94.409,45,place,CNR,SELL,700,159.8600,0,quote
94.409,45,place,RY,BUY,5000,100.0700,-1700,quote
94.409,45,place,CNR,BUY,700,135.9900,0,ladder
94.409,45,place,RY,BUY,900,97.1300,-1700,ladder
94.481,45,regime,RY,,,,,"mixed -> chop (er=0.24, net -6t over 14s)"
94.664,45,fill,RY,BUY,5000,100.0750,3300,mode=mm
94.735,45,regime,RY,,,,,"chop -> mixed (er=0.25, net -6t over 14s)"
95.016,46,fill,CNR,SELL,700,159.8450,-700,mode=mm
95.522,46,place,CNR,SELL,1100,159.8700,-700,quote
95.522,46,place,RY,BUY,100,100.0300,3300,quote
95.522,46,place,RY,SELL,5000,100.1100,3300,quote
95.547,46,regime,RY,,,,,"mixed -> chop (er=0.21, net -6t over 14s)"
95.733,46,place,RY,BUY,3100,100.0500,3300,quote
95.733,46,place,RY,SELL,1800,100.0900,3300,quote
95.733,46,place,CNR,SELL,400,183.9400,-700,ladder
95.733,46,place,RY,BUY,100,92.1100,3300,ladder
95.909,46,place,RY,BUY,700,85.1000,3300,ladder
95.941,46,place,RY,SELL,600,100.0800,3300,quote
96.256,46,fill,RY,BUY,3100,100.0700,6400,mode=mm
96.957,46,place,RY,SELL,1800,100.0700,6400,quote
97.043,46,place,CNR,SELL,1100,159.8500,-700,quote
97.043,46,place,RY,BUY,700,100.0500,6400,quote
97.531,46,fill,RY,SELL,1800,100.0650,4600,mode=mm
97.534,46,place,RY,BUY,2500,100.0700,4600,quote
97.534,46,place,RY,SELL,5000,100.1900,4600,quote
97.625,46,place,RY,SELL,5000,100.1800,4600,quote
97.768,46,place,RY,BUY,2500,100.0900,4600,quote
97.768,46,place,RY,SELL,3000,100.1600,4600,quote
98.089,46,fill,CNR,SELL,1100,159.8300,-1800,mode=mm
98.517,47,place,RY,BUY,100,100.0900,4600,quote
98.517,47,place,RY,SELL,1000,100.1200,4600,quote
98.758,47,place,CNR,SELL,500,159.8500,-1800,quote
98.758,47,place,RY,BUY,100,100.1000,4600,quote
98.846,47,fill,RY,SELL,1000,100.1150,3600,mode=mm
99.012,47,place,RY,BUY,2900,100.1000,3600,quote
99.012,47,place,CNR,SELL,900,159.8000,-1800,quote
99.108,47,place,RY,BUY,600,100.1100,3600,quote
99.333,47,place,RY,BUY,1700,100.1100,3600,quote
99.895,47,place,CNR,SELL,900,159.7200,-1800,quote
100.032,47,place,RY,SELL,5000,100.1200,3600,quote
100.128,47,place,CNR,SELL,900,159.7100,-1800,quote
100.368,47,fill,RY,SELL,5000,100.1150,-1400,mode=mm
100.369,47,place,RY,BUY,5000,100.1200,-1400,quote
100.369,47,place,RY,SELL,800,100.1400,-1400,quote
100.623,47,place,CNR,SELL,100,159.6600,-1800,quote
100.852,47,place,RY,BUY,3000,100.1300,-1400,quote
101.031,47,place,RY,SELL,800,100.1400,-1400,quote
101.031,47,place,CNR,SELL,100,159.6500,-1800,quote
101.136,47,fill,RY,SELL,800,100.1300,-2200,mode=mm
101.136,47,regime,RY,,,,,"3 stop-outs in 85s -> toxic flow: half size, no stepping inside for 30s"
101.136,47,stop,RY,BUY,2200,100.2400,-2200,loss=7.3t stop=5.0t trend_against=False
101.139,47,place,RY,BUY,2200,100.2400,-2200,agg
101.363,47,fill,RY,BUY,2200,100.1650,0,mode=mm
101.621,47,place,CNR,SELL,100,159.6500,-1800,quote
101.621,47,place,RY,BUY,100,100.1300,0,quote
101.621,47,place,RY,SELL,1500,103.1200,0,ladder
101.621,47,place,RY,SELL,1500,108.1300,0,ladder
101.621,47,place,RY,SELL,2000,115.1400,0,ladder
101.872,47,place,CNR,SELL,900,159.6500,-1800,quote
102.152,47,place,RY,BUY,2500,100.1300,0,quote
102.152,47,place,RY,BUY,1500,97.1200,0,ladder
102.152,47,place,RY,BUY,900,92.1100,0,ladder
102.152,47,place,RY,BUY,200,85.1000,0,ladder
102.365,47,place,RY,BUY,2500,100.1400,0,quote
102.657,48,place,CNR,SELL,900,159.6600,-1800,quote
103.143,48,place,RY,BUY,1500,100.1300,0,quote
103.686,48,fill,CNR,SELL,694,159.6450,-2494,mode=mm
103.687,48,place,CNR,SELL,800,159.6700,-2494,quote
103.788,48,regime,CNR,,,,,"TREND -> mixed (er=0.33, net -15t over 14s)"
103.928,48,fill,CNR,SELL,206,159.6500,-2700,mode=mm
103.932,48,place,RY,BUY,2500,100.1400,0,quote
104.330,48,place,RY,SELL,2500,100.1700,0,quote
104.453,48,place,CNR,SELL,800,159.6300,-2700,quote
104.453,48,place,RY,SELL,1500,100.2100,0,quote
104.711,48,place,CNR,SELL,800,159.6200,-2700,quote
104.711,48,place,RY,BUY,1500,100.1500,0,quote
104.971,48,place,RY,SELL,900,100.1800,0,quote
105.221,48,fill,RY,BUY,1500,100.1650,1500,mode=mm
105.222,48,place,RY,BUY,1200,100.1200,1500,quote
105.222,48,place,RY,SELL,900,100.1800,1500,quote
105.222,48,place,CNR,SELL,400,159.6100,-2700,quote
105.370,48,regime,CNR,,,,,"mixed -> TREND (er=0.65, net -25t over 14s)"
105.439,48,fill,RY,BUY,1200,100.1500,2700,mode=mm
105.977,48,place,CNR,SELL,800,159.6000,-2700,quote
105.977,48,place,RY,SELL,2900,100.1500,2700,quote
106.195,48,fill,RY,SELL,2900,100.1350,-200,mode=mm
106.439,48,place,CNR,SELL,400,159.6100,-2700,quote
106.739,49,fill,CNR,SELL,44,159.5900,-2744,mode=mm
106.754,49,place,RY,BUY,2500,100.1200,-200,quote
107.061,49,fill,CNR,SELL,356,159.5900,-3100,mode=mm
107.062,49,place,CNR,BUY,1500,159.5700,-3100,quote
107.062,49,place,CNR,SELL,800,159.6100,-3100,quote
107.255,49,fill,RY,BUY,2000,100.1350,1800,mode=mm
107.256,49,place,RY,BUY,1100,100.1200,1800,quote
107.496,49,fill,CNR,SELL,800,159.5900,-3900,mode=mm
107.496,49,fill,RY,BUY,1600,100.1350,3400,mode=mm
107.778,49,place,RY,BUY,300,100.0900,3400,quote
107.778,49,place,RY,SELL,3100,100.1300,3400,quote
107.970,49,fill,RY,BUY,300,100.1100,3700,mode=mm
107.972,49,stop,RY,SELL,3700,100.0100,3700,loss=5.8t stop=5.0t trend_against=False
107.973,49,place,RY,SELL,3700,100.0100,3700,agg
108.290,49,fill,RY,SELL,3700,100.0850,0,mode=mm
108.291,49,fill,AC,SELL,1352,24.9550,-5443,mode=mm
108.773,49,regime,CNR,,,,,"TREND -> chop (er=0.10, net +7t over 14s)"
109.276,49,place,CNR,BUY,1500,159.9000,-3900,quote
109.276,49,place,CNR,SELL,700,159.9500,-3900,quote
109.276,49,place,RY,SELL,2500,100.0900,0,quote
109.276,49,place,AC,SELL,2200,24.9700,-5443,quote
109.276,49,place,RY,BUY,1500,97.1200,0,ladder
109.276,49,place,RY,SELL,500,103.1200,0,ladder
109.276,49,place,RY,BUY,1500,92.1100,0,ladder
109.276,49,place,RY,SELL,100,108.1300,0,ladder
109.276,49,place,RY,BUY,2000,85.1000,0,ladder
109.276,49,place,RY,SELL,100,115.1400,0,ladder
109.519,49,fill,RY,SELL,2500,100.0750,-2500,mode=mm
109.521,49,stop,CNR,BUY,3900,160.0200,-3900,loss=18.6t stop=13.0t trend_against=False
109.521,49,stop,RY,BUY,2500,100.1600,-2500,loss=12.0t stop=5.0t trend_against=False
109.523,49,place,CNR,BUY,3900,160.0200,-3900,agg
109.523,49,place,RY,BUY,2500,100.1600,-2500,agg
109.812,49,fill,CNR,BUY,3900,159.9300,0,mode=mm
109.813,49,fill,RY,BUY,2500,100.0950,0,mode=mm
110.347,49,place,CNR,SELL,1500,164.5300,0,ladder
110.347,49,place,CNR,SELL,1500,172.5200,0,ladder
110.347,49,place,CNR,SELL,2000,183.7000,0,ladder
110.347,49,place,RY,SELL,500,103.1200,0,ladder
110.347,49,place,RY,SELL,100,108.1300,0,ladder
110.593,49,place,RY,SELL,2000,115.1300,0,ladder
110.722,49,place,CNR,BUY,1200,159.9700,0,quote
110.722,49,place,CNR,BUY,1500,154.9700,0,ladder
110.722,49,place,CNR,BUY,1500,146.9800,0,ladder
110.722,49,place,CNR,BUY,2000,135.8000,0,ladder
110.722,49,place,RY,BUY,1500,97.1100,0,ladder
110.722,49,place,RY,BUY,1500,92.1100,0,ladder
112.119,50,place,RY,BUY,2500,100.1100,0,quote
112.119,50,place,RY,BUY,2000,85.1000,0,ladder
112.307,50,place,RY,BUY,1500,100.1000,0,quote
112.706,50,place,RY,SELL,2500,100.1300,0,quote
112.813,50,place,RY,BUY,300,100.0900,0,quote
113.011,50,regime,CNR,,,,,"chop -> mixed (er=0.30, net +21t over 14s)"
113.100,50,fill,RY,SELL,2500,100.1100,-2500,mode=mm
113.145,50,place,RY,BUY,1700,100.0900,-2500,quote
113.145,50,place,RY,SELL,1700,100.1300,-2500,quote
113.357,50,place,RY,BUY,600,100.1000,-2500,quote
113.676,50,fill,CNR,BUY,1200,159.9850,1200,mode=mm
113.677,50,fill,RY,SELL,1700,100.1150,-4200,mode=mm
114.040,50,regime,CNR,,,,,"mixed -> TREND (er=0.50, net +30t over 14s)"
114.412,50,stop,RY,BUY,4200,100.2700,-4200,loss=9.0t stop=5.0t trend_against=False
114.413,50,place,RY,BUY,4200,100.2700,-4200,agg
114.645,51,fill,RY,BUY,4200,100.2050,0,mode=mm
114.862,51,place,CNR,BUY,100,159.9600,1200,quote
114.862,51,place,RY,BUY,100,100.2000,0,quote
114.862,51,place,RY,SELL,1500,103.1400,0,ladder
114.862,51,place,RY,SELL,1500,108.1500,0,ladder
114.862,51,place,RY,SELL,2000,115.1500,0,ladder
115.640,51,place,CNR,BUY,1000,160.0000,1200,quote
115.640,51,place,RY,BUY,2500,100.2000,0,quote
115.640,51,place,RY,BUY,1500,97.1400,0,ladder
115.911,51,fill,RY,BUY,2500,100.2150,2500,mode=mm
116.965,51,place,RY,BUY,1700,100.1400,2500,quote
116.965,51,place,RY,SELL,2500,100.2200,2500,quote
116.965,51,place,RY,BUY,100,92.1500,2500,ladder
116.965,51,place,RY,BUY,100,85.1400,2500,ladder
117.246,51,fill,CNR,BUY,1000,160.0250,2200,mode=mm
118.214,51,place,RY,SELL,2900,100.1600,2500,quote
118.300,51,place,RY,BUY,1700,100.0900,2500,quote
118.300,51,place,CNR,BUY,500,159.9100,2200,quote
118.428,51,regime,CNR,,,,,"3 stop-outs in 85s -> toxic flow: half size, no stepping inside for 30s"
118.428,51,stop,CNR,SELL,2200,159.8600,2200,loss=7.4t stop=7.0t trend_against=False
118.428,51,stop,RY,SELL,2500,100.0800,2500,loss=8.0t stop=5.0t trend_against=False
118.432,51,place,CNR,SELL,2200,159.8600,2200,agg
118.432,51,place,RY,SELL,2500,100.0800,2500,agg
118.784,52,fill,CNR,SELL,2200,159.9300,0,mode=mm
118.784,52,fill,RY,SELL,2500,100.1250,0,mode=mm
119.676,52,place,CNR,SELL,1200,159.9300,0,quote
119.676,52,place,RY,SELL,2500,100.1400,0,quote
119.676,52,place,CNR,BUY,1500,155.1500,0,ladder
119.676,52,place,CNR,SELL,1500,164.7400,0,ladder
119.676,52,place,CNR,BUY,1500,147.1500,0,ladder
119.676,52,place,CNR,SELL,1500,172.7400,0,ladder
119.676,52,place,CNR,BUY,2000,135.9500,0,ladder
119.676,52,place,CNR,SELL,2000,183.9400,0,ladder
119.676,52,place,RY,BUY,1500,97.1500,0,ladder
119.676,52,place,RY,SELL,1500,103.1500,0,ladder
119.676,52,place,RY,BUY,1500,92.1400,0,ladder
119.676,52,place,RY,SELL,500,108.1600,0,ladder
119.676,52,place,RY,BUY,2000,85.1300,0,ladder
119.676,52,place,RY,SELL,200,115.1700,0,ladder
119.991,52,fill,RY,SELL,2500,100.1250,-2500,mode=mm
119.992,52,stop,RY,BUY,2500,100.2500,-2500,loss=6.0t stop=5.0t trend_against=False
119.994,52,place,RY,BUY,2500,100.2500,-2500,agg
120.296,52,fill,RY,BUY,2500,100.1600,0,mode=mm
120.975,52,regime,CNR,,,,,"TREND -> mixed (er=0.29, net +21t over 14s)"
121.085,52,place,CNR,SELL,1200,159.7800,0,quote
121.085,52,place,RY,BUY,500,97.1500,0,ladder
121.085,52,place,RY,SELL,1500,103.1600,0,ladder
121.085,52,place,RY,BUY,100,92.1400,0,ladder
121.085,52,place,RY,SELL,1500,108.1700,0,ladder
121.085,52,place,RY,BUY,100,85.1300,0,ladder
121.085,52,place,RY,SELL,400,115.1800,0,ladder
121.316,52,regime,CNR,,,,,"mixed -> chop (er=0.17, net +13t over 14s)"
121.317,52,place,CNR,SELL,1200,159.7700,0,quote
121.556,52,place,CNR,SELL,1200,159.6800,0,quote
121.633,52,place,RY,BUY,2500,100.1700,0,quote
121.830,52,place,RY,BUY,900,100.1800,0,quote
122.088,52,place,RY,BUY,300,100.1900,0,quote
122.130,52,regime,RY,,,,,"chop -> mixed (er=0.27, net +12t over 14s)"
122.316,52,fill,RY,BUY,300,100.2050,300,mode=mm
122.534,52,place,RY,BUY,700,100.2000,300,quote
122.534,52,place,RY,SELL,300,100.2300,300,quote
122.842,53,fill,RY,BUY,700,100.2150,1000,mode=mm
122.844,53,regime,CNR,,,,,"chop -> TREND (er=0.57, net -37t over 14s)"
122.844,53,place,RY,BUY,2100,100.1800,1000,quote
122.844,53,place,RY,SELL,1000,100.2300,1000,quote
122.844,53,place,CNR,SELL,1200,159.5600,0,quote
122.844,53,place,CNR,BUY,1500,155.0800,0,ladder
122.844,53,place,CNR,BUY,900,147.0900,0,ladder
123.094,53,place,RY,BUY,2100,100.1700,1000,quote
123.094,53,place,RY,SELL,1000,100.2100,1000,quote
123.094,53,place,CNR,SELL,1500,164.6500,0,ladder
123.094,53,place,CNR,SELL,1500,172.6500,0,ladder
123.094,53,place,CNR,BUY,2000,135.8800,0,ladder
123.094,53,place,CNR,SELL,2000,183.8400,0,ladder
123.142,53,regime,RY,,,,,"mixed -> chop (er=0.25, net +12t over 14s)"
123.407,53,fill,CNR,SELL,1200,159.5250,-1200,mode=mm
123.410,53,place,RY,BUY,1200,100.1600,1000,quote
123.410,53,place,RY,SELL,2600,100.2000,1000,quote
123.410,53,place,CNR,SELL,100,159.5500,-1200,quote
123.618,53,fill,CNR,SELL,100,159.5300,-1300,mode=mm
123.618,53,fill,RY,SELL,1000,100.1800,0,mode=mm
124.092,53,place,AC,BUY,5000,24.9600,-5443,quote
124.185,53,regime,AC,,,,,"chop -> mixed (er=1.00, net +1t over 14s)"
124.358,53,place,RY,BUY,2500,100.1700,0,quote
124.358,53,place,RY,SELL,1500,100.2000,0,quote
124.358,53,place,AC,SELL,700,24.9800,-5443,quote
124.575,53,fill,RY,BUY,2500,100.1850,2500,mode=mm
124.577,53,fill,AC,BUY,500,24.9650,-4943,mode=mm
124.578,53,place,RY,BUY,1000,100.1400,2500,quote
124.578,53,place,CNR,SELL,100,159.6300,-1300,quote
124.652,53,place,AC,SELL,200,24.9800,-4943,quote
124.891,53,fill,CNR,SELL,100,159.5700,-1400,mode=mm
124.891,53,fill,AC,BUY,4500,24.9650,-443,mode=mm
124.899,53,stop,CNR,BUY,1400,159.9100,-1400,loss=25.5t stop=10.0t trend_against=False
124.899,53,place,CNR,BUY,1400,159.9100,-1400,agg
124.970,53,regime,CNR,,,,,"TREND -> chop (er=0.21, net -18t over 14s)"
125.222,53,fill,CNR,BUY,1400,159.8050,0,mode=mm
125.313,53,place,RY,BUY,1700,100.1600,2500,quote
125.313,53,place,RY,SELL,2900,100.1900,2500,quote
125.313,53,place,AC,BUY,3000,24.9700,-443,quote
125.313,53,place,AC,SELL,4600,24.9800,-443,quote
125.313,53,place,CNR,BUY,100,154.9600,0,ladder
125.313,53,place,CNR,SELL,500,164.5500,0,ladder
125.313,53,place,CNR,BUY,100,146.9800,0,ladder
125.313,53,place,CNR,SELL,300,172.5400,0,ladder
125.413,53,place,RY,SELL,2900,100.2400,2500,quote
125.659,53,fill,RY,SELL,2900,100.2150,-400,mode=mm
125.660,53,fill,AC,SELL,4600,24.9750,-5043,mode=mm
125.887,53,place,AC,BUY,1800,24.9800,-5043,quote
126.232,53,place,CNR,BUY,1200,159.8000,0,quote
126.232,53,place,RY,BUY,2500,100.1800,-400,quote
126.232,53,place,RY,SELL,700,100.2100,-400,quote
126.232,53,place,AC,SELL,400,25.0000,-5043,quote
126.232,53,place,CNR,BUY,100,135.8000,0,ladder
126.232,53,place,CNR,SELL,2000,183.7300,0,ladder
126.417,53,place,AC,BUY,5000,24.9800,-5043,quote
126.501,53,fill,AC,BUY,900,24.9850,-4143,mode=mm
126.502,53,place,CNR,BUY,700,160.0700,0,quote
126.502,53,place,RY,SELL,200,100.2100,-400,quote
127.168,54,place,CNR,BUY,1200,160.1100,0,quote
127.168,54,place,RY,SELL,1300,100.2100,-400,quote
127.168,54,place,AC,SELL,300,24.9900,-4143,quote
127.387,54,fill,AC,SELL,300,24.9850,-4443,mode=mm
127.510,54,place,CNR,BUY,1200,160.1200,0,quote
127.636,54,place,AC,BUY,5000,24.9900,-4443,quote
127.636,54,place,AC,SELL,1500,25.0100,-4443,quote
127.898,54,fill,RY,BUY,2500,100.1950,2100,mode=mm
127.899,54,stop,RY,SELL,2100,100.1000,2100,loss=6.0t stop=5.0t trend_against=False
127.901,54,place,RY,SELL,2100,100.1000,2100,agg
127.901,54,place,CNR,BUY,1200,160.1300,0,quote
127.901,54,place,AC,BUY,5000,25.0000,-4443,quote
127.901,54,place,AC,SELL,2600,25.0200,-4443,quote
128.138,54,fill,RY,SELL,2100,100.1700,0,mode=mm
128.139,54,fill,AC,BUY,4000,25.0000,-443,mode=mm
128.874,54,place,CNR,BUY,1200,160.1200,0,quote
128.874,54,place,RY,SELL,2500,100.1400,0,quote
128.874,54,place,AC,SELL,4600,25.0200,-443,quote
128.874,54,place,RY,BUY,1500,97.1700,0,ladder
128.874,54,place,RY,SELL,300,103.1800,0,ladder
128.874,54,place,RY,BUY,1500,92.1600,0,ladder
128.874,54,place,RY,SELL,100,108.1900,0,ladder
128.874,54,place,RY,BUY,2000,85.1500,0,ladder
129.179,54,fill,AC,SELL,1540,25.0100,-1983,mode=mm
129.182,54,place,AC,BUY,5000,25.0100,-1983,quote
129.182,54,place,RY,SELL,2000,115.2000,0,ladder
129.411,54,fill,AC,SELL,3060,25.0150,-5043,mode=mm
129.414,54,place,AC,SELL,2400,25.0300,-5043,quote
129.695,54,fill,AC,BUY,2800,25.0150,-2243,mode=mm
129.697,54,place,AC,BUY,5000,25.0200,-2243,quote
129.909,54,fill,AC,BUY,3220,25.0200,977,mode=mm
130.263,54,fill,AC,SELL,620,25.0300,357,mode=mm
130.589,54,place,CNR,BUY,1200,160.1300,0,quote
130.589,54,place,AC,BUY,2300,25.0200,357,quote
130.589,54,place,AC,SELL,2500,25.0500,357,quote
130.831,54,fill,CNR,BUY,1200,160.1550,1200,mode=mm
130.832,54,place,CNR,BUY,1000,160.1400,1200,quote
130.832,54,place,AC,SELL,2500,25.0600,357,quote
131.015,55,fill,CNR,BUY,1000,160.1600,2200,mode=mm
131.018,55,place,CNR,BUY,900,160.1200,2200,quote
131.122,55,place,RY,BUY,2500,100.1100,0,quote
131.148,55,place,RY,BUY,1000,100.1200,0,quote
131.148,55,place,RY,SELL,3000,100.1300,0,quote
131.303,55,fill,CNR,BUY,900,160.1400,3100,mode=mm
131.303,55,fill,AC,BUY,563,25.0400,920,mode=mm
131.303,55,stop,CNR,SELL,3100,159.4800,3100,loss=38.4t stop=12.3t trend_against=False
131.304,55,place,CNR,SELL,3100,159.4800,3100,agg
131.350,55,place,AC,BUY,2100,25.0100,920,quote
131.350,55,place,RY,BUY,1800,100.1200,0,quote
131.563,55,fill,CNR,SELL,783,159.8150,2317,mode=mm
131.565,55,fill,AC,BUY,1737,25.0350,2657,mode=mm
131.565,55,regime,CNR,,,,,"chop -> mixed (er=0.27, net -48t over 14s)"
131.565,55,place,AC,SELL,2900,25.0500,2657,quote
131.867,55,fill,CNR,SELL,2317,159.4750,0,mode=mm
132.000,55,fill,AC,BUY,1355,25.0200,4012,mode=mm
132.277,55,fill,RY,SELL,3000,100.1250,-3000,mode=mm
132.325,55,place,RY,BUY,1000,100.1300,-3000,quote
132.325,55,place,RY,SELL,300,100.1700,-3000,quote
132.325,55,place,CNR,SELL,200,159.9900,0,quote
132.325,55,place,AC,SELL,3200,25.0400,4012,quote
132.325,55,place,CNR,BUY,1500,155.1400,0,ladder
132.325,55,place,CNR,BUY,900,147.1400,0,ladder
132.325,55,place,CNR,BUY,200,135.9500,0,ladder
132.487,55,place,AC,BUY,1400,25.0100,4012,quote
132.487,55,place,CNR,SELL,1500,164.7400,0,ladder
132.487,55,place,CNR,SELL,1500,172.7300,0,ladder
132.487,55,place,CNR,SELL,700,183.9300,0,ladder
132.598,55,fill,RY,BUY,1000,100.1500,-2000,mode=mm
132.599,55,place,RY,BUY,1800,100.1200,-2000,quote
132.599,55,place,RY,SELL,700,100.1600,-2000,quote
132.599,55,place,CNR,SELL,200,159.9800,0,quote
132.599,55,place,AC,BUY,100,24.9900,4012,quote
132.599,55,place,AC,SELL,1900,25.0300,4012,quote
132.802,55,fill,AC,BUY,1400,25.0100,5412,mode=mm
132.803,55,place,RY,BUY,600,100.1500,-2000,quote
132.803,55,place,RY,SELL,100,100.1600,-2000,quote
132.803,55,place,CNR,SELL,700,159.9700,0,quote
132.980,55,place,AC,BUY,1100,24.9800,5412,quote
133.058,55,fill,RY,BUY,600,100.1500,-1400,mode=mm
133.059,55,place,CNR,SELL,700,159.9600,0,quote
133.059,55,place,RY,BUY,600,100.1400,-1400,quote
133.059,55,place,RY,SELL,1400,100.1500,-1400,quote
133.059,55,place,AC,BUY,100,24.9900,5412,quote
133.292,55,fill,RY,BUY,600,100.1450,-800,mode=mm
133.619,55,place,CNR,SELL,700,159.9400,0,quote
133.619,55,place,RY,BUY,600,100.1100,-800,quote
133.619,55,place,RY,SELL,2600,100.1200,-800,quote
133.619,55,place,AC,BUY,100,24.9900,5412,quote
133.802,55,fill,AC,BUY,18,25.0150,5430,mode=mm
133.804,55,place,AC,BUY,100,24.9400,5430,quote
133.804,55,place,CNR,SELL,100,159.9200,0,quote
133.868,55,regime,AC,,,,,"mixed -> chop (er=0.21, net +4t over 14s)"
134.203,55,fill,CNR,SELL,100,159.8200,-100,mode=mm
134.206,55,place,AC,BUY,1100,24.9600,5430,quote
134.206,55,place,AC,SELL,3400,25.0200,5430,quote
134.206,55,place,CNR,BUY,100,159.7600,-100,quote
134.206,55,place,CNR,SELL,500,159.9300,-100,quote
134.206,55,place,RY,BUY,300,100.1100,-800,quote
134.331,55,regime,CNR,,,,,"mixed -> chop (er=0.01, net +3t over 14s)"
134.332,55,place,CNR,BUY,100,159.8700,-100,quote
134.332,55,place,CNR,SELL,1500,159.9400,-100,quote
134.332,55,place,RY,BUY,300,100.1100,-800,quote
134.332,55,place,AC,SELL,3400,25.0100,5430,quote
134.438,55,place,CNR,SELL,100,159.9300,-100,quote
134.438,55,place,AC,SELL,3400,25.0000,5430,quote
134.618,56,fill,CNR,BUY,100,159.9000,0,mode=mm
134.619,56,fill,RY,BUY,300,100.1150,-500,mode=mm
134.620,56,place,RY,BUY,600,100.1000,-500,quote
134.698,56,place,CNR,BUY,1500,159.8700,0,quote
134.869,56,fill,RY,BUY,600,100.1050,100,mode=mm
134.869,56,fill,AC,BUY,1100,24.9850,6530,mode=mm
135.031,56,place,RY,BUY,1700,100.0900,100,quote
135.031,56,place,RY,SELL,3000,100.1000,100,quote
135.031,56,place,CNR,BUY,1500,159.8800,0,quote
135.031,56,place,CNR,SELL,300,159.9100,0,quote
135.031,56,place,AC,BUY,100,24.9600,6530,quote
135.031,56,place,AC,SELL,2100,24.9900,6530,quote
135.081,56,place,RY,SELL,1000,100.0900,100,quote
135.260,56,regime,RY,,,,,"chop -> mixed (er=0.32, net -10t over 14s)"
135.405,56,fill,CNR,BUY,1110,159.8950,1110,mode=mm
135.407,56,fill,AC,SELL,2100,24.9850,4430,mode=mm
135.437,56,place,CNR,BUY,1300,159.8700,1110,quote
135.437,56,place,CNR,SELL,1600,159.9000,1110,quote
135.437,56,place,RY,BUY,1000,100.0800,100,quote
135.437,56,place,RY,SELL,600,100.0900,100,quote
135.437,56,place,AC,SELL,1100,25.0000,4430,quote
135.587,56,fill,RY,BUY,1000,100.0850,1100,mode=mm
135.588,56,regime,RY,,,,,"3 stop-outs in 85s -> toxic flow: half size, no stepping inside for 30s"
135.588,56,stop,RY,SELL,1100,99.9900,1100,loss=5.2t stop=5.0t trend_against=False
135.594,56,place,RY,SELL,1100,99.9900,1100,agg
135.659,56,place,CNR,SELL,1600,159.8900,1110,quote
135.659,56,place,AC,SELL,3200,25.0000,4430,quote
135.848,56,fill,RY,SELL,1100,100.0600,0,mode=mm
136.116,56,place,RY,SELL,2500,100.0900,0,quote
136.116,56,place,CNR,BUY,1300,159.8500,1110,quote
136.116,56,place,CNR,SELL,1600,159.8800,1110,quote
136.116,56,place,AC,BUY,200,24.9600,4430,quote
136.116,56,place,AC,SELL,1900,25.0100,4430,quote
136.116,56,place,RY,BUY,1500,97.1200,0,ladder
136.116,56,place,RY,SELL,100,103.1200,0,ladder
136.116,56,place,RY,BUY,900,92.1100,0,ladder
136.381,56,fill,CNR,BUY,600,159.8650,1710,mode=mm
136.381,56,fill,RY,SELL,2500,100.0650,-2500,mode=mm
136.382,56,place,RY,BUY,2500,100.0400,-2500,quote
136.382,56,place,RY,BUY,1200,85.1000,-2500,ladder
136.613,56,place,CNR,SELL,1000,159.8700,1710,quote
136.674,56,place,RY,BUY,500,100.0500,-2500,quote
136.674,56,place,CNR,BUY,700,159.8400,1710,quote
136.674,56,place,AC,BUY,100,24.9700,4430,quote
136.674,56,place,RY,SELL,1500,108.1200,-2500,ladder
136.894,56,fill,AC,SELL,1900,24.9950,2530,mode=mm
136.896,56,place,AC,BUY,1700,24.9800,2530,quote
136.896,56,place,RY,SELL,2000,115.1300,-2500,ladder
136.927,56,place,RY,BUY,2500,100.0600,-2500,quote
136.927,56,place,AC,SELL,2900,25.0100,2530,quote
137.396,56,fill,AC,SELL,50,24.9950,2480,mode=mm
137.649,56,fill,RY,BUY,2500,100.0750,0,mode=mm
137.651,56,fill,AC,SELL,2584,24.9950,-104,mode=mm
137.653,56,place,RY,SELL,2500,100.1000,0,quote
137.653,56,place,AC,SELL,2400,25.0100,-104,quote
137.969,56,fill,CNR,BUY,700,159.8550,2410,mode=mm
137.969,56,fill,RY,SELL,2500,100.0800,-2500,mode=mm
138.192,56,place,CNR,BUY,600,159.8300,2410,quote
138.192,56,place,CNR,SELL,1800,159.8600,2410,quote
138.192,56,place,RY,BUY,2500,100.0600,-2500,quote
138.192,56,place,RY,SELL,300,100.0900,-2500,quote
138.436,56,place,RY,BUY,2500,100.0500,-2500,quote
138.436,56,place,RY,SELL,100,100.0900,-2500,quote
138.650,57,place,RY,BUY,2500,100.0400,-2500,quote
138.722,57,place,RY,SELL,1700,100.0700,-2500,quote
138.932,57,place,CNR,BUY,1100,159.8200,2410,quote
139.255,57,fill,CNR,BUY,1100,159.8400,3510,mode=mm
139.256,57,place,RY,SELL,1700,100.0800,-2500,quote
139.256,57,place,CNR,BUY,500,159.8300,3510,quote
139.464,57,fill,RY,SELL,1700,100.0600,-4200,mode=mm
139.465,57,fill,AC,SELL,1394,24.9950,-1498,mode=mm
139.538,57,regime,RY,,,,,"mixed -> TREND (er=0.49, net -15t over 14s)"
139.659,57,fill,AC,SELL,1006,25.0000,-2504,mode=mm
139.660,57,place,AC,BUY,600,24.9900,-2504,quote
139.950,57,place,AC,BUY,100,24.9900,-2504,quote
140.174,57,place,AC,BUY,100,24.9900,-2504,quote
140.460,57,fill,CNR,BUY,500,159.8450,4010,mode=mm
140.461,57,place,RY,BUY,3200,100.0500,-4200,quote
140.461,57,place,AC,BUY,2900,24.9900,-2504,quote
140.461,57,place,AC,SELL,600,25.0200,-2504,quote
140.656,57,place,CNR,BUY,800,159.8200,4010,quote
140.726,57,fill,RY,BUY,3200,100.0650,-1000,mode=mm
140.728,57,place,CNR,BUY,800,159.8000,4010,quote
140.774,57,place,RY,SELL,2100,100.0800,-1000,quote
140.941,57,place,CNR,SELL,2000,159.8500,4010,quote
141.232,57,fill,CNR,BUY,800,159.8250,4810,mode=mm
141.234,57,place,AC,SELL,1000,25.0300,-2504,quote
141.234,57,place,CNR,SELL,2000,159.8400,4810,quote
141.234,57,place,RY,BUY,2600,100.0200,-1000,quote
141.352,57,regime,CNR,,,,,"chop -> mixed (er=0.26, net -33t over 14s)"
141.469,57,place,RY,BUY,500,100.0300,-1000,quote
141.469,57,place,RY,SELL,400,100.0700,-1000,quote
141.469,57,place,AC,BUY,2900,25.0000,-2504,quote
141.779,57,fill,CNR,BUY,800,159.8250,5610,mode=mm
141.780,57,stop,CNR,SELL,5000,159.6700,5610,loss=12.6t stop=9.4t trend_against=False
141.781,57,place,CNR,SELL,5000,159.6700,5610,agg
141.781,57,place,RY,BUY,300,100.0200,-1000,quote
141.781,57,place,RY,SELL,400,100.0600,-1000,quote
142.050,57,fill,CNR,SELL,2686,159.7700,2924,mode=mm
142.197,57,place,RY,BUY,100,100.0200,-1000,quote
142.197,57,place,RY,SELL,1200,100.0500,-1000,quote
142.464,57,place,RY,BUY,2600,100.0200,-1000,quote
142.813,57,stop,CNR,SELL,2924,159.5500,2924,loss=24.6t stop=12.2t trend_against=False
142.814,57,place,CNR,SELL,2924,159.5500,2924,agg
143.153,58,fill,CNR,SELL,2924,159.6150,0,mode=mm
143.155,58,fill,RY,SELL,1200,100.0350,-2200,mode=mm
143.156,58,place,CNR,SELL,1500,159.6400,0,quote
143.156,58,place,RY,SELL,1800,100.0500,-2200,quote
143.156,58,place,CNR,BUY,1500,155.0200,0,ladder
143.156,58,place,CNR,SELL,900,164.6100,0,ladder
143.156,58,place,CNR,BUY,1500,147.0300,0,ladder
143.156,58,place,CNR,SELL,100,172.6000,0,ladder
143.156,58,place,CNR,BUY,2000,135.8400,0,ladder
143.156,58,place,CNR,SELL,100,183.7800,0,ladder
143.288,58,place,CNR,SELL,300,159.6300,0,quote
143.539,58,place,CNR,SELL,1500,159.6200,0,quote
143.539,58,place,RY,SELL,1800,100.0600,-2200,quote
143.563,58,place,RY,BUY,2800,100.0300,-2200,quote
143.664,58,regime,RY,,,,,"TREND -> mixed (er=0.32, net -8t over 14s)"
143.830,58,fill,RY,SELL,1267,100.0450,-3467,mode=mm
143.831,58,place,RY,SELL,500,100.0700,-3467,quote
144.105,58,place,CNR,SELL,900,159.6100,0,quote
144.105,58,place,RY,BUY,3100,100.0400,-3467,quote
144.105,58,place,RY,SELL,300,100.0700,-3467,quote
144.518,58,place,RY,SELL,1500,100.0700,-3467,quote
144.556,58,place,RY,BUY,3100,100.0500,-3467,quote
144.707,58,regime,RY,,,,,"mixed -> chop (er=0.22, net -6t over 14s)"
144.784,58,place,RY,SELL,1500,100.0800,-3467,quote
145.080,58,fill,RY,SELL,1500,100.0650,-4967,mode=mm
145.083,58,place,RY,SELL,1200,100.1000,-4967,quote
145.306,58,regime,CNR,,,,,"mixed -> chop (er=0.15, net +12t over 14s)"
145.374,58,place,CNR,SELL,1500,159.6000,0,quote
145.374,58,place,RY,BUY,3300,100.0700,-4967,quote
145.374,58,place,RY,SELL,200,100.1100,-4967,quote
145.598,58,fill,RY,BUY,3300,100.0850,-1667,mode=mm
145.599,58,place,RY,BUY,2700,100.0600,-1667,quote
145.599,58,place,RY,SELL,1900,100.1100,-1667,quote
145.916,58,place,RY,BUY,2700,100.0900,-1667,quote
145.916,58,place,RY,SELL,1900,100.1300,-1667,quote
146.123,58,place,CNR,SELL,1500,159.5900,0,quote
146.123,58,place,RY,SELL,1900,100.1200,-1667,quote
146.444,58,regime,CNR,,,,,"chop -> TREND (er=0.88, net -37t over 14s)"
147.133,59,fill,RY,BUY,2700,100.1050,1033,mode=mm
147.140,59,place,RY,BUY,2100,100.0500,1033,quote
147.399,59,place,RY,BUY,1200,100.0600,1033,quote
147.399,59,place,RY,SELL,2600,100.1000,1033,quote
147.639,59,place,RY,SELL,2600,100.0900,1033,quote
147.639,59,place,AC,BUY,2900,25.0000,-2504,quote
147.661,59,fill,RY,BUY,1200,100.0750,2233,mode=mm
147.662,59,fill,AC,BUY,2900,25.0150,396,mode=mm
147.932,59,fill,RY,SELL,1337,100.0750,896,mode=mm
147.932,59,regime,AC,,,,,"chop -> mixed (er=0.56, net +2t over 14s)"
148.171,59,fill,RY,SELL,1263,100.0750,-367,mode=mm
148.174,59,place,RY,BUY,2500,100.0500,-367,quote
148.174,59,place,RY,SELL,700,100.1100,-367,quote
148.429,59,place,RY,SELL,200,100.0900,-367,quote
148.678,59,fill,AC,BUY,98,25.0150,494,mode=mm
148.693,59,place,RY,SELL,2300,100.0900,-367,quote
149.000,59,fill,CNR,SELL,1500,159.5750,-1500,mode=mm
149.002,59,fill,AC,BUY,2802,25.0150,3296,mode=mm
149.004,59,place,AC,BUY,1500,24.9900,3296,quote
149.004,59,place,AC,SELL,3000,25.0300,3296,quote
149.004,59,place,CNR,SELL,1200,159.6000,-1500,quote
149.004,59,place,RY,BUY,2500,100.0600,-367,quote
149.245,59,place,RY,BUY,500,100.0700,-367,quote
149.245,59,place,RY,SELL,2300,100.1000,-367,quote
149.245,59,place,AC,SELL,3000,25.0200,3296,quote
149.501,59,fill,CNR,SELL,1200,159.5850,-2700,mode=mm
149.502,59,fill,RY,BUY,500,100.0850,133,mode=mm
149.752,59,fill,RY,SELL,293,100.0850,-160,mode=mm
149.769,59,place,RY,SELL,400,100.1100,-160,quote
150.032,59,place,CNR,SELL,1000,159.6400,-2700,quote
150.032,59,place,RY,SELL,2400,100.1000,-160,quote
150.102,59,place,CNR,SELL,1000,159.6300,-2700,quote
150.269,59,place,RY,SELL,200,100.1100,-160,quote
150.513,59,place,RY,SELL,2400,100.1100,-160,quote
150.796,60,fill,CNR,SELL,1000,159.6250,-3700,mode=mm
150.797,60,place,RY,BUY,2500,100.0400,-160,quote
150.797,60,place,CNR,BUY,1900,159.6100,-3700,quote
150.797,60,place,CNR,SELL,100,159.6400,-3700,quote
151.048,60,fill,CNR,SELL,100,159.6250,-3800,mode=mm
151.050,60,place,CNR,BUY,1900,159.6300,-3800,quote
151.050,60,place,CNR,SELL,900,159.6700,-3800,quote
151.050,60,place,RY,BUY,2500,100.0700,-160,quote
151.050,60,place,RY,SELL,800,100.1000,-160,quote
151.315,60,fill,RY,BUY,2500,100.0850,2340,mode=mm
151.317,60,regime,CNR,,,,,"3 stop-outs in 84s -> toxic flow: half size, no stepping inside for 30s"
151.317,60,stop,CNR,BUY,3800,159.7000,-3800,loss=6.2t stop=5.9t trend_against=False
151.320,60,place,CNR,BUY,3800,159.7000,-3800,agg
151.625,60,fill,CNR,BUY,3800,159.6550,0,mode=mm
151.627,60,regime,CNR,,,,,"TREND -> mixed (er=0.33, net -17t over 14s)"
152.328,60,fill,AC,BUY,206,25.0050,3502,mode=mm
152.602,60,fill,AC,BUY,1294,25.0050,4796,mode=mm
152.602,60,regime,CNR,,,,,"mixed -> chop (er=0.12, net +9t over 14s)"
152.603,60,place,CNR,BUY,1500,159.9100,0,quote
152.603,60,place,RY,BUY,1700,100.0400,2340,quote
152.603,60,place,RY,SELL,2900,100.0700,2340,quote
152.603,60,place,AC,BUY,1200,24.9800,4796,quote
152.603,60,place,CNR,BUY,300,154.8500,0,ladder
152.603,60,place,CNR,SELL,1500,164.4300,0,ladder
152.603,60,place,CNR,SELL,1500,172.4100,0,ladder
152.603,60,place,CNR,SELL,2000,183.5900,0,ladder
153.126,60,fill,RY,BUY,1700,100.0550,4040,mode=mm
153.506,60,regime,AC,,,,,"mixed -> chop (er=0.20, net +1t over 14s)"
153.629,60,regime,CNR,,,,,"chop -> mixed (er=0.25, net +22t over 14s)"
153.630,60,place,CNR,BUY,1500,160.0000,0,quote
153.630,60,place,RY,BUY,800,100.0200,4040,quote
153.630,60,place,RY,SELL,3200,100.0500,4040,quote
153.885,60,regime,CNR,,,,,"mixed -> chop (er=0.21, net +19t over 14s)"
153.901,60,place,AC,BUY,1200,24.9600,4796,quote
153.901,60,place,CNR,BUY,1500,160.0200,0,quote
153.901,60,place,CNR,BUY,900,146.9600,0,ladder
153.901,60,place,CNR,BUY,200,135.7800,0,ladder
154.033,60,regime,AC,,,,,"chop -> mixed (er=0.33, net -1t over 14s)"
154.116,60,place,CNR,BUY,1500,160.0300,0,quote
154.116,60,place,AC,BUY,1200,24.9700,4796,quote
154.116,60,place,AC,SELL,3300,25.0100,4796,quote
154.148,60,regime,CNR,,,,,"chop -> mixed (er=0.25, net +24t over 14s)"
154.368,60,place,RY,BUY,400,100.0300,4040,quote
154.368,60,place,RY,SELL,3200,100.0600,4040,quote
154.416,60,regime,CNR,,,,,"mixed -> chop (er=0.22, net +22t over 14s)"
154.520,60,place,RY,BUY,100,100.0300,4040,quote
154.899,61,fill,RY,SELL,3200,100.0450,840,mode=mm
154.940,61,regime,CNR,,,,,"chop -> mixed (er=0.26, net +25t over 14s)"
155.129,61,place,CNR,BUY,1500,160.0600,0,quote
155.129,61,place,RY,BUY,2200,100.0500,840,quote
155.129,61,place,RY,SELL,900,100.0900,840,quote
155.375,61,place,RY,BUY,2200,100.0700,840,quote
155.375,61,place,AC,SELL,3300,25.0000,4796,quote
155.411,61,place,CNR,BUY,1500,160.0800,0,quote
155.411,61,place,RY,SELL,900,100.1000,840,quote
155.411,61,place,AC,BUY,200,24.9600,4796,quote
155.630,61,place,CNR,BUY,1500,160.1000,0,quote
155.630,61,place,RY,SELL,2600,100.1000,840,quote
155.630,61,place,AC,BUY,700,24.9600,4796,quote
155.939,61,place,CNR,BUY,1500,160.1300,0,quote
155.982,61,regime,CNR,,,,,"mixed -> TREND (er=0.57, net +51t over 14s)"
156.139,61,fill,RY,BUY,2200,100.0850,3040,mode=mm
156.606,61,place,CNR,BUY,1500,160.1500,0,quote
156.606,61,place,RY,BUY,900,100.0700,3040,quote
156.707,61,place,CNR,BUY,300,160.1700,0,quote
156.707,61,place,RY,BUY,100,100.0600,3040,quote
156.707,61,place,RY,SELL,3000,100.0900,3040,quote
156.944,61,place,CNR,BUY,1500,160.1800,0,quote
156.944,61,place,RY,BUY,100,100.0600,3040,quote
157.177,61,place,RY,BUY,1600,100.0600,3040,quote
157.958,61,fill,RY,SELL,3000,100.0750,40,mode=mm
157.963,61,place,RY,SELL,2500,100.1000,40,quote
158.241,61,place,CNR,BUY,1500,160.1900,0,quote
158.241,61,place,RY,SELL,2500,100.0900,40,quote
158.781,61,fill,RY,SELL,2500,100.0750,-2460,mode=mm
158.997,62,place,CNR,BUY,1500,160.2000,0,quote
158.997,62,place,RY,BUY,2900,100.0700,-2460,quote
158.997,62,place,RY,SELL,600,100.1000,-2460,quote
159.284,62,place,RY,BUY,2900,100.0800,-2460,quote
159.284,62,place,RY,SELL,100,100.1100,-2460,quote
159.563,62,fill,CNR,BUY,200,160.2350,200,mode=mm
159.563,62,fill,RY,SELL,600,100.0950,-3060,mode=mm
159.577,62,place,RY,SELL,1600,100.1100,-3060,quote
159.760,62,fill,RY,BUY,2900,100.0950,-160,mode=mm
159.761,62,place,RY,BUY,1500,100.0700,-160,quote
159.761,62,place,CNR,BUY,500,160.2100,200,quote
160.040,62,fill,RY,SELL,1600,100.0900,-1760,mode=mm
160.041,62,place,CNR,BUY,1500,160.2200,200,quote
160.041,62,place,RY,SELL,1900,100.1700,-1760,quote
160.139,62,place,RY,SELL,1100,100.1600,-1760,quote
160.301,62,place,RY,BUY,2800,100.0900,-1760,quote
160.449,62,place,RY,SELL,1900,100.1500,-1760,quote
160.542,62,place,RY,BUY,2800,100.1000,-1760,quote
160.542,62,place,CNR,BUY,500,160.2300,200,quote
160.804,62,place,CNR,BUY,100,160.2300,200,quote
160.804,62,place,RY,BUY,2800,100.1100,-1760,quote
160.804,62,place,RY,SELL,100,100.1400,-1760,quote
161.030,62,place,CNR,BUY,1500,160.2400,200,quote
161.030,62,place,RY,SELL,1100,100.1400,-1760,quote
161.288,62,place,RY,BUY,300,100.1000,-1760,quote
161.288,62,place,RY,SELL,300,100.1300,-1760,quote
161.468,62,place,AC,BUY,500,24.9700,4796,quote
161.468,62,place,AC,SELL,5000,24.9900,4796,quote
161.553,62,place,RY,BUY,900,100.1000,-1760,quote
161.553,62,place,RY,SELL,1900,100.1300,-1760,quote
161.553,62,place,AC,BUY,500,24.9700,4796,quote
161.813,62,place,RY,BUY,2800,100.1000,-1760,quote
161.813,62,place,AC,BUY,500,24.9700,4796,quote
162.063,62,fill,RY,SELL,1900,100.1150,-3660,mode=mm
162.064,62,place,RY,SELL,400,100.1300,-3660,quote
162.064,62,place,AC,BUY,300,24.9700,4796,quote
162.301,62,place,RY,SELL,100,100.1400,-3660,quote
162.522,62,place,RY,BUY,3100,100.1100,-3660,quote
162.522,62,place,RY,SELL,1400,100.1400,-3660,quote
162.522,62,place,AC,BUY,300,24.9700,4796,quote
162.558,62,fill,AC,SELL,1247,24.9850,3549,mode=mm
162.558,62,place,AC,BUY,1000,24.9800,3549,quote
162.830,62,fill,AC,SELL,3753,24.9850,-204,mode=mm
162.833,62,place,AC,BUY,3000,24.9800,-204,quote
162.833,62,place,AC,SELL,1600,24.9900,-204,quote
163.066,63,fill,RY,SELL,1400,100.1250,-5060,mode=mm
163.068,63,place,RY,SELL,700,100.1500,-5060,quote
163.068,63,place,AC,SELL,300,24.9900,-204,quote
163.345,63,fill,RY,SELL,700,100.1250,-5760,mode=mm
163.605,63,fill,AC,BUY,2454,24.9850,2250,mode=mm
163.608,63,place,RY,BUY,3500,100.1500,-5760,quote
163.608,63,place,RY,SELL,300,100.1900,-5760,quote
163.608,63,place,AC,SELL,1800,24.9900,2250,quote
163.817,63,place,RY,SELL,100,100.1800,-5760,quote
164.073,63,fill,AC,SELL,1064,24.9850,1186,mode=mm
164.074,63,place,RY,SELL,1000,100.1800,-5760,quote
164.074,63,place,AC,BUY,2500,24.9800,1186,quote
164.074,63,place,AC,SELL,3000,24.9900,1186,quote
164.105,63,regime,RY,,,,,"chop -> mixed (er=0.26, net +7t over 14s)"
164.364,63,regime,RY,,,,,"mixed -> chop (er=0.25, net +6t over 14s)"
164.365,63,place,CNR,BUY,1500,160.2300,200,quote
164.588,63,fill,AC,SELL,3000,24.9850,-1814,mode=mm
164.589,63,place,CNR,BUY,500,160.2400,200,quote
164.589,63,place,RY,BUY,3500,100.1600,-5760,quote
164.616,63,regime,RY,,,,,"chop -> mixed (er=0.27, net +7t over 14s)"
164.895,63,place,RY,BUY,3500,100.1700,-5760,quote
164.895,63,place,AC,BUY,5000,24.9900,-1814,quote
165.074,63,place,CNR,BUY,300,160.2500,200,quote
165.128,63,fill,RY,BUY,3500,100.1750,-2260,mode=mm
165.130,63,fill,AC,BUY,5000,24.9950,3186,mode=mm
165.130,63,stop,RY,BUY,2260,100.2100,-2260,loss=5.2t stop=5.0t trend_against=False
165.130,63,place,RY,BUY,2260,100.2100,-2260,agg
165.167,63,regime,AC,,,,,"mixed -> chop (er=0.14, net -1t over 14s)"
165.319,63,place,AC,SELL,100,25.0000,3186,quote
165.436,63,fill,RY,BUY,2260,100.1650,0,mode=mm
165.438,63,fill,AC,SELL,100,25.0000,3086,mode=mm
165.579,63,place,AC,SELL,1800,25.0200,3086,quote
165.909,63,fill,AC,SELL,1800,25.0150,1286,mode=mm
165.974,63,regime,RY,,,,,"mixed -> TREND (er=0.53, net +14t over 14s)"
165.974,63,regime,AC,,,,,"chop -> mixed (er=0.33, net +2t over 14s)"
166.105,63,place,CNR,BUY,1500,160.2600,200,quote
166.105,63,place,RY,BUY,1800,100.1800,0,quote
166.105,63,place,AC,BUY,800,25.0200,1286,quote
166.105,63,place,AC,SELL,5000,25.0300,1286,quote
166.105,63,place,RY,BUY,100,97.1300,0,ladder
166.105,63,place,RY,SELL,1500,103.1400,0,ladder
166.105,63,place,RY,BUY,100,92.1200,0,ladder
166.105,63,place,RY,SELL,1500,108.1400,0,ladder
166.105,63,place,RY,SELL,2000,115.1500,0,ladder
166.185,63,place,CNR,BUY,900,160.2800,200,quote
166.481,63,fill,CNR,BUY,900,160.2950,1100,mode=mm
166.482,63,place,AC,BUY,2400,25.0200,1286,quote
166.482,63,place,RY,BUY,700,85.1200,0,ladder
166.544,63,place,RY,BUY,300,100.1700,0,quote
166.660,64,place,CNR,BUY,100,160.3000,1100,quote
166.997,64,fill,CNR,BUY,100,160.3200,1200,mode=mm
166.997,64,fill,AC,SELL,663,25.0250,623,mode=mm
166.998,64,place,CNR,BUY,400,160.2600,1200,quote
166.998,64,place,RY,BUY,100,100.1600,0,quote
167.194,64,fill,AC,SELL,1937,25.0250,-1314,mode=mm
167.197,64,place,CNR,BUY,1300,160.3200,1200,quote
167.197,64,place,RY,BUY,500,100.1600,0,quote
167.197,64,place,AC,BUY,100,25.0200,-1314,quote
167.197,64,place,AC,SELL,400,25.0300,-1314,quote
167.506,64,fill,CNR,BUY,1300,160.3350,2500,mode=mm
167.508,64,fill,AC,BUY,100,25.0250,-1214,mode=mm
167.557,64,place,RY,BUY,2500,100.1600,0,quote
167.661,64,place,AC,SELL,1500,25.0300,-1214,quote
167.723,64,fill,RY,BUY,500,100.1750,500,mode=mm
167.725,64,place,RY,BUY,1300,100.1500,500,quote
167.748,64,place,RY,SELL,500,100.1800,500,quote
168.205,64,place,RY,BUY,2300,100.1300,500,quote
168.205,64,place,RY,SELL,500,100.1700,500,quote
168.232,64,fill,RY,BUY,800,100.1500,1300,mode=mm
168.233,64,place,AC,BUY,5000,25.0100,-1214,quote
168.233,64,place,AC,SELL,4200,25.0200,-1214,quote
168.473,64,fill,AC,SELL,4200,25.0150,-5414,mode=mm
168.761,64,fill,AC,BUY,1433,25.0150,-3981,mode=mm
168.993,64,fill,AC,BUY,3567,25.0150,-414,mode=mm
168.994,64,place,CNR,BUY,600,160.2300,2500,quote
168.994,64,place,RY,SELL,2700,100.1600,1300,quote
168.994,64,place,AC,BUY,5000,25.0100,-414,quote
169.170,64,regime,RY,,,,,"TREND -> mixed (er=0.32, net +8t over 14s)"
169.334,64,fill,CNR,BUY,600,160.2700,3100,mode=mm
169.334,64,fill,RY,BUY,2300,100.1450,3600,mode=mm
169.336,64,stop,CNR,SELL,3100,160.1800,3100,loss=8.3t stop=5.0t trend_against=False
169.338,64,place,CNR,SELL,3100,160.1800,3100,agg
169.338,64,place,RY,BUY,200,100.1400,3600,quote
169.338,64,place,RY,SELL,1800,100.1700,3600,quote
169.424,64,place,RY,BUY,100,100.1500,3600,quote
169.424,64,place,RY,SELL,600,100.1600,3600,quote
169.521,64,fill,CNR,SELL,400,160.2750,2700,mode=mm
169.522,64,fill,RY,SELL,2600,100.1550,1000,mode=mm
169.522,64,fill,AC,BUY,5000,25.0150,4586,mode=mm
169.527,64,regime,CNR,,,,,"TREND -> chop (er=0.04, net +2t over 14s)"
169.677,64,regime,RY,,,,,"mixed -> chop (er=0.25, net +6t over 14s)"
169.809,64,fill,CNR,SELL,2700,160.1550,0,mode=mm
169.811,64,fill,RY,BUY,200,100.1450,1200,mode=mm
169.823,64,place,AC,SELL,300,25.0200,4586,quote
169.927,64,regime,RY,,,,,"chop -> mixed (er=0.28, net +7t over 14s)"
170.182,64,regime,RY,,,,,"mixed -> chop (er=0.23, net +6t over 14s)"
170.439,64,regime,RY,,,,,"chop -> mixed (er=0.29, net +8t over 14s)"
170.555,64,place,CNR,SELL,1500,160.0300,0,quote
170.555,64,place,RY,BUY,4200,100.1600,1200,quote
170.555,64,place,RY,SELL,5000,100.1700,1200,quote
170.555,64,place,AC,BUY,2500,25.0000,4586,quote
170.555,64,place,AC,SELL,5000,25.0200,4586,quote
170.555,64,place,CNR,BUY,1500,155.4200,0,ladder
170.555,64,place,CNR,SELL,300,165.0300,0,ladder
170.555,64,place,CNR,BUY,1500,147.4100,0,ladder
170.555,64,place,CNR,BUY,1200,136.1900,0,ladder
170.595,64,regime,CNR,,,,,"chop -> mixed (er=0.33, net -19t over 14s)"
170.793,65,fill,RY,SELL,5000,100.1650,-3800,mode=mm
170.793,65,fill,AC,BUY,2500,25.0150,7086,mode=mm
170.842,65,place,AC,SELL,1000,25.0000,7086,quote
170.945,65,regime,AC,,,,,"mixed -> chop (er=0.23, net +2t over 14s)"
171.063,65,fill,RY,BUY,4200,100.1750,400,mode=mm
171.065,65,fill,AC,SELL,600,25.0000,6486,mode=mm
171.066,65,place,AC,SELL,100,24.9900,6486,quote
171.196,65,regime,RY,,,,,"mixed -> chop (er=0.17, net +6t over 14s)"
171.305,65,fill,AC,SELL,500,24.9900,5986,mode=mm
171.308,65,place,CNR,SELL,1500,159.9300,0,quote
171.308,65,place,RY,BUY,2800,100.1300,400,quote
171.308,65,place,RY,SELL,300,100.1400,400,quote
171.308,65,place,CNR,SELL,1500,173.0000,0,ladder
171.556,65,fill,RY,SELL,300,100.1350,100,mode=mm
172.099,65,place,AC,SELL,3000,24.9800,5986,quote
172.349,65,fill,AC,SELL,3000,24.9750,2986,mode=mm
172.352,65,place,RY,BUY,4900,100.1200,100,quote
172.352,65,place,CNR,SELL,1500,159.9300,0,quote
172.352,65,place,AC,BUY,1900,24.9700,2986,quote
172.352,65,place,CNR,SELL,700,184.1400,0,ladder
172.591,65,place,RY,BUY,1000,100.1300,100,quote
172.591,65,place,CNR,SELL,100,159.8900,0,quote
172.747,65,regime,CNR,,,,,"mixed -> TREND (er=0.46, net -34t over 14s)"
172.917,65,fill,CNR,SELL,100,159.8750,-100,mode=mm
172.917,65,fill,AC,BUY,1900,24.9750,4886,mode=mm
172.918,65,place,AC,SELL,1000,24.9700,4886,quote
173.138,65,fill,AC,SELL,1000,24.9700,3886,mode=mm
173.139,65,place,CNR,SELL,500,160.1600,-100,quote
173.139,65,place,RY,BUY,2900,100.1400,100,quote
173.158,65,place,RY,SELL,5000,100.1500,100,quote
173.158,65,place,AC,BUY,1600,24.9600,3886,quote
173.380,65,fill,CNR,SELL,500,160.1150,-600,mode=mm
173.380,65,fill,RY,BUY,2900,100.1450,3000,mode=mm
173.382,65,fill,AC,BUY,922,24.9650,4808,mode=mm
173.382,65,regime,CNR,,,,,"TREND -> chop (er=0.09, net +10t over 14s)"
173.644,65,fill,RY,SELL,3212,100.1450,-212,mode=mm
173.864,65,fill,RY,SELL,100,100.1200,-312,mode=mm
173.879,65,place,RY,BUY,5000,100.1100,-312,quote
173.879,65,place,RY,SELL,2800,100.1300,-312,quote
173.879,65,place,CNR,BUY,100,160.3400,-600,quote
174.151,65,fill,CNR,BUY,100,160.3550,-500,mode=mm
174.151,65,fill,RY,BUY,2200,100.1150,1888,mode=mm
174.153,65,place,RY,BUY,2200,100.1000,1888,quote
174.153,65,place,RY,SELL,1800,100.1200,1888,quote
174.153,65,place,CNR,BUY,100,159.9400,-500,quote
174.153,65,place,CNR,SELL,200,159.9600,-500,quote
174.406,65,fill,RY,BUY,400,100.1150,2288,mode=mm
174.462,65,place,AC,SELL,600,24.9700,4808,quote
174.599,65,fill,CNR,SELL,200,160.0650,-700,mode=mm
174.616,65,fill,AC,SELL,600,24.9650,4208,mode=mm
174.616,65,place,AC,BUY,1600,25.0000,4208,quote
174.616,65,place,AC,SELL,5000,25.0300,4208,quote
174.616,65,place,CNR,BUY,300,159.9100,-700,quote
174.616,65,place,CNR,SELL,100,159.9700,-700,quote
174.616,65,place,RY,SELL,1000,100.1500,2288,quote
174.993,66,fill,CNR,SELL,100,159.9550,-800,mode=mm
174.993,66,fill,AC,SELL,800,25.0150,3408,mode=mm
174.997,66,place,AC,BUY,600,25.0100,3408,quote
174.997,66,place,AC,SELL,1800,25.0200,3408,quote
174.997,66,place,CNR,BUY,300,159.9400,-800,quote
174.997,66,place,CNR,SELL,100,160.1700,-800,quote
174.997,66,place,RY,SELL,5000,100.1100,2288,quote
175.179,66,fill,CNR,SELL,100,160.0700,-900,mode=mm
175.179,66,fill,AC,SELL,4400,25.0200,-992,mode=mm
176.123,66,place,AC,BUY,5000,25.0200,-992,quote
176.123,66,place,AC,SELL,2500,25.0300,-992,quote
176.123,66,place,CNR,BUY,900,160.0400,-900,quote
176.123,66,place,RY,BUY,1200,100.1000,2288,quote
176.204,66,fill,RY,SELL,5000,100.1050,-2712,mode=mm
176.204,66,fill,AC,BUY,500,25.0200,-492,mode=mm
176.524,66,fill,AC,BUY,2000,25.0200,1508,mode=mm
176.726,66,place,RY,BUY,600,100.1200,-2712,quote
176.975,66,fill,RY,BUY,600,100.1250,-2112,mode=mm
177.214,66,place,CNR,BUY,1600,160.2200,-900,quote
177.214,66,place,CNR,SELL,1300,160.2600,-900,quote
177.214,66,place,RY,SELL,3600,100.1300,-2112,quote
177.214,66,place,AC,BUY,200,25.0100,1508,quote
177.214,66,place,AC,SELL,3000,25.0200,1508,quote
177.537,66,fill,CNR,BUY,1600,160.2400,700,mode=mm
177.539,66,fill,AC,BUY,200,25.0150,1708,mode=mm
177.539,66,place,CNR,BUY,1400,160.2100,700,quote
177.539,66,place,RY,BUY,5000,100.0900,-2112,quote
177.539,66,place,RY,SELL,1200,100.1000,-2112,quote
177.741,66,fill,RY,BUY,5000,100.0900,2888,mode=mm
177.742,66,fill,AC,SELL,3000,25.0150,-1292,mode=mm
177.745,66,place,CNR,BUY,1400,160.2400,700,quote
177.745,66,place,CNR,SELL,1600,160.2800,700,quote
177.745,66,place,RY,BUY,100,100.0800,2888,quote
177.745,66,place,RY,SELL,1800,100.0900,2888,quote
177.745,66,place,AC,SELL,100,25.0200,-1292,quote
177.804,66,place,CNR,SELL,1600,160.2700,700,quote
177.958,66,fill,RY,BUY,100,100.0850,2988,mode=mm
178.305,66,fill,CNR,BUY,612,160.2550,1312,mode=mm
178.305,66,fill,RY,SELL,1800,100.0850,1188,mode=mm
178.306,66,place,AC,BUY,1000,24.9900,-1292,quote
178.541,66,fill,AC,BUY,1000,25.0000,-292,mode=mm
178.690,66,place,CNR,BUY,1200,160.2500,1312,quote
178.690,66,place,CNR,SELL,1700,160.3000,1312,quote
178.690,66,place,RY,SELL,3000,100.1000,1188,quote
178.690,66,place,AC,BUY,1000,25.0000,-292,quote
178.690,66,place,AC,SELL,1600,25.0100,-292,quote
178.831,66,fill,CNR,SELL,1700,160.2750,-388,mode=mm
178.832,66,fill,RY,SELL,3000,100.0950,-1812,mode=mm
178.833,66,fill,AC,BUY,1000,25.0000,708,mode=mm
178.954,67,place,CNR,BUY,500,160.2900,-388,quote
178.954,67,place,CNR,SELL,800,160.3200,-388,quote
178.954,67,place,RY,BUY,5000,100.1000,-1812,quote
178.954,67,place,RY,SELL,100,100.1100,-1812,quote
178.954,67,place,AC,SELL,1800,25.0000,708,quote
179.096,67,fill,RY,BUY,1000,100.1050,-812,mode=mm
179.098,67,place,CNR,BUY,900,160.3100,-388,quote
179.098,67,place,CNR,SELL,800,160.3800,-388,quote
179.196,67,place,CNR,SELL,100,160.3700,-388,quote
179.266,67,fill,CNR,BUY,100,160.3400,-288,mode=mm
179.266,67,fill,RY,SELL,100,100.1000,-912,mode=mm
179.267,67,place,CNR,BUY,100,160.3500,-288,quote
179.267,67,place,CNR,SELL,1400,160.3900,-288,quote
179.558,67,place,RY,BUY,600,100.1200,-912,quote
179.558,67,place,RY,SELL,1500,100.1300,-912,quote
179.558,67,place,CNR,SELL,400,160.4000,-288,quote
179.585,67,fill,RY,BUY,2500,100.1200,1588,mode=mm
179.586,67,fill,AC,SELL,1800,24.9950,-1092,mode=mm
179.827,67,fill,RY,BUY,2100,100.1200,3688,mode=mm
180.130,67,place,AC,BUY,3000,24.9700,-1092,quote
180.130,67,place,AC,SELL,1500,24.9900,-1092,quote
180.130,67,place,CNR,BUY,1500,160.3800,-288,quote
180.130,67,place,CNR,SELL,400,160.4300,-288,quote
180.130,67,place,RY,SELL,3000,100.1300,3688,quote
180.158,67,place,CNR,SELL,100,160.4200,-288,quote
180.416,67,place,AC,BUY,300,24.9800,-1092,quote
180.416,67,place,RY,SELL,1000,100.1400,3688,quote
180.434,67,fill,CNR,BUY,1500,160.3950,1212,mode=mm
180.435,67,fill,RY,SELL,3000,100.1350,688,mode=mm
180.436,67,fill,AC,SELL,1500,24.9800,-2592,mode=mm
180.582,67,fill,AC,BUY,3300,24.9800,708,mode=mm
180.730,67,regime,AC,,,,,"chop -> mixed (er=0.26, net -5t over 14s)"
181.000,67,regime,AC,,,,,"mixed -> chop (er=0.20, net -4t over 14s)"
181.233,67,place,CNR,BUY,700,160.1900,1212,quote
181.233,67,place,RY,BUY,4500,100.0700,688,quote
181.233,67,place,RY,SELL,1800,100.0800,688,quote
181.421,67,place,CNR,BUY,400,160.0900,1212,quote
181.421,67,place,CNR,SELL,1600,160.1700,1212,quote
181.421,67,place,AC,BUY,100,24.9900,708,quote
181.421,67,place,AC,SELL,3000,25.0100,708,quote
181.438,67,fill,CNR,BUY,700,160.1450,1912,mode=mm
181.605,67,fill,RY,BUY,2500,100.0750,3188,mode=mm
181.606,67,place,CNR,SELL,1700,160.1500,1912,quote
181.606,67,place,AC,BUY,2700,25.0000,708,quote
181.707,67,place,CNR,BUY,1100,160.1000,1912,quote
181.836,67,fill,RY,BUY,1122,100.0750,4310,mode=mm
181.837,67,fill,AC,SELL,3000,25.0050,-2292,mode=mm
182.072,67,fill,RY,BUY,878,100.0750,5188,mode=mm
182.072,67,fill,AC,BUY,2700,25.0050,408,mode=mm
182.073,67,stop,RY,SELL,5000,99.9800,5188,loss=5.4t stop=5.0t trend_against=False
182.077,67,place,RY,SELL,5000,99.9800,5188,agg
182.211,67,regime,RY,,,,,"chop -> mixed (er=0.27, net -13t over 14s)"
182.346,67,fill,RY,SELL,5000,100.0350,188,mode=mm
182.731,68,regime,RY,,,,,"mixed -> chop (er=0.20, net -10t over 14s)"
182.881,68,place,RY,SELL,300,100.0600,188,quote
182.881,68,place,CNR,SELL,1000,160.3400,1912,quote
182.881,68,place,AC,SELL,3000,25.0200,408,quote
182.881,68,place,RY,BUY,1500,97.0900,188,ladder
182.881,68,place,RY,BUY,1500,92.0900,188,ladder
182.881,68,place,RY,BUY,2000,85.0800,188,ladder
182.944,68,place,CNR,BUY,200,160.1000,1912,quote
182.944,68,place,AC,BUY,100,25.0100,408,quote
183.142,68,fill,CNR,SELL,1000,160.2550,912,mode=mm
183.143,68,fill,RY,SELL,300,100.0600,-112,mode=mm
183.143,68,place,CNR,BUY,1300,160.4000,912,quote
183.143,68,place,CNR,SELL,1600,160.4800,912,quote
183.143,68,place,RY,BUY,100,100.0600,-112,quote
183.143,68,place,RY,SELL,1000,100.0700,-112,quote
183.143,68,place,AC,BUY,1600,25.0100,408,quote
183.143,68,place,RY,SELL,100,103.0900,-112,ladder
183.252,68,place,CNR,SELL,1600,160.4700,912,quote
183.473,68,fill,CNR,BUY,1300,160.4250,2212,mode=mm
183.474,68,fill,RY,SELL,1000,100.0650,-1112,mode=mm
183.479,68,fill,AC,SELL,1707,25.0150,-1299,mode=mm
183.483,68,place,CNR,BUY,1100,160.3900,2212,quote
183.483,68,place,CNR,SELL,1800,160.4500,2212,quote
183.483,68,place,RY,BUY,1100,100.0700,-1112,quote
183.483,68,place,RY,SELL,1500,100.0800,-1112,quote
183.483,68,place,AC,BUY,3000,25.0100,-1299,quote
183.483,68,place,AC,SELL,200,25.0200,-1299,quote
183.690,68,fill,RY,BUY,1200,100.0750,88,mode=mm
183.691,68,fill,AC,BUY,407,25.0150,-892,mode=mm
183.691,68,place,CNR,BUY,1100,160.4100,2212,quote
183.691,68,place,AC,SELL,500,25.0200,-892,quote
183.773,68,place,RY,SELL,500,108.0900,88,ladder
183.773,68,place,RY,SELL,200,115.1000,88,ladder
183.847,68,fill,AC,SELL,500,25.0150,-1392,mode=mm
184.154,68,fill,AC,BUY,3000,25.0150,1608,mode=mm
184.580,68,place,CNR,BUY,100,160.4300,2212,quote
184.580,68,place,CNR,SELL,1800,160.4600,2212,quote
184.580,68,place,RY,SELL,100,100.0500,88,quote
184.643,68,regime,RY,,,,,"chop -> mixed (er=0.28, net -14t over 14s)"
184.735,68,place,RY,SELL,5000,100.0200,88,quote
184.893,68,fill,RY,SELL,5000,100.0200,-4912,mode=mm
185.081,68,place,CNR,BUY,1100,160.4300,2212,quote
185.081,68,place,RY,BUY,4900,100.0100,-4912,quote
185.081,68,place,RY,SELL,400,100.0300,-4912,quote
185.081,68,place,AC,BUY,200,25.0100,1608,quote
185.148,68,regime,RY,,,,,"mixed -> chop (er=0.22, net -10t over 14s)"
185.150,68,place,RY,BUY,4900,100.0200,-4912,quote
185.150,68,place,AC,SELL,1800,24.9900,1608,quote
185.409,68,fill,CNR,BUY,1100,160.4400,3312,mode=mm
185.411,68,fill,AC,SELL,1600,24.9850,8,mode=mm
185.670,68,fill,RY,BUY,4500,100.0250,-412,mode=mm
185.677,68,regime,RY,,,,,"chop -> mixed (er=0.26, net -12t over 14s)"
185.929,68,regime,RY,,,,,"mixed -> chop (er=0.17, net -9t over 14s)"
186.214,68,place,CNR,SELL,600,160.3000,3312,quote
186.450,68,place,CNR,SELL,100,160.2600,3312,quote
186.587,68,place,CNR,SELL,100,160.1800,3312,quote
186.695,69,place,AC,BUY,4900,25.0000,8,quote
186.695,69,place,AC,SELL,5000,25.0200,8,quote
186.695,69,place,CNR,BUY,900,160.1000,3312,quote
186.695,69,place,CNR,SELL,1900,160.1700,3312,quote
186.695,69,place,RY,BUY,1800,100.0500,-412,quote
186.695,69,place,RY,SELL,500,100.0600,-412,quote
186.948,69,fill,AC,SELL,2085,25.0150,-2077,mode=mm
187.207,69,fill,RY,SELL,500,100.0550,-912,mode=mm
187.255,69,regime,AC,,,,,"chop -> mixed (er=0.27, net +8t over 14s)"
187.507,69,regime,AC,,,,,"mixed -> chop (er=0.21, net +7t over 14s)"
187.507,69,stop,CNR,SELL,3312,159.9900,3312,loss=23.7t stop=21.7t trend_against=False
187.508,69,place,CNR,SELL,3312,159.9900,3312,agg
187.614,69,place,AC,BUY,5000,25.0200,-2077,quote
187.614,69,place,RY,SELL,2500,100.0700,-912,quote
187.786,69,fill,CNR,SELL,3312,160.0850,0,mode=mm
187.788,69,fill,RY,SELL,2500,100.0650,-3412,mode=mm
187.790,69,fill,AC,BUY,2568,25.0300,491,mode=mm
187.967,69,fill,AC,BUY,2432,25.0250,2923,mode=mm
188.193,69,place,RY,BUY,5000,100.0000,-3412,quote
188.193,69,place,RY,SELL,1800,100.0300,-3412,quote
188.193,69,place,CNR,SELL,1000,160.0500,0,quote
188.193,69,place,CNR,BUY,1500,155.4300,0,ladder
188.193,69,place,CNR,BUY,900,147.4200,0,ladder
188.193,69,place,CNR,BUY,200,136.2000,0,ladder
188.224,69,place,AC,SELL,5000,25.0200,2923,quote
188.519,69,fill,CNR,SELL,1000,160.0450,-1000,mode=mm
188.520,69,fill,AC,SELL,4500,25.0200,-1577,mode=mm
188.593,69,regime,RY,,,,,"chop -> mixed (er=0.25, net -13t over 14s)"
188.713,69,fill,AC,SELL,500,25.0050,-2077,mode=mm
188.859,69,regime,RY,,,,,"mixed -> chop (er=0.16, net -8t over 14s)"
188.974,69,place,AC,BUY,1800,25.0000,-2077,quote
189.238,69,fill,AC,BUY,1800,25.0050,-277,mode=mm
189.256,69,place,RY,BUY,5000,100.0400,-3412,quote
189.256,69,place,RY,SELL,3000,100.0700,-3412,quote
189.256,69,place,CNR,BUY,1000,160.1600,-1000,quote
189.256,69,place,CNR,SELL,900,160.1900,-1000,quote
189.256,69,place,AC,BUY,3000,25.0100,-277,quote
189.256,69,place,AC,SELL,100,25.0200,-277,quote
189.562,69,fill,CNR,BUY,1000,160.1600,0,mode=mm
189.563,69,fill,RY,BUY,5000,100.0550,1588,mode=mm
189.564,69,fill,AC,BUY,3000,25.0150,2723,mode=mm
189.812,69,fill,CNR,SELL,900,160.1700,-900,mode=mm
189.829,69,place,AC,SELL,1800,25.0200,2723,quote
190.063,69,place,RY,BUY,1300,100.0500,1588,quote
190.063,69,place,RY,SELL,5000,100.0600,1588,quote
190.063,69,place,CNR,BUY,100,160.0600,-900,quote
190.343,69,fill,CNR,BUY,100,159.9550,-800,mode=mm
190.343,69,fill,RY,SELL,5000,100.0600,-3412,mode=mm
190.344,69,fill,AC,SELL,1800,25.0150,923,mode=mm
190.349,69,place,AC,SELL,5000,25.0100,923,quote
190.349,69,place,CNR,BUY,800,160.1100,-800,quote
190.349,69,place,CNR,SELL,1600,160.1700,-800,quote
190.349,69,place,RY,BUY,5000,100.0700,-3412,quote
190.349,69,place,RY,SELL,600,100.0800,-3412,quote
190.620,69,fill,CNR,SELL,800,160.1400,-1600,mode=mm
190.620,69,fill,RY,BUY,6300,100.0750,2888,mode=mm
190.621,69,fill,AC,SELL,5000,25.0100,-4077,mode=mm
190.775,70,fill,RY,SELL,600,100.0750,2288,mode=mm
191.625,70,place,AC,BUY,1000,25.0000,-4077,quote
191.795,70,fill,AC,BUY,1000,25.0050,-3077,mode=mm
192.331,70,place,CNR,BUY,700,160.3100,-1600,quote
192.623,70,fill,CNR,BUY,700,160.3100,-900,mode=mm
192.624,70,place,RY,BUY,200,100.0500,2288,quote
192.624,70,place,RY,SELL,5000,100.0600,2288,quote
192.624,70,place,CNR,BUY,1900,160.1200,-900,quote
192.624,70,place,CNR,SELL,100,160.3200,-900,quote
192.645,70,place,CNR,BUY,100,155.4200,-900,ladder
192.892,70,fill,CNR,SELL,100,160.2150,-1000,mode=mm
192.892,70,fill,RY,SELL,300,100.0600,1988,mode=mm
192.893,70,place,AC,BUY,5000,24.9800,-3077,quote
192.893,70,place,AC,SELL,100,25.0100,-3077,quote
192.893,70,place,CNR,BUY,300,160.3200,-1000,quote
192.893,70,place,CNR,SELL,100,160.3400,-1000,quote
192.920,70,place,RY,BUY,3700,100.0500,1988,quote
192.920,70,place,CNR,SELL,1500,165.0400,-1000,ladder
192.920,70,place,CNR,BUY,1500,147.4100,-1000,ladder
192.920,70,place,CNR,SELL,1500,173.0500,-1000,ladder
192.920,70,place,CNR,BUY,2000,136.1900,-1000,ladder
192.920,70,place,CNR,SELL,2000,184.2600,-1000,ladder
193.157,70,fill,CNR,BUY,2200,160.3250,1200,mode=mm
193.159,70,fill,RY,SELL,4700,100.0550,-2712,mode=mm
193.160,70,fill,AC,SELL,100,24.9950,-3177,mode=mm
193.161,70,place,AC,BUY,3000,24.9900,-3177,quote
193.161,70,place,CNR,BUY,900,160.0900,1200,quote
193.161,70,place,CNR,SELL,3300,160.1200,1200,quote
193.161,70,place,RY,SELL,300,100.0600,-2712,quote
193.359,70,fill,CNR,SELL,2617,160.1200,-1417,mode=mm
194.065,70,fill,RY,BUY,3700,100.0550,988,mode=mm
194.312,70,place,RY,BUY,300,100.0400,988,quote
194.312,70,place,RY,SELL,5000,100.0500,988,quote
194.312,70,place,CNR,BUY,4300,160.0400,-1417,quote
194.312,70,place,CNR,SELL,100,160.0600,-1417,quote
194.312,70,place,AC,BUY,3000,25.0100,-3177,quote
194.585,70,fill,CNR,SELL,100,160.0550,-1517,mode=mm
194.585,70,fill,RY,BUY,300,100.0500,1288,mode=mm
194.585,70,fill,AC,BUY,3000,25.0100,-177,mode=mm
194.586,70,place,AC,BUY,1800,24.9900,-177,quote
194.586,70,place,AC,SELL,4800,25.0100,-177,quote
194.586,70,place,CNR,BUY,500,160.0300,-1517,quote
194.586,70,place,CNR,SELL,1000,160.0500,-1517,quote
194.895,70,fill,CNR,SELL,500,160.0450,-2017,mode=mm
194.895,70,fill,AC,SELL,1114,25.0000,-1291,mode=mm
195.099,71,fill,RY,SELL,116,100.0450,1172,mode=mm
195.099,71,fill,AC,SELL,1886,25.0000,-3177,mode=mm
195.100,71,place,AC,SELL,300,25.0100,-3177,quote
195.100,71,place,CNR,BUY,1500,159.9900,-2017,quote
195.100,71,place,CNR,SELL,100,160.0200,-2017,quote
195.100,71,place,RY,SELL,1800,100.0100,1172,quote
195.174,71,place,RY,BUY,100,99.9900,1172,quote
195.413,71,fill,CNR,SELL,100,160.0100,-2117,mode=mm
195.413,71,fill,RY,SELL,1800,100.0100,-628,mode=mm
195.415,71,fill,AC,SELL,300,24.9950,-3477,mode=mm
196.037,71,place,CNR,BUY,4400,160.2800,-2117,quote
196.037,71,place,CNR,SELL,2800,160.3000,-2117,quote
196.037,71,place,RY,BUY,3000,99.9900,-628,quote
196.037,71,place,RY,SELL,100,100.0000,-628,quote
196.158,71,place,AC,BUY,1800,24.9900,-3477,quote
196.369,71,fill,RY,SELL,100,99.9950,-728,mode=mm
196.369,71,regime,CNR,,,,,"3 stop-outs in 85s -> toxic flow: half size, no stepping inside for 30s"
196.369,71,stop,CNR,BUY,2117,160.3500,-2117,loss=21.0t stop=20.7t trend_against=False
196.373,71,place,CNR,BUY,2117,160.3500,-2117,agg
196.410,71,place,RY,BUY,600,100.0000,-728,quote
196.748,71,fill,CNR,BUY,2117,160.2950,0,mode=mm
196.748,71,fill,RY,BUY,600,100.0050,-128,mode=mm
196.748,71,fill,AC,BUY,1800,24.9950,-1677,mode=mm
196.865,71,place,CNR,BUY,1100,160.1700,0,quote
196.865,71,place,RY,BUY,1000,100.0100,-128,quote
196.865,71,place,RY,SELL,4900,100.0200,-128,quote
196.865,71,place,AC,BUY,100,24.9900,-1677,quote
196.865,71,place,CNR,SELL,1500,165.0000,0,ladder
196.865,71,place,CNR,SELL,900,173.0100,0,ladder
196.865,71,place,CNR,SELL,400,184.2300,0,ladder
197.275,71,fill,CNR,BUY,1100,160.2250,1100,mode=mm
197.276,71,fill,RY,BUY,1000,100.0150,872,mode=mm
197.278,71,fill,AC,BUY,100,24.9950,-1577,mode=mm
197.393,71,fill,RY,SELL,4900,100.0150,-4028,mode=mm
197.761,71,place,RY,BUY,5000,99.9900,-4028,quote
197.761,71,place,RY,SELL,2800,100.0100,-4028,quote
197.761,71,place,CNR,BUY,1000,160.1400,1100,quote
197.761,71,place,CNR,SELL,1100,160.2700,1100,quote
197.761,71,place,AC,BUY,5000,25.0100,-1577,quote
197.761,71,place,AC,SELL,2300,25.0700,-1577,quote
197.761,71,place,CNR,BUY,900,155.4000,1100,ladder
197.761,71,place,CNR,BUY,500,147.3900,1100,ladder
197.926,71,fill,CNR,SELL,1100,160.2050,0,mode=mm
197.927,71,fill,RY,SELL,2800,99.9950,-6828,mode=mm
198.201,71,fill,AC,BUY,1000,25.0400,-577,mode=mm
198.202,71,stop,AC,BUY,577,25.1000,-577,loss=6.0t stop=5.0t trend_against=False
198.205,71,place,AC,BUY,577,25.1000,-577,agg
198.441,71,fill,AC,BUY,577,25.0400,0,mode=mm
198.464,71,place,CNR,BUY,1100,160.0700,0,quote
198.464,71,place,RY,BUY,5000,100.0200,-6828,quote
198.464,71,place,RY,SELL,300,100.0700,-6828,quote
198.578,71,fill,RY,BUY,1100,100.0350,-5728,mode=mm
198.658,71,fill,RY,BUY,3900,100.0250,-1828,mode=mm
199.224,72,place,CNR,BUY,1900,159.9300,0,quote
199.224,72,place,RY,BUY,5000,100.0500,-1828,quote
199.224,72,place,RY,SELL,3800,100.0600,-1828,quote
199.224,72,place,AC,BUY,1800,25.0300,0,quote
199.224,72,place,CNR,BUY,700,136.1600,0,ladder
199.421,72,fill,RY,BUY,1200,100.0550,-628,mode=mm
199.423,72,place,RY,BUY,1000,100.0700,-628,quote
199.423,72,place,RY,SELL,4500,100.0800,-628,quote
199.423,72,place,CNR,BUY,300,160.0500,0,quote
199.753,72,fill,CNR,BUY,300,160.0650,300,mode=mm
199.753,72,fill,RY,BUY,1000,100.0700,372,mode=mm
199.754,72,fill,AC,BUY,1800,25.0350,1800,mode=mm
199.755,72,place,CNR,SELL,1900,160.0800,300,quote
199.755,72,place,AC,BUY,1300,25.0300,1800,quote
199.755,72,place,AC,SELL,1800,25.0400,1800,quote
199.996,72,fill,CNR,SELL,1900,160.0650,-1600,mode=mm
199.997,72,stop,CNR,BUY,1600,160.2600,-1600,loss=17.0t stop=16.9t trend_against=False
199.999,72,place,CNR,BUY,1600,160.2600,-1600,agg
200.305,72,fill,CNR,BUY,1600,160.1550,0,mode=mm
200.308,72,place,CNR,BUY,300,160.2200,0,quote
200.308,72,place,RY,BUY,100,100.0400,372,quote
200.308,72,place,CNR,SELL,300,164.9700,0,ladder
200.308,72,place,CNR,SELL,100,172.9800,0,ladder
200.331,72,place,RY,SELL,1800,100.0500,372,quote
200.331,72,place,AC,BUY,100,25.0300,1800,quote
200.331,72,place,CNR,SELL,700,184.2000,0,ladder
200.498,72,fill,RY,SELL,1800,100.0450,-1428,mode=mm
200.742,72,place,CNR,BUY,1900,160.1500,0,quote
200.742,72,place,RY,BUY,3000,100.0400,-1428,quote
200.742,72,place,AC,BUY,400,25.0300,1800,quote
200.742,72,place,CNR,BUY,100,155.3700,0,ladder
200.742,72,place,CNR,BUY,100,147.3600,0,ladder
200.792,72,place,CNR,BUY,400,136.1500,0,ladder
200.965,72,fill,RY,BUY,3000,100.0400,1572,mode=mm
200.967,72,fill,AC,SELL,1800,25.0350,0,mode=mm
201.168,72,place,CNR,BUY,600,160.2100,0,quote
201.168,72,place,RY,BUY,400,100.0300,1572,quote
201.168,72,place,RY,SELL,5000,100.0400,1572,quote
201.168,72,place,AC,BUY,1000,25.0300,0,quote
201.259,72,place,RY,SELL,5000,100.0300,1572,quote
201.486,72,fill,RY,SELL,2503,100.0250,-931,mode=mm
201.784,72,place,RY,BUY,5000,100.0100,-931,quote
201.784,72,place,CNR,BUY,1900,160.1700,0,quote
201.784,72,place,AC,BUY,1000,25.0300,0,quote
201.784,72,place,AC,SELL,1000,25.0400,0,quote
201.979,72,fill,RY,BUY,2903,100.0150,1972,mode=mm
202.283,72,place,RY,BUY,700,99.9900,1972,quote
202.283,72,place,RY,SELL,5000,100.0100,1972,quote
202.283,72,place,CNR,BUY,300,160.1300,0,quote
202.283,72,place,AC,BUY,100,25.0300,0,quote
202.283,72,place,AC,SELL,1000,25.0400,0,quote
202.478,72,fill,RY,SELL,3997,100.0050,-2025,mode=mm
202.763,73,place,CNR,BUY,1900,160.1600,0,quote
202.763,73,place,RY,BUY,3000,100.0000,-2025,quote
202.763,73,place,RY,SELL,1300,100.0100,-2025,quote
202.763,73,place,AC,BUY,1000,25.0300,0,quote
202.763,73,place,AC,SELL,600,25.0400,0,quote
203.040,73,place,CNR,BUY,600,160.2800,0,quote
203.040,73,place,AC,BUY,600,25.0300,0,quote
203.040,73,place,AC,SELL,100,25.0400,0,quote
203.145,73,place,CNR,SELL,1900,160.3400,0,quote
203.331,73,fill,CNR,BUY,600,160.3000,600,mode=mm
203.331,73,fill,RY,BUY,3000,100.0050,975,mode=mm
203.366,73,place,CNR,BUY,1000,160.1600,600,quote
203.366,73,place,CNR,SELL,1200,160.2800,600,quote
203.366,73,place,RY,BUY,900,100.0000,975,quote
203.366,73,place,RY,SELL,5000,100.0100,975,quote
203.366,73,place,AC,BUY,300,25.0300,0,quote
203.366,73,place,AC,SELL,300,25.0400,0,quote
203.608,73,fill,RY,SELL,2302,100.0050,-1327,mode=mm
203.610,73,place,CNR,BUY,1700,160.2600,600,quote
203.610,73,place,CNR,SELL,2000,160.3200,600,quote
203.610,73,place,RY,BUY,600,100.0100,-1327,quote
203.610,73,place,RY,SELL,800,100.0200,-1327,quote
203.610,73,place,AC,BUY,100,25.0300,0,quote
203.610,73,place,AC,SELL,100,25.0400,0,quote
203.667,73,place,CNR,SELL,2000,160.3100,600,quote
203.819,73,place,RY,BUY,300,100.0000,-1327,quote
203.819,73,place,RY,SELL,4100,100.0100,-1327,quote
203.834,73,fill,CNR,BUY,1500,160.2850,2100,mode=mm
203.835,73,fill,RY,BUY,600,100.0050,-727,mode=mm
204.036,73,fill,RY,SELL,4100,100.0050,-4827,mode=mm
204.538,73,place,CNR,BUY,800,160.2200,2100,quote
204.538,73,place,CNR,SELL,2200,160.2500,2100,quote
204.538,73,place,RY,BUY,5000,100.0000,-4827,quote
204.538,73,place,RY,SELL,500,100.0200,-4827,quote
204.839,73,fill,CNR,BUY,800,160.2350,2900,mode=mm
204.839,73,fill,RY,BUY,166,100.0050,-4661,mode=mm
204.855,73,place,RY,SELL,2500,100.0200,-4661,quote
204.855,73,place,AC,BUY,3000,25.0300,0,quote
204.855,73,place,AC,SELL,3000,25.0400,0,quote
205.296,73,fill,RY,BUY,4834,100.0050,173,mode=mm
205.298,73,place,CNR,BUY,1200,160.1200,2900,quote
205.298,73,place,CNR,SELL,2300,160.2200,2900,quote
205.298,73,place,RY,BUY,1600,100.0000,173,quote
205.359,73,place,RY,SELL,3000,100.0100,173,quote
205.531,73,place,CNR,SELL,2300,160.2100,2900,quote
205.582,73,place,CNR,BUY,400,160.1300,2900,quote
205.582,73,place,RY,BUY,100,100.0000,173,quote
205.889,73,fill,CNR,BUY,400,160.1750,3300,mode=mm
205.889,73,fill,AC,BUY,200,25.0350,200,mode=mm
206.152,73,place,CNR,BUY,1200,160.0700,3300,quote
206.152,73,place,CNR,SELL,2400,160.1300,3300,quote
206.152,73,place,RY,BUY,500,100.0000,173,quote
206.345,73,fill,RY,BUY,500,100.0050,673,mode=mm
206.345,73,fill,AC,BUY,2800,25.0350,3000,mode=mm
206.349,73,place,RY,BUY,1600,99.9900,673,quote
206.349,73,place,CNR,SELL,400,160.1200,3300,quote
206.369,73,place,RY,SELL,3000,100.0000,673,quote
206.369,73,place,AC,BUY,100,25.0300,3000,quote
206.500,73,place,CNR,BUY,100,160.0800,3300,quote
206.558,73,place,CNR,SELL,2400,160.1200,3300,quote
206.765,74,regime,AC,,,,,"chop -> mixed (er=0.33, net +4t over 14s)"
206.923,74,place,CNR,BUY,1200,160.0800,3300,quote
206.923,74,place,AC,BUY,1100,25.0300,3000,quote
207.073,74,place,CNR,BUY,400,160.0900,3300,quote
207.088,74,place,AC,BUY,100,25.0300,3000,quote
207.192,74,stop,CNR,SELL,3300,160.0600,3300,loss=13.7t stop=12.7t trend_against=False
207.193,74,place,CNR,SELL,3300,160.0600,3300,agg
207.369,74,fill,CNR,SELL,3300,160.1050,0,mode=mm
207.370,74,regime,AC,,,,,"mixed -> chop (er=0.20, net +2t over 14s)"
207.371,74,place,CNR,SELL,1100,160.1200,0,quote
207.371,74,place,AC,BUY,300,25.0300,3000,quote
207.371,74,place,CNR,BUY,1500,155.3700,0,ladder
207.371,74,place,CNR,SELL,100,164.9800,0,ladder
207.371,74,place,CNR,BUY,1500,147.3600,0,ladder
207.371,74,place,CNR,BUY,2000,136.1500,0,ladder
207.529,74,place,CNR,SELL,1500,172.9900,0,ladder
207.529,74,place,CNR,SELL,700,184.2000,0,ladder
207.569,74,fill,RY,BUY,1218,99.9950,1891,mode=mm
207.639,74,regime,AC,,,,,"chop -> mixed (er=0.41, net +4t over 14s)"
208.300,74,place,RY,BUY,3800,99.9900,1891,quote
208.300,74,place,AC,BUY,300,25.0300,3000,quote
208.587,74,place,AC,BUY,100,25.0300,3000,quote
208.821,74,place,AC,BUY,1900,25.0300,3000,quote
210.284,74,place,CNR,BUY,1900,160.0900,0,quote
210.775,74,fill,CNR,BUY,186,160.1050,186,mode=mm
210.775,74,place,CNR,SELL,1100,160.1000,186,quote
210.930,75,place,CNR,BUY,300,160.0800,186,quote
210.930,75,place,CNR,SELL,1900,160.1100,186,quote
211.157,75,place,CNR,BUY,100,160.0800,186,quote
211.384,75,place,CNR,BUY,100,160.0800,186,quote
211.868,75,regime,AC,,,,,"mixed -> chop (er=0.00, net +0t over 14s)"
212.128,75,regime,AC,,,,,"chop -> mixed (er=1.00, net -0t over 14s)"
212.157,75,place,CNR,BUY,1900,160.0800,186,quote
213.224,75,regime,RY,,,,,"chop -> mixed (er=0.47, net -7t over 14s)"
213.224,75,regime,AC,,,,,"mixed -> chop (er=0.00, net +0t over 14s)"
215.623,76,regime,CNR,,,,,"chop -> mixed (er=0.28, net -19t over 14s)"
216.146,76,regime,CNR,,,,,"mixed -> chop (er=0.13, net -7t over 14s)"
216.405,76,regime,CNR,,,,,"chop -> mixed (er=0.27, net -13t over 14s)"
216.614,76,regime,RY,,,,,"mixed -> chop (er=0.14, net -0t over 14s)"
216.872,76,regime,RY,,,,,"chop -> mixed (er=0.33, net -1t over 14s)"
216.922,76,regime,CNR,,,,,"mixed -> TREND (er=0.51, net -21t over 14s)"
218.046,76,place,RY,BUY,400,99.9800,1891,quote
218.046,76,place,RY,SELL,5000,99.9900,1891,quote
218.301,76,fill,RY,SELL,394,99.9900,1497,mode=mm
218.302,76,place,RY,BUY,400,99.9800,1497,quote
218.549,76,place,RY,BUY,100,99.9800,1497,quote
219.316,77,place,RY,BUY,2400,99.9700,1497,quote
219.316,77,place,RY,SELL,5000,99.9800,1497,quote
219.565,77,fill,RY,SELL,5000,99.9800,-3503,mode=mm
220.052,77,regime,CNR,,,,,"TREND -> mixed (er=1.00, net -2t over 14s)"
220.855,77,place,RY,SELL,1800,99.9800,-3503,quote
224.772,78,regime,CNR,,,,,"mixed -> chop (er=0.00, net +0t over 14s)"
233.783,80,regime,RY,,,,,"mixed -> chop (er=0.00, net +0t over 14s)"
246.057,83,fill,RY,SELL,1800,99.9750,-5303,mode=mm
246.057,83,regime,RY,,,,,"chop -> mixed (er=1.00, net +0t over 14s)"
246.058,83,place,RY,BUY,5000,99.9800,-5303,quote
246.058,83,place,RY,SELL,2300,100.0000,-5303,quote
247.346,84,fill,RY,SELL,2300,99.9850,-7603,mode=mm
247.347,84,place,RY,SELL,1600,100.0000,-7603,quote
247.575,84,fill,RY,BUY,5000,99.9850,-2603,mode=mm
247.589,84,place,RY,BUY,5000,99.9800,-2603,quote
247.589,84,place,RY,SELL,3400,99.9900,-2603,quote
247.589,84,place,RY,SELL,1500,102.9800,-2603,ladder
247.589,84,place,RY,SELL,1500,107.9800,-2603,ladder
247.589,84,place,RY,SELL,2000,114.9700,-2603,ladder
247.832,84,fill,RY,BUY,5000,99.9850,2397,mode=mm
247.833,84,place,RY,BUY,700,99.9700,2397,quote
247.833,84,place,RY,SELL,5000,99.9800,2397,quote
248.387,84,regime,RY,,,,,"mixed -> chop (er=0.00, net +0t over 14s)"
248.596,84,fill,RY,SELL,5000,99.9750,-2603,mode=mm
248.598,84,place,RY,SELL,400,99.9900,-2603,quote
248.831,84,fill,RY,SELL,400,99.9800,-3003,mode=mm
248.832,84,regime,RY,,,,,"3 stop-outs in 85s -> toxic flow: half size, no stepping inside for 30s"
248.832,84,stop,RY,BUY,3003,100.0300,-3003,loss=15.9t stop=5.0t trend_against=False
248.836,84,place,RY,BUY,3003,100.0300,-3003,agg
248.914,84,regime,RY,,,,,"chop -> mixed (er=0.33, net +1t over 14s)"
249.096,84,fill,RY,BUY,3003,99.9850,0,mode=mm
249.097,84,place,RY,BUY,2500,99.9700,0,quote
249.097,84,place,RY,BUY,1500,96.9800,0,ladder
249.097,84,place,RY,SELL,1500,102.9800,0,ladder
249.097,84,place,RY,BUY,300,91.9800,0,ladder
249.097,84,place,RY,SELL,1500,107.9800,0,ladder
249.097,84,place,RY,BUY,100,84.9800,0,ladder
249.097,84,place,RY,SELL,2000,114.9800,0,ladder
249.692,84,regime,RY,,,,,"mixed -> chop (er=0.25, net +1t over 14s)"
250.590,84,place,RY,BUY,2500,99.9600,0,quote
250.648,84,place,RY,BUY,2500,99.9700,0,quote
250.913,85,place,RY,BUY,2500,99.9600,0,quote
251.189,85,place,RY,BUY,2500,99.9700,0,quote
252.073,85,place,RY,SELL,2500,100.0000,0,quote
252.983,85,fill,RY,BUY,2500,99.9850,2500,mode=mm
252.985,85,place,RY,BUY,1700,99.9500,2500,quote
253.223,85,place,RY,SELL,2900,99.9900,2500,quote
253.479,85,place,RY,BUY,1700,99.9600,2500,quote
254.245,85,place,RY,BUY,1700,99.9500,2500,quote
254.485,85,place,RY,SELL,2900,99.9800,2500,quote
254.755,85,fill,RY,SELL,2900,99.9650,-400,mode=mm
254.771,85,place,RY,SELL,2300,99.9800,-400,quote
255.021,86,place,RY,BUY,2500,99.9400,-400,quote
255.264,86,place,RY,BUY,2500,99.9500,-400,quote
255.523,86,place,RY,BUY,2500,99.9400,-400,quote
255.795,86,place,RY,SELL,2300,99.9700,-400,quote
256.296,86,place,RY,BUY,2500,99.9300,-400,quote
256.296,86,place,RY,SELL,2300,99.9600,-400,quote
256.460,86,regime,RY,,,,,"chop -> mixed (er=0.27, net -3t over 14s)"
256.538,86,fill,RY,SELL,2300,99.9450,-2700,mode=mm
256.539,86,place,RY,SELL,1600,99.9700,-2700,quote
256.714,86,regime,RY,,,,,"mixed -> chop (er=0.22, net -3t over 14s)"
257.310,86,place,RY,BUY,2900,99.9500,-2700,quote
257.310,86,place,RY,SELL,1600,99.9800,-2700,quote
257.571,86,fill,RY,BUY,2900,99.9650,200,mode=mm
258.847,86,place,RY,BUY,2400,99.9500,200,quote
260.346,87,fill,RY,SELL,1600,99.9650,-1400,mode=mm
260.349,87,place,RY,SELL,2000,100.0000,-1400,quote
260.612,87,place,RY,SELL,2000,99.9900,-1400,quote
260.866,87,place,RY,SELL,2000,99.9800,-1400,quote
261.133,87,fill,RY,SELL,2000,99.9650,-3400,mode=mm
261.135,87,stop,RY,BUY,3400,100.1100,-3400,loss=8.0t stop=5.0t trend_against=False
261.137,87,place,RY,BUY,3400,100.1100,-3400,agg
261.364,87,fill,RY,BUY,3400,100.0150,0,mode=mm
261.365,87,place,RY,BUY,2500,99.9800,0,quote
261.365,87,place,RY,BUY,1500,96.9700,0,ladder
261.365,87,place,RY,SELL,1500,102.9700,0,ladder
261.365,87,place,RY,BUY,1500,91.9700,0,ladder
261.365,87,place,RY,SELL,1500,107.9700,0,ladder
261.365,87,place,RY,BUY,2000,84.9700,0,ladder
261.365,87,place,RY,SELL,2000,114.9700,0,ladder
261.625,87,place,RY,BUY,2500,99.9900,0,quote
261.880,87,place,RY,BUY,300,100.0000,0,quote
262.144,87,place,RY,BUY,100,100.0000,0,quote
262.396,87,place,RY,BUY,2500,100.0100,0,quote
262.437,87,regime,RY,,,,,"chop -> mixed (er=0.27, net +6t over 14s)"
262.604,87,place,RY,BUY,1500,100.0200,0,quote
263.466,88,regime,RY,,,,,"mixed -> chop (er=0.24, net +5t over 14s)"
263.689,88,fill,RY,BUY,1500,100.0400,1500,mode=mm
263.690,88,place,RY,BUY,2000,100.0300,1500,quote
263.690,88,place,RY,SELL,1500,100.0600,1500,quote
263.734,88,regime,RY,,,,,"chop -> mixed (er=0.29, net +6t over 14s)"
263.926,88,fill,RY,BUY,2000,100.0450,3500,mode=mm
263.927,88,stop,RY,SELL,3500,100.0100,3500,loss=8.6t stop=5.0t trend_against=False
263.928,88,place,RY,SELL,3500,100.0100,3500,agg
264.192,88,fill,RY,SELL,3500,100.0450,0,mode=mm
264.193,88,place,RY,BUY,1500,97.0000,0,ladder
264.193,88,place,RY,SELL,1500,103.0000,0,ladder
264.193,88,place,RY,BUY,1500,92.0000,0,ladder
264.193,88,place,RY,SELL,1500,108.0000,0,ladder
264.193,88,place,RY,BUY,2000,85.0000,0,ladder
264.193,88,place,RY,SELL,2000,115.0000,0,ladder
264.253,88,regime,RY,,,,,"mixed -> chop (er=0.10, net +2t over 14s)"
264.357,88,place,RY,SELL,2500,100.0300,0,quote
264.959,88,fill,AC,BUY,1900,25.0350,4900,mode=mm
265.221,88,place,RY,SELL,2500,100.0400,0,quote
265.221,88,place,AC,BUY,2400,25.0200,4900,quote
265.738,88,place,RY,SELL,300,100.0300,0,quote
265.977,88,place,RY,SELL,1500,100.0300,0,quote
267.182,89,place,RY,BUY,2500,99.9300,0,quote
267.265,89,place,RY,BUY,2500,99.9800,0,quote
267.553,89,place,RY,BUY,2500,99.9900,0,quote
267.553,89,place,RY,SELL,2500,100.0200,0,quote
268.047,89,fill,RY,BUY,2500,100.0050,2500,mode=mm
268.050,89,place,RY,BUY,600,99.9900,2500,quote
268.573,89,fill,RY,BUY,600,100.0050,3100,mode=mm
268.575,89,place,RY,BUY,1600,99.9600,3100,quote
268.832,89,place,RY,BUY,1600,99.9700,3100,quote
268.832,89,place,RY,SELL,3000,100.0000,3100,quote
269.591,89,fill,RY,BUY,1600,99.9850,4700,mode=mm
269.593,89,place,RY,BUY,1200,99.9100,4700,quote
269.828,89,place,RY,BUY,1200,99.9200,4700,quote
269.828,89,place,RY,SELL,3300,99.9800,4700,quote
270.039,89,place,RY,BUY,400,99.9300,4700,quote
270.089,89,place,RY,SELL,3300,99.9700,4700,quote
270.166,89,place,RY,BUY,1200,99.9300,4700,quote
270.361,89,stop,RY,SELL,4700,99.8800,4700,loss=5.3t stop=5.0t trend_against=False
270.361,89,place,RY,SELL,4700,99.8800,4700,agg
270.600,89,fill,RY,SELL,4700,99.9350,0,mode=mm
271.381,90,place,RY,SELL,2500,99.9500,0,quote
271.381,90,place,RY,BUY,1500,96.9800,0,ladder
271.381,90,place,RY,SELL,100,102.9800,0,ladder
271.381,90,place,RY,BUY,1500,91.9800,0,ladder
271.381,90,place,RY,SELL,100,107.9800,0,ladder
271.381,90,place,RY,BUY,2000,84.9800,0,ladder
271.626,90,place,RY,SELL,2000,114.9800,0,ladder
272.137,90,fill,RY,SELL,1995,99.9300,-1995,mode=mm
272.138,90,place,RY,BUY,1900,99.9100,-1995,quote
272.138,90,place,RY,SELL,1800,99.9400,-1995,quote
272.382,90,fill,RY,SELL,1800,99.9250,-3795,mode=mm
273.177,90,place,RY,SELL,1400,99.9600,-3795,quote
273.451,90,place,RY,BUY,3100,99.9300,-3795,quote
273.704,90,fill,RY,SELL,1287,99.9450,-5082,mode=mm
273.705,90,place,RY,SELL,1200,99.9800,-5082,quote
273.987,90,fill,RY,SELL,113,99.9500,-5195,mode=mm
274.218,90,place,RY,SELL,1100,99.9700,-5195,quote
274.715,90,place,RY,BUY,3400,99.9200,-5195,quote
274.715,90,place,RY,SELL,1100,99.9600,-5195,quote
274.985,90,fill,RY,BUY,3100,99.9350,-2095,mode=mm
274.986,90,place,RY,SELL,1800,99.9500,-2095,quote
275.034,91,regime,RY,,,,,"chop -> mixed (er=0.30, net -8t over 14s)"
275.241,91,place,RY,SELL,1800,99.9600,-2095,quote
275.723,91,place,RY,SELL,1800,99.9600,-2095,quote
275.743,91,fill,RY,SELL,1800,99.9400,-3895,mode=mm
276.017,91,place,RY,BUY,3100,99.9300,-3895,quote
276.260,91,fill,RY,BUY,3100,99.9450,-795,mode=mm
276.261,91,place,RY,BUY,2600,99.9100,-795,quote
276.504,91,place,RY,SELL,2200,99.9500,-795,quote
276.761,91,place,RY,SELL,2200,99.9400,-795,quote
278.850,92,place,RY,BUY,5000,99.9200,-795,quote
278.850,92,place,RY,SELL,4400,99.9300,-795,quote
279.328,92,fill,RY,BUY,5000,99.9250,4205,mode=mm
280.062,92,place,RY,BUY,900,99.9100,4205,quote
280.062,92,place,RY,SELL,5000,99.9200,4205,quote
280.088,92,place,RY,BUY,500,99.9100,4205,quote
280.353,92,place,RY,BUY,2700,99.9100,4205,quote
280.594,92,fill,RY,SELL,5000,99.9150,-795,mode=mm
280.594,92,place,RY,BUY,5000,99.9300,-795,quote
280.594,92,place,RY,SELL,4400,99.9400,-795,quote
281.110,92,fill,RY,SELL,4400,99.9350,-5195,mode=mm
281.270,92,regime,RY,,,,,"mixed -> chop (er=0.14, net -3t over 14s)"
281.532,92,regime,RY,,,,,"chop -> mixed (er=0.29, net -6t over 14s)"
281.608,92,place,RY,BUY,5000,99.9400,-5195,quote
281.608,92,place,RY,SELL,2300,99.9600,-5195,quote
282.139,92,fill,RY,SELL,2300,99.9450,-7495,mode=mm
282.141,92,place,RY,BUY,5000,99.9600,-7495,quote
282.141,92,place,RY,SELL,1700,100.0000,-7495,quote
282.249,92,place,RY,SELL,1700,99.9900,-7495,quote
282.300,92,regime,RY,,,,,"mixed -> chop (er=0.17, net -4t over 14s)"
282.387,92,place,RY,BUY,5000,99.9700,-7495,quote
282.406,92,place,RY,SELL,300,99.9900,-7495,quote
282.621,92,fill,RY,BUY,5000,99.9700,-2495,mode=mm
283.404,93,place,RY,BUY,3000,100.0000,-2495,quote
283.404,93,place,RY,SELL,3500,100.0200,-2495,quote
283.404,93,place,RY,SELL,1500,102.9500,-2495,ladder
283.404,93,place,RY,SELL,1500,107.9400,-2495,ladder
283.404,93,place,RY,SELL,2000,114.9400,-2495,ladder
283.663,93,regime,RY,,,,,"3 stop-outs in 85s -> toxic flow: half size, no stepping inside for 30s"
283.663,93,stop,RY,BUY,2495,100.0600,-2495,loss=6.6t stop=5.0t trend_against=False
283.664,93,place,RY,BUY,2495,100.0600,-2495,agg
283.907,93,fill,RY,BUY,2495,100.0050,0,mode=mm
283.907,93,place,RY,BUY,100,96.9500,0,ladder
283.907,93,place,RY,SELL,1500,102.9500,0,ladder
283.907,93,place,RY,BUY,100,91.9600,0,ladder
283.907,93,place,RY,SELL,1500,107.9500,0,ladder
283.907,93,place,RY,SELL,2000,114.9500,0,ladder
284.916,93,place,RY,BUY,2500,99.9700,0,quote
284.916,93,place,RY,BUY,2000,84.9700,0,ladder
285.188,93,regime,RY,,,,,"chop -> mixed (er=0.28, net +6t over 14s)"
285.437,93,place,RY,BUY,2500,99.9800,0,quote
285.676,93,fill,RY,BUY,2500,100.0000,2500,mode=mm
285.678,93,place,RY,BUY,1700,99.9900,2500,quote
285.678,93,place,RY,SELL,2500,100.0200,2500,quote
286.203,93,fill,RY,BUY,1700,100.0050,4200,mode=mm
286.203,93,place,RY,BUY,1300,99.9900,4200,quote
286.472,93,fill,RY,BUY,1300,100.0050,5500,mode=mm
286.473,93,stop,RY,SELL,5000,99.8800,5500,loss=7.1t stop=5.0t trend_against=False
286.474,93,place,RY,SELL,5000,99.8800,5500,agg
286.525,93,regime,RY,,,,,"mixed -> chop (er=0.15, net +4t over 14s)"
286.610,93,fill,RY,SELL,5000,99.9650,500,mode=mm
286.612,93,place,RY,SELL,500,100.0000,500,quote
286.612,93,place,RY,BUY,1500,96.9700,500,ladder
286.612,93,place,RY,SELL,1500,102.9700,500,ladder
286.612,93,place,RY,BUY,1500,91.9700,500,ladder
286.612,93,place,RY,SELL,1500,107.9700,500,ladder
286.612,93,place,RY,BUY,2000,84.9800,500,ladder
286.612,93,place,RY,SELL,200,114.9700,500,ladder
286.952,94,fill,RY,SELL,500,99.9850,0,mode=mm
287.627,94,place,RY,SELL,2500,100.0200,0,quote
288.001,94,fill,RY,SELL,2500,100.0050,-2500,mode=mm
288.005,94,place,RY,BUY,2500,99.9900,-2500,quote
288.005,94,place,RY,SELL,1700,100.0400,-2500,quote
288.272,94,place,RY,BUY,2500,100.0000,-2500,quote
288.272,94,place,RY,SELL,600,100.0300,-2500,quote
288.513,94,fill,RY,BUY,2500,100.0150,0,mode=mm
288.514,94,place,RY,SELL,2500,100.0300,0,quote
288.773,94,place,RY,SELL,100,100.0200,0,quote
289.046,94,place,RY,SELL,2500,100.0100,0,quote
289.295,94,place,RY,SELL,2500,100.0000,0,quote
289.611,94,place,RY,BUY,2500,99.8800,0,quote
289.611,94,place,RY,SELL,2500,99.9800,0,quote
289.817,94,place,RY,BUY,2500,99.8700,0,quote
289.817,94,place,RY,SELL,1500,99.9600,0,quote
290.050,94,place,RY,BUY,2500,99.8800,0,quote
290.077,94,place,RY,SELL,2500,99.9400,0,quote
290.179,94,place,RY,BUY,500,99.8800,0,quote
290.350,94,place,RY,BUY,100,99.8900,0,quote
290.350,94,place,RY,SELL,900,99.9300,0,quote
290.593,94,fill,RY,SELL,867,99.9150,-867,mode=mm
290.629,94,place,RY,BUY,900,99.8900,-867,quote
290.840,94,place,RY,BUY,2600,99.8900,-867,quote
291.097,95,place,RY,BUY,1500,99.8800,-867,quote
291.149,95,place,RY,BUY,900,99.8900,-867,quote
291.335,95,fill,RY,SELL,900,99.9100,-1767,mode=mm
291.336,95,stop,RY,BUY,1767,99.9500,-1767,loss=5.5t stop=5.0t trend_against=False
291.337,95,place,RY,BUY,1767,99.9500,-1767,agg
291.610,95,fill,RY,BUY,1767,99.9150,0,mode=mm
291.612,95,place,RY,BUY,2500,99.8900,0,quote
291.612,95,place,RY,BUY,300,96.9600,0,ladder
291.612,95,place,RY,SELL,1500,102.9600,0,ladder
291.612,95,place,RY,BUY,100,91.9600,0,ladder
291.612,95,place,RY,SELL,1500,107.9600,0,ladder
291.612,95,place,RY,SELL,2000,114.9500,0,ladder
291.846,95,place,RY,BUY,100,84.9600,0,ladder
292.103,95,place,RY,BUY,900,99.9200,0,quote
292.339,95,place,RY,BUY,2500,99.9100,0,quote
292.393,95,place,RY,BUY,100,99.9200,0,quote
292.630,95,place,RY,BUY,2500,99.9300,0,quote
292.896,95,place,RY,BUY,2500,99.9400,0,quote
293.684,95,place,RY,BUY,2500,99.9500,0,quote
294.192,95,place,RY,BUY,2500,99.9600,0,quote
294.434,95,place,RY,BUY,2500,99.9700,0,quote
294.583,95,place,RY,SELL,2500,100.0100,0,quote
294.644,95,place,RY,BUY,2500,99.9800,0,quote
294.683,95,fill,RY,SELL,2500,99.9950,-2500,mode=mm
294.684,95,place,RY,SELL,1700,100.0200,-2500,quote
294.970,95,place,RY,BUY,2900,99.9900,-2500,quote
295.456,96,fill,RY,SELL,1700,100.0050,-4200,mode=mm
295.457,96,place,RY,SELL,1300,100.0300,-4200,quote
295.704,96,place,RY,BUY,3200,100.0000,-4200,quote
296.977,96,fill,RY,SELL,1300,100.0150,-5500,mode=mm
296.978,96,place,RY,SELL,1100,100.0600,-5500,quote
297.489,96,place,RY,BUY,3400,100.0100,-5500,quote
297.489,96,place,RY,SELL,1100,100.0500,-5500,quote
297.757,96,fill,RY,SELL,1100,100.0250,-6600,mode=mm
297.757,96,place,RY,BUY,3600,100.0200,-6600,quote
297.757,96,place,RY,SELL,500,100.0700,-6600,quote
298.001,96,fill,RY,BUY,3600,100.0350,-3000,mode=mm
298.003,96,place,RY,BUY,3000,100.0000,-3000,quote
298.247,96,place,RY,BUY,3000,100.0100,-3000,quote
298.247,96,place,RY,SELL,1600,100.0400,-3000,quote
298.502,96,fill,RY,BUY,3000,100.0250,0,mode=mm
299.254,97,fill,RY,SELL,1600,100.0250,-1600,mode=mm
299.256,97,place,RY,SELL,1900,100.0500,-1600,quote
299.521,97,place,RY,SELL,1900,100.0400,-1600,quote
300.316,97,fill,RY,SELL,1900,100.0250,-3500,mode=mm
300.317,97,place,RY,SELL,1500,100.0700,-3500,quote
300.564,97,place,RY,BUY,3100,100.0200,-3500,quote
300.564,97,place,RY,SELL,1500,100.0600,-3500,quote
301.337,97,fill,RY,BUY,3100,100.0400,-400,mode=mm
301.338,97,place,RY,BUY,2500,100.0000,-400,quote
301.338,97,place,RY,SELL,2300,100.0300,-400,quote
301.619,97,fill,RY,BUY,2500,100.0150,2100,mode=mm
301.622,97,place,RY,BUY,1800,99.9400,2100,quote
301.622,97,place,RY,SELL,2800,100.0200,2100,quote
301.842,97,place,RY,BUY,1800,99.9500,2100,quote
301.842,97,place,RY,SELL,2800,100.0300,2100,quote
301.892,97,place,RY,BUY,1800,99.9600,2100,quote
302.109,97,place,RY,BUY,1800,99.9700,2100,quote
302.109,97,place,RY,SELL,2800,100.0200,2100,quote
302.416,97,place,RY,BUY,1800,99.9800,2100,quote
302.416,97,place,RY,SELL,500,100.0100,2100,quote
302.610,97,fill,RY,BUY,1800,99.9950,3900,mode=mm
303.095,98,place,RY,BUY,1400,99.9700,3900,quote
303.095,98,place,RY,SELL,3100,100.0100,3900,quote
303.207,98,place,RY,SELL,3100,100.0000,3900,quote
303.450,98,fill,RY,BUY,1400,99.9850,5300,mode=mm
303.451,98,place,RY,BUY,1100,99.9600,5300,quote
304.236,98,regime,RY,,,,,"chop -> mixed (er=0.26, net +7t over 14s)"
304.686,98,fill,RY,SELL,3100,99.9850,2200,mode=mm
304.688,98,place,RY,BUY,1800,99.9700,2200,quote
304.688,98,place,RY,SELL,2800,100.0200,2200,quote
304.924,98,place,RY,BUY,1800,99.9800,2200,quote
304.924,98,place,RY,SELL,2800,100.0100,2200,quote
305.244,98,fill,RY,BUY,1800,99.9950,4000,mode=mm
305.244,98,stop,RY,SELL,4000,99.8700,4000,loss=7.3t stop=5.0t trend_against=False
305.251,98,place,RY,SELL,4000,99.8700,4000,agg
305.289,98,regime,RY,,,,,"mixed -> chop (er=0.14, net +5t over 14s)"
305.498,98,fill,RY,SELL,4000,99.9550,0,mode=mm
305.745,98,place,RY,SELL,900,99.9800,0,quote
305.745,98,place,CNR,BUY,100,160.0900,186,quote
305.745,98,place,CNR,SELL,600,160.1000,186,quote
305.745,98,place,CNR,BUY,100,155.2900,186,ladder
305.745,98,place,RY,BUY,1500,96.9900,0,ladder
305.745,98,place,RY,BUY,1500,91.9900,0,ladder
305.745,98,place,RY,BUY,2000,85.0000,0,ladder
305.824,98,regime,CNR,,,,,"chop -> mixed (er=1.00, net +1t over 14s)"
306.079,98,fill,CNR,SELL,600,160.1000,-414,mode=mm
306.081,98,place,CNR,BUY,100,160.1000,-414,quote
306.081,98,place,CNR,BUY,100,147.2900,-414,ladder
306.297,98,place,CNR,BUY,3000,160.1000,-414,quote
306.297,98,place,CNR,SELL,1600,160.1100,-414,quote
306.297,98,place,RY,SELL,100,99.9600,0,quote
306.297,98,place,CNR,SELL,500,164.9000,-414,ladder
306.297,98,place,CNR,BUY,100,136.0800,-414,ladder
306.421,98,place,CNR,SELL,1500,172.9000,-414,ladder
306.421,98,place,CNR,SELL,2000,184.1100,-414,ladder
306.421,98,place,RY,SELL,1500,102.9900,0,ladder
306.421,98,place,RY,SELL,1500,107.9900,0,ladder
306.421,98,place,RY,SELL,1200,114.9900,0,ladder
306.464,98,place,CNR,SELL,100,160.1100,-414,quote
306.700,98,fill,CNR,SELL,1600,160.1050,-2014,mode=mm
306.758,98,fill,CNR,SELL,100,160.1050,-2114,mode=mm
307.666,99,place,RY,SELL,900,99.9800,0,quote
308.053,99,regime,CNR,,,,,"mixed -> TREND (er=1.00, net +16t over 14s)"
308.055,99,place,CNR,BUY,5000,160.2200,-2114,quote
308.055,99,place,CNR,SELL,3600,160.3000,-2114,quote
308.055,99,place,CNR,BUY,1500,155.3000,-2114,ladder
308.055,99,place,CNR,SELL,500,164.9100,-2114,ladder
308.055,99,place,CNR,BUY,1500,147.3000,-2114,ladder
308.055,99,place,CNR,BUY,2000,136.0900,-2114,ladder
308.283,99,stop,CNR,BUY,2114,160.3500,-2114,loss=18.2t stop=5.0t trend_against=False
308.284,99,place,CNR,BUY,2114,160.3500,-2114,agg
308.391,99,place,RY,BUY,900,99.9500,0,quote
308.627,99,fill,CNR,BUY,2114,160.2600,0,mode=mm
308.628,99,fill,RY,SELL,900,99.9650,-900,mode=mm
309.589,99,place,RY,BUY,2600,100.0500,-900,quote
309.589,99,place,RY,SELL,2100,100.1100,-900,quote
309.589,99,place,CNR,BUY,2400,160.3600,0,quote
309.589,99,place,CNR,BUY,1500,155.3700,0,ladder
309.589,99,place,CNR,SELL,1500,164.9800,0,ladder
309.589,99,place,CNR,BUY,1500,147.3600,0,ladder
309.589,99,place,CNR,SELL,1500,172.9800,0,ladder
309.589,99,place,CNR,BUY,700,136.1400,0,ladder
309.589,99,place,CNR,SELL,2000,184.2000,0,ladder
309.704,99,place,RY,SELL,400,100.1000,-900,quote
309.817,99,fill,RY,BUY,2600,100.0700,1700,mode=mm
310.884,99,place,CNR,BUY,400,160.4200,0,quote
310.884,99,place,RY,BUY,100,100.0400,1700,quote
310.884,99,place,RY,SELL,2800,100.0700,1700,quote
311.140,100,place,CNR,BUY,2400,160.4200,0,quote
311.893,100,fill,RY,SELL,2800,100.0250,-1100,mode=mm
311.895,100,place,RY,BUY,2600,99.9900,-1100,quote
311.895,100,place,RY,SELL,1200,100.0300,-1100,quote
311.895,100,place,CNR,BUY,100,160.4400,0,quote
312.093,100,fill,RY,SELL,1200,100.0100,-2300,mode=mm
312.708,100,place,RY,BUY,2900,99.9900,-2300,quote
312.708,100,place,CNR,BUY,1400,160.4500,0,quote
312.981,100,place,CNR,BUY,2400,160.4600,0,quote
313.164,100,fill,RY,BUY,2900,100.0100,600,mode=mm
314.151,100,place,CNR,BUY,2500,160.4800,0,quote
314.151,100,place,RY,BUY,1600,99.9700,600,quote
314.151,100,place,RY,SELL,1800,99.9800,600,quote
314.677,100,fill,RY,BUY,1600,99.9750,2200,mode=mm
314.884,101,place,RY,BUY,700,99.9700,2200,quote
314.926,101,place,CNR,BUY,100,160.4900,0,quote
314.926,101,place,RY,BUY,100,99.9700,2200,quote
315.225,101,fill,RY,SELL,1800,99.9750,400,mode=mm
315.225,101,place,CNR,BUY,1500,160.5000,0,quote
315.225,101,place,RY,BUY,300,99.9700,400,quote
315.225,101,place,RY,SELL,1800,99.9800,400,quote
315.492,101,fill,RY,BUY,300,99.9750,700,mode=mm
315.643,101,place,RY,BUY,900,99.9600,700,quote
315.643,101,place,RY,SELL,1000,99.9700,700,quote
315.699,101,fill,RY,SELL,1000,99.9700,-300,mode=mm
316.240,101,place,RY,SELL,2800,99.9800,-300,quote
316.484,101,place,CNR,BUY,500,160.5100,0,quote
316.732,101,place,CNR,BUY,1500,160.5100,0,quote
316.769,101,place,RY,BUY,1800,99.9700,-300,quote
317.257,101,fill,RY,SELL,2800,99.9750,-3100,mode=mm
317.516,101,fill,RY,BUY,1800,99.9850,-1300,mode=mm
317.720,101,place,CNR,BUY,900,160.5200,0,quote
317.720,101,place,RY,BUY,3000,99.9800,-1300,quote
318.015,101,place,RY,SELL,400,99.9900,-1300,quote
318.266,101,fill,RY,BUY,3000,99.9850,1700,mode=mm
318.511,101,place,RY,BUY,700,99.9800,1700,quote
318.511,101,place,RY,SELL,5000,100.0000,1700,quote
318.703,101,fill,RY,SELL,2500,99.9950,-800,mode=mm
318.705,101,place,RY,BUY,3000,99.9900,-800,quote
318.779,101,fill,RY,SELL,2500,99.9950,-3300,mode=mm
319.808,102,place,CNR,BUY,2500,160.5300,0,quote
319.808,102,place,RY,BUY,3000,100.0100,-3300,quote
319.808,102,place,RY,SELL,1000,100.0200,-3300,quote
320.059,102,place,RY,SELL,300,100.0200,-3300,quote
320.293,102,place,RY,SELL,600,100.0200,-3300,quote
320.543,102,place,RY,SELL,300,100.0200,-3300,quote
321.317,102,place,RY,SELL,1000,100.0200,-3300,quote
321.567,102,fill,RY,BUY,660,100.0150,-2640,mode=mm
321.568,102,place,CNR,BUY,500,160.5400,0,quote
321.568,102,place,RY,SELL,200,100.0200,-2640,quote
321.837,102,fill,RY,SELL,1000,100.0150,-3640,mode=mm
322.084,102,fill,RY,BUY,2340,100.0150,-1300,mode=mm
322.085,102,place,CNR,BUY,1500,160.5400,0,quote
322.085,102,place,RY,BUY,1000,100.0100,-1300,quote
322.085,102,place,RY,SELL,400,100.0200,-1300,quote
322.321,102,place,RY,SELL,400,100.0200,-1300,quote
322.581,102,place,RY,SELL,200,100.0100,-1300,quote
322.784,102,place,RY,BUY,1800,99.9900,-1300,quote
322.784,102,place,RY,SELL,2400,100.0000,-1300,quote
322.784,102,place,CNR,BUY,500,160.5500,0,quote
322.813,102,place,RY,BUY,100,99.9800,-1300,quote
322.813,102,place,RY,SELL,400,99.9900,-1300,quote
323.076,103,fill,RY,BUY,1900,99.9850,600,mode=mm
323.077,103,place,CNR,BUY,1500,160.5500,0,quote
323.077,103,place,RY,SELL,1000,99.9900,600,quote
323.358,103,place,RY,SELL,300,99.9900,600,quote
323.572,103,regime,RY,,,,,"chop -> mixed (er=0.39, net -9t over 14s)"
323.573,103,place,RY,BUY,2700,99.9700,600,quote
323.573,103,place,RY,SELL,1800,99.9800,600,quote
324.112,103,fill,RY,BUY,2700,99.9750,3300,mode=mm
325.088,103,place,RY,BUY,300,99.9300,3300,quote
325.088,103,place,RY,SELL,5000,99.9500,3300,quote
325.088,103,place,CNR,BUY,100,160.5900,0,quote
325.198,103,place,RY,SELL,1800,99.9400,3300,quote
325.360,103,fill,RY,SELL,1800,99.9400,1500,mode=mm
325.362,103,place,RY,BUY,2400,99.9300,1500,quote
325.362,103,place,CNR,BUY,900,160.5900,0,quote
325.684,103,fill,RY,SELL,5000,99.9400,-3500,mode=mm
325.856,103,fill,RY,BUY,2400,99.9400,-1100,mode=mm
326.640,103,place,RY,BUY,3000,99.9300,-1100,quote
326.724,103,place,RY,SELL,2500,99.9400,-1100,quote
326.909,103,fill,RY,BUY,2671,99.9300,1571,mode=mm
326.910,103,place,RY,BUY,1300,99.9200,1571,quote
326.910,103,place,RY,SELL,3000,99.9300,1571,quote
327.138,104,fill,RY,SELL,1700,99.9300,-129,mode=mm
327.554,104,regime,RY,,,,,"mixed -> chop (er=0.22, net -5t over 14s)"
327.790,104,place,RY,BUY,1000,99.9500,-129,quote
327.790,104,place,RY,SELL,1000,99.9600,-129,quote
327.912,104,place,RY,BUY,600,99.9500,-129,quote
327.912,104,place,RY,SELL,100,99.9600,-129,quote
328.208,104,fill,RY,SELL,100,99.9550,-229,mode=mm
328.212,104,place,RY,BUY,3000,99.9600,-229,quote
328.212,104,place,RY,SELL,1600,99.9700,-229,quote
328.434,104,place,RY,BUY,100,99.9700,-229,quote
328.434,104,place,RY,SELL,500,99.9800,-229,quote
328.706,104,fill,RY,BUY,100,99.9700,-129,mode=mm
328.709,104,place,CNR,BUY,300,160.6000,0,quote
328.709,104,place,RY,SELL,300,99.9700,-129,quote
328.991,104,place,CNR,BUY,100,160.6000,0,quote
329.181,104,place,RY,BUY,1000,99.9500,-129,quote
329.260,104,place,RY,SELL,1000,99.9500,-129,quote
329.405,104,place,RY,BUY,600,99.9100,-129,quote
329.469,104,fill,RY,BUY,1000,99.9300,871,mode=mm
329.517,104,place,RY,BUY,300,99.9200,871,quote
329.517,104,place,RY,SELL,3000,99.9400,871,quote
329.695,104,place,CNR,BUY,2500,160.6100,0,quote
329.732,104,fill,RY,SELL,3000,99.9300,-2129,mode=mm
330.013,104,regime,RY,,,,,"chop -> mixed (er=0.25, net -6t over 14s)"
330.762,105,place,CNR,BUY,300,160.6100,0,quote
330.762,105,place,RY,BUY,5000,99.9000,-2129,quote
330.762,105,place,RY,SELL,100,99.9100,-2129,quote
331.251,105,fill,RY,BUY,5000,99.9050,2871,mode=mm
331.843,105,regime,CNR,,,,,"TREND -> mixed (er=0.54, net +7t over 14s)"
332.262,105,place,RY,BUY,1900,99.9300,2871,quote
332.262,105,place,RY,SELL,5000,99.9600,2871,quote
332.262,105,place,CNR,BUY,1500,160.5900,0,quote
332.374,105,regime,RY,,,,,"mixed -> chop (er=0.19, net -6t over 14s)"
332.755,105,place,RY,BUY,600,99.9400,2871,quote
333.008,105,place,RY,BUY,300,99.9400,2871,quote
333.008,105,place,RY,SELL,3000,99.9500,2871,quote
333.267,105,fill,RY,SELL,3000,99.9500,-129,mode=mm
334.271,105,place,RY,BUY,5000,99.9600,-129,quote
334.271,105,place,RY,SELL,2900,99.9700,-129,quote
334.535,105,fill,RY,BUY,5000,99.9650,4871,mode=mm
334.536,105,regime,RY,,,,,"3 stop-outs in 85s -> toxic flow: half size, no stepping inside for 30s"
334.536,105,stop,RY,SELL,4871,99.8700,4871,loss=6.0t stop=5.0t trend_against=False
334.542,105,place,RY,SELL,4871,99.8700,4871,agg
334.719,105,fill,RY,SELL,7771,99.9400,-2900,mode=mm
335.700,106,place,RY,BUY,2900,99.9300,-2900,quote
335.700,106,place,RY,SELL,1600,99.9600,-2900,quote
335.700,106,place,RY,BUY,1500,96.9400,-2900,ladder
335.700,106,place,RY,SELL,900,102.9400,-2900,ladder
335.700,106,place,RY,BUY,1500,91.9500,-2900,ladder
335.700,106,place,RY,SELL,300,107.9400,-2900,ladder
335.700,106,place,RY,BUY,2000,84.9500,-2900,ladder
335.700,106,place,RY,SELL,100,114.9300,-2900,ladder
336.383,106,fill,RY,BUY,2900,99.9450,0,mode=mm
336.629,106,fill,RY,SELL,1600,99.9400,-1600,mode=mm
336.820,106,place,CNR,SELL,1500,160.6200,0,quote
336.820,106,place,RY,BUY,1600,99.9200,-1600,quote
337.145,106,place,RY,SELL,1900,99.9500,-1600,quote
337.917,106,place,RY,BUY,2700,99.9300,-1600,quote
337.917,106,place,RY,SELL,1900,99.9600,-1600,quote
338.471,106,regime,CNR,,,,,"mixed -> chop (er=0.00, net +0t over 14s)"
339.630,107,place,RY,BUY,2700,99.9400,-1600,quote
339.630,107,place,RY,SELL,1900,99.9700,-1600,quote
339.797,107,place,CNR,BUY,1800,160.6000,0,quote
339.797,107,place,CNR,SELL,600,160.6100,0,quote
339.889,107,fill,RY,BUY,2700,99.9550,1100,mode=mm
340.899,107,place,RY,BUY,1200,99.9000,1100,quote
340.899,107,place,RY,SELL,2600,99.9400,1100,quote
340.899,107,place,CNR,SELL,300,160.6100,0,quote
341.291,107,fill,CNR,BUY,1800,160.6050,1800,mode=mm
342.153,107,place,CNR,BUY,400,160.5900,1800,quote
342.153,107,place,CNR,SELL,1800,160.6000,1800,quote
342.323,107,place,RY,BUY,2100,99.9000,1100,quote
342.742,107,place,RY,BUY,1200,99.9100,1100,quote
342.785,107,regime,CNR,,,,,"chop -> mixed (er=0.29, net -3t over 14s)"
343.204,108,fill,RY,BUY,1200,99.9250,2300,mode=mm
343.490,108,place,CNR,BUY,2200,160.5700,1800,quote
343.490,108,place,CNR,SELL,5000,160.5800,1800,quote
343.490,108,place,RY,BUY,1000,99.8900,2300,quote
343.490,108,place,RY,SELL,2900,99.9300,2300,quote
343.490,108,place,CNR,BUY,300,155.7800,1800,ladder
343.490,108,place,CNR,SELL,900,165.4200,1800,ladder
343.490,108,place,CNR,SELL,100,173.4500,1800,ladder
343.490,108,place,CNR,SELL,100,184.6900,1800,ladder
343.784,108,fill,CNR,BUY,2200,160.5800,4000,mode=mm
343.786,108,fill,RY,SELL,2032,99.9100,268,mode=mm
343.984,108,place,CNR,BUY,1600,160.5400,4000,quote
343.984,108,place,CNR,SELL,5000,160.5600,4000,quote
343.984,108,place,RY,SELL,900,99.9200,268,quote
343.984,108,place,CNR,BUY,300,147.7500,4000,ladder
344.393,108,fill,CNR,BUY,1600,160.5550,5600,mode=mm
344.743,108,fill,RY,SELL,900,99.9100,-632,mode=mm
344.743,108,stop,RY,BUY,632,99.9600,-632,loss=6.0t stop=5.0t trend_against=False
344.745,108,place,RY,BUY,632,99.9600,-632,agg
345.107,108,fill,RY,BUY,632,99.9300,0,mode=mm
345.109,108,regime,CNR,,,,,"mixed -> TREND (er=0.94, net -16t over 14s)"
345.224,108,place,CNR,SELL,600,160.4800,5600,quote
345.437,108,regime,RY,,,,,"chop -> mixed (er=0.31, net +8t over 14s)"
345.438,108,stop,CNR,SELL,5000,160.4000,5600,loss=11.8t stop=5.0t trend_against=False
345.450,108,place,CNR,SELL,5000,160.4000,5600,agg
345.990,108,place,RY,BUY,2500,99.9500,0,quote
345.990,108,place,RY,BUY,1500,96.9400,0,ladder
345.990,108,place,RY,SELL,1500,102.9400,0,ladder
345.990,108,place,RY,BUY,1500,91.9400,0,ladder
345.990,108,place,RY,SELL,1500,107.9300,0,ladder
345.990,108,place,RY,BUY,100,84.9500,0,ladder
345.990,108,place,RY,SELL,2000,114.9300,0,ladder
346.137,108,fill,CNR,SELL,5000,160.3450,600,mode=mm
346.141,108,place,RY,BUY,2500,99.9600,0,quote
346.393,108,place,RY,BUY,1500,99.9700,0,quote
346.687,108,regime,CNR,,,,,"3 stop-outs in 85s -> toxic flow: half size, no stepping inside for 30s"
346.687,108,stop,CNR,SELL,600,160.1700,600,loss=28.8t stop=6.8t trend_against=True
346.691,108,place,CNR,SELL,600,160.1700,600,agg
346.762,109,regime,RY,,,,,"mixed -> chop (er=0.24, net +6t over 14s)"
346.763,109,place,RY,BUY,100,99.9900,0,quote
346.889,109,fill,CNR,SELL,600,160.2050,0,mode=mm
346.902,109,place,CNR,BUY,1500,155.6800,0,ladder
346.902,109,place,CNR,BUY,1500,147.6500,0,ladder
346.902,109,place,CNR,BUY,2000,136.4200,0,ladder
347.055,109,regime,RY,,,,,"chop -> mixed (er=0.25, net +7t over 14s)"
347.194,109,place,CNR,SELL,2500,160.3700,0,quote
347.194,109,place,RY,BUY,500,100.0000,0,quote
347.194,109,place,CNR,SELL,1500,165.2900,0,ladder
347.194,109,place,CNR,SELL,500,173.3100,0,ladder
347.414,109,regime,RY,,,,,"mixed -> chop (er=0.24, net +6t over 14s)"
347.448,109,place,CNR,SELL,500,160.3600,0,quote
347.448,109,place,RY,BUY,100,100.0000,0,quote
347.747,109,place,RY,BUY,2500,100.0000,0,quote
347.909,109,fill,RY,BUY,2500,100.0150,2500,mode=mm
347.912,109,place,RY,BUY,1000,99.9800,2500,quote
347.912,109,place,RY,SELL,2500,100.0300,2500,quote
348.145,109,fill,RY,SELL,2500,100.0050,0,mode=mm
348.147,109,place,CNR,SELL,2500,160.1100,0,quote
348.147,109,place,RY,BUY,500,99.9900,0,quote
348.147,109,place,RY,SELL,300,100.0800,0,quote
348.147,109,place,CNR,BUY,1500,155.6400,0,ladder
348.147,109,place,CNR,BUY,1500,147.6200,0,ladder
348.147,109,place,CNR,BUY,100,136.3900,0,ladder
348.564,109,place,CNR,SELL,2500,160.1000,0,quote
348.725,109,fill,CNR,SELL,2500,160.0800,-2500,mode=mm
348.727,109,regime,RY,,,,,"chop -> mixed (er=0.38, net +10t over 14s)"
348.727,109,stop,CNR,BUY,2500,160.2900,-2500,loss=15.0t stop=13.6t trend_against=False
348.729,109,place,CNR,BUY,2500,160.2900,-2500,agg
348.804,109,place,RY,BUY,500,100.0100,0,quote
349.019,109,fill,CNR,BUY,2500,160.1850,0,mode=mm
349.021,109,place,RY,BUY,2500,100.0100,0,quote
349.205,109,place,RY,BUY,100,100.0200,0,quote
349.205,109,place,CNR,BUY,100,155.6000,0,ladder
349.205,109,place,CNR,SELL,100,165.2300,0,ladder
349.247,109,place,CNR,SELL,500,173.2400,0,ladder
349.247,109,place,CNR,SELL,100,184.4700,0,ladder
349.347,109,place,CNR,BUY,900,147.5700,0,ladder
349.347,109,place,CNR,BUY,100,136.3400,0,ladder
349.606,109,place,RY,BUY,500,100.0300,0,quote
350.005,109,place,RY,BUY,2500,100.0300,0,quote
350.854,110,regime,RY,,,,,"mixed -> TREND (er=0.45, net +12t over 14s)"
351.211,110,fill,RY,BUY,2500,100.0600,2500,mode=mm
351.214,110,place,RY,BUY,1700,100.0400,2500,quote
351.455,110,fill,RY,BUY,1700,100.0600,4200,mode=mm
351.456,110,place,RY,SELL,3200,100.0800,4200,quote
351.678,110,place,RY,SELL,3200,100.0700,4200,quote
351.857,110,place,CNR,SELL,2500,160.1300,0,quote
351.943,110,place,CNR,SELL,900,160.0900,0,quote
351.943,110,place,RY,BUY,200,100.0200,4200,quote
352.198,110,place,RY,BUY,1300,100.0300,4200,quote
352.198,110,place,RY,SELL,3200,100.0600,4200,quote
353.486,110,place,CNR,SELL,2500,160.1000,0,quote
353.836,110,regime,RY,,,,,"TREND -> mixed (er=0.29, net +8t over 14s)"
353.837,110,place,RY,BUY,1300,100.0100,4200,quote
353.858,110,fill,CNR,SELL,240,160.0800,-240,mode=mm
353.858,110,fill,RY,BUY,1300,100.0350,5500,mode=mm
353.859,110,place,RY,BUY,300,100.0000,5500,quote
353.859,110,place,CNR,SELL,100,160.1100,-240,quote
354.170,110,fill,CNR,SELL,2260,160.0900,-2500,mode=mm
354.171,110,fill,RY,BUY,1600,100.0350,7100,mode=mm
354.173,110,stop,RY,SELL,5000,99.9800,7100,loss=7.7t stop=5.0t trend_against=False
354.178,110,place,RY,SELL,5000,99.9800,7100,agg
354.407,110,regime,RY,,,,,"mixed -> chop (er=0.03, net +1t over 14s)"
355.172,111,place,CNR,SELL,600,160.1000,-2500,quote
355.220,111,stop,RY,SELL,5000,99.8400,7100,loss=13.7t stop=5.3t trend_against=False
355.220,111,place,RY,SELL,5000,99.8400,7100,agg
355.261,111,fill,RY,SELL,5000,99.8950,2100,mode=mm
356.252,111,stop,RY,SELL,2100,99.9500,2100,loss=13.7t stop=8.3t trend_against=False
356.252,111,place,RY,SELL,2100,99.9500,2100,agg
356.492,111,fill,CNR,SELL,98,160.0850,-2598,mode=mm
356.492,111,fill,RY,SELL,2100,100.0300,0,mode=mm
356.493,111,place,RY,SELL,2500,100.0500,0,quote
356.493,111,place,CNR,SELL,1700,160.1100,-2598,quote
356.493,111,place,RY,BUY,1500,97.0000,0,ladder
356.493,111,place,RY,SELL,500,103.0000,0,ladder
356.493,111,place,RY,BUY,1500,92.0000,0,ladder
356.493,111,place,RY,SELL,100,108.0000,0,ladder
356.493,111,place,RY,BUY,2000,85.0000,0,ladder
356.493,111,place,RY,SELL,100,115.0000,0,ladder
357.591,111,place,RY,SELL,500,100.0000,0,quote
357.814,111,fill,RY,SELL,500,99.9850,-500,mode=mm
357.816,111,stop,RY,BUY,500,100.1400,-500,loss=8.0t stop=7.3t trend_against=False
357.817,111,place,RY,BUY,500,100.1400,-500,agg
357.920,111,regime,RY,,,,,"chop -> mixed (er=0.26, net +16t over 14s)"
358.090,111,fill,RY,BUY,500,100.0600,0,mode=mm
358.091,111,place,RY,BUY,1500,97.0000,0,ladder
358.091,111,place,RY,SELL,1500,103.0000,0,ladder
358.091,111,place,RY,BUY,1500,92.0000,0,ladder
358.091,111,place,RY,SELL,1500,108.0000,0,ladder
358.091,111,place,RY,BUY,2000,85.0000,0,ladder
358.091,111,place,RY,SELL,2000,115.0000,0,ladder
358.593,111,regime,RY,,,,,"mixed -> chop (er=0.03, net +2t over 14s)"
358.789,111,fill,CNR,SELL,714,160.0950,-3312,mode=mm
358.790,111,place,CNR,BUY,1800,160.0800,-3312,quote
358.935,111,fill,CNR,SELL,986,160.1000,-4298,mode=mm
358.937,111,place,CNR,BUY,1100,160.1100,-4298,quote
359.067,111,regime,CNR,,,,,"TREND -> mixed (er=0.28, net -34t over 14s)"
359.204,112,place,CNR,BUY,3200,160.1100,-4298,quote
359.204,112,place,CNR,SELL,1300,160.1800,-4298,quote
359.254,112,stop,CNR,BUY,4298,160.4400,-4298,loss=27.6t stop=6.9t trend_against=False
359.255,112,place,CNR,BUY,4298,160.4400,-4298,agg
359.255,112,place,RY,BUY,1500,99.9200,0,quote
359.515,112,fill,CNR,BUY,2998,160.2800,-1300,mode=mm
359.893,112,regime,CNR,,,,,"mixed -> chop (er=0.19, net +30t over 14s)"
360.294,112,stop,CNR,BUY,1300,160.7100,-1300,loss=27.8t stop=19.6t trend_against=False
360.294,112,place,CNR,BUY,1300,160.7100,-1300,agg
360.548,112,fill,CNR,BUY,1300,160.6350,0,mode=mm
360.548,112,regime,CNR,,,,,"chop -> mixed (er=0.28, net +42t over 14s)"
360.548,112,place,CNR,BUY,500,160.6400,0,quote
360.548,112,place,RY,BUY,100,99.9500,0,quote
360.548,112,place,CNR,SELL,1500,165.0100,0,ladder
360.548,112,place,CNR,SELL,1500,173.0200,0,ladder
360.548,112,place,CNR,SELL,2000,184.2300,0,ladder
360.613,112,place,CNR,BUY,1500,155.4000,0,ladder
360.613,112,place,CNR,BUY,1500,147.3900,0,ladder
360.613,112,place,CNR,BUY,200,136.1800,0,ladder
360.935,112,fill,AC,SELL,3000,25.0350,1900,mode=mm
360.936,112,place,CNR,BUY,2500,160.6500,0,quote
360.936,112,place,RY,BUY,500,99.9400,0,quote
360.936,112,place,AC,SELL,3000,25.0400,1900,quote
361.061,112,place,RY,SELL,1500,99.9700,0,quote
361.169,112,fill,RY,BUY,500,99.9550,500,mode=mm
361.651,112,place,CNR,BUY,900,160.6600,0,quote
361.651,112,place,RY,BUY,100,99.9200,500,quote
361.651,112,place,RY,SELL,100,99.9500,500,quote
361.697,112,fill,AC,SELL,1306,25.0350,594,mode=mm
361.823,112,place,RY,BUY,2300,99.8900,500,quote
361.823,112,place,AC,BUY,2700,25.0300,594,quote
361.823,112,place,AC,SELL,600,25.0400,594,quote
361.874,112,regime,CNR,,,,,"mixed -> TREND (er=0.62, net +60t over 14s)"
361.945,112,fill,RY,BUY,100,99.9200,600,mode=mm
361.945,112,fill,AC,SELL,1694,25.0350,-1100,mode=mm
361.947,112,place,RY,BUY,1300,99.8700,600,quote
361.947,112,place,RY,SELL,2600,99.9100,600,quote
361.947,112,place,AC,SELL,500,25.0400,-1100,quote
362.223,112,fill,RY,SELL,2600,99.8950,-2000,mode=mm
362.223,112,fill,AC,BUY,644,25.0350,-456,mode=mm
362.414,112,place,RY,BUY,2800,99.8800,-2000,quote
362.414,112,place,RY,SELL,1800,100.0000,-2000,quote
362.414,112,place,AC,SELL,1600,25.0400,-456,quote
362.601,112,fill,CNR,BUY,900,160.6850,900,mode=mm
362.601,112,fill,AC,BUY,2056,25.0350,1600,mode=mm
362.602,112,stop,CNR,SELL,900,160.4100,900,loss=22.0t stop=15.9t trend_against=False
362.605,112,place,CNR,SELL,900,160.4100,900,agg
362.605,112,place,RY,SELL,1000,99.9900,-2000,quote
362.605,112,place,AC,BUY,100,25.0300,1600,quote
362.605,112,place,AC,SELL,300,25.0400,1600,quote
362.651,112,place,RY,BUY,1600,99.9400,-2000,quote
362.843,112,fill,CNR,SELL,900,160.5700,0,mode=mm
362.844,112,place,RY,BUY,900,99.9500,-2000,quote
362.844,112,place,RY,SELL,300,99.9800,-2000,quote
362.844,112,place,AC,BUY,100,25.0300,1600,quote
362.844,112,place,AC,SELL,100,25.0400,1600,quote
362.844,112,place,CNR,BUY,500,155.5600,0,ladder
362.894,112,place,CNR,BUY,900,147.5400,0,ladder
362.894,112,place,CNR,BUY,400,136.3200,0,ladder
363.022,112,place,RY,BUY,300,99.9500,-2000,quote
363.022,112,place,AC,SELL,3000,25.0400,1600,quote
363.186,113,place,RY,SELL,100,99.9800,-2000,quote
363.262,113,fill,RY,SELL,300,99.9650,-2300,mode=mm
363.447,113,place,RY,BUY,2900,99.9500,-2300,quote
363.447,113,place,RY,SELL,600,100.0300,-2300,quote
363.447,113,place,AC,BUY,1300,25.0300,1600,quote
363.447,113,place,CNR,SELL,100,165.1800,0,ladder
363.447,113,place,CNR,SELL,100,173.2000,0,ladder
363.544,113,place,RY,BUY,1700,99.9600,-2300,quote
363.732,113,fill,AC,SELL,1495,25.0350,105,mode=mm
363.733,113,regime,CNR,,,,,"TREND -> mixed (er=0.29, net +32t over 14s)"
363.736,113,place,RY,SELL,1700,100.0000,-2300,quote
363.736,113,place,AC,BUY,4900,25.0300,105,quote
363.736,113,place,AC,SELL,3000,25.0400,105,quote
363.736,113,place,CNR,SELL,2000,184.4300,0,ladder
364.006,113,fill,RY,BUY,2900,99.9750,600,mode=mm
364.008,113,fill,AC,SELL,1505,25.0350,-1400,mode=mm
364.031,113,place,RY,BUY,700,99.9500,600,quote
364.258,113,fill,RY,BUY,700,99.9750,1300,mode=mm
364.260,113,place,RY,SELL,2700,99.9900,1300,quote
364.511,113,fill,AC,SELL,2030,25.0350,-3430,mode=mm
364.758,113,fill,AC,BUY,3900,25.0350,470,mode=mm
364.759,113,place,CNR,SELL,1500,160.4900,0,quote
364.759,113,place,RY,BUY,200,99.9600,1300,quote
364.759,113,place,RY,SELL,3000,99.9700,1300,quote
364.759,113,place,AC,BUY,100,25.0300,470,quote
364.759,113,place,AC,SELL,1000,25.0400,470,quote
365.020,113,fill,RY,SELL,3000,99.9650,-1700,mode=mm
365.021,113,fill,AC,SELL,1000,25.0350,-530,mode=mm
365.024,113,place,RY,BUY,5000,99.9700,-1700,quote
365.166,113,regime,AC,,,,,"chop -> mixed (er=1.00, net +0t over 14s)"
365.166,113,place,RY,SELL,700,100.0000,-1700,quote
365.166,113,place,AC,BUY,100,25.0400,-530,quote
365.166,113,place,AC,SELL,100,25.0500,-530,quote
365.280,113,fill,AC,SELL,100,25.0400,-630,mode=mm
365.282,113,place,RY,BUY,5000,99.9800,-1700,quote
365.282,113,place,AC,BUY,100,25.0500,-630,quote
365.514,113,fill,RY,BUY,5000,99.9850,3300,mode=mm
365.516,113,fill,AC,BUY,100,25.0500,-530,mode=mm
366.062,113,place,AC,BUY,100,25.0600,-530,quote
366.295,113,fill,AC,BUY,100,25.0600,-430,mode=mm
366.529,113,place,CNR,BUY,2500,160.4100,0,quote
366.529,113,place,CNR,SELL,2500,160.4800,0,quote
366.529,113,place,RY,BUY,1000,99.9900,3300,quote
366.529,113,place,RY,SELL,5000,100.0000,3300,quote
366.529,113,place,AC,SELL,500,25.0700,-430,quote
366.610,113,place,CNR,SELL,500,160.4700,0,quote
366.610,113,place,RY,BUY,100,99.9900,3300,quote
366.610,113,place,AC,SELL,100,25.0700,-430,quote
366.874,114,place,RY,SELL,3000,99.9900,3300,quote
367.132,114,fill,RY,SELL,900,99.9450,2400,mode=mm
367.133,114,regime,RY,,,,,"3 stop-outs in 85s -> toxic flow: half size, no stepping inside for 30s"
367.133,114,stop,RY,SELL,2400,99.8800,2400,loss=6.0t stop=5.5t trend_against=False
367.139,114,place,RY,SELL,2400,99.8800,2400,agg
367.391,114,fill,RY,SELL,2400,99.9350,0,mode=mm
367.392,114,place,RY,BUY,1500,96.9700,0,ladder
367.392,114,place,RY,BUY,1500,91.9700,0,ladder
367.392,114,place,RY,BUY,1200,84.9800,0,ladder
367.574,114,place,RY,SELL,1500,99.9500,0,quote
367.574,114,place,AC,BUY,1000,25.0600,-430,quote
367.629,114,place,CNR,BUY,900,160.4200,0,quote
367.629,114,place,AC,BUY,300,25.0500,-430,quote
367.730,114,place,AC,SELL,100,25.0600,-430,quote
367.792,114,place,CNR,SELL,2500,160.4500,0,quote
367.821,114,place,RY,SELL,100,99.9400,0,quote
367.850,114,fill,AC,BUY,1300,25.0550,870,mode=mm
367.852,114,place,AC,SELL,600,25.0500,870,quote
368.113,114,place,RY,SELL,2500,99.9500,0,quote
368.113,114,place,AC,BUY,900,25.0400,870,quote
368.113,114,place,AC,SELL,3000,25.0500,870,quote
368.113,114,place,RY,SELL,300,102.9600,0,ladder
368.316,114,regime,AC,,,,,"mixed -> chop (er=0.20, net +1t over 14s)"
368.372,114,fill,AC,SELL,2000,25.0450,-1130,mode=mm
368.410,114,place,AC,BUY,5000,25.0400,-1130,quote
368.410,114,place,AC,SELL,4200,25.0500,-1130,quote
368.410,114,place,RY,SELL,1500,107.9600,0,ladder
368.410,114,place,RY,SELL,700,114.9600,0,ladder
368.642,114,fill,AC,SELL,1000,25.0450,-2130,mode=mm
368.887,114,fill,AC,SELL,3600,25.0450,-5730,mode=mm
369.161,114,fill,AC,BUY,5000,25.0450,-730,mode=mm
369.162,114,place,RY,SELL,2500,99.9100,0,quote
369.162,114,place,AC,BUY,1800,25.0400,-730,quote
369.374,114,place,AC,SELL,500,25.0500,-730,quote
369.400,114,place,AC,SELL,100,25.0500,-730,quote
369.674,114,fill,AC,SELL,100,25.0450,-830,mode=mm
369.674,114,regime,AC,,,,,"chop -> mixed (er=0.27, net +1t over 14s)"
369.675,114,place,AC,BUY,1000,25.0500,-830,quote
369.675,114,place,AC,SELL,2600,25.0600,-830,quote
369.921,114,fill,AC,SELL,1600,25.0500,-2430,mode=mm
370.181,114,place,AC,BUY,5000,25.0600,-2430,quote
370.181,114,place,AC,SELL,3500,25.0700,-2430,quote
370.210,114,place,RY,BUY,2500,99.8800,0,quote
370.445,114,fill,RY,SELL,2500,99.8950,-2500,mode=mm
370.445,114,fill,AC,BUY,1783,25.0600,-647,mode=mm
370.448,114,place,RY,SELL,1700,99.9100,-2500,quote
370.448,114,place,AC,SELL,1600,25.0700,-647,quote
370.738,114,fill,RY,SELL,1700,99.8950,-4200,mode=mm
370.739,114,fill,AC,SELL,1600,25.0650,-2247,mode=mm
371.458,115,place,RY,BUY,3200,99.9100,-4200,quote
371.458,115,place,RY,SELL,100,99.9400,-4200,quote
371.458,115,place,AC,BUY,5000,25.0700,-2247,quote
371.725,115,place,AC,SELL,2100,25.0800,-2247,quote
371.849,115,fill,CNR,BUY,900,160.4350,900,mode=mm
371.851,115,place,CNR,BUY,2100,160.4200,900,quote
371.851,115,place,RY,SELL,200,99.9400,-4200,quote
372.045,115,place,RY,BUY,3200,99.9000,-4200,quote
372.079,115,fill,CNR,BUY,1409,160.4350,2309,mode=mm
372.079,115,fill,AC,BUY,4670,25.0750,2423,mode=mm
372.110,115,regime,RY,,,,,"chop -> mixed (er=0.26, net -15t over 14s)"
372.285,115,fill,AC,BUY,330,25.0700,2753,mode=mm
372.383,115,regime,RY,,,,,"mixed -> chop (er=0.02, net +1t over 14s)"
372.767,115,place,RY,BUY,1900,99.9000,-4200,quote
372.767,115,place,RY,SELL,400,99.9500,-4200,quote
372.767,115,place,AC,BUY,100,25.0500,2753,quote
372.767,115,place,AC,SELL,5000,25.0600,2753,quote
373.009,115,place,AC,BUY,600,25.0400,2753,quote
373.009,115,place,AC,SELL,3000,25.0500,2753,quote
373.046,115,fill,AC,SELL,4900,25.0500,-2147,mode=mm
373.173,115,regime,AC,,,,,"mixed -> chop (er=0.14, net +1t over 14s)"
373.287,115,fill,AC,SELL,3000,25.0500,-5147,mode=mm
373.288,115,regime,CNR,,,,,"mixed -> TREND (er=0.62, net -19t over 14s)"
373.291,115,place,AC,BUY,3000,25.0400,-5147,quote
373.535,115,fill,AC,BUY,600,25.0450,-4547,mode=mm
373.821,115,fill,AC,BUY,1847,25.0450,-2700,mode=mm
374.078,115,fill,AC,BUY,1153,25.0450,-1547,mode=mm
374.079,115,place,RY,BUY,3200,99.9100,-4200,quote
374.079,115,place,RY,SELL,200,99.9400,-4200,quote
374.079,115,place,AC,BUY,5000,25.0400,-1547,quote
374.292,115,fill,RY,SELL,200,99.9250,-4400,mode=mm
374.304,115,stop,RY,BUY,4400,99.9900,-4400,loss=6.9t stop=5.0t trend_against=False
374.304,115,place,RY,BUY,4400,99.9900,-4400,agg
374.608,115,fill,CNR,BUY,691,160.4350,3000,mode=mm
374.608,115,fill,RY,BUY,4400,99.9350,0,mode=mm
374.609,115,fill,AC,BUY,5000,25.0450,3453,mode=mm
375.259,116,regime,AC,,,,,"chop -> mixed (er=0.29, net +4t over 14s)"
375.349,116,place,AC,SELL,300,25.0800,3453,quote
375.632,116,fill,AC,SELL,300,25.0750,3153,mode=mm
375.634,116,place,CNR,BUY,1600,160.3500,3000,quote
375.634,116,place,CNR,SELL,3000,160.4000,3000,quote
375.634,116,place,RY,BUY,2500,99.9300,0,quote
375.634,116,place,AC,BUY,3100,25.0800,3153,quote
375.634,116,place,AC,SELL,5000,25.0900,3153,quote
375.634,116,place,RY,BUY,1500,96.9300,0,ladder
375.634,116,place,RY,SELL,1500,102.9300,0,ladder
375.634,116,place,RY,BUY,1500,91.9400,0,ladder
375.634,116,place,RY,SELL,1500,107.9300,0,ladder
375.634,116,place,RY,BUY,400,84.9400,0,ladder
375.634,116,place,RY,SELL,2000,114.9200,0,ladder
375.856,116,place,CNR,BUY,100,160.3300,3000,quote
375.856,116,place,CNR,SELL,3000,160.3900,3000,quote
376.204,116,fill,CNR,BUY,100,160.3650,3100,mode=mm
376.205,116,stop,CNR,SELL,3100,160.1200,3100,loss=37.7t stop=6.8t trend_against=False
376.206,116,place,CNR,SELL,3100,160.1200,3100,agg
376.488,116,fill,CNR,SELL,3100,160.2500,0,mode=mm
376.489,116,fill,AC,BUY,3100,25.0850,6253,mode=mm
377.351,116,place,RY,BUY,2500,99.9700,0,quote
377.351,116,place,AC,BUY,2000,25.0700,6253,quote
377.542,116,place,RY,SELL,2500,100.0700,0,quote
377.660,116,fill,AC,BUY,1950,25.0850,8203,mode=mm
377.661,116,place,RY,BUY,2500,99.9800,0,quote
377.661,116,place,RY,SELL,1500,100.0100,0,quote
377.661,116,place,AC,BUY,900,25.0700,8203,quote
377.894,116,fill,RY,BUY,2500,99.9950,2500,mode=mm
377.895,116,fill,AC,BUY,400,25.0850,8603,mode=mm
377.906,116,place,AC,SELL,3000,25.0800,8603,quote
378.150,116,fill,AC,SELL,2500,25.0750,6103,mode=mm
378.153,116,regime,AC,,,,,"mixed -> chop (er=0.18, net +3t over 14s)"
378.153,116,place,RY,BUY,100,99.9400,2500,quote
378.153,116,place,RY,SELL,2900,99.9900,2500,quote
378.153,116,place,CNR,SELL,100,160.1300,0,quote
378.153,116,place,AC,SELL,5000,25.0700,6103,quote
378.153,116,place,CNR,BUY,1500,155.5600,0,ladder
378.153,116,place,CNR,BUY,1500,147.5400,0,ladder
378.153,116,place,CNR,BUY,100,136.3100,0,ladder
378.418,116,fill,RY,BUY,100,99.9650,2600,mode=mm
378.419,116,fill,AC,SELL,2400,25.0650,3703,mode=mm
378.662,116,fill,AC,SELL,2600,25.0650,1103,mode=mm
379.137,117,place,RY,SELL,2900,99.9800,2600,quote
379.137,117,place,CNR,SELL,2500,160.0600,0,quote
379.137,117,place,AC,BUY,4200,25.0600,1103,quote
379.137,117,place,AC,SELL,3000,25.0700,1103,quote
379.137,117,place,CNR,SELL,1500,165.1100,0,ladder
379.137,117,place,CNR,SELL,500,173.1300,0,ladder
379.137,117,place,CNR,SELL,100,184.3500,0,ladder
379.424,117,fill,AC,BUY,4200,25.0650,5303,mode=mm
379.426,117,place,CNR,SELL,300,160.0500,0,quote
379.426,117,place,RY,BUY,100,99.9500,2600,quote
379.675,117,place,CNR,SELL,100,160.0500,0,quote
379.931,117,fill,AC,SELL,3000,25.0650,2303,mode=mm
379.933,117,place,RY,BUY,1700,99.9400,2600,quote
379.933,117,place,RY,SELL,2900,99.9900,2600,quote
379.933,117,place,CNR,SELL,900,160.0500,0,quote
379.933,117,place,AC,SELL,3000,25.0700,2303,quote
380.168,117,place,RY,SELL,1700,99.9700,2600,quote
380.452,117,place,AC,BUY,700,25.0500,2303,quote
380.452,117,place,AC,SELL,600,25.0600,2303,quote
380.696,117,fill,RY,BUY,1700,99.9550,4300,mode=mm
380.699,117,fill,AC,SELL,600,25.0600,1703,mode=mm
380.699,117,place,AC,BUY,2300,25.0500,1703,quote
380.699,117,place,RY,BUY,1300,99.9300,4300,quote
381.470,117,fill,RY,BUY,1300,99.9550,5600,mode=mm
381.677,117,place,RY,BUY,1100,99.9000,5600,quote
381.730,117,place,AC,SELL,5000,25.0700,1703,quote
381.730,117,place,RY,BUY,1100,99.9100,5600,quote
381.730,117,place,RY,SELL,3500,99.9500,5600,quote
382.000,117,fill,RY,SELL,3500,99.9350,2100,mode=mm
382.000,117,fill,AC,SELL,5000,25.0650,-3297,mode=mm
382.002,117,place,RY,BUY,1800,99.9200,2100,quote
382.002,117,place,RY,SELL,2800,99.9900,2100,quote
382.002,117,place,AC,BUY,5000,25.0700,-3297,quote
382.002,117,place,AC,SELL,300,25.0800,-3297,quote
382.243,117,fill,AC,BUY,1500,25.0700,-1797,mode=mm
382.244,117,place,RY,BUY,1000,99.9300,2100,quote
382.244,117,place,RY,SELL,900,99.9700,2100,quote
382.244,117,place,AC,BUY,1800,25.0800,-1797,quote
382.244,117,place,AC,SELL,400,25.0900,-1797,quote
382.540,117,fill,RY,SELL,900,99.9500,1200,mode=mm
382.540,117,fill,AC,BUY,1800,25.0800,3,mode=mm
382.649,117,regime,AC,,,,,"chop -> mixed (er=0.27, net +4t over 14s)"
383.081,117,place,CNR,SELL,100,160.0300,0,quote
383.081,117,place,RY,BUY,2100,99.9500,1200,quote
383.081,117,place,AC,SELL,3000,25.0900,3,quote
383.292,118,place,CNR,SELL,300,160.0300,0,quote
383.292,118,place,RY,SELL,100,99.9800,1200,quote
383.535,118,fill,AC,SELL,1900,25.0850,-1897,mode=mm
383.536,118,place,CNR,SELL,900,160.0300,0,quote
383.677,118,regime,AC,,,,,"mixed -> chop (er=0.24, net +4t over 14s)"
383.767,118,place,RY,SELL,300,100.0000,1200,quote
383.767,118,place,AC,SELL,100,25.0900,-1897,quote
383.819,118,place,AC,BUY,5000,25.0800,-1897,quote
384.043,118,fill,AC,BUY,3670,25.0850,1773,mode=mm
384.046,118,place,RY,BUY,2100,99.9600,1200,quote
384.046,118,place,RY,SELL,1600,99.9900,1200,quote
384.046,118,place,AC,SELL,3000,25.0900,1773,quote
384.298,118,fill,AC,BUY,1330,25.0850,3103,mode=mm
384.300,118,place,AC,BUY,1100,25.0700,3103,quote
384.300,118,place,AC,SELL,5000,25.0800,3103,quote
384.537,118,fill,RY,SELL,1100,99.9750,100,mode=mm
384.537,118,fill,AC,BUY,1100,25.0800,4203,mode=mm
384.719,118,place,AC,SELL,3200,25.0900,4203,quote
384.769,118,place,RY,SELL,300,100.0100,100,quote
384.827,118,fill,RY,BUY,2100,99.9850,2200,mode=mm
384.829,118,fill,AC,SELL,2000,25.0750,2203,mode=mm
384.830,118,place,AC,BUY,1800,25.0400,2203,quote
384.830,118,place,RY,BUY,100,99.9100,2200,quote
384.830,118,place,RY,SELL,2800,100.0000,2200,quote
385.069,118,place,RY,BUY,100,99.9100,2200,quote
385.069,118,place,RY,SELL,1600,99.9900,2200,quote
385.069,118,place,AC,SELL,900,25.0800,2203,quote
385.256,118,place,AC,SELL,100,25.0600,2203,quote
385.314,118,place,RY,BUY,1800,99.9400,2200,quote
385.314,118,place,RY,SELL,900,99.9800,2200,quote
385.314,118,place,AC,BUY,3600,25.0400,2203,quote
385.314,118,place,AC,SELL,100,25.0500,2203,quote
385.554,118,fill,RY,BUY,1800,99.9600,4000,mode=mm
385.554,118,fill,AC,BUY,3500,25.0500,5703,mode=mm
385.840,118,place,AC,SELL,1000,25.0400,5703,quote
386.080,118,fill,AC,SELL,1000,25.0400,4703,mode=mm
386.309,118,place,RY,SELL,3200,99.9900,4000,quote
386.309,118,place,AC,BUY,900,25.0300,4703,quote
386.334,118,place,RY,BUY,400,99.9800,4000,quote
386.334,118,place,RY,SELL,1900,100.0200,4000,quote
386.579,118,fill,RY,SELL,3200,99.9950,800,mode=mm
386.762,118,place,AC,SELL,3000,25.0900,4703,quote
386.817,119,place,RY,BUY,2200,99.9800,800,quote
386.817,119,place,RY,SELL,1500,100.0400,800,quote
386.851,119,place,AC,BUY,100,25.0400,4703,quote
386.851,119,place,AC,SELL,5000,25.0800,4703,quote
386.851,119,place,RY,BUY,2200,99.9900,800,quote
387.094,119,place,AC,SELL,3000,25.0700,4703,quote
387.131,119,fill,AC,SELL,5000,25.0650,-297,mode=mm
387.338,119,fill,AC,SELL,3000,25.0650,-3297,mode=mm
387.659,119,regime,RY,,,,,"chop -> mixed (er=0.26, net +12t over 14s)"
387.857,119,place,AC,BUY,3000,25.0500,-3297,quote
388.121,119,fill,AC,BUY,3000,25.0550,-297,mode=mm
388.152,119,place,RY,BUY,2200,100.0600,800,quote
388.152,119,place,RY,SELL,1500,100.1100,800,quote
388.354,119,place,AC,SELL,1600,25.0600,-297,quote
388.378,119,place,AC,BUY,5000,25.0600,-297,quote
388.378,119,place,AC,SELL,900,25.0800,-297,quote
388.616,119,fill,RY,BUY,2200,100.0750,3000,mode=mm
388.617,119,fill,AC,BUY,300,25.0650,3,mode=mm
388.631,119,place,AC,SELL,1000,25.0700,3,quote
388.631,119,place,RY,SELL,1800,100.1000,3000,quote
388.867,119,fill,AC,BUY,1200,25.0700,1203,mode=mm
388.869,119,place,AC,BUY,1500,25.0600,1203,quote
388.869,119,place,RY,BUY,500,100.0500,3000,quote
388.869,119,place,RY,SELL,3000,100.0800,3000,quote
389.124,119,fill,AC,BUY,600,25.0700,1803,mode=mm
389.388,119,fill,AC,BUY,900,25.0650,2703,mode=mm
389.487,119,regime,RY,,,,,"mixed -> chop (er=0.04, net +3t over 14s)"
389.629,119,place,RY,BUY,900,99.9200,3000,quote
389.629,119,place,RY,SELL,1000,100.0000,3000,quote
389.629,119,place,AC,BUY,100,25.0600,2703,quote
389.905,119,fill,RY,SELL,1000,100.0050,2000,mode=mm
389.907,119,place,AC,BUY,3300,25.0600,2703,quote
389.907,119,place,RY,BUY,1800,99.9300,2000,quote
389.907,119,place,RY,SELL,500,100.0500,2000,quote
390.147,119,stop,RY,SELL,2000,99.9400,2000,loss=9.1t stop=6.7t trend_against=False
390.147,119,place,RY,SELL,2000,99.9400,2000,agg
390.147,119,place,AC,SELL,100,25.0900,2703,quote
390.394,119,fill,RY,SELL,2000,99.9900,0,mode=mm
390.395,119,fill,AC,BUY,750,25.0800,3453,mode=mm
390.397,119,place,AC,BUY,1000,25.0600,3453,quote
390.397,119,place,AC,SELL,5000,25.0700,3453,quote
390.397,119,place,RY,BUY,1500,97.0000,0,ladder
390.397,119,place,RY,SELL,500,103.0000,0,ladder
390.397,119,place,RY,BUY,1500,92.0000,0,ladder
390.397,119,place,RY,SELL,100,108.0000,0,ladder
390.397,119,place,RY,BUY,2000,85.0000,0,ladder
390.397,119,place,RY,SELL,100,115.0000,0,ladder
390.662,119,fill,AC,SELL,900,25.0700,2553,mode=mm
390.772,119,place,RY,SELL,2500,99.9900,0,quote
390.928,120,fill,AC,SELL,3100,25.0700,-547,mode=mm
390.932,120,place,AC,BUY,3000,25.0700,-547,quote
390.932,120,place,AC,SELL,1600,25.0800,-547,quote
390.932,120,place,RY,SELL,100,99.9600,0,quote
391.067,120,regime,CNR,,,,,"TREND -> mixed (er=0.76, net -6t over 14s)"
391.176,120,fill,AC,BUY,3000,25.0700,2453,mode=mm
391.389,120,place,AC,SELL,5000,25.0700,2453,quote
391.389,120,place,CNR,SELL,3000,160.0200,0,quote
391.389,120,place,RY,SELL,1500,99.9600,0,quote
391.444,120,fill,AC,SELL,1400,25.0700,1053,mode=mm
391.679,120,fill,AC,SELL,3600,25.0700,-2547,mode=mm
391.950,120,place,RY,SELL,100,99.9400,0,quote
391.950,120,place,AC,SELL,100,25.0800,-2547,quote
392.206,120,place,AC,SELL,2000,25.0800,-2547,quote
392.206,120,place,RY,SELL,1500,99.9300,0,quote
392.463,120,fill,AC,SELL,2000,25.0700,-4547,mode=mm
392.465,120,place,AC,BUY,5000,25.0700,-4547,quote
392.465,120,place,AC,SELL,500,25.0900,-4547,quote
392.730,120,fill,RY,SELL,1500,99.9150,-1500,mode=mm
392.731,120,fill,AC,BUY,5000,25.0700,453,mode=mm
392.734,120,place,AC,BUY,2700,25.0600,453,quote
392.734,120,place,AC,SELL,5000,25.0700,453,quote
392.734,120,place,RY,BUY,1500,99.9000,-1500,quote
392.734,120,place,RY,SELL,400,99.9300,-1500,quote
392.989,120,fill,RY,BUY,1500,99.9150,0,mode=mm
392.990,120,fill,AC,SELL,5000,25.0700,-4547,mode=mm
394.058,120,place,RY,BUY,100,99.8900,0,quote
394.058,120,place,RY,SELL,2500,99.9200,0,quote
394.058,120,place,AC,BUY,5000,25.0700,-4547,quote
394.514,120,fill,AC,BUY,1700,25.0750,-2847,mode=mm
394.515,120,place,RY,BUY,1500,99.8900,0,quote
394.515,120,place,AC,SELL,100,25.0800,-2847,quote
394.770,120,fill,AC,BUY,3200,25.0750,353,mode=mm
394.999,120,place,AC,BUY,2800,25.0700,353,quote
395.060,120,place,RY,SELL,2500,99.9300,0,quote
395.582,121,fill,CNR,SELL,900,160.0150,-900,mode=mm
395.582,121,fill,RY,BUY,1500,99.9100,1500,mode=mm
395.585,121,place,RY,BUY,700,99.8900,1500,quote
395.791,121,fill,RY,SELL,2500,99.9100,-1000,mode=mm
395.791,121,fill,AC,BUY,2800,25.0750,3153,mode=mm
395.799,121,place,RY,BUY,2600,99.8900,-1000,quote
395.799,121,place,RY,SELL,2100,99.9300,-1000,quote
395.799,121,place,AC,BUY,1800,25.0700,3153,quote
396.050,121,place,RY,BUY,500,99.9000,-1000,quote
396.050,121,place,AC,SELL,5000,25.0800,3153,quote
396.323,121,fill,RY,SELL,2100,99.9150,-3100,mode=mm
396.324,121,place,RY,BUY,1800,99.9000,-3100,quote
396.324,121,place,RY,SELL,900,99.9900,-3100,quote
396.584,121,place,RY,BUY,1800,99.9200,-3100,quote
396.584,121,place,RY,SELL,100,99.9800,-3100,quote
396.817,121,fill,AC,BUY,600,25.0750,3753,mode=mm
396.817,121,place,RY,BUY,1800,99.9300,-3100,quote
396.817,121,place,RY,SELL,1600,100.0000,-3100,quote
396.855,121,place,AC,BUY,300,25.0700,3753,quote
397.083,121,fill,AC,SELL,3800,25.0750,-47,mode=mm
397.084,121,place,RY,BUY,1800,99.9500,-3100,quote
397.084,121,place,AC,BUY,1800,25.0700,-47,quote
397.140,121,place,RY,SELL,3200,99.9900,-3100,quote
397.212,121,regime,CNR,,,,,"mixed -> chop (er=0.00, net +0t over 14s)"
397.315,121,place,RY,BUY,1800,99.9700,-3100,quote
397.315,121,place,AC,SELL,600,25.0800,-47,quote
397.344,121,place,AC,SELL,100,25.0800,-47,quote
397.605,121,fill,RY,SELL,3200,99.9750,-6300,mode=mm
397.606,121,fill,AC,BUY,1800,25.0750,1753,mode=mm
397.874,121,fill,RY,BUY,1800,99.9950,-4500,mode=mm
397.876,121,place,RY,BUY,5000,99.9900,-4500,quote
397.876,121,place,RY,SELL,2600,100.0200,-4500,quote
397.876,121,place,AC,BUY,400,25.0700,1753,quote
397.876,121,place,AC,SELL,600,25.0800,1753,quote
398.128,121,fill,RY,BUY,200,99.9950,-4300,mode=mm
398.128,121,fill,AC,BUY,400,25.0750,2153,mode=mm
398.130,121,place,RY,BUY,1000,99.9700,-4300,quote
398.130,121,place,RY,SELL,100,100.0000,-4300,quote
398.130,121,place,AC,SELL,5000,25.0800,2153,quote
398.377,121,place,RY,BUY,1800,99.9900,-4300,quote
398.377,121,place,RY,SELL,1600,100.0200,-4300,quote
398.455,121,place,RY,SELL,300,100.0100,-4300,quote
398.638,121,fill,RY,BUY,1800,99.9950,-2500,mode=mm
398.639,121,fill,AC,SELL,200,25.0750,1953,mode=mm
398.639,121,place,RY,BUY,1000,99.9600,-2500,quote
398.639,121,place,RY,SELL,3400,99.9900,-2500,quote
398.776,121,fill,AC,SELL,2500,25.0750,-547,mode=mm
398.910,121,fill,RY,SELL,3400,99.9650,-5900,mode=mm
398.911,121,fill,AC,SELL,2300,25.0750,-2847,mode=mm
399.168,121,place,AC,BUY,1800,25.0600,-2847,quote
399.419,122,fill,AC,BUY,1800,25.0650,-1047,mode=mm
399.791,122,place,AC,BUY,5000,25.0500,-1047,quote
399.791,122,place,AC,SELL,900,25.0700,-1047,quote
399.791,122,place,CNR,BUY,3000,160.0100,-900,quote
399.791,122,place,RY,BUY,5000,99.9600,-5900,quote
399.791,122,place,RY,SELL,200,99.9800,-5900,quote
399.939,122,fill,AC,BUY,2200,25.0550,1153,mode=mm
399.940,122,place,RY,SELL,1200,99.9800,-5900,quote
399.940,122,place,AC,SELL,5000,25.0600,1153,quote
400.192,122,fill,AC,SELL,300,25.0550,853,mode=mm
400.192,122,place,AC,BUY,900,25.0500,853,quote
400.449,122,fill,RY,BUY,5000,99.9650,-900,mode=mm
400.450,122,fill,AC,SELL,1900,25.0550,-1047,mode=mm
400.916,122,place,RY,BUY,1000,99.9600,-900,quote
400.916,122,place,RY,SELL,4300,99.9700,-900,quote
400.916,122,place,AC,BUY,300,25.0500,-1047,quote
400.916,122,place,AC,SELL,100,25.0600,-1047,quote
400.971,122,place,RY,BUY,100,99.9600,-900,quote
401.205,122,place,AC,BUY,5000,25.0500,-1047,quote
401.205,122,place,AC,SELL,900,25.0600,-1047,quote
401.237,122,fill,RY,BUY,100,99.9600,-800,mode=mm
401.468,122,place,RY,BUY,3000,99.9300,-800,quote
401.468,122,place,RY,SELL,2600,99.9600,-800,quote
401.493,122,fill,AC,BUY,4100,25.0500,3053,mode=mm
401.726,122,place,RY,BUY,300,99.9400,-800,quote
401.726,122,place,AC,BUY,100,25.0500,3053,quote
401.761,122,place,RY,BUY,100,99.9500,-800,quote
402.022,122,fill,RY,BUY,100,99.9500,-700,mode=mm
402.172,122,regime,RY,,,,,"chop -> mixed (er=0.31, net -13t over 14s)"
402.259,122,place,AC,BUY,600,25.0600,3053,quote
402.259,122,place,AC,SELL,5000,25.0800,3053,quote
402.259,122,place,RY,BUY,600,99.8900,-700,quote
402.259,122,place,RY,SELL,100,99.9400,-700,quote
402.527,122,fill,RY,BUY,600,99.9150,-100,mode=mm
402.527,122,fill,AC,SELL,4400,25.0700,-1347,mode=mm
402.530,122,place,AC,BUY,5000,25.0700,-1347,quote
402.530,122,place,RY,BUY,1000,99.9300,-100,quote
402.530,122,place,RY,SELL,4900,99.9400,-100,quote
402.806,122,fill,AC,BUY,5000,25.0700,3653,mode=mm
403.050,123,fill,RY,SELL,4900,99.9200,-5000,mode=mm
403.236,123,regime,RY,,,,,"mixed -> chop (er=0.11, net -6t over 14s)"
404.072,123,place,RY,BUY,5000,99.9800,-5000,quote
404.072,123,place,RY,SELL,1400,100.0000,-5000,quote
404.072,123,place,AC,BUY,600,25.0700,3653,quote
404.072,123,place,AC,SELL,5000,25.0800,3653,quote
404.313,123,fill,RY,BUY,4000,99.9800,-1000,mode=mm
404.314,123,fill,AC,SELL,4900,25.0750,-1247,mode=mm
404.783,123,place,RY,BUY,1800,99.9500,-1000,quote
404.783,123,place,RY,SELL,4300,99.9800,-1000,quote
404.783,123,place,AC,BUY,1800,25.0700,-1247,quote
404.824,123,place,RY,BUY,100,99.9600,-1000,quote
404.824,123,place,RY,SELL,2500,99.9700,-1000,quote
405.084,123,place,RY,BUY,100,99.9600,-1000,quote
405.353,123,fill,AC,BUY,500,25.0750,-747,mode=mm
405.354,123,place,RY,BUY,300,99.9000,-1000,quote
405.354,123,place,RY,SELL,1500,99.9600,-1000,quote
405.354,123,place,AC,BUY,3000,25.0700,-747,quote
405.536,123,place,RY,BUY,100,99.9100,-1000,quote
405.599,123,place,RY,BUY,5000,99.9600,-1000,quote
405.599,123,place,RY,SELL,1500,99.9700,-1000,quote
405.869,123,fill,RY,BUY,5000,99.9600,4000,mode=mm
406.613,123,place,RY,BUY,500,99.9500,4000,quote
406.613,123,place,RY,SELL,5000,99.9600,4000,quote
406.613,123,place,AC,SELL,1500,25.0900,-747,quote
406.639,123,place,AC,SELL,100,25.1000,-747,quote
406.797,123,fill,RY,SELL,5000,99.9550,-1000,mode=mm
406.798,123,fill,AC,SELL,1500,25.0900,-2247,mode=mm
406.802,123,place,RY,SELL,2500,99.9800,-1000,quote
406.802,123,place,AC,BUY,3000,25.0900,-2247,quote
406.802,123,place,AC,SELL,1200,25.1000,-2247,quote
406.890,123,fill,RY,SELL,2300,99.9700,-3300,mode=mm
406.923,124,regime,AC,,,,,"chop -> mixed (er=0.29, net +2t over 14s)"
407.098,124,place,RY,BUY,5000,99.9700,-3300,quote
407.098,124,place,RY,SELL,600,99.9900,-3300,quote
407.162,124,fill,AC,BUY,3000,25.0950,753,mode=mm
407.388,124,place,RY,SELL,1000,99.9800,-3300,quote
407.388,124,place,AC,BUY,300,25.0900,753,quote
407.388,124,place,AC,SELL,1800,25.1000,753,quote
407.646,124,fill,AC,BUY,100,25.0950,853,mode=mm
407.910,124,fill,AC,BUY,200,25.0950,1053,mode=mm
407.981,124,regime,AC,,,,,"mixed -> chop (er=0.25, net +2t over 14s)"
408.165,124,place,RY,BUY,5000,99.9800,-3300,quote
408.165,124,place,RY,SELL,3100,99.9900,-3300,quote
408.165,124,place,AC,BUY,1500,25.0900,1053,quote
408.402,124,fill,AC,BUY,1500,25.0950,2553,mode=mm
408.930,124,fill,RY,BUY,5000,99.9850,1700,mode=mm
409.156,124,place,AC,SELL,600,25.0800,2553,quote
409.192,124,place,AC,SELL,100,25.0800,2553,quote
409.398,124,place,RY,BUY,1300,99.9500,1700,quote
409.398,124,place,RY,SELL,5000,99.9700,1700,quote
409.398,124,place,AC,BUY,100,25.0700,2553,quote
409.451,124,fill,AC,BUY,100,25.0750,2653,mode=mm
409.452,124,place,AC,SELL,100,25.0700,2653,quote
409.718,124,fill,AC,SELL,100,25.0700,2553,mode=mm
409.720,124,place,RY,SELL,5000,99.9600,1700,quote
409.943,124,place,RY,BUY,3900,99.9500,1700,quote
409.943,124,place,AC,BUY,700,25.0600,2553,quote
409.978,124,place,AC,BUY,200,25.0600,2553,quote
410.237,124,fill,RY,SELL,5000,99.9550,-3300,mode=mm
410.237,124,fill,AC,BUY,900,25.0650,3453,mode=mm
410.727,124,place,RY,BUY,5000,99.9700,-3300,quote
410.727,124,place,RY,SELL,3100,99.9800,-3300,quote
410.999,124,place,AC,SELL,5000,25.0700,3453,quote
411.515,125,place,AC,BUY,1800,25.0600,3453,quote
412.018,125,fill,AC,SELL,5000,25.0650,-1547,mode=mm
412.021,125,place,AC,SELL,2400,25.0700,-1547,quote
412.275,125,fill,RY,BUY,5000,99.9750,1700,mode=mm
412.276,125,fill,AC,BUY,1800,25.0650,253,mode=mm
412.809,125,fill,AC,SELL,2400,25.0650,-2147,mode=mm
412.810,125,place,AC,BUY,300,25.0600,-2147,quote
413.023,125,place,RY,BUY,700,99.9300,1700,quote
413.023,125,place,RY,SELL,5000,99.9600,1700,quote
413.023,125,place,AC,SELL,200,25.0700,-2147,quote
413.062,125,place,RY,BUY,100,99.9000,1700,quote
413.062,125,place,RY,SELL,5000,99.9200,1700,quote
413.062,125,place,AC,BUY,3000,25.0600,-2147,quote
413.296,125,fill,RY,BUY,700,99.9150,2400,mode=mm
413.297,125,place,RY,BUY,3500,99.8900,2400,quote
413.297,125,place,RY,SELL,1000,99.9100,2400,quote
413.297,125,place,AC,SELL,100,25.0700,-2147,quote
413.553,125,place,RY,SELL,3000,99.9100,2400,quote
413.553,125,place,AC,BUY,3000,25.0600,-2147,quote
413.553,125,place,AC,SELL,100,25.0700,-2147,quote
413.586,125,fill,AC,BUY,3000,25.0650,853,mode=mm
413.587,125,regime,RY,,,,,"3 stop-outs in 85s -> toxic flow: half size, no stepping inside for 30s"
413.587,125,stop,RY,SELL,2400,99.8500,2400,loss=5.5t stop=5.0t trend_against=False
413.589,125,place,RY,SELL,2400,99.8500,2400,agg
413.832,125,fill,RY,SELL,2400,99.9050,0,mode=mm
413.833,125,place,AC,SELL,300,25.0700,853,quote
414.071,125,place,AC,SELL,100,25.0700,853,quote
414.334,125,fill,AC,BUY,1400,25.0650,2253,mode=mm
414.338,125,place,AC,SELL,1000,25.0700,2253,quote
414.563,125,place,RY,SELL,2500,99.9100,0,quote
414.563,125,place,RY,BUY,1500,96.9500,0,ladder
414.563,125,place,RY,SELL,1500,102.9400,0,ladder
414.563,125,place,RY,BUY,900,91.9500,0,ladder
414.563,125,place,RY,SELL,500,107.9400,0,ladder
414.563,125,place,RY,BUY,200,84.9500,0,ladder
414.563,125,place,RY,SELL,200,114.9400,0,ladder
414.601,125,fill,AC,BUY,1600,25.0650,3853,mode=mm
414.602,125,place,AC,SELL,1800,25.0700,3853,quote
414.855,125,place,AC,BUY,100,25.0600,3853,quote
415.170,125,fill,CNR,SELL,2100,160.0150,-3000,mode=mm
415.172,125,fill,AC,SELL,1000,25.0650,2853,mode=mm
415.174,125,place,CNR,SELL,1900,160.0200,-3000,quote
415.174,125,place,AC,BUY,100,25.0600,2853,quote
415.174,125,place,AC,SELL,5000,25.0700,2853,quote
415.375,126,fill,AC,SELL,800,25.0650,2053,mode=mm
415.376,126,place,AC,BUY,700,25.0600,2053,quote
415.616,126,fill,AC,SELL,4800,25.0650,-2747,mode=mm
415.617,126,place,AC,BUY,1800,25.0600,-2747,quote
415.871,126,fill,AC,SELL,200,25.0650,-2947,mode=mm
416.232,126,place,AC,SELL,1100,25.0700,-2947,quote
416.386,126,fill,AC,BUY,1800,25.0650,-1147,mode=mm
416.387,126,place,AC,BUY,5000,25.0600,-1147,quote
416.387,126,place,AC,SELL,4200,25.0700,-1147,quote
416.617,126,fill,RY,SELL,2500,99.8950,-2500,mode=mm
416.874,126,place,RY,BUY,2900,99.8800,-2500,quote
416.874,126,place,RY,SELL,1700,99.9600,-2500,quote
416.907,126,fill,AC,BUY,1700,25.0650,553,mode=mm
417.138,126,fill,AC,SELL,900,25.0650,-347,mode=mm
417.139,126,place,RY,BUY,2900,99.9200,-2500,quote
417.139,126,place,AC,BUY,600,25.0600,-347,quote
417.139,126,place,AC,SELL,1600,25.0700,-347,quote
417.263,126,place,RY,SELL,100,99.9500,-2500,quote
417.416,126,place,RY,BUY,2900,99.9300,-2500,quote
417.416,126,place,AC,BUY,1800,25.0600,-347,quote
417.619,126,place,RY,SELL,1700,99.9700,-2500,quote
417.619,126,place,AC,SELL,900,25.0700,-347,quote
417.658,126,fill,AC,BUY,1800,25.0650,1453,mode=mm
417.996,126,regime,AC,,,,,"chop -> mixed (er=0.33, net -2t over 14s)"
418.153,126,place,RY,BUY,2900,99.9400,-2500,quote
418.153,126,place,RY,SELL,1700,99.9800,-2500,quote
418.153,126,place,AC,BUY,400,25.0500,1453,quote
418.153,126,place,AC,SELL,3000,25.0600,1453,quote
418.205,126,place,RY,BUY,100,99.9500,-2500,quote
418.205,126,place,RY,SELL,1700,100.0300,-2500,quote
418.205,126,place,AC,BUY,100,25.0400,1453,quote
418.205,126,place,AC,SELL,300,25.0500,1453,quote
418.439,126,fill,RY,SELL,1700,99.9850,-4200,mode=mm
418.440,126,fill,AC,BUY,400,25.0500,1853,mode=mm
418.442,126,stop,RY,BUY,4200,100.0600,-4200,loss=7.2t stop=5.0t trend_against=False
418.442,126,place,RY,BUY,4200,100.0600,-4200,agg
418.664,126,place,AC,BUY,400,25.0400,1853,quote
418.664,126,place,AC,SELL,1800,25.0500,1853,quote
418.695,126,fill,RY,BUY,2963,99.9950,-1237,mode=mm
418.696,126,fill,AC,SELL,300,25.0450,1553,mode=mm
418.815,126,place,AC,BUY,400,25.0400,1553,quote
418.844,126,place,RY,BUY,100,99.9700,-1237,quote
418.844,126,place,RY,SELL,1500,102.9400,-1237,ladder
418.844,126,place,RY,SELL,1500,107.9300,-1237,ladder
418.924,126,place,RY,SELL,1200,114.9300,-1237,ladder
419.200,126,fill,AC,SELL,1800,25.0450,-247,mode=mm
419.715,127,place,AC,BUY,5000,25.0300,-247,quote
419.715,127,place,AC,SELL,4800,25.0500,-247,quote
419.715,127,place,RY,BUY,2700,99.9000,-1237,quote
419.715,127,place,RY,BUY,1500,96.9400,-1237,ladder
419.715,127,place,RY,BUY,900,91.9500,-1237,ladder
419.715,127,place,RY,BUY,200,84.9500,-1237,ladder
419.784,127,place,RY,BUY,100,99.9100,-1237,quote
419.991,127,place,AC,SELL,900,25.0400,-247,quote
420.017,127,fill,AC,BUY,5000,25.0300,4753,mode=mm
420.997,127,place,RY,BUY,1600,99.9100,-1237,quote
420.997,127,place,AC,BUY,500,25.0200,4753,quote
420.997,127,place,AC,SELL,5000,25.0400,4753,quote
421.266,127,fill,AC,SELL,5000,25.0350,-247,mode=mm
421.268,127,place,AC,BUY,5000,25.0300,-247,quote
421.524,127,fill,RY,BUY,1600,99.9250,363,mode=mm
421.525,127,fill,AC,BUY,4763,25.0350,4516,mode=mm
421.784,127,fill,AC,BUY,237,25.0350,4753,mode=mm
422.250,127,place,RY,BUY,1300,99.8900,363,quote
422.250,127,place,RY,SELL,1500,99.9400,363,quote
422.250,127,place,AC,BUY,100,25.0200,4753,quote
422.284,127,place,RY,SELL,500,99.9300,363,quote
422.529,127,place,AC,BUY,500,25.0200,4753,quote
422.529,127,place,AC,SELL,5000,25.0400,4753,quote
422.558,127,place,RY,BUY,1300,99.8800,363,quote
422.799,127,place,RY,SELL,2500,99.9100,363,quote
422.826,127,fill,AC,SELL,5000,25.0350,-247,mode=mm
423.055,128,fill,RY,SELL,2500,99.8900,-2137,mode=mm
423.548,128,place,RY,BUY,2800,99.8700,-2137,quote
423.548,128,place,RY,SELL,100,99.9100,-2137,quote
423.548,128,place,AC,BUY,3000,25.0400,-247,quote
423.580,128,place,RY,SELL,1000,99.9100,-2137,quote
423.580,128,place,AC,BUY,1800,25.0500,-247,quote
423.580,128,place,AC,SELL,500,25.0600,-247,quote
423.754,128,regime,AC,,,,,"mixed -> chop (er=0.23, net -2t over 14s)"
423.837,128,fill,AC,BUY,1300,25.0500,1053,mode=mm
424.104,128,place,RY,SELL,1800,99.9000,-2137,quote
424.856,128,place,AC,BUY,2500,25.0300,1053,quote
424.856,128,place,AC,SELL,1800,25.0800,1053,quote
425.060,128,regime,RY,,,,,"chop -> mixed (er=0.26, net -9t over 14s)"
425.087,128,fill,RY,SELL,1800,99.8850,-3937,mode=mm
425.088,128,fill,AC,SELL,1400,25.0550,-347,mode=mm
425.103,128,place,RY,SELL,800,99.9400,-3937,quote
425.103,128,place,AC,BUY,300,25.0400,-347,quote
425.103,128,place,AC,SELL,1600,25.0700,-347,quote
425.330,128,regime,RY,,,,,"mixed -> chop (er=0.19, net -7t over 14s)"
425.361,128,fill,AC,SELL,2000,25.0550,-2347,mode=mm
426.110,128,place,RY,BUY,3200,99.8900,-3937,quote
426.110,128,place,RY,SELL,800,99.9300,-3937,quote
426.110,128,place,AC,BUY,3000,25.0500,-2347,quote
426.110,128,place,AC,SELL,200,25.0600,-2347,quote
426.142,128,place,AC,BUY,3000,25.0600,-2347,quote
426.142,128,place,RY,BUY,3200,99.8500,-3937,quote
426.162,128,place,RY,BUY,1900,99.8600,-3937,quote
426.376,128,place,RY,SELL,1400,99.8900,-3937,quote
426.408,128,fill,RY,BUY,3200,99.8750,-737,mode=mm
426.409,128,fill,AC,BUY,2800,25.0600,453,mode=mm
427.643,129,place,AC,SELL,100,25.0800,453,quote
427.668,129,fill,RY,SELL,1400,99.8750,-2137,mode=mm
427.670,129,place,RY,SELL,1800,99.9200,-2137,quote
427.670,129,place,AC,BUY,2700,25.0700,453,quote
427.926,129,fill,AC,BUY,2700,25.0750,3153,mode=mm
427.928,129,place,AC,SELL,1800,25.0700,3153,quote
428.199,129,fill,AC,SELL,1800,25.0700,1353,mode=mm
428.682,129,place,RY,BUY,2800,99.8600,-2137,quote
428.682,129,place,RY,SELL,1800,99.9100,-2137,quote
428.682,129,place,AC,BUY,1400,25.0600,1353,quote
428.972,129,fill,AC,BUY,1400,25.0650,2753,mode=mm
429.206,129,place,RY,BUY,2800,99.8600,-2137,quote
429.471,129,place,AC,SELL,5000,25.0700,2753,quote
429.734,129,place,RY,BUY,2800,99.8700,-2137,quote
429.989,129,fill,RY,SELL,1800,99.8900,-3937,mode=mm
430.221,129,place,RY,SELL,1400,99.9500,-3937,quote
430.221,129,place,AC,BUY,600,25.0600,2753,quote
430.253,129,fill,AC,BUY,600,25.0650,3353,mode=mm
431.006,129,place,RY,BUY,3200,99.8800,-3937,quote
431.006,129,place,RY,SELL,800,99.9300,-3937,quote
431.006,129,place,AC,BUY,300,25.0300,3353,quote
431.006,129,place,AC,SELL,3000,25.0400,3353,quote
431.048,129,place,RY,BUY,3200,99.8900,-3937,quote
431.303,130,fill,AC,BUY,300,25.0350,3653,mode=mm
431.555,130,fill,AC,SELL,3000,25.0350,653,mode=mm
431.556,130,place,RY,BUY,3200,99.9000,-3937,quote
431.556,130,place,AC,SELL,3000,25.0400,653,quote
431.805,130,fill,RY,BUY,1460,99.9150,-2477,mode=mm
431.835,130,place,RY,BUY,1000,99.8700,-2477,quote
432.039,130,fill,RY,SELL,800,99.9000,-3277,mode=mm
432.039,130,fill,AC,SELL,1600,25.0350,-947,mode=mm
432.402,130,regime,RY,,,,,"chop -> mixed (er=0.27, net -9t over 14s)"
432.577,130,place,RY,BUY,3000,99.8900,-3277,quote
432.577,130,place,RY,SELL,1500,99.9300,-3277,quote
432.577,130,place,AC,BUY,5000,25.0300,-947,quote
432.577,130,place,AC,SELL,2500,25.0400,-947,quote
432.657,130,regime,RY,,,,,"mixed -> chop (er=0.25, net -8t over 14s)"
432.837,130,fill,AC,BUY,5000,25.0300,4053,mode=mm
433.074,130,fill,AC,SELL,2500,25.0350,1553,mode=mm
433.075,130,place,RY,BUY,3000,99.9000,-3277,quote
433.075,130,place,AC,SELL,3000,25.0400,1553,quote
433.329,130,place,RY,SELL,300,99.9400,-3277,quote
433.598,130,fill,AC,SELL,1300,25.0350,253,mode=mm
433.600,130,place,RY,SELL,1500,99.9400,-3277,quote
433.600,130,place,AC,SELL,100,25.0400,253,quote
433.846,130,place,RY,BUY,3000,99.8900,-3277,quote
433.846,130,place,AC,SELL,100,25.0400,253,quote
434.110,130,fill,AC,SELL,100,25.0350,153,mode=mm
434.110,130,place,RY,SELL,300,99.9300,-3277,quote
434.378,130,fill,RY,BUY,3000,99.9100,-277,mode=mm
434.381,130,place,RY,BUY,2500,99.8600,-277,quote
434.381,130,place,RY,SELL,2400,99.9300,-277,quote
434.381,130,place,AC,BUY,100,25.0400,153,quote
434.381,130,place,AC,SELL,1800,25.0500,153,quote
434.620,130,fill,AC,SELL,1800,25.0500,-1647,mode=mm
434.850,130,place,RY,BUY,1500,99.8700,-277,quote
434.850,130,place,RY,SELL,2400,99.9100,-277,quote
434.850,130,place,AC,BUY,300,25.0500,-1647,quote
434.850,130,place,AC,SELL,200,25.0600,-1647,quote
434.882,130,place,RY,SELL,800,99.9000,-277,quote
435.115,130,place,RY,BUY,2500,99.8600,-277,quote
435.139,130,fill,AC,SELL,200,25.0550,-1847,mode=mm
435.140,130,place,AC,BUY,5000,25.0600,-1847,quote
435.140,130,place,AC,SELL,400,25.0800,-1847,quote
435.399,131,fill,AC,BUY,5000,25.0650,3153,mode=mm
435.401,131,place,AC,SELL,600,25.0700,3153,quote
435.702,131,fill,AC,SELL,600,25.0650,2553,mode=mm
435.854,131,place,AC,SELL,5000,25.0800,2553,quote
435.854,131,place,RY,SELL,400,99.8900,-277,quote
435.895,131,place,RY,SELL,200,99.9200,-277,quote
435.895,131,place,AC,BUY,100,25.0700,2553,quote
436.155,131,fill,AC,SELL,4800,25.0750,-2247,mode=mm
436.396,131,fill,AC,SELL,200,25.0750,-2447,mode=mm
436.397,131,place,RY,BUY,900,99.8700,-277,quote
436.397,131,place,RY,SELL,400,99.9300,-277,quote
436.397,131,place,AC,BUY,5000,25.0700,-2447,quote
436.660,131,place,RY,SELL,200,99.9200,-277,quote
436.713,131,place,RY,BUY,300,99.8900,-277,quote
436.713,131,place,AC,SELL,100,25.0800,-2447,quote
436.928,131,fill,RY,BUY,300,99.9050,23,mode=mm
436.928,131,fill,AC,BUY,2863,25.0750,416,mode=mm
437.199,131,fill,AC,BUY,2037,25.0750,2453,mode=mm
437.420,131,place,AC,SELL,1000,25.0800,2453,quote
437.710,131,fill,AC,SELL,1000,25.0750,1453,mode=mm
437.711,131,place,AC,BUY,4000,25.0700,1453,quote
437.711,131,place,AC,SELL,5000,25.0900,1453,quote
437.711,131,place,RY,SELL,900,99.9200,23,quote
437.947,131,fill,AC,SELL,5000,25.0850,-3547,mode=mm
437.949,131,place,AC,BUY,5000,25.0800,-3547,quote
438.220,131,fill,AC,BUY,900,25.0850,-2647,mode=mm
438.241,131,place,RY,BUY,2400,99.8900,23,quote
438.478,131,fill,AC,BUY,4100,25.0850,1453,mode=mm
438.481,131,place,AC,BUY,400,25.0800,1453,quote
439.217,132,place,AC,BUY,4000,25.0800,1453,quote
439.307,132,fill,CNR,BUY,3000,160.0150,0,mode=mm
439.308,132,place,CNR,BUY,1000,160.0100,0,quote
439.308,132,place,AC,SELL,5000,25.0900,1453,quote
439.497,132,place,CNR,BUY,1000,160.0100,0,quote
439.833,132,fill,CNR,SELL,113,160.0150,-113,mode=mm
439.833,132,fill,AC,BUY,100,25.0850,1553,mode=mm
439.835,132,place,CNR,BUY,600,160.0100,-113,quote
439.835,132,place,AC,BUY,2400,25.0800,1553,quote
439.835,132,place,AC,SELL,100,25.0900,1553,quote
440.013,132,fill,AC,SELL,1100,25.0850,453,mode=mm
440.267,132,fill,AC,BUY,2400,25.0850,2853,mode=mm
440.269,132,place,CNR,BUY,3000,160.0100,-113,quote
440.269,132,place,AC,BUY,300,25.0800,2853,quote
440.269,132,place,AC,SELL,5000,25.0900,2853,quote
440.510,132,fill,AC,BUY,300,25.0850,3153,mode=mm
440.744,132,place,AC,BUY,3100,25.0700,3153,quote
440.744,132,place,AC,SELL,3000,25.0800,3153,quote
441.144,132,fill,CNR,SELL,1787,160.0150,-1900,mode=mm
441.145,132,fill,AC,BUY,3100,25.0750,6253,mode=mm
441.147,132,place,CNR,SELL,200,160.0200,-1900,quote
441.315,132,fill,AC,SELL,2600,25.0750,3653,mode=mm
441.317,132,place,CNR,SELL,3800,160.0200,-1900,quote
441.317,132,place,AC,SELL,3000,25.0800,3653,quote
441.585,132,fill,CNR,BUY,1187,160.0150,-713,mode=mm
441.587,132,fill,AC,SELL,400,25.0750,3253,mode=mm
441.588,132,place,AC,BUY,1800,25.0600,3253,quote
441.588,132,place,AC,SELL,1000,25.0700,3253,quote
441.830,132,fill,AC,BUY,1300,25.0700,4553,mode=mm
442.046,132,place,AC,BUY,1500,25.0500,4553,quote
442.046,132,place,AC,SELL,5000,25.0700,4553,quote
442.160,132,fill,CNR,BUY,1813,160.0150,1100,mode=mm
442.161,132,fill,AC,BUY,500,25.0650,5053,mode=mm
443.139,133,place,CNR,BUY,4200,160.0100,1100,quote
443.638,133,fill,CNR,BUY,563,160.0150,1663,mode=mm
443.639,133,place,RY,BUY,1700,99.9000,23,quote
443.639,133,place,RY,SELL,1800,99.9100,23,quote
443.856,133,fill,CNR,BUY,3000,160.0150,4663,mode=mm
444.390,133,fill,CNR,SELL,3100,160.0150,1563,mode=mm
444.399,133,place,CNR,BUY,700,160.0100,1563,quote
444.399,133,place,CNR,SELL,5000,160.0200,1563,quote
444.399,133,place,RY,BUY,300,99.9000,23,quote
444.604,133,place,CNR,BUY,100,160.0100,1563,quote
444.906,133,place,CNR,BUY,700,160.0100,1563,quote
444.906,133,place,RY,BUY,1700,99.9000,23,quote
444.931,133,regime,AC,,,,,"chop -> mixed (er=0.29, net +2t over 14s)"
445.198,133,fill,CNR,BUY,700,160.0150,2263,mode=mm
445.200,133,regime,CNR,,,,,"chop -> mixed (er=1.00, net -0t over 14s)"
445.200,133,place,CNR,BUY,3600,160.0000,2263,quote
445.200,133,place,CNR,SELL,1800,160.0100,2263,quote
445.200,133,place,RY,BUY,1000,99.9000,23,quote
445.461,133,fill,CNR,SELL,1800,160.0100,463,mode=mm
445.594,133,place,RY,BUY,1700,99.9000,23,quote
445.743,133,fill,CNR,BUY,821,160.0100,1284,mode=mm
445.867,133,place,RY,BUY,600,99.9000,23,quote
445.902,133,place,CNR,SELL,1000,160.0200,1284,quote
446.015,133,regime,CNR,,,,,"mixed -> chop (er=0.00, net +0t over 14s)"
446.229,133,place,CNR,BUY,200,160.0000,1284,quote
446.229,133,place,RY,BUY,100,99.9000,23,quote
446.424,133,place,RY,BUY,1700,99.9000,23,quote
446.533,133,regime,CNR,,,,,"chop -> mixed (er=0.33, net -1t over 14s)"
446.696,133,place,RY,BUY,1000,99.9000,23,quote
446.919,133,place,RY,BUY,1700,99.9000,23,quote
447.230,134,fill,RY,SELL,400,99.9050,-377,mode=mm
447.232,134,place,CNR,BUY,2400,159.9800,1284,quote
447.232,134,place,CNR,SELL,5000,159.9900,1284,quote
447.232,134,place,RY,BUY,600,99.9000,-377,quote
447.232,134,place,RY,SELL,1600,99.9100,-377,quote
447.232,134,place,CNR,BUY,900,155.2100,1284,ladder
447.232,134,place,CNR,SELL,100,164.8100,1284,ladder
447.232,134,place,CNR,BUY,100,147.2100,1284,ladder
447.532,134,fill,CNR,SELL,2600,159.9900,-1316,mode=mm
447.748,134,fill,CNR,SELL,2400,159.9900,-3716,mode=mm
447.750,134,place,CNR,BUY,300,159.9800,-3716,quote
448.432,134,place,CNR,BUY,5000,159.9800,-3716,quote
448.432,134,place,CNR,SELL,1700,159.9900,-3716,quote
448.432,134,place,RY,BUY,3000,99.9000,-377,quote
448.432,134,place,CNR,BUY,2000,136.0000,-3716,ladder
448.784,134,fill,CNR,BUY,5000,159.9850,1284,mode=mm
448.786,134,place,CNR,BUY,1400,159.9700,1284,quote
448.786,134,place,CNR,SELL,5000,159.9800,1284,quote
448.786,134,place,RY,SELL,900,99.9100,-377,quote
448.786,134,place,CNR,SELL,1500,172.8000,1284,ladder
448.786,134,place,CNR,SELL,2000,184.0000,1284,ladder
448.897,134,regime,AC,,,,,"mixed -> chop (er=0.20, net +1t over 14s)"
449.008,134,place,RY,SELL,100,99.9100,-377,quote
449.176,134,regime,RY,,,,,"chop -> mixed (er=0.45, net +3t over 14s)"
449.252,134,place,RY,SELL,300,99.9100,-377,quote
449.487,134,place,RY,SELL,100,99.9100,-377,quote
449.721,134,regime,AC,,,,,"chop -> mixed (er=0.33, net -1t over 14s)"
450.264,134,place,RY,SELL,4700,99.9100,-377,quote
450.811,134,regime,RY,,,,,"mixed -> chop (er=0.00, net +0t over 14s)"
451.061,134,regime,RY,,,,,"chop -> mixed (er=1.00, net +0t over 14s)"
451.316,135,regime,RY,,,,,"mixed -> chop (er=0.00, net +0t over 14s)"
456.008,136,regime,AC,,,,,"mixed -> chop (er=0.00, net +0t over 14s)"
456.152,136,place,CNR,BUY,4100,159.9700,1284,quote
456.152,136,place,CNR,SELL,5000,159.9800,1284,quote
456.152,136,place,CNR,BUY,1500,155.1800,1284,ladder
456.152,136,place,CNR,SELL,1500,164.7800,1284,ladder
456.152,136,place,CNR,BUY,500,147.1800,1284,ladder
456.152,136,place,CNR,SELL,1500,172.7800,1284,ladder
456.152,136,place,CNR,SELL,700,183.9800,1284,ladder
456.442,136,fill,CNR,SELL,5000,159.9800,-3716,mode=mm
457.666,136,place,CNR,BUY,1000,159.9900,-3716,quote
457.666,136,place,CNR,BUY,700,135.9800,-3716,ladder
458.200,136,regime,CNR,,,,,"mixed -> chop (er=0.22, net -2t over 14s)"
458.741,136,place,CNR,BUY,5000,160.0200,-3716,quote
458.741,136,place,CNR,BUY,1500,155.1900,-3716,ladder
458.741,136,place,CNR,BUY,900,147.1900,-3716,ladder
458.909,136,stop,CNR,BUY,3716,160.0800,-3716,loss=6.0t stop=5.0t trend_against=False
458.910,136,place,CNR,BUY,3716,160.0800,-3716,agg
459.284,137,fill,CNR,BUY,3716,160.0350,0,mode=mm
459.285,137,regime,CNR,,,,,"chop -> mixed (er=0.35, net +6t over 14s)"
459.550,137,regime,CNR,,,,,"mixed -> TREND (er=0.58, net +14t over 14s)"
460.241,137,place,CNR,BUY,2500,160.1900,0,quote
460.241,137,place,CNR,BUY,900,155.2300,0,ladder
460.241,137,place,CNR,SELL,1500,164.8300,0,ladder
460.241,137,place,CNR,BUY,300,147.2300,0,ladder
460.241,137,place,CNR,SELL,1500,172.8300,0,ladder
460.241,137,place,CNR,SELL,2000,184.0300,0,ladder
461.620,137,place,CNR,BUY,2500,160.2400,0,quote
461.620,137,place,CNR,BUY,1200,136.0800,0,ladder
461.791,137,place,CNR,BUY,2500,160.2500,0,quote
463.557,138,place,CNR,BUY,2500,160.4500,0,quote
463.557,138,place,CNR,BUY,1500,155.3500,0,ladder
463.557,138,place,CNR,SELL,1500,164.9600,0,ladder
463.557,138,place,CNR,BUY,900,147.3400,0,ladder
463.557,138,place,CNR,SELL,900,172.9700,0,ladder
463.557,138,place,CNR,BUY,100,136.1300,0,ladder
463.882,138,place,CNR,BUY,1500,160.4600,0,quote
463.882,138,place,CNR,SELL,2000,184.2100,0,ladder
469.159,139,place,CNR,BUY,2500,160.6000,0,quote
469.159,139,place,CNR,BUY,1500,155.3900,0,ladder
469.159,139,place,CNR,SELL,1500,165.0000,0,ladder
469.159,139,place,CNR,BUY,1500,147.3800,0,ladder
469.159,139,place,CNR,SELL,1500,173.0100,0,ladder
469.159,139,place,CNR,BUY,1200,136.1700,0,ladder
469.159,139,place,CNR,SELL,2000,184.2200,0,ladder
469.689,139,place,CNR,BUY,500,160.6100,0,quote
469.980,139,place,CNR,BUY,100,160.6100,0,quote
470.189,139,place,CNR,BUY,100,160.6100,0,quote
471.006,140,place,CNR,BUY,2500,160.6200,0,quote
471.255,140,place,CNR,BUY,500,160.6300,0,quote
471.506,140,place,CNR,BUY,100,160.6300,0,quote
471.745,140,place,CNR,BUY,100,160.6300,0,quote
472.545,140,place,CNR,BUY,2500,160.6300,0,quote
472.824,140,fill,CNR,BUY,1381,160.6900,1381,mode=mm
473.024,140,fill,CNR,BUY,1068,160.6900,2449,mode=mm
474.324,140,place,CNR,BUY,600,160.5100,2449,quote
474.324,140,place,CNR,BUY,100,155.6900,2449,ladder
474.324,140,place,CNR,SELL,1500,165.3200,2449,ladder
474.324,140,place,CNR,SELL,1500,173.3500,2449,ladder
474.324,140,place,CNR,SELL,1200,184.5800,2449,ladder
474.905,140,stop,CNR,SELL,2449,160.3900,2449,loss=16.4t stop=13.3t trend_against=False
474.905,140,place,CNR,SELL,2449,160.3900,2449,agg
475.117,141,fill,CNR,SELL,528,160.4850,1921,mode=mm
475.118,141,regime,CNR,,,,,"TREND -> chop (er=0.18, net +14t over 14s)"
475.959,141,regime,CNR,,,,,"3 stop-outs in 85s -> toxic flow: half size, no stepping inside for 30s"
475.959,141,stop,CNR,SELL,1921,160.1800,1921,loss=26.4t stop=15.9t trend_against=False
475.962,141,place,CNR,SELL,1921,160.1800,1921,agg
476.117,141,fill,CNR,SELL,1921,160.3000,0,mode=mm
476.120,141,place,CNR,SELL,2500,160.3500,0,quote
476.120,141,place,CNR,BUY,1500,155.6600,0,ladder
476.120,141,place,CNR,SELL,500,165.2900,0,ladder
476.120,141,place,CNR,BUY,1500,147.6300,0,ladder
476.120,141,place,CNR,BUY,2000,136.4000,0,ladder
476.803,141,place,CNR,SELL,1500,160.3000,0,quote
476.803,141,place,CNR,SELL,900,173.2800,0,ladder
476.973,141,regime,CNR,,,,,"chop -> mixed (er=0.34, net -23t over 14s)"
477.503,141,regime,CNR,,,,,"mixed -> TREND (er=0.45, net -36t over 14s)"
477.623,141,place,CNR,SELL,2500,160.1100,0,quote
478.403,141,place,CNR,SELL,1500,160.0800,0,quote
478.489,141,place,CNR,SELL,2000,184.3900,0,ladder
479.334,142,place,CNR,SELL,2500,160.0500,0,quote
479.918,142,place,CNR,SELL,1500,160.0400,0,quote
480.873,142,place,CNR,SELL,2500,160.0100,0,quote
481.371,142,place,CNR,SELL,1500,159.9900,0,quote
482.975,142,place,CNR,SELL,2500,159.9800,0,quote
484.223,143,place,CNR,SELL,1500,159.9800,0,quote
484.583,143,fill,CNR,SELL,1500,159.9450,-1500,mode=mm
484.584,143,place,CNR,SELL,700,160.0100,-1500,quote
484.909,143,fill,CNR,SELL,700,159.9600,-2200,mode=mm
484.911,143,stop,CNR,BUY,2200,160.0500,-2200,loss=17.4t stop=7.4t trend_against=False
484.912,143,place,CNR,BUY,2200,160.0500,-2200,agg
485.134,143,fill,CNR,BUY,2200,159.9700,0,mode=mm
485.135,143,place,CNR,BUY,100,155.2400,0,ladder
485.135,143,place,CNR,SELL,1500,164.8400,0,ladder
485.135,143,place,CNR,BUY,100,147.2400,0,ladder
485.135,143,place,CNR,SELL,300,172.8400,0,ladder
485.850,143,regime,CNR,,,,,"TREND -> chop (er=0.09, net -12t over 14s)"
486.110,143,place,CNR,BUY,2500,160.5100,0,quote
486.110,143,place,CNR,BUY,1500,155.2800,0,ladder
486.110,143,place,CNR,SELL,1500,164.8800,0,ladder
486.110,143,place,CNR,BUY,900,147.2700,0,ladder
486.110,143,place,CNR,SELL,1500,172.8900,0,ladder
486.110,143,place,CNR,BUY,100,136.0700,0,ladder
486.110,143,place,CNR,SELL,400,184.0900,0,ladder
486.766,143,place,CNR,SELL,1500,164.9300,0,ladder
486.825,143,place,CNR,BUY,100,160.7300,0,quote
486.825,143,place,CNR,BUY,100,155.3400,0,ladder
486.825,143,place,CNR,SELL,1500,172.9500,0,ladder
486.825,143,place,CNR,SELL,200,184.1600,0,ladder
487.471,144,place,CNR,BUY,1500,160.7300,0,quote
487.471,144,place,CNR,BUY,500,147.4100,0,ladder
487.471,144,place,CNR,BUY,200,136.1900,0,ladder
488.369,144,place,CNR,BUY,2500,160.7400,0,quote
489.204,144,regime,CNR,,,,,"chop -> mixed (er=0.27, net +35t over 14s)"
491.239,144,fill,CNR,BUY,2500,160.7550,2500,mode=mm
491.241,144,place,CNR,BUY,1000,160.7300,2500,quote
491.271,144,regime,CNR,,,,,"mixed -> TREND (er=0.47, net +53t over 14s)"
491.404,145,place,CNR,BUY,600,160.7400,2500,quote
491.729,145,fill,CNR,BUY,600,160.7550,3100,mode=mm
492.187,145,place,CNR,BUY,1600,160.7100,3100,quote
492.187,145,place,CNR,SELL,3000,160.7700,3100,quote
492.752,145,fill,CNR,BUY,1600,160.7400,4700,mode=mm
492.754,145,stop,CNR,SELL,4700,160.6800,4700,loss=20.0t stop=13.9t trend_against=False
492.759,145,place,CNR,SELL,4700,160.6800,4700,agg
493.235,145,fill,RY,BUY,3000,99.9050,2623,mode=mm
493.240,145,place,RY,BUY,700,99.9000,2623,quote
493.482,145,regime,CNR,,,,,"TREND -> chop (er=0.05, net -8t over 14s)"
493.483,145,place,CNR,SELL,1100,159.9900,4700,quote
493.483,145,place,CNR,SELL,300,165.4000,4700,ladder
493.483,145,place,CNR,SELL,100,173.4300,4700,ladder
493.718,145,fill,RY,SELL,1026,99.9050,1597,mode=mm
493.721,145,place,RY,BUY,700,99.9000,1597,quote
493.789,145,stop,CNR,SELL,4700,159.8100,4700,loss=85.0t stop=26.5t trend_against=False
493.790,145,place,CNR,SELL,4700,159.8100,4700,agg
493.993,145,fill,CNR,SELL,4700,159.9200,0,mode=mm
494.415,145,place,CNR,SELL,2500,159.9200,0,quote
494.415,145,place,RY,BUY,2300,99.9000,1597,quote
494.415,145,place,CNR,BUY,1500,155.6400,0,ladder
494.415,145,place,CNR,SELL,100,165.2600,0,ladder
494.415,145,place,CNR,BUY,1500,147.6100,0,ladder
494.415,145,place,CNR,BUY,2000,136.3800,0,ladder
494.765,145,place,CNR,SELL,500,159.9000,0,quote
495.035,146,place,CNR,SELL,1500,159.8900,0,quote
495.778,146,place,CNR,SELL,2500,159.8600,0,quote
496.220,146,place,CNR,SELL,500,173.0600,0,ladder
496.285,146,fill,RY,BUY,2300,99.9050,3897,mode=mm
496.320,146,regime,RY,,,,,"chop -> mixed (er=1.00, net -1t over 14s)"
496.320,146,place,RY,BUY,2800,99.8800,3897,quote
496.320,146,place,RY,SELL,5000,99.9000,3897,quote
496.320,146,place,CNR,SELL,400,184.2700,0,ladder
496.559,146,place,RY,SELL,1000,99.8900,3897,quote
496.559,146,place,CNR,SELL,1500,159.8500,0,quote
496.795,146,fill,AC,SELL,2100,25.0650,2953,mode=mm
496.797,146,place,RY,SELL,1800,99.8900,3897,quote
496.797,146,place,AC,BUY,600,25.0600,2953,quote
497.035,146,fill,AC,SELL,2900,25.0650,53,mode=mm
497.038,146,place,AC,BUY,2900,25.0600,53,quote
497.038,146,place,AC,SELL,300,25.0700,53,quote
497.300,146,place,AC,SELL,100,25.0700,53,quote
497.537,146,fill,RY,SELL,1800,99.8850,2097,mode=mm
497.602,146,place,RY,SELL,3000,99.8900,2097,quote
497.796,146,fill,RY,SELL,3000,99.8900,-903,mode=mm
497.797,146,fill,AC,BUY,2900,25.0650,2953,mode=mm
498.111,146,place,RY,BUY,5000,99.8900,-903,quote
498.111,146,place,RY,SELL,1500,99.9000,-903,quote
498.111,146,place,AC,BUY,300,25.0600,2953,quote
498.111,146,place,AC,SELL,5000,25.0700,2953,quote
498.157,146,fill,CNR,SELL,1056,159.8350,-1056,mode=mm
498.159,146,place,CNR,SELL,1200,159.8500,-1056,quote
498.298,146,fill,RY,BUY,3473,99.8950,2570,mode=mm
498.809,146,fill,RY,BUY,1527,99.8950,4097,mode=mm
498.811,146,place,RY,BUY,500,99.8900,4097,quote
498.811,146,place,RY,SELL,5000,99.9000,4097,quote
498.811,146,place,AC,BUY,100,25.0600,2953,quote
498.952,146,fill,RY,BUY,500,99.8950,4597,mode=mm
499.151,146,place,RY,BUY,1500,99.8700,4597,quote
499.151,146,place,RY,SELL,5000,99.8900,4597,quote
499.151,146,place,AC,BUY,600,25.0600,2953,quote
499.325,147,fill,RY,SELL,5000,99.8850,-403,mode=mm
499.327,147,fill,AC,BUY,600,25.0650,3553,mode=mm
499.363,147,regime,CNR,,,,,"chop -> TREND (er=0.59, net -68t over 14s)"
499.567,147,fill,AC,SELL,1013,25.0650,2540,mode=mm
499.877,147,fill,AC,SELL,3987,25.0650,-1447,mode=mm
500.160,147,fill,CNR,SELL,1200,159.8400,-2256,mode=mm
500.185,147,place,CNR,SELL,1800,159.8500,-2256,quote
500.185,147,place,RY,BUY,5000,99.8800,-403,quote
500.185,147,place,AC,SELL,800,25.0700,-1447,quote
500.388,147,place,AC,SELL,100,25.0700,-1447,quote
500.601,147,regime,RY,,,,,"mixed -> chop (er=0.00, net +0t over 14s)"
500.601,147,regime,AC,,,,,"chop -> mixed (er=1.00, net -0t over 14s)"
500.602,147,place,RY,BUY,1800,99.9000,-403,quote
500.655,147,place,AC,BUY,5000,25.0500,-1447,quote
500.893,147,fill,AC,BUY,5000,25.0550,3553,mode=mm
500.897,147,place,AC,SELL,1800,25.0500,3553,quote
501.170,147,regime,RY,,,,,"chop -> mixed (er=0.26, net +3t over 14s)"
501.373,147,fill,AC,SELL,1800,25.0450,1753,mode=mm
501.385,147,place,CNR,SELL,1000,159.8600,-2256,quote
501.385,147,place,RY,BUY,600,99.9300,-403,quote
501.385,147,place,RY,SELL,100,99.9500,-403,quote
501.385,147,place,AC,BUY,100,25.0400,1753,quote
501.385,147,place,AC,SELL,5000,25.0500,1753,quote
501.635,147,fill,AC,BUY,100,25.0450,1853,mode=mm
501.697,147,place,AC,BUY,400,25.0300,1853,quote
501.697,147,place,AC,SELL,1800,25.0400,1853,quote
501.697,147,place,CNR,SELL,100,159.8500,-2256,quote
501.697,147,place,RY,BUY,100,99.9300,-403,quote
501.697,147,place,RY,SELL,4700,99.9400,-403,quote
501.891,147,fill,RY,SELL,773,99.9350,-1176,mode=mm
502.428,147,fill,RY,SELL,3927,99.9350,-5103,mode=mm
502.431,147,fill,AC,SELL,1800,25.0350,53,mode=mm
502.434,147,place,RY,BUY,1800,99.9400,-5103,quote
502.881,147,place,CNR,SELL,300,159.8600,-2256,quote
502.881,147,place,AC,SELL,3000,25.0400,53,quote
503.223,147,place,CNR,SELL,300,159.8600,-2256,quote
503.223,147,place,RY,SELL,200,99.9600,-5103,quote
503.278,147,place,AC,BUY,4900,25.0300,53,quote
503.470,148,fill,AC,BUY,800,25.0350,853,mode=mm
503.473,148,place,RY,BUY,5000,99.9500,-5103,quote
503.473,148,place,RY,SELL,2400,99.9900,-5103,quote
503.473,148,place,CNR,SELL,1000,159.8500,-2256,quote
503.696,148,fill,AC,BUY,4100,25.0350,4953,mode=mm
503.699,148,place,AC,SELL,1800,25.0300,4953,quote
503.935,148,fill,AC,SELL,1000,25.0300,3953,mode=mm
504.747,148,place,RY,BUY,5000,99.9800,-5103,quote
504.747,148,place,RY,SELL,2400,100.0000,-5103,quote
504.747,148,place,AC,BUY,900,25.0200,3953,quote
504.747,148,place,AC,SELL,3000,25.0300,3953,quote
504.783,148,fill,CNR,SELL,1000,159.8350,-3256,mode=mm
504.929,148,place,CNR,BUY,3000,159.8200,-3256,quote
504.929,148,place,CNR,SELL,900,159.8500,-3256,quote
504.976,148,fill,AC,BUY,900,25.0250,4853,mode=mm
504.977,148,stop,RY,BUY,5000,100.0300,-5103,loss=5.4t stop=5.0t trend_against=False
504.977,148,place,RY,BUY,5000,100.0300,-5103,agg
505.249,148,fill,RY,BUY,2600,99.9850,-2503,mode=mm
505.251,148,place,AC,BUY,800,25.0100,4853,quote
505.476,148,fill,AC,SELL,2531,25.0250,2322,mode=mm
505.477,148,place,AC,SELL,5000,25.0300,2322,quote
505.752,148,fill,AC,SELL,469,25.0250,1853,mode=mm
505.752,148,place,CNR,SELL,500,159.8600,-3256,quote
506.008,148,stop,RY,BUY,2503,100.0300,-2503,loss=5.3t stop=5.0t trend_against=False
506.009,148,place,RY,BUY,2503,100.0300,-2503,agg
506.207,148,place,CNR,SELL,1500,159.8700,-3256,quote
506.323,148,fill,CNR,SELL,500,159.8450,-3756,mode=mm
506.323,148,fill,RY,BUY,2503,99.9850,0,mode=mm
506.325,148,fill,AC,SELL,1431,25.0250,422,mode=mm
506.329,148,place,RY,BUY,300,99.9600,0,quote
506.329,148,place,CNR,BUY,3100,159.8300,-3756,quote
506.329,148,place,CNR,SELL,200,159.8800,-3756,quote
506.329,148,place,RY,SELL,1500,102.9400,0,ladder
506.329,148,place,RY,SELL,1500,107.9400,0,ladder
506.329,148,place,RY,SELL,2000,114.9400,0,ladder
506.387,148,place,AC,BUY,4700,25.0200,422,quote
506.563,148,fill,AC,SELL,3569,25.0250,-3147,mode=mm
506.911,148,regime,CNR,,,,,"TREND -> mixed (er=0.44, net -7t over 14s)"
506.942,148,fill,AC,BUY,3100,25.0250,-47,mode=mm
506.942,148,regime,RY,,,,,"mixed -> chop (er=0.22, net +5t over 14s)"
506.943,148,place,RY,BUY,1800,99.9500,0,quote
506.943,148,place,CNR,BUY,600,159.8500,-3756,quote
506.943,148,place,CNR,SELL,200,159.8800,-3756,quote
506.943,148,place,AC,SELL,300,25.0400,-47,quote
507.040,148,place,CNR,BUY,100,159.8700,-3756,quote
507.040,148,place,CNR,SELL,800,159.9100,-3756,quote
507.176,148,regime,CNR,,,,,"mixed -> chop (er=0.24, net -5t over 14s)"
507.338,148,fill,CNR,SELL,200,159.8850,-3956,mode=mm
507.338,148,fill,AC,SELL,300,25.0350,-347,mode=mm
507.340,148,place,RY,BUY,100,99.9600,0,quote
507.340,148,place,AC,BUY,300,25.0300,-347,quote
507.449,149,place,CNR,SELL,200,159.9000,-3956,quote
507.475,149,regime,RY,,,,,"chop -> mixed (er=0.28, net +7t over 14s)"
507.604,149,fill,CNR,SELL,200,159.8850,-4156,mode=mm
507.606,149,regime,CNR,,,,,"3 stop-outs in 85s -> toxic flow: half size, no stepping inside for 30s"
507.606,149,stop,CNR,BUY,4156,159.9600,-4156,loss=5.5t stop=5.0t trend_against=False
507.611,149,place,CNR,BUY,4156,159.9600,-4156,agg
507.611,149,place,RY,BUY,2500,99.9700,0,quote
507.611,149,place,AC,BUY,2500,25.0300,-347,quote
507.877,149,fill,CNR,BUY,4156,159.9050,0,mode=mm
507.879,149,fill,RY,BUY,2500,99.9900,2500,mode=mm
507.998,149,place,RY,BUY,1000,99.9800,2500,quote
507.998,149,place,RY,SELL,2500,100.0000,2500,quote
507.998,149,place,CNR,BUY,500,155.0800,0,ladder
507.998,149,place,CNR,SELL,1500,164.6800,0,ladder
507.998,149,place,CNR,SELL,1500,172.6700,0,ladder
507.998,149,place,CNR,SELL,2000,183.8600,0,ladder
508.101,149,place,RY,SELL,2500,99.9900,2500,quote
508.245,149,regime,CNR,,,,,"chop -> mixed (er=0.44, net +13t over 14s)"
508.354,149,fill,RY,SELL,1500,99.9900,1000,mode=mm
508.357,149,place,RY,BUY,1200,99.9900,1000,quote
508.357,149,place,RY,SELL,1000,100.0200,1000,quote
508.357,149,place,CNR,BUY,300,147.1000,0,ladder
508.472,149,place,AC,SELL,1300,25.0400,-347,quote
508.520,149,regime,CNR,,,,,"mixed -> TREND (er=0.51, net +15t over 14s)"
508.598,149,fill,RY,BUY,1200,100.0050,2200,mode=mm
508.632,149,place,RY,SELL,1300,100.0100,2200,quote
508.632,149,place,CNR,BUY,700,160.0100,0,quote
508.632,149,place,AC,SELL,400,25.0500,-347,quote
508.632,149,place,RY,BUY,1500,96.9600,2200,ladder
508.632,149,place,RY,BUY,1500,91.9600,2200,ladder
508.632,149,place,RY,BUY,100,84.9700,2200,ladder
508.766,149,place,AC,BUY,2500,25.0400,-347,quote
508.766,149,place,CNR,BUY,2000,135.9200,0,ladder
508.858,149,fill,AC,BUY,1800,25.0400,1453,mode=mm
509.088,149,fill,AC,BUY,1500,25.0400,2953,mode=mm
509.090,149,place,AC,SELL,600,25.0500,2953,quote
509.373,149,fill,AC,SELL,600,25.0450,2353,mode=mm
509.373,149,regime,AC,,,,,"mixed -> chop (er=0.14, net -1t over 14s)"
509.797,149,place,CNR,BUY,1200,160.0700,0,quote
509.797,149,place,RY,BUY,300,100.0000,2200,quote
509.797,149,place,RY,SELL,2800,100.0100,2200,quote
509.797,149,place,AC,BUY,100,25.0500,2353,quote
509.797,149,place,AC,SELL,2900,25.0600,2353,quote
509.879,149,fill,AC,SELL,1900,25.0550,453,mode=mm
509.882,149,place,AC,BUY,1300,25.0500,453,quote
509.882,149,place,RY,BUY,600,100.0000,2200,quote
510.158,149,fill,RY,SELL,2800,100.0050,-600,mode=mm
510.159,149,fill,AC,SELL,1000,25.0600,-547,mode=mm
510.163,149,place,RY,BUY,2600,100.0000,-600,quote
510.163,149,place,RY,SELL,100,100.0100,-600,quote
510.163,149,place,AC,BUY,2500,25.0600,-547,quote
510.280,149,place,CNR,BUY,1200,160.0900,0,quote
510.280,149,place,AC,SELL,2300,25.0700,-547,quote
510.411,149,place,RY,BUY,2600,100.0100,-600,quote
510.411,149,place,RY,SELL,700,100.0200,-600,quote
510.654,149,fill,AC,SELL,2300,25.0650,-2847,mode=mm
510.871,149,fill,RY,BUY,2600,100.0150,2000,mode=mm
511.167,150,place,CNR,BUY,1200,160.1200,0,quote
511.167,150,place,RY,BUY,100,100.0200,2000,quote
511.167,150,place,AC,BUY,3000,25.0800,-2847,quote
511.167,150,place,AC,SELL,100,25.0900,-2847,quote
511.482,150,place,RY,BUY,1800,100.0200,2000,quote
511.603,150,place,AC,SELL,1600,25.0900,-2847,quote
511.692,150,place,CNR,BUY,1200,160.1300,0,quote
511.953,150,fill,AC,BUY,1400,25.0850,-1447,mode=mm
511.954,150,place,CNR,BUY,1200,160.1400,0,quote
511.954,150,place,AC,BUY,2700,25.0800,-1447,quote
511.954,150,place,AC,SELL,2000,25.0900,-1447,quote
512.204,150,fill,RY,BUY,1800,100.0300,3800,mode=mm
512.207,150,place,RY,BUY,1400,100.0100,3800,quote
512.207,150,place,RY,SELL,3100,100.0300,3800,quote
512.207,150,place,CNR,BUY,1200,160.1500,0,quote
512.475,150,fill,AC,SELL,2000,25.0850,-3447,mode=mm
512.893,150,place,CNR,BUY,1200,160.1600,0,quote
512.893,150,place,RY,BUY,100,100.0200,3800,quote
512.893,150,place,CNR,SELL,1500,164.8500,0,ladder
512.893,150,place,CNR,SELL,900,172.8500,0,ladder
512.893,150,place,CNR,SELL,200,184.0500,0,ladder
513.132,150,place,AC,SELL,1500,25.0900,-3447,quote
513.132,150,place,CNR,BUY,1500,155.2500,0,ladder
513.251,150,fill,AC,BUY,2700,25.0850,-747,mode=mm
513.254,150,place,RY,BUY,1400,100.0200,3800,quote
513.254,150,place,AC,BUY,2600,25.0800,-747,quote
513.254,150,place,CNR,BUY,900,147.2500,0,ladder
513.406,150,place,CNR,BUY,1200,136.0500,0,ladder
513.749,150,fill,RY,SELL,3100,100.0250,700,mode=mm
513.750,150,fill,AC,BUY,1100,25.0850,353,mode=mm
513.756,150,place,RY,SELL,900,100.0300,700,quote
513.756,150,place,AC,BUY,400,25.0800,353,quote
513.756,150,place,AC,SELL,2500,25.0900,353,quote
513.962,150,fill,RY,BUY,1400,100.0250,2100,mode=mm
513.963,150,place,RY,BUY,1800,100.0200,2100,quote
513.963,150,place,RY,SELL,2800,100.0300,2100,quote
513.963,150,place,AC,BUY,2300,25.0800,353,quote
514.187,150,regime,RY,,,,,"mixed -> TREND (er=0.46, net +15t over 14s)"
514.261,150,fill,AC,BUY,2300,25.0850,2653,mode=mm
514.485,150,regime,AC,,,,,"chop -> mixed (er=0.26, net +2t over 14s)"
514.485,150,place,RY,BUY,900,99.9900,2100,quote
514.485,150,place,RY,SELL,400,100.0400,2100,quote
514.539,150,fill,RY,BUY,1800,100.0150,3900,mode=mm
514.782,150,regime,RY,,,,,"TREND -> mixed (er=0.28, net +8t over 14s)"
514.782,150,place,RY,SELL,1500,100.0200,3900,quote
515.018,150,place,AC,BUY,1700,25.0700,2653,quote
515.018,150,place,AC,SELL,2900,25.0800,2653,quote
515.102,150,place,RY,BUY,1400,100.0000,3900,quote
515.102,150,place,RY,SELL,3100,100.0100,3900,quote
515.265,151,fill,RY,SELL,100,100.0050,3800,mode=mm
515.265,151,fill,AC,SELL,2100,25.0800,553,mode=mm
515.266,151,place,CNR,BUY,1200,160.1700,0,quote
515.266,151,place,RY,BUY,1400,99.9900,3800,quote
515.266,151,place,RY,SELL,3100,100.0000,3800,quote
515.266,151,place,AC,SELL,2500,25.0800,553,quote
515.266,151,place,CNR,BUY,1500,155.2600,0,ladder
515.266,151,place,CNR,SELL,1500,164.8700,0,ladder
515.266,151,place,CNR,BUY,500,147.2600,0,ladder
515.266,151,place,CNR,SELL,1500,172.8700,0,ladder
515.266,151,place,CNR,BUY,200,136.0600,0,ladder
515.266,151,place,CNR,SELL,400,184.0800,0,ladder
515.374,151,regime,RY,,,,,"mixed -> chop (er=0.21, net +6t over 14s)"
515.522,151,fill,AC,BUY,900,25.0750,1453,mode=mm
515.524,151,place,CNR,BUY,700,160.1800,0,quote
515.524,151,place,AC,BUY,1200,25.0700,1453,quote
516.019,151,fill,AC,BUY,1200,25.0750,2653,mode=mm
516.021,151,place,AC,BUY,600,25.0700,2653,quote
516.303,151,fill,RY,SELL,3100,99.9950,700,mode=mm
516.316,151,fill,AC,SELL,1900,25.0750,753,mode=mm
516.323,151,place,AC,BUY,1300,25.0600,753,quote
516.323,151,place,AC,SELL,2600,25.0700,753,quote
516.323,151,place,CNR,BUY,700,160.1700,0,quote
516.638,151,fill,CNR,BUY,700,160.2100,700,mode=mm
516.639,151,place,RY,BUY,2200,100.0000,700,quote
516.639,151,place,RY,SELL,2600,100.0300,700,quote
516.639,151,place,CNR,BUY,1100,160.1600,700,quote
516.843,151,fill,AC,BUY,1300,25.0650,2053,mode=mm
516.844,151,place,RY,SELL,2600,100.0200,700,quote
517.003,151,place,CNR,BUY,1100,160.1700,700,quote
517.003,151,place,AC,BUY,100,25.0600,2053,quote
517.080,151,fill,RY,SELL,2600,100.0150,-1900,mode=mm
517.081,151,fill,AC,SELL,2600,25.0650,-547,mode=mm
517.220,151,regime,RY,,,,,"chop -> mixed (er=0.25, net +8t over 14s)"
517.287,151,place,CNR,BUY,1100,160.1600,700,quote
517.287,151,place,RY,BUY,2800,100.0200,-1900,quote
517.287,151,place,RY,SELL,300,100.0300,-1900,quote
517.287,151,place,AC,BUY,1500,25.0600,-547,quote
517.287,151,place,AC,SELL,100,25.0700,-547,quote
517.477,151,regime,RY,,,,,"mixed -> chop (er=0.21, net +6t over 14s)"
517.540,151,fill,AC,BUY,1500,25.0650,953,mode=mm
517.751,151,regime,RY,,,,,"chop -> mixed (er=0.26, net +7t over 14s)"
517.795,151,fill,RY,BUY,2800,100.0250,900,mode=mm
517.797,151,place,AC,BUY,1200,25.0500,953,quote
517.797,151,place,AC,SELL,2600,25.0600,953,quote
517.797,151,place,CNR,BUY,100,160.1500,700,quote
517.797,151,place,RY,BUY,100,100.0300,900,quote
517.797,151,place,RY,SELL,900,100.0400,900,quote
518.025,151,regime,RY,,,,,"mixed -> chop (er=0.23, net +6t over 14s)"
518.090,151,fill,RY,BUY,100,100.0350,1000,mode=mm
518.090,151,fill,AC,SELL,1400,25.0600,-447,mode=mm
518.092,151,place,CNR,BUY,1100,160.1300,700,quote
518.092,151,place,RY,SELL,2600,100.0400,1000,quote
518.266,151,place,CNR,BUY,1100,160.1400,700,quote
518.667,151,fill,CNR,BUY,1100,160.1600,1800,mode=mm
518.668,151,place,CNR,BUY,900,160.1100,1800,quote
518.668,151,place,AC,BUY,1500,25.0400,-447,quote
518.668,151,place,AC,SELL,1300,25.0500,-447,quote
518.780,151,place,CNR,BUY,500,160.1200,1800,quote
518.802,151,regime,AC,,,,,"mixed -> chop (er=0.20, net +2t over 14s)"
518.891,151,fill,AC,BUY,129,25.0450,-318,mode=mm
518.893,151,place,RY,BUY,2100,100.0200,1000,quote
518.893,151,place,RY,SELL,100,100.0300,1000,quote
519.023,151,fill,AC,BUY,1371,25.0400,1053,mode=mm
519.075,151,place,RY,BUY,2100,100.0100,1000,quote
519.149,151,place,AC,SELL,1500,25.0400,1053,quote
519.319,152,place,RY,SELL,900,100.0200,1000,quote
519.319,152,place,CNR,BUY,100,160.1100,1800,quote
519.383,152,fill,AC,SELL,600,25.0400,453,mode=mm
519.384,152,place,CNR,BUY,300,160.1200,1800,quote
519.384,152,place,AC,BUY,200,25.0300,453,quote
519.648,152,fill,AC,SELL,900,25.0350,-447,mode=mm
519.650,152,place,CNR,BUY,900,160.1200,1800,quote
519.650,152,place,CNR,SELL,1400,160.1500,1800,quote
519.650,152,place,RY,SELL,2600,100.0200,1000,quote
519.650,152,place,AC,BUY,1500,25.0300,-447,quote
519.650,152,place,AC,SELL,400,25.0400,-447,quote
519.900,152,fill,RY,BUY,2100,100.0150,3100,mode=mm
520.002,152,place,RY,BUY,900,99.9800,3100,quote
520.002,152,place,RY,SELL,3000,100.0100,3100,quote
520.002,152,place,AC,SELL,200,25.0400,-447,quote
520.106,152,place,RY,SELL,3000,99.9900,3100,quote
520.150,152,place,AC,SELL,100,25.0400,-447,quote
520.400,152,fill,AC,BUY,1500,25.0350,1053,mode=mm
520.402,152,place,AC,BUY,2100,25.0300,1053,quote
520.402,152,place,AC,SELL,1500,25.0400,1053,quote
520.685,152,fill,RY,BUY,900,99.9850,4000,mode=mm
520.687,152,place,RY,BUY,1400,99.9800,4000,quote
520.909,152,fill,AC,BUY,1900,25.0350,2953,mode=mm
520.911,152,place,AC,BUY,1600,25.0300,2953,quote
521.164,152,fill,AC,SELL,1300,25.0350,1653,mode=mm
521.166,152,place,AC,SELL,2700,25.0400,1653,quote
521.411,152,fill,RY,BUY,1400,99.9850,5400,mode=mm
521.412,152,fill,AC,BUY,1600,25.0350,3253,mode=mm
521.415,152,place,RY,BUY,300,99.9500,5400,quote
521.415,152,place,RY,SELL,3400,99.9800,5400,quote
521.415,152,place,AC,BUY,100,25.0300,3253,quote
521.676,152,fill,RY,BUY,300,99.9700,5700,mode=mm
521.676,152,fill,AC,SELL,2063,25.0350,1190,mode=mm
521.678,152,regime,RY,,,,,"3 stop-outs in 85s -> toxic flow: half size, no stepping inside for 30s"
521.678,152,stop,RY,SELL,5000,99.8900,5700,loss=5.7t stop=5.0t trend_against=False
521.683,152,place,RY,SELL,5000,99.8900,5700,agg
521.683,152,place,AC,BUY,2100,25.0300,1190,quote
521.683,152,place,AC,SELL,2700,25.0400,1190,quote
521.982,152,fill,RY,SELL,5000,99.9450,700,mode=mm
521.983,152,fill,AC,SELL,2263,25.0350,-1073,mode=mm
522.243,152,fill,CNR,BUY,900,160.1350,2700,mode=mm
522.244,152,fill,AC,SELL,1074,25.0350,-2147,mode=mm
522.590,152,regime,CNR,,,,,"TREND -> mixed (er=0.32, net +10t over 14s)"
522.590,152,regime,RY,,,,,"chop -> mixed (er=0.27, net -7t over 14s)"
522.734,152,stop,RY,SELL,700,99.8900,700,loss=5.7t stop=5.0t trend_against=False
522.734,152,place,RY,SELL,700,99.8900,700,agg
522.983,152,fill,RY,SELL,700,99.9350,0,mode=mm
522.986,152,place,CNR,BUY,800,160.1200,2700,quote
522.986,152,place,RY,SELL,1200,99.9600,0,quote
522.986,152,place,AC,BUY,2800,25.0400,-2147,quote
522.986,152,place,AC,SELL,1800,25.0500,-2147,quote
522.986,152,place,RY,BUY,1500,96.9900,0,ladder
522.986,152,place,RY,SELL,1500,102.9900,0,ladder
522.986,152,place,RY,BUY,1500,91.9900,0,ladder
522.986,152,place,RY,SELL,1500,107.9800,0,ladder
522.986,152,place,RY,BUY,2000,84.9900,0,ladder
522.986,152,place,RY,SELL,100,114.9800,0,ladder
523.123,152,regime,CNR,,,,,"mixed -> chop (er=0.21, net +6t over 14s)"
523.123,152,regime,RY,,,,,"mixed -> chop (er=0.23, net -6t over 14s)"
523.243,152,fill,RY,SELL,1200,99.9450,-1200,mode=mm
523.245,152,fill,AC,SELL,1800,25.0450,-3947,mode=mm
523.249,152,place,CNR,BUY,400,160.1100,2700,quote
523.249,152,place,RY,BUY,1200,99.9300,-1200,quote
523.249,152,place,RY,SELL,100,99.9700,-1200,quote
523.249,152,place,AC,BUY,3200,25.0500,-3947,quote
523.249,152,place,AC,SELL,100,25.0600,-3947,quote
523.386,153,regime,RY,,,,,"chop -> mixed (er=0.25, net -7t over 14s)"
523.497,153,fill,CNR,BUY,1200,160.1300,3900,mode=mm
523.498,153,fill,AC,BUY,3200,25.0500,-747,mode=mm
523.662,153,regime,RY,,,,,"mixed -> chop (er=0.20, net -5t over 14s)"
524.328,153,place,RY,BUY,1200,99.9500,-1200,quote
524.328,153,place,RY,SELL,1000,99.9800,-1200,quote
524.328,153,place,AC,SELL,2200,25.0600,-747,quote
524.513,153,regime,CNR,,,,,"chop -> mixed (er=0.30, net -11t over 14s)"
524.514,153,place,CNR,BUY,700,159.9200,3900,quote
524.514,153,place,CNR,SELL,1500,160.0700,3900,quote
524.514,153,place,RY,BUY,1200,99.9600,-1200,quote
524.514,153,place,RY,SELL,1000,99.9900,-1200,quote
524.514,153,place,CNR,BUY,1500,155.3200,3900,ladder
524.514,153,place,CNR,SELL,1500,164.9300,3900,ladder
524.514,153,place,CNR,BUY,900,147.3200,3900,ladder
524.514,153,place,CNR,SELL,1500,172.9400,3900,ladder
524.514,153,place,CNR,BUY,400,136.1100,3900,ladder
524.514,153,place,CNR,SELL,2000,184.1500,3900,ladder
524.758,153,fill,AC,SELL,2200,25.0550,-2947,mode=mm
524.758,153,stop,CNR,SELL,3900,159.8900,3900,loss=18.5t stop=5.1t trend_against=False
524.762,153,place,CNR,SELL,3900,159.8900,3900,agg
524.973,153,regime,AC,,,,,"chop -> mixed (er=0.47, net -4t over 14s)"
525.113,153,fill,CNR,SELL,3900,160.0000,0,mode=mm
525.299,153,fill,RY,BUY,1200,99.9750,0,mode=mm
525.586,153,place,CNR,SELL,200,159.9900,0,quote
525.586,153,place,RY,SELL,1200,99.9800,0,quote
525.586,153,place,AC,BUY,3000,25.0400,-2947,quote
525.586,153,place,AC,SELL,100,25.0500,-2947,quote
525.586,153,place,CNR,BUY,1500,155.2900,0,ladder
525.586,153,place,CNR,BUY,1500,147.2900,0,ladder
525.586,153,place,CNR,BUY,2000,136.0800,0,ladder
525.636,153,regime,CNR,,,,,"mixed -> TREND (er=0.61, net -22t over 14s)"
525.740,153,place,CNR,SELL,1500,164.8900,0,ladder
525.740,153,place,CNR,SELL,1500,172.9000,0,ladder
525.740,153,place,CNR,SELL,100,184.1000,0,ladder
525.834,153,fill,RY,SELL,1200,99.9650,-1200,mode=mm
525.835,153,place,RY,BUY,1200,99.9500,-1200,quote
526.024,153,fill,RY,BUY,1200,99.9650,0,mode=mm
526.027,153,place,CNR,SELL,1200,159.9700,0,quote
526.027,153,place,AC,SELL,1600,25.0500,-2947,quote
526.088,153,regime,RY,,,,,"chop -> mixed (er=0.27, net -6t over 14s)"
526.365,153,fill,AC,SELL,691,25.0450,-3638,mode=mm
526.366,153,place,RY,BUY,1200,99.8800,0,quote
526.366,153,place,RY,SELL,1200,99.9700,0,quote
526.366,153,place,CNR,SELL,1200,159.9600,0,quote
526.366,153,place,AC,SELL,800,25.0500,-3638,quote
526.539,153,fill,AC,BUY,1291,25.0450,-2347,mode=mm
526.541,153,place,RY,BUY,1200,99.9200,0,quote
526.541,153,place,RY,SELL,1200,99.9500,0,quote
526.541,153,place,AC,BUY,2900,25.0400,-2347,quote
526.802,153,fill,RY,SELL,500,99.9350,-500,mode=mm
526.804,153,place,RY,SELL,600,99.9600,-500,quote
526.804,153,place,AC,BUY,1000,25.0500,-2347,quote
526.857,153,place,AC,SELL,600,25.0600,-2347,quote
527.060,153,fill,RY,SELL,700,99.9400,-1200,mode=mm
527.060,153,fill,AC,BUY,1000,25.0500,-1347,mode=mm
527.355,153,fill,RY,SELL,600,99.9450,-1800,mode=mm
527.359,153,stop,RY,BUY,1800,99.9800,-1800,loss=9.4t stop=5.0t trend_against=False
527.360,153,place,RY,BUY,1800,99.9800,-1800,agg
527.430,153,place,AC,SELL,2000,25.0600,-1347,quote
527.603,154,fill,RY,BUY,1800,99.9450,0,mode=mm
527.606,154,place,CNR,SELL,1200,159.9400,0,quote
527.606,154,place,RY,BUY,1200,99.9300,0,quote
527.606,154,place,RY,BUY,900,96.9700,0,ladder
527.606,154,place,RY,SELL,1500,102.9600,0,ladder
527.606,154,place,RY,BUY,500,91.9700,0,ladder
527.606,154,place,RY,SELL,1500,107.9600,0,ladder
527.606,154,place,RY,SELL,2000,114.9600,0,ladder
527.860,154,fill,AC,SELL,2000,25.0550,-3347,mode=mm
528.179,154,fill,CNR,SELL,1200,159.9250,-1200,mode=mm
528.376,154,fill,RY,BUY,664,99.9450,664,mode=mm
528.392,154,place,AC,BUY,1800,25.0500,-3347,quote
528.428,154,place,CNR,SELL,300,159.9400,-1200,quote
528.428,154,place,RY,SELL,600,99.9600,664,quote
528.564,154,place,AC,SELL,1500,25.0600,-3347,quote
528.564,154,place,RY,BUY,2000,84.9700,664,ladder
528.775,154,fill,CNR,SELL,300,159.9250,-1500,mode=mm
528.775,154,fill,RY,BUY,536,99.9450,1200,mode=mm
528.775,154,regime,RY,,,,,"mixed -> chop (er=0.23, net -6t over 14s)"
528.776,154,place,CNR,SELL,600,159.9600,-1500,quote
528.776,154,place,RY,BUY,100,99.9300,1200,quote
528.912,154,fill,AC,BUY,1412,25.0550,-1935,mode=mm
528.913,154,place,RY,BUY,1000,99.9200,1200,quote
528.913,154,place,CNR,SELL,1000,159.9500,-1500,quote
528.913,154,place,AC,BUY,2800,25.0500,-1935,quote
529.172,154,fill,AC,SELL,1112,25.0550,-3047,mode=mm
529.173,154,place,RY,SELL,1200,99.9500,1200,quote
529.173,154,place,AC,SELL,1600,25.0600,-3047,quote
529.426,154,fill,RY,BUY,1000,99.9350,2200,mode=mm
529.427,154,fill,AC,SELL,1600,25.0550,-4647,mode=mm
529.682,154,fill,AC,BUY,726,25.0550,-3921,mode=mm
529.684,154,place,CNR,SELL,1000,159.9500,-1500,quote
529.684,154,place,RY,BUY,100,99.9100,2200,quote
529.684,154,place,RY,SELL,1400,99.9400,2200,quote
529.684,154,place,AC,BUY,3200,25.0600,-3921,quote
529.684,154,place,AC,SELL,100,25.0700,-3921,quote
529.808,154,regime,RY,,,,,"chop -> mixed (er=0.26, net -7t over 14s)"
529.808,154,regime,AC,,,,,"mixed -> chop (er=0.11, net -1t over 14s)"
529.936,154,fill,AC,BUY,2074,25.0650,-1847,mode=mm
529.938,154,place,RY,BUY,900,99.9100,2200,quote
529.938,154,place,AC,SELL,1100,25.0700,-1847,quote
530.191,154,fill,CNR,SELL,1000,159.9050,-2500,mode=mm
530.194,154,place,RY,BUY,900,99.9000,2200,quote
530.194,154,place,CNR,SELL,800,159.9500,-2500,quote
530.242,154,place,CNR,SELL,800,159.9600,-2500,quote
530.407,154,fill,RY,BUY,900,99.9200,3100,mode=mm
530.407,154,fill,AC,BUY,3200,25.0650,1353,mode=mm
530.684,154,fill,AC,SELL,1100,25.0650,253,mode=mm
530.686,154,place,RY,SELL,1500,99.9100,3100,quote
530.686,154,place,AC,SELL,2500,25.0700,253,quote
530.998,154,fill,CNR,SELL,800,159.9250,-3300,mode=mm
531.005,154,place,CNR,BUY,1500,159.8800,-3300,quote
531.005,154,place,CNR,SELL,400,159.9800,-3300,quote
531.005,154,place,RY,BUY,100,99.8600,3100,quote
531.005,154,place,RY,SELL,1500,99.9000,3100,quote
531.005,154,place,AC,BUY,1400,25.0600,253,quote
531.100,155,regime,RY,,,,,"mixed -> TREND (er=0.47, net -14t over 14s)"
531.102,155,place,CNR,BUY,1500,159.9600,-3300,quote
531.102,155,place,CNR,SELL,200,160.0200,-3300,quote
531.102,155,place,RY,BUY,100,99.8700,3100,quote
531.262,155,fill,CNR,BUY,205,159.9800,-3095,mode=mm
531.262,155,fill,AC,SELL,2500,25.0650,-2247,mode=mm
531.749,155,fill,RY,SELL,1500,99.8850,1600,mode=mm
531.752,155,fill,AC,BUY,1300,25.0650,-947,mode=mm
531.756,155,place,AC,BUY,2600,25.0700,-947,quote
531.756,155,place,AC,SELL,700,25.0800,-947,quote
531.756,155,place,CNR,BUY,1500,159.9500,-3095,quote
531.756,155,place,CNR,SELL,200,160.0000,-3095,quote
531.756,155,place,RY,BUY,900,99.8700,1600,quote
531.817,155,place,RY,SELL,1300,99.9500,1600,quote
531.972,155,fill,AC,BUY,100,25.0700,-847,mode=mm
531.974,155,place,CNR,BUY,1500,159.9600,-3095,quote
531.974,155,place,CNR,SELL,800,160.0000,-3095,quote
531.974,155,place,RY,BUY,900,99.8800,1600,quote
531.974,155,place,RY,SELL,1300,99.9400,1600,quote
531.974,155,place,AC,SELL,2200,25.0800,-847,quote
532.306,155,fill,CNR,SELL,300,159.9800,-3395,mode=mm
532.306,155,fill,AC,BUY,2600,25.0750,1753,mode=mm
532.309,155,place,CNR,SELL,700,160.0100,-3395,quote
532.309,155,place,RY,BUY,500,99.8900,1600,quote
532.309,155,place,AC,BUY,300,25.0700,1753,quote
532.442,155,fill,AC,BUY,300,25.0750,2053,mode=mm
532.444,155,regime,AC,,,,,"chop -> mixed (er=0.33, net +3t over 14s)"
532.445,155,place,CNR,BUY,1500,159.9700,-3395,quote
532.445,155,place,RY,BUY,100,99.9000,1600,quote
532.445,155,place,RY,SELL,700,99.9300,1600,quote
532.814,155,fill,CNR,SELL,700,159.9900,-4095,mode=mm
532.814,155,fill,RY,BUY,100,99.9150,1700,mode=mm
532.814,155,regime,CNR,,,,,"TREND -> mixed (er=0.32, net -15t over 14s)"
532.827,155,place,CNR,SELL,100,160.0200,-4095,quote
532.992,155,place,CNR,SELL,600,160.0200,-4095,quote
533.245,155,fill,AC,SELL,2200,25.0750,-147,mode=mm
533.246,155,stop,CNR,BUY,4095,160.0600,-4095,loss=5.5t stop=5.0t trend_against=False
533.249,155,place,CNR,BUY,4095,160.0600,-4095,agg
533.249,155,place,AC,SELL,2400,25.0800,-147,quote
533.567,155,fill,CNR,BUY,4095,160.0050,0,mode=mm
533.567,155,fill,RY,SELL,700,99.9150,1000,mode=mm
533.575,155,place,CNR,BUY,400,159.9900,0,quote
533.575,155,place,CNR,SELL,1500,164.7800,0,ladder
533.575,155,place,CNR,SELL,1500,172.7800,0,ladder
533.575,155,place,CNR,SELL,2000,183.9800,0,ladder
533.778,155,place,CNR,BUY,1200,159.9800,0,quote
533.778,155,place,RY,BUY,1000,99.8800,1000,quote
533.778,155,place,RY,SELL,1300,99.9300,1000,quote
533.778,155,place,CNR,BUY,300,155.1800,0,ladder
533.856,155,place,AC,BUY,2500,25.0700,-147,quote
534.077,155,fill,RY,BUY,1000,99.9050,2000,mode=mm
534.078,155,fill,AC,BUY,2500,25.0750,2353,mode=mm
534.150,155,regime,RY,,,,,"TREND -> mixed (er=0.32, net -9t over 14s)"
534.415,155,regime,CNR,,,,,"mixed -> chop (er=0.22, net -11t over 14s)"
534.610,155,place,CNR,BUY,1200,160.0000,0,quote
534.610,155,place,RY,BUY,900,99.8700,2000,quote
534.610,155,place,RY,SELL,1400,99.9100,2000,quote
534.610,155,place,AC,BUY,1700,25.0600,2353,quote
534.610,155,place,AC,SELL,2900,25.0700,2353,quote
534.610,155,place,CNR,BUY,1500,147.1900,0,ladder
534.610,155,place,CNR,BUY,200,135.9900,0,ladder
534.780,155,place,CNR,BUY,100,160.0100,0,quote
534.780,155,place,RY,SELL,1400,99.9000,2000,quote
535.113,155,fill,CNR,BUY,1000,160.0400,1000,mode=mm
535.113,155,fill,AC,BUY,800,25.0650,3153,mode=mm
535.345,156,fill,AC,SELL,2000,25.0650,1153,mode=mm
535.346,156,place,CNR,BUY,1000,160.0200,1000,quote
535.346,156,place,CNR,SELL,1000,160.0600,1000,quote
535.346,156,place,RY,BUY,900,99.8600,2000,quote
535.346,156,place,RY,SELL,1400,99.8900,2000,quote
535.346,156,place,AC,SELL,900,25.0700,1153,quote
535.494,156,place,AC,BUY,200,25.0600,1153,quote
535.551,156,place,AC,BUY,100,25.0500,1153,quote
535.551,156,place,AC,SELL,500,25.0600,1153,quote
535.814,156,fill,AC,BUY,200,25.0600,1353,mode=mm
535.850,156,place,AC,BUY,2000,25.0500,1353,quote
535.850,156,place,AC,SELL,2700,25.0600,1353,quote
536.033,156,place,RY,BUY,900,99.8500,2000,quote
536.033,156,place,CNR,SELL,1000,160.0500,1000,quote
536.259,156,regime,AC,,,,,"mixed -> chop (er=0.20, net +2t over 14s)"
536.334,156,fill,AC,SELL,700,25.0550,653,mode=mm
536.335,156,place,RY,SELL,1400,99.8800,2000,quote
536.335,156,place,AC,BUY,700,25.0500,653,quote
536.335,156,place,AC,SELL,1500,25.0600,653,quote
536.576,156,fill,RY,SELL,1400,99.8650,600,mode=mm
536.578,156,fill,AC,BUY,700,25.0550,1353,mode=mm
536.579,156,regime,RY,,,,,"mixed -> chop (er=0.22, net -6t over 14s)"
536.579,156,place,RY,SELL,1300,99.9100,600,quote
536.836,156,place,RY,BUY,1100,99.8600,600,quote
536.836,156,place,RY,SELL,1300,99.9000,600,quote
537.115,156,regime,RY,,,,,"chop -> mixed (er=0.29, net -7t over 14s)"
537.115,156,place,RY,BUY,1100,99.8500,600,quote
537.406,156,fill,CNR,BUY,200,160.0350,1200,mode=mm
537.406,156,fill,AC,SELL,1263,25.0550,90,mode=mm
537.407,156,place,RY,SELL,1300,99.8900,600,quote
537.407,156,place,AC,BUY,2400,25.0400,90,quote
537.407,156,place,AC,SELL,2500,25.0500,90,quote
537.568,156,fill,AC,BUY,1372,25.0500,1462,mode=mm
537.572,156,place,AC,BUY,2000,25.0300,1462,quote
537.572,156,place,AC,SELL,2700,25.0400,1462,quote
537.889,156,fill,AC,SELL,5200,25.0400,-3738,mode=mm
538.059,156,fill,RY,SELL,1300,99.8750,-700,mode=mm
538.559,156,place,RY,BUY,1300,99.8600,-700,quote
538.559,156,place,RY,SELL,1100,99.9100,-700,quote
538.559,156,place,AC,BUY,3100,25.0400,-3738,quote
538.600,156,place,RY,BUY,1300,99.8800,-700,quote
538.825,156,place,AC,SELL,1400,25.0500,-3738,quote
539.059,156,fill,AC,BUY,3100,25.0450,-638,mode=mm
539.060,156,place,CNR,BUY,2100,160.0300,1200,quote
539.060,156,place,CNR,SELL,2700,160.0400,1200,quote
539.060,156,place,AC,BUY,2600,25.0400,-638,quote
539.060,156,place,CNR,BUY,1500,155.2200,1200,ladder
539.060,156,place,CNR,SELL,1500,164.8200,1200,ladder
539.060,156,place,CNR,BUY,1500,147.2200,1200,ladder
539.060,156,place,CNR,SELL,1500,172.8200,1200,ladder
539.060,156,place,CNR,BUY,1200,136.0200,1200,ladder
539.060,156,place,CNR,SELL,2000,184.0200,1200,ladder
539.137,156,place,RY,SELL,1100,99.9200,-700,quote
539.443,157,fill,CNR,SELL,2100,160.0400,-900,mode=mm
539.443,157,fill,RY,SELL,800,99.9000,-1500,mode=mm
539.443,157,fill,AC,SELL,1400,25.0450,-2038,mode=mm
539.500,157,regime,CNR,,,,,"chop -> mixed (er=0.25, net +9t over 14s)"
539.500,157,regime,RY,,,,,"mixed -> chop (er=0.20, net -5t over 14s)"
539.645,157,fill,AC,BUY,2600,25.0450,562,mode=mm
540.014,157,place,RY,BUY,1300,99.9000,-1500,quote
540.014,157,place,RY,SELL,1000,99.9300,-1500,quote
540.014,157,place,AC,BUY,1300,25.0400,562,quote
540.014,157,place,AC,SELL,900,25.0500,562,quote
540.138,157,fill,RY,SELL,1000,99.9150,-2500,mode=mm
540.496,157,place,CNR,BUY,2600,160.0500,-900,quote
540.496,157,place,CNR,SELL,400,160.0600,-900,quote
540.496,157,place,RY,BUY,1400,99.9100,-2500,quote
540.496,157,place,RY,SELL,100,99.9400,-2500,quote
540.496,157,place,AC,SELL,2600,25.0500,562,quote
540.496,157,place,CNR,BUY,900,155.2200,-900,ladder
540.496,157,place,CNR,BUY,100,147.2200,-900,ladder
540.688,157,place,CNR,SELL,2100,160.0600,-900,quote
540.688,157,place,RY,SELL,800,99.9400,-2500,quote
540.688,157,place,CNR,SELL,1500,164.8300,-900,ladder
540.688,157,place,CNR,SELL,900,172.8300,-900,ladder
540.688,157,place,CNR,BUY,2000,136.0200,-900,ladder
540.688,157,place,CNR,SELL,100,184.0300,-900,ladder
540.904,157,fill,AC,BUY,1300,25.0450,1862,mode=mm
541.217,157,fill,CNR,BUY,2600,160.0550,1700,mode=mm
541.218,157,fill,RY,BUY,1400,99.9250,-1100,mode=mm
541.221,157,place,RY,BUY,1300,99.9000,-1100,quote
541.221,157,place,AC,BUY,1900,25.0400,1862,quote
541.394,157,fill,RY,SELL,800,99.9200,-1900,mode=mm
541.395,157,fill,AC,SELL,1013,25.0450,849,mode=mm
541.399,157,place,RY,SELL,900,99.9400,-1900,quote
541.669,157,fill,RY,BUY,1300,99.9200,-600,mode=mm
541.670,157,fill,AC,SELL,1587,25.0450,-738,mode=mm
541.673,157,place,RY,BUY,1300,99.9000,-600,quote
541.673,157,place,AC,SELL,2200,25.0500,-738,quote
541.907,157,fill,RY,SELL,900,99.9200,-1500,mode=mm
541.907,157,fill,AC,BUY,350,25.0450,-388,mode=mm
541.911,157,place,RY,SELL,1000,99.9600,-1500,quote
542.159,157,fill,AC,SELL,650,25.0450,-1038,mode=mm
542.162,157,place,CNR,BUY,1900,160.0400,1700,quote
542.162,157,place,CNR,SELL,2800,160.0500,1700,quote
542.162,157,place,RY,BUY,1300,99.9100,-1500,quote
542.162,157,place,RY,SELL,1000,99.9500,-1500,quote
542.162,157,place,AC,BUY,2600,25.0400,-1038,quote
542.162,157,place,AC,SELL,2100,25.0500,-1038,quote
542.162,157,place,CNR,BUY,500,155.2300,1700,ladder
542.162,157,place,CNR,SELL,1500,164.8400,1700,ladder
542.162,157,place,CNR,SELL,1500,172.8400,1700,ladder
542.383,157,place,CNR,BUY,500,147.2300,1700,ladder
542.383,157,place,CNR,BUY,200,136.0300,1700,ladder
542.383,157,place,CNR,SELL,700,184.0400,1700,ladder
542.498,157,fill,CNR,BUY,1300,160.0500,3000,mode=mm
542.727,157,fill,RY,BUY,1300,99.9300,-200,mode=mm
542.729,157,fill,AC,SELL,2100,25.0450,-3138,mode=mm
542.734,157,place,CNR,BUY,1600,160.0400,3000,quote
542.734,157,place,CNR,SELL,3000,160.0500,3000,quote
542.734,157,place,RY,BUY,1200,99.9200,-200,quote
542.951,157,fill,RY,SELL,1000,99.9350,-1200,mode=mm
542.952,157,fill,AC,BUY,2600,25.0450,-538,mode=mm
542.954,157,place,RY,SELL,1000,99.9500,-1200,quote
542.954,157,place,AC,BUY,1500,25.0400,-538,quote
542.954,157,place,AC,SELL,1300,25.0500,-538,quote
543.251,157,fill,CNR,BUY,1600,160.0450,4600,mode=mm
543.252,157,fill,RY,SELL,1000,99.9350,-2200,mode=mm
543.425,158,place,RY,SELL,500,99.9700,-2200,quote
543.425,158,place,CNR,BUY,200,160.0300,4600,quote
543.499,158,fill,AC,SELL,1300,25.0450,-1838,mode=mm
543.689,158,place,RY,BUY,1400,99.9300,-2200,quote
543.689,158,place,RY,SELL,900,99.9800,-2200,quote
543.689,158,place,CNR,BUY,1200,160.0200,4600,quote
543.689,158,place,CNR,SELL,3300,160.0400,4600,quote
543.689,158,place,AC,SELL,600,25.0500,-1838,quote
543.773,158,place,RY,BUY,1400,99.9000,-2200,quote
543.773,158,place,RY,SELL,100,99.9600,-2200,quote
543.773,158,place,CNR,SELL,3300,160.0300,4600,quote
543.820,158,regime,AC,,,,,"chop -> mixed (er=0.40, net -2t over 14s)"
543.934,158,place,CNR,BUY,700,160.0100,4600,quote
544.081,158,fill,CNR,BUY,1900,160.0300,6500,mode=mm
544.083,158,fill,RY,BUY,1400,99.9300,-800,mode=mm
544.202,158,place,CNR,BUY,900,160.0000,6500,quote
544.202,158,place,CNR,SELL,3600,160.0200,6500,quote
544.202,158,place,RY,BUY,1300,99.9100,-800,quote
544.202,158,place,RY,SELL,300,99.9400,-800,quote
544.202,158,place,AC,SELL,100,25.0500,-1838,quote
544.293,158,fill,AC,SELL,600,25.0450,-2438,mode=mm
544.375,158,regime,CNR,,,,,"mixed -> chop (er=0.25, net +8t over 14s)"
544.524,158,fill,CNR,BUY,900,160.0000,7400,mode=mm
544.524,158,fill,AC,BUY,1411,25.0450,-1027,mode=mm
544.526,158,place,CNR,BUY,800,159.9700,7400,quote
544.526,158,place,CNR,SELL,2200,159.9900,7400,quote
544.526,158,place,RY,SELL,300,99.9400,-800,quote
544.526,158,place,AC,SELL,200,25.0500,-1027,quote
544.598,158,place,AC,BUY,900,25.0400,-1027,quote
544.843,158,fill,CNR,BUY,800,159.9850,8200,mode=mm
544.843,158,fill,AC,SELL,111,25.0450,-1138,mode=mm
544.844,158,regime,CNR,,,,,"3 stop-outs in 85s -> toxic flow: half size, no stepping inside for 30s"
544.844,158,stop,CNR,SELL,5000,159.8500,8200,loss=12.5t stop=5.0t trend_against=False
544.848,158,place,CNR,SELL,5000,159.8500,8200,agg
545.102,158,fill,CNR,SELL,5000,159.9450,3200,mode=mm
545.172,158,regime,CNR,,,,,"chop -> mixed (er=0.33, net -14t over 14s)"
545.172,158,regime,AC,,,,,"mixed -> chop (er=0.17, net -1t over 14s)"
545.244,158,place,RY,SELL,1100,99.9400,-800,quote
545.244,158,place,AC,BUY,1600,25.0500,-1138,quote
545.244,158,place,AC,SELL,1200,25.0600,-1138,quote
545.336,158,place,RY,SELL,300,99.9800,-800,quote
545.428,158,regime,RY,,,,,"chop -> mixed (er=0.25, net +6t over 14s)"
545.591,158,place,RY,BUY,1300,99.9200,-800,quote
545.591,158,place,RY,SELL,1100,99.9700,-800,quote
545.682,158,regime,CNR,,,,,"mixed -> TREND (er=0.45, net -16t over 14s)"
545.841,158,fill,RY,SELL,1100,99.9450,-1900,mode=mm
545.843,158,fill,AC,SELL,1200,25.0550,-2338,mode=mm
545.846,158,place,RY,SELL,900,99.9500,-1900,quote
545.846,158,place,AC,SELL,1000,25.0600,-2338,quote
545.900,158,stop,CNR,SELL,3200,159.7300,3200,loss=17.5t stop=5.9t trend_against=True
545.901,158,place,CNR,SELL,3200,159.7300,3200,agg
545.935,158,regime,RY,,,,,"mixed -> chop (er=0.11, net +3t over 14s)"
545.935,158,regime,AC,,,,,"chop -> mixed (er=0.27, net -2t over 14s)"
546.158,158,fill,CNR,SELL,3200,159.8000,0,mode=mm
546.159,158,fill,AC,SELL,300,25.0550,-2638,mode=mm
546.159,158,place,AC,BUY,1000,25.0600,-2638,quote
546.472,158,regime,AC,,,,,"mixed -> chop (er=0.17, net -1t over 14s)"
546.628,158,fill,RY,BUY,1300,99.9350,-600,mode=mm
546.630,158,place,RY,BUY,1300,99.9100,-600,quote
546.630,158,place,CNR,SELL,700,159.8000,0,quote
546.630,158,place,AC,BUY,2900,25.0600,-2638,quote
546.630,158,place,AC,SELL,300,25.0700,-2638,quote
546.630,158,place,CNR,BUY,1500,155.1600,0,ladder
546.630,158,place,CNR,BUY,1500,147.1600,0,ladder
546.630,158,place,CNR,BUY,2000,135.9600,0,ladder
546.793,158,place,CNR,SELL,1500,164.7500,0,ladder
546.793,158,place,CNR,SELL,900,172.7400,0,ladder
546.793,158,place,CNR,SELL,200,183.9400,0,ladder
546.907,158,place,RY,BUY,1300,99.9200,-600,quote
547.068,158,place,CNR,SELL,700,159.7900,0,quote
547.068,158,place,AC,SELL,100,25.0700,-2638,quote
547.345,158,place,RY,SELL,300,99.9600,-600,quote
547.399,158,fill,RY,SELL,900,99.9400,-1500,mode=mm
547.399,158,fill,AC,BUY,2800,25.0650,162,mode=mm
547.420,159,place,AC,BUY,2400,25.0600,162,quote
547.586,159,fill,RY,BUY,1300,99.9400,-200,mode=mm
547.588,159,place,RY,BUY,1200,99.9300,-200,quote
547.588,159,place,RY,SELL,1200,99.9600,-200,quote
547.855,159,place,AC,BUY,2400,25.0700,162,quote
547.855,159,place,AC,SELL,2500,25.0800,162,quote
548.579,159,regime,RY,,,,,"chop -> mixed (er=0.26, net +5t over 14s)"
548.608,159,fill,AC,SELL,1387,25.0750,-1225,mode=mm
548.621,159,place,AC,SELL,2000,25.0800,-1225,quote
548.864,159,fill,AC,BUY,1287,25.0750,62,mode=mm
548.866,159,place,AC,BUY,2400,25.0700,62,quote
549.135,159,fill,AC,SELL,2000,25.0750,-1938,mode=mm
549.138,159,place,AC,SELL,1800,25.0800,-1938,quote
549.392,159,place,RY,BUY,1200,99.9400,-200,quote
549.392,159,place,RY,SELL,1200,99.9700,-200,quote
549.652,159,fill,AC,BUY,2100,25.0750,162,mode=mm
549.654,159,regime,AC,,,,,"chop -> mixed (er=0.27, net +1t over 14s)"
549.655,159,place,AC,BUY,2400,25.0700,162,quote
549.908,159,fill,AC,SELL,1500,25.0750,-1338,mode=mm
549.910,159,place,RY,SELL,1200,99.9800,-200,quote
549.910,159,place,AC,SELL,2000,25.0800,-1338,quote
550.165,159,place,RY,BUY,1200,99.9500,-200,quote
550.699,159,fill,AC,BUY,2400,25.0750,1062,mode=mm
550.701,159,place,AC,BUY,2100,25.0700,1062,quote
550.961,159,fill,RY,SELL,1200,99.9650,-1400,mode=mm
550.963,159,place,RY,SELL,1000,99.9800,-1400,quote
551.188,160,fill,AC,BUY,100,25.0750,1162,mode=mm
551.190,160,place,CNR,SELL,1200,159.7800,0,quote
551.190,160,place,AC,BUY,2100,25.0700,1162,quote
551.190,160,place,AC,SELL,2700,25.0800,1162,quote
551.490,160,place,RY,BUY,1300,99.9600,-1400,quote
551.490,160,place,RY,SELL,1000,99.9900,-1400,quote
551.737,160,fill,AC,BUY,1844,25.0750,3006,mode=mm
551.738,160,place,RY,BUY,2700,99.9700,-1400,quote
551.738,160,place,RY,SELL,1200,99.9800,-1400,quote
551.738,160,place,AC,BUY,100,25.0700,3006,quote
551.968,160,fill,RY,SELL,1200,99.9750,-2600,mode=mm
551.968,160,fill,AC,BUY,256,25.0750,3262,mode=mm
552.251,160,fill,CNR,SELL,67,159.7650,-67,mode=mm
552.251,160,fill,AC,SELL,2700,25.0750,562,mode=mm
552.252,160,place,CNR,SELL,1200,159.7900,-67,quote
552.252,160,place,RY,BUY,2900,99.9900,-2600,quote
552.252,160,place,RY,SELL,1700,100.0000,-2600,quote
552.252,160,place,AC,BUY,1300,25.0700,562,quote
552.252,160,place,AC,SELL,2600,25.0800,562,quote
552.985,160,fill,RY,SELL,519,99.9950,-3119,mode=mm
552.985,160,fill,AC,SELL,2600,25.0750,-2038,mode=mm
553.200,160,place,CNR,SELL,1200,159.8000,-67,quote
553.200,160,place,AC,SELL,1000,25.0800,-2038,quote
553.287,160,fill,RY,BUY,1719,99.9950,-1400,mode=mm
553.288,160,fill,AC,BUY,1300,25.0750,-738,mode=mm
553.291,160,place,RY,BUY,2700,99.9900,-1400,quote
553.291,160,place,RY,SELL,2000,100.0000,-1400,quote
553.291,160,place,AC,BUY,2600,25.0700,-738,quote
553.531,160,fill,RY,BUY,2700,99.9950,1300,mode=mm
553.533,160,place,RY,BUY,2000,99.9700,1300,quote
553.533,160,place,RY,SELL,2700,99.9900,1300,quote
553.735,160,fill,RY,SELL,700,99.9850,600,mode=mm
553.735,160,fill,AC,BUY,2600,25.0750,1862,mode=mm
553.736,160,place,RY,BUY,700,99.9800,600,quote
553.736,160,place,AC,BUY,100,25.0700,1862,quote
554.008,160,fill,RY,SELL,2000,99.9900,-1400,mode=mm
554.008,160,fill,AC,BUY,100,25.0750,1962,mode=mm
554.279,160,place,AC,SELL,900,25.0700,1962,quote
554.303,160,fill,AC,SELL,1000,25.0700,962,mode=mm
554.316,160,place,AC,BUY,2100,25.0600,962,quote
554.316,160,place,CNR,SELL,1200,159.7900,-67,quote
554.316,160,place,RY,SELL,1200,100.0500,-1400,quote
554.431,160,place,RY,SELL,100,100.0400,-1400,quote
554.540,160,fill,AC,SELL,234,25.0700,728,mode=mm
554.542,160,place,RY,SELL,200,100.0200,-1400,quote
554.542,160,place,AC,SELL,2600,25.0700,728,quote
554.808,160,fill,RY,SELL,200,100.0050,-1600,mode=mm
554.808,160,fill,AC,BUY,132,25.0650,860,mode=mm
554.808,160,regime,RY,,,,,"3 stop-outs in 85s -> toxic flow: half size, no stepping inside for 30s"
554.808,160,stop,RY,BUY,1600,100.1000,-1600,loss=5.6t stop=5.0t trend_against=False
554.816,160,place,RY,BUY,1600,100.1000,-1600,agg
554.816,160,place,CNR,SELL,1200,159.7800,-67,quote
555.043,160,fill,RY,BUY,1600,100.0450,0,mode=mm
555.045,160,fill,AC,BUY,1302,25.0650,2162,mode=mm
555.047,160,place,RY,BUY,1200,99.9800,0,quote
555.047,160,place,AC,BUY,1800,25.0600,2162,quote
555.047,160,place,RY,BUY,900,96.9800,0,ladder
555.047,160,place,RY,SELL,1500,102.9700,0,ladder
555.047,160,place,RY,BUY,300,91.9800,0,ladder
555.047,160,place,RY,SELL,1500,107.9700,0,ladder
555.047,160,place,RY,SELL,1200,114.9700,0,ladder
555.279,161,fill,AC,BUY,1800,25.0650,3962,mode=mm
555.561,161,fill,AC,SELL,2600,25.0650,1362,mode=mm
555.564,161,place,RY,BUY,1200,99.9900,0,quote
555.564,161,place,AC,SELL,2700,25.0700,1362,quote
555.564,161,place,RY,BUY,1200,84.9800,0,ladder
556.035,161,place,AC,BUY,2000,25.0500,1362,quote
556.035,161,place,AC,SELL,2700,25.0600,1362,quote
556.301,161,fill,AC,BUY,1949,25.0600,3311,mode=mm
556.302,161,regime,AC,,,,,"mixed -> chop (er=0.20, net +1t over 14s)"
556.303,161,place,AC,BUY,1500,25.0500,3311,quote
556.594,161,fill,AC,SELL,2700,25.0550,611,mode=mm
556.597,161,place,RY,BUY,1200,100.0400,0,quote
556.597,161,place,AC,SELL,2600,25.0600,611,quote
556.809,161,fill,AC,BUY,1500,25.0550,2111,mode=mm
556.812,161,place,AC,BUY,1800,25.0400,2111,quote
556.812,161,place,AC,SELL,2800,25.0500,2111,quote
557.083,161,fill,RY,BUY,1200,100.0550,1200,mode=mm
557.084,161,fill,AC,SELL,2800,25.0500,-689,mode=mm
557.137,161,regime,RY,,,,,"mixed -> chop (er=0.24, net +9t over 14s)"
557.285,161,place,RY,BUY,1000,99.9900,1200,quote
557.285,161,place,CNR,SELL,1200,159.7700,-67,quote
557.332,161,fill,AC,BUY,1800,25.0450,1111,mode=mm
557.336,161,place,RY,BUY,1000,100.0100,1200,quote
557.336,161,place,AC,BUY,200,25.0400,1111,quote
557.628,161,place,CNR,SELL,1200,159.7600,-67,quote
557.628,161,place,RY,SELL,1200,100.0400,1200,quote
557.628,161,place,AC,BUY,2100,25.0400,1111,quote
557.942,161,regime,RY,,,,,"chop -> mixed (er=0.29, net +9t over 14s)"
558.139,161,place,RY,SELL,1300,100.0700,1200,quote
558.180,161,fill,RY,SELL,1200,100.0400,0,mode=mm
558.181,161,place,CNR,SELL,1200,159.7500,-67,quote
558.349,161,place,AC,SELL,2600,25.0500,1111,quote
558.451,161,fill,AC,BUY,2100,25.0450,3211,mode=mm
558.454,161,place,RY,BUY,1200,100.0400,0,quote
558.454,161,place,AC,BUY,1500,25.0400,3211,quote
558.639,161,place,CNR,SELL,1200,159.7400,-67,quote
558.918,161,fill,AC,SELL,2600,25.0450,611,mode=mm
558.920,161,place,AC,SELL,2600,25.0500,611,quote
559.050,161,fill,RY,BUY,1200,100.0550,1200,mode=mm
559.051,161,fill,AC,BUY,529,25.0450,1140,mode=mm
559.052,161,place,RY,BUY,1000,100.0200,1200,quote
559.135,161,fill,AC,BUY,971,25.0450,2111,mode=mm
559.137,161,place,RY,BUY,1000,100.0300,1200,quote
559.137,161,place,AC,BUY,1800,25.0400,2111,quote
559.417,162,fill,AC,SELL,1429,25.0450,682,mode=mm
559.648,162,fill,RY,BUY,1000,100.0450,2200,mode=mm
559.651,162,fill,AC,SELL,1171,25.0450,-489,mode=mm
559.657,162,place,RY,BUY,900,100.0300,2200,quote
559.657,162,place,AC,SELL,2300,25.0500,-489,quote
559.977,162,fill,AC,SELL,2300,25.0450,-2789,mode=mm
560.102,162,regime,CNR,,,,,"TREND -> mixed (er=0.58, net -7t over 14s)"
560.102,162,regime,AC,,,,,"chop -> mixed (er=0.33, net -2t over 14s)"
560.236,162,fill,RY,BUY,900,100.0550,3100,mode=mm
560.237,162,place,RY,BUY,800,100.0300,3100,quote
560.237,162,place,RY,SELL,1500,100.0700,3100,quote
560.237,162,place,CNR,SELL,1200,159.7300,-67,quote
560.482,162,fill,AC,BUY,1800,25.0450,-989,mode=mm
560.487,162,place,RY,BUY,800,100.0200,3100,quote
560.487,162,place,RY,SELL,1500,100.0600,3100,quote
560.487,162,place,AC,BUY,2600,25.0500,-989,quote
560.487,162,place,AC,SELL,2100,25.0600,-989,quote
560.688,162,place,RY,BUY,800,100.0400,3100,quote
560.688,162,place,RY,SELL,1500,100.0700,3100,quote
560.912,162,regime,AC,,,,,"mixed -> chop (er=0.20, net -1t over 14s)"
560.960,162,fill,AC,BUY,500,25.0550,-489,mode=mm
560.960,162,place,AC,BUY,2500,25.0500,-489,quote
560.960,162,place,AC,SELL,2300,25.0600,-489,quote
561.222,162,fill,AC,SELL,950,25.0550,-1439,mode=mm
561.469,162,fill,RY,BUY,800,100.0550,3900,mode=mm
561.469,162,fill,AC,SELL,1350,25.0550,-2789,mode=mm
561.471,162,place,RY,BUY,100,100.0200,3900,quote
561.712,162,fill,RY,BUY,100,100.0450,4000,mode=mm
561.716,162,stop,RY,SELL,4000,100.0000,4000,loss=8.5t stop=5.0t trend_against=False
561.717,162,place,RY,SELL,4000,100.0000,4000,agg
561.717,162,place,AC,BUY,2900,25.0600,-2789,quote
561.717,162,place,AC,SELL,500,25.0700,-2789,quote
562.008,162,fill,RY,SELL,4000,100.0450,0,mode=mm
562.009,162,fill,AC,SELL,500,25.0650,-3289,mode=mm
562.012,162,place,RY,SELL,200,100.0800,0,quote
562.012,162,place,AC,BUY,3000,25.0700,-3289,quote
562.012,162,place,RY,BUY,1500,97.0300,0,ladder
562.012,162,place,RY,BUY,1500,92.0300,0,ladder
562.012,162,place,RY,BUY,2000,85.0300,0,ladder
562.203,162,place,AC,SELL,1500,25.0800,-3289,quote
562.203,162,place,RY,SELL,500,103.0300,0,ladder
562.203,162,place,RY,SELL,300,108.0300,0,ladder
562.303,162,fill,AC,BUY,2400,25.0700,-889,mode=mm
562.306,162,place,RY,SELL,100,100.0700,0,quote
562.306,162,place,AC,SELL,2200,25.0900,-889,quote
562.546,162,fill,AC,SELL,900,25.0800,-1789,mode=mm
562.547,162,place,CNR,SELL,1200,159.7400,-67,quote
562.547,162,place,RY,SELL,700,100.0700,0,quote
562.547,162,place,AC,SELL,600,25.0800,-1789,quote
562.766,162,fill,AC,SELL,600,25.0750,-2389,mode=mm
562.871,162,regime,RY,,,,,"mixed -> chop (er=0.23, net +9t over 14s)"
562.972,162,place,RY,SELL,1200,100.0600,0,quote
562.972,162,place,AC,BUY,2900,25.0800,-2389,quote
562.972,162,place,AC,SELL,1700,25.0900,-2389,quote
562.972,162,place,RY,SELL,2000,115.0400,0,ladder
563.048,162,place,CNR,SELL,200,159.7500,-67,quote
563.310,162,fill,AC,SELL,733,25.0850,-3122,mode=mm
563.524,163,fill,AC,BUY,1933,25.0850,-1189,mode=mm
563.527,163,place,CNR,SELL,1200,159.7400,-67,quote
563.527,163,place,RY,SELL,1200,100.0400,0,quote
563.527,163,place,AC,BUY,2700,25.0800,-1189,quote
563.527,163,place,AC,SELL,400,25.0900,-1189,quote
563.819,163,fill,CNR,SELL,1200,159.7250,-1267,mode=mm
563.821,163,fill,AC,SELL,400,25.0850,-1589,mode=mm
563.846,163,place,CNR,SELL,1000,159.7500,-1267,quote
564.053,163,fill,AC,BUY,1549,25.0850,-40,mode=mm
564.365,163,fill,CNR,SELL,1000,159.7350,-2267,mode=mm
564.367,163,fill,RY,SELL,1200,100.0250,-1200,mode=mm
564.370,163,fill,AC,BUY,1151,25.0850,1111,mode=mm
564.385,163,place,RY,BUY,1200,100.0100,-1200,quote
564.385,163,place,RY,SELL,1000,100.0600,-1200,quote
564.385,163,place,CNR,SELL,900,159.7600,-2267,quote
564.385,163,place,AC,BUY,2100,25.0800,1111,quote
564.469,163,regime,CNR,,,,,"mixed -> chop (er=0.24, net -3t over 14s)"
564.585,163,place,RY,BUY,1200,100.0200,-1200,quote
564.585,163,place,RY,SELL,1000,100.0500,-1200,quote
564.654,163,place,CNR,SELL,900,159.7700,-2267,quote
564.875,163,fill,CNR,SELL,900,159.7500,-3167,mode=mm
564.875,163,fill,RY,BUY,1200,100.0350,0,mode=mm
564.876,163,fill,AC,BUY,2100,25.0850,3211,mode=mm
565.045,163,place,AC,SELL,1800,25.0900,3211,quote
565.138,163,fill,CNR,SELL,900,159.7600,-4067,mode=mm
565.275,163,place,RY,BUY,700,99.9900,0,quote
565.275,163,place,RY,SELL,1200,100.0300,0,quote
565.275,163,place,CNR,BUY,1600,159.7500,-4067,quote
565.275,163,place,CNR,SELL,100,159.7800,-4067,quote
565.382,163,place,RY,SELL,1200,100.0200,0,quote
565.580,163,fill,RY,SELL,1200,100.0050,-1200,mode=mm
565.582,163,fill,AC,SELL,781,25.0850,2430,mode=mm
565.582,163,place,CNR,BUY,1600,159.7600,-4067,quote
565.582,163,place,CNR,SELL,300,159.8000,-4067,quote
565.582,163,place,RY,SELL,100,100.0300,-1200,quote
565.582,163,place,AC,BUY,100,25.0800,2430,quote
565.912,163,place,CNR,SELL,600,159.8100,-4067,quote
565.912,163,place,RY,SELL,1000,100.0200,-1200,quote
565.912,163,place,AC,BUY,1700,25.0800,2430,quote
566.164,163,fill,CNR,SELL,600,159.7850,-4667,mode=mm
566.164,163,fill,RY,SELL,1000,100.0050,-2200,mode=mm
566.165,163,fill,AC,SELL,1019,25.0850,1411,mode=mm
566.166,163,stop,CNR,BUY,4667,159.8700,-4667,loss=5.9t stop=5.0t trend_against=False
566.168,163,place,CNR,BUY,4667,159.8700,-4667,agg
566.168,163,place,AC,SELL,2700,25.0900,1411,quote
566.440,163,place,RY,BUY,1400,99.9800,-2200,quote
566.440,163,place,RY,SELL,900,100.0800,-2200,quote
566.494,163,fill,CNR,BUY,4667,159.8250,0,mode=mm
566.554,163,regime,CNR,,,,,"chop -> mixed (er=0.26, net +6t over 14s)"
566.681,163,fill,AC,BUY,1700,25.0850,3111,mode=mm
566.819,163,place,RY,BUY,800,100.0000,-2200,quote
566.819,163,place,CNR,SELL,1500,164.5500,0,ladder
566.819,163,place,CNR,SELL,1500,172.5400,0,ladder
566.819,163,place,CNR,SELL,2000,183.7200,0,ladder
566.883,163,stop,RY,BUY,2200,100.1200,-2200,loss=5.5t stop=5.0t trend_against=False
566.884,163,place,RY,BUY,2200,100.1200,-2200,agg
567.098,163,fill,RY,BUY,2200,100.0500,0,mode=mm
567.100,163,fill,AC,SELL,31,25.0850,3080,mode=mm
567.121,163,fill,AC,SELL,2669,25.0850,411,mode=mm
567.491,163,place,CNR,BUY,1200,159.8700,0,quote
567.491,163,place,RY,BUY,1200,100.0400,0,quote
567.491,163,place,AC,BUY,2300,25.0800,411,quote
567.491,163,place,AC,SELL,2500,25.0900,411,quote
567.491,163,place,CNR,BUY,900,154.9800,0,ladder
567.491,163,place,CNR,BUY,300,147.0000,0,ladder
567.491,163,place,RY,SELL,1500,103.0300,0,ladder
567.491,163,place,RY,SELL,1500,108.0300,0,ladder
567.491,163,place,RY,SELL,2000,115.0300,0,ladder
567.700,164,place,CNR,BUY,700,159.8800,0,quote
567.870,164,place,RY,BUY,1200,100.0500,0,quote
567.870,164,place,CNR,BUY,200,135.8200,0,ladder
567.993,164,fill,AC,BUY,2300,25.0850,2711,mode=mm
567.995,164,regime,CNR,,,,,"mixed -> TREND (er=0.48, net +16t over 14s)"
568.070,164,place,CNR,BUY,1200,159.9100,0,quote
568.070,164,place,RY,BUY,1200,100.0600,0,quote
568.070,164,place,AC,BUY,1600,25.0800,2711,quote
568.070,164,place,RY,BUY,1500,97.0300,0,ladder
568.070,164,place,RY,BUY,100,92.0300,0,ladder
568.454,164,fill,AC,BUY,1600,25.0850,4311,mode=mm
568.676,164,fill,AC,SELL,2500,25.0850,1811,mode=mm
568.677,164,place,AC,BUY,600,25.0600,1811,quote
568.677,164,place,AC,SELL,2800,25.0800,1811,quote
568.677,164,place,CNR,BUY,200,159.9400,0,quote
568.677,164,place,RY,BUY,100,85.0300,0,ladder
568.973,164,fill,AC,SELL,1463,25.0750,348,mode=mm
568.974,164,place,CNR,BUY,1200,159.9400,0,quote
568.974,164,place,AC,BUY,2300,25.0700,348,quote
569.200,164,place,RY,BUY,1200,100.0200,0,quote
569.200,164,place,AC,BUY,2300,25.0600,348,quote
569.200,164,place,AC,SELL,2500,25.0700,348,quote
569.250,164,fill,RY,BUY,1200,100.0600,1200,mode=mm
569.252,164,fill,AC,BUY,963,25.0700,1311,mode=mm
569.253,164,place,RY,SELL,1200,100.1000,1200,quote
569.420,164,fill,AC,BUY,381,25.0700,1692,mode=mm
569.423,164,place,RY,BUY,1000,100.0300,1200,quote
569.423,164,place,RY,SELL,1200,100.0800,1200,quote
569.423,164,place,AC,SELL,1600,25.0700,1692,quote
569.837,164,fill,CNR,BUY,1200,159.9550,1200,mode=mm
569.838,164,fill,AC,SELL,581,25.0650,1111,mode=mm
569.838,164,place,RY,SELL,1200,100.0700,1200,quote
569.838,164,place,CNR,BUY,1000,159.9200,1200,quote
569.955,164,fill,AC,SELL,1600,25.0650,-489,mode=mm
569.956,164,place,AC,SELL,2300,25.0700,-489,quote
569.956,164,place,CNR,BUY,1000,159.9300,1200,quote
569.956,164,place,RY,SELL,100,100.0600,1200,quote
570.231,164,fill,CNR,BUY,1000,159.9450,2200,mode=mm
570.232,164,place,CNR,BUY,900,159.9200,2200,quote
570.232,164,place,RY,SELL,700,100.0600,1200,quote
570.232,164,place,AC,BUY,2500,25.0500,-489,quote
570.232,164,place,AC,SELL,400,25.0600,-489,quote
570.497,164,fill,RY,BUY,1000,100.0450,2200,mode=mm
570.498,164,fill,AC,BUY,1834,25.0550,1345,mode=mm
570.500,164,stop,RY,SELL,2200,99.9300,2200,loss=6.6t stop=5.0t trend_against=False
570.505,164,place,RY,SELL,2200,99.9300,2200,agg
570.792,164,fill,CNR,BUY,900,159.9300,3100,mode=mm
570.792,164,fill,RY,SELL,2200,100.0100,0,mode=mm
570.794,164,fill,AC,BUY,666,25.0550,2011,mode=mm
570.794,164,stop,CNR,SELL,3100,159.8700,3100,loss=21.1t stop=5.0t trend_against=False
570.797,164,place,CNR,SELL,3100,159.8700,3100,agg
571.103,164,fill,CNR,SELL,3100,159.9300,0,mode=mm
571.376,165,regime,CNR,,,,,"TREND -> chop (er=0.07, net -4t over 14s)"
571.532,165,place,AC,SELL,1600,25.0500,2011,quote
571.581,165,place,CNR,SELL,400,159.7200,0,quote
571.581,165,place,CNR,BUY,1500,155.0600,0,ladder
571.581,165,place,CNR,BUY,1500,147.0700,0,ladder
571.581,165,place,CNR,BUY,2000,135.8800,0,ladder
571.581,165,place,RY,BUY,1500,97.0300,0,ladder
571.581,165,place,RY,BUY,1500,92.0300,0,ladder
571.581,165,place,RY,BUY,2000,85.0200,0,ladder
571.763,165,place,AC,BUY,1800,25.0300,2011,quote
571.763,165,place,AC,SELL,2800,25.0400,2011,quote
571.763,165,place,CNR,SELL,1200,159.7200,0,quote
571.763,165,place,RY,SELL,1200,99.9800,0,quote
571.763,165,place,CNR,SELL,1500,164.6400,0,ladder
571.763,165,place,CNR,SELL,900,172.6400,0,ladder
571.763,165,place,RY,SELL,1500,103.0300,0,ladder
571.763,165,place,RY,SELL,100,108.0300,0,ladder
571.850,165,place,CNR,SELL,2000,183.8200,0,ladder
571.850,165,place,RY,SELL,200,115.0300,0,ladder
572.165,165,fill,CNR,SELL,400,159.7050,-400,mode=mm
572.165,165,fill,AC,SELL,2800,25.0400,-789,mode=mm
572.166,165,place,CNR,BUY,400,159.6800,-400,quote
572.166,165,place,AC,BUY,2600,25.0400,-789,quote
572.166,165,place,AC,SELL,2200,25.0500,-789,quote
572.379,165,fill,CNR,SELL,588,159.7050,-988,mode=mm
572.379,165,fill,AC,BUY,950,25.0450,161,mode=mm
572.526,165,place,CNR,BUY,900,159.6900,-988,quote
572.568,165,fill,CNR,SELL,400,159.7050,-1388,mode=mm
572.570,165,fill,AC,BUY,1650,25.0450,1811,mode=mm
572.571,165,place,CNR,SELL,1000,159.7200,-1388,quote
572.571,165,place,AC,BUY,300,25.0400,1811,quote
572.700,165,regime,RY,,,,,"chop -> mixed (er=0.28, net -12t over 14s)"
572.836,165,fill,AC,SELL,1616,25.0450,195,mode=mm
572.838,165,place,CNR,SELL,100,159.7300,-1388,quote
572.951,165,regime,RY,,,,,"mixed -> chop (er=0.20, net -9t over 14s)"
573.079,165,place,CNR,SELL,1000,159.7200,-1388,quote
573.079,165,place,RY,SELL,700,99.9700,0,quote
573.079,165,place,AC,SELL,300,25.0500,195,quote
573.345,165,place,AC,SELL,900,25.0500,195,quote
573.542,165,regime,RY,,,,,"chop -> mixed (er=0.29, net -14t over 14s)"
573.543,165,place,RY,SELL,1200,99.9200,0,quote
573.696,165,place,RY,BUY,1200,99.8800,0,quote
573.791,165,place,CNR,SELL,1000,159.7100,-1388,quote
574.039,165,fill,RY,SELL,1200,99.9050,-1200,mode=mm
574.041,165,fill,AC,SELL,900,25.0450,-705,mode=mm
574.042,165,place,RY,SELL,1000,99.9800,-1200,quote
574.042,165,place,AC,SELL,2200,25.0500,-705,quote
574.115,165,regime,RY,,,,,"mixed -> chop (er=0.24, net -12t over 14s)"
574.116,165,place,AC,BUY,2600,25.0400,-705,quote
574.285,165,place,RY,SELL,1000,99.9300,-1200,quote
574.377,165,regime,RY,,,,,"chop -> mixed (er=0.28, net -15t over 14s)"
574.536,165,fill,AC,BUY,2600,25.0450,1895,mode=mm
574.538,165,place,AC,BUY,1900,25.0400,1895,quote
574.641,165,regime,RY,,,,,"mixed -> chop (er=0.24, net -12t over 14s)"
574.777,165,fill,AC,SELL,2200,25.0450,-305,mode=mm
574.779,165,place,AC,SELL,2300,25.0500,-305,quote
574.910,165,regime,RY,,,,,"chop -> mixed (er=0.27, net -14t over 14s)"
575.053,165,fill,RY,SELL,1000,99.9150,-2200,mode=mm
575.054,165,place,RY,SELL,900,99.9500,-2200,quote
575.194,165,regime,RY,,,,,"mixed -> chop (er=0.24, net -12t over 14s)"
575.342,166,fill,AC,SELL,400,25.0450,-705,mode=mm
575.344,166,place,AC,BUY,2600,25.0400,-705,quote
575.344,166,place,AC,SELL,2200,25.0500,-705,quote
575.605,166,fill,AC,BUY,700,25.0450,-5,mode=mm
575.842,166,fill,RY,SELL,900,99.9350,-3100,mode=mm
575.842,166,fill,AC,SELL,300,25.0450,-305,mode=mm
575.843,166,stop,RY,BUY,3100,99.9800,-3100,loss=9.8t stop=5.0t trend_against=False
575.843,166,place,RY,BUY,3100,99.9800,-3100,agg
575.843,166,place,AC,BUY,2500,25.0400,-305,quote
575.843,166,place,AC,SELL,2300,25.0500,-305,quote
575.995,166,regime,RY,,,,,"chop -> mixed (er=0.26, net -13t over 14s)"
575.995,166,regime,AC,,,,,"chop -> mixed (er=0.33, net -2t over 14s)"
576.107,166,fill,RY,BUY,3100,99.9350,0,mode=mm
576.109,166,fill,AC,BUY,1100,25.0450,795,mode=mm
576.110,166,place,RY,BUY,1200,99.9200,0,quote
576.110,166,place,RY,BUY,1500,96.9700,0,ladder
576.110,166,place,RY,SELL,1500,102.9700,0,ladder
576.110,166,place,RY,BUY,1500,91.9700,0,ladder
576.110,166,place,RY,SELL,1500,107.9600,0,ladder
576.110,166,place,RY,BUY,1200,84.9700,0,ladder
576.110,166,place,RY,SELL,2000,114.9600,0,ladder
576.253,166,regime,RY,,,,,"mixed -> chop (er=0.21, net -11t over 14s)"
576.357,166,fill,AC,BUY,1400,25.0450,2195,mode=mm
576.359,166,place,RY,BUY,700,99.9600,0,quote
576.359,166,place,AC,BUY,300,25.0400,2195,quote
576.605,166,fill,AC,SELL,2000,25.0450,195,mode=mm
576.607,166,place,AC,SELL,2500,25.0500,195,quote
576.823,166,fill,AC,SELL,700,25.0450,-505,mode=mm
577.128,166,fill,AC,SELL,1800,25.0450,-2305,mode=mm
577.130,166,place,AC,SELL,1700,25.0500,-2305,quote
577.392,166,place,CNR,SELL,2000,159.6900,-1388,quote
577.392,166,place,CNR,BUY,1500,154.9400,-1388,ladder
577.392,166,place,CNR,SELL,1500,164.5300,-1388,ladder
577.392,166,place,CNR,BUY,1500,146.9600,-1388,ladder
577.392,166,place,CNR,SELL,300,172.5100,-1388,ladder
577.392,166,place,CNR,BUY,2000,135.7700,-1388,ladder
577.662,166,fill,CNR,SELL,2000,159.6850,-3388,mode=mm
577.665,166,fill,AC,SELL,1500,25.0450,-3805,mode=mm
577.669,166,place,CNR,BUY,3100,159.6800,-3388,quote
577.862,166,fill,RY,BUY,700,99.9750,700,mode=mm
577.862,166,fill,AC,SELL,200,25.0450,-4005,mode=mm
577.923,166,place,AC,BUY,3200,25.0400,-4005,quote
578.098,166,place,RY,BUY,1100,99.9200,700,quote
578.098,166,place,RY,SELL,700,99.9900,700,quote
578.098,166,place,AC,SELL,400,25.0500,-4005,quote
578.168,166,place,CNR,BUY,1800,159.6900,-3388,quote
578.168,166,place,CNR,SELL,100,159.7000,-3388,quote
578.168,166,place,CNR,BUY,500,154.9300,-3388,ladder
578.168,166,place,CNR,BUY,300,146.9500,-3388,ladder
578.423,166,fill,AC,BUY,3200,25.0450,-805,mode=mm
578.424,166,place,RY,SELL,700,99.9800,700,quote
578.424,166,place,CNR,BUY,3100,159.7000,-3388,quote
578.424,166,place,CNR,SELL,1500,159.7100,-3388,quote
578.424,166,place,AC,BUY,300,25.0400,-805,quote
578.424,166,place,AC,SELL,100,25.0500,-805,quote
578.424,166,place,CNR,SELL,1500,164.5200,-3388,ladder
578.424,166,place,CNR,SELL,100,172.5000,-3388,ladder
578.537,166,place,CNR,BUY,2000,135.7700,-3388,ladder
578.537,166,place,CNR,SELL,2000,183.6800,-3388,ladder
578.666,166,fill,AC,SELL,500,25.0450,-1305,mode=mm
578.670,166,place,RY,BUY,600,99.9300,700,quote
578.670,166,place,RY,SELL,700,99.9700,700,quote
578.670,166,place,AC,BUY,900,25.0400,-1305,quote
578.945,166,fill,CNR,SELL,1500,159.7000,-4888,mode=mm
578.946,166,fill,RY,BUY,1100,99.9500,1800,mode=mm
578.950,166,fill,AC,BUY,34,25.0450,-1271,mode=mm
579.138,166,fill,AC,BUY,900,25.0450,-371,mode=mm
579.376,167,place,RY,BUY,900,99.9200,1800,quote
579.376,167,place,RY,SELL,1400,99.9600,1800,quote
579.376,167,place,CNR,BUY,3300,159.7300,-4888,quote
579.376,167,place,CNR,SELL,1200,159.8100,-4888,quote
579.376,167,place,AC,BUY,500,25.0400,-371,quote
579.492,167,place,RY,SELL,1400,99.9700,1800,quote
579.825,167,fill,CNR,SELL,1200,159.9100,-6088,mode=mm
579.827,167,fill,RY,BUY,900,99.9550,2700,mode=mm
579.827,167,fill,AC,BUY,500,25.0400,129,mode=mm
579.827,167,regime,CNR,,,,,"chop -> mixed (er=0.27, net +22t over 14s)"
579.827,167,regime,CNR,,,,,"3 stop-outs in 85s -> toxic flow: half size, no stepping inside for 30s"
579.827,167,stop,CNR,BUY,5000,160.1000,-6088,loss=23.7t stop=11.3t trend_against=False
579.827,167,stop,RY,SELL,2700,99.9200,2700,loss=6.0t stop=5.0t trend_against=False
579.839,167,place,CNR,BUY,5000,160.1000,-6088,agg
579.839,167,place,RY,SELL,2700,99.9200,2700,agg
580.026,167,fill,CNR,BUY,5000,159.9950,-1088,mode=mm
580.028,167,fill,RY,SELL,5500,99.9550,-2800,mode=mm
580.869,167,regime,CNR,,,,,"mixed -> chop (er=0.25, net +19t over 14s)"
580.869,167,stop,CNR,BUY,1088,160.1000,-1088,loss=28.7t stop=9.8t trend_against=True
580.870,167,place,CNR,BUY,1088,160.1000,-1088,agg
581.030,167,fill,CNR,BUY,1088,160.0250,0,mode=mm
581.032,167,place,RY,BUY,1500,99.8900,-2800,quote
581.032,167,place,RY,SELL,800,99.9400,-2800,quote
581.032,167,place,CNR,BUY,1200,160.0100,0,quote
581.032,167,place,AC,BUY,2400,25.0300,129,quote
581.032,167,place,AC,SELL,2500,25.0400,129,quote
581.032,167,place,CNR,BUY,500,155.0100,0,ladder
581.032,167,place,CNR,SELL,1500,164.6000,0,ladder
581.032,167,place,CNR,SELL,1500,172.5900,0,ladder
581.032,167,place,CNR,SELL,2000,183.7800,0,ladder
581.032,167,place,RY,BUY,1500,96.9500,-2800,ladder
581.032,167,place,RY,BUY,1500,91.9600,-2800,ladder
581.032,167,place,RY,BUY,2000,84.9600,-2800,ladder
581.129,167,regime,RY,,,,,"chop -> mixed (er=0.29, net -14t over 14s)"
581.199,167,fill,AC,SELL,2500,25.0400,-2371,mode=mm
581.201,167,place,RY,BUY,1500,99.9000,-2800,quote
581.201,167,place,RY,SELL,800,99.9300,-2800,quote
581.201,167,place,AC,BUY,2900,25.0400,-2371,quote
581.201,167,place,AC,SELL,600,25.0500,-2371,quote
581.458,167,fill,AC,BUY,663,25.0450,-1708,mode=mm
581.459,167,place,RY,BUY,1500,99.8900,-2800,quote
581.459,167,place,AC,SELL,600,25.0500,-1708,quote
581.459,167,place,CNR,BUY,100,147.0400,0,ladder
581.696,167,fill,AC,BUY,1637,25.0450,-71,mode=mm
581.911,167,place,RY,BUY,1500,99.9000,-2800,quote
581.911,167,place,AC,BUY,1500,25.0400,-71,quote
581.911,167,place,CNR,BUY,100,135.8700,0,ladder
582.070,167,place,RY,SELL,900,102.9400,-2800,ladder
582.070,167,place,RY,SELL,500,107.9400,-2800,ladder
582.203,167,fill,AC,BUY,1500,25.0450,1429,mode=mm
582.399,167,place,RY,SELL,2000,114.9300,-2800,ladder
582.714,167,fill,RY,SELL,800,99.9150,-3600,mode=mm
582.716,167,place,RY,SELL,700,99.9300,-3600,quote
582.985,167,place,AC,BUY,2000,25.0500,1429,quote
582.985,167,place,AC,SELL,2700,25.0600,1429,quote
583.262,167,fill,CNR,BUY,1200,160.0250,1200,mode=mm
583.265,167,place,CNR,BUY,1000,160.0100,1200,quote
583.289,167,fill,RY,BUY,1500,99.9150,-2100,mode=mm
583.290,167,fill,AC,SELL,2700,25.0550,-1271,mode=mm
583.293,168,place,AC,BUY,2700,25.0600,-1271,quote
583.293,168,place,AC,SELL,2000,25.0700,-1271,quote
583.293,168,place,RY,BUY,1400,99.9000,-2100,quote
583.341,168,regime,AC,,,,,"mixed -> chop (er=0.14, net -1t over 14s)"
583.520,168,fill,AC,BUY,700,25.0600,-571,mode=mm
583.521,168,place,AC,BUY,2600,25.0700,-571,quote
583.521,168,place,AC,SELL,2300,25.0800,-571,quote
583.755,168,fill,AC,BUY,2600,25.0700,2029,mode=mm
584.023,168,fill,RY,SELL,700,99.9150,-2800,mode=mm
584.024,168,place,RY,SELL,800,99.9900,-2800,quote
584.128,168,regime,RY,,,,,"mixed -> chop (er=0.21, net -10t over 14s)"
584.238,168,place,RY,BUY,1500,99.9200,-2800,quote
584.238,168,place,RY,SELL,800,99.9800,-2800,quote
584.525,168,place,RY,BUY,1500,99.9300,-2800,quote
584.525,168,place,RY,SELL,800,100.0000,-2800,quote
584.740,168,fill,RY,SELL,800,99.9600,-3600,mode=mm
584.742,168,place,RY,BUY,1500,99.9400,-3600,quote
584.742,168,place,RY,SELL,700,99.9800,-3600,quote
584.843,168,place,RY,BUY,3100,99.9600,-3600,quote
584.843,168,place,RY,SELL,800,99.9700,-3600,quote
584.885,168,place,AC,BUY,300,25.0600,2029,quote
584.885,168,place,AC,SELL,2800,25.0700,2029,quote
584.930,168,regime,AC,,,,,"chop -> mixed (er=0.33, net +2t over 14s)"
584.999,168,place,AC,BUY,600,25.0600,2029,quote
585.298,168,fill,RY,SELL,1500,99.9650,-5100,mode=mm
585.300,168,fill,AC,BUY,600,25.0650,2629,mode=mm
585.465,168,regime,CNR,,,,,"chop -> TREND (er=0.83, net +34t over 14s)"
585.515,168,fill,AC,SELL,2800,25.0650,-171,mode=mm
585.517,168,place,RY,BUY,3400,99.9800,-5100,quote
585.517,168,place,RY,SELL,1200,100.0100,-5100,quote
585.517,168,place,AC,SELL,1400,25.0700,-171,quote
585.634,168,place,RY,SELL,200,100.0000,-5100,quote
585.800,168,place,RY,SELL,700,100.0000,-5100,quote
586.059,168,fill,RY,SELL,700,99.9850,-5800,mode=mm
586.060,168,regime,RY,,,,,"3 stop-outs in 85s -> toxic flow: half size, no stepping inside for 30s"
586.060,168,stop,RY,BUY,5000,100.1200,-5800,loss=10.7t stop=5.0t trend_against=False
586.065,168,place,RY,BUY,5000,100.1200,-5800,agg
586.065,168,place,AC,BUY,2500,25.0500,-171,quote
586.065,168,place,AC,SELL,1400,25.0600,-171,quote
586.232,168,regime,AC,,,,,"mixed -> chop (er=0.17, net +1t over 14s)"
586.283,168,fill,RY,BUY,5900,100.0250,100,mode=mm
586.284,168,fill,AC,BUY,2500,25.0550,2329,mode=mm
586.288,168,stop,RY,SELL,100,99.9600,100,loss=8.0t stop=5.0t trend_against=False
586.291,168,place,RY,SELL,100,99.9600,100,agg
586.540,168,fill,RY,SELL,100,100.0300,0,mode=mm
586.542,168,place,RY,BUY,500,96.9600,0,ladder
586.542,168,place,RY,SELL,1500,102.9600,0,ladder
586.542,168,place,RY,BUY,100,91.9600,0,ladder
586.542,168,place,RY,SELL,1500,107.9500,0,ladder
586.542,168,place,RY,SELL,2000,114.9500,0,ladder
586.797,168,fill,AC,SELL,366,25.0550,1963,mode=mm
586.799,168,place,RY,BUY,200,84.9700,0,ladder
587.103,168,fill,AC,SELL,1034,25.0550,929,mode=mm
587.104,168,place,AC,BUY,1200,25.0400,929,quote
587.104,168,place,AC,SELL,2600,25.0500,929,quote
587.333,168,fill,AC,SELL,800,25.0450,129,mode=mm
587.336,168,place,AC,SELL,2500,25.0500,129,quote
587.609,169,regime,RY,,,,,"chop -> mixed (er=0.39, net +14t over 14s)"
587.610,169,place,CNR,BUY,1000,160.0200,1200,quote
587.656,169,fill,AC,SELL,600,25.0450,-471,mode=mm
587.873,169,fill,AC,SELL,2500,25.0450,-2971,mode=mm
587.875,169,place,AC,BUY,3000,25.0300,-2971,quote
587.875,169,place,AC,SELL,1600,25.0500,-2971,quote
588.085,169,fill,AC,BUY,2400,25.0350,-571,mode=mm
588.087,169,place,AC,BUY,2600,25.0300,-571,quote
588.087,169,place,AC,SELL,2300,25.0400,-571,quote
588.327,169,fill,AC,BUY,2600,25.0300,2029,mode=mm
588.419,169,regime,RY,,,,,"mixed -> TREND (er=0.48, net +15t over 14s)"
588.625,169,place,CNR,BUY,1000,160.0100,1200,quote
588.936,169,fill,CNR,BUY,1000,160.0350,2200,mode=mm
588.936,169,fill,AC,SELL,2300,25.0350,-271,mode=mm
588.939,169,place,AC,SELL,2400,25.0400,-271,quote
588.939,169,place,CNR,BUY,900,160.0200,2200,quote
589.155,169,place,CNR,BUY,900,160.0300,2200,quote
589.213,169,regime,RY,,,,,"TREND -> mixed (er=0.29, net +9t over 14s)"
589.250,169,place,RY,SELL,1200,100.0400,0,quote
589.374,169,fill,AC,SELL,2400,25.0300,-2671,mode=mm
589.375,169,place,AC,BUY,2900,25.0200,-2671,quote
589.375,169,place,AC,SELL,1700,25.0400,-2671,quote
589.375,169,place,RY,SELL,1200,100.0300,0,quote
589.506,169,place,RY,BUY,1200,100.0000,0,quote
589.708,169,fill,CNR,BUY,900,160.0450,3100,mode=mm
589.708,169,fill,AC,BUY,2900,25.0250,229,mode=mm
589.710,169,place,AC,SELL,1500,25.0300,229,quote
589.710,169,place,CNR,BUY,400,160.0200,3100,quote
589.710,169,place,CNR,SELL,1500,160.0600,3100,quote
589.930,169,fill,AC,SELL,600,25.0300,-371,mode=mm
589.930,169,place,CNR,SELL,1500,160.0500,3100,quote
590.259,169,fill,CNR,BUY,383,160.0350,3483,mode=mm
590.259,169,fill,AC,SELL,1500,25.0250,-1871,mode=mm
590.261,169,place,CNR,BUY,700,160.0200,3483,quote
590.261,169,place,RY,BUY,1200,99.9900,0,quote
590.261,169,place,RY,SELL,1200,100.0200,0,quote
590.310,169,regime,RY,,,,,"mixed -> chop (er=0.18, net +5t over 14s)"
590.403,169,place,AC,SELL,1900,25.0300,-1871,quote
590.716,169,fill,CNR,BUY,700,160.0350,4183,mode=mm
590.716,169,fill,AC,SELL,500,25.0250,-2371,mode=mm
590.717,169,place,CNR,BUY,600,160.0200,4183,quote
590.961,169,fill,CNR,SELL,600,160.0350,3583,mode=mm
590.961,169,fill,AC,SELL,1400,25.0250,-3771,mode=mm
590.962,169,place,RY,BUY,1200,99.9800,0,quote
590.962,169,place,AC,SELL,1400,25.0300,-3771,quote
591.004,169,place,AC,BUY,3100,25.0200,-3771,quote
591.097,170,place,RY,SELL,1200,100.0100,0,quote
591.447,170,fill,AC,BUY,1700,25.0250,-2071,mode=mm
591.449,170,place,AC,BUY,2800,25.0200,-2071,quote
591.449,170,place,AC,SELL,1800,25.0300,-2071,quote
591.695,170,fill,RY,SELL,1200,99.9950,-1200,mode=mm
591.696,170,place,RY,SELL,1000,100.0100,-1200,quote
591.984,170,fill,AC,SELL,200,25.0250,-2271,mode=mm
591.986,170,place,RY,BUY,1300,99.9900,-1200,quote
591.986,170,place,RY,SELL,1000,100.0200,-1200,quote
591.986,170,place,AC,SELL,1800,25.0300,-2271,quote
592.259,170,fill,CNR,SELL,300,160.0350,3283,mode=mm
592.259,170,fill,RY,SELL,1000,100.0050,-2200,mode=mm
592.260,170,fill,AC,SELL,600,25.0250,-2871,mode=mm
592.261,170,place,AC,BUY,3000,25.0300,-2871,quote
592.261,170,place,AC,SELL,300,25.0500,-2871,quote
592.261,170,place,CNR,SELL,900,160.0500,3283,quote
592.506,170,fill,AC,SELL,300,25.0350,-3171,mode=mm
592.509,170,place,AC,BUY,3000,25.0400,-3171,quote
592.509,170,place,AC,SELL,900,25.0600,-3171,quote
592.509,170,place,CNR,BUY,200,160.0000,3283,quote
592.509,170,place,RY,BUY,1400,100.0000,-2200,quote
592.690,170,place,RY,SELL,900,100.0300,-2200,quote
592.727,170,fill,AC,BUY,200,25.0500,-2971,mode=mm
592.728,170,place,AC,BUY,1800,25.0500,-2971,quote
592.728,170,place,CNR,BUY,400,160.0100,3283,quote
592.728,170,place,CNR,SELL,900,160.0400,3283,quote
593.032,170,fill,AC,BUY,2500,25.0500,-471,mode=mm
593.099,170,regime,RY,,,,,"chop -> mixed (er=0.30, net +9t over 14s)"
593.190,170,place,AC,BUY,1500,25.0200,-471,quote
593.190,170,place,AC,SELL,2300,25.0400,-471,quote
593.190,170,place,RY,BUY,1400,100.0100,-2200,quote
593.190,170,place,RY,SELL,500,100.0400,-2200,quote
593.235,170,place,AC,BUY,100,25.0300,-471,quote
593.506,170,fill,AC,SELL,2200,25.0350,-2671,mode=mm
593.618,170,regime,CNR,,,,,"TREND -> chop (er=0.25, net +3t over 14s)"
593.781,170,fill,CNR,BUY,400,160.0250,3683,mode=mm
593.783,170,place,CNR,BUY,700,160.0100,3683,quote
593.783,170,place,AC,SELL,600,25.0600,-2671,quote
594.022,170,fill,RY,BUY,900,100.0250,-1300,mode=mm
594.022,170,fill,AC,SELL,600,25.0550,-3271,mode=mm
594.024,170,place,RY,BUY,1300,100.0100,-1300,quote
594.024,170,place,RY,SELL,600,100.0900,-1300,quote
594.024,170,place,AC,BUY,3000,25.0600,-3271,quote
594.064,170,place,AC,SELL,900,25.0700,-3271,quote
594.166,170,place,RY,SELL,100,100.0800,-1300,quote
594.298,170,fill,CNR,BUY,700,160.0250,4383,mode=mm
594.298,170,fill,AC,BUY,3000,25.0600,-271,mode=mm
594.300,170,place,RY,SELL,1000,100.0700,-1300,quote
594.300,170,place,CNR,BUY,600,160.0000,4383,quote
594.401,170,regime,RY,,,,,"mixed -> TREND (er=0.49, net +12t over 14s)"
594.516,170,fill,AC,SELL,900,25.0650,-1171,mode=mm
594.519,170,place,AC,BUY,2700,25.0700,-1171,quote
594.519,170,place,AC,SELL,700,25.0800,-1171,quote
594.519,170,place,RY,BUY,1300,100.0200,-1300,quote
594.822,170,fill,CNR,BUY,600,160.0250,4983,mode=mm
594.822,170,fill,AC,BUY,1900,25.0700,729,mode=mm
595.058,170,fill,AC,BUY,100,25.0750,829,mode=mm
595.058,170,regime,CNR,,,,,"chop -> mixed (er=0.28, net -3t over 14s)"
595.236,171,place,CNR,BUY,300,159.9400,4983,quote
595.236,171,place,CNR,SELL,1600,160.0100,4983,quote
595.236,171,place,RY,SELL,100,100.0500,-1300,quote
595.236,171,place,AC,BUY,100,25.0700,829,quote
595.301,171,place,CNR,SELL,1600,160.0000,4983,quote
595.301,171,place,AC,SELL,2600,25.0900,829,quote
595.353,171,place,AC,BUY,1300,25.0800,829,quote
595.603,171,fill,AC,BUY,1300,25.0850,2129,mode=mm
595.743,171,place,CNR,BUY,600,159.9200,4983,quote
595.743,171,place,CNR,SELL,1600,159.9900,4983,quote
595.743,171,place,RY,SELL,600,100.0500,-1300,quote
595.743,171,place,AC,BUY,300,25.0700,2129,quote
595.848,171,stop,CNR,SELL,4983,159.9100,4983,loss=6.5t stop=5.0t trend_against=False
595.849,171,place,CNR,SELL,4983,159.9100,4983,agg
596.148,171,fill,CNR,SELL,4983,159.9550,0,mode=mm
596.151,171,fill,AC,BUY,300,25.0850,2429,mode=mm
596.342,171,fill,RY,SELL,600,100.0350,-1900,mode=mm
596.595,171,regime,CNR,,,,,"mixed -> TREND (er=0.68, net -19t over 14s)"
596.864,171,place,RY,BUY,1400,100.0300,-1900,quote
596.864,171,place,RY,SELL,100,100.0700,-1900,quote
596.864,171,place,AC,SELL,2900,25.0800,2429,quote
597.104,171,place,CNR,SELL,1200,159.6900,0,quote
597.104,171,place,RY,BUY,1400,100.0400,-1900,quote
597.104,171,place,RY,SELL,900,100.0700,-1900,quote
597.104,171,place,AC,BUY,1700,25.0700,2429,quote
597.104,171,place,CNR,BUY,1500,155.1900,0,ladder
597.104,171,place,CNR,SELL,1500,164.7900,0,ladder
597.104,171,place,CNR,BUY,1500,147.1900,0,ladder
597.104,171,place,CNR,SELL,1500,172.7900,0,ladder
597.104,171,place,CNR,BUY,2000,135.9900,0,ladder
597.104,171,place,CNR,SELL,100,183.9900,0,ladder
597.375,171,fill,RY,BUY,1400,100.0550,-500,mode=mm
597.376,171,fill,AC,BUY,1284,25.0750,3713,mode=mm
597.379,171,place,RY,BUY,1200,100.0500,-500,quote
597.379,171,place,RY,SELL,600,100.0800,-500,quote
597.592,171,fill,AC,SELL,2484,25.0750,1229,mode=mm
597.595,171,place,AC,BUY,2000,25.0600,1229,quote
597.595,171,place,AC,SELL,2700,25.0700,1229,quote
597.811,171,fill,AC,BUY,2000,25.0700,3229,mode=mm
598.066,171,fill,AC,SELL,2700,25.0650,529,mode=mm
598.068,171,place,RY,BUY,1200,100.0500,-500,quote
598.068,171,place,AC,SELL,1500,25.0700,529,quote
598.347,171,fill,RY,SELL,600,100.0650,-1100,mode=mm
598.427,171,place,RY,SELL,1000,100.0800,-1100,quote
598.427,171,place,AC,BUY,2300,25.0500,529,quote
598.427,171,place,AC,SELL,2500,25.0600,529,quote
598.584,171,fill,RY,BUY,1200,100.0650,100,mode=mm
598.586,171,fill,AC,BUY,2300,25.0550,2829,mode=mm
598.586,171,place,AC,BUY,1600,25.0400,2829,quote
598.586,171,place,AC,SELL,3000,25.0500,2829,quote
598.586,171,place,RY,BUY,1200,100.0500,100,quote
598.586,171,place,RY,SELL,1200,100.0900,100,quote
598.829,171,place,RY,SELL,100,100.0800,100,quote
598.881,171,fill,AC,SELL,200,25.0450,2629,mode=mm
599.140,171,fill,RY,SELL,100,100.0650,0,mode=mm
599.141,171,fill,AC,SELL,1200,25.0450,1429,mode=mm
599.142,171,place,RY,SELL,1200,100.0900,0,quote
599.142,171,place,AC,SELL,2700,25.0500,1429,quote
599.346,172,place,AC,BUY,700,25.0300,1429,quote
599.346,172,place,AC,SELL,900,25.0400,1429,quote
599.609,172,fill,AC,SELL,200,25.0400,1229,mode=mm
600.286,172,regime,RY,,,,,"TREND -> chop (er=0.20, net +4t over 14s)"
600.356,172,place,RY,SELL,1200,100.0800,0,quote
600.419,172,fill,RY,BUY,1200,100.0650,1200,mode=mm
600.422,172,place,AC,SELL,2700,25.0500,1229,quote
600.422,172,place,RY,BUY,1000,100.0000,1200,quote
600.422,172,place,RY,SELL,1300,100.1000,1200,quote
600.634,172,place,RY,BUY,1000,100.0100,1200,quote
600.634,172,place,CNR,SELL,1200,159.6800,0,quote
600.634,172,place,AC,BUY,2000,25.0400,1229,quote
600.941,172,fill,AC,SELL,1137,25.0450,92,mode=mm
600.942,172,place,RY,BUY,1000,100.0200,1200,quote
600.942,172,place,RY,SELL,1300,100.0600,1200,quote
600.942,172,place,AC,BUY,2400,25.0400,92,quote
600.942,172,place,AC,SELL,2500,25.0500,92,quote
601.173,172,fill,AC,BUY,2837,25.0450,2929,mode=mm
601.176,172,place,RY,SELL,1300,100.0500,1200,quote
601.402,172,fill,AC,SELL,1329,25.0450,1600,mode=mm
601.691,172,fill,RY,BUY,1000,100.0350,2200,mode=mm
601.693,172,fill,AC,SELL,1171,25.0450,429,mode=mm
601.694,172,place,RY,BUY,900,99.9900,2200,quote
601.694,172,place,AC,SELL,2500,25.0500,429,quote
601.949,172,fill,RY,SELL,1300,100.0200,900,mode=mm
601.952,172,place,RY,BUY,1000,99.9800,900,quote
601.952,172,place,RY,SELL,1300,100.0300,900,quote
601.952,172,place,AC,BUY,2300,25.0300,429,quote
601.952,172,place,AC,SELL,2500,25.0400,429,quote
602.205,172,fill,AC,SELL,2500,25.0400,-2071,mode=mm
602.206,172,place,RY,BUY,1000,99.9900,900,quote
602.206,172,place,AC,SELL,600,25.0500,-2071,quote
602.408,172,place,RY,SELL,1300,100.0200,900,quote
602.434,172,fill,AC,BUY,2300,25.0350,229,mode=mm
602.443,172,place,AC,BUY,2400,25.0200,229,quote
602.443,172,place,AC,SELL,1500,25.0300,229,quote
602.723,172,fill,AC,SELL,1500,25.0300,-1271,mode=mm
602.726,172,place,AC,BUY,2700,25.0300,-1271,quote
602.982,172,fill,AC,BUY,2909,25.0300,1638,mode=mm
602.985,172,place,RY,BUY,1000,100.0000,900,quote
602.985,172,place,RY,SELL,100,100.0300,900,quote
603.439,173,place,AC,BUY,1900,25.0200,1638,quote
603.439,173,place,RY,SELL,1300,100.0300,900,quote
603.498,173,place,RY,SELL,400,100.0900,900,quote
603.728,173,fill,RY,SELL,1300,100.0450,-400,mode=mm
603.729,173,fill,AC,BUY,1900,25.0300,3538,mode=mm
603.963,173,place,RY,BUY,1200,100.0200,-400,quote
603.963,173,place,RY,SELL,1100,100.0800,-400,quote
603.963,173,place,AC,SELL,3100,25.0500,3538,quote
604.248,173,fill,RY,BUY,1200,100.0500,800,mode=mm
604.251,173,fill,AC,SELL,3100,25.0450,438,mode=mm
604.253,173,place,RY,BUY,1100,100.0300,800,quote
604.253,173,place,AC,BUY,2300,25.0400,438,quote
604.469,173,fill,AC,BUY,2300,25.0500,2738,mode=mm
604.471,173,place,AC,BUY,1600,25.0300,2738,quote
604.471,173,place,RY,BUY,1100,100.0400,800,quote
604.737,173,fill,RY,BUY,1100,100.0550,1900,mode=mm
604.738,173,fill,AC,BUY,1600,25.0450,4338,mode=mm
605.021,173,place,AC,SELL,1100,25.0400,4338,quote
605.241,173,place,AC,SELL,100,25.0300,4338,quote
605.287,173,place,AC,BUY,1300,25.0100,4338,quote
605.287,173,place,RY,SELL,800,100.0500,1900,quote
605.498,173,fill,AC,SELL,1140,25.0300,3198,mode=mm
605.499,173,place,RY,BUY,900,100.0100,1900,quote
605.499,173,place,AC,BUY,900,25.0200,3198,quote
605.781,173,fill,RY,SELL,800,100.0300,1100,mode=mm
605.781,173,fill,AC,BUY,900,25.0300,4098,mode=mm
605.786,173,place,AC,SELL,3200,25.0400,4098,quote
605.786,173,place,RY,SELL,100,100.0400,1100,quote
606.038,173,fill,AC,SELL,3200,25.0350,898,mode=mm
606.039,173,place,RY,SELL,1300,100.0400,1100,quote
606.255,173,place,AC,BUY,2100,25.0300,898,quote
606.255,173,place,AC,SELL,2600,25.0500,898,quote
606.550,173,fill,AC,SELL,500,25.0400,398,mode=mm
607.024,173,fill,RY,BUY,900,100.0250,2000,mode=mm
607.025,173,place,RY,BUY,900,99.9800,2000,quote
607.117,173,place,RY,BUY,900,99.9900,2000,quote
607.117,173,place,RY,SELL,1400,100.0200,2000,quote
607.310,173,place,RY,BUY,900,99.9800,2000,quote
607.565,174,place,AC,BUY,2300,25.0400,398,quote
607.565,174,place,RY,BUY,900,99.9900,2000,quote
607.811,174,fill,RY,SELL,1400,100.0050,600,mode=mm
607.814,174,place,AC,SELL,2500,25.0600,398,quote
607.814,174,place,RY,SELL,1300,100.0300,600,quote
608.067,174,fill,AC,SELL,1500,25.0550,-1102,mode=mm
608.068,174,place,RY,BUY,1100,100.0000,600,quote
608.068,174,place,AC,BUY,2600,25.0500,-1102,quote
608.320,174,fill,AC,BUY,2600,25.0550,1498,mode=mm
608.588,174,fill,RY,SELL,1300,100.0150,-700,mode=mm
608.591,174,place,RY,SELL,1100,100.0500,-700,quote
608.840,174,place,CNR,SELL,1200,159.6600,0,quote
608.840,174,place,RY,BUY,1300,100.0100,-700,quote
608.840,174,place,RY,SELL,1100,100.0400,-700,quote
609.127,174,place,AC,BUY,2000,25.0400,1498,quote
609.127,174,place,AC,SELL,2700,25.0500,1498,quote
609.161,174,fill,RY,BUY,1300,100.0250,600,mode=mm
609.382,174,fill,AC,SELL,2700,25.0550,-1202,mode=mm
609.383,174,place,AC,SELL,2100,25.0600,-1202,quote
609.616,174,place,AC,BUY,2700,25.0500,-1202,quote
609.867,174,fill,AC,BUY,600,25.0500,-602,mode=mm
609.869,174,place,AC,BUY,2600,25.0400,-602,quote
610.177,174,fill,CNR,SELL,4,159.6450,-4,mode=mm
610.431,174,fill,CNR,SELL,1196,159.6450,-1200,mode=mm
610.433,174,fill,AC,BUY,900,25.0450,298,mode=mm
610.433,174,place,CNR,SELL,1000,159.6600,-1200,quote
610.460,174,place,RY,BUY,1100,100.0100,600,quote
610.628,174,fill,RY,SELL,1100,100.0250,-500,mode=mm
610.629,174,fill,AC,BUY,1600,25.0500,1898,mode=mm
610.631,174,place,RY,SELL,1100,100.0600,-500,quote
610.631,174,place,AC,SELL,2800,25.0600,1898,quote
610.910,174,fill,CNR,SELL,1000,159.6450,-2200,mode=mm
610.911,174,fill,RY,BUY,1100,100.0350,600,mode=mm
610.912,174,fill,AC,SELL,2550,25.0550,-652,mode=mm
610.912,174,regime,CNR,,,,,"TREND -> mixed (er=1.00, net -3t over 14s)"
610.913,174,place,RY,BUY,1100,100.0000,600,quote
610.913,174,place,CNR,SELL,900,159.6600,-2200,quote
610.913,174,place,AC,SELL,1300,25.0600,-652,quote
611.154,175,place,RY,BUY,1100,100.0100,600,quote
611.154,175,place,AC,SELL,700,25.0600,-652,quote
611.213,175,fill,AC,SELL,1000,25.0550,-1652,mode=mm
611.383,175,fill,AC,SELL,550,25.0550,-2202,mode=mm
611.621,175,place,RY,BUY,1100,100.0200,600,quote
611.621,175,place,RY,SELL,700,100.0700,600,quote
611.621,175,place,CNR,SELL,100,159.6500,-2200,quote
611.621,175,place,AC,BUY,2800,25.0500,-2202,quote
611.683,175,fill,AC,SELL,700,25.0550,-2902,mode=mm
611.701,175,place,RY,BUY,1100,100.0300,600,quote
611.701,175,place,RY,SELL,1300,100.0600,600,quote
611.701,175,place,AC,SELL,500,25.0600,-2902,quote
611.894,175,fill,AC,BUY,2800,25.0550,-102,mode=mm
611.895,175,place,CNR,SELL,1800,159.6500,-2200,quote
611.895,175,place,AC,SELL,1400,25.0600,-102,quote
612.417,175,place,AC,BUY,2500,25.0400,-102,quote
612.417,175,place,AC,SELL,2400,25.0500,-102,quote
612.671,175,fill,RY,BUY,1100,100.0450,1700,mode=mm
612.673,175,fill,AC,SELL,2400,25.0450,-2502,mode=mm
612.675,175,place,RY,BUY,900,100.0300,1700,quote
612.941,175,fill,CNR,SELL,1800,159.6450,-4000,mode=mm
612.943,175,place,AC,SELL,1700,25.0600,-2502,quote
612.943,175,place,CNR,BUY,3200,159.6400,-4000,quote
612.943,175,place,CNR,SELL,100,159.6500,-4000,quote
613.141,175,place,AC,BUY,2900,25.0500,-2502,quote
613.221,175,fill,RY,BUY,900,100.0450,2600,mode=mm
613.222,175,fill,AC,SELL,1500,25.0500,-4002,mode=mm
613.440,175,fill,AC,BUY,2700,25.0550,-1302,mode=mm
613.442,175,place,RY,BUY,800,99.9600,2600,quote
613.442,175,place,RY,SELL,1400,100.0400,2600,quote
613.442,175,place,CNR,SELL,800,159.6500,-4000,quote
613.442,175,place,AC,BUY,300,25.0500,-1302,quote
613.442,175,place,AC,SELL,400,25.0600,-1302,quote
613.689,175,place,RY,BUY,800,99.9500,2600,quote
613.689,175,place,RY,SELL,800,100.0100,2600,quote
613.689,175,place,AC,BUY,300,25.0500,-1302,quote
613.689,175,place,AC,SELL,1200,25.0600,-1302,quote
613.838,175,regime,RY,,,,,"chop -> mixed (er=0.30, net -8t over 14s)"
613.989,175,fill,CNR,SELL,800,159.6450,-4800,mode=mm
613.989,175,fill,RY,SELL,800,99.9850,1800,mode=mm
613.990,175,stop,RY,SELL,1800,99.9300,1800,loss=5.5t stop=5.0t trend_against=False
613.990,175,place,RY,SELL,1800,99.9300,1800,agg
614.108,175,regime,RY,,,,,"mixed -> chop (er=0.19, net -6t over 14s)"
614.220,175,fill,RY,SELL,1800,100.0100,0,mode=mm
614.482,175,place,AC,BUY,500,25.0500,-1302,quote
614.745,175,fill,CNR,BUY,3172,159.6450,-1628,mode=mm
614.746,175,place,CNR,SELL,1900,159.6500,-1628,quote
614.746,175,place,RY,SELL,1200,100.0200,0,quote
614.746,175,place,AC,BUY,2700,25.0500,-1302,quote
614.746,175,place,RY,BUY,1500,97.0200,0,ladder
614.746,175,place,RY,SELL,300,103.0200,0,ladder
614.746,175,place,RY,BUY,1500,92.0200,0,ladder
614.746,175,place,RY,BUY,2000,85.0200,0,ladder
615.056,175,place,RY,SELL,1500,108.0200,0,ladder
615.056,175,place,RY,SELL,2000,115.0300,0,ladder
615.774,176,place,CNR,SELL,1900,159.6500,-1628,quote
615.808,176,fill,CNR,SELL,1900,159.6450,-3528,mode=mm
615.809,176,place,CNR,BUY,3100,159.6400,-3528,quote
616.060,176,place,RY,SELL,2500,100.0100,0,quote
616.253,176,fill,CNR,BUY,2900,159.6450,-628,mode=mm
616.530,176,fill,CNR,BUY,200,159.6450,-428,mode=mm
617.090,176,place,CNR,BUY,2500,159.6400,-428,quote
617.169,176,place,RY,BUY,2500,100.0000,0,quote
617.543,176,fill,CNR,SELL,650,159.6450,-1078,mode=mm
617.563,176,place,CNR,SELL,2100,159.6500,-1078,quote
617.826,176,fill,CNR,BUY,1250,159.6450,172,mode=mm
617.828,176,place,CNR,BUY,2400,159.6400,172,quote
618.075,176,fill,CNR,SELL,2100,159.6450,-1928,mode=mm
618.077,176,place,CNR,SELL,1800,159.6500,-1928,quote
618.533,176,fill,CNR,SELL,950,159.6450,-2878,mode=mm
619.094,176,fill,CNR,BUY,2400,159.6450,-478,mode=mm
619.096,176,place,CNR,BUY,2500,159.6400,-478,quote
619.563,177,fill,CNR,BUY,634,159.6450,156,mode=mm
619.564,177,place,CNR,SELL,2500,159.6500,156,quote
620.183,177,regime,AC,,,,,"chop -> mixed (er=0.33, net +3t over 14s)"
620.448,177,regime,AC,,,,,"mixed -> chop (er=0.20, net +2t over 14s)"
620.828,177,fill,CNR,SELL,1100,159.6450,-944,mode=mm
620.967,177,regime,AC,,,,,"chop -> mixed (er=0.29, net +2t over 14s)"
621.383,177,fill,CNR,SELL,1400,159.6450,-2344,mode=mm
621.384,177,place,CNR,BUY,2900,159.6500,-2344,quote
621.384,177,place,CNR,SELL,1700,159.6600,-2344,quote
621.485,177,regime,AC,,,,,"mixed -> chop (er=0.17, net +1t over 14s)"
622.541,177,regime,CNR,,,,,"mixed -> chop (er=0.14, net -0t over 14s)"
623.105,177,regime,CNR,,,,,"chop -> mixed (er=1.00, net +2t over 14s)"
623.887,178,place,CNR,BUY,2900,159.6900,-2344,quote
623.887,178,place,CNR,SELL,1700,159.7100,-2344,quote
623.887,178,place,CNR,BUY,1500,154.8600,-2344,ladder
623.887,178,place,CNR,SELL,1500,164.4400,-2344,ladder
623.887,178,place,CNR,BUY,1500,146.8800,-2344,ladder
623.887,178,place,CNR,SELL,1500,172.4300,-2344,ladder
623.887,178,place,CNR,BUY,2000,135.7100,-2344,ladder
623.887,178,place,CNR,SELL,2000,183.6000,-2344,ladder
623.928,178,regime,AC,,,,,"chop -> mixed (er=0.33, net +1t over 14s)"
624.206,178,regime,CNR,,,,,"3 stop-outs in 85s -> toxic flow: half size, no stepping inside for 30s"
624.206,178,stop,CNR,BUY,2344,159.7500,-2344,loss=6.0t stop=5.0t trend_against=False
624.208,178,place,CNR,BUY,2344,159.7500,-2344,agg
624.482,178,fill,CNR,BUY,2344,159.7000,0,mode=mm
624.484,178,regime,AC,,,,,"mixed -> chop (er=0.20, net +1t over 14s)"
624.484,178,place,CNR,BUY,1200,159.6800,0,quote
624.484,178,place,CNR,BUY,1500,154.8700,0,ladder
624.484,178,place,CNR,SELL,1500,164.4500,0,ladder
624.484,178,place,CNR,BUY,300,146.8900,0,ladder
624.484,178,place,CNR,SELL,1500,172.4300,0,ladder
624.484,178,place,CNR,SELL,2000,183.6100,0,ladder
625.292,178,regime,RY,,,,,"chop -> mixed (er=0.30, net -3t over 14s)"
625.477,178,place,CNR,BUY,1200,159.6900,0,quote
625.477,178,place,CNR,BUY,2000,135.7200,0,ladder
625.670,178,place,CNR,BUY,1200,159.7000,0,quote
626.319,178,regime,AC,,,,,"chop -> mixed (er=0.33, net +1t over 14s)"
627.359,178,regime,RY,,,,,"mixed -> chop (er=0.23, net -2t over 14s)"
627.359,178,regime,AC,,,,,"mixed -> chop (er=0.00, net +0t over 14s)"
627.386,178,place,CNR,SELL,1200,159.7300,0,quote
627.902,179,regime,RY,,,,,"chop -> mixed (er=0.67, net +2t over 14s)"
628.035,179,fill,CNR,SELL,1200,159.7150,-1200,mode=mm
628.036,179,place,CNR,SELL,1000,159.7300,-1200,quote
628.229,179,fill,RY,BUY,1871,100.0050,1871,mode=mm
628.230,179,place,RY,BUY,1900,100.0000,1871,quote
628.427,179,regime,RY,,,,,"mixed -> chop (er=0.00, net +0t over 14s)"
629.009,179,place,CNR,BUY,1300,159.7100,-1200,quote
629.009,179,place,CNR,SELL,1000,159.7400,-1200,quote
630.329,179,fill,CNR,SELL,768,159.7250,-1968,mode=mm
630.331,179,place,CNR,SELL,900,159.7500,-1968,quote
630.598,179,place,CNR,SELL,900,159.7400,-1968,quote
633.655,180,fill,CNR,BUY,1300,159.7250,-668,mode=mm
633.657,180,place,CNR,BUY,1300,159.7100,-668,quote
634.435,180,fill,CNR,SELL,900,159.7250,-1568,mode=mm
634.436,180,place,CNR,SELL,900,159.7500,-1568,quote
634.727,180,place,CNR,SELL,900,159.7400,-1568,quote
636.965,181,fill,CNR,BUY,781,159.7250,-787,mode=mm
636.967,181,place,CNR,BUY,1300,159.7000,-787,quote
637.511,181,fill,CNR,SELL,900,159.7200,-1687,mode=mm
637.513,181,place,CNR,SELL,900,159.7400,-1687,quote
638.015,181,fill,CNR,SELL,900,159.7200,-2587,mode=mm
638.017,181,place,CNR,BUY,1400,159.7100,-2587,quote
638.017,181,place,CNR,SELL,800,159.7400,-2587,quote
638.263,181,fill,CNR,SELL,282,159.7250,-2869,mode=mm
638.545,181,fill,CNR,SELL,518,159.7250,-3387,mode=mm
638.546,181,place,CNR,SELL,700,159.7400,-3387,quote
639.024,181,fill,CNR,SELL,700,159.7250,-4087,mode=mm
639.026,181,place,CNR,SELL,600,159.7400,-4087,quote
639.229,181,fill,CNR,SELL,157,159.7250,-4244,mode=mm
639.231,181,place,CNR,SELL,600,159.7800,-4244,quote
639.538,182,place,CNR,SELL,600,159.7600,-4244,quote
639.787,182,place,CNR,BUY,1600,159.7200,-4244,quote
640.314,182,fill,CNR,SELL,600,159.7350,-4844,mode=mm
640.315,182,place,CNR,SELL,300,159.7800,-4844,quote
640.564,182,place,CNR,BUY,1600,159.7300,-4844,quote
640.564,182,place,CNR,SELL,600,159.7700,-4844,quote
640.815,182,fill,CNR,SELL,600,159.7450,-5444,mode=mm
641.012,182,place,CNR,BUY,1700,159.7400,-5444,quote
641.292,182,place,CNR,BUY,1700,159.7500,-5444,quote
641.292,182,place,CNR,SELL,500,159.8000,-5444,quote
641.579,182,place,CNR,BUY,1700,159.7600,-5444,quote
642.330,182,place,CNR,SELL,300,159.8200,-5444,quote
642.611,182,stop,CNR,BUY,5000,159.8300,-5444,loss=5.5t stop=5.0t trend_against=False
642.611,182,place,CNR,BUY,5000,159.8300,-5444,agg
642.915,182,fill,CNR,BUY,5000,159.7800,-444,mode=mm
643.647,183,stop,CNR,BUY,444,159.9100,-444,loss=11.5t stop=5.0t trend_against=False
643.648,183,place,CNR,BUY,444,159.9100,-444,agg
643.891,183,fill,CNR,BUY,444,159.8350,0,mode=mm
643.892,183,place,CNR,BUY,1200,159.8100,0,quote
643.892,183,place,CNR,BUY,1500,154.9700,0,ladder
643.892,183,place,CNR,SELL,1500,164.5500,0,ladder
643.892,183,place,CNR,BUY,1500,146.9800,0,ladder
643.892,183,place,CNR,SELL,1500,172.5400,0,ladder
643.892,183,place,CNR,BUY,2000,135.8000,0,ladder
643.892,183,place,CNR,SELL,2000,183.7300,0,ladder
644.099,183,place,CNR,BUY,200,159.8200,0,quote
644.255,183,regime,CNR,,,,,"mixed -> TREND (er=0.75, net +12t over 14s)"
644.364,183,place,CNR,BUY,100,159.8300,0,quote
645.177,183,place,CNR,BUY,1200,159.8500,0,quote
647.451,184,place,CNR,BUY,1200,159.8600,0,quote
647.950,184,place,CNR,BUY,1200,159.8700,0,quote
648.687,184,place,CNR,BUY,1200,159.8600,0,quote
649.198,184,place,CNR,BUY,1200,159.8500,0,quote
649.487,184,fill,CNR,BUY,1200,159.8900,1200,mode=mm
649.487,184,place,CNR,BUY,1000,159.8400,1200,quote
649.636,184,place,CNR,BUY,1000,159.8500,1200,quote
650.205,184,place,CNR,BUY,1000,159.8400,1200,quote
650.485,184,fill,CNR,BUY,1000,159.8650,2200,mode=mm
650.760,184,place,CNR,BUY,900,159.8500,2200,quote
652.248,185,place,CNR,BUY,900,159.8900,2200,quote
652.470,185,place,CNR,BUY,900,159.9000,2200,quote
652.743,185,place,CNR,BUY,900,159.9100,2200,quote
652.972,185,place,CNR,BUY,900,159.9200,2200,quote
653.229,185,place,CNR,BUY,100,159.9300,2200,quote
653.516,185,place,CNR,BUY,900,159.9300,2200,quote
653.797,185,fill,CNR,BUY,550,159.9550,2750,mode=mm
653.800,185,place,CNR,BUY,400,159.9400,2750,quote
654.499,185,place,CNR,BUY,800,159.9500,2750,quote
655.017,185,place,CNR,BUY,800,159.9700,2750,quote
656.859,186,fill,CNR,BUY,800,159.9850,3550,mode=mm
656.859,186,place,CNR,BUY,700,159.9700,3550,quote
656.859,186,place,CNR,SELL,1500,160.0000,3550,quote
657.121,186,fill,CNR,SELL,365,159.9850,3185,mode=mm
657.635,186,fill,CNR,SELL,1135,159.9850,2050,mode=mm
657.838,186,place,CNR,BUY,900,159.9600,2050,quote
660.455,187,place,CNR,BUY,900,160.0000,2050,quote
660.977,187,place,CNR,BUY,900,160.0400,2050,quote
661.943,187,place,CNR,BUY,900,160.0700,2050,quote
663.260,187,fill,CNR,BUY,900,160.1000,2950,mode=mm
663.260,187,place,CNR,BUY,800,159.9300,2950,quote
663.285,187,regime,CNR,,,,,"TREND -> mixed (er=0.31, net +12t over 14s)"
663.582,187,fill,CNR,BUY,300,160.0100,3250,mode=mm
663.584,188,regime,CNR,,,,,"mixed -> chop (er=0.07, net +3t over 14s)"
663.585,188,place,CNR,BUY,1500,159.8400,3250,quote
663.585,188,place,CNR,SELL,3000,159.9300,3250,quote
663.826,188,fill,CNR,SELL,2500,159.9000,750,mode=mm
663.827,188,regime,CNR,,,,,"3 stop-outs in 85s -> toxic flow: half size, no stepping inside for 30s"
663.827,188,stop,CNR,SELL,750,159.7400,750,loss=10.0t stop=8.9t trend_against=False
663.828,188,place,CNR,SELL,750,159.7400,750,agg
664.043,188,fill,CNR,BUY,750,159.8150,1500,mode=mm
664.045,188,place,CNR,SELL,1300,159.8300,1500,quote
664.045,188,place,CNR,BUY,1500,155.2000,1500,ladder
664.045,188,place,CNR,SELL,1500,164.8000,1500,ladder
664.045,188,place,CNR,BUY,1500,147.2000,1500,ladder
664.045,188,place,CNR,SELL,1500,172.8000,1500,ladder
664.045,188,place,CNR,BUY,2000,136.0000,1500,ladder
664.045,188,place,CNR,SELL,2000,184.0000,1500,ladder
664.376,188,fill,CNR,SELL,1300,159.8150,200,mode=mm
664.377,188,place,CNR,SELL,700,160.0600,200,quote
664.627,188,fill,CNR,SELL,700,160.0350,-500,mode=mm
664.628,188,fill,AC,BUY,100,25.0550,-1202,mode=mm
664.628,188,place,CNR,BUY,500,159.9500,-500,quote
664.859,188,fill,CNR,BUY,500,160.0450,0,mode=mm
664.871,188,place,CNR,SELL,700,159.9400,0,quote
665.117,188,fill,CNR,SELL,700,159.8800,-700,mode=mm
665.117,188,regime,CNR,,,,,"chop -> mixed (er=0.32, net +28t over 14s)"
665.117,188,stop,CNR,BUY,700,160.2200,-700,loss=19.0t stop=18.4t trend_against=False
665.118,188,place,CNR,BUY,700,160.2200,-700,agg
665.408,188,fill,CNR,BUY,700,160.1450,0,mode=mm
665.410,188,regime,CNR,,,,,"mixed -> chop (er=0.08, net -10t over 14s)"
665.410,188,place,CNR,BUY,1500,155.1900,0,ladder
665.410,188,place,CNR,SELL,1500,164.7900,0,ladder
665.410,188,place,CNR,BUY,1500,147.1900,0,ladder
665.410,188,place,CNR,SELL,1500,172.7900,0,ladder
665.410,188,place,CNR,BUY,2000,135.9900,0,ladder
665.410,188,place,CNR,SELL,2000,183.9900,0,ladder
667.091,188,place,CNR,BUY,1200,159.7300,0,quote
667.400,188,place,CNR,BUY,1200,159.7400,0,quote
667.670,188,fill,CNR,BUY,2400,159.7600,2400,mode=mm
667.672,188,place,CNR,BUY,800,159.6800,2400,quote
667.672,188,place,CNR,SELL,1400,159.7400,2400,quote
668.125,189,fill,CNR,BUY,800,159.7150,3200,mode=mm
668.127,189,place,CNR,BUY,700,159.6500,3200,quote
668.127,189,place,CNR,SELL,1500,159.6900,3200,quote
668.395,189,fill,CNR,SELL,1656,159.6750,1544,mode=mm
668.397,189,place,CNR,BUY,600,159.7500,1544,quote
668.397,189,place,CNR,SELL,800,159.9200,1544,quote
668.671,189,fill,CNR,BUY,600,159.8400,2144,mode=mm
668.673,189,place,CNR,BUY,900,159.6200,2144,quote
668.673,189,place,CNR,SELL,1400,159.6600,2144,quote
668.912,189,fill,CNR,SELL,2200,159.6450,-56,mode=mm
668.912,189,place,CNR,BUY,1200,159.9300,-56,quote
668.912,189,place,CNR,SELL,1200,159.9800,-56,quote
669.216,189,fill,CNR,BUY,2100,159.9450,2044,mode=mm
669.218,189,place,CNR,BUY,900,159.5800,2044,quote
669.218,189,place,CNR,SELL,1400,159.6300,2044,quote
669.529,189,place,CNR,BUY,900,159.5900,2044,quote
669.710,189,fill,CNR,SELL,1400,159.6150,644,mode=mm
669.711,189,place,CNR,BUY,600,159.7200,644,quote
669.711,189,place,CNR,SELL,700,159.9200,644,quote
669.911,189,place,CNR,BUY,1100,159.8600,644,quote
669.911,189,place,CNR,SELL,1300,159.9400,644,quote
670.118,189,place,CNR,BUY,1100,159.9200,644,quote
670.118,189,place,CNR,SELL,1300,159.9800,644,quote
670.507,189,fill,CNR,SELL,1300,159.9400,-656,mode=mm
670.508,189,place,CNR,BUY,1300,159.9500,-656,quote
670.508,189,place,CNR,SELL,1100,160.0100,-656,quote
670.691,189,place,CNR,BUY,1300,159.9600,-656,quote
670.776,189,place,CNR,SELL,1100,160.0000,-656,quote
670.855,189,place,CNR,BUY,1300,159.9500,-656,quote
671.212,189,fill,CNR,SELL,1100,159.9700,-1756,mode=mm
671.215,189,place,CNR,BUY,1400,159.9900,-1756,quote
671.215,189,place,CNR,SELL,900,160.0500,-1756,quote
671.318,189,place,CNR,BUY,800,160.0200,-1756,quote
671.318,189,place,CNR,SELL,500,160.0400,-1756,quote
671.428,189,fill,CNR,SELL,900,160.0700,-2656,mode=mm
671.429,190,place,CNR,BUY,1400,160.1400,-2656,quote
671.429,190,place,CNR,SELL,800,160.2000,-2656,quote
671.778,190,fill,CNR,BUY,3100,160.1550,444,mode=mm
671.781,190,place,CNR,BUY,1100,159.8700,444,quote
671.950,190,place,CNR,BUY,1100,159.9500,444,quote
671.950,190,place,CNR,SELL,1200,159.9900,444,quote
672.214,190,fill,CNR,SELL,1200,159.9700,-756,mode=mm
672.214,190,place,CNR,BUY,1300,159.9900,-756,quote
672.214,190,place,CNR,SELL,1100,160.1000,-756,quote
672.513,190,fill,CNR,BUY,2400,160.0400,1644,mode=mm
672.515,190,place,CNR,BUY,900,159.8900,1644,quote
672.515,190,place,CNR,SELL,1300,159.9500,1644,quote
672.690,190,place,CNR,BUY,900,159.9100,1644,quote
672.690,190,place,CNR,SELL,1300,159.9400,1644,quote
672.963,190,fill,CNR,SELL,1300,159.9250,344,mode=mm
672.964,190,place,CNR,BUY,1100,159.9400,344,quote
673.321,190,fill,CNR,BUY,2000,159.9650,2344,mode=mm
673.324,190,place,CNR,BUY,800,159.8600,2344,quote
673.324,190,place,CNR,SELL,1400,159.9100,2344,quote
673.487,190,place,CNR,SELL,1400,159.9000,2344,quote
673.605,190,place,CNR,BUY,800,159.8700,2344,quote
673.672,190,place,CNR,BUY,800,159.8600,2344,quote
674.036,190,fill,CNR,SELL,1400,159.8800,944,mode=mm
674.038,190,place,CNR,BUY,1000,159.9000,944,quote
674.038,190,place,CNR,SELL,1300,159.9600,944,quote
674.800,190,fill,CNR,SELL,1300,159.9300,-356,mode=mm
674.802,190,place,CNR,BUY,1200,159.9600,-356,quote
674.802,190,place,CNR,SELL,1100,159.9900,-356,quote
675.262,190,fill,CNR,SELL,1100,159.9750,-1456,mode=mm
675.262,190,place,CNR,SELL,1000,159.9900,-1456,quote
675.545,190,fill,CNR,SELL,1000,159.9750,-2456,mode=mm
675.546,190,place,CNR,BUY,1400,159.9900,-2456,quote
675.546,190,place,CNR,SELL,800,160.1000,-2456,quote
675.821,191,place,CNR,BUY,1400,160.0000,-2456,quote
676.045,191,fill,CNR,SELL,800,160.0450,-3256,mode=mm
676.048,191,place,CNR,BUY,1500,160.0100,-3256,quote
676.048,191,place,CNR,SELL,700,160.1300,-3256,quote
676.303,191,fill,CNR,SELL,700,160.0650,-3956,mode=mm
676.305,191,place,CNR,BUY,1600,160.1200,-3956,quote
676.305,191,place,CNR,SELL,700,160.2000,-3956,quote
676.495,191,place,CNR,BUY,1600,160.1300,-3956,quote
676.659,191,place,CNR,SELL,700,160.1900,-3956,quote
676.850,191,fill,CNR,SELL,700,160.1550,-4656,mode=mm
676.852,191,place,CNR,BUY,1600,160.1800,-4656,quote
676.852,191,place,CNR,SELL,600,160.2400,-4656,quote
677.091,191,place,CNR,SELL,600,160.2300,-4656,quote
677.628,191,fill,CNR,BUY,1600,160.1950,-3056,mode=mm
677.630,191,place,CNR,BUY,900,160.0400,-3056,quote
677.663,191,place,CNR,SELL,400,160.1300,-3056,quote
677.837,191,place,CNR,BUY,1500,160.0800,-3056,quote
677.837,191,place,CNR,SELL,800,160.1700,-3056,quote
678.069,191,fill,CNR,BUY,900,160.1250,-2156,mode=mm
678.070,191,place,CNR,SELL,900,160.1100,-2156,quote
678.579,191,fill,CNR,BUY,500,160.0950,-1656,mode=mm
679.242,191,fill,CNR,SELL,900,160.0950,-2556,mode=mm
679.243,191,place,CNR,SELL,800,160.1100,-2556,quote
679.807,192,fill,CNR,BUY,1000,160.0950,-1556,mode=mm
679.809,192,place,CNR,BUY,1300,160.0700,-1556,quote
680.035,192,place,CNR,SELL,1000,160.1000,-1556,quote
680.566,192,fill,CNR,BUY,1300,160.0850,-256,mode=mm
680.567,192,place,CNR,BUY,1200,160.0700,-256,quote
680.865,192,fill,CNR,BUY,1200,160.0850,944,mode=mm
680.866,192,place,CNR,BUY,1000,159.9300,944,quote
680.866,192,place,CNR,SELL,1300,160.0100,944,quote
681.070,192,place,CNR,BUY,1000,159.9200,944,quote
681.070,192,place,CNR,SELL,1300,159.9700,944,quote
681.346,192,place,CNR,BUY,1000,159.8900,944,quote
681.346,192,place,CNR,SELL,1300,159.9600,944,quote
681.599,192,place,CNR,SELL,1300,159.9500,944,quote
681.817,192,place,CNR,SELL,1300,159.9400,944,quote
681.917,192,place,CNR,BUY,1000,159.9000,944,quote
682.120,192,place,CNR,BUY,1000,159.8700,944,quote
682.163,192,place,CNR,BUY,1000,159.8800,944,quote
682.608,192,fill,CNR,SELL,300,159.9150,644,mode=mm
682.609,192,place,CNR,SELL,1300,159.9500,644,quote
682.708,192,place,CNR,BUY,1100,159.8900,644,quote
682.844,192,place,CNR,BUY,1100,159.8800,644,quote
682.844,192,place,CNR,SELL,1300,159.9400,644,quote
682.921,192,place,CNR,BUY,1100,159.8900,644,quote
683.207,192,stop,CNR,SELL,644,159.8500,644,loss=11.0t stop=10.2t trend_against=False
683.209,192,place,CNR,SELL,644,159.8500,644,agg
683.421,192,fill,CNR,SELL,644,159.9050,0,mode=mm
683.423,192,place,CNR,SELL,1200,159.9300,0,quote
683.423,192,place,CNR,BUY,1500,155.1900,0,ladder
683.423,192,place,CNR,SELL,1500,164.7900,0,ladder
683.423,192,place,CNR,BUY,1500,147.1900,0,ladder
683.423,192,place,CNR,SELL,1500,172.7900,0,ladder
683.423,192,place,CNR,BUY,2000,135.9900,0,ladder
683.423,192,place,CNR,SELL,2000,183.9900,0,ladder
683.628,193,place,CNR,SELL,1200,159.9200,0,quote
683.905,193,place,CNR,SELL,1200,159.9100,0,quote
684.166,193,place,CNR,SELL,1200,159.9000,0,quote
685.928,193,fill,RY,SELL,2500,100.0050,-629,mode=mm
685.929,193,place,RY,SELL,2200,100.0100,-629,quote
686.574,193,fill,CNR,SELL,1200,159.8800,-1200,mode=mm
686.575,193,place,CNR,SELL,1000,159.9100,-1200,quote
686.756,193,place,CNR,SELL,1000,159.9000,-1200,quote
687.025,193,place,CNR,SELL,1000,159.8900,-1200,quote
688.000,194,place,CNR,SELL,1000,159.8700,-1200,quote
688.522,194,place,CNR,SELL,1000,159.8500,-1200,quote
689.252,194,fill,AC,BUY,2600,25.0550,1398,mode=mm
689.253,194,place,AC,BUY,2000,25.0500,1398,quote
689.539,194,regime,CNR,,,,,"chop -> mixed (er=0.38, net -21t over 14s)"
689.819,194,fill,CNR,SELL,1000,159.8350,-2200,mode=mm
689.820,194,stop,CNR,BUY,2200,159.8700,-2200,loss=7.3t stop=5.0t trend_against=False
689.821,194,place,CNR,BUY,2200,159.8700,-2200,agg
690.144,194,fill,CNR,BUY,2200,159.8350,0,mode=mm
690.145,194,place,CNR,BUY,1500,155.0900,0,ladder
690.145,194,place,CNR,SELL,1500,164.6800,0,ladder
690.145,194,place,CNR,BUY,1500,147.1000,0,ladder
690.145,194,place,CNR,SELL,1500,172.6800,0,ladder
690.145,194,place,CNR,BUY,2000,135.9000,0,ladder
690.145,194,place,CNR,SELL,2000,183.8700,0,ladder
690.836,194,place,CNR,BUY,1200,159.8900,0,quote
691.078,194,place,CNR,BUY,1200,159.9100,0,quote
691.104,194,regime,CNR,,,,,"mixed -> TREND (er=0.50, net -25t over 14s)"
691.302,195,place,CNR,BUY,1200,159.9200,0,quote
691.402,195,place,CNR,BUY,1200,159.9300,0,quote
691.624,195,place,CNR,BUY,1200,159.9400,0,quote
691.834,195,place,CNR,BUY,1200,159.9600,0,quote
691.921,195,regime,CNR,,,,,"TREND -> mixed (er=0.31, net -14t over 14s)"
692.673,195,fill,CNR,BUY,1200,159.9800,1200,mode=mm
692.673,195,place,CNR,BUY,1000,159.9600,1200,quote
692.673,195,place,CNR,SELL,1200,159.9900,1200,quote
694.893,195,regime,CNR,,,,,"mixed -> chop (er=0.02, net -1t over 14s)"
696.401,196,place,CNR,BUY,2100,159.9700,1200,quote
696.401,196,place,CNR,SELL,2700,159.9800,1200,quote
696.401,196,place,CNR,BUY,1500,155.1500,1200,ladder
696.401,196,place,CNR,SELL,1500,164.7500,1200,ladder
696.401,196,place,CNR,BUY,1500,147.1500,1200,ladder
696.401,196,place,CNR,SELL,1500,172.7500,1200,ladder
696.401,196,place,CNR,BUY,2000,135.9600,1200,ladder
696.401,196,place,CNR,SELL,2000,183.9400,1200,ladder
696.721,196,fill,CNR,SELL,2700,159.9800,-1500,mode=mm
696.723,196,place,CNR,BUY,2700,159.9800,-1500,quote
696.723,196,place,CNR,SELL,2000,159.9900,-1500,quote
697.019,196,regime,CNR,,,,,"chop -> mixed (er=0.27, net +7t over 14s)"
697.417,196,fill,CNR,SELL,700,159.9850,-2200,mode=mm
697.921,196,fill,CNR,SELL,1300,159.9850,-3500,mode=mm
697.922,196,place,CNR,SELL,1500,159.9900,-3500,quote
698.925,196,fill,CNR,BUY,595,159.9850,-2905,mode=mm
699.203,196,fill,CNR,SELL,588,159.9850,-3493,mode=mm
699.428,197,fill,CNR,SELL,912,159.9850,-4405,mode=mm
699.430,197,place,CNR,SELL,1300,160.0000,-4405,quote
699.741,197,fill,CNR,SELL,1300,159.9850,-5705,mode=mm
699.743,197,place,CNR,BUY,3500,160.0000,-5705,quote
699.743,197,place,CNR,SELL,1100,160.0100,-5705,quote
699.998,197,fill,CNR,BUY,3500,159.9950,-2205,mode=mm
700.154,197,regime,CNR,,,,,"mixed -> TREND (er=0.52, net +12t over 14s)"
700.246,197,place,CNR,BUY,2800,160.0100,-2205,quote
700.246,197,place,CNR,SELL,1800,160.0200,-2205,quote
700.246,197,place,CNR,BUY,1500,155.1700,-2205,ladder
700.246,197,place,CNR,SELL,1500,164.7700,-2205,ladder
700.246,197,place,CNR,BUY,1500,147.1800,-2205,ladder
700.246,197,place,CNR,SELL,1500,172.7700,-2205,ladder
700.246,197,place,CNR,BUY,2000,135.9800,-2205,ladder
700.246,197,place,CNR,SELL,700,183.9700,-2205,ladder
700.405,197,place,CNR,BUY,200,159.9900,-2205,quote
700.405,197,place,CNR,SELL,900,160.0300,-2205,quote
700.530,197,fill,CNR,SELL,1800,160.0100,-4005,mode=mm
701.262,197,fill,CNR,SELL,900,160.0150,-4905,mode=mm
701.274,197,place,CNR,BUY,1600,160.0000,-4905,quote
701.274,197,place,CNR,SELL,600,160.0600,-4905,quote
701.488,197,place,CNR,BUY,1600,160.0100,-4905,quote
701.728,197,place,CNR,BUY,1600,160.0200,-4905,quote
702.486,197,place,CNR,SELL,600,160.0700,-4905,quote
702.765,197,place,CNR,BUY,1600,160.0300,-4905,quote
703.048,197,place,CNR,SELL,600,160.0800,-4905,quote
703.271,197,regime,CNR,,,,,"3 stop-outs in 85s -> toxic flow: half size, no stepping inside for 30s"
703.271,197,stop,CNR,BUY,4905,160.1000,-4905,loss=5.2t stop=5.0t trend_against=False
703.274,197,place,CNR,BUY,4905,160.1000,-4905,agg
703.528,198,fill,CNR,BUY,4905,160.0550,0,mode=mm
703.530,198,place,CNR,BUY,1200,160.0400,0,quote
703.530,198,place,CNR,BUY,1500,155.2100,0,ladder
703.530,198,place,CNR,SELL,1500,164.8100,0,ladder
703.530,198,place,CNR,BUY,900,147.2100,0,ladder
703.530,198,place,CNR,SELL,1500,172.8100,0,ladder
703.530,198,place,CNR,BUY,200,136.0100,0,ladder
703.530,198,place,CNR,SELL,2000,184.0100,0,ladder
704.560,198,place,CNR,BUY,1200,160.0500,0,quote
704.826,198,place,CNR,BUY,1200,160.0600,0,quote
705.050,198,place,CNR,BUY,1200,160.0700,0,quote
706.342,198,place,CNR,BUY,1200,160.0800,0,quote
708.349,199,place,CNR,BUY,1200,160.0900,0,quote
709.406,199,place,CNR,BUY,1200,160.1000,0,quote
709.953,199,place,CNR,BUY,1200,160.1100,0,quote
710.207,199,place,CNR,BUY,1200,160.1200,0,quote
710.699,199,place,CNR,BUY,1200,160.1300,0,quote
711.028,199,place,CNR,BUY,1200,160.1400,0,quote
711.179,199,place,CNR,BUY,1200,160.1500,0,quote
711.433,199,place,CNR,BUY,1200,160.1600,0,quote
712.172,200,fill,RY,SELL,2200,100.0050,-2829,mode=mm
712.174,200,place,RY,BUY,3000,100.0100,-2829,quote
712.174,200,place,RY,SELL,1600,100.0200,-2829,quote
712.327,200,regime,RY,,,,,"chop -> mixed (er=1.00, net +1t over 14s)"
712.460,200,fill,RY,SELL,1600,100.0150,-4429,mode=mm
712.462,200,place,RY,BUY,3200,100.0200,-4429,quote
712.462,200,place,RY,SELL,1300,100.0400,-4429,quote
712.701,200,place,RY,BUY,3200,100.0300,-4429,quote
712.701,200,place,RY,SELL,1300,100.0500,-4429,quote
712.926,200,fill,RY,SELL,1300,100.0350,-5729,mode=mm
712.949,200,place,RY,BUY,3500,100.0400,-5729,quote
712.949,200,place,RY,SELL,1100,100.0700,-5729,quote
713.037,200,place,RY,SELL,1100,100.0600,-5729,quote
713.180,200,fill,RY,SELL,1300,100.0450,-7029,mode=mm
713.181,200,place,RY,BUY,3700,100.0500,-7029,quote
713.181,200,place,RY,SELL,900,100.0800,-7029,quote
713.316,200,place,RY,SELL,500,100.0700,-7029,quote
713.433,200,place,RY,BUY,2200,100.0600,-7029,quote
713.716,200,stop,RY,BUY,5000,100.1200,-7029,loss=5.5t stop=5.0t trend_against=False
713.717,200,place,RY,BUY,5000,100.1200,-7029,agg
713.942,200,fill,RY,BUY,5000,100.0750,-2029,mode=mm
714.204,200,place,CNR,BUY,1200,160.1700,0,quote
714.738,200,stop,RY,BUY,2029,100.1700,-2029,loss=6.5t stop=5.0t trend_against=False
714.739,200,place,RY,BUY,2029,100.1700,-2029,agg
714.960,200,fill,RY,BUY,2029,100.1150,0,mode=mm
714.961,200,place,RY,BUY,2500,100.1200,0,quote
715.040,200,regime,RY,,,,,"mixed -> TREND (er=1.00, net +12t over 14s)"
715.221,200,place,RY,BUY,2500,100.1300,0,quote
715.310,200,place,RY,BUY,1200,100.1200,0,quote
715.767,201,place,RY,BUY,1200,100.1400,0,quote
716.028,201,place,RY,BUY,400,100.1500,0,quote
716.287,201,place,RY,BUY,1200,100.1600,0,quote
716.447,201,place,RY,BUY,1200,100.1700,0,quote
716.742,201,place,RY,BUY,1200,100.1800,0,quote
716.981,201,place,RY,BUY,1200,100.1900,0,quote
717.274,201,place,RY,BUY,1200,100.2000,0,quote
717.490,201,place,RY,BUY,1200,100.2100,0,quote
717.788,201,place,RY,BUY,1200,100.2200,0,quote
718.013,201,place,CNR,BUY,1200,160.1600,0,quote
718.013,201,place,RY,BUY,1200,100.2300,0,quote
718.299,201,place,CNR,BUY,1200,160.1500,0,quote
718.299,201,place,RY,BUY,1200,100.2400,0,quote
718.626,201,fill,CNR,BUY,1200,160.1800,1200,mode=mm
718.628,201,place,CNR,BUY,1000,160.1600,1200,quote
718.628,201,place,RY,BUY,1200,100.2500,0,quote
718.844,201,fill,CNR,BUY,1000,160.1850,2200,mode=mm
718.846,201,place,CNR,BUY,900,160.1500,2200,quote
718.846,201,place,RY,BUY,1200,100.2600,0,quote
719.040,201,place,CNR,BUY,900,160.1400,2200,quote
719.040,201,place,RY,BUY,1200,100.2700,0,quote
719.301,201,place,CNR,BUY,900,160.1500,2200,quote
719.301,201,place,RY,BUY,1200,100.2800,0,quote
719.544,202,place,RY,BUY,1200,100.2900,0,quote
719.695,202,place,CNR,SELL,1400,160.1800,2200,quote
719.815,202,place,RY,BUY,1200,100.3000,0,quote
720.084,202,fill,CNR,BUY,900,160.1650,3100,mode=mm
720.085,202,place,CNR,BUY,800,160.1500,3100,quote
720.085,202,place,RY,BUY,1200,100.3100,0,quote
720.337,202,fill,CNR,BUY,800,160.1650,3900,mode=mm
720.339,202,place,CNR,BUY,700,160.1300,3900,quote
720.339,202,place,CNR,SELL,1500,160.1700,3900,quote
720.339,202,place,RY,BUY,1200,100.3200,0,quote
720.395,202,regime,CNR,,,,,"TREND -> mixed (er=0.35, net +5t over 14s)"
720.570,202,place,CNR,BUY,700,160.1200,3900,quote
720.570,202,place,CNR,SELL,1500,160.1500,3900,quote
720.570,202,place,RY,BUY,700,100.3300,0,quote
720.664,202,regime,CNR,,,,,"mixed -> chop (er=0.24, net +4t over 14s)"
720.862,202,place,RY,BUY,1200,100.3400,0,quote
721.096,202,place,RY,BUY,1200,100.3500,0,quote
721.324,202,place,RY,BUY,1200,100.3600,0,quote
721.567,202,place,RY,BUY,1200,100.3700,0,quote
721.856,202,fill,CNR,SELL,1500,160.1350,2400,mode=mm
721.858,202,place,CNR,SELL,1400,160.2400,2400,quote
721.858,202,place,RY,BUY,1200,100.3800,0,quote
721.967,202,regime,CNR,,,,,"chop -> mixed (er=0.38, net +8t over 14s)"
721.993,202,place,CNR,SELL,1400,160.2300,2400,quote
722.104,202,place,CNR,BUY,800,160.1600,2400,quote
722.104,202,place,RY,BUY,1200,100.3900,0,quote
722.359,202,place,CNR,BUY,800,160.1700,2400,quote
722.359,202,place,RY,BUY,1200,100.4000,0,quote
722.597,202,place,CNR,BUY,800,160.1800,2400,quote
722.597,202,place,CNR,SELL,1400,160.2300,2400,quote
722.597,202,place,RY,BUY,1200,100.4100,0,quote
722.740,202,place,CNR,SELL,1400,160.2200,2400,quote
722.890,202,place,CNR,BUY,800,160.1900,2400,quote
722.890,202,place,RY,BUY,1200,100.4200,0,quote
723.138,202,place,CNR,SELL,1400,160.2300,2400,quote
723.138,202,place,RY,BUY,1200,100.4300,0,quote
723.333,202,place,CNR,BUY,800,160.2000,2400,quote
723.333,202,place,RY,BUY,1200,100.4400,0,quote
723.688,203,place,RY,BUY,1200,100.4500,0,quote
723.885,203,place,RY,BUY,1200,100.4600,0,quote
724.195,203,fill,CNR,BUY,800,160.2200,3200,mode=mm
724.197,203,place,CNR,BUY,700,160.2100,3200,quote
724.197,203,place,CNR,SELL,1500,160.2400,3200,quote
724.197,203,place,RY,BUY,1200,100.4700,0,quote
724.435,203,place,RY,BUY,1200,100.4800,0,quote
724.636,203,place,RY,BUY,1200,100.4900,0,quote
724.843,203,place,RY,BUY,1200,100.5000,0,quote
725.145,203,fill,CNR,BUY,700,160.2250,3900,mode=mm
725.146,203,place,CNR,BUY,700,160.1100,3900,quote
725.146,203,place,RY,BUY,1200,100.5100,0,quote
725.255,203,place,CNR,BUY,700,160.1200,3900,quote
725.280,203,regime,CNR,,,,,"mixed -> chop (er=0.02, net +0t over 14s)"
725.387,203,place,CNR,BUY,700,160.1600,3900,quote
725.387,203,place,CNR,SELL,1500,160.2200,3900,quote
725.387,203,place,RY,BUY,1200,100.5300,0,quote
725.676,203,fill,CNR,BUY,700,160.1900,4600,mode=mm
725.679,203,place,CNR,BUY,600,160.1000,4600,quote
725.679,203,place,CNR,SELL,1600,160.2100,4600,quote
725.679,203,place,RY,BUY,1200,100.5400,0,quote
725.938,203,place,CNR,SELL,1600,160.2000,4600,quote
725.938,203,place,RY,BUY,1200,100.5500,0,quote
726.145,203,place,CNR,SELL,1600,160.1800,4600,quote
726.145,203,place,RY,BUY,1200,100.5600,0,quote
726.408,203,place,CNR,SELL,1600,160.1700,4600,quote
726.408,203,place,RY,BUY,1200,100.5700,0,quote
726.709,203,place,CNR,BUY,600,160.0900,4600,quote
726.709,203,place,CNR,SELL,1600,160.1500,4600,quote
726.709,203,place,RY,BUY,1200,100.5800,0,quote
726.953,203,place,CNR,SELL,1600,160.1400,4600,quote
726.953,203,place,RY,BUY,700,100.5900,0,quote
727.005,203,stop,CNR,SELL,4600,160.0800,4600,loss=5.2t stop=5.0t trend_against=False
727.005,203,place,CNR,SELL,4600,160.0800,4600,agg
727.297,203,fill,CNR,SELL,4600,160.1250,0,mode=mm
727.659,204,place,CNR,SELL,1200,160.1200,0,quote
727.659,204,place,RY,BUY,700,100.6400,0,quote
727.659,204,place,CNR,BUY,1500,155.3600,0,ladder
727.659,204,place,CNR,SELL,300,164.9700,0,ladder
727.659,204,place,CNR,BUY,1500,147.3500,0,ladder
727.659,204,place,CNR,SELL,100,172.9800,0,ladder
727.659,204,place,CNR,BUY,2000,136.1400,0,ladder
727.918,204,regime,CNR,,,,,"chop -> mixed (er=0.27, net -9t over 14s)"
727.920,204,place,CNR,SELL,1200,160.1100,0,quote
727.920,204,place,RY,BUY,1200,100.6500,0,quote
727.920,204,place,CNR,SELL,400,184.1900,0,ladder
728.193,204,place,CNR,SELL,1200,160.1000,0,quote
728.193,204,place,RY,BUY,1200,100.6600,0,quote
728.261,204,place,RY,BUY,1200,100.6700,0,quote
728.514,204,place,CNR,SELL,1200,160.0900,0,quote
728.514,204,place,RY,BUY,1200,100.6800,0,quote
728.765,204,place,CNR,SELL,1200,160.0800,0,quote
728.765,204,place,RY,BUY,1200,100.6900,0,quote
728.985,204,place,CNR,SELL,1200,160.0700,0,quote
728.985,204,place,RY,BUY,400,100.7100,0,quote
729.278,204,place,RY,BUY,100,100.7400,0,quote
729.324,204,place,CNR,SELL,1200,160.0600,0,quote
729.539,204,place,RY,BUY,1200,100.7700,0,quote
729.775,204,place,CNR,SELL,1200,160.0700,0,quote
729.775,204,place,RY,BUY,1200,100.7900,0,quote
730.066,204,fill,CNR,SELL,1200,160.0500,-1200,mode=mm
730.069,204,place,RY,BUY,1200,100.8000,0,quote
730.328,204,fill,CNR,SELL,1200,160.0550,-2400,mode=mm
730.329,204,stop,CNR,BUY,2400,160.2200,-2400,loss=9.5t stop=5.0t trend_against=False
730.330,204,place,CNR,BUY,2400,160.2200,-2400,agg
730.330,204,place,RY,BUY,1200,100.8200,0,quote
730.579,204,fill,CNR,BUY,2400,160.1200,0,mode=mm
730.582,204,regime,CNR,,,,,"mixed -> chop (er=0.07, net -4t over 14s)"
730.582,204,place,CNR,BUY,1200,160.1200,0,quote
730.582,204,place,RY,BUY,1200,100.8300,0,quote
730.582,204,place,CNR,BUY,1500,155.3100,0,ladder
730.582,204,place,CNR,SELL,1500,164.9200,0,ladder
730.582,204,place,CNR,BUY,1500,147.3100,0,ladder
730.582,204,place,CNR,SELL,1500,172.9300,0,ladder
730.582,204,place,CNR,BUY,2000,136.1000,0,ladder
730.582,204,place,CNR,SELL,2000,184.1400,0,ladder
730.789,204,place,CNR,BUY,200,160.1400,0,quote
731.030,204,place,RY,BUY,1200,100.8500,0,quote
731.260,204,place,CNR,BUY,1200,160.1500,0,quote
731.566,204,place,RY,BUY,1200,100.9300,0,quote
731.812,205,place,CNR,BUY,1200,160.1800,0,quote
731.812,205,place,RY,BUY,1200,100.9700,0,quote
732.080,205,place,CNR,BUY,1200,160.1900,0,quote
732.080,205,place,RY,BUY,1200,100.9900,0,quote
732.329,205,place,RY,BUY,1200,101.0000,0,quote
732.568,205,place,CNR,BUY,1200,160.2000,0,quote
732.568,205,place,RY,BUY,1200,101.0500,0,quote
732.844,205,fill,AC,BUY,376,25.0550,1774,mode=mm
732.844,205,place,CNR,BUY,1200,160.2100,0,quote
732.925,205,place,RY,BUY,1200,101.0700,0,quote
733.112,205,fill,AC,BUY,1000,25.0550,2774,mode=mm
733.113,205,place,CNR,BUY,1200,160.2200,0,quote
733.113,205,place,RY,BUY,1200,101.0900,0,quote
733.347,205,fill,AC,BUY,251,25.0550,3025,mode=mm
733.388,205,place,CNR,BUY,1500,160.2500,0,quote
733.388,205,place,RY,BUY,700,101.1300,0,quote
733.388,205,place,AC,BUY,100,25.0500,3025,quote
733.581,205,place,RY,BUY,100,101.1500,0,quote
733.648,205,place,AC,BUY,900,25.0500,3025,quote
733.830,205,place,RY,BUY,1200,101.1600,0,quote
734.090,205,place,RY,BUY,1200,101.1800,0,quote
734.340,205,place,RY,BUY,1200,101.1900,0,quote
734.575,205,place,RY,BUY,1200,101.2300,0,quote
734.866,205,place,CNR,BUY,2500,160.2400,0,quote
734.866,205,place,CNR,BUY,1500,155.3800,0,ladder
734.866,205,place,CNR,SELL,1500,164.9900,0,ladder
734.866,205,place,CNR,BUY,1500,147.3700,0,ladder
734.866,205,place,CNR,SELL,1500,173.0000,0,ladder
734.866,205,place,CNR,BUY,2000,136.1600,0,ladder
734.866,205,place,CNR,SELL,2000,184.2100,0,ladder
734.939,205,place,RY,BUY,1200,101.2500,0,quote
735.146,205,fill,CNR,BUY,2500,160.2400,2500,mode=mm
735.146,205,place,CNR,BUY,1700,160.2300,2500,quote
735.146,205,place,RY,BUY,1200,101.2700,0,quote
735.324,205,place,RY,BUY,400,101.2800,0,quote
735.372,206,place,RY,BUY,1200,101.3000,0,quote
735.632,206,fill,CNR,BUY,1582,160.2350,4082,mode=mm
735.947,206,place,CNR,BUY,700,160.2300,4082,quote
735.947,206,place,CNR,SELL,3200,160.2400,4082,quote
735.947,206,place,RY,BUY,100,101.3200,0,quote
736.147,206,fill,CNR,BUY,700,160.2350,4782,mode=mm
736.148,206,regime,CNR,,,,,"3 stop-outs in 85s -> toxic flow: half size, no stepping inside for 30s"
736.148,206,stop,CNR,SELL,4782,160.1200,4782,loss=6.5t stop=5.0t trend_against=False
736.150,206,place,CNR,SELL,4782,160.1200,4782,agg
736.150,206,place,RY,BUY,400,101.3400,0,quote
736.447,206,fill,CNR,SELL,4782,160.1850,0,mode=mm
736.450,206,place,CNR,SELL,1200,160.2000,0,quote
736.450,206,place,RY,BUY,1200,101.3900,0,quote
736.450,206,place,CNR,BUY,1500,155.3900,0,ladder
736.450,206,place,CNR,SELL,500,165.0000,0,ladder
736.450,206,place,CNR,BUY,1500,147.3800,0,ladder
736.450,206,place,CNR,SELL,100,173.0100,0,ladder
736.450,206,place,CNR,BUY,1200,136.1700,0,ladder
736.576,206,place,CNR,SELL,1200,184.2300,0,ladder
736.862,206,place,RY,BUY,1200,101.4100,0,quote
736.940,206,place,RY,BUY,400,101.4300,0,quote
737.367,206,place,RY,BUY,1200,101.4700,0,quote
737.407,206,place,RY,BUY,1200,101.4800,0,quote
737.672,206,place,RY,BUY,1200,101.5100,0,quote
737.929,206,place,RY,BUY,1200,101.5400,0,quote
738.226,206,place,RY,BUY,1200,101.5500,0,quote
738.463,206,place,RY,BUY,1200,101.5600,0,quote
738.699,206,place,RY,BUY,1200,101.5700,0,quote
738.990,206,place,RY,BUY,1200,101.6100,0,quote
739.244,206,place,RY,BUY,1200,101.6200,0,quote
739.321,206,place,RY,BUY,1200,101.6300,0,quote
739.359,206,place,CNR,BUY,1200,160.1400,0,quote
739.510,206,place,CNR,BUY,1200,160.1300,0,quote
739.510,206,place,CNR,SELL,1200,160.1600,0,quote
739.510,206,place,RY,BUY,1200,101.6500,0,quote
739.825,207,fill,CNR,BUY,2400,160.1450,2400,mode=mm
739.829,207,place,RY,BUY,1200,101.6900,0,quote
740.013,207,place,CNR,BUY,800,160.0200,2400,quote
740.013,207,place,CNR,SELL,1400,160.1400,2400,quote
740.013,207,place,RY,BUY,1200,101.7000,0,quote
740.013,207,place,CNR,BUY,900,155.3800,2400,ladder
740.013,207,place,CNR,SELL,1500,164.9900,2400,ladder
740.013,207,place,CNR,BUY,100,147.3700,2400,ladder
740.013,207,place,CNR,SELL,1500,173.0000,2400,ladder
740.013,207,place,CNR,BUY,100,136.1500,2400,ladder
740.013,207,place,CNR,SELL,2000,184.2100,2400,ladder
740.207,207,place,CNR,BUY,800,160.0300,2400,quote
740.296,207,stop,CNR,SELL,2400,159.9800,2400,loss=9.5t stop=5.3t trend_against=False
740.297,207,place,CNR,SELL,2400,159.9800,2400,agg
740.297,207,place,RY,BUY,400,101.7500,0,quote
740.590,207,fill,CNR,BUY,500,160.0800,2900,mode=mm
740.592,207,place,CNR,SELL,500,159.9100,2900,agg
740.592,207,place,RY,BUY,700,101.7900,0,quote
740.790,207,fill,CNR,SELL,2600,160.0250,300,mode=mm
741.035,207,place,RY,BUY,1200,101.9500,0,quote
741.035,207,place,RY,BUY,1500,98.3800,0,ladder
741.035,207,place,RY,SELL,1500,104.4700,0,ladder
741.035,207,place,RY,BUY,1500,93.3100,0,ladder
741.035,207,place,RY,SELL,1500,109.5400,0,ladder
741.035,207,place,RY,BUY,2000,86.2100,0,ladder
741.035,207,place,RY,SELL,2000,116.6400,0,ladder
741.538,207,place,RY,BUY,1200,102.1300,0,quote
741.538,207,place,RY,BUY,1500,98.4100,0,ladder
741.538,207,place,RY,SELL,1500,104.5000,0,ladder
741.538,207,place,RY,BUY,1500,93.3400,0,ladder
741.538,207,place,RY,SELL,1500,109.5700,0,ladder
741.538,207,place,RY,BUY,2000,86.2400,0,ladder
741.538,207,place,RY,SELL,2000,116.6800,0,ladder
741.610,207,stop,CNR,SELL,300,159.9100,300,loss=14.9t stop=7.7t trend_against=True
741.610,207,place,CNR,SELL,300,159.9100,300,agg
741.890,207,fill,CNR,SELL,300,160.0700,0,mode=mm
741.892,207,place,CNR,SELL,1200,160.1600,0,quote
741.892,207,place,RY,BUY,1200,102.2000,0,quote
741.892,207,place,CNR,BUY,1500,155.3300,0,ladder
741.892,207,place,CNR,SELL,1500,164.9400,0,ladder
741.892,207,place,CNR,BUY,1500,147.3200,0,ladder
741.892,207,place,CNR,SELL,1500,172.9500,0,ladder
742.004,207,place,CNR,BUY,700,136.1100,0,ladder
742.004,207,place,CNR,SELL,700,184.1600,0,ladder
742.142,207,fill,CNR,SELL,1200,160.1100,-1200,mode=mm
742.578,207,place,CNR,BUY,1200,160.0600,-1200,quote
742.578,207,place,CNR,SELL,1000,160.1300,-1200,quote
742.578,207,place,RY,BUY,1200,102.4200,0,quote
742.578,207,place,RY,BUY,1500,98.5500,0,ladder
742.578,207,place,RY,SELL,1500,104.6500,0,ladder
742.578,207,place,RY,BUY,900,93.4700,0,ladder
742.578,207,place,RY,SELL,1500,109.7300,0,ladder
742.578,207,place,RY,BUY,400,86.3600,0,ladder
742.578,207,place,RY,SELL,2000,116.8400,0,ladder
742.902,207,fill,CNR,BUY,249,160.0950,-951,mode=mm
742.904,207,place,CNR,SELL,100,160.1000,-951,quote
742.904,207,place,RY,BUY,100,102.4700,0,quote
743.089,207,place,CNR,BUY,900,160.0500,-951,quote
743.089,207,place,CNR,SELL,1000,160.1100,-951,quote
743.089,207,place,RY,BUY,200,102.5200,0,quote
743.403,207,place,RY,BUY,400,102.5300,0,quote
743.431,207,fill,CNR,BUY,800,160.0800,-151,mode=mm
743.433,207,place,CNR,BUY,100,160.0600,-151,quote
743.433,207,place,CNR,SELL,700,160.1400,-151,quote
743.627,207,place,CNR,BUY,100,160.0200,-151,quote
743.627,207,place,CNR,SELL,1200,160.1100,-151,quote
743.627,207,place,RY,BUY,1200,102.5900,0,quote
743.672,207,fill,CNR,SELL,1000,160.0650,-1151,mode=mm
743.863,208,fill,CNR,BUY,100,160.0650,-1051,mode=mm
743.867,208,place,CNR,BUY,1000,160.0800,-1051,quote
743.867,208,place,CNR,SELL,1000,160.1200,-1051,quote
743.867,208,place,RY,BUY,1200,102.6800,0,quote
744.152,208,place,RY,BUY,1200,102.7000,0,quote
744.196,208,place,CNR,BUY,1000,160.0900,-1051,quote
744.443,208,fill,CNR,BUY,1000,160.1050,-51,mode=mm
744.444,208,place,RY,BUY,1200,102.7400,0,quote
744.627,208,place,RY,BUY,1200,102.7800,0,quote
744.673,208,place,RY,BUY,1500,98.9500,0,ladder
744.673,208,place,RY,BUY,1500,93.8500,0,ladder
744.673,208,place,RY,SELL,2000,117.3100,0,ladder
744.715,208,place,RY,BUY,200,86.7100,0,ladder
744.745,208,place,CNR,BUY,100,160.0900,-51,quote
744.745,208,place,RY,SELL,1500,105.0800,0,ladder
744.745,208,place,RY,SELL,1500,110.1800,0,ladder
744.910,208,fill,CNR,SELL,1000,160.1050,-1051,mode=mm
744.914,208,place,CNR,BUY,1300,160.1000,-1051,quote
744.914,208,place,CNR,SELL,300,160.1700,-1051,quote
745.213,208,place,CNR,SELL,1000,160.1700,-1051,quote
745.213,208,place,RY,BUY,1200,102.9100,0,quote
745.378,208,place,CNR,BUY,1300,160.1100,-1051,quote
745.378,208,place,CNR,SELL,1000,160.1600,-1051,quote
745.378,208,place,RY,BUY,400,103.0200,0,quote
745.675,208,place,CNR,SELL,1000,160.1700,-1051,quote
745.675,208,place,RY,BUY,200,103.1100,0,quote
745.940,208,fill,CNR,BUY,1300,160.1400,249,mode=mm
745.942,208,fill,AC,SELL,166,25.0550,2859,mode=mm
745.943,208,place,CNR,BUY,1200,160.1200,249,quote
745.943,208,place,CNR,SELL,1200,160.1600,249,quote
745.943,208,place,RY,BUY,1200,103.2100,0,quote
745.943,208,place,AC,SELL,3000,25.0600,2859,quote
746.189,208,fill,AC,SELL,134,25.0550,2725,mode=mm
746.190,208,place,CNR,SELL,1200,160.1700,249,quote
746.190,208,place,AC,BUY,1600,25.0500,2725,quote
746.462,208,fill,CNR,BUY,1200,160.1450,1449,mode=mm
746.462,208,fill,AC,BUY,1350,25.0550,4075,mode=mm
746.464,208,place,CNR,BUY,1000,160.1100,1449,quote
746.464,208,place,RY,BUY,400,103.4300,0,quote
746.464,208,place,AC,BUY,100,25.0500,4075,quote
746.464,208,place,RY,SELL,1500,105.4000,0,ladder
746.464,208,place,RY,SELL,100,110.5200,0,ladder
746.704,208,fill,AC,SELL,2750,25.0550,1325,mode=mm
746.707,208,place,CNR,BUY,1000,160.1200,1449,quote
746.707,208,place,RY,BUY,1200,103.4400,0,quote
746.707,208,place,AC,BUY,2000,25.0500,1325,quote
746.707,208,place,AC,SELL,2700,25.0600,1325,quote
746.707,208,place,RY,BUY,900,99.3200,0,ladder
746.707,208,place,RY,BUY,100,94.2000,0,ladder
746.707,208,place,RY,SELL,700,117.7600,0,ladder
746.891,208,place,RY,BUY,1200,87.0800,0,ladder
747.043,208,fill,CNR,SELL,1200,160.1450,249,mode=mm
747.044,208,place,CNR,BUY,1200,160.1300,249,quote
747.044,208,place,CNR,SELL,1200,160.1600,249,quote
747.044,208,place,RY,BUY,400,103.4800,0,quote
747.307,208,fill,CNR,SELL,1200,160.1450,-951,mode=mm
747.308,208,fill,AC,SELL,1837,25.0550,-512,mode=mm
747.310,208,place,CNR,BUY,700,160.1400,-951,quote
747.310,208,place,CNR,SELL,100,160.2000,-951,quote
747.357,208,fill,AC,BUY,1137,25.0550,625,mode=mm
747.361,209,place,RY,BUY,1200,103.5300,0,quote
747.361,209,place,AC,BUY,700,25.0500,625,quote
747.442,209,place,CNR,SELL,1000,160.1900,-951,quote
747.442,209,place,AC,SELL,2600,25.0600,625,quote
747.502,209,fill,CNR,BUY,1102,160.1650,151,mode=mm
747.503,209,place,CNR,BUY,1200,160.1500,151,quote
747.503,209,place,RY,BUY,1200,103.6200,0,quote
747.503,209,place,AC,BUY,2200,25.0500,625,quote
747.709,209,fill,AC,SELL,2600,25.0550,-1975,mode=mm
747.711,209,place,CNR,BUY,400,160.1200,151,quote
747.711,209,place,AC,BUY,2800,25.0600,-1975,quote
747.888,209,regime,AC,,,,,"chop -> mixed (er=1.00, net +1t over 14s)"
748.019,209,fill,CNR,BUY,400,160.1550,551,mode=mm
748.019,209,fill,AC,BUY,300,25.0650,-1675,mode=mm
748.050,209,place,AC,BUY,1600,25.0700,-1675,quote
748.050,209,place,AC,SELL,1100,25.0800,-1675,quote
748.050,209,place,CNR,BUY,100,160.0600,551,quote
748.050,209,place,RY,BUY,100,103.7200,0,quote
748.128,209,place,RY,SELL,1500,105.8300,0,ladder
748.128,209,place,RY,SELL,1500,110.9700,0,ladder
748.233,209,fill,AC,BUY,300,25.0700,-1375,mode=mm
748.233,209,place,AC,BUY,1600,25.0800,-1375,quote
748.233,209,place,AC,SELL,2000,25.0900,-1375,quote
748.233,209,place,CNR,BUY,300,160.0600,551,quote
748.500,209,fill,AC,SELL,2000,25.0800,-3375,mode=mm
748.501,209,place,CNR,BUY,600,160.0500,551,quote
748.501,209,place,CNR,SELL,1200,160.1400,551,quote
748.501,209,place,AC,BUY,3100,25.0900,-3375,quote
748.501,209,place,AC,SELL,100,25.1000,-3375,quote
748.600,209,place,CNR,BUY,1100,160.0600,551,quote
748.729,209,fill,AC,BUY,3300,25.0900,-75,mode=mm
748.948,209,place,CNR,BUY,1100,160.0900,551,quote
748.948,209,place,CNR,SELL,1200,160.1300,551,quote
748.948,209,place,RY,BUY,1200,104.2800,0,quote
748.948,209,place,AC,SELL,2400,25.1000,-75,quote
748.948,209,place,RY,BUY,1500,99.7700,0,ladder
748.948,209,place,RY,SELL,900,105.9400,0,ladder
748.948,209,place,RY,BUY,900,94.6300,0,ladder
748.948,209,place,RY,SELL,100,111.0800,0,ladder
748.948,209,place,RY,BUY,400,87.4300,0,ladder
749.058,209,fill,AC,BUY,1300,25.0900,1225,mode=mm
749.299,209,fill,CNR,BUY,1100,160.0950,1651,mode=mm
749.348,209,place,CNR,BUY,300,160.0300,1651,quote
749.348,209,place,CNR,SELL,1300,160.1200,1651,quote
749.348,209,place,RY,BUY,100,104.3400,0,quote
749.348,209,place,RY,SELL,1200,118.4400,0,ladder
749.504,209,place,CNR,BUY,900,160.0400,1651,quote
749.504,209,place,AC,BUY,2000,25.0800,1225,quote
749.750,209,fill,AC,BUY,400,25.0900,1625,mode=mm
749.753,209,place,CNR,BUY,900,160.0500,1651,quote
749.753,209,place,RY,BUY,1200,104.5800,0,quote
749.753,209,place,RY,BUY,500,99.9500,0,ladder
749.753,209,place,RY,SELL,1500,106.1300,0,ladder
749.753,209,place,RY,SELL,1500,111.2800,0,ladder
749.753,209,place,RY,SELL,400,118.5000,0,ladder
749.808,209,place,AC,SELL,100,25.0900,1625,quote
750.067,209,fill,CNR,BUY,828,160.0850,2479,mode=mm
750.067,209,fill,AC,BUY,1500,25.0900,3125,mode=mm
750.115,209,place,CNR,BUY,800,160.0300,2479,quote
750.115,209,place,CNR,SELL,1400,160.1100,2479,quote
750.115,209,place,RY,BUY,1200,104.6000,0,quote
750.115,209,place,AC,BUY,500,25.0900,3125,quote
750.115,209,place,AC,SELL,3000,25.1000,3125,quote
750.330,209,fill,CNR,SELL,1300,160.0700,1179,mode=mm
750.330,209,fill,AC,SELL,3000,25.0950,125,mode=mm
750.463,209,place,AC,BUY,2400,25.0900,125,quote
750.507,209,place,CNR,SELL,1300,160.1400,1179,quote
750.599,209,place,CNR,BUY,1000,160.0800,1179,quote
750.599,209,place,RY,BUY,100,104.8500,0,quote
750.759,209,fill,AC,BUY,2400,25.0950,2525,mode=mm
750.760,209,place,AC,BUY,1700,25.0700,2525,quote
750.760,209,place,CNR,SELL,1300,160.1100,1179,quote
750.760,209,place,RY,BUY,1200,104.9500,0,quote
750.760,209,place,RY,BUY,300,95.1300,0,ladder
750.898,209,place,RY,SELL,900,106.5600,0,ladder
750.898,209,place,RY,SELL,100,111.7300,0,ladder
750.936,209,place,RY,SELL,100,118.9900,0,ladder
751.043,209,fill,AC,BUY,1700,25.0800,4225,mode=mm
751.046,209,place,CNR,BUY,1000,160.0900,1179,quote
751.046,209,place,CNR,SELL,1300,160.1300,1179,quote
751.046,209,place,RY,BUY,200,105.0400,0,quote
751.325,209,fill,CNR,BUY,1000,160.1100,2179,mode=mm
751.326,209,place,CNR,BUY,100,160.0600,2179,quote
751.326,209,place,CNR,SELL,1400,160.1600,2179,quote
751.326,209,place,RY,BUY,700,105.1300,0,quote
751.326,209,place,RY,BUY,300,100.5000,0,ladder
751.487,210,place,RY,BUY,700,88.1200,0,ladder
751.561,210,place,CNR,SELL,1400,160.1400,2179,quote
751.653,210,place,AC,SELL,3200,25.1000,4225,quote
751.843,210,place,AC,SELL,3200,25.0900,4225,quote
751.843,210,place,RY,BUY,1200,105.3500,0,quote
751.843,210,place,RY,BUY,1500,100.5900,0,ladder
751.843,210,place,RY,SELL,1500,106.8100,0,ladder
751.843,210,place,RY,SELL,500,112.0000,0,ladder
751.843,210,place,RY,SELL,200,119.2600,0,ladder
751.994,210,place,RY,BUY,500,95.4600,0,ladder
751.994,210,place,RY,BUY,200,88.2000,0,ladder
752.046,210,fill,AC,SELL,3700,25.0800,525,mode=mm
752.260,210,place,CNR,BUY,900,160.1000,2179,quote
752.260,210,place,RY,BUY,700,105.5000,0,quote
752.313,210,place,CNR,SELL,1400,160.1300,2179,quote
752.389,210,place,AC,BUY,2300,25.0700,525,quote
752.389,210,place,AC,SELL,100,25.0800,525,quote
752.513,210,regime,AC,,,,,"mixed -> chop (er=0.24, net +2t over 14s)"
752.555,210,fill,AC,BUY,1700,25.0800,2225,mode=mm
752.558,210,place,AC,BUY,600,25.0700,2225,quote
752.558,210,place,RY,SELL,1500,107.0100,0,ladder
752.558,210,place,RY,SELL,900,112.2000,0,ladder
752.558,210,place,RY,SELL,400,119.4700,0,ladder
752.858,210,fill,CNR,BUY,900,160.1150,3079,mode=mm
752.858,210,fill,AC,BUY,600,25.0800,2825,mode=mm
752.861,210,regime,AC,,,,,"chop -> mixed (er=0.33, net +4t over 14s)"
753.009,210,place,CNR,BUY,800,160.0600,3079,quote
753.009,210,place,RY,BUY,1200,105.7900,0,quote
753.009,210,place,AC,BUY,900,25.0800,2825,quote
753.009,210,place,AC,SELL,3000,25.1000,2825,quote
753.009,210,place,RY,BUY,100,100.9600,0,ladder
753.319,210,fill,AC,SELL,3000,25.1000,-175,mode=mm
753.322,210,place,CNR,BUY,800,160.0600,3079,quote
753.322,210,place,CNR,SELL,1500,160.1400,3079,quote
753.322,210,place,RY,BUY,1200,105.9500,0,quote
753.322,210,place,AC,BUY,1500,25.0900,-175,quote
753.322,210,place,AC,SELL,800,25.1000,-175,quote
753.322,210,place,RY,BUY,100,100.9900,0,ladder
753.322,210,place,RY,SELL,500,107.2400,0,ladder
753.322,210,place,RY,BUY,100,95.7900,0,ladder
753.322,210,place,RY,SELL,100,112.4400,0,ladder
753.542,210,place,RY,BUY,2000,88.5800,0,ladder
753.542,210,place,RY,SELL,2000,119.8400,0,ladder
753.612,210,fill,CNR,SELL,1400,160.1000,1679,mode=mm
753.612,210,fill,AC,BUY,700,25.0950,525,mode=mm
753.613,210,place,AC,BUY,2300,25.0600,525,quote
753.613,210,place,CNR,BUY,500,160.0700,1679,quote
753.613,210,place,CNR,SELL,1300,160.1300,1679,quote
753.668,210,regime,AC,,,,,"mixed -> chop (er=0.17, net +2t over 14s)"
753.876,210,fill,AC,BUY,2300,25.0800,2825,mode=mm
753.879,210,place,CNR,BUY,900,160.0900,1679,quote
753.926,210,regime,AC,,,,,"chop -> mixed (er=0.27, net +5t over 14s)"
754.167,210,fill,CNR,BUY,400,160.1100,2079,mode=mm
754.170,210,place,CNR,BUY,900,160.0600,2079,quote
754.170,210,place,RY,BUY,700,106.3900,0,quote
754.170,210,place,AC,SELL,3000,25.1100,2825,quote
754.321,210,place,AC,BUY,1600,25.1000,2825,quote
754.321,210,place,RY,BUY,900,101.2100,0,ladder
754.321,210,place,RY,SELL,1500,107.4700,0,ladder
754.321,210,place,RY,BUY,500,95.9900,0,ladder
754.321,210,place,RY,SELL,900,112.6800,0,ladder
754.321,210,place,RY,SELL,400,119.9900,0,ladder
754.703,210,fill,CNR,SELL,86,160.1050,1993,mode=mm
754.703,210,fill,AC,BUY,800,25.1050,3625,mode=mm
754.846,210,place,CNR,BUY,500,160.0700,1993,quote
754.846,210,place,CNR,SELL,800,160.1400,1993,quote
754.846,210,place,RY,BUY,1200,106.5400,0,quote
754.846,210,place,RY,BUY,1200,88.9000,0,ladder
754.892,210,fill,AC,BUY,800,25.1050,4425,mode=mm
754.893,210,place,AC,SELL,300,25.1000,4425,quote
755.161,210,fill,CNR,BUY,500,160.0600,2493,mode=mm
755.163,210,stop,CNR,SELL,2493,159.9700,2493,loss=6.6t stop=5.0t trend_against=False
755.164,210,place,CNR,SELL,2493,159.9700,2493,agg
755.164,210,place,AC,BUY,400,25.0400,4425,quote
755.164,210,place,AC,SELL,3200,25.0900,4425,quote
755.222,210,place,RY,SELL,1500,107.9100,0,ladder
755.222,210,place,RY,SELL,100,113.1500,0,ladder
755.222,210,place,RY,SELL,100,120.4800,0,ladder
755.395,210,fill,CNR,SELL,2493,160.0550,0,mode=mm
755.406,210,regime,AC,,,,,"mixed -> chop (er=0.05, net +1t over 14s)"
755.407,210,place,AC,BUY,200,25.0400,4425,quote
755.407,210,place,AC,SELL,3200,25.0800,4425,quote
755.407,210,place,CNR,BUY,1500,155.3000,0,ladder
755.407,210,place,CNR,BUY,500,147.2900,0,ladder
755.407,210,place,CNR,BUY,200,136.0900,0,ladder
755.490,210,fill,AC,SELL,1982,25.0650,2443,mode=mm
755.493,210,place,AC,BUY,1700,25.0600,2443,quote
755.493,210,place,CNR,SELL,200,160.1000,0,quote
755.493,210,place,RY,BUY,100,106.7300,0,quote
755.637,211,fill,AC,SELL,2718,25.0750,-275,mode=mm
755.980,211,place,AC,BUY,2500,25.0700,-275,quote
755.980,211,place,AC,SELL,1400,25.0900,-275,quote
755.980,211,place,CNR,SELL,100,160.0900,0,quote
755.980,211,place,RY,BUY,400,106.8800,0,quote
755.980,211,place,RY,BUY,100,101.9500,0,ladder
755.980,211,place,RY,BUY,100,96.6900,0,ladder
756.221,211,fill,CNR,SELL,100,160.0750,-100,mode=mm
756.221,211,fill,AC,SELL,1037,25.0750,-1312,mode=mm
756.222,211,stop,CNR,BUY,100,160.1900,-100,loss=6.0t stop=5.0t trend_against=False
756.223,211,place,CNR,BUY,100,160.1900,-100,agg
756.287,211,place,AC,BUY,2700,25.0800,-1312,quote
756.287,211,place,RY,BUY,1200,106.9600,0,quote
756.287,211,place,RY,SELL,1500,108.3900,0,ladder
756.287,211,place,RY,SELL,300,113.6500,0,ladder
756.287,211,place,RY,BUY,700,89.4500,0,ladder
756.287,211,place,RY,SELL,100,121.0200,0,ladder
756.459,211,fill,CNR,BUY,100,160.1100,0,mode=mm
756.460,211,fill,AC,BUY,1400,25.0800,88,mode=mm
756.461,211,place,RY,BUY,1200,107.0400,0,quote
756.461,211,place,CNR,BUY,1500,155.3000,0,ladder
756.461,211,place,CNR,SELL,1500,164.9000,0,ladder
756.461,211,place,CNR,BUY,1500,147.2900,0,ladder
756.461,211,place,CNR,SELL,1500,172.9100,0,ladder
756.461,211,place,CNR,BUY,2000,136.0800,0,ladder
756.461,211,place,CNR,SELL,2000,184.1100,0,ladder
756.699,211,fill,AC,BUY,2700,25.0850,2788,mode=mm
756.701,211,place,RY,BUY,400,107.1100,0,quote
756.701,211,place,AC,BUY,100,25.0800,2788,quote
756.701,211,place,AC,SELL,2900,25.1000,2788,quote
756.962,211,fill,AC,SELL,2700,25.0950,88,mode=mm
756.963,211,place,AC,BUY,2400,25.0900,88,quote
756.963,211,place,AC,SELL,2500,25.1000,88,quote
756.963,211,place,RY,BUY,1200,107.1900,0,quote
757.038,211,place,RY,BUY,100,102.3700,0,ladder
757.038,211,place,RY,BUY,100,97.1000,0,ladder
757.224,211,fill,AC,BUY,100,25.1000,188,mode=mm
757.224,211,place,RY,BUY,100,107.2100,0,quote
757.357,211,place,RY,SELL,1500,108.8300,0,ladder
757.357,211,place,RY,SELL,500,114.1100,0,ladder
757.381,211,place,AC,SELL,100,25.1000,188,quote
757.381,211,place,RY,BUY,100,89.8200,0,ladder
757.381,211,place,RY,SELL,100,121.5200,0,ladder
757.479,211,fill,AC,SELL,200,25.1000,-12,mode=mm
757.480,211,place,RY,BUY,200,107.2600,0,quote
757.665,211,place,AC,SELL,800,25.1000,-12,quote
757.722,211,fill,AC,SELL,100,25.0950,-112,mode=mm
757.726,211,place,AC,BUY,2500,25.1000,-112,quote
757.726,211,place,AC,SELL,200,25.1200,-112,quote
757.998,211,place,RY,BUY,1200,107.5200,0,quote
757.998,211,place,RY,BUY,1500,102.6400,0,ladder
757.998,211,place,RY,SELL,1500,108.9900,0,ladder
757.998,211,place,RY,BUY,900,97.3500,0,ladder
757.998,211,place,RY,SELL,900,114.2800,0,ladder
757.998,211,place,RY,BUY,200,89.9400,0,ladder
757.998,211,place,RY,SELL,400,121.6800,0,ladder
758.043,211,fill,AC,BUY,1700,25.1050,1588,mode=mm
758.045,211,place,AC,SELL,2700,25.1100,1588,quote
758.233,211,fill,AC,SELL,1100,25.1050,488,mode=mm
758.243,211,place,AC,SELL,2500,25.1000,488,quote
758.315,211,place,CNR,BUY,1200,159.9900,0,quote
758.516,211,fill,AC,SELL,2800,25.1000,-2312,mode=mm
758.518,211,place,CNR,BUY,1200,159.9800,0,quote
758.518,211,place,AC,BUY,2900,25.0400,-2312,quote
758.576,211,place,CNR,BUY,1200,159.9900,0,quote
758.750,211,fill,AC,SELL,1200,25.0700,-3512,mode=mm
758.817,211,place,AC,BUY,3100,25.0500,-3512,quote
759.042,211,fill,CNR,BUY,1200,160.0150,1200,mode=mm
759.044,211,fill,AC,BUY,2100,25.0650,-1412,mode=mm
759.087,211,place,CNR,BUY,100,159.9500,1200,quote
759.087,211,place,CNR,SELL,1200,160.0300,1200,quote
759.087,211,place,AC,SELL,2000,25.0800,-1412,quote
759.239,211,fill,AC,SELL,1400,25.0700,-2812,mode=mm
759.315,211,fill,AC,SELL,600,25.0750,-3412,mode=mm
759.448,211,place,AC,BUY,3100,25.0700,-3412,quote
759.448,211,place,AC,SELL,1500,25.0900,-3412,quote
759.448,211,place,CNR,BUY,1000,159.9900,1200,quote
759.448,211,place,CNR,SELL,1300,160.0200,1200,quote
759.448,211,place,RY,BUY,1200,108.4200,0,quote
759.448,211,place,RY,BUY,500,102.8500,0,ladder
759.448,211,place,RY,SELL,1500,109.2100,0,ladder
759.448,211,place,RY,SELL,100,114.5100,0,ladder
759.448,211,place,RY,SELL,100,121.9400,0,ladder
759.549,211,place,AC,SELL,900,25.0800,-3412,quote
759.819,212,fill,CNR,SELL,1300,160.0050,-100,mode=mm
759.822,212,place,CNR,SELL,1200,160.0300,-100,quote
759.822,212,place,RY,BUY,1200,108.5900,0,quote
759.822,212,place,RY,BUY,1500,97.6100,0,ladder
759.822,212,place,RY,BUY,1200,90.1800,0,ladder
760.025,212,place,RY,BUY,700,108.6500,0,quote
760.239,212,place,CNR,SELL,200,160.0400,-100,quote
760.512,212,place,CNR,SELL,1200,160.0400,-100,quote
760.767,212,place,RY,BUY,1200,109.3800,0,quote
760.767,212,place,RY,BUY,900,103.1700,0,ladder
760.767,212,place,RY,SELL,1500,109.5500,0,ladder
760.767,212,place,RY,SELL,1500,114.8700,0,ladder
760.767,212,place,RY,SELL,2000,122.3100,0,ladder
760.981,212,place,RY,BUY,1500,97.9900,0,ladder
760.981,212,place,RY,BUY,1200,90.5300,0,ladder
761.280,212,place,RY,BUY,1200,109.4800,0,quote
761.405,212,place,RY,SELL,1500,110.0000,0,ladder
761.405,212,place,RY,SELL,1500,115.3400,0,ladder
761.405,212,place,RY,SELL,200,122.8100,0,ladder
761.514,212,regime,CNR,,,,,"chop -> mixed (er=0.30, net -18t over 14s)"
761.531,212,place,CNR,SELL,1200,160.0200,-100,quote
761.531,212,place,RY,BUY,1200,109.5300,0,quote
761.531,212,place,RY,BUY,1500,103.6700,0,ladder
761.656,212,place,RY,BUY,900,98.3900,0,ladder
761.656,212,place,RY,BUY,200,90.9100,0,ladder
761.794,212,regime,CNR,,,,,"mixed -> chop (er=0.22, net -14t over 14s)"
761.795,212,place,CNR,SELL,100,160.0400,-100,quote
761.831,212,place,RY,BUY,200,109.6100,0,quote
762.057,212,fill,CNR,SELL,1200,160.0200,-1300,mode=mm
762.058,212,place,CNR,SELL,100,160.0400,-1300,quote
762.345,212,fill,CNR,SELL,100,160.0250,-1400,mode=mm
762.348,212,place,CNR,SELL,1000,160.1000,-1400,quote
762.348,212,place,RY,BUY,100,109.9200,0,quote
762.348,212,place,RY,SELL,500,110.4400,0,ladder
762.348,212,place,RY,SELL,100,115.8000,0,ladder
762.348,212,place,RY,SELL,100,123.3000,0,ladder
762.579,212,fill,CNR,SELL,100,160.0500,-1500,mode=mm
762.624,212,place,CNR,BUY,1300,160.0100,-1500,quote
762.624,212,place,CNR,SELL,600,160.0900,-1500,quote
762.624,212,place,RY,BUY,200,109.9900,0,quote
762.755,212,place,RY,BUY,1500,104.2500,0,ladder
762.755,212,place,RY,BUY,1500,98.8800,0,ladder
762.755,212,place,RY,BUY,2000,91.3600,0,ladder
762.857,212,fill,CNR,BUY,150,160.0500,-1350,mode=mm
762.859,212,place,CNR,SELL,100,160.0800,-1350,quote
762.859,212,place,RY,BUY,100,110.0700,0,quote
763.086,212,place,CNR,BUY,1300,160.0200,-1350,quote
763.086,212,place,CNR,SELL,1000,160.1100,-1350,quote
763.384,212,fill,CNR,BUY,1200,160.0600,-150,mode=mm
763.385,212,place,CNR,BUY,700,160.0100,-150,quote
763.385,212,place,CNR,SELL,700,160.0800,-150,quote
763.385,212,place,RY,BUY,1200,110.2500,0,quote
763.385,212,place,RY,BUY,1500,104.4800,0,ladder
763.385,212,place,RY,SELL,1500,110.9400,0,ladder
763.385,212,place,RY,BUY,1500,99.0900,0,ladder
763.385,212,place,RY,SELL,1500,116.3200,0,ladder
763.385,212,place,RY,BUY,400,91.5500,0,ladder
763.385,212,place,RY,SELL,2000,123.8600,0,ladder
763.577,212,fill,AC,SELL,900,25.0750,-4312,mode=mm
763.649,212,stop,CNR,BUY,150,160.1100,-150,loss=5.3t stop=5.3t trend_against=False
763.650,212,place,CNR,BUY,150,160.1100,-150,agg
763.892,212,fill,CNR,SELL,550,160.0650,-700,mode=mm
763.892,213,place,CNR,BUY,200,160.0500,-700,quote
763.892,213,place,CNR,BUY,100,155.2500,-700,ladder
763.892,213,place,RY,SELL,1500,111.1100,0,ladder
763.892,213,place,RY,SELL,1500,116.5000,0,ladder
763.892,213,place,RY,SELL,1200,124.0600,0,ladder
764.179,213,place,RY,BUY,200,110.5700,0,quote
764.179,213,place,CNR,SELL,500,164.8500,-700,ladder
764.179,213,place,CNR,SELL,100,172.8600,-700,ladder
764.401,213,fill,CNR,BUY,200,160.0850,-500,mode=mm
764.402,213,place,CNR,BUY,1200,160.0600,-500,quote
764.402,213,place,RY,BUY,1200,110.6100,0,quote
764.402,213,place,AC,SELL,400,25.0900,-4312,quote
764.402,213,place,CNR,BUY,100,147.2500,-500,ladder
764.402,213,place,CNR,BUY,100,136.0500,-500,ladder
764.402,213,place,CNR,SELL,400,184.0600,-500,ladder
764.402,213,place,RY,BUY,1500,104.9400,0,ladder
764.402,213,place,RY,BUY,1500,99.5300,0,ladder
764.402,213,place,RY,BUY,200,91.9600,0,ladder
764.592,213,place,RY,BUY,700,110.6500,0,quote
764.592,213,place,AC,SELL,200,25.0900,-4312,quote
764.633,213,place,RY,SELL,500,111.5600,0,ladder
764.633,213,place,RY,SELL,100,116.9800,0,ladder
764.633,213,place,RY,SELL,100,124.5600,0,ladder
764.848,213,place,CNR,BUY,1200,160.0200,-500,quote
764.848,213,place,RY,BUY,1200,110.7000,0,quote
764.848,213,place,AC,SELL,1300,25.0900,-4312,quote
765.107,213,place,CNR,BUY,1200,160.0400,-500,quote
765.107,213,place,RY,BUY,1200,110.8000,0,quote
765.202,213,place,RY,BUY,1500,99.9300,0,ladder
765.202,213,place,RY,BUY,2000,92.3300,0,ladder
765.229,213,place,RY,BUY,500,105.3700,0,ladder
765.346,213,place,CNR,BUY,400,160.0500,-500,quote
765.735,213,fill,CNR,BUY,600,160.0750,100,mode=mm
765.782,213,place,CNR,BUY,700,160.0500,100,quote
765.782,213,place,CNR,SELL,100,160.0900,100,quote
765.782,213,place,RY,BUY,200,111.3000,0,quote
765.782,213,place,RY,SELL,1500,112.0900,0,ladder
765.782,213,place,RY,SELL,1500,117.5300,0,ladder
765.782,213,place,RY,SELL,2000,125.1500,0,ladder
765.892,213,place,CNR,BUY,1200,160.0200,100,quote
765.892,213,place,CNR,SELL,100,160.1200,100,quote
766.153,213,fill,CNR,BUY,700,160.0700,800,mode=mm
766.154,213,place,CNR,BUY,1300,160.0600,800,quote
766.154,213,place,CNR,SELL,800,160.0700,800,quote
766.541,213,fill,CNR,SELL,800,160.0650,0,mode=mm
766.543,213,place,RY,BUY,1200,111.8700,0,quote
766.543,213,place,RY,BUY,1500,105.7100,0,ladder
766.543,213,place,RY,SELL,1500,112.2500,0,ladder
766.543,213,place,RY,BUY,1500,100.2600,0,ladder
766.543,213,place,RY,SELL,1500,117.7000,0,ladder
766.543,213,place,RY,BUY,2000,92.6300,0,ladder
766.543,213,place,RY,SELL,2000,125.3300,0,ladder
766.693,213,fill,CNR,BUY,1300,160.0600,1300,mode=mm
766.694,213,place,CNR,BUY,2000,160.0600,1300,quote
766.694,213,place,CNR,BUY,300,155.2600,1300,ladder
766.694,213,place,CNR,SELL,1500,164.8600,1300,ladder
766.694,213,place,CNR,BUY,100,147.2600,1300,ladder
766.694,213,place,CNR,SELL,1500,172.8700,1300,ladder
766.694,213,place,CNR,SELL,2000,184.0700,1300,ladder
766.889,213,place,RY,BUY,1200,112.0500,0,quote
766.889,213,place,CNR,BUY,400,136.0500,1300,ladder
767.131,213,place,CNR,SELL,1600,160.0800,1300,quote
767.363,213,place,CNR,SELL,300,160.0900,1300,quote
767.413,213,place,CNR,BUY,2000,160.0700,1300,quote
767.413,213,place,CNR,SELL,2700,160.0800,1300,quote
767.413,213,place,RY,BUY,100,112.4300,0,quote
767.413,213,place,RY,SELL,1500,112.4800,0,ladder
767.413,213,place,RY,SELL,900,117.9400,0,ladder
767.413,213,place,RY,SELL,100,125.5900,0,ladder
767.697,213,fill,CNR,SELL,300,160.0800,1000,mode=mm
767.698,214,place,CNR,BUY,2100,160.0800,1000,quote
767.698,214,place,CNR,SELL,500,160.1400,1000,quote
767.698,214,place,RY,BUY,200,112.4400,0,quote
767.963,214,fill,CNR,BUY,2100,160.1050,3100,mode=mm
767.964,214,fill,RY,SELL,1500,112.4550,-1500,mode=mm
767.966,214,regime,RY,,,,,"3 stop-outs in 85s -> toxic flow: half size, no stepping inside for 30s"
767.966,214,stop,RY,BUY,1500,112.6700,-1500,loss=1.0t stop=34.8t trend_against=True
767.966,214,place,RY,BUY,1500,112.6700,-1500,agg
768.160,214,fill,RY,BUY,1500,112.4850,0,mode=mm
768.311,214,place,CNR,BUY,1600,160.0600,3100,quote
768.311,214,place,CNR,SELL,3000,160.0700,3100,quote
768.311,214,place,RY,BUY,1200,112.4800,0,quote
768.311,214,place,RY,BUY,1500,106.5400,0,ladder
768.311,214,place,RY,SELL,1500,113.1200,0,ladder
768.311,214,place,RY,BUY,1500,101.0400,0,ladder
768.311,214,place,RY,SELL,1500,118.6200,0,ladder
768.311,214,place,RY,BUY,700,93.3600,0,ladder
768.311,214,place,RY,SELL,1200,126.3000,0,ladder
768.498,214,place,CNR,BUY,900,160.0000,3100,quote
768.498,214,place,RY,BUY,100,112.5000,0,quote
768.753,214,place,CNR,BUY,300,160.0100,3100,quote
768.753,214,place,CNR,SELL,1000,160.0600,3100,quote
769.005,214,fill,CNR,SELL,3000,160.0350,100,mode=mm
769.007,214,regime,CNR,,,,,"3 stop-outs in 85s -> toxic flow: half size, no stepping inside for 30s"
769.007,214,stop,CNR,SELL,100,159.9600,100,loss=6.4t stop=5.1t trend_against=False
769.008,214,place,CNR,SELL,100,159.9600,100,agg
769.008,214,place,RY,BUY,700,112.7600,0,quote
769.008,214,place,RY,BUY,300,106.7900,0,ladder
769.008,214,place,RY,SELL,1500,113.3900,0,ladder
769.008,214,place,RY,BUY,100,101.2800,0,ladder
769.008,214,place,RY,SELL,900,118.9000,0,ladder
769.008,214,place,RY,SELL,200,126.6000,0,ladder
769.155,214,place,RY,BUY,700,93.6600,0,ladder
769.252,214,fill,CNR,SELL,100,160.0200,0,mode=mm
769.775,214,place,CNR,SELL,700,160.0800,0,quote
769.775,214,place,CNR,BUY,1500,155.2500,0,ladder
769.775,214,place,CNR,SELL,300,164.8600,0,ladder
769.775,214,place,CNR,BUY,1500,147.2500,0,ladder
769.775,214,place,CNR,SELL,100,172.8600,0,ladder
769.775,214,place,CNR,BUY,2000,136.0500,0,ladder
769.906,214,place,CNR,SELL,200,184.0600,0,ladder
770.033,214,fill,CNR,SELL,700,160.0500,-700,mode=mm
770.034,214,place,CNR,BUY,700,160.0600,-700,quote
770.034,214,place,CNR,SELL,1100,160.1300,-700,quote
770.034,214,place,RY,BUY,1200,113.3000,0,quote
770.034,214,place,RY,BUY,1500,107.1000,0,ladder
770.034,214,place,RY,SELL,1500,113.7200,0,ladder
770.034,214,place,RY,BUY,1500,101.5800,0,ladder
770.034,214,place,RY,SELL,1500,119.2400,0,ladder
770.034,214,place,RY,BUY,700,93.8500,0,ladder
770.034,214,place,RY,SELL,2000,126.9700,0,ladder
770.293,214,fill,CNR,SELL,1100,160.0900,-1800,mode=mm
770.294,214,place,CNR,BUY,1400,160.0700,-1800,quote
770.294,214,place,CNR,SELL,900,160.1700,-1800,quote
770.294,214,place,RY,BUY,1200,113.3300,0,quote
770.519,214,place,CNR,BUY,1400,160.1400,-1800,quote
770.519,214,place,CNR,SELL,900,160.2000,-1800,quote
770.519,214,place,RY,BUY,1200,113.3700,0,quote
770.775,214,place,CNR,BUY,1400,160.0800,-1800,quote
770.775,214,place,CNR,SELL,900,160.1900,-1800,quote
770.775,214,place,RY,BUY,1200,113.4500,0,quote
770.775,214,place,RY,BUY,900,107.5600,0,ladder
770.775,214,place,RY,SELL,1500,114.2100,0,ladder
770.775,214,place,RY,BUY,100,102.0200,0,ladder
770.775,214,place,RY,SELL,1500,119.7600,0,ladder
770.775,214,place,RY,SELL,1200,127.5200,0,ladder
770.883,214,regime,AC,,,,,"chop -> mixed (er=0.33, net -2t over 14s)"
771.012,214,place,CNR,SELL,900,160.1800,-1800,quote
771.262,214,place,CNR,SELL,100,160.1200,-1800,quote
771.262,214,place,RY,SELL,300,114.3600,0,ladder
771.371,215,place,CNR,SELL,100,160.1100,-1800,quote
771.542,215,fill,CNR,BUY,1400,160.0800,-400,mode=mm
771.777,215,place,CNR,BUY,400,160.0600,-400,quote
771.777,215,place,CNR,SELL,1100,160.1200,-400,quote
771.777,215,place,RY,BUY,1200,113.7700,0,quote
771.777,215,place,RY,BUY,1500,108.0000,0,ladder
771.777,215,place,RY,SELL,300,120.2500,0,ladder
772.047,215,fill,CNR,SELL,1100,160.0900,-1500,mode=mm
772.049,215,stop,CNR,BUY,1500,160.2500,-1500,loss=8.3t stop=7.0t trend_against=False
772.049,215,place,CNR,BUY,1500,160.2500,-1500,agg
772.108,215,place,RY,BUY,1200,113.7800,0,quote
772.108,215,place,RY,SELL,1500,114.8700,0,ladder
772.108,215,place,RY,BUY,1500,102.6000,0,ladder
772.108,215,place,RY,BUY,2000,94.7900,0,ladder
772.108,215,place,RY,SELL,2000,128.2500,0,ladder
772.284,215,fill,CNR,BUY,1500,160.1550,0,mode=mm
772.313,215,place,CNR,BUY,1200,160.1000,0,quote
772.313,215,place,RY,BUY,700,113.8200,0,quote
772.313,215,place,CNR,SELL,1500,164.8800,0,ladder
772.313,215,place,CNR,SELL,1500,172.8900,0,ladder
772.313,215,place,CNR,SELL,1200,184.0900,0,ladder
772.621,215,fill,CNR,BUY,1200,160.1250,1200,mode=mm
772.623,215,place,CNR,BUY,100,160.0800,1200,quote
772.623,215,place,CNR,SELL,800,160.1300,1200,quote
772.623,215,place,RY,BUY,100,113.8600,0,quote
772.658,215,place,RY,SELL,1500,120.7500,0,ladder
772.763,215,place,CNR,SELL,1200,160.1400,1200,quote
773.065,215,place,RY,SELL,1500,115.2700,0,ladder
773.065,215,place,RY,SELL,900,120.8600,0,ladder
773.065,215,place,RY,SELL,200,128.7000,0,ladder
773.219,215,place,CNR,BUY,1000,160.0500,1200,quote
773.219,215,place,RY,BUY,1200,114.2900,0,quote
773.219,215,place,CNR,BUY,1500,155.2800,1200,ladder
773.219,215,place,CNR,BUY,1500,147.2800,1200,ladder
773.219,215,place,CNR,BUY,1200,136.0700,1200,ladder
773.219,215,place,RY,BUY,100,108.6400,0,ladder
773.219,215,place,RY,BUY,100,103.0400,0,ladder
773.330,215,place,CNR,SELL,1200,160.0800,1200,quote
773.436,215,regime,AC,,,,,"mixed -> chop (er=0.00, net +0t over 14s)"
773.601,215,fill,CNR,BUY,1000,160.0500,2200,mode=mm
773.980,215,place,CNR,BUY,900,159.9600,2200,quote
773.980,215,place,CNR,SELL,1400,160.0700,2200,quote
773.980,215,place,RY,BUY,1200,114.4100,0,quote
773.980,215,place,RY,SELL,1500,115.7600,0,ladder
773.980,215,place,RY,SELL,1500,121.3800,0,ladder
773.980,215,place,RY,BUY,2000,95.5300,0,ladder
773.980,215,place,RY,SELL,700,129.2500,0,ladder
774.117,215,place,CNR,BUY,300,160.0100,2200,quote
774.117,215,place,CNR,SELL,1400,160.0400,2200,quote
774.117,215,place,RY,BUY,1200,114.4200,0,quote
774.117,215,place,RY,BUY,500,109.0800,0,ladder
774.345,215,fill,CNR,BUY,300,160.0250,2500,mode=mm
774.349,215,stop,CNR,SELL,2500,159.9500,2500,loss=7.9t stop=7.7t trend_against=False
774.350,215,place,CNR,SELL,2500,159.9500,2500,agg
774.657,215,fill,CNR,SELL,2500,160.0100,0,mode=mm
774.660,215,place,RY,BUY,1200,114.7700,0,quote
774.660,215,place,CNR,BUY,1500,155.2700,0,ladder
774.660,215,place,CNR,SELL,500,164.8700,0,ladder
774.660,215,place,CNR,BUY,500,147.2600,0,ladder
774.660,215,place,CNR,SELL,100,172.8800,0,ladder
774.660,215,place,CNR,BUY,200,136.0600,0,ladder
774.792,215,place,CNR,SELL,1200,184.0800,0,ladder
775.314,215,place,CNR,SELL,1200,160.0700,0,quote
775.862,216,place,RY,BUY,1200,115.5900,0,quote
775.862,216,place,RY,BUY,1500,109.4200,0,ladder
775.862,216,place,RY,SELL,1500,116.1900,0,ladder
775.862,216,place,RY,BUY,1500,103.7800,0,ladder
775.862,216,place,RY,SELL,1500,121.8300,0,ladder
775.862,216,place,RY,BUY,2000,95.8900,0,ladder
775.862,216,place,RY,SELL,2000,129.7300,0,ladder
776.138,216,place,RY,BUY,1200,115.6100,0,quote
776.389,216,place,CNR,SELL,1200,160.0600,0,quote
776.650,216,place,RY,BUY,1200,115.8600,0,quote
776.650,216,place,RY,BUY,1500,109.7400,0,ladder
776.650,216,place,RY,SELL,1500,116.5300,0,ladder
776.650,216,place,RY,BUY,500,104.0900,0,ladder
776.650,216,place,RY,SELL,1500,122.1900,0,ladder
776.650,216,place,RY,BUY,200,96.1700,0,ladder
776.650,216,place,RY,SELL,2000,130.1100,0,ladder
776.871,216,place,CNR,SELL,100,160.0800,0,quote
776.948,216,place,RY,BUY,1200,115.8900,0,quote
777.203,216,place,CNR,SELL,1200,160.0700,0,quote
777.385,216,place,CNR,SELL,1200,160.0800,0,quote
777.385,216,place,RY,BUY,100,116.0800,0,quote
777.385,216,place,RY,SELL,900,116.8400,0,ladder
777.541,216,place,CNR,BUY,1200,160.0500,0,quote
777.699,216,fill,CNR,BUY,600,160.0650,600,mode=mm
777.699,216,place,CNR,BUY,1100,160.0200,600,quote
777.699,216,place,RY,BUY,400,116.1300,0,quote
777.699,216,place,RY,BUY,100,110.2200,0,ladder
777.699,216,place,RY,BUY,100,104.5400,0,ladder
777.699,216,place,RY,SELL,500,122.7200,0,ladder
777.699,216,place,RY,SELL,100,130.6800,0,ladder
777.769,216,place,RY,BUY,2000,96.6200,0,ladder
777.868,216,place,CNR,BUY,1100,160.0400,600,quote
778.283,216,fill,CNR,BUY,1100,160.0600,1700,mode=mm
778.283,216,place,CNR,BUY,900,160.0000,1700,quote
778.283,216,place,CNR,SELL,1400,160.0900,1700,quote
778.382,216,place,CNR,BUY,900,160.0100,1700,quote
778.382,216,place,CNR,SELL,1400,160.0700,1700,quote
778.666,216,place,CNR,BUY,900,160.0200,1700,quote
778.666,216,place,CNR,SELL,1400,160.0600,1700,quote
778.666,216,place,RY,BUY,1200,116.7900,0,quote
778.666,216,place,RY,BUY,1500,110.3300,0,ladder
778.666,216,place,RY,SELL,1500,117.1500,0,ladder
778.666,216,place,RY,BUY,1500,104.6400,0,ladder
778.666,216,place,RY,SELL,1500,122.8400,0,ladder
778.666,216,place,RY,BUY,700,96.6800,0,ladder
778.666,216,place,RY,SELL,2000,130.8000,0,ladder
778.924,216,place,CNR,SELL,1400,160.0800,1700,quote
779.202,216,fill,CNR,BUY,900,160.0500,2600,mode=mm
779.202,216,fill,AC,BUY,3100,25.0750,-1212,mode=mm
779.205,216,place,CNR,BUY,800,160.0000,2600,quote
779.205,216,place,CNR,SELL,1400,160.0600,2600,quote
779.205,216,place,AC,BUY,2700,25.0700,-1212,quote
779.205,216,place,AC,SELL,2100,25.0800,-1212,quote
779.323,216,fill,AC,SELL,1913,25.0750,-3125,mode=mm
779.325,216,place,RY,BUY,1200,117.7700,0,quote
779.325,216,place,AC,BUY,3000,25.0800,-3125,quote
779.325,216,place,AC,SELL,900,25.0900,-3125,quote
779.325,216,place,RY,BUY,300,110.4800,0,ladder
779.325,216,place,RY,SELL,900,123.0100,0,ladder
779.325,216,place,RY,SELL,400,130.9800,0,ladder
779.407,216,fill,AC,BUY,500,25.0800,-2625,mode=mm
779.407,216,place,AC,SELL,300,25.0900,-2625,quote
779.471,216,regime,AC,,,,,"chop -> mixed (er=1.00, net +0t over 14s)"
779.698,217,place,CNR,BUY,200,160.0000,2600,quote
779.698,217,place,AC,BUY,1000,25.0800,-2625,quote
779.726,217,fill,CNR,BUY,800,160.0300,3400,mode=mm
779.726,217,fill,AC,BUY,1300,25.0800,-1325,mode=mm
779.729,217,stop,CNR,SELL,3400,159.8900,3400,loss=9.7t stop=5.1t trend_against=False
779.743,217,place,CNR,SELL,3400,159.8900,3400,agg
779.996,217,fill,CNR,SELL,3200,159.9600,200,mode=mm
780.205,217,place,AC,BUY,2700,25.0900,-1325,quote
780.205,217,place,AC,SELL,2000,25.1100,-1325,quote
780.423,217,place,AC,BUY,2700,25.1000,-1325,quote
780.698,217,fill,AC,BUY,700,25.1000,-625,mode=mm
780.724,217,place,AC,SELL,2200,25.1100,-625,quote
780.764,217,stop,CNR,SELL,200,159.8500,200,loss=11.4t stop=7.8t trend_against=False
780.764,217,place,CNR,SELL,200,159.8500,200,agg
780.985,217,fill,CNR,SELL,200,159.9350,0,mode=mm
780.985,217,fill,AC,SELL,600,25.1050,-1225,mode=mm
780.985,217,place,AC,BUY,2700,25.1100,-1225,quote
780.985,217,place,AC,SELL,2000,25.1200,-1225,quote
780.985,217,place,CNR,SELL,1200,159.9800,0,quote
780.985,217,place,RY,BUY,1200,121.0700,0,quote
780.985,217,place,CNR,BUY,1500,155.2200,0,ladder
780.985,217,place,CNR,SELL,1500,164.8200,0,ladder
780.985,217,place,CNR,BUY,1500,147.2200,0,ladder
780.985,217,place,CNR,SELL,1500,172.8300,0,ladder
780.985,217,place,CNR,BUY,2000,136.0200,0,ladder
780.985,217,place,CNR,SELL,2000,184.0300,0,ladder
780.985,217,place,RY,BUY,1500,110.6800,0,ladder
780.985,217,place,RY,BUY,1500,104.9800,0,ladder
780.985,217,place,RY,SELL,1500,123.2300,0,ladder
780.985,217,place,RY,BUY,1200,96.9900,0,ladder
780.985,217,place,RY,SELL,2000,131.2200,0,ladder
781.179,217,fill,AC,BUY,1100,25.1100,-125,mode=mm
781.738,217,place,CNR,SELL,1200,159.9100,0,quote
781.974,217,place,AC,BUY,1500,25.1000,-125,quote
781.974,217,place,AC,SELL,1400,25.1100,-125,quote
782.259,217,fill,CNR,SELL,500,159.8950,-500,mode=mm
782.259,217,fill,AC,BUY,1500,25.1000,1375,mode=mm
782.288,217,place,AC,BUY,1200,25.0900,1375,quote
782.288,217,place,AC,SELL,2700,25.1000,1375,quote
782.288,217,place,CNR,SELL,100,159.9700,-500,quote
782.502,217,fill,CNR,SELL,700,159.9200,-1200,mode=mm
782.502,217,fill,AC,SELL,2500,25.1000,-1125,mode=mm
782.502,217,place,CNR,SELL,1000,159.9200,-1200,quote
782.502,217,place,AC,SELL,2100,25.1100,-1125,quote
782.775,217,fill,CNR,SELL,100,159.8950,-1300,mode=mm
782.775,217,fill,AC,SELL,1100,25.1000,-2225,mode=mm
782.777,217,place,CNR,SELL,1000,160.0000,-1300,quote
782.993,217,place,CNR,SELL,1000,159.9400,-1300,quote
783.026,217,place,AC,BUY,2800,25.0900,-2225,quote
783.230,217,fill,AC,BUY,2100,25.0950,-125,mode=mm
783.245,217,place,AC,BUY,2500,25.0900,-125,quote
783.330,217,place,CNR,SELL,1000,160.0200,-1300,quote
783.394,217,place,CNR,SELL,1000,160.0100,-1300,quote
783.543,217,fill,CNR,SELL,1000,159.9550,-2300,mode=mm
783.544,217,fill,AC,BUY,674,25.0950,549,mode=mm
783.577,217,place,CNR,SELL,800,159.9000,-2300,quote
783.764,218,fill,AC,BUY,1826,25.0950,2375,mode=mm
783.766,218,place,CNR,SELL,800,159.8900,-2300,quote
783.766,218,place,AC,BUY,100,25.0900,2375,quote
783.822,218,place,AC,SELL,2900,25.1000,2375,quote
784.127,218,fill,CNR,SELL,1340,159.8750,-3640,mode=mm
784.332,218,fill,AC,SELL,2800,25.0950,-425,mode=mm
784.334,218,place,AC,BUY,2500,25.0900,-425,quote
784.334,218,place,AC,SELL,1300,25.1100,-425,quote
784.334,218,place,CNR,BUY,1500,159.9100,-3640,quote
784.334,218,place,CNR,SELL,400,159.9400,-3640,quote
784.569,218,fill,CNR,BUY,1500,159.9250,-2140,mode=mm
784.569,218,fill,AC,BUY,1600,25.1000,1175,mode=mm
784.571,218,place,AC,BUY,2100,25.0800,1175,quote
784.571,218,place,AC,SELL,2700,25.1100,1175,quote
784.655,218,regime,CNR,,,,,"chop -> mixed (er=0.26, net -26t over 14s)"
784.783,218,fill,AC,SELL,3100,25.0950,-1925,mode=mm
784.922,218,regime,CNR,,,,,"mixed -> chop (er=0.24, net -23t over 14s)"
785.012,218,place,CNR,SELL,900,159.9000,-2140,quote
785.012,218,place,AC,BUY,2800,25.1000,-1925,quote
785.012,218,place,AC,SELL,1800,25.1200,-1925,quote
785.203,218,regime,CNR,,,,,"chop -> mixed (er=0.26, net -25t over 14s)"
785.306,218,fill,CNR,SELL,900,159.8750,-3040,mode=mm
785.306,218,fill,AC,BUY,2800,25.1050,875,mode=mm
785.308,218,place,CNR,BUY,1500,159.8500,-3040,quote
785.308,218,place,CNR,SELL,800,159.9500,-3040,quote
785.479,218,regime,CNR,,,,,"mixed -> chop (er=0.19, net -18t over 14s)"
785.548,218,place,CNR,SELL,800,159.8900,-3040,quote
785.815,218,place,CNR,BUY,1500,159.8700,-3040,quote
785.815,218,place,CNR,SELL,800,159.9400,-3040,quote
785.994,218,regime,CNR,,,,,"chop -> mixed (er=0.26, net -25t over 14s)"
786.035,218,place,AC,BUY,2200,25.0500,875,quote
786.102,218,place,AC,SELL,2600,25.1100,875,quote
786.254,218,regime,AC,,,,,"mixed -> chop (er=0.04, net +0t over 14s)"
786.285,218,fill,AC,BUY,1572,25.0800,2447,mode=mm
786.286,218,place,CNR,SELL,800,159.9400,-3040,quote
786.286,218,place,AC,BUY,300,25.0400,2447,quote
786.286,218,place,AC,SELL,2900,25.1000,2447,quote
786.509,218,regime,CNR,,,,,"mixed -> chop (er=0.21, net -19t over 14s)"
786.581,218,fill,AC,SELL,1100,25.0700,1347,mode=mm
786.582,218,place,CNR,BUY,1500,159.8800,-3040,quote
786.582,218,place,CNR,SELL,800,159.9300,-3040,quote
786.582,218,place,AC,BUY,700,25.0800,1347,quote
786.582,218,place,AC,SELL,2700,25.0900,1347,quote
786.820,218,fill,AC,BUY,700,25.0850,2047,mode=mm
786.821,218,place,CNR,BUY,1500,159.8700,-3040,quote
786.821,218,place,CNR,SELL,400,159.9200,-3040,quote
787.077,218,fill,AC,SELL,2700,25.0850,-653,mode=mm
787.114,218,place,CNR,BUY,1500,159.8800,-3040,quote
787.114,218,place,CNR,SELL,800,159.9500,-3040,quote
787.114,218,place,AC,BUY,2600,25.0900,-653,quote
787.114,218,place,AC,SELL,1300,25.1100,-653,quote
787.400,218,fill,CNR,BUY,1100,159.9150,-1940,mode=mm
787.402,218,fill,AC,BUY,200,25.0950,-453,mode=mm
787.403,218,place,CNR,SELL,900,159.9200,-1940,quote
787.621,218,fill,CNR,SELL,800,159.8900,-2740,mode=mm
787.621,218,fill,AC,BUY,1100,25.1000,647,mode=mm
787.628,218,place,AC,BUY,1300,25.0900,647,quote
787.628,218,place,CNR,SELL,200,159.9300,-2740,quote
787.840,218,fill,AC,BUY,1300,25.1050,1947,mode=mm
787.841,219,stop,AC,SELL,1947,24.9900,1947,loss=6.0t stop=5.0t trend_against=False
787.842,219,place,AC,SELL,1947,24.9900,1947,agg
787.842,219,place,CNR,SELL,800,159.8900,-2740,quote
788.136,219,fill,CNR,SELL,855,159.8650,-3595,mode=mm
788.136,219,fill,AC,SELL,1947,25.0700,0,mode=mm
788.137,219,place,AC,SELL,2500,25.0600,0,quote
788.137,219,place,CNR,BUY,1500,159.8300,-3595,quote
788.137,219,place,CNR,SELL,700,159.8800,-3595,quote
788.175,219,place,CNR,BUY,1500,159.8400,-3595,quote
788.397,219,fill,CNR,SELL,145,159.8600,-3740,mode=mm
788.397,219,fill,AC,SELL,2500,25.0500,-2500,mode=mm
788.397,219,place,AC,BUY,2500,25.0500,-2500,quote
788.397,219,place,CNR,BUY,1500,159.8500,-3740,quote
788.859,219,fill,CNR,BUY,1500,159.8650,-2240,mode=mm
788.860,219,fill,AC,BUY,800,25.0550,-1700,mode=mm
789.174,219,fill,CNR,SELL,700,159.8600,-2940,mode=mm
789.175,219,fill,AC,BUY,1700,25.0550,0,mode=mm
789.177,219,place,CNR,SELL,800,159.8800,-2940,quote
789.177,219,place,AC,SELL,2500,25.1100,0,quote
789.337,219,fill,AC,SELL,2500,25.0850,-2500,mode=mm
789.338,219,place,AC,BUY,2500,25.0600,-2500,quote
789.573,219,fill,AC,BUY,1400,25.0850,-1100,mode=mm
789.575,219,place,AC,BUY,1100,25.0700,-1100,quote
789.575,219,place,AC,SELL,2100,25.1200,-1100,quote
789.868,219,fill,AC,SELL,2100,25.0950,-3200,mode=mm
789.868,219,place,AC,BUY,3000,25.0800,-3200,quote
790.100,219,fill,AC,BUY,4100,25.1000,900,mode=mm
790.701,219,place,AC,SELL,2600,25.1100,900,quote
790.872,219,fill,AC,SELL,2600,25.1050,-1700,mode=mm
790.874,219,place,AC,BUY,1700,25.1100,-1700,quote
790.874,219,place,AC,SELL,1900,25.1300,-1700,quote
791.112,219,fill,AC,BUY,1700,25.1150,0,mode=mm
791.116,219,place,AC,BUY,2500,25.1000,0,quote
791.116,219,place,AC,SELL,2500,25.1200,0,quote
791.334,219,fill,AC,BUY,500,25.1100,500,mode=mm
791.336,219,place,AC,SELL,2500,25.1200,500,quote
791.336,219,place,CNR,SELL,800,159.8700,-2940,quote
791.420,219,fill,AC,SELL,500,25.1100,0,mode=mm
791.587,220,regime,CNR,,,,,"chop -> mixed (er=0.26, net -21t over 14s)"
791.635,220,fill,AC,SELL,2500,25.1050,-2500,mode=mm
791.852,220,regime,CNR,,,,,"mixed -> chop (er=0.25, net -19t over 14s)"
792.118,220,regime,CNR,,,,,"chop -> mixed (er=0.26, net -20t over 14s)"
792.118,220,place,AC,BUY,2900,25.0900,-2500,quote
792.151,220,place,AC,BUY,2900,25.0500,-2500,quote
792.229,220,place,AC,SELL,1700,25.1100,-2500,quote
792.378,220,regime,CNR,,,,,"mixed -> chop (er=0.25, net -19t over 14s)"
792.413,220,fill,AC,BUY,4100,25.0800,1600,mode=mm
792.459,220,place,AC,BUY,1900,25.0600,1600,quote
792.692,220,place,AC,BUY,600,25.0700,1600,quote
792.881,220,place,AC,SELL,2700,25.1200,1600,quote
792.953,220,place,CNR,SELL,400,159.8800,-2940,quote
792.992,220,fill,AC,BUY,1300,25.0950,2900,mode=mm
793.213,220,fill,AC,SELL,2100,25.0950,800,mode=mm
793.216,220,place,AC,BUY,700,25.0800,800,quote
793.426,220,fill,AC,BUY,100,25.0950,900,mode=mm
793.720,220,place,AC,BUY,2100,25.0900,900,quote
793.746,220,place,AC,SELL,2600,25.1100,900,quote
793.967,220,fill,AC,SELL,500,25.1000,400,mode=mm
793.970,220,place,AC,BUY,2300,25.1000,400,quote
793.970,220,place,AC,SELL,2500,25.1200,400,quote
794.242,220,fill,AC,SELL,200,25.1100,200,mode=mm
794.501,220,place,CNR,SELL,800,159.8700,-2940,quote
794.719,220,place,AC,BUY,2400,25.1200,200,quote
794.719,220,place,AC,SELL,2500,25.1300,200,quote
795.013,220,fill,AC,BUY,2400,25.1250,2600,mode=mm
795.292,220,fill,CNR,SELL,263,159.8550,-3203,mode=mm
795.295,220,place,AC,BUY,1700,25.1100,2600,quote
795.295,220,place,CNR,BUY,1500,159.8400,-3203,quote
795.528,220,fill,CNR,SELL,537,159.8550,-3740,mode=mm
795.528,220,fill,AC,BUY,1700,25.1200,4300,mode=mm
795.709,221,place,CNR,BUY,1500,159.8500,-3740,quote
795.709,221,place,CNR,SELL,200,159.9100,-3740,quote
795.709,221,place,AC,SELL,3200,25.1200,4300,quote
795.794,221,place,CNR,BUY,1500,159.8900,-3740,quote
795.842,221,place,AC,BUY,700,25.0900,4300,quote
796.087,221,fill,CNR,SELL,163,159.9050,-3903,mode=mm
796.087,221,fill,AC,SELL,3200,25.1100,1100,mode=mm
796.089,221,place,CNR,SELL,700,159.9700,-3903,quote
796.323,221,place,AC,BUY,2100,25.0800,1100,quote
796.323,221,place,AC,SELL,2600,25.1100,1100,quote
796.323,221,place,CNR,BUY,1500,159.9000,-3903,quote
796.522,221,fill,AC,SELL,1500,25.0950,-400,mode=mm
796.522,221,place,AC,BUY,2500,25.0900,-400,quote
796.522,221,place,CNR,BUY,1500,159.9100,-3903,quote
796.522,221,place,CNR,SELL,700,159.9600,-3903,quote
796.637,221,place,CNR,SELL,700,159.9500,-3903,quote
796.825,221,fill,CNR,SELL,500,159.9300,-4403,mode=mm
796.825,221,fill,AC,SELL,200,25.1000,-600,mode=mm
796.826,221,place,CNR,SELL,600,160.0000,-4403,quote
796.826,221,place,AC,BUY,1500,25.1000,-600,quote
797.042,221,fill,CNR,SELL,600,159.9450,-5003,mode=mm
797.044,221,stop,CNR,BUY,5000,160.0100,-5003,loss=11.0t stop=5.0t trend_against=False
797.044,221,place,CNR,BUY,5000,160.0100,-5003,agg
797.363,221,fill,CNR,BUY,5000,159.9350,-3,mode=mm
797.544,221,fill,AC,SELL,400,25.1050,-1000,mode=mm
797.544,221,place,AC,SELL,2100,25.1100,-1000,quote
798.115,221,stop,CNR,BUY,3,160.1200,-3,loss=8.0t stop=5.0t trend_against=False
798.116,221,place,CNR,BUY,3,160.1200,-3,agg
798.338,221,fill,CNR,BUY,3,160.0150,0,mode=mm
798.339,221,place,CNR,BUY,1200,159.9400,0,quote
798.339,221,place,CNR,BUY,1500,155.0900,0,ladder
798.339,221,place,CNR,SELL,1500,164.6900,0,ladder
798.339,221,place,CNR,BUY,1500,147.1000,0,ladder
798.339,221,place,CNR,SELL,1500,172.6800,0,ladder
798.339,221,place,CNR,BUY,2000,135.9100,0,ladder
798.339,221,place,CNR,SELL,2000,183.8700,0,ladder
798.556,221,place,CNR,BUY,1200,159.9500,0,quote
798.823,221,place,CNR,BUY,1200,159.9600,0,quote
799.031,221,place,CNR,BUY,2500,159.9800,0,quote
799.363,221,fill,CNR,BUY,1130,159.9800,1130,mode=mm
799.364,221,place,CNR,BUY,2100,159.9700,1130,quote
799.364,221,place,CNR,SELL,1100,159.9800,1130,quote
799.407,221,place,CNR,BUY,700,159.9800,1130,quote
799.407,221,place,CNR,SELL,1100,159.9900,1130,quote
799.596,221,fill,CNR,SELL,830,159.9850,300,mode=mm
799.597,221,place,CNR,BUY,700,160.0200,300,quote
799.597,221,place,CNR,SELL,300,160.1200,300,quote
799.667,222,regime,CNR,,,,,"chop -> mixed (er=0.40, net +19t over 14s)"
799.855,222,fill,CNR,BUY,500,160.0600,800,mode=mm
799.856,222,place,CNR,BUY,2200,160.0200,800,quote
800.086,222,place,CNR,BUY,2200,160.0400,800,quote
800.363,222,fill,CNR,BUY,500,160.0700,1300,mode=mm
800.625,222,fill,CNR,BUY,1700,160.0700,3000,mode=mm
800.628,222,place,CNR,BUY,1600,160.0400,3000,quote
800.628,222,place,CNR,SELL,3000,160.0500,3000,quote
801.988,222,regime,CNR,,,,,"mixed -> TREND (er=0.56, net +18t over 14s)"
802.117,222,regime,AC,,,,,"chop -> mixed (er=0.27, net +5t over 14s)"
802.251,222,place,CNR,BUY,800,160.0300,3000,quote
802.251,222,place,CNR,SELL,1500,160.0600,3000,quote
802.639,222,regime,AC,,,,,"mixed -> chop (er=0.25, net +5t over 14s)"
803.614,222,fill,AC,BUY,700,25.1050,-300,mode=mm
803.618,222,place,AC,BUY,2500,25.1000,-300,quote
806.331,223,regime,AC,,,,,"chop -> mixed (er=0.26, net +3t over 14s)"
806.589,223,regime,AC,,,,,"mixed -> chop (er=0.13, net +1t over 14s)"
808.689,224,regime,AC,,,,,"chop -> mixed (er=0.40, net -2t over 14s)"
809.986,224,regime,AC,,,,,"mixed -> chop (er=0.14, net -0t over 14s)"
810.244,224,regime,AC,,,,,"chop -> mixed (er=0.33, net -1t over 14s)"
811.283,224,regime,AC,,,,,"mixed -> chop (er=0.00, net +0t over 14s)"
811.387,224,regime,CNR,,,,,"TREND -> mixed (er=0.58, net +7t over 14s)"
811.593,225,place,CNR,SELL,1500,160.0700,3000,quote
811.643,225,place,CNR,BUY,1600,160.0400,3000,quote
811.643,225,place,CNR,SELL,3000,160.0500,3000,quote
814.764,225,regime,CNR,,,,,"mixed -> chop (er=0.00, net +0t over 14s)"
825.662,228,regime,CNR,,,,,"chop -> mixed (er=1.00, net -0t over 14s)"
825.920,228,regime,CNR,,,,,"mixed -> chop (er=0.00, net +0t over 14s)"
831.453,229,fill,CNR,BUY,198,160.0450,3198,mode=mm
831.754,229,fill,CNR,SELL,3000,160.0450,198,mode=mm
831.755,229,place,CNR,SELL,2500,160.0500,198,quote
832.039,230,fill,CNR,BUY,1402,160.0450,1600,mode=mm
832.041,230,place,CNR,BUY,1900,160.0400,1600,quote
834.568,230,fill,CNR,SELL,2500,160.0450,-900,mode=mm
834.570,230,place,CNR,SELL,2100,160.0500,-900,quote
835.076,230,fill,CNR,BUY,1900,160.0450,1000,mode=mm
835.078,230,place,CNR,BUY,2100,160.0400,1000,quote
835.820,231,fill,CNR,SELL,600,160.0450,400,mode=mm
836.596,231,fill,CNR,BUY,600,160.0450,1000,mode=mm
836.597,231,place,CNR,BUY,2100,160.0400,1000,quote
836.597,231,place,CNR,SELL,2600,160.0500,1000,quote
837.848,231,fill,CNR,BUY,2000,160.0450,3000,mode=mm
837.849,231,place,CNR,BUY,1600,160.0400,3000,quote
839.643,232,fill,CNR,BUY,1600,160.0450,4600,mode=mm
839.645,232,place,CNR,BUY,1200,160.0300,4600,quote
840.138,232,fill,CNR,SELL,2000,160.0450,2600,mode=mm
840.141,232,place,CNR,BUY,1700,160.0400,2600,quote
840.141,232,place,CNR,SELL,2900,160.0500,2600,quote
840.389,232,fill,CNR,BUY,950,160.0450,3550,mode=mm
840.682,232,place,CNR,BUY,1500,160.0300,3550,quote
840.682,232,place,CNR,SELL,3100,160.0400,3550,quote
840.713,232,fill,CNR,BUY,750,160.0400,4300,mode=mm
840.713,232,place,CNR,BUY,1300,160.0200,4300,quote
840.838,232,regime,CNR,,,,,"chop -> mixed (er=1.00, net -0t over 14s)"
840.902,232,fill,CNR,BUY,1500,160.0400,5800,mode=mm
841.193,232,fill,CNR,BUY,1300,160.0350,7100,mode=mm
841.195,232,place,CNR,BUY,900,160.0100,7100,quote
841.195,232,place,CNR,SELL,3700,160.0300,7100,quote
841.678,232,fill,CNR,BUY,900,160.0250,8000,mode=mm
841.679,232,place,CNR,BUY,700,160.0000,8000,quote
841.679,232,place,CNR,SELL,3900,160.0200,8000,quote
841.953,232,place,CNR,BUY,700,159.9900,8000,quote
841.953,232,place,CNR,SELL,3900,160.0000,8000,quote
842.213,232,fill,CNR,SELL,2500,160.0050,5500,mode=mm
842.214,232,place,CNR,BUY,1100,159.9800,5500,quote
842.214,232,place,CNR,BUY,1500,155.2400,5500,ladder
842.214,232,place,CNR,BUY,1500,147.2300,5500,ladder
842.214,232,place,CNR,BUY,2000,136.0300,5500,ladder
842.476,232,fill,CNR,BUY,700,160.0000,6200,mode=mm
842.725,232,fill,CNR,SELL,300,159.9950,5900,mode=mm
842.727,232,place,CNR,BUY,1000,159.9700,5900,quote
842.727,232,place,CNR,SELL,3500,159.9800,5900,quote
842.986,232,fill,CNR,SELL,3500,159.9850,2400,mode=mm
843.208,232,fill,CNR,BUY,1000,159.9800,3400,mode=mm
843.448,232,regime,CNR,,,,,"3 stop-outs in 85s -> toxic flow: half size, no stepping inside for 30s"
843.448,232,stop,CNR,SELL,3400,159.9100,3400,loss=5.5t stop=5.0t trend_against=False
843.450,232,place,CNR,SELL,3400,159.9100,3400,agg
843.759,233,fill,CNR,SELL,3400,159.9550,0,mode=mm
843.761,233,fill,AC,BUY,2500,25.1050,2200,mode=mm
843.764,233,place,CNR,SELL,1200,159.9600,0,quote
843.764,233,place,AC,BUY,1000,25.1000,2200,quote
843.764,233,place,CNR,BUY,1500,155.2200,0,ladder
843.764,233,place,CNR,SELL,500,164.8200,0,ladder
843.764,233,place,CNR,BUY,1500,147.2200,0,ladder
843.764,233,place,CNR,BUY,2000,136.0200,0,ladder
843.802,233,place,CNR,SELL,1500,172.8200,0,ladder
843.802,233,place,CNR,SELL,2000,184.0200,0,ladder
844.122,233,regime,CNR,,,,,"mixed -> TREND (er=1.00, net -18t over 14s)"
844.123,233,place,CNR,SELL,400,159.9100,0,quote
844.398,233,place,CNR,SELL,1200,159.9000,0,quote
844.485,233,place,CNR,SELL,1200,159.8900,0,quote
844.722,233,place,CNR,SELL,1200,159.8500,0,quote
844.982,233,place,CNR,SELL,1200,159.8400,0,quote
845.221,233,place,CNR,SELL,1200,159.8300,0,quote
845.487,233,place,CNR,SELL,1200,159.8200,0,quote
845.706,233,place,CNR,SELL,1200,159.8100,0,quote
846.474,233,place,CNR,SELL,1200,159.8000,0,quote
847.038,233,place,CNR,SELL,1200,159.7900,0,quote
847.531,233,place,CNR,SELL,1200,159.7800,0,quote
848.806,234,place,CNR,SELL,1200,159.7700,0,quote
850.105,234,place,CNR,SELL,1200,159.7800,0,quote
850.589,234,place,CNR,SELL,1200,159.7700,0,quote
851.136,234,place,CNR,SELL,1200,159.7800,0,quote
851.427,235,place,CNR,SELL,1200,159.7700,0,quote
851.644,235,place,CNR,SELL,1200,159.7600,0,quote
851.897,235,place,CNR,SELL,1200,159.7500,0,quote
852.119,235,place,CNR,SELL,1200,159.7400,0,quote
852.908,235,place,CNR,SELL,1200,159.7300,0,quote
853.422,235,place,CNR,SELL,1200,159.7400,0,quote
853.454,235,fill,CNR,SELL,640,159.7200,-640,mode=mm
853.755,235,fill,CNR,SELL,560,159.7200,-1200,mode=mm
854.194,235,place,CNR,SELL,1000,159.7300,-1200,quote
854.455,235,place,CNR,SELL,1000,159.7200,-1200,quote
854.936,235,place,CNR,SELL,1000,159.7100,-1200,quote
855.479,235,place,CNR,SELL,1000,159.7000,-1200,quote
856.291,236,fill,CNR,SELL,1000,159.6500,-2200,mode=mm
856.292,236,place,CNR,SELL,900,159.7200,-2200,quote
857.259,236,place,CNR,SELL,900,159.7100,-2200,quote
857.511,236,place,CNR,SELL,900,159.7000,-2200,quote
858.030,236,place,CNR,SELL,900,159.6900,-2200,quote
858.277,236,place,CNR,SELL,900,159.6700,-2200,quote
858.520,236,place,CNR,SELL,900,159.6600,-2200,quote
858.807,236,place,CNR,SELL,900,159.6700,-2200,quote
859.308,236,place,CNR,SELL,900,159.6600,-2200,quote
859.430,236,place,CNR,SELL,900,159.6500,-2200,quote
860.034,237,place,CNR,SELL,900,159.6400,-2200,quote
860.346,237,place,CNR,SELL,900,159.6300,-2200,quote
861.080,237,place,CNR,SELL,900,159.6400,-2200,quote
861.343,237,fill,CNR,SELL,900,159.6100,-3100,mode=mm
861.345,237,place,CNR,BUY,1500,159.5800,-3100,quote
861.345,237,place,CNR,SELL,800,159.6500,-3100,quote
861.582,237,place,CNR,SELL,800,159.6600,-3100,quote
861.836,237,place,CNR,SELL,800,159.6500,-3100,quote
862.330,237,place,CNR,SELL,800,159.6400,-3100,quote
862.614,237,place,CNR,SELL,800,159.6300,-3100,quote
862.891,237,place,CNR,BUY,1500,159.5700,-3100,quote
862.891,237,place,CNR,SELL,800,159.6400,-3100,quote
863.125,237,place,CNR,SELL,800,159.6300,-3100,quote
863.351,237,place,CNR,BUY,1500,159.5800,-3100,quote
863.351,237,place,CNR,SELL,800,159.6400,-3100,quote
863.506,237,fill,CNR,SELL,800,159.6100,-3900,mode=mm
863.507,237,place,CNR,SELL,700,159.6500,-3900,quote
863.665,237,fill,CNR,SELL,800,159.6150,-4700,mode=mm
863.665,237,place,CNR,BUY,1600,159.5900,-4700,quote
863.665,237,place,CNR,SELL,600,159.6600,-4700,quote
863.866,238,place,CNR,SELL,600,159.6700,-4700,quote
864.179,238,fill,CNR,BUY,1600,159.6250,-3100,mode=mm
864.180,238,place,CNR,BUY,1500,159.5700,-3100,quote
864.180,238,place,CNR,SELL,800,159.6500,-3100,quote
864.415,238,place,CNR,BUY,1500,159.5800,-3100,quote
864.672,238,place,CNR,BUY,1500,159.5700,-3100,quote
864.672,238,place,CNR,SELL,800,159.6600,-3100,quote
865.153,238,place,CNR,SELL,800,159.6500,-3100,quote
865.418,238,place,CNR,BUY,1500,159.5800,-3100,quote
865.418,238,place,CNR,SELL,800,159.6600,-3100,quote
865.684,238,place,CNR,SELL,800,159.6400,-3100,quote
865.983,238,fill,CNR,BUY,1500,159.6100,-1600,mode=mm
866.159,238,place,CNR,SELL,900,159.6500,-1600,quote
866.440,238,place,CNR,SELL,900,159.6400,-1600,quote
867.721,238,place,CNR,SELL,900,159.6300,-1600,quote
868.232,239,place,CNR,SELL,900,159.6200,-1600,quote
868.743,239,place,CNR,SELL,900,159.6100,-1600,quote
869.001,239,place,CNR,SELL,900,159.6000,-1600,quote
869.276,239,fill,AC,BUY,687,25.1050,2887,mode=mm
869.277,239,place,AC,BUY,1600,25.1000,2887,quote
869.615,239,regime,CNR,,,,,"TREND -> mixed (er=0.31, net -7t over 14s)"
869.981,239,place,CNR,SELL,900,159.5900,-1600,quote
870.265,239,place,CNR,SELL,900,159.5800,-1600,quote
870.496,239,place,CNR,SELL,900,159.5700,-1600,quote
871.757,240,place,CNR,SELL,900,159.5600,-1600,quote
873.045,240,place,CNR,SELL,900,159.5500,-1600,quote
873.826,240,place,CNR,SELL,1900,159.5300,-1600,quote
873.826,240,place,CNR,BUY,1500,154.7800,-1600,ladder
873.826,240,place,CNR,SELL,1500,164.3600,-1600,ladder
873.826,240,place,CNR,BUY,1500,146.8000,-1600,ladder
873.826,240,place,CNR,SELL,1500,172.3400,-1600,ladder
873.826,240,place,CNR,BUY,2000,135.6300,-1600,ladder
873.826,240,place,CNR,SELL,2000,183.5100,-1600,ladder
875.353,240,place,CNR,SELL,1900,159.5200,-1600,quote
876.400,241,fill,CNR,SELL,800,159.5150,-2400,mode=mm
876.880,241,fill,CNR,SELL,1100,159.5150,-3500,mode=mm
876.881,241,place,CNR,BUY,3100,159.5100,-3500,quote
876.881,241,place,CNR,SELL,1500,159.5200,-3500,quote
877.457,241,fill,CNR,SELL,1500,159.5150,-5000,mode=mm
877.459,241,place,CNR,BUY,3300,159.5200,-5000,quote
877.459,241,place,CNR,SELL,1200,159.5400,-5000,quote
877.757,241,fill,CNR,BUY,400,159.5200,-4600,mode=mm
877.965,241,fill,CNR,BUY,2900,159.5200,-1700,mode=mm
877.966,241,place,CNR,SELL,1900,159.5300,-1700,quote
878.162,241,place,CNR,SELL,1900,159.5200,-1700,quote
880.870,242,regime,CNR,,,,,"mixed -> TREND (er=0.86, net -12t over 14s)"
881.131,242,place,CNR,SELL,900,159.5100,-1700,quote
881.131,242,place,CNR,BUY,1500,154.7300,-1700,ladder
881.131,242,place,CNR,SELL,1500,164.3000,-1700,ladder
881.131,242,place,CNR,BUY,1500,146.7600,-1700,ladder
881.131,242,place,CNR,SELL,1500,172.2800,-1700,ladder
881.131,242,place,CNR,BUY,2000,135.5900,-1700,ladder
881.131,242,place,CNR,SELL,2000,183.4500,-1700,ladder
881.957,242,place,CNR,SELL,900,159.5000,-1700,quote
884.054,243,place,CNR,SELL,900,159.4900,-1700,quote
884.539,243,place,CNR,SELL,900,159.4800,-1700,quote
885.042,243,place,CNR,SELL,900,159.4900,-1700,quote
885.296,243,place,CNR,SELL,900,159.4800,-1700,quote
885.540,243,place,CNR,SELL,900,159.4700,-1700,quote
885.836,243,place,CNR,SELL,900,159.4800,-1700,quote
886.074,243,fill,CNR,SELL,500,159.4550,-2200,mode=mm
886.076,243,place,CNR,SELL,900,159.4700,-2200,quote
886.353,243,place,CNR,SELL,900,159.4800,-2200,quote
886.647,243,fill,CNR,SELL,1800,159.4550,-4000,mode=mm
886.649,243,place,CNR,BUY,1600,159.4300,-4000,quote
886.649,243,place,CNR,SELL,700,159.4900,-4000,quote
886.839,243,place,CNR,BUY,1600,159.4400,-4000,quote
887.130,243,place,CNR,SELL,700,159.5000,-4000,quote
887.235,243,regime,CNR,,,,,"TREND -> mixed (er=0.52, net -6t over 14s)"
887.345,243,place,CNR,SELL,700,159.4900,-4000,quote
887.489,244,place,CNR,BUY,3200,159.4600,-4000,quote
887.489,244,place,CNR,SELL,1400,159.4700,-4000,quote
887.919,244,fill,CNR,SELL,1400,159.4700,-5400,mode=mm
887.921,244,place,CNR,BUY,3400,159.4600,-5400,quote
887.921,244,place,CNR,BUY,1500,154.6900,-5400,ladder
887.921,244,place,CNR,SELL,1500,164.2600,-5400,ladder
887.921,244,place,CNR,BUY,1500,146.7200,-5400,ladder
887.921,244,place,CNR,SELL,1500,172.2400,-5400,ladder
887.921,244,place,CNR,BUY,2000,135.5600,-5400,ladder
887.921,244,place,CNR,SELL,700,183.4000,-5400,ladder
887.954,244,place,CNR,SELL,100,159.4800,-5400,quote
888.121,244,place,CNR,SELL,100,159.4800,-5400,quote
888.396,244,fill,CNR,SELL,100,159.4650,-5500,mode=mm
888.401,244,place,CNR,BUY,3400,159.4700,-5500,quote
888.401,244,place,CNR,SELL,600,159.5000,-5500,quote
888.636,244,place,CNR,SELL,600,159.4900,-5500,quote
888.882,244,place,CNR,BUY,3400,159.4800,-5500,quote
888.882,244,place,CNR,SELL,1100,159.5000,-5500,quote
889.026,244,regime,CNR,,,,,"mixed -> chop (er=0.23, net -3t over 14s)"
889.704,244,place,CNR,BUY,3400,159.5000,-5500,quote
889.704,244,place,CNR,SELL,1100,159.5200,-5500,quote
889.738,244,fill,CNR,SELL,1100,159.5000,-6600,mode=mm
890.253,244,fill,CNR,BUY,3400,159.5050,-3200,mode=mm
890.684,244,place,CNR,BUY,3000,159.5100,-3200,quote
890.684,244,place,CNR,SELL,1500,159.5200,-3200,quote
890.684,244,place,CNR,BUY,1500,154.7000,-3200,ladder
890.684,244,place,CNR,SELL,1500,164.2700,-3200,ladder
890.684,244,place,CNR,BUY,1500,146.7300,-3200,ladder
890.684,244,place,CNR,SELL,1500,172.2400,-3200,ladder
890.684,244,place,CNR,BUY,2000,135.5600,-3200,ladder
890.684,244,place,CNR,SELL,2000,183.4100,-3200,ladder
891.017,244,fill,CNR,SELL,1500,159.5150,-4700,mode=mm
891.021,244,place,CNR,BUY,3300,159.5200,-4700,quote
891.021,244,place,CNR,SELL,1200,159.5500,-4700,quote
891.073,244,place,CNR,SELL,1200,159.5400,-4700,quote
891.229,244,fill,CNR,BUY,3300,159.5250,-1400,mode=mm
891.230,244,place,CNR,SELL,2000,159.5300,-1400,quote
892.233,245,place,CNR,SELL,2000,159.5200,-1400,quote
892.772,245,place,CNR,SELL,2000,159.4500,-1400,quote
892.772,245,place,CNR,BUY,1500,154.7100,-1400,ladder
892.772,245,place,CNR,SELL,1500,164.2800,-1400,ladder
892.772,245,place,CNR,BUY,1500,146.7300,-1400,ladder
892.772,245,place,CNR,SELL,1500,172.2500,-1400,ladder
892.772,245,place,CNR,BUY,2000,135.5700,-1400,ladder
892.772,245,place,CNR,SELL,2000,183.4200,-1400,ladder
893.787,245,fill,CNR,SELL,600,159.4450,-2000,mode=mm
893.787,245,place,CNR,SELL,1100,159.5300,-2000,quote
893.787,245,place,CNR,BUY,1500,154.7000,-2000,ladder
893.787,245,place,CNR,SELL,1500,164.2700,-2000,ladder
893.787,245,place,CNR,BUY,1500,146.7300,-2000,ladder
893.787,245,place,CNR,SELL,100,172.2400,-2000,ladder
893.787,245,place,CNR,BUY,2000,135.5600,-2000,ladder
893.820,245,place,CNR,SELL,2000,183.4100,-2000,ladder
894.003,245,place,CNR,SELL,1800,159.5200,-2000,quote
894.047,245,place,CNR,SELL,1800,159.5100,-2000,quote
894.243,245,place,CNR,SELL,1000,159.5000,-2000,quote
894.761,245,place,CNR,SELL,1800,159.5800,-2000,quote
894.761,245,place,CNR,BUY,1500,154.7000,-2000,ladder
894.761,245,place,CNR,SELL,1500,164.2700,-2000,ladder
894.761,245,place,CNR,BUY,1500,146.7300,-2000,ladder
894.761,245,place,CNR,SELL,1500,172.2500,-2000,ladder
894.761,245,place,CNR,BUY,2000,135.5600,-2000,ladder
894.761,245,place,CNR,SELL,2000,183.4100,-2000,ladder
895.054,245,stop,CNR,BUY,2000,159.5600,-2000,loss=9.0t stop=5.0t trend_against=False
895.054,245,place,CNR,BUY,2000,159.5600,-2000,agg
895.389,245,fill,CNR,BUY,2000,159.5100,0,mode=mm
895.391,245,place,CNR,BUY,1500,154.7100,0,ladder
895.391,245,place,CNR,SELL,1500,164.2800,0,ladder
895.391,245,place,CNR,BUY,1500,146.7300,0,ladder
895.391,245,place,CNR,SELL,1500,172.2500,0,ladder
895.391,245,place,CNR,BUY,2000,135.5700,0,ladder
895.391,245,place,CNR,SELL,700,183.4200,0,ladder
896.802,246,fill,AC,SELL,1099,25.1050,1788,mode=mm
897.103,246,fill,AC,SELL,1001,25.1050,787,mode=mm
897.105,246,place,AC,SELL,2600,25.1100,787,quote
897.105,246,place,CNR,BUY,1500,154.7200,0,ladder
897.105,246,place,CNR,SELL,1500,164.2900,0,ladder
897.105,246,place,CNR,BUY,1500,146.7400,0,ladder
897.105,246,place,CNR,SELL,1500,172.2600,0,ladder
897.105,246,place,CNR,BUY,2000,135.5800,0,ladder
897.105,246,place,CNR,SELL,2000,183.4300,0,ladder
898.264,246,place,CNR,SELL,2500,159.4700,0,quote
898.360,246,place,CNR,SELL,2500,159.4600,0,quote
898.624,246,place,CNR,SELL,2500,159.4500,0,quote
899.166,246,fill,CNR,SELL,1200,159.4400,-1200,mode=mm
899.909,247,place,CNR,SELL,2100,159.4400,-1200,quote
899.909,247,place,CNR,BUY,1500,154.6900,-1200,ladder
899.909,247,place,CNR,SELL,1500,164.2600,-1200,ladder
899.909,247,place,CNR,BUY,1500,146.7200,-1200,ladder
899.909,247,place,CNR,SELL,1500,172.2300,-1200,ladder
899.909,247,place,CNR,BUY,2000,135.5500,-1200,ladder
899.909,247,place,CNR,SELL,2000,183.4000,-1200,ladder
900.192,247,place,CNR,SELL,2100,159.4300,-1200,quote
904.944,248,regime,CNR,,,,,"chop -> mixed (er=0.27, net -11t over 14s)"
905.282,248,place,CNR,SELL,2100,159.4100,-1200,quote
905.282,248,place,CNR,BUY,1500,154.6400,-1200,ladder
905.282,248,place,CNR,SELL,1500,164.2100,-1200,ladder
905.282,248,place,CNR,BUY,1500,146.6700,-1200,ladder
905.282,248,place,CNR,SELL,1500,172.1800,-1200,ladder
905.282,248,place,CNR,BUY,2000,135.5100,-1200,ladder
905.282,248,place,CNR,SELL,2000,183.3400,-1200,ladder
905.553,248,place,CNR,SELL,2100,159.4000,-1200,quote
907.011,248,regime,CNR,,,,,"mixed -> chop (er=0.16, net -5t over 14s)"
907.554,249,place,CNR,SELL,2100,159.4000,-1200,quote
907.554,249,place,CNR,BUY,1500,154.6300,-1200,ladder
907.554,249,place,CNR,SELL,1500,164.2000,-1200,ladder
907.554,249,place,CNR,BUY,1500,146.6600,-1200,ladder
907.554,249,place,CNR,SELL,1500,172.1700,-1200,ladder
907.554,249,place,CNR,BUY,2000,135.5000,-1200,ladder
907.554,249,place,CNR,SELL,2000,183.3300,-1200,ladder
907.815,249,regime,CNR,,,,,"chop -> mixed (er=0.41, net -11t over 14s)"
908.858,249,regime,CNR,,,,,"mixed -> TREND (er=0.65, net -15t over 14s)"
909.126,249,place,CNR,SELL,1000,159.4000,-1200,quote
909.126,249,place,CNR,BUY,1500,154.6200,-1200,ladder
909.126,249,place,CNR,SELL,1500,164.1900,-1200,ladder
909.126,249,place,CNR,BUY,1500,146.6500,-1200,ladder
909.126,249,place,CNR,SELL,1500,172.1600,-1200,ladder
909.126,249,place,CNR,BUY,2000,135.4900,-1200,ladder
909.126,249,place,CNR,SELL,2000,183.3200,-1200,ladder
909.832,249,place,CNR,SELL,1000,159.3900,-1200,quote
912.119,250,place,CNR,SELL,1000,159.3800,-1200,quote
913.102,250,regime,CNR,,,,,"TREND -> mixed (er=1.00, net -7t over 14s)"
914.461,250,place,CNR,SELL,2100,159.3700,-1200,quote
914.461,250,place,CNR,BUY,1500,154.6000,-1200,ladder
914.461,250,place,CNR,SELL,1500,164.1600,-1200,ladder
914.461,250,place,CNR,BUY,1500,146.6300,-1200,ladder
914.461,250,place,CNR,SELL,1500,172.1300,-1200,ladder
914.461,250,place,CNR,BUY,2000,135.4700,-1200,ladder
914.461,250,place,CNR,SELL,2000,183.2900,-1200,ladder
915.182,250,place,CNR,SELL,2100,159.3700,-1200,quote
915.182,250,place,CNR,BUY,1500,154.6000,-1200,ladder
915.182,250,place,CNR,SELL,1500,164.1600,-1200,ladder
915.182,250,place,CNR,BUY,1500,146.6300,-1200,ladder
915.182,250,place,CNR,SELL,1500,172.1300,-1200,ladder
915.182,250,place,CNR,BUY,2000,135.4700,-1200,ladder
915.182,250,place,CNR,SELL,2000,183.2800,-1200,ladder
915.437,250,place,CNR,SELL,2100,159.3600,-1200,quote
915.739,250,fill,CNR,SELL,2100,159.3550,-3300,mode=mm
915.741,250,place,CNR,BUY,3000,159.3500,-3300,quote
916.987,251,place,CNR,SELL,1500,159.3600,-3300,quote
917.247,251,fill,CNR,SELL,300,159.3550,-3600,mode=mm
917.541,251,fill,CNR,BUY,1800,159.3550,-1800,mode=mm
917.543,251,place,CNR,SELL,1900,159.3700,-1800,quote
917.984,251,place,CNR,SELL,1900,159.3600,-1800,quote
918.535,251,fill,CNR,SELL,1550,159.3500,-3350,mode=mm
918.542,251,place,CNR,BUY,3000,159.3500,-3350,quote
918.542,251,place,CNR,SELL,1500,159.3600,-3350,quote
918.764,251,fill,CNR,SELL,1500,159.3500,-4850,mode=mm
918.765,251,place,CNR,SELL,1200,159.3700,-4850,quote
919.049,251,fill,CNR,BUY,3000,159.3500,-1850,mode=mm
920.797,252,place,CNR,SELL,1900,159.3600,-1850,quote
920.797,252,place,CNR,BUY,1500,154.5800,-1850,ladder
920.797,252,place,CNR,SELL,1500,164.1400,-1850,ladder
920.797,252,place,CNR,BUY,1500,146.6100,-1850,ladder
920.797,252,place,CNR,SELL,1500,172.1100,-1850,ladder
920.797,252,place,CNR,BUY,2000,135.4500,-1850,ladder
920.797,252,place,CNR,SELL,2000,183.2600,-1850,ladder
923.330,252,place,CNR,SELL,1900,159.3400,-1850,quote
923.330,252,place,CNR,BUY,1500,154.5700,-1850,ladder
923.330,252,place,CNR,SELL,1500,164.1300,-1850,ladder
923.330,252,place,CNR,BUY,1500,146.6000,-1850,ladder
923.330,252,place,CNR,SELL,1500,172.1000,-1850,ladder
923.330,252,place,CNR,BUY,2000,135.4500,-1850,ladder
923.330,252,place,CNR,SELL,2000,183.2500,-1850,ladder
923.520,253,place,CNR,SELL,1900,159.3300,-1850,quote
926.926,253,place,CNR,SELL,1900,159.3300,-1850,quote
926.926,253,place,CNR,BUY,1500,154.5500,-1850,ladder
926.926,253,place,CNR,SELL,1500,164.1100,-1850,ladder
926.926,253,place,CNR,BUY,1500,146.5900,-1850,ladder
926.926,253,place,CNR,SELL,1500,172.0800,-1850,ladder
926.926,253,place,CNR,BUY,2000,135.4300,-1850,ladder
926.926,253,place,CNR,SELL,2000,183.2300,-1850,ladder
927.712,253,fill,CNR,SELL,1900,159.3250,-3750,mode=mm
927.713,254,place,CNR,BUY,3100,159.3200,-3750,quote
927.713,254,place,CNR,SELL,1400,159.3300,-3750,quote
927.975,254,fill,CNR,BUY,2600,159.3200,-1150,mode=mm
928.232,254,fill,CNR,SELL,1400,159.3200,-2550,mode=mm
928.234,254,place,CNR,SELL,1700,159.3300,-2550,quote
928.700,254,fill,CNR,SELL,1700,159.3250,-4250,mode=mm
928.701,254,place,CNR,BUY,3200,159.3200,-4250,quote
928.701,254,place,CNR,SELL,1300,159.3400,-4250,quote
929.196,254,fill,CNR,BUY,3200,159.3250,-1050,mode=mm
929.197,254,place,CNR,SELL,2100,159.3300,-1050,quote
929.724,254,fill,CNR,SELL,2100,159.3250,-3150,mode=mm
929.726,254,place,CNR,BUY,3000,159.3200,-3150,quote
929.726,254,place,CNR,SELL,1500,159.3300,-3150,quote
929.965,254,fill,CNR,SELL,649,159.3250,-3799,mode=mm
929.965,254,place,CNR,BUY,3100,159.3300,-3799,quote
929.965,254,place,CNR,SELL,1400,159.3400,-3799,quote
930.272,254,fill,CNR,BUY,2300,159.3300,-1499,mode=mm
930.273,254,place,CNR,SELL,2000,159.3300,-1499,quote
930.523,254,fill,CNR,SELL,1350,159.3200,-2849,mode=mm
931.019,254,place,CNR,SELL,1600,159.3300,-2849,quote
931.019,254,place,CNR,BUY,1500,154.5500,-2849,ladder
931.019,254,place,CNR,SELL,1500,164.1100,-2849,ladder
931.019,254,place,CNR,BUY,1500,146.5800,-2849,ladder
931.019,254,place,CNR,SELL,1500,172.0700,-2849,ladder
931.019,254,place,CNR,BUY,2000,135.4300,-2849,ladder
931.019,254,place,CNR,SELL,2000,183.2300,-2849,ladder
931.841,255,fill,CNR,SELL,1600,159.3250,-4449,mode=mm
931.842,255,place,CNR,BUY,3200,159.3300,-4449,quote
931.842,255,place,CNR,SELL,1300,159.3500,-4449,quote
932.045,255,place,CNR,BUY,3200,159.3400,-4449,quote
932.045,255,place,CNR,SELL,1300,159.3600,-4449,quote
932.187,255,regime,CNR,,,,,"mixed -> chop (er=0.08, net -1t over 14s)"
932.566,255,fill,CNR,SELL,1030,159.3450,-5479,mode=mm
932.567,255,place,CNR,BUY,3400,159.3500,-5479,quote
932.567,255,place,CNR,SELL,1100,159.3700,-5479,quote
932.839,255,fill,CNR,SELL,270,159.3500,-5749,mode=mm
933.085,255,fill,CNR,SELL,159,159.3550,-5908,mode=mm
933.087,255,place,CNR,BUY,3500,159.3700,-5908,quote
933.087,255,place,CNR,SELL,1000,159.4000,-5908,quote
933.217,255,place,CNR,SELL,1000,159.3900,-5908,quote
933.313,255,fill,CNR,BUY,2250,159.3700,-3658,mode=mm
936.398,256,regime,CNR,,,,,"chop -> mixed (er=0.28, net +3t over 14s)"
937.132,256,place,CNR,BUY,3100,159.3600,-3658,quote
937.132,256,place,CNR,SELL,1400,159.3700,-3658,quote
937.132,256,place,CNR,BUY,1500,154.5800,-3658,ladder
937.132,256,place,CNR,SELL,1500,164.1400,-3658,ladder
937.132,256,place,CNR,BUY,1500,146.6100,-3658,ladder
937.132,256,place,CNR,SELL,1500,172.1100,-3658,ladder
937.132,256,place,CNR,BUY,2000,135.4500,-3658,ladder
937.132,256,place,CNR,SELL,2000,183.2600,-3658,ladder
937.185,256,regime,CNR,,,,,"mixed -> chop (er=0.19, net +3t over 14s)"
937.430,256,fill,CNR,BUY,3100,159.3600,-558,mode=mm
937.650,256,place,CNR,BUY,2500,159.3500,-558,quote
937.650,256,place,CNR,SELL,2300,159.3600,-558,quote
938.216,256,fill,CNR,BUY,2100,159.3550,1542,mode=mm
938.219,256,place,CNR,BUY,2000,159.3000,1542,quote
938.219,256,place,CNR,SELL,2700,159.3200,1542,quote
944.555,258,place,CNR,BUY,2000,159.3100,1542,quote
944.555,258,place,CNR,SELL,2700,159.4000,1542,quote
944.555,258,place,CNR,BUY,1500,154.5400,1542,ladder
944.555,258,place,CNR,SELL,1500,164.1000,1542,ladder
944.555,258,place,CNR,BUY,1500,146.5800,1542,ladder
944.555,258,place,CNR,SELL,1500,172.0700,1542,ladder
944.555,258,place,CNR,BUY,2000,135.4200,1542,ladder
944.555,258,place,CNR,SELL,2000,183.2200,1542,ladder
944.788,258,place,CNR,BUY,2000,159.3300,1542,quote
944.788,258,place,CNR,SELL,2700,159.3900,1542,quote
945.064,258,place,CNR,BUY,2000,159.3400,1542,quote
945.064,258,place,CNR,SELL,2700,159.3800,1542,quote
945.119,258,place,CNR,SELL,2700,159.3700,1542,quote
945.336,258,place,CNR,BUY,2000,159.3500,1542,quote
945.336,258,place,CNR,SELL,2700,159.3600,1542,quote
945.699,258,fill,CNR,BUY,2000,159.3550,3542,mode=mm
948.106,259,place,CNR,BUY,1500,159.3400,3542,quote
948.106,259,place,CNR,SELL,3100,159.3500,3542,quote
948.106,259,place,CNR,BUY,1500,154.5600,3542,ladder
948.106,259,place,CNR,SELL,1500,164.1200,3542,ladder
948.106,259,place,CNR,BUY,1500,146.5900,3542,ladder
948.106,259,place,CNR,SELL,1500,172.0800,3542,ladder
948.106,259,place,CNR,BUY,2000,135.4400,3542,ladder
948.106,259,place,CNR,SELL,2000,183.2400,3542,ladder
949.140,259,place,CNR,BUY,1500,159.3400,3542,quote
949.140,259,place,CNR,SELL,3100,159.3500,3542,quote
949.140,259,place,CNR,BUY,1500,154.5600,3542,ladder
949.140,259,place,CNR,SELL,1500,164.1200,3542,ladder
949.140,259,place,CNR,BUY,1500,146.5900,3542,ladder
949.140,259,place,CNR,SELL,1500,172.0900,3542,ladder
949.140,259,place,CNR,BUY,2000,135.4400,3542,ladder
949.140,259,place,CNR,SELL,2000,183.2400,3542,ladder
949.671,259,fill,CNR,BUY,1500,159.3450,5042,mode=mm
949.672,259,place,CNR,BUY,1200,159.3300,5042,quote
949.672,259,place,CNR,SELL,3400,159.3500,5042,quote
949.672,259,place,CNR,BUY,1500,154.5600,5042,ladder
949.672,259,place,CNR,SELL,1500,164.1200,5042,ladder
949.672,259,place,CNR,BUY,1500,146.5900,5042,ladder
949.672,259,place,CNR,SELL,1500,172.0900,5042,ladder
949.672,259,place,CNR,BUY,2000,135.4400,5042,ladder
949.672,259,place,CNR,SELL,2000,183.2400,5042,ladder
949.892,259,fill,CNR,SELL,1800,159.3450,3242,mode=mm
950.149,259,place,CNR,BUY,1500,159.3400,3242,quote
950.149,259,place,CNR,SELL,3000,159.3500,3242,quote
950.149,259,place,CNR,BUY,1500,154.5600,3242,ladder
950.149,259,place,CNR,SELL,1500,164.1200,3242,ladder
950.149,259,place,CNR,BUY,1500,146.5900,3242,ladder
950.149,259,place,CNR,SELL,1500,172.0900,3242,ladder
950.149,259,place,CNR,BUY,400,135.4400,3242,ladder
950.149,259,place,CNR,SELL,1200,183.2400,3242,ladder
950.682,259,place,CNR,SELL,300,159.3500,3242,quote
950.682,259,place,CNR,SELL,100,164.1200,3242,ladder
950.727,259,place,CNR,BUY,1500,159.3400,3242,quote
950.727,259,place,CNR,BUY,1500,154.5600,3242,ladder
950.727,259,place,CNR,BUY,1500,146.5900,3242,ladder
950.727,259,place,CNR,SELL,1500,172.0900,3242,ladder
950.727,259,place,CNR,BUY,2000,135.4400,3242,ladder
950.727,259,place,CNR,SELL,2000,183.2400,3242,ladder
950.949,259,fill,CNR,BUY,1032,159.3500,4274,mode=mm
951.106,259,place,CNR,BUY,1300,159.3200,4274,quote
951.106,259,place,CNR,SELL,3200,159.3400,4274,quote
951.169,259,fill,CNR,SELL,3200,159.3400,1074,mode=mm
952.456,260,place,CNR,BUY,2100,159.3500,1074,quote
952.456,260,place,CNR,SELL,2600,159.3900,1074,quote
952.456,260,place,CNR,BUY,1500,154.5600,1074,ladder
952.456,260,place,CNR,SELL,1500,164.1200,1074,ladder
952.456,260,place,CNR,BUY,1500,146.6000,1074,ladder
952.456,260,place,CNR,SELL,1500,172.0900,1074,ladder
952.456,260,place,CNR,BUY,2000,135.4400,1074,ladder
952.456,260,place,CNR,SELL,2000,183.2400,1074,ladder
952.613,260,regime,CNR,,,,,"chop -> mixed (er=0.38, net +6t over 14s)"
952.784,260,fill,CNR,SELL,2600,159.3700,-1526,mode=mm
952.786,260,place,CNR,BUY,2700,159.3600,-1526,quote
952.786,260,place,CNR,SELL,2000,159.3800,-1526,quote
955.258,260,place,RY,BUY,1200,429.5400,0,quote
955.496,260,fill,RY,BUY,85,429.5550,85,mode=mm
955.499,260,place,CNR,BUY,2700,159.3800,-1526,quote
955.499,260,place,CNR,SELL,2000,159.4200,-1526,quote
955.499,260,place,CNR,BUY,1500,154.5800,-1526,ladder
955.499,260,place,CNR,SELL,1500,164.1400,-1526,ladder
955.499,260,place,CNR,BUY,1500,146.6100,-1526,ladder
955.499,260,place,CNR,SELL,1500,172.1100,-1526,ladder
955.499,260,place,CNR,BUY,2000,135.4600,-1526,ladder
955.499,260,place,CNR,SELL,2000,183.2600,-1526,ladder
955.589,260,stop,CNR,BUY,1526,159.5100,-1526,loss=7.0t stop=5.0t trend_against=False
955.589,260,place,CNR,BUY,1526,159.5100,-1526,agg
955.848,260,fill,CNR,BUY,1526,159.4150,0,mode=mm
955.849,260,place,CNR,BUY,2500,159.3900,0,quote
956.075,260,fill,CNR,BUY,2500,159.4000,2500,mode=mm
956.076,260,place,CNR,SELL,2500,159.4000,2500,quote
957.381,261,place,CNR,BUY,1700,159.3900,2500,quote
957.807,261,fill,CNR,SELL,2500,159.3950,0,mode=mm
958.593,261,fill,CNR,BUY,1700,159.3950,1700,mode=mm
958.595,261,place,CNR,BUY,1900,159.3900,1700,quote
958.595,261,place,CNR,SELL,1700,159.4000,1700,quote
959.117,261,fill,CNR,BUY,1618,159.3950,3318,mode=mm
959.145,261,place,CNR,BUY,1500,159.3900,3318,quote
959.377,261,fill,CNR,SELL,1700,159.3950,1618,mode=mm
959.379,261,place,CNR,SELL,2700,159.4000,1618,quote
960.175,262,fill,CNR,SELL,1752,159.3950,-134,mode=mm
960.177,262,place,CNR,SELL,2400,159.4000,-134,quote
960.350,262,fill,CNR,BUY,1217,159.3950,1083,mode=mm
960.351,262,place,CNR,BUY,2100,159.3900,1083,quote
960.612,262,fill,CNR,BUY,1509,159.3950,2592,mode=mm
960.614,262,place,CNR,BUY,1700,159.3900,2592,quote
961.156,262,fill,CNR,BUY,1700,159.3950,4292,mode=mm
961.158,262,place,CNR,BUY,1300,159.3800,4292,quote
961.930,262,fill,CNR,SELL,1500,159.3950,2792,mode=mm
961.932,262,place,CNR,BUY,1600,159.3900,2792,quote
961.932,262,place,CNR,SELL,2900,159.4000,2792,quote
962.878,262,fill,CNR,BUY,1600,159.3950,4392,mode=mm
962.880,262,place,CNR,BUY,1300,159.3800,4392,quote
964.741,263,fill,CNR,BUY,900,159.3950,5292,mode=mm
964.743,263,place,CNR,BUY,1100,159.3700,5292,quote
964.743,263,place,CNR,SELL,3400,159.3900,5292,quote
964.970,263,place,CNR,BUY,1100,159.3600,5292,quote
964.970,263,place,CNR,SELL,3400,159.3800,5292,quote
965.732,263,fill,CNR,SELL,3400,159.3750,1892,mode=mm
966.638,263,regime,CNR,,,,,"mixed -> chop (er=0.06, net +0t over 14s)"
966.773,263,place,CNR,BUY,1900,159.3000,1892,quote
966.773,263,place,CNR,SELL,2800,159.3700,1892,quote
966.773,263,place,CNR,BUY,1500,154.6000,1892,ladder
966.773,263,place,CNR,SELL,1500,164.1700,1892,ladder
966.773,263,place,CNR,BUY,1500,146.6300,1892,ladder
966.773,263,place,CNR,SELL,1500,172.1400,1892,ladder
966.773,263,place,CNR,BUY,2000,135.4800,1892,ladder
966.773,263,place,CNR,SELL,2000,183.2900,1892,ladder
967.073,263,fill,CNR,SELL,100,159.3400,1792,mode=mm
967.074,263,regime,CNR,,,,,"3 stop-outs in 85s -> toxic flow: half size, no stepping inside for 30s"
967.074,263,stop,CNR,SELL,1792,159.2500,1792,loss=8.8t stop=5.0t trend_against=False
967.076,263,place,CNR,SELL,1792,159.2500,1792,agg
967.160,263,regime,CNR,,,,,"chop -> mixed (er=0.28, net -3t over 14s)"
967.378,263,fill,CNR,SELL,232,159.3350,1560,mode=mm
967.379,263,place,CNR,SELL,1300,159.3800,1560,quote
967.379,263,place,CNR,BUY,1500,154.6000,1560,ladder
967.379,263,place,CNR,SELL,1500,164.1600,1560,ladder
967.379,263,place,CNR,BUY,1500,146.6300,1560,ladder
967.379,263,place,CNR,SELL,1500,172.1300,1560,ladder
967.379,263,place,CNR,BUY,2000,135.4700,1560,ladder
967.379,263,place,CNR,SELL,2000,183.2900,1560,ladder
967.612,263,place,CNR,SELL,1300,159.3700,1560,quote
967.837,263,place,CNR,SELL,1300,159.3600,1560,quote
968.093,264,fill,AC,SELL,2600,25.1050,-1813,mode=mm
968.095,264,place,CNR,SELL,1300,159.3500,1560,quote
968.095,264,place,AC,BUY,2800,25.1100,-1813,quote
968.095,264,place,AC,SELL,300,25.1200,-1813,quote
968.214,264,regime,AC,,,,,"chop -> mixed (er=1.00, net +1t over 14s)"
968.334,264,fill,AC,SELL,300,25.1150,-2113,mode=mm
968.336,264,place,AC,BUY,2800,25.1200,-2113,quote
968.336,264,place,AC,SELL,1800,25.1300,-2113,quote
968.590,264,fill,AC,SELL,1800,25.1250,-3913,mode=mm
968.591,264,place,AC,BUY,3100,25.1300,-3913,quote
968.591,264,place,AC,SELL,1400,25.1400,-3913,quote
968.822,264,fill,AC,SELL,1400,25.1350,-5313,mode=mm
968.825,264,place,AC,BUY,3400,25.1400,-5313,quote
968.825,264,place,AC,SELL,1100,25.1600,-5313,quote
969.084,264,place,AC,BUY,3400,25.1500,-5313,quote
969.084,264,place,AC,SELL,1100,25.1800,-5313,quote
969.254,264,place,AC,SELL,1100,25.1700,-5313,quote
969.336,264,place,CNR,SELL,1300,159.3400,1560,quote
969.336,264,place,AC,BUY,3400,25.1600,-5313,quote
969.336,264,place,AC,SELL,1100,25.1900,-5313,quote
969.523,264,place,AC,SELL,1100,25.1800,-5313,quote
969.578,264,stop,AC,BUY,5000,25.2200,-5313,loss=5.5t stop=5.0t trend_against=False
969.578,264,place,AC,BUY,5000,25.2200,-5313,agg
969.851,264,fill,AC,BUY,5000,25.1750,-313,mode=mm
970.091,264,place,CNR,SELL,1300,159.3300,1560,quote
970.242,264,place,CNR,BUY,1000,159.2900,1560,quote
970.346,264,stop,CNR,SELL,1560,159.2500,1560,loss=5.7t stop=5.0t trend_against=False
970.347,264,place,CNR,SELL,1560,159.2500,1560,agg
970.696,264,fill,CNR,SELL,1560,159.3050,0,mode=mm
970.697,264,stop,AC,BUY,313,25.2600,-313,loss=5.5t stop=5.0t trend_against=False
970.698,264,place,AC,BUY,313,25.2600,-313,agg
970.698,264,place,CNR,SELL,1200,159.3300,0,quote
970.698,264,place,CNR,BUY,1500,154.5600,0,ladder
970.698,264,place,CNR,SELL,1500,164.1300,0,ladder
970.698,264,place,CNR,BUY,1500,146.6000,0,ladder
970.698,264,place,CNR,SELL,1500,172.0900,0,ladder
970.698,264,place,CNR,BUY,2000,135.4400,0,ladder
970.698,264,place,CNR,SELL,1200,183.2500,0,ladder
970.854,264,fill,AC,BUY,313,25.2150,0,mode=mm
970.855,264,place,CNR,SELL,1200,159.3200,0,quote
970.855,264,place,AC,BUY,1200,25.2100,0,quote
970.959,264,regime,AC,,,,,"mixed -> TREND (er=1.00, net +12t over 14s)"
971.133,264,place,CNR,SELL,1200,159.3100,0,quote
971.133,264,place,AC,BUY,700,25.2200,0,quote
971.433,264,place,AC,BUY,200,25.2300,0,quote
971.638,264,place,AC,BUY,1200,25.2400,0,quote
971.926,264,place,AC,BUY,1200,25.2500,0,quote
972.132,265,place,AC,BUY,1200,25.2600,0,quote
972.488,265,fill,CNR,SELL,94,159.2950,-94,mode=mm
972.489,265,place,CNR,SELL,1200,159.3500,-94,quote
972.489,265,place,AC,BUY,1200,25.2700,0,quote
972.687,265,place,CNR,SELL,1200,159.3200,-94,quote
972.687,265,place,AC,BUY,1200,25.2800,0,quote
972.907,265,place,AC,BUY,1200,25.2900,0,quote
973.240,265,fill,CNR,SELL,1100,159.3050,-1194,mode=mm
973.242,265,place,CNR,BUY,1100,159.2900,-1194,quote
973.242,265,place,CNR,SELL,1000,159.3200,-1194,quote
973.242,265,place,AC,BUY,1200,25.3000,0,quote
973.401,265,place,AC,BUY,1200,25.3100,0,quote
973.652,265,place,AC,BUY,1200,25.3200,0,quote
973.967,265,place,AC,BUY,1200,25.3300,0,quote
974.250,265,fill,CNR,BUY,1100,159.3050,-94,mode=mm
974.251,265,place,CNR,BUY,1200,159.2700,-94,quote
974.251,265,place,AC,BUY,1200,25.3400,0,quote
974.488,265,place,CNR,BUY,1200,159.2900,-94,quote
974.488,265,place,AC,BUY,1200,25.3500,0,quote
974.680,265,place,AC,BUY,1200,25.3600,0,quote
975.004,265,fill,CNR,BUY,1200,159.3050,1106,mode=mm
975.005,265,place,CNR,BUY,1000,159.2900,1106,quote
975.005,265,place,AC,BUY,1200,25.3700,0,quote
975.211,265,fill,CNR,BUY,1000,159.3050,2106,mode=mm
975.213,265,place,AC,BUY,1200,25.3800,0,quote
975.436,265,place,CNR,BUY,900,159.2700,2106,quote
975.436,265,place,AC,BUY,1200,25.3900,0,quote
975.602,265,place,CNR,BUY,900,159.2800,2106,quote
975.602,265,place,CNR,SELL,1400,159.3100,2106,quote
975.602,265,place,AC,BUY,1200,25.4000,0,quote
975.756,266,place,CNR,BUY,900,159.2700,2106,quote
975.756,266,place,CNR,SELL,1400,159.3200,2106,quote
975.756,266,place,AC,BUY,1200,25.4100,0,quote
975.983,266,place,CNR,BUY,900,159.2800,2106,quote
975.983,266,place,CNR,SELL,1400,159.3100,2106,quote
975.983,266,place,AC,BUY,1200,25.4200,0,quote
976.209,266,place,AC,BUY,1200,25.4300,0,quote
976.459,266,place,AC,BUY,1200,25.4400,0,quote
976.707,266,place,AC,BUY,1200,25.4500,0,quote
976.991,266,place,CNR,BUY,900,159.2700,2106,quote
976.991,266,place,AC,BUY,1200,25.4600,0,quote
977.252,266,place,CNR,SELL,1400,159.3000,2106,quote
977.252,266,place,AC,BUY,1200,25.4700,0,quote
977.513,266,place,CNR,SELL,1400,159.3100,2106,quote
977.513,266,place,AC,BUY,1200,25.4800,0,quote
977.745,266,place,CNR,SELL,1400,159.3000,2106,quote
977.745,266,place,AC,BUY,1200,25.4900,0,quote
978.016,266,place,AC,BUY,1200,25.5000,0,quote
978.269,266,place,AC,BUY,1200,25.5100,0,quote
978.506,266,place,AC,BUY,1200,25.5200,0,quote
978.826,266,fill,CNR,SELL,1400,159.2850,706,mode=mm
978.826,266,place,CNR,SELL,1300,159.3000,706,quote
978.826,266,place,AC,BUY,1200,25.5300,0,quote
979.085,266,fill,CNR,SELL,1300,159.2850,-594,mode=mm
979.087,266,place,CNR,SELL,1100,159.3500,-594,quote
979.087,266,place,AC,BUY,1200,25.5400,0,quote
979.293,266,place,CNR,BUY,1300,159.2800,-594,quote
979.293,266,place,CNR,SELL,1100,159.3400,-594,quote
979.293,266,place,AC,BUY,1200,25.5500,0,quote
979.691,266,fill,CNR,BUY,610,159.3100,16,mode=mm
979.693,266,place,CNR,BUY,1200,159.2900,16,quote
979.693,266,place,AC,BUY,1200,25.5600,0,quote
979.814,267,place,AC,BUY,1200,25.5700,0,quote
980.084,267,fill,CNR,BUY,1200,159.3150,1216,mode=mm
980.086,267,place,CNR,BUY,1000,159.2900,1216,quote
980.086,267,place,AC,BUY,1200,25.5800,0,quote
980.330,267,fill,CNR,BUY,1000,159.3150,2216,mode=mm
980.330,267,place,CNR,SELL,1400,159.3300,2216,quote
980.330,267,place,AC,BUY,1200,25.5900,0,quote
980.563,267,place,CNR,BUY,900,159.2600,2216,quote
980.563,267,place,CNR,SELL,1400,159.3200,2216,quote
980.563,267,place,AC,BUY,1200,25.6000,0,quote
980.863,267,place,CNR,SELL,1400,159.3100,2216,quote
980.863,267,place,AC,BUY,1200,25.6100,0,quote
981.132,267,place,AC,BUY,1200,25.6200,0,quote
981.349,267,place,AC,BUY,1200,25.6300,0,quote
981.671,267,place,AC,BUY,1200,25.6400,0,quote
981.830,267,place,AC,BUY,1200,25.6500,0,quote
982.144,267,place,CNR,BUY,900,159.2700,2216,quote
982.144,267,place,CNR,SELL,1400,159.3000,2216,quote
982.144,267,place,AC,BUY,1200,25.6600,0,quote
982.329,267,place,AC,BUY,1200,25.6700,0,quote
982.523,267,regime,CNR,,,,,"mixed -> chop (er=0.24, net -4t over 14s)"
982.634,267,fill,CNR,SELL,1400,159.2850,816,mode=mm
982.635,267,place,CNR,SELL,1300,159.3000,816,quote
982.635,267,place,AC,BUY,1200,25.6800,0,quote
982.859,267,place,AC,BUY,1200,25.6900,0,quote
983.151,267,fill,CNR,SELL,1300,159.2850,-484,mode=mm
983.153,267,place,CNR,SELL,1100,159.3900,-484,quote
983.153,267,place,AC,BUY,1200,25.7000,0,quote
983.368,267,stop,CNR,BUY,484,159.4000,-484,loss=7.0t stop=5.0t trend_against=False
983.368,267,place,CNR,BUY,484,159.4000,-484,agg
983.368,267,place,AC,BUY,1200,25.7100,0,quote
983.684,267,place,AC,BUY,1200,25.7200,0,quote
983.708,267,fill,CNR,BUY,484,159.3250,0,mode=mm
983.708,267,place,CNR,BUY,1200,159.2800,0,quote
983.708,267,place,CNR,BUY,1500,154.5200,0,ladder
983.708,267,place,CNR,SELL,1500,164.0800,0,ladder
983.708,267,place,CNR,BUY,1500,146.5600,0,ladder
983.708,267,place,CNR,SELL,1500,172.0400,0,ladder
983.708,267,place,CNR,BUY,2000,135.4000,0,ladder
983.708,267,place,CNR,SELL,2000,183.1900,0,ladder
983.864,267,place,CNR,BUY,1200,159.2900,0,quote
983.864,267,place,AC,BUY,1200,25.7300,0,quote
984.142,268,place,AC,BUY,1200,25.7400,0,quote
984.362,268,place,CNR,BUY,1200,159.3000,0,quote
984.362,268,place,AC,BUY,1200,25.7500,0,quote
984.657,268,place,CNR,BUY,700,159.3100,0,quote
984.657,268,place,AC,BUY,200,25.7600,0,quote
984.913,268,place,AC,BUY,1200,25.7700,0,quote
985.189,268,fill,CNR,BUY,700,159.3250,700,mode=mm
985.191,268,place,CNR,BUY,1100,159.2500,700,quote
985.191,268,place,CNR,SELL,700,159.3300,700,quote
985.191,268,place,AC,BUY,1200,25.7800,0,quote
985.225,268,place,CNR,BUY,1100,159.2600,700,quote
985.446,268,place,CNR,SELL,700,159.3200,700,quote
985.446,268,place,AC,BUY,1200,25.7900,0,quote
985.688,268,place,AC,BUY,1200,25.8000,0,quote
985.942,268,place,CNR,SELL,700,159.3100,700,quote
985.942,268,place,AC,BUY,1200,25.8100,0,quote
986.194,268,place,AC,BUY,1200,25.8200,0,quote
986.458,268,place,CNR,SELL,700,159.3200,700,quote
986.458,268,place,AC,BUY,1200,25.8300,0,quote
986.743,268,fill,CNR,SELL,700,159.2900,0,mode=mm
986.745,268,place,CNR,BUY,1200,159.2700,0,quote
986.745,268,place,CNR,SELL,1200,159.3100,0,quote
986.745,268,place,AC,BUY,1200,25.8400,0,quote
987.022,268,fill,CNR,SELL,1200,159.2900,-1200,mode=mm
987.023,268,place,CNR,BUY,1300,159.2800,-1200,quote
987.023,268,place,CNR,SELL,1000,159.3900,-1200,quote
987.023,268,place,AC,BUY,1200,25.8500,0,quote
987.259,268,stop,CNR,BUY,1200,159.3300,-1200,loss=6.0t stop=5.0t trend_against=False
987.260,268,place,CNR,BUY,1200,159.3300,-1200,agg
987.260,268,place,AC,BUY,1200,25.8600,0,quote
987.549,268,fill,CNR,BUY,1200,159.2950,0,mode=mm
987.551,268,place,CNR,BUY,1200,159.2800,0,quote
987.551,268,place,AC,BUY,1200,25.8700,0,quote
987.551,268,place,CNR,BUY,1500,154.5200,0,ladder
987.551,268,place,CNR,SELL,1500,164.0800,0,ladder
987.551,268,place,CNR,BUY,1500,146.5600,0,ladder
987.551,268,place,CNR,SELL,1500,172.0500,0,ladder
987.551,268,place,CNR,BUY,1200,135.4100,0,ladder
987.551,268,place,CNR,SELL,2000,183.2000,0,ladder
987.695,269,place,CNR,BUY,1200,159.2900,0,quote
987.695,269,place,AC,BUY,700,25.8800,0,quote
988.021,269,place,CNR,BUY,700,159.3200,0,quote
988.021,269,place,AC,BUY,1200,25.9000,0,quote
988.322,269,fill,CNR,BUY,700,159.3750,700,mode=mm
988.323,269,place,CNR,BUY,600,159.3300,700,quote
988.323,269,place,CNR,SELL,700,159.3500,700,quote
988.323,269,place,AC,BUY,1200,25.9100,0,quote
988.564,269,fill,CNR,SELL,700,159.3800,0,mode=mm
988.564,269,place,CNR,BUY,1200,159.3400,0,quote
988.564,269,place,AC,BUY,1200,25.9200,0,quote
988.805,269,fill,CNR,BUY,600,159.3900,600,mode=mm
988.806,269,place,CNR,SELL,600,159.4600,600,quote
988.806,269,place,AC,BUY,1200,25.9300,0,quote
988.884,269,place,CNR,SELL,600,159.4500,600,quote
989.060,269,fill,CNR,BUY,1191,159.3900,1791,mode=mm
989.061,269,place,CNR,BUY,900,159.3400,1791,quote
989.061,269,place,AC,BUY,1200,25.9400,0,quote
989.093,269,place,CNR,BUY,500,159.3000,1791,quote
989.093,269,place,CNR,SELL,800,159.3700,1791,quote
989.257,269,place,CNR,BUY,900,159.3300,1791,quote
989.257,269,place,CNR,SELL,1400,159.4200,1791,quote
989.257,269,place,AC,BUY,1200,25.9500,0,quote
989.519,269,place,CNR,SELL,1400,159.3700,1791,quote
989.519,269,place,AC,BUY,1200,25.9600,0,quote
989.761,269,place,CNR,SELL,1400,159.3600,1791,quote
989.761,269,place,AC,BUY,1200,25.9700,0,quote
990.030,269,place,AC,BUY,1200,25.9800,0,quote
990.257,269,place,AC,BUY,1200,25.9900,0,quote
990.524,269,place,AC,BUY,1200,26.0000,0,quote
990.780,269,place,AC,BUY,1200,26.0100,0,quote
991.076,269,fill,CNR,BUY,900,159.3450,2691,mode=mm
991.077,269,place,CNR,BUY,800,159.3300,2691,quote
991.077,269,place,AC,BUY,1200,26.0200,0,quote
991.298,269,place,AC,BUY,1200,26.0300,0,quote
991.523,269,place,AC,BUY,1200,26.0400,0,quote
991.633,269,place,AC,BUY,1200,26.0500,0,quote
991.803,270,place,AC,BUY,1200,26.0600,0,quote
992.024,270,place,CNR,BUY,800,159.3200,2691,quote
992.024,270,place,AC,BUY,1200,26.0700,0,quote
992.332,270,fill,CNR,BUY,800,159.3400,3491,mode=mm
992.333,270,place,CNR,BUY,700,159.2900,3491,quote
992.333,270,place,CNR,SELL,1500,159.3500,3491,quote
992.333,270,place,AC,BUY,1200,26.0800,0,quote
992.604,270,place,AC,BUY,1200,26.0900,0,quote
992.823,270,place,CNR,BUY,700,159.3000,3491,quote
992.823,270,place,AC,BUY,1200,26.1000,0,quote
993.076,270,place,CNR,BUY,700,159.2900,3491,quote
993.076,270,place,CNR,SELL,1500,159.3400,3491,quote
993.076,270,place,AC,BUY,1200,26.1100,0,quote
993.346,270,place,CNR,BUY,700,159.3000,3491,quote
993.346,270,place,CNR,SELL,1500,159.3300,3491,quote
993.346,270,place,AC,BUY,1200,26.1200,0,quote
993.628,270,place,CNR,BUY,700,159.2900,3491,quote
993.628,270,place,AC,BUY,1200,26.1300,0,quote
993.899,270,fill,CNR,SELL,1464,159.3100,2027,mode=mm
993.902,270,place,CNR,BUY,900,159.3000,2027,quote
993.902,270,place,CNR,SELL,1400,159.3400,2027,quote
993.902,270,place,AC,BUY,1200,26.1400,0,quote
994.093,270,place,AC,BUY,1200,26.1500,0,quote
994.348,270,place,CNR,BUY,900,159.3100,2027,quote
994.348,270,place,AC,BUY,1200,26.1600,0,quote
994.643,270,place,CNR,SELL,1400,159.3500,2027,quote
994.643,270,place,AC,BUY,1200,26.1700,0,quote
994.881,270,place,CNR,BUY,900,159.3200,2027,quote
994.881,270,place,AC,BUY,1200,26.1800,0,quote
995.157,270,place,AC,BUY,1200,26.1900,0,quote
995.393,270,place,AC,BUY,1200,26.2000,0,quote
995.638,270,place,AC,BUY,1200,26.2100,0,quote
995.886,271,place,AC,BUY,1200,26.2200,0,quote
996.141,271,place,AC,BUY,1200,26.2300,0,quote
996.381,271,place,AC,BUY,1200,26.2400,0,quote
996.659,271,place,AC,BUY,1200,26.2500,0,quote
996.933,271,place,AC,BUY,1200,26.2600,0,quote
997.196,271,place,AC,BUY,1200,26.2700,0,quote
997.409,271,place,CNR,BUY,1800,159.3200,2027,quote
997.409,271,place,CNR,SELL,2800,159.3300,2027,quote
997.409,271,place,AC,BUY,1200,26.2800,0,quote
997.409,271,place,CNR,BUY,1500,154.5500,2027,ladder
997.409,271,place,CNR,SELL,1500,164.1100,2027,ladder
997.409,271,place,CNR,BUY,1500,146.5800,2027,ladder
997.409,271,place,CNR,SELL,1500,172.0800,2027,ladder
997.409,271,place,CNR,BUY,2000,135.4300,2027,ladder
997.409,271,place,CNR,SELL,2000,183.2300,2027,ladder
997.740,271,fill,CNR,SELL,2800,159.3300,-773,mode=mm
997.743,271,place,AC,BUY,700,26.2900,0,quote
997.910,271,place,AC,BUY,1200,26.3000,0,quote
998.193,271,place,AC,BUY,1200,26.3100,0,quote
998.460,271,place,CNR,BUY,1500,159.3400,-773,quote
998.460,271,place,CNR,SELL,1300,159.3700,-773,quote
998.460,271,place,AC,BUY,1200,26.3200,0,quote
998.460,271,place,CNR,BUY,1500,154.5500,-773,ladder
998.460,271,place,CNR,SELL,1500,164.1100,-773,ladder
998.460,271,place,CNR,BUY,1500,146.5900,-773,ladder
998.460,271,place,CNR,SELL,1500,172.0800,-773,ladder
998.460,271,place,CNR,BUY,2000,135.4300,-773,ladder
998.460,271,place,CNR,SELL,2000,183.2300,-773,ladder
998.755,271,fill,CNR,SELL,1300,159.4000,-2073,mode=mm
998.756,271,regime,CNR,,,,,"3 stop-outs in 85s -> toxic flow: half size, no stepping inside for 30s"
998.756,271,stop,CNR,BUY,2073,159.5100,-2073,loss=11.5t stop=5.0t trend_against=False
998.758,271,place,CNR,BUY,2073,159.5100,-2073,agg
998.758,271,place,AC,BUY,1200,26.3300,0,quote
998.981,271,fill,CNR,BUY,3573,159.4050,1500,mode=mm
998.984,271,stop,CNR,SELL,1500,159.3200,1500,loss=13.0t stop=5.0t trend_against=False
998.985,271,place,CNR,SELL,1500,159.3200,1500,agg
998.985,271,place,AC,BUY,1200,26.3400,0,quote
999.313,271,place,AC,BUY,1200,26.3500,0,quote
999.344,271,fill,CNR,SELL,1500,159.4100,0,mode=mm
999.345,271,place,CNR,BUY,1500,154.5600,0,ladder
999.345,271,place,CNR,SELL,1500,164.1200,0,ladder
999.345,271,place,CNR,BUY,1500,146.5900,0,ladder
999.345,271,place,CNR,SELL,1500,172.0800,0,ladder
999.345,271,place,CNR,BUY,2000,135.4400,0,ladder
999.345,271,place,CNR,SELL,2000,183.2400,0,ladder
999.472,271,place,AC,BUY,1200,26.3600,0,quote
999.662,271,place,AC,BUY,200,26.3700,0,quote
999.756,271,place,AC,BUY,1200,26.3800,0,quote
999.954,272,place,AC,BUY,1200,26.3900,0,quote
1000.268,272,place,AC,BUY,1200,26.4000,0,quote
1000.488,272,place,AC,BUY,1200,26.4100,0,quote
1000.732,272,place,AC,BUY,1200,26.4200,0,quote
1001.031,272,place,AC,BUY,1200,26.4300,0,quote
1001.295,272,place,AC,BUY,1200,26.4400,0,quote
1001.567,272,place,AC,BUY,1200,26.4500,0,quote
1001.777,272,place,AC,BUY,1200,26.4600,0,quote
1001.896,272,regime,CNR,,,,,"chop -> mixed (er=0.31, net -10t over 14s)"
1001.952,272,place,CNR,SELL,1200,159.3000,0,quote
1002.019,272,place,AC,BUY,1200,26.4700,0,quote
1002.284,272,place,AC,BUY,1200,26.4800,0,quote
1002.322,272,place,CNR,BUY,1200,159.2700,0,quote
1002.685,272,fill,CNR,SELL,1200,159.2850,-1200,mode=mm
1002.686,272,place,CNR,SELL,1000,159.3100,-1200,quote
1002.686,272,place,AC,BUY,1200,26.4900,0,quote
1002.858,272,place,CNR,BUY,1300,159.2800,-1200,quote
1002.858,272,place,AC,BUY,1200,26.5000,0,quote
1003.089,272,fill,CNR,SELL,420,159.2950,-1620,mode=mm
1003.090,272,place,CNR,BUY,1300,159.2700,-1620,quote
1003.090,272,place,CNR,SELL,900,159.3400,-1620,quote
1003.090,272,place,AC,BUY,1200,26.5100,0,quote
1003.213,272,regime,CNR,,,,,"mixed -> chop (er=0.21, net -7t over 14s)"
1003.352,272,place,CNR,BUY,1300,159.2800,-1620,quote
1003.352,272,place,AC,BUY,1200,26.5200,0,quote
1003.551,272,place,CNR,BUY,1300,159.2900,-1620,quote
1003.551,272,place,CNR,SELL,900,159.3300,-1620,quote
1003.551,272,place,AC,BUY,1200,26.5300,0,quote
1003.672,272,place,CNR,BUY,1300,159.2800,-1620,quote
1003.672,272,place,CNR,SELL,900,159.3400,-1620,quote
1003.870,272,fill,CNR,BUY,300,159.3100,-1320,mode=mm
1003.872,272,place,AC,BUY,1200,26.5400,0,quote
1004.114,273,place,CNR,SELL,1000,159.3400,-1320,quote
1004.114,273,place,AC,BUY,1200,26.5500,0,quote
1004.408,273,place,AC,BUY,1200,26.5600,0,quote
1004.655,273,place,CNR,SELL,1000,159.3300,-1320,quote
1004.655,273,place,AC,BUY,1200,26.5700,0,quote
1004.858,273,place,CNR,BUY,1300,159.3000,-1320,quote
1004.858,273,place,AC,BUY,1200,26.5800,0,quote
1005.122,273,place,CNR,BUY,1300,159.3100,-1320,quote
1005.122,273,place,CNR,SELL,1000,159.3400,-1320,quote
1005.122,273,place,AC,BUY,1200,26.5900,0,quote
1005.402,273,place,AC,BUY,1200,26.6000,0,quote
1005.658,273,place,AC,BUY,1200,26.6100,0,quote
1005.890,273,place,AC,BUY,1200,26.6200,0,quote
1006.145,273,place,AC,BUY,1200,26.6300,0,quote
1006.396,273,place,AC,BUY,1200,26.6400,0,quote
1006.690,273,place,AC,BUY,1200,26.6500,0,quote
1006.946,273,place,AC,BUY,1200,26.6600,0,quote
1007.196,273,place,AC,BUY,1200,26.6700,0,quote
1007.425,273,place,AC,BUY,1200,26.6800,0,quote
1007.661,273,place,AC,BUY,1200,26.6900,0,quote
1007.696,274,place,AC,BUY,1200,26.7000,0,quote
1007.944,274,place,AC,BUY,1200,26.7100,0,quote
1008.215,274,place,AC,BUY,1200,26.7200,0,quote
1008.533,274,fill,CNR,BUY,1300,159.3250,-20,mode=mm
1008.534,274,place,CNR,BUY,1200,159.2900,-20,quote
1008.534,274,place,AC,BUY,1200,26.7300,0,quote
1008.712,274,place,AC,BUY,1200,26.7400,0,quote
1008.972,274,place,AC,BUY,1200,26.7500,0,quote
1009.252,274,place,AC,BUY,1200,26.7600,0,quote
1009.523,274,place,AC,BUY,1200,26.7700,0,quote
1009.745,274,place,CNR,SELL,1200,159.3300,-20,quote
1009.745,274,place,AC,BUY,1200,26.7800,0,quote
1010.013,274,place,AC,BUY,1200,26.7900,0,quote
1010.319,274,place,CNR,SELL,1200,159.3200,-20,quote
1010.319,274,place,AC,BUY,1200,26.8400,0,quote
1010.562,274,place,AC,BUY,1200,26.8500,0,quote
1010.790,274,place,AC,BUY,1200,26.8600,0,quote
1011.036,274,place,AC,BUY,1200,26.8700,0,quote
1011.354,274,place,AC,BUY,1200,26.8800,0,quote
1011.604,274,fill,CNR,BUY,1063,159.3050,1043,mode=mm
1011.607,274,place,CNR,BUY,1000,159.2900,1043,quote
1011.607,274,place,AC,BUY,1200,26.8900,0,quote
1011.704,274,place,AC,BUY,1200,26.9000,0,quote
1011.782,274,place,AC,BUY,1200,26.9100,0,quote
1012.064,275,place,AC,BUY,1200,26.9200,0,quote
1012.324,275,place,AC,BUY,1200,26.9300,0,quote
1012.521,275,regime,CNR,,,,,"chop -> mixed (er=0.48, net -10t over 14s)"
1012.604,275,fill,CNR,SELL,1200,159.3050,-157,mode=mm
1012.606,275,place,CNR,SELL,1200,159.3500,-157,quote
1012.606,275,place,AC,BUY,1200,26.9400,0,quote
1012.854,275,place,CNR,BUY,1200,159.3000,-157,quote
1012.854,275,place,CNR,SELL,1200,159.3400,-157,quote
1012.854,275,place,AC,BUY,1200,26.9500,0,quote
1013.122,275,place,AC,BUY,1200,26.9600,0,quote
1013.322,275,place,CNR,SELL,1200,159.3300,-157,quote
1013.322,275,place,AC,BUY,1200,26.9700,0,quote
1013.373,275,regime,CNR,,,,,"mixed -> chop (er=0.04, net +0t over 14s)"
1013.601,275,place,AC,BUY,1200,26.9800,0,quote
1013.838,275,place,AC,BUY,1200,27.0000,0,quote
1014.080,275,place,AC,BUY,1200,27.0100,0,quote
1014.382,275,place,AC,BUY,1200,27.0200,0,quote
1014.606,275,place,AC,BUY,1200,27.0300,0,quote
1014.863,275,place,AC,BUY,1200,27.0400,0,quote
1015.140,275,place,AC,BUY,1200,27.0500,0,quote
1015.480,275,fill,CNR,BUY,363,159.3150,206,mode=mm
1015.483,275,place,CNR,BUY,1200,159.2800,206,quote
1015.483,275,place,AC,BUY,1200,27.0600,0,quote
1015.644,275,place,CNR,BUY,1200,159.2900,206,quote
1015.644,275,place,AC,BUY,1200,27.0700,0,quote
1015.934,275,place,AC,BUY,1200,27.0800,0,quote
1016.181,276,fill,CNR,BUY,1200,159.3100,1406,mode=mm
1016.182,276,place,CNR,BUY,1000,159.2900,1406,quote
1016.182,276,place,AC,BUY,1200,27.0900,0,quote
1016.407,276,fill,CNR,BUY,1000,159.3100,2406,mode=mm
1016.409,276,place,AC,BUY,1200,27.1000,0,quote
1016.665,276,place,CNR,BUY,800,159.2800,2406,quote
1016.665,276,place,AC,BUY,1200,27.1100,0,quote
1016.932,276,place,CNR,SELL,1400,159.3200,2406,quote
1016.932,276,place,AC,BUY,1200,27.1200,0,quote
1017.252,276,fill,CNR,SELL,900,159.3050,1506,mode=mm
1017.254,276,place,AC,BUY,1200,27.1300,0,quote
1017.398,276,place,AC,BUY,1200,27.1400,0,quote
1017.678,276,place,AC,BUY,1200,27.1500,0,quote
1017.718,276,place,CNR,BUY,1000,159.2900,1506,quote
1017.938,276,place,AC,BUY,1200,27.1600,0,quote
1018.183,276,place,AC,BUY,1200,27.1700,0,quote
1018.414,276,place,AC,BUY,1200,27.1800,0,quote
1018.659,276,place,AC,BUY,1200,27.1900,0,quote
1018.927,276,place,AC,BUY,1200,27.2000,0,quote
1019.194,276,regime,CNR,,,,,"chop -> mixed (er=0.33, net -2t over 14s)"
1019.195,276,place,AC,BUY,1200,27.2100,0,quote
1019.460,276,place,AC,BUY,1200,27.2200,0,quote
1019.650,276,place,AC,BUY,1200,27.2300,0,quote
1019.952,276,place,AC,BUY,1200,27.2400,0,quote
1020.205,277,place,AC,BUY,1200,27.2500,0,quote
1020.465,277,place,AC,BUY,1200,27.2600,0,quote
1020.713,277,place,AC,BUY,1200,27.2700,0,quote
1021.003,277,fill,CNR,SELL,100,159.3050,1406,mode=mm
1021.006,277,place,CNR,BUY,1000,159.3000,1406,quote
1021.006,277,place,CNR,SELL,1300,159.3300,1406,quote
1021.006,277,place,AC,BUY,1200,27.2800,0,quote
1021.052,277,regime,CNR,,,,,"mixed -> chop (er=0.14, net -1t over 14s)"
1021.257,277,place,CNR,BUY,1000,159.3100,1406,quote
1021.257,277,place,CNR,SELL,1300,159.3400,1406,quote
1021.257,277,place,AC,BUY,1200,27.2900,0,quote
1021.560,277,fill,CNR,SELL,300,159.3250,1106,mode=mm
1021.562,277,place,CNR,BUY,1000,159.3200,1106,quote
1021.562,277,place,CNR,SELL,1300,159.3500,1106,quote
1021.562,277,place,AC,BUY,1200,27.3000,0,quote
1021.816,277,fill,CNR,SELL,1300,159.3350,-194,mode=mm
1021.817,277,place,AC,BUY,1200,27.3100,0,quote
1022.018,277,place,AC,BUY,1200,27.3200,0,quote
1022.253,277,place,CNR,BUY,1200,159.3300,-194,quote
1022.253,277,place,CNR,SELL,1200,159.3900,-194,quote
1022.253,277,place,AC,BUY,1200,27.3300,0,quote
1022.331,277,place,CNR,SELL,1200,159.3800,-194,quote
1022.354,277,regime,CNR,,,,,"chop -> mixed (er=0.27, net +3t over 14s)"
1022.513,277,place,CNR,BUY,1200,159.3600,-194,quote
1022.513,277,place,CNR,SELL,1200,159.4000,-194,quote
1022.513,277,place,AC,BUY,1200,27.3400,0,quote
1022.798,277,place,CNR,BUY,1200,159.3700,-194,quote
1022.798,277,place,CNR,SELL,1200,159.4100,-194,quote
1022.798,277,place,AC,BUY,1200,27.3500,0,quote
1023.039,277,place,CNR,BUY,1200,159.3800,-194,quote
1023.039,277,place,CNR,SELL,1200,159.4200,-194,quote
1023.039,277,place,AC,BUY,1200,27.3600,0,quote
1023.294,277,place,AC,BUY,1200,27.3700,0,quote
1023.449,277,place,CNR,SELL,1200,159.4100,-194,quote
1023.511,277,stop,CNR,BUY,194,159.4500,-194,loss=6.0t stop=5.0t trend_against=False
1023.512,277,place,CNR,BUY,194,159.4500,-194,agg
1023.512,277,place,AC,BUY,1200,27.3800,0,quote
1023.718,277,fill,CNR,BUY,194,159.4000,0,mode=mm
1023.720,277,place,CNR,BUY,1200,159.3800,0,quote
1023.720,277,place,AC,BUY,1200,27.3900,0,quote
1023.720,277,place,CNR,BUY,1500,154.5500,0,ladder
1023.720,277,place,CNR,SELL,900,164.1200,0,ladder
1023.720,277,place,CNR,BUY,1500,146.5900,0,ladder
1023.720,277,place,CNR,SELL,300,172.0800,0,ladder
1023.720,277,place,CNR,BUY,400,135.4300,0,ladder
1023.779,278,place,AC,BUY,1200,27.4000,0,quote
1023.779,278,place,CNR,SELL,2000,183.2400,0,ladder
1024.060,278,place,CNR,BUY,1200,159.3900,0,quote
1024.060,278,place,AC,BUY,1200,27.4100,0,quote
1024.298,278,place,CNR,BUY,1200,159.4000,0,quote
1024.298,278,place,AC,BUY,1200,27.4200,0,quote
1024.568,278,regime,CNR,,,,,"mixed -> TREND (er=0.78, net +14t over 14s)"
1024.569,278,place,AC,BUY,1200,27.4300,0,quote
1024.771,278,place,CNR,BUY,1200,159.4100,0,quote
1024.771,278,place,AC,BUY,1200,27.4400,0,quote
1025.043,278,place,CNR,BUY,1200,159.4200,0,quote
1025.043,278,place,AC,BUY,1200,27.4500,0,quote
1025.290,278,place,CNR,BUY,1200,159.4300,0,quote
1025.290,278,place,AC,BUY,1200,27.4600,0,quote
1025.544,278,place,CNR,BUY,1200,159.4400,0,quote
1025.544,278,place,AC,BUY,1200,27.4700,0,quote
1025.846,278,place,CNR,BUY,1200,159.4500,0,quote
1025.846,278,place,AC,BUY,1200,27.4800,0,quote
1026.111,278,place,AC,BUY,1200,27.4900,0,quote
1026.323,278,place,CNR,BUY,1200,159.4600,0,quote
1026.323,278,place,AC,BUY,1200,27.5000,0,quote
1026.595,278,place,CNR,BUY,1200,159.4700,0,quote
1026.595,278,place,AC,BUY,1200,27.5100,0,quote
1026.831,278,place,CNR,BUY,1200,159.4800,0,quote
1026.831,278,place,AC,BUY,1200,27.5200,0,quote
1027.087,278,place,AC,BUY,1200,27.5300,0,quote
1027.342,278,place,CNR,BUY,1200,159.4900,0,quote
1027.342,278,place,AC,BUY,1200,27.5400,0,quote
1027.586,278,place,CNR,BUY,1200,159.5000,0,quote
1027.586,278,place,AC,BUY,1200,27.5500,0,quote
1027.718,278,place,AC,BUY,1200,27.5600,0,quote
1027.825,278,place,CNR,BUY,1200,159.5100,0,quote
1027.825,278,place,AC,BUY,1200,27.5700,0,quote
1028.120,279,place,CNR,BUY,1200,159.5200,0,quote
1028.120,279,place,AC,BUY,1200,27.5800,0,quote
1028.381,279,place,AC,BUY,1200,27.5900,0,quote
1028.582,279,place,AC,BUY,1200,27.6000,0,quote
1028.827,279,place,AC,BUY,1200,27.6100,0,quote
1029.076,279,place,AC,BUY,1200,27.6200,0,quote
1029.353,279,place,AC,BUY,1200,27.6300,0,quote
1029.616,279,place,CNR,BUY,1200,159.5300,0,quote
1029.616,279,place,AC,BUY,1200,27.6400,0,quote
1029.871,279,place,AC,BUY,1200,27.6500,0,quote
1030.150,279,place,AC,BUY,1200,27.6600,0,quote
1030.403,279,place,AC,BUY,1200,27.6700,0,quote
1030.641,279,place,AC,BUY,1200,27.6800,0,quote
1030.897,279,place,AC,BUY,1200,27.6900,0,quote
1031.172,279,place,AC,BUY,1200,27.7000,0,quote
1031.399,279,place,AC,BUY,1200,27.7100,0,quote
1031.647,279,place,AC,BUY,1200,27.7200,0,quote
1031.951,279,place,AC,BUY,1200,27.7300,0,quote
1032.193,280,place,AC,BUY,1200,27.7400,0,quote
1032.435,280,place,AC,BUY,1200,27.7500,0,quote
1032.708,280,place,AC,BUY,1200,27.7600,0,quote
1032.984,280,place,AC,BUY,1200,27.7700,0,quote
1033.235,280,place,CNR,BUY,1200,159.5400,0,quote
1033.235,280,place,AC,BUY,1200,27.7800,0,quote
1033.503,280,place,AC,BUY,1200,27.7900,0,quote
1033.724,280,place,AC,BUY,1200,27.8000,0,quote
1033.992,280,place,AC,BUY,1200,27.8100,0,quote
1034.229,280,place,CNR,BUY,1200,159.5500,0,quote
1034.229,280,place,AC,BUY,1200,27.8200,0,quote
1034.504,280,place,AC,BUY,1200,27.8300,0,quote
1034.773,280,place,AC,BUY,1200,27.8400,0,quote
1035.018,280,place,AC,BUY,1200,27.8500,0,quote
1035.288,280,place,AC,BUY,1200,27.8600,0,quote
1035.561,280,place,AC,BUY,1200,27.8700,0,quote
1035.679,280,place,AC,BUY,1200,27.8800,0,quote
1035.834,280,place,AC,BUY,1200,27.8900,0,quote
1036.050,280,place,AC,BUY,1200,27.9000,0,quote
1036.305,281,place,AC,BUY,1200,27.9100,0,quote
1036.587,281,place,AC,BUY,1200,27.9200,0,quote
1036.819,281,place,AC,BUY,1200,27.9300,0,quote
1037.074,281,place,CNR,BUY,1200,159.5600,0,quote
1037.074,281,place,AC,BUY,1200,27.9400,0,quote
1037.343,281,place,AC,BUY,1200,27.9500,0,quote
1037.611,281,place,AC,BUY,1200,27.9600,0,quote
1037.871,281,place,AC,BUY,1200,27.9700,0,quote
1038.097,281,place,AC,BUY,1200,27.9800,0,quote
1038.377,281,place,AC,BUY,1200,27.9900,0,quote
1038.613,281,place,CNR,BUY,1200,159.5700,0,quote
1038.613,281,place,AC,BUY,1200,28.0000,0,quote
1038.908,281,place,AC,BUY,1200,28.0100,0,quote
1039.111,281,place,AC,BUY,1200,28.0200,0,quote
1039.421,281,place,AC,BUY,1200,28.0500,0,quote
1039.629,281,place,AC,BUY,1200,28.0600,0,quote
1039.905,282,place,AC,BUY,1200,28.0700,0,quote
1040.161,282,place,AC,BUY,1200,28.0800,0,quote
1040.404,282,place,AC,BUY,1200,28.0900,0,quote
1040.661,282,place,AC,BUY,1200,28.1000,0,quote
1040.905,282,place,AC,BUY,1200,28.1100,0,quote
1041.256,282,fill,CNR,BUY,1200,159.5850,1200,mode=mm
1041.258,282,place,CNR,BUY,1000,159.5700,1200,quote
1041.258,282,place,AC,BUY,1200,28.1200,0,quote
1041.455,282,place,AC,BUY,1200,28.1300,0,quote
1041.615,282,regime,CNR,,,,,"TREND -> mixed (er=0.88, net +7t over 14s)"
1041.703,282,place,AC,BUY,1200,28.1400,0,quote
1041.941,282,place,AC,BUY,1200,28.1500,0,quote
1042.199,282,place,AC,BUY,1200,28.1600,0,quote
1042.429,282,place,AC,BUY,1200,28.1700,0,quote
1042.710,282,place,AC,BUY,1200,28.1800,0,quote
1042.971,282,place,CNR,BUY,2100,159.5700,1200,quote
1042.971,282,place,AC,BUY,1200,28.1900,0,quote
1042.971,282,place,CNR,BUY,1500,154.7900,1200,ladder
1042.971,282,place,CNR,SELL,1500,164.3600,1200,ladder
1042.971,282,place,CNR,BUY,1500,146.8100,1200,ladder
1042.971,282,place,CNR,SELL,1500,172.3400,1200,ladder
1042.971,282,place,CNR,BUY,2000,135.6400,1200,ladder
1042.971,282,place,CNR,SELL,2000,183.5100,1200,ladder
1043.209,282,place,AC,BUY,1200,28.2000,0,quote
1043.489,282,fill,CNR,BUY,2100,159.5750,3300,mode=mm
1043.490,282,place,CNR,BUY,1500,159.5700,3300,quote
1043.490,282,place,CNR,SELL,3000,159.5800,3300,quote
1043.490,282,place,AC,BUY,1200,28.2100,0,quote
1043.674,282,place,CNR,BUY,1500,159.5600,3300,quote
1043.674,282,place,CNR,SELL,3000,159.5700,3300,quote
1043.674,282,place,AC,BUY,1200,28.2200,0,quote
1043.787,282,fill,CNR,BUY,1500,159.5650,4800,mode=mm
1043.789,282,place,CNR,BUY,700,159.5500,4800,quote
1044.015,283,fill,CNR,SELL,3000,159.5650,1800,mode=mm
1044.016,283,place,CNR,BUY,1900,159.5400,1800,quote
1044.016,283,place,CNR,SELL,2800,159.5600,1800,quote
1044.016,283,place,AC,BUY,1200,28.2300,0,quote
1044.060,283,regime,CNR,,,,,"mixed -> chop (er=0.06, net +0t over 14s)"
1044.261,283,fill,CNR,SELL,500,159.5500,1300,mode=mm
1044.262,283,place,AC,BUY,1200,28.2400,0,quote
1044.501,283,fill,CNR,SELL,100,159.5600,1200,mode=mm
1044.503,283,place,AC,BUY,1200,28.2500,0,quote
1044.722,283,place,AC,BUY,1200,28.2600,0,quote
1044.990,283,place,AC,BUY,1200,28.2700,0,quote
1045.243,283,place,AC,BUY,1200,28.2800,0,quote
1045.499,283,place,AC,BUY,1200,28.2900,0,quote
1045.774,283,place,AC,BUY,1200,28.3000,0,quote
1045.996,283,place,AC,BUY,1200,28.3100,0,quote
1046.250,283,place,AC,BUY,1200,28.3200,0,quote
1046.501,283,place,AC,BUY,1200,28.3300,0,quote
1046.749,283,place,AC,BUY,1200,28.3400,0,quote
1046.999,283,place,AC,BUY,1200,28.3500,0,quote
1047.255,283,place,AC,BUY,1200,28.3600,0,quote
1047.560,283,place,CNR,BUY,2100,159.5600,1200,quote
1047.560,283,place,CNR,SELL,2700,159.5900,1200,quote
1047.560,283,place,AC,BUY,1200,28.3800,0,quote
1047.560,283,place,CNR,BUY,1500,154.7800,1200,ladder
1047.560,283,place,CNR,SELL,1500,164.3500,1200,ladder
1047.560,283,place,CNR,BUY,1500,146.8000,1200,ladder
1047.560,283,place,CNR,SELL,1500,172.3300,1200,ladder
1047.560,283,place,CNR,BUY,2000,135.6300,1200,ladder
1047.560,283,place,CNR,SELL,2000,183.5000,1200,ladder
1047.698,283,place,CNR,BUY,2100,159.5700,1200,quote
1047.698,283,place,CNR,SELL,2700,159.5800,1200,quote
1047.698,283,place,AC,BUY,1200,28.3900,0,quote
1047.776,283,place,AC,BUY,1200,28.4000,0,quote
1048.091,284,fill,CNR,BUY,2100,159.5800,3300,mode=mm
1048.092,284,place,CNR,BUY,1500,159.5700,3300,quote
1048.092,284,place,AC,BUY,1200,28.4100,0,quote
1048.310,284,place,AC,BUY,1200,28.4200,0,quote
1048.608,284,fill,CNR,SELL,2700,159.5750,600,mode=mm
1048.610,284,place,CNR,SELL,2600,159.5800,600,quote
1048.610,284,place,AC,BUY,1200,28.4300,0,quote
1048.860,284,place,AC,BUY,1200,28.4400,0,quote
1049.078,284,place,AC,BUY,1200,28.4500,0,quote
1049.359,284,place,AC,BUY,1200,28.4600,0,quote
1049.601,284,place,AC,BUY,1200,28.4700,0,quote
1049.898,284,fill,CNR,BUY,900,159.5750,1500,mode=mm
1049.900,284,place,CNR,BUY,2000,159.5700,1500,quote
1049.900,284,place,AC,BUY,1200,28.4800,0,quote
1050.117,284,place,AC,BUY,1200,28.4900,0,quote
1050.408,284,fill,CNR,SELL,1000,159.5750,500,mode=mm
1050.409,284,place,AC,BUY,1200,28.5000,0,quote
1050.666,284,fill,CNR,BUY,800,159.5750,1300,mode=mm
1050.666,284,place,CNR,BUY,2000,159.5700,1300,quote
1050.666,284,place,CNR,SELL,2700,159.5800,1300,quote
1050.666,284,place,AC,BUY,1200,28.5100,0,quote
1050.878,284,place,AC,BUY,1200,28.5200,0,quote
1051.136,284,fill,CNR,BUY,1500,159.5750,2800,mode=mm
1051.137,284,place,CNR,BUY,1600,159.5600,2800,quote
1051.137,284,place,CNR,SELL,3000,159.5700,2800,quote
1051.137,284,place,AC,BUY,1200,28.5300,0,quote
1051.433,284,fill,CNR,SELL,3000,159.5700,-200,mode=mm
1051.436,284,place,CNR,BUY,2500,159.5700,-200,quote
1051.436,284,place,CNR,SELL,2400,159.5800,-200,quote
1051.436,284,place,AC,BUY,1200,28.5400,0,quote
1051.726,284,place,AC,BUY,1200,28.5500,0,quote
1051.949,284,fill,CNR,SELL,1000,159.5750,-1200,mode=mm
1051.949,284,place,AC,BUY,1200,28.5600,0,quote
1052.220,285,fill,CNR,BUY,2500,159.5750,1300,mode=mm
1052.221,285,place,CNR,BUY,2000,159.5700,1300,quote
1052.221,285,place,AC,BUY,1200,28.5700,0,quote
1052.432,285,place,AC,BUY,1200,28.5800,0,quote
1052.726,285,fill,CNR,SELL,1400,159.5750,-100,mode=mm
1052.728,285,place,CNR,SELL,2400,159.5800,-100,quote
1052.728,285,place,AC,BUY,1200,28.5900,0,quote
1052.943,285,place,AC,BUY,1200,28.6000,0,quote
1053.217,285,fill,CNR,BUY,1150,159.5750,1050,mode=mm
1053.218,285,place,AC,BUY,1200,28.6100,0,quote
1053.461,285,place,AC,BUY,1200,28.6200,0,quote
1053.742,285,place,AC,BUY,1200,28.6300,0,quote
1054.005,285,place,CNR,SELL,2600,159.5800,1050,quote
1054.005,285,place,AC,BUY,1200,28.6400,0,quote
1054.041,285,fill,CNR,SELL,2400,159.5750,-1350,mode=mm
1054.042,285,place,CNR,BUY,2700,159.5700,-1350,quote
1054.234,285,place,AC,BUY,1200,28.6500,0,quote
1054.493,285,place,AC,BUY,1200,28.6600,0,quote
1054.750,285,place,AC,BUY,1200,28.6700,0,quote
1055.012,285,fill,CNR,SELL,600,159.5750,-1950,mode=mm
1055.012,285,place,AC,BUY,1200,28.6800,0,quote
1055.277,285,fill,CNR,SELL,2000,159.5750,-3950,mode=mm
1055.279,285,place,AC,BUY,1200,28.6900,0,quote
1055.316,285,place,CNR,SELL,1400,159.5800,-3950,quote
1055.578,285,fill,CNR,SELL,1400,159.5750,-5350,mode=mm
1055.579,285,place,CNR,BUY,3400,159.5800,-5350,quote
1055.579,285,place,CNR,SELL,1100,159.6000,-5350,quote
1055.579,285,place,AC,BUY,1200,28.7000,0,quote
1055.689,285,place,CNR,BUY,3400,159.5900,-5350,quote
1055.689,285,place,CNR,SELL,300,159.6100,-5350,quote
1055.689,285,place,AC,BUY,200,28.7100,0,quote
1055.789,286,place,CNR,SELL,1100,159.6100,-5350,quote
1055.789,286,place,AC,BUY,100,28.7200,0,quote
1056.040,286,place,AC,BUY,1200,28.7300,0,quote
1056.318,286,place,CNR,BUY,3400,159.6000,-5350,quote
1056.363,286,place,CNR,SELL,1100,159.6200,-5350,quote
1056.363,286,place,AC,BUY,1200,28.7400,0,quote
1056.593,286,place,AC,BUY,1200,28.7500,0,quote
1056.839,286,place,AC,BUY,1200,28.7700,0,quote
1057.060,286,place,AC,BUY,1200,28.7800,0,quote
1057.316,286,place,AC,BUY,1200,28.7900,0,quote
1057.572,286,place,AC,BUY,1200,28.8000,0,quote
1057.684,286,regime,CNR,,,,,"chop -> mixed (er=0.44, net +4t over 14s)"
1057.869,286,fill,CNR,BUY,3400,159.6050,-1950,mode=mm
1057.869,286,place,CNR,BUY,2800,159.6000,-1950,quote
1057.869,286,place,CNR,SELL,1800,159.6100,-1950,quote
1057.869,286,place,AC,BUY,1200,28.8100,0,quote
1058.125,286,place,AC,BUY,1200,28.8200,0,quote
1058.357,286,place,AC,BUY,1200,28.8300,0,quote
1058.590,286,place,AC,BUY,1200,28.8400,0,quote
1058.918,286,fill,CNR,SELL,1800,159.6050,-3750,mode=mm
1058.919,286,place,CNR,BUY,3100,159.6100,-3750,quote
1058.919,286,place,CNR,SELL,1400,159.6200,-3750,quote
1058.919,286,place,AC,BUY,1200,28.8500,0,quote
1059.115,286,place,AC,BUY,1200,28.8600,0,quote
1059.364,286,place,AC,BUY,1200,28.8700,0,quote
1059.624,286,place,AC,BUY,1200,28.8800,0,quote
1059.706,286,place,AC,BUY,1200,28.8900,0,quote
1059.882,287,place,AC,BUY,1200,28.9000,0,quote
1060.136,287,place,AC,BUY,1200,28.9100,0,quote
1060.395,287,place,CNR,BUY,3100,159.6400,-3750,quote
1060.395,287,place,CNR,SELL,1400,159.6600,-3750,quote
1060.395,287,place,AC,BUY,1200,28.9300,0,quote
1060.395,287,place,CNR,BUY,1500,154.8100,-3750,ladder
1060.395,287,place,CNR,SELL,1500,164.3800,-3750,ladder
1060.395,287,place,CNR,BUY,1500,146.8300,-3750,ladder
1060.395,287,place,CNR,SELL,1500,172.3600,-3750,ladder
1060.395,287,place,CNR,BUY,2000,135.6600,-3750,ladder
1060.395,287,place,CNR,SELL,2000,183.5400,-3750,ladder
1060.668,287,regime,CNR,,,,,"3 stop-outs in 85s -> toxic flow: half size, no stepping inside for 30s"
1060.668,287,stop,CNR,BUY,3750,159.6900,-3750,loss=5.6t stop=5.0t trend_against=False
1060.670,287,place,CNR,BUY,3750,159.6900,-3750,agg
1060.670,287,place,AC,BUY,1200,28.9400,0,quote
1060.944,287,fill,CNR,BUY,3750,159.6450,0,mode=mm
1060.946,287,place,CNR,BUY,1200,159.6300,0,quote
1060.946,287,place,AC,BUY,1200,28.9500,0,quote
1060.946,287,place,CNR,BUY,1500,154.8100,0,ladder
1060.946,287,place,CNR,SELL,1500,164.3900,0,ladder
1060.946,287,place,CNR,BUY,100,146.8300,0,ladder
1060.946,287,place,CNR,SELL,1500,172.3700,0,ladder
1060.946,287,place,CNR,BUY,100,135.6600,0,ladder
1060.946,287,place,CNR,SELL,2000,183.5400,0,ladder
1061.164,287,place,AC,BUY,1200,28.9600,0,quote
1061.412,287,place,AC,BUY,1200,28.9700,0,quote
1061.659,287,place,AC,BUY,1200,28.9800,0,quote
1061.928,287,place,AC,BUY,1200,28.9900,0,quote
1062.172,287,place,CNR,BUY,1200,159.6400,0,quote
1062.172,287,place,AC,BUY,1200,29.0000,0,quote
1062.431,287,place,AC,BUY,1200,29.0100,0,quote
1062.681,287,place,AC,BUY,1200,29.0200,0,quote
1062.938,287,place,AC,BUY,1200,29.0300,0,quote
1063.199,287,place,AC,BUY,1200,29.0400,0,quote
1063.435,287,place,AC,BUY,1200,29.0500,0,quote
1063.690,287,place,AC,BUY,1200,29.0600,0,quote
1063.874,287,place,CNR,SELL,1200,159.6700,0,quote
1063.935,288,place,AC,BUY,1200,29.0700,0,quote
1064.190,288,place,AC,BUY,1200,29.0800,0,quote
1064.476,288,place,CNR,SELL,1200,159.6800,0,quote
1064.476,288,place,AC,BUY,1200,29.0900,0,quote
1064.700,288,place,CNR,BUY,1200,159.6500,0,quote
1064.700,288,place,AC,BUY,1200,29.1000,0,quote
1064.968,288,place,AC,BUY,1200,29.1100,0,quote
1065.229,288,place,AC,BUY,1200,29.1200,0,quote
1065.270,288,place,CNR,SELL,1200,159.6900,0,quote
1065.465,288,place,CNR,BUY,1200,159.6600,0,quote
1065.465,288,place,AC,BUY,1200,29.1300,0,quote
1065.750,288,place,AC,BUY,1200,29.1400,0,quote
1065.973,288,place,CNR,BUY,1200,159.6700,0,quote
1065.973,288,place,AC,BUY,1200,29.1500,0,quote
1066.210,288,place,AC,BUY,1200,29.1600,0,quote
1066.483,288,place,AC,BUY,1200,29.1700,0,quote
1066.749,288,place,AC,BUY,1200,29.1800,0,quote
1066.973,288,place,AC,BUY,1200,29.1900,0,quote
1067.232,288,place,AC,BUY,1200,29.2000,0,quote
1067.515,288,place,CNR,BUY,1200,159.6800,0,quote
1067.515,288,place,AC,BUY,1200,29.2200,0,quote
1067.649,288,regime,CNR,,,,,"mixed -> TREND (er=1.00, net +12t over 14s)"
1067.715,288,place,CNR,BUY,1200,159.6900,0,quote
1067.715,288,place,AC,BUY,1200,29.2300,0,quote
1068.061,288,place,AC,BUY,1200,29.2400,0,quote
1068.294,289,place,AC,BUY,1200,29.2500,0,quote
1068.519,289,place,CNR,BUY,1200,159.7000,0,quote
1068.519,289,place,AC,BUY,1200,29.2600,0,quote
1068.807,289,place,CNR,BUY,1200,159.7100,0,quote
1068.807,289,place,AC,BUY,1200,29.2700,0,quote
1069.066,289,place,AC,BUY,1200,29.2800,0,quote
1069.354,289,fill,CNR,BUY,1200,159.7250,1200,mode=mm
1069.355,289,place,CNR,BUY,1000,159.7000,1200,quote
1069.355,289,place,AC,BUY,1200,29.2900,0,quote
1069.572,289,place,CNR,BUY,1000,159.7100,1200,quote
1069.572,289,place,AC,BUY,1200,29.3000,0,quote
1069.810,289,place,AC,BUY,1200,29.3100,0,quote
1070.081,289,fill,CNR,BUY,800,159.7300,2000,mode=mm
1070.084,289,place,CNR,BUY,900,159.7000,2000,quote
1070.084,289,place,AC,BUY,1200,29.3200,0,quote
1070.354,289,place,AC,BUY,1200,29.3300,0,quote
1070.565,289,place,AC,BUY,1200,29.3400,0,quote
1070.839,289,place,CNR,BUY,900,159.7100,2000,quote
1070.839,289,place,AC,BUY,1200,29.3500,0,quote
1071.067,289,place,AC,BUY,1200,29.3700,0,quote
1071.312,289,place,AC,BUY,1200,29.3800,0,quote
1071.560,289,place,CNR,BUY,900,159.7000,2000,quote
1071.560,289,place,AC,BUY,1200,29.3900,0,quote
1071.718,290,place,AC,BUY,1200,29.4100,0,quote
1071.843,290,place,AC,BUY,1200,29.4200,0,quote
1072.076,290,place,CNR,BUY,900,159.7200,2000,quote
1072.076,290,place,AC,BUY,1200,29.4300,0,quote
1072.360,290,place,AC,BUY,1200,29.4600,0,quote
1072.392,290,place,CNR,BUY,900,159.7400,2000,quote
1072.608,290,place,CNR,BUY,900,159.7500,2000,quote
1072.608,290,place,AC,BUY,1200,29.4700,0,quote
1072.864,290,place,AC,BUY,1200,29.4800,0,quote
1073.111,290,place,AC,BUY,1200,29.4900,0,quote
1073.388,290,place,AC,BUY,1200,29.5000,0,quote
1073.665,290,place,AC,BUY,1200,29.5100,0,quote
1073.906,290,place,CNR,BUY,900,159.7600,2000,quote
1073.906,290,place,AC,BUY,1200,29.5200,0,quote
1074.152,290,place,AC,BUY,1200,29.5300,0,quote
1074.420,290,place,AC,BUY,1200,29.5400,0,quote
1074.668,290,place,AC,BUY,1200,29.5500,0,quote
1074.935,290,place,AC,BUY,1200,29.5600,0,quote
1075.163,290,place,AC,BUY,1200,29.5700,0,quote
1075.438,290,place,AC,BUY,1200,29.5800,0,quote
1075.689,290,place,CNR,BUY,900,159.7500,2000,quote
1075.689,290,place,AC,BUY,1200,29.5900,0,quote
1075.935,291,place,CNR,BUY,900,159.7600,2000,quote
1075.935,291,place,AC,BUY,1200,29.6000,0,quote
1076.214,291,place,AC,BUY,1200,29.6100,0,quote
1076.469,291,place,AC,BUY,1200,29.6200,0,quote
1076.713,291,place,AC,BUY,1200,29.6300,0,quote
1076.977,291,place,AC,BUY,1200,29.6400,0,quote
1077.215,291,place,AC,BUY,1200,29.6500,0,quote
1077.467,291,place,CNR,BUY,900,159.7700,2000,quote
1077.467,291,place,AC,BUY,1200,29.6600,0,quote
1077.719,291,place,AC,BUY,1200,29.6700,0,quote
1077.993,291,place,AC,BUY,1200,29.6800,0,quote
1078.239,291,place,CNR,BUY,900,159.7800,2000,quote
1078.239,291,place,AC,BUY,1200,29.7000,0,quote
1078.522,291,fill,CNR,BUY,900,159.7950,2900,mode=mm
1078.524,291,place,CNR,BUY,800,159.6900,2900,quote
1078.524,291,place,AC,BUY,1200,29.7100,0,quote
1078.762,291,place,CNR,BUY,800,159.7200,2900,quote
1078.762,291,place,AC,BUY,1200,29.7200,0,quote
1079.001,291,place,AC,BUY,1200,29.7300,0,quote
1079.246,291,place,AC,BUY,1200,29.7400,0,quote
1079.529,291,place,CNR,BUY,800,159.7400,2900,quote
1079.529,291,place,AC,BUY,1200,29.7600,0,quote
1079.714,291,place,AC,BUY,1200,29.7700,0,quote
1080.008,292,place,CNR,BUY,800,159.7600,2900,quote
1080.008,292,place,AC,BUY,1200,29.7800,0,quote
1080.265,292,place,CNR,BUY,800,159.7800,2900,quote
1080.265,292,place,AC,BUY,1200,29.8000,0,quote
1080.562,292,fill,CNR,BUY,800,159.8050,3700,mode=mm
1080.563,292,place,CNR,BUY,700,159.8000,3700,quote
1080.563,292,place,CNR,SELL,1500,159.8500,3700,quote
1080.563,292,place,AC,BUY,1200,29.8100,0,quote
1080.785,292,place,CNR,BUY,700,159.8100,3700,quote
1080.785,292,place,AC,BUY,1200,29.8200,0,quote
1080.970,292,place,CNR,SELL,1500,159.8400,3700,quote
1081.050,292,place,CNR,SELL,1500,159.8600,3700,quote
1081.050,292,place,AC,BUY,1200,29.8400,0,quote
1081.096,292,place,CNR,SELL,1500,159.8500,3700,quote
1081.317,292,fill,CNR,BUY,200,159.8300,3900,mode=mm
1081.319,292,place,AC,BUY,1200,29.8500,0,quote
1081.527,292,place,AC,BUY,1200,29.8600,0,quote
1081.805,292,place,AC,BUY,1200,29.8700,0,quote
1081.834,292,place,CNR,BUY,700,159.8200,3900,quote
1082.035,292,place,AC,BUY,1200,29.8800,0,quote
1082.312,292,place,CNR,BUY,700,159.8100,3900,quote
1082.312,292,place,AC,BUY,1200,29.8900,0,quote
1082.539,292,place,AC,BUY,1200,29.9000,0,quote
1082.830,292,place,CNR,SELL,1500,159.8600,3900,quote
1082.830,292,place,AC,BUY,1200,29.9200,0,quote
1083.044,292,place,AC,BUY,1200,29.9300,0,quote
1083.289,292,place,AC,BUY,1200,29.9400,0,quote
1083.539,292,place,AC,BUY,1200,29.9500,0,quote
1083.707,292,place,AC,BUY,1200,29.9600,0,quote
1084.086,293,place,AC,BUY,1200,29.9700,0,quote
1084.364,293,place,CNR,BUY,700,159.7300,3900,quote
1084.364,293,place,AC,BUY,1200,29.9800,0,quote
1084.393,293,fill,CNR,BUY,700,159.8000,4600,mode=mm
1084.394,293,place,CNR,BUY,600,159.7200,4600,quote
1084.473,293,regime,CNR,,,,,"TREND -> mixed (er=0.29, net +7t over 14s)"
1084.591,293,place,AC,BUY,1200,29.9900,0,quote
1084.833,293,place,AC,BUY,1200,30.0000,0,quote
1085.124,293,fill,CNR,BUY,700,159.8000,5300,mode=mm
1085.124,293,place,CNR,BUY,300,159.7500,5300,quote
1085.124,293,place,CNR,SELL,1000,159.8400,5300,quote
1085.124,293,place,AC,BUY,1200,30.0200,0,quote
1085.339,293,place,CNR,BUY,500,159.7800,5300,quote
1085.339,293,place,CNR,SELL,1700,159.8600,5300,quote
1085.339,293,place,AC,BUY,1200,30.0400,0,quote
1085.621,293,fill,CNR,BUY,500,159.8250,5800,mode=mm
1085.621,293,place,CNR,BUY,300,159.7600,5800,quote
1085.621,293,place,CNR,SELL,1000,159.8200,5800,quote
1085.621,293,place,AC,BUY,1200,30.0500,0,quote
1085.850,293,place,AC,BUY,1200,30.0600,0,quote
1086.154,293,fill,CNR,SELL,1000,159.7800,4800,mode=mm
1086.156,293,regime,CNR,,,,,"mixed -> chop (er=0.08, net +2t over 14s)"
1086.157,293,place,CNR,BUY,600,159.6900,4800,quote
1086.157,293,place,CNR,SELL,1600,159.8300,4800,quote
1086.157,293,place,AC,BUY,1200,30.0700,0,quote
1086.406,293,place,CNR,BUY,300,159.7400,4800,quote
1086.406,293,place,AC,BUY,1200,30.0800,0,quote
1086.646,293,fill,CNR,SELL,1600,159.7800,3200,mode=mm
1086.649,293,place,CNR,SELL,1500,159.8600,3200,quote
1086.649,293,place,AC,BUY,1200,30.0900,0,quote
1086.875,293,place,CNR,BUY,700,159.7600,3200,quote
1086.875,293,place,CNR,SELL,1500,159.8700,3200,quote
1086.875,293,place,AC,BUY,1200,30.1000,0,quote
1087.158,293,place,AC,BUY,1200,30.1200,0,quote
1087.392,293,place,AC,BUY,1200,30.1400,0,quote
1087.673,293,place,CNR,BUY,700,159.7500,3200,quote
1087.673,293,place,AC,BUY,1200,30.1500,0,quote
1087.945,293,fill,CNR,BUY,700,159.8100,3900,mode=mm
1088.178,294,place,CNR,BUY,400,159.7700,3900,quote
1088.178,294,place,CNR,SELL,900,159.8500,3900,quote
1088.178,294,place,AC,BUY,1200,30.1600,0,quote
1088.500,294,fill,CNR,SELL,900,159.7900,3000,mode=mm
1088.501,294,place,AC,BUY,1200,30.1700,0,quote
1088.696,294,place,AC,BUY,1200,30.1900,0,quote
1088.978,294,place,AC,BUY,1200,30.2000,0,quote
1089.197,294,place,CNR,BUY,800,159.7600,3000,quote
1089.197,294,place,CNR,SELL,1500,159.8800,3000,quote
1089.197,294,place,AC,BUY,1200,30.2200,0,quote
1089.456,294,place,AC,BUY,1200,30.2300,0,quote
1089.743,294,fill,CNR,BUY,400,159.8200,3400,mode=mm
1089.745,294,place,CNR,BUY,400,159.7700,3400,quote
1089.745,294,place,AC,BUY,1200,30.2400,0,quote
1089.781,294,place,CNR,SELL,900,159.8500,3400,quote
1089.985,294,place,AC,BUY,1200,30.2500,0,quote
1090.253,294,fill,CNR,SELL,900,159.8200,2500,mode=mm
1090.254,294,place,AC,BUY,1200,30.2600,0,quote
1090.497,294,place,AC,BUY,1200,30.2800,0,quote
1090.710,294,place,CNR,BUY,1700,159.7800,2500,quote
1090.710,294,place,AC,BUY,1200,30.2900,0,quote
1091.023,294,fill,CNR,BUY,500,159.8250,3000,mode=mm
1091.024,294,place,CNR,SELL,3000,159.8700,3000,quote
1091.024,294,place,AC,BUY,1200,30.3000,0,quote
1091.286,294,fill,CNR,SELL,3000,159.8250,0,mode=mm
1091.287,294,place,CNR,BUY,1500,159.7700,0,quote
1091.287,294,place,AC,BUY,1200,30.3100,0,quote
1091.537,294,place,CNR,BUY,1500,159.7900,0,quote
1091.537,294,place,AC,BUY,1200,30.3200,0,quote
1091.746,294,place,CNR,BUY,1500,159.7700,0,quote
1091.746,294,place,AC,BUY,1200,30.3400,0,quote
1092.036,294,place,AC,BUY,1200,30.3500,0,quote
1092.064,294,place,CNR,BUY,1500,159.8000,0,quote
1092.638,295,place,CNR,BUY,1500,159.7700,0,quote
1092.638,295,place,AC,BUY,1200,30.3700,0,quote
1092.638,295,place,CNR,BUY,1500,155.0200,0,ladder
1092.638,295,place,CNR,SELL,1500,164.6000,0,ladder
1092.638,295,place,CNR,BUY,1500,147.0200,0,ladder
1092.638,295,place,CNR,SELL,1500,172.5900,0,ladder
1092.638,295,place,CNR,BUY,2000,135.8400,0,ladder
1092.638,295,place,CNR,SELL,2000,183.7800,0,ladder
1092.770,295,place,AC,BUY,1200,30.3900,0,quote
1093.037,295,regime,CNR,,,,,"chop -> mixed (er=0.33, net +10t over 14s)"
1093.038,295,place,CNR,BUY,2500,159.8100,0,quote
1093.038,295,place,AC,BUY,1200,30.4000,0,quote
1093.295,295,place,AC,BUY,1200,30.4100,0,quote
1093.525,295,place,AC,BUY,1200,30.4200,0,quote
1093.810,295,place,AC,BUY,1200,30.4400,0,quote
1094.077,295,place,CNR,BUY,2500,159.8200,0,quote
1094.077,295,place,AC,BUY,1200,30.4500,0,quote
1094.361,295,fill,CNR,BUY,2500,159.8650,2500,mode=mm
1094.363,295,regime,CNR,,,,,"mixed -> chop (er=0.23, net +6t over 14s)"
1094.363,295,place,AC,BUY,1200,30.4600,0,quote
1094.552,295,place,AC,BUY,1200,30.4700,0,quote
1094.809,295,place,AC,BUY,1200,30.4800,0,quote
1095.070,295,place,AC,BUY,1200,30.4900,0,quote
1095.351,295,place,CNR,BUY,1000,159.7900,2500,quote
1095.351,295,place,AC,BUY,1200,30.5000,0,quote
1095.582,295,place,AC,BUY,1200,30.5100,0,quote
1095.765,295,fill,CNR,BUY,1000,159.8100,3500,mode=mm
1095.766,296,stop,CNR,SELL,3500,159.6700,3500,loss=11.1t stop=5.0t trend_against=False
1095.767,296,place,CNR,SELL,3500,159.6700,3500,agg
1096.130,296,fill,CNR,SELL,3500,159.8100,0,mode=mm
1096.360,296,regime,CNR,,,,,"chop -> mixed (er=0.30, net -11t over 14s)"
1096.902,296,regime,CNR,,,,,"mixed -> chop (er=0.07, net +4t over 14s)"
1099.922,297,regime,CNR,,,,,"chop -> mixed (er=0.34, net +17t over 14s)"
1101.529,297,regime,CNR,,,,,"mixed -> chop (er=0.18, net +9t over 14s)"
1103.949,298,place,RY,SELL,85,434.6600,85,agg
1104.052,298,fill,RY,SELL,85,222.4997,0,mode=mm
1111.152,299,regime,CNR,,,,,"chop -> mixed (er=0.27, net -25t over 14s)"
2013.622,300,end,,,,,,"pnl -28432.67 pos {'CNR': 0, 'RY': 0, 'AC': 0}"
