t,case_tick,event,ticker,side,qty,price,pos,note
0.635,149,place,RY,BUY,5000,103.2200,0,quote
0.635,149,place,RY,SELL,5000,103.2300,0,quote
0.635,149,place,AC,BUY,5000,29.6900,0,quote
0.635,149,place,AC,SELL,5000,29.7000,0,quote
0.793,149,fill,RY,BUY,5000,103.2200,5000,mode=mm
0.794,149,fill,AC,SELL,5000,29.6950,-5000,mode=mm
0.796,149,place,RY,BUY,2400,103.1900,5000,quote
0.796,149,place,RY,SELL,5000,103.2200,5000,quote
0.796,149,place,AC,BUY,5000,29.7000,-5000,quote
0.796,149,place,AC,SELL,800,29.7200,-5000,quote
1.044,149,fill,RY,SELL,5000,103.2100,0,mode=mm
1.046,149,place,CNR,BUY,1800,176.4200,0,quote
1.046,149,place,CNR,SELL,1800,176.4300,0,quote
1.046,149,place,RY,BUY,3000,103.2100,0,quote
1.046,149,place,AC,BUY,5000,29.7100,-5000,quote
1.046,149,place,AC,SELL,200,29.7300,-5000,quote
1.329,149,fill,RY,BUY,3000,103.2100,3000,mode=mm
1.859,149,fill,CNR,SELL,1800,176.4250,-1800,mode=mm
2.584,150,place,AC,BUY,5000,29.7700,-5000,quote
2.862,150,stop,AC,BUY,5000,29.8200,-5000,loss=8.0t stop=5.0t trend_against=False
2.863,150,place,AC,BUY,5000,29.8200,-5000,agg
2.913,150,place,RY,BUY,300,103.2000,3000,quote
2.913,150,place,RY,SELL,5000,103.2100,3000,quote
3.102,150,place,RY,SELL,3000,103.2200,3000,quote
3.134,150,fill,RY,SELL,5000,103.2150,-2000,mode=mm
3.136,150,fill,AC,BUY,5000,29.7850,0,mode=mm
3.384,150,fill,RY,SELL,3000,103.2250,-5000,mode=mm
3.388,150,place,RY,BUY,1000,103.2200,-5000,quote
3.640,150,place,CNR,BUY,1800,176.4500,-1800,quote
3.640,150,place,RY,BUY,3000,103.2300,-5000,quote
3.900,151,fill,CNR,BUY,100,176.4500,-1700,mode=mm
4.156,151,place,RY,SELL,2400,103.2500,-5000,quote
4.156,151,place,AC,BUY,1000,29.8300,0,quote
4.375,151,place,AC,BUY,100,29.8400,0,quote
5.384,151,fill,RY,BUY,3000,103.2350,-2000,mode=mm
5.386,151,place,RY,BUY,5000,103.2300,-2000,quote
5.386,151,place,RY,SELL,2200,103.2400,-2000,quote
5.386,151,place,AC,BUY,600,29.8800,0,quote
5.646,151,fill,RY,BUY,2300,103.2350,300,mode=mm
5.649,151,place,CNR,BUY,5000,176.4800,-1700,quote
5.649,151,place,CNR,SELL,3900,176.4900,-1700,quote
5.649,151,place,AC,BUY,5000,29.8900,0,quote
5.706,151,stop,CNR,BUY,1700,176.5300,-1700,loss=6.0t stop=5.0t trend_against=False
5.706,151,place,CNR,BUY,1700,176.5300,-1700,agg
5.952,152,fill,CNR,BUY,6700,176.4800,5000,mode=mm
5.954,152,fill,RY,BUY,2700,103.2350,3000,mode=mm
6.922,152,place,CNR,BUY,2400,176.4700,5000,quote
6.922,152,place,RY,BUY,1100,103.2300,3000,quote
7.158,152,place,AC,BUY,2500,29.9300,0,quote
7.208,152,fill,RY,BUY,1100,103.2350,4100,mode=mm
7.209,152,place,RY,BUY,900,103.2100,4100,quote
7.209,152,place,RY,SELL,5000,103.2300,4100,quote
7.209,152,place,AC,BUY,500,29.9400,0,quote
7.313,152,regime,RY,,,,,"mixed -> chop (er=0.08, net +0t over 10s)"
7.468,152,fill,CNR,SELL,1848,176.4850,3152,mode=mm
7.470,152,place,CNR,BUY,1800,176.4800,3152,quote
7.744,152,fill,CNR,SELL,2052,176.4850,1100,mode=mm
7.745,152,fill,RY,SELL,5000,103.2250,-900,mode=mm
7.748,152,place,CNR,SELL,1100,176.4900,1100,quote
7.748,152,place,RY,SELL,100,103.2400,-900,quote
8.026,153,fill,CNR,SELL,1100,176.4850,0,mode=mm
8.027,153,place,CNR,BUY,1000,176.4900,0,quote
8.027,153,place,RY,SELL,100,103.2400,-900,quote
8.210,153,place,AC,BUY,2500,29.9700,0,quote
8.362,153,fill,CNR,BUY,1000,176.4900,1000,mode=mm
8.365,153,place,CNR,BUY,2500,176.4800,1000,quote
8.365,153,place,RY,SELL,500,103.2400,-900,quote
8.365,153,place,AC,BUY,100,29.9800,0,quote
8.486,153,place,RY,BUY,5000,103.2300,-900,quote
8.486,153,place,RY,SELL,1500,103.2400,-900,quote
8.486,153,place,AC,BUY,500,29.9900,0,quote
8.737,153,fill,RY,SELL,500,103.2350,-1400,mode=mm
8.764,153,place,AC,BUY,2500,30.0000,0,quote
8.998,153,fill,RY,SELL,1500,103.2350,-2900,mode=mm
8.999,153,place,RY,SELL,3300,103.2400,-2900,quote
8.999,153,place,AC,BUY,2500,30.0200,0,quote
9.221,153,fill,RY,SELL,3300,103.2350,-6200,mode=mm
9.224,153,place,RY,BUY,100,103.2400,-6200,quote
9.415,153,regime,RY,,,,,"chop -> mixed (er=0.25, net +2t over 10s)"
9.491,153,fill,CNR,BUY,2500,176.4900,3500,mode=mm
9.492,153,fill,RY,BUY,100,103.2400,-6100,mode=mm
9.496,153,place,CNR,SELL,1800,176.4900,3500,quote
9.722,153,fill,CNR,SELL,1800,176.4850,1700,mode=mm
9.723,153,place,RY,SELL,1200,103.2600,-6100,quote
9.723,153,place,AC,BUY,300,30.0500,0,quote
10.012,153,place,AC,BUY,100,30.0500,0,quote
10.079,154,place,AC,BUY,1500,30.0600,0,quote
10.259,154,place,AC,BUY,2500,30.0700,0,quote
10.496,154,place,AC,BUY,2500,30.0800,0,quote
10.764,154,place,RY,BUY,5000,103.2400,-6100,quote
10.764,154,place,AC,BUY,2500,30.0900,0,quote
11.018,154,place,AC,BUY,1500,30.1000,0,quote
11.272,154,place,AC,BUY,300,30.1100,0,quote
11.515,154,place,RY,BUY,5000,103.2300,-6100,quote
11.515,154,place,RY,SELL,1200,103.2500,-6100,quote
11.550,154,fill,RY,BUY,5000,103.2300,-1100,mode=mm
11.552,154,place,RY,BUY,3000,103.2200,-1100,quote
11.552,154,place,RY,SELL,4200,103.2400,-1100,quote
11.552,154,place,AC,BUY,100,30.1200,0,quote
11.709,154,fill,RY,BUY,8000,103.2300,6900,mode=mm
11.722,154,place,RY,SELL,300,103.2200,6900,quote
12.035,154,fill,RY,SELL,300,103.2300,6600,mode=mm
12.038,154,place,CNR,SELL,1000,176.4900,1700,quote
12.291,155,place,RY,SELL,5000,103.2300,6600,quote
12.291,155,place,CNR,SELL,1800,176.4900,1700,quote
12.363,155,regime,RY,,,,,"mixed -> chop (er=0.25, net +2t over 10s)"
12.587,155,place,CNR,BUY,3900,176.4800,1700,quote
12.587,155,place,RY,BUY,1900,103.2100,6600,quote
12.587,155,place,AC,BUY,500,30.1700,0,quote
12.792,155,fill,CNR,BUY,1100,176.4850,2800,mode=mm
12.792,155,fill,RY,SELL,5000,103.2250,1600,mode=mm
12.795,155,place,RY,SELL,5000,103.2300,1600,quote
12.795,155,place,AC,BUY,1500,30.1800,0,quote
12.893,155,regime,RY,,,,,"chop -> mixed (er=0.29, net +2t over 10s)"
13.069,155,fill,CNR,BUY,2800,176.4850,5600,mode=mm
13.073,155,place,RY,BUY,200,103.2100,1600,quote
13.159,155,regime,RY,,,,,"mixed -> chop (er=0.06, net +0t over 10s)"
13.294,155,fill,RY,SELL,5000,103.2200,-3400,mode=mm
13.311,155,place,CNR,SELL,1800,176.4800,5600,quote
13.601,155,fill,CNR,SELL,1800,176.4750,3800,mode=mm
13.792,155,place,CNR,SELL,100,176.4700,3800,quote
13.835,155,place,RY,BUY,5000,103.2500,-3400,quote
13.835,155,place,RY,SELL,3000,103.2600,-3400,quote
13.835,155,place,AC,BUY,1500,30.2300,0,quote
13.978,155,regime,CNR,,,,,"mixed -> chop (er=0.20, net +2t over 10s)"
14.162,155,place,AC,BUY,2500,30.2400,0,quote
14.216,156,place,CNR,BUY,1700,176.4400,3800,quote
14.216,156,place,CNR,SELL,5000,176.4600,3800,quote
14.330,156,place,CNR,BUY,2900,176.4300,3800,quote
14.330,156,place,CNR,SELL,5000,176.4500,3800,quote
14.330,156,place,AC,BUY,2500,30.2500,0,quote
14.372,156,place,CNR,BUY,1700,176.4400,3800,quote
14.622,156,fill,CNR,SELL,1100,176.4500,2700,mode=mm
14.623,156,place,CNR,BUY,1100,176.4200,2700,quote
14.623,156,place,CNR,SELL,1000,176.4400,2700,quote
14.623,156,place,AC,BUY,100,30.2600,0,quote
14.835,156,place,CNR,BUY,100,176.4100,2700,quote
15.062,156,regime,CNR,,,,,"chop -> mixed (er=0.36, net -4t over 10s)"
15.107,156,fill,CNR,BUY,1100,176.4300,3800,mode=mm
15.318,156,place,CNR,BUY,300,176.4200,3800,quote
15.318,156,place,CNR,SELL,1800,176.4300,3800,quote
15.318,156,place,AC,BUY,100,30.2800,0,quote
15.360,156,place,CNR,SELL,600,176.4200,3800,quote
15.593,156,place,CNR,BUY,2900,176.4100,3800,quote
15.593,156,place,AC,BUY,900,30.3000,0,quote
15.649,156,fill,CNR,SELL,600,176.4200,3200,mode=mm
15.650,156,place,AC,BUY,900,30.3100,0,quote
15.955,157,fill,CNR,BUY,2900,176.4100,6100,mode=mm
15.958,157,place,CNR,BUY,2000,176.3900,6100,quote
15.958,157,place,CNR,SELL,5000,176.4100,6100,quote
15.958,157,place,AC,BUY,1500,30.3200,0,quote
16.122,157,place,CNR,BUY,2000,176.3800,6100,quote
16.122,157,place,CNR,SELL,5000,176.4000,6100,quote
16.366,157,fill,CNR,SELL,1200,176.4000,4900,mode=mm
16.368,157,fill,RY,BUY,4850,103.2550,1450,mode=mm
16.369,157,place,RY,BUY,800,103.2500,1450,quote
16.369,157,place,AC,BUY,500,30.3400,0,quote
16.646,157,fill,RY,SELL,2850,103.2550,-1400,mode=mm
16.647,157,place,CNR,BUY,2400,176.3600,4900,quote
16.647,157,place,CNR,SELL,5000,176.3900,4900,quote
16.647,157,place,RY,BUY,600,103.2500,-1400,quote
16.647,157,place,RY,SELL,800,103.2600,-1400,quote
16.862,157,place,CNR,BUY,2400,176.3700,4900,quote
16.862,157,place,AC,BUY,900,30.3500,0,quote
16.922,157,fill,CNR,SELL,2000,176.3900,2900,mode=mm
16.923,157,fill,RY,BUY,600,103.2550,-800,mode=mm
16.924,157,stop,CNR,SELL,2900,176.3400,2900,loss=5.3t stop=5.0t trend_against=False
16.925,157,place,CNR,SELL,2900,176.3400,2900,agg
17.037,157,regime,RY,,,,,"chop -> mixed (er=0.33, net +3t over 10s)"
17.272,157,fill,CNR,SELL,2900,176.3850,0,mode=mm
17.365,157,place,RY,BUY,5000,103.2600,-800,quote
17.365,157,place,RY,SELL,2600,103.2700,-800,quote
17.365,157,place,AC,BUY,900,30.3700,0,quote
17.435,157,place,CNR,SELL,100,176.3700,0,quote
17.435,157,place,AC,BUY,100,30.3800,0,quote
17.558,157,regime,CNR,,,,,"mixed -> TREND (er=0.78, net -15t over 10s)"
17.721,157,fill,RY,BUY,5000,103.2550,4200,mode=mm
17.723,157,place,RY,SELL,600,103.2500,4200,quote
17.821,157,regime,RY,,,,,"mixed -> chop (er=0.13, net +2t over 10s)"
17.973,158,fill,RY,SELL,600,103.2500,3600,mode=mm
17.973,158,place,RY,BUY,2900,103.2400,3600,quote
17.973,158,place,CNR,SELL,900,176.3400,0,quote
17.973,158,place,AC,BUY,300,30.4400,0,quote
18.201,158,fill,RY,BUY,2900,103.2550,6500,mode=mm
18.203,158,place,RY,BUY,1900,103.2100,6500,quote
18.203,158,place,RY,SELL,5000,103.2400,6500,quote
18.203,158,place,CNR,SELL,900,176.3300,0,quote
18.203,158,place,AC,BUY,100,30.4700,0,quote
18.444,158,place,CNR,SELL,100,176.3400,0,quote
18.444,158,place,RY,SELL,5000,103.2300,6500,quote
18.992,158,fill,RY,SELL,5000,103.2250,1500,mode=mm
18.996,158,place,CNR,SELL,2500,176.3400,0,quote
18.996,158,place,RY,BUY,2400,103.2200,1500,quote
18.996,158,place,RY,SELL,1800,103.2300,1500,quote
18.996,158,place,AC,BUY,100,30.5000,0,quote
19.204,158,fill,RY,SELL,1800,103.2250,-300,mode=mm
19.204,158,place,RY,BUY,1800,103.2600,-300,quote
19.204,158,place,RY,SELL,1600,103.2700,-300,quote
19.204,158,place,AC,BUY,300,30.5200,0,quote
19.459,158,fill,RY,BUY,1800,103.2600,1500,mode=mm
19.460,158,place,RY,SELL,3000,103.2700,1500,quote
19.460,158,place,AC,BUY,500,30.5300,0,quote
19.728,158,place,AC,BUY,2500,30.5400,0,quote
19.964,159,place,AC,BUY,2500,30.5600,0,quote
20.211,159,place,AC,BUY,2500,30.5700,0,quote
20.480,159,place,AC,BUY,2500,30.5800,0,quote
20.733,159,place,RY,BUY,4000,103.2100,1500,quote
20.733,159,place,RY,SELL,5000,103.2600,1500,quote
20.733,159,place,AC,BUY,1500,30.5900,0,quote
20.986,159,place,RY,BUY,1400,103.2000,1500,quote
20.986,159,place,RY,SELL,600,103.2200,1500,quote
20.986,159,place,CNR,SELL,300,176.3500,0,quote
21.225,159,place,AC,BUY,2500,30.6000,0,quote
21.301,159,fill,RY,SELL,600,103.2200,900,mode=mm
21.499,159,place,CNR,SELL,1500,176.3500,0,quote
21.499,159,place,RY,BUY,1500,103.2200,900,quote
21.499,159,place,RY,SELL,300,103.2300,900,quote
21.499,159,place,AC,BUY,100,30.6400,0,quote
21.760,159,fill,CNR,SELL,356,176.3350,-356,mode=mm
21.760,159,fill,RY,SELL,300,103.2250,600,mode=mm
21.762,159,place,RY,BUY,1600,103.2100,600,quote
21.762,159,place,CNR,SELL,700,176.3700,-356,quote
21.762,159,place,AC,BUY,300,30.6500,0,quote
21.838,159,place,RY,BUY,1600,103.2200,600,quote
22.070,160,place,AC,BUY,2500,30.6800,0,quote
22.119,160,fill,CNR,SELL,700,176.3450,-1056,mode=mm
22.120,160,fill,RY,BUY,3200,103.2300,3800,mode=mm
22.122,160,regime,CNR,,,,,"3 stop-outs in 59s -> toxic flow: half size, no stepping inside for 30s"
22.122,160,stop,CNR,BUY,1056,176.4600,-1056,loss=14.7t stop=5.0t trend_against=False
22.126,160,place,CNR,BUY,1056,176.4600,-1056,agg
22.325,160,fill,CNR,BUY,1056,176.3900,0,mode=mm
22.326,160,place,RY,BUY,2900,103.2500,3800,quote
22.326,160,place,RY,SELL,5000,103.2700,3800,quote
22.326,160,place,CNR,BUY,2500,176.3600,0,quote
22.326,160,place,AC,BUY,900,30.6900,0,quote
22.371,160,place,CNR,BUY,500,176.4100,0,quote
22.421,160,regime,CNR,,,,,"TREND -> chop (er=0.06, net -2t over 10s)"
22.559,160,fill,RY,BUY,2900,103.2600,6700,mode=mm
22.560,160,place,RY,SELL,600,103.2500,6700,quote
22.743,160,place,RY,BUY,600,103.2300,6700,quote
22.743,160,place,CNR,BUY,300,176.4200,0,quote
22.743,160,place,AC,BUY,100,30.7000,0,quote
22.827,160,fill,RY,SELL,600,103.2550,6100,mode=mm
22.828,160,place,CNR,BUY,500,176.4300,0,quote
22.828,160,place,RY,BUY,100,103.2400,6100,quote
22.828,160,place,RY,SELL,5000,103.2600,6100,quote
23.088,160,fill,RY,SELL,5000,103.2550,1100,mode=mm
23.102,160,place,CNR,BUY,2500,176.4400,0,quote
23.102,160,place,AC,BUY,1500,30.7300,0,quote
23.302,160,place,CNR,BUY,300,176.4600,0,quote
23.302,160,place,AC,BUY,100,30.7400,0,quote
23.562,160,place,CNR,BUY,2500,176.4600,0,quote
23.562,160,place,RY,BUY,2500,103.2600,1100,quote
23.562,160,place,RY,SELL,600,103.2700,1100,quote
23.829,160,fill,RY,BUY,2500,103.2650,3600,mode=mm
23.831,160,place,CNR,BUY,900,176.4800,0,quote
23.831,160,place,RY,BUY,300,103.2600,3600,quote
23.831,160,place,RY,SELL,5000,103.2700,3600,quote
23.831,160,place,AC,BUY,100,30.7700,0,quote
24.067,161,place,RY,BUY,1000,103.2600,3600,quote
24.067,161,place,AC,BUY,100,30.7800,0,quote
24.345,161,place,CNR,BUY,1500,176.5000,0,quote
24.345,161,place,RY,BUY,600,103.2600,3600,quote
24.345,161,place,AC,BUY,100,30.7900,0,quote
24.678,161,fill,CNR,BUY,1500,176.5150,1500,mode=mm
24.680,161,place,RY,BUY,2900,103.2600,3600,quote
24.680,161,place,AC,BUY,900,30.8000,0,quote
24.857,161,fill,RY,BUY,2900,103.2650,6500,mode=mm
24.859,161,regime,CNR,,,,,"chop -> mixed (er=0.25, net +8t over 10s)"
24.860,161,place,RY,BUY,1900,103.2300,6500,quote
24.860,161,place,RY,SELL,5000,103.2500,6500,quote
24.860,161,place,AC,BUY,1500,30.8200,0,quote
25.104,161,fill,RY,SELL,5000,103.2550,1500,mode=mm
25.106,161,place,RY,BUY,4000,103.2500,1500,quote
25.106,161,place,RY,SELL,3000,103.2600,1500,quote
25.106,161,place,AC,BUY,100,30.8300,0,quote
25.386,161,place,RY,SELL,100,103.2700,1500,quote
25.413,161,fill,RY,SELL,3000,103.2650,-1500,mode=mm
25.416,161,place,AC,BUY,1500,30.8400,0,quote
25.641,161,place,CNR,BUY,1200,176.4900,1500,quote
25.641,161,place,RY,SELL,200,103.2700,-1500,quote
25.641,161,place,AC,BUY,100,30.8500,0,quote
25.845,161,place,RY,SELL,100,103.2700,-1500,quote
26.146,162,place,CNR,BUY,2000,176.5000,1500,quote
26.146,162,place,RY,BUY,5000,103.2400,-1500,quote
26.146,162,place,AC,BUY,1500,30.8900,0,quote
26.508,162,place,CNR,BUY,2000,176.5100,1500,quote
26.508,162,place,RY,SELL,1400,103.2500,-1500,quote
26.508,162,place,AC,BUY,500,30.9300,0,quote
26.652,162,place,AC,BUY,100,30.9400,0,quote
26.902,162,fill,RY,SELL,1400,103.2450,-2900,mode=mm
26.903,162,place,RY,SELL,300,103.2500,-2900,quote
26.903,162,place,AC,BUY,100,30.9500,0,quote
26.962,162,regime,CNR,,,,,"mixed -> TREND (er=0.45, net +14t over 10s)"
27.181,162,fill,RY,BUY,4900,103.2450,2000,mode=mm
27.183,162,place,RY,BUY,3700,103.2300,2000,quote
27.183,162,place,RY,SELL,5000,103.2400,2000,quote
27.183,162,place,AC,BUY,1500,30.9600,0,quote
27.418,162,fill,RY,SELL,5000,103.2400,-3000,mode=mm
27.496,162,place,RY,BUY,5000,103.2400,-3000,quote
27.496,162,place,RY,SELL,1100,103.2500,-3000,quote
27.496,162,place,AC,BUY,100,30.9700,0,quote
27.657,162,fill,RY,SELL,1100,103.2450,-4100,mode=mm
27.659,162,place,RY,BUY,5000,103.2500,-4100,quote
27.659,162,place,RY,SELL,2700,103.2700,-4100,quote
27.659,162,place,AC,BUY,2500,30.9800,0,quote
27.774,162,place,RY,SELL,300,103.2600,-4100,quote
27.949,162,fill,RY,BUY,5000,103.2550,900,mode=mm
28.438,163,place,RY,BUY,900,103.2500,900,quote
28.438,163,place,RY,SELL,5000,103.2600,900,quote
28.438,163,place,AC,BUY,100,31.0300,0,quote
28.694,163,place,RY,BUY,4300,103.2500,900,quote
28.694,163,place,AC,BUY,900,31.0400,0,quote
28.940,163,place,AC,BUY,2500,31.0700,0,quote
28.974,163,fill,RY,SELL,3900,103.2600,-3000,mode=mm
28.976,163,place,RY,BUY,5000,103.2600,-3000,quote
28.976,163,place,RY,SELL,1100,103.2700,-3000,quote
29.206,163,fill,RY,BUY,9300,103.2600,6300,mode=mm
29.419,163,place,CNR,SELL,900,176.5500,1500,quote
29.448,163,place,CNR,SELL,500,176.5500,1500,quote
29.979,163,place,CNR,BUY,700,176.5300,1500,quote
29.979,163,place,RY,SELL,5000,103.2600,6300,quote
30.223,164,place,RY,BUY,2000,103.2400,6300,quote
30.223,164,place,AC,BUY,2500,31.1500,0,quote
30.254,164,fill,RY,SELL,5000,103.2550,1300,mode=mm
30.255,164,place,RY,BUY,4100,103.2500,1300,quote
30.488,164,place,RY,SELL,5000,103.2700,1300,quote
30.488,164,place,AC,BUY,2500,31.1700,0,quote
30.783,164,place,RY,BUY,2400,103.2600,1300,quote
30.783,164,place,AC,BUY,900,31.2000,0,quote
31.008,164,fill,RY,SELL,5000,103.2650,-3700,mode=mm
31.012,164,place,RY,BUY,5000,103.2700,-3700,quote
31.012,164,place,RY,SELL,1000,103.2800,-3700,quote
31.012,164,place,CNR,BUY,200,176.5400,1500,quote
31.012,164,place,AC,BUY,100,31.2100,0,quote
31.066,164,regime,RY,,,,,"chop -> mixed (er=0.29, net +5t over 10s)"
31.274,164,fill,RY,BUY,5000,103.2700,1300,mode=mm
31.533,164,place,RY,SELL,5000,103.2800,1300,quote
31.744,164,place,CNR,BUY,2000,176.5400,1500,quote
31.744,164,place,AC,BUY,500,31.2300,0,quote
31.780,164,place,AC,BUY,100,31.2500,0,quote
32.047,164,place,AC,BUY,2500,31.2800,0,quote
32.334,165,place,AC,BUY,2500,31.2900,0,quote
32.403,165,regime,RY,,,,,"mixed -> chop (er=0.15, net +2t over 10s)"
32.421,165,place,CNR,SELL,2700,176.5700,1500,quote
32.594,165,place,RY,BUY,4100,103.2700,1300,quote
32.594,165,place,AC,BUY,2500,31.3000,0,quote
32.797,165,place,CNR,SELL,2700,176.5800,1500,quote
32.797,165,place,AC,BUY,500,31.3100,0,quote
33.074,165,place,CNR,BUY,700,176.5500,1500,quote
33.320,165,place,AC,BUY,500,31.3400,0,quote
33.558,165,place,AC,BUY,100,31.3500,0,quote
33.726,165,regime,CNR,,,,,"TREND -> mixed (er=0.67, net +6t over 10s)"
33.793,165,place,AC,BUY,2500,31.3600,0,quote
34.121,166,fill,RY,SELL,2090,103.2750,-790,mode=mm
34.123,166,place,AC,BUY,2500,31.3700,0,quote
34.347,166,place,AC,BUY,2500,31.3900,0,quote
34.593,166,place,RY,BUY,5000,103.2800,-790,quote
34.593,166,place,RY,SELL,4400,103.2900,-790,quote
34.593,166,place,AC,BUY,2500,31.4100,0,quote
34.627,166,fill,RY,SELL,2910,103.2800,-3700,mode=mm
35.408,166,place,CNR,BUY,400,176.5600,1500,quote
35.408,166,place,CNR,SELL,900,176.6000,1500,quote
35.640,166,place,CNR,BUY,2000,176.5700,1500,quote
35.640,166,place,CNR,SELL,2700,176.6000,1500,quote
35.640,166,place,AC,BUY,2500,31.4700,0,quote
35.851,166,place,AC,BUY,2500,31.4800,0,quote
35.927,167,place,AC,BUY,2500,31.4900,0,quote
36.078,167,regime,RY,,,,,"chop -> mixed (er=0.44, net +4t over 10s)"
36.164,167,place,AC,BUY,2500,31.5000,0,quote
36.419,167,place,CNR,SELL,2700,176.6100,1500,quote
36.419,167,place,AC,BUY,300,31.5100,0,quote
36.670,167,place,CNR,BUY,700,176.5800,1500,quote
36.895,167,place,AC,BUY,500,31.5400,0,quote
37.009,167,fill,RY,BUY,5000,103.2850,1300,mode=mm
37.011,167,place,RY,BUY,4100,103.2800,1300,quote
37.011,167,place,AC,BUY,300,31.5500,0,quote
37.219,167,fill,RY,SELL,1180,103.2850,120,mode=mm
37.220,167,place,AC,BUY,900,31.5600,0,quote
37.458,167,fill,RY,SELL,3220,103.2850,-3100,mode=mm
37.460,167,place,RY,BUY,5000,103.2900,-3100,quote
37.460,167,place,RY,SELL,3200,103.3000,-3100,quote
37.460,167,place,AC,BUY,2500,31.5700,0,quote
37.700,167,place,AC,BUY,2500,31.5800,0,quote
37.980,167,fill,RY,BUY,5000,103.2900,1900,mode=mm
38.011,167,place,RY,BUY,2200,103.2900,1900,quote
38.011,167,place,AC,BUY,900,31.5900,0,quote
38.235,168,place,AC,BUY,100,31.6200,0,quote
38.465,168,place,AC,BUY,100,31.6300,0,quote
38.775,168,fill,RY,BUY,2200,103.2950,4100,mode=mm
38.778,168,place,CNR,SELL,2700,176.6200,1500,quote
38.778,168,place,RY,BUY,1600,103.2800,4100,quote
38.778,168,place,RY,SELL,5000,103.2900,4100,quote
38.778,168,place,AC,BUY,300,31.6400,0,quote
39.031,168,place,CNR,BUY,2000,176.5900,1500,quote
39.031,168,place,AC,BUY,2500,31.6700,0,quote
39.243,168,place,AC,BUY,2500,31.6800,0,quote
39.551,168,fill,RY,SELL,5000,103.2850,-900,mode=mm
39.554,168,place,RY,BUY,5000,103.2800,-900,quote
39.554,168,place,RY,SELL,4300,103.2900,-900,quote
39.554,168,place,AC,BUY,100,31.6900,0,quote
39.796,168,fill,RY,SELL,4300,103.2850,-5200,mode=mm
40.259,169,place,RY,BUY,5000,103.2900,-5200,quote
40.259,169,place,RY,SELL,100,103.3100,-5200,quote
40.352,169,place,RY,BUY,5000,103.2800,-5200,quote
40.502,169,place,AC,BUY,2500,31.7600,0,quote
40.536,169,place,RY,SELL,2300,103.3100,-5200,quote
40.536,169,place,AC,BUY,2500,31.7700,0,quote
40.789,169,place,CNR,SELL,2700,176.6300,1500,quote
40.789,169,place,AC,BUY,1500,31.8000,0,quote
41.049,169,place,CNR,BUY,1200,176.6000,1500,quote
41.049,169,place,AC,BUY,100,31.8100,0,quote
41.349,169,fill,RY,BUY,5000,103.2950,-200,mode=mm
41.353,169,place,RY,BUY,1800,103.2700,-200,quote
41.353,169,place,RY,SELL,4800,103.2900,-200,quote
41.353,169,place,CNR,SELL,900,176.6400,1500,quote
41.353,169,place,AC,BUY,100,31.8200,0,quote
41.410,169,regime,RY,,,,,"mixed -> chop (er=0.07, net +0t over 10s)"
41.558,169,place,RY,BUY,100,103.2800,-200,quote
41.558,169,place,CNR,BUY,100,176.6100,1500,quote
41.785,169,fill,RY,SELL,4800,103.2800,-5000,mode=mm
42.071,169,place,RY,BUY,5000,103.2800,-5000,quote
42.071,169,place,RY,SELL,200,103.3100,-5000,quote
42.071,169,place,CNR,BUY,100,176.6200,1500,quote
42.071,169,place,CNR,SELL,2700,176.6500,1500,quote
42.113,169,place,AC,BUY,2500,31.8500,0,quote
42.387,170,fill,RY,BUY,5000,103.2850,0,mode=mm
42.389,170,place,CNR,BUY,2000,176.6200,1500,quote
42.389,170,place,CNR,SELL,2700,176.6600,1500,quote
42.389,170,place,RY,SELL,5000,103.2900,0,quote
42.389,170,place,AC,BUY,500,31.8800,0,quote
42.603,170,place,AC,BUY,100,31.8900,0,quote
42.662,170,place,CNR,BUY,2000,176.6300,1500,quote
42.858,170,fill,RY,SELL,5000,103.2850,-5000,mode=mm
42.859,170,place,CNR,SELL,2700,176.6700,1500,quote
42.859,170,place,RY,BUY,5000,103.2900,-5000,quote
42.859,170,place,RY,SELL,2400,103.3100,-5000,quote
42.859,170,place,AC,BUY,900,31.9000,0,quote
43.205,170,place,CNR,BUY,700,176.6400,1500,quote
43.381,170,fill,RY,BUY,5000,103.2900,0,mode=mm
43.384,170,place,RY,BUY,1800,103.2600,0,quote
43.384,170,place,RY,SELL,5000,103.2900,0,quote
43.632,170,place,RY,BUY,600,103.2800,0,quote
43.661,170,place,AC,BUY,2500,31.9500,0,quote
43.912,170,place,CNR,BUY,400,176.6500,1500,quote
43.950,170,place,RY,BUY,1800,103.2800,0,quote
43.950,170,place,AC,BUY,900,31.9700,0,quote
44.147,170,place,CNR,BUY,100,176.6500,1500,quote
44.536,171,place,CNR,BUY,2000,176.6500,1500,quote
44.536,171,place,AC,BUY,2500,32.0000,0,quote
44.644,171,fill,RY,SELL,3200,103.2850,-3200,mode=mm
44.646,171,place,RY,BUY,5000,103.2600,-3200,quote
44.646,171,place,RY,SELL,3100,103.2900,-3200,quote
44.646,171,place,AC,BUY,900,32.0100,0,quote
44.906,171,place,RY,BUY,5000,103.2700,-3200,quote
44.906,171,place,CNR,BUY,400,176.6600,1500,quote
45.164,171,place,CNR,BUY,2000,176.6600,1500,quote
45.164,171,place,RY,SELL,1000,103.2800,-3200,quote
45.164,171,place,AC,BUY,100,32.0400,0,quote
45.419,171,place,RY,SELL,1000,103.2800,-3200,quote
45.419,171,place,AC,BUY,300,32.0500,0,quote
45.654,171,fill,RY,SELL,1000,103.2700,-4200,mode=mm
45.655,171,place,RY,SELL,2700,103.2900,-4200,quote
45.655,171,place,AC,BUY,1500,32.0600,0,quote
45.808,172,place,RY,BUY,5000,103.2800,-4200,quote
45.890,172,place,AC,BUY,2500,32.0700,0,quote
46.146,172,place,AC,BUY,2500,32.0800,0,quote
46.211,172,fill,RY,BUY,5000,103.2850,800,mode=mm
46.248,172,place,RY,BUY,1500,103.2500,800,quote
46.248,172,place,RY,SELL,5000,103.2600,800,quote
46.248,172,place,AC,BUY,100,32.0900,0,quote
46.439,172,fill,RY,SELL,5000,103.2550,-4200,mode=mm
46.848,172,place,RY,BUY,5000,103.2500,-4200,quote
46.848,172,place,AC,BUY,100,32.1400,0,quote
47.010,172,place,RY,BUY,5000,103.2600,-4200,quote
47.010,172,place,RY,SELL,1600,103.3000,-4200,quote
47.227,172,place,AC,BUY,2500,32.1500,0,quote
47.253,172,fill,RY,SELL,1600,103.2800,-5800,mode=mm
47.452,172,place,RY,SELL,2100,103.2800,-5800,quote
47.452,172,place,AC,BUY,1500,32.1800,0,quote
47.497,172,place,RY,BUY,5000,103.2800,-5800,quote
47.712,172,place,AC,BUY,100,32.2100,0,quote
47.745,172,place,RY,BUY,5000,103.2900,-5800,quote
47.961,173,place,RY,SELL,700,103.3100,-5800,quote
47.961,173,place,AC,BUY,300,32.2200,0,quote
48.005,173,fill,RY,BUY,5000,103.2900,-800,mode=mm
48.299,173,place,CNR,BUY,700,176.6800,1500,quote
48.299,173,place,RY,BUY,300,103.3000,-800,quote
48.299,173,place,RY,SELL,4400,103.3100,-800,quote
48.615,173,fill,RY,BUY,300,103.3050,-500,mode=mm
48.767,173,place,AC,BUY,2500,32.2800,0,quote
49.028,173,place,AC,BUY,2500,32.2900,0,quote
49.218,173,place,CNR,SELL,2700,176.7100,1500,quote
49.286,173,place,AC,BUY,2500,32.3000,0,quote
49.536,173,place,AC,BUY,2500,32.3100,0,quote
49.803,173,place,AC,BUY,2500,32.3300,0,quote
49.865,173,place,RY,BUY,5000,103.3000,-500,quote
50.046,174,fill,RY,SELL,4400,103.3050,-4900,mode=mm
50.309,174,place,RY,BUY,5000,103.3100,-4900,quote
50.309,174,place,RY,SELL,1400,103.3300,-4900,quote
50.309,174,place,AC,BUY,300,32.3700,0,quote
50.580,174,fill,RY,BUY,6600,103.3100,1700,mode=mm
50.582,174,place,RY,SELL,5000,103.3200,1700,quote
50.582,174,place,AC,BUY,900,32.3800,0,quote
50.837,174,place,AC,BUY,2500,32.3900,0,quote
50.860,174,fill,CNR,BUY,700,176.6950,2200,mode=mm
51.080,174,place,CNR,BUY,1800,176.6800,2200,quote
51.134,174,place,AC,BUY,500,32.4000,0,quote
51.327,174,place,AC,BUY,2500,32.4300,0,quote
51.627,174,place,CNR,SELL,2800,176.7200,2200,quote
51.627,174,place,AC,BUY,2500,32.4400,0,quote
51.846,174,fill,RY,BUY,3400,103.3150,5100,mode=mm
51.871,174,place,RY,BUY,200,103.2900,5100,quote
51.871,174,place,RY,SELL,5000,103.3100,5100,quote
52.048,175,place,AC,BUY,900,32.4500,0,quote
52.089,175,fill,RY,SELL,5000,103.3100,100,mode=mm
52.099,175,place,RY,BUY,4900,103.3000,100,quote
52.099,175,place,CNR,BUY,100,176.6900,2200,quote
52.342,175,place,AC,BUY,2500,32.4600,0,quote
52.391,175,place,RY,SELL,300,103.3200,100,quote
52.586,175,place,CNR,BUY,300,176.6900,2200,quote
52.586,175,place,RY,BUY,100,103.3100,100,quote
52.586,175,place,AC,BUY,100,32.4700,0,quote
52.636,175,place,CNR,SELL,900,176.7300,2200,quote
52.636,175,place,RY,SELL,100,103.3200,100,quote
52.875,175,place,AC,BUY,2500,32.4800,0,quote
52.909,175,place,CNR,SELL,2800,176.7300,2200,quote
52.909,175,place,RY,BUY,4900,103.3100,100,quote
53.155,175,place,RY,SELL,5000,103.3200,100,quote
53.155,175,place,AC,BUY,2500,32.5200,0,quote
53.408,175,place,AC,BUY,900,32.5300,0,quote
53.624,175,place,AC,BUY,100,32.5400,0,quote
53.867,175,fill,RY,BUY,4900,103.3150,5000,mode=mm
53.880,175,place,RY,BUY,200,103.2800,5000,quote
53.880,175,place,RY,SELL,3000,103.3100,5000,quote
53.880,175,place,AC,BUY,100,32.5500,0,quote
54.132,176,place,RY,BUY,2400,103.2900,5000,quote
54.132,176,place,AC,BUY,1500,32.5600,0,quote
54.380,176,fill,RY,SELL,700,103.3100,4300,mode=mm
54.383,176,place,RY,BUY,2700,103.2800,4300,quote
54.383,176,place,RY,SELL,5000,103.3000,4300,quote
54.383,176,place,AC,BUY,900,32.5700,0,quote
54.665,176,fill,RY,BUY,5100,103.3000,9400,mode=mm
54.886,176,fill,RY,SELL,5000,103.3000,4400,mode=mm
54.890,176,place,CNR,BUY,3600,176.7100,2200,quote
54.890,176,place,CNR,SELL,5000,176.7200,2200,quote
54.890,176,place,RY,SELL,5000,103.3000,4400,quote
54.890,176,place,AC,BUY,900,32.6000,0,quote
55.192,176,fill,CNR,BUY,2000,176.7150,4200,mode=mm
55.193,176,fill,RY,SELL,5000,103.3000,-600,mode=mm
55.636,176,place,RY,BUY,5000,103.3000,-600,quote
55.636,176,place,RY,SELL,2700,103.3100,-600,quote
55.636,176,place,AC,BUY,300,32.6200,0,quote
55.751,176,fill,CNR,SELL,1000,176.7150,3200,mode=mm
55.755,176,place,AC,BUY,900,32.6300,0,quote
55.861,176,fill,RY,BUY,3000,103.3000,2400,mode=mm
55.862,176,place,AC,BUY,2500,32.6400,0,quote
55.923,176,place,RY,BUY,1200,103.2900,2400,quote
56.223,177,place,RY,BUY,400,103.3000,2400,quote
56.223,177,place,RY,SELL,5000,103.3100,2400,quote
56.223,177,place,AC,BUY,100,32.6500,0,quote
56.362,177,regime,RY,,,,,"chop -> mixed (er=0.36, net +5t over 10s)"
56.447,177,fill,RY,BUY,400,103.3050,2800,mode=mm
56.450,177,place,RY,BUY,3300,103.2800,2800,quote
56.450,177,place,RY,SELL,5000,103.3000,2800,quote
56.450,177,place,AC,BUY,500,32.6600,0,quote
56.639,177,regime,RY,,,,,"mixed -> chop (er=0.23, net +3t over 10s)"
56.728,177,place,RY,BUY,300,103.2900,2800,quote
56.931,177,place,AC,BUY,900,32.6700,0,quote
56.971,177,fill,RY,BUY,3600,103.2950,6400,mode=mm
57.177,177,place,RY,BUY,2000,103.2700,6400,quote
57.177,177,place,RY,SELL,5000,103.2900,6400,quote
57.177,177,place,AC,BUY,1500,32.6800,0,quote
57.208,177,place,RY,BUY,700,103.2600,6400,quote
57.208,177,place,RY,SELL,600,103.2800,6400,quote
57.208,177,place,AC,BUY,100,32.6900,0,quote
57.485,177,fill,RY,SELL,5600,103.2800,800,mode=mm
57.486,177,place,AC,BUY,1500,32.7000,0,quote
57.703,177,fill,RY,BUY,2000,103.2850,2800,mode=mm
57.734,177,place,RY,BUY,3300,103.2600,2800,quote
57.734,177,place,AC,BUY,2500,32.7200,0,quote
57.865,177,place,CNR,BUY,100,176.7200,3200,quote
57.865,177,place,CNR,SELL,5000,176.7300,3200,quote
57.865,177,place,RY,SELL,5000,103.3000,2800,quote
57.865,177,place,AC,BUY,100,32.7300,0,quote
58.037,177,place,AC,BUY,500,32.7400,0,quote
58.255,178,place,AC,BUY,2500,32.7500,0,quote
58.316,178,place,RY,BUY,600,103.2900,2800,quote
58.501,178,place,RY,BUY,1100,103.2700,2800,quote
58.690,178,place,RY,SELL,3000,103.2900,2800,quote
58.720,178,place,AC,BUY,1500,32.7600,0,quote
58.750,178,place,RY,BUY,1900,103.2700,2800,quote
58.750,178,place,RY,SELL,300,103.2800,2800,quote
58.750,178,place,AC,BUY,100,32.7700,0,quote
58.987,178,fill,RY,SELL,300,103.2800,2500,mode=mm
58.988,178,place,RY,BUY,3400,103.2900,2500,quote
58.988,178,place,RY,SELL,3000,103.3100,2500,quote
58.988,178,place,AC,BUY,500,32.7800,0,quote
59.259,178,fill,RY,BUY,400,103.3000,2900,mode=mm
59.260,178,place,RY,BUY,3300,103.3000,2900,quote
59.260,178,place,RY,SELL,600,103.3200,2900,quote
59.260,178,place,AC,BUY,100,32.7900,0,quote
59.485,178,place,CNR,BUY,600,176.7300,3200,quote
59.485,178,place,CNR,SELL,5000,176.7400,3200,quote
59.507,178,place,AC,BUY,100,32.8000,0,quote
59.763,178,place,CNR,BUY,1000,176.7300,3200,quote
59.763,178,place,RY,BUY,300,103.3100,2900,quote
59.763,178,place,RY,SELL,3000,103.3200,2900,quote
59.763,178,place,AC,BUY,100,32.8100,0,quote
59.897,178,place,RY,BUY,1900,103.3200,2900,quote
59.897,178,place,RY,SELL,5000,103.3300,2900,quote
60.039,178,fill,CNR,SELL,3300,176.7350,-100,mode=mm
60.040,178,fill,RY,SELL,800,103.3250,2100,mode=mm
60.040,178,place,CNR,BUY,5000,176.7300,-100,quote
60.040,178,place,AC,BUY,300,32.8200,0,quote
60.391,179,fill,CNR,SELL,1700,176.7350,-1800,mode=mm
60.392,179,place,AC,BUY,2500,32.8300,0,quote
60.544,179,place,CNR,BUY,3000,176.7400,-1800,quote
60.544,179,place,AC,BUY,900,32.8400,0,quote
60.791,179,place,AC,BUY,500,32.8500,0,quote
61.113,179,place,AC,BUY,2500,32.8600,0,quote
61.170,179,fill,CNR,BUY,3000,176.7450,1200,mode=mm
61.518,179,place,RY,BUY,2200,103.3200,2100,quote
61.518,179,place,AC,BUY,500,32.8700,0,quote
61.547,179,place,RY,BUY,400,103.2900,2100,quote
61.547,179,place,RY,SELL,1000,103.3200,2100,quote
61.547,179,place,AC,BUY,100,32.8800,0,quote
61.788,179,fill,RY,BUY,2200,103.3050,4300,mode=mm
61.862,179,fill,RY,BUY,400,103.3150,4700,mode=mm
61.863,179,stop,RY,SELL,4700,103.2200,4700,loss=5.7t stop=5.0t trend_against=False
61.864,179,place,RY,SELL,4700,103.2200,4700,agg
61.864,179,place,AC,BUY,2500,32.8900,0,quote
62.056,179,fill,RY,SELL,4700,103.2900,0,mode=mm
62.072,179,place,RY,SELL,1800,103.3000,0,quote
62.072,179,place,AC,BUY,300,32.9000,0,quote
62.294,180,place,AC,BUY,500,32.9100,0,quote
62.569,180,fill,RY,SELL,1800,103.2900,-1800,mode=mm
62.593,180,place,RY,BUY,1800,103.2900,-1800,quote
62.593,180,place,RY,SELL,1300,103.3000,-1800,quote
62.685,180,place,AC,BUY,2500,32.9200,0,quote
62.810,180,place,AC,BUY,2500,32.9500,0,quote
62.881,180,place,RY,SELL,2200,103.3000,-1800,quote
63.099,180,fill,RY,SELL,300,103.2950,-2100,mode=mm
63.100,180,place,AC,BUY,1500,32.9600,0,quote
63.379,180,fill,RY,BUY,1800,103.2950,-300,mode=mm
63.382,180,place,RY,BUY,300,103.2700,-300,quote
63.382,180,place,RY,SELL,2800,103.2800,-300,quote
63.382,180,place,AC,BUY,1500,32.9700,0,quote
63.572,180,fill,RY,SELL,2800,103.2750,-3100,mode=mm
63.574,180,place,RY,BUY,1000,103.2800,-3100,quote
63.842,180,fill,RY,BUY,1000,103.2850,-2100,mode=mm
63.842,180,place,CNR,BUY,300,176.7500,1200,quote
63.842,180,place,RY,BUY,2100,103.2700,-2100,quote
63.842,180,place,AC,BUY,100,32.9900,0,quote
64.105,181,place,CNR,BUY,500,176.7500,1200,quote
64.140,181,place,AC,BUY,2500,33.0000,0,quote
64.348,181,place,CNR,BUY,2500,176.7500,1200,quote
64.348,181,place,AC,BUY,900,33.0100,0,quote
64.609,181,fill,RY,BUY,2100,103.2750,0,mode=mm
64.622,181,place,AC,BUY,2500,33.0200,0,quote
64.853,181,place,AC,BUY,2500,33.0300,0,quote
64.920,181,place,RY,SELL,5000,103.2800,0,quote
65.063,181,place,RY,BUY,5000,103.2700,0,quote
65.143,181,place,CNR,BUY,1500,176.7600,1200,quote
65.143,181,place,AC,BUY,500,33.0400,0,quote
65.371,181,place,AC,BUY,100,33.0500,0,quote
65.395,181,fill,RY,BUY,5000,103.2750,5000,mode=mm
65.754,181,fill,RY,SELL,5000,103.2750,0,mode=mm
65.758,181,place,RY,BUY,5000,103.2800,0,quote
65.758,181,place,RY,SELL,3000,103.3400,0,quote
65.758,181,place,AC,BUY,500,33.0600,0,quote
65.870,181,place,RY,BUY,600,103.3000,0,quote
65.870,181,place,RY,SELL,1000,103.3100,0,quote
65.870,181,place,AC,BUY,100,33.0700,0,quote
66.118,182,fill,RY,BUY,600,103.3000,600,mode=mm
66.122,182,place,RY,SELL,5000,103.3100,600,quote
66.122,182,place,AC,BUY,900,33.0800,0,quote
66.380,182,fill,RY,SELL,3000,103.3050,-2400,mode=mm
66.476,182,place,AC,BUY,1500,33.0900,0,quote
66.655,182,place,RY,BUY,5000,103.2900,-2400,quote
66.655,182,place,RY,SELL,400,103.3000,-2400,quote
66.655,182,place,AC,BUY,100,33.1000,0,quote
66.889,182,place,AC,BUY,2500,33.1100,0,quote
66.922,182,fill,RY,SELL,400,103.2950,-2800,mode=mm
67.165,182,fill,RY,BUY,2700,103.2950,-100,mode=mm
67.167,182,place,RY,BUY,1000,103.3100,-100,quote
67.167,182,place,RY,SELL,4900,103.3400,-100,quote
67.167,182,place,CNR,BUY,300,176.7800,1200,quote
67.167,182,place,AC,BUY,100,33.1200,0,quote
67.364,182,place,RY,SELL,1700,103.3300,-100,quote
67.419,182,fill,RY,BUY,1000,103.3200,900,mode=mm
67.422,182,place,CNR,BUY,2500,176.7800,1200,quote
67.422,182,place,RY,SELL,3000,103.3200,900,quote
67.697,182,place,RY,BUY,4300,103.3000,900,quote
67.731,182,place,RY,SELL,600,103.3100,900,quote
67.731,182,place,AC,BUY,300,33.1400,0,quote
67.880,182,fill,RY,SELL,600,103.3100,300,mode=mm
67.930,182,place,CNR,BUY,4200,176.7900,1200,quote
67.930,182,place,AC,BUY,500,33.1500,0,quote
68.240,183,fill,CNR,BUY,800,176.7950,2000,mode=mm
68.240,183,fill,RY,BUY,4300,103.3050,4600,mode=mm
68.429,183,fill,CNR,BUY,3400,176.7950,5400,mode=mm
68.432,183,place,RY,SELL,3000,103.3200,4600,quote
68.432,183,place,CNR,SELL,5000,176.8000,5400,quote
68.738,183,place,RY,BUY,300,103.2800,4600,quote
68.738,183,place,CNR,BUY,100,176.7800,5400,quote
68.919,183,place,AC,BUY,2500,33.1900,0,quote
69.016,183,fill,CNR,SELL,2300,176.7950,3100,mode=mm
69.018,183,place,CNR,BUY,1900,176.7900,3100,quote
69.018,183,place,RY,BUY,500,103.2900,4600,quote
69.238,183,place,CNR,SELL,5000,176.8000,3100,quote
69.238,183,place,RY,BUY,2500,103.2900,4600,quote
69.238,183,place,AC,BUY,1500,33.2000,0,quote
69.285,183,fill,CNR,SELL,2700,176.7950,400,mode=mm
69.289,183,place,RY,SELL,5000,103.3100,4600,quote
69.484,183,place,AC,BUY,500,33.2100,0,quote
69.732,183,fill,RY,SELL,5000,103.3050,-400,mode=mm
69.735,183,place,RY,BUY,5000,103.3000,-400,quote
69.735,183,place,RY,SELL,100,103.3100,-400,quote
69.947,183,place,RY,SELL,2800,103.3100,-400,quote
69.947,183,place,AC,BUY,100,33.2200,0,quote
70.012,183,place,RY,BUY,1000,103.3100,-400,quote
70.012,183,place,RY,SELL,100,103.3200,-400,quote
70.192,184,place,AC,BUY,2500,33.2300,0,quote
70.221,184,fill,RY,SELL,1800,103.3100,-2200,mode=mm
70.240,184,place,RY,SELL,700,103.3200,-2200,quote
70.303,184,place,AC,BUY,500,33.2400,0,quote
70.477,184,fill,RY,SELL,700,103.3150,-2900,mode=mm
70.529,184,place,RY,BUY,5000,103.3200,-2900,quote
70.529,184,place,RY,SELL,1900,103.3300,-2900,quote
70.735,184,fill,RY,SELL,900,103.3200,-3800,mode=mm
70.738,184,place,AC,BUY,2500,33.2600,0,quote
70.991,184,place,AC,BUY,2500,33.2700,0,quote
71.261,184,place,AC,BUY,2500,33.2800,0,quote
71.509,184,fill,RY,BUY,4000,103.3250,200,mode=mm
71.538,184,place,RY,BUY,2800,103.2900,200,quote
71.538,184,place,AC,BUY,900,33.2900,0,quote
71.811,184,fill,RY,BUY,2800,103.3050,3000,mode=mm
71.812,184,place,RY,BUY,600,103.2400,3000,quote
71.812,184,place,RY,SELL,5000,103.2700,3000,quote
71.812,184,place,AC,BUY,100,33.3000,0,quote
72.034,184,place,RY,BUY,1900,103.2500,3000,quote
72.264,185,place,AC,BUY,2500,33.3100,0,quote
72.378,185,fill,RY,SELL,5000,103.2650,-2000,mode=mm
72.380,185,place,RY,SELL,1300,103.2700,-2000,quote
72.380,185,place,AC,BUY,500,33.3200,0,quote
72.566,185,place,RY,BUY,3000,103.2700,-2000,quote
72.566,185,place,RY,SELL,2200,103.3000,-2000,quote
72.566,185,place,AC,BUY,500,33.3200,0,quote
72.669,185,fill,RY,SELL,1300,103.2850,-3300,mode=mm
72.670,185,stop,RY,BUY,3300,103.3400,-3300,loss=7.0t stop=5.0t trend_against=False
72.671,185,place,RY,BUY,3300,103.3400,-3300,agg
72.671,185,place,AC,BUY,900,33.3300,0,quote
72.806,185,fill,RY,BUY,6300,103.2850,3000,mode=mm
72.807,185,place,AC,BUY,2500,33.3400,0,quote
73.087,185,fill,RY,SELL,2200,103.2950,800,mode=mm
73.089,185,place,RY,BUY,2600,103.2800,800,quote
73.089,185,place,RY,SELL,800,103.2900,800,quote
73.089,185,place,AC,BUY,500,33.3500,0,quote
73.319,185,fill,RY,BUY,1800,103.2900,2600,mode=mm
73.836,185,place,RY,BUY,3400,103.3000,2600,quote
73.836,185,place,RY,SELL,2600,103.3100,2600,quote
73.836,185,place,AC,BUY,500,33.3700,0,quote
73.876,185,place,AC,BUY,100,33.3800,0,quote
74.142,185,fill,RY,BUY,800,103.3050,3400,mode=mm
74.143,185,place,RY,BUY,600,103.3000,3400,quote
74.143,185,place,RY,SELL,3400,103.3200,3400,quote
74.143,185,place,CNR,BUY,100,176.8100,400,quote
74.280,186,place,AC,BUY,2500,33.3900,0,quote
74.411,186,place,CNR,BUY,2800,176.8100,400,quote
74.411,186,place,RY,SELL,3400,103.3100,3400,quote
74.645,186,place,RY,BUY,300,103.3000,3400,quote
74.645,186,place,AC,BUY,100,33.4100,0,quote
74.888,186,fill,RY,SELL,3400,103.3050,0,mode=mm
74.889,186,place,CNR,BUY,2800,176.8200,400,quote
74.889,186,place,RY,BUY,600,103.3000,0,quote
74.889,186,place,AC,BUY,100,33.4200,0,quote
75.147,186,place,AC,BUY,2500,33.4300,0,quote
75.198,186,place,RY,BUY,1000,103.3000,0,quote
75.421,186,place,RY,BUY,5000,103.3000,0,quote
75.421,186,place,AC,BUY,1500,33.4400,0,quote
75.671,186,place,AC,BUY,2500,33.4500,0,quote
75.799,186,place,RY,SELL,5000,103.3100,0,quote
75.884,186,fill,RY,SELL,3000,103.3050,-3000,mode=mm
75.886,186,place,RY,BUY,5000,103.3100,-3000,quote
75.886,186,place,RY,SELL,1900,103.3200,-3000,quote
75.886,186,place,AC,BUY,500,33.4600,0,quote
75.973,186,fill,RY,SELL,2000,103.3100,-5000,mode=mm
76.185,186,fill,RY,SELL,1900,103.3250,-6900,mode=mm
76.677,187,place,RY,BUY,5000,103.3300,-6900,quote
76.677,187,place,RY,SELL,1800,103.3500,-6900,quote
76.677,187,place,AC,BUY,2500,33.4900,0,quote
76.946,187,place,AC,BUY,1500,33.5000,0,quote
77.193,187,fill,RY,BUY,5000,103.3350,-1900,mode=mm
77.198,187,place,RY,BUY,5000,103.3400,-1900,quote
77.460,187,fill,RY,BUY,5000,103.3400,3100,mode=mm
77.472,187,place,RY,BUY,100,103.3300,3100,quote
77.472,187,place,RY,SELL,5000,103.3400,3100,quote
77.472,187,place,AC,BUY,100,33.5100,0,quote
77.732,187,fill,RY,BUY,100,103.3400,3200,mode=mm
77.741,187,place,RY,BUY,3100,103.2800,3200,quote
77.741,187,place,RY,SELL,5000,103.3100,3200,quote
77.741,187,place,AC,BUY,1500,33.5200,0,quote
77.845,187,place,RY,BUY,600,103.2900,3200,quote
77.970,187,fill,RY,SELL,600,103.3050,2600,mode=mm
77.984,188,place,RY,BUY,700,103.3000,2600,quote
77.984,188,place,RY,SELL,5000,103.3200,2600,quote
77.984,188,place,AC,BUY,100,33.5300,0,quote
78.058,188,fill,RY,SELL,4400,103.3150,-1800,mode=mm
78.457,188,place,RY,BUY,5000,103.3100,-1800,quote
78.457,188,place,AC,BUY,900,33.5400,0,quote
78.504,188,fill,RY,BUY,700,103.3150,-1100,mode=mm
78.505,188,place,RY,BUY,5000,103.2800,-1100,quote
78.505,188,place,RY,SELL,500,103.3100,-1100,quote
78.505,188,place,AC,BUY,300,33.5500,0,quote
78.750,188,fill,RY,SELL,500,103.2950,-1600,mode=mm
78.751,188,place,RY,BUY,1800,103.3200,-1600,quote
78.751,188,place,RY,SELL,2300,103.3400,-1600,quote
78.751,188,place,AC,BUY,100,33.5600,0,quote
79.023,188,fill,RY,BUY,1800,103.3300,200,mode=mm
79.271,188,place,CNR,BUY,2800,176.8500,400,quote
79.271,188,place,RY,BUY,500,103.3300,200,quote
79.271,188,place,RY,SELL,5000,103.3400,200,quote
79.271,188,place,AC,BUY,300,33.5800,0,quote
79.527,188,place,RY,BUY,500,103.3300,200,quote
79.527,188,place,AC,BUY,300,33.5900,0,quote
79.773,188,fill,RY,BUY,500,103.3350,700,mode=mm
79.775,188,place,RY,BUY,4500,103.3100,700,quote
79.775,188,place,RY,SELL,5000,103.3300,700,quote
79.775,188,place,AC,BUY,2500,33.6000,0,quote
79.920,188,place,RY,SELL,3000,103.3200,700,quote
80.048,189,fill,RY,BUY,4500,103.3200,5200,mode=mm
80.051,189,place,RY,BUY,2300,103.3000,5200,quote
80.051,189,place,AC,BUY,1500,33.6100,0,quote
80.278,189,fill,RY,SELL,3000,103.3150,2200,mode=mm
80.279,189,place,RY,BUY,3600,103.3100,2200,quote
80.279,189,place,RY,SELL,3000,103.3200,2200,quote
80.562,189,place,RY,SELL,1000,103.3400,2200,quote
80.602,189,fill,RY,SELL,2500,103.3350,-300,mode=mm
80.919,189,place,RY,BUY,5000,103.3000,-300,quote
80.919,189,place,AC,BUY,900,33.6500,0,quote
81.067,189,place,AC,BUY,2500,33.6600,0,quote
81.318,189,place,RY,SELL,4700,103.3100,-300,quote
81.318,189,place,AC,BUY,2500,33.6700,0,quote
81.593,189,fill,RY,BUY,300,103.3050,0,mode=mm
81.594,189,place,RY,BUY,3000,103.3400,0,quote
81.594,189,place,RY,SELL,5000,103.3600,0,quote
81.594,189,place,AC,BUY,900,33.6800,0,quote
81.695,189,place,RY,SELL,1800,103.3500,0,quote
81.844,189,place,AC,BUY,500,33.6900,0,quote
82.064,190,place,CNR,BUY,900,176.8800,400,quote
82.064,190,place,AC,BUY,100,33.6900,0,quote
82.324,190,place,CNR,BUY,900,176.8800,400,quote
82.625,190,place,CNR,BUY,1600,176.8900,400,quote
82.625,190,place,AC,BUY,900,33.7100,0,quote
82.909,190,fill,RY,BUY,3000,103.3450,3000,mode=mm
82.912,190,place,CNR,BUY,4700,176.8900,400,quote
82.912,190,place,RY,BUY,3200,103.3400,3000,quote
82.912,190,place,AC,BUY,2500,33.7200,0,quote
83.141,190,place,AC,BUY,1500,33.7400,0,quote
83.408,190,fill,RY,BUY,3200,103.3450,6200,mode=mm
83.994,190,place,RY,BUY,2000,103.3200,6200,quote
83.994,190,place,RY,SELL,5000,103.3400,6200,quote
83.994,190,place,AC,BUY,100,33.7700,0,quote
84.163,191,fill,RY,SELL,5000,103.3350,1200,mode=mm
84.166,191,place,RY,BUY,4200,103.3300,1200,quote
84.166,191,place,AC,BUY,2500,33.7800,0,quote
84.453,191,place,AC,BUY,2500,33.7900,0,quote
84.674,191,fill,RY,BUY,4200,103.3350,5400,mode=mm
84.677,191,place,RY,BUY,2300,103.3200,5400,quote
84.677,191,place,AC,BUY,2500,33.8100,0,quote
85.000,191,fill,RY,BUY,2300,103.3350,7700,mode=mm
85.001,191,place,RY,SELL,1800,103.3300,7700,quote
85.198,191,place,RY,SELL,600,103.3200,7700,quote
85.450,191,fill,RY,SELL,600,103.3200,7100,mode=mm
85.456,191,place,CNR,BUY,1600,176.9100,400,quote
85.456,191,place,RY,BUY,100,103.3100,7100,quote
85.456,191,place,RY,SELL,5000,103.3300,7100,quote
85.746,191,place,CNR,BUY,4700,176.9100,400,quote
85.746,191,place,RY,BUY,1800,103.3100,7100,quote
85.746,191,place,AC,BUY,100,33.8500,0,quote
85.822,191,fill,RY,SELL,5000,103.3250,2100,mode=mm
85.825,191,place,CNR,BUY,900,176.9200,400,quote
85.904,191,place,CNR,BUY,100,176.9200,400,quote
85.904,191,place,AC,BUY,100,33.8600,0,quote
86.220,192,place,RY,BUY,3700,103.3200,2100,quote
86.220,192,place,RY,SELL,5000,103.3400,2100,quote
86.508,192,place,CNR,BUY,1600,176.9200,400,quote
86.508,192,place,AC,BUY,100,33.8700,0,quote
86.551,192,fill,RY,SELL,5000,103.3350,-2900,mode=mm
86.553,192,place,RY,BUY,5000,103.3400,-2900,quote
86.553,192,place,RY,SELL,100,103.3500,-2900,quote
86.741,192,fill,RY,BUY,5000,103.3400,2100,mode=mm
86.918,192,place,CNR,BUY,300,176.9200,400,quote
86.918,192,place,RY,SELL,5000,103.3500,2100,quote
86.970,192,place,AC,BUY,2500,33.8900,0,quote
87.005,192,place,AC,BUY,2500,33.9000,0,quote
87.259,192,place,AC,BUY,1500,33.9100,0,quote
87.527,192,place,AC,BUY,500,33.9200,0,quote
87.762,192,place,RY,BUY,3700,103.3100,2100,quote
87.762,192,place,RY,SELL,600,103.3400,2100,quote
87.762,192,place,AC,BUY,100,33.9300,0,quote
87.937,192,fill,RY,BUY,3700,103.3250,5800,mode=mm
88.065,192,place,RY,BUY,700,103.3000,5800,quote
88.065,192,place,RY,SELL,5000,103.3200,5800,quote
88.065,192,place,AC,BUY,100,33.9600,0,quote
88.291,193,place,RY,BUY,2100,103.3000,5800,quote
88.291,193,place,AC,BUY,500,33.9700,0,quote
88.544,193,fill,RY,SELL,5000,103.3150,800,mode=mm
88.546,193,place,RY,SELL,1800,103.3200,800,quote
88.546,193,place,AC,BUY,900,33.9800,0,quote
88.800,193,fill,RY,BUY,300,103.3150,1100,mode=mm
88.801,193,place,RY,BUY,4200,103.3200,1100,quote
88.801,193,place,RY,SELL,5000,103.3400,1100,quote
88.801,193,place,AC,BUY,2500,33.9900,0,quote
89.065,193,place,RY,SELL,5000,103.3300,1100,quote
89.065,193,place,AC,BUY,1500,34.0000,0,quote
89.107,193,fill,RY,SELL,5000,103.3300,-3900,mode=mm
89.310,193,fill,RY,SELL,5000,103.3300,-8900,mode=mm
89.822,193,place,RY,BUY,1000,103.3500,-8900,quote
90.282,194,place,CNR,BUY,500,176.9500,400,quote
90.282,194,place,RY,BUY,5000,103.3500,-8900,quote
90.282,194,place,RY,SELL,100,103.3800,-8900,quote
90.552,194,place,CNR,BUY,900,176.9500,400,quote
90.552,194,place,RY,SELL,400,103.3800,-8900,quote
90.552,194,place,AC,BUY,100,34.0500,0,quote
90.672,194,place,AC,BUY,100,34.0600,0,quote
90.797,194,regime,RY,,,,,"chop -> mixed (er=0.26, net +4t over 10s)"
90.844,194,fill,RY,BUY,5000,103.3550,-3900,mode=mm
90.847,194,place,RY,BUY,5000,103.3500,-3900,quote
90.847,194,place,RY,SELL,2800,103.3600,-3900,quote
90.847,194,place,AC,BUY,1500,34.0700,0,quote
91.108,194,place,AC,BUY,2500,34.0800,0,quote
91.366,194,place,AC,BUY,2500,34.0900,0,quote
91.607,194,regime,RY,,,,,"mixed -> chop (er=0.08, net +1t over 10s)"
91.608,194,place,AC,BUY,2500,34.1000,0,quote
91.863,194,fill,RY,BUY,5000,103.3550,1100,mode=mm
91.867,194,place,RY,BUY,4200,103.3500,1100,quote
91.867,194,place,AC,BUY,1500,34.1100,0,quote
92.140,194,place,RY,BUY,900,103.3300,1100,quote
92.140,194,place,RY,SELL,5000,103.3500,1100,quote
92.396,195,fill,RY,BUY,4200,103.3450,5300,mode=mm
92.647,195,place,RY,BUY,700,103.3200,5300,quote
92.647,195,place,RY,SELL,5000,103.3400,5300,quote
92.647,195,place,AC,BUY,100,34.1200,0,quote
92.878,195,fill,RY,SELL,4300,103.3350,1000,mode=mm
92.879,195,place,RY,BUY,4300,103.3300,1000,quote
92.879,195,place,AC,BUY,2500,34.1300,0,quote
93.217,195,fill,RY,BUY,4300,103.3350,5300,mode=mm
93.218,195,place,RY,BUY,2300,103.2900,5300,quote
93.218,195,place,RY,SELL,5000,103.3300,5300,quote
93.218,195,place,CNR,BUY,900,176.9700,400,quote
93.218,195,place,AC,BUY,100,34.1400,0,quote
93.361,195,place,RY,BUY,2300,103.3000,5300,quote
93.417,195,place,RY,SELL,5000,103.3200,5300,quote
93.417,195,place,CNR,BUY,1600,176.9800,400,quote
93.417,195,place,AC,BUY,300,34.1500,0,quote
93.696,195,fill,RY,SELL,5000,103.3200,300,mode=mm
93.877,195,place,CNR,BUY,1600,176.9800,400,quote
93.877,195,place,RY,BUY,4700,103.3100,300,quote
93.877,195,place,AC,BUY,900,34.1600,0,quote
93.917,195,place,CNR,BUY,100,176.9800,400,quote
94.223,195,place,CNR,BUY,100,176.9800,400,quote
94.431,196,fill,RY,BUY,4700,103.3150,5000,mode=mm
94.686,196,place,RY,BUY,800,103.3200,5000,quote
94.686,196,place,RY,SELL,5000,103.3400,5000,quote
94.686,196,place,AC,BUY,300,34.2000,0,quote
94.996,196,place,AC,BUY,2500,34.2100,0,quote
95.028,196,place,RY,BUY,1400,103.3200,5000,quote
95.198,196,fill,RY,SELL,5000,103.3350,0,mode=mm
95.199,196,place,RY,BUY,5000,103.3300,0,quote
95.199,196,place,RY,SELL,5000,103.3400,0,quote
95.199,196,place,AC,BUY,300,34.2200,0,quote
95.427,196,place,RY,BUY,5000,103.2900,0,quote
95.427,196,place,RY,SELL,3000,103.3500,0,quote
95.427,196,place,AC,BUY,1500,34.2300,0,quote
95.723,196,place,RY,BUY,5000,103.3400,0,quote
95.723,196,place,AC,BUY,100,34.2400,0,quote
95.973,196,fill,RY,SELL,3000,103.3450,-3000,mode=mm
96.035,196,place,RY,BUY,3000,103.3500,-3000,quote
96.035,196,place,RY,SELL,1900,103.3600,-3000,quote
96.035,196,place,AC,BUY,100,34.2500,0,quote
96.246,196,fill,RY,BUY,3000,103.3500,0,mode=mm
96.487,197,place,AC,BUY,2500,34.2700,0,quote
96.781,197,place,AC,BUY,500,34.2800,0,quote
97.017,197,fill,RY,SELL,1900,103.3550,-1900,mode=mm
97.030,197,place,RY,BUY,5000,103.3600,-1900,quote
97.030,197,place,RY,SELL,3800,103.3700,-1900,quote
97.030,197,place,AC,BUY,2500,34.2900,0,quote
97.265,197,place,AC,BUY,900,34.3000,0,quote
97.511,197,place,AC,BUY,2500,34.3100,0,quote
97.790,197,place,AC,BUY,900,34.3200,0,quote
97.965,198,regime,RY,,,,,"chop -> mixed (er=0.27, net +5t over 10s)"
98.037,198,place,AC,BUY,2500,34.3300,0,quote
98.299,198,place,CNR,BUY,4700,177.0000,400,quote
98.299,198,place,AC,BUY,2500,34.3500,0,quote
98.558,198,place,CNR,BUY,1600,177.0100,400,quote
98.558,198,place,AC,BUY,900,34.3600,0,quote
98.806,198,regime,RY,,,,,"mixed -> chop (er=0.16, net +3t over 10s)"
98.807,198,place,RY,BUY,3000,103.3500,-1900,quote
98.807,198,place,AC,BUY,900,34.3700,0,quote
98.854,198,fill,RY,BUY,5000,103.3550,3100,mode=mm
99.600,198,fill,RY,BUY,3000,103.3550,6100,mode=mm
99.603,198,place,RY,SELL,1800,103.3600,6100,quote
99.888,198,place,CNR,BUY,4700,177.0100,400,quote
99.888,198,place,RY,BUY,2000,103.3400,6100,quote
99.888,198,place,AC,BUY,2500,34.4100,0,quote
100.006,198,place,AC,BUY,900,34.4200,0,quote
100.049,198,fill,RY,SELL,1800,103.3600,4300,mode=mm
100.051,199,place,RY,SELL,5000,103.3600,4300,quote
100.146,199,place,AC,BUY,2500,34.4300,0,quote
100.382,199,fill,RY,SELL,5000,103.3600,-700,mode=mm
100.384,199,place,RY,BUY,5000,103.3600,-700,quote
100.384,199,place,RY,SELL,4500,103.3700,-700,quote
100.384,199,place,AC,BUY,100,34.4400,0,quote
100.677,199,fill,RY,BUY,2700,103.3650,2000,mode=mm
100.683,199,place,RY,BUY,2200,103.3500,2000,quote
100.683,199,place,AC,BUY,900,34.4500,0,quote
100.900,199,fill,RY,BUY,2300,103.3600,4300,mode=mm
101.125,199,fill,RY,BUY,2200,103.3650,6500,mode=mm
101.670,199,place,RY,BUY,1900,103.3100,6500,quote
101.670,199,place,RY,SELL,5000,103.3300,6500,quote
101.670,199,place,AC,BUY,2500,34.4900,0,quote
101.882,199,fill,RY,SELL,5000,103.3250,1500,mode=mm
101.884,199,place,RY,BUY,4000,103.3200,1500,quote
101.884,199,place,AC,BUY,2500,34.5000,0,quote
102.159,199,place,AC,BUY,2500,34.5100,0,quote
102.405,200,fill,RY,BUY,4000,103.3250,5500,mode=mm
102.409,200,place,RY,BUY,2200,103.3200,5500,quote
102.409,200,place,RY,SELL,5000,103.3600,5500,quote
102.409,200,place,AC,BUY,1500,34.5200,0,quote
102.660,200,fill,RY,BUY,2200,103.3450,7700,mode=mm
102.983,200,place,RY,BUY,1600,103.3100,7700,quote
102.983,200,place,AC,BUY,500,34.5300,0,quote
103.160,200,fill,RY,BUY,1600,103.3300,9300,mode=mm
103.446,200,place,CNR,BUY,4700,177.0300,400,quote
103.446,200,place,RY,BUY,400,103.2800,9300,quote
103.446,200,place,RY,SELL,5000,103.3100,9300,quote
103.446,200,place,AC,BUY,100,34.5300,0,quote
103.709,200,place,CNR,BUY,1600,177.0400,400,quote
103.709,200,place,RY,BUY,700,103.2800,9300,quote
103.709,200,place,AC,BUY,100,34.5300,0,quote
103.957,200,fill,RY,SELL,5000,103.3050,4300,mode=mm
103.959,200,place,RY,BUY,2700,103.3000,4300,quote
103.959,200,place,RY,SELL,5000,103.3200,4300,quote
103.959,200,place,CNR,BUY,1600,177.0400,400,quote
103.959,200,place,AC,BUY,500,34.5400,0,quote
104.289,200,fill,RY,SELL,5000,103.3200,-700,mode=mm
104.355,201,place,CNR,BUY,2800,177.0400,400,quote
104.355,201,place,RY,BUY,3000,103.3200,-700,quote
104.355,201,place,RY,SELL,100,103.3300,-700,quote
104.355,201,place,AC,BUY,100,34.5400,0,quote
104.484,201,fill,RY,BUY,1800,103.3250,1100,mode=mm
104.695,201,fill,RY,BUY,3000,103.3250,4100,mode=mm
104.932,201,place,RY,BUY,1600,103.2900,4100,quote
104.932,201,place,AC,BUY,100,34.5400,0,quote
104.957,201,place,RY,SELL,5000,103.3000,4100,quote
105.202,201,fill,RY,SELL,3400,103.3000,700,mode=mm
105.204,201,place,RY,BUY,4500,103.3000,700,quote
105.204,201,place,RY,SELL,5000,103.3100,700,quote
105.204,201,place,AC,BUY,900,34.5400,0,quote
105.444,201,fill,RY,SELL,500,103.3050,200,mode=mm
105.446,201,place,AC,BUY,2500,34.5500,0,quote
105.698,201,place,RY,BUY,4800,103.2800,200,quote
105.698,201,place,RY,SELL,1000,103.2900,200,quote
105.751,201,regime,RY,,,,,"chop -> mixed (er=0.28, net -6t over 10s)"
106.018,201,fill,RY,SELL,1000,103.2900,-800,mode=mm
106.289,201,fill,RY,BUY,4800,103.2850,4000,mode=mm
106.309,201,place,RY,BUY,1600,103.2800,4000,quote
106.995,202,fill,RY,BUY,1600,103.2850,5600,mode=mm
107.324,202,place,RY,BUY,2200,103.2700,5600,quote
107.324,202,place,RY,SELL,5000,103.2900,5600,quote
107.489,202,place,RY,BUY,2200,103.2800,5600,quote
107.489,202,place,RY,SELL,5000,103.3100,5600,quote
107.489,202,place,CNR,BUY,2800,177.0600,400,quote
107.863,202,place,CNR,BUY,900,177.0700,400,quote
107.909,202,place,RY,BUY,2200,103.2700,5600,quote
107.909,202,place,RY,SELL,5000,103.2900,5600,quote
108.031,202,fill,RY,SELL,5000,103.2850,600,mode=mm
108.032,203,place,RY,BUY,4500,103.2900,600,quote
108.032,203,place,RY,SELL,1000,103.3400,600,quote
108.188,203,regime,RY,,,,,"mixed -> chop (er=0.21, net -5t over 10s)"
108.303,203,fill,RY,BUY,4500,103.3150,5100,mode=mm
108.305,203,fill,AC,BUY,1722,34.5650,1722,mode=mm
108.562,203,fill,AC,BUY,400,34.5650,2122,mode=mm
108.901,203,place,RY,BUY,400,103.3100,5100,quote
108.901,203,place,RY,SELL,5000,103.3300,5100,quote
108.901,203,place,AC,BUY,100,34.5500,2122,quote
109.038,203,fill,RY,SELL,5000,103.3250,100,mode=mm
109.040,203,fill,AC,BUY,100,34.5650,2222,mode=mm
109.041,203,place,RY,BUY,4900,103.3300,100,quote
109.041,203,place,RY,SELL,5000,103.3400,100,quote
109.041,203,place,AC,BUY,1000,34.5200,2222,quote
109.301,203,fill,RY,BUY,5300,103.3350,5400,mode=mm
109.302,203,place,RY,BUY,1300,103.2600,5400,quote
109.302,203,place,RY,SELL,5000,103.2900,5400,quote
109.302,203,place,AC,BUY,300,34.5100,2222,quote
109.359,203,place,RY,BUY,200,103.2700,5400,quote
109.554,203,fill,RY,SELL,5000,103.2900,400,mode=mm
109.555,203,place,RY,BUY,4700,103.2700,400,quote
109.555,203,place,AC,BUY,300,34.5000,2222,quote
109.773,203,place,RY,BUY,1600,103.2800,400,quote
109.773,203,place,AC,BUY,600,34.5100,2222,quote
109.812,203,place,RY,BUY,300,103.3200,400,quote
109.989,203,fill,RY,BUY,300,103.3300,700,mode=mm
110.335,204,regime,AC,,,,,"TREND -> mixed (er=0.43, net +6t over 10s)"
110.368,204,place,RY,BUY,100,103.3500,700,quote
110.368,204,place,RY,SELL,3000,103.3700,700,quote
110.498,204,place,RY,SELL,1000,103.3600,700,quote
110.550,204,fill,RY,BUY,100,103.3550,800,mode=mm
110.552,204,place,RY,SELL,5000,103.3600,800,quote
110.552,204,place,AC,BUY,600,34.5100,2222,quote
110.886,204,place,RY,BUY,4400,103.3300,800,quote
110.886,204,place,RY,SELL,600,103.3500,800,quote
111.173,204,place,RY,BUY,4400,103.3400,800,quote
111.173,204,place,RY,SELL,1000,103.3500,800,quote
111.339,204,place,RY,SELL,100,103.3500,800,quote
111.612,204,fill,RY,SELL,100,103.3450,700,mode=mm
111.674,204,regime,AC,,,,,"mixed -> chop (er=0.20, net +2t over 10s)"
111.856,204,fill,RY,BUY,4400,103.3450,5100,mode=mm
111.858,204,place,RY,BUY,2400,103.3200,5100,quote
111.858,204,place,RY,SELL,5000,103.3400,5100,quote
112.020,204,place,RY,BUY,2400,103.3100,5100,quote
112.020,204,place,RY,SELL,5000,103.3300,5100,quote
112.370,205,fill,RY,BUY,2400,103.3250,7500,mode=mm
112.374,205,place,RY,BUY,1700,103.2800,7500,quote
112.374,205,place,RY,SELL,5000,103.3000,7500,quote
113.023,205,regime,AC,,,,,"chop -> mixed (er=0.33, net -2t over 10s)"
113.178,205,place,RY,BUY,1700,103.2900,7500,quote
113.178,205,place,RY,SELL,5000,103.3200,7500,quote
113.252,205,fill,RY,SELL,5000,103.3150,2500,mode=mm
113.253,205,place,RY,BUY,3400,103.3000,2500,quote
113.253,205,place,RY,SELL,5000,103.3300,2500,quote
113.422,205,fill,RY,SELL,10000,103.3150,-7500,mode=mm
113.423,205,place,RY,BUY,600,103.3200,-7500,quote
113.649,205,fill,RY,BUY,600,103.3150,-6900,mode=mm
114.104,205,place,RY,BUY,5000,103.3400,-6900,quote
114.104,205,place,RY,SELL,1800,103.3600,-6900,quote
114.168,205,place,RY,BUY,5000,103.3500,-6900,quote
114.168,205,place,RY,SELL,1800,103.3700,-6900,quote
114.168,205,place,CNR,BUY,100,177.0900,400,quote
114.523,206,fill,RY,BUY,2600,103.3450,-4300,mode=mm
114.524,206,place,RY,BUY,5000,103.3400,-4300,quote
114.542,206,place,CNR,BUY,1600,177.1000,400,quote
114.542,206,place,RY,SELL,900,103.3800,-4300,quote
114.714,206,fill,RY,BUY,2400,103.3550,-1900,mode=mm
114.720,206,place,RY,BUY,5000,103.3600,-1900,quote
114.720,206,place,RY,SELL,2200,103.3700,-1900,quote
114.720,206,place,CNR,BUY,100,177.1000,400,quote
114.929,206,fill,RY,BUY,9000,103.3600,7100,mode=mm
115.166,206,fill,RY,BUY,1000,103.3650,8100,mode=mm
115.760,206,place,CNR,BUY,100,177.1000,400,quote
115.760,206,place,RY,BUY,100,103.3400,8100,quote
115.760,206,place,RY,SELL,5000,103.3600,8100,quote
115.954,206,fill,RY,BUY,100,103.3550,8200,mode=mm
115.955,206,place,CNR,BUY,4700,177.1000,400,quote
116.211,206,fill,RY,SELL,5000,103.3550,3200,mode=mm
116.212,206,place,RY,SELL,5000,103.3500,3200,quote
116.468,207,fill,RY,SELL,3000,103.3450,200,mode=mm
116.470,207,place,RY,BUY,4800,103.3000,200,quote
116.716,207,fill,RY,BUY,2800,103.3250,3000,mode=mm
116.718,207,place,RY,BUY,3200,103.3100,3000,quote
116.718,207,place,RY,SELL,5000,103.3300,3000,quote
117.091,207,fill,RY,SELL,5000,103.3200,-2000,mode=mm
117.294,207,place,RY,BUY,5000,103.3200,-2000,quote
117.476,207,place,RY,BUY,5000,103.3300,-2000,quote
117.476,207,place,RY,SELL,3700,103.3400,-2000,quote
117.736,207,fill,RY,BUY,10000,103.3300,8000,mode=mm
118.748,208,place,CNR,BUY,2800,177.1400,400,quote
118.748,208,place,RY,SELL,5000,103.3000,8000,quote
119.075,208,fill,RY,SELL,5000,103.2950,3000,mode=mm
119.080,208,place,RY,BUY,3200,103.3000,3000,quote
119.080,208,place,RY,SELL,5000,103.3100,3000,quote
119.559,208,fill,RY,SELL,5000,103.3050,-2000,mode=mm
119.562,208,place,RY,BUY,5000,103.3100,-2000,quote
119.562,208,place,RY,SELL,3700,103.3600,-2000,quote
119.623,208,place,RY,SELL,1300,103.3500,-2000,quote
119.744,208,regime,AC,,,,,"mixed -> chop (er=0.00, net +0t over 10s)"
119.860,208,place,RY,BUY,5000,103.3200,-2000,quote
119.860,208,place,RY,SELL,700,103.3400,-2000,quote
120.105,208,place,RY,SELL,100,103.3400,-2000,quote
120.151,209,place,RY,BUY,5000,103.3300,-2000,quote
120.569,209,fill,RY,BUY,5000,103.3350,3000,mode=mm
120.795,209,place,RY,BUY,1900,103.3200,3000,quote
120.795,209,place,RY,SELL,5000,103.3300,3000,quote
121.083,209,fill,RY,SELL,5000,103.3250,-2000,mode=mm
121.086,209,place,RY,BUY,5000,103.3500,-2000,quote
121.086,209,place,RY,SELL,3700,103.3600,-2000,quote
121.830,209,fill,RY,SELL,3700,103.3550,-5700,mode=mm
121.832,209,place,RY,BUY,5000,103.3600,-5700,quote
121.832,209,place,RY,SELL,2200,103.3800,-5700,quote
122.047,209,fill,RY,BUY,7500,103.3650,1800,mode=mm
122.056,209,place,RY,SELL,5000,103.3700,1800,quote
122.355,210,fill,RY,SELL,5000,103.3650,-3200,mode=mm
122.468,210,regime,RY,,,,,"chop -> mixed (er=0.27, net +7t over 10s)"
122.598,210,place,RY,BUY,5000,103.3700,-3200,quote
122.598,210,place,RY,SELL,1000,103.3800,-3200,quote
122.916,210,place,RY,SELL,3100,103.3800,-3200,quote
123.113,210,fill,RY,BUY,5000,103.3750,1800,mode=mm
123.114,210,place,RY,BUY,3800,103.3700,1800,quote
123.255,210,regime,RY,,,,,"mixed -> chop (er=0.24, net +6t over 10s)"
123.415,210,fill,RY,BUY,3800,103.3750,5600,mode=mm
123.416,210,place,RY,BUY,700,103.3300,5600,quote
123.630,210,place,RY,BUY,400,103.3300,5600,quote
123.630,210,place,RY,SELL,5000,103.3600,5600,quote
123.893,210,fill,RY,SELL,5000,103.3550,600,mode=mm
123.894,210,place,RY,BUY,4500,103.3500,600,quote
124.059,210,fill,RY,BUY,4500,103.3550,5100,mode=mm
124.069,210,place,RY,BUY,800,103.3400,5100,quote
124.122,210,place,RY,BUY,2400,103.3400,5100,quote
124.652,211,fill,RY,BUY,2400,103.3600,7500,mode=mm
124.652,211,place,CNR,BUY,500,177.1600,400,quote
124.652,211,place,RY,SELL,5000,103.3700,7500,quote
124.961,211,place,CNR,BUY,500,177.1700,400,quote
125.258,211,place,CNR,BUY,500,177.1700,400,quote
125.258,211,place,RY,BUY,100,103.2900,7500,quote
125.258,211,place,RY,SELL,5000,103.3200,7500,quote
125.544,211,fill,RY,SELL,5000,103.3150,2500,mode=mm
125.546,211,place,RY,BUY,3400,103.3000,2500,quote
125.568,211,place,CNR,BUY,1600,177.1700,400,quote
125.793,211,place,RY,BUY,3400,103.3100,2500,quote
126.069,211,fill,RY,SELL,5000,103.3150,-2500,mode=mm
126.069,211,place,RY,BUY,5000,103.3400,-2500,quote
126.239,211,place,RY,BUY,3000,103.3500,-2500,quote
126.356,212,place,RY,SELL,3400,103.3600,-2500,quote
126.970,212,fill,RY,SELL,3400,103.3550,-5900,mode=mm
126.992,212,place,RY,BUY,5000,103.3700,-5900,quote
126.992,212,place,RY,SELL,2100,103.3900,-5900,quote
127.491,212,place,CNR,BUY,4700,177.2000,400,quote
127.874,212,fill,CNR,BUY,3600,177.2050,4000,mode=mm
127.875,212,fill,RY,BUY,5000,103.3750,-900,mode=mm
127.876,212,place,CNR,SELL,5000,177.2100,4000,quote
127.876,212,place,RY,BUY,5000,103.3700,-900,quote
127.876,212,place,RY,SELL,4300,103.3800,-900,quote
128.018,212,fill,CNR,BUY,1100,177.2050,5100,mode=mm
128.094,212,fill,RY,SELL,4300,103.3750,-5200,mode=mm
128.135,212,regime,RY,,,,,"chop -> mixed (er=0.28, net +7t over 10s)"
128.751,213,place,RY,BUY,100,103.3800,-5200,quote
129.002,213,place,CNR,BUY,2400,177.1900,5100,quote
129.002,213,place,RY,SELL,2300,103.4000,-5200,quote
129.040,213,fill,CNR,SELL,800,177.2050,4300,mode=mm
129.040,213,fill,RY,BUY,100,103.3850,-5100,mode=mm
129.331,213,fill,CNR,SELL,3000,177.2050,1300,mode=mm
129.332,213,place,CNR,BUY,4100,177.2000,1300,quote
129.548,213,place,RY,BUY,5000,103.3700,-5100,quote
129.548,213,place,RY,SELL,2400,103.3900,-5100,quote
129.742,213,regime,RY,,,,,"mixed -> chop (er=0.17, net +4t over 10s)"
129.896,213,fill,RY,BUY,3000,103.3750,-2100,mode=mm
129.900,213,place,RY,SELL,3700,103.3800,-2100,quote
130.034,213,fill,RY,BUY,1000,103.3750,-1100,mode=mm
130.038,213,place,RY,BUY,5000,103.3700,-1100,quote
130.083,213,fill,RY,SELL,3700,103.3750,-4800,mode=mm
130.266,213,place,RY,BUY,5000,103.3800,-4800,quote
130.519,214,place,RY,SELL,1500,103.4000,-4800,quote
130.634,214,fill,RY,BUY,5000,103.3850,200,mode=mm
130.635,214,regime,RY,,,,,"chop -> mixed (er=0.26, net +6t over 10s)"
130.636,214,place,RY,BUY,300,103.3800,200,quote
130.636,214,place,RY,SELL,5000,103.3900,200,quote
130.899,214,regime,RY,,,,,"mixed -> chop (er=0.15, net +3t over 10s)"
131.029,214,place,RY,BUY,2800,103.3800,200,quote
131.322,214,fill,RY,SELL,5000,103.3850,-4800,mode=mm
131.325,214,place,RY,BUY,5000,103.3900,-4800,quote
131.325,214,place,RY,SELL,2500,103.4100,-4800,quote
131.578,214,fill,RY,BUY,3000,103.3900,-1800,mode=mm
131.579,214,place,RY,SELL,3800,103.4000,-1800,quote
131.903,214,fill,RY,BUY,2000,103.3950,200,mode=mm
131.905,214,place,RY,BUY,4800,103.3900,200,quote
132.598,215,fill,RY,BUY,4800,103.3950,5000,mode=mm
132.598,215,place,RY,BUY,2400,103.3800,5000,quote
133.129,215,fill,RY,BUY,2400,103.3950,7400,mode=mm
133.131,215,place,RY,BUY,1700,103.3800,7400,quote
133.362,215,fill,RY,BUY,1700,103.3950,9100,mode=mm
133.364,215,place,RY,BUY,1300,103.3700,9100,quote
134.120,215,fill,RY,BUY,1300,103.3950,10400,mode=mm
134.122,215,place,RY,BUY,1100,103.3400,10400,quote
134.122,215,place,RY,SELL,5000,103.3800,10400,quote
134.392,215,place,RY,SELL,5000,103.3700,10400,quote
134.640,216,place,RY,BUY,1100,103.3200,10400,quote
134.640,216,place,RY,SELL,5000,103.3600,10400,quote
134.767,216,place,RY,BUY,1100,103.3300,10400,quote
134.900,216,fill,RY,SELL,5000,103.3600,5400,mode=mm
134.901,216,place,RY,BUY,2300,103.3400,5400,quote
135.194,216,regime,RY,,,,,"chop -> mixed (er=0.35, net +6t over 10s)"
135.195,216,place,RY,BUY,2300,103.3500,5400,quote
135.195,216,place,RY,SELL,5000,103.3900,5400,quote
135.195,216,place,CNR,BUY,800,177.2300,1300,quote
135.449,216,place,RY,SELL,3000,103.3800,5400,quote
135.449,216,place,CNR,BUY,800,177.2300,1300,quote
135.717,216,fill,RY,SELL,3000,103.3750,2400,mode=mm
135.720,216,place,CNR,BUY,2400,177.2300,1300,quote
135.720,216,place,RY,BUY,3500,103.3700,2400,quote
135.929,216,place,RY,BUY,2100,103.3800,2400,quote
135.929,216,place,RY,SELL,5000,103.3900,2400,quote
136.138,216,fill,RY,SELL,5000,103.3900,-2600,mode=mm
136.651,217,place,RY,BUY,5000,103.3900,-2600,quote
136.651,217,place,RY,SELL,700,103.4000,-2600,quote
136.944,217,place,RY,SELL,200,103.4000,-2600,quote
137.025,217,regime,RY,,,,,"mixed -> chop (er=0.19, net +3t over 10s)"
137.178,217,place,RY,SELL,3400,103.4000,-2600,quote
137.427,217,place,RY,BUY,5000,103.3800,-2600,quote
137.461,217,fill,RY,BUY,5000,103.3850,2400,mode=mm
137.463,217,place,RY,BUY,3500,103.3700,2400,quote
137.463,217,place,RY,SELL,5000,103.3900,2400,quote
137.463,217,place,CNR,BUY,1400,177.2500,1300,quote
137.912,217,place,CNR,BUY,2400,177.2600,1300,quote
138.493,218,place,RY,SELL,5000,103.4000,2400,quote
138.731,218,fill,RY,SELL,5000,103.3900,-2600,mode=mm
138.732,218,place,RY,BUY,5000,103.4000,-2600,quote
138.732,218,place,RY,SELL,2000,103.4100,-2600,quote
138.977,218,fill,RY,BUY,5000,103.4050,2400,mode=mm
139.713,218,regime,RY,,,,,"chop -> mixed (er=0.26, net +3t over 10s)"
139.965,218,regime,RY,,,,,"mixed -> chop (er=0.23, net +3t over 10s)"
140.013,218,fill,RY,SELL,2000,103.4050,400,mode=mm
140.014,218,place,RY,SELL,5000,103.4100,400,quote
140.130,218,fill,RY,SELL,3000,103.4100,-2600,mode=mm
140.132,218,place,RY,BUY,5000,103.3800,-2600,quote
140.259,219,fill,RY,SELL,700,103.3950,-3300,mode=mm
140.260,219,place,RY,BUY,5000,103.4000,-3300,quote
140.537,219,fill,RY,BUY,5000,103.4050,1700,mode=mm
140.539,219,place,RY,BUY,2300,103.3900,1700,quote
140.539,219,place,RY,SELL,5000,103.4000,1700,quote
140.821,219,fill,RY,BUY,2000,103.3950,3700,mode=mm
141.007,219,fill,RY,SELL,5000,103.3950,-1300,mode=mm
141.010,219,place,RY,SELL,2400,103.4200,-1300,quote
141.317,219,place,RY,SELL,4100,103.4100,-1300,quote
141.808,219,place,RY,BUY,5000,103.4000,-1300,quote
142.057,219,place,RY,BUY,5000,103.3900,-1300,quote
142.085,219,fill,RY,BUY,5000,103.3950,3700,mode=mm
142.087,219,place,RY,BUY,1000,103.3800,3700,quote
142.087,219,place,RY,SELL,5000,103.4000,3700,quote
142.318,220,fill,RY,BUY,1500,103.3950,5200,mode=mm
142.833,220,place,CNR,BUY,2400,177.2900,1300,quote
142.833,220,place,RY,BUY,700,103.3700,5200,quote
142.833,220,place,RY,SELL,5000,103.3900,5200,quote
143.086,220,place,RY,BUY,400,103.3700,5200,quote
143.136,220,fill,RY,SELL,5000,103.3850,200,mode=mm
143.138,220,place,RY,BUY,4800,103.3800,200,quote
143.837,220,fill,RY,BUY,4800,103.3900,5000,mode=mm
143.838,220,place,RY,SELL,5000,103.4100,5000,quote
143.883,220,place,RY,BUY,1400,103.3800,5000,quote
144.087,220,fill,RY,BUY,1400,103.4000,6400,mode=mm
144.332,221,place,RY,SELL,5000,103.4000,6400,quote
144.358,221,place,RY,BUY,2000,103.3300,6400,quote
144.358,221,place,RY,SELL,5000,103.3700,6400,quote
144.402,221,place,RY,BUY,2000,103.3400,6400,quote
144.647,221,place,RY,SELL,5000,103.3600,6400,quote
144.858,221,fill,RY,SELL,10000,103.3550,-3600,mode=mm
145.386,221,place,RY,BUY,5000,103.3500,-3600,quote
146.120,221,fill,RY,BUY,5000,103.3550,1400,mode=mm
146.122,221,place,CNR,BUY,4100,177.3100,1300,quote
146.122,221,place,RY,BUY,4000,103.3400,1400,quote
146.122,221,place,RY,SELL,5000,103.3500,1400,quote
146.171,221,regime,RY,,,,,"chop -> mixed (er=0.29, net -5t over 10s)"
146.467,221,fill,RY,SELL,5000,103.3500,-3600,mode=mm
146.468,221,place,CNR,BUY,1400,177.3300,1300,quote
146.692,222,place,CNR,BUY,400,177.3400,1300,quote
146.733,222,regime,RY,,,,,"mixed -> chop (er=0.24, net -4t over 10s)"
146.734,222,place,RY,BUY,5000,103.3500,-3600,quote
146.734,222,place,RY,SELL,100,103.3700,-3600,quote
146.904,222,place,RY,BUY,3000,103.3600,-3600,quote
146.932,222,place,RY,SELL,100,103.3700,-3600,quote
147.146,222,fill,RY,BUY,4900,103.3600,1300,mode=mm
147.147,222,place,CNR,BUY,400,177.3400,1300,quote
147.401,222,place,CNR,BUY,100,177.3500,1300,quote
147.401,222,place,RY,SELL,5000,103.3800,1300,quote
147.624,222,fill,RY,SELL,5000,103.3750,-3700,mode=mm
147.731,222,place,CNR,BUY,2400,177.3500,1300,quote
147.731,222,place,RY,BUY,5000,103.3700,-3700,quote
147.882,222,place,RY,BUY,1000,103.3800,-3700,quote
147.882,222,place,RY,SELL,1000,103.4000,-3700,quote
148.193,222,fill,RY,SELL,1000,103.3850,-4700,mode=mm
148.195,222,place,RY,BUY,5000,103.4000,-4700,quote
148.195,222,place,RY,SELL,900,103.4400,-4700,quote
148.386,222,fill,RY,BUY,5000,103.4100,300,mode=mm
148.387,222,place,RY,SELL,5000,103.4200,300,quote
148.594,223,place,RY,SELL,100,103.4100,300,quote
148.670,223,fill,RY,SELL,1300,103.4100,-1000,mode=mm
148.679,223,place,RY,BUY,5000,103.4100,-1000,quote
148.679,223,place,RY,SELL,2500,103.4300,-1000,quote
148.863,223,place,RY,SELL,1500,103.4200,-1000,quote
148.934,223,place,RY,SELL,100,103.4200,-1000,quote
149.155,223,fill,RY,SELL,100,103.4150,-1100,mode=mm
149.156,223,place,RY,BUY,1800,103.4200,-1100,quote
149.481,223,place,RY,SELL,100,103.4300,-1100,quote
149.710,223,place,RY,SELL,900,103.4300,-1100,quote
149.949,223,place,RY,SELL,4200,103.4300,-1100,quote
150.268,223,fill,RY,BUY,1800,103.4250,700,mode=mm
150.271,223,place,RY,BUY,4500,103.4200,700,quote
151.451,224,fill,RY,BUY,4500,103.4250,5200,mode=mm
151.456,224,place,RY,BUY,2300,103.4100,5200,quote
152.657,224,regime,RY,,,,,"chop -> mixed (er=0.27, net +4t over 10s)"
152.715,225,fill,RY,BUY,2300,103.4250,7500,mode=mm
152.716,225,place,RY,BUY,1700,103.3900,7500,quote
152.716,225,place,RY,SELL,5000,103.4100,7500,quote
152.922,225,regime,RY,,,,,"mixed -> chop (er=0.15, net +3t over 10s)"
152.991,225,fill,RY,SELL,1400,103.4100,6100,mode=mm
153.218,225,fill,RY,SELL,3600,103.4050,2500,mode=mm
153.219,225,place,RY,BUY,3400,103.4000,2500,quote
153.219,225,place,RY,SELL,5000,103.4100,2500,quote
153.505,225,fill,RY,SELL,5000,103.4050,-2500,mode=mm
153.506,225,place,RY,BUY,5000,103.4100,-2500,quote
153.506,225,place,RY,SELL,2000,103.4300,-2500,quote
153.790,225,place,RY,SELL,700,103.4200,-2500,quote
154.077,225,fill,RY,SELL,700,103.4150,-3200,mode=mm
154.312,226,fill,RY,BUY,600,103.4150,-2600,mode=mm
154.316,226,place,RY,BUY,5000,103.4200,-2600,quote
154.316,226,place,RY,SELL,3400,103.4300,-2600,quote
154.377,226,regime,RY,,,,,"chop -> mixed (er=0.41, net +5t over 10s)"
154.555,226,fill,RY,BUY,5000,103.4200,2400,mode=mm
154.776,226,fill,RY,SELL,3400,103.4300,-1000,mode=mm
154.779,226,place,RY,SELL,4300,103.4300,-1000,quote
155.038,226,fill,RY,SELL,4300,103.4250,-5300,mode=mm
155.039,226,place,RY,BUY,5000,103.4300,-5300,quote
155.039,226,place,RY,SELL,700,103.4500,-5300,quote
155.170,226,regime,AC,,,,,"chop -> mixed (er=1.00, net +0t over 10s)"
155.341,226,fill,RY,BUY,5000,103.4350,-300,mode=mm
155.350,226,place,RY,SELL,4700,103.4400,-300,quote
156.103,226,place,CNR,BUY,4100,177.3900,1300,quote
156.103,226,place,RY,BUY,5000,103.3800,-300,quote
156.103,226,place,RY,SELL,4700,103.4000,-300,quote
156.323,226,fill,CNR,BUY,2000,177.3950,3300,mode=mm
156.325,226,place,CNR,SELL,3000,177.4000,3300,quote
156.554,227,fill,CNR,BUY,6,177.3950,3306,mode=mm
156.554,227,regime,RY,,,,,"mixed -> chop (er=0.24, net +4t over 10s)"
156.847,227,fill,CNR,BUY,2094,177.3950,5400,mode=mm
156.850,227,fill,RY,SELL,4700,103.3950,-5000,mode=mm
156.851,227,regime,RY,,,,,"chop -> mixed (er=0.28, net +5t over 10s)"
157.069,227,place,AC,SELL,1800,34.5500,2222,quote
157.356,227,fill,AC,SELL,1800,34.5450,422,mode=mm
157.388,227,place,AC,BUY,2800,34.5400,422,quote
157.388,227,place,CNR,BUY,700,177.3800,5400,quote
157.388,227,place,RY,BUY,3000,103.4200,-5000,quote
157.388,227,place,RY,SELL,100,103.4400,-5000,quote
157.623,227,place,RY,BUY,5000,103.4300,-5000,quote
157.623,227,place,AC,SELL,1800,34.5600,422,quote
157.822,227,fill,RY,BUY,5000,103.4300,0,mode=mm
157.823,227,fill,AC,SELL,1800,34.5600,-1378,mode=mm
157.825,227,place,RY,SELL,3000,103.4400,0,quote
157.864,227,place,CNR,BUY,2300,177.3800,5400,quote
158.103,227,fill,CNR,SELL,1900,177.3950,3500,mode=mm
158.105,227,place,CNR,BUY,3000,177.3900,3500,quote
158.105,227,place,CNR,SELL,5000,177.4000,3500,quote
158.192,227,place,RY,BUY,600,103.4100,0,quote
158.192,227,place,RY,SELL,5000,103.4300,0,quote
158.234,227,regime,RY,,,,,"mixed -> chop (er=0.06, net +1t over 10s)"
158.378,227,fill,RY,SELL,5000,103.4200,-5000,mode=mm
159.472,228,fill,CNR,SELL,4300,177.3950,-800,mode=mm
159.475,228,place,RY,BUY,5000,103.4400,-5000,quote
159.475,228,place,RY,SELL,2400,103.4600,-5000,quote
159.637,228,fill,RY,BUY,5000,103.4450,0,mode=mm
159.640,228,place,RY,SELL,5000,103.4500,0,quote
159.904,228,place,RY,BUY,3000,103.4200,0,quote
159.904,228,place,RY,SELL,1800,103.4300,0,quote
160.162,228,place,RY,BUY,1000,103.4100,0,quote
160.462,228,fill,CNR,BUY,3000,177.3950,2200,mode=mm
160.465,228,fill,RY,BUY,1000,103.4150,1000,mode=mm
160.467,228,place,CNR,BUY,2100,177.3900,2200,quote
160.467,228,place,RY,BUY,4300,103.4200,1000,quote
160.811,229,fill,RY,BUY,4300,103.4250,5300,mode=mm
161.298,229,place,RY,SELL,3000,103.4100,5300,quote
161.526,229,place,RY,BUY,1300,103.3900,5300,quote
162.024,229,fill,RY,SELL,3000,103.4050,2300,mode=mm
162.030,229,place,RY,BUY,3500,103.4000,2300,quote
162.030,229,place,RY,SELL,5000,103.4100,2300,quote
162.466,229,fill,RY,SELL,5000,103.4050,-2700,mode=mm
162.469,229,place,AC,BUY,5000,34.5600,-1378,quote
162.469,229,place,AC,SELL,4100,34.5700,-1378,quote
162.469,229,place,RY,BUY,5000,103.4100,-2700,quote
162.469,229,place,RY,SELL,1900,103.4200,-2700,quote
162.719,230,fill,RY,BUY,5000,103.4150,2300,mode=mm
162.721,230,fill,AC,BUY,5000,34.5600,3622,mode=mm
163.264,230,place,RY,BUY,1200,103.3900,2300,quote
163.264,230,place,RY,SELL,5000,103.4000,2300,quote
163.480,230,place,AC,BUY,300,34.5000,3622,quote
163.480,230,place,AC,SELL,5000,34.5200,3622,quote
163.480,230,place,CNR,BUY,100,177.4200,2200,quote
163.620,230,regime,AC,,,,,"mixed -> chop (er=0.06, net -1t over 10s)"
163.760,230,fill,RY,SELL,5000,103.3950,-2700,mode=mm
163.761,230,fill,AC,SELL,4535,34.5200,-913,mode=mm
163.762,230,place,RY,BUY,5000,103.4000,-2700,quote
163.762,230,place,RY,SELL,1100,103.4200,-2700,quote
163.762,230,place,CNR,BUY,200,177.4200,2200,quote
163.762,230,place,AC,BUY,5000,34.5000,-913,quote
164.017,230,fill,RY,SELL,1100,103.4050,-3800,mode=mm
164.056,230,place,CNR,BUY,1200,177.4200,2200,quote
164.056,230,place,RY,SELL,100,103.4100,-3800,quote
164.056,230,place,AC,BUY,100,34.5100,-913,quote
164.056,230,place,AC,SELL,2500,34.5200,-913,quote
164.258,230,fill,RY,SELL,100,103.4050,-3900,mode=mm
164.805,231,place,RY,BUY,3000,103.4300,-3900,quote
164.805,231,place,RY,SELL,2800,103.4400,-3900,quote
164.805,231,place,CNR,BUY,700,177.4200,2200,quote
164.805,231,place,AC,BUY,100,34.5100,-913,quote
165.056,231,fill,RY,BUY,3000,103.4300,-900,mode=mm
165.057,231,place,CNR,BUY,3600,177.4200,2200,quote
165.057,231,place,AC,BUY,3000,34.5100,-913,quote
165.416,231,fill,RY,SELL,2800,103.4350,-3700,mode=mm
165.416,231,place,RY,BUY,5000,103.4400,-3700,quote
165.416,231,place,RY,SELL,2900,103.4500,-3700,quote
165.555,231,fill,RY,BUY,5000,103.4400,1300,mode=mm
165.558,231,place,RY,SELL,5000,103.4400,1300,quote
165.811,231,fill,RY,SELL,5000,103.4400,-3700,mode=mm
166.454,232,place,RY,SELL,1700,103.4500,-3700,quote
166.561,232,place,CNR,BUY,3600,177.4400,2200,quote
166.635,232,regime,AC,,,,,"chop -> mixed (er=0.33, net -2t over 10s)"
166.841,232,fill,RY,SELL,1700,103.4450,-5400,mode=mm
166.842,232,place,CNR,BUY,1200,177.4500,2200,quote
166.842,232,place,RY,SELL,700,103.4600,-5400,quote
166.962,232,place,RY,BUY,5000,103.4400,-5400,quote
167.204,232,fill,AC,SELL,2500,34.5250,-3413,mode=mm
167.986,232,regime,AC,,,,,"mixed -> chop (er=0.25, net -2t over 10s)"
167.986,232,place,RY,BUY,300,103.4200,-5400,quote
168.160,232,place,RY,BUY,100,103.4500,-5400,quote
168.160,232,place,AC,BUY,300,34.5500,-3413,quote
168.397,232,place,RY,BUY,5000,103.4200,-5400,quote
168.397,232,place,RY,SELL,2300,103.4400,-5400,quote
168.397,232,place,AC,SELL,3000,34.5600,-3413,quote
168.613,233,fill,RY,BUY,100,103.4250,-5300,mode=mm
168.613,233,fill,AC,SELL,3000,34.5550,-6413,mode=mm
168.614,233,place,AC,BUY,5000,34.5600,-6413,quote
168.614,233,place,AC,SELL,2000,34.5900,-6413,quote
168.802,233,place,AC,SELL,2000,34.5800,-6413,quote
168.863,233,fill,RY,BUY,2300,103.4250,-3000,mode=mm
168.865,233,place,RY,SELL,1900,103.4300,-3000,quote
168.865,233,place,AC,BUY,5000,34.5700,-6413,quote
168.865,233,place,AC,SELL,400,34.6000,-6413,quote
169.183,233,fill,RY,BUY,2700,103.4250,-300,mode=mm
169.187,233,place,CNR,BUY,2100,177.4700,2200,quote
169.187,233,place,AC,BUY,5000,34.5800,-6413,quote
169.384,233,fill,RY,SELL,1900,103.4250,-2200,mode=mm
169.387,233,stop,AC,BUY,5000,34.6500,-6413,loss=5.1t stop=5.0t trend_against=False
169.387,233,place,AC,BUY,5000,34.6500,-6413,agg
169.639,233,fill,AC,BUY,5000,34.5950,-1413,mode=mm
169.767,233,regime,AC,,,,,"chop -> mixed (er=0.29, net +4t over 10s)"
170.252,233,place,RY,BUY,5000,103.4400,-2200,quote
170.252,233,place,RY,SELL,1200,103.4500,-2200,quote
170.400,233,stop,AC,BUY,1413,34.6600,-1413,loss=8.1t stop=5.0t trend_against=False
170.402,233,place,AC,BUY,1413,34.6600,-1413,agg
170.439,233,fill,RY,SELL,1200,103.4450,-3400,mode=mm
170.453,233,place,RY,BUY,5000,103.4500,-3400,quote
170.453,233,place,RY,SELL,3000,103.4600,-3400,quote
170.702,234,fill,RY,BUY,5000,103.4550,1600,mode=mm
170.702,234,fill,AC,BUY,1413,34.6250,0,mode=mm
170.704,234,place,AC,BUY,1800,34.6300,0,quote
170.818,234,regime,RY,,,,,"chop -> mixed (er=0.31, net +5t over 10s)"
170.911,234,fill,RY,SELL,3000,103.4550,-1400,mode=mm
170.912,234,place,RY,SELL,4000,103.4600,-1400,quote
170.912,234,place,AC,BUY,3000,34.6400,0,quote
171.335,234,place,CNR,BUY,200,177.5000,2200,quote
171.557,234,fill,RY,SELL,4000,103.4550,-5400,mode=mm
171.706,234,place,RY,BUY,300,103.4600,-5400,quote
171.949,234,place,RY,BUY,100,103.4600,-5400,quote
171.983,234,place,CNR,BUY,3600,177.5100,2200,quote
171.983,234,place,RY,SELL,400,103.4800,-5400,quote
172.110,234,regime,AC,,,,,"mixed -> TREND (er=0.55, net +12t over 10s)"
172.135,234,place,AC,BUY,1800,34.6800,0,quote
172.193,234,fill,RY,BUY,100,103.4650,-5300,mode=mm
172.193,234,place,AC,BUY,100,34.6900,0,quote
172.566,235,place,RY,SELL,2300,103.4800,-5300,quote
172.566,235,place,AC,BUY,2500,34.6900,0,quote
172.746,235,place,RY,BUY,5000,103.4100,-5300,quote
172.746,235,place,RY,SELL,1300,103.4700,-5300,quote
172.746,235,place,AC,BUY,900,34.7000,0,quote
172.937,235,place,RY,BUY,5000,103.4200,-5300,quote
172.937,235,place,RY,SELL,2300,103.4600,-5300,quote
172.937,235,place,AC,BUY,500,34.7100,0,quote
173.209,235,fill,RY,SELL,2300,103.4350,-7600,mode=mm
173.436,235,place,RY,BUY,5000,103.4400,-7600,quote
173.436,235,place,AC,BUY,2500,34.7200,0,quote
173.488,235,place,RY,BUY,5000,103.4300,-7600,quote
173.488,235,place,RY,SELL,900,103.4500,-7600,quote
173.783,235,fill,RY,BUY,1500,103.4350,-6100,mode=mm
173.785,235,place,RY,BUY,600,103.4500,-6100,quote
173.785,235,place,RY,SELL,1200,103.4700,-6100,quote
174.003,235,place,CNR,BUY,2100,177.5300,2200,quote
174.003,235,place,AC,BUY,300,34.7300,0,quote
174.102,235,fill,RY,BUY,2200,103.4450,-3900,mode=mm
174.105,235,regime,CNR,,,,,"mixed -> TREND (er=1.00, net +12t over 10s)"
174.305,235,place,RY,SELL,2800,103.4700,-3900,quote
174.305,235,place,CNR,BUY,3600,177.5500,2200,quote
174.305,235,place,AC,BUY,100,34.7500,0,quote
174.365,235,place,CNR,BUY,100,177.5400,2200,quote
174.520,235,place,RY,BUY,5000,103.4600,-3900,quote
174.520,235,place,CNR,BUY,600,177.5400,2200,quote
174.634,235,regime,RY,,,,,"mixed -> chop (er=0.24, net +3t over 10s)"
174.745,236,fill,RY,BUY,2200,103.4600,-1700,mode=mm
175.134,236,place,CNR,BUY,1800,177.5400,2200,quote
175.134,236,place,RY,SELL,3900,103.4600,-1700,quote
175.134,236,place,AC,BUY,500,34.7800,0,quote
175.296,236,place,RY,BUY,5000,103.4000,-1700,quote
175.345,236,place,RY,SELL,700,103.4500,-1700,quote
175.345,236,place,AC,BUY,500,34.7900,0,quote
175.543,236,place,RY,BUY,3000,103.4300,-1700,quote
175.543,236,place,RY,SELL,3900,103.4400,-1700,quote
175.543,236,place,CNR,BUY,600,177.5500,2200,quote
175.543,236,place,AC,BUY,100,34.8000,0,quote
175.781,236,fill,RY,BUY,3000,103.4300,1300,mode=mm
175.817,236,place,CNR,BUY,1800,177.5500,2200,quote
175.817,236,place,RY,BUY,200,103.4200,1300,quote
175.817,236,place,RY,SELL,5000,103.4300,1300,quote
176.036,236,fill,RY,SELL,5000,103.4250,-3700,mode=mm
176.565,237,place,RY,BUY,5000,103.4100,-3700,quote
176.565,237,place,RY,SELL,2900,103.4400,-3700,quote
176.857,237,place,CNR,BUY,1800,177.5600,2200,quote
176.857,237,place,AC,BUY,900,34.8300,0,quote
176.923,237,fill,RY,SELL,2811,103.4250,-6511,mode=mm
177.081,237,place,CNR,BUY,1800,177.5700,2200,quote
177.081,237,place,RY,BUY,5000,103.4100,-6511,quote
177.081,237,place,AC,BUY,300,34.8500,0,quote
177.366,237,place,AC,BUY,1500,34.8600,0,quote
177.408,237,place,RY,SELL,300,103.4300,-6511,quote
177.870,237,place,RY,BUY,5000,103.4200,-6511,quote
178.205,237,fill,RY,BUY,5000,103.4250,-1511,mode=mm
178.208,237,place,CNR,BUY,1800,177.5800,2200,quote
178.208,237,place,RY,SELL,2400,103.4300,-1511,quote
178.208,237,place,AC,BUY,500,34.8900,0,quote
178.314,237,place,AC,BUY,300,34.9000,0,quote
178.385,238,place,RY,BUY,3000,103.4100,-1511,quote
178.437,238,place,CNR,BUY,1800,177.5900,2200,quote
178.437,238,place,AC,BUY,1500,34.9100,0,quote
178.706,238,fill,RY,BUY,3000,103.4150,1489,mode=mm
179.304,238,place,CNR,BUY,1800,177.6000,2200,quote
179.304,238,place,RY,BUY,1400,103.4000,1489,quote
179.304,238,place,RY,SELL,5000,103.4100,1489,quote
179.304,238,place,AC,BUY,500,34.9300,0,quote
179.485,238,place,AC,BUY,1500,34.9300,0,quote
179.721,238,fill,RY,SELL,5000,103.4050,-3511,mode=mm
179.724,238,place,RY,BUY,5000,103.4000,-3511,quote
179.724,238,place,AC,BUY,300,34.9400,0,quote
179.914,238,place,RY,SELL,1800,103.4100,-3511,quote
180.046,238,fill,RY,BUY,5000,103.4050,1489,mode=mm
180.047,238,place,RY,BUY,800,103.3800,1489,quote
180.047,238,place,RY,SELL,5000,103.4000,1489,quote
180.047,238,place,CNR,BUY,100,177.6200,2200,quote
180.047,238,place,AC,BUY,100,34.9500,0,quote
180.443,238,fill,RY,SELL,5000,103.3950,-3511,mode=mm
180.445,238,place,CNR,BUY,1000,177.6300,2200,quote
180.445,238,place,RY,BUY,3000,103.3900,-3511,quote
180.445,238,place,AC,BUY,300,34.9700,0,quote
180.538,239,place,RY,SELL,100,103.4100,-3511,quote
180.819,239,place,RY,SELL,3000,103.4100,-3511,quote
180.819,239,place,AC,BUY,2500,34.9900,0,quote
181.054,239,place,RY,BUY,3000,103.3900,-3511,quote
181.312,239,place,RY,BUY,5000,103.4200,-3511,quote
181.312,239,place,RY,SELL,3000,103.4400,-3511,quote
181.368,239,place,CNR,BUY,600,177.6400,2200,quote
181.566,239,fill,RY,BUY,400,103.4250,-3111,mode=mm
181.567,239,place,CNR,BUY,300,177.6400,2200,quote
181.567,239,place,RY,SELL,100,103.4300,-3111,quote
181.797,239,fill,RY,SELL,800,103.4250,-3911,mode=mm
181.800,239,place,CNR,BUY,1000,177.6500,2200,quote
181.800,239,place,AC,BUY,100,35.0200,0,quote
182.016,239,place,RY,BUY,3000,103.4300,-3911,quote
182.016,239,place,RY,SELL,100,103.4500,-3911,quote
182.053,239,place,AC,BUY,300,35.0300,0,quote
182.290,239,fill,RY,BUY,2900,103.4350,-1011,mode=mm
182.294,239,place,RY,SELL,2500,103.4400,-1011,quote
182.294,239,place,CNR,BUY,100,177.6700,2200,quote
182.294,239,place,AC,BUY,100,35.0400,0,quote
182.540,239,fill,RY,SELL,800,103.4300,-1811,mode=mm
182.545,239,place,CNR,BUY,1800,177.6700,2200,quote
182.545,239,place,AC,BUY,2500,35.0500,0,quote
182.855,240,place,RY,SELL,3800,103.4400,-1811,quote
182.855,240,place,AC,BUY,2500,35.0600,0,quote
182.911,240,fill,RY,SELL,1700,103.4350,-3511,mode=mm
182.912,240,place,RY,BUY,3000,103.3900,-3511,quote
182.912,240,place,CNR,BUY,1800,177.6800,2200,quote
183.061,240,place,CNR,BUY,300,177.6900,2200,quote
183.095,240,place,RY,SELL,300,103.4300,-3511,quote
183.358,240,fill,RY,BUY,3000,103.4250,-511,mode=mm
183.359,240,place,CNR,BUY,1800,177.6900,2200,quote
183.359,240,place,RY,BUY,300,103.4200,-511,quote
183.359,240,place,RY,SELL,900,103.4300,-511,quote
183.543,240,place,RY,SELL,500,103.4300,-511,quote
183.590,240,place,RY,BUY,3000,103.4200,-511,quote
183.590,240,place,AC,BUY,900,35.0900,0,quote
183.909,240,fill,RY,BUY,2100,103.4250,1589,mode=mm
184.060,240,fill,RY,SELL,500,103.4050,1089,mode=mm
184.062,240,place,RY,BUY,2500,103.4400,1089,quote
184.062,240,place,RY,SELL,5000,103.4800,1089,quote
184.062,240,place,CNR,BUY,600,177.7000,2200,quote
184.062,240,place,AC,BUY,100,35.1100,0,quote
184.256,240,fill,RY,BUY,2500,103.4550,3589,mode=mm
184.317,240,place,RY,SELL,5000,103.4600,3589,quote
184.317,240,place,CNR,BUY,1800,177.7000,2200,quote
184.317,240,place,AC,BUY,2500,35.1200,0,quote
184.585,240,fill,RY,SELL,5000,103.4550,-1411,mode=mm
184.587,240,place,RY,BUY,5000,103.4500,-1411,quote
184.587,240,place,AC,BUY,300,35.1300,0,quote
184.875,241,place,RY,SELL,200,103.4500,-1411,quote
184.929,241,fill,RY,BUY,5000,103.4400,3589,mode=mm
185.092,241,fill,RY,SELL,200,103.4400,3389,mode=mm
185.092,241,place,RY,SELL,5000,103.4400,3389,quote
185.269,241,place,CNR,BUY,1800,177.7100,2200,quote
185.393,241,place,RY,BUY,600,103.4300,3389,quote
185.393,241,place,AC,BUY,100,35.1600,0,quote
185.613,241,fill,RY,SELL,5000,103.4350,-1611,mode=mm
185.614,241,place,CNR,BUY,1800,177.7300,2200,quote
185.614,241,place,RY,BUY,3000,103.4300,-1611,quote
185.614,241,place,RY,SELL,700,103.4400,-1611,quote
185.614,241,place,AC,BUY,100,35.1700,0,quote
185.890,241,fill,RY,SELL,700,103.4350,-2311,mode=mm
185.946,241,place,RY,BUY,3000,103.4600,-2311,quote
185.946,241,place,RY,SELL,1200,103.4700,-2311,quote
185.946,241,place,AC,BUY,300,35.1800,0,quote
186.129,241,fill,RY,BUY,3000,103.4600,689,mode=mm
186.157,241,place,RY,BUY,1600,103.4500,689,quote
186.157,241,place,RY,SELL,5000,103.4600,689,quote
186.157,241,place,AC,BUY,500,35.1900,0,quote
186.436,242,fill,RY,SELL,5000,103.4550,-4311,mode=mm
186.950,242,place,RY,BUY,5000,103.4500,-4311,quote
186.950,242,place,RY,SELL,2700,103.4800,-4311,quote
186.950,242,place,CNR,BUY,1800,177.7500,2200,quote
186.950,242,place,AC,BUY,1500,35.2200,0,quote
187.154,242,fill,RY,BUY,5000,103.4550,689,mode=mm
187.188,242,place,CNR,BUY,1800,177.7600,2200,quote
187.188,242,place,RY,SELL,3000,103.4700,689,quote
187.188,242,place,AC,BUY,900,35.2300,0,quote
187.498,242,place,RY,BUY,4500,103.4600,689,quote
187.498,242,place,AC,BUY,100,35.2400,0,quote
187.663,242,fill,RY,SELL,3000,103.4650,-2311,mode=mm
187.664,242,place,RY,SELL,3500,103.4700,-2311,quote
187.664,242,place,AC,BUY,2500,35.2500,0,quote
187.924,242,fill,RY,BUY,4500,103.4650,2189,mode=mm
187.925,242,stop,RY,SELL,2189,103.4300,2189,loss=7.0t stop=5.0t trend_against=False
187.926,242,place,RY,SELL,2189,103.4300,2189,agg
188.173,242,fill,RY,SELL,500,103.4300,1689,mode=mm
188.480,243,place,CNR,BUY,1800,177.7700,2200,quote
188.480,243,place,AC,BUY,2500,35.2900,0,quote
188.741,243,place,AC,BUY,900,35.3000,0,quote
188.947,243,stop,RY,SELL,1689,103.3200,1689,loss=7.0t stop=5.0t trend_against=False
188.948,243,place,RY,SELL,1689,103.3200,1689,agg
188.948,243,place,CNR,BUY,1800,177.7800,2200,quote
188.948,243,place,AC,BUY,2500,35.3100,0,quote
189.246,243,fill,RY,SELL,1689,103.3950,0,mode=mm
189.250,243,place,RY,SELL,5000,103.4100,0,quote
189.250,243,place,AC,BUY,500,35.3200,0,quote
189.459,243,place,CNR,BUY,1800,177.7900,2200,quote
189.459,243,place,RY,SELL,300,103.4000,0,quote
189.680,243,place,AC,BUY,1500,35.3300,0,quote
189.723,243,place,RY,SELL,600,103.3800,0,quote
189.723,243,place,AC,BUY,100,35.3400,0,quote
189.996,243,fill,RY,SELL,500,103.3750,-500,mode=mm
189.996,243,place,RY,BUY,500,103.3600,-500,quote
189.996,243,place,RY,SELL,1600,103.3800,-500,quote
189.996,243,place,AC,BUY,300,35.3500,0,quote
190.325,243,place,RY,BUY,500,103.3700,-500,quote
190.325,243,place,RY,SELL,2700,103.3800,-500,quote
190.325,243,place,AC,BUY,100,35.3600,0,quote
190.510,244,place,CNR,BUY,1800,177.8000,2200,quote
190.510,244,place,AC,BUY,500,35.3700,0,quote
190.780,244,place,AC,BUY,2500,35.3800,0,quote
191.000,244,fill,RY,BUY,500,103.3750,0,mode=mm
191.003,244,place,AC,BUY,2500,35.3900,0,quote
191.256,244,fill,RY,SELL,2700,103.3700,-2700,mode=mm
191.257,244,place,CNR,BUY,1800,177.8100,2200,quote
191.257,244,place,RY,BUY,2700,103.3600,-2700,quote
191.257,244,place,RY,SELL,600,103.3700,-2700,quote
191.257,244,place,AC,BUY,300,35.4000,0,quote
191.516,244,fill,RY,BUY,2700,103.3650,0,mode=mm
191.518,244,place,RY,SELL,5000,103.3700,0,quote
191.518,244,place,AC,BUY,900,35.4000,0,quote
191.768,244,fill,RY,SELL,5000,103.3600,-5000,mode=mm
192.015,244,place,RY,BUY,1800,103.4400,-5000,quote
192.272,244,place,RY,SELL,2400,103.4900,-5000,quote
192.272,244,place,AC,BUY,500,35.4200,0,quote
192.340,244,fill,RY,BUY,1800,103.4500,-3200,mode=mm
192.341,244,regime,RY,,,,,"3 stop-outs in 60s -> toxic flow: half size, no stepping inside for 30s"
192.341,244,stop,RY,BUY,3200,103.5000,-3200,loss=9.0t stop=5.0t trend_against=False
192.343,244,place,RY,BUY,3200,103.5000,-3200,agg
192.343,244,place,AC,BUY,1500,35.4300,0,quote
192.524,245,fill,RY,BUY,3200,103.4050,0,mode=mm
192.527,245,place,CNR,BUY,1800,177.8200,2200,quote
192.527,245,place,RY,BUY,2500,103.4300,0,quote
192.527,245,place,AC,BUY,2500,35.4400,0,quote
192.885,245,place,AC,BUY,1500,35.4500,0,quote
193.047,245,fill,RY,BUY,2500,103.4600,2500,mode=mm
193.837,245,place,CNR,BUY,1800,177.8600,2200,quote
193.837,245,place,RY,BUY,1700,103.3400,2500,quote
193.837,245,place,RY,SELL,2500,103.4600,2500,quote
193.837,245,place,AC,BUY,1500,35.4900,0,quote
194.076,245,place,RY,BUY,1700,103.4000,2500,quote
194.076,245,place,RY,SELL,2500,103.4400,2500,quote
194.076,245,place,AC,BUY,2500,35.5000,0,quote
194.319,245,place,CNR,BUY,1000,177.8700,2200,quote
194.369,245,place,RY,BUY,1700,103.4100,2500,quote
194.369,245,place,AC,BUY,100,35.5100,0,quote
194.596,245,fill,RY,BUY,1700,103.4250,4200,mode=mm
194.650,246,place,RY,BUY,1300,103.3600,4200,quote
194.650,246,place,RY,SELL,3200,103.4000,4200,quote
194.650,246,place,AC,BUY,300,35.5200,0,quote
194.793,246,fill,RY,SELL,2500,103.3850,1700,mode=mm
194.795,246,place,RY,BUY,1900,103.3700,1700,quote
194.795,246,place,AC,BUY,500,35.5300,0,quote
195.047,246,fill,RY,SELL,3200,103.3850,-1500,mode=mm
195.050,246,stop,RY,BUY,1500,103.4800,-1500,loss=8.0t stop=6.4t trend_against=False
195.051,246,place,RY,BUY,1500,103.4800,-1500,agg
195.051,246,place,AC,BUY,2500,35.5400,0,quote
195.335,246,fill,RY,BUY,1500,103.4100,0,mode=mm
195.338,246,place,RY,BUY,2500,103.3700,0,quote
195.338,246,place,AC,BUY,1500,35.5500,0,quote
195.638,246,place,RY,BUY,2500,103.3800,0,quote
195.638,246,place,AC,BUY,2500,35.5600,0,quote
195.979,246,place,CNR,BUY,1000,177.8800,2200,quote
195.979,246,place,AC,BUY,300,35.5700,0,quote
196.091,246,place,AC,BUY,1500,35.5800,0,quote
196.362,246,place,RY,BUY,2500,103.4200,0,quote
196.629,246,place,AC,BUY,2500,35.6000,0,quote
196.883,247,fill,RY,BUY,2500,103.4350,2500,mode=mm
196.897,247,place,RY,BUY,1000,103.3900,2500,quote
196.897,247,place,RY,SELL,2500,103.4500,2500,quote
196.897,247,place,AC,BUY,500,35.6100,0,quote
197.139,247,fill,RY,BUY,1000,103.4200,3500,mode=mm
197.142,247,place,RY,BUY,1500,103.4000,3500,quote
197.142,247,place,RY,SELL,3100,103.4400,3500,quote
197.142,247,place,CNR,BUY,1800,177.8900,2200,quote
197.142,247,place,AC,BUY,900,35.6200,0,quote
197.430,247,place,AC,BUY,300,35.6300,0,quote
197.589,247,place,CNR,BUY,1800,177.8700,2200,quote
197.589,247,place,RY,BUY,1500,103.4100,3500,quote
197.677,247,fill,RY,BUY,2274,103.4250,5774,mode=mm
197.681,247,place,RY,SELL,100,103.4200,5774,quote
197.848,247,place,RY,BUY,1000,103.3600,5774,quote
197.848,247,place,CNR,BUY,1000,177.8800,2200,quote
197.848,247,place,AC,BUY,300,35.6300,0,quote
197.918,247,place,CNR,BUY,100,177.8900,2200,quote
197.918,247,place,RY,SELL,3500,103.4200,5774,quote
198.114,247,place,AC,BUY,2500,35.6400,0,quote
198.158,247,fill,RY,SELL,3500,103.4150,2274,mode=mm
198.159,247,place,RY,BUY,1800,103.3700,2274,quote
198.159,247,place,CNR,BUY,1000,177.8900,2200,quote
198.159,247,place,AC,BUY,500,35.6600,0,quote
198.306,247,place,CNR,BUY,100,177.9000,2200,quote
198.306,247,place,RY,BUY,100,103.3800,2274,quote
198.306,247,place,RY,SELL,1700,103.4100,2274,quote
198.501,247,place,CNR,BUY,1000,177.9000,2200,quote
198.501,247,place,RY,BUY,300,103.3900,2274,quote
198.501,247,place,AC,BUY,100,35.6800,0,quote
198.745,247,place,AC,BUY,2500,35.6900,0,quote
198.818,247,fill,RY,SELL,1700,103.4050,574,mode=mm
198.822,248,place,RY,BUY,2300,103.3900,574,quote
198.822,248,place,RY,SELL,1500,103.4300,574,quote
198.946,248,place,RY,BUY,2300,103.4000,574,quote
198.946,248,place,RY,SELL,2600,103.4500,574,quote
199.162,248,place,RY,BUY,2300,103.4100,574,quote
199.162,248,place,RY,SELL,2600,103.4400,574,quote
199.162,248,place,AC,BUY,100,35.7000,0,quote
199.512,248,place,RY,BUY,2300,103.3900,574,quote
199.512,248,place,RY,SELL,2600,103.4300,574,quote
199.512,248,place,CNR,BUY,1800,177.9200,2200,quote
199.512,248,place,AC,BUY,1500,35.7100,0,quote
199.698,248,fill,RY,BUY,4600,103.4100,5174,mode=mm
199.930,248,fill,RY,SELL,2600,103.4000,2574,mode=mm
199.935,248,place,RY,BUY,1700,103.3800,2574,quote
199.935,248,place,RY,SELL,2900,103.4200,2574,quote
199.935,248,place,CNR,BUY,100,177.9200,2200,quote
199.935,248,place,AC,BUY,100,35.7300,0,quote
200.215,248,fill,RY,BUY,1700,103.4000,4274,mode=mm
200.334,248,fill,RY,SELL,2900,103.3900,1374,mode=mm
200.462,249,place,RY,BUY,2000,103.3700,1374,quote
200.462,249,place,RY,SELL,2700,103.4100,1374,quote
200.462,249,place,CNR,BUY,1800,177.9200,2200,quote
200.462,249,place,AC,BUY,1500,35.7600,0,quote
200.691,249,fill,RY,SELL,2700,103.3900,-1326,mode=mm
200.692,249,place,AC,BUY,2500,35.7800,0,quote
200.962,249,place,AC,BUY,2500,35.7900,0,quote
201.008,249,place,RY,SELL,2000,103.4300,-1326,quote
201.195,249,place,RY,BUY,2700,103.3900,-1326,quote
201.195,249,place,RY,SELL,2000,103.4200,-1326,quote
201.195,249,place,AC,BUY,1500,35.8000,0,quote
201.454,249,place,CNR,BUY,1800,177.9300,2200,quote
201.454,249,place,AC,BUY,900,35.8100,0,quote
201.491,249,place,RY,BUY,900,103.3800,-1326,quote
201.695,249,fill,RY,SELL,2000,103.3950,-3326,mode=mm
202.002,249,place,RY,BUY,3000,103.3800,-3326,quote
202.221,249,place,RY,BUY,3000,103.3700,-3326,quote
202.221,249,place,RY,SELL,1500,103.4100,-3326,quote
202.221,249,place,AC,BUY,900,35.8400,0,quote
202.500,250,place,CNR,BUY,1800,177.9400,2200,quote
202.500,250,place,RY,SELL,1500,103.4000,-3326,quote
202.500,250,place,AC,BUY,900,35.8500,0,quote
202.769,250,place,AC,BUY,2500,35.8700,0,quote
202.998,250,fill,RY,BUY,3000,103.3850,-326,mode=mm
203.001,250,place,CNR,BUY,1800,177.9500,2200,quote
203.001,250,place,RY,BUY,2500,103.3500,-326,quote
203.001,250,place,RY,SELL,2300,103.3800,-326,quote
203.268,250,place,AC,BUY,2500,35.8800,0,quote
203.546,250,fill,RY,SELL,2300,103.3650,-2626,mode=mm
203.550,250,place,RY,BUY,2900,103.3400,-2626,quote
203.550,250,place,RY,SELL,600,103.4000,-2626,quote
203.550,250,place,AC,BUY,300,35.8900,0,quote
203.772,250,fill,RY,SELL,600,103.3700,-3226,mode=mm
203.773,250,place,CNR,BUY,1800,177.9600,2200,quote
203.773,250,place,RY,BUY,3000,103.3600,-3226,quote
203.773,250,place,RY,SELL,1500,103.3900,-3226,quote
203.773,250,place,AC,BUY,300,35.9000,0,quote
204.101,250,fill,RY,BUY,3000,103.3750,-226,mode=mm
204.104,250,place,CNR,BUY,1800,177.9700,2200,quote
204.261,250,place,AC,BUY,1500,35.9100,0,quote
204.371,250,place,RY,BUY,300,103.3400,-226,quote
204.640,251,place,RY,BUY,2500,103.3400,-226,quote
204.640,251,place,RY,SELL,2400,103.3700,-226,quote
204.774,251,place,AC,BUY,2500,35.9300,0,quote
204.861,251,place,CNR,BUY,1800,177.9800,2200,quote
204.861,251,place,AC,BUY,500,35.9400,0,quote
205.051,251,fill,RY,SELL,2400,103.3550,-2626,mode=mm
205.052,251,stop,RY,BUY,2626,103.3900,-2626,loss=5.9t stop=5.0t trend_against=False
205.053,251,place,RY,BUY,2626,103.3900,-2626,agg
205.110,251,place,CNR,BUY,1800,177.9900,2200,quote
205.110,251,place,AC,BUY,1500,35.9500,0,quote
205.313,251,place,AC,BUY,300,35.9600,0,quote
205.359,251,fill,RY,BUY,2626,103.3550,0,mode=mm
205.400,251,place,RY,BUY,900,103.3400,0,quote
205.879,251,place,RY,BUY,1500,103.3500,0,quote
205.879,251,place,AC,BUY,300,35.9800,0,quote
206.108,251,place,CNR,BUY,1800,178.0000,2200,quote
206.361,251,place,RY,BUY,2500,103.3600,0,quote
206.361,251,place,AC,BUY,2500,35.9900,0,quote
206.852,252,place,RY,BUY,2500,103.3700,0,quote
206.852,252,place,CNR,BUY,1800,178.0100,2200,quote
206.852,252,place,AC,BUY,2500,36.0000,0,quote
207.194,252,place,CNR,BUY,300,178.0200,2200,quote
207.248,252,place,RY,BUY,900,103.3800,0,quote
207.328,252,place,AC,BUY,1500,36.0100,0,quote
207.387,252,place,RY,BUY,500,103.3900,0,quote
207.387,252,place,CNR,BUY,100,178.0200,2200,quote
207.620,252,place,CNR,BUY,1000,178.0400,2200,quote
207.620,252,place,RY,BUY,500,103.4000,0,quote
207.662,252,place,AC,BUY,2500,36.0300,0,quote
207.849,252,place,CNR,BUY,100,178.0500,2200,quote
208.093,252,place,CNR,BUY,1800,178.0500,2200,quote
208.093,252,place,RY,BUY,2500,103.4100,0,quote
208.093,252,place,AC,BUY,2500,36.0500,0,quote
208.347,252,place,RY,SELL,2500,103.5100,0,quote
208.420,252,place,RY,BUY,2500,103.4400,0,quote
208.420,252,place,RY,SELL,2500,103.5200,0,quote
208.420,252,place,CNR,BUY,1800,178.0600,2200,quote
208.559,252,regime,RY,,,,,"chop -> mixed (er=0.25, net +6t over 10s)"
208.606,252,place,RY,BUY,2500,103.4500,0,quote
208.606,252,place,RY,SELL,2500,103.5000,0,quote
208.653,252,place,AC,BUY,900,36.0600,0,quote
208.812,253,regime,RY,,,,,"mixed -> chop (er=0.19, net +5t over 10s)"
208.859,253,place,AC,BUY,1500,36.0700,0,quote
208.961,253,place,RY,BUY,900,103.4600,0,quote
209.098,253,place,AC,BUY,2500,36.0800,0,quote
209.140,253,place,RY,SELL,1500,103.4900,0,quote
209.355,253,regime,RY,,,,,"chop -> mixed (er=0.29, net +6t over 10s)"
209.355,253,place,AC,BUY,900,36.0900,0,quote
209.658,253,place,RY,BUY,2500,103.4500,0,quote
209.658,253,place,AC,BUY,1500,36.1000,0,quote
209.884,253,place,RY,BUY,2500,103.4600,0,quote
209.884,253,place,AC,BUY,2500,36.1100,0,quote
210.182,253,place,AC,BUY,2500,36.1200,0,quote
210.389,253,place,CNR,BUY,1800,178.0700,2200,quote
210.389,253,place,AC,BUY,1500,36.1300,0,quote
210.676,253,place,RY,SELL,2500,103.5000,0,quote
210.676,253,place,AC,BUY,100,36.1400,0,quote
210.921,254,place,RY,BUY,2500,103.4700,0,quote
210.964,254,place,AC,BUY,1500,36.1500,0,quote
211.156,254,place,AC,BUY,2500,36.1600,0,quote
211.454,254,fill,RY,BUY,2500,103.4850,2500,mode=mm
211.455,254,place,RY,BUY,1700,103.4600,2500,quote
211.455,254,place,CNR,BUY,100,178.0800,2200,quote
211.718,254,place,CNR,BUY,1800,178.0800,2200,quote
211.718,254,place,RY,SELL,2900,103.4900,2500,quote
211.718,254,place,AC,BUY,2500,36.1700,0,quote
211.980,254,place,AC,BUY,1500,36.1800,0,quote
212.178,254,place,AC,BUY,2500,36.1900,0,quote
212.482,254,place,RY,SELL,2900,103.5000,2500,quote
212.482,254,place,CNR,BUY,100,178.0900,2200,quote
212.512,255,place,AC,BUY,1500,36.2000,0,quote
212.736,255,place,CNR,BUY,1800,178.0900,2200,quote
212.736,255,place,RY,BUY,1700,103.4700,2500,quote
212.736,255,place,AC,BUY,500,36.2100,0,quote
213.009,255,place,AC,BUY,2500,36.2200,0,quote
213.229,255,place,CNR,BUY,1800,178.1000,2200,quote
213.229,255,place,AC,BUY,900,36.2300,0,quote
213.476,255,place,RY,BUY,1700,103.4600,2500,quote
213.703,255,place,AC,BUY,2500,36.2400,0,quote
213.765,255,fill,RY,BUY,1700,103.4800,4200,mode=mm
213.767,255,place,RY,SELL,3200,103.4900,4200,quote
213.970,255,place,CNR,BUY,1800,178.1100,2200,quote
214.252,255,place,RY,BUY,1300,103.4700,4200,quote
214.252,255,place,RY,SELL,3200,103.5000,4200,quote
214.419,255,regime,RY,,,,,"mixed -> TREND (er=0.67, net +12t over 10s)"
214.717,256,place,AC,BUY,2500,36.2500,0,quote
215.247,256,fill,RY,BUY,1300,103.4850,5500,mode=mm
215.249,256,stop,RY,SELL,5000,103.3400,5500,loss=7.7t stop=5.0t trend_against=False
215.255,256,place,RY,SELL,5000,103.3400,5500,agg
215.503,256,fill,RY,SELL,5000,103.4400,500,mode=mm
215.504,256,place,RY,SELL,2500,103.4700,500,quote
215.504,256,place,AC,BUY,2500,36.2600,0,quote
215.732,256,fill,RY,SELL,2500,103.4300,-2000,mode=mm
215.958,256,place,RY,BUY,2000,103.4300,-2000,quote
215.958,256,place,RY,SELL,1000,103.4600,-2000,quote
216.018,256,regime,RY,,,,,"TREND -> mixed (er=0.32, net +7t over 10s)"
216.018,256,place,AC,BUY,500,36.2700,0,quote
216.249,256,fill,RY,BUY,900,103.4450,-1100,mode=mm
216.249,256,place,RY,BUY,1100,103.4400,-1100,quote
216.249,256,place,RY,SELL,700,103.4800,-1100,quote
216.249,256,place,CNR,BUY,100,178.1200,2200,quote
216.249,256,place,AC,BUY,100,36.2700,0,quote
216.514,256,place,CNR,BUY,1800,178.1200,2200,quote
216.514,256,place,AC,BUY,900,36.2700,0,quote
216.756,257,place,AC,BUY,2500,36.2800,0,quote
217.055,257,place,RY,SELL,400,103.4700,-1100,quote
217.298,257,place,RY,SELL,100,103.4700,-1100,quote
217.356,257,regime,RY,,,,,"mixed -> chop (er=0.22, net +5t over 10s)"
217.552,257,place,RY,SELL,2100,103.4900,-1100,quote
217.552,257,place,AC,BUY,2500,36.2900,0,quote
217.859,257,place,RY,BUY,1100,103.4500,-1100,quote
217.859,257,place,AC,BUY,900,36.3000,0,quote
217.934,257,regime,CNR,,,,,"TREND -> mixed (er=0.88, net +7t over 10s)"
218.084,257,place,CNR,BUY,1800,178.1300,2200,quote
218.197,257,place,CNR,BUY,3600,178.1400,2200,quote
218.334,257,place,RY,BUY,1100,103.4400,-1100,quote
218.334,257,place,RY,SELL,2100,103.4700,-1100,quote
218.334,257,place,AC,BUY,900,36.3100,0,quote
218.879,258,fill,RY,SELL,2100,103.4550,-3200,mode=mm
218.881,258,place,RY,SELL,1500,103.5000,-3200,quote
218.881,258,place,AC,BUY,500,36.3200,0,quote
219.109,258,place,RY,BUY,3000,103.4500,-3200,quote
219.109,258,place,RY,SELL,100,103.4800,-3200,quote
219.157,258,place,AC,BUY,2500,36.3200,0,quote
219.345,258,place,RY,BUY,3000,103.4600,-3200,quote
219.345,258,place,RY,SELL,1500,103.4900,-3200,quote
219.345,258,place,AC,BUY,300,36.3300,0,quote
219.610,258,fill,RY,SELL,1500,103.4750,-4700,mode=mm
219.618,258,place,RY,SELL,1200,103.5100,-4700,quote
219.618,258,place,AC,BUY,2500,36.3300,0,quote
219.879,258,place,CNR,BUY,2100,178.1700,2200,quote
219.879,258,place,RY,BUY,3300,103.4700,-4700,quote
220.120,258,fill,RY,BUY,1100,103.4850,-3600,mode=mm
220.121,258,place,AC,BUY,2500,36.3400,0,quote
220.171,258,place,CNR,BUY,2100,178.1800,2200,quote
220.382,258,fill,RY,BUY,3300,103.4900,-300,mode=mm
220.384,258,place,RY,SELL,2300,103.5000,-300,quote
220.618,258,place,RY,BUY,2500,103.4600,-300,quote
220.618,258,place,CNR,BUY,2100,178.2000,2200,quote
220.618,258,place,AC,BUY,900,36.3600,0,quote
221.042,258,fill,CNR,BUY,2100,178.2050,4300,mode=mm
221.044,259,place,CNR,SELL,3000,178.2100,4300,quote
221.148,259,fill,RY,BUY,2500,103.4750,2200,mode=mm
221.415,259,place,RY,BUY,1800,103.4400,2200,quote
221.415,259,place,RY,SELL,2800,103.4800,2200,quote
221.415,259,place,CNR,BUY,2700,178.1900,4300,quote
221.639,259,fill,RY,BUY,1800,103.4600,4000,mode=mm
221.645,259,place,RY,BUY,1400,103.4300,4000,quote
221.645,259,place,RY,SELL,3200,103.4700,4000,quote
222.031,259,fill,CNR,SELL,2800,178.2050,1500,mode=mm
222.032,259,fill,RY,BUY,1400,103.4500,5400,mode=mm
222.033,259,place,RY,BUY,1100,103.3900,5400,quote
222.033,259,place,RY,SELL,3400,103.4600,5400,quote
222.193,259,fill,CNR,SELL,200,178.2050,1300,mode=mm
222.193,259,place,RY,BUY,1100,103.4000,5400,quote
222.193,259,place,RY,SELL,3400,103.4500,5400,quote
222.193,259,place,CNR,BUY,4100,178.2000,1300,quote
222.351,259,place,RY,BUY,1300,103.4100,5400,quote
222.351,259,place,RY,SELL,3000,103.4300,5400,quote
222.418,259,fill,RY,BUY,1300,103.4300,6700,mode=mm
222.419,259,regime,RY,,,,,"chop -> mixed (er=0.27, net -7t over 10s)"
223.171,260,place,RY,BUY,1900,103.4000,6700,quote
223.171,260,place,RY,SELL,5000,103.4200,6700,quote
223.171,260,place,AC,BUY,1500,36.3700,0,quote
223.409,260,fill,RY,SELL,5000,103.4150,1700,mode=mm
223.488,260,regime,RY,,,,,"mixed -> chop (er=0.24, net -6t over 10s)"
223.969,260,place,RY,BUY,3900,103.4000,1700,quote
223.969,260,place,RY,SELL,5000,103.4100,1700,quote
224.161,260,fill,RY,SELL,5000,103.4050,-3300,mode=mm
224.315,260,regime,RY,,,,,"chop -> mixed (er=0.30, net -8t over 10s)"
224.426,260,place,RY,BUY,5000,103.4100,-3300,quote
224.426,260,place,RY,SELL,3100,103.4900,-3300,quote
224.570,260,regime,RY,,,,,"mixed -> chop (er=0.11, net -3t over 10s)"
224.706,260,fill,RY,BUY,1900,103.4500,-1400,mode=mm
224.707,261,place,RY,BUY,5000,103.4400,-1400,quote
224.707,261,place,AC,BUY,2500,36.3600,0,quote
224.986,261,fill,RY,BUY,5000,103.4650,3600,mode=mm
224.988,261,place,CNR,BUY,400,178.2200,1300,quote
224.988,261,place,RY,SELL,5000,103.4400,3600,quote
225.485,261,fill,RY,SELL,4200,103.4350,-600,mode=mm
225.754,261,place,RY,BUY,5000,103.4300,-600,quote
225.754,261,place,RY,SELL,2700,103.4400,-600,quote
225.754,261,place,CNR,BUY,800,178.2300,1300,quote
226.005,261,fill,CNR,BUY,800,178.2350,2100,mode=mm
226.005,261,fill,RY,BUY,2300,103.4300,1700,mode=mm
226.006,261,place,RY,BUY,700,103.4200,1700,quote
226.255,261,fill,RY,BUY,700,103.4350,2400,mode=mm
226.979,262,place,RY,BUY,3500,103.4000,2400,quote
226.979,262,place,RY,SELL,5000,103.4100,2400,quote
227.030,262,place,CNR,BUY,700,178.2200,2100,quote
227.062,262,fill,RY,BUY,3500,103.4100,5900,mode=mm
227.277,262,place,RY,BUY,1200,103.3700,5900,quote
227.277,262,place,RY,SELL,5000,103.3900,5900,quote
227.338,262,place,CNR,BUY,700,178.2300,2100,quote
227.338,262,place,RY,BUY,100,103.3800,5900,quote
227.338,262,place,RY,SELL,5000,103.4000,5900,quote
227.527,262,regime,AC,,,,,"TREND -> mixed (er=0.78, net +7t over 10s)"
227.635,262,place,RY,SELL,3000,103.4100,5900,quote
227.662,262,fill,RY,SELL,10000,103.4050,-4100,mode=mm
228.063,262,fill,RY,SELL,3000,103.4050,-7100,mode=mm
228.291,262,place,RY,BUY,1000,103.4300,-7100,quote
228.385,262,place,RY,BUY,600,103.4600,-7100,quote
228.440,262,regime,RY,,,,,"3 stop-outs in 60s -> toxic flow: half size, no stepping inside for 30s"
228.440,262,stop,RY,BUY,5000,103.5000,-7100,loss=5.6t stop=5.0t trend_against=False
228.441,262,place,RY,BUY,5000,103.5000,-7100,agg
228.583,262,fill,RY,BUY,5600,103.4500,-1500,mode=mm
228.585,262,place,AC,BUY,1800,36.3700,0,quote
229.475,263,stop,RY,BUY,1500,103.5000,-1500,loss=5.6t stop=5.0t trend_against=False
229.475,263,place,RY,BUY,1500,103.5000,-1500,agg
229.589,263,fill,RY,BUY,1500,103.4550,0,mode=mm
229.591,263,place,RY,BUY,2500,103.4400,0,quote
229.838,263,place,RY,BUY,2500,103.4300,0,quote
230.113,263,place,RY,BUY,2500,103.4400,0,quote
230.113,263,place,CNR,BUY,3700,178.2600,2100,quote
230.411,263,fill,RY,BUY,2500,103.4700,2500,mode=mm
230.415,263,place,RY,SELL,2500,103.4900,2500,quote
230.508,263,regime,AC,,,,,"mixed -> chop (er=0.00, net +0t over 10s)"
231.039,264,fill,AC,BUY,1800,36.3750,1800,mode=mm
231.041,264,place,CNR,BUY,2200,178.2800,2100,quote
231.041,264,place,RY,BUY,100,103.4500,2500,quote
231.041,264,place,RY,SELL,2500,103.4800,2500,quote
231.106,264,place,AC,BUY,2200,36.3700,1800,quote
231.191,264,place,CNR,BUY,200,178.2900,2100,quote
231.191,264,place,RY,BUY,100,103.4500,2500,quote
231.481,264,place,CNR,BUY,2200,178.3000,2100,quote
231.481,264,place,RY,BUY,300,103.4500,2500,quote
231.718,264,fill,RY,SELL,2500,103.4650,0,mode=mm
231.721,264,fill,AC,BUY,2200,36.3750,4000,mode=mm
231.722,264,place,AC,SELL,3000,36.3800,4000,quote
231.843,264,regime,CNR,,,,,"mixed -> TREND (er=0.81, net +12t over 10s)"
231.953,264,place,AC,SELL,1000,36.3700,4000,quote
232.021,264,place,RY,BUY,2500,103.4600,0,quote
232.021,264,place,CNR,BUY,3700,178.3300,2100,quote
232.021,264,place,AC,BUY,900,36.3600,4000,quote
232.104,264,place,CNR,BUY,100,178.3200,2100,quote
232.211,264,place,CNR,BUY,100,178.3200,2100,quote
232.366,264,regime,RY,,,,,"chop -> mixed (er=0.29, net +8t over 10s)"
232.366,264,regime,AC,,,,,"chop -> mixed (er=1.00, net -2t over 10s)"
232.458,265,place,CNR,BUY,1800,178.3300,2100,quote
232.458,265,place,RY,BUY,500,103.4700,0,quote
232.560,265,place,RY,SELL,2500,103.5000,0,quote
232.733,265,fill,RY,SELL,2500,103.4850,-2500,mode=mm
232.734,265,place,RY,BUY,2900,103.4700,-2500,quote
232.992,265,place,CNR,BUY,1800,178.3400,2100,quote
233.242,265,place,RY,BUY,2900,103.4800,-2500,quote
233.242,265,place,RY,SELL,1700,103.5100,-2500,quote
233.495,265,place,RY,SELL,1700,103.5200,-2500,quote
233.766,265,place,CNR,BUY,1800,178.3500,2100,quote
233.766,265,place,RY,BUY,2900,103.4900,-2500,quote
233.986,265,place,CNR,BUY,1800,178.3700,2100,quote
233.986,265,place,RY,BUY,2900,103.4800,-2500,quote
233.986,265,place,RY,SELL,1000,103.5100,-2500,quote
234.462,265,place,CNR,BUY,1800,178.3800,2100,quote
234.462,265,place,RY,BUY,600,103.4900,-2500,quote
234.462,265,place,RY,SELL,300,103.5200,-2500,quote
234.552,266,regime,RY,,,,,"mixed -> chop (er=0.22, net +5t over 10s)"
234.774,266,place,CNR,BUY,1800,178.4100,2100,quote
234.774,266,place,RY,BUY,1000,103.4800,-2500,quote
234.774,266,place,RY,SELL,100,103.5100,-2500,quote
234.805,266,fill,RY,BUY,600,103.4950,-1900,mode=mm
235.082,266,regime,RY,,,,,"chop -> mixed (er=0.26, net +6t over 10s)"
235.083,266,place,RY,BUY,2800,103.4700,-1900,quote
235.083,266,place,RY,SELL,1900,103.5100,-1900,quote
235.083,266,place,CNR,BUY,300,178.4200,2100,quote
235.316,266,fill,RY,BUY,3800,103.4900,1900,mode=mm
235.318,266,place,CNR,BUY,1800,178.4600,2100,quote
235.318,266,place,RY,SELL,2800,103.5000,1900,quote
235.374,266,regime,RY,,,,,"mixed -> chop (er=0.23, net +5t over 10s)"
235.547,266,place,RY,BUY,300,103.3800,1900,quote
235.547,266,place,RY,SELL,2800,103.4500,1900,quote
235.786,266,place,CNR,BUY,1800,178.4700,2100,quote
235.824,266,fill,RY,SELL,2800,103.4250,-900,mode=mm
235.826,266,place,RY,BUY,2600,103.3900,-900,quote
235.826,266,place,RY,SELL,700,103.4400,-900,quote
235.874,266,place,RY,BUY,2600,103.4000,-900,quote
236.068,266,fill,RY,BUY,2600,103.4250,1700,mode=mm
236.331,266,place,RY,BUY,1900,103.3700,1700,quote
236.331,266,place,RY,SELL,2800,103.4400,1700,quote
236.331,266,place,CNR,BUY,600,178.5000,2100,quote
236.434,266,place,RY,BUY,100,103.3500,1700,quote
236.434,266,place,RY,SELL,2800,103.4200,1700,quote
236.535,266,place,RY,BUY,300,103.3500,1700,quote
236.535,266,place,RY,SELL,1600,103.4100,1700,quote
236.801,267,place,RY,SELL,900,103.3900,1700,quote
237.012,267,place,RY,BUY,600,103.3400,1700,quote
237.043,267,fill,RY,SELL,900,103.3700,800,mode=mm
237.045,267,place,RY,BUY,2200,103.3400,800,quote
237.045,267,place,RY,SELL,2600,103.4000,800,quote
237.045,267,place,CNR,BUY,600,178.5000,2100,quote
237.119,267,place,RY,BUY,200,103.3500,800,quote
237.334,267,fill,RY,SELL,2600,103.3750,-1800,mode=mm
237.334,267,place,RY,BUY,2800,103.3600,-1800,quote
237.334,267,place,RY,SELL,600,103.4200,-1800,quote
237.543,267,place,CNR,BUY,1800,178.5000,2100,quote
237.619,267,place,RY,BUY,2800,103.3700,-1800,quote
237.619,267,place,RY,SELL,1100,103.4100,-1800,quote
237.918,267,fill,RY,SELL,1100,103.3900,-2900,mode=mm
237.932,267,place,RY,BUY,3000,103.3800,-2900,quote
237.932,267,place,RY,SELL,1600,103.4200,-2900,quote
237.932,267,place,CNR,BUY,600,178.5300,2100,quote
238.114,267,fill,RY,SELL,1600,103.4000,-4500,mode=mm
238.117,267,place,RY,BUY,3300,103.3900,-4500,quote
238.117,267,place,RY,SELL,1300,103.4600,-4500,quote
238.117,267,place,CNR,BUY,1000,178.5300,2100,quote
238.457,267,fill,RY,SELL,1300,103.4200,-5800,mode=mm
238.459,267,stop,RY,BUY,5000,103.4800,-5800,loss=7.9t stop=5.0t trend_against=False
238.460,267,place,RY,BUY,5000,103.4800,-5800,agg
238.626,267,fill,RY,BUY,6900,103.4350,1100,mode=mm
239.121,268,place,RY,BUY,2100,103.4600,1100,quote
239.121,268,place,RY,SELL,1100,103.5400,1100,quote
239.121,268,place,CNR,BUY,1000,178.5700,2100,quote
239.165,268,place,RY,SELL,1100,103.5300,1100,quote
239.376,268,fill,RY,BUY,2100,103.4900,3200,mode=mm
239.377,268,place,RY,BUY,1500,103.4700,3200,quote
239.377,268,place,RY,SELL,3000,103.5200,3200,quote
239.703,268,place,CNR,BUY,1800,178.6100,2100,quote
239.703,268,place,RY,SELL,3000,103.5100,3200,quote
239.773,268,place,RY,SELL,3000,103.5000,3200,quote
239.888,268,fill,RY,BUY,1500,103.4850,4700,mode=mm
239.894,268,place,CNR,BUY,1000,178.6200,2100,quote
240.671,268,place,RY,SELL,3300,103.4900,4700,quote
240.923,269,place,RY,BUY,1200,103.4400,4700,quote
240.923,269,place,CNR,BUY,1000,178.6700,2100,quote
241.012,269,fill,RY,SELL,3300,103.4700,1400,mode=mm
241.015,269,place,RY,BUY,2000,103.4500,1400,quote
241.015,269,place,RY,SELL,1400,103.4800,1400,quote
241.205,269,fill,CNR,BUY,1000,178.6850,3100,mode=mm
241.206,269,place,CNR,SELL,3000,178.7100,3100,quote
241.446,269,fill,RY,SELL,1400,103.4650,0,mode=mm
241.453,269,place,CNR,SELL,3000,178.7200,3100,quote
241.576,269,place,CNR,SELL,3000,178.7100,3100,quote
241.705,269,place,CNR,BUY,1600,178.6800,3100,quote
241.733,269,place,RY,BUY,2500,103.4600,0,quote
241.814,269,place,CNR,SELL,3000,178.7100,3100,quote
241.989,269,place,CNR,BUY,1600,178.6900,3100,quote
241.989,269,place,CNR,SELL,1800,178.7300,3100,quote
242.109,269,place,CNR,SELL,1800,178.7200,3100,quote
242.223,269,place,RY,SELL,1500,103.5200,0,quote
242.301,269,regime,AC,,,,,"mixed -> chop (er=0.00, net +0t over 10s)"
242.443,269,place,RY,BUY,1500,103.4900,0,quote
242.738,269,fill,CNR,SELL,1100,178.7050,2000,mode=mm
242.967,270,place,CNR,BUY,1800,178.7000,2000,quote
243.209,270,place,CNR,BUY,1800,178.7100,2000,quote
243.490,270,fill,RY,BUY,1500,103.5050,1500,mode=mm
243.492,270,place,RY,BUY,2000,103.4800,1500,quote
243.492,270,place,CNR,BUY,1800,178.7300,2000,quote
243.717,270,fill,RY,BUY,2000,103.5000,3500,mode=mm
243.719,270,place,RY,BUY,1500,103.4900,3500,quote
243.986,270,fill,RY,BUY,1500,103.5050,5000,mode=mm
244.475,270,place,CNR,BUY,1800,178.7400,2000,quote
244.924,270,place,RY,BUY,1200,103.4700,5000,quote
244.924,270,place,CNR,BUY,1800,178.7600,2000,quote
245.108,271,place,RY,BUY,1200,103.4600,5000,quote
245.108,271,place,RY,SELL,3300,103.5100,5000,quote
245.108,271,place,CNR,BUY,600,178.7700,2000,quote
245.284,271,place,CNR,BUY,300,178.7700,2000,quote
245.284,271,place,RY,SELL,3300,103.4900,5000,quote
245.642,271,place,CNR,BUY,1800,178.7900,2000,quote
246.053,271,place,RY,BUY,1200,103.4200,5000,quote
246.053,271,place,CNR,BUY,600,178.8000,2000,quote
246.236,271,regime,RY,,,,,"chop -> mixed (er=0.27, net +7t over 10s)"
246.319,271,place,CNR,BUY,1800,178.8000,2000,quote
246.319,271,place,RY,BUY,1200,103.4300,5000,quote
246.319,271,place,RY,SELL,3300,103.4700,5000,quote
246.468,271,place,RY,BUY,1200,103.4200,5000,quote
246.535,271,regime,RY,,,,,"mixed -> chop (er=0.25, net +6t over 10s)"
246.563,272,place,RY,BUY,1200,103.4400,5000,quote
246.563,272,place,RY,SELL,3300,103.4800,5000,quote
246.822,272,fill,RY,SELL,6600,103.4650,-1600,mode=mm
246.824,272,regime,RY,,,,,"chop -> mixed (er=0.44, net +13t over 10s)"
246.824,272,place,RY,BUY,2700,103.4900,-1600,quote
246.824,272,place,RY,SELL,1100,103.5200,-1600,quote
247.082,272,fill,CNR,BUY,1800,178.8200,3800,mode=mm
247.084,272,place,CNR,BUY,400,178.7900,3800,quote
247.084,272,place,CNR,SELL,3100,178.8400,3800,quote
247.318,272,place,CNR,SELL,3100,178.8300,3800,quote
247.450,272,place,RY,SELL,1900,103.5300,-1600,quote
247.450,272,place,CNR,BUY,1400,178.8000,3800,quote
247.586,272,place,RY,BUY,2700,103.5000,-1600,quote
247.851,272,fill,CNR,SELL,200,178.8150,3600,mode=mm
247.851,272,place,CNR,SELL,3100,178.8500,3600,quote
248.121,272,place,CNR,BUY,1400,178.7900,3600,quote
248.121,272,place,CNR,SELL,3100,178.8300,3600,quote
248.428,272,place,CNR,BUY,1400,178.8000,3600,quote
248.428,272,place,CNR,SELL,1800,178.8400,3600,quote
248.479,272,place,CNR,BUY,1400,178.7900,3600,quote
248.479,272,place,CNR,SELL,600,178.8300,3600,quote
248.637,273,place,CNR,SELL,3100,178.8500,3600,quote
248.747,273,regime,RY,,,,,"mixed -> chop (er=0.23, net +5t over 10s)"
248.904,273,fill,CNR,SELL,2400,178.8250,1200,mode=mm
249.134,273,place,CNR,BUY,2100,178.8200,1200,quote
249.471,273,fill,RY,BUY,2700,103.5150,1100,mode=mm
249.472,273,place,RY,BUY,2100,103.5000,1100,quote
250.393,273,place,RY,BUY,2100,103.4900,1100,quote
250.470,273,place,RY,SELL,2600,103.5200,1100,quote
250.965,274,fill,RY,BUY,2100,103.5050,3200,mode=mm
250.968,274,place,RY,BUY,1500,103.4900,3200,quote
250.968,274,place,RY,SELL,3000,103.5300,3200,quote
250.968,274,place,CNR,BUY,2100,178.8300,1200,quote
251.183,274,fill,RY,BUY,1500,103.5100,4700,mode=mm
251.185,274,stop,RY,SELL,4700,103.4800,4700,loss=6.2t stop=5.0t trend_against=False
251.187,274,place,RY,SELL,4700,103.4800,4700,agg
251.187,274,place,CNR,BUY,2100,178.8400,1200,quote
251.410,274,fill,RY,SELL,4700,103.5150,0,mode=mm
251.629,274,place,RY,SELL,900,103.5300,0,quote
251.700,274,place,RY,SELL,500,103.5400,0,quote
252.236,274,place,RY,SELL,2500,103.5400,0,quote
253.469,275,place,RY,SELL,2500,103.5300,0,quote
253.724,275,place,RY,SELL,2500,103.5200,0,quote
254.358,275,place,RY,BUY,2500,103.4900,0,quote
254.462,275,fill,RY,SELL,2100,103.5050,-2100,mode=mm
254.465,275,place,RY,BUY,2800,103.4800,-2100,quote
254.465,275,place,RY,SELL,1800,103.5300,-2100,quote
254.752,275,place,RY,BUY,2800,103.4900,-2100,quote
254.752,275,place,RY,SELL,1800,103.5200,-2100,quote
254.815,276,regime,CNR,,,,,"TREND -> mixed (er=0.60, net +6t over 10s)"
255.555,276,fill,RY,SELL,1800,103.5050,-3900,mode=mm
255.557,276,place,RY,SELL,1400,103.5400,-3900,quote
255.621,276,regime,RY,,,,,"chop -> mixed (er=0.27, net +4t over 10s)"
255.797,276,place,RY,BUY,3100,103.5000,-3900,quote
255.797,276,place,RY,SELL,1400,103.5300,-3900,quote
256.331,276,fill,RY,BUY,3100,103.5150,-800,mode=mm
256.342,276,place,RY,BUY,2600,103.4800,-800,quote
256.479,276,place,CNR,BUY,2100,178.8500,1200,quote
256.479,276,place,RY,SELL,2200,103.5200,-800,quote
256.578,276,place,RY,BUY,2600,103.4900,-800,quote
256.578,276,place,RY,SELL,2200,103.5400,-800,quote
256.578,276,place,CNR,BUY,2100,178.8600,1200,quote
256.658,276,regime,RY,,,,,"mixed -> chop (er=0.11, net +1t over 10s)"
256.848,276,fill,RY,BUY,2600,103.5150,1800,mode=mm
257.125,277,place,RY,SELL,2800,103.5200,1800,quote
257.368,277,place,RY,SELL,2800,103.5300,1800,quote
257.402,277,fill,RY,SELL,1102,103.5100,698,mode=mm
257.405,277,place,CNR,BUY,700,178.8700,1200,quote
257.607,277,fill,RY,SELL,1698,103.5100,-1000,mode=mm
257.608,277,place,CNR,BUY,2100,178.8700,1200,quote
257.608,277,place,RY,BUY,2600,103.5000,-1000,quote
257.855,277,fill,RY,SELL,2800,103.5150,-3800,mode=mm
257.857,277,place,RY,SELL,1400,103.5300,-3800,quote
258.117,277,fill,RY,SELL,1000,103.5150,-4800,mode=mm
258.129,277,place,RY,SELL,1200,103.5600,-4800,quote
258.401,277,place,RY,BUY,3300,103.5100,-4800,quote
258.401,277,place,RY,SELL,100,103.5500,-4800,quote
258.450,277,place,RY,BUY,5000,103.5200,-4800,quote
258.495,277,place,RY,BUY,3000,103.5300,-4800,quote
258.630,277,fill,RY,BUY,3000,103.5300,-1800,mode=mm
258.633,277,place,RY,SELL,3800,103.5400,-1800,quote
258.633,277,place,CNR,BUY,400,178.8900,1200,quote
258.951,277,fill,CNR,BUY,400,178.9050,1600,mode=mm
258.954,277,place,RY,BUY,300,103.5200,-1800,quote
258.954,277,place,RY,SELL,3800,103.5300,-1800,quote
259.156,278,fill,RY,SELL,1100,103.5250,-2900,mode=mm
259.653,278,place,RY,BUY,5000,103.5100,-2900,quote
259.932,278,fill,RY,BUY,2600,103.5150,-300,mode=mm
259.934,278,place,RY,BUY,5000,103.4900,-300,quote
259.934,278,place,RY,SELL,4700,103.5100,-300,quote
260.193,278,place,RY,SELL,2800,103.5000,-300,quote
260.228,278,fill,RY,BUY,300,103.4950,0,mode=mm
260.229,278,place,CNR,BUY,1900,178.8900,1600,quote
260.974,279,place,RY,BUY,1800,103.4800,0,quote
260.974,279,place,RY,SELL,5000,103.4900,0,quote
261.200,279,fill,RY,SELL,1000,103.4850,-1000,mode=mm
261.436,279,regime,RY,,,,,"chop -> mixed (er=0.29, net -5t over 10s)"
261.437,279,place,RY,BUY,3000,103.4700,-1000,quote
261.437,279,place,RY,SELL,1500,103.4800,-1000,quote
261.715,279,fill,RY,SELL,3500,103.4700,-4500,mode=mm
261.717,279,regime,RY,,,,,"mixed -> chop (er=0.21, net -4t over 10s)"
262.224,279,place,RY,BUY,5000,103.4900,-4500,quote
262.224,279,place,RY,SELL,1500,103.5100,-4500,quote
262.507,279,fill,RY,BUY,3500,103.4900,-1000,mode=mm
262.511,279,place,RY,SELL,4300,103.5000,-1000,quote
262.782,280,fill,RY,SELL,4300,103.4900,-5300,mode=mm
262.788,280,place,RY,BUY,5000,103.4800,-5300,quote
263.012,280,fill,RY,BUY,5000,103.4850,-300,mode=mm
263.015,280,place,RY,SELL,4700,103.4900,-300,quote
263.321,280,place,CNR,BUY,2300,178.8900,1600,quote
263.541,280,fill,CNR,BUY,2000,178.8950,3600,mode=mm
263.543,280,place,CNR,SELL,3000,178.8900,3600,quote
263.582,280,place,CNR,BUY,600,178.8800,3600,quote
263.806,280,fill,RY,SELL,4700,103.4800,-5000,mode=mm
264.059,280,fill,CNR,SELL,3000,178.8900,600,mode=mm
264.061,280,place,RY,BUY,5000,103.4600,-5000,quote
264.061,280,place,RY,SELL,200,103.4800,-5000,quote
264.359,280,fill,RY,BUY,5000,103.4650,0,mode=mm
264.363,280,place,CNR,BUY,500,178.8600,600,quote
264.363,280,place,RY,SELL,3000,103.4700,0,quote
264.540,280,regime,CNR,,,,,"mixed -> chop (er=0.08, net -1t over 10s)"
264.540,280,place,CNR,BUY,100,178.8100,600,quote
264.564,280,fill,CNR,BUY,500,178.8450,1100,mode=mm
264.825,281,fill,CNR,BUY,100,178.8650,1200,mode=mm
264.825,281,fill,RY,SELL,3000,103.4650,-3000,mode=mm
264.826,281,regime,CNR,,,,,"chop -> mixed (er=0.27, net -4t over 10s)"
264.827,281,regime,RY,,,,,"3 stop-outs in 60s -> toxic flow: half size, no stepping inside for 30s"
264.827,281,stop,RY,BUY,3000,103.5000,-3000,loss=7.0t stop=5.0t trend_against=False
264.833,281,place,RY,BUY,3000,103.5000,-3000,agg
264.833,281,place,CNR,BUY,4200,178.7800,1200,quote
264.889,281,place,CNR,BUY,1500,178.7900,1200,quote
265.065,281,fill,RY,BUY,3000,103.4650,0,mode=mm
265.440,281,place,CNR,BUY,2500,178.7800,1200,quote
265.596,281,fill,CNR,BUY,2500,178.8000,3700,mode=mm
265.598,281,place,CNR,SELL,3000,178.8100,3700,quote
265.896,281,place,CNR,SELL,600,178.8000,3700,quote
266.122,281,fill,CNR,SELL,600,178.7950,3100,mode=mm
266.327,281,fill,CNR,SELL,600,178.7850,2500,mode=mm
266.327,281,place,CNR,BUY,3400,178.7900,2500,quote
266.327,281,place,RY,BUY,500,103.5300,0,quote
266.563,281,fill,CNR,BUY,3400,178.7950,5900,mode=mm
266.565,281,place,CNR,SELL,1800,178.7900,5900,quote
266.644,281,place,CNR,BUY,2100,178.7700,5900,quote
266.644,281,place,RY,BUY,900,103.5300,0,quote
267.127,282,fill,CNR,BUY,2100,178.7850,8000,mode=mm
267.128,282,fill,RY,BUY,900,103.5450,900,mode=mm
267.128,282,place,CNR,SELL,5000,178.7700,8000,quote
267.128,282,place,RY,SELL,900,103.5600,900,quote
267.226,282,regime,CNR,,,,,"mixed -> TREND (er=0.60, net -12t over 10s)"
267.355,282,place,CNR,SELL,1000,178.7500,8000,quote
267.392,282,place,RY,BUY,700,103.4600,900,quote
267.392,282,place,RY,SELL,900,103.5300,900,quote
267.392,282,place,CNR,BUY,100,178.7300,8000,quote
267.467,282,place,RY,BUY,100,103.4700,900,quote
267.492,282,place,CNR,SELL,3900,178.7700,8000,quote
267.611,282,fill,CNR,SELL,2000,178.7550,6000,mode=mm
267.613,282,stop,CNR,SELL,5000,178.6600,6000,loss=7.2t stop=5.0t trend_against=False
267.615,282,place,CNR,SELL,5000,178.6600,6000,agg
267.615,282,place,RY,BUY,1200,103.4800,900,quote
267.615,282,place,RY,SELL,900,103.5200,900,quote
267.882,282,place,RY,SELL,900,103.5100,900,quote
267.917,282,fill,CNR,SELL,5000,178.7350,1000,mode=mm
268.146,282,fill,RY,BUY,300,103.4950,1200,mode=mm
268.147,282,place,RY,BUY,200,103.4700,1200,quote
268.419,282,place,RY,BUY,1200,103.4700,1200,quote
268.455,282,place,RY,SELL,2700,103.5000,1200,quote
268.509,282,fill,RY,SELL,2700,103.4850,-1500,mode=mm
268.613,282,place,RY,BUY,2700,103.5000,-1500,quote
268.613,282,place,RY,SELL,2000,103.5300,-1500,quote
268.647,282,stop,CNR,SELL,1000,178.5800,1000,loss=13.2t stop=5.0t trend_against=True
268.648,282,place,CNR,SELL,1000,178.5800,1000,agg
269.051,283,fill,CNR,SELL,1000,178.6500,0,mode=mm
269.051,283,fill,RY,SELL,2000,103.5150,-3500,mode=mm
269.077,283,place,CNR,SELL,1500,178.6600,0,quote
269.077,283,place,RY,BUY,3100,103.5100,-3500,quote
269.077,283,place,RY,SELL,500,103.5400,-3500,quote
269.155,283,place,CNR,SELL,900,178.6500,0,quote
269.155,283,place,RY,SELL,100,103.5400,-3500,quote
269.412,283,fill,RY,SELL,100,103.5250,-3600,mode=mm
269.672,283,place,RY,BUY,3100,103.5300,-3600,quote
269.924,283,regime,AC,,,,,"chop -> mixed (er=1.00, net +1t over 10s)"
269.925,283,place,AC,SELL,5000,36.3800,4000,quote
270.101,283,place,CNR,SELL,900,178.6500,0,quote
270.101,283,place,RY,SELL,100,103.5600,-3600,quote
270.214,283,place,RY,SELL,1400,103.5600,-3600,quote
270.214,283,place,AC,BUY,2800,36.3700,4000,quote
270.454,283,fill,AC,SELL,5000,36.3750,-1000,mode=mm
270.460,283,place,CNR,SELL,2500,178.6600,0,quote
270.605,283,fill,CNR,SELL,900,178.6450,-900,mode=mm
270.607,283,regime,CNR,,,,,"3 stop-outs in 60s -> toxic flow: half size, no stepping inside for 30s"
270.607,283,stop,CNR,BUY,900,178.7700,-900,loss=8.0t stop=5.0t trend_against=False
270.611,283,place,CNR,BUY,900,178.7700,-900,agg
270.721,283,fill,CNR,SELL,1600,178.6900,-2500,mode=mm
270.724,283,place,CNR,BUY,1600,178.7600,-2500,agg
270.944,284,place,RY,BUY,3100,103.5400,-3600,quote
270.944,284,place,RY,SELL,400,103.5700,-3600,quote
271.009,284,fill,CNR,BUY,1600,178.6900,-900,mode=mm
271.011,284,regime,RY,,,,,"chop -> mixed (er=0.27, net +7t over 10s)"
271.240,284,fill,RY,BUY,2469,103.5550,-1131,mode=mm
271.241,284,place,RY,BUY,2700,103.5400,-1131,quote
271.241,284,place,RY,SELL,2100,103.5700,-1131,quote
271.496,284,place,AC,BUY,5000,36.4100,-1000,quote
271.496,284,place,AC,SELL,4300,36.4200,-1000,quote
271.520,284,place,RY,BUY,2700,103.5300,-1131,quote
271.520,284,place,RY,SELL,2100,103.5600,-1131,quote
271.733,284,fill,AC,SELL,1700,36.4100,-2700,mode=mm
271.734,284,place,RY,BUY,1600,103.5400,-1131,quote
271.734,284,place,RY,SELL,2100,103.5700,-1131,quote
271.734,284,place,AC,BUY,5000,36.4200,-2700,quote
271.734,284,place,AC,SELL,600,36.4400,-2700,quote
271.783,284,place,CNR,BUY,900,178.9000,-900,quote
271.810,284,regime,CNR,,,,,"TREND -> chop (er=0.02, net +1t over 10s)"
272.002,284,stop,CNR,BUY,900,179.0100,-900,loss=26.0t stop=11.1t trend_against=False
272.003,284,place,CNR,BUY,900,179.0100,-900,agg
272.003,284,place,AC,SELL,1900,36.4400,-2700,quote
272.304,284,fill,CNR,BUY,900,178.9350,0,mode=mm
272.307,284,place,CNR,BUY,300,178.9200,0,quote
272.307,284,place,AC,BUY,1800,36.4300,-2700,quote
272.307,284,place,AC,SELL,100,36.4500,-2700,quote
272.621,284,place,CNR,BUY,1500,178.9300,0,quote
272.779,284,fill,RY,BUY,1600,103.5550,469,mode=mm
272.780,284,place,CNR,BUY,2500,178.9400,0,quote
272.780,284,place,RY,BUY,200,103.5400,469,quote
273.056,285,fill,RY,BUY,200,103.5550,669,mode=mm
273.058,285,place,RY,BUY,2200,103.5200,669,quote
273.058,285,place,AC,BUY,5000,36.4400,-2700,quote
273.058,285,place,AC,SELL,300,36.4500,-2700,quote
273.129,285,regime,RY,,,,,"mixed -> chop (er=0.24, net +6t over 10s)"
273.170,285,place,CNR,BUY,900,178.9500,0,quote
273.298,285,fill,RY,BUY,270,103.5450,939,mode=mm
273.299,285,place,RY,SELL,2600,103.5500,939,quote
273.299,285,place,AC,SELL,1100,36.4500,-2700,quote
273.567,285,fill,RY,SELL,670,103.5350,269,mode=mm
273.567,285,fill,AC,SELL,1100,36.4450,-3800,mode=mm
273.575,285,place,CNR,BUY,2500,178.9600,0,quote
273.575,285,place,RY,BUY,400,103.5300,269,quote
273.575,285,place,RY,SELL,500,103.5600,269,quote
273.821,285,place,CNR,BUY,500,178.9700,0,quote
273.821,285,place,RY,BUY,1400,103.5300,269,quote
273.909,285,regime,RY,,,,,"chop -> mixed (er=0.32, net +8t over 10s)"
274.054,285,fill,RY,SELL,500,103.5450,-231,mode=mm
274.132,285,place,CNR,BUY,2500,178.9700,0,quote
274.132,285,place,RY,SELL,2400,103.5600,-231,quote
274.333,285,fill,RY,SELL,2400,103.5450,-2631,mode=mm
274.334,285,place,RY,SELL,300,103.5800,-2631,quote
274.334,285,place,CNR,BUY,100,178.9800,0,quote
274.396,285,place,RY,BUY,2900,103.5400,-2631,quote
274.563,285,place,CNR,BUY,2500,178.9800,0,quote
274.563,285,place,RY,BUY,2900,103.5500,-2631,quote
274.563,285,place,RY,SELL,600,103.5800,-2631,quote
274.701,285,regime,CNR,,,,,"chop -> mixed (er=0.29, net +18t over 10s)"
274.893,285,place,CNR,BUY,300,178.9900,0,quote
275.160,286,place,RY,BUY,2900,103.5400,-2631,quote
275.160,286,place,CNR,BUY,2500,178.9900,0,quote
275.220,286,regime,RY,,,,,"mixed -> chop (er=0.23, net +6t over 10s)"
275.332,286,place,RY,SELL,1700,103.5700,-2631,quote
275.627,286,place,CNR,BUY,2500,179.0100,0,quote
275.627,286,place,AC,BUY,5000,36.4800,-3800,quote
275.627,286,place,AC,SELL,100,36.4900,-3800,quote
275.743,286,regime,AC,,,,,"mixed -> TREND (er=1.00, net +12t over 10s)"
275.863,286,fill,AC,SELL,100,36.4850,-3900,mode=mm
275.865,286,stop,AC,BUY,3900,36.5400,-3900,loss=7.0t stop=5.0t trend_against=False
275.866,286,place,AC,BUY,3900,36.5400,-3900,agg
275.866,286,place,RY,BUY,2900,103.5500,-2631,quote
275.866,286,place,RY,SELL,300,103.5800,-2631,quote
276.118,286,fill,AC,BUY,3900,36.4950,0,mode=mm
276.121,286,place,CNR,BUY,900,179.0200,0,quote
276.121,286,place,RY,SELL,300,103.5800,-2631,quote
276.121,286,place,AC,BUY,100,36.4800,0,quote
276.359,286,place,RY,SELL,300,103.5800,-2631,quote
276.359,286,place,AC,BUY,100,36.4900,0,quote
276.623,286,fill,RY,BUY,2900,103.5650,269,mode=mm
276.626,286,place,RY,BUY,1400,103.5400,269,quote
276.626,286,place,RY,SELL,2500,103.5800,269,quote
276.626,286,place,CNR,BUY,300,179.0400,0,quote
276.626,286,place,AC,BUY,100,36.4900,0,quote
276.911,286,fill,RY,BUY,1400,103.5600,1669,mode=mm
276.912,286,place,CNR,BUY,900,179.0400,0,quote
276.912,286,place,RY,SELL,2700,103.5700,1669,quote
276.912,286,place,AC,BUY,500,36.4900,0,quote
277.124,287,place,CNR,BUY,2500,179.0500,0,quote
277.124,287,place,RY,BUY,1900,103.5500,1669,quote
277.124,287,place,RY,SELL,2700,103.5800,1669,quote
277.124,287,place,AC,BUY,2500,36.5000,0,quote
277.247,287,regime,CNR,,,,,"mixed -> TREND (er=0.51, net +31t over 10s)"
277.247,287,regime,RY,,,,,"chop -> mixed (er=0.35, net +6t over 10s)"
277.450,287,place,CNR,BUY,2500,179.0600,0,quote
277.697,287,place,CNR,BUY,2500,179.0700,0,quote
277.925,287,place,CNR,BUY,900,179.0800,0,quote
277.925,287,place,AC,BUY,300,36.5100,0,quote
277.961,287,fill,RY,BUY,1900,103.5600,3569,mode=mm
278.357,287,place,RY,BUY,900,103.5500,3569,quote
278.357,287,place,AC,BUY,300,36.5100,0,quote
278.408,287,fill,RY,BUY,900,103.5650,4469,mode=mm
278.408,287,stop,RY,SELL,4469,103.4400,4469,loss=5.2t stop=5.0t trend_against=False
278.409,287,place,RY,SELL,4469,103.4400,4469,agg
278.508,287,place,CNR,BUY,2500,179.0900,0,quote
278.508,287,place,AC,BUY,500,36.5200,0,quote
278.612,287,fill,RY,SELL,4469,103.5150,0,mode=mm
278.619,288,regime,RY,,,,,"mixed -> chop (er=0.02, net -1t over 10s)"
278.619,288,place,RY,SELL,1500,103.5300,0,quote
278.707,288,place,AC,BUY,2500,36.5200,0,quote
278.975,288,fill,RY,SELL,1500,103.5100,-1500,mode=mm
278.976,288,place,RY,BUY,1500,103.5100,-1500,quote
278.976,288,place,RY,SELL,2000,103.5400,-1500,quote
278.976,288,place,AC,BUY,1500,36.5300,0,quote
279.281,288,place,CNR,BUY,2500,179.1000,0,quote
279.494,288,fill,RY,SELL,500,103.5250,-2000,mode=mm
279.617,288,place,RY,BUY,2000,103.4800,-2000,quote
279.617,288,place,RY,SELL,1800,103.5400,-2000,quote
279.617,288,place,CNR,BUY,1500,179.1100,0,quote
279.705,288,place,RY,BUY,2000,103.5200,-2000,quote
279.705,288,place,RY,SELL,300,103.5500,-2000,quote
279.705,288,place,AC,BUY,100,36.5400,0,quote
279.945,288,place,RY,BUY,2000,103.5300,-2000,quote
279.985,288,place,CNR,BUY,1500,179.1200,0,quote
279.985,288,place,RY,SELL,300,103.5600,-2000,quote
279.985,288,place,AC,BUY,100,36.5500,0,quote
280.201,288,place,RY,SELL,1800,103.5600,-2000,quote
280.201,288,place,AC,BUY,500,36.5500,0,quote
280.454,288,place,RY,BUY,2000,103.5200,-2000,quote
280.454,288,place,RY,SELL,1800,103.5700,-2000,quote
280.454,288,place,AC,BUY,2500,36.5600,0,quote
280.566,288,place,CNR,BUY,500,179.1300,0,quote
280.566,288,place,RY,BUY,2000,103.5300,-2000,quote
280.683,289,place,RY,SELL,1800,103.5600,-2000,quote
280.768,289,place,CNR,BUY,500,179.1400,0,quote
280.959,289,place,CNR,BUY,2500,179.1500,0,quote
280.959,289,place,RY,BUY,2000,103.5400,-2000,quote
280.959,289,place,RY,SELL,1000,103.5700,-2000,quote
281.032,289,place,AC,BUY,2500,36.5700,0,quote
281.229,289,place,CNR,BUY,2500,179.1600,0,quote
281.229,289,place,RY,BUY,2000,103.5500,-2000,quote
281.229,289,place,RY,SELL,1000,103.5800,-2000,quote
281.519,289,place,AC,BUY,500,36.5800,0,quote
281.729,289,place,RY,BUY,2800,103.5400,-2000,quote
281.729,289,place,CNR,BUY,900,179.1700,0,quote
281.729,289,place,AC,BUY,500,36.5800,0,quote
282.016,289,place,RY,SELL,1800,103.5700,-2000,quote
282.016,289,place,AC,BUY,2500,36.5900,0,quote
282.232,289,fill,RY,SELL,1800,103.5550,-3800,mode=mm
282.233,289,place,CNR,BUY,2500,179.1800,0,quote
282.233,289,place,RY,BUY,3100,103.5600,-3800,quote
282.233,289,place,RY,SELL,800,103.5900,-3800,quote
282.573,289,place,AC,BUY,2500,36.6000,0,quote
282.761,290,fill,RY,BUY,3100,103.5750,-700,mode=mm
282.764,290,place,RY,BUY,2600,103.5500,-700,quote
282.764,290,place,CNR,BUY,1500,179.1900,0,quote
283.070,290,fill,RY,BUY,2600,103.5700,1900,mode=mm
283.072,290,place,RY,BUY,1900,103.5300,1900,quote
283.072,290,place,RY,SELL,2800,103.5800,1900,quote
283.072,290,place,CNR,BUY,500,179.2000,0,quote
283.328,290,place,CNR,BUY,500,179.2000,0,quote
283.536,290,place,CNR,BUY,2500,179.2000,0,quote
283.536,290,place,RY,BUY,1100,103.5600,1900,quote
283.536,290,place,RY,SELL,2800,103.5900,1900,quote
284.032,290,fill,RY,BUY,1100,103.5750,3000,mode=mm
284.035,290,place,RY,BUY,1600,103.5400,3000,quote
284.305,290,place,RY,SELL,3000,103.5800,3000,quote
284.305,290,place,CNR,BUY,2500,179.2100,0,quote
284.659,290,place,RY,BUY,1600,103.5500,3000,quote
284.659,290,place,RY,SELL,3000,103.5900,3000,quote
285.890,291,place,RY,SELL,3000,103.5800,3000,quote
286.641,291,fill,RY,SELL,3000,103.5650,0,mode=mm
288.042,292,regime,CNR,,,,,"TREND -> chop (er=0.06, net +3t over 10s)"
289.117,293,regime,AC,,,,,"TREND -> chop (er=0.17, net +2t over 10s)"
289.643,293,regime,AC,,,,,"chop -> mixed (er=0.40, net -9t over 10s)"
289.897,293,regime,AC,,,,,"mixed -> TREND (er=0.57, net -13t over 10s)"
290.283,293,regime,CNR,,,,,"chop -> mixed (er=0.28, net -36t over 10s)"
293.784,295,regime,CNR,,,,,"mixed -> chop (er=0.25, net -43t over 10s)"
294.807,295,regime,CNR,,,,,"chop -> mixed (er=0.35, net -69t over 10s)"
295.602,296,regime,CNR,,,,,"mixed -> chop (er=0.04, net +9t over 10s)"
300.221,298,regime,AC,,,,,"TREND -> chop (er=0.04, net +2t over 10s)"
301.022,299,regime,AC,,,,,"chop -> mixed (er=0.27, net +10t over 10s)"
301.757,299,regime,AC,,,,,"mixed -> chop (er=0.01, net +0t over 10s)"
638.866,0,end,,,,,,"pnl -484.33 pos {'CNR': 0, 'RY': 0, 'AC': 0}"
