t,case_tick,sec_left,pnl,nlv,gross,net,CNR_bid,CNR_ask,CNR_fair,CNR_gap,CNR_vol,CNR_er,CNR_regime,CNR_bbz,CNR_vstate,CNR_tslow,CNR_pos,CNR_mode,CNR_pnl,RY_bid,RY_ask,RY_fair,RY_gap,RY_vol,RY_er,RY_regime,RY_bbz,RY_vstate,RY_tslow,RY_pos,RY_mode,RY_pnl,AC_bid,AC_ask,AC_fair,AC_gap,AC_vol,AC_er,AC_regime,AC_bbz,AC_vstate,AC_tslow,AC_pos,AC_mode,AC_pnl
27.742,1,299.0,0.00,0.00,0,0,158.93,159.0,158.9650,0.00,1.00,0.00,warmup,0.00,normal,0.00,0,mm,0.00,100.98,101.03,101.0050,0.00,1.00,0.00,warmup,0.00,normal,0.00,0,mm,0.00,25.98,26.0,25.9900,0.00,1.00,0.00,warmup,0.00,normal,0.00,0,mm,0.00
27.963,1,299.0,0.00,0.00,0,0,158.94,158.99,158.9650,0.00,1.00,0.00,warmup,0.00,normal,0.00,0,mm,0.00,100.99,101.04,101.0060,0.16,1.00,0.00,warmup,0.00,normal,0.00,0,mm,0.00,25.98,25.99,25.9895,-0.08,1.00,0.00,warmup,0.00,normal,0.00,0,mm,0.00
28.122,2,298.0,0.00,0.00,0,0,158.95,158.99,158.9654,0.06,1.00,0.00,warmup,0.00,normal,0.00,0,mm,0.00,100.94,101.0,101.0034,-0.29,1.00,0.00,warmup,0.00,normal,0.00,0,mm,0.00,25.98,25.99,25.9892,-0.13,1.00,0.00,warmup,0.00,normal,0.00,0,mm,0.00
28.178,2,298.0,0.00,0.00,0,0,158.96,158.98,158.9655,0.08,1.00,0.00,warmup,0.00,normal,0.00,0,mm,0.00,100.94,100.95,101.0019,-0.53,1.00,0.00,warmup,0.00,normal,0.00,0,mm,0.00,25.98,25.99,25.9891,-0.14,1.00,0.00,warmup,0.00,normal,0.00,0,mm,0.00
28.194,2,298.0,0.00,0.00,0,0,158.96,158.98,158.9655,0.08,1.00,0.00,warmup,0.00,normal,0.00,0,mm,0.00,100.94,100.95,101.0014,-0.60,1.00,0.00,warmup,0.00,normal,0.00,0,mm,0.00,25.98,25.99,25.9890,-0.14,1.00,0.00,warmup,0.00,normal,0.00,0,mm,0.00
28.218,2,298.0,0.00,0.00,0,0,158.96,158.98,158.9656,0.09,1.00,0.00,warmup,0.00,normal,0.00,0,mm,0.00,100.94,100.95,101.0008,-0.71,1.00,0.00,warmup,0.00,normal,0.00,0,mm,0.00,25.98,25.99,25.9890,-0.15,1.00,0.00,warmup,0.00,normal,0.00,0,mm,0.00
28.243,2,298.0,0.00,0.00,0,0,158.96,158.98,158.9656,0.10,0.94,0.00,warmup,0.00,normal,0.00,0,mm,0.00,100.94,100.95,101.0001,-0.81,1.44,0.00,warmup,0.00,normal,0.00,0,mm,0.00,25.98,25.99,25.9889,-0.15,0.95,0.00,warmup,0.00,normal,0.00,0,mm,0.00
28.291,2,298.0,0.00,0.00,0,0,158.96,158.98,158.9657,0.11,0.94,0.00,warmup,0.00,normal,0.00,0,mm,0.00,100.94,100.95,100.9989,-0.99,1.44,0.00,warmup,0.00,normal,0.00,0,mm,0.00,25.98,25.99,25.9889,-0.16,0.95,0.00,warmup,0.00,normal,0.00,0,mm,0.00
28.449,2,298.0,0.00,0.00,0,0,158.96,158.98,158.9660,0.15,0.94,0.00,warmup,0.00,normal,0.00,0,mm,0.00,100.86,100.95,100.9922,-2.01,1.44,0.00,warmup,0.00,normal,0.00,0,mm,0.00,25.98,25.99,25.9886,-0.19,0.95,0.00,warmup,0.00,normal,0.00,0,mm,0.00
28.491,2,298.0,0.00,0.00,0,0,158.96,158.98,158.9661,0.16,0.94,0.00,warmup,0.00,normal,0.00,0,mm,0.00,100.86,100.95,100.9904,-2.25,1.44,0.00,warmup,0.00,normal,0.00,0,mm,0.00,25.98,25.99,25.9885,-0.20,0.95,0.00,warmup,0.00,normal,0.00,0,mm,0.00
28.517,2,298.0,0.00,0.00,0,0,158.96,158.98,158.9661,0.17,0.94,0.00,warmup,0.00,normal,0.00,0,mm,0.00,100.86,100.95,100.9894,-2.38,1.44,0.00,warmup,0.00,normal,0.00,0,mm,0.00,25.98,25.99,25.9885,-0.21,0.95,0.00,warmup,0.00,normal,0.00,0,mm,0.00
28.537,2,298.0,0.00,0.00,0,0,158.96,158.98,158.9662,0.17,0.94,0.00,warmup,0.00,normal,0.00,0,mm,0.00,100.86,100.95,100.9886,-2.49,1.44,0.00,warmup,0.00,normal,0.00,0,mm,0.00,25.98,25.99,25.9884,-0.21,0.95,0.00,warmup,0.00,normal,0.00,0,mm,0.00
28.637,2,298.0,0.00,0.00,0,0,158.96,158.97,158.9661,0.15,0.94,0.00,warmup,0.00,normal,0.00,0,mm,0.00,100.85,101.02,100.9886,-2.49,1.44,0.00,warmup,0.00,normal,0.00,0,mm,0.00,25.97,25.99,25.9881,-0.26,0.95,0.00,warmup,0.00,normal,0.00,0,mm,0.00
28.669,2,298.0,0.00,0.00,0,0,158.96,158.97,158.9661,0.14,0.94,0.00,warmup,0.00,normal,0.00,0,mm,0.00,100.85,101.02,100.9886,-2.49,1.44,0.00,warmup,0.00,normal,0.00,0,mm,0.00,25.97,25.99,25.9879,-0.28,0.95,0.00,warmup,0.00,normal,0.00,0,mm,0.00
28.693,2,298.0,0.00,0.00,0,0,158.96,158.97,158.9661,0.14,0.94,0.00,warmup,0.00,normal,0.00,0,mm,0.00,100.85,101.02,100.9886,-2.49,1.44,0.00,warmup,0.00,normal,0.00,0,mm,0.00,25.97,25.99,25.9878,-0.29,0.95,0.00,warmup,0.00,normal,0.00,0,mm,0.00
28.727,2,298.0,0.00,0.00,0,0,158.96,158.97,158.9661,0.13,0.94,0.00,warmup,0.00,normal,0.00,0,mm,0.00,100.85,101.02,100.9886,-2.49,1.44,0.00,warmup,0.00,normal,0.00,0,mm,0.00,25.97,25.99,25.9877,-0.30,0.95,0.00,warmup,0.00,normal,0.00,0,mm,0.00
28.742,2,298.0,0.00,0.00,0,0,158.96,158.97,158.9661,0.13,0.94,0.00,warmup,0.00,normal,0.00,0,mm,0.00,100.85,101.02,100.9886,-2.49,1.44,0.00,warmup,0.00,normal,0.00,0,mm,0.00,25.97,25.99,25.9877,-0.31,0.95,0.00,warmup,0.00,normal,0.00,0,mm,0.00
28.768,2,298.0,0.00,0.00,0,0,158.96,158.97,158.9661,0.13,0.90,0.00,warmup,0.00,normal,0.00,0,mm,0.00,100.85,101.02,100.9886,-2.49,1.44,0.00,warmup,0.00,normal,0.00,0,mm,0.00,25.97,25.99,25.9876,-0.32,0.89,0.00,warmup,0.00,normal,0.00,0,mm,0.00
28.916,2,298.0,0.00,0.00,0,0,158.96,158.97,158.9660,0.10,0.90,0.00,warmup,0.00,normal,0.00,0,mm,0.00,100.86,100.93,100.9823,-3.31,1.69,0.00,warmup,0.00,normal,0.00,0,mm,0.00,25.97,25.99,25.9871,-0.38,0.89,0.00,warmup,0.00,normal,0.00,0,mm,0.00
28.941,2,298.0,0.00,0.00,0,0,158.96,158.97,158.9660,0.10,0.90,0.00,warmup,0.00,normal,0.00,0,mm,0.00,100.86,100.93,100.9813,-3.43,1.69,0.00,warmup,0.00,normal,0.00,0,mm,0.00,25.97,25.98,25.9869,-0.40,0.89,0.00,warmup,0.00,normal,0.00,0,mm,0.00
28.963,2,298.0,0.00,0.00,0,0,158.96,158.97,158.9660,0.10,0.90,0.00,warmup,0.00,normal,0.00,0,mm,0.00,100.86,100.93,100.9804,-3.53,1.69,0.00,warmup,0.00,normal,0.00,0,mm,0.00,25.97,25.98,25.9868,-0.41,0.89,0.00,warmup,0.00,normal,0.00,0,mm,0.00
28.998,2,298.0,0.00,0.00,0,0,158.96,158.97,158.9660,0.09,0.90,0.00,warmup,0.00,normal,0.00,0,mm,0.00,100.86,100.93,100.9790,-3.70,1.69,0.00,warmup,0.00,normal,0.00,0,mm,0.00,25.97,25.98,25.9866,-0.44,0.89,0.00,warmup,0.00,normal,0.00,0,mm,0.00
29.038,3,297.0,0.00,0.00,0,0,158.96,158.97,158.9659,0.09,0.90,0.00,warmup,0.00,normal,0.00,0,mm,0.00,100.86,100.93,100.9774,-3.87,1.69,0.00,warmup,0.00,normal,0.00,0,mm,0.00,25.97,25.98,25.9864,-0.46,0.89,0.00,warmup,0.00,normal,0.00,0,mm,0.00
29.052,3,297.0,0.00,0.00,0,0,158.96,158.97,158.9659,0.09,0.90,0.00,warmup,0.00,normal,0.00,0,mm,0.00,100.86,100.93,100.9768,-3.93,1.69,0.00,warmup,0.00,normal,0.00,0,mm,0.00,25.97,25.98,25.9863,-0.47,0.89,0.00,warmup,0.00,normal,0.00,0,mm,0.00
29.206,3,297.0,0.00,0.00,0,0,158.94,158.95,158.9645,-0.16,0.90,0.00,warmup,0.00,normal,0.00,0,mm,0.00,100.85,100.87,100.9687,-4.91,1.69,0.00,warmup,0.00,normal,0.00,0,mm,0.00,25.97,25.98,25.9855,-0.56,0.89,0.00,warmup,0.00,normal,0.00,0,mm,0.00
29.244,3,297.0,0.00,0.00,0,0,158.94,158.95,158.9641,-0.22,0.90,0.00,warmup,0.00,normal,0.00,0,mm,0.00,100.85,100.87,100.9668,-5.13,1.69,0.00,warmup,0.00,normal,0.00,0,mm,0.00,25.97,25.98,25.9853,-0.58,0.89,0.00,warmup,0.00,normal,0.00,0,mm,0.00
29.268,3,297.0,0.00,0.00,0,0,158.94,158.95,158.9639,-0.25,0.99,0.00,warmup,0.00,normal,0.00,0,mm,0.00,100.85,100.87,100.9655,-5.26,1.69,0.00,warmup,0.00,normal,0.00,0,mm,0.00,25.97,25.98,25.9852,-0.59,0.84,0.00,warmup,0.00,normal,0.00,0,mm,0.00
29.286,3,297.0,0.00,0.00,0,0,158.94,158.95,158.9637,-0.27,0.99,0.00,warmup,0.00,normal,0.00,0,mm,0.00,100.85,100.87,100.9647,-5.35,1.69,0.00,warmup,0.00,normal,0.00,0,mm,0.00,25.97,25.98,25.9851,-0.60,0.84,0.00,warmup,0.00,normal,0.00,0,mm,0.00
29.482,3,297.0,0.00,0.00,0,0,158.92,158.93,158.9603,-0.80,0.99,0.00,warmup,0.00,normal,0.00,0,mm,0.00,100.85,100.86,100.9550,-6.31,1.79,0.00,warmup,0.00,normal,0.00,0,mm,0.00,25.97,25.98,25.9842,-0.68,0.84,0.00,warmup,0.00,normal,0.00,0,mm,0.00
29.499,3,297.0,0.00,0.00,0,0,158.92,158.93,158.9601,-0.83,0.99,0.00,warmup,0.00,normal,0.00,0,mm,0.00,100.85,100.86,100.9542,-6.38,1.79,0.00,warmup,0.00,normal,0.00,0,mm,0.00,25.97,25.98,25.9842,-0.68,0.84,0.00,warmup,0.00,normal,0.00,0,mm,0.00
29.556,3,297.0,0.00,0.00,0,0,158.92,158.93,158.9591,-0.96,0.99,0.00,warmup,0.00,normal,0.00,0,mm,0.00,100.85,100.86,100.9516,-6.61,1.79,0.00,warmup,0.00,normal,0.00,0,mm,0.00,25.97,25.98,25.9839,-0.70,0.84,0.00,warmup,0.00,normal,0.00,0,mm,0.00
29.848,3,297.0,0.00,0.00,0,0,158.88,158.93,158.9522,-1.89,1.23,0.00,warmup,0.00,normal,0.00,0,mm,0.00,100.85,100.86,100.9392,-7.51,1.79,0.00,warmup,0.00,normal,0.00,0,mm,0.00,25.97,25.98,25.9828,-0.77,0.77,0.00,warmup,0.00,normal,0.00,0,mm,0.00
30.207,3,297.0,0.00,0.00,0,0,158.89,158.92,158.9448,-2.64,1.23,0.00,warmup,0.00,normal,0.00,0,mm,0.00,100.82,101.11,100.9392,-7.51,1.79,0.00,warmup,0.00,normal,0.00,0,mm,0.00,25.97,25.98,25.9816,-0.82,0.77,0.00,warmup,0.00,normal,0.00,0,mm,0.00
30.289,4,296.0,0.00,0.00,0,0,158.9,158.91,158.9433,-2.76,1.23,0.00,warmup,0.00,normal,0.00,0,mm,0.00,100.72,100.84,100.9392,-7.51,1.79,0.00,warmup,0.00,normal,0.00,0,mm,0.00,25.97,25.98,25.9813,-0.83,0.77,0.00,warmup,0.00,normal,0.00,0,mm,0.00
30.333,4,296.0,0.00,0.00,0,0,158.9,158.91,158.9425,-2.82,1.23,0.00,warmup,0.00,normal,0.00,0,mm,0.00,100.72,100.84,100.9392,-7.51,1.79,0.00,warmup,0.00,normal,0.00,0,mm,0.00,25.97,25.98,25.9812,-0.83,0.77,0.00,warmup,0.00,normal,0.00,0,mm,0.00
30.972,4,296.0,0.00,0.00,0,0,158.89,158.9,158.9301,-3.70,1.15,0.00,warmup,0.00,normal,0.00,0,mm,0.00,100.82,100.83,100.9094,-9.46,1.76,0.00,warmup,0.00,normal,0.00,0,mm,0.00,25.97,25.98,25.9796,-0.83,0.70,0.00,warmup,0.00,normal,0.00,0,mm,0.00
31.359,5,295.0,0.00,0.00,0,0,158.83,158.89,158.9185,-4.77,1.15,0.00,warmup,0.00,normal,0.00,0,mm,0.00,101.02,101.05,100.9303,-4.51,1.76,0.00,warmup,0.00,normal,0.00,0,mm,0.00,25.97,25.98,25.9788,-0.81,0.70,0.00,warmup,0.00,normal,0.00,0,mm,0.00
31.786,5,295.0,0.00,0.00,0,0,158.84,158.85,158.9051,-5.81,1.43,0.00,warmup,0.00,normal,0.00,0,mm,0.00,101.03,101.04,100.9494,-1.00,3.61,0.00,warmup,0.00,normal,0.00,0,mm,0.00,25.97,25.98,25.9781,-0.77,0.64,0.00,warmup,0.00,normal,0.00,0,mm,0.00
32.033,6,294.0,0.00,0.00,0,0,158.84,158.85,158.8985,-6.14,1.43,0.00,warmup,0.00,normal,0.00,0,mm,0.00,101.06,101.08,100.9627,0.99,3.61,0.00,warmup,0.00,normal,0.00,0,mm,0.00,25.97,25.98,25.9778,-0.75,0.64,0.00,warmup,0.00,normal,0.00,0,mm,0.00
32.089,6,294.0,0.00,0.00,0,0,158.84,158.85,158.8971,-6.19,1.43,0.00,warmup,0.00,normal,0.00,0,mm,0.00,100.93,101.04,100.9633,0.99,3.61,0.00,warmup,0.00,normal,0.00,0,mm,0.00,25.97,25.98,25.9777,-0.74,0.64,0.00,warmup,0.00,normal,0.00,0,mm,0.00
32.139,6,294.0,0.00,0.00,0,0,158.84,158.85,158.8959,-6.23,1.43,0.00,warmup,0.00,normal,0.00,0,mm,0.00,100.93,101.04,100.9638,0.98,3.61,0.00,warmup,0.00,normal,0.00,0,mm,0.00,25.97,25.98,25.9776,-0.74,0.64,0.00,warmup,0.00,normal,0.00,0,mm,0.00
32.504,6,294.0,0.00,0.00,0,0,158.83,158.85,158.8870,-6.53,1.33,0.93,TREND,0.00,normal,0.00,0,mm,0.00,101.02,101.03,100.9734,1.92,3.41,0.02,chop,0.00,normal,0.00,0,mm,0.00,25.97,25.98,25.9772,-0.70,0.59,1.00,mixed,0.00,normal,0.00,0,mm,0.00
32.771,6,294.0,0.00,0.00,0,0,158.83,158.84,158.8809,-6.69,1.33,0.93,TREND,0.00,normal,0.00,0,mm,0.00,101.14,101.24,100.9989,5.47,3.41,0.27,mixed,0.00,normal,0.00,0,mm,0.00,25.97,25.98,25.9770,-0.67,0.59,1.00,mixed,0.00,normal,0.00,0,mm,0.00
33.072,6,294.0,0.00,0.00,0,0,158.81,158.84,158.8735,-6.94,1.24,0.93,TREND,0.00,normal,0.00,0,mm,0.00,101.14,101.22,101.0229,8.06,4.41,0.25,chop,0.00,normal,0.00,0,mm,0.00,25.97,25.98,25.9767,-0.64,0.54,1.00,mixed,0.00,normal,0.00,0,mm,0.00
33.271,7,293.0,0.00,0.00,0,0,158.8,158.83,158.8683,-7.16,1.24,0.93,TREND,0.00,normal,0.00,0,mm,0.00,101.21,101.22,101.0401,9.79,4.41,0.25,chop,0.00,normal,0.00,0,mm,0.00,25.97,25.99,25.9770,-0.55,0.54,1.00,mixed,0.00,normal,0.00,0,mm,0.00
33.564,7,293.0,0.00,0.00,0,0,158.81,158.82,158.8614,-7.32,1.24,0.94,TREND,0.00,normal,0.00,0,mm,0.00,101.21,101.22,101.0627,11.59,4.41,0.29,mixed,0.00,normal,0.00,0,mm,0.00,25.98,25.99,25.9780,-0.34,0.54,0.00,chop,0.00,normal,0.00,0,mm,0.00
33.656,7,293.0,0.00,0.00,0,0,158.81,158.82,158.8594,-7.34,1.13,0.94,TREND,0.00,normal,0.00,0,mm,0.00,101.24,101.27,101.0708,12.29,4.46,0.29,mixed,0.00,normal,0.00,0,mm,0.00,25.98,25.99,25.9783,-0.29,0.58,0.00,chop,0.00,normal,0.00,0,mm,0.00
33.860,7,293.0,0.00,0.00,0,0,158.81,158.82,158.8553,-7.34,1.13,0.94,TREND,0.00,normal,0.00,0,mm,0.00,101.26,101.27,101.0887,13.70,4.46,0.33,mixed,0.00,normal,0.00,0,mm,0.00,25.98,26.0,25.9794,-0.11,0.58,0.20,chop,0.00,normal,0.00,0,mm,0.00
34.073,7,293.0,0.00,0.00,0,0,158.81,158.82,158.8515,-7.29,1.13,0.94,TREND,0.00,normal,0.00,0,mm,0.00,101.26,101.27,101.1055,14.74,4.46,0.33,mixed,0.00,normal,0.00,0,mm,0.00,25.99,26.01,25.9814,0.19,0.58,0.20,chop,0.00,normal,0.00,0,mm,0.00
34.130,7,293.0,0.00,0.00,0,0,158.81,158.82,158.8505,-7.26,1.13,0.94,TREND,0.00,normal,0.00,0,mm,0.00,101.26,101.27,101.1098,14.96,4.46,0.33,mixed,0.00,normal,0.00,0,mm,0.00,26.0,26.01,25.9820,0.28,0.58,0.50,mixed,0.00,normal,0.00,0,mm,0.00
34.159,7,293.0,0.00,0.00,0,0,158.81,158.82,158.8500,-7.25,1.11,0.94,TREND,0.00,normal,0.00,0,mm,0.00,101.26,101.27,101.1119,15.07,4.16,0.33,mixed,0.00,normal,0.00,0,mm,0.00,26.0,26.01,25.9823,0.32,0.70,0.50,mixed,0.00,normal,0.00,0,mm,0.00
34.427,8,292.0,0.00,0.00,0,0,158.79,158.82,158.8447,-7.30,1.11,0.94,TREND,-1.33,stressed,0.00,0,mm,0.00,101.1,101.26,101.1119,15.07,4.16,0.33,mixed,0.00,normal,0.00,0,mm,0.00,26.0,26.02,25.9856,0.76,0.70,0.56,mixed,2.88,normal,0.00,0,mm,0.00
34.943,8,292.0,0.00,0.00,0,0,158.79,158.81,158.8350,-7.32,1.05,0.94,TREND,-1.32,stressed,0.00,0,mm,0.00,101.11,101.27,101.1119,15.07,4.16,0.33,mixed,0.00,normal,0.00,0,mm,0.00,26.01,26.02,25.9919,1.42,0.70,0.60,mixed,2.65,normal,0.00,0,mm,0.00
35.325,9,291.0,0.00,0.00,0,0,158.79,158.8,158.8285,-7.28,1.05,1.00,TREND,-1.31,stressed,0.00,0,mm,0.00,101.18,101.25,101.1288,14.70,4.41,0.45,TREND,0.00,normal,0.00,0,mm,0.00,26.01,26.02,25.9957,1.68,0.70,0.60,mixed,2.26,normal,0.00,0,mm,0.00
35.708,9,291.0,0.00,0.00,0,0,158.79,158.8,158.8229,-7.11,0.99,1.00,TREND,-1.24,stressed,0.00,0,mm,0.00,101.19,101.22,101.1414,13.90,4.41,0.45,TREND,0.00,normal,0.00,0,mm,0.00,26.01,26.02,25.9989,1.80,0.66,0.78,mixed,2.00,normal,0.00,0,mm,0.00
36.414,9,291.0,0.00,0.00,0,0,158.79,158.8,158.8150,-6.58,0.97,1.00,TREND,-1.18,stressed,0.00,0,mm,0.00,101.2,101.21,101.1595,12.45,4.21,0.54,TREND,1.03,stressed,0.00,0,mm,0.00,26.01,26.05,26.0077,2.43,0.70,1.00,mixed,2.52,normal,0.00,0,mm,0.00
36.657,10,290.0,0.00,0.00,0,0,158.79,158.8,158.8128,-6.38,0.97,1.00,TREND,-1.18,stressed,0.00,0,mm,0.00,101.13,101.14,101.1568,10.75,4.21,0.54,TREND,1.03,stressed,0.00,0,mm,0.00,26.05,26.07,26.0134,3.03,0.70,1.00,mixed,2.52,normal,0.00,0,mm,0.00
36.694,10,290.0,0.00,0.00,0,0,158.79,158.8,158.8125,-6.35,0.97,1.00,TREND,-1.12,stressed,0.00,0,mm,0.00,101.13,101.15,101.1565,10.54,4.21,0.40,TREND,0.58,stressed,0.00,0,mm,0.00,26.06,26.07,26.0142,3.12,0.70,1.00,TREND,3.31,stressed,0.00,0,mm,0.00
36.739,10,290.0,0.00,0.00,0,0,158.79,158.8,158.8122,-6.31,0.97,1.00,TREND,-1.12,stressed,0.00,0,mm,0.00,101.13,101.15,101.1562,10.28,4.21,0.40,TREND,0.58,stressed,0.00,0,mm,0.00,26.06,26.07,26.0153,3.22,0.70,1.00,TREND,3.31,stressed,0.00,0,mm,0.00
37.125,10,290.0,0.00,0.00,0,0,158.79,158.8,158.8093,-5.96,0.95,1.00,TREND,-1.07,stressed,0.00,0,mm,0.00,101.13,101.14,101.1527,8.35,4.55,0.45,TREND,0.53,stressed,0.00,0,mm,0.00,26.06,26.09,26.0253,4.13,1.00,1.00,TREND,2.97,stressed,0.00,0,mm,0.00
37.213,11,273.7,0.00,0.00,0,0,158.79,158.8,158.8087,-5.88,0.95,1.00,TREND,-1.07,stressed,0.00,0,mm,0.00,101.09,101.14,101.1511,7.85,4.55,0.45,TREND,0.53,stressed,0.00,0,mm,0.00,26.12,26.13,26.0294,4.61,1.00,1.00,TREND,2.97,stressed,0.00,0,mm,0.00
37.338,11,273.7,0.00,0.00,0,0,158.79,158.8,158.8079,-5.77,0.95,1.00,TREND,-1.07,stressed,0.00,0,mm,0.00,101.12,101.13,101.1496,7.30,4.55,0.45,TREND,0.53,stressed,0.00,0,mm,0.00,26.12,26.13,26.0350,5.20,1.00,1.00,TREND,2.97,stressed,0.00,0,mm,0.00
37.378,11,273.7,0.00,0.00,0,0,158.79,158.8,158.8077,-5.73,0.95,1.00,TREND,-1.03,stressed,0.00,0,mm,0.00,101.12,101.13,101.1491,7.14,4.55,0.43,TREND,0.45,stressed,0.00,0,mm,0.00,26.12,26.13,26.0367,5.37,1.00,1.00,TREND,3.46,stressed,0.00,0,mm,0.00
37.415,11,273.7,0.00,0.00,0,0,158.79,158.8,158.8074,-5.70,0.95,1.00,TREND,-1.03,stressed,0.00,0,mm,0.00,101.12,101.13,101.1487,6.99,4.55,0.43,TREND,0.45,stressed,0.00,0,mm,0.00,26.12,26.13,26.0384,5.52,1.00,1.00,TREND,3.46,stressed,0.00,0,mm,0.00
37.485,11,273.7,0.00,0.00,0,0,158.79,158.8,158.8070,-5.63,0.95,1.00,TREND,-1.03,stressed,0.00,0,mm,0.00,101.12,101.13,101.1479,6.73,4.55,0.43,TREND,0.45,stressed,0.00,0,mm,0.00,26.12,26.13,26.0412,5.78,1.00,1.00,TREND,3.46,stressed,0.00,0,mm,0.00
37.686,11,273.7,0.00,0.00,0,0,158.79,158.82,158.8068,-5.31,1.02,0.82,TREND,-0.85,stressed,0.00,0,mm,0.00,101.04,101.07,101.1393,5.04,4.87,0.30,TREND,-0.03,stressed,0.00,0,mm,0.00,26.13,26.16,26.0508,6.67,1.46,1.00,TREND,3.14,stressed,0.00,0,mm,0.00
37.707,11,287.9,0.00,0.00,0,0,158.79,158.82,158.8068,-5.27,1.02,0.82,TREND,-0.85,stressed,0.00,0,mm,0.00,101.04,101.07,101.1384,4.87,4.87,0.30,TREND,-0.03,stressed,0.00,0,mm,0.00,26.13,26.16,26.0518,6.76,1.46,1.00,TREND,3.14,stressed,0.00,0,mm,0.00
37.734,11,287.9,0.00,0.00,0,0,158.79,158.82,158.8068,-5.23,1.02,0.82,TREND,-0.85,stressed,0.00,0,mm,0.00,101.04,101.07,101.1373,4.67,4.87,0.30,TREND,-0.03,stressed,0.00,0,mm,0.00,26.13,26.16,26.0530,6.86,1.46,1.00,TREND,3.14,stressed,0.00,0,mm,0.00
38.000,11,287.9,0.00,0.00,0,0,158.8,158.81,158.8066,-4.87,1.02,0.82,TREND,-0.83,stressed,0.00,0,mm,0.00,101.04,101.05,101.1265,2.82,4.87,0.28,TREND,-0.10,stressed,0.00,0,mm,0.00,26.15,26.17,26.0656,7.93,1.46,1.00,TREND,2.87,stressed,0.00,0,mm,0.00
38.146,11,287.9,0.00,0.00,0,0,158.81,158.82,158.8071,-4.57,1.02,0.82,TREND,-0.83,stressed,0.00,0,mm,0.00,100.99,101.07,101.1200,1.83,4.87,0.28,TREND,-0.10,stressed,0.00,0,mm,0.00,26.21,26.22,26.0756,8.96,1.46,1.00,TREND,2.87,stressed,0.00,0,mm,0.00
38.188,11,287.9,0.00,0.00,0,0,158.81,158.82,158.8073,-4.50,1.06,0.82,TREND,-0.83,stressed,0.00,0,mm,0.00,100.99,101.07,101.1183,1.58,4.58,0.28,TREND,-0.10,stressed,0.00,0,mm,0.00,26.21,26.22,26.0783,9.22,1.81,1.00,TREND,2.87,stressed,0.00,0,mm,0.00
38.277,12,275.2,0.00,0.00,0,0,158.81,158.82,158.8075,-4.38,1.06,0.53,mixed,-0.65,stressed,-1.95,0,mm,0.00,100.99,101.07,101.1155,1.20,4.58,0.01,chop,-0.21,stressed,0.00,0,mm,0.00,26.21,26.22,26.0827,9.60,1.81,1.00,TREND,3.13,stressed,2.06,0,mm,0.00
38.477,12,275.2,0.00,0.00,0,0,158.81,158.82,158.8083,-4.02,1.06,0.53,mixed,-0.65,stressed,-1.95,0,mm,0.00,101.0,101.07,101.1073,0.22,4.58,0.01,chop,-0.21,stressed,0.00,0,mm,0.00,26.23,26.24,26.0981,10.92,1.81,1.00,TREND,3.13,stressed,2.06,0,mm,0.00
38.656,12,275.2,0.00,0.00,0,0,158.81,158.82,158.8089,-3.76,1.06,0.43,mixed,-0.64,normal,-1.95,0,mm,0.00,101.0,101.07,101.1013,-0.41,4.58,0.00,chop,-0.17,normal,0.00,0,mm,0.00,26.28,26.29,26.1135,12.35,1.81,1.00,TREND,3.31,stressed,2.06,0,dir,0.00
38.719,12,275.2,0.00,0.00,0,0,158.81,158.83,158.8092,-3.66,1.04,0.43,mixed,-0.64,normal,-1.95,0,mm,0.00,100.97,101.03,101.0983,-0.78,4.35,0.00,chop,-0.17,normal,0.00,0,mm,0.00,26.28,26.29,26.1187,12.79,2.08,1.00,TREND,3.31,stressed,2.06,0,dir,0.00
38.743,12,288.0,0.00,0.00,0,0,158.81,158.83,158.8093,-3.62,1.04,0.43,mixed,-0.64,normal,-1.95,0,mm,0.00,100.97,101.03,101.0972,-0.91,4.35,0.00,chop,-0.17,normal,0.00,0,mm,0.00,26.28,26.29,26.1205,12.93,2.08,1.00,TREND,3.31,stressed,2.06,0,dir,0.00
38.777,12,288.0,0.00,0.00,0,0,158.81,158.83,158.8095,-3.56,1.04,0.43,mixed,-0.64,normal,-1.95,0,mm,0.00,100.97,101.03,101.0956,-1.09,4.35,0.00,chop,-0.17,normal,0.00,0,mm,0.00,26.28,26.29,26.1231,13.14,2.08,1.00,TREND,3.31,stressed,2.06,0,dir,0.00
39.208,12,288.0,0.00,0.00,5000,5000,158.82,158.83,158.8123,-2.85,1.04,0.20,chop,-0.47,normal,-1.95,0,mm,0.00,100.98,100.99,101.0754,-3.24,4.35,0.07,chop,-0.53,normal,0.00,0,mm,0.00,26.31,26.32,26.1582,15.77,2.08,1.00,TREND,3.05,stressed,2.06,5000,dir,-181.50
39.435,12,288.0,0.00,0.00,5000,5000,158.82,158.83,158.8136,-2.56,1.01,0.20,chop,-0.47,normal,-1.95,0,mm,0.00,101.02,101.03,101.0702,-3.32,4.21,0.07,chop,-0.53,normal,0.00,0,mm,0.00,26.31,26.32,26.1744,16.55,1.92,1.00,TREND,3.05,stressed,2.06,5000,dir,-181.50
39.545,13,282.2,-181.50,-181.50,5000,5000,158.82,158.83,158.8142,-2.44,1.01,0.14,chop,-0.46,normal,-1.75,0,mm,0.00,101.03,101.1,101.0699,-3.01,4.21,0.27,mixed,0.08,normal,0.00,0,mm,0.00,26.32,26.33,26.1818,16.88,1.92,1.00,TREND,2.72,stressed,2.38,5000,dir,-181.50
39.690,13,282.2,-181.50,-181.50,5000,5000,158.82,158.83,158.8149,-2.29,1.01,0.14,chop,-0.46,normal,-1.75,0,mm,0.00,101.09,101.11,101.0720,-2.24,4.21,0.27,mixed,0.08,normal,0.00,0,mm,0.00,26.33,26.34,26.1922,17.33,1.92,1.00,TREND,2.72,stressed,2.38,5000,dir,-181.50
39.821,13,282.2,-181.50,-181.50,5000,5000,158.82,158.83,158.8155,-2.18,1.01,0.00,chop,-0.46,normal,-1.75,0,mm,0.00,101.09,101.11,101.0737,-1.66,4.21,0.16,chop,0.34,normal,0.00,0,mm,0.00,26.33,26.34,26.2008,17.61,1.92,1.00,TREND,2.50,stressed,2.38,5000,dir,-181.50
40.228,13,282.2,-181.50,-181.50,10000,10000,158.82,158.83,158.8172,-1.87,0.93,0.20,chop,-0.45,normal,-1.75,0,mm,0.00,101.19,101.2,101.0950,2.20,5.35,0.04,chop,1.05,normal,0.00,0,mm,0.00,26.33,26.35,26.2253,18.10,1.73,1.00,TREND,2.30,stressed,2.38,10000,dir,74.35
40.415,14,278.8,74.35,74.35,10000,10000,158.82,158.83,158.8179,-1.76,0.93,0.20,chop,-0.45,normal,-1.74,0,mm,0.00,101.19,101.21,101.1040,3.51,5.35,0.04,chop,1.05,normal,0.66,0,mm,0.00,26.34,26.37,26.2364,18.31,1.73,1.00,TREND,2.30,stressed,2.60,10000,dir,74.35
40.457,14,278.8,74.35,74.35,10000,10000,158.82,158.83,158.8180,-1.73,0.93,0.20,chop,-0.45,normal,-1.74,0,mm,0.00,101.09,101.14,101.1042,3.47,5.35,0.04,chop,1.05,normal,0.66,0,mm,0.00,26.35,26.36,26.2387,18.34,1.73,1.00,TREND,2.30,stressed,2.60,10000,dir,74.35
40.520,14,278.8,74.35,74.35,10000,10000,158.82,158.83,158.8182,-1.70,0.93,0.20,chop,-0.44,normal,-1.74,0,mm,0.00,101.09,101.14,101.1046,3.42,5.35,0.16,chop,0.42,normal,0.66,0,mm,0.00,26.35,26.36,26.2422,18.36,1.73,1.00,TREND,2.22,stressed,2.60,10000,dir,74.35
40.655,14,278.8,74.35,74.35,10000,10000,158.82,158.83,158.8186,-1.63,0.93,0.20,chop,-0.44,normal,-1.74,0,mm,0.00,101.12,101.13,101.1058,3.42,5.35,0.16,chop,0.42,normal,0.66,0,mm,0.00,26.35,26.36,26.2493,18.37,1.73,1.00,TREND,2.22,stressed,2.60,10000,dir,74.35
40.719,14,278.8,74.35,74.35,10000,10000,158.82,158.83,158.8188,-1.60,0.93,0.20,chop,-0.44,normal,-1.74,0,mm,0.00,101.12,101.13,101.1064,3.41,5.35,0.16,chop,0.42,normal,0.66,0,mm,0.00,26.35,26.36,26.2525,18.35,1.73,1.00,TREND,2.22,stressed,2.60,10000,dir,74.35
41.171,14,295.4,74.35,74.35,10000,10000,158.82,158.84,158.8209,-1.26,0.90,0.27,mixed,-0.35,normal,-1.74,0,mm,0.00,101.12,101.13,101.1099,3.33,5.57,0.24,chop,0.49,normal,0.66,0,mm,0.00,26.35,26.36,26.2718,18.00,1.65,1.00,TREND,2.06,stressed,2.60,10000,dir,74.35
41.278,14,295.4,74.35,74.35,12087,12087,158.83,158.85,158.8219,-1.12,0.90,0.27,mixed,-0.35,normal,-1.74,0,mm,0.00,101.15,101.31,101.1099,3.33,5.57,0.24,chop,0.49,normal,0.66,0,mm,0.00,26.35,26.37,26.2761,17.89,1.65,1.00,TREND,2.06,stressed,2.60,12087,dir,268.35
41.303,14,295.4,74.35,74.35,12087,12087,158.83,158.85,158.8221,-1.09,0.90,0.27,mixed,-0.35,normal,-1.74,0,mm,0.00,101.15,101.31,101.1099,3.33,5.57,0.24,chop,0.49,normal,0.66,0,mm,0.00,26.35,26.37,26.2771,17.87,1.65,1.00,TREND,2.06,stressed,2.60,12087,dir,268.35
41.556,15,281.2,268.35,268.35,12087,12087,158.84,158.85,158.8247,-0.72,0.90,0.82,mixed,-0.09,normal,-1.39,0,mm,0.00,101.31,101.32,101.1331,6.67,5.57,0.14,chop,1.88,normal,1.00,0,mm,0.00,26.36,26.37,26.2870,17.61,1.65,1.00,TREND,1.99,stressed,2.66,12087,dir,268.35
41.676,15,281.2,268.35,268.35,12913,12913,158.84,158.87,158.8263,-0.49,1.05,0.82,mixed,-0.09,normal,-1.39,0,mm,0.00,101.32,101.33,101.1437,8.00,6.77,0.14,chop,1.88,normal,1.00,0,mm,0.00,26.36,26.37,26.2913,17.45,1.62,1.00,TREND,1.99,stressed,2.66,12913,dir,258.85
41.724,15,281.2,268.35,268.35,12913,12913,158.84,158.87,158.8270,-0.40,1.05,0.82,mixed,-0.09,normal,-1.39,0,mm,0.00,101.32,101.33,101.1478,8.49,6.77,0.14,chop,1.88,normal,1.00,0,mm,0.00,26.36,26.37,26.2930,17.37,1.62,1.00,TREND,1.99,stressed,2.66,12913,dir,258.85
41.851,15,281.2,268.35,268.35,12913,12913,158.84,158.87,158.8286,-0.19,1.05,0.85,mixed,0.08,normal,-1.39,0,mm,0.00,101.32,101.33,101.1582,9.61,6.77,0.15,chop,1.83,normal,1.00,0,mm,0.00,26.36,26.37,26.2972,17.17,1.62,1.00,TREND,1.87,stressed,2.66,12913,dir,258.85
42.461,15,281.2,268.35,268.35,13348,13348,158.85,158.95,158.8465,2.04,1.34,1.00,TREND,0.84,normal,-1.39,0,mm,0.00,101.33,101.34,101.2026,13.20,6.22,0.18,chop,1.79,normal,1.00,0,mm,0.00,26.36,26.37,26.3142,16.01,1.66,1.00,TREND,1.77,stressed,2.66,13348,dir,253.85
42.751,16,284.1,253.85,253.85,13348,13348,158.93,158.94,158.8579,3.34,1.34,1.00,TREND,1.40,stressed,-0.23,0,mm,0.00,101.38,101.39,101.2260,14.98,6.22,0.23,chop,2.00,normal,1.22,0,mm,0.00,26.36,26.37,26.3207,15.39,1.66,1.00,TREND,1.68,stressed,2.62,13348,dir,253.85
43.282,16,284.1,253.85,253.85,13348,13348,158.96,158.97,158.8816,5.67,1.74,1.00,TREND,1.82,stressed,-0.23,0,mm,0.00,101.41,101.42,101.2678,17.51,6.11,0.26,mixed,2.05,normal,1.22,0,mm,0.00,26.36,26.37,26.3305,14.24,1.68,1.00,TREND,1.61,stressed,2.62,13348,dir,253.85
43.389,17,276.7,253.85,253.85,18348,18348,158.96,158.98,158.8860,6.00,1.74,1.00,TREND,1.82,stressed,0.04,0,mm,0.00,101.42,101.43,101.2756,17.84,6.11,0.26,mixed,2.05,normal,1.35,0,mm,0.00,26.33,26.37,26.3315,13.87,1.68,1.00,TREND,1.61,stressed,2.43,18348,dir,196.35
43.590,17,276.7,253.85,253.85,18348,18348,158.97,158.99,158.8946,6.64,1.74,1.00,TREND,1.95,stressed,0.04,0,mm,0.00,101.43,101.44,101.2902,18.42,6.11,0.38,mixed,2.03,normal,1.35,0,mm,0.00,26.34,26.36,26.3332,13.24,1.68,0.90,TREND,1.46,stressed,2.43,18348,dir,196.35
43.634,17,276.7,253.85,253.85,18348,18348,158.97,158.99,158.8964,6.75,1.74,1.00,TREND,1.95,stressed,0.04,0,mm,0.00,101.43,101.44,101.2932,18.52,6.11,0.38,mixed,2.03,normal,1.35,0,mm,0.00,26.34,26.36,26.3335,13.11,1.68,0.90,TREND,1.46,stressed,2.43,18348,dir,196.35
43.761,17,276.7,253.85,253.85,18348,18348,158.98,158.99,158.9016,7.09,1.74,1.00,TREND,1.95,stressed,0.04,0,mm,0.00,101.44,101.45,101.3021,18.82,6.11,0.38,mixed,2.03,normal,1.35,0,mm,0.00,26.34,26.35,26.3342,12.69,1.68,0.90,TREND,1.46,stressed,2.43,18348,dir,196.35
43.781,17,276.7,253.85,253.85,18348,18348,158.98,158.99,158.9023,7.13,1.74,1.00,TREND,1.95,stressed,0.04,0,mm,0.00,101.44,101.45,101.3035,18.86,6.11,0.38,mixed,2.03,normal,1.35,0,mm,0.00,26.34,26.35,26.3343,12.63,1.68,0.90,TREND,1.46,stressed,2.43,18348,dir,196.35
43.830,17,284.5,253.85,253.85,18348,18348,158.98,158.99,158.9042,7.24,1.65,1.00,TREND,1.95,stressed,0.04,0,mm,0.00,101.44,101.45,101.3066,18.95,5.51,0.38,mixed,2.03,normal,1.35,0,mm,0.00,26.34,26.35,26.3345,12.48,1.86,0.90,TREND,1.46,stressed,2.43,18348,dir,196.35
43.878,17,284.5,253.85,253.85,18348,18348,158.98,158.99,158.9060,7.34,1.65,1.00,TREND,1.92,stressed,0.04,0,mm,0.00,101.44,101.45,101.3098,19.03,5.51,0.40,mixed,1.96,normal,1.35,0,mm,0.00,26.34,26.35,26.3348,12.33,1.86,0.87,TREND,1.38,stressed,2.43,18348,dir,196.35
44.254,17,284.5,253.85,253.85,18348,18348,158.98,159.01,158.9204,8.10,1.65,1.00,TREND,1.96,stressed,0.04,0,mm,0.00,101.45,101.46,101.3333,19.51,5.51,0.42,TREND,1.91,normal,1.35,0,mm,0.00,26.34,26.35,26.3364,11.29,1.86,0.85,TREND,1.34,stressed,2.43,18348,dir,-170.61
44.473,17,284.5,253.85,253.85,18348,18348,158.99,159.02,158.9287,8.49,1.55,1.00,TREND,1.96,stressed,0.04,0,mm,0.00,101.46,101.48,101.3467,19.76,4.99,0.42,TREND,1.91,normal,1.35,0,mm,0.00,26.28,26.34,26.3338,10.20,2.12,0.85,TREND,1.34,stressed,2.43,18348,dir,-170.61
44.676,18,280.8,-170.61,-170.61,18348,18348,159.0,159.03,158.9364,8.85,1.55,1.00,TREND,2.12,stressed,0.35,0,mm,0.00,101.48,101.49,101.3590,20.02,4.99,0.58,TREND,1.96,stressed,1.54,0,mm,0.00,26.29,26.3,26.3304,9.14,2.12,0.52,TREND,1.01,stressed,1.82,18348,dir,-170.61
44.875,18,280.8,-170.61,-170.61,18348,18348,159.01,159.09,158.9468,9.61,1.55,1.00,TREND,2.12,stressed,0.35,0,mm,0.00,101.49,101.5,101.3715,20.24,4.99,0.58,TREND,1.96,stressed,1.54,0,mm,0.00,26.29,26.3,26.3271,8.23,2.12,0.52,TREND,1.01,stressed,1.82,18348,dir,-170.61
45.105,18,280.8,-170.61,-170.61,18348,18348,159.08,159.09,158.9611,10.78,2.00,1.00,TREND,2.82,stressed,0.35,0,mm,0.00,101.5,101.51,101.3853,20.46,4.55,0.65,TREND,1.95,stressed,1.54,0,mm,0.00,26.16,26.29,26.3271,8.23,2.12,0.52,TREND,1.01,stressed,1.82,18348,dir,-3473.25
45.158,19,271.9,-3473.25,-3473.25,18348,18348,159.08,159.1,158.9643,11.01,2.00,1.00,TREND,2.82,stressed,0.78,0,mm,0.00,101.51,101.53,101.3887,20.53,4.55,0.65,TREND,1.95,stressed,1.66,0,mm,0.00,26.04,26.29,26.3271,8.23,2.12,0.52,TREND,1.01,stressed,1.82,18348,cut,-3473.25
45.406,19,271.9,-3473.25,-3473.25,18348,18348,159.09,159.11,158.9795,12.04,2.00,1.00,TREND,2.74,stressed,0.78,0,mm,0.00,101.53,101.54,101.4051,20.97,4.55,0.66,TREND,1.99,stressed,1.66,0,dir,0.00,25.94,26.23,26.3271,8.23,2.12,0.52,TREND,1.01,stressed,1.82,18348,cut,-3473.25
45.575,19,271.9,-3473.25,-3473.25,13448,13448,159.09,159.11,158.9888,12.51,2.00,1.00,TREND,2.74,stressed,0.78,0,mm,0.00,101.53,101.54,101.4151,21.08,4.55,0.66,TREND,1.99,stressed,1.66,0,dir,0.00,25.94,26.23,26.3271,8.23,2.12,0.52,TREND,1.01,stressed,1.82,13448,cut,-7035.56
45.672,19,279.9,-3473.25,-3473.25,13448,13448,159.1,159.11,158.9941,12.76,1.80,1.00,TREND,2.57,stressed,0.78,0,dir,0.00,101.54,101.56,101.4212,21.21,4.24,0.66,TREND,1.95,stressed,1.66,0,dir,0.00,25.91,25.95,26.3091,5.04,5.41,0.69,TREND,-1.18,stressed,1.82,13448,cut,-7035.56
45.972,19,279.9,-3473.25,-3473.25,18448,18448,159.1,159.12,159.0094,13.36,1.80,1.00,TREND,2.44,stressed,0.78,0,dir,0.00,101.56,101.57,101.4402,21.64,4.24,0.78,TREND,1.92,stressed,1.66,5000,dir,-43.00,25.87,25.89,26.2523,-3.74,5.41,0.81,TREND,-1.44,stressed,1.82,13448,cut,-7035.56
46.934,20,281.8,-7903.54,-7903.54,21448,21448,159.14,159.15,159.0584,14.97,1.80,1.00,TREND,2.60,stressed,1.08,3000,dir,-68.10,101.62,101.64,101.5087,23.80,4.26,0.73,TREND,2.11,stressed,1.96,5000,dir,7.00,25.88,25.89,26.1198,-16.90,5.01,0.88,TREND,-1.37,stressed,-0.23,13448,cut,-7842.44
47.381,21,274.0,-7453.54,-7453.54,21448,21448,159.16,159.19,159.0812,15.55,1.80,1.00,TREND,2.67,stressed,1.26,3000,dir,81.90,101.63,101.64,101.5334,23.41,4.26,1.00,TREND,2.02,stressed,1.97,5000,dir,307.00,25.88,25.89,26.0739,-18.90,5.01,0.94,TREND,-1.33,stressed,-0.23,13448,cut,-7842.44
47.508,21,274.0,-7453.54,-7453.54,16448,16448,159.17,159.18,159.0866,15.58,1.70,1.00,TREND,2.67,stressed,1.26,3000,dir,81.90,101.63,101.64,101.5393,23.20,4.11,1.00,TREND,2.02,stressed,1.97,5000,dir,307.00,25.88,25.9,26.0631,-19.13,4.84,0.94,TREND,-1.33,stressed,-0.23,8448,cut,-8342.18
47.713,21,274.0,-7453.54,-7453.54,16448,16448,159.17,159.18,159.0948,15.52,1.70,1.00,TREND,2.48,stressed,1.26,3000,dir,81.90,101.63,101.65,101.5486,22.87,4.11,1.00,TREND,1.94,stressed,1.97,5000,dir,307.00,25.88,25.89,26.0466,-19.42,4.84,0.94,TREND,-1.29,stressed,-0.23,8448,cut,-8342.18
48.160,21,284.8,-7453.54,-7453.54,16448,16448,159.17,159.2,159.1118,15.43,1.64,1.00,TREND,2.41,stressed,1.26,3000,dir,81.90,101.64,101.65,101.5668,22.07,3.90,1.00,TREND,1.87,stressed,1.97,5000,dir,307.00,25.88,25.89,26.0162,-19.46,4.55,0.94,TREND,-1.26,stressed,-0.23,8448,cut,-8342.18
48.688,22,277.3,-7505.36,-7505.36,16448,16448,159.19,159.2,159.1301,15.15,1.58,1.00,TREND,2.34,stressed,1.34,3000,dir,141.90,101.64,101.65,101.5840,20.77,3.79,1.00,TREND,1.79,stressed,2.00,5000,dir,357.00,25.9,25.92,25.9928,-18.01,4.55,0.88,TREND,-1.09,stressed,-0.17,8448,cut,-8004.26
49.440,23,273.1,-5973.61,-5973.61,11448,11448,159.2,159.22,159.1540,14.67,1.47,1.00,TREND,2.30,stressed,1.47,3000,dir,231.90,101.62,101.65,101.5993,18.27,3.74,0.94,TREND,1.64,stressed,1.95,5000,dir,357.00,26.19,26.25,26.0606,-3.53,7.06,0.18,chop,0.66,stressed,0.42,3448,cut,-6562.51
49.769,23,273.1,-5973.61,-5973.61,16000,16000,159.21,159.24,159.1644,14.54,1.47,1.00,TREND,2.27,stressed,1.47,8000,dir,84.33,101.62,101.63,101.6030,17.01,3.74,0.86,TREND,1.54,stressed,1.95,8000,dir,195.20,26.14,26.22,26.0781,-0.96,7.06,0.21,chop,0.41,stressed,0.42,0,mm,-6797.75
49.809,23,277.8,-5973.61,-5973.61,16000,16000,159.21,159.24,159.1655,14.51,1.47,1.00,TREND,2.27,stressed,1.47,8000,dir,84.33,101.62,101.63,101.6034,16.87,3.74,0.86,TREND,1.54,stressed,1.95,8000,dir,195.20,26.14,26.22,26.0800,-0.72,7.06,0.21,chop,0.41,stressed,0.42,0,mm,-6797.75
50.095,23,277.8,-5973.61,-5973.61,16000,16000,159.21,159.24,159.1729,14.23,1.36,1.00,TREND,2.14,stressed,1.47,8000,dir,84.33,101.62,101.63,101.6061,15.93,3.67,0.84,TREND,1.49,stressed,1.95,8000,dir,195.20,26.15,26.18,26.0906,0.44,6.97,0.23,chop,0.31,stressed,0.42,0,mm,-6797.75
50.287,23,277.8,-5973.61,-5973.61,16000,16000,159.24,159.25,159.1793,14.28,1.36,1.00,TREND,2.14,stressed,1.47,8000,dir,324.33,101.62,101.63,101.6078,15.32,3.67,0.84,TREND,1.49,stressed,1.95,8000,dir,195.20,26.15,26.17,26.0967,0.97,6.97,0.23,chop,0.31,stressed,0.42,0,mm,-6797.75
50.389,24,271.8,-6278.22,-6278.22,16000,16000,159.24,159.25,159.1824,14.25,1.36,1.00,TREND,2.13,stressed,2.27,8000,dir,324.33,101.62,101.63,101.6086,15.01,3.67,0.83,TREND,1.42,stressed,2.06,8000,dir,195.20,26.15,26.17,26.0997,1.20,6.97,0.22,chop,0.24,stressed,0.33,0,mm,-6797.75
50.587,24,271.8,-6278.22,-6278.22,16000,16000,159.24,159.25,159.1880,14.15,1.36,1.00,TREND,2.13,stressed,2.27,8000,dir,324.33,101.62,101.63,101.6101,14.45,3.67,0.83,TREND,1.42,stressed,2.06,8000,dir,195.20,26.16,26.17,26.1055,1.64,6.97,0.22,chop,0.24,stressed,0.33,0,mm,-6797.75
50.708,24,271.8,-6278.22,-6278.22,16000,16000,159.24,159.25,159.1912,14.06,1.23,1.00,TREND,2.00,stressed,2.27,8000,dir,324.33,101.62,101.63,101.6109,14.11,3.48,0.82,TREND,1.38,stressed,2.06,8000,dir,195.20,26.16,26.17,26.1089,1.86,6.33,0.21,chop,0.25,stressed,0.33,0,mm,-6797.75
50.760,24,271.8,-6278.22,-6278.22,16000,16000,159.24,159.25,159.1925,14.01,1.23,1.00,TREND,2.00,stressed,2.27,8000,dir,324.33,101.62,101.63,101.6113,13.97,3.48,0.82,TREND,1.38,stressed,2.06,8000,dir,195.20,26.16,26.17,26.1103,1.94,6.33,0.21,chop,0.25,stressed,0.33,0,mm,-6797.75
50.791,24,271.8,-6278.22,-6278.22,16000,16000,159.24,159.25,159.1933,13.98,1.23,1.00,TREND,2.00,stressed,2.27,8000,dir,324.33,101.62,101.63,101.6115,13.88,3.48,0.82,TREND,1.38,stressed,2.06,8000,dir,195.20,26.16,26.17,26.1111,1.99,6.33,0.21,chop,0.25,stressed,0.33,0,mm,-6797.75
50.837,24,277.1,-6278.22,-6278.22,16000,16000,159.24,159.25,159.1944,13.93,1.23,1.00,TREND,2.00,stressed,2.27,8000,dir,324.33,101.62,101.63,101.6117,13.76,3.48,0.82,TREND,1.38,stressed,2.06,8000,dir,195.20,26.16,26.17,26.1122,2.05,6.33,0.21,chop,0.25,stressed,0.33,0,mm,-6797.75
51.060,24,277.1,-6278.22,-6278.22,16000,16000,159.24,159.25,159.1994,13.67,1.23,1.00,TREND,1.91,stressed,2.27,8000,dir,324.33,101.62,101.63,101.6131,13.20,3.48,0.81,TREND,1.34,stressed,2.06,8000,dir,195.20,26.13,26.16,26.1155,1.99,6.33,0.22,chop,0.13,stressed,0.33,0,mm,-6797.75
51.088,24,277.1,-6278.22,-6278.22,16000,16000,159.24,159.26,159.2001,13.65,1.23,1.00,TREND,1.91,stressed,2.27,8000,dir,404.33,101.62,101.63,101.6132,13.13,3.48,0.81,TREND,1.34,stressed,2.06,8000,dir,195.20,26.13,26.16,26.1159,1.98,6.33,0.22,chop,0.13,stressed,0.33,0,mm,-6797.75
51.223,24,277.1,-6278.22,-6278.22,16000,16000,159.24,159.26,159.2031,13.52,1.24,1.00,TREND,1.91,stressed,2.27,8000,dir,404.33,101.62,101.63,101.6139,12.81,3.30,0.81,TREND,1.34,stressed,2.06,8000,dir,195.20,26.13,26.16,26.1176,1.95,5.92,0.22,chop,0.13,stressed,0.33,0,mm,-6797.75
51.263,24,277.1,-6278.22,-6278.22,16000,16000,159.24,159.25,159.2039,13.46,1.24,1.00,TREND,1.91,stressed,2.27,8000,dir,404.33,101.62,101.63,101.6141,12.71,3.30,0.81,TREND,1.34,stressed,2.06,8000,dir,195.20,26.14,26.16,26.1182,1.95,5.92,0.22,chop,0.13,stressed,0.33,0,mm,-6797.75
51.300,24,277.1,-6278.22,-6278.22,16000,16000,159.24,159.25,159.2047,13.40,1.24,1.00,TREND,1.91,stressed,2.27,8000,dir,404.33,101.62,101.63,101.6143,12.62,3.30,0.81,TREND,1.34,stressed,2.06,8000,dir,195.20,26.14,26.16,26.1188,1.96,5.92,0.22,chop,0.13,stressed,0.33,0,mm,-6797.75
51.343,25,270.4,-6198.22,-6198.22,16000,16000,159.24,159.25,159.2055,13.33,1.24,1.00,TREND,1.80,stressed,2.83,8000,dir,404.33,101.62,101.63,101.6146,12.52,3.30,0.78,TREND,1.30,stressed,2.43,8000,dir,195.20,26.14,26.16,26.1194,1.96,5.92,0.17,chop,0.12,stressed,0.31,0,mm,-6797.75
51.595,25,270.4,-6198.22,-6198.22,16000,16000,159.24,159.25,159.2099,12.92,1.24,1.00,TREND,1.73,stressed,2.83,8000,dir,404.33,101.6,101.63,101.6146,11.77,3.30,0.68,TREND,1.23,stressed,2.43,8000,dir,195.20,26.12,26.17,26.1223,1.88,5.92,0.18,chop,0.09,stressed,0.31,0,mm,-6797.75
51.822,25,270.4,-6198.22,-6198.22,18300,18300,159.24,159.25,159.2135,12.53,1.32,1.00,TREND,1.73,stressed,2.83,9800,dir,376.66,101.6,101.62,101.6141,11.08,3.25,0.68,TREND,1.23,stressed,2.43,8500,dir,20.90,26.12,26.16,26.1241,1.72,5.40,0.18,chop,0.09,stressed,0.31,0,mm,-6797.75
51.880,25,276.5,-6198.22,-6198.22,18300,18300,159.24,159.25,159.2143,12.43,1.32,1.00,TREND,1.67,stressed,2.83,9800,dir,376.66,101.6,101.62,101.6140,10.92,3.25,0.60,TREND,1.18,stressed,2.43,8500,dir,20.90,26.12,26.16,26.1245,1.69,5.40,0.43,TREND,0.06,stressed,0.31,0,mm,-6797.75
52.259,25,276.5,-6198.22,-6198.22,18600,18600,159.24,159.27,159.2210,12.02,1.32,1.00,TREND,1.65,stressed,2.83,10000,dir,374.12,101.6,101.61,101.6125,9.82,3.25,0.47,TREND,1.13,stressed,2.43,8600,dir,19.04,26.13,26.16,26.1279,1.61,5.40,0.43,TREND,0.07,stressed,0.31,0,mm,-6797.75
52.523,25,276.5,-6198.22,-6198.22,18600,18600,159.26,159.27,159.2261,11.86,1.23,1.00,TREND,1.65,stressed,2.83,10000,dir,374.12,101.6,101.63,101.6128,9.37,3.00,0.45,TREND,1.15,stressed,2.43,8600,dir,19.04,26.12,26.17,26.1299,1.55,4.89,0.43,TREND,0.07,stressed,0.31,0,mm,-6797.75
52.680,26,273.3,-6404.59,-6404.59,18600,18600,159.26,159.28,159.2293,11.78,1.23,1.00,TREND,1.65,stressed,3.24,10000,dir,374.12,101.6,101.62,101.6126,9.05,3.00,0.45,TREND,1.15,stressed,2.03,8600,dir,19.04,26.12,26.16,26.1306,1.46,4.89,0.43,TREND,0.07,stressed,0.29,0,mm,-6797.75
53.008,26,273.3,-6404.59,-6404.59,20258,20258,159.27,159.28,159.2352,11.65,1.23,1.00,TREND,1.61,stressed,3.24,10858,dir,663.22,101.6,101.62,101.6123,8.49,3.00,0.33,mixed,1.07,stressed,2.03,9400,dir,4.16,26.12,26.15,26.1312,1.21,4.89,0.56,TREND,-0.03,stressed,0.29,0,mm,-6797.75
53.135,26,273.3,-6404.59,-6404.59,20258,20258,159.27,159.28,159.2381,11.53,1.16,1.00,TREND,1.61,stressed,3.24,10858,dir,663.22,101.6,101.62,101.6121,8.21,2.86,0.33,mixed,1.07,stressed,2.03,9400,dir,4.16,26.09,26.15,26.1304,0.92,4.65,0.56,TREND,-0.03,stressed,0.29,0,mm,-6797.75
53.209,27,267.4,-6130.37,-6130.37,20258,20258,159.27,159.28,159.2394,11.47,1.16,1.00,TREND,1.61,stressed,3.80,10858,dir,663.22,101.6,101.62,101.6120,8.09,2.86,0.33,mixed,1.07,stressed,1.90,9400,dir,4.16,26.09,26.15,26.1300,0.80,4.65,0.56,TREND,-0.03,stressed,0.26,0,mm,-6797.75
53.349,27,267.4,-6130.37,-6130.37,20258,20258,159.27,159.28,159.2417,11.32,1.16,1.00,TREND,1.54,stressed,3.80,10858,dir,663.22,101.6,101.62,101.6119,7.86,2.86,0.29,mixed,1.04,normal,1.90,9400,dir,4.16,25.96,26.1,26.1300,0.80,4.65,0.56,TREND,-0.03,stressed,0.26,0,mm,-6797.75
53.384,27,267.4,-6130.37,-6130.37,20258,20258,159.27,159.28,159.2423,11.29,1.16,1.00,TREND,1.54,stressed,3.80,10858,dir,663.22,101.6,101.62,101.6119,7.80,2.86,0.29,mixed,1.04,normal,1.90,9400,dir,4.16,25.96,26.1,26.1300,0.80,4.65,0.56,TREND,-0.03,stressed,0.26,0,mm,-6797.75
53.570,27,267.4,-6130.37,-6130.37,20258,20258,159.27,159.28,159.2450,11.08,1.16,1.00,TREND,1.54,stressed,3.80,10858,dir,663.22,101.6,101.62,101.6117,7.52,2.86,0.29,mixed,1.04,normal,1.90,9400,dir,4.16,25.97,26.03,26.1193,-1.06,4.65,0.20,chop,-0.89,stressed,0.26,0,mm,-6797.75
53.603,27,267.4,-6130.37,-6130.37,20258,20258,159.27,159.28,159.2455,11.03,1.16,1.00,TREND,1.47,stressed,3.80,10858,dir,663.22,101.61,101.63,101.6119,7.50,2.86,0.12,chop,1.05,normal,1.90,9400,dir,4.16,25.97,26.03,26.1172,-1.39,4.65,0.20,chop,-0.89,stressed,0.26,0,mm,-6797.75
53.660,27,267.4,-6130.37,-6130.37,20258,20258,159.27,159.28,159.2463,10.96,1.18,1.00,TREND,1.47,stressed,3.80,10858,dir,663.22,101.61,101.63,101.6121,7.46,2.58,0.12,chop,1.05,normal,1.90,9400,dir,4.16,25.97,26.03,26.1141,-1.88,5.26,0.20,chop,-0.89,stressed,0.26,0,mm,-6797.75
53.832,27,273.9,-6130.37,-6130.37,20258,20258,159.27,159.28,159.2485,10.75,1.18,1.00,TREND,1.47,stressed,3.80,10858,dir,663.22,101.62,101.63,101.6131,7.39,2.58,0.12,chop,1.05,normal,1.90,9400,cut,4.16,25.99,26.03,26.1060,-3.02,5.26,0.21,chop,-0.82,stressed,0.26,0,mm,-6797.75
53.926,27,273.9,-6130.37,-6130.37,20258,20258,159.27,159.28,159.2496,10.62,1.18,1.00,TREND,1.43,stressed,3.80,10858,dir,663.22,101.62,101.63,101.6136,7.35,2.58,0.06,chop,1.05,normal,1.90,9400,cut,4.16,25.99,26.03,26.1019,-3.55,5.26,0.21,chop,-0.82,stressed,0.26,0,mm,-6797.75
54.135,27,273.9,-6130.37,-6130.37,15258,15258,159.27,159.28,159.2520,10.34,1.18,1.00,TREND,1.43,stressed,3.80,10858,dir,663.22,101.6,101.63,101.6137,7.07,2.58,0.06,chop,1.05,normal,1.90,4400,cut,41.16,26.01,26.03,26.0941,-4.37,5.26,0.22,chop,-0.76,stressed,0.26,0,mm,-6797.75
54.173,27,273.9,-6130.37,-6130.37,15258,15258,159.27,159.28,159.2524,10.28,1.19,1.00,TREND,1.43,stressed,3.80,10858,dir,663.22,101.6,101.63,101.6138,7.02,2.46,0.06,chop,1.05,normal,1.90,4400,cut,41.16,26.01,26.03,26.0928,-4.50,5.02,0.22,chop,-0.76,stressed,0.26,0,mm,-6797.75
54.562,28,270.2,-6093.37,-6093.37,15258,15258,159.27,159.28,159.2562,9.73,1.19,1.00,TREND,1.36,stressed,3.96,10858,dir,663.22,101.6,101.62,101.6131,6.42,2.46,0.33,mixed,0.93,normal,1.54,4400,cut,41.16,26.0,26.02,26.0789,-5.69,5.02,0.20,chop,-0.83,stressed,0.05,0,mm,-6797.75
54.766,28,270.2,-6093.37,-6093.37,16600,16600,159.25,159.26,159.2561,9.14,1.36,1.00,TREND,1.36,stressed,3.96,12200,dir,646.18,101.6,101.62,101.6128,6.13,2.34,0.33,mixed,0.93,normal,1.54,4400,cut,41.16,26.01,26.02,26.0730,-6.01,4.56,0.20,chop,-0.83,stressed,0.05,0,mm,-6797.75
54.920,28,273.7,-6093.37,-6093.37,16600,16600,159.25,159.26,159.2560,8.74,1.36,0.64,TREND,1.21,stressed,3.96,12200,dir,646.18,101.6,101.64,101.6133,6.05,2.34,0.26,mixed,0.93,normal,1.54,4400,cut,41.16,26.0,26.01,26.0683,-6.29,4.56,0.19,chop,-0.87,stressed,0.05,0,mm,-6797.75
55.182,28,273.7,-6093.37,-6093.37,16600,16600,159.24,159.26,159.2553,8.03,1.36,0.57,TREND,1.14,stressed,3.96,12200,dir,280.18,101.6,101.61,101.6124,5.61,2.34,0.36,mixed,0.84,normal,1.54,4400,cut,41.16,26.01,26.02,26.0621,-6.43,4.56,0.21,chop,-0.81,stressed,0.05,0,mm,-6797.75
55.425,28,273.7,-6093.37,-6093.37,16600,16600,159.23,159.25,159.2537,7.30,1.45,0.57,TREND,1.14,stressed,3.96,12200,dir,280.18,101.6,101.61,101.6116,5.26,2.22,0.36,mixed,0.84,normal,1.54,4400,cut,41.16,26.01,26.02,26.0570,-6.46,4.18,0.21,chop,-0.81,stressed,0.05,0,mm,-6797.75
56.116,29,274.3,-6476.41,-6476.41,12200,12200,159.23,159.25,159.2500,5.84,1.36,0.30,mixed,1.03,stressed,3.47,12200,dir,280.18,101.6,101.61,101.6098,4.48,2.05,0.30,mixed,0.81,normal,1.51,0,mm,47.32,26.01,26.05,26.0498,-5.71,3.97,0.61,TREND,-0.74,stressed,0.03,0,mm,-6797.75
56.355,30,266.4,-6592.25,-6592.25,12200,12200,159.23,159.24,159.2482,5.30,1.36,0.24,chop,0.97,stressed,3.40,12200,dir,158.18,101.6,101.61,101.6092,4.22,2.05,0.30,mixed,0.79,normal,1.99,0,mm,47.32,26.04,26.05,26.0493,-5.15,3.97,0.54,TREND,-0.65,stressed,0.05,0,mm,-6797.75
56.445,30,266.4,-6592.25,-6592.25,12200,12200,159.23,159.24,159.2477,5.13,1.36,0.24,chop,0.97,stressed,3.40,12200,dir,158.18,101.6,101.61,101.6091,4.13,2.05,0.30,mixed,0.79,normal,1.99,0,mm,47.32,26.05,26.08,26.0499,-4.84,3.97,0.54,TREND,-0.65,stressed,0.05,0,mm,-6797.75
56.525,30,266.4,-6592.25,-6592.25,12200,12200,159.23,159.24,159.2472,5.00,1.36,0.24,chop,0.97,stressed,3.40,12200,dir,158.18,101.6,101.61,101.6089,4.06,2.05,0.30,mixed,0.79,normal,1.99,0,mm,47.32,26.05,26.08,26.0505,-4.59,3.97,0.54,TREND,-0.65,stressed,0.05,0,mm,-6797.75
56.682,30,266.4,-6592.25,-6592.25,12200,12200,159.22,159.24,159.2460,4.70,1.37,0.05,chop,0.91,stressed,3.40,12200,dir,158.18,101.6,101.61,101.6086,3.93,1.90,0.22,chop,0.76,normal,1.99,0,mm,47.32,26.1,26.12,26.0547,-3.63,4.34,0.20,chop,-0.24,stressed,0.05,0,mm,-6797.75
56.708,30,269.7,-6592.25,-6592.25,12200,12200,159.22,159.24,159.2458,4.65,1.37,0.05,chop,0.91,stressed,3.40,12200,dir,158.18,101.6,101.61,101.6086,3.91,1.90,0.22,chop,0.76,normal,1.99,0,mm,47.32,26.1,26.12,26.0555,-3.46,4.34,0.20,chop,-0.24,stressed,0.05,0,mm,-6797.75
57.028,30,269.7,-6592.25,-6592.25,12200,12200,159.22,159.23,159.2429,4.02,1.37,0.00,chop,0.85,stressed,3.40,12200,dir,158.18,101.6,101.61,101.6081,3.66,1.90,0.22,chop,0.73,normal,1.99,0,mm,47.32,26.11,26.15,26.0659,-1.53,4.34,0.10,chop,-0.13,stressed,0.05,0,mm,-6797.75
57.244,30,269.7,-6592.25,-6592.25,12200,12200,159.22,159.23,159.2411,3.68,1.32,0.00,chop,0.85,stressed,3.40,12200,dir,36.18,101.6,101.61,101.6078,3.51,1.76,0.22,chop,0.73,normal,1.99,0,mm,47.32,26.17,26.2,26.0774,0.30,4.55,0.10,chop,-0.13,stressed,0.05,0,mm,-6797.75
57.347,31,265.5,-6714.25,-6714.25,12200,12200,159.22,159.23,159.2404,3.54,1.32,0.25,mixed,0.84,stressed,3.27,12200,dir,36.18,101.6,101.61,101.6077,3.43,1.76,0.22,chop,0.72,normal,2.10,0,mm,47.32,26.19,26.27,26.0848,1.39,4.55,0.16,chop,0.51,stressed,0.28,0,mm,-6797.75
57.921,31,265.5,-6714.25,-6714.25,12200,12200,159.19,159.22,159.2319,2.22,1.40,0.40,mixed,0.68,stressed,3.27,12200,dir,36.18,101.6,101.61,101.6070,3.07,1.62,0.22,chop,0.68,normal,2.10,0,mm,47.32,26.29,26.33,26.1383,8.12,5.13,0.33,mixed,0.98,stressed,0.28,0,mm,-6797.75
58.722,31,277.8,-6714.25,-6714.25,13058,13058,159.2,159.21,159.2236,1.24,1.27,0.40,mixed,0.65,stressed,3.27,13058,dir,-357.88,101.6,101.61,101.6064,2.66,1.50,0.13,chop,0.65,normal,2.10,0,mm,47.32,26.29,26.37,26.1978,12.72,4.63,0.36,mixed,1.06,stressed,0.28,0,mm,-6797.75
59.871,32,277.7,-6977.73,-6977.73,13058,13058,159.2,159.25,159.2242,1.65,1.31,0.56,mixed,0.68,stressed,3.08,13058,cut,-227.30,101.6,101.61,101.6058,2.17,1.38,0.09,chop,0.56,normal,2.80,0,mm,47.32,26.37,26.38,26.2709,15.71,4.38,0.44,TREND,1.26,stressed,0.41,0,mm,-6797.75
60.964,34,267.8,-6324.83,-6324.83,13058,13058,159.25,159.26,159.2366,3.03,1.43,0.17,chop,0.80,stressed,3.23,13058,cut,425.60,101.6,101.61,101.6055,1.78,1.27,0.50,mixed,0.50,normal,2.60,0,mm,47.32,26.33,26.37,26.3027,13.37,4.38,0.80,TREND,1.13,stressed,0.22,0,mm,-6797.75
62.445,35,270.5,-6338.33,-6338.33,3058,3058,159.23,159.25,159.2383,2.14,1.47,0.00,chop,0.64,normal,3.04,3058,cut,318.02,101.59,101.61,101.6028,1.10,1.22,1.00,mixed,0.38,normal,2.28,0,mm,47.32,26.33,26.34,26.3188,9.65,4.25,0.79,TREND,1.10,stressed,0.02,0,mm,-6797.75
63.526,36,269.9,-6462.99,-6462.99,0,0,159.22,159.23,159.2330,1.00,1.49,0.05,chop,0.44,normal,2.70,0,mm,248.61,101.59,101.6,101.5997,0.61,1.16,1.00,mixed,0.21,normal,1.92,0,mm,47.32,26.02,26.07,26.2106,-6.29,6.58,0.11,chop,-0.59,stressed,-0.47,0,mm,-6797.75
63.834,37,263.7,-6501.83,-6501.83,0,0,159.21,159.23,159.2313,0.73,1.49,0.05,chop,0.35,normal,2.35,0,mm,248.61,101.57,101.6,101.5977,0.32,1.16,1.00,mixed,-0.00,normal,1.48,0,mm,47.32,26.02,26.03,26.1853,-8.52,6.58,0.18,chop,-0.68,stressed,-0.51,0,mm,-6797.75
64.079,37,263.7,-6501.83,-6501.83,0,0,159.18,159.22,159.2279,0.21,1.58,0.05,chop,0.35,normal,2.35,0,mm,248.61,101.58,101.59,101.5963,0.15,1.15,1.00,mixed,-0.00,normal,1.48,0,mm,47.32,26.02,26.03,26.1679,-9.69,5.96,0.18,chop,-0.68,stressed,-0.51,0,mm,-6797.75
64.534,38,260.5,-6501.83,-6501.83,0,0,159.1,159.15,159.2080,-2.58,1.58,0.44,mixed,-0.88,normal,0.96,0,mm,248.61,101.57,101.58,101.5922,-0.35,1.15,1.00,mixed,-0.35,normal,1.13,0,mm,47.32,26.02,26.04,26.1412,-10.77,5.96,0.67,TREND,-0.58,stressed,-0.50,0,mm,-6797.75
64.757,38,260.5,-6501.83,-6501.83,0,0,159.1,159.11,159.1976,-3.80,2.27,0.44,mixed,-0.88,normal,0.96,0,mm,248.61,101.57,101.58,101.5905,-0.51,1.13,1.00,mixed,-0.35,normal,1.13,0,mm,47.32,26.04,26.05,26.1316,-10.76,5.69,0.67,TREND,-0.58,stressed,-0.50,0,mm,-6797.75
64.817,38,262.5,-6501.83,-6501.83,0,0,159.1,159.11,159.1951,-4.06,2.27,0.50,TREND,-1.10,normal,0.96,0,mm,248.61,101.57,101.58,101.5900,-0.54,1.13,1.00,mixed,-0.35,normal,1.13,0,mm,47.32,26.04,26.06,26.1294,-10.72,5.69,0.59,TREND,-0.44,stressed,-0.50,0,mm,-6797.75
64.852,38,262.5,-6501.83,-6501.83,0,0,159.1,159.11,159.1936,-4.22,2.27,0.50,TREND,-1.10,normal,0.96,0,mm,248.61,101.57,101.58,101.5898,-0.56,1.13,1.00,mixed,-0.35,normal,1.13,0,mm,47.32,26.04,26.06,26.1280,-10.69,5.69,0.59,TREND,-0.44,stressed,-0.50,0,mm,-6797.75
64.878,38,262.5,-6501.83,-6501.83,0,0,159.1,159.11,159.1925,-4.32,2.27,0.50,TREND,-1.10,normal,0.96,0,mm,248.61,101.57,101.58,101.5896,-0.58,1.13,1.00,mixed,-0.35,normal,1.13,0,mm,47.32,26.04,26.06,26.1270,-10.67,5.69,0.59,TREND,-0.44,stressed,-0.50,0,mm,-6797.75
64.915,38,262.5,-6501.83,-6501.83,0,0,159.1,159.11,159.1910,-4.46,2.27,0.50,TREND,-1.10,normal,0.96,0,mm,248.61,101.57,101.58,101.5894,-0.59,1.13,1.00,mixed,-0.35,normal,1.13,0,mm,47.32,26.04,26.06,26.1257,-10.64,5.69,0.59,TREND,-0.44,stressed,-0.50,0,mm,-6797.75
65.348,38,262.5,-6501.83,-6501.83,0,0,159.09,159.1,159.1733,-5.96,2.05,0.52,TREND,-1.53,stressed,0.96,0,mm,248.61,101.57,101.58,101.5867,-0.75,1.02,1.00,mixed,-0.62,normal,1.13,0,mm,47.32,26.05,26.07,26.1136,-9.94,5.36,0.63,TREND,-0.30,stressed,-0.50,0,mm,-6797.75
65.608,39,260.1,-6501.83,-6501.83,0,0,159.09,159.1,159.1643,-6.47,2.05,0.52,TREND,-1.70,stressed,0.50,0,mm,248.61,101.57,101.58,101.5854,-0.81,1.02,1.00,mixed,-0.82,normal,0.75,0,mm,47.32,26.06,26.08,26.1086,-9.35,5.36,0.59,TREND,-0.19,stressed,-0.42,0,mm,-6797.75
65.690,39,260.1,-6501.83,-6501.83,0,0,159.06,159.1,159.1610,-6.68,2.05,0.52,TREND,-1.70,stressed,0.50,0,mm,248.61,101.57,101.58,101.5850,-0.82,1.02,1.00,mixed,-0.82,normal,0.75,0,mm,47.32,26.07,26.11,26.1079,-9.05,5.36,0.59,TREND,-0.19,stressed,-0.42,0,mm,-6797.75
65.939,39,260.1,-6501.83,-6501.83,0,0,159.06,159.07,159.1504,-7.44,2.02,0.73,TREND,-2.29,stressed,0.50,0,mm,248.61,101.57,101.58,101.5839,-0.84,0.92,1.00,mixed,-1.03,normal,0.75,0,mm,47.32,26.13,26.19,26.1136,-6.99,5.81,0.44,TREND,0.51,stressed,-0.42,0,mm,-6797.75
66.317,40,257.2,-6501.83,-6501.83,0,0,159.06,159.07,159.1364,-8.11,2.02,0.73,TREND,-2.25,stressed,-0.17,0,mm,248.61,101.57,101.58,101.5824,-0.86,0.92,1.00,mixed,-1.27,normal,0.47,0,mm,47.32,26.27,26.39,26.1136,-6.99,5.81,0.44,TREND,0.51,stressed,-0.42,0,mm,-6797.75
66.470,40,257.2,-6501.83,-6501.83,0,0,159.04,159.07,159.1307,-8.37,1.84,0.73,TREND,-2.25,stressed,-0.17,0,mm,248.61,101.57,101.58,101.5819,-0.85,0.84,1.00,mixed,-1.27,normal,0.47,0,mm,47.32,26.2,26.38,26.1136,-6.99,5.81,0.44,TREND,0.51,stressed,-0.42,0,mm,-6797.75
66.595,40,259.0,-6501.83,-6501.83,0,0,159.04,159.06,159.1262,-8.57,1.84,0.74,TREND,-2.38,stressed,-0.17,0,mm,248.61,101.57,101.58,101.5815,-0.85,0.84,1.00,mixed,-1.42,normal,0.47,0,mm,47.32,26.25,26.26,26.1215,-5.27,6.07,0.21,chop,1.19,stressed,-0.42,0,mm,-6797.75
66.695,40,259.0,-6501.83,-6501.83,0,0,159.04,159.06,159.1226,-8.70,1.84,0.74,TREND,-2.38,stressed,-0.17,0,mm,248.61,101.57,101.58,101.5812,-0.84,0.84,1.00,mixed,-1.42,normal,0.47,0,mm,47.32,26.25,26.26,26.1279,-3.99,6.07,0.21,chop,1.19,stressed,-0.42,0,mm,-6797.75
66.777,40,259.0,-6501.83,-6501.83,0,0,159.04,159.06,159.1198,-8.78,1.84,0.74,TREND,-2.38,stressed,-0.17,0,mm,248.61,101.57,101.58,101.5810,-0.84,0.84,1.00,mixed,-1.42,normal,0.47,0,mm,47.32,26.25,26.26,26.1327,-3.05,6.07,0.21,chop,1.19,stressed,-0.42,0,mm,-6797.75
66.881,40,259.0,-6501.83,-6501.83,0,0,159.04,159.05,159.1162,-8.90,1.84,0.75,TREND,-2.34,stressed,-0.17,0,dir,248.61,101.57,101.58,101.5807,-0.83,0.84,1.00,mixed,-1.53,normal,0.47,0,mm,47.32,26.25,26.26,26.1385,-2.01,6.07,0.21,chop,1.14,stressed,-0.42,0,mm,-6797.75
66.948,40,259.0,-6501.83,-6501.83,0,0,159.04,159.05,159.1140,-8.96,1.84,0.75,TREND,-2.34,stressed,-0.17,0,dir,248.61,101.57,101.58,101.5805,-0.83,0.84,1.00,mixed,-1.53,normal,0.47,0,mm,47.32,26.25,26.26,26.1422,-1.40,6.07,0.21,chop,1.14,stressed,-0.42,0,mm,-6797.75
66.978,40,259.0,-6501.83,-6501.83,0,0,159.04,159.05,159.1130,-8.99,1.67,0.75,TREND,-2.34,stressed,-0.17,0,dir,248.61,101.57,101.58,101.5804,-0.83,0.76,1.00,mixed,-1.53,normal,0.47,0,mm,47.32,26.25,26.26,26.1438,-1.13,6.07,0.21,chop,1.14,stressed,-0.42,0,mm,-6797.75
67.514,41,257.5,-6615.33,-6615.33,5000,-5000,159.04,159.05,159.0978,-9.10,1.61,1.00,TREND,-2.23,stressed,-0.75,-5000,dir,135.11,101.57,101.58,101.5792,-0.78,0.69,1.00,mixed,-1.57,normal,-2.07,0,mm,47.32,26.25,26.27,26.1698,2.42,5.51,0.16,chop,1.14,stressed,-0.05,0,mm,-6797.75
67.702,41,258.7,-6615.33,-6615.33,5000,-5000,159.03,159.04,159.0925,-9.17,1.61,1.00,TREND,-2.23,stressed,-0.75,-5000,dir,135.11,101.57,101.58,101.5788,-0.77,0.69,1.00,mixed,-1.57,normal,-2.07,0,mm,47.32,26.26,26.28,26.1783,3.34,5.51,0.16,chop,1.14,stressed,-0.05,0,mm,-6797.75
67.853,41,258.7,-6615.33,-6615.33,5000,-5000,159.03,159.04,159.0885,-9.18,1.61,1.00,TREND,-2.21,stressed,-0.75,-5000,dir,135.11,101.57,101.58,101.5786,-0.75,0.69,1.00,mixed,-1.51,normal,-2.07,0,mm,47.32,26.26,26.28,26.1846,3.93,5.51,0.14,chop,1.18,stressed,-0.05,0,mm,-6797.75
67.974,41,258.7,-6615.33,-6615.33,5000,-5000,159.03,159.04,159.0855,-9.16,1.61,1.00,TREND,-2.21,stressed,-0.75,-5000,dir,135.11,101.57,101.58,101.5784,-0.74,0.69,1.00,mixed,-1.51,normal,-2.07,0,mm,47.32,26.27,26.28,26.1896,4.38,5.51,0.14,chop,1.18,stressed,-0.05,0,mm,-6797.75
68.411,41,258.7,-6615.33,-6615.33,10000,-10000,159.02,159.04,159.0752,-9.09,1.49,1.00,TREND,-2.14,stressed,-0.75,-10000,dir,171.01,101.56,101.58,101.5768,-0.83,0.66,1.00,mixed,-1.65,normal,-2.07,0,mm,47.32,26.27,26.29,26.2064,5.59,5.05,0.10,chop,1.21,stressed,-0.05,0,mm,-6797.75
68.502,42,256.5,-6515.33,-6515.33,10000,-10000,159.02,159.03,159.0731,-9.08,1.49,1.00,TREND,-2.14,stressed,-1.17,-10000,dir,171.01,101.56,101.57,101.5763,-0.88,0.66,1.00,mixed,-1.65,normal,-2.67,0,mm,47.32,26.27,26.3,26.2098,5.79,5.05,0.10,chop,1.21,stressed,0.73,0,mm,-6797.75
68.714,42,256.5,-6515.33,-6515.33,10000,-10000,159.02,159.04,159.0690,-8.94,1.49,1.00,TREND,-2.00,stressed,-1.17,-10000,dir,171.01,101.56,101.57,101.5752,-0.97,0.66,1.00,mixed,-1.79,normal,-2.67,0,mm,47.32,26.28,26.29,26.2169,6.14,5.05,0.09,chop,1.21,stressed,0.73,0,mm,-6797.75
68.764,42,256.5,-6515.33,-6515.33,10000,-10000,159.02,159.04,159.0681,-8.90,1.49,1.00,TREND,-2.00,stressed,-1.17,-10000,dir,171.01,101.56,101.57,101.5750,-0.98,0.66,1.00,mixed,-1.79,normal,-2.67,0,mm,47.32,26.28,26.29,26.2185,6.21,5.05,0.09,chop,1.21,stressed,0.73,0,mm,-6797.75
68.912,42,256.5,-6515.33,-6515.33,10000,-10000,159.03,159.05,159.0662,-8.67,1.53,1.00,TREND,-2.00,stressed,-1.17,-10000,dir,171.01,101.56,101.57,101.5743,-1.02,0.63,1.00,mixed,-1.79,normal,-2.67,0,mm,47.32,26.28,26.29,26.2230,6.37,4.60,0.09,chop,1.21,stressed,0.73,0,mm,-6797.75
68.960,42,259.4,-6515.33,-6515.33,10000,-10000,159.03,159.05,159.0656,-8.59,1.53,1.00,TREND,-2.00,stressed,-1.17,-10000,dir,171.01,101.56,101.57,101.5741,-1.03,0.63,1.00,mixed,-1.79,normal,-2.67,0,mm,47.32,26.28,26.29,26.2244,6.41,4.60,0.09,chop,1.21,stressed,0.73,0,mm,-6797.75
69.158,42,259.4,-6515.33,-6515.33,10000,-10000,159.03,159.05,159.0633,-8.29,1.53,0.91,TREND,-1.77,stressed,-1.17,-10000,dir,171.01,101.56,101.57,101.5733,-1.07,0.63,1.00,mixed,-1.71,normal,-2.67,0,mm,47.32,26.28,26.29,26.2298,6.53,4.60,0.09,chop,1.18,stressed,0.73,0,mm,-6797.75
69.185,42,259.4,-6515.33,-6515.33,10000,-10000,159.04,159.05,159.0631,-8.24,1.53,0.91,TREND,-1.77,stressed,-1.17,-10000,dir,71.01,101.56,101.57,101.5732,-1.07,0.63,1.00,mixed,-1.71,normal,-2.67,0,mm,47.32,26.28,26.29,26.2305,6.54,4.60,0.09,chop,1.18,stressed,0.73,0,mm,-6797.75
69.329,42,259.4,-6515.33,-6515.33,10000,-10000,159.04,159.05,159.0619,-7.98,1.53,0.91,TREND,-1.77,stressed,-1.17,-10000,dir,71.01,101.56,101.57,101.5727,-1.09,0.63,1.00,mixed,-1.71,normal,-2.67,0,mm,47.32,26.28,26.29,26.2341,6.58,4.60,0.09,chop,1.18,stressed,0.73,0,mm,-6797.75
69.558,42,259.4,-6515.33,-6515.33,10000,-10000,159.05,159.06,159.0612,-7.43,1.59,0.77,TREND,-1.52,stressed,-1.17,-10000,dir,71.01,101.56,101.57,101.5719,-1.10,0.58,1.00,mixed,-1.65,normal,-2.67,0,mm,47.32,26.29,26.3,26.2403,6.75,4.15,0.86,TREND,1.23,stressed,0.73,0,mm,-6797.75
69.793,43,257.3,-6679.43,-6679.43,10000,-10000,159.05,159.06,159.0605,-6.93,1.59,0.77,TREND,-1.52,stressed,-1.07,-10000,dir,71.01,101.56,101.57,101.5712,-1.10,0.58,1.00,mixed,-1.65,normal,-3.56,0,mm,47.32,26.29,26.3,26.2460,6.83,4.15,0.86,TREND,1.23,stressed,0.75,0,mm,-6797.75
69.957,43,257.3,-6679.43,-6679.43,10000,-10000,159.05,159.06,159.0601,-6.62,1.59,0.77,TREND,-1.45,stressed,-1.07,-10000,dir,71.01,101.56,101.57,101.5707,-1.10,0.58,1.00,mixed,-1.60,normal,-3.56,0,mm,47.32,26.29,26.31,26.2500,6.90,4.15,0.86,TREND,1.24,stressed,0.75,0,mm,-6797.75
70.033,43,257.3,-6679.43,-6679.43,10000,-10000,159.05,159.06,159.0599,-6.49,1.59,0.77,TREND,-1.45,stressed,-1.07,-10000,dir,71.01,101.56,101.57,101.5705,-1.09,0.58,1.00,mixed,-1.60,normal,-3.56,0,mm,47.32,26.29,26.31,26.2518,6.91,4.15,0.86,TREND,1.24,stressed,0.75,0,mm,-6797.75
70.491,43,257.3,-6679.43,-6679.43,12669,-12669,159.06,159.09,159.0629,-5.19,1.67,0.63,TREND,-1.19,stressed,-1.07,-12669,dir,-162.89,101.56,101.57,101.5694,-1.06,0.53,1.00,mixed,-1.54,normal,-3.56,0,mm,47.32,26.31,26.35,26.2670,7.73,3.95,0.88,TREND,1.46,stressed,0.75,0,mm,-6797.75
70.788,44,256.3,-6913.32,-6913.32,12669,-12669,159.1,159.22,159.0629,-5.19,1.67,0.63,TREND,-1.19,stressed,-1.07,-12669,dir,-162.89,101.56,101.57,101.5689,-1.02,0.53,1.00,mixed,-1.49,normal,-3.13,0,mm,47.32,26.34,26.41,26.2811,8.87,3.95,1.00,TREND,1.76,stressed,0.85,0,mm,-6797.75
71.342,44,256.3,-6913.32,-6913.32,12669,-12669,159.19,159.25,159.0990,0.68,2.85,0.33,TREND,0.47,stressed,-1.07,-12669,cut,-162.89,101.56,101.57,101.5680,-0.95,0.49,1.00,mixed,-1.41,normal,-3.13,0,mm,47.32,26.4,26.42,26.3107,11.05,4.16,1.00,TREND,1.91,stressed,0.85,0,mm,-6797.75
73.175,46,256.4,-10207.26,-10207.26,12669,-12669,159.33,159.35,159.2380,12.52,3.54,0.80,TREND,1.76,stressed,0.41,-12669,cut,-3456.83,101.56,101.57,101.5663,-0.72,0.45,1.00,mixed,-1.29,normal,-2.68,0,mm,47.32,26.46,26.47,26.3997,14.05,4.06,1.00,TREND,2.05,stressed,0.52,0,mm,-6797.75
74.201,47,255.5,-10840.71,-10840.71,12669,-12669,159.35,159.36,159.2827,12.79,3.25,0.91,TREND,1.85,stressed,0.34,-12669,cut,-4090.28,101.56,101.57,101.5658,-0.60,0.41,1.00,mixed,-1.18,normal,-2.68,0,mm,47.32,26.51,26.53,26.4457,15.16,3.94,1.00,TREND,2.16,stressed,0.78,0,mm,-6797.75
74.972,48,253.2,-10677.52,-10677.52,7669,-7669,159.35,159.38,159.3077,12.30,3.03,1.00,TREND,1.92,stressed,0.38,-7669,cut,-3927.09,101.54,101.57,101.5625,-0.94,0.45,1.00,mixed,-1.57,normal,-2.46,0,mm,47.32,26.56,26.57,26.4819,16.14,3.71,1.00,TREND,2.21,stressed,0.90,0,mm,-6797.75
75.232,48,253.2,-10677.52,-10677.52,2669,-2669,159.35,159.39,159.3149,12.08,3.03,1.00,TREND,1.87,stressed,0.38,-2669,cut,-4056.47,101.55,101.56,101.5616,-0.98,0.45,1.00,mixed,-1.52,normal,-2.46,0,mm,47.32,26.56,26.57,26.4915,16.02,3.71,1.00,TREND,2.04,stressed,0.90,0,mm,-6797.75
75.777,48,253.2,-10677.52,-10677.52,2669,-2669,159.37,159.38,159.3285,11.58,2.81,1.00,TREND,1.81,stressed,0.38,-2669,cut,-4083.16,101.54,101.56,101.5590,-1.17,0.44,1.00,mixed,-1.70,normal,-2.46,0,mm,47.32,26.56,26.57,26.5081,15.38,3.60,1.00,TREND,1.89,stressed,0.90,0,mm,-6797.75
76.664,50,249.6,-10860.28,-10860.28,2669,-2669,159.4,159.41,159.3546,11.71,2.63,1.00,TREND,1.96,stressed,0.42,-2669,cut,-4109.85,101.54,101.55,101.5542,-1.44,0.42,1.00,mixed,-1.85,normal,-2.91,0,mm,47.32,26.58,26.59,26.5344,14.68,3.29,1.00,TREND,1.85,stressed,0.96,0,mm,-6797.75
77.358,50,249.6,-10860.28,-10860.28,0,0,159.4,159.41,159.3687,11.00,2.55,1.00,TREND,1.83,stressed,0.42,0,mm,-4117.06,101.54,101.55,101.5516,-1.43,0.40,1.00,mixed,-1.73,normal,-2.91,0,mm,47.32,26.58,26.6,26.5499,13.73,3.14,1.00,TREND,1.76,stressed,0.96,0,mm,-6797.75
78.158,51,251.1,-10867.49,-10867.49,0,0,159.39,159.4,159.3769,9.49,2.55,0.90,TREND,1.64,stressed,0.37,0,mm,-4117.06,101.54,101.55,101.5496,-1.33,0.38,1.00,mixed,-1.63,normal,-2.91,0,mm,47.32,26.59,26.61,26.5656,12.75,2.94,1.00,TREND,1.68,stressed,1.05,0,mm,-6797.75
78.645,52,247.5,-10867.49,-10867.49,0,0,159.37,159.39,159.3776,8.25,2.55,0.44,mixed,1.43,stressed,0.33,0,mm,-4117.06,101.54,101.55,101.5486,-1.25,0.38,1.00,mixed,-1.54,normal,-2.68,0,mm,47.32,26.61,26.62,26.5756,12.42,2.94,1.00,TREND,1.60,stressed,1.38,0,mm,-6797.75
79.167,52,247.5,-10867.49,-10867.49,0,0,159.36,159.39,159.3770,7.04,2.61,0.37,mixed,1.32,normal,0.33,0,mm,-4117.06,101.54,101.55,101.5478,-1.16,0.36,1.00,mixed,-1.48,normal,-2.68,0,mm,47.32,26.61,26.62,26.5843,11.79,2.71,1.00,TREND,1.50,stressed,1.38,0,mm,-6797.75
79.662,53,246.6,-10867.49,-10867.49,0,0,159.39,159.4,159.3807,6.79,2.61,0.48,mixed,1.40,normal,0.49,0,mm,-4117.06,101.54,101.55,101.5472,-1.07,0.36,1.00,mixed,-1.41,normal,-2.68,0,mm,47.32,26.61,26.62,26.5907,11.06,2.71,1.00,TREND,1.43,stressed,1.33,0,mm,-6797.75
79.862,53,246.6,-10867.49,-10867.49,0,0,159.39,159.4,159.3820,6.66,2.42,0.48,mixed,1.40,normal,0.49,0,mm,-4117.06,101.54,101.55,101.5470,-1.04,0.34,1.00,mixed,-1.41,normal,-2.68,0,mm,47.32,26.62,26.63,26.5938,10.90,2.53,1.00,TREND,1.43,stressed,1.33,0,mm,-6797.75
80.376,53,250.0,-10867.49,-10867.49,0,0,159.38,159.41,159.3848,6.26,2.29,0.40,mixed,1.32,normal,0.49,0,mm,-4117.06,101.54,101.55,101.5466,-0.95,0.32,1.00,mixed,-1.36,normal,-2.68,0,mm,47.32,26.62,26.63,26.6004,10.36,2.46,1.00,TREND,1.39,stressed,1.33,0,mm,-6797.75
80.633,54,245.5,-10867.49,-10867.49,0,0,159.39,159.4,159.3859,6.05,2.29,0.40,mixed,1.27,stressed,0.50,0,mm,-4117.06,101.54,101.55,101.5464,-0.91,0.32,1.00,mixed,-1.31,normal,-2.68,0,mm,47.32,26.62,26.63,26.6032,10.04,2.46,1.00,TREND,1.34,stressed,1.32,0,mm,-6797.75
80.987,54,245.5,-10867.49,-10867.49,0,0,159.4,159.42,159.3897,6.10,2.10,0.48,mixed,1.32,stressed,0.50,0,mm,-4117.06,101.54,101.55,101.5462,-0.86,0.30,1.00,mixed,-1.26,normal,-2.68,0,mm,47.32,26.62,26.63,26.6066,9.56,2.37,1.00,TREND,1.29,stressed,1.32,0,mm,-6797.75
81.088,54,247.5,-10867.49,-10867.49,0,0,159.41,159.42,159.3909,6.13,2.10,0.48,mixed,1.32,stressed,0.50,0,mm,-4117.06,101.54,101.55,101.5461,-0.84,0.30,1.00,mixed,-1.26,normal,-2.68,0,mm,47.32,26.61,26.63,26.6072,9.39,2.37,1.00,TREND,1.29,stressed,1.32,0,mm,-6797.75
81.632,54,247.5,-10867.49,-10867.49,0,0,159.41,159.42,159.3963,6.08,1.95,0.45,mixed,1.29,stressed,0.50,0,mm,-4117.06,101.54,101.55,101.5459,-0.77,0.28,1.00,mixed,-1.23,normal,-2.68,0,mm,47.32,26.62,26.63,26.6112,8.66,2.28,1.00,TREND,1.22,stressed,1.32,0,mm,-6797.75
81.847,55,245.5,-10867.49,-10867.49,0,0,159.41,159.43,159.3986,6.08,1.95,0.45,mixed,1.29,stressed,0.61,0,mm,-4117.06,101.54,101.55,101.5458,-0.74,0.28,1.00,mixed,-1.23,normal,-2.68,0,mm,47.32,26.62,26.63,26.6126,8.38,2.28,1.00,TREND,1.22,stressed,0.97,0,mm,-6797.75
82.007,55,245.5,-10867.49,-10867.49,0,0,159.41,159.42,159.3998,5.98,1.95,0.45,mixed,1.24,stressed,0.61,0,mm,-4117.06,101.54,101.55,101.5457,-0.72,0.28,1.00,mixed,-1.19,normal,-2.68,0,mm,47.32,26.62,26.63,26.6135,8.17,2.28,1.00,TREND,1.18,stressed,0.97,0,mm,-6797.75
82.077,55,245.5,-10867.49,-10867.49,0,0,159.41,159.43,159.4004,5.97,1.95,0.45,mixed,1.24,stressed,0.61,0,mm,-4117.06,101.54,101.55,101.5457,-0.71,0.28,1.00,mixed,-1.19,normal,-2.68,0,mm,47.32,26.61,26.64,26.6138,8.08,2.28,1.00,TREND,1.18,stressed,0.97,0,mm,-6797.75
82.324,55,245.5,-10867.49,-10867.49,0,0,159.41,159.42,159.4020,5.80,1.85,0.40,mixed,1.19,stressed,0.61,0,mm,-4117.06,101.54,101.55,101.5456,-0.68,0.26,1.00,mixed,-1.18,normal,-2.68,0,mm,47.32,26.63,26.64,26.6162,7.94,2.09,1.00,TREND,1.17,stressed,0.97,0,mm,-6797.75
82.396,56,242.5,-10867.49,-10867.49,0,0,159.41,159.42,159.4025,5.74,1.85,0.40,mixed,1.19,stressed,0.60,0,mm,-4117.06,101.54,101.55,101.5456,-0.67,0.26,1.00,mixed,-1.18,normal,-2.68,0,mm,47.32,26.63,26.64,26.6168,7.89,2.09,1.00,TREND,1.17,stressed,0.67,0,mm,-6797.75
82.460,56,242.5,-10867.49,-10867.49,0,0,159.41,159.42,159.4028,5.69,1.85,0.40,mixed,1.19,stressed,0.60,0,mm,-4117.06,101.54,101.55,101.5456,-0.66,0.26,1.00,mixed,-1.18,normal,-2.68,0,mm,47.32,26.63,26.64,26.6173,7.84,2.09,1.00,TREND,1.17,stressed,0.67,0,mm,-6797.75
82.559,56,242.5,-10867.49,-10867.49,0,0,159.41,159.42,159.4034,5.62,1.85,0.40,mixed,1.19,stressed,0.60,0,mm,-4117.06,101.54,101.55,101.5456,-0.65,0.26,1.00,mixed,-1.18,normal,-2.68,0,mm,47.32,26.64,26.65,26.6186,7.84,2.09,1.00,TREND,1.17,stressed,0.67,0,mm,-6797.75
82.598,56,242.5,-10867.49,-10867.49,0,0,159.41,159.42,159.4036,5.59,1.85,0.40,mixed,1.15,stressed,0.60,0,mm,-4117.06,101.54,101.55,101.5456,-0.65,0.26,1.00,mixed,-1.15,normal,-2.68,0,mm,47.32,26.64,26.65,26.6191,7.84,2.09,1.00,TREND,1.18,stressed,0.67,0,mm,-6797.75
82.633,56,242.5,-10867.49,-10867.49,0,0,159.41,159.42,159.4038,5.56,1.85,0.40,mixed,1.15,stressed,0.60,0,mm,-4117.06,101.54,101.55,101.5456,-0.65,0.26,1.00,mixed,-1.15,normal,-2.68,0,mm,47.32,26.64,26.65,26.6195,7.83,2.09,1.00,TREND,1.18,stressed,0.67,0,mm,-6797.75
82.703,56,242.5,-10867.49,-10867.49,0,0,159.41,159.42,159.4042,5.51,1.85,0.40,mixed,1.15,stressed,0.60,0,mm,-4117.06,101.54,101.55,101.5455,-0.64,0.26,1.00,mixed,-1.15,normal,-2.68,0,mm,47.32,26.64,26.65,26.6203,7.82,2.09,1.00,TREND,1.18,stressed,0.67,0,mm,-6797.75
82.881,56,242.5,-10867.49,-10867.49,0,0,159.4,159.42,159.4046,5.31,1.80,0.07,chop,1.09,stressed,0.60,0,mm,-4117.06,101.54,101.55,101.5455,-0.62,0.24,0.00,chop,-1.11,normal,-2.68,0,mm,47.32,26.64,26.65,26.6223,7.76,1.92,1.00,TREND,1.15,stressed,0.67,0,mm,-6797.75
82.969,56,245.0,-10867.49,-10867.49,0,0,159.4,159.42,159.4049,5.21,1.80,0.07,chop,1.09,stressed,0.60,0,mm,-4117.06,101.54,101.55,101.5455,-0.61,0.24,0.00,chop,-1.11,normal,-2.68,0,mm,47.32,26.64,26.65,26.6232,7.72,1.92,1.00,TREND,1.15,stressed,0.67,0,mm,-6797.75
83.250,56,245.0,-10867.49,-10867.49,0,0,159.4,159.41,159.4049,4.82,1.80,0.00,chop,1.03,stressed,0.60,0,mm,-4117.06,101.54,101.55,101.5454,-0.58,0.24,0.00,chop,-1.08,calm,-2.68,0,mm,47.32,26.64,26.65,26.6260,7.56,1.92,1.00,TREND,1.11,stressed,0.67,0,mm,-6797.75
83.452,56,245.0,-10867.49,-10867.49,0,0,159.4,159.41,159.4049,4.58,1.74,0.00,chop,1.03,stressed,0.60,0,mm,-4117.06,101.54,101.55,101.5454,-0.56,0.23,0.00,chop,-1.08,calm,-2.68,0,mm,47.32,26.64,26.66,26.6281,7.49,1.81,1.00,TREND,1.11,stressed,0.67,0,mm,-6797.75
83.785,57,243.2,-10867.49,-10867.49,0,0,159.39,159.41,159.4042,4.11,1.74,0.06,chop,0.96,stressed,0.45,0,mm,-4117.06,101.53,101.55,101.5446,-0.64,0.23,1.00,mixed,-1.40,calm,-2.68,0,mm,47.32,26.66,26.67,26.6335,7.64,1.81,1.00,TREND,1.15,stressed,0.82,0,mm,-6797.75
83.944,57,243.2,-10867.49,-10867.49,0,0,159.4,159.41,159.4042,3.97,1.74,0.06,chop,0.96,stressed,0.45,0,mm,-4117.06,101.53,101.54,101.5439,-0.72,0.23,1.00,mixed,-1.40,calm,-2.68,0,mm,47.32,26.66,26.67,26.6358,7.65,1.81,1.00,TREND,1.15,stressed,0.82,0,mm,-6797.75
84.214,57,243.2,-10867.49,-10867.49,0,0,159.4,159.41,159.4043,3.76,1.63,0.00,chop,0.97,stressed,0.45,0,mm,-4117.06,101.53,101.54,101.5428,-0.83,0.29,1.00,mixed,-1.67,normal,-2.68,0,mm,47.32,26.66,26.67,26.6392,7.59,1.65,1.00,TREND,1.12,stressed,0.82,0,mm,-6797.75
84.432,58,240.7,-10867.49,-10867.49,0,0,159.39,159.41,159.4039,3.52,1.63,0.00,chop,0.97,stressed,0.50,0,mm,-4117.06,101.53,101.54,101.5421,-0.89,0.29,1.00,mixed,-1.67,normal,-2.68,0,mm,47.32,26.66,26.68,26.6423,7.57,1.65,1.00,TREND,1.12,stressed,0.88,0,mm,-6797.75
84.454,58,240.7,-10867.49,-10867.49,0,0,159.39,159.41,159.4039,3.50,1.63,0.00,chop,0.97,stressed,0.50,0,mm,-4117.06,101.53,101.54,101.5420,-0.89,0.29,1.00,mixed,-1.67,normal,-2.68,0,mm,47.32,26.66,26.68,26.6426,7.57,1.65,1.00,TREND,1.12,stressed,0.88,0,mm,-6797.75
84.588,58,240.7,-10867.49,-10867.49,0,0,159.39,159.4,159.4033,3.32,1.63,0.00,chop,0.88,stressed,0.50,0,mm,-4117.06,101.53,101.54,101.5416,-0.92,0.29,1.00,mixed,-1.60,normal,-2.68,0,mm,47.32,26.67,26.69,26.6448,7.63,1.65,1.00,TREND,1.15,stressed,0.88,0,mm,-6797.75
84.704,58,240.7,-10867.49,-10867.49,0,0,159.39,159.4,159.4029,3.17,1.63,0.00,chop,0.88,stressed,0.50,0,mm,-4117.06,101.53,101.54,101.5412,-0.93,0.29,1.00,mixed,-1.60,normal,-2.68,0,mm,47.32,26.67,26.69,26.6467,7.66,1.65,1.00,TREND,1.15,stressed,0.88,0,mm,-6797.75
84.977,58,240.7,-10867.49,-10867.49,0,0,159.38,159.4,159.4013,2.78,1.66,0.05,chop,0.82,stressed,0.50,0,mm,-4117.06,101.53,101.54,101.5405,-0.95,0.27,1.00,mixed,-1.58,normal,-2.68,0,mm,47.32,26.68,26.69,26.6514,7.74,1.54,1.00,TREND,1.13,stressed,0.88,0,mm,-6797.75
85.756,58,246.3,-10867.49,-10867.49,0,0,159.36,159.37,159.3903,1.00,1.76,0.14,chop,0.64,stressed,0.50,0,mm,-4117.06,101.53,101.54,101.5388,-0.94,0.26,1.00,mixed,-1.52,normal,-2.68,0,mm,47.32,26.68,26.7,26.6631,7.69,1.47,1.00,TREND,1.12,stressed,0.88,0,mm,-6797.75
87.203,59,247.0,-10867.49,-10867.49,0,0,159.15,159.18,159.2800,-10.91,3.40,0.82,TREND,-0.70,stressed,-0.15,0,mm,-4117.06,101.53,101.55,101.5394,-0.52,0.29,0.33,mixed,-1.05,normal,-2.01,0,mm,47.32,26.71,26.73,26.6910,8.16,1.48,1.00,TREND,1.28,stressed,3.29,0,mm,-6797.75
88.025,61,240.1,-10867.49,-10867.49,0,0,159.02,159.05,159.2012,-17.15,4.06,0.95,TREND,-1.62,stressed,-0.44,0,mm,-4117.06,101.53,101.55,101.5396,-0.41,0.27,0.33,mixed,-0.97,normal,-1.57,0,mm,47.32,26.75,26.76,26.7116,8.96,1.51,1.00,TREND,1.44,stressed,3.70,0,dir,-6797.75
88.740,62,238.0,-10867.49,-10867.49,0,0,159.01,159.03,159.1492,-18.81,3.79,0.98,TREND,-1.78,stressed,-0.26,0,mm,-4117.06,101.53,101.55,101.5397,-0.35,0.25,0.33,mixed,-0.92,normal,-1.57,0,mm,47.32,26.81,26.82,26.7412,11.01,1.75,1.00,TREND,1.74,stressed,4.01,0,dir,-6797.75
88.764,62,238.0,-10867.49,-10867.49,0,0,159.01,159.02,159.1477,-18.83,3.79,0.98,TREND,-1.78,stressed,-0.26,0,mm,-4117.06,101.54,101.55,101.5398,-0.34,0.25,0.33,mixed,-0.92,normal,-1.57,0,mm,47.32,26.81,26.83,26.7421,11.05,1.75,1.00,TREND,1.74,stressed,4.01,0,dir,-6797.75
88.825,62,238.0,-10867.49,-10867.49,0,0,159.01,159.02,159.1440,-18.87,3.79,0.98,TREND,-1.78,stressed,-0.26,0,mm,-4117.06,101.54,101.55,101.5399,-0.31,0.25,0.33,mixed,-0.92,normal,-1.57,0,mm,47.32,26.81,26.83,26.7443,11.14,1.75,1.00,TREND,1.74,stressed,4.01,0,dir,-6797.75
88.938,62,238.0,-10867.49,-10867.49,0,0,159.01,159.02,159.1373,-18.90,3.79,0.98,TREND,-1.78,stressed,-0.26,0,mm,-4117.06,101.54,101.55,101.5402,-0.26,0.25,0.33,mixed,-0.92,normal,-1.57,0,mm,47.32,26.82,26.85,26.7490,11.40,1.75,1.00,TREND,1.74,stressed,4.01,0,dir,-6797.75
89.006,62,238.0,-10867.49,-10867.49,0,0,159.01,159.02,159.1334,-18.90,3.79,0.98,TREND,-1.71,stressed,-0.26,0,mm,-4117.06,101.54,101.55,101.5403,-0.24,0.25,0.00,chop,-0.47,normal,-1.57,0,mm,47.32,26.82,26.85,26.7517,11.53,1.75,1.00,TREND,1.77,stressed,4.01,0,dir,-6797.75
89.056,62,238.0,-10867.49,-10867.49,0,0,159.01,159.02,159.1307,-18.89,3.79,0.98,TREND,-1.71,stressed,-0.26,0,mm,-4117.06,101.54,101.55,101.5404,-0.22,0.25,0.00,chop,-0.47,normal,-1.57,0,mm,47.32,26.82,26.85,26.7537,11.61,1.75,1.00,TREND,1.77,stressed,4.01,0,dir,-6797.75
89.305,63,235.3,-10867.49,-10867.49,0,0,159.01,159.02,159.1178,-18.73,3.62,0.98,TREND,-1.70,stressed,-0.20,0,mm,-4117.06,101.53,101.55,101.5404,-0.23,0.23,0.20,chop,-0.88,calm,-1.57,0,mm,47.32,26.85,26.87,26.7655,12.33,1.79,1.00,TREND,1.84,stressed,4.03,0,dir,-6797.75
89.478,63,235.3,-10867.49,-10867.49,5000,5000,159.02,159.07,159.1121,-18.16,3.62,0.98,TREND,-1.70,stressed,-0.20,0,mm,-4117.06,101.53,101.55,101.5404,-0.24,0.23,0.20,chop,-0.88,calm,-1.57,0,mm,47.32,26.86,26.89,26.7741,12.84,1.79,1.00,TREND,1.84,stressed,4.03,5000,dir,-6944.75
89.538,63,235.3,-10867.49,-10867.49,5000,5000,159.02,159.07,159.1102,-17.96,3.62,0.98,TREND,-1.70,stressed,-0.20,0,mm,-4117.06,101.53,101.55,101.5403,-0.24,0.23,0.20,chop,-0.88,calm,-1.57,0,mm,47.32,26.86,26.89,26.7769,12.98,1.79,1.00,TREND,1.84,stressed,4.03,5000,dir,-6944.75
89.684,63,235.3,-10867.49,-10867.49,5000,5000,159.02,159.07,159.1059,-17.49,3.62,0.84,TREND,-1.52,stressed,-0.20,0,mm,-4117.06,101.53,101.55,101.5403,-0.24,0.23,0.20,chop,-0.84,calm,-1.57,0,mm,47.32,26.86,26.89,26.7835,13.25,1.79,1.00,TREND,1.84,stressed,4.03,5000,dir,-6944.75
90.004,63,238.0,-10867.49,-10867.49,5000,5000,159.05,159.07,159.0994,-16.19,3.90,0.78,TREND,-1.44,stressed,-0.20,0,mm,-4117.06,101.53,101.55,101.5403,-0.24,0.21,0.20,chop,-0.80,calm,-1.57,0,mm,47.32,26.87,26.9,26.7977,13.77,1.63,1.00,TREND,1.82,stressed,4.03,5000,dir,-6944.75
90.440,63,238.0,-10867.49,-10867.49,5000,5000,159.08,159.09,159.0968,-13.97,3.90,0.68,TREND,-1.31,stressed,-0.20,0,mm,-4117.06,101.54,101.56,101.5421,0.04,0.21,0.33,mixed,0.26,calm,-1.57,0,mm,47.32,26.87,26.92,26.8157,14.19,1.63,1.00,TREND,1.82,stressed,4.03,5000,dir,-6944.75
90.787,64,236.2,-10714.49,-10714.49,5000,5000,159.16,159.18,159.1078,-10.60,4.67,0.42,TREND,-0.80,stressed,0.24,0,mm,-4117.06,101.53,101.54,101.5410,-0.17,0.23,0.11,chop,-1.27,normal,-1.79,0,mm,47.32,26.91,26.93,26.8315,14.70,1.57,1.00,TREND,1.91,stressed,5.55,5000,dir,-6644.75
90.915,64,236.2,-10714.49,-10714.49,5000,5000,159.16,159.18,159.1114,-9.62,4.67,0.42,TREND,-0.80,stressed,0.24,0,mm,-4117.06,101.53,101.54,101.5407,-0.22,0.23,0.11,chop,-1.27,normal,-1.79,0,mm,47.32,26.91,26.93,26.8366,14.78,1.57,1.00,TREND,1.91,stressed,5.55,5000,dir,-6644.75
91.107,64,236.2,-10714.49,-10714.49,10000,10000,159.2,159.21,159.1195,-7.85,4.67,0.34,TREND,-0.55,stressed,0.24,0,mm,-4117.06,101.53,101.54,101.5402,-0.29,0.23,0.00,chop,-1.23,calm,-1.79,0,mm,47.32,26.92,26.93,26.8442,14.87,1.57,1.00,TREND,1.83,stressed,5.55,10000,dir,-6652.25
91.859,64,236.2,-10714.49,-10714.49,10000,10000,159.2,159.21,159.1451,-3.45,4.57,0.33,TREND,-0.65,stressed,0.24,0,mm,-4117.06,101.53,101.54,101.5386,-0.44,0.22,0.00,chop,-1.20,calm,-1.79,0,mm,47.32,26.92,26.94,26.8699,14.59,1.54,1.00,TREND,1.86,stressed,5.55,10000,dir,-6652.25
92.342,65,237.2,-10721.99,-10721.99,10000,10000,159.2,159.22,159.1582,-1.82,4.57,0.28,TREND,-0.60,stressed,0.38,0,mm,-4117.06,101.53,101.54,101.5379,-0.47,0.22,0.00,chop,-1.17,calm,-1.34,0,mm,47.32,26.93,26.94,26.8831,14.11,1.54,1.00,TREND,1.83,stressed,5.42,10000,dir,-6652.25
92.938,66,234.7,-10621.99,-10621.99,12669,12669,159.33,159.34,159.2015,3.69,5.30,0.36,TREND,0.26,stressed,0.69,0,mm,-4117.06,101.5,101.53,101.5323,-1.17,0.37,0.45,mixed,-3.28,calm,-2.03,0,mm,47.32,26.93,26.95,26.8970,13.38,1.51,1.00,TREND,1.79,stressed,5.33,12669,dir,-6601.64
93.285,66,234.7,-10621.99,-10621.99,12669,12669,159.33,159.34,159.2216,5.44,5.30,0.36,TREND,0.25,stressed,0.69,0,mm,-4117.06,101.5,101.51,101.5282,-1.61,0.37,0.54,mixed,-3.58,normal,-2.03,0,mm,47.32,26.94,26.95,26.9042,12.95,1.51,1.00,TREND,1.73,stressed,5.33,12669,dir,-6601.64
93.542,67,232.3,-10544.68,-10544.68,12669,12669,159.33,159.34,159.2346,6.28,4.87,0.36,TREND,0.25,stressed,0.62,0,mm,-4117.06,101.5,101.51,101.5255,-1.81,0.40,0.54,mixed,-3.07,normal,-2.35,0,mm,47.32,26.94,26.95,26.9089,12.58,1.51,1.00,TREND,1.65,stressed,5.05,12669,dir,-6474.95
93.667,67,232.3,-10544.68,-10544.68,12669,12669,159.33,159.34,159.2402,6.58,4.87,0.36,TREND,0.25,stressed,0.62,0,mm,-4117.06,101.5,101.51,101.5244,-1.89,0.40,0.54,mixed,-3.07,normal,-2.35,0,mm,47.32,26.94,26.96,26.9112,12.44,1.51,1.00,TREND,1.65,stressed,5.05,12669,dir,-6474.95
93.844,67,232.3,-10544.68,-10544.68,12669,12669,159.35,159.37,159.2499,7.25,4.87,0.39,TREND,0.42,stressed,0.62,0,mm,-4117.06,101.5,101.51,101.5228,-1.97,0.40,0.54,mixed,-2.74,normal,-2.35,0,mm,47.32,26.95,26.97,26.9152,12.34,1.51,1.00,TREND,1.67,stressed,5.05,12669,dir,-6474.95
93.935,67,233.7,-10544.68,-10544.68,12669,12669,159.35,159.37,159.2545,7.52,4.87,0.39,TREND,0.42,stressed,0.62,0,mm,-4117.06,101.5,101.51,101.5221,-2.00,0.40,0.54,mixed,-2.74,normal,-2.35,0,mm,47.32,26.95,26.97,26.9170,12.27,1.51,1.00,TREND,1.67,stressed,5.05,12669,dir,-6474.95
94.126,67,233.7,-10544.68,-10544.68,15000,15000,159.36,159.37,159.2640,8.05,4.56,0.40,TREND,0.45,stressed,0.62,0,mm,-4117.06,101.5,101.51,101.5206,-2.05,0.39,0.54,mixed,-2.49,normal,-2.35,0,mm,47.32,26.94,26.96,26.9199,11.96,1.50,0.92,TREND,1.54,stressed,5.05,15000,dir,-6525.06
94.353,67,233.7,-10544.68,-10544.68,15000,15000,159.36,159.4,159.2758,8.72,4.56,0.40,TREND,0.45,stressed,0.62,0,mm,-4117.06,101.5,101.51,101.5190,-2.07,0.39,0.54,mixed,-2.49,normal,-2.35,0,mm,47.32,26.96,26.97,26.9244,11.83,1.50,0.92,TREND,1.54,stressed,5.05,15000,dir,-6225.06
94.446,67,233.7,-10544.68,-10544.68,15000,15000,159.36,159.4,159.2797,8.91,4.56,0.90,TREND,0.56,stressed,0.62,0,mm,-4117.06,101.5,101.51,101.5185,-2.08,0.39,0.54,mixed,-2.32,normal,-2.35,0,mm,47.32,26.96,26.97,26.9260,11.77,1.50,0.91,TREND,1.57,stressed,5.05,15000,dir,-6225.06
94.688,68,231.8,-10294.80,-10294.80,15000,15000,159.38,159.39,159.2916,9.41,4.18,0.90,TREND,0.58,stressed,0.13,0,mm,-4117.06,101.5,101.51,101.5170,-2.07,0.38,0.54,mixed,-2.17,normal,-2.35,0,mm,47.32,26.96,26.97,26.9304,11.52,1.38,0.91,TREND,1.51,stressed,5.40,15000,dir,-6225.06
94.919,68,231.8,-10294.80,-10294.80,15000,15000,159.38,159.42,159.3027,9.92,4.18,0.90,TREND,0.58,stressed,0.13,0,mm,-4117.06,101.5,101.51,101.5157,-2.05,0.38,0.54,mixed,-2.17,normal,-2.35,0,mm,47.32,26.96,26.97,26.9339,11.26,1.38,0.91,TREND,1.51,stressed,5.40,15000,dir,-6225.06
95.242,68,231.8,-10294.80,-10294.80,15000,15000,159.38,159.42,159.3165,10.30,3.78,0.97,TREND,0.68,stressed,0.13,0,mm,-4117.06,101.5,101.52,101.5149,-1.90,0.41,0.43,mixed,-1.74,normal,-2.35,0,mm,47.32,26.96,26.97,26.9383,10.84,1.41,0.88,TREND,1.46,stressed,5.40,15000,dir,-6225.06
95.584,69,230.4,-10444.80,-10444.80,15338,15338,159.42,159.43,159.3325,10.98,3.78,0.98,TREND,0.85,stressed,0.20,0,mm,-4117.06,101.5,101.52,101.5142,-1.75,0.41,0.43,mixed,-1.68,normal,-2.07,0,mm,47.32,26.93,26.95,26.9386,9.79,1.41,0.64,TREND,1.24,stressed,4.22,15338,dir,-6682.33
95.630,69,230.4,-10444.80,-10444.80,15338,15338,159.42,159.43,159.3347,11.04,3.78,0.98,TREND,0.85,stressed,0.20,0,mm,-4117.06,101.5,101.52,101.5141,-1.73,0.41,0.43,mixed,-1.68,normal,-2.07,0,mm,47.32,26.93,26.95,26.9386,9.65,1.41,0.64,TREND,1.24,stressed,4.22,15338,dir,-6682.33
95.656,69,230.4,-10444.80,-10444.80,15338,15338,159.42,159.43,159.3358,11.07,3.78,0.98,TREND,0.85,stressed,0.20,0,mm,-4117.06,101.5,101.52,101.5140,-1.72,0.41,0.43,mixed,-1.68,normal,-2.07,0,mm,47.32,26.93,26.95,26.9386,9.58,1.41,0.64,TREND,1.24,stressed,4.22,15338,dir,-6682.33
95.680,69,230.4,-10444.80,-10444.80,15338,15338,159.42,159.43,159.3368,11.09,3.78,0.98,TREND,0.85,stressed,0.20,0,mm,-4117.06,101.5,101.52,101.5140,-1.71,0.41,0.43,mixed,-1.68,normal,-2.07,0,mm,47.32,26.93,26.95,26.9386,9.52,1.41,0.64,TREND,1.24,stressed,4.22,15338,dir,-6682.33
95.892,69,230.4,-10444.80,-10444.80,15338,15338,159.42,159.43,159.3452,11.24,3.51,1.00,TREND,0.83,stressed,0.20,0,mm,-4117.06,101.5,101.52,101.5136,-1.64,0.39,0.54,mixed,-1.61,normal,-2.07,0,mm,47.32,26.93,26.95,26.9388,8.99,1.64,0.60,TREND,1.20,stressed,4.22,15338,dir,-6682.33
95.937,69,230.4,-10444.80,-10444.80,15338,15338,159.42,159.43,159.3468,11.26,3.51,1.00,TREND,0.83,stressed,0.20,0,mm,-4117.06,101.5,101.51,101.5134,-1.64,0.39,0.54,mixed,-1.61,normal,-2.07,0,mm,47.32,26.93,26.94,26.9387,8.86,1.64,0.60,TREND,1.20,stressed,4.22,15338,dir,-6682.33
96.111,69,232.3,-10444.80,-10444.80,15338,15338,159.42,159.43,159.3530,11.27,3.51,1.00,TREND,0.83,stressed,0.20,0,mm,-4117.06,101.5,101.51,101.5128,-1.64,0.39,0.54,mixed,-1.61,normal,-2.07,0,mm,47.32,26.92,26.94,26.9380,8.35,1.64,0.60,TREND,1.20,stressed,4.22,15338,dir,-6682.33
96.154,69,232.3,-10444.80,-10444.80,15338,15338,159.42,159.43,159.3544,11.27,3.51,1.00,TREND,0.82,stressed,0.20,0,mm,-4117.06,101.5,101.51,101.5126,-1.64,0.39,0.54,mixed,-1.84,normal,-2.07,0,mm,47.32,26.92,26.94,26.9378,8.23,1.64,0.44,TREND,1.11,stressed,4.22,15338,dir,-6682.33
96.316,69,232.3,-10444.80,-10444.80,15338,15338,159.42,159.43,159.3596,11.23,3.51,1.00,TREND,0.82,stressed,0.20,0,mm,-4117.06,101.5,101.51,101.5121,-1.63,0.39,0.54,mixed,-1.84,normal,-2.07,0,mm,47.32,26.92,26.93,26.9369,7.76,1.64,0.44,TREND,1.11,stressed,4.22,15338,dir,-6835.71
96.407,69,232.3,-10444.80,-10444.80,15338,15338,159.42,159.43,159.3623,11.18,3.29,1.00,TREND,0.80,stressed,0.20,0,mm,-4117.06,101.5,101.51,101.5118,-1.63,0.38,0.54,mixed,-1.74,normal,-2.07,0,mm,47.32,26.92,26.93,26.9364,7.51,1.72,0.33,TREND,1.03,stressed,4.22,15338,dir,-6835.71
96.477,69,232.3,-10444.80,-10444.80,15338,15338,159.42,159.43,159.3644,11.14,3.29,1.00,TREND,0.80,stressed,0.20,0,mm,-4117.06,101.5,101.51,101.5115,-1.62,0.38,0.54,mixed,-1.74,normal,-2.07,0,mm,47.32,26.92,26.93,26.9360,7.33,1.72,0.33,TREND,1.03,stressed,4.22,15338,dir,-6835.71
96.689,70,229.8,-10905.45,-10905.45,15338,15338,159.42,159.43,159.3701,10.98,3.29,1.00,TREND,0.79,stressed,0.17,0,mm,-4117.06,101.5,101.53,101.5119,-1.45,0.38,0.33,mixed,-1.08,normal,-1.51,0,mm,47.32,26.79,26.94,26.9360,7.33,1.72,0.33,TREND,1.03,stressed,4.22,15338,dir,-6835.71
97.071,70,229.8,-10905.45,-10905.45,15338,15338,159.41,159.43,159.3783,10.47,3.12,0.97,TREND,0.74,stressed,0.17,0,mm,-4117.06,101.5,101.52,101.5116,-1.32,0.40,0.37,mixed,-1.33,normal,-1.51,0,mm,47.32,26.71,26.88,26.9360,7.33,1.72,0.33,TREND,1.03,stressed,4.22,15338,cut,-6835.71
97.500,71,228.2,-15533.21,-15533.21,17331,17331,159.24,159.3,159.3586,5.74,3.12,0.37,TREND,-0.35,stressed,-0.35,0,mm,-4117.06,101.5,101.53,101.5122,-1.07,0.40,0.47,mixed,-0.99,normal,-1.19,0,mm,47.32,26.65,26.67,26.8856,-0.88,4.02,0.59,TREND,-0.83,stressed,0.30,17331,cut,-11463.47
97.681,71,228.2,-15533.21,-15533.21,17331,17331,159.24,159.28,159.3504,4.14,4.35,0.37,TREND,-0.35,stressed,-0.35,0,mm,-4117.06,101.51,101.52,101.5124,-0.98,0.42,0.47,mixed,-0.99,normal,-1.19,0,mm,47.32,26.62,26.63,26.8641,-3.80,4.02,0.59,TREND,-0.83,stressed,0.30,17331,cut,-11636.78
97.727,71,228.2,-15533.21,-15533.21,17331,17331,159.24,159.28,159.3484,3.78,4.35,0.37,TREND,-0.35,stressed,-0.35,0,mm,-4117.06,101.51,101.52,101.5125,-0.96,0.42,0.47,mixed,-0.99,normal,-1.19,0,mm,47.32,26.62,26.63,26.8588,-4.45,4.02,0.59,TREND,-0.83,stressed,0.30,17331,cut,-11636.78
97.895,71,228.2,-15533.21,-15533.21,17331,17331,159.25,159.26,159.3414,2.59,4.35,0.13,chop,-0.44,stressed,-0.35,0,mm,-4117.06,101.51,101.52,101.5127,-0.90,0.42,0.33,mixed,-0.95,normal,-1.19,0,mm,47.32,26.59,26.63,26.8402,-6.63,4.02,0.76,TREND,-1.19,stressed,0.30,17331,cut,-11636.78
97.938,71,229.6,-15533.21,-15533.21,17331,17331,159.25,159.26,159.3395,2.29,4.35,0.13,chop,-0.44,stressed,-0.35,0,mm,-4117.06,101.51,101.52,101.5127,-0.88,0.42,0.33,mixed,-0.95,normal,-1.19,0,mm,47.32,26.59,26.63,26.8352,-7.17,4.02,0.76,TREND,-1.19,stressed,0.30,17331,cut,-11636.78
97.966,71,229.6,-15533.21,-15533.21,17331,17331,159.25,159.26,159.3385,2.13,4.35,0.13,chop,-0.44,stressed,-0.35,0,mm,-4117.06,101.51,101.52,101.5127,-0.87,0.42,0.33,mixed,-0.95,normal,-1.19,0,mm,47.32,26.59,26.63,26.8324,-7.47,4.02,0.76,TREND,-1.19,stressed,0.30,17331,cut,-11636.78
98.352,71,229.6,-15533.21,-15533.21,17331,17331,159.25,159.26,159.3246,0.22,3.92,0.13,chop,-0.44,normal,-0.35,0,mm,-4117.06,101.49,101.52,101.5115,-1.01,0.46,0.43,mixed,-1.52,normal,-1.19,0,mm,47.32,26.59,26.63,26.7953,-10.75,3.91,0.78,TREND,-1.16,stressed,0.30,17331,cut,-11636.78
98.861,72,228.4,-16053.14,-16053.14,17331,17331,159.15,159.25,159.2981,-2.98,3.97,0.01,chop,-0.81,normal,-0.50,0,mm,-4117.06,101.5,101.51,101.5101,-1.08,0.43,0.43,mixed,-1.45,normal,-1.51,0,mm,47.32,26.52,26.6,26.7453,-14.53,3.78,0.80,TREND,-1.50,stressed,-0.08,17331,cut,-11983.40
99.006,72,228.4,-16053.14,-16053.14,12331,12331,159.25,159.27,159.2956,-2.92,3.97,0.01,chop,-0.81,normal,-0.50,0,mm,-4117.06,101.49,101.51,101.5094,-1.14,0.43,0.43,mixed,-1.45,normal,-1.51,0,mm,47.32,26.54,26.84,26.7453,-14.53,3.78,0.80,TREND,-1.50,stressed,-0.08,12331,cut,-13823.54
99.103,72,228.4,-16053.14,-16053.14,12331,12331,159.25,159.27,159.2940,-2.88,3.97,0.01,chop,-0.81,normal,-0.50,0,mm,-4117.06,101.49,101.51,101.5090,-1.18,0.43,0.43,mixed,-1.45,normal,-1.51,0,mm,47.32,26.54,26.84,26.7453,-14.53,3.78,0.80,TREND,-1.50,stressed,-0.08,12331,cut,-13823.54
99.460,72,228.4,-16053.14,-16053.14,12331,12331,159.23,159.24,159.2848,-3.33,3.99,0.29,mixed,-0.53,normal,-0.50,0,mm,-4117.06,101.49,101.5,101.5068,-1.38,0.46,0.33,mixed,-1.93,normal,-1.51,0,mm,47.32,26.49,26.5,26.7065,-17.36,3.77,0.86,TREND,-1.88,stressed,-0.08,12331,cut,-13823.54
99.738,73,227.0,-18139.90,-18139.90,12331,12331,159.2,159.23,159.2763,-3.91,3.99,0.32,mixed,-0.67,normal,-0.42,0,mm,-4117.06,101.5,101.52,101.5072,-1.17,0.46,0.07,chop,-1.03,normal,-1.28,0,mm,47.32,26.48,26.5,26.6800,-18.74,3.77,0.87,TREND,-1.83,stressed,-0.33,12331,cut,-14070.16
99.770,73,227.0,-18139.90,-18139.90,12331,12331,159.2,159.23,159.2753,-3.97,3.99,0.32,mixed,-0.67,normal,-0.42,0,mm,-4117.06,101.5,101.52,101.5073,-1.15,0.46,0.07,chop,-1.03,normal,-1.28,0,mm,47.32,26.48,26.5,26.6771,-18.86,3.77,0.87,TREND,-1.83,stressed,-0.33,12331,cut,-14070.16
99.892,73,227.0,-18139.90,-18139.90,12331,12331,159.2,159.23,159.2720,-4.14,3.99,0.32,mixed,-0.67,normal,-0.42,0,mm,-4117.06,101.5,101.52,101.5074,-1.08,0.46,0.07,chop,-1.03,normal,-1.28,0,mm,47.32,26.48,26.5,26.6667,-19.24,3.77,0.87,TREND,-1.83,stressed,-0.33,12331,cut,-14070.16
100.002,73,227.0,-18139.90,-18139.90,7331,7331,159.2,159.21,159.2686,-4.36,3.80,0.34,mixed,-0.71,normal,-0.42,0,mm,-4117.06,101.5,101.51,101.5073,-1.06,0.53,0.13,chop,-1.26,calm,-1.28,0,mm,47.32,26.49,26.51,26.6582,-19.41,3.69,0.83,TREND,-1.71,stressed,-0.33,7331,dir,-14261.23
100.038,73,227.0,-18139.90,-18139.90,7331,7331,159.2,159.21,159.2675,-4.43,3.80,0.34,mixed,-0.71,normal,-0.42,0,mm,-4117.06,101.5,101.51,101.5072,-1.06,0.53,0.13,chop,-1.26,calm,-1.28,0,mm,47.32,26.49,26.51,26.6556,-19.45,3.69,0.83,TREND,-1.71,stressed,-0.33,7331,dir,-14261.23
100.137,73,227.0,-18139.90,-18139.90,7331,7331,159.2,159.21,159.2647,-4.58,3.80,0.34,mixed,-0.71,normal,-0.42,0,mm,-4117.06,101.49,101.51,101.5069,-1.08,0.53,0.13,chop,-1.26,calm,-1.28,0,mm,47.32,26.49,26.5,26.6482,-19.58,3.69,0.83,TREND,-1.71,stressed,-0.33,7331,dir,-14261.23
100.169,73,227.0,-18139.90,-18139.90,7331,7331,159.2,159.21,159.2638,-4.62,3.80,0.34,mixed,-0.71,normal,-0.42,0,mm,-4117.06,101.49,101.51,101.5068,-1.09,0.53,0.13,chop,-1.26,calm,-1.28,0,mm,47.32,26.49,26.5,26.6459,-19.61,3.69,0.83,TREND,-1.71,stressed,-0.33,7331,dir,-14261.23
100.244,74,224.5,-18330.97,-18330.97,7331,7331,159.2,159.21,159.2617,-4.72,3.80,0.34,mixed,-0.71,normal,-0.48,0,mm,-4117.06,101.49,101.51,101.5066,-1.10,0.53,0.13,chop,-1.26,calm,-1.58,0,mm,47.32,26.47,26.51,26.6405,-19.69,3.69,0.83,TREND,-1.71,stressed,-0.37,7331,dir,-14261.23
100.356,74,224.5,-18330.97,-18330.97,7331,7331,159.2,159.21,159.2588,-4.84,3.80,0.34,mixed,-0.69,normal,-0.48,0,mm,-4117.06,101.5,101.51,101.5065,-1.07,0.53,0.00,chop,-1.21,calm,-1.58,0,mm,47.32,26.47,26.5,26.6325,-19.81,3.69,0.85,TREND,-1.74,stressed,-0.37,7331,dir,-14261.23
100.394,74,224.5,-18330.97,-18330.97,7331,7331,159.2,159.21,159.2578,-4.87,3.80,0.34,mixed,-0.69,normal,-0.48,0,mm,-4117.06,101.5,101.51,101.5065,-1.06,0.53,0.00,chop,-1.21,calm,-1.58,0,mm,47.32,26.47,26.5,26.6298,-19.84,3.69,0.85,TREND,-1.74,stressed,-0.37,7331,dir,-14261.23
100.428,74,224.5,-18330.97,-18330.97,7331,7331,159.2,159.21,159.2570,-4.90,3.80,0.34,mixed,-0.69,normal,-0.48,0,mm,-4117.06,101.5,101.51,101.5064,-1.06,0.53,0.00,chop,-1.21,calm,-1.58,0,mm,47.32,26.47,26.5,26.6275,-19.86,3.69,0.85,TREND,-1.74,stressed,-0.37,7331,dir,-14261.23
100.465,74,224.5,-18330.97,-18330.97,7331,7331,159.2,159.21,159.2561,-4.93,3.80,0.34,mixed,-0.69,normal,-0.48,0,mm,-4117.06,101.5,101.51,101.5064,-1.05,0.53,0.00,chop,-1.21,calm,-1.58,0,mm,47.32,26.47,26.5,26.6251,-19.87,3.69,0.85,TREND,-1.74,stressed,-0.37,7331,dir,-14261.23
100.532,74,224.5,-18330.97,-18330.97,7331,7331,159.2,159.21,159.2545,-4.98,3.50,0.34,mixed,-0.69,normal,-0.48,0,mm,-4117.06,101.5,101.51,101.5064,-1.03,0.49,0.00,chop,-1.21,calm,-1.58,0,mm,47.32,26.47,26.5,26.6207,-19.89,3.41,0.85,TREND,-1.74,stressed,-0.37,7331,dir,-14261.23
100.649,74,224.5,-18330.97,-18330.97,2331,2331,159.19,159.21,159.2516,-5.08,3.50,0.44,TREND,-0.71,normal,-0.48,0,mm,-4117.06,101.49,101.51,101.5060,-1.05,0.49,0.07,chop,-1.45,calm,-1.58,0,mm,47.32,26.46,26.48,26.6126,-20.01,3.41,0.91,TREND,-1.76,stressed,-0.37,2331,dir,-14323.10
100.673,74,224.5,-18330.97,-18330.97,2331,2331,159.19,159.21,159.2510,-5.10,3.50,0.44,TREND,-0.71,normal,-0.48,0,mm,-4117.06,101.49,101.51,101.5060,-1.06,0.49,0.07,chop,-1.45,calm,-1.58,0,mm,47.32,26.46,26.48,26.6110,-20.03,3.41,0.91,TREND,-1.76,stressed,-0.37,2331,dir,-14323.10
100.704,74,225.9,-18330.97,-18330.97,2331,2331,159.19,159.21,159.2502,-5.13,3.50,0.44,TREND,-0.71,normal,-0.48,0,mm,-4117.06,101.49,101.51,101.5059,-1.06,0.49,0.07,chop,-1.45,calm,-1.58,0,mm,47.32,26.46,26.48,26.6089,-20.05,3.41,0.91,TREND,-1.76,stressed,-0.37,2331,dir,-14323.10
100.721,74,225.9,-18330.97,-18330.97,2331,2331,159.19,159.21,159.2499,-5.14,3.50,0.44,TREND,-0.71,normal,-0.48,0,mm,-4117.06,101.49,101.51,101.5058,-1.06,0.49,0.07,chop,-1.45,calm,-1.58,0,mm,47.32,26.46,26.48,26.6079,-20.05,3.41,0.91,TREND,-1.76,stressed,-0.37,2331,dir,-14323.10
100.750,74,225.9,-18330.97,-18330.97,2331,2331,159.19,159.21,159.2492,-5.16,3.50,0.44,TREND,-0.71,normal,-0.48,0,mm,-4117.06,101.49,101.51,101.5058,-1.07,0.49,0.07,chop,-1.45,calm,-1.58,0,mm,47.32,26.46,26.48,26.6060,-20.07,3.41,0.91,TREND,-1.76,stressed,-0.37,2331,dir,-14323.10
100.769,74,225.9,-18330.97,-18330.97,2331,2331,159.19,159.21,159.2487,-5.17,3.50,0.44,TREND,-0.71,normal,-0.48,0,mm,-4117.06,101.49,101.51,101.5057,-1.07,0.49,0.07,chop,-1.45,calm,-1.58,0,mm,47.32,26.46,26.48,26.6047,-20.07,3.41,0.91,TREND,-1.76,stressed,-0.37,2331,dir,-14323.10
100.907,74,225.9,-18330.97,-18330.97,2331,2331,159.19,159.21,159.2457,-5.24,3.50,0.44,TREND,-0.69,stressed,-0.48,0,mm,-4117.06,101.49,101.51,101.5053,-1.08,0.49,0.07,chop,-1.39,calm,-1.58,0,mm,47.32,26.46,26.48,26.5963,-20.08,3.41,0.91,TREND,-1.70,stressed,-0.37,2331,dir,-14323.10
100.942,74,225.9,-18330.97,-18330.97,2331,2331,159.19,159.2,159.2448,-5.26,3.50,0.44,TREND,-0.69,stressed,-0.48,0,mm,-4117.06,101.49,101.51,101.5053,-1.08,0.49,0.07,chop,-1.39,calm,-1.58,0,mm,47.32,26.46,26.48,26.5942,-20.07,3.41,0.91,TREND,-1.70,stressed,-0.37,2331,dir,-14323.10
100.983,74,225.9,-18330.97,-18330.97,2331,2331,159.19,159.2,159.2439,-5.29,3.50,0.44,TREND,-0.69,stressed,-0.48,0,mm,-4117.06,101.49,101.51,101.5052,-1.08,0.49,0.07,chop,-1.39,calm,-1.58,0,mm,47.32,26.46,26.48,26.5919,-20.05,3.41,0.91,TREND,-1.70,stressed,-0.37,2331,dir,-14323.10
101.052,74,225.9,-18330.97,-18330.97,2331,2331,159.19,159.2,159.2423,-5.33,3.17,0.44,TREND,-0.69,stressed,-0.48,0,mm,-4117.06,101.49,101.51,101.5050,-1.09,0.47,0.07,chop,-1.39,calm,-1.58,0,mm,47.32,26.46,26.48,26.5879,-20.01,3.15,0.91,TREND,-1.70,stressed,-0.37,2331,dir,-14323.10
101.272,74,225.9,-18330.97,-18330.97,2331,2331,159.13,159.14,159.2317,-6.38,3.17,0.60,TREND,-1.15,stressed,-0.48,0,mm,-4117.06,101.49,101.52,101.5050,-1.01,0.47,0.00,chop,-1.08,calm,-1.58,0,mm,47.32,26.44,26.48,26.5753,-19.97,3.15,0.96,TREND,-1.69,stressed,-0.37,2331,dir,-14323.10
101.304,75,223.7,-18439.46,-18439.46,2331,2331,159.12,159.14,159.2302,-6.51,3.17,0.60,TREND,-1.15,stressed,-0.67,0,mm,-4117.06,101.5,101.51,101.5050,-1.00,0.47,0.00,chop,-1.08,calm,-1.36,0,mm,47.32,26.44,26.48,26.5736,-19.95,3.15,0.96,TREND,-1.69,stressed,-0.46,2331,dir,-14369.72
101.515,75,223.7,-18439.46,-18439.46,2331,2331,159.12,159.14,159.2207,-7.28,3.17,0.60,TREND,-1.15,stressed,-0.67,0,mm,-4117.06,101.5,101.52,101.5055,-0.86,0.47,0.00,chop,-1.08,calm,-1.36,0,mm,47.32,26.44,26.47,26.5623,-19.83,3.15,0.96,TREND,-1.69,stressed,-0.46,2331,dir,-14369.72
101.924,75,223.7,-18439.46,-18439.46,2331,2331,159.13,159.14,159.2056,-8.05,3.32,0.69,TREND,-1.08,stressed,-0.67,0,mm,-4117.06,101.51,101.52,101.5071,-0.52,0.57,0.06,chop,-0.47,calm,-1.36,0,mm,47.32,26.44,26.47,26.5434,-19.30,2.90,0.96,TREND,-1.66,stressed,-0.46,2331,dir,-14369.72
102.755,76,224.0,-18493.07,-18493.07,2331,-2331,159.13,159.14,159.1828,-8.32,3.11,0.81,TREND,-1.04,stressed,-0.72,0,mm,-4117.06,101.49,101.51,101.5048,-0.79,0.65,0.10,chop,-1.28,calm,-1.53,0,mm,47.32,26.43,26.48,26.5149,-17.59,2.81,0.96,TREND,-1.60,stressed,-0.50,-2331,dir,-14423.33
103.196,76,225.3,-18493.07,-18493.07,2331,-2331,159.13,159.14,159.1738,-8.09,3.11,0.81,TREND,-1.00,stressed,-0.72,0,mm,-4117.06,101.49,101.52,101.5049,-0.69,0.65,0.00,chop,-0.95,calm,-1.53,0,mm,47.32,26.41,26.46,26.4999,-17.11,2.81,0.96,TREND,-1.65,stressed,-0.50,-2331,dir,-14423.33
103.359,76,225.3,-18493.07,-18493.07,5000,-5000,159.13,159.14,159.1709,-7.97,2.90,0.81,TREND,-1.00,stressed,-0.72,0,mm,-4117.06,101.49,101.51,101.5045,-0.72,0.60,0.00,chop,-0.95,calm,-1.53,0,mm,47.32,26.42,26.44,26.4947,-16.91,2.58,0.96,TREND,-1.65,stressed,-0.50,-5000,dir,-14400.94
103.557,76,225.3,-18493.07,-18493.07,5338,-5338,159.13,159.14,159.1678,-7.81,2.90,0.81,TREND,-0.96,stressed,-0.72,0,mm,-4117.06,101.49,101.5,101.5037,-0.82,0.60,0.20,chop,-1.47,calm,-1.53,0,mm,47.32,26.42,26.43,26.4885,-16.70,2.58,0.92,TREND,-1.64,stressed,-0.50,-5338,dir,-14409.50
103.879,77,223.4,-18470.67,-18470.67,5338,-5338,159.13,159.14,159.1632,-7.52,2.71,0.80,TREND,-0.90,stressed,-0.71,0,mm,-4117.06,101.49,101.5,101.5024,-0.92,0.57,0.16,chop,-1.40,calm,-1.70,0,mm,47.32,26.41,26.42,26.4782,-16.45,2.37,0.92,TREND,-1.62,stressed,-0.62,-5338,dir,-14409.50
104.144,77,223.4,-18470.67,-18470.67,6993,-6993,159.13,159.14,159.1598,-7.26,2.71,0.80,TREND,-0.87,stressed,-0.71,0,mm,-4117.06,101.49,101.5,101.5016,-0.97,0.57,0.16,chop,-1.35,calm,-1.70,0,mm,47.32,26.41,26.42,26.4707,-16.11,2.37,0.92,TREND,-1.56,stressed,-0.62,-6993,dir,-14383.71
104.366,77,223.4,-18470.67,-18470.67,8461,-8461,159.12,159.13,159.1564,-7.19,2.71,0.80,TREND,-0.87,stressed,-0.71,0,mm,-4117.06,101.49,101.5,101.5009,-1.00,0.57,0.16,chop,-1.35,calm,-1.70,0,mm,47.32,26.41,26.42,26.4652,-15.77,2.37,0.92,TREND,-1.56,stressed,-0.62,-8461,dir,-14330.66
104.824,78,222.2,-18400.39,-18400.39,8461,-8461,159.12,159.14,159.1513,-6.80,2.48,0.64,TREND,-0.87,stressed,-0.68,0,mm,-4117.06,101.49,101.5,101.4998,-1.01,0.53,0.22,chop,-1.30,calm,-1.53,0,mm,47.32,26.41,26.42,26.4555,-14.94,2.31,0.91,TREND,-1.50,stressed,-0.65,-8461,dir,-14330.66
105.070,78,222.2,-18400.39,-18400.39,8461,-8461,159.12,159.13,159.1484,-6.67,2.48,0.64,TREND,-0.87,stressed,-0.68,0,mm,-4117.06,101.49,101.56,101.5025,-0.48,0.53,0.22,chop,-1.30,calm,-1.53,0,mm,47.32,26.41,26.45,26.4527,-14.19,2.31,0.91,TREND,-1.50,stressed,-0.65,-8461,dir,-14330.66
105.162,78,223.2,-18400.39,-18400.39,8461,-8461,159.12,159.13,159.1474,-6.61,2.48,0.65,TREND,-0.87,stressed,-0.68,0,mm,-4117.06,101.51,101.55,101.5037,-0.28,0.53,0.22,chop,0.81,calm,-1.53,0,mm,47.32,26.42,26.44,26.4517,-13.93,2.31,0.78,TREND,-1.37,stressed,-0.65,-8461,dir,-14330.66
105.383,78,223.2,-18400.39,-18400.39,11993,-11993,159.12,159.14,159.1457,-6.37,2.31,0.65,TREND,-0.87,stressed,-0.68,0,mm,-4117.06,101.54,101.55,101.5078,0.37,0.94,0.22,chop,0.81,calm,-1.53,0,mm,47.32,26.43,26.46,26.4511,-13.08,2.51,0.78,TREND,-1.37,stressed,-0.65,-11993,dir,-14780.36
105.579,78,223.2,-18400.39,-18400.39,11993,-11993,159.12,159.14,159.1443,-6.17,2.31,0.47,TREND,-0.80,stressed,-0.68,0,mm,-4117.06,101.51,101.52,101.5084,0.38,0.94,0.08,chop,-0.08,calm,-1.53,0,mm,47.32,26.43,26.46,26.4505,-12.41,2.51,0.59,TREND,-1.26,stressed,-0.65,-11993,dir,-14780.36
105.612,78,223.2,-18400.39,-18400.39,11993,-11993,159.13,159.14,159.1442,-6.12,2.31,0.47,TREND,-0.80,stressed,-0.68,0,mm,-4117.06,101.51,101.52,101.5085,0.38,0.94,0.08,chop,-0.08,calm,-1.53,0,mm,47.32,26.43,26.45,26.4504,-12.32,2.51,0.59,TREND,-1.26,stressed,-0.65,-11993,dir,-14780.36
105.649,78,223.2,-18400.39,-18400.39,11993,-11993,159.13,159.14,159.1440,-6.07,2.31,0.47,TREND,-0.80,stressed,-0.68,0,mm,-4117.06,101.51,101.52,101.5086,0.39,0.94,0.08,chop,-0.08,calm,-1.53,0,mm,47.32,26.43,26.45,26.4502,-12.22,2.51,0.59,TREND,-1.26,stressed,-0.65,-11993,dir,-14780.36
105.835,79,221.3,-18850.09,-18850.09,11993,-11993,159.13,159.14,159.1432,-5.82,2.31,0.42,TREND,-0.72,stressed,-0.67,0,mm,-4117.06,101.51,101.52,101.5092,0.39,0.94,0.08,chop,-0.05,calm,-0.54,0,mm,47.32,26.44,26.47,26.4506,-11.52,2.51,0.51,TREND,-1.17,stressed,-0.62,-11993,dir,-14780.36
105.868,79,221.3,-18850.09,-18850.09,11993,-11993,159.13,159.14,159.1431,-5.78,2.31,0.42,TREND,-0.72,stressed,-0.67,0,mm,-4117.06,101.51,101.52,101.5092,0.39,0.94,0.08,chop,-0.05,calm,-0.54,0,mm,47.32,26.44,26.47,26.4507,-11.40,2.51,0.51,TREND,-1.17,stressed,-0.62,-11993,dir,-14780.36
105.931,79,221.3,-18850.09,-18850.09,11993,-11993,159.13,159.14,159.1429,-5.70,2.20,0.42,TREND,-0.72,stressed,-0.67,0,mm,-4117.06,101.51,101.52,101.5094,0.39,1.15,0.08,chop,-0.05,calm,-0.54,0,mm,47.32,26.44,26.47,26.4508,-11.18,2.47,0.51,TREND,-1.17,stressed,-0.62,-11993,dir,-14780.36
106.076,79,221.3,-18850.09,-18850.09,11993,-11993,159.13,159.15,159.1427,-5.47,2.20,0.42,TREND,-0.72,stressed,-0.67,0,mm,-4117.06,101.49,101.52,101.5091,0.28,1.15,0.08,chop,-0.05,calm,-0.54,0,mm,47.32,26.46,26.47,26.4517,-10.61,2.47,0.51,TREND,-1.17,stressed,-0.62,-11993,dir,-14780.36
106.219,79,221.3,-18850.09,-18850.09,11993,-11993,159.13,159.15,159.1425,-5.27,2.20,0.76,TREND,-0.65,stressed,-0.67,0,mm,-4117.06,101.49,101.52,101.5089,0.20,1.15,0.08,chop,-0.64,calm,-0.54,0,mm,47.32,26.46,26.47,26.4525,-10.13,2.47,0.20,chop,-1.09,stressed,-0.62,-11993,dir,-14780.36
106.370,80,218.9,-19089.95,-19089.95,11993,-11993,159.13,159.15,159.1423,-5.05,2.20,0.76,TREND,-0.65,stressed,-0.08,0,mm,-4117.06,101.5,101.51,101.5086,0.11,1.15,0.08,chop,-0.64,calm,-0.94,0,mm,47.32,26.46,26.48,26.4538,-9.54,2.47,0.20,chop,-1.09,stressed,-0.59,-11993,dir,-15020.22
106.538,80,218.9,-19089.95,-19089.95,13123,-13123,159.14,159.15,159.1425,-4.78,2.13,0.64,TREND,-0.61,stressed,-0.08,0,mm,-4117.06,101.5,101.51,101.5083,0.04,1.13,0.04,chop,-0.63,calm,-0.94,0,mm,47.32,26.47,26.49,26.4558,-8.87,2.54,0.06,chop,-1.00,stressed,-0.59,-13123,dir,-15295.67
106.623,80,218.9,-19089.95,-19089.95,13123,-13123,159.14,159.15,159.1426,-4.65,2.13,0.64,TREND,-0.61,stressed,-0.08,0,mm,-4117.06,101.49,101.51,101.5080,-0.03,1.13,0.04,chop,-0.63,calm,-0.94,0,mm,47.32,26.47,26.49,26.4568,-8.55,2.54,0.06,chop,-1.00,stressed,-0.59,-13123,dir,-15295.67
106.760,80,218.9,-19089.95,-19089.95,13123,-13123,159.14,159.15,159.1428,-4.45,2.13,0.64,TREND,-0.61,stressed,-0.08,0,mm,-4117.06,101.49,101.51,101.5075,-0.13,1.13,0.04,chop,-0.63,calm,-0.94,0,mm,47.32,26.47,26.49,26.4582,-8.09,2.54,0.06,chop,-1.00,stressed,-0.59,-13123,dir,-15295.67
106.928,80,220.5,-19089.95,-19089.95,13123,-13123,159.14,159.15,159.1430,-4.24,2.13,0.60,TREND,-0.60,stressed,-0.08,0,mm,-4117.06,101.49,101.5,101.5065,-0.28,1.13,0.08,chop,-1.23,calm,-0.94,0,mm,47.32,26.5,26.51,26.4618,-7.27,2.54,0.03,chop,-0.87,stressed,-0.59,-13123,dir,-15295.67
107.133,80,220.5,-19089.95,-19089.95,13123,-13123,159.15,159.16,159.1441,-3.85,2.06,0.60,TREND,-0.60,stressed,-0.08,0,mm,-4117.06,101.49,101.5,101.5055,-0.44,1.10,0.08,chop,-1.23,calm,-0.94,0,mm,47.32,26.52,26.6,26.4708,-5.60,3.07,0.03,chop,-0.87,stressed,-0.59,-13123,dir,-15295.67
107.467,80,220.5,-19089.95,-19089.95,13123,-13123,159.14,159.16,159.1449,-3.45,2.06,0.50,TREND,-0.53,stressed,-0.08,0,mm,-4117.06,101.48,101.51,101.5040,-0.61,1.10,0.04,chop,-1.19,calm,-0.94,0,mm,47.32,26.59,26.65,26.4924,-2.19,3.07,0.58,TREND,-0.33,stressed,-0.59,-13123,cut,-15295.67
107.652,81,218.8,-21333.86,-21333.86,13123,-13123,159.15,159.16,159.1458,-3.19,1.88,0.50,TREND,-0.53,stressed,0.41,0,mm,-4117.06,101.49,101.5,101.5032,-0.68,1.00,0.04,chop,-1.19,calm,-1.18,0,mm,47.32,26.69,26.8,26.5138,0.96,4.42,0.58,TREND,-0.33,stressed,0.06,-13123,cut,-17264.12
107.810,81,218.8,-21333.86,-21333.86,11623,-11623,159.15,159.16,159.1464,-3.00,1.88,0.43,mixed,-0.48,stressed,0.41,0,mm,-4117.06,101.49,101.5,101.5026,-0.73,1.00,0.04,chop,-1.16,calm,-1.18,0,mm,47.32,26.77,26.8,26.5330,3.56,4.42,0.74,TREND,0.42,stressed,0.06,-11623,cut,-19200.92
107.827,81,218.8,-21333.86,-21333.86,11623,-11623,159.15,159.16,159.1465,-2.98,1.88,0.43,mixed,-0.48,stressed,0.41,0,mm,-4117.06,101.48,101.49,101.5025,-0.75,1.00,0.04,chop,-1.16,calm,-1.18,0,mm,47.32,26.77,26.8,26.5352,3.85,4.42,0.74,TREND,0.42,stressed,0.06,-11623,cut,-19200.92
107.887,81,218.8,-21333.86,-21333.86,11623,-11623,159.15,159.16,159.1467,-2.91,1.88,0.43,mixed,-0.48,stressed,0.41,0,mm,-4117.06,101.48,101.49,101.5020,-0.81,1.00,0.04,chop,-1.16,calm,-1.18,0,mm,47.32,26.77,26.8,26.5421,4.70,4.42,0.74,TREND,0.42,stressed,0.06,-11623,cut,-19200.92
108.001,81,218.8,-21333.86,-21333.86,11623,-11623,159.15,159.16,159.1472,-2.79,1.88,0.43,mixed,-0.48,stressed,0.41,0,mm,-4117.06,101.48,101.49,101.5011,-0.91,1.00,0.04,chop,-1.16,calm,-1.18,0,mm,47.32,26.77,26.8,26.5549,6.18,4.42,0.74,TREND,0.42,stressed,0.06,-11623,cut,-19200.92
108.178,81,218.8,-21333.86,-21333.86,8123,-8123,159.14,159.16,159.1474,-2.69,1.71,0.33,mixed,-0.52,normal,0.41,0,mm,-4117.06,101.48,101.49,101.4998,-1.04,0.98,0.17,chop,-1.72,calm,-1.18,0,mm,47.32,26.78,26.85,26.5757,8.46,4.43,0.80,TREND,0.55,stressed,0.06,-8123,cut,-19533.22
108.387,81,220.8,-21333.86,-21333.86,8123,-8123,159.15,159.16,159.1481,-2.50,1.71,0.33,mixed,-0.52,normal,0.41,0,mm,-4117.06,101.48,101.51,101.4993,-1.00,0.98,0.17,chop,-1.72,calm,-1.18,0,mm,47.32,26.79,26.85,26.5986,10.65,4.43,0.80,TREND,0.55,stressed,0.06,-8123,cut,-19533.22
108.439,81,220.8,-21333.86,-21333.86,8123,-8123,159.14,159.16,159.1482,-2.48,1.71,0.33,mixed,-0.51,normal,0.41,0,mm,-4117.06,101.48,101.51,101.4992,-0.99,0.98,0.17,chop,-1.08,calm,-1.18,0,mm,47.32,26.79,26.85,26.6039,11.10,4.43,0.82,TREND,0.57,stressed,0.06,-8123,cut,-19533.22
108.563,81,220.8,-21333.86,-21333.86,8123,-8123,159.14,159.15,159.1480,-2.48,1.71,0.33,mixed,-0.51,normal,0.41,0,mm,-4117.06,101.53,101.54,101.5013,-0.59,0.98,0.17,chop,-1.08,calm,-1.18,0,mm,47.32,26.84,26.92,26.6196,12.63,4.43,0.82,TREND,0.57,stressed,0.06,-8123,cut,-19533.22
108.608,81,220.8,-21333.86,-21333.86,8123,-8123,159.14,159.15,159.1479,-2.47,1.71,0.33,mixed,-0.51,normal,0.41,0,mm,-4117.06,101.53,101.54,101.5020,-0.46,0.98,0.17,chop,-1.08,calm,-1.18,0,mm,47.32,26.84,26.92,26.6248,13.11,4.43,0.82,TREND,0.57,stressed,0.06,-8123,cut,-19533.22
108.682,81,220.8,-21333.86,-21333.86,8123,-8123,159.14,159.15,159.1478,-2.47,1.55,0.33,mixed,-0.51,normal,0.41,0,mm,-4117.06,101.53,101.54,101.5031,-0.26,1.35,0.17,chop,-1.08,calm,-1.18,0,mm,47.32,26.84,26.92,26.6336,13.86,4.34,0.82,TREND,0.57,stressed,0.06,-8123,cut,-19533.22
108.925,82,218.5,-23602.96,-23602.96,3123,-3123,159.14,159.15,159.1475,-2.43,1.55,0.20,chop,-0.55,normal,0.43,0,mm,-4117.06,101.53,101.54,101.5065,0.30,1.35,0.12,chop,1.40,calm,-0.09,0,mm,47.32,26.91,26.94,26.6649,16.57,4.34,0.85,TREND,1.03,stressed,0.36,-3123,cut,-20171.79
108.964,82,218.5,-23602.96,-23602.96,3123,-3123,159.14,159.15,159.1475,-2.42,1.55,0.20,chop,-0.55,normal,0.43,0,mm,-4117.06,101.53,101.54,101.5070,0.37,1.35,0.12,chop,1.40,calm,-0.09,0,mm,47.32,26.91,26.94,26.6698,16.94,4.34,0.85,TREND,1.03,stressed,0.36,-3123,cut,-20171.79
109.026,82,218.5,-23602.96,-23602.96,3123,-3123,159.12,159.15,159.1471,-2.46,1.55,0.20,chop,-0.55,normal,0.43,0,mm,-4117.06,101.53,101.54,101.5079,0.49,1.35,0.12,chop,1.40,calm,-0.09,0,mm,47.32,26.93,26.94,26.6774,17.51,4.34,0.85,TREND,1.03,stressed,0.36,-3123,cut,-20171.79
109.064,82,218.5,-23602.96,-23602.96,3123,-3123,159.12,159.15,159.1469,-2.48,1.55,0.20,chop,-0.55,normal,0.43,0,mm,-4117.06,101.53,101.54,101.5083,0.55,1.35,0.12,chop,1.40,calm,-0.09,0,mm,47.32,26.93,26.94,26.6821,17.85,4.34,0.85,TREND,1.03,stressed,0.36,-3123,cut,-20171.79
109.121,82,218.5,-23602.96,-23602.96,3123,-3123,159.12,159.15,159.1466,-2.51,1.55,0.20,chop,-0.55,normal,0.43,0,mm,-4117.06,101.53,101.54,101.5091,0.64,1.35,0.12,chop,1.40,calm,-0.09,0,mm,47.32,26.93,26.94,26.6888,18.30,4.34,0.85,TREND,1.03,stressed,0.36,-3123,cut,-20171.79
109.143,82,218.5,-23602.96,-23602.96,3123,-3123,159.12,159.15,159.1465,-2.52,1.55,0.20,chop,-0.55,normal,0.43,0,mm,-4117.06,101.53,101.54,101.5093,0.68,1.35,0.12,chop,1.40,calm,-0.09,0,mm,47.32,26.93,26.94,26.6913,18.46,4.34,0.85,TREND,1.03,stressed,0.36,-3123,cut,-20171.79
109.173,82,218.5,-23602.96,-23602.96,3123,-3123,159.12,159.15,159.1463,-2.54,1.55,0.00,chop,-0.62,normal,0.43,0,mm,-4117.06,101.53,101.54,101.5097,0.72,1.35,0.24,chop,1.36,calm,-0.09,0,mm,47.32,26.93,26.94,26.6947,18.68,4.34,0.86,TREND,1.05,stressed,0.36,-3123,cut,-20171.79
109.517,82,218.5,-23602.96,-23602.96,3123,-3123,159.12,159.15,159.1446,-2.63,1.46,0.00,chop,-0.65,normal,0.43,0,mm,-4117.06,101.48,101.49,101.5060,-0.04,1.69,0.08,chop,-1.66,calm,-0.09,0,mm,47.32,26.93,26.94,26.7307,20.47,4.15,0.86,TREND,1.03,stressed,0.36,-3123,cut,-20171.79
109.620,83,216.7,-24241.53,-24241.53,3123,-3123,159.09,159.11,159.1425,-2.92,1.46,0.00,chop,-0.65,normal,0.29,0,mm,-4117.06,101.48,101.49,101.5050,-0.21,1.69,0.08,chop,-1.66,calm,-0.73,0,mm,47.32,26.93,26.97,26.7410,20.93,4.15,0.86,TREND,1.03,stressed,0.29,-3123,cut,-20171.79
109.673,83,216.7,-24241.53,-24241.53,3123,-3123,159.09,159.11,159.1414,-3.06,1.46,0.00,chop,-0.65,normal,0.29,0,mm,-4117.06,101.48,101.49,101.5045,-0.29,1.69,0.08,chop,-1.66,calm,-0.73,0,mm,47.32,26.93,26.97,26.7462,21.13,4.15,0.86,TREND,1.03,stressed,0.29,-3123,cut,-20171.79
109.741,83,216.7,-24241.53,-24241.53,3123,-3123,159.09,159.11,159.1401,-3.22,1.46,0.00,chop,-0.65,normal,0.29,0,mm,-4117.06,101.48,101.49,101.5039,-0.39,1.69,0.08,chop,-1.66,calm,-0.73,0,mm,47.32,26.93,26.97,26.7527,21.35,4.15,0.86,TREND,1.03,stressed,0.29,-3123,cut,-20171.79
109.878,83,216.7,-24241.53,-24241.53,0,0,159.08,159.1,159.1370,-3.59,1.46,0.43,mixed,-1.01,normal,0.29,0,mm,-4117.06,101.48,101.49,101.5027,-0.56,1.69,0.11,chop,-1.60,calm,-0.73,0,mm,47.32,26.93,26.94,26.7639,21.54,4.15,0.93,TREND,1.01,stressed,0.29,0,mm,-20270.17
109.897,83,216.7,-24241.53,-24241.53,0,0,159.08,159.1,159.1366,-3.64,1.46,0.43,mixed,-1.01,normal,0.29,0,mm,-4117.06,101.48,101.49,101.5025,-0.58,1.69,0.11,chop,-1.60,calm,-0.73,0,mm,47.32,26.93,26.94,26.7656,21.56,4.15,0.93,TREND,1.01,stressed,0.29,0,mm,-20270.17
109.944,83,216.7,-24241.53,-24241.53,0,0,159.08,159.1,159.1356,-3.75,1.46,0.43,mixed,-1.01,normal,0.29,0,mm,-4117.06,101.48,101.49,101.5022,-0.63,1.69,0.11,chop,-1.60,calm,-0.73,0,mm,47.32,26.93,26.94,26.7693,21.60,4.15,0.93,TREND,1.01,stressed,0.29,0,mm,-20270.17
110.184,83,216.7,-24241.53,-24241.53,0,0,159.01,159.1,159.1269,-4.82,1.99,0.57,mixed,-1.33,normal,0.29,0,mm,-4117.06,101.48,101.56,101.5041,-0.25,1.86,0.07,chop,0.56,calm,-0.73,0,mm,47.32,26.93,26.94,26.7870,21.66,4.01,0.93,TREND,0.99,stressed,0.29,0,mm,-20270.17
110.223,83,218.3,-24241.53,-24241.53,0,0,159.01,159.1,159.1256,-4.96,1.99,0.57,mixed,-1.33,normal,0.29,0,mm,-4117.06,101.48,101.56,101.5044,-0.20,1.86,0.07,chop,0.56,calm,-0.73,0,mm,47.32,26.93,26.94,26.7898,21.64,4.01,0.93,TREND,0.99,stressed,0.29,0,mm,-20270.17
110.465,83,218.3,-24241.53,-24241.53,0,0,159.01,159.02,159.1138,-6.37,1.99,0.67,TREND,-1.67,normal,0.29,0,mm,-4117.06,101.48,101.54,101.5050,-0.09,1.86,0.07,chop,-0.03,calm,-0.73,0,mm,47.32,26.93,26.94,26.8053,21.46,4.01,0.96,TREND,0.98,stressed,0.29,0,mm,-20270.17
110.693,83,218.3,-24241.53,-24241.53,0,0,159.0,159.02,159.1032,-7.41,2.09,0.67,TREND,-1.67,normal,0.29,0,mm,-4117.06,101.48,101.52,101.5045,-0.18,1.87,0.07,chop,-0.03,calm,-0.73,0,mm,47.32,26.89,26.94,26.8165,20.83,4.05,0.96,TREND,0.98,stressed,0.29,0,mm,-20270.17
111.019,84,216.7,-24339.90,-24339.90,0,0,159.0,159.02,159.0900,-8.39,2.09,0.68,TREND,-1.75,stressed,-0.61,0,mm,-4117.06,101.48,101.52,101.5038,-0.27,1.87,0.02,chop,-0.63,calm,-0.45,0,mm,47.32,26.89,26.94,26.8305,19.89,4.05,0.93,TREND,0.89,stressed,0.12,0,mm,-20270.17
111.443,84,216.7,-24339.90,-24339.90,0,0,158.99,159.0,159.0728,-9.43,1.88,0.69,TREND,-1.84,stressed,-0.61,0,mm,-4117.06,101.49,101.52,101.5040,-0.20,1.73,0.04,chop,-0.25,calm,-0.45,0,mm,47.32,26.91,26.92,26.8458,18.66,3.85,0.93,TREND,0.88,stressed,0.12,0,mm,-20270.17
111.546,85,214.5,-24339.90,-24339.90,0,0,158.98,158.99,159.0686,-9.65,1.88,0.69,TREND,-1.84,stressed,-0.87,0,mm,-4117.06,101.49,101.5,101.5036,-0.26,1.73,0.04,chop,-0.25,calm,-0.52,0,mm,47.32,26.4,26.57,26.8458,18.66,3.85,0.93,TREND,0.88,stressed,0.12,0,mm,-20270.17
111.793,85,214.5,-24339.90,-24339.90,0,0,158.98,158.99,159.0604,-9.99,1.88,0.71,TREND,-1.87,stressed,-0.87,0,mm,-4117.06,101.48,101.5,101.5023,-0.46,1.73,0.02,chop,-1.35,calm,-0.52,0,mm,47.32,26.41,26.49,26.8069,10.64,3.85,0.03,chop,-1.15,stressed,0.12,0,mm,-20270.17
111.948,85,214.5,-24339.90,-24339.90,0,0,158.97,158.99,159.0538,-10.22,1.70,0.71,TREND,-1.87,stressed,-0.87,0,mm,-4117.06,101.49,101.5,101.5017,-0.52,1.65,0.02,chop,-1.35,calm,-0.52,0,mm,47.32,26.51,26.57,26.7849,6.53,7.03,0.03,chop,-1.15,stressed,0.12,0,mm,-20270.17
111.977,85,215.6,-24339.90,-24339.90,0,0,158.97,158.99,159.0528,-10.25,1.70,0.71,TREND,-1.87,stressed,-0.87,0,mm,-4117.06,101.49,101.5,101.5016,-0.52,1.65,0.02,chop,-1.35,calm,-0.52,0,mm,47.32,26.51,26.57,26.7817,5.98,7.03,0.03,chop,-1.15,stressed,0.12,0,mm,-20270.17
112.080,85,215.6,-24339.90,-24339.90,0,0,158.97,158.99,159.0494,-10.33,1.70,0.71,TREND,-1.82,stressed,-0.87,0,mm,-4117.06,101.49,101.5,101.5013,-0.55,1.65,0.16,chop,-0.94,calm,-0.52,0,mm,47.32,26.51,26.57,26.7703,4.07,7.03,0.10,chop,-0.72,stressed,0.12,0,mm,-20270.17
112.130,85,215.6,-24339.90,-24339.90,0,0,158.96,158.98,159.0474,-10.40,1.70,0.71,TREND,-1.82,stressed,-0.87,0,mm,-4117.06,101.49,101.5,101.5011,-0.56,1.65,0.16,chop,-0.94,calm,-0.52,0,mm,47.32,26.52,26.55,26.7646,3.16,7.03,0.10,chop,-0.72,stressed,0.12,0,mm,-20270.17
112.214,85,215.6,-24339.90,-24339.90,0,0,158.96,158.98,159.0445,-10.49,1.70,0.71,TREND,-1.82,stressed,-0.87,0,mm,-4117.06,101.49,101.5,101.5009,-0.58,1.65,0.16,chop,-0.94,calm,-0.52,0,mm,47.32,26.52,26.55,26.7558,1.81,7.03,0.10,chop,-0.72,stressed,0.12,0,mm,-20270.17
112.438,85,215.6,-24339.90,-24339.90,0,0,158.95,158.97,159.0360,-10.81,1.70,0.77,TREND,-1.88,stressed,-0.87,0,mm,-4117.06,101.49,101.52,101.5013,-0.45,1.65,0.05,chop,-0.10,calm,-0.52,0,mm,47.32,26.55,26.56,26.7357,-0.90,7.03,0.10,chop,-0.63,stressed,0.12,0,mm,-20270.17
112.488,85,215.6,-24339.90,-24339.90,0,0,158.95,158.97,159.0342,-10.86,1.57,0.77,TREND,-1.88,stressed,-0.87,0,mm,-4117.06,101.5,101.52,101.5015,-0.40,1.63,0.05,chop,-0.10,calm,-0.52,0,mm,47.32,26.52,26.56,26.7310,-1.48,6.50,0.10,chop,-0.63,stressed,0.12,0,mm,-20270.17
112.519,86,213.4,-24339.90,-24339.90,0,0,158.95,158.97,159.0332,-10.89,1.57,0.77,TREND,-1.88,stressed,-1.75,0,mm,-4117.06,101.5,101.52,101.5016,-0.38,1.63,0.05,chop,-0.10,calm,-0.06,0,mm,47.32,26.52,26.56,26.7284,-1.80,6.50,0.10,chop,-0.63,stressed,-0.63,0,mm,-20270.17
112.738,86,213.4,-24339.90,-24339.90,0,0,158.95,158.97,159.0260,-11.00,1.57,0.81,TREND,-1.81,stressed,-1.75,0,mm,-4117.06,101.5,101.51,101.5020,-0.29,1.63,0.05,chop,-0.10,calm,-0.06,0,mm,47.32,26.53,26.55,26.7099,-3.87,6.50,0.08,chop,-0.69,stressed,-0.63,0,mm,-20270.17
112.812,86,213.4,-24339.90,-24339.90,0,0,158.94,158.96,159.0235,-11.06,1.57,0.81,TREND,-1.81,stressed,-1.75,0,mm,-4117.06,101.5,101.51,101.5021,-0.27,1.63,0.05,chop,-0.10,calm,-0.06,0,mm,47.32,26.53,26.55,26.7042,-4.42,6.50,0.08,chop,-0.69,stressed,-0.63,0,mm,-20270.17
113.014,86,213.4,-24339.90,-24339.90,0,0,158.92,158.95,159.0153,-11.40,1.50,0.87,TREND,-1.92,stressed,-1.75,0,mm,-4117.06,101.48,101.51,101.5014,-0.36,1.60,0.05,chop,-0.93,calm,-0.06,0,mm,47.32,26.53,26.55,26.6890,-5.77,6.00,0.07,chop,-0.68,stressed,-0.63,0,mm,-20270.17
113.184,86,215.1,-24339.90,-24339.90,0,0,158.91,158.92,159.0076,-11.83,1.50,0.87,TREND,-1.92,stressed,-1.75,0,mm,-4117.06,101.5,101.51,101.5017,-0.29,1.60,0.05,chop,-0.93,calm,-0.06,0,mm,47.32,26.52,26.53,26.6765,-6.82,6.00,0.07,chop,-0.68,stressed,-0.63,0,mm,-20270.17
113.240,86,215.1,-24339.90,-24339.90,0,0,158.91,158.92,159.0051,-11.94,1.50,0.87,TREND,-1.92,stressed,-1.75,0,mm,-4117.06,101.5,101.51,101.5018,-0.27,1.60,0.05,chop,-0.93,calm,-0.06,0,mm,47.32,26.52,26.53,26.6725,-7.12,6.00,0.07,chop,-0.68,stressed,-0.63,0,mm,-20270.17
113.383,86,215.1,-24339.90,-24339.90,0,0,158.91,158.92,158.9993,-12.16,1.50,0.92,TREND,-1.96,stressed,-1.75,0,mm,-4117.06,101.48,101.49,101.5007,-0.44,1.60,0.09,chop,-1.76,calm,-0.06,0,mm,47.32,26.52,26.53,26.6629,-7.78,6.00,0.04,chop,-0.72,stressed,-0.63,0,mm,-20270.17
113.499,86,215.1,-24339.90,-24339.90,0,0,158.91,158.92,158.9948,-12.28,1.50,0.92,TREND,-1.96,stressed,-1.75,0,mm,-4117.06,101.48,101.52,101.5006,-0.43,1.60,0.09,chop,-1.76,calm,-0.06,0,mm,47.32,26.51,26.52,26.6550,-8.31,6.00,0.04,chop,-0.72,stressed,-0.63,0,mm,-20270.17
113.542,86,215.1,-24339.90,-24339.90,0,0,158.91,158.92,158.9932,-12.31,1.38,0.92,TREND,-1.96,stressed,-1.75,0,dir,-4117.06,101.48,101.52,101.5006,-0.42,1.50,0.09,chop,-1.76,calm,-0.06,0,mm,47.32,26.51,26.52,26.6523,-8.48,5.49,0.04,chop,-0.72,stressed,-0.63,0,mm,-20270.17
113.747,87,213.0,-24339.90,-24339.90,0,0,158.88,158.89,158.9833,-12.85,1.38,0.93,TREND,-2.05,stressed,-2.04,0,dir,-4117.06,101.49,101.51,101.5006,-0.39,1.50,0.02,chop,-0.42,calm,-0.06,0,mm,47.32,26.49,26.51,26.6383,-9.38,5.49,0.00,chop,-0.80,stressed,-0.73,0,mm,-20270.17
113.772,87,213.0,-24339.90,-24339.90,0,0,158.88,158.89,158.9821,-12.91,1.38,0.93,TREND,-2.05,stressed,-2.04,0,dir,-4117.06,101.49,101.51,101.5006,-0.39,1.50,0.02,chop,-0.42,calm,-0.06,0,mm,47.32,26.49,26.51,26.6366,-9.47,5.49,0.00,chop,-0.80,stressed,-0.73,0,mm,-20270.17
113.816,87,213.0,-24339.90,-24339.90,0,0,158.88,158.89,158.9801,-12.99,1.38,0.93,TREND,-2.05,stressed,-2.04,0,dir,-4117.06,101.49,101.51,101.5006,-0.39,1.50,0.02,chop,-0.42,calm,-0.06,0,mm,47.32,26.49,26.51,26.6338,-9.63,5.49,0.00,chop,-0.80,stressed,-0.73,0,mm,-20270.17
114.054,87,213.0,-24339.90,-24339.90,5000,-5000,158.87,158.88,158.9690,-13.47,1.45,0.96,TREND,-2.03,stressed,-2.04,-5000,dir,-4180.56,101.48,101.49,101.4989,-0.62,1.48,0.04,chop,-1.75,calm,-0.06,0,mm,47.32,26.48,26.49,26.6180,-10.53,5.07,0.14,chop,-0.86,stressed,-0.73,0,mm,-20270.17
114.119,87,213.0,-24339.90,-24339.90,5000,-5000,158.87,158.88,158.9661,-13.56,1.45,0.96,TREND,-2.03,stressed,-2.04,-5000,dir,-4180.56,101.48,101.49,101.4985,-0.67,1.48,0.04,chop,-1.75,calm,-0.06,0,mm,47.32,26.48,26.49,26.6140,-10.72,5.07,0.14,chop,-0.86,stressed,-0.73,0,mm,-20270.17
114.292,87,214.4,-24339.90,-24339.90,5000,-5000,158.86,158.87,158.9582,-13.85,1.45,0.96,TREND,-2.03,stressed,-2.04,-5000,dir,-4180.56,101.48,101.49,101.4974,-0.79,1.48,0.04,chop,-1.75,calm,-0.06,0,mm,47.32,26.46,26.48,26.6028,-11.32,5.07,0.14,chop,-0.86,stressed,-0.73,0,mm,-20270.17
114.605,87,214.4,-24339.90,-24339.90,5000,-5000,158.84,158.86,158.9435,-14.41,1.36,1.00,TREND,-2.06,stressed,-2.04,-5000,dir,-4030.56,101.48,101.49,101.4957,-0.94,1.35,0.04,chop,-1.66,calm,-0.06,0,mm,47.32,26.46,26.48,26.5847,-12.00,4.58,0.38,mixed,-0.87,stressed,-0.73,0,mm,-20270.17
114.781,88,212.1,-24253.40,-24253.40,5000,-5000,158.83,158.84,158.9348,-14.74,1.36,1.00,TREND,-2.06,stressed,-2.64,-5000,dir,-4030.56,101.48,101.49,101.4949,-0.99,1.35,0.04,chop,-1.66,calm,-0.26,0,mm,47.32,26.44,26.45,26.5735,-12.53,4.58,0.38,mixed,-0.87,stressed,-0.83,0,mm,-20270.17
114.826,88,212.1,-24253.40,-24253.40,5000,-5000,158.83,158.84,158.9327,-14.80,1.36,1.00,TREND,-2.06,stressed,-2.64,-5000,dir,-4030.56,101.48,101.49,101.4947,-1.01,1.35,0.04,chop,-1.66,calm,-0.26,0,mm,47.32,26.44,26.45,26.5708,-12.64,4.58,0.38,mixed,-0.87,stressed,-0.83,0,mm,-20270.17
115.434,88,212.1,-24253.40,-24253.40,10000,-10000,158.81,158.83,158.9048,-15.50,1.31,1.00,TREND,-2.11,stressed,-2.64,-10000,dir,-3944.06,101.48,101.49,101.4923,-1.09,1.23,0.04,chop,-1.56,calm,-0.26,0,mm,47.32,26.43,26.44,26.5372,-13.66,4.28,0.47,TREND,-0.97,stressed,-0.83,0,mm,-20270.17
115.626,89,210.7,-23966.90,-23966.90,10000,-10000,158.79,158.81,158.8955,-15.76,1.31,1.00,TREND,-2.11,stressed,-3.19,-10000,dir,-3744.06,101.47,101.48,101.4907,-1.24,1.23,0.04,chop,-1.56,calm,-0.45,0,mm,47.32,26.4,26.41,26.5254,-14.14,4.28,0.47,TREND,-0.97,stressed,-0.90,0,mm,-20270.17
115.764,89,210.7,-23966.90,-23966.90,10000,-10000,158.78,158.79,158.8886,-16.00,1.31,1.00,TREND,-2.21,stressed,-3.19,-10000,dir,-3744.06,101.46,101.47,101.4891,-1.43,1.23,0.33,mixed,-2.95,calm,-0.45,0,mm,47.32,26.39,26.4,26.5172,-14.47,4.28,0.70,TREND,-1.12,stressed,-0.90,0,mm,-20270.17
115.788,89,210.7,-23966.90,-23966.90,10000,-10000,158.78,158.79,158.8874,-16.03,1.31,1.00,TREND,-2.21,stressed,-3.19,-10000,dir,-3744.06,101.46,101.47,101.4888,-1.45,1.23,0.33,mixed,-2.95,calm,-0.45,0,mm,47.32,26.39,26.4,26.5158,-14.52,4.28,0.70,TREND,-1.12,stressed,-0.90,0,mm,-20270.17
115.814,89,210.7,-23966.90,-23966.90,10000,-10000,158.78,158.79,158.8862,-16.07,1.31,1.00,TREND,-2.21,stressed,-3.19,-10000,dir,-3744.06,101.46,101.47,101.4886,-1.48,1.23,0.33,mixed,-2.95,calm,-0.45,0,mm,47.32,26.39,26.4,26.5144,-14.56,4.28,0.70,TREND,-1.12,stressed,-0.90,0,mm,-20270.17
115.834,89,210.7,-23966.90,-23966.90,10000,-10000,158.78,158.79,158.8852,-16.09,1.31,1.00,TREND,-2.21,stressed,-3.19,-10000,dir,-3744.06,101.46,101.47,101.4883,-1.51,1.23,0.33,mixed,-2.95,calm,-0.45,0,mm,47.32,26.39,26.4,26.5133,-14.60,4.28,0.70,TREND,-1.12,stressed,-0.90,0,mm,-20270.17
116.000,89,210.7,-23966.90,-23966.90,10000,-10000,158.77,158.78,158.8769,-16.35,1.40,1.00,TREND,-2.21,stressed,-3.19,-10000,dir,-3744.06,101.46,101.47,101.4866,-1.67,1.27,0.33,mixed,-2.95,calm,-0.45,0,mm,47.32,26.38,26.39,26.5037,-14.94,4.13,0.70,TREND,-1.12,stressed,-0.90,0,mm,-20270.17
116.034,89,211.7,-23966.90,-23966.90,10000,-10000,158.77,158.78,158.8753,-16.39,1.40,1.00,TREND,-2.15,stressed,-3.19,-10000,dir,-3744.06,101.46,101.47,101.4862,-1.70,1.27,0.33,mixed,-2.69,normal,-0.45,0,mm,47.32,26.38,26.39,26.5017,-15.00,4.13,0.72,TREND,-1.13,stressed,-0.90,0,mm,-20270.17
116.069,89,211.7,-23966.90,-23966.90,10000,-10000,158.77,158.78,158.8736,-16.42,1.40,1.00,TREND,-2.15,stressed,-3.19,-10000,dir,-3744.06,101.46,101.47,101.4859,-1.73,1.27,0.33,mixed,-2.69,normal,-0.45,0,mm,47.32,26.38,26.39,26.4998,-15.05,4.13,0.72,TREND,-1.13,stressed,-0.90,0,mm,-20270.17
116.087,89,211.7,-23966.90,-23966.90,10000,-10000,158.77,158.78,158.8728,-16.44,1.40,1.00,TREND,-2.15,stressed,-3.19,-10000,dir,-3744.06,101.46,101.47,101.4857,-1.74,1.27,0.33,mixed,-2.69,normal,-0.45,0,mm,47.32,26.38,26.39,26.4988,-15.07,4.13,0.72,TREND,-1.13,stressed,-0.90,0,mm,-20270.17
116.127,89,211.7,-23966.90,-23966.90,10000,-10000,158.77,158.78,158.8710,-16.47,1.40,1.00,TREND,-2.15,stressed,-3.19,-10000,dir,-3744.06,101.46,101.47,101.4853,-1.77,1.27,0.33,mixed,-2.69,normal,-0.45,0,mm,47.32,26.38,26.39,26.4967,-15.12,4.13,0.72,TREND,-1.13,stressed,-0.90,0,mm,-20270.17
116.202,89,211.7,-23966.90,-23966.90,10000,-10000,158.76,158.77,158.8673,-16.56,1.40,1.00,TREND,-2.15,stressed,-3.19,-10000,dir,-3744.06,101.46,101.47,101.4846,-1.82,1.27,0.33,mixed,-2.69,normal,-0.45,0,mm,47.32,26.37,26.38,26.4925,-15.25,4.13,0.72,TREND,-1.13,stressed,-0.90,0,mm,-20270.17
116.260,89,211.7,-23966.90,-23966.90,10000,-10000,158.76,158.77,158.8645,-16.63,1.40,1.00,TREND,-2.15,stressed,-3.19,-10000,dir,-3744.06,101.46,101.47,101.4841,-1.86,1.27,0.33,mixed,-2.69,normal,-0.45,0,mm,47.32,26.37,26.38,26.4893,-15.34,4.13,0.72,TREND,-1.13,stressed,-0.90,0,mm,-20270.17
116.297,89,211.7,-23966.90,-23966.90,10000,-10000,158.76,158.77,158.8628,-16.66,1.40,1.00,TREND,-2.10,stressed,-3.19,-10000,dir,-3744.06,101.46,101.47,101.4838,-1.88,1.27,0.12,chop,-2.51,normal,-0.45,0,mm,47.32,26.37,26.38,26.4874,-15.39,4.13,0.73,TREND,-1.16,stressed,-0.90,0,mm,-20270.17
116.424,89,211.7,-23966.90,-23966.90,10000,-10000,158.76,158.77,158.8571,-16.73,1.40,1.00,TREND,-2.10,stressed,-3.19,-10000,dir,-3344.06,101.46,101.47,101.4827,-1.94,1.27,0.12,chop,-2.51,normal,-0.45,0,mm,47.32,26.36,26.37,26.4802,-15.60,4.13,0.73,TREND,-1.16,stressed,-0.90,0,mm,-20270.17
116.487,89,211.7,-23966.90,-23966.90,10000,-10000,158.75,158.76,158.8541,-16.79,1.40,1.00,TREND,-2.10,stressed,-3.19,-10000,dir,-3344.06,101.46,101.47,101.4822,-1.96,1.27,0.12,chop,-2.51,normal,-0.45,0,mm,47.32,26.36,26.37,26.4769,-15.68,4.13,0.73,TREND,-1.16,stressed,-0.90,0,mm,-20270.17
116.541,89,211.7,-23966.90,-23966.90,10000,-10000,158.75,158.76,158.8517,-16.83,1.29,1.00,TREND,-2.10,stressed,-3.19,-10000,dir,-3344.06,101.46,101.47,101.4817,-1.98,1.18,0.12,chop,-2.51,normal,-0.45,0,mm,47.32,26.36,26.37,26.4741,-15.74,3.74,0.73,TREND,-1.16,stressed,-0.90,0,mm,-20270.17
116.604,90,209.7,-23566.90,-23566.90,10000,-10000,158.75,158.76,158.8489,-16.87,1.29,1.00,TREND,-2.06,stressed,-3.46,-10000,dir,-3344.06,101.46,101.47,101.4812,-2.00,1.18,0.12,chop,-2.34,calm,-0.64,0,mm,47.32,26.36,26.37,26.4709,-15.79,3.74,0.73,TREND,-1.17,stressed,-1.01,0,mm,-20270.17
116.833,90,209.7,-23566.90,-23566.90,12694,-12694,158.75,158.76,158.8392,-16.88,1.29,1.00,TREND,-2.06,stressed,-3.46,-12694,dir,-3205.21,101.46,101.48,101.4801,-1.97,1.18,0.12,chop,-2.34,calm,-0.64,0,mm,47.32,26.35,26.36,26.4590,-16.02,3.74,0.73,TREND,-1.17,stressed,-1.01,0,mm,-20270.17
117.048,90,209.7,-23566.90,-23566.90,12694,-12694,158.72,158.73,158.8283,-17.24,1.22,1.00,TREND,-2.14,stressed,-3.46,-12694,dir,-3205.21,101.46,101.48,101.4791,-1.93,1.13,0.38,mixed,-1.90,calm,-0.64,0,mm,47.32,26.35,26.36,26.4490,-16.07,3.47,0.73,TREND,-1.18,stressed,-1.01,0,mm,-20270.17
117.101,90,209.7,-23566.90,-23566.90,12694,-12694,158.72,158.73,158.8257,-17.29,1.22,1.00,TREND,-2.14,stressed,-3.46,-12694,dir,-3205.21,101.47,101.48,101.4790,-1.89,1.13,0.38,mixed,-1.90,calm,-0.64,0,mm,47.32,26.34,26.35,26.4464,-16.11,3.47,0.73,TREND,-1.18,stressed,-1.01,0,mm,-20270.17
117.264,90,211.2,-23566.90,-23566.90,12694,-12694,158.72,158.73,158.8182,-17.39,1.22,1.00,TREND,-2.14,stressed,-3.46,-12694,dir,-3205.21,101.47,101.48,101.4787,-1.80,1.13,0.38,mixed,-1.90,calm,-0.64,0,mm,47.32,26.34,26.35,26.4389,-16.16,3.47,0.73,TREND,-1.18,stressed,-1.01,0,mm,-20270.17
117.494,90,211.2,-23566.90,-23566.90,12694,-12694,158.71,158.72,158.8080,-17.54,1.22,1.00,TREND,-2.13,stressed,-3.46,-12694,dir,-2824.39,101.46,101.47,101.4774,-1.85,1.13,0.36,mixed,-2.07,normal,-0.64,0,mm,47.32,26.32,26.33,26.4277,-16.42,3.47,0.74,TREND,-1.29,stressed,-1.01,0,mm,-20270.17
117.558,90,211.2,-23566.90,-23566.90,12694,-12694,158.69,158.71,158.8045,-17.64,1.11,1.00,TREND,-2.13,stressed,-3.46,-12694,dir,-2824.39,101.46,101.47,101.4770,-1.86,1.04,0.36,mixed,-2.07,normal,-0.64,0,mm,47.32,26.32,26.33,26.4243,-16.46,3.21,0.74,TREND,-1.29,stressed,-1.01,0,mm,-20270.17
117.674,90,211.2,-23566.90,-23566.90,12694,-12694,158.69,158.71,158.7989,-17.74,1.11,1.00,TREND,-2.13,stressed,-3.46,-12694,dir,-2824.39,101.46,101.47,101.4763,-1.87,1.04,0.36,mixed,-2.07,normal,-0.64,0,mm,47.32,26.32,26.33,26.4190,-16.50,3.21,0.74,TREND,-1.29,stressed,-1.01,0,mm,-20270.17
117.797,91,209.1,-23047.24,-23047.24,15462,-15462,158.68,158.69,158.7925,-17.94,1.11,1.00,TREND,-2.21,stressed,-3.86,-15462,dir,-2631.62,101.46,101.47,101.4757,-1.88,1.04,0.30,mixed,-1.95,normal,-0.64,0,mm,47.32,26.31,26.32,26.4132,-16.58,3.21,0.74,TREND,-1.31,stressed,-1.05,0,mm,-20270.17
117.819,91,209.1,-23047.24,-23047.24,15462,-15462,158.68,158.69,158.7914,-17.97,1.11,1.00,TREND,-2.21,stressed,-3.86,-15462,dir,-2631.62,101.46,101.47,101.4756,-1.88,1.04,0.30,mixed,-1.95,normal,-0.64,0,mm,47.32,26.31,26.32,26.4121,-16.59,3.21,0.74,TREND,-1.31,stressed,-1.05,0,mm,-20270.17
117.856,91,209.1,-23047.24,-23047.24,15462,-15462,158.68,158.69,158.7895,-18.01,1.11,1.00,TREND,-2.21,stressed,-3.86,-15462,dir,-2631.62,101.46,101.47,101.4754,-1.88,1.04,0.30,mixed,-1.95,normal,-0.64,0,mm,47.32,26.31,26.32,26.4104,-16.60,3.21,0.74,TREND,-1.31,stressed,-1.05,0,mm,-20270.17
117.890,91,209.1,-23047.24,-23047.24,15462,-15462,158.68,158.69,158.7879,-18.04,1.11,1.00,TREND,-2.21,stressed,-3.86,-15462,dir,-2631.62,101.46,101.47,101.4752,-1.88,1.04,0.30,mixed,-1.95,normal,-0.64,0,mm,47.32,26.31,26.32,26.4089,-16.61,3.21,0.74,TREND,-1.31,stressed,-1.05,0,mm,-20270.17
118.059,91,209.1,-23047.24,-23047.24,15462,-15462,158.67,158.68,158.7793,-18.26,1.01,1.00,TREND,-2.18,stressed,-3.86,-15462,dir,-2631.62,101.46,101.47,101.4744,-1.88,0.96,0.30,mixed,-1.85,normal,-0.64,0,mm,47.32,26.3,26.31,26.4010,-16.72,2.90,0.74,TREND,-1.33,stressed,-1.05,0,mm,-20270.17
118.091,91,209.1,-23047.24,-23047.24,15462,-15462,158.67,158.68,158.7777,-18.29,1.01,1.00,TREND,-2.18,stressed,-3.86,-15462,dir,-2631.62,101.46,101.47,101.4743,-1.87,0.96,0.30,mixed,-1.85,normal,-0.64,0,mm,47.32,26.3,26.31,26.3995,-16.73,2.90,0.74,TREND,-1.33,stressed,-1.05,0,mm,-20270.17
118.112,91,209.1,-23047.24,-23047.24,15462,-15462,158.67,158.68,158.7766,-18.30,1.01,1.00,TREND,-2.18,stressed,-3.86,-15462,dir,-2631.62,101.46,101.47,101.4742,-1.87,0.96,0.30,mixed,-1.85,normal,-0.64,0,mm,47.32,26.3,26.31,26.3986,-16.73,2.90,0.74,TREND,-1.33,stressed,-1.05,0,mm,-20270.17
118.150,91,209.1,-23047.24,-23047.24,15462,-15462,158.67,158.68,158.7748,-18.32,1.01,1.00,TREND,-2.18,stressed,-3.86,-15462,dir,-2631.62,101.46,101.47,101.4740,-1.87,0.96,0.30,mixed,-1.85,normal,-0.64,0,mm,47.32,26.3,26.31,26.3969,-16.74,2.90,0.74,TREND,-1.33,stressed,-1.05,0,mm,-20270.17
118.422,91,209.1,-23047.24,-23047.24,15462,-15462,158.66,158.67,158.7617,-18.53,1.01,1.00,TREND,-2.16,stressed,-3.86,-15462,dir,-2631.62,101.46,101.47,101.4730,-1.84,0.96,0.36,mixed,-1.76,normal,-0.64,0,mm,47.32,26.29,26.3,26.3847,-16.84,2.90,0.75,TREND,-1.34,stressed,-1.05,0,mm,-20270.17
118.668,92,207.8,-22390.61,-22390.61,15462,-15462,158.65,158.66,158.7501,-18.66,0.95,1.00,TREND,-2.16,stressed,-3.75,-15462,dir,-2167.76,101.46,101.47,101.4721,-1.80,0.89,0.36,mixed,-1.76,normal,-0.51,0,mm,47.32,26.28,26.29,26.3739,-16.93,2.62,0.75,TREND,-1.34,stressed,-0.70,0,mm,-20270.17
119.162,92,207.8,-22390.61,-22390.61,15462,-15462,158.64,158.65,158.7281,-18.67,0.95,1.00,TREND,-2.14,stressed,-3.75,-15462,dir,-2167.76,101.46,101.47,101.4706,-1.71,0.89,0.50,mixed,-1.67,normal,-0.51,0,mm,47.32,26.28,26.29,26.3553,-16.60,2.62,1.00,TREND,-1.32,stressed,-0.70,0,mm,-20270.17
119.779,92,210.4,-22390.61,-22390.61,15462,-15462,158.63,158.64,158.7048,-18.22,0.88,1.00,TREND,-2.07,stressed,-3.75,-15462,dir,-2167.76,101.46,101.47,101.4692,-1.57,0.82,0.50,mixed,-1.59,normal,-0.51,0,mm,47.32,26.26,26.27,26.3326,-16.39,2.37,1.00,TREND,-1.37,stressed,-0.70,0,dir,-20270.17
120.147,93,207.9,-21772.13,-21772.13,19373,-19373,158.6,158.61,158.6889,-18.35,0.88,1.00,TREND,-2.11,stressed,-4.36,-16373,dir,-1251.61,101.46,101.49,101.4701,-1.24,0.82,0.14,chop,-1.01,normal,-0.44,0,mm,47.32,26.23,26.24,26.3171,-16.64,2.37,1.00,TREND,-1.46,stressed,-0.61,-3000,dir,-20304.67
120.183,93,207.9,-21772.13,-21772.13,19373,-19373,158.6,158.61,158.6875,-18.34,0.88,1.00,TREND,-2.11,stressed,-4.36,-16373,dir,-1251.61,101.46,101.49,101.4702,-1.22,0.82,0.14,chop,-1.01,normal,-0.44,0,mm,47.32,26.23,26.24,26.3158,-16.64,2.37,1.00,TREND,-1.46,stressed,-0.61,-3000,dir,-20304.67
120.230,93,207.9,-21772.13,-21772.13,19373,-19373,158.6,158.61,158.6857,-18.32,0.88,1.00,TREND,-2.11,stressed,-4.36,-16373,dir,-1251.61,101.46,101.49,101.4703,-1.18,0.82,0.14,chop,-1.01,normal,-0.44,0,mm,47.32,26.23,26.24,26.3140,-16.64,2.37,1.00,TREND,-1.46,stressed,-0.61,-3000,dir,-20304.67
120.302,93,207.9,-21772.13,-21772.13,19373,-19373,158.59,158.6,158.6827,-18.34,0.95,1.00,TREND,-2.11,stressed,-4.36,-16373,dir,-1251.61,101.46,101.49,101.4705,-1.13,0.84,0.14,chop,-1.01,normal,-0.44,0,mm,47.32,26.22,26.23,26.3110,-16.67,2.31,1.00,TREND,-1.46,stressed,-0.61,-3000,dir,-20304.67
120.421,93,207.9,-21772.13,-21772.13,19373,-19373,158.59,158.6,158.6780,-18.32,0.95,1.00,TREND,-2.06,stressed,-4.36,-16373,dir,-1087.88,101.48,101.49,101.4712,-0.97,0.84,0.00,chop,-0.46,calm,-0.44,0,mm,47.32,26.22,26.23,26.3065,-16.70,2.31,1.00,TREND,-1.47,stressed,-0.61,-3000,dir,-20244.67
120.466,93,207.9,-21772.13,-21772.13,19373,-19373,158.59,158.6,158.6761,-18.31,0.95,1.00,TREND,-2.06,stressed,-4.36,-16373,dir,-1087.88,101.48,101.49,101.4716,-0.91,0.84,0.00,chop,-0.46,calm,-0.44,0,mm,47.32,26.22,26.23,26.3046,-16.70,2.31,1.00,TREND,-1.47,stressed,-0.61,-3000,dir,-20244.67
120.496,93,207.9,-21772.13,-21772.13,19373,-19373,158.59,158.6,158.6750,-18.29,0.95,1.00,TREND,-2.06,stressed,-4.36,-16373,dir,-1087.88,101.48,101.49,101.4717,-0.87,0.84,0.00,chop,-0.46,calm,-0.44,0,mm,47.32,26.22,26.23,26.3035,-16.69,2.31,1.00,TREND,-1.47,stressed,-0.61,-3000,dir,-20244.67
120.661,94,205.8,-21285.23,-21285.23,19373,-19373,158.58,158.59,158.6683,-18.30,0.95,1.00,TREND,-2.06,stressed,-4.47,-16373,dir,-1087.88,101.46,101.49,101.4720,-0.81,0.84,0.00,chop,-0.46,calm,-0.32,0,mm,47.32,26.21,26.22,26.2969,-16.74,2.31,1.00,TREND,-1.47,stressed,-0.52,-3000,dir,-20244.67
120.699,94,205.8,-21285.23,-21285.23,19373,-19373,158.58,158.59,158.6668,-18.29,0.95,1.00,TREND,-2.00,stressed,-4.47,-16373,dir,-1087.88,101.46,101.49,101.4720,-0.80,0.84,0.33,mixed,-0.98,calm,-0.32,0,mm,47.32,26.21,26.22,26.2954,-16.74,2.31,1.00,TREND,-1.46,stressed,-0.52,-3000,dir,-20244.67
120.771,94,205.8,-21285.23,-21285.23,19373,-19373,158.58,158.59,158.6641,-18.26,0.95,1.00,TREND,-2.00,stressed,-4.47,-16373,dir,-1087.88,101.46,101.49,101.4721,-0.78,0.84,0.33,mixed,-0.98,calm,-0.32,0,mm,47.32,26.21,26.22,26.2928,-16.73,2.31,1.00,TREND,-1.46,stressed,-0.52,-3000,dir,-20244.67
120.849,94,205.8,-21285.23,-21285.23,19373,-19373,158.57,158.58,158.6608,-18.27,0.90,1.00,TREND,-2.00,stressed,-4.47,-16373,dir,-1087.88,101.46,101.48,101.4721,-0.78,0.80,0.33,mixed,-0.98,calm,-0.32,0,mm,47.32,26.2,26.21,26.2896,-16.77,2.10,1.00,TREND,-1.46,stressed,-0.52,-3000,dir,-20244.67
120.899,94,205.8,-21285.23,-21285.23,19373,-19373,158.57,158.58,158.6588,-18.27,0.90,1.00,TREND,-2.00,stressed,-4.47,-16373,dir,-1087.88,101.46,101.48,101.4720,-0.79,0.80,0.33,mixed,-0.98,calm,-0.32,0,mm,47.32,26.2,26.21,26.2876,-16.78,2.10,1.00,TREND,-1.46,stressed,-0.52,-3000,dir,-20244.67
120.939,94,205.8,-21285.23,-21285.23,19373,-19373,158.57,158.58,158.6573,-18.26,0.90,1.00,TREND,-2.00,stressed,-4.47,-16373,dir,-1087.88,101.46,101.48,101.4720,-0.79,0.80,0.33,mixed,-0.98,calm,-0.32,0,mm,47.32,26.2,26.21,26.2860,-16.78,2.10,1.00,TREND,-1.46,stressed,-0.52,-3000,dir,-20244.67
120.966,94,205.8,-21285.23,-21285.23,19373,-19373,158.57,158.58,158.6563,-18.25,0.90,1.00,TREND,-1.95,stressed,-4.47,-16373,dir,-1087.88,101.46,101.48,101.4719,-0.79,0.80,0.23,chop,-1.20,normal,-0.32,0,mm,47.32,26.2,26.21,26.2850,-16.78,2.10,1.00,TREND,-1.46,stressed,-0.52,-3000,dir,-20244.67
121.141,94,205.8,-21285.23,-21285.23,19373,-19373,158.56,158.57,158.6490,-18.28,0.90,1.00,TREND,-1.95,stressed,-4.47,-16373,dir,-1087.88,101.46,101.47,101.4714,-0.86,0.80,0.23,chop,-1.20,normal,-0.32,0,mm,47.32,26.19,26.2,26.2779,-16.86,2.10,1.00,TREND,-1.46,stressed,-0.52,-3000,dir,-20244.67
121.196,94,207.0,-21285.23,-21285.23,19373,-19373,158.56,158.57,158.6469,-18.27,0.90,1.00,TREND,-1.95,stressed,-4.47,-16373,dir,-1087.88,101.46,101.47,101.4712,-0.88,0.80,0.23,chop,-1.20,normal,-0.32,0,mm,47.32,26.19,26.2,26.2758,-16.86,2.10,1.00,TREND,-1.46,stressed,-0.52,-3000,dir,-20244.67
121.229,94,207.0,-21285.23,-21285.23,19373,-19373,158.56,158.57,158.6456,-18.26,0.90,1.00,TREND,-1.91,stressed,-4.47,-16373,dir,-1087.88,101.46,101.47,101.4711,-0.89,0.80,0.29,mixed,-1.43,calm,-0.32,0,mm,47.32,26.19,26.2,26.2745,-16.86,2.10,1.00,TREND,-1.46,stressed,-0.52,-3000,dir,-20244.67
121.441,94,207.0,-21285.23,-21285.23,19373,-19373,158.55,158.56,158.6370,-18.28,0.85,1.00,TREND,-1.91,stressed,-4.47,-16373,dir,-1087.88,101.47,101.49,101.4720,-0.72,0.82,0.29,mixed,-1.43,calm,-0.32,0,mm,47.32,26.18,26.19,26.2660,-16.93,1.92,1.00,TREND,-1.46,stressed,-0.52,-3000,dir,-20244.67
121.460,94,207.0,-21285.23,-21285.23,19373,-19373,158.55,158.56,158.6363,-18.28,0.85,1.00,TREND,-1.91,stressed,-4.47,-16373,dir,-432.96,101.47,101.49,101.4720,-0.70,0.82,0.29,mixed,-1.43,calm,-0.32,0,mm,47.32,26.18,26.19,26.2653,-16.93,1.92,1.00,TREND,-1.46,stressed,-0.52,-3000,dir,-20124.67
121.511,94,207.0,-21285.23,-21285.23,19373,-19373,158.55,158.56,158.6343,-18.26,0.85,1.00,TREND,-1.87,stressed,-4.47,-16373,dir,-432.96,101.47,101.49,101.4722,-0.66,0.82,0.06,chop,-0.61,normal,-0.32,0,mm,47.32,26.18,26.19,26.2634,-16.93,1.92,1.00,TREND,-1.45,stressed,-0.52,-3000,dir,-20124.67
121.623,94,207.0,-21285.23,-21285.23,19373,-19373,158.54,158.55,158.6298,-18.28,0.85,1.00,TREND,-1.87,stressed,-4.47,-16373,dir,-432.96,101.46,101.47,101.4719,-0.72,0.82,0.06,chop,-0.61,normal,-0.32,0,mm,47.32,26.17,26.18,26.2589,-16.97,1.92,1.00,TREND,-1.45,stressed,-0.52,-3000,dir,-20124.67
121.669,94,207.0,-21285.23,-21285.23,19373,-19373,158.54,158.55,158.6279,-18.28,0.85,1.00,TREND,-1.87,stressed,-4.47,-16373,dir,-432.96,101.46,101.47,101.4717,-0.74,0.82,0.06,chop,-0.61,normal,-0.32,0,mm,47.32,26.17,26.18,26.2571,-16.98,1.92,1.00,TREND,-1.45,stressed,-0.52,-3000,dir,-20124.67
121.719,95,204.9,-20510.31,-20510.31,19373,-19373,158.54,158.55,158.6260,-18.26,0.85,1.00,TREND,-1.87,stressed,-4.46,-16373,dir,-432.96,101.46,101.47,101.4716,-0.76,0.82,0.06,chop,-0.61,normal,-0.51,0,mm,47.32,26.17,26.18,26.2552,-16.98,1.92,1.00,TREND,-1.45,stressed,-0.60,-3000,dir,-20124.67
121.746,95,204.9,-20510.31,-20510.31,19373,-19373,158.54,158.55,158.6250,-18.26,0.85,1.00,TREND,-1.87,stressed,-4.46,-16373,dir,-432.96,101.46,101.47,101.4715,-0.77,0.82,0.06,chop,-0.61,normal,-0.51,0,mm,47.32,26.17,26.18,26.2542,-16.98,1.92,1.00,TREND,-1.45,stressed,-0.60,-3000,dir,-20124.67
121.888,95,204.9,-20510.31,-20510.31,19373,-19373,158.53,158.54,158.6191,-18.28,0.85,1.00,TREND,-1.85,stressed,-4.46,-16373,dir,-432.96,101.45,101.46,101.4704,-0.93,0.82,0.27,mixed,-1.82,calm,-0.51,0,mm,47.32,26.16,26.17,26.2484,-17.04,1.92,1.00,TREND,-1.48,stressed,-0.60,-3000,dir,-20124.67
122.121,95,204.9,-20510.31,-20510.31,19373,-19373,158.53,158.54,158.6104,-18.19,0.80,1.00,TREND,-1.85,stressed,-4.46,-16373,dir,-432.96,101.45,101.46,101.4688,-1.13,0.96,0.27,mixed,-1.82,calm,-0.51,0,mm,47.32,26.15,26.16,26.2387,-17.17,1.79,1.00,TREND,-1.48,stressed,-0.60,-3000,dir,-20124.67
122.158,95,204.9,-20510.31,-20510.31,19373,-19373,158.52,158.53,158.6089,-18.20,0.80,1.00,TREND,-1.81,stressed,-4.46,-16373,dir,-432.96,101.45,101.46,101.4686,-1.15,0.96,0.27,mixed,-1.73,normal,-0.51,0,mm,47.32,26.15,26.16,26.2372,-17.17,1.79,1.00,TREND,-1.47,stressed,-0.60,-3000,dir,-20124.67
122.224,95,204.9,-20510.31,-20510.31,19373,-19373,158.52,158.53,158.6063,-18.19,0.80,1.00,TREND,-1.81,stressed,-4.46,-16373,dir,-432.96,101.45,101.46,101.4681,-1.20,0.96,0.27,mixed,-1.73,normal,-0.51,0,mm,47.32,26.15,26.16,26.2347,-17.16,1.79,1.00,TREND,-1.47,stressed,-0.60,-3000,dir,-20124.67
122.393,95,206.4,-20510.31,-20510.31,19373,-19373,158.52,158.53,158.6001,-18.12,0.80,1.00,TREND,-1.81,stressed,-4.46,-16373,dir,-432.96,101.45,101.46,101.4671,-1.29,0.96,0.27,mixed,-1.73,normal,-0.51,0,mm,47.32,26.14,26.15,26.2278,-17.23,1.79,1.00,TREND,-1.47,stressed,-0.60,-3000,dir,-20124.67
122.435,95,206.4,-20510.31,-20510.31,19373,-19373,158.51,158.52,158.5985,-18.12,0.80,1.00,TREND,-1.79,stressed,-4.46,-16373,dir,221.96,101.45,101.46,101.4669,-1.31,0.96,0.27,mixed,-1.67,normal,-0.51,0,mm,47.32,26.14,26.15,26.2263,-17.23,1.79,1.00,TREND,-1.47,stressed,-0.60,-3000,dir,-20004.67
122.469,95,206.4,-20510.31,-20510.31,19373,-19373,158.51,158.52,158.5972,-18.12,0.80,1.00,TREND,-1.79,stressed,-4.46,-16373,dir,221.96,101.45,101.46,101.4667,-1.32,0.96,0.27,mixed,-1.67,normal,-0.51,0,mm,47.32,26.14,26.15,26.2250,-17.22,1.79,1.00,TREND,-1.47,stressed,-0.60,-3000,dir,-20004.67
122.523,95,206.4,-20510.31,-20510.31,19373,-19373,158.51,158.52,158.5951,-18.11,0.80,1.00,TREND,-1.79,stressed,-4.46,-16373,dir,221.96,101.45,101.46,101.4664,-1.34,0.96,0.27,mixed,-1.67,normal,-0.51,0,mm,47.32,26.14,26.15,26.2229,-17.21,1.79,1.00,TREND,-1.47,stressed,-0.60,-3000,dir,-20004.67
122.662,95,206.4,-20510.31,-20510.31,19373,-19373,158.5,158.51,158.5894,-18.16,0.77,1.00,TREND,-1.79,stressed,-4.46,-16373,dir,221.96,101.45,101.46,101.4657,-1.39,0.89,0.27,mixed,-1.67,normal,-0.51,0,mm,47.32,26.13,26.14,26.2174,-17.25,1.64,1.00,TREND,-1.47,stressed,-0.60,-3000,dir,-20004.67
122.722,95,206.4,-20510.31,-20510.31,19373,-19373,158.5,158.51,158.5872,-18.16,0.77,1.00,TREND,-1.75,stressed,-4.46,-16373,dir,221.96,101.45,101.46,101.4654,-1.41,0.89,0.11,chop,-1.60,normal,-0.51,0,mm,47.32,26.13,26.14,26.2153,-17.25,1.64,1.00,TREND,-1.46,stressed,-0.60,-3000,dir,-20004.67
122.921,96,204.4,-19735.39,-19735.39,19373,-19373,158.49,158.5,158.5788,-18.23,0.77,1.00,TREND,-1.75,stressed,-5.02,-16373,dir,221.96,101.45,101.46,101.4645,-1.45,0.89,0.11,chop,-1.60,normal,-0.57,0,mm,47.32,26.12,26.13,26.2070,-17.32,1.64,1.00,TREND,-1.46,stressed,-0.63,-3000,dir,-20004.67
123.061,96,204.4,-19735.39,-19735.39,23241,-23241,158.49,158.5,158.5736,-18.20,0.77,1.00,TREND,-1.73,stressed,-5.02,-19141,dir,514.26,101.45,101.46,101.4639,-1.47,0.89,0.11,chop,-1.55,calm,-0.57,0,mm,47.32,26.12,26.13,26.2019,-17.29,1.64,1.00,TREND,-1.46,stressed,-0.63,-4100,dir,-19947.32
123.235,96,204.4,-19735.39,-19735.39,23241,-23241,158.48,158.49,158.5664,-18.22,0.73,1.00,TREND,-1.73,stressed,-5.02,-19141,dir,514.26,101.45,101.46,101.4632,-1.48,0.82,0.11,chop,-1.55,calm,-0.57,0,mm,47.32,26.11,26.12,26.1949,-17.32,1.50,1.00,TREND,-1.46,stressed,-0.63,-4100,dir,-19947.32
123.262,96,205.1,-19735.39,-19735.39,23241,-23241,158.48,158.49,158.5654,-18.21,0.73,1.00,TREND,-1.73,stressed,-5.02,-19141,dir,514.26,101.45,101.46,101.4631,-1.48,0.82,0.11,chop,-1.55,calm,-0.57,0,mm,47.32,26.11,26.12,26.1939,-17.31,1.50,1.00,TREND,-1.46,stressed,-0.63,-4100,dir,-19947.32
123.405,96,205.1,-19735.39,-19735.39,23241,-23241,158.48,158.49,158.5603,-18.15,0.73,1.00,TREND,-1.69,stressed,-5.02,-19141,dir,514.26,101.45,101.46,101.4625,-1.48,0.82,0.11,chop,-1.50,calm,-0.57,0,mm,47.32,26.11,26.12,26.1888,-17.26,1.50,1.00,TREND,-1.45,stressed,-0.63,-4100,dir,-19947.32
123.522,96,205.1,-19735.39,-19735.39,23241,-23241,158.47,158.48,158.5557,-18.15,0.73,1.00,TREND,-1.69,stressed,-5.02,-19141,dir,897.08,101.45,101.46,101.4621,-1.48,0.82,0.11,chop,-1.50,calm,-0.57,0,mm,47.32,26.11,26.12,26.1849,-17.18,1.50,1.00,TREND,-1.45,stressed,-0.63,-4100,dir,-19906.32
123.690,96,205.1,-19735.39,-19735.39,23241,-23241,158.46,158.47,158.5488,-18.21,0.73,1.00,TREND,-1.72,stressed,-5.02,-19141,dir,897.08,101.45,101.46,101.4616,-1.47,0.82,0.11,chop,-1.45,calm,-0.57,0,mm,47.32,26.1,26.11,26.1788,-17.13,1.50,1.00,TREND,-1.45,stressed,-0.63,-4100,dir,-19906.32
123.797,96,205.1,-19735.39,-19735.39,23241,-23241,158.46,158.47,158.5447,-18.19,0.69,1.00,TREND,-1.72,stressed,-5.02,-19141,dir,897.08,101.45,101.46,101.4613,-1.46,0.75,0.11,chop,-1.45,calm,-0.57,0,mm,47.32,26.1,26.11,26.1752,-17.07,1.47,1.00,TREND,-1.45,stressed,-0.63,-4100,dir,-19906.32
123.985,97,203.5,-18961.91,-18961.91,23241,-23241,158.45,158.47,158.5375,-18.16,0.69,1.00,TREND,-1.68,stressed,-5.48,-19141,dir,897.08,101.45,101.47,101.4612,-1.37,0.75,0.11,chop,-1.19,calm,-0.44,0,mm,47.32,26.09,26.1,26.1684,-17.04,1.47,1.00,TREND,-1.45,stressed,-0.68,-4100,dir,-19906.32
124.003,97,203.5,-18961.91,-18961.91,23241,-23241,158.45,158.47,158.5368,-18.15,0.69,1.00,TREND,-1.68,stressed,-5.48,-19141,dir,897.08,101.45,101.47,101.4612,-1.37,0.75,0.11,chop,-1.19,calm,-0.44,0,mm,47.32,26.09,26.1,26.1677,-17.03,1.47,1.00,TREND,-1.45,stressed,-0.68,-4100,dir,-19906.32
124.052,97,203.5,-18961.91,-18961.91,23241,-23241,158.45,158.47,158.5350,-18.12,0.69,1.00,TREND,-1.68,stressed,-5.48,-19141,dir,897.08,101.45,101.47,101.4611,-1.34,0.75,0.11,chop,-1.19,calm,-0.44,0,mm,47.32,26.09,26.1,26.1661,-17.00,1.47,1.00,TREND,-1.45,stressed,-0.68,-4100,dir,-19906.32
124.261,97,203.5,-18961.91,-18961.91,23241,-23241,158.45,158.47,158.5281,-17.94,0.69,1.00,TREND,-1.61,stressed,-5.48,-19141,dir,897.08,101.45,101.47,101.4610,-1.26,0.75,0.06,chop,-1.15,calm,-0.44,0,mm,47.32,26.08,26.09,26.1585,-16.99,1.47,1.00,TREND,-1.44,stressed,-0.68,-4100,dir,-19906.32
124.305,97,203.5,-18961.91,-18961.91,23241,-23241,158.44,158.45,158.5263,-17.95,0.66,1.00,TREND,-1.61,stressed,-5.48,-19141,dir,897.08,101.45,101.47,101.4610,-1.25,0.74,0.06,chop,-1.15,calm,-0.44,0,mm,47.32,26.08,26.09,26.1570,-16.97,1.33,1.00,TREND,-1.44,stressed,-0.68,-4100,dir,-19906.32
124.531,98,201.6,-18961.91,-18961.91,23241,-23241,158.44,158.45,158.5181,-17.87,0.66,1.00,TREND,-1.61,stressed,-5.66,-19141,dir,1662.72,101.45,101.46,101.4604,-1.25,0.74,0.11,chop,-1.34,calm,-0.50,0,mm,47.32,26.07,26.08,26.1487,-16.96,1.33,1.00,TREND,-1.43,stressed,-0.64,-4100,dir,-19742.32
124.563,98,201.6,-18961.91,-18961.91,23241,-23241,158.43,158.44,158.5169,-17.88,0.66,1.00,TREND,-1.61,stressed,-5.66,-19141,dir,1662.72,101.45,101.46,101.4603,-1.25,0.74,0.11,chop,-1.34,calm,-0.50,0,mm,47.32,26.07,26.08,26.1476,-16.95,1.33,1.00,TREND,-1.43,stressed,-0.64,-4100,dir,-19742.32
124.669,98,201.6,-18961.91,-18961.91,23241,-23241,158.43,158.44,158.5129,-17.87,0.66,1.00,TREND,-1.61,stressed,-5.66,-19141,dir,1662.72,101.45,101.46,101.4601,-1.25,0.74,0.11,chop,-1.34,calm,-0.50,0,mm,47.32,26.06,26.07,26.1436,-16.98,1.33,1.00,TREND,-1.43,stressed,-0.64,-4100,dir,-19742.32
124.703,98,201.6,-18961.91,-18961.91,23241,-23241,158.43,158.44,158.5116,-17.86,0.66,1.00,TREND,-1.61,stressed,-5.66,-19141,dir,1662.72,101.45,101.46,101.4600,-1.25,0.74,0.11,chop,-1.34,calm,-0.50,0,mm,47.32,26.06,26.07,26.1423,-16.98,1.33,1.00,TREND,-1.43,stressed,-0.64,-4100,dir,-19742.32
124.779,98,201.6,-18961.91,-18961.91,23241,-23241,158.43,158.44,158.5089,-17.83,0.66,1.00,TREND,-1.61,stressed,-5.66,-19141,dir,1662.72,101.45,101.46,101.4598,-1.24,0.74,0.11,chop,-1.34,calm,-0.50,0,mm,47.32,26.06,26.07,26.1396,-16.96,1.33,1.00,TREND,-1.43,stressed,-0.64,-4100,dir,-19742.32
125.012,98,201.6,-18961.91,-18961.91,23241,-23241,158.43,158.44,158.5012,-17.64,0.71,1.00,TREND,-1.58,stressed,-5.66,-19141,dir,1662.72,101.45,101.46,101.4593,-1.23,0.70,0.11,chop,-1.29,calm,-0.50,0,mm,47.32,26.06,26.07,26.1318,-16.84,1.21,1.00,TREND,-1.42,stressed,-0.64,-4100,dir,-19742.32
125.152,98,202.9,-18032.27,-18032.27,23241,-23241,158.41,158.43,158.4960,-17.64,0.71,1.00,TREND,-1.58,stressed,-5.66,-19141,dir,1662.72,101.45,101.5,101.4603,-1.00,0.70,0.11,chop,-1.29,calm,-0.50,0,mm,47.32,26.05,26.06,26.1269,-16.81,1.21,1.00,TREND,-1.42,stressed,-0.64,-4100,dir,-19742.32
125.206,98,202.9,-18032.27,-18032.27,23241,-23241,158.4,158.41,158.4938,-17.68,0.71,1.00,TREND,-1.58,stressed,-5.66,-19141,dir,1662.72,101.46,101.49,101.4607,-0.92,0.70,0.11,chop,-1.29,calm,-0.50,0,mm,47.32,26.04,26.05,26.1249,-16.83,1.21,1.00,TREND,-1.42,stressed,-0.64,-4100,dir,-19742.32
125.227,98,202.9,-18032.27,-18032.27,23241,-23241,158.4,158.41,158.4929,-17.70,0.71,1.00,TREND,-1.58,stressed,-5.66,-19141,dir,1662.72,101.46,101.49,101.4608,-0.89,0.70,0.11,chop,-1.29,calm,-0.50,0,mm,47.32,26.04,26.05,26.1241,-16.84,1.21,1.00,TREND,-1.42,stressed,-0.64,-4100,dir,-19742.32
125.263,98,202.9,-18032.27,-18032.27,23241,-23241,158.4,158.41,158.4914,-17.72,0.71,1.00,TREND,-1.58,stressed,-5.66,-19141,dir,1662.72,101.46,101.49,101.4610,-0.84,0.70,0.11,chop,-1.29,calm,-0.50,0,mm,47.32,26.04,26.05,26.1228,-16.84,1.21,1.00,TREND,-1.42,stressed,-0.64,-4100,dir,-19742.32
125.283,98,202.9,-18032.27,-18032.27,23241,-23241,158.4,158.41,158.4906,-17.73,0.71,1.00,TREND,-1.64,stressed,-5.66,-19141,dir,1662.72,101.46,101.49,101.4612,-0.82,0.70,0.09,chop,-0.36,calm,-0.50,0,mm,47.32,26.04,26.05,26.1220,-16.84,1.21,1.00,TREND,-1.44,stressed,-0.64,-4100,dir,-19742.32
125.320,98,202.9,-18032.27,-18032.27,23241,-23241,158.4,158.41,158.4891,-17.75,0.71,1.00,TREND,-1.64,stressed,-5.66,-19141,dir,1662.72,101.46,101.49,101.4614,-0.77,0.70,0.09,chop,-0.36,calm,-0.50,0,mm,47.32,26.04,26.05,26.1207,-16.84,1.21,1.00,TREND,-1.44,stressed,-0.64,-4100,dir,-19742.32
125.335,98,202.9,-18032.27,-18032.27,23241,-23241,158.4,158.41,158.4885,-17.75,0.71,1.00,TREND,-1.64,stressed,-5.66,-19141,dir,1662.72,101.46,101.49,101.4615,-0.75,0.70,0.09,chop,-0.36,calm,-0.50,0,mm,47.32,26.04,26.05,26.1202,-16.84,1.21,1.00,TREND,-1.44,stressed,-0.64,-4100,dir,-19742.32
125.391,98,202.9,-18032.27,-18032.27,23241,-23241,158.4,158.41,158.4864,-17.76,0.71,1.00,TREND,-1.64,stressed,-5.66,-19141,dir,1662.72,101.46,101.49,101.4619,-0.68,0.70,0.09,chop,-0.36,calm,-0.50,0,mm,47.32,26.04,26.05,26.1182,-16.83,1.21,1.00,TREND,-1.44,stressed,-0.64,-4100,dir,-19742.32
125.550,98,202.9,-18032.27,-18032.27,23241,-23241,158.39,158.4,158.4799,-17.86,0.80,1.00,TREND,-1.61,stressed,-5.66,-19141,dir,2428.36,101.45,101.46,101.4614,-0.75,0.64,0.08,chop,-1.23,calm,-0.50,0,mm,47.32,26.03,26.04,26.1123,-16.88,1.17,1.00,TREND,-1.43,stressed,-0.64,-4100,dir,-19578.32
125.663,99,200.8,-17102.63,-17102.63,23241,-23241,158.39,158.4,158.4754,-17.88,0.80,1.00,TREND,-1.61,stressed,-6.46,-19141,dir,2428.36,101.45,101.46,101.4610,-0.79,0.64,0.08,chop,-1.23,calm,-0.79,0,mm,47.32,26.02,26.03,26.1077,-16.95,1.17,1.00,TREND,-1.43,stressed,-0.74,-4100,dir,-19578.32
125.696,99,200.8,-17102.63,-17102.63,23241,-23241,158.37,158.39,158.4739,-17.91,0.80,1.00,TREND,-1.61,stressed,-6.46,-19141,dir,2428.36,101.45,101.46,101.4609,-0.80,0.64,0.08,chop,-1.23,calm,-0.79,0,mm,47.32,26.02,26.03,26.1064,-16.96,1.17,1.00,TREND,-1.43,stressed,-0.74,-4100,dir,-19578.32
125.766,99,200.8,-17102.63,-17102.63,23241,-23241,158.37,158.39,158.4708,-17.97,0.80,1.00,TREND,-1.61,stressed,-6.46,-19141,dir,2428.36,101.45,101.46,101.4608,-0.82,0.64,0.08,chop,-1.23,calm,-0.79,0,mm,47.32,26.02,26.03,26.1037,-16.97,1.17,1.00,TREND,-1.43,stressed,-0.74,-4100,dir,-19578.32
125.855,99,200.8,-17102.63,-17102.63,23241,-23241,158.37,158.39,158.4671,-18.02,0.80,1.00,TREND,-1.62,stressed,-6.46,-19141,dir,2428.36,101.45,101.46,101.4605,-0.85,0.64,0.08,chop,-1.21,calm,-0.79,0,mm,47.32,26.02,26.03,26.1005,-16.97,1.17,1.00,TREND,-1.43,stressed,-0.74,-4100,dir,-19578.32
125.949,99,200.8,-17102.63,-17102.63,23241,-23241,158.36,158.37,158.4627,-18.15,0.80,1.00,TREND,-1.62,stressed,-6.46,-19141,dir,2428.36,101.45,101.46,101.4603,-0.87,0.64,0.08,chop,-1.21,calm,-0.79,0,mm,47.32,26.01,26.02,26.0968,-17.01,1.17,1.00,TREND,-1.43,stressed,-0.74,-4100,dir,-19578.32
125.988,99,200.8,-17102.63,-17102.63,23241,-23241,158.36,158.37,158.4609,-18.19,0.80,1.00,TREND,-1.62,stressed,-6.46,-19141,dir,2428.36,101.45,101.46,101.4602,-0.87,0.64,0.08,chop,-1.21,calm,-0.79,0,mm,47.32,26.01,26.02,26.0953,-17.02,1.17,1.00,TREND,-1.43,stressed,-0.74,-4100,dir,-19578.32
126.065,99,200.8,-17102.63,-17102.63,23241,-23241,158.36,158.37,158.4576,-18.26,0.78,1.00,TREND,-1.62,stressed,-6.46,-19141,dir,2428.36,101.45,101.46,101.4600,-0.89,0.59,0.08,chop,-1.21,calm,-0.79,0,mm,47.32,26.01,26.02,26.0925,-17.03,1.07,1.00,TREND,-1.43,stressed,-0.74,-4100,dir,-19578.32
126.309,99,202.2,-17102.63,-17102.63,23241,-23241,158.35,158.36,158.4464,-18.49,0.78,1.00,TREND,-1.65,stressed,-6.46,-19141,dir,2428.36,101.45,101.46,101.4595,-0.92,0.59,0.08,chop,-1.17,calm,-0.79,0,mm,47.32,26.01,26.02,26.0840,-16.94,1.07,1.00,TREND,-1.42,stressed,-0.74,-4100,dir,-19578.32
126.347,99,202.2,-17102.63,-17102.63,23241,-23241,158.35,158.36,158.4447,-18.51,0.78,1.00,TREND,-1.65,stressed,-6.46,-19141,dir,2428.36,101.45,101.46,101.4594,-0.92,0.59,0.08,chop,-1.17,calm,-0.79,0,mm,47.32,26.0,26.01,26.0826,-16.94,1.07,1.00,TREND,-1.42,stressed,-0.74,-4100,dir,-19578.32
126.600,99,202.2,-17102.63,-17102.63,23241,-23241,158.34,158.35,158.4336,-18.66,0.74,1.00,TREND,-1.62,stressed,-6.46,-19141,dir,3385.41,101.45,101.46,101.4589,-0.93,0.54,0.08,chop,-1.14,calm,-0.79,0,mm,47.32,25.99,26.0,26.0728,-17.04,0.98,1.00,TREND,-1.44,stressed,-0.74,-4100,dir,-19414.32
126.756,100,200.0,-15981.58,-15981.58,23241,-23241,158.33,158.34,158.4266,-18.75,0.74,1.00,TREND,-1.62,stressed,-7.47,-19141,dir,3385.41,101.45,101.47,101.4590,-0.87,0.54,0.08,chop,-1.14,calm,-0.59,0,mm,47.32,25.98,25.99,26.0666,-17.12,0.98,1.00,TREND,-1.44,stressed,-0.89,-4100,dir,-19414.32
126.779,100,200.0,-15981.58,-15981.58,23241,-23241,158.33,158.34,158.4256,-18.76,0.74,1.00,TREND,-1.62,stressed,-7.47,-19141,dir,3385.41,101.45,101.47,101.4590,-0.86,0.54,0.08,chop,-1.14,calm,-0.59,0,mm,47.32,25.98,25.99,26.0657,-17.12,0.98,1.00,TREND,-1.44,stressed,-0.89,-4100,dir,-19414.32
126.830,100,200.0,-15981.58,-15981.58,23241,-23241,158.33,158.34,158.4234,-18.76,0.74,1.00,TREND,-1.62,stressed,-7.47,-19141,dir,3385.41,101.45,101.47,101.4590,-0.85,0.54,0.08,chop,-1.14,calm,-0.59,0,mm,47.32,25.98,25.99,26.0638,-17.13,0.98,1.00,TREND,-1.44,stressed,-0.89,-4100,dir,-19414.32
126.898,100,200.0,-15981.58,-15981.58,23241,-23241,158.33,158.34,158.4207,-18.76,0.74,1.00,TREND,-1.60,stressed,-7.47,-19141,dir,3385.41,101.45,101.47,101.4590,-0.83,0.54,0.12,chop,-0.89,calm,-0.59,0,mm,47.32,25.98,25.99,26.0614,-17.12,0.98,1.00,TREND,-1.42,stressed,-0.89,-4100,dir,-19414.32
127.079,100,200.0,-15981.58,-15981.58,23241,-23241,158.32,158.33,158.4128,-18.81,0.74,1.00,TREND,-1.60,stressed,-7.47,-19141,dir,3385.41,101.46,101.47,101.4595,-0.70,0.54,0.12,chop,-0.89,calm,-0.59,0,mm,47.32,25.98,25.99,26.0551,-17.04,0.98,1.00,TREND,-1.42,stressed,-0.89,-4100,dir,-19414.32
127.140,100,200.0,-15981.58,-15981.58,23241,-23241,158.32,158.33,158.4104,-18.81,0.70,1.00,TREND,-1.60,stressed,-7.47,-19141,dir,3385.41,101.46,101.47,101.4597,-0.67,0.59,0.12,chop,-0.89,calm,-0.59,0,mm,47.32,25.98,25.99,26.0531,-17.00,0.99,1.00,TREND,-1.42,stressed,-0.89,-4100,dir,-19414.32
127.237,100,201.0,-15981.58,-15981.58,23241,-23241,158.31,158.32,158.4061,-18.85,0.70,1.00,TREND,-1.61,stressed,-7.47,-19141,dir,3385.41,101.45,101.46,101.4595,-0.69,0.59,0.25,mixed,-1.09,calm,-0.59,0,mm,47.32,25.97,25.98,26.0496,-16.99,0.99,1.00,TREND,-1.40,stressed,-0.89,-4100,dir,-19414.32
127.287,100,201.0,-15981.58,-15981.58,23241,-23241,158.31,158.32,158.4040,-18.86,0.70,1.00,TREND,-1.61,stressed,-7.47,-19141,dir,3385.41,101.45,101.46,101.4594,-0.70,0.59,0.25,mixed,-1.09,calm,-0.59,0,mm,47.32,25.97,25.98,26.0479,-16.97,0.99,1.00,TREND,-1.40,stressed,-0.89,-4100,dir,-19414.32
127.350,100,201.0,-15981.58,-15981.58,23241,-23241,158.31,158.32,158.4014,-18.85,0.70,1.00,TREND,-1.61,stressed,-7.47,-19141,dir,3385.41,101.45,101.46,101.4592,-0.71,0.59,0.25,mixed,-1.09,calm,-0.59,0,mm,47.32,25.97,25.98,26.0457,-16.95,0.99,1.00,TREND,-1.40,stressed,-0.89,-4100,dir,-19414.32
127.369,100,201.0,-15981.58,-15981.58,23241,-23241,158.31,158.32,158.4006,-18.85,0.70,1.00,TREND,-1.61,stressed,-7.47,-19141,dir,3385.41,101.45,101.46,101.4592,-0.72,0.59,0.25,mixed,-1.09,calm,-0.59,0,mm,47.32,25.97,25.98,26.0451,-16.94,0.99,1.00,TREND,-1.40,stressed,-0.89,-4100,dir,-19414.32
127.624,100,201.0,-15981.58,-15981.58,23241,-23241,158.3,158.31,158.3899,-18.89,0.70,1.00,TREND,-1.59,stressed,-7.47,-19141,dir,3959.64,101.45,101.46,101.4587,-0.75,0.59,0.18,chop,-1.05,normal,-0.59,0,mm,47.32,25.96,25.97,26.0361,-16.90,0.99,1.00,TREND,-1.39,stressed,-0.89,-4100,dir,-19291.32
127.663,100,201.0,-15981.58,-15981.58,23241,-23241,158.3,158.31,158.3883,-18.88,0.66,1.00,TREND,-1.59,stressed,-7.47,-19141,dir,3959.64,101.45,101.46,101.4587,-0.75,0.62,0.18,chop,-1.05,normal,-0.59,0,mm,47.32,25.96,25.97,26.0348,-16.88,0.89,1.00,TREND,-1.39,stressed,-0.89,-4100,dir,-19291.32
127.979,101,199.5,-15284.35,-15284.35,23241,-23241,158.29,158.3,158.3754,-18.85,0.66,1.00,TREND,-1.57,stressed,-9.48,-19141,dir,3959.64,101.44,101.45,101.4568,-0.98,0.62,0.22,chop,-1.48,calm,-0.65,0,mm,47.32,25.95,25.96,26.0238,-16.82,0.89,1.00,TREND,-1.37,stressed,-0.98,-4100,dir,-19291.32
128.101,101,199.5,-15284.35,-15284.35,23241,-23241,158.28,158.29,158.3703,-18.85,0.66,1.00,TREND,-1.57,stressed,-9.48,-19141,dir,3959.64,101.44,101.45,101.4561,-1.05,0.62,0.22,chop,-1.48,calm,-0.65,0,mm,47.32,25.95,25.96,26.0199,-16.73,0.89,1.00,TREND,-1.37,stressed,-0.98,-4100,dir,-19291.32
128.131,101,199.5,-15284.35,-15284.35,23241,-23241,158.28,158.29,158.3691,-18.84,0.66,1.00,TREND,-1.57,stressed,-9.48,-19141,dir,3959.64,101.44,101.45,101.4560,-1.06,0.62,0.22,chop,-1.48,calm,-0.65,0,mm,47.32,25.95,25.96,26.0190,-16.70,0.89,1.00,TREND,-1.37,stressed,-0.98,-4100,dir,-19291.32
128.154,101,199.5,-15284.35,-15284.35,23241,-23241,158.28,158.29,158.3683,-18.84,0.66,1.00,TREND,-1.57,stressed,-9.48,-19141,dir,3959.64,101.44,101.45,101.4558,-1.07,0.62,0.22,chop,-1.48,calm,-0.65,0,mm,47.32,25.95,25.96,26.0184,-16.68,0.89,1.00,TREND,-1.37,stressed,-0.98,-4100,dir,-19291.32
128.272,101,199.5,-15284.35,-15284.35,23241,-23241,158.27,158.28,158.3632,-18.87,0.66,1.00,TREND,-1.59,stressed,-9.48,-19141,dir,3959.64,101.44,101.46,101.4555,-1.08,0.59,0.13,chop,-1.20,calm,-0.65,0,mm,47.32,25.94,25.95,26.0143,-16.65,0.81,1.00,TREND,-1.35,stressed,-0.98,-4100,dir,-19291.32
128.379,101,200.3,-15284.35,-15284.35,23241,-23241,158.27,158.28,158.3589,-18.86,0.66,1.00,TREND,-1.59,stressed,-9.48,-19141,dir,3959.64,101.44,101.46,101.4553,-1.08,0.59,0.13,chop,-1.20,calm,-0.65,0,mm,47.32,25.94,25.95,26.0110,-16.59,0.81,1.00,TREND,-1.35,stressed,-0.98,-4100,dir,-19291.32
128.556,101,200.3,-15284.35,-15284.35,23241,-23241,158.26,158.27,158.3514,-18.90,0.66,1.00,TREND,-1.58,stressed,-9.48,-19141,dir,4725.28,101.46,101.5,101.4572,-0.68,0.59,0.00,chop,0.22,calm,-0.65,0,mm,47.32,25.93,25.94,26.0049,-16.57,0.81,1.00,TREND,-1.35,stressed,-0.98,-4100,dir,-19168.32
128.625,101,200.3,-15284.35,-15284.35,23241,-23241,158.26,158.27,158.3486,-18.89,0.66,1.00,TREND,-1.58,stressed,-9.48,-19141,dir,4725.28,101.46,101.5,101.4580,-0.54,0.59,0.00,chop,0.22,calm,-0.65,0,mm,47.32,25.93,25.94,26.0027,-16.54,0.81,1.00,TREND,-1.35,stressed,-0.98,-4100,dir,-19168.32
128.657,101,200.3,-15284.35,-15284.35,23241,-23241,158.26,158.27,158.3474,-18.87,0.66,1.00,TREND,-1.58,stressed,-9.48,-19141,dir,4725.28,101.46,101.5,101.4583,-0.48,0.59,0.00,chop,0.22,calm,-0.65,0,mm,47.32,25.93,25.94,26.0016,-16.52,0.81,1.00,TREND,-1.35,stressed,-0.98,-4100,dir,-19168.32
128.838,101,200.3,-15284.35,-15284.35,23241,-23241,158.26,158.27,158.3407,-18.76,0.71,1.00,TREND,-1.53,stressed,-9.48,-19141,dir,4725.28,101.46,101.5,101.4600,-0.19,0.82,0.24,chop,0.23,calm,-0.65,0,mm,47.32,25.93,25.94,25.9963,-16.38,0.82,1.00,TREND,-1.31,stressed,-0.98,-4100,dir,-19168.32
128.896,102,198.3,-14395.71,-14395.71,23241,-23241,158.25,158.26,158.3383,-18.75,0.71,1.00,TREND,-1.53,stressed,-10.60,-19141,dir,4725.28,101.45,101.46,101.4599,-0.22,0.82,0.24,chop,0.23,calm,-1.25,0,mm,47.32,25.92,25.93,25.9943,-16.37,0.82,1.00,TREND,-1.31,stressed,-1.96,-4100,dir,-19168.32
128.951,102,198.3,-14395.71,-14395.71,23241,-23241,158.25,158.26,158.3362,-18.74,0.71,1.00,TREND,-1.53,stressed,-10.60,-19141,dir,4725.28,101.45,101.46,101.4598,-0.25,0.82,0.24,chop,0.23,calm,-1.25,0,mm,47.32,25.92,25.93,25.9925,-16.35,0.82,1.00,TREND,-1.31,stressed,-1.96,-4100,dir,-19168.32
129.059,102,198.3,-14395.71,-14395.71,23241,-23241,158.24,158.25,158.3317,-18.76,0.71,1.00,TREND,-1.53,stressed,-10.60,-19141,dir,4725.28,101.44,101.45,101.4590,-0.38,0.82,0.24,chop,0.23,calm,-1.25,0,mm,47.32,25.91,25.92,25.9887,-16.37,0.82,1.00,TREND,-1.31,stressed,-1.96,-4100,dir,-19168.32
129.133,102,198.3,-14395.71,-14395.71,23241,-23241,158.24,158.25,158.3287,-18.76,0.71,1.00,TREND,-1.56,stressed,-10.60,-19141,dir,4725.28,101.44,101.45,101.4586,-0.46,0.82,0.07,chop,-1.40,calm,-1.25,0,mm,47.32,25.91,25.92,25.9861,-16.37,0.82,1.00,TREND,-1.33,stressed,-1.96,-4100,dir,-19168.32
129.157,102,198.3,-14395.71,-14395.71,23241,-23241,158.24,158.25,158.3278,-18.75,0.71,1.00,TREND,-1.56,stressed,-10.60,-19141,dir,4725.28,101.44,101.45,101.4584,-0.49,0.82,0.07,chop,-1.40,calm,-1.25,0,mm,47.32,25.91,25.92,25.9853,-16.37,0.82,1.00,TREND,-1.33,stressed,-1.96,-4100,dir,-19168.32
129.185,102,198.3,-14395.71,-14395.71,23241,-23241,158.24,158.25,158.3267,-18.74,0.71,1.00,TREND,-1.56,stressed,-10.60,-19141,dir,4725.28,101.44,101.45,101.4582,-0.52,0.82,0.07,chop,-1.40,calm,-1.25,0,mm,47.32,25.91,25.92,25.9844,-16.36,0.82,1.00,TREND,-1.33,stressed,-1.96,-4100,dir,-19168.32
129.357,102,198.3,-14395.71,-14395.71,23241,-23241,158.23,158.24,158.3196,-18.77,0.71,1.00,TREND,-1.56,stressed,-10.60,-19141,dir,4725.28,101.44,101.45,101.4572,-0.67,1.07,0.07,chop,-1.40,calm,-1.25,0,mm,47.32,25.9,25.91,25.9783,-16.40,0.83,1.00,TREND,-1.33,stressed,-1.96,-4100,dir,-19168.32
129.397,102,199.3,-14395.71,-14395.71,23241,-23241,158.23,158.24,158.3180,-18.76,0.71,1.00,TREND,-1.55,stressed,-10.60,-19141,dir,4725.28,101.44,101.45,101.4570,-0.70,1.07,0.07,chop,-1.36,calm,-1.25,0,mm,47.32,25.9,25.91,25.9769,-16.40,0.83,1.00,TREND,-1.33,stressed,-1.96,-4100,dir,-19168.32
129.423,102,199.3,-14395.71,-14395.71,23241,-23241,158.23,158.24,158.3170,-18.76,0.71,1.00,TREND,-1.55,stressed,-10.60,-19141,dir,4725.28,101.44,101.45,101.4568,-0.72,1.07,0.07,chop,-1.36,calm,-1.25,0,mm,47.32,25.9,25.91,25.9760,-16.40,0.83,1.00,TREND,-1.33,stressed,-1.96,-4100,dir,-19168.32
129.598,102,199.3,-14395.71,-14395.71,23241,-23241,158.22,158.23,158.3097,-18.79,0.71,1.00,TREND,-1.55,stressed,-10.60,-19141,dir,5682.33,101.44,101.45,101.4559,-0.83,1.07,0.07,chop,-1.36,calm,-1.25,0,mm,47.32,25.9,25.91,25.9704,-16.32,0.83,1.00,TREND,-1.33,stressed,-1.96,-4100,dir,-19045.32
129.633,102,199.3,-14395.71,-14395.71,23241,-23241,158.22,158.23,158.3083,-18.78,0.71,1.00,TREND,-1.55,stressed,-10.60,-19141,dir,5682.33,101.44,101.45,101.4557,-0.85,1.07,0.07,chop,-1.36,calm,-1.25,0,mm,47.32,25.9,25.91,25.9693,-16.30,0.83,1.00,TREND,-1.33,stressed,-1.96,-4100,dir,-19045.32
129.711,102,199.3,-14395.71,-14395.71,23241,-23241,158.22,158.23,158.3054,-18.76,0.71,1.00,TREND,-1.54,stressed,-10.60,-19141,dir,5682.33,101.44,101.45,101.4553,-0.89,1.07,0.07,chop,-1.32,calm,-1.25,0,mm,47.32,25.9,25.91,25.9670,-16.24,0.83,1.00,TREND,-1.29,stressed,-1.96,-4100,dir,-19045.32
129.793,102,199.3,-14395.71,-14395.71,23241,-23241,158.21,158.22,158.3019,-18.78,0.71,1.00,TREND,-1.54,stressed,-10.60,-19141,dir,5682.33,101.44,101.45,101.4549,-0.93,1.07,0.07,chop,-1.32,calm,-1.25,0,mm,47.32,25.89,25.9,25.9643,-16.23,0.83,1.00,TREND,-1.29,stressed,-1.96,-4100,dir,-19045.32
129.818,102,199.3,-14395.71,-14395.71,23241,-23241,158.21,158.22,158.3009,-18.78,0.71,1.00,TREND,-1.54,stressed,-10.60,-19141,dir,5682.33,101.44,101.45,101.4548,-0.94,1.07,0.07,chop,-1.32,calm,-1.25,0,mm,47.32,25.89,25.9,25.9635,-16.23,0.83,1.00,TREND,-1.29,stressed,-1.96,-4100,dir,-19045.32
129.869,102,199.3,-14395.71,-14395.71,23241,-23241,158.21,158.22,158.2988,-18.77,0.67,1.00,TREND,-1.54,stressed,-10.60,-19141,dir,5682.33,101.44,101.45,101.4546,-0.96,0.98,0.07,chop,-1.32,calm,-1.25,0,mm,47.32,25.89,25.9,25.9619,-16.21,0.84,1.00,TREND,-1.29,stressed,-1.96,-4100,dir,-19045.32
129.911,103,197.3,-13315.66,-13315.66,23241,-23241,158.21,158.22,158.2972,-18.76,0.67,1.00,TREND,-1.54,stressed,-10.53,-19141,dir,5682.33,101.44,101.45,101.4544,-0.98,0.98,0.07,chop,-1.32,calm,-0.94,0,mm,47.32,25.89,25.9,25.9605,-16.19,0.84,1.00,TREND,-1.29,stressed,-2.95,-4100,dir,-19045.32
129.956,103,197.3,-13315.66,-13315.66,23241,-23241,158.21,158.22,158.2954,-18.74,0.67,1.00,TREND,-1.54,stressed,-10.53,-19141,dir,5682.33,101.44,101.45,101.4542,-0.99,0.98,0.07,chop,-1.32,calm,-0.94,0,mm,47.32,25.89,25.9,25.9591,-16.16,0.84,1.00,TREND,-1.29,stressed,-2.95,-4100,dir,-19045.32
130.090,103,197.3,-13315.66,-13315.66,23241,-23241,158.21,158.22,158.2905,-18.66,0.67,1.00,TREND,-1.54,stressed,-10.53,-19141,dir,5682.33,101.44,101.45,101.4536,-1.03,0.98,0.07,chop,-1.27,calm,-0.94,0,mm,47.32,25.88,25.89,25.9546,-16.16,0.84,1.00,TREND,-1.32,stressed,-2.95,-4100,dir,-19045.32
130.110,103,197.3,-13315.66,-13315.66,23241,-23241,158.2,158.21,158.2897,-18.66,0.67,1.00,TREND,-1.54,stressed,-10.53,-19141,dir,5682.33,101.44,101.46,101.4536,-1.03,0.98,0.07,chop,-1.27,calm,-0.94,0,mm,47.32,25.88,25.89,25.9540,-16.16,0.84,1.00,TREND,-1.32,stressed,-2.95,-4100,dir,-19045.32
130.135,103,197.3,-13315.66,-13315.66,23241,-23241,158.2,158.21,158.2888,-18.66,0.67,1.00,TREND,-1.54,stressed,-10.53,-19141,dir,5682.33,101.44,101.46,101.4536,-1.02,0.98,0.07,chop,-1.27,calm,-0.94,0,mm,47.32,25.88,25.89,25.9532,-16.15,0.84,1.00,TREND,-1.32,stressed,-2.95,-4100,dir,-19045.32
130.590,103,197.3,-13315.66,-13315.66,23241,-23241,158.19,158.2,158.2706,-18.63,0.63,1.00,TREND,-1.58,stressed,-10.53,-19141,dir,5682.33,101.44,101.46,101.4529,-0.95,0.94,0.03,chop,-1.08,calm,-0.94,0,mm,47.32,25.88,25.89,25.9400,-15.79,0.84,1.00,TREND,-1.30,stressed,-2.95,-4100,dir,-19045.32
130.683,104,195.9,-12427.02,-12427.02,23241,-23241,158.18,158.19,158.2670,-18.62,0.63,1.00,TREND,-1.58,stressed,-11.80,-19141,dir,6447.97,101.44,101.45,101.4525,-0.97,0.94,0.03,chop,-1.08,calm,-1.42,0,mm,47.32,25.86,25.87,25.9368,-15.82,0.84,1.00,TREND,-1.30,stressed,-3.19,-4100,dir,-18922.32
130.718,104,195.9,-12427.02,-12427.02,23241,-23241,158.18,158.19,158.2656,-18.61,0.63,1.00,TREND,-1.58,stressed,-11.80,-19141,dir,6447.97,101.44,101.45,101.4524,-0.98,0.94,0.03,chop,-1.08,calm,-1.42,0,mm,47.32,25.86,25.87,25.9356,-15.83,0.84,1.00,TREND,-1.30,stressed,-3.19,-4100,dir,-18922.32
130.840,104,195.9,-12427.02,-12427.02,23241,-23241,158.17,158.18,158.2606,-18.64,0.63,1.00,TREND,-1.58,stressed,-11.80,-19141,dir,6447.97,101.44,101.45,101.4520,-1.00,0.94,0.03,chop,-1.08,calm,-1.42,0,mm,47.32,25.85,25.86,25.9311,-15.91,0.84,1.00,TREND,-1.30,stressed,-3.19,-4100,dir,-18922.32
130.877,104,195.9,-12427.02,-12427.02,23241,-23241,158.17,158.18,158.2591,-18.64,0.63,1.00,TREND,-1.61,stressed,-11.80,-19141,dir,6447.97,101.44,101.45,101.4519,-1.01,0.94,0.10,chop,-1.30,calm,-1.42,0,mm,47.32,25.85,25.86,25.9298,-15.92,0.84,1.00,TREND,-1.38,stressed,-3.19,-4100,dir,-18922.32
130.918,104,195.9,-12427.02,-12427.02,23241,-23241,158.17,158.18,158.2575,-18.64,0.63,1.00,TREND,-1.61,stressed,-11.80,-19141,dir,6447.97,101.44,101.45,101.4518,-1.01,0.94,0.10,chop,-1.30,calm,-1.42,0,mm,47.32,25.85,25.86,25.9284,-15.94,0.84,1.00,TREND,-1.38,stressed,-3.19,-4100,dir,-18922.32
130.967,104,195.9,-12427.02,-12427.02,23241,-23241,158.17,158.18,158.2556,-18.62,0.63,1.00,TREND,-1.61,stressed,-11.80,-19141,dir,6447.97,101.44,101.45,101.4516,-1.02,0.94,0.10,chop,-1.30,calm,-1.42,0,mm,47.32,25.85,25.86,25.9267,-15.94,0.84,1.00,TREND,-1.38,stressed,-3.19,-4100,dir,-18922.32
131.022,104,195.9,-12427.02,-12427.02,23241,-23241,158.17,158.18,158.2536,-18.60,0.63,1.00,TREND,-1.61,stressed,-11.80,-19141,dir,6447.97,101.44,101.45,101.4514,-1.03,0.94,0.10,chop,-1.30,calm,-1.42,0,mm,47.32,25.85,25.86,25.9249,-15.94,0.84,1.00,TREND,-1.38,stressed,-3.19,-4100,dir,-18922.32
131.133,104,195.9,-12427.02,-12427.02,23241,-23241,158.16,158.17,158.2490,-18.62,0.63,1.00,TREND,-1.61,stressed,-11.80,-19141,dir,6447.97,101.44,101.45,101.4511,-1.04,0.88,0.10,chop,-1.25,calm,-1.42,0,mm,47.32,25.84,25.85,25.9208,-16.00,0.95,1.00,TREND,-1.40,stressed,-3.19,-4100,dir,-18922.32
131.200,104,196.9,-12427.02,-12427.02,23241,-23241,158.16,158.17,158.2465,-18.61,0.63,1.00,TREND,-1.61,stressed,-11.80,-19141,dir,6447.97,101.44,101.45,101.4509,-1.04,0.88,0.10,chop,-1.25,calm,-1.42,0,mm,47.32,25.84,25.85,25.9185,-16.02,0.95,1.00,TREND,-1.40,stressed,-3.19,-4100,dir,-18922.32
131.254,104,196.9,-12427.02,-12427.02,23241,-23241,158.16,158.17,158.2444,-18.59,0.63,1.00,TREND,-1.61,stressed,-11.80,-19141,dir,6447.97,101.44,101.45,101.4508,-1.04,0.88,0.10,chop,-1.25,calm,-1.42,0,mm,47.32,25.84,25.85,25.9166,-16.02,0.95,1.00,TREND,-1.40,stressed,-3.19,-4100,dir,-18922.32
131.393,104,196.9,-12427.02,-12427.02,23241,-23241,158.15,158.16,158.2388,-18.61,0.63,1.00,TREND,-1.60,stressed,-11.80,-19141,dir,6447.97,101.44,101.45,101.4504,-1.04,0.88,0.07,chop,-1.23,calm,-1.42,0,mm,47.32,25.83,25.84,25.9115,-16.10,0.95,1.00,TREND,-1.40,stressed,-3.19,-4100,dir,-18922.32
131.416,104,196.9,-12427.02,-12427.02,23241,-23241,158.15,158.16,158.2378,-18.61,0.63,1.00,TREND,-1.60,stressed,-11.80,-19141,dir,6447.97,101.44,101.45,101.4503,-1.04,0.88,0.07,chop,-1.23,calm,-1.42,0,mm,47.32,25.83,25.84,25.9106,-16.11,0.95,1.00,TREND,-1.40,stressed,-3.19,-4100,dir,-18922.32
131.467,104,196.9,-12427.02,-12427.02,23241,-23241,158.15,158.16,158.2359,-18.60,0.63,1.00,TREND,-1.60,stressed,-11.80,-19141,dir,7022.20,101.44,101.45,101.4502,-1.04,0.88,0.07,chop,-1.23,calm,-1.42,0,mm,47.32,25.83,25.84,25.9089,-16.12,0.95,1.00,TREND,-1.40,stressed,-3.19,-4100,dir,-18758.32
131.499,104,196.9,-12427.02,-12427.02,23241,-23241,158.15,158.16,158.2347,-18.59,0.63,1.00,TREND,-1.60,stressed,-11.80,-19141,dir,7022.20,101.44,101.45,101.4501,-1.04,0.88,0.07,chop,-1.23,calm,-1.42,0,mm,47.32,25.83,25.84,25.9077,-16.12,0.95,1.00,TREND,-1.40,stressed,-3.19,-4100,dir,-18758.32
131.603,104,196.9,-12427.02,-12427.02,23241,-23241,158.15,158.16,158.2309,-18.53,0.63,1.00,TREND,-1.60,stressed,-11.80,-19141,dir,7022.20,101.44,101.45,101.4499,-1.04,0.88,0.07,chop,-1.23,calm,-1.42,0,mm,47.32,25.83,25.84,25.9043,-16.10,0.95,1.00,TREND,-1.40,stressed,-3.19,-4100,dir,-18758.32
131.770,104,196.9,-12427.02,-12427.02,23241,-23241,158.14,158.15,158.2244,-18.51,0.60,1.00,TREND,-1.59,stressed,-11.80,-19141,dir,7022.20,101.44,101.45,101.4495,-1.04,0.81,0.07,chop,-1.24,calm,-1.42,0,mm,47.32,25.82,25.83,25.8983,-16.15,0.86,1.00,TREND,-1.47,stressed,-3.19,-4100,dir,-18758.32
131.976,105,195.4,-11688.79,-11688.79,23241,-23241,158.13,158.14,158.2161,-18.53,0.60,1.00,TREND,-1.59,stressed,-12.45,-19141,dir,7022.20,101.44,101.45,101.4491,-1.02,0.81,0.07,chop,-1.24,calm,-1.29,0,mm,47.32,25.81,25.82,25.8906,-16.25,0.86,1.00,TREND,-1.47,stressed,-3.23,-4100,dir,-18758.32
132.036,105,195.4,-11688.79,-11688.79,23241,-23241,158.13,158.14,158.2138,-18.51,0.60,1.00,TREND,-1.58,stressed,-12.45,-19141,dir,7022.20,101.44,101.45,101.4490,-1.02,0.81,0.07,chop,-1.21,calm,-1.29,0,mm,47.32,25.81,25.82,25.8884,-16.25,0.86,1.00,TREND,-1.47,stressed,-3.23,-4100,dir,-18758.32
132.189,105,195.4,-11688.79,-11688.79,23241,-23241,158.11,158.13,158.2073,-18.59,0.60,1.00,TREND,-1.58,stressed,-12.45,-19141,dir,7022.20,101.44,101.45,101.4487,-1.00,0.81,0.07,chop,-1.21,calm,-1.29,0,mm,47.32,25.8,25.81,25.8826,-16.33,0.86,1.00,TREND,-1.47,stressed,-3.23,-4100,dir,-18758.32
132.230,105,195.4,-11688.79,-11688.79,23241,-23241,158.11,158.13,158.2056,-18.60,0.60,1.00,TREND,-1.58,stressed,-12.45,-19141,dir,7022.20,101.44,101.45,101.4486,-1.00,0.81,0.07,chop,-1.21,calm,-1.29,0,mm,47.32,25.8,25.81,25.8811,-16.34,0.86,1.00,TREND,-1.47,stressed,-3.23,-4100,dir,-18758.32
132.257,105,195.4,-11688.79,-11688.79,23241,-23241,158.11,158.13,158.2046,-18.60,0.60,1.00,TREND,-1.58,stressed,-12.45,-19141,dir,7022.20,101.44,101.45,101.4486,-1.00,0.81,0.07,chop,-1.21,calm,-1.29,0,mm,47.32,25.8,25.81,25.8802,-16.34,0.86,1.00,TREND,-1.47,stressed,-3.23,-4100,dir,-18758.32
132.287,105,195.4,-11688.79,-11688.79,23241,-23241,158.11,158.13,158.2034,-18.60,0.56,1.00,TREND,-1.60,stressed,-12.45,-19141,dir,7022.20,101.44,101.45,101.4485,-1.00,0.74,0.25,mixed,-1.19,calm,-1.29,0,mm,47.32,25.8,25.81,25.8792,-16.34,0.78,1.00,TREND,-1.52,stressed,-3.23,-4100,dir,-18758.32
132.431,105,196.3,-11688.79,-11688.79,23241,-23241,158.1,158.11,158.1970,-18.72,0.56,1.00,TREND,-1.60,stressed,-12.45,-19141,dir,7022.20,101.44,101.45,101.4483,-0.98,0.74,0.25,mixed,-1.19,calm,-1.29,0,mm,47.32,25.79,25.8,25.8737,-16.42,0.78,1.00,TREND,-1.52,stressed,-3.23,-4100,dir,-18758.32
132.522,105,196.3,-11688.79,-11688.79,23241,-23241,158.1,158.11,158.1931,-18.75,0.56,1.00,TREND,-1.60,stressed,-12.45,-19141,dir,7979.25,101.44,101.45,101.4482,-0.97,0.74,0.25,mixed,-1.19,calm,-1.29,0,mm,47.32,25.79,25.8,25.8704,-16.43,0.78,1.00,TREND,-1.52,stressed,-3.23,-4100,dir,-18594.32
132.632,105,196.3,-11688.79,-11688.79,23241,-23241,158.1,158.11,158.1887,-18.75,0.56,1.00,TREND,-1.61,stressed,-12.45,-19141,dir,7979.25,101.44,101.45,101.4480,-0.96,0.74,0.10,chop,-1.16,normal,-1.29,0,mm,47.32,25.79,25.8,25.8666,-16.41,0.78,1.00,TREND,-1.52,stressed,-3.23,-4100,dir,-18594.32
132.670,105,196.3,-11688.79,-11688.79,23241,-23241,158.09,158.1,158.1870,-18.77,0.56,1.00,TREND,-1.61,stressed,-12.45,-19141,dir,7979.25,101.44,101.47,101.4481,-0.92,0.74,0.10,chop,-1.16,normal,-1.29,0,mm,47.32,25.78,25.79,25.8651,-16.43,0.78,1.00,TREND,-1.52,stressed,-3.23,-4100,dir,-18594.32
132.701,105,196.3,-11688.79,-11688.79,23241,-23241,158.09,158.1,158.1857,-18.79,0.56,1.00,TREND,-1.61,stressed,-12.45,-19141,dir,7979.25,101.44,101.47,101.4482,-0.90,0.74,0.10,chop,-1.16,normal,-1.29,0,mm,47.32,25.78,25.79,25.8640,-16.44,0.78,1.00,TREND,-1.52,stressed,-3.23,-4100,dir,-18594.32
132.733,105,196.3,-11688.79,-11688.79,23241,-23241,158.09,158.1,158.1843,-18.80,0.56,1.00,TREND,-1.61,stressed,-12.45,-19141,dir,7979.25,101.44,101.47,101.4483,-0.87,0.74,0.10,chop,-1.16,normal,-1.29,0,mm,47.32,25.78,25.79,25.8628,-16.45,0.78,1.00,TREND,-1.52,stressed,-3.23,-4100,dir,-18594.32
132.823,105,196.3,-11688.79,-11688.79,23241,-23241,158.09,158.1,158.1806,-18.81,0.52,1.00,TREND,-1.61,stressed,-12.45,-19141,dir,7979.25,101.44,101.47,101.4486,-0.79,0.76,0.10,chop,-1.16,normal,-1.29,0,mm,47.32,25.78,25.79,25.8596,-16.45,0.71,1.00,TREND,-1.52,stressed,-3.23,-4100,dir,-18594.32
133.008,106,194.5,-10567.74,-10567.74,23241,-23241,158.08,158.09,158.1727,-18.88,0.52,1.00,TREND,-1.64,stressed,-13.25,-19141,dir,7979.25,101.45,101.46,101.4492,-0.66,0.76,0.00,chop,-0.54,calm,-1.50,0,mm,47.32,25.77,25.78,25.8525,-16.53,0.71,1.00,TREND,-1.62,stressed,-16.41,-4100,dir,-18594.32
133.050,106,194.5,-10567.74,-10567.74,23241,-23241,158.08,158.09,158.1709,-18.88,0.52,1.00,TREND,-1.64,stressed,-13.25,-19141,dir,7979.25,101.45,101.46,101.4493,-0.64,0.76,0.00,chop,-0.54,calm,-1.50,0,mm,47.32,25.77,25.78,25.8510,-16.53,0.71,1.00,TREND,-1.62,stressed,-16.41,-4100,dir,-18594.32
133.099,106,194.5,-10567.74,-10567.74,23241,-23241,158.08,158.09,158.1690,-18.87,0.52,1.00,TREND,-1.64,stressed,-13.25,-19141,dir,7979.25,101.45,101.46,101.4494,-0.61,0.76,0.00,chop,-0.54,calm,-1.50,0,mm,47.32,25.77,25.78,25.8493,-16.53,0.71,1.00,TREND,-1.62,stressed,-16.41,-4100,dir,-18594.32
133.215,106,194.5,-10567.74,-10567.74,23241,-23241,158.07,158.08,158.1640,-18.92,0.52,1.00,TREND,-1.64,stressed,-13.25,-19141,dir,7979.25,101.44,101.45,101.4492,-0.63,0.76,0.00,chop,-0.54,calm,-1.50,0,mm,47.32,25.76,25.77,25.8448,-16.58,0.71,1.00,TREND,-1.62,stressed,-16.41,-4100,dir,-18594.32
133.290,106,194.5,-10567.74,-10567.74,23241,-23241,158.07,158.08,158.1609,-18.92,0.52,1.00,TREND,-1.63,stressed,-13.25,-19141,dir,7979.25,101.44,101.45,101.4490,-0.65,0.76,0.08,chop,-1.14,calm,-1.50,0,mm,47.32,25.76,25.77,25.8420,-16.60,0.71,1.00,TREND,-1.61,stressed,-16.41,-4100,dir,-18594.32
133.348,106,194.5,-10567.74,-10567.74,23241,-23241,158.07,158.08,158.1586,-18.91,0.50,1.00,TREND,-1.63,stressed,-13.25,-19141,dir,7979.25,101.44,101.45,101.4489,-0.66,0.78,0.08,chop,-1.14,calm,-1.50,0,mm,47.32,25.76,25.77,25.8400,-16.59,0.64,1.00,TREND,-1.61,stressed,-16.41,-4100,dir,-18594.32
133.506,106,195.4,-10567.74,-10567.74,23241,-23241,158.06,158.07,158.1519,-18.95,0.50,1.00,TREND,-1.63,stressed,-13.25,-19141,dir,7979.25,101.43,101.44,101.4479,-0.80,0.78,0.08,chop,-1.14,calm,-1.50,0,mm,47.32,25.75,25.76,25.8339,-16.66,0.64,1.00,TREND,-1.61,stressed,-16.41,-4100,dir,-18594.32
133.536,106,195.4,-10567.74,-10567.74,23241,-23241,158.06,158.07,158.1507,-18.95,0.50,1.00,TREND,-1.63,stressed,-13.25,-19141,dir,8744.89,101.43,101.44,101.4477,-0.82,0.78,0.08,chop,-1.14,calm,-1.50,0,mm,47.32,25.75,25.76,25.8328,-16.66,0.64,1.00,TREND,-1.61,stressed,-16.41,-4100,dir,-18430.32
133.578,106,195.4,-10567.74,-10567.74,23241,-23241,158.06,158.07,158.1490,-18.94,0.50,1.00,TREND,-1.63,stressed,-13.25,-19141,dir,8744.89,101.43,101.44,101.4475,-0.85,0.78,0.15,chop,-1.71,calm,-1.50,0,mm,47.32,25.75,25.76,25.8313,-16.66,0.64,1.00,TREND,-1.61,stressed,-16.41,-4100,dir,-18430.32
133.702,106,195.4,-10567.74,-10567.74,23241,-23241,158.04,158.06,158.1434,-19.03,0.50,1.00,TREND,-1.63,stressed,-13.25,-19141,dir,8744.89,101.43,101.44,101.4468,-0.93,0.78,0.15,chop,-1.71,calm,-1.50,0,mm,47.32,25.74,25.75,25.8264,-16.73,0.64,1.00,TREND,-1.61,stressed,-16.41,-4100,dir,-18430.32
133.733,106,195.4,-10567.74,-10567.74,23241,-23241,158.04,158.06,158.1420,-19.04,0.50,1.00,TREND,-1.63,stressed,-13.25,-19141,dir,8744.89,101.43,101.44,101.4466,-0.95,0.78,0.15,chop,-1.71,calm,-1.50,0,mm,47.32,25.74,25.75,25.8252,-16.74,0.64,1.00,TREND,-1.61,stressed,-16.41,-4100,dir,-18430.32
133.767,106,195.4,-10567.74,-10567.74,23241,-23241,158.04,158.06,158.1406,-19.05,0.50,1.00,TREND,-1.63,stressed,-13.25,-19141,dir,8744.89,101.43,101.44,101.4464,-0.97,0.78,0.15,chop,-1.71,calm,-1.50,0,mm,47.32,25.74,25.75,25.8239,-16.75,0.64,1.00,TREND,-1.61,stressed,-16.41,-4100,dir,-18430.32
133.840,106,195.4,-10567.74,-10567.74,23241,-23241,158.04,158.06,158.1376,-19.06,0.50,1.00,TREND,-1.64,stressed,-13.25,-19141,dir,8744.89,101.43,101.44,101.4460,-1.01,0.78,0.20,chop,-1.70,calm,-1.50,0,mm,47.32,25.74,25.75,25.8213,-16.75,0.64,1.00,TREND,-1.61,stressed,-16.41,-4100,dir,-18430.32
133.895,106,195.4,-10567.74,-10567.74,23241,-23241,158.03,158.04,158.1349,-19.12,0.60,1.00,TREND,-1.64,stressed,-13.25,-19141,dir,8744.89,101.43,101.44,101.4458,-1.03,0.78,0.20,chop,-1.70,calm,-1.50,0,mm,47.32,25.73,25.74,25.8190,-16.78,0.66,1.00,TREND,-1.61,stressed,-16.41,-4100,dir,-18430.32
133.925,107,193.3,-9638.10,-9638.10,23241,-23241,158.03,158.04,158.1335,-19.14,0.60,1.00,TREND,-1.64,stressed,-14.70,-19141,dir,8744.89,101.43,101.44,101.4456,-1.05,0.78,0.20,chop,-1.70,calm,-1.63,0,mm,47.32,25.73,25.74,25.8179,-16.80,0.66,1.00,TREND,-1.61,stressed,-16.41,-4100,dir,-18430.32
133.958,107,193.3,-9638.10,-9638.10,23241,-23241,158.03,158.04,158.1320,-19.17,0.60,1.00,TREND,-1.64,stressed,-14.70,-19141,dir,8744.89,101.43,101.44,101.4454,-1.06,0.78,0.20,chop,-1.70,calm,-1.63,0,mm,47.32,25.73,25.74,25.8166,-16.81,0.66,1.00,TREND,-1.61,stressed,-16.41,-4100,dir,-18430.32
133.993,107,193.3,-9638.10,-9638.10,23241,-23241,158.03,158.04,158.1304,-19.19,0.60,1.00,TREND,-1.64,stressed,-14.70,-19141,dir,8744.89,101.43,101.44,101.4453,-1.07,0.78,0.20,chop,-1.70,calm,-1.63,0,mm,47.32,25.73,25.74,25.8153,-16.81,0.66,1.00,TREND,-1.61,stressed,-16.41,-4100,dir,-18430.32
134.032,107,193.3,-9638.10,-9638.10,23241,-23241,158.03,158.04,158.1286,-19.21,0.60,1.00,TREND,-1.64,stressed,-14.70,-19141,dir,8744.89,101.43,101.44,101.4451,-1.09,0.78,0.20,chop,-1.70,calm,-1.63,0,mm,47.32,25.73,25.74,25.8138,-16.82,0.66,1.00,TREND,-1.61,stressed,-16.41,-4100,dir,-18430.32
134.076,107,193.3,-9638.10,-9638.10,23241,-23241,158.03,158.04,158.1268,-19.22,0.60,1.00,TREND,-1.64,stressed,-14.70,-19141,dir,8744.89,101.43,101.44,101.4449,-1.10,0.78,0.20,chop,-1.70,calm,-1.63,0,mm,47.32,25.73,25.74,25.8122,-16.82,0.66,1.00,TREND,-1.61,stressed,-16.41,-4100,dir,-18430.32
134.184,107,193.3,-9638.10,-9638.10,23241,-23241,158.02,158.03,158.1217,-19.31,0.60,1.00,TREND,-1.70,stressed,-14.70,-19141,dir,8744.89,101.43,101.44,101.4444,-1.14,0.78,0.17,chop,-1.71,calm,-1.63,0,mm,47.32,25.73,25.74,25.8083,-16.80,0.66,1.00,TREND,-1.61,stressed,-16.41,-4100,dir,-18430.32
134.205,107,193.3,-9638.10,-9638.10,23241,-23241,158.02,158.03,158.1207,-19.32,0.60,1.00,TREND,-1.70,stressed,-14.70,-19141,dir,8744.89,101.43,101.44,101.4443,-1.14,0.78,0.17,chop,-1.71,calm,-1.63,0,mm,47.32,25.73,25.74,25.8076,-16.79,0.66,1.00,TREND,-1.61,stressed,-16.41,-4100,dir,-18430.32
134.244,107,193.3,-9638.10,-9638.10,23241,-23241,158.02,158.03,158.1190,-19.33,0.60,1.00,TREND,-1.70,stressed,-14.70,-19141,dir,8744.89,101.43,101.44,101.4441,-1.15,0.78,0.17,chop,-1.71,calm,-1.63,0,mm,47.32,25.73,25.74,25.8063,-16.77,0.66,1.00,TREND,-1.61,stressed,-16.41,-4100,dir,-18430.32
134.300,107,193.3,-9638.10,-9638.10,23241,-23241,158.02,158.03,158.1165,-19.34,0.60,1.00,TREND,-1.70,stressed,-14.70,-19141,dir,8744.89,101.43,101.44,101.4439,-1.16,0.78,0.17,chop,-1.71,calm,-1.63,0,mm,47.32,25.73,25.74,25.8044,-16.74,0.66,1.00,TREND,-1.61,stressed,-16.41,-4100,dir,-18430.32
134.320,107,193.3,-9638.10,-9638.10,23241,-23241,158.02,158.03,158.1157,-19.35,0.60,1.00,TREND,-1.70,stressed,-14.70,-19141,dir,8744.89,101.43,101.44,101.4438,-1.17,0.78,0.17,chop,-1.71,calm,-1.63,0,mm,47.32,25.73,25.74,25.8038,-16.72,0.66,1.00,TREND,-1.61,stressed,-16.41,-4100,dir,-18430.32
134.498,107,193.3,-9638.10,-9638.10,23241,-23241,158.01,158.02,158.1076,-19.43,0.58,1.00,TREND,-1.69,stressed,-14.70,-19141,dir,9701.94,101.43,101.44,101.4431,-1.20,0.72,0.17,chop,-1.68,calm,-1.63,0,mm,47.32,25.72,25.73,25.7974,-16.70,0.70,1.00,TREND,-1.62,stressed,-16.41,-4100,dir,-18307.32
134.631,108,191.8,-8558.05,-8558.05,23241,-23241,158.01,158.02,158.1020,-19.42,0.58,1.00,TREND,-1.69,stressed,-13.36,-19141,dir,9701.94,101.43,101.44,101.4426,-1.21,0.72,0.17,chop,-1.68,calm,-1.31,0,mm,47.32,25.72,25.73,25.7931,-16.63,0.70,1.00,TREND,-1.62,stressed,-14.09,-4100,dir,-18307.32
134.674,108,191.8,-8558.05,-8558.05,23241,-23241,158.0,158.01,158.1000,-19.44,0.58,1.00,TREND,-1.69,stressed,-13.36,-19141,dir,9701.94,101.43,101.44,101.4424,-1.22,0.72,0.17,chop,-1.68,calm,-1.31,0,mm,47.32,25.71,25.72,25.7915,-16.64,0.70,1.00,TREND,-1.62,stressed,-14.09,-4100,dir,-18307.32
134.697,108,191.8,-8558.05,-8558.05,23241,-23241,158.0,158.01,158.0990,-19.45,0.58,1.00,TREND,-1.69,stressed,-13.36,-19141,dir,9701.94,101.43,101.44,101.4424,-1.22,0.72,0.17,chop,-1.68,calm,-1.31,0,mm,47.32,25.71,25.72,25.7906,-16.64,0.70,1.00,TREND,-1.62,stressed,-14.09,-4100,dir,-18307.32
134.726,108,191.8,-8558.05,-8558.05,23241,-23241,158.0,158.01,158.0977,-19.46,0.58,1.00,TREND,-1.69,stressed,-13.36,-19141,dir,9701.94,101.43,101.44,101.4423,-1.22,0.72,0.17,chop,-1.68,calm,-1.31,0,mm,47.32,25.71,25.72,25.7896,-16.63,0.70,1.00,TREND,-1.62,stressed,-14.09,-4100,dir,-18307.32
134.774,108,191.8,-8558.05,-8558.05,23241,-23241,158.0,158.01,158.0956,-19.46,0.58,1.00,TREND,-1.69,stressed,-13.36,-19141,dir,9701.94,101.43,101.44,101.4421,-1.22,0.72,0.09,chop,-1.63,calm,-1.31,0,mm,47.32,25.71,25.72,25.7880,-16.62,0.70,1.00,TREND,-1.62,stressed,-14.09,-4100,dir,-18307.32
134.828,108,191.8,-8558.05,-8558.05,23241,-23241,158.0,158.01,158.0934,-19.46,0.58,1.00,TREND,-1.69,stressed,-13.36,-19141,dir,9701.94,101.43,101.44,101.4419,-1.22,0.72,0.09,chop,-1.63,calm,-1.31,0,mm,47.32,25.71,25.72,25.7861,-16.61,0.70,1.00,TREND,-1.62,stressed,-14.09,-4100,dir,-18307.32
134.854,108,191.8,-8558.05,-8558.05,23241,-23241,158.0,158.01,158.0922,-19.45,0.58,1.00,TREND,-1.69,stressed,-13.36,-19141,dir,9701.94,101.43,101.44,101.4418,-1.22,0.72,0.09,chop,-1.63,calm,-1.31,0,mm,47.32,25.71,25.72,25.7852,-16.59,0.70,1.00,TREND,-1.62,stressed,-14.09,-4100,dir,-18307.32
135.101,108,191.8,-8558.05,-8558.05,23241,-23241,157.98,158.0,158.0810,-19.56,0.53,1.00,TREND,-1.70,stressed,-13.36,-19141,dir,9701.94,101.43,101.45,101.4416,-1.14,0.71,0.09,chop,-1.29,calm,-1.31,0,mm,47.32,25.7,25.71,25.7764,-16.59,0.63,1.00,TREND,-1.63,stressed,-14.09,-4100,dir,-18307.32
135.289,108,193.0,-8558.05,-8558.05,23241,-23241,157.97,157.98,158.0720,-19.71,0.53,1.00,TREND,-1.70,stressed,-13.36,-19141,dir,9701.94,101.44,101.45,101.4419,-1.01,0.71,0.09,chop,-1.29,calm,-1.31,0,mm,47.32,25.7,25.71,25.7704,-16.48,0.63,1.00,TREND,-1.63,stressed,-14.09,-4100,dir,-18307.32
135.309,108,193.0,-8558.05,-8558.05,23241,-23241,157.97,157.98,158.0711,-19.72,0.53,1.00,TREND,-1.70,stressed,-13.36,-19141,dir,9701.94,101.44,101.45,101.4420,-0.99,0.71,0.09,chop,-1.29,calm,-1.31,0,mm,47.32,25.7,25.71,25.7698,-16.47,0.63,1.00,TREND,-1.63,stressed,-14.09,-4100,dir,-18307.32
135.345,108,193.0,-8558.05,-8558.05,23241,-23241,157.97,157.98,158.0695,-19.73,0.53,1.00,TREND,-1.70,stressed,-13.36,-19141,dir,9701.94,101.44,101.45,101.4420,-0.97,0.71,0.09,chop,-1.29,calm,-1.31,0,mm,47.32,25.7,25.71,25.7687,-16.44,0.63,1.00,TREND,-1.63,stressed,-14.09,-4100,dir,-18307.32
135.364,108,193.0,-8558.05,-8558.05,23241,-23241,157.97,157.98,158.0687,-19.73,0.53,1.00,TREND,-1.72,stressed,-13.36,-19141,dir,9701.94,101.44,101.45,101.4420,-0.96,0.71,0.41,mixed,-0.90,calm,-1.31,0,mm,47.32,25.7,25.71,25.7681,-16.42,0.63,1.00,TREND,-1.59,stressed,-14.09,-4100,dir,-18307.32
135.547,108,193.0,-8558.05,-8558.05,23241,-23241,157.96,157.97,158.0602,-19.83,0.53,1.00,TREND,-1.72,stressed,-13.36,-19141,dir,10658.99,101.43,101.44,101.4415,-1.00,0.71,0.41,mixed,-0.90,calm,-1.31,0,mm,47.32,25.69,25.7,25.7621,-16.36,0.63,1.00,TREND,-1.59,stressed,-14.09,-4100,dir,-18184.32
135.597,108,193.0,-8558.05,-8558.05,23241,-23241,157.96,157.97,158.0579,-19.84,0.53,1.00,TREND,-1.72,stressed,-13.36,-19141,dir,10658.99,101.43,101.44,101.4413,-1.00,0.71,0.41,mixed,-0.90,calm,-1.31,0,mm,47.32,25.69,25.7,25.7605,-16.33,0.63,1.00,TREND,-1.59,stressed,-14.09,-4100,dir,-18184.32
135.761,108,193.0,-8558.05,-8558.05,23241,-23241,157.96,157.97,158.0510,-19.79,0.48,1.00,TREND,-1.70,stressed,-13.36,-19141,dir,10658.99,101.43,101.44,101.4408,-1.02,0.67,0.47,mixed,-1.61,normal,-1.31,0,mm,47.32,25.69,25.7,25.7557,-16.19,0.66,1.00,TREND,-1.59,stressed,-14.09,-4100,dir,-18184.32
135.861,109,191.2,-7478.00,-7478.00,23241,-23241,157.94,157.96,158.0464,-19.84,0.48,1.00,TREND,-1.70,stressed,-12.98,-19141,dir,10658.99,101.43,101.44,101.4406,-1.03,0.67,0.47,mixed,-1.61,normal,-1.07,0,mm,47.32,25.69,25.7,25.7529,-16.09,0.66,1.00,TREND,-1.59,stressed,-13.85,-4100,dir,-18184.32
136.074,109,191.2,-7478.00,-7478.00,23241,-23241,157.92,157.94,158.0353,-20.14,0.48,1.00,TREND,-1.79,stressed,-12.98,-19141,dir,10658.99,101.43,101.44,101.4400,-1.04,0.67,0.17,chop,-1.58,normal,-1.07,0,mm,47.32,25.68,25.69,25.7464,-15.97,0.66,1.00,TREND,-1.60,stressed,-13.85,-4100,dir,-18184.32
136.123,109,191.2,-7478.00,-7478.00,23241,-23241,157.92,157.94,158.0329,-20.17,0.48,1.00,TREND,-1.79,stressed,-12.98,-19141,dir,10658.99,101.43,101.44,101.4399,-1.04,0.67,0.17,chop,-1.58,normal,-1.07,0,mm,47.32,25.68,25.69,25.7450,-15.93,0.66,1.00,TREND,-1.60,stressed,-13.85,-4100,dir,-18184.32
136.343,109,191.2,-7478.00,-7478.00,23241,-23241,157.91,157.92,158.0213,-20.45,0.67,1.00,TREND,-1.79,stressed,-12.98,-19141,dir,10658.99,101.43,101.45,101.4399,-0.96,0.66,0.08,chop,-1.18,calm,-1.07,0,mm,47.32,25.67,25.68,25.7381,-15.86,0.60,1.00,TREND,-1.60,stressed,-13.85,-4100,dir,-18184.32
136.482,109,192.3,-7478.00,-7478.00,23241,-23241,157.91,157.92,158.0146,-20.52,0.67,1.00,TREND,-1.79,stressed,-12.98,-19141,dir,10658.99,101.43,101.45,101.4399,-0.91,0.66,0.08,chop,-1.18,calm,-1.07,0,mm,47.32,25.67,25.68,25.7341,-15.76,0.60,1.00,TREND,-1.60,stressed,-13.85,-4100,dir,-18184.32
136.710,109,192.3,-7478.00,-7478.00,23241,-23241,157.9,157.91,158.0034,-20.63,0.67,1.00,TREND,-1.77,stressed,-12.98,-19141,dir,11807.45,101.43,101.45,101.4399,-0.84,0.66,0.08,chop,-1.16,calm,-1.07,0,mm,47.32,25.66,25.67,25.7271,-15.69,0.60,1.00,TREND,-1.60,stressed,-13.85,-4100,dir,-18061.32
136.868,109,192.3,-7478.00,-7478.00,23241,-23241,157.89,157.9,157.9957,-20.72,0.66,1.00,TREND,-1.77,stressed,-12.98,-19141,dir,11807.45,101.43,101.46,101.4403,-0.74,0.65,0.08,chop,-1.16,calm,-1.07,0,mm,47.32,25.65,25.66,25.7219,-15.70,0.55,1.00,TREND,-1.60,stressed,-13.85,-4100,dir,-18061.32
136.894,110,190.3,-6206.54,-6206.54,23241,-23241,157.89,157.9,157.9944,-20.72,0.66,1.00,TREND,-1.77,stressed,-12.90,-19141,dir,11807.45,101.43,101.46,101.4404,-0.73,0.65,0.08,chop,-1.16,calm,-0.52,0,mm,47.32,25.65,25.66,25.7211,-15.69,0.55,1.00,TREND,-1.60,stressed,-13.85,-4100,dir,-18061.32
137.020,110,190.3,-6206.54,-6206.54,23241,-23241,157.88,157.89,157.9882,-20.80,0.66,1.00,TREND,-1.80,stressed,-12.90,-19141,dir,11807.45,101.44,101.46,101.4409,-0.61,0.65,0.07,chop,-0.36,calm,-0.52,0,mm,47.32,25.65,25.66,25.7173,-15.64,0.55,1.00,TREND,-1.61,stressed,-13.85,-4100,dir,-18061.32
137.084,110,190.3,-6206.54,-6206.54,23241,-23241,157.88,157.89,157.9851,-20.81,0.66,1.00,TREND,-1.80,stressed,-12.90,-19141,dir,11807.45,101.44,101.46,101.4412,-0.56,0.65,0.07,chop,-0.36,calm,-0.52,0,mm,47.32,25.65,25.66,25.7155,-15.60,0.55,1.00,TREND,-1.61,stressed,-13.85,-4100,dir,-18061.32
137.132,110,190.3,-6206.54,-6206.54,23241,-23241,157.88,157.89,157.9828,-20.81,0.66,1.00,TREND,-1.80,stressed,-12.90,-19141,dir,11807.45,101.44,101.46,101.4414,-0.52,0.65,0.07,chop,-0.36,calm,-0.52,0,mm,47.32,25.65,25.66,25.7141,-15.56,0.55,1.00,TREND,-1.61,stressed,-13.85,-4100,dir,-18061.32
137.340,110,190.3,-6206.54,-6206.54,23241,-23241,157.88,157.89,157.9737,-20.72,0.66,1.00,TREND,-1.75,stressed,-12.90,-19141,dir,11807.45,101.44,101.46,101.4422,-0.38,0.65,0.00,chop,-0.34,calm,-0.52,0,mm,47.32,25.64,25.65,25.7077,-15.52,0.55,1.00,TREND,-1.61,stressed,-13.85,-4100,dir,-18061.32
137.373,110,190.3,-6206.54,-6206.54,23241,-23241,157.86,157.87,157.9720,-20.75,0.63,1.00,TREND,-1.75,stressed,-12.90,-19141,dir,11807.45,101.43,101.44,101.4421,-0.40,0.67,0.00,chop,-0.34,calm,-0.52,0,mm,47.32,25.64,25.65,25.7067,-15.50,0.58,1.00,TREND,-1.61,stressed,-13.85,-4100,dir,-18061.32
137.455,110,191.2,-6206.54,-6206.54,23241,-23241,157.86,157.87,157.9680,-20.80,0.63,1.00,TREND,-1.75,stressed,-12.90,-19141,dir,11807.45,101.43,101.44,101.4418,-0.45,0.67,0.00,chop,-0.34,calm,-0.52,0,mm,47.32,25.64,25.65,25.7044,-15.45,0.58,1.00,TREND,-1.61,stressed,-13.85,-4100,dir,-18061.32
137.562,110,191.2,-6206.54,-6206.54,23241,-23241,157.86,157.87,157.9629,-20.82,0.63,1.00,TREND,-1.75,stressed,-12.90,-19141,dir,12573.09,101.43,101.44,101.4415,-0.50,0.67,0.00,chop,-0.34,calm,-0.52,0,mm,47.32,25.63,25.64,25.7010,-15.45,0.58,1.00,TREND,-1.61,stressed,-13.85,-4100,dir,-17938.32
137.593,110,191.2,-6206.54,-6206.54,23241,-23241,157.86,157.87,157.9616,-20.82,0.63,1.00,TREND,-1.77,stressed,-12.90,-19141,dir,12573.09,101.43,101.44,101.4414,-0.51,0.67,0.18,chop,-1.48,calm,-0.52,0,mm,47.32,25.63,25.64,25.7001,-15.44,0.58,1.00,TREND,-1.61,stressed,-13.85,-4100,dir,-17938.32
137.633,110,191.2,-6206.54,-6206.54,23241,-23241,157.86,157.87,157.9597,-20.81,0.63,1.00,TREND,-1.77,stressed,-12.90,-19141,dir,12573.09,101.43,101.44,101.4413,-0.53,0.67,0.18,chop,-1.48,calm,-0.52,0,mm,47.32,25.63,25.64,25.6988,-15.43,0.58,1.00,TREND,-1.61,stressed,-13.85,-4100,dir,-17938.32
137.654,110,191.2,-6206.54,-6206.54,23241,-23241,157.86,157.87,157.9588,-20.81,0.63,1.00,TREND,-1.77,stressed,-12.90,-19141,dir,12573.09,101.43,101.44,101.4412,-0.54,0.67,0.18,chop,-1.48,calm,-0.52,0,mm,47.32,25.63,25.64,25.6982,-15.43,0.58,1.00,TREND,-1.61,stressed,-13.85,-4100,dir,-17938.32
137.677,110,191.2,-6206.54,-6206.54,23241,-23241,157.86,157.87,157.9578,-20.80,0.63,1.00,TREND,-1.77,stressed,-12.90,-19141,dir,12573.09,101.43,101.44,101.4411,-0.55,0.67,0.18,chop,-1.48,calm,-0.52,0,mm,47.32,25.63,25.64,25.6975,-15.42,0.58,1.00,TREND,-1.61,stressed,-13.85,-4100,dir,-17938.32
137.776,110,191.2,-6206.54,-6206.54,23241,-23241,157.84,157.86,157.9529,-20.86,0.63,1.00,TREND,-1.77,stressed,-12.90,-19141,dir,12573.09,101.43,101.44,101.4409,-0.58,0.67,0.18,chop,-1.48,calm,-0.52,0,mm,47.32,25.62,25.63,25.6942,-15.44,0.58,1.00,TREND,-1.61,stressed,-13.85,-4100,dir,-17938.32
137.821,110,191.2,-6206.54,-6206.54,23241,-23241,157.84,157.86,157.9507,-20.87,0.63,1.00,TREND,-1.77,stressed,-12.90,-19141,dir,12573.09,101.43,101.44,101.4407,-0.60,0.67,0.18,chop,-1.48,calm,-0.52,0,mm,47.32,25.62,25.63,25.6927,-15.44,0.58,1.00,TREND,-1.61,stressed,-13.85,-4100,dir,-17938.32
137.850,110,191.2,-6206.54,-6206.54,23241,-23241,157.84,157.86,157.9494,-20.88,0.63,1.00,TREND,-1.77,stressed,-12.90,-19141,dir,12573.09,101.43,101.44,101.4407,-0.61,0.67,0.12,chop,-1.44,calm,-0.52,0,mm,47.32,25.62,25.63,25.6919,-15.44,0.58,1.00,TREND,-1.62,stressed,-13.85,-4100,dir,-17938.32
137.868,110,191.2,-6206.54,-6206.54,23241,-23241,157.84,157.86,157.9485,-20.88,0.63,1.00,TREND,-1.77,stressed,-12.90,-19141,dir,12573.09,101.43,101.44,101.4406,-0.61,0.67,0.12,chop,-1.44,calm,-0.52,0,mm,47.32,25.62,25.63,25.6913,-15.44,0.58,1.00,TREND,-1.62,stressed,-13.85,-4100,dir,-17938.32
138.020,111,189.5,-5317.90,-5317.90,23241,-23241,157.84,157.86,157.9417,-20.84,0.67,1.00,TREND,-1.77,stressed,-13.83,-19141,dir,12573.09,101.43,101.44,101.4402,-0.65,0.62,0.12,chop,-1.44,calm,-0.77,0,mm,47.32,25.62,25.63,25.6867,-15.39,0.53,1.00,TREND,-1.62,stressed,-14.04,-4100,dir,-17938.32
138.132,111,189.5,-5317.90,-5317.90,23241,-23241,157.82,157.84,157.9360,-20.94,0.67,1.00,TREND,-1.80,stressed,-13.83,-19141,dir,12573.09,101.43,101.44,101.4399,-0.68,0.62,0.12,chop,-1.39,calm,-0.77,0,mm,47.32,25.61,25.62,25.6830,-15.40,0.53,1.00,TREND,-1.62,stressed,-14.04,-4100,dir,-17938.32
138.168,111,189.5,-5317.90,-5317.90,23241,-23241,157.82,157.84,157.9342,-20.96,0.67,1.00,TREND,-1.80,stressed,-13.83,-19141,dir,12573.09,101.43,101.44,101.4399,-0.68,0.62,0.12,chop,-1.39,calm,-0.77,0,mm,47.32,25.61,25.62,25.6819,-15.40,0.53,1.00,TREND,-1.62,stressed,-14.04,-4100,dir,-17938.32
138.237,111,189.5,-5317.90,-5317.90,23241,-23241,157.82,157.84,157.9309,-20.98,0.67,1.00,TREND,-1.80,stressed,-13.83,-19141,dir,12573.09,101.43,101.44,101.4397,-0.70,0.62,0.12,chop,-1.39,calm,-0.77,0,mm,47.32,25.61,25.62,25.6797,-15.39,0.53,1.00,TREND,-1.62,stressed,-14.04,-4100,dir,-17938.32
138.328,111,189.5,-5317.90,-5317.90,23241,-23241,157.81,157.82,157.9260,-21.09,0.67,1.00,TREND,-1.80,stressed,-13.83,-19141,dir,12573.09,101.43,101.44,101.4395,-0.71,0.62,0.12,chop,-1.39,calm,-0.77,0,mm,47.32,25.6,25.61,25.6766,-15.42,0.53,1.00,TREND,-1.62,stressed,-14.04,-4100,dir,-17938.32
138.361,111,189.5,-5317.90,-5317.90,23241,-23241,157.81,157.82,157.9243,-21.12,0.67,1.00,TREND,-1.80,stressed,-13.83,-19141,dir,12573.09,101.43,101.44,101.4394,-0.71,0.62,0.12,chop,-1.39,calm,-0.77,0,mm,47.32,25.6,25.61,25.6755,-15.43,0.53,1.00,TREND,-1.62,stressed,-14.04,-4100,dir,-17938.32
138.395,111,189.5,-5317.90,-5317.90,23241,-23241,157.81,157.82,157.9226,-21.14,0.67,1.00,TREND,-1.80,stressed,-13.83,-19141,dir,12573.09,101.43,101.44,101.4394,-0.72,0.62,0.12,chop,-1.35,calm,-0.77,0,mm,47.32,25.6,25.61,25.6744,-15.43,0.53,1.00,TREND,-1.62,stressed,-14.04,-4100,dir,-17938.32
138.430,111,190.2,-5317.90,-5317.90,23241,-23241,157.81,157.82,157.9208,-21.17,0.67,1.00,TREND,-1.80,stressed,-13.83,-19141,dir,12573.09,101.43,101.44,101.4393,-0.72,0.62,0.12,chop,-1.35,calm,-0.77,0,mm,47.32,25.6,25.61,25.6732,-15.43,0.53,1.00,TREND,-1.62,stressed,-14.04,-4100,dir,-17938.32
138.622,111,190.2,-5317.90,-5317.90,23241,-23241,157.8,157.81,157.9108,-21.33,0.78,1.00,TREND,-1.80,stressed,-13.83,-19141,dir,13530.14,101.43,101.44,101.4389,-0.74,0.56,0.12,chop,-1.35,calm,-0.77,0,mm,47.32,25.59,25.6,25.6665,-15.52,0.58,1.00,TREND,-1.62,stressed,-14.04,-4100,dir,-17774.32
138.663,111,190.2,-5317.90,-5317.90,23241,-23241,157.8,157.81,157.9088,-21.34,0.78,1.00,TREND,-1.78,stressed,-13.83,-19141,dir,13530.14,101.43,101.44,101.4389,-0.74,0.56,0.12,chop,-1.32,calm,-0.77,0,mm,47.32,25.59,25.6,25.6651,-15.53,0.58,1.00,TREND,-1.63,stressed,-14.04,-4100,dir,-17774.32
138.685,111,190.2,-5317.90,-5317.90,23241,-23241,157.8,157.81,157.9077,-21.35,0.78,1.00,TREND,-1.78,stressed,-13.83,-19141,dir,13530.14,101.43,101.44,101.4388,-0.74,0.56,0.12,chop,-1.32,calm,-0.77,0,mm,47.32,25.59,25.6,25.6644,-15.53,0.58,1.00,TREND,-1.63,stressed,-14.04,-4100,dir,-17774.32
138.708,111,190.2,-5317.90,-5317.90,23241,-23241,157.8,157.81,157.9066,-21.35,0.78,1.00,TREND,-1.78,stressed,-13.83,-19141,dir,13530.14,101.43,101.44,101.4388,-0.74,0.56,0.12,chop,-1.32,calm,-0.77,0,mm,47.32,25.59,25.6,25.6636,-15.53,0.58,1.00,TREND,-1.63,stressed,-14.04,-4100,dir,-17774.32
138.872,111,190.2,-5317.90,-5317.90,23241,-23241,157.79,157.8,157.8984,-21.43,0.78,1.00,TREND,-1.78,stressed,-13.83,-19141,dir,13530.14,101.43,101.44,101.4385,-0.75,0.56,0.12,chop,-1.32,calm,-0.77,0,mm,47.32,25.58,25.59,25.6578,-15.60,0.58,1.00,TREND,-1.63,stressed,-14.04,-4100,dir,-17774.32
138.917,111,190.2,-5317.90,-5317.90,23241,-23241,157.79,157.8,157.8962,-21.44,0.78,1.00,TREND,-1.76,stressed,-13.83,-19141,dir,13530.14,101.43,101.44,101.4384,-0.75,0.56,0.12,chop,-1.28,calm,-0.77,0,mm,47.32,25.58,25.59,25.6563,-15.61,0.58,1.00,TREND,-1.63,stressed,-14.04,-4100,dir,-17774.32
138.944,112,188.3,-4196.85,-4196.85,23241,-23241,157.79,157.8,157.8949,-21.44,0.78,1.00,TREND,-1.76,stressed,-14.23,-19141,dir,13530.14,101.43,101.44,101.4384,-0.75,0.56,0.12,chop,-1.28,calm,-0.77,0,mm,47.32,25.58,25.59,25.6554,-15.61,0.58,1.00,TREND,-1.63,stressed,-14.23,-4100,dir,-17774.32
138.970,112,188.3,-4196.85,-4196.85,23241,-23241,157.79,157.8,157.8937,-21.43,0.78,1.00,TREND,-1.76,stressed,-14.23,-19141,dir,13530.14,101.43,101.44,101.4383,-0.75,0.56,0.12,chop,-1.28,calm,-0.77,0,mm,47.32,25.58,25.59,25.6545,-15.61,0.58,1.00,TREND,-1.63,stressed,-14.23,-4100,dir,-17774.32
139.105,112,188.3,-4196.85,-4196.85,23241,-23241,157.78,157.79,157.8870,-21.48,0.78,1.00,TREND,-1.76,stressed,-14.23,-19141,dir,13530.14,101.43,101.44,101.4381,-0.75,0.56,0.12,chop,-1.28,calm,-0.77,0,mm,47.32,25.57,25.58,25.6496,-15.68,0.58,1.00,TREND,-1.63,stressed,-14.23,-4100,dir,-17774.32
139.153,112,188.3,-4196.85,-4196.85,23241,-23241,157.78,157.79,157.8847,-21.47,0.77,1.00,TREND,-1.76,stressed,-14.23,-19141,dir,13530.14,101.43,101.44,101.4381,-0.74,0.52,0.12,chop,-1.28,calm,-0.77,0,mm,47.32,25.57,25.58,25.6480,-15.69,0.53,1.00,TREND,-1.63,stressed,-14.23,-4100,dir,-17774.32
139.200,112,188.3,-4196.85,-4196.85,23241,-23241,157.78,157.79,157.8825,-21.46,0.77,1.00,TREND,-1.75,stressed,-14.23,-19141,dir,13530.14,101.43,101.44,101.4380,-0.74,0.52,0.12,chop,-1.24,calm,-0.77,0,mm,47.32,25.57,25.58,25.6464,-15.69,0.53,1.00,TREND,-1.63,stressed,-14.23,-4100,dir,-17774.32
139.228,112,188.3,-4196.85,-4196.85,23241,-23241,157.78,157.79,157.8812,-21.45,0.77,1.00,TREND,-1.75,stressed,-14.23,-19141,dir,13530.14,101.43,101.44,101.4380,-0.74,0.52,0.12,chop,-1.24,calm,-0.77,0,mm,47.32,25.57,25.58,25.6454,-15.69,0.53,1.00,TREND,-1.63,stressed,-14.23,-4100,dir,-17774.32
139.365,112,188.3,-4196.85,-4196.85,23241,-23241,157.77,157.78,157.8746,-21.48,0.77,1.00,TREND,-1.75,stressed,-14.23,-19141,dir,13530.14,101.43,101.44,101.4378,-0.74,0.52,0.12,chop,-1.24,calm,-0.77,0,mm,47.32,25.56,25.57,25.6404,-15.76,0.53,1.00,TREND,-1.63,stressed,-14.23,-4100,dir,-17774.32
139.467,112,188.3,-4196.85,-4196.85,23241,-23241,157.77,157.78,157.8700,-21.45,0.77,1.00,TREND,-1.73,stressed,-14.23,-19141,dir,13530.14,101.43,101.44,101.4376,-0.73,0.52,0.12,chop,-1.21,calm,-0.77,0,mm,47.32,25.56,25.57,25.6369,-15.78,0.53,1.00,TREND,-1.63,stressed,-14.23,-4100,dir,-17774.32
139.623,113,186.8,-3075.80,-3075.80,23241,-23241,157.76,157.77,157.8625,-21.45,0.77,1.00,TREND,-1.73,stressed,-13.70,-19141,dir,14487.19,101.42,101.44,101.4371,-0.78,0.52,0.12,chop,-1.21,calm,-1.21,0,mm,47.32,25.55,25.56,25.6311,-15.86,0.53,1.00,TREND,-1.63,stressed,-14.53,-4100,dir,-17610.32
139.663,113,186.8,-3075.80,-3075.80,23241,-23241,157.76,157.77,157.8607,-21.44,0.75,1.00,TREND,-1.73,stressed,-13.70,-19141,dir,14487.19,101.42,101.44,101.4370,-0.80,0.50,0.12,chop,-1.21,calm,-1.21,0,mm,47.32,25.55,25.56,25.6297,-15.87,0.48,1.00,TREND,-1.63,stressed,-14.53,-4100,dir,-17610.32
139.706,113,186.8,-3075.80,-3075.80,23241,-23241,157.76,157.77,157.8588,-21.42,0.75,1.00,TREND,-1.73,stressed,-13.70,-19141,dir,14487.19,101.42,101.44,101.4368,-0.81,0.50,0.12,chop,-1.21,calm,-1.21,0,mm,47.32,25.55,25.56,25.6282,-15.87,0.48,1.00,TREND,-1.63,stressed,-14.53,-4100,dir,-17610.32
139.725,113,186.8,-3075.80,-3075.80,23241,-23241,157.76,157.77,157.8580,-21.41,0.75,1.00,TREND,-1.72,stressed,-13.70,-19141,dir,14487.19,101.42,101.44,101.4368,-0.81,0.50,0.33,mixed,-1.53,calm,-1.21,0,mm,47.32,25.55,25.56,25.6275,-15.87,0.48,1.00,TREND,-1.64,stressed,-14.53,-4100,dir,-17610.32
139.871,113,186.8,-3075.80,-3075.80,23241,-23241,157.75,157.76,157.8511,-21.41,0.75,1.00,TREND,-1.72,stressed,-13.70,-19141,dir,14487.19,101.42,101.43,101.4360,-0.90,0.50,0.33,mixed,-1.53,calm,-1.21,0,mm,47.32,25.54,25.55,25.6220,-15.95,0.48,1.00,TREND,-1.64,stressed,-14.53,-4100,dir,-17610.32
139.916,113,186.8,-3075.80,-3075.80,23241,-23241,157.75,157.76,157.8491,-21.39,0.75,1.00,TREND,-1.72,stressed,-13.70,-19141,dir,14487.19,101.42,101.43,101.4358,-0.92,0.50,0.33,mixed,-1.53,calm,-1.21,0,mm,47.32,25.54,25.55,25.6204,-15.96,0.48,1.00,TREND,-1.64,stressed,-14.53,-4100,dir,-17610.32
139.932,113,186.8,-3075.80,-3075.80,23241,-23241,157.75,157.76,157.8483,-21.38,0.75,1.00,TREND,-1.72,stressed,-13.70,-19141,dir,14487.19,101.42,101.43,101.4357,-0.93,0.50,0.33,mixed,-1.53,calm,-1.21,0,mm,47.32,25.54,25.55,25.6198,-15.97,0.48,1.00,TREND,-1.64,stressed,-14.53,-4100,dir,-17610.32
140.177,113,186.8,-3075.80,-3075.80,23241,-23241,157.75,157.76,157.8382,-21.17,0.82,1.00,TREND,-1.70,stressed,-13.70,-19141,dir,14487.19,101.42,101.43,101.4345,-1.02,0.49,0.29,mixed,-1.84,normal,-1.21,0,mm,47.32,25.54,25.55,25.6117,-15.91,0.52,1.00,TREND,-1.64,stressed,-14.53,-4100,dir,-17610.32
140.256,113,187.9,-3075.80,-3075.80,23241,-23241,157.74,157.75,157.8348,-21.13,0.82,1.00,TREND,-1.70,stressed,-13.70,-19141,dir,14487.19,101.42,101.43,101.4342,-1.05,0.49,0.29,mixed,-1.84,normal,-1.21,0,mm,47.32,25.53,25.54,25.6089,-15.93,0.52,1.00,TREND,-1.64,stressed,-14.53,-4100,dir,-17610.32
140.406,113,187.9,-3075.80,-3075.80,23241,-23241,157.73,157.74,157.8280,-21.13,0.82,1.00,TREND,-1.70,stressed,-13.70,-19141,dir,14487.19,101.42,101.43,101.4335,-1.09,0.49,0.29,mixed,-1.84,normal,-1.21,0,mm,47.32,25.52,25.53,25.6031,-16.02,0.52,1.00,TREND,-1.64,stressed,-14.53,-4100,dir,-17610.32
140.570,113,187.9,-3075.80,-3075.80,23241,-23241,157.73,157.74,157.8210,-21.03,0.82,1.00,TREND,-1.73,stressed,-13.70,-19141,dir,14487.19,101.42,101.43,101.4329,-1.11,0.49,0.17,chop,-1.77,normal,-1.21,0,mm,47.32,25.52,25.53,25.5973,-16.04,0.52,1.00,TREND,-1.69,stressed,-14.53,-4100,dir,-17610.32
140.715,113,187.9,-3075.80,-3075.80,23241,-23241,157.73,157.74,157.8154,-20.89,0.78,1.00,TREND,-1.73,stressed,-13.70,-19141,dir,15061.42,101.42,101.43,101.4324,-1.13,0.45,0.17,chop,-1.77,normal,-1.21,0,mm,47.32,25.51,25.52,25.5919,-16.11,0.57,1.00,TREND,-1.69,stressed,-14.53,-4100,dir,-17487.32
140.744,114,186.0,-2378.57,-2378.57,23241,-23241,157.73,157.74,157.8144,-20.85,0.78,1.00,TREND,-1.73,stressed,-14.59,-19141,dir,15061.42,101.42,101.43,101.4323,-1.13,0.45,0.17,chop,-1.77,normal,-1.34,0,mm,47.32,25.51,25.52,25.5909,-16.11,0.57,1.00,TREND,-1.69,stressed,-15.65,-4100,dir,-17487.32
140.894,114,186.0,-2378.57,-2378.57,23241,-23241,157.73,157.74,157.8089,-20.64,0.78,1.00,TREND,-1.68,stressed,-14.59,-19141,dir,15061.42,101.42,101.43,101.4318,-1.14,0.45,0.17,chop,-1.72,calm,-1.34,0,mm,47.32,25.51,25.52,25.5857,-16.10,0.57,1.00,TREND,-1.69,stressed,-15.65,-4100,dir,-17487.32
140.937,114,186.0,-2378.57,-2378.57,23241,-23241,157.71,157.73,157.8071,-20.62,0.78,1.00,TREND,-1.68,stressed,-14.59,-19141,dir,15061.42,101.42,101.45,101.4318,-1.11,0.45,0.17,chop,-1.72,calm,-1.34,0,mm,47.32,25.5,25.51,25.5841,-16.12,0.57,1.00,TREND,-1.69,stressed,-15.65,-4100,dir,-17487.32
141.071,114,186.0,-2378.57,-2378.57,23241,-23241,157.71,157.73,157.8017,-20.53,0.78,1.00,TREND,-1.68,stressed,-14.59,-19141,dir,15061.42,101.42,101.45,101.4320,-1.02,0.45,0.17,chop,-1.72,calm,-1.34,0,mm,47.32,25.5,25.51,25.5792,-16.14,0.57,1.00,TREND,-1.69,stressed,-15.65,-4100,dir,-17487.32
141.230,114,186.0,-2378.57,-2378.57,23241,-23241,157.7,157.71,157.7948,-20.54,0.75,1.00,TREND,-1.74,stressed,-14.59,-19141,dir,15061.42,101.43,101.44,101.4323,-0.92,0.51,0.00,chop,-0.98,calm,-1.34,0,mm,47.32,25.49,25.5,25.5732,-16.22,0.51,1.00,TREND,-1.73,stressed,-15.65,-4100,dir,-17487.32
141.272,114,186.9,-2378.57,-2378.57,23241,-23241,157.7,157.71,157.7930,-20.53,0.75,1.00,TREND,-1.74,stressed,-14.59,-19141,dir,15061.42,101.43,101.44,101.4323,-0.89,0.51,0.00,chop,-0.98,calm,-1.34,0,mm,47.32,25.49,25.5,25.5716,-16.23,0.51,1.00,TREND,-1.73,stressed,-15.65,-4100,dir,-17487.32
141.463,114,186.9,-2378.57,-2378.57,23241,-23241,157.69,157.7,157.7846,-20.56,0.75,1.00,TREND,-1.74,stressed,-14.59,-19141,dir,15061.42,101.42,101.43,101.4317,-0.94,0.51,0.00,chop,-0.98,calm,-1.34,0,mm,47.32,25.48,25.49,25.5642,-16.34,0.51,1.00,TREND,-1.73,stressed,-15.65,-4100,dir,-17487.32
141.540,114,186.9,-2378.57,-2378.57,23241,-23241,157.69,157.7,157.7814,-20.53,0.75,1.00,TREND,-1.72,stressed,-14.59,-19141,dir,15827.06,101.42,101.43,101.4314,-0.95,0.51,0.12,chop,-1.65,calm,-1.34,0,mm,47.32,25.47,25.48,25.5610,-16.41,0.51,1.00,TREND,-1.77,stressed,-15.65,-4100,dir,-17282.32
141.703,114,186.9,-2378.57,-2378.57,23241,-23241,157.68,157.69,157.7743,-20.54,0.75,1.00,TREND,-1.72,stressed,-14.59,-19141,dir,15827.06,101.42,101.43,101.4310,-0.97,0.51,0.12,chop,-1.65,calm,-1.34,0,mm,47.32,25.47,25.48,25.5547,-16.49,0.51,1.00,TREND,-1.77,stressed,-15.65,-4100,dir,-17282.32
141.732,114,186.9,-2378.57,-2378.57,23241,-23241,157.68,157.69,157.7731,-20.53,0.72,1.00,TREND,-1.72,stressed,-14.59,-19141,dir,15827.06,101.42,101.43,101.4309,-0.98,0.55,0.12,chop,-1.65,calm,-1.34,0,mm,47.32,25.47,25.48,25.5536,-16.50,0.46,1.00,TREND,-1.77,stressed,-15.65,-4100,dir,-17282.32
141.777,114,186.9,-2378.57,-2378.57,23241,-23241,157.68,157.69,157.7713,-20.51,0.72,1.00,TREND,-1.72,stressed,-14.59,-19141,dir,15827.06,101.42,101.43,101.4308,-0.98,0.55,0.12,chop,-1.65,calm,-1.34,0,mm,47.32,25.47,25.48,25.5520,-16.50,0.46,1.00,TREND,-1.77,stressed,-15.65,-4100,dir,-17282.32
142.019,115,185.4,-1407.93,-1407.93,23241,-23241,157.68,157.69,157.7620,-20.31,0.72,1.00,TREND,-1.70,stressed,-14.66,-19141,dir,15827.06,101.42,101.43,101.4301,-0.99,0.55,0.20,chop,-1.66,calm,-1.09,0,mm,47.32,25.45,25.47,25.5421,-16.68,0.46,1.00,TREND,-1.79,stressed,-14.65,-4100,dir,-17282.32
142.208,115,185.4,-1407.93,-1407.93,23241,-23241,157.67,157.68,157.7545,-20.20,0.72,1.00,TREND,-1.70,stressed,-14.66,-19141,dir,15827.06,101.42,101.43,101.4297,-0.99,0.55,0.20,chop,-1.66,calm,-1.09,0,mm,47.32,25.44,25.45,25.5337,-16.89,0.46,1.00,TREND,-1.79,stressed,-14.65,-4100,dir,-17282.32
142.246,115,185.4,-1407.93,-1407.93,23241,-23241,157.66,157.67,157.7529,-20.19,0.69,1.00,TREND,-1.70,stressed,-14.66,-19141,dir,15827.06,101.42,101.43,101.4296,-0.99,0.50,0.20,chop,-1.66,calm,-1.09,0,mm,47.32,25.44,25.45,25.5322,-16.92,0.51,1.00,TREND,-1.79,stressed,-14.65,-4100,dir,-17282.32
142.275,115,185.4,-1407.93,-1407.93,23241,-23241,157.66,157.67,157.7517,-20.19,0.69,1.00,TREND,-1.72,stressed,-14.66,-19141,dir,15827.06,101.42,101.43,101.4296,-0.99,0.50,0.29,mixed,-1.61,calm,-1.09,0,mm,47.32,25.44,25.45,25.5310,-16.93,0.51,1.00,TREND,-1.81,stressed,-14.65,-4100,dir,-17282.32
142.335,115,185.4,-1407.93,-1407.93,23241,-23241,157.66,157.67,157.7494,-20.17,0.69,1.00,TREND,-1.72,stressed,-14.66,-19141,dir,15827.06,101.42,101.43,101.4294,-0.99,0.50,0.29,mixed,-1.61,calm,-1.09,0,mm,47.32,25.44,25.45,25.5286,-16.96,0.51,1.00,TREND,-1.81,stressed,-14.65,-4100,dir,-17282.32
142.535,115,186.3,-1407.93,-1407.93,23241,-23241,157.65,157.66,157.7409,-20.17,0.69,1.00,TREND,-1.71,stressed,-14.66,-19141,dir,15827.06,101.42,101.43,101.4290,-0.98,0.50,0.17,chop,-1.56,normal,-1.09,0,mm,47.32,25.43,25.44,25.5202,-17.10,0.51,1.00,TREND,-1.80,stressed,-14.65,-4100,dir,-17282.32
142.580,115,186.3,-1407.93,-1407.93,23241,-23241,157.65,157.66,157.7391,-20.15,0.69,1.00,TREND,-1.71,stressed,-14.66,-19141,dir,16592.70,101.41,101.42,101.4287,-1.02,0.50,0.17,chop,-1.56,normal,-1.09,0,mm,47.32,25.43,25.44,25.5184,-17.11,0.51,1.00,TREND,-1.80,stressed,-14.65,-4100,dir,-17118.32
142.612,115,186.3,-1407.93,-1407.93,23241,-23241,157.65,157.66,157.7378,-20.14,0.69,1.00,TREND,-1.71,stressed,-14.66,-19141,dir,16592.70,101.41,101.42,101.4285,-1.04,0.50,0.17,chop,-1.56,normal,-1.09,0,mm,47.32,25.42,25.43,25.5170,-17.14,0.51,1.00,TREND,-1.80,stressed,-14.65,-4100,dir,-17118.32
142.645,115,186.3,-1407.93,-1407.93,23241,-23241,157.65,157.66,157.7365,-20.12,0.69,1.00,TREND,-1.71,stressed,-14.66,-19141,dir,16592.70,101.41,101.42,101.4283,-1.06,0.50,0.17,chop,-1.56,normal,-1.09,0,mm,47.32,25.42,25.43,25.5156,-17.17,0.51,1.00,TREND,-1.80,stressed,-14.65,-4100,dir,-17118.32
142.779,115,186.3,-1407.93,-1407.93,23241,-23241,157.65,157.66,157.7316,-20.01,0.74,1.00,TREND,-1.71,stressed,-14.66,-19141,dir,16592.70,101.41,101.42,101.4275,-1.14,0.53,0.17,chop,-1.56,normal,-1.09,0,mm,47.32,25.42,25.43,25.5101,-17.23,0.46,1.00,TREND,-1.80,stressed,-14.65,-4100,dir,-17118.32
142.824,115,186.3,-1407.93,-1407.93,23241,-23241,157.65,157.66,157.7300,-19.96,0.74,1.00,TREND,-1.66,stressed,-14.66,-19141,dir,16592.70,101.41,101.42,101.4273,-1.17,0.53,0.29,mixed,-2.29,calm,-1.09,0,mm,47.32,25.42,25.43,25.5083,-17.24,0.46,1.00,TREND,-1.79,stressed,-14.65,-4100,dir,-17118.32
142.995,115,186.3,-1407.93,-1407.93,23241,-23241,157.63,157.65,157.7231,-19.93,0.74,1.00,TREND,-1.66,stressed,-14.66,-19141,dir,16592.70,101.41,101.42,101.4263,-1.24,0.53,0.29,mixed,-2.29,calm,-1.09,0,mm,47.32,25.41,25.42,25.5012,-17.35,0.46,1.00,TREND,-1.79,stressed,-14.65,-4100,dir,-17118.32
143.038,116,184.5,-478.29,-478.29,23241,-23241,157.63,157.65,157.7213,-19.91,0.74,1.00,TREND,-1.66,stressed,-14.68,-19141,dir,16592.70,101.41,101.42,101.4261,-1.26,0.53,0.29,mixed,-2.29,calm,-1.09,0,mm,47.32,25.41,25.42,25.4994,-17.36,0.46,1.00,TREND,-1.79,stressed,-14.94,-4100,dir,-17118.32
143.153,116,184.5,-478.29,-478.29,23241,-23241,157.63,157.65,157.7175,-19.84,0.74,1.00,TREND,-1.66,stressed,-14.68,-19141,dir,16592.70,101.41,101.42,101.4256,-1.29,0.53,0.29,mixed,-2.17,normal,-1.09,0,mm,47.32,25.41,25.42,25.4954,-17.35,0.46,1.00,TREND,-1.78,stressed,-14.94,-4100,dir,-17118.32
143.266,116,184.5,-478.29,-478.29,23241,-23241,157.61,157.63,157.7119,-19.90,0.74,1.00,TREND,-1.66,stressed,-14.68,-19141,dir,16592.70,101.41,101.42,101.4249,-1.32,0.53,0.29,mixed,-2.17,normal,-1.09,0,mm,47.32,25.4,25.41,25.4902,-17.41,0.46,1.00,TREND,-1.78,stressed,-14.94,-4100,dir,-17118.32
143.299,116,184.5,-478.29,-478.29,23241,-23241,157.61,157.63,157.7105,-19.91,0.78,1.00,TREND,-1.66,stressed,-14.68,-19141,dir,16592.70,101.41,101.42,101.4248,-1.33,0.50,0.29,mixed,-2.17,normal,-1.09,0,mm,47.32,25.4,25.41,25.4889,-17.41,0.42,1.00,TREND,-1.78,stressed,-14.94,-4100,dir,-17118.32
143.327,116,184.5,-478.29,-478.29,23241,-23241,157.61,157.63,157.7094,-19.91,0.78,1.00,TREND,-1.66,stressed,-14.68,-19141,dir,16592.70,101.41,101.42,101.4247,-1.33,0.50,0.29,mixed,-2.17,normal,-1.09,0,mm,47.32,25.4,25.41,25.4878,-17.41,0.42,1.00,TREND,-1.78,stressed,-14.94,-4100,dir,-17118.32
143.358,116,184.5,-478.29,-478.29,23241,-23241,157.61,157.63,157.7080,-19.91,0.78,1.00,TREND,-1.66,stressed,-14.68,-19141,dir,16592.70,101.41,101.42,101.4245,-1.34,0.50,0.29,mixed,-2.17,normal,-1.09,0,mm,47.32,25.4,25.41,25.4866,-17.41,0.42,1.00,TREND,-1.78,stressed,-14.94,-4100,dir,-17118.32
143.467,116,184.5,-478.29,-478.29,23241,-23241,157.6,157.61,157.7029,-20.01,0.78,1.00,TREND,-1.74,stressed,-14.68,-19141,dir,16592.70,101.41,101.42,101.4241,-1.36,0.50,0.38,mixed,-2.07,normal,-1.09,0,mm,47.32,25.39,25.4,25.4820,-17.47,0.42,1.00,TREND,-1.82,stressed,-14.94,-4100,dir,-17118.32
143.568,116,184.5,-478.29,-478.29,23241,-23241,157.6,157.61,157.6983,-20.06,0.78,1.00,TREND,-1.74,stressed,-14.68,-19141,dir,17549.75,101.41,101.43,101.4239,-1.33,0.50,0.38,mixed,-2.07,normal,-1.09,0,mm,47.32,25.39,25.4,25.4780,-17.49,0.42,1.00,TREND,-1.82,stressed,-14.94,-4100,dir,-16954.32
143.595,117,182.8,642.76,642.76,23241,-23241,157.6,157.61,157.6972,-20.07,0.78,1.00,TREND,-1.74,stressed,-14.68,-19141,dir,17549.75,101.41,101.43,101.4238,-1.32,0.50,0.38,mixed,-2.07,normal,-1.09,0,mm,47.32,25.39,25.4,25.4770,-17.49,0.42,1.00,TREND,-1.82,stressed,-14.07,-4100,dir,-16954.32
143.851,117,182.8,642.76,642.76,23241,-23241,157.59,157.6,157.6856,-20.18,0.71,1.00,TREND,-1.72,stressed,-14.68,-19141,dir,17549.75,101.41,101.42,101.4228,-1.35,0.46,0.64,mixed,-1.98,normal,-1.09,0,mm,47.32,25.38,25.39,25.4665,-17.56,0.39,1.00,TREND,-1.81,stressed,-14.07,-4100,dir,-16954.32
144.425,117,182.8,642.76,642.76,23241,-23241,157.58,157.59,157.6618,-20.02,0.77,1.00,TREND,-1.71,stressed,-14.68,-19141,dir,17549.75,101.41,101.42,101.4210,-1.34,0.43,0.50,mixed,-1.88,normal,-1.09,0,mm,47.32,25.37,25.38,25.4448,-17.43,0.45,1.00,TREND,-1.80,stressed,-14.07,-4100,dir,-16954.32
144.838,117,184.7,642.76,642.76,23241,-23241,157.56,157.57,157.6447,-19.95,0.77,1.00,TREND,-1.73,stressed,-14.68,-19141,dir,17549.75,101.41,101.42,101.4199,-1.30,0.43,0.50,mixed,-1.80,normal,-1.09,0,mm,47.32,25.36,25.37,25.4308,-17.18,0.45,1.00,TREND,-1.79,stressed,-14.07,-4100,dir,-16954.32
145.020,117,184.7,642.76,642.76,23241,-23241,157.55,157.56,157.6373,-19.90,0.76,1.00,TREND,-1.73,stressed,-14.68,-19141,dir,18315.39,101.41,101.43,101.4199,-1.21,0.45,0.50,mixed,-1.80,normal,-1.09,0,mm,47.32,25.35,25.36,25.4245,-17.09,0.40,1.00,TREND,-1.79,stressed,-14.07,-4100,dir,-16831.32
145.231,118,182.8,1531.40,1531.40,23241,-23241,157.54,157.55,157.6286,-19.88,0.76,1.00,TREND,-1.75,stressed,-17.04,-19141,dir,18315.39,101.41,101.43,101.4199,-1.11,0.45,0.33,mixed,-1.41,normal,-0.96,0,mm,47.32,25.35,25.36,25.4179,-16.90,0.40,1.00,TREND,-1.78,stressed,-15.21,-4100,dir,-16831.32
145.270,118,182.8,1531.40,1531.40,23241,-23241,157.53,157.54,157.6269,-19.89,0.76,1.00,TREND,-1.75,stressed,-17.04,-19141,dir,18315.39,101.41,101.43,101.4199,-1.10,0.45,0.33,mixed,-1.41,normal,-0.96,0,mm,47.32,25.34,25.35,25.4166,-16.88,0.40,1.00,TREND,-1.78,stressed,-15.21,-4100,dir,-16831.32
145.325,118,182.8,1531.40,1531.40,23241,-23241,157.53,157.54,157.6245,-19.89,0.76,1.00,TREND,-1.75,stressed,-17.04,-19141,dir,18315.39,101.41,101.43,101.4199,-1.08,0.45,0.33,mixed,-1.41,normal,-0.96,0,mm,47.32,25.34,25.35,25.4148,-16.86,0.40,1.00,TREND,-1.78,stressed,-15.21,-4100,dir,-16831.32
145.399,118,182.8,1531.40,1531.40,23241,-23241,157.53,157.54,157.6215,-19.89,0.76,1.00,TREND,-1.75,stressed,-17.04,-19141,dir,18315.39,101.41,101.43,101.4199,-1.05,0.45,0.33,mixed,-1.41,normal,-0.96,0,mm,47.32,25.34,25.35,25.4124,-16.82,0.40,1.00,TREND,-1.78,stressed,-15.21,-4100,dir,-16831.32
145.575,118,182.8,1531.40,1531.40,23241,-23241,157.51,157.53,157.6134,-19.99,0.79,1.00,TREND,-1.78,stressed,-17.04,-19141,dir,18315.39,101.41,101.43,101.4199,-0.99,0.41,0.33,mixed,-1.36,normal,-0.96,0,mm,47.32,25.33,25.34,25.4063,-16.79,0.37,1.00,TREND,-1.82,stressed,-15.21,-4100,dir,-16831.32
145.617,119,180.8,2611.45,2611.45,23241,-23241,157.51,157.52,157.6115,-20.02,0.79,1.00,TREND,-1.78,stressed,-16.12,-19141,dir,19272.44,101.41,101.43,101.4199,-0.98,0.41,0.33,mixed,-1.36,normal,-0.96,0,mm,47.32,25.33,25.34,25.4049,-16.78,0.37,1.00,TREND,-1.82,stressed,-14.52,-4100,dir,-16708.32
145.654,119,180.8,2611.45,2611.45,23241,-23241,157.51,157.52,157.6098,-20.03,0.79,1.00,TREND,-1.78,stressed,-16.12,-19141,dir,19272.44,101.41,101.43,101.4199,-0.97,0.41,0.33,mixed,-1.36,normal,-0.96,0,mm,47.32,25.33,25.34,25.4036,-16.76,0.37,1.00,TREND,-1.82,stressed,-14.52,-4100,dir,-16708.32
145.746,119,180.8,2611.45,2611.45,23241,-23241,157.49,157.51,157.6051,-20.15,0.79,1.00,TREND,-1.78,stressed,-16.12,-19141,dir,19272.44,101.41,101.43,101.4199,-0.94,0.41,0.33,mixed,-1.36,normal,-0.96,0,mm,47.32,25.33,25.34,25.4007,-16.70,0.37,1.00,TREND,-1.82,stressed,-14.52,-4100,dir,-16708.32
145.793,119,180.8,2611.45,2611.45,23241,-23241,157.49,157.51,157.6028,-20.20,0.79,1.00,TREND,-1.78,stressed,-16.12,-19141,dir,19272.44,101.41,101.43,101.4199,-0.93,0.41,0.33,mixed,-1.36,normal,-0.96,0,mm,47.32,25.33,25.34,25.3993,-16.66,0.37,1.00,TREND,-1.82,stressed,-14.52,-4100,dir,-16708.32
145.815,119,180.8,2611.45,2611.45,23241,-23241,157.49,157.51,157.6018,-20.22,0.79,1.00,TREND,-1.78,stressed,-16.12,-19141,dir,19272.44,101.41,101.43,101.4199,-0.92,0.41,0.33,mixed,-1.36,normal,-0.96,0,mm,47.32,25.33,25.34,25.3986,-16.64,0.37,1.00,TREND,-1.82,stressed,-14.52,-4100,dir,-16708.32
145.830,119,180.8,2611.45,2611.45,23241,-23241,157.49,157.51,157.6011,-20.23,0.79,1.00,TREND,-1.80,stressed,-16.12,-19141,dir,19272.44,101.41,101.43,101.4199,-0.92,0.41,0.33,mixed,-1.31,normal,-0.96,0,mm,47.32,25.33,25.34,25.3982,-16.63,0.37,1.00,TREND,-1.76,stressed,-14.52,-4100,dir,-16708.32
145.861,119,180.8,2611.45,2611.45,23241,-23241,157.49,157.51,157.5996,-20.25,0.79,1.00,TREND,-1.80,stressed,-16.12,-19141,dir,19272.44,101.41,101.43,101.4199,-0.91,0.41,0.33,mixed,-1.31,normal,-0.96,0,mm,47.32,25.33,25.34,25.3973,-16.60,0.37,1.00,TREND,-1.76,stressed,-14.52,-4100,dir,-16708.32
145.890,119,180.8,2611.45,2611.45,23241,-23241,157.49,157.51,157.5982,-20.26,0.79,1.00,TREND,-1.80,stressed,-16.12,-19141,dir,19272.44,101.41,101.43,101.4199,-0.90,0.41,0.33,mixed,-1.31,normal,-0.96,0,mm,47.32,25.33,25.34,25.3964,-16.57,0.37,1.00,TREND,-1.76,stressed,-14.52,-4100,dir,-16708.32
145.990,119,180.8,2611.45,2611.45,23241,-23241,157.48,157.49,157.5932,-20.40,0.79,1.00,TREND,-1.80,stressed,-16.12,-19141,dir,19272.44,101.41,101.43,101.4199,-0.87,0.41,0.33,mixed,-1.31,normal,-0.96,0,mm,47.32,25.32,25.33,25.3932,-16.54,0.37,1.00,TREND,-1.76,stressed,-14.52,-4100,dir,-16708.32
146.122,119,180.8,2611.45,2611.45,23241,-23241,157.48,157.49,157.5866,-20.52,0.81,1.00,TREND,-1.80,stressed,-16.12,-19141,dir,19272.44,101.41,101.43,101.4200,-0.84,0.38,0.33,mixed,-1.29,normal,-0.96,0,mm,47.32,25.32,25.33,25.3891,-16.46,0.42,1.00,TREND,-1.75,stressed,-14.52,-4100,dir,-16708.32
146.317,119,181.9,2611.45,2611.45,23241,-23241,157.47,157.48,157.5767,-20.69,0.81,1.00,TREND,-1.80,stressed,-16.12,-19141,dir,19272.44,101.41,101.42,101.4195,-0.87,0.38,0.33,mixed,-1.29,normal,-0.96,0,mm,47.32,25.31,25.32,25.3825,-16.42,0.42,1.00,TREND,-1.75,stressed,-14.52,-4100,dir,-16708.32
146.351,119,181.9,2611.45,2611.45,23241,-23241,157.47,157.48,157.5751,-20.71,0.81,1.00,TREND,-1.80,stressed,-16.12,-19141,dir,19272.44,101.41,101.42,101.4194,-0.88,0.38,0.33,mixed,-1.29,normal,-0.96,0,mm,47.32,25.31,25.32,25.3814,-16.40,0.42,1.00,TREND,-1.75,stressed,-14.52,-4100,dir,-16708.32
146.384,119,181.9,2611.45,2611.45,23241,-23241,157.47,157.48,157.5736,-20.72,0.81,1.00,TREND,-1.78,stressed,-16.12,-19141,dir,19272.44,101.41,101.42,101.4194,-0.88,0.38,0.40,mixed,-1.57,normal,-0.96,0,mm,47.32,25.31,25.32,25.3804,-16.38,0.42,1.00,TREND,-1.75,stressed,-14.52,-4100,dir,-16708.32
146.401,119,181.9,2611.45,2611.45,23241,-23241,157.47,157.48,157.5728,-20.72,0.81,1.00,TREND,-1.78,stressed,-16.12,-19141,dir,19272.44,101.41,101.42,101.4193,-0.88,0.38,0.40,mixed,-1.57,normal,-0.96,0,mm,47.32,25.31,25.32,25.3799,-16.37,0.42,1.00,TREND,-1.75,stressed,-14.52,-4100,dir,-16708.32
146.573,119,181.9,2611.45,2611.45,23241,-23241,157.46,157.47,157.5645,-20.82,0.81,1.00,TREND,-1.78,stressed,-16.12,-19141,dir,19272.44,101.41,101.42,101.4190,-0.89,0.38,0.40,mixed,-1.57,normal,-0.96,0,mm,47.32,25.3,25.31,25.3741,-16.36,0.42,1.00,TREND,-1.75,stressed,-14.52,-4100,dir,-16708.32
146.638,119,181.9,2611.45,2611.45,23241,-23241,157.46,157.47,157.5614,-20.82,0.77,1.00,TREND,-1.76,stressed,-16.12,-19141,dir,20229.49,101.41,101.42,101.4189,-0.90,0.38,0.33,mixed,-1.55,normal,-0.96,0,mm,47.32,25.3,25.31,25.3720,-16.34,0.39,1.00,TREND,-1.74,stressed,-14.52,-4100,dir,-16585.32
146.768,120,180.0,3691.50,3691.50,23241,-23241,157.44,157.46,157.5547,-20.94,0.77,1.00,TREND,-1.76,stressed,-15.71,-19141,dir,20229.49,101.41,101.43,101.4189,-0.85,0.38,0.33,mixed,-1.55,normal,-1.12,0,mm,47.32,25.29,25.3,25.3674,-16.36,0.39,1.00,TREND,-1.74,stressed,-14.52,-4100,dir,-16585.32
146.811,120,180.0,3691.50,3691.50,23241,-23241,157.44,157.46,157.5527,-20.96,0.77,1.00,TREND,-1.76,stressed,-15.71,-19141,dir,20229.49,101.41,101.43,101.4190,-0.83,0.38,0.33,mixed,-1.55,normal,-1.12,0,mm,47.32,25.29,25.3,25.3660,-16.36,0.39,1.00,TREND,-1.74,stressed,-14.52,-4100,dir,-16585.32
146.842,120,180.0,3691.50,3691.50,23241,-23241,157.44,157.46,157.5512,-20.97,0.77,1.00,TREND,-1.76,stressed,-15.71,-19141,dir,20229.49,101.41,101.43,101.4190,-0.82,0.38,0.33,mixed,-1.55,normal,-1.12,0,mm,47.32,25.29,25.3,25.3649,-16.35,0.39,1.00,TREND,-1.74,stressed,-14.52,-4100,dir,-16585.32
146.865,120,180.0,3691.50,3691.50,23241,-23241,157.44,157.46,157.5501,-20.97,0.77,1.00,TREND,-1.76,stressed,-15.71,-19141,dir,20229.49,101.41,101.43,101.4190,-0.82,0.38,0.33,mixed,-1.55,normal,-1.12,0,mm,47.32,25.29,25.3,25.3642,-16.34,0.39,1.00,TREND,-1.74,stressed,-14.52,-4100,dir,-16585.32
146.912,120,180.0,3691.50,3691.50,23241,-23241,157.44,157.46,157.5479,-20.98,0.77,1.00,TREND,-1.76,stressed,-15.71,-19141,dir,20229.49,101.41,101.43,101.4190,-0.80,0.38,0.11,chop,-1.17,normal,-1.12,0,mm,47.32,25.29,25.3,25.3627,-16.33,0.39,1.00,TREND,-1.73,stressed,-14.52,-4100,dir,-16585.32
147.113,120,180.0,3691.50,3691.50,23241,-23241,157.42,157.44,157.5373,-21.20,0.77,1.00,TREND,-1.76,stressed,-15.71,-19141,dir,20229.49,101.41,101.43,101.4191,-0.74,0.38,0.11,chop,-1.17,normal,-1.12,0,mm,47.32,25.28,25.29,25.3557,-16.35,0.39,1.00,TREND,-1.73,stressed,-14.52,-4100,dir,-16585.32
147.135,120,180.0,3691.50,3691.50,23241,-23241,157.42,157.44,157.5361,-21.21,0.77,1.00,TREND,-1.76,stressed,-15.71,-19141,dir,20229.49,101.41,101.43,101.4191,-0.74,0.38,0.11,chop,-1.17,normal,-1.12,0,mm,47.32,25.28,25.29,25.3549,-16.34,0.39,1.00,TREND,-1.73,stressed,-14.52,-4100,dir,-16585.32
147.219,120,180.0,3691.50,3691.50,23241,-23241,157.42,157.44,157.5320,-21.24,0.79,1.00,TREND,-1.78,stressed,-15.71,-19141,dir,20229.49,101.41,101.43,101.4191,-0.72,0.40,0.11,chop,-1.14,calm,-1.12,0,mm,47.32,25.28,25.29,25.3522,-16.31,0.36,1.00,TREND,-1.73,stressed,-14.52,-4100,dir,-16585.32
147.310,120,180.9,3691.50,3691.50,23241,-23241,157.41,157.42,157.5271,-21.35,0.79,1.00,TREND,-1.78,stressed,-15.71,-19141,dir,20229.49,101.41,101.42,101.4190,-0.73,0.40,0.11,chop,-1.14,calm,-1.12,0,mm,47.32,25.27,25.28,25.3490,-16.33,0.36,1.00,TREND,-1.73,stressed,-14.52,-4100,dir,-16585.32
147.384,120,180.9,3691.50,3691.50,23241,-23241,157.41,157.42,157.5232,-21.41,0.79,1.00,TREND,-1.78,stressed,-15.71,-19141,dir,20229.49,101.41,101.42,101.4188,-0.74,0.40,0.11,chop,-1.14,calm,-1.12,0,mm,47.32,25.27,25.28,25.3464,-16.33,0.36,1.00,TREND,-1.73,stressed,-14.52,-4100,dir,-16585.32
147.430,120,180.9,3691.50,3691.50,23241,-23241,157.41,157.42,157.5209,-21.43,0.79,1.00,TREND,-1.78,stressed,-15.71,-19141,dir,20229.49,101.41,101.42,101.4188,-0.75,0.40,0.11,chop,-1.14,calm,-1.12,0,mm,47.32,25.27,25.28,25.3449,-16.32,0.36,1.00,TREND,-1.73,stressed,-14.52,-4100,dir,-16585.32
147.444,120,180.9,3691.50,3691.50,23241,-23241,157.41,157.42,157.5203,-21.44,0.79,1.00,TREND,-1.78,stressed,-15.71,-19141,dir,20229.49,101.41,101.42,101.4187,-0.75,0.40,0.11,chop,-1.14,calm,-1.12,0,mm,47.32,25.27,25.28,25.3444,-16.32,0.36,1.00,TREND,-1.73,stressed,-14.52,-4100,dir,-16585.32
147.488,120,180.9,3691.50,3691.50,23241,-23241,157.4,157.41,157.5180,-21.48,0.79,1.00,TREND,-1.81,stressed,-15.71,-19141,dir,20229.49,101.39,101.41,101.4184,-0.80,0.40,0.38,mixed,-2.39,calm,-1.12,0,mm,47.32,25.26,25.27,25.3429,-16.34,0.36,1.00,TREND,-1.76,stressed,-14.52,-4100,dir,-16585.32
147.569,120,180.9,3691.50,3691.50,23241,-23241,157.4,157.41,157.5137,-21.54,0.79,1.00,TREND,-1.81,stressed,-15.71,-19141,dir,21377.95,101.39,101.41,101.4177,-0.90,0.40,0.38,mixed,-2.39,calm,-1.12,0,mm,47.32,25.26,25.27,25.3399,-16.36,0.36,1.00,TREND,-1.76,stressed,-14.52,-4100,dir,-16421.32
147.618,120,180.9,3691.50,3691.50,23241,-23241,157.4,157.41,157.5112,-21.57,0.79,1.00,TREND,-1.81,stressed,-15.71,-19141,dir,21377.95,101.39,101.41,101.4173,-0.95,0.40,0.38,mixed,-2.39,calm,-1.12,0,mm,47.32,25.26,25.27,25.3382,-16.36,0.36,1.00,TREND,-1.76,stressed,-14.52,-4100,dir,-16421.32
147.688,120,180.9,3691.50,3691.50,23241,-23241,157.4,157.41,157.5078,-21.58,0.79,1.00,TREND,-1.81,stressed,-15.71,-19141,dir,21377.95,101.39,101.41,101.4167,-1.03,0.40,0.38,mixed,-2.39,calm,-1.12,0,mm,47.32,25.26,25.27,25.3358,-16.35,0.36,1.00,TREND,-1.76,stressed,-14.52,-4100,dir,-16421.32
147.843,120,180.9,3691.50,3691.50,23241,-23241,157.39,157.4,157.4999,-21.67,0.79,1.00,TREND,-1.79,stressed,-15.71,-19141,dir,21377.95,101.39,101.4,101.4152,-1.22,0.58,0.43,mixed,-2.56,normal,-1.12,0,mm,47.32,25.25,25.26,25.3302,-16.41,0.42,1.00,TREND,-1.76,stressed,-14.52,-4100,dir,-16421.32
147.942,121,179.3,5003.96,5003.96,23241,-23241,157.39,157.4,157.4951,-21.67,0.79,1.00,TREND,-1.79,stressed,-15.76,-19141,dir,21377.95,101.39,101.4,101.4143,-1.32,0.58,0.43,mixed,-2.56,normal,-1.23,0,mm,47.32,25.25,25.26,25.3268,-16.40,0.42,1.00,TREND,-1.76,stressed,-14.71,-4100,dir,-16421.32
148.143,121,179.3,5003.96,5003.96,23241,-23241,157.39,157.4,157.4861,-21.56,0.79,1.00,TREND,-1.73,stressed,-15.76,-19141,dir,21377.95,101.39,101.41,101.4130,-1.42,0.58,0.54,mixed,-2.14,normal,-1.23,0,mm,47.32,25.24,25.25,25.3194,-16.47,0.42,1.00,TREND,-1.75,stressed,-14.71,-4100,dir,-16421.32
148.241,121,179.3,5003.96,5003.96,23241,-23241,157.39,157.4,157.4819,-21.47,0.79,1.00,TREND,-1.73,stressed,-15.76,-19141,dir,21377.95,101.39,101.41,101.4124,-1.46,0.58,0.54,mixed,-2.14,normal,-1.23,0,mm,47.32,25.24,25.25,25.3160,-16.45,0.42,1.00,TREND,-1.75,stressed,-14.71,-4100,dir,-16421.32
148.737,121,179.3,5003.96,5003.96,23241,-23241,157.38,157.39,157.4617,-20.99,0.86,1.00,TREND,-1.71,stressed,-15.76,-19141,dir,21377.95,101.39,101.41,101.4098,-1.56,0.59,0.45,mixed,-2.05,normal,-1.23,0,mm,47.32,25.23,25.24,25.2991,-16.36,0.38,1.00,TREND,-1.74,stressed,-14.71,-4100,dir,-16421.32
149.039,122,178.4,5742.19,5742.19,23241,-23241,157.36,157.37,157.4493,-20.87,0.86,1.00,TREND,-1.73,stressed,-15.11,-19141,dir,21952.18,101.39,101.41,101.4085,-1.57,0.59,0.45,mixed,-1.97,normal,-1.40,0,mm,47.32,25.21,25.22,25.2883,-16.46,0.38,1.00,TREND,-1.77,stressed,-14.94,-4100,dir,-16257.32
149.199,122,178.4,5742.19,5742.19,23241,-23241,157.35,157.36,157.4420,-20.81,0.86,1.00,TREND,-1.73,stressed,-15.11,-19141,dir,21952.18,101.39,101.41,101.4079,-1.56,0.59,0.45,mixed,-1.97,normal,-1.40,0,mm,47.32,25.21,25.22,25.2827,-16.40,0.38,1.00,TREND,-1.77,stressed,-14.94,-4100,dir,-16257.32
149.299,122,178.4,5742.19,5742.19,23241,-23241,157.35,157.36,157.4380,-20.74,0.82,1.00,TREND,-1.71,stressed,-15.11,-19141,dir,21952.18,101.39,101.41,101.4075,-1.56,0.55,0.45,mixed,-1.88,normal,-1.40,0,mm,47.32,25.21,25.22,25.2796,-16.34,0.34,1.00,TREND,-1.72,stressed,-14.94,-4100,dir,-16257.32
149.501,122,179.1,5742.19,5742.19,23241,-23241,157.34,157.35,157.4297,-20.66,0.82,1.00,TREND,-1.71,stressed,-15.11,-19141,dir,21952.18,101.39,101.41,101.4069,-1.54,0.55,0.45,mixed,-1.88,normal,-1.40,0,mm,47.32,25.2,25.21,25.2729,-16.30,0.34,1.00,TREND,-1.72,stressed,-14.94,-4100,dir,-16257.32
149.697,122,179.1,5742.19,5742.19,23241,-23241,157.32,157.34,157.4208,-20.70,0.82,1.00,TREND,-1.75,stressed,-15.11,-19141,dir,22717.82,101.39,101.41,101.4062,-1.52,0.55,0.33,mixed,-1.81,normal,-1.40,0,mm,47.32,25.19,25.2,25.2660,-16.31,0.34,1.00,TREND,-1.75,stressed,-14.94,-4100,dir,-16134.32
149.742,122,179.1,5742.19,5742.19,23241,-23241,157.32,157.34,157.4189,-20.68,0.82,1.00,TREND,-1.75,stressed,-15.11,-19141,dir,22717.82,101.39,101.41,101.4061,-1.51,0.55,0.33,mixed,-1.81,normal,-1.40,0,mm,47.32,25.19,25.2,25.2644,-16.30,0.34,1.00,TREND,-1.75,stressed,-14.94,-4100,dir,-16134.32
149.917,122,179.1,5742.19,5742.19,23241,-23241,157.31,157.32,157.4107,-20.77,0.87,1.00,TREND,-1.75,stressed,-15.11,-19141,dir,22717.82,101.39,101.4,101.4052,-1.55,0.52,0.33,mixed,-1.81,normal,-1.40,0,mm,47.32,25.18,25.19,25.2582,-16.34,0.40,1.00,TREND,-1.75,stressed,-14.94,-4100,dir,-16134.32
149.938,123,177.3,6630.83,6630.83,23241,-23241,157.31,157.32,157.4098,-20.77,0.87,1.00,TREND,-1.75,stressed,-15.27,-19141,dir,22717.82,101.39,101.4,101.4051,-1.55,0.52,0.33,mixed,-1.81,normal,-1.29,0,mm,47.32,25.18,25.19,25.2575,-16.34,0.40,1.00,TREND,-1.75,stressed,-14.94,-4100,dir,-16134.32
149.968,123,177.3,6630.83,6630.83,23241,-23241,157.31,157.32,157.4084,-20.77,0.87,1.00,TREND,-1.75,stressed,-15.27,-19141,dir,22717.82,101.39,101.4,101.4050,-1.56,0.52,0.40,mixed,-2.09,normal,-1.29,0,mm,47.32,25.18,25.19,25.2564,-16.33,0.40,1.00,TREND,-1.74,stressed,-14.94,-4100,dir,-16134.32
150.006,123,177.3,6630.83,6630.83,23241,-23241,157.31,157.32,157.4068,-20.77,0.87,1.00,TREND,-1.75,stressed,-15.27,-19141,dir,22717.82,101.39,101.4,101.4048,-1.56,0.52,0.40,mixed,-2.09,normal,-1.29,0,mm,47.32,25.18,25.19,25.2552,-16.32,0.40,1.00,TREND,-1.74,stressed,-14.94,-4100,dir,-16134.32
150.169,123,177.3,6630.83,6630.83,23241,-23241,157.31,157.32,157.4000,-20.69,0.87,1.00,TREND,-1.75,stressed,-15.27,-19141,dir,22717.82,101.39,101.4,101.4041,-1.58,0.52,0.40,mixed,-2.09,normal,-1.29,0,mm,47.32,25.17,25.18,25.2493,-16.36,0.40,1.00,TREND,-1.74,stressed,-14.94,-4100,dir,-16134.32
150.212,123,177.3,6630.83,6630.83,23241,-23241,157.31,157.32,157.3983,-20.66,0.87,1.00,TREND,-1.75,stressed,-15.27,-19141,dir,22717.82,101.39,101.4,101.4039,-1.58,0.52,0.40,mixed,-2.09,normal,-1.29,0,mm,47.32,25.17,25.18,25.2477,-16.36,0.40,1.00,TREND,-1.74,stressed,-14.94,-4100,dir,-16134.32
150.237,123,177.3,6630.83,6630.83,23241,-23241,157.31,157.32,157.3974,-20.64,0.87,1.00,TREND,-1.69,stressed,-15.27,-19141,dir,22717.82,101.39,101.4,101.4038,-1.59,0.52,0.40,mixed,-2.10,normal,-1.29,0,mm,47.32,25.17,25.18,25.2469,-16.36,0.40,1.00,TREND,-1.74,stressed,-14.94,-4100,dir,-16134.32
150.264,123,177.3,6630.83,6630.83,23241,-23241,157.31,157.32,157.3963,-20.62,0.87,1.00,TREND,-1.69,stressed,-15.27,-19141,dir,22717.82,101.39,101.4,101.4037,-1.59,0.52,0.40,mixed,-2.10,normal,-1.29,0,mm,47.32,25.17,25.18,25.2461,-16.35,0.40,1.00,TREND,-1.74,stressed,-14.94,-4100,dir,-16134.32
150.434,123,177.3,6630.83,6630.83,23241,-23241,157.31,157.32,157.3901,-20.42,1.03,1.00,TREND,-1.69,stressed,-15.27,-19141,dir,22717.82,101.39,101.4,101.4030,-1.59,0.49,0.40,mixed,-2.10,normal,-1.29,0,mm,47.32,25.16,25.17,25.2398,-16.40,0.37,1.00,TREND,-1.74,stressed,-14.94,-4100,dir,-16134.32
150.489,123,178.1,6630.83,6630.83,23241,-23241,157.3,157.31,157.3879,-20.39,1.03,1.00,TREND,-1.68,stressed,-15.27,-19141,dir,22717.82,101.39,101.4,101.4028,-1.59,0.49,0.40,mixed,-2.01,normal,-1.29,0,mm,47.32,25.16,25.17,25.2379,-16.40,0.37,1.00,TREND,-1.73,stressed,-14.94,-4100,dir,-16134.32
150.743,123,178.1,6630.83,6630.83,23241,-23241,157.29,157.3,157.3774,-20.32,1.03,1.00,TREND,-1.66,stressed,-15.27,-19141,dir,22717.82,101.39,101.41,101.4025,-1.49,0.49,0.27,mixed,-1.64,normal,-1.29,0,mm,47.32,25.15,25.16,25.2285,-16.47,0.37,1.00,TREND,-1.72,stressed,-14.94,-4100,dir,-16134.32
150.769,123,178.1,6630.83,6630.83,23241,-23241,157.29,157.3,157.3764,-20.30,1.03,1.00,TREND,-1.66,stressed,-15.27,-19141,dir,23483.46,101.39,101.41,101.4025,-1.48,0.49,0.27,mixed,-1.64,normal,-1.29,0,mm,47.32,25.15,25.16,25.2276,-16.46,0.37,1.00,TREND,-1.72,stressed,-14.94,-4100,dir,-15970.32
150.872,123,178.1,6630.83,6630.83,23241,-23241,157.28,157.29,157.3721,-20.29,1.03,1.00,TREND,-1.66,stressed,-15.27,-19141,dir,23483.46,101.39,101.41,101.4024,-1.44,0.49,0.27,mixed,-1.64,normal,-1.29,0,mm,47.32,25.14,25.15,25.2237,-16.51,0.37,1.00,TREND,-1.72,stressed,-14.94,-4100,dir,-15970.32
151.035,123,178.1,6630.83,6630.83,23241,-23241,157.28,157.29,157.3658,-20.20,0.97,1.00,TREND,-1.65,stressed,-15.27,-19141,dir,23483.46,101.39,101.41,101.4022,-1.38,0.51,0.27,mixed,-1.58,normal,-1.29,0,mm,47.32,25.14,25.15,25.2181,-16.52,0.34,1.00,TREND,-1.71,stressed,-14.94,-4100,dir,-15970.32
151.215,124,176.7,7560.47,7560.47,23241,-23241,157.28,157.29,157.3592,-20.02,0.97,1.00,TREND,-1.65,stressed,-15.27,-19141,dir,23483.46,101.39,101.41,101.4020,-1.32,0.51,0.27,mixed,-1.58,normal,-1.14,0,mm,47.32,25.13,25.14,25.2112,-16.57,0.34,1.00,TREND,-1.71,stressed,-14.82,-4100,dir,-15970.32
151.242,124,176.7,7560.47,7560.47,23241,-23241,157.28,157.29,157.3582,-19.99,0.97,1.00,TREND,-1.65,stressed,-15.27,-19141,dir,23483.46,101.39,101.41,101.4020,-1.32,0.51,0.27,mixed,-1.58,normal,-1.14,0,mm,47.32,25.13,25.14,25.2102,-16.57,0.34,1.00,TREND,-1.71,stressed,-14.82,-4100,dir,-15970.32
151.266,124,176.7,7560.47,7560.47,23241,-23241,157.28,157.29,157.3574,-19.96,0.97,1.00,TREND,-1.65,stressed,-15.27,-19141,dir,23483.46,101.39,101.41,101.4020,-1.31,0.51,0.27,mixed,-1.58,normal,-1.14,0,mm,47.32,25.13,25.14,25.2094,-16.57,0.34,1.00,TREND,-1.71,stressed,-14.82,-4100,dir,-15970.32
151.285,124,176.7,7560.47,7560.47,23241,-23241,157.28,157.29,157.3568,-19.94,0.97,1.00,TREND,-1.61,stressed,-15.27,-19141,dir,23483.46,101.39,101.41,101.4019,-1.30,0.51,0.27,mixed,-1.54,normal,-1.14,0,mm,47.32,25.13,25.14,25.2087,-16.57,0.34,1.00,TREND,-1.71,stressed,-14.82,-4100,dir,-15970.32
151.429,124,176.7,7560.47,7560.47,23241,-23241,157.28,157.29,157.3520,-19.72,0.97,1.00,TREND,-1.61,stressed,-15.27,-19141,dir,23483.46,101.39,101.41,101.4018,-1.26,0.51,0.27,mixed,-1.54,normal,-1.14,0,mm,47.32,25.13,25.14,25.2039,-16.52,0.34,1.00,TREND,-1.71,stressed,-14.82,-4100,dir,-15970.32
151.455,124,176.7,7560.47,7560.47,23241,-23241,157.26,157.28,157.3511,-19.71,0.97,1.00,TREND,-1.61,stressed,-15.27,-19141,dir,23483.46,101.38,101.39,101.4016,-1.28,0.51,0.27,mixed,-1.54,normal,-1.14,0,mm,47.32,25.12,25.13,25.2030,-16.52,0.34,1.00,TREND,-1.71,stressed,-14.82,-4100,dir,-15970.32
151.490,124,176.7,7560.47,7560.47,23241,-23241,157.26,157.28,157.3497,-19.70,0.97,1.00,TREND,-1.61,stressed,-15.27,-19141,dir,23483.46,101.38,101.39,101.4013,-1.32,0.51,0.27,mixed,-1.54,normal,-1.14,0,mm,47.32,25.12,25.13,25.2016,-16.53,0.34,1.00,TREND,-1.71,stressed,-14.82,-4100,dir,-15970.32
151.677,124,176.7,7560.47,7560.47,23241,-23241,157.26,157.28,157.3430,-19.55,0.97,1.00,TREND,-1.62,stressed,-15.27,-19141,dir,23483.46,101.38,101.39,101.4000,-1.46,0.58,0.43,mixed,-2.31,normal,-1.14,0,mm,47.32,25.12,25.13,25.1952,-16.50,0.31,1.00,TREND,-1.70,stressed,-14.82,-4100,dir,-15970.32
151.731,125,175.0,8449.11,8449.11,23241,-23241,157.25,157.26,157.3409,-19.56,0.97,1.00,TREND,-1.62,stressed,-14.54,-19141,dir,24249.10,101.38,101.39,101.3996,-1.49,0.58,0.43,mixed,-2.31,normal,-1.45,0,mm,47.32,25.12,25.13,25.1936,-16.47,0.31,1.00,TREND,-1.70,stressed,-12.84,-4100,dir,-15847.32
151.753,125,175.0,8449.11,8449.11,23241,-23241,157.25,157.26,157.3399,-19.56,0.97,1.00,TREND,-1.62,stressed,-14.54,-19141,dir,24249.10,101.38,101.39,101.3994,-1.51,0.58,0.43,mixed,-2.31,normal,-1.45,0,mm,47.32,25.12,25.13,25.1927,-16.46,0.31,1.00,TREND,-1.70,stressed,-12.84,-4100,dir,-15847.32
151.926,125,175.0,8449.11,8449.11,23241,-23241,157.21,157.25,157.3313,-19.82,0.97,1.00,TREND,-1.62,stressed,-14.54,-19141,dir,24249.10,101.38,101.39,101.3983,-1.59,0.58,0.43,mixed,-2.31,normal,-1.45,0,mm,47.32,25.12,25.13,25.1874,-16.32,0.31,1.00,TREND,-1.70,stressed,-12.84,-4100,dir,-15847.32
151.948,125,175.0,8449.11,8449.11,23241,-23241,157.21,157.25,157.3303,-19.84,0.97,1.00,TREND,-1.71,stressed,-14.54,-19141,dir,24249.10,101.38,101.39,101.3982,-1.60,0.58,0.54,mixed,-2.20,normal,-1.45,0,mm,47.32,25.11,25.12,25.1867,-16.32,0.31,1.00,TREND,-1.70,stressed,-12.84,-4100,dir,-15847.32
152.067,125,175.0,8449.11,8449.11,23241,-23241,157.21,157.25,157.3248,-19.93,0.97,1.00,TREND,-1.71,stressed,-14.54,-19141,dir,24249.10,101.38,101.39,101.3975,-1.65,0.58,0.54,mixed,-2.20,normal,-1.45,0,mm,47.32,25.11,25.12,25.1828,-16.28,0.31,1.00,TREND,-1.70,stressed,-12.84,-4100,dir,-15847.32
152.238,125,175.0,8449.11,8449.11,23241,-23241,157.19,157.21,157.3151,-20.34,1.28,1.00,TREND,-1.76,stressed,-14.54,-19141,dir,24249.10,101.38,101.39,101.3965,-1.69,0.54,0.54,mixed,-2.10,normal,-1.45,0,mm,47.32,25.1,25.11,25.1767,-16.30,0.29,1.00,TREND,-1.69,stressed,-12.84,-4100,dir,-15847.32
152.324,125,175.8,8449.11,8449.11,23241,-23241,157.19,157.21,157.3105,-20.48,1.28,1.00,TREND,-1.76,stressed,-14.54,-19141,dir,24249.10,101.38,101.39,101.3960,-1.71,0.54,0.54,mixed,-2.10,normal,-1.45,0,mm,47.32,25.1,25.11,25.1739,-16.27,0.29,1.00,TREND,-1.69,stressed,-12.84,-4100,dir,-15847.32
152.492,125,175.8,8449.11,8449.11,23241,-23241,157.17,157.2,157.3011,-20.82,1.28,1.00,TREND,-1.76,stressed,-14.54,-19141,dir,24249.10,101.38,101.39,101.3952,-1.73,0.54,0.54,mixed,-2.01,normal,-1.45,0,mm,47.32,25.09,25.1,25.1679,-16.31,0.29,1.00,TREND,-1.68,stressed,-12.84,-4100,dir,-15847.32
152.509,125,175.8,8449.11,8449.11,23241,-23241,157.17,157.2,157.3001,-20.85,1.28,1.00,TREND,-1.76,stressed,-14.54,-19141,dir,24249.10,101.38,101.39,101.3951,-1.74,0.54,0.54,mixed,-2.01,normal,-1.45,0,mm,47.32,25.09,25.1,25.1673,-16.30,0.29,1.00,TREND,-1.68,stressed,-12.84,-4100,dir,-15847.32
152.805,125,175.8,8449.11,8449.11,23241,-23241,157.18,157.19,157.2851,-21.08,1.28,1.00,TREND,-1.71,stressed,-14.54,-19141,dir,25588.97,101.38,101.39,101.3938,-1.75,0.51,0.54,mixed,-1.93,normal,-1.45,0,mm,47.32,25.09,25.1,25.1579,-16.16,0.36,1.00,TREND,-1.63,stressed,-12.84,-4100,dir,-15724.32
152.960,126,174.3,9911.98,9911.98,23241,-23241,157.17,157.18,157.2774,-21.18,1.28,1.00,TREND,-1.71,stressed,-12.94,-19141,dir,25588.97,101.38,101.41,101.3939,-1.63,0.51,0.54,mixed,-1.93,normal,-1.45,0,mm,47.32,25.08,25.09,25.1528,-16.13,0.36,1.00,TREND,-1.63,stressed,-12.84,-4100,dir,-15724.32
153.018,126,174.3,9911.98,9911.98,23241,-23241,157.17,157.18,157.2746,-21.18,1.28,1.00,TREND,-1.71,stressed,-12.94,-19141,dir,25588.97,101.38,101.41,101.3939,-1.58,0.51,0.54,mixed,-1.93,normal,-1.45,0,mm,47.32,25.08,25.09,25.1510,-16.11,0.36,1.00,TREND,-1.63,stressed,-12.84,-4100,dir,-15724.32
153.063,126,174.3,9911.98,9911.98,23241,-23241,157.17,157.18,157.2726,-21.18,1.28,1.00,TREND,-1.69,stressed,-12.94,-19141,dir,25588.97,101.38,101.41,101.3939,-1.55,0.51,0.33,mixed,-1.36,normal,-1.45,0,mm,47.32,25.08,25.09,25.1496,-16.08,0.36,1.00,TREND,-1.63,stressed,-12.84,-4100,dir,-15724.32
153.129,126,174.3,9911.98,9911.98,23241,-23241,157.17,157.18,157.2695,-21.17,1.28,1.00,TREND,-1.69,stressed,-12.94,-19141,dir,25588.97,101.38,101.41,101.3940,-1.51,0.51,0.33,mixed,-1.36,normal,-1.45,0,mm,47.32,25.08,25.09,25.1476,-16.04,0.36,1.00,TREND,-1.63,stressed,-12.84,-4100,dir,-15724.32
153.186,126,174.3,9911.98,9911.98,23241,-23241,157.17,157.18,157.2671,-21.14,1.28,1.00,TREND,-1.69,stressed,-12.94,-19141,dir,25588.97,101.38,101.4,101.3939,-1.50,0.51,0.33,mixed,-1.36,normal,-1.45,0,mm,47.32,25.07,25.08,25.1457,-16.04,0.36,1.00,TREND,-1.63,stressed,-12.84,-4100,dir,-15724.32
153.221,126,174.3,9911.98,9911.98,23241,-23241,157.17,157.18,157.2655,-21.12,1.28,1.00,TREND,-1.69,stressed,-12.94,-19141,dir,25588.97,101.38,101.4,101.3938,-1.49,0.51,0.33,mixed,-1.36,normal,-1.45,0,mm,47.32,25.07,25.08,25.1445,-16.03,0.36,1.00,TREND,-1.63,stressed,-12.84,-4100,dir,-15724.32
153.240,126,174.3,9911.98,9911.98,23241,-23241,157.17,157.18,157.2647,-21.11,1.28,1.00,TREND,-1.69,stressed,-12.94,-19141,dir,25588.97,101.38,101.4,101.3938,-1.48,0.51,0.33,mixed,-1.36,normal,-1.45,0,mm,47.32,25.07,25.08,25.1439,-16.03,0.36,1.00,TREND,-1.63,stressed,-12.84,-4100,dir,-15724.32
153.259,126,174.3,9911.98,9911.98,23241,-23241,157.17,157.18,157.2639,-21.09,1.28,1.00,TREND,-1.69,stressed,-12.94,-19141,dir,25588.97,101.38,101.4,101.3937,-1.48,0.51,0.33,mixed,-1.36,normal,-1.45,0,mm,47.32,25.07,25.08,25.1433,-16.02,0.36,1.00,TREND,-1.63,stressed,-12.84,-4100,dir,-15724.32
153.285,126,174.3,9911.98,9911.98,23241,-23241,157.17,157.18,157.2628,-21.07,1.28,1.00,TREND,-1.69,stressed,-12.94,-19141,dir,25588.97,101.38,101.4,101.3937,-1.47,0.51,0.33,mixed,-1.36,normal,-1.45,0,mm,47.32,25.07,25.08,25.1425,-16.01,0.36,1.00,TREND,-1.63,stressed,-12.84,-4100,dir,-15724.32
153.310,126,174.3,9911.98,9911.98,23241,-23241,157.17,157.18,157.2618,-21.05,1.30,1.00,TREND,-1.69,stressed,-12.94,-19141,dir,25588.97,101.38,101.4,101.3936,-1.47,0.53,0.33,mixed,-1.36,normal,-1.45,0,mm,47.32,25.07,25.08,25.1417,-16.00,0.32,1.00,TREND,-1.63,stressed,-12.84,-4100,dir,-15724.32
153.341,126,174.8,9911.98,9911.98,23241,-23241,157.17,157.18,157.2606,-21.02,1.30,1.00,TREND,-1.64,stressed,-12.94,-19141,dir,25588.97,101.38,101.4,101.3936,-1.46,0.53,0.33,mixed,-1.57,normal,-1.45,0,mm,47.32,25.07,25.08,25.1407,-15.99,0.32,1.00,TREND,-1.63,stressed,-12.84,-4100,dir,-15724.32
153.699,126,174.8,9911.98,9911.98,23241,-23241,157.15,157.17,157.2451,-20.89,1.30,1.00,TREND,-1.65,stressed,-12.94,-19141,dir,25588.97,101.38,101.4,101.3930,-1.38,0.53,0.33,mixed,-1.52,normal,-1.45,0,mm,47.32,25.06,25.07,25.1290,-15.94,0.32,1.00,TREND,-1.63,stressed,-12.84,-4100,dir,-15724.32
153.860,126,174.8,9911.98,9911.98,23241,-23241,157.14,157.15,157.2377,-20.90,1.21,1.00,TREND,-1.65,stressed,-12.94,-19141,dir,26163.20,101.38,101.39,101.3924,-1.40,0.50,0.33,mixed,-1.52,normal,-1.45,0,mm,47.32,25.05,25.06,25.1236,-15.94,0.29,1.00,TREND,-1.63,stressed,-12.84,-4100,dir,-15560.32
153.975,127,173.3,10650.21,10650.21,23241,-23241,157.13,157.14,157.2323,-20.93,1.21,1.00,TREND,-1.69,stressed,-12.80,-19141,dir,26163.20,101.38,101.39,101.3921,-1.41,0.50,0.47,mixed,-1.72,normal,-1.31,0,mm,47.32,25.04,25.05,25.1195,-15.98,0.29,1.00,TREND,-1.67,stressed,-12.84,-4100,dir,-15560.32
153.994,127,173.3,10650.21,10650.21,23241,-23241,157.13,157.14,157.2314,-20.93,1.21,1.00,TREND,-1.69,stressed,-12.80,-19141,dir,26163.20,101.38,101.39,101.3920,-1.41,0.50,0.47,mixed,-1.72,normal,-1.31,0,mm,47.32,25.04,25.05,25.1188,-15.99,0.29,1.00,TREND,-1.67,stressed,-12.84,-4100,dir,-15560.32
154.018,127,173.3,10650.21,10650.21,23241,-23241,157.13,157.14,157.2303,-20.93,1.21,1.00,TREND,-1.69,stressed,-12.80,-19141,dir,26163.20,101.38,101.39,101.3919,-1.42,0.50,0.47,mixed,-1.72,normal,-1.31,0,mm,47.32,25.04,25.05,25.1180,-15.99,0.29,1.00,TREND,-1.67,stressed,-12.84,-4100,dir,-15560.32
154.044,127,173.3,10650.21,10650.21,23241,-23241,157.13,157.14,157.2291,-20.93,1.21,1.00,TREND,-1.69,stressed,-12.80,-19141,dir,26163.20,101.38,101.39,101.3918,-1.42,0.50,0.47,mixed,-1.72,normal,-1.31,0,mm,47.32,25.04,25.05,25.1170,-15.99,0.29,1.00,TREND,-1.67,stressed,-12.84,-4100,dir,-15560.32
154.066,127,173.3,10650.21,10650.21,23241,-23241,157.13,157.14,157.2282,-20.93,1.21,1.00,TREND,-1.69,stressed,-12.80,-19141,dir,26163.20,101.38,101.39,101.3918,-1.42,0.50,0.47,mixed,-1.72,normal,-1.31,0,mm,47.32,25.04,25.05,25.1163,-15.99,0.29,1.00,TREND,-1.67,stressed,-12.84,-4100,dir,-15560.32
154.091,127,173.3,10650.21,10650.21,23241,-23241,157.13,157.14,157.2271,-20.92,1.21,1.00,TREND,-1.69,stressed,-12.80,-19141,dir,26163.20,101.38,101.39,101.3917,-1.42,0.50,0.47,mixed,-1.72,normal,-1.31,0,mm,47.32,25.04,25.05,25.1155,-15.99,0.29,1.00,TREND,-1.67,stressed,-12.84,-4100,dir,-15560.32
154.240,127,173.3,10650.21,10650.21,23241,-23241,157.13,157.14,157.2208,-20.83,1.21,1.00,TREND,-1.64,stressed,-12.80,-19141,dir,26163.20,101.38,101.39,101.3912,-1.42,0.50,0.47,mixed,-1.68,normal,-1.31,0,mm,47.32,25.03,25.04,25.1100,-16.06,0.29,1.00,TREND,-1.66,stressed,-12.84,-4100,dir,-15560.32
154.276,127,173.3,10650.21,10650.21,23241,-23241,157.12,157.13,157.2193,-20.83,1.21,1.00,TREND,-1.64,stressed,-12.80,-19141,dir,26163.20,101.38,101.39,101.3911,-1.42,0.50,0.47,mixed,-1.68,normal,-1.31,0,mm,47.32,25.03,25.04,25.1088,-16.06,0.29,1.00,TREND,-1.66,stressed,-12.84,-4100,dir,-15560.32
154.320,127,173.3,10650.21,10650.21,23241,-23241,157.12,157.13,157.2173,-20.83,1.21,1.00,TREND,-1.64,stressed,-12.80,-19141,dir,26163.20,101.38,101.39,101.3910,-1.42,0.50,0.47,mixed,-1.68,normal,-1.31,0,mm,47.32,25.03,25.04,25.1072,-16.06,0.29,1.00,TREND,-1.66,stressed,-12.84,-4100,dir,-15560.32
154.367,127,173.3,10650.21,10650.21,23241,-23241,157.12,157.13,157.2153,-20.81,1.15,1.00,TREND,-1.64,stressed,-12.80,-19141,dir,26163.20,101.38,101.39,101.3909,-1.42,0.47,0.47,mixed,-1.68,normal,-1.31,0,mm,47.32,25.03,25.04,25.1057,-16.06,0.27,1.00,TREND,-1.66,stressed,-12.84,-4100,dir,-15560.32
154.517,127,173.3,10650.21,10650.21,23241,-23241,157.12,157.13,157.2092,-20.72,1.15,1.00,TREND,-1.63,stressed,-12.80,-19141,dir,26163.20,101.38,101.39,101.3905,-1.41,0.47,0.27,mixed,-1.63,normal,-1.31,0,mm,47.32,25.03,25.04,25.1009,-16.01,0.27,1.00,TREND,-1.62,stressed,-12.84,-4100,dir,-15560.32
154.660,127,174.3,10650.21,10650.21,23241,-23241,157.11,157.12,157.2030,-20.68,1.15,1.00,TREND,-1.63,stressed,-12.80,-19141,dir,26163.20,101.38,101.39,101.3901,-1.40,0.47,0.27,mixed,-1.63,normal,-1.31,0,mm,47.32,25.02,25.03,25.0959,-16.02,0.27,1.00,TREND,-1.62,stressed,-12.84,-4100,dir,-15560.32
154.776,127,174.3,10650.21,10650.21,23241,-23241,157.1,157.11,157.1978,-20.69,1.15,1.00,TREND,-1.66,stressed,-12.80,-19141,dir,26928.84,101.38,101.4,101.3901,-1.35,0.47,0.09,chop,-1.34,normal,-1.31,0,mm,47.32,25.01,25.02,25.0916,-16.08,0.27,1.00,TREND,-1.66,stressed,-12.84,-4100,dir,-15396.32
154.824,127,174.3,10650.21,10650.21,23241,-23241,157.1,157.11,157.1957,-20.69,1.15,1.00,TREND,-1.66,stressed,-12.80,-19141,dir,26928.84,101.38,101.4,101.3901,-1.33,0.47,0.09,chop,-1.34,normal,-1.31,0,mm,47.32,25.01,25.02,25.0899,-16.09,0.27,1.00,TREND,-1.66,stressed,-12.84,-4100,dir,-15396.32
154.855,127,174.3,10650.21,10650.21,23241,-23241,157.1,157.11,157.1944,-20.68,1.15,1.00,TREND,-1.66,stressed,-12.80,-19141,dir,26928.84,101.38,101.4,101.3901,-1.31,0.47,0.09,chop,-1.34,normal,-1.31,0,mm,47.32,25.01,25.02,25.0888,-16.10,0.27,1.00,TREND,-1.66,stressed,-12.84,-4100,dir,-15396.32
154.914,127,174.3,10650.21,10650.21,23241,-23241,157.1,157.11,157.1920,-20.65,1.08,1.00,TREND,-1.66,stressed,-12.80,-19141,dir,26928.84,101.38,101.4,101.3901,-1.29,0.48,0.09,chop,-1.34,normal,-1.31,0,mm,47.32,25.01,25.02,25.0868,-16.10,0.24,1.00,TREND,-1.66,stressed,-12.84,-4100,dir,-15396.32
155.054,127,174.3,10650.21,10650.21,23241,-23241,157.08,157.1,157.1855,-20.70,1.08,1.00,TREND,-1.66,stressed,-12.80,-19141,dir,26928.84,101.38,101.4,101.3901,-1.23,0.48,0.20,chop,-1.30,calm,-1.31,0,mm,47.32,25.0,25.01,25.0816,-16.16,0.24,1.00,TREND,-1.65,stressed,-12.84,-4100,dir,-15396.32
155.112,128,172.5,11579.85,11579.85,23241,-23241,157.08,157.1,157.1829,-20.70,1.08,1.00,TREND,-1.66,stressed,-14.18,-19141,dir,26928.84,101.38,101.4,101.3901,-1.21,0.48,0.20,chop,-1.30,calm,-1.16,0,mm,47.32,25.0,25.01,25.0796,-16.17,0.24,1.00,TREND,-1.65,stressed,-15.21,-4100,dir,-15396.32
155.134,128,172.5,11579.85,11579.85,23241,-23241,157.08,157.1,157.1819,-20.70,1.08,1.00,TREND,-1.66,stressed,-14.18,-19141,dir,26928.84,101.38,101.4,101.3901,-1.20,0.48,0.20,chop,-1.30,calm,-1.16,0,mm,47.32,25.0,25.01,25.0788,-16.17,0.24,1.00,TREND,-1.65,stressed,-15.21,-4100,dir,-15396.32
155.179,128,172.5,11579.85,11579.85,23241,-23241,157.08,157.1,157.1801,-20.69,1.08,1.00,TREND,-1.66,stressed,-14.18,-19141,dir,26928.84,101.38,101.4,101.3901,-1.19,0.48,0.20,chop,-1.30,calm,-1.16,0,mm,47.32,25.0,25.01,25.0772,-16.17,0.24,1.00,TREND,-1.65,stressed,-15.21,-4100,dir,-15396.32
155.287,128,172.5,11579.85,11579.85,23241,-23241,157.07,157.08,157.1748,-20.76,1.08,1.00,TREND,-1.66,stressed,-14.18,-19141,dir,26928.84,101.38,101.4,101.3901,-1.15,0.48,0.20,chop,-1.30,calm,-1.16,0,mm,47.32,24.99,25.0,25.0732,-16.23,0.24,1.00,TREND,-1.65,stressed,-15.21,-4100,dir,-15396.32
155.385,128,172.5,11579.85,11579.85,23241,-23241,157.07,157.08,157.1704,-20.78,1.08,1.00,TREND,-1.67,stressed,-14.18,-19141,dir,26928.84,101.38,101.4,101.3901,-1.12,0.48,0.20,chop,-1.26,calm,-1.16,0,mm,47.32,24.99,25.0,25.0697,-16.24,0.24,1.00,TREND,-1.65,stressed,-15.21,-4100,dir,-15396.32
155.421,128,172.5,11579.85,11579.85,23241,-23241,157.07,157.08,157.1688,-20.78,1.02,1.00,TREND,-1.67,stressed,-14.18,-19141,dir,26928.84,101.38,101.4,101.3901,-1.10,0.44,0.20,chop,-1.26,calm,-1.16,0,mm,47.32,24.99,25.0,25.0684,-16.24,0.22,1.00,TREND,-1.65,stressed,-15.21,-4100,dir,-15396.32
155.756,128,172.5,11579.85,11579.85,23241,-23241,157.07,157.08,157.1552,-20.58,1.02,1.00,TREND,-1.62,stressed,-14.18,-19141,dir,26928.84,101.38,101.4,101.3901,-1.01,0.44,0.20,chop,-1.21,calm,-1.16,0,mm,47.32,24.98,24.99,25.0563,-16.31,0.22,1.00,TREND,-1.64,stressed,-15.21,-4100,dir,-15396.32
155.844,129,171.1,12851.31,12851.31,23241,-23241,157.04,157.05,157.1506,-20.68,1.02,1.00,TREND,-1.62,stressed,-14.55,-19141,dir,28077.30,101.39,101.41,101.3905,-0.92,0.44,0.20,chop,-1.21,calm,-0.86,0,mm,47.32,24.97,24.98,25.0529,-16.35,0.22,1.00,TREND,-1.64,stressed,-15.21,-4100,dir,-15273.32
155.875,129,171.1,12851.31,12851.31,23241,-23241,157.04,157.05,157.1490,-20.71,1.02,1.00,TREND,-1.62,stressed,-14.55,-19141,dir,28077.30,101.39,101.41,101.3906,-0.88,0.44,0.20,chop,-1.21,calm,-0.86,0,mm,47.32,24.97,24.98,25.0518,-16.35,0.22,1.00,TREND,-1.64,stressed,-15.21,-4100,dir,-15273.32
155.905,129,171.1,12851.31,12851.31,23241,-23241,157.04,157.05,157.1475,-20.73,1.02,1.00,TREND,-1.62,stressed,-14.55,-19141,dir,28077.30,101.39,101.41,101.3908,-0.86,0.44,0.20,chop,-1.21,calm,-0.86,0,mm,47.32,24.97,24.98,25.0507,-16.35,0.22,1.00,TREND,-1.64,stressed,-15.21,-4100,dir,-15273.32
156.052,129,171.1,12851.31,12851.31,23241,-23241,157.04,157.05,157.1407,-20.79,0.96,1.00,TREND,-1.68,stressed,-14.55,-19141,dir,28077.30,101.39,101.41,101.3914,-0.73,0.50,0.00,chop,-0.67,calm,-0.86,0,mm,47.32,24.96,24.97,25.0450,-16.44,0.29,1.00,TREND,-1.68,stressed,-15.21,-4100,dir,-15273.32
156.101,129,171.1,12851.31,12851.31,23241,-23241,157.03,157.04,157.1383,-20.82,0.96,1.00,TREND,-1.68,stressed,-14.55,-19141,dir,28077.30,101.38,101.39,101.3912,-0.75,0.50,0.00,chop,-0.67,calm,-0.86,0,mm,47.32,24.96,24.97,25.0431,-16.45,0.29,1.00,TREND,-1.68,stressed,-15.21,-4100,dir,-15273.32
156.167,129,171.1,12851.31,12851.31,23241,-23241,157.03,157.04,157.1351,-20.86,0.96,1.00,TREND,-1.68,stressed,-14.55,-19141,dir,28077.30,101.38,101.39,101.3910,-0.78,0.50,0.00,chop,-0.67,calm,-0.86,0,mm,47.32,24.96,24.97,25.0407,-16.46,0.29,1.00,TREND,-1.68,stressed,-15.21,-4100,dir,-15273.32
156.204,129,171.1,12851.31,12851.31,23241,-23241,157.03,157.04,157.1334,-20.87,0.96,1.00,TREND,-1.68,stressed,-14.55,-19141,dir,28077.30,101.38,101.39,101.3909,-0.79,0.50,0.00,chop,-0.67,calm,-0.86,0,mm,47.32,24.96,24.97,25.0394,-16.46,0.29,1.00,TREND,-1.68,stressed,-15.21,-4100,dir,-15273.32
156.418,129,171.1,12851.31,12851.31,23241,-23241,157.01,157.03,157.1226,-21.07,0.96,1.00,TREND,-1.72,stressed,-14.55,-19141,dir,28077.30,101.38,101.39,101.3904,-0.85,0.50,0.20,chop,-1.40,calm,-0.86,0,mm,47.32,24.95,24.96,25.0314,-16.53,0.29,1.00,TREND,-1.67,stressed,-15.21,-4100,dir,-15273.32
156.616,129,172.2,12851.31,12851.31,23241,-23241,157.0,157.01,157.1121,-21.30,0.99,1.00,TREND,-1.72,stressed,-14.55,-19141,dir,28077.30,101.38,101.39,101.3899,-0.89,0.58,0.20,chop,-1.40,calm,-0.86,0,mm,47.32,24.95,24.96,25.0246,-16.48,0.36,1.00,TREND,-1.67,stressed,-15.21,-4100,dir,-15273.32
156.726,129,172.2,12851.31,12851.31,23241,-23241,157.0,157.01,157.1067,-21.34,0.99,1.00,TREND,-1.73,stressed,-14.55,-19141,dir,29034.35,101.38,101.39,101.3896,-0.91,0.58,0.20,chop,-1.37,calm,-0.86,0,mm,47.32,24.94,24.95,25.0206,-16.49,0.36,1.00,TREND,-1.67,stressed,-15.21,-4100,dir,-15109.32
156.914,129,172.2,12851.31,12851.31,23241,-23241,156.99,157.0,157.0972,-21.46,0.99,1.00,TREND,-1.73,stressed,-14.55,-19141,dir,29034.35,101.37,101.38,101.3884,-1.06,0.58,0.20,chop,-1.37,calm,-0.86,0,mm,47.32,24.94,24.95,25.0142,-16.44,0.36,1.00,TREND,-1.67,stressed,-15.21,-4100,dir,-15109.32
156.947,129,172.2,12851.31,12851.31,23241,-23241,156.99,157.0,157.0957,-21.46,0.99,1.00,TREND,-1.73,stressed,-14.55,-19141,dir,29034.35,101.37,101.38,101.3882,-1.09,0.58,0.20,chop,-1.37,calm,-0.86,0,mm,47.32,24.94,24.95,25.0131,-16.42,0.36,1.00,TREND,-1.67,stressed,-15.21,-4100,dir,-15109.32
157.692,130,171.2,13972.36,13972.36,23241,-23241,156.98,156.99,157.0631,-21.10,0.96,1.00,TREND,-1.75,stressed,-14.40,-19141,dir,29034.35,101.36,101.37,101.3814,-1.79,0.69,0.41,mixed,-2.28,calm,-1.58,0,mm,47.32,24.93,24.94,24.9901,-15.94,0.33,1.00,TREND,-1.66,stressed,-15.21,-4100,dir,-15109.32
157.971,131,169.3,14861.00,14861.00,23241,-23241,156.96,156.97,157.0509,-21.00,0.96,1.00,TREND,-1.76,stressed,-12.98,-19141,dir,29799.99,101.36,101.37,101.3793,-1.90,0.69,0.41,mixed,-2.18,normal,-1.39,0,mm,47.32,24.91,24.92,24.9808,-15.92,0.33,1.00,TREND,-1.70,stressed,-14.29,-4100,dir,-14986.32
158.206,131,169.3,14861.00,14861.00,23241,-23241,156.94,156.95,157.0398,-21.08,0.98,1.00,TREND,-1.76,stressed,-12.98,-19141,dir,29799.99,101.35,101.36,101.3768,-2.12,0.69,0.41,mixed,-2.18,normal,-1.39,0,mm,47.32,24.89,24.9,24.9718,-16.09,0.48,1.00,TREND,-1.70,stressed,-14.29,-4100,dir,-14986.32
158.241,131,169.6,14861.00,14861.00,23241,-23241,156.94,156.95,157.0382,-21.08,0.98,1.00,TREND,-1.78,stressed,-12.98,-19141,dir,29799.99,101.35,101.36,101.3764,-2.14,0.69,0.47,mixed,-2.53,normal,-1.39,0,mm,47.32,24.89,24.9,24.9705,-16.10,0.48,1.00,TREND,-1.74,stressed,-14.29,-4100,dir,-14986.32
158.419,131,169.6,14861.00,14861.00,23241,-23241,156.93,156.94,157.0300,-21.12,0.98,1.00,TREND,-1.78,stressed,-12.98,-19141,dir,29799.99,101.34,101.35,101.3739,-2.38,0.69,0.47,mixed,-2.53,normal,-1.39,0,mm,47.32,24.88,24.89,24.9637,-16.23,0.48,1.00,TREND,-1.74,stressed,-14.29,-4100,dir,-14986.32
158.449,131,169.6,14861.00,14861.00,23241,-23241,156.93,156.94,157.0286,-21.11,0.98,1.00,TREND,-1.78,stressed,-12.98,-19141,dir,29799.99,101.34,101.35,101.3735,-2.42,0.69,0.47,mixed,-2.53,normal,-1.39,0,mm,47.32,24.88,24.89,24.9626,-16.24,0.48,1.00,TREND,-1.74,stressed,-14.29,-4100,dir,-14986.32
158.524,131,169.6,14861.00,14861.00,23241,-23241,156.93,156.94,157.0254,-21.09,0.98,1.00,TREND,-1.76,stressed,-12.98,-19141,dir,29799.99,101.34,101.35,101.3725,-2.50,0.69,0.44,mixed,-2.84,normal,-1.39,0,mm,47.32,24.88,24.89,24.9599,-16.25,0.48,1.00,TREND,-1.74,stressed,-14.29,-4100,dir,-14986.32
158.797,131,169.6,14861.00,14861.00,23241,-23241,156.92,156.93,157.0133,-21.04,0.95,1.00,TREND,-1.74,stressed,-12.98,-19141,dir,29799.99,101.34,101.35,101.3692,-2.72,0.67,0.44,mixed,-2.69,normal,-1.39,0,mm,47.32,24.87,24.88,24.9497,-16.36,0.44,1.00,TREND,-1.73,stressed,-14.29,-4100,dir,-14986.32
158.910,132,168.2,15790.64,15790.64,23241,-23241,156.91,156.92,157.0082,-21.04,0.95,1.00,TREND,-1.74,stressed,-13.03,-19141,dir,30565.63,101.34,101.35,101.3679,-2.78,0.67,0.44,mixed,-2.69,normal,-1.71,0,mm,47.32,24.86,24.87,24.9452,-16.43,0.44,1.00,TREND,-1.73,stressed,-13.95,-4100,dir,-14822.32
158.930,132,168.2,15790.64,15790.64,23241,-23241,156.91,156.92,157.0073,-21.04,0.95,1.00,TREND,-1.74,stressed,-13.03,-19141,dir,30565.63,101.34,101.35,101.3677,-2.79,0.67,0.44,mixed,-2.69,normal,-1.71,0,mm,47.32,24.86,24.87,24.9445,-16.43,0.44,1.00,TREND,-1.73,stressed,-13.95,-4100,dir,-14822.32
159.007,132,168.2,15790.64,15790.64,23241,-23241,156.91,156.92,157.0040,-21.00,0.95,1.00,TREND,-1.74,stressed,-13.03,-19141,dir,30565.63,101.34,101.35,101.3669,-2.82,0.67,0.44,mixed,-2.69,normal,-1.71,0,mm,47.32,24.86,24.87,24.9417,-16.45,0.44,1.00,TREND,-1.73,stressed,-13.95,-4100,dir,-14822.32
159.031,132,168.2,15790.64,15790.64,23241,-23241,156.91,156.92,157.0030,-20.99,0.95,1.00,TREND,-1.74,stressed,-13.03,-19141,dir,30565.63,101.34,101.35,101.3667,-2.83,0.67,0.44,mixed,-2.69,normal,-1.71,0,mm,47.32,24.86,24.87,24.9408,-16.45,0.44,1.00,TREND,-1.73,stressed,-13.95,-4100,dir,-14822.32
159.213,132,168.2,15790.64,15790.64,23241,-23241,156.9,156.91,156.9952,-20.97,0.95,1.00,TREND,-1.76,stressed,-13.03,-19141,dir,30565.63,101.34,101.35,101.3649,-2.89,0.67,0.44,mixed,-2.54,normal,-1.71,0,mm,47.32,24.85,24.86,24.9340,-16.54,0.44,1.00,TREND,-1.77,stressed,-13.95,-4100,dir,-14822.32
159.266,132,168.2,15790.64,15790.64,23241,-23241,156.9,156.91,156.9928,-20.94,0.95,1.00,TREND,-1.76,stressed,-13.03,-19141,dir,30565.63,101.34,101.35,101.3644,-2.90,0.67,0.44,mixed,-2.54,normal,-1.71,0,mm,47.32,24.85,24.86,24.9318,-16.55,0.44,1.00,TREND,-1.77,stressed,-13.95,-4100,dir,-14822.32
159.427,132,168.2,15790.64,15790.64,23241,-23241,156.89,156.9,156.9856,-20.93,0.89,1.00,TREND,-1.76,stressed,-13.03,-19141,dir,30565.63,101.34,101.35,101.3630,-2.92,0.65,0.44,mixed,-2.54,normal,-1.71,0,mm,47.32,24.84,24.85,24.9254,-16.64,0.48,1.00,TREND,-1.77,stressed,-13.95,-4100,dir,-14822.32
159.452,132,168.9,15790.64,15790.64,23241,-23241,156.89,156.9,156.9845,-20.92,0.89,1.00,TREND,-1.76,stressed,-13.03,-19141,dir,30565.63,101.34,101.35,101.3628,-2.92,0.65,0.44,mixed,-2.54,normal,-1.71,0,mm,47.32,24.84,24.85,24.9245,-16.64,0.48,1.00,TREND,-1.77,stressed,-13.95,-4100,dir,-14822.32
159.479,132,168.9,15790.64,15790.64,23241,-23241,156.89,156.9,156.9834,-20.91,0.89,1.00,TREND,-1.74,stressed,-13.03,-19141,dir,30565.63,101.34,101.35,101.3626,-2.92,0.65,0.44,mixed,-2.40,normal,-1.71,0,mm,47.32,24.84,24.85,24.9235,-16.65,0.48,1.00,TREND,-1.76,stressed,-13.95,-4100,dir,-14822.32
159.539,132,168.9,15790.64,15790.64,23241,-23241,156.89,156.9,156.9810,-20.87,0.89,1.00,TREND,-1.74,stressed,-13.03,-19141,dir,30565.63,101.34,101.35,101.3621,-2.92,0.65,0.44,mixed,-2.40,normal,-1.71,0,mm,47.32,24.84,24.85,24.9213,-16.65,0.48,1.00,TREND,-1.76,stressed,-13.95,-4100,dir,-14822.32
159.698,132,168.9,15790.64,15790.64,23241,-23241,156.88,156.89,156.9741,-20.85,0.89,1.00,TREND,-1.74,stressed,-13.03,-19141,dir,30565.63,101.34,101.35,101.3608,-2.92,0.65,0.44,mixed,-2.40,normal,-1.71,0,mm,47.32,24.83,24.84,24.9151,-16.72,0.48,1.00,TREND,-1.76,stressed,-13.95,-4100,dir,-14822.32
159.717,132,168.9,15790.64,15790.64,23241,-23241,156.88,156.89,156.9733,-20.84,0.89,1.00,TREND,-1.74,stressed,-13.03,-19141,dir,31331.27,101.34,101.35,101.3607,-2.92,0.65,0.44,mixed,-2.40,normal,-1.71,0,mm,47.32,24.83,24.84,24.9144,-16.73,0.48,1.00,TREND,-1.76,stressed,-13.95,-4100,dir,-14658.32
159.747,132,168.9,15790.64,15790.64,23241,-23241,156.88,156.89,156.9720,-20.82,0.89,1.00,TREND,-1.72,stressed,-13.03,-19141,dir,31331.27,101.34,101.35,101.3605,-2.91,0.65,0.44,mixed,-2.28,normal,-1.71,0,mm,47.32,24.83,24.84,24.9133,-16.73,0.48,1.00,TREND,-1.75,stressed,-13.95,-4100,dir,-14658.32
159.871,132,168.9,15790.64,15790.64,23241,-23241,156.88,156.89,156.9671,-20.73,0.89,1.00,TREND,-1.72,stressed,-13.03,-19141,dir,31331.27,101.34,101.35,101.3596,-2.90,0.65,0.44,mixed,-2.28,normal,-1.71,0,mm,47.32,24.83,24.84,24.9088,-16.72,0.48,1.00,TREND,-1.75,stressed,-13.95,-4100,dir,-14658.32
159.976,132,168.9,15790.64,15790.64,23241,-23241,156.87,156.88,156.9626,-20.70,0.86,1.00,TREND,-1.72,stressed,-13.03,-19141,dir,31331.27,101.34,101.35,101.3589,-2.88,0.62,0.44,mixed,-2.28,normal,-1.71,0,mm,47.32,24.82,24.83,24.9048,-16.75,0.45,1.00,TREND,-1.75,stressed,-13.95,-4100,dir,-14658.32
160.026,133,167.4,16720.28,16720.28,23241,-23241,156.87,156.88,156.9606,-20.67,0.86,1.00,TREND,-1.70,stressed,-13.47,-19141,dir,31331.27,101.34,101.35,101.3586,-2.87,0.62,0.62,mixed,-2.18,normal,-1.61,0,mm,47.32,24.82,24.83,24.9029,-16.76,0.45,1.00,TREND,-1.75,stressed,-14.22,-4100,dir,-14658.32
160.149,133,167.4,16720.28,16720.28,23241,-23241,156.86,156.87,156.9552,-20.67,0.86,1.00,TREND,-1.70,stressed,-13.47,-19141,dir,31331.27,101.34,101.35,101.3578,-2.85,0.62,0.62,mixed,-2.18,normal,-1.61,0,mm,47.32,24.81,24.82,24.8980,-16.83,0.45,1.00,TREND,-1.75,stressed,-14.22,-4100,dir,-14658.32
160.200,133,167.4,16720.28,16720.28,23241,-23241,156.86,156.87,156.9531,-20.66,0.86,1.00,TREND,-1.70,stressed,-13.47,-19141,dir,31331.27,101.34,101.35,101.3575,-2.84,0.62,0.62,mixed,-2.18,normal,-1.61,0,mm,47.32,24.81,24.82,24.8961,-16.85,0.45,1.00,TREND,-1.75,stressed,-14.22,-4100,dir,-14658.32
160.249,133,167.4,16720.28,16720.28,23241,-23241,156.86,156.87,156.9511,-20.63,0.86,1.00,TREND,-1.70,stressed,-13.47,-19141,dir,31331.27,101.34,101.35,101.3572,-2.83,0.62,0.62,mixed,-2.18,normal,-1.61,0,mm,47.32,24.81,24.82,24.8942,-16.85,0.45,1.00,TREND,-1.75,stressed,-14.22,-4100,dir,-14658.32
160.283,133,167.4,16720.28,16720.28,23241,-23241,156.86,156.87,156.9497,-20.61,0.86,1.00,TREND,-1.69,stressed,-13.47,-19141,dir,31331.27,101.34,101.35,101.3570,-2.82,0.62,0.60,mixed,-2.09,normal,-1.61,0,mm,47.32,24.81,24.82,24.8930,-16.85,0.45,1.00,TREND,-1.74,stressed,-14.22,-4100,dir,-14658.32
160.299,133,167.4,16720.28,16720.28,23241,-23241,156.86,156.87,156.9491,-20.60,0.86,1.00,TREND,-1.69,stressed,-13.47,-19141,dir,31331.27,101.34,101.35,101.3569,-2.81,0.62,0.60,mixed,-2.09,normal,-1.61,0,mm,47.32,24.81,24.82,24.8923,-16.85,0.45,1.00,TREND,-1.74,stressed,-14.22,-4100,dir,-14658.32
160.447,133,167.4,16720.28,16720.28,23241,-23241,156.85,156.86,156.9428,-20.58,0.86,1.00,TREND,-1.69,stressed,-13.47,-19141,dir,31331.27,101.34,101.35,101.3561,-2.78,0.62,0.60,mixed,-2.09,normal,-1.61,0,mm,47.32,24.8,24.81,24.8865,-16.92,0.45,1.00,TREND,-1.74,stressed,-14.22,-4100,dir,-14658.32
160.499,133,167.4,16720.28,16720.28,23241,-23241,156.85,156.86,156.9406,-20.56,0.84,1.00,TREND,-1.69,stressed,-13.47,-19141,dir,31331.27,101.34,101.35,101.3559,-2.76,0.59,0.60,mixed,-2.09,normal,-1.61,0,mm,47.32,24.8,24.81,24.8845,-16.93,0.42,1.00,TREND,-1.74,stressed,-14.22,-4100,dir,-14658.32
160.549,133,168.0,16720.28,16720.28,23241,-23241,156.85,156.86,156.9386,-20.53,0.84,1.00,TREND,-1.67,stressed,-13.47,-19141,dir,31331.27,101.34,101.35,101.3556,-2.75,0.59,0.60,mixed,-2.00,normal,-1.61,0,mm,47.32,24.8,24.81,24.8826,-16.93,0.42,1.00,TREND,-1.74,stressed,-14.22,-4100,dir,-14658.32
160.716,133,168.0,16720.28,16720.28,23241,-23241,156.84,156.85,156.9315,-20.50,0.84,1.00,TREND,-1.67,stressed,-13.47,-19141,dir,31331.27,101.34,101.35,101.3548,-2.70,0.59,0.60,mixed,-2.00,normal,-1.61,0,mm,47.32,24.79,24.8,24.8760,-17.00,0.42,1.00,TREND,-1.74,stressed,-14.22,-4100,dir,-14658.32
160.740,133,168.0,16720.28,16720.28,23241,-23241,156.84,156.85,156.9306,-20.49,0.84,1.00,TREND,-1.67,stressed,-13.47,-19141,dir,32096.91,101.34,101.35,101.3547,-2.69,0.59,0.60,mixed,-2.00,normal,-1.61,0,mm,47.32,24.79,24.8,24.8751,-17.00,0.42,1.00,TREND,-1.74,stressed,-14.22,-4100,dir,-14494.32
160.752,133,168.0,16720.28,16720.28,23241,-23241,156.84,156.85,156.9301,-20.48,0.84,1.00,TREND,-1.67,stressed,-13.47,-19141,dir,32096.91,101.34,101.35,101.3546,-2.68,0.59,0.60,mixed,-2.00,normal,-1.61,0,mm,47.32,24.79,24.8,24.8747,-17.00,0.42,1.00,TREND,-1.74,stressed,-14.22,-4100,dir,-14494.32
160.787,133,168.0,16720.28,16720.28,23241,-23241,156.84,156.85,156.9287,-20.46,0.84,1.00,TREND,-1.67,stressed,-13.47,-19141,dir,32096.91,101.34,101.35,101.3545,-2.67,0.59,0.60,mixed,-2.00,normal,-1.61,0,mm,47.32,24.79,24.8,24.8734,-17.00,0.42,1.00,TREND,-1.74,stressed,-14.22,-4100,dir,-14494.32
160.807,133,168.0,16720.28,16720.28,23241,-23241,156.84,156.85,156.9280,-20.45,0.84,1.00,TREND,-1.66,stressed,-13.47,-19141,dir,32096.91,101.34,101.35,101.3544,-2.67,0.59,0.57,mixed,-1.93,normal,-1.61,0,mm,47.32,24.79,24.8,24.8727,-17.00,0.42,1.00,TREND,-1.73,stressed,-14.22,-4100,dir,-14494.32
160.913,133,168.0,16720.28,16720.28,23241,-23241,156.83,156.84,156.9234,-20.44,0.84,1.00,TREND,-1.66,stressed,-13.47,-19141,dir,32096.91,101.34,101.36,101.3542,-2.59,0.59,0.57,mixed,-1.93,normal,-1.61,0,mm,47.32,24.78,24.79,24.8684,-17.06,0.42,1.00,TREND,-1.73,stressed,-14.22,-4100,dir,-14494.32
160.937,133,168.0,16720.28,16720.28,23241,-23241,156.83,156.84,156.9224,-20.44,0.84,1.00,TREND,-1.66,stressed,-13.47,-19141,dir,32096.91,101.34,101.36,101.3541,-2.57,0.59,0.57,mixed,-1.93,normal,-1.61,0,mm,47.32,24.78,24.79,24.8674,-17.06,0.42,1.00,TREND,-1.73,stressed,-14.22,-4100,dir,-14494.32
160.958,133,168.0,16720.28,16720.28,23241,-23241,156.83,156.84,156.9215,-20.43,0.84,1.00,TREND,-1.66,stressed,-13.47,-19141,dir,32096.91,101.34,101.36,101.3541,-2.56,0.59,0.57,mixed,-1.93,normal,-1.61,0,mm,47.32,24.78,24.79,24.8666,-17.07,0.42,1.00,TREND,-1.73,stressed,-14.22,-4100,dir,-14494.32
161.171,133,168.0,16720.28,16720.28,23241,-23241,156.83,156.84,156.9133,-20.28,0.81,1.00,TREND,-1.65,stressed,-13.47,-19141,dir,32096.91,101.34,101.36,101.3537,-2.42,0.60,0.47,mixed,-1.68,normal,-1.61,0,mm,47.32,24.78,24.79,24.8589,-17.04,0.40,1.00,TREND,-1.73,stressed,-14.22,-4100,dir,-14494.32
161.422,134,166.8,17649.92,17649.92,23241,-23241,156.81,156.83,156.9029,-20.23,0.81,1.00,TREND,-1.65,stressed,-14.08,-19141,dir,32096.91,101.34,101.38,101.3544,-2.10,0.60,0.29,mixed,-1.26,normal,-1.15,0,mm,47.32,24.77,24.78,24.8495,-17.03,0.40,1.00,TREND,-1.72,stressed,-13.96,-4100,dir,-14494.32
161.507,134,166.8,17649.92,17649.92,23241,-23241,156.8,156.81,156.8991,-20.27,0.81,1.00,TREND,-1.65,stressed,-14.08,-19141,dir,32096.91,101.34,101.36,101.3542,-2.07,0.60,0.29,mixed,-1.26,normal,-1.15,0,mm,47.32,24.76,24.77,24.8462,-17.06,0.40,1.00,TREND,-1.72,stressed,-13.96,-4100,dir,-14494.32
161.536,134,166.8,17649.92,17649.92,23241,-23241,156.8,156.81,156.8978,-20.28,0.81,1.00,TREND,-1.65,stressed,-14.08,-19141,dir,32096.91,101.34,101.36,101.3542,-2.06,0.60,0.29,mixed,-1.26,normal,-1.15,0,mm,47.32,24.76,24.77,24.8451,-17.07,0.40,1.00,TREND,-1.72,stressed,-13.96,-4100,dir,-14494.32
161.561,134,166.8,17649.92,17649.92,23241,-23241,156.8,156.81,156.8967,-20.28,0.81,1.00,TREND,-1.65,stressed,-14.08,-19141,dir,32096.91,101.34,101.36,101.3541,-2.05,0.60,0.29,mixed,-1.26,normal,-1.15,0,mm,47.32,24.76,24.77,24.8441,-17.07,0.40,1.00,TREND,-1.72,stressed,-13.96,-4100,dir,-14494.32
161.588,134,166.8,17649.92,17649.92,23241,-23241,156.8,156.81,156.8955,-20.28,0.81,1.00,TREND,-1.65,stressed,-14.08,-19141,dir,32096.91,101.34,101.36,101.3541,-2.04,0.60,0.29,mixed,-1.26,normal,-1.15,0,mm,47.32,24.76,24.77,24.8431,-17.07,0.40,1.00,TREND,-1.72,stressed,-13.96,-4100,dir,-14494.32
162.168,134,166.8,17649.92,17649.92,23241,-23241,156.79,156.8,156.8716,-20.14,0.86,1.00,TREND,-1.70,stressed,-14.08,-19141,dir,33053.96,101.34,101.35,101.3519,-2.03,0.57,0.47,mixed,-1.75,normal,-1.15,0,mm,47.32,24.75,24.76,24.8222,-16.97,0.43,1.00,TREND,-1.77,stressed,-13.96,-4100,dir,-14330.32
162.529,135,166.0,18770.97,18770.97,23241,-23241,156.76,156.77,156.8549,-20.34,0.86,1.00,TREND,-1.75,stressed,-14.04,-19141,dir,33053.96,101.33,101.34,101.3493,-2.22,0.57,0.52,mixed,-2.06,normal,-1.49,0,mm,47.32,24.74,24.75,24.8101,-16.78,0.43,1.00,TREND,-1.76,stressed,-14.33,-4100,dir,-14330.32
162.603,135,166.0,18770.97,18770.97,23241,-23241,156.75,156.76,156.8515,-20.38,0.86,1.00,TREND,-1.75,stressed,-14.04,-19141,dir,33053.96,101.33,101.36,101.3491,-2.19,0.57,0.52,mixed,-2.06,normal,-1.49,0,mm,47.32,24.73,24.74,24.8075,-16.77,0.43,1.00,TREND,-1.76,stressed,-14.33,-4100,dir,-14330.32
162.803,135,166.0,18770.97,18770.97,23241,-23241,156.75,156.76,156.8429,-20.38,0.89,1.00,TREND,-1.74,stressed,-14.04,-19141,dir,33053.96,101.33,101.39,101.3501,-1.88,0.67,0.23,chop,-1.09,normal,-1.49,0,mm,47.32,24.73,24.74,24.8010,-16.66,0.41,1.00,TREND,-1.75,stressed,-14.33,-4100,dir,-14330.32
162.847,136,164.1,19618.61,19618.61,23241,-23241,156.75,156.76,156.8410,-20.36,0.89,1.00,TREND,-1.74,stressed,-11.83,-19141,dir,33819.60,101.33,101.39,101.3503,-1.82,0.67,0.23,chop,-1.09,normal,-0.82,0,mm,47.32,24.73,24.74,24.7997,-16.62,0.41,1.00,TREND,-1.75,stressed,-12.35,-4100,dir,-14248.32
162.886,136,164.1,19618.61,19618.61,23241,-23241,156.75,156.76,156.8395,-20.34,0.89,1.00,TREND,-1.74,stressed,-11.83,-19141,dir,33819.60,101.33,101.39,101.3505,-1.77,0.67,0.23,chop,-1.09,normal,-0.82,0,mm,47.32,24.73,24.74,24.7985,-16.59,0.41,1.00,TREND,-1.75,stressed,-12.35,-4100,dir,-14248.32
162.985,136,164.1,19618.61,19618.61,23241,-23241,156.73,156.75,156.8349,-20.38,0.89,1.00,TREND,-1.74,stressed,-11.83,-19141,dir,33819.60,101.33,101.38,101.3507,-1.68,0.67,0.23,chop,-1.09,normal,-0.82,0,mm,47.32,24.72,24.73,24.7951,-16.57,0.41,1.00,TREND,-1.75,stressed,-12.35,-4100,dir,-14248.32
163.036,136,164.1,19618.61,19618.61,23241,-23241,156.73,156.75,156.8327,-20.39,0.89,1.00,TREND,-1.74,stressed,-11.83,-19141,dir,33819.60,101.33,101.38,101.3508,-1.64,0.67,0.23,chop,-1.09,normal,-0.82,0,mm,47.32,24.72,24.73,24.7935,-16.54,0.41,1.00,TREND,-1.75,stressed,-12.35,-4100,dir,-14248.32
163.065,136,164.1,19618.61,19618.61,23241,-23241,156.73,156.75,156.8315,-20.39,0.89,1.00,TREND,-1.74,stressed,-11.83,-19141,dir,33819.60,101.33,101.38,101.3508,-1.62,0.67,0.36,mixed,-1.24,calm,-0.82,0,mm,47.32,24.72,24.73,24.7926,-16.53,0.41,1.00,TREND,-1.75,stressed,-12.35,-4100,dir,-14248.32
163.122,136,164.1,19618.61,19618.61,23241,-23241,156.73,156.75,156.8293,-20.38,0.89,1.00,TREND,-1.74,stressed,-11.83,-19141,dir,33819.60,101.33,101.38,101.3509,-1.58,0.67,0.36,mixed,-1.24,calm,-0.82,0,mm,47.32,24.72,24.73,24.7909,-16.50,0.41,1.00,TREND,-1.75,stressed,-12.35,-4100,dir,-14248.32
163.251,136,164.1,19618.61,19618.61,23241,-23241,156.71,156.73,156.8225,-20.52,0.89,1.00,TREND,-1.74,stressed,-11.83,-19141,dir,33819.60,101.34,101.35,101.3506,-1.59,0.67,0.36,mixed,-1.24,calm,-0.82,0,mm,47.32,24.71,24.72,24.7863,-16.49,0.41,1.00,TREND,-1.75,stressed,-12.35,-4100,dir,-14248.32
163.299,136,164.1,19618.61,19618.61,23241,-23241,156.71,156.73,156.8202,-20.55,0.89,1.00,TREND,-1.74,stressed,-11.83,-19141,dir,33819.60,101.34,101.35,101.3504,-1.59,0.67,0.36,mixed,-1.24,calm,-0.82,0,mm,47.32,24.71,24.72,24.7847,-16.48,0.41,1.00,TREND,-1.75,stressed,-12.35,-4100,dir,-14248.32
163.367,136,164.1,19618.61,19618.61,23241,-23241,156.71,156.73,156.8171,-20.58,0.86,1.00,TREND,-1.76,stressed,-11.83,-19141,dir,33819.60,101.34,101.35,101.3503,-1.59,0.73,0.33,mixed,-1.57,normal,-0.82,0,mm,47.32,24.71,24.72,24.7825,-16.45,0.39,1.00,TREND,-1.74,stressed,-12.35,-4100,dir,-14248.32
163.571,136,165.0,19618.61,19618.61,23241,-23241,156.69,156.71,156.8063,-20.85,0.86,1.00,TREND,-1.76,stressed,-11.83,-19141,dir,33819.60,101.33,101.34,101.3489,-1.74,0.73,0.33,mixed,-1.57,normal,-0.82,0,mm,47.32,24.7,24.71,24.7754,-16.45,0.39,1.00,TREND,-1.74,stressed,-12.35,-4100,dir,-14248.32
163.589,136,165.0,19618.61,19618.61,23241,-23241,156.69,156.71,156.8054,-20.87,0.86,1.00,TREND,-1.76,stressed,-11.83,-19141,dir,33819.60,101.33,101.34,101.3488,-1.75,0.73,0.33,mixed,-1.57,normal,-0.82,0,mm,47.32,24.7,24.71,24.7748,-16.44,0.39,1.00,TREND,-1.74,stressed,-12.35,-4100,dir,-14248.32
163.628,136,165.0,19618.61,19618.61,23241,-23241,156.69,156.71,156.8035,-20.89,0.86,1.00,TREND,-1.77,stressed,-11.83,-19141,dir,33819.60,101.33,101.34,101.3485,-1.77,0.73,0.38,mixed,-1.88,normal,-0.82,0,mm,47.32,24.7,24.71,24.7735,-16.43,0.39,1.00,TREND,-1.73,stressed,-12.35,-4100,dir,-14248.32
164.094,136,165.0,19618.61,19618.61,23241,-23241,156.67,156.69,156.7793,-21.35,0.88,1.00,TREND,-1.79,stressed,-11.83,-19141,dir,35159.47,101.33,101.34,101.3459,-1.94,0.72,0.27,mixed,-1.81,normal,-0.82,0,mm,47.32,24.7,24.71,24.7600,-16.02,0.46,1.00,TREND,-1.68,stressed,-12.35,-4100,dir,-14125.32
164.164,137,163.5,21081.48,21081.48,23241,-23241,156.66,156.67,156.7755,-21.42,0.88,1.00,TREND,-1.79,stressed,-10.82,-19141,dir,35159.47,101.33,101.34,101.3455,-1.95,0.72,0.27,mixed,-1.81,normal,-1.22,0,mm,47.32,24.69,24.7,24.7579,-15.98,0.46,1.00,TREND,-1.68,stressed,-13.13,-4100,dir,-14125.32
164.305,137,163.5,21081.48,21081.48,23241,-23241,156.66,156.67,156.7684,-21.49,0.88,1.00,TREND,-1.79,stressed,-10.82,-19141,dir,35159.47,101.33,101.35,101.3451,-1.91,0.72,0.27,mixed,-1.81,normal,-1.22,0,mm,47.32,24.68,24.69,24.7532,-15.98,0.46,1.00,TREND,-1.68,stressed,-13.13,-4100,dir,-14125.32
164.333,137,163.5,21081.48,21081.48,23241,-23241,156.66,156.67,156.7671,-21.50,0.88,1.00,TREND,-1.79,stressed,-10.82,-19141,dir,35159.47,101.33,101.35,101.3451,-1.90,0.72,0.27,mixed,-1.81,normal,-1.22,0,mm,47.32,24.68,24.69,24.7523,-15.97,0.46,1.00,TREND,-1.68,stressed,-13.13,-4100,dir,-14125.32
164.357,137,163.5,21081.48,21081.48,23241,-23241,156.66,156.67,156.7659,-21.50,0.88,1.00,TREND,-1.79,stressed,-10.82,-19141,dir,35159.47,101.33,101.35,101.3450,-1.90,0.72,0.22,chop,-1.57,normal,-1.22,0,mm,47.32,24.68,24.69,24.7516,-15.97,0.46,1.00,TREND,-1.72,stressed,-13.13,-4100,dir,-14125.32
164.397,137,163.5,21081.48,21081.48,23241,-23241,156.66,156.67,156.7640,-21.50,0.88,1.00,TREND,-1.79,stressed,-10.82,-19141,dir,35159.47,101.33,101.35,101.3449,-1.89,0.72,0.22,chop,-1.57,normal,-1.22,0,mm,47.32,24.68,24.69,24.7503,-15.95,0.46,1.00,TREND,-1.72,stressed,-13.13,-4100,dir,-14125.32
164.610,137,163.5,21081.48,21081.48,23241,-23241,156.65,156.66,156.7543,-21.55,0.83,1.00,TREND,-1.79,stressed,-10.82,-19141,dir,35159.47,101.34,101.35,101.3449,-1.76,0.77,0.22,chop,-1.57,normal,-1.22,0,mm,47.32,24.67,24.68,24.7436,-15.97,0.50,1.00,TREND,-1.72,stressed,-13.13,-4100,dir,-14125.32
164.820,138,162.1,21778.71,21778.71,23241,-23241,156.65,156.66,156.7444,-21.43,0.83,1.00,TREND,-1.78,stressed,-9.55,-19141,dir,35733.70,101.33,101.34,101.3439,-1.80,0.77,0.25,mixed,-1.68,calm,-1.22,0,mm,47.32,24.67,24.68,24.7368,-15.87,0.50,1.00,TREND,-1.71,stressed,-12.35,-4100,dir,-14002.32
164.858,138,162.1,21778.71,21778.71,23241,-23241,156.65,156.66,156.7428,-21.40,0.83,1.00,TREND,-1.78,stressed,-9.55,-19141,dir,35733.70,101.33,101.34,101.3438,-1.80,0.77,0.25,mixed,-1.68,calm,-1.22,0,mm,47.32,24.66,24.67,24.7355,-15.88,0.50,1.00,TREND,-1.71,stressed,-12.35,-4100,dir,-14002.32
164.895,138,162.1,21778.71,21778.71,23241,-23241,156.65,156.66,156.7412,-21.36,0.83,1.00,TREND,-1.78,stressed,-9.55,-19141,dir,35733.70,101.33,101.34,101.3436,-1.81,0.77,0.25,mixed,-1.68,calm,-1.22,0,mm,47.32,24.66,24.67,24.7342,-15.88,0.50,1.00,TREND,-1.71,stressed,-12.35,-4100,dir,-14002.32
165.042,138,162.1,21778.71,21778.71,23241,-23241,156.65,156.66,156.7355,-21.18,0.83,1.00,TREND,-1.78,stressed,-9.55,-19141,dir,35733.70,101.33,101.34,101.3431,-1.82,0.77,0.25,mixed,-1.68,calm,-1.22,0,mm,47.32,24.66,24.67,24.7296,-15.84,0.50,1.00,TREND,-1.71,stressed,-12.35,-4100,dir,-14002.32
165.088,138,162.1,21778.71,21778.71,23241,-23241,156.64,156.65,156.7336,-21.15,0.83,1.00,TREND,-1.76,stressed,-9.55,-19141,dir,35733.70,101.33,101.34,101.3429,-1.82,0.77,0.18,chop,-1.62,normal,-1.22,0,mm,47.32,24.65,24.66,24.7280,-15.85,0.50,1.00,TREND,-1.75,stressed,-12.35,-4100,dir,-14002.32
165.121,138,162.1,21778.71,21778.71,23241,-23241,156.64,156.65,156.7322,-21.12,0.93,1.00,TREND,-1.76,stressed,-9.55,-19141,dir,35733.70,101.33,101.34,101.3428,-1.82,0.77,0.18,chop,-1.62,normal,-1.22,0,mm,47.32,24.65,24.66,24.7269,-15.86,0.47,1.00,TREND,-1.75,stressed,-12.35,-4100,dir,-14002.32
165.182,138,162.5,21778.71,21778.71,23241,-23241,156.64,156.65,156.7297,-21.07,0.93,1.00,TREND,-1.76,stressed,-9.55,-19141,dir,35733.70,101.33,101.34,101.3425,-1.82,0.77,0.18,chop,-1.62,normal,-1.22,0,mm,47.32,24.65,24.66,24.7248,-15.86,0.47,1.00,TREND,-1.75,stressed,-12.35,-4100,dir,-14002.32
165.293,138,162.5,21778.71,21778.71,23241,-23241,156.63,156.64,156.7249,-21.03,0.93,1.00,TREND,-1.76,stressed,-9.55,-19141,dir,35733.70,101.33,101.34,101.3422,-1.81,0.77,0.18,chop,-1.62,normal,-1.22,0,mm,47.32,24.64,24.65,24.7208,-15.92,0.47,1.00,TREND,-1.75,stressed,-12.35,-4100,dir,-14002.32
165.321,138,162.5,21778.71,21778.71,23241,-23241,156.63,156.64,156.7237,-21.02,0.93,1.00,TREND,-1.76,stressed,-9.55,-19141,dir,35733.70,101.33,101.34,101.3421,-1.81,0.77,0.18,chop,-1.62,normal,-1.22,0,mm,47.32,24.64,24.65,24.7198,-15.93,0.47,1.00,TREND,-1.75,stressed,-12.35,-4100,dir,-14002.32
165.365,138,162.5,21778.71,21778.71,23241,-23241,156.63,156.64,156.7219,-20.99,0.93,1.00,TREND,-1.74,stressed,-9.55,-19141,dir,35733.70,101.33,101.34,101.3419,-1.81,0.77,0.10,chop,-1.58,calm,-1.22,0,mm,47.32,24.64,24.65,24.7183,-15.95,0.47,1.00,TREND,-1.74,stressed,-12.35,-4100,dir,-14002.32
165.392,138,162.5,21778.71,21778.71,23241,-23241,156.63,156.64,156.7208,-20.97,0.93,1.00,TREND,-1.74,stressed,-9.55,-19141,dir,35733.70,101.33,101.34,101.3418,-1.81,0.77,0.10,chop,-1.58,calm,-1.22,0,mm,47.32,24.64,24.65,24.7174,-15.95,0.47,1.00,TREND,-1.74,stressed,-12.35,-4100,dir,-14002.32
165.419,138,162.5,21778.71,21778.71,23241,-23241,156.63,156.64,156.7197,-20.95,0.93,1.00,TREND,-1.74,stressed,-9.55,-19141,dir,35733.70,101.33,101.34,101.3417,-1.80,0.77,0.10,chop,-1.58,calm,-1.22,0,mm,47.32,24.64,24.65,24.7164,-15.95,0.47,1.00,TREND,-1.74,stressed,-12.35,-4100,dir,-14002.32
165.456,138,162.5,21778.71,21778.71,23241,-23241,156.63,156.64,156.7183,-20.91,0.93,1.00,TREND,-1.74,stressed,-9.55,-19141,dir,35733.70,101.33,101.34,101.3416,-1.80,0.77,0.10,chop,-1.58,calm,-1.22,0,mm,47.32,24.64,24.65,24.7152,-15.95,0.47,1.00,TREND,-1.74,stressed,-12.35,-4100,dir,-14002.32
165.720,138,162.5,21778.71,21778.71,23241,-23241,156.63,156.64,156.7086,-20.58,0.99,1.00,TREND,-1.69,stressed,-9.55,-19141,dir,35733.70,101.33,101.34,101.3409,-1.77,0.71,0.10,chop,-1.52,calm,-1.22,0,mm,47.32,24.64,24.65,24.7070,-15.84,0.52,1.00,TREND,-1.69,stressed,-12.35,-4100,dir,-14002.32
165.916,139,161.2,22708.35,22708.35,23241,-23241,156.61,156.62,156.7003,-20.53,0.99,1.00,TREND,-1.69,stressed,-9.78,-19141,dir,36499.34,101.33,101.36,101.3412,-1.60,0.71,0.10,chop,-1.52,calm,-1.06,0,mm,47.32,24.63,24.64,24.7006,-15.81,0.52,1.00,TREND,-1.69,stressed,-13.13,-4100,dir,-13838.32
165.946,139,161.2,22708.35,22708.35,23241,-23241,156.61,156.62,156.6991,-20.51,0.99,1.00,TREND,-1.69,stressed,-9.78,-19141,dir,36499.34,101.33,101.36,101.3413,-1.57,0.71,0.10,chop,-1.52,calm,-1.06,0,mm,47.32,24.63,24.64,24.6997,-15.80,0.52,1.00,TREND,-1.69,stressed,-13.13,-4100,dir,-13838.32
166.458,139,161.2,22708.35,22708.35,23241,-23241,156.6,156.61,156.6789,-20.19,0.93,1.00,TREND,-1.75,stressed,-9.78,-19141,dir,36499.34,101.34,101.36,101.3431,-1.08,0.80,0.04,chop,-0.95,calm,-1.06,0,mm,47.32,24.62,24.63,24.6837,-15.64,0.48,1.00,TREND,-1.73,stressed,-13.13,-4100,dir,-13838.32
167.147,139,162.6,22708.35,22708.35,23241,-23241,156.58,156.59,156.6530,-19.72,0.89,1.00,TREND,-1.76,stressed,-9.78,-19141,dir,36499.34,101.33,101.34,101.3409,-1.28,0.85,0.08,chop,-1.45,calm,-1.06,0,mm,47.32,24.6,24.61,24.6620,-15.50,0.43,1.00,TREND,-1.76,stressed,-13.13,-4100,dir,-13838.32
167.431,140,160.8,23446.58,23446.58,23241,-23241,156.56,156.57,156.6420,-19.62,0.89,1.00,TREND,-1.78,stressed,-9.85,-19141,dir,37073.57,101.34,101.35,101.3414,-1.10,0.85,0.00,chop,-1.05,calm,-1.06,0,mm,47.32,24.58,24.59,24.6523,-15.57,0.43,1.00,TREND,-1.79,stressed,-12.86,-4100,dir,-13674.32
167.469,140,160.8,23446.58,23446.58,23241,-23241,156.55,156.56,156.6404,-19.63,0.89,1.00,TREND,-1.78,stressed,-9.85,-19141,dir,37073.57,101.33,101.34,101.3413,-1.11,0.85,0.00,chop,-1.05,calm,-1.06,0,mm,47.32,24.58,24.59,24.6512,-15.56,0.43,1.00,TREND,-1.79,stressed,-12.86,-4100,dir,-13674.32
167.502,140,160.8,23446.58,23446.58,23241,-23241,156.55,156.56,156.6391,-19.62,0.89,1.00,TREND,-1.78,stressed,-9.85,-19141,dir,37073.57,101.33,101.34,101.3412,-1.12,0.85,0.00,chop,-1.05,calm,-1.06,0,mm,47.32,24.58,24.59,24.6501,-15.55,0.43,1.00,TREND,-1.79,stressed,-12.86,-4100,dir,-13674.32
167.661,140,160.8,23446.58,23446.58,23241,-23241,156.53,156.55,156.6320,-19.74,0.98,1.00,TREND,-1.78,stressed,-9.85,-19141,dir,37073.57,101.33,101.37,101.3418,-0.97,0.92,0.00,chop,-1.05,calm,-1.06,0,mm,47.32,24.57,24.58,24.6448,-15.58,0.47,1.00,TREND,-1.79,stressed,-12.86,-4100,dir,-13674.32
167.715,141,159.0,24485.63,24485.63,23241,-23241,156.53,156.54,156.6295,-19.77,0.98,1.00,TREND,-1.82,stressed,-9.54,-19141,dir,38030.62,101.33,101.36,101.3419,-0.94,0.92,0.00,chop,-1.02,calm,-0.74,0,mm,47.32,24.57,24.58,24.6430,-15.58,0.47,1.00,TREND,-1.78,stressed,-11.24,-4100,dir,-13592.32
167.797,141,159.0,24485.63,24485.63,23241,-23241,156.53,156.54,156.6260,-19.81,0.98,1.00,TREND,-1.82,stressed,-9.54,-19141,dir,38030.62,101.33,101.36,101.3420,-0.91,0.92,0.00,chop,-1.02,calm,-0.74,0,mm,47.32,24.57,24.58,24.6404,-15.56,0.47,1.00,TREND,-1.78,stressed,-11.24,-4100,dir,-13592.32
167.837,141,159.0,24485.63,24485.63,23241,-23241,156.53,156.54,156.6243,-19.81,0.98,1.00,TREND,-1.82,stressed,-9.54,-19141,dir,38030.62,101.33,101.35,101.3420,-0.91,0.92,0.00,chop,-1.02,calm,-0.74,0,mm,47.32,24.56,24.57,24.6390,-15.58,0.47,1.00,TREND,-1.78,stressed,-11.24,-4100,dir,-13592.32
167.899,141,159.0,24485.63,24485.63,23241,-23241,156.53,156.54,156.6217,-19.81,0.98,1.00,TREND,-1.82,stressed,-9.54,-19141,dir,38030.62,101.33,101.35,101.3419,-0.91,0.92,0.00,chop,-1.02,calm,-0.74,0,mm,47.32,24.56,24.57,24.6369,-15.59,0.47,1.00,TREND,-1.78,stressed,-11.24,-4100,dir,-13592.32
167.929,141,159.0,24485.63,24485.63,23241,-23241,156.53,156.54,156.6205,-19.81,0.98,1.00,TREND,-1.82,stressed,-9.54,-19141,dir,38030.62,101.33,101.35,101.3419,-0.91,0.92,0.00,chop,-1.02,calm,-0.74,0,mm,47.32,24.56,24.57,24.6358,-15.59,0.47,1.00,TREND,-1.78,stressed,-11.24,-4100,dir,-13592.32
167.952,141,159.0,24485.63,24485.63,23241,-23241,156.53,156.54,156.6196,-19.80,0.98,1.00,TREND,-1.82,stressed,-9.54,-19141,dir,38030.62,101.33,101.35,101.3419,-0.91,0.92,0.00,chop,-1.02,calm,-0.74,0,mm,47.32,24.56,24.57,24.6351,-15.60,0.47,1.00,TREND,-1.78,stressed,-11.24,-4100,dir,-13592.32
167.980,141,159.0,24485.63,24485.63,23241,-23241,156.53,156.54,156.6184,-19.79,0.98,1.00,TREND,-1.76,stressed,-9.54,-19141,dir,38030.62,101.33,101.35,101.3419,-0.91,0.92,0.07,chop,-1.18,calm,-0.74,0,mm,47.32,24.56,24.57,24.6342,-15.59,0.47,1.00,TREND,-1.77,stressed,-11.24,-4100,dir,-13592.32
168.103,141,159.0,24485.63,24485.63,23241,-23241,156.52,156.53,156.6132,-19.82,0.98,1.00,TREND,-1.76,stressed,-9.54,-19141,dir,38030.62,101.33,101.35,101.3418,-0.91,0.92,0.07,chop,-1.18,calm,-0.74,0,mm,47.32,24.55,24.56,24.6297,-15.66,0.47,1.00,TREND,-1.77,stressed,-11.24,-4100,dir,-13592.32
168.143,141,159.0,24485.63,24485.63,23241,-23241,156.52,156.53,156.6115,-19.81,0.98,1.00,TREND,-1.76,stressed,-9.54,-19141,dir,38030.62,101.33,101.35,101.3417,-0.91,0.92,0.07,chop,-1.18,calm,-0.74,0,mm,47.32,24.55,24.56,24.6283,-15.67,0.47,1.00,TREND,-1.77,stressed,-11.24,-4100,dir,-13592.32
168.176,141,159.0,24485.63,24485.63,23241,-23241,156.52,156.53,156.6102,-19.81,0.99,1.00,TREND,-1.76,stressed,-9.54,-19141,dir,38030.62,101.33,101.35,101.3417,-0.90,0.91,0.07,chop,-1.18,calm,-0.74,0,mm,47.32,24.55,24.56,24.6272,-15.68,0.44,1.00,TREND,-1.77,stressed,-11.24,-4100,dir,-13592.32
168.199,141,159.5,24485.63,24485.63,23241,-23241,156.52,156.53,156.6093,-19.80,0.99,1.00,TREND,-1.76,stressed,-9.54,-19141,dir,38030.62,101.33,101.35,101.3417,-0.90,0.91,0.07,chop,-1.18,calm,-0.74,0,mm,47.32,24.55,24.56,24.6264,-15.68,0.44,1.00,TREND,-1.77,stressed,-11.24,-4100,dir,-13592.32
168.307,141,159.5,24485.63,24485.63,23241,-23241,156.52,156.53,156.6051,-19.75,0.99,1.00,TREND,-1.74,stressed,-9.54,-19141,dir,38030.62,101.33,101.35,101.3416,-0.90,0.91,0.15,chop,-1.15,calm,-0.74,0,mm,47.32,24.55,24.56,24.6229,-15.67,0.44,1.00,TREND,-1.76,stressed,-11.24,-4100,dir,-13592.32
168.379,141,159.5,24485.63,24485.63,23241,-23241,156.51,156.52,156.6021,-19.75,0.99,1.00,TREND,-1.74,stressed,-9.54,-19141,dir,38030.62,101.33,101.35,101.3415,-0.89,0.91,0.15,chop,-1.15,calm,-0.74,0,mm,47.32,24.54,24.55,24.6203,-15.70,0.44,1.00,TREND,-1.76,stressed,-11.24,-4100,dir,-13592.32
168.432,141,159.5,24485.63,24485.63,23241,-23241,156.51,156.52,156.6000,-19.74,0.99,1.00,TREND,-1.74,stressed,-9.54,-19141,dir,38030.62,101.33,101.35,101.3415,-0.89,0.91,0.15,chop,-1.15,calm,-0.74,0,mm,47.32,24.54,24.55,24.6185,-15.71,0.44,1.00,TREND,-1.76,stressed,-11.24,-4100,dir,-13592.32
168.459,141,159.5,24485.63,24485.63,23241,-23241,156.51,156.52,156.5989,-19.73,0.99,1.00,TREND,-1.74,stressed,-9.54,-19141,dir,38030.62,101.33,101.35,101.3415,-0.89,0.91,0.15,chop,-1.15,calm,-0.74,0,mm,47.32,24.54,24.55,24.6175,-15.72,0.44,1.00,TREND,-1.76,stressed,-11.24,-4100,dir,-13592.32
168.502,141,159.5,24485.63,24485.63,23241,-23241,156.51,156.52,156.5972,-19.72,0.99,1.00,TREND,-1.74,stressed,-9.54,-19141,dir,38030.62,101.33,101.35,101.3415,-0.88,0.91,0.15,chop,-1.15,calm,-0.74,0,mm,47.32,24.54,24.55,24.6161,-15.72,0.44,1.00,TREND,-1.76,stressed,-11.24,-4100,dir,-13592.32
168.607,141,159.5,24485.63,24485.63,23241,-23241,156.5,156.51,156.5927,-19.73,0.99,1.00,TREND,-1.76,stressed,-9.54,-19141,dir,38030.62,101.33,101.34,101.3411,-0.92,0.91,0.08,chop,-1.32,calm,-0.74,0,mm,47.32,24.53,24.54,24.6121,-15.79,0.44,1.00,TREND,-1.79,stressed,-11.24,-4100,dir,-13592.32
168.720,141,159.5,24485.63,24485.63,23241,-23241,156.5,156.51,156.5882,-19.71,0.95,1.00,TREND,-1.76,stressed,-9.54,-19141,dir,38030.62,101.33,101.34,101.3408,-0.95,0.85,0.08,chop,-1.32,calm,-0.74,0,mm,47.32,24.53,24.54,24.6082,-15.82,0.41,1.00,TREND,-1.79,stressed,-11.24,-4100,dir,-13592.32
168.769,142,158.0,25223.86,25223.86,23241,-23241,156.5,156.51,156.5863,-19.69,0.95,1.00,TREND,-1.76,stressed,-9.54,-19141,dir,38604.85,101.33,101.34,101.3407,-0.96,0.85,0.08,chop,-1.32,calm,-0.96,0,mm,47.32,24.53,24.54,24.6065,-15.82,0.41,1.00,TREND,-1.79,stressed,-11.24,-4100,dir,-13428.32
168.944,142,158.0,25223.86,25223.86,23241,-23241,156.49,156.5,156.5791,-19.68,0.95,1.00,TREND,-1.74,stressed,-9.54,-19141,dir,38604.85,101.33,101.36,101.3410,-0.86,0.85,0.00,chop,-0.89,calm,-0.96,0,mm,47.32,24.52,24.53,24.6000,-15.90,0.41,1.00,TREND,-1.78,stressed,-11.24,-4100,dir,-13428.32
168.960,142,158.0,25223.86,25223.86,23241,-23241,156.49,156.5,156.5784,-19.67,0.95,1.00,TREND,-1.74,stressed,-9.54,-19141,dir,38604.85,101.33,101.36,101.3411,-0.85,0.85,0.00,chop,-0.89,calm,-0.96,0,mm,47.32,24.52,24.53,24.5994,-15.90,0.41,1.00,TREND,-1.78,stressed,-11.24,-4100,dir,-13428.32
169.001,142,158.0,25223.86,25223.86,23241,-23241,156.49,156.5,156.5769,-19.66,0.95,1.00,TREND,-1.74,stressed,-9.54,-19141,dir,38604.85,101.33,101.36,101.3411,-0.83,0.85,0.00,chop,-0.89,calm,-0.96,0,mm,47.32,24.52,24.53,24.5981,-15.90,0.41,1.00,TREND,-1.78,stressed,-11.24,-4100,dir,-13428.32
169.196,142,158.0,25223.86,25223.86,23241,-23241,156.47,156.49,156.5684,-19.73,0.95,1.00,TREND,-1.73,stressed,-9.54,-19141,dir,38604.85,101.33,101.36,101.3415,-0.74,0.85,0.00,chop,-0.86,calm,-0.96,0,mm,47.32,24.51,24.52,24.5908,-16.00,0.41,1.00,TREND,-1.76,stressed,-11.24,-4100,dir,-13428.32
169.216,142,158.0,25223.86,25223.86,23241,-23241,156.47,156.49,156.5675,-19.72,0.95,1.00,TREND,-1.73,stressed,-9.54,-19141,dir,38604.85,101.33,101.36,101.3415,-0.73,0.85,0.00,chop,-0.86,calm,-0.96,0,mm,47.32,24.51,24.52,24.5900,-16.00,0.41,1.00,TREND,-1.76,stressed,-11.24,-4100,dir,-13428.32
169.259,142,158.6,25223.86,25223.86,23241,-23241,156.47,156.49,156.5658,-19.72,0.86,1.00,TREND,-1.73,stressed,-9.54,-19141,dir,38604.85,101.33,101.36,101.3416,-0.71,0.87,0.00,chop,-0.86,calm,-0.96,0,mm,47.32,24.51,24.52,24.5885,-16.01,0.38,1.00,TREND,-1.76,stressed,-11.24,-4100,dir,-13428.32
169.407,142,158.6,25223.86,25223.86,23241,-23241,156.46,156.48,156.5594,-19.76,0.86,1.00,TREND,-1.73,stressed,-9.54,-19141,dir,38604.85,101.34,101.35,101.3418,-0.66,0.87,0.00,chop,-0.86,calm,-0.96,0,mm,47.32,24.5,24.51,24.5830,-16.09,0.38,1.00,TREND,-1.76,stressed,-11.24,-4100,dir,-13428.32
169.438,142,158.6,25223.86,25223.86,23241,-23241,156.46,156.48,156.5580,-19.76,0.86,1.00,TREND,-1.73,stressed,-9.54,-19141,dir,38604.85,101.34,101.35,101.3419,-0.65,0.87,0.00,chop,-0.86,calm,-0.96,0,mm,47.32,24.5,24.51,24.5818,-16.10,0.38,1.00,TREND,-1.76,stressed,-11.24,-4100,dir,-13428.32
169.479,142,158.6,25223.86,25223.86,23241,-23241,156.46,156.48,156.5564,-19.76,0.86,1.00,TREND,-1.71,stressed,-9.54,-19141,dir,38604.85,101.34,101.35,101.3419,-0.63,0.87,0.08,chop,-0.83,calm,-0.96,0,mm,47.32,24.5,24.51,24.5803,-16.10,0.38,1.00,TREND,-1.75,stressed,-11.24,-4100,dir,-13428.32
169.500,142,158.6,25223.86,25223.86,23241,-23241,156.46,156.48,156.5555,-19.75,0.86,1.00,TREND,-1.71,stressed,-9.54,-19141,dir,38604.85,101.34,101.35,101.3419,-0.63,0.87,0.08,chop,-0.83,calm,-0.96,0,mm,47.32,24.5,24.51,24.5796,-16.10,0.38,1.00,TREND,-1.75,stressed,-11.24,-4100,dir,-13428.32
169.518,142,158.6,25223.86,25223.86,23241,-23241,156.46,156.48,156.5548,-19.75,0.86,1.00,TREND,-1.71,stressed,-9.54,-19141,dir,38604.85,101.34,101.35,101.3420,-0.62,0.87,0.08,chop,-0.83,calm,-0.96,0,mm,47.32,24.5,24.51,24.5790,-16.10,0.38,1.00,TREND,-1.75,stressed,-11.24,-4100,dir,-13428.32
169.617,142,158.6,25223.86,25223.86,23241,-23241,156.46,156.47,156.5507,-19.74,0.86,1.00,TREND,-1.71,stressed,-9.54,-19141,dir,38604.85,101.33,101.34,101.3417,-0.67,0.87,0.08,chop,-0.83,calm,-0.96,0,mm,47.32,24.49,24.5,24.5751,-16.16,0.38,1.00,TREND,-1.75,stressed,-11.24,-4100,dir,-13428.32
169.646,142,158.6,25223.86,25223.86,23241,-23241,156.46,156.47,156.5495,-19.73,0.86,1.00,TREND,-1.71,stressed,-9.54,-19141,dir,38604.85,101.33,101.34,101.3416,-0.68,0.87,0.08,chop,-0.83,calm,-0.96,0,mm,47.32,24.49,24.5,24.5740,-16.18,0.38,1.00,TREND,-1.75,stressed,-11.24,-4100,dir,-13428.32
169.677,142,158.6,25223.86,25223.86,23241,-23241,156.46,156.47,156.5483,-19.72,0.86,1.00,TREND,-1.71,stressed,-9.54,-19141,dir,38604.85,101.33,101.34,101.3415,-0.69,0.87,0.08,chop,-0.83,calm,-0.96,0,mm,47.32,24.49,24.5,24.5729,-16.19,0.38,1.00,TREND,-1.75,stressed,-11.24,-4100,dir,-13428.32
169.721,142,158.6,25223.86,25223.86,23241,-23241,156.45,156.46,156.5464,-19.73,0.86,1.00,TREND,-1.71,stressed,-9.54,-19141,dir,39561.90,101.33,101.34,101.3413,-0.71,0.87,0.08,chop,-0.83,calm,-0.96,0,mm,47.32,24.49,24.5,24.5713,-16.19,0.38,1.00,TREND,-1.75,stressed,-11.24,-4100,dir,-13264.32
169.747,142,158.6,25223.86,25223.86,23241,-23241,156.45,156.46,156.5454,-19.73,0.86,1.00,TREND,-1.71,stressed,-9.54,-19141,dir,39561.90,101.33,101.34,101.3413,-0.72,0.87,0.24,chop,-1.22,calm,-0.96,0,mm,47.32,24.49,24.5,24.5704,-16.19,0.38,1.00,TREND,-1.74,stressed,-11.24,-4100,dir,-13264.32
169.877,143,157.1,26344.91,26344.91,23241,-23241,156.45,156.46,156.5399,-19.72,0.78,1.00,TREND,-1.71,stressed,-9.54,-19141,dir,39561.90,101.34,101.36,101.3418,-0.61,0.84,0.24,chop,-1.22,calm,-0.65,0,mm,47.32,24.49,24.5,24.5659,-16.18,0.35,1.00,TREND,-1.74,stressed,-11.38,-4100,dir,-13264.32
169.939,143,157.1,26344.91,26344.91,23241,-23241,156.45,156.46,156.5375,-19.69,0.78,1.00,TREND,-1.71,stressed,-9.54,-19141,dir,39561.90,101.34,101.36,101.3420,-0.57,0.84,0.24,chop,-1.22,calm,-0.65,0,mm,47.32,24.49,24.5,24.5638,-16.15,0.35,1.00,TREND,-1.74,stressed,-11.38,-4100,dir,-13264.32
170.182,143,157.1,26344.91,26344.91,23241,-23241,156.45,156.46,156.5286,-19.49,0.78,1.00,TREND,-1.66,stressed,-9.54,-19141,dir,39561.90,101.34,101.36,101.3429,-0.41,0.84,0.05,chop,-0.58,calm,-0.65,0,mm,47.32,24.49,24.5,24.5564,-15.98,0.35,1.00,TREND,-1.69,stressed,-11.38,-4100,dir,-13264.32
170.692,143,157.1,26344.91,26344.91,23241,-23241,156.44,156.45,156.5107,-19.01,0.84,1.00,TREND,-1.64,stressed,-9.54,-19141,dir,39561.90,101.36,101.41,101.3519,0.90,1.07,0.38,mixed,0.91,calm,-0.65,0,mm,47.32,24.48,24.49,24.5411,-15.62,0.41,1.00,TREND,-1.68,stressed,-11.38,-4100,dir,-13264.32
171.290,144,156.6,27042.14,27042.14,23241,-23241,156.42,156.43,156.4897,-18.62,0.79,1.00,TREND,-1.66,stressed,-9.54,-19141,dir,40136.13,101.43,101.44,101.3722,3.42,1.38,0.54,TREND,2.89,normal,0.31,0,mm,47.32,24.46,24.47,24.5225,-15.45,0.37,1.00,TREND,-1.71,stressed,-11.45,-4100,dir,-13141.32
171.471,144,156.8,27042.14,27042.14,23241,-23241,156.39,156.41,156.4823,-18.68,0.79,1.00,TREND,-1.66,stressed,-9.54,-19141,dir,40136.13,101.45,101.46,101.3791,4.14,1.38,0.54,TREND,2.89,normal,0.31,0,mm,47.32,24.44,24.45,24.5161,-15.52,0.37,1.00,TREND,-1.71,stressed,-11.45,-4100,dir,-13141.32
171.554,144,156.8,27042.14,27042.14,23241,-23241,156.38,156.39,156.4786,-18.77,0.79,1.00,TREND,-1.75,stressed,-9.54,-19141,dir,40136.13,101.46,101.47,101.3823,4.47,1.38,0.65,TREND,3.64,stressed,0.31,0,mm,47.32,24.43,24.44,24.5130,-15.59,0.37,1.00,TREND,-1.79,stressed,-11.45,-4100,dir,-13141.32
171.652,144,156.8,27042.14,27042.14,23241,-23241,156.37,156.38,156.4739,-18.92,0.79,1.00,TREND,-1.75,stressed,-9.54,-19141,dir,40136.13,101.47,101.48,101.3865,4.90,1.38,0.65,TREND,3.64,stressed,0.31,0,mm,47.32,24.43,24.44,24.5095,-15.64,0.37,1.00,TREND,-1.79,stressed,-11.45,-4100,dir,-13141.32
171.690,144,156.8,27042.14,27042.14,23241,-23241,156.37,156.38,156.4722,-18.96,0.79,1.00,TREND,-1.75,stressed,-9.54,-19141,dir,40136.13,101.47,101.48,101.3881,5.05,1.38,0.65,TREND,3.64,stressed,0.31,0,mm,47.32,24.43,24.44,24.5082,-15.65,0.37,1.00,TREND,-1.79,stressed,-11.45,-4100,dir,-13141.32
171.722,144,156.8,27042.14,27042.14,23241,-23241,156.37,156.38,156.4707,-18.99,0.79,1.00,TREND,-1.75,stressed,-9.54,-19141,dir,41093.18,101.47,101.48,101.3894,5.17,1.38,0.65,TREND,3.64,stressed,0.31,0,mm,47.32,24.42,24.43,24.5069,-15.68,0.37,1.00,TREND,-1.79,stressed,-11.45,-4100,dir,-12977.32
171.742,144,156.8,27042.14,27042.14,23241,-23241,156.37,156.38,156.4698,-19.01,0.79,1.00,TREND,-1.75,stressed,-9.54,-19141,dir,41093.18,101.47,101.48,101.3902,5.24,1.38,0.65,TREND,3.64,stressed,0.31,0,mm,47.32,24.42,24.43,24.5062,-15.70,0.37,1.00,TREND,-1.79,stressed,-11.45,-4100,dir,-12977.32
171.809,144,156.8,27042.14,27042.14,23241,-23241,156.37,156.38,156.4669,-19.06,0.95,1.00,TREND,-1.73,stressed,-9.54,-19141,dir,41093.18,101.47,101.48,101.3928,5.47,1.53,0.67,TREND,3.57,stressed,0.31,0,mm,47.32,24.42,24.43,24.5037,-15.74,0.52,1.00,TREND,-1.77,stressed,-11.45,-4100,dir,-12977.32
171.936,145,155.2,28163.19,28163.19,23241,-23241,156.36,156.37,156.4610,-19.19,0.95,1.00,TREND,-1.73,stressed,-9.83,-19141,dir,41093.18,101.48,101.49,101.3982,5.94,1.53,0.67,TREND,3.57,stressed,0.83,0,mm,47.32,24.42,24.43,24.4991,-15.79,0.52,1.00,TREND,-1.77,stressed,-13.13,-4100,dir,-12977.32
171.967,145,155.2,28163.19,28163.19,23241,-23241,156.36,156.37,156.4596,-19.21,0.95,1.00,TREND,-1.73,stressed,-9.83,-19141,dir,41093.18,101.48,101.49,101.3994,6.05,1.53,0.67,TREND,3.57,stressed,0.83,0,mm,47.32,24.42,24.43,24.4980,-15.80,0.52,1.00,TREND,-1.77,stressed,-13.13,-4100,dir,-12977.32
171.992,145,155.2,28163.19,28163.19,23241,-23241,156.36,156.37,156.4585,-19.23,0.95,1.00,TREND,-1.73,stressed,-9.83,-19141,dir,41093.18,101.48,101.49,101.4004,6.13,1.53,0.67,TREND,3.57,stressed,0.83,0,mm,47.32,24.42,24.43,24.4971,-15.80,0.52,1.00,TREND,-1.77,stressed,-13.13,-4100,dir,-12977.32
172.077,145,155.2,28163.19,28163.19,23241,-23241,156.36,156.37,156.4549,-19.26,0.95,1.00,TREND,-1.71,stressed,-9.83,-19141,dir,41093.18,101.48,101.49,101.4037,6.37,1.53,0.68,TREND,3.49,stressed,0.83,0,mm,47.32,24.42,24.43,24.4944,-15.79,0.52,1.00,TREND,-1.71,stressed,-13.13,-4100,dir,-12977.32
172.291,145,155.2,28163.19,28163.19,23241,-23241,156.36,156.37,156.4463,-19.23,0.95,1.00,TREND,-1.71,stressed,-9.83,-19141,dir,41093.18,101.49,101.5,101.4124,7.01,1.53,0.68,TREND,3.49,stressed,0.83,0,mm,47.32,24.41,24.42,24.4868,-15.85,0.52,1.00,TREND,-1.71,stressed,-13.13,-4100,dir,-12977.32
172.462,145,155.2,28163.19,28163.19,23241,-23241,156.34,156.35,156.4384,-19.36,0.89,1.00,TREND,-1.72,stressed,-9.83,-19141,dir,41093.18,101.49,101.5,101.4189,7.39,1.45,0.70,TREND,3.40,stressed,0.83,0,mm,47.32,24.41,24.42,24.4812,-15.80,0.57,1.00,TREND,-1.70,stressed,-13.13,-4100,dir,-12977.32
172.483,145,155.8,28163.19,28163.19,23241,-23241,156.34,156.35,156.4374,-19.37,0.89,1.00,TREND,-1.72,stressed,-9.83,-19141,dir,41093.18,101.5,101.51,101.4197,7.45,1.45,0.70,TREND,3.40,stressed,0.83,0,mm,47.32,24.41,24.42,24.4805,-15.79,0.57,1.00,TREND,-1.70,stressed,-13.13,-4100,dir,-12977.32
172.539,145,155.8,28163.19,28163.19,23241,-23241,156.34,156.35,156.4350,-19.39,0.89,1.00,TREND,-1.72,stressed,-9.83,-19141,dir,41093.18,101.5,101.51,101.4219,7.59,1.45,0.70,TREND,3.40,stressed,0.83,0,mm,47.32,24.41,24.42,24.4788,-15.76,0.57,1.00,TREND,-1.70,stressed,-13.13,-4100,dir,-12977.32
172.589,145,155.8,28163.19,28163.19,23241,-23241,156.34,156.35,156.4330,-19.39,0.89,1.00,TREND,-1.72,stressed,-9.83,-19141,dir,41093.18,101.5,101.51,101.4239,7.70,1.45,0.70,TREND,3.40,stressed,0.83,0,mm,47.32,24.41,24.42,24.4773,-15.72,0.57,1.00,TREND,-1.70,stressed,-13.13,-4100,dir,-12977.32
172.777,145,155.8,28163.19,28163.19,23241,-23241,156.33,156.34,156.4247,-19.47,0.89,1.00,TREND,-1.71,stressed,-9.83,-19141,dir,41093.18,101.51,101.52,101.4315,8.18,1.45,0.72,TREND,3.50,stressed,0.83,0,mm,47.32,24.4,24.41,24.4713,-15.69,0.57,1.00,TREND,-1.69,stressed,-13.13,-4100,dir,-12977.32
172.896,145,155.8,28163.19,28163.19,23241,-23241,156.33,156.34,156.4198,-19.45,0.89,1.00,TREND,-1.71,stressed,-9.83,-19141,dir,41858.82,101.51,101.52,101.4361,8.42,1.45,0.72,TREND,3.50,stressed,0.83,0,mm,47.32,24.4,24.41,24.4676,-15.63,0.57,1.00,TREND,-1.69,stressed,-13.13,-4100,dir,-12895.32
173.033,145,155.8,28163.19,28163.19,23241,-23241,156.33,156.34,156.4145,-19.38,0.95,1.00,TREND,-1.66,stressed,-9.83,-19141,dir,41858.82,101.52,101.53,101.4416,8.72,1.47,0.71,TREND,3.34,stressed,0.83,0,mm,47.32,24.39,24.4,24.4631,-15.62,0.52,1.00,TREND,-1.68,stressed,-13.13,-4100,dir,-12895.32
173.099,146,154.4,29010.83,29010.83,23241,-23241,156.33,156.34,156.4121,-19.32,0.95,1.00,TREND,-1.66,stressed,-10.06,-19141,dir,41858.82,101.52,101.53,101.4442,8.84,1.47,0.71,TREND,3.34,stressed,1.04,0,mm,47.32,24.39,24.4,24.4610,-15.61,0.52,1.00,TREND,-1.68,stressed,-12.95,-4100,dir,-12895.32
173.340,146,154.4,29010.83,29010.83,23241,-23241,156.31,156.33,156.4022,-19.31,0.95,1.00,TREND,-1.66,stressed,-10.06,-19141,dir,41858.82,101.53,101.54,101.4539,9.34,1.47,0.73,TREND,3.21,stressed,1.04,0,mm,47.32,24.38,24.39,24.4529,-15.63,0.52,1.00,TREND,-1.67,stressed,-12.95,-4100,dir,-12895.32
173.368,146,154.4,29010.83,29010.83,23241,-23241,156.31,156.33,156.4012,-19.29,0.95,1.00,TREND,-1.66,stressed,-10.06,-19141,dir,41858.82,101.53,101.54,101.4550,9.38,1.47,0.73,TREND,3.21,stressed,1.04,0,mm,47.32,24.38,24.39,24.4520,-15.62,0.52,1.00,TREND,-1.67,stressed,-12.95,-4100,dir,-12895.32
173.538,146,154.4,29010.83,29010.83,23241,-23241,156.3,156.31,156.3937,-19.36,0.90,1.00,TREND,-1.66,stressed,-10.06,-19141,dir,41858.82,101.54,101.55,101.4619,9.71,1.37,0.73,TREND,3.21,stressed,1.04,0,mm,47.32,24.38,24.39,24.4468,-15.54,0.56,1.00,TREND,-1.67,stressed,-12.95,-4100,dir,-12895.32
173.619,146,154.9,29010.83,29010.83,23241,-23241,156.3,156.31,156.3904,-19.35,0.90,1.00,TREND,-1.66,stressed,-10.06,-19141,dir,41858.82,101.54,101.55,101.4650,9.83,1.37,0.84,TREND,3.09,stressed,1.04,0,mm,47.32,24.38,24.39,24.4445,-15.48,0.56,1.00,TREND,-1.62,stressed,-12.95,-4100,dir,-12895.32
173.841,146,154.9,29010.83,29010.83,23241,-23241,156.29,156.3,156.3809,-19.39,0.90,1.00,TREND,-1.66,stressed,-10.06,-19141,dir,41858.82,101.55,101.56,101.4740,10.22,1.37,0.84,TREND,3.09,stressed,1.04,0,mm,47.32,24.37,24.38,24.4376,-15.42,0.56,1.00,TREND,-1.62,stressed,-12.95,-4100,dir,-12895.32
173.924,146,154.9,29010.83,29010.83,23241,-23241,156.29,156.3,156.3777,-19.37,0.90,1.00,TREND,-1.64,stressed,-10.06,-19141,dir,42624.46,101.56,101.57,101.4774,10.38,1.37,0.85,TREND,3.13,stressed,1.04,0,mm,47.32,24.37,24.38,24.4352,-15.37,0.56,1.00,TREND,-1.61,stressed,-12.95,-4100,dir,-12772.32
173.956,146,154.9,29010.83,29010.83,23241,-23241,156.29,156.3,156.3765,-19.35,0.90,1.00,TREND,-1.64,stressed,-10.06,-19141,dir,42624.46,101.56,101.57,101.4787,10.44,1.37,0.85,TREND,3.13,stressed,1.04,0,mm,47.32,24.37,24.38,24.4343,-15.34,0.56,1.00,TREND,-1.61,stressed,-12.95,-4100,dir,-12772.32
174.021,146,154.9,29010.83,29010.83,23241,-23241,156.29,156.3,156.3740,-19.31,0.90,1.00,TREND,-1.64,stressed,-10.06,-19141,dir,42624.46,101.56,101.57,101.4813,10.54,1.37,0.85,TREND,3.13,stressed,1.04,0,mm,47.32,24.37,24.38,24.4325,-15.29,0.56,1.00,TREND,-1.61,stressed,-12.95,-4100,dir,-12772.32
174.043,146,154.9,29010.83,29010.83,23241,-23241,156.29,156.3,156.3732,-19.29,0.95,1.00,TREND,-1.64,stressed,-10.06,-19141,dir,42624.46,101.56,101.57,101.4822,10.57,1.29,0.85,TREND,3.13,stressed,1.04,0,mm,47.32,24.37,24.38,24.4319,-15.27,0.59,1.00,TREND,-1.61,stressed,-12.95,-4100,dir,-12772.32
174.119,147,153.4,29899.47,29899.47,23241,-23241,156.29,156.3,156.3704,-19.23,0.95,1.00,TREND,-1.64,stressed,-10.06,-19141,dir,42624.46,101.56,101.57,101.4851,10.66,1.29,0.85,TREND,3.13,stressed,1.41,0,mm,47.32,24.37,24.38,24.4300,-15.20,0.59,1.00,TREND,-1.61,stressed,-12.22,-4100,dir,-12772.32
174.451,147,153.4,29899.47,29899.47,23241,-23241,156.28,156.29,156.3580,-19.03,0.95,1.00,TREND,-1.62,stressed,-10.06,-19141,dir,42624.46,101.57,101.58,101.4981,11.10,1.29,0.85,TREND,2.98,stressed,1.41,0,mm,47.32,24.36,24.37,24.4205,-15.01,0.59,1.00,TREND,-1.61,stressed,-12.22,-4100,dir,-12772.32
174.625,147,153.4,29899.47,29899.47,23241,-23241,156.27,156.28,156.3515,-18.95,0.89,1.00,TREND,-1.62,stressed,-10.06,-19141,dir,42624.46,101.58,101.59,101.5049,11.33,1.20,0.85,TREND,2.98,stressed,1.41,0,mm,47.32,24.35,24.36,24.4154,-14.97,0.55,1.00,TREND,-1.61,stressed,-12.22,-4100,dir,-12772.32
174.879,147,154.2,29899.47,29899.47,23241,-23241,156.27,156.28,156.3429,-18.70,0.89,1.00,TREND,-1.61,stressed,-10.06,-19141,dir,42624.46,101.59,101.6,101.5151,11.67,1.20,0.89,TREND,2.99,stressed,1.41,0,mm,47.32,24.35,24.36,24.4086,-14.79,0.55,1.00,TREND,-1.61,stressed,-12.22,-4100,dir,-12772.32
175.008,147,154.2,29899.47,29899.47,23241,-23241,156.26,156.27,156.3383,-18.63,0.89,1.00,TREND,-1.61,stressed,-10.06,-19141,dir,43198.69,101.6,101.61,101.5204,11.86,1.20,0.89,TREND,2.99,stressed,1.41,0,mm,47.32,24.34,24.35,24.4049,-14.76,0.55,1.00,TREND,-1.61,stressed,-12.22,-4100,dir,-12649.32
175.071,147,154.2,29899.47,29899.47,23241,-23241,156.26,156.27,156.3362,-18.58,0.89,1.00,TREND,-1.61,stressed,-10.06,-19141,dir,43198.69,101.6,101.61,101.5228,11.93,1.20,0.89,TREND,2.99,stressed,1.41,0,mm,47.32,24.34,24.35,24.4031,-14.73,0.55,1.00,TREND,-1.61,stressed,-12.22,-4100,dir,-12649.32
175.116,147,154.2,29899.47,29899.47,23241,-23241,156.26,156.27,156.3347,-18.53,0.89,1.00,TREND,-1.61,stressed,-10.06,-19141,dir,43198.69,101.6,101.61,101.5245,11.97,1.20,0.89,TREND,2.99,stressed,1.41,0,mm,47.32,24.34,24.35,24.4019,-14.71,0.55,1.00,TREND,-1.61,stressed,-12.22,-4100,dir,-12649.32
175.251,147,154.2,29899.47,29899.47,23241,-23241,156.26,156.27,156.3305,-18.38,0.92,1.00,TREND,-1.60,stressed,-10.06,-19141,dir,43198.69,101.6,101.61,101.5295,12.06,1.12,0.90,TREND,2.87,stressed,1.41,0,mm,47.32,24.34,24.35,24.3984,-14.61,0.57,1.00,TREND,-1.61,stressed,-12.22,-4100,dir,-12649.32
175.307,148,152.6,30596.70,30596.70,23241,-23241,156.25,156.26,156.3285,-18.36,0.92,1.00,TREND,-1.60,stressed,-10.01,-19141,dir,43198.69,101.61,101.62,101.5317,12.13,1.12,0.90,TREND,2.87,stressed,1.67,0,mm,47.32,24.33,24.34,24.3968,-14.61,0.57,1.00,TREND,-1.61,stressed,-12.22,-4100,dir,-12649.32
175.338,148,152.6,30596.70,30596.70,23241,-23241,156.25,156.26,156.3274,-18.34,0.92,1.00,TREND,-1.60,stressed,-10.01,-19141,dir,43198.69,101.61,101.62,101.5329,12.17,1.12,0.90,TREND,2.87,stressed,1.67,0,mm,47.32,24.33,24.34,24.3958,-14.60,0.57,1.00,TREND,-1.61,stressed,-12.22,-4100,dir,-12649.32
175.357,148,152.6,30596.70,30596.70,23241,-23241,156.25,156.26,156.3267,-18.32,0.92,1.00,TREND,-1.60,stressed,-10.01,-19141,dir,43198.69,101.61,101.62,101.5337,12.18,1.12,0.90,TREND,2.87,stressed,1.67,0,mm,47.32,24.33,24.34,24.3953,-14.60,0.57,1.00,TREND,-1.61,stressed,-12.22,-4100,dir,-12649.32
175.377,148,152.6,30596.70,30596.70,23241,-23241,156.25,156.26,156.3261,-18.31,0.92,1.00,TREND,-1.60,stressed,-10.01,-19141,dir,43198.69,101.61,101.62,101.5344,12.20,1.12,0.90,TREND,2.87,stressed,1.67,0,mm,47.32,24.33,24.34,24.3947,-14.59,0.57,1.00,TREND,-1.61,stressed,-12.22,-4100,dir,-12649.32
175.407,148,152.6,30596.70,30596.70,23241,-23241,156.25,156.26,156.3251,-18.28,0.92,1.00,TREND,-1.60,stressed,-10.01,-19141,dir,43198.69,101.61,101.62,101.5356,12.23,1.12,0.90,TREND,2.87,stressed,1.67,0,mm,47.32,24.33,24.34,24.3939,-14.58,0.57,1.00,TREND,-1.61,stressed,-12.22,-4100,dir,-12649.32
175.565,148,152.6,30596.70,30596.70,23241,-23241,156.25,156.26,156.3201,-18.13,0.92,1.00,TREND,-1.59,stressed,-10.01,-19141,dir,43198.69,101.62,101.63,101.5419,12.43,1.12,0.94,TREND,2.85,stressed,1.67,0,mm,47.32,24.33,24.34,24.3897,-14.50,0.57,1.00,TREND,-1.60,stressed,-12.22,-4100,dir,-12649.32
175.593,148,152.6,30596.70,30596.70,23241,-23241,156.25,156.26,156.3192,-18.10,0.92,1.00,TREND,-1.59,stressed,-10.01,-19141,dir,43198.69,101.62,101.63,101.5431,12.46,1.12,0.94,TREND,2.85,stressed,1.67,0,mm,47.32,24.33,24.34,24.3890,-14.47,0.57,1.00,TREND,-1.60,stressed,-12.22,-4100,dir,-12649.32
175.621,148,152.6,30596.70,30596.70,23241,-23241,156.25,156.26,156.3184,-18.06,0.92,1.00,TREND,-1.59,stressed,-10.01,-19141,dir,43198.69,101.62,101.63,101.5441,12.48,1.12,0.94,TREND,2.85,stressed,1.67,0,mm,47.32,24.33,24.34,24.3883,-14.45,0.57,1.00,TREND,-1.60,stressed,-12.22,-4100,dir,-12649.32
175.654,148,152.6,30596.70,30596.70,23241,-23241,156.25,156.26,156.3174,-18.02,0.92,1.00,TREND,-1.59,stressed,-10.01,-19141,dir,43198.69,101.62,101.63,101.5453,12.51,1.12,0.94,TREND,2.85,stressed,1.67,0,mm,47.32,24.33,24.34,24.3875,-14.43,0.57,1.00,TREND,-1.60,stressed,-12.22,-4100,dir,-12649.32
175.869,148,152.6,30596.70,30596.70,23241,-23241,156.24,156.25,156.3104,-17.86,0.85,1.00,TREND,-1.58,stressed,-10.01,-19141,dir,43581.51,101.63,101.64,101.5540,12.76,1.13,0.94,TREND,2.73,stressed,1.67,0,mm,47.32,24.32,24.33,24.3814,-14.37,0.53,1.00,TREND,-1.60,stressed,-12.22,-4100,dir,-12567.32
176.025,149,151.3,31061.52,31061.52,23241,-23241,156.24,156.25,156.3058,-17.69,0.85,1.00,TREND,-1.58,stressed,-8.97,-19141,dir,43581.51,101.63,101.64,101.5597,12.84,1.13,0.94,TREND,2.73,stressed,1.75,0,mm,47.32,24.32,24.33,24.3774,-14.27,0.53,1.00,TREND,-1.60,stressed,-10.91,-4100,dir,-12567.32
176.051,149,151.3,31061.52,31061.52,23241,-23241,156.23,156.24,156.3049,-17.67,0.85,1.00,TREND,-1.58,stressed,-8.97,-19141,dir,43581.51,101.64,101.65,101.5608,12.87,1.13,0.94,TREND,2.73,stressed,1.75,0,mm,47.32,24.32,24.33,24.3768,-14.25,0.53,1.00,TREND,-1.60,stressed,-10.91,-4100,dir,-12567.32
176.095,149,151.3,31061.52,31061.52,23241,-23241,156.23,156.24,156.3035,-17.65,0.85,1.00,TREND,-1.58,stressed,-8.97,-19141,dir,43581.51,101.64,101.65,101.5625,12.91,1.13,0.94,TREND,2.73,stressed,1.75,0,mm,47.32,24.32,24.33,24.3757,-14.21,0.53,1.00,TREND,-1.60,stressed,-10.91,-4100,dir,-12567.32
176.134,149,151.3,31061.52,31061.52,23241,-23241,156.23,156.24,156.3023,-17.62,0.85,1.00,TREND,-1.57,stressed,-8.97,-19141,dir,43581.51,101.64,101.65,101.5640,12.95,1.13,0.94,TREND,2.63,stressed,1.75,0,mm,47.32,24.32,24.33,24.3748,-14.18,0.53,1.00,TREND,-1.56,stressed,-10.91,-4100,dir,-12567.32
176.158,149,151.3,31061.52,31061.52,23241,-23241,156.23,156.24,156.3015,-17.61,0.85,1.00,TREND,-1.57,stressed,-8.97,-19141,dir,43581.51,101.64,101.65,101.5649,12.97,1.13,0.94,TREND,2.63,stressed,1.75,0,mm,47.32,24.32,24.33,24.3742,-14.15,0.53,1.00,TREND,-1.56,stressed,-10.91,-4100,dir,-12567.32
176.288,149,151.3,31061.52,31061.52,23241,-23241,156.22,156.23,156.2969,-17.59,0.85,1.00,TREND,-1.57,stressed,-8.97,-19141,dir,43581.51,101.65,101.66,101.5703,13.13,1.13,0.94,TREND,2.63,stressed,1.75,0,mm,47.32,24.31,24.32,24.3707,-14.12,0.53,1.00,TREND,-1.56,stressed,-10.91,-4100,dir,-12567.32
176.471,149,151.3,31061.52,31061.52,23241,-23241,156.22,156.23,156.2910,-17.49,0.78,1.00,TREND,-1.56,stressed,-8.97,-19141,dir,43581.51,101.65,101.66,101.5772,13.26,1.04,0.94,TREND,2.54,stressed,1.75,0,mm,47.32,24.31,24.32,24.3661,-14.01,0.55,1.00,TREND,-1.56,stressed,-10.91,-4100,dir,-12567.32
176.688,149,152.0,31061.52,31061.52,23241,-23241,156.2,156.22,156.2831,-17.51,0.78,1.00,TREND,-1.56,stressed,-8.97,-19141,dir,43581.51,101.66,101.67,101.5858,13.46,1.04,0.94,TREND,2.54,stressed,1.75,0,mm,47.32,24.31,24.32,24.3612,-13.81,0.55,1.00,TREND,-1.56,stressed,-10.91,-4100,dir,-12567.32
177.096,149,152.0,31061.52,31061.52,23241,-23241,156.18,156.2,156.2669,-17.75,0.82,1.00,TREND,-1.65,stressed,-8.97,-19141,dir,44538.56,101.67,101.68,101.6013,13.73,0.96,1.00,TREND,2.53,stressed,1.75,0,mm,47.32,24.3,24.31,24.3514,-13.57,0.56,1.00,TREND,-1.56,stressed,-10.91,-4100,dir,-12485.32
177.259,150,150.5,32100.57,32100.57,23241,-23241,156.17,156.18,156.2601,-17.88,0.82,1.00,TREND,-1.65,stressed,-8.80,-19141,dir,44538.56,101.68,101.69,101.6075,13.83,0.96,1.00,TREND,2.53,stressed,2.46,0,mm,47.32,24.29,24.3,24.3472,-13.52,0.56,1.00,TREND,-1.56,stressed,-10.83,-4100,dir,-12485.32
177.369,150,150.5,32100.57,32100.57,23241,-23241,156.17,156.18,156.2558,-17.91,0.82,1.00,TREND,-1.66,stressed,-8.80,-19141,dir,44538.56,101.69,101.7,101.6119,13.94,0.96,1.00,TREND,2.52,stressed,2.46,0,mm,47.32,24.28,24.29,24.3441,-13.55,0.56,1.00,TREND,-1.61,stressed,-10.83,-4100,dir,-12485.32
177.420,150,150.5,32100.57,32100.57,23241,-23241,156.17,156.18,156.2540,-17.91,0.82,1.00,TREND,-1.66,stressed,-8.80,-19141,dir,44538.56,101.69,101.7,101.6138,13.97,0.96,1.00,TREND,2.52,stressed,2.46,0,mm,47.32,24.28,24.29,24.3427,-13.55,0.56,1.00,TREND,-1.61,stressed,-10.83,-4100,dir,-12485.32
177.490,150,150.5,32100.57,32100.57,23241,-23241,156.17,156.18,156.2513,-17.89,0.82,1.00,TREND,-1.66,stressed,-8.80,-19141,dir,44538.56,101.69,101.7,101.6165,14.01,0.96,1.00,TREND,2.52,stressed,2.46,0,mm,47.32,24.28,24.29,24.3408,-13.54,0.56,1.00,TREND,-1.61,stressed,-10.83,-4100,dir,-12485.32
177.573,150,150.5,32100.57,32100.57,23241,-23241,156.16,156.17,156.2480,-17.92,0.82,1.00,TREND,-1.66,stressed,-8.80,-19141,dir,44538.56,101.7,101.71,101.6199,14.10,0.96,1.00,TREND,2.52,stressed,2.46,0,mm,47.32,24.28,24.29,24.3387,-13.52,0.56,1.00,TREND,-1.61,stressed,-10.83,-4100,dir,-12485.32
177.635,150,150.5,32100.57,32100.57,23241,-23241,156.16,156.17,156.2459,-17.93,0.76,1.00,TREND,-1.65,stressed,-8.80,-19141,dir,44538.56,101.7,101.71,101.6221,14.14,0.97,1.00,TREND,2.46,stressed,2.46,0,mm,47.32,24.28,24.29,24.3373,-13.50,0.54,1.00,TREND,-1.57,stressed,-10.83,-4100,dir,-12485.32
177.685,150,150.9,32100.57,32100.57,23241,-23241,156.16,156.17,156.2438,-17.93,0.76,1.00,TREND,-1.65,stressed,-8.80,-19141,dir,44538.56,101.7,101.71,101.6242,14.18,0.97,1.00,TREND,2.46,stressed,2.46,0,mm,47.32,24.28,24.29,24.3359,-13.47,0.54,1.00,TREND,-1.57,stressed,-10.83,-4100,dir,-12485.32
177.944,150,150.9,32100.57,32100.57,23241,-23241,156.15,156.16,156.2336,-17.99,0.76,1.00,TREND,-1.64,stressed,-8.80,-19141,dir,45304.20,101.7,101.71,101.6335,14.23,0.97,1.00,TREND,2.31,stressed,2.46,0,mm,47.32,24.27,24.28,24.3289,-13.45,0.54,1.00,TREND,-1.57,stressed,-10.83,-4100,dir,-12362.32
177.998,150,150.9,32100.57,32100.57,23241,-23241,156.15,156.16,156.2316,-17.97,0.76,1.00,TREND,-1.64,stressed,-8.80,-19141,dir,45304.20,101.71,101.72,101.6356,14.26,0.97,1.00,TREND,2.31,stressed,2.46,0,mm,47.32,24.27,24.28,24.3276,-13.43,0.54,1.00,TREND,-1.57,stressed,-10.83,-4100,dir,-12362.32
178.085,150,150.9,32100.57,32100.57,23241,-23241,156.15,156.16,156.2286,-17.93,0.76,1.00,TREND,-1.64,stressed,-8.80,-19141,dir,45304.20,101.71,101.72,101.6387,14.29,0.97,1.00,TREND,2.31,stressed,2.46,0,mm,47.32,24.26,24.27,24.3251,-13.46,0.54,1.00,TREND,-1.57,stressed,-10.83,-4100,dir,-12362.32
178.153,150,150.9,32100.57,32100.57,23241,-23241,156.15,156.16,156.2263,-17.89,0.80,1.00,TREND,-1.64,stressed,-8.80,-19141,dir,45304.20,101.71,101.72,101.6411,14.30,0.96,1.00,TREND,2.31,stressed,2.46,0,mm,47.32,24.26,24.27,24.3232,-13.46,0.51,1.00,TREND,-1.57,stressed,-10.83,-4100,dir,-12362.32
178.399,151,149.7,32989.21,32989.21,23241,-23241,156.13,156.15,156.2169,-17.90,0.80,1.00,TREND,-1.64,stressed,-9.20,-19141,dir,45304.20,101.72,101.73,101.6503,14.42,0.96,1.00,TREND,2.32,stressed,2.74,0,mm,47.32,24.25,24.26,24.3158,-13.57,0.51,1.00,TREND,-1.62,stressed,-11.34,-4100,dir,-12362.32
178.477,151,149.7,32989.21,32989.21,23241,-23241,156.13,156.15,156.2141,-17.87,0.80,1.00,TREND,-1.64,stressed,-9.20,-19141,dir,45304.20,101.72,101.73,101.6530,14.42,0.96,1.00,TREND,2.32,stressed,2.74,0,mm,47.32,24.25,24.26,24.3135,-13.57,0.51,1.00,TREND,-1.62,stressed,-11.34,-4100,dir,-12362.32
178.634,151,149.7,32989.21,32989.21,23241,-23241,156.12,156.13,156.2078,-17.94,0.80,1.00,TREND,-1.64,stressed,-9.20,-19141,dir,45304.20,101.73,101.74,101.6588,14.50,0.96,1.00,TREND,2.32,stressed,2.74,0,mm,47.32,24.25,24.26,24.3094,-13.53,0.51,1.00,TREND,-1.62,stressed,-11.34,-4100,dir,-12362.32
178.696,151,149.7,32989.21,32989.21,23241,-23241,156.12,156.13,156.2054,-17.94,0.79,1.00,TREND,-1.65,stressed,-9.20,-19141,dir,45304.20,101.73,101.74,101.6610,14.51,0.88,1.00,TREND,2.27,stressed,2.74,0,mm,47.32,24.25,24.26,24.3078,-13.50,0.52,1.00,TREND,-1.57,stressed,-11.34,-4100,dir,-12362.32
179.249,152,148.5,33877.85,33877.85,23241,-23241,156.11,156.12,156.1847,-17.86,0.83,1.00,TREND,-1.64,stressed,-8.83,-19141,dir,45304.20,101.74,101.75,101.6802,14.55,0.87,1.00,TREND,2.19,stressed,3.20,0,mm,47.32,24.24,24.25,24.2934,-13.32,0.53,1.00,TREND,-1.58,stressed,-10.39,-4100,dir,-12362.32
179.467,152,148.7,33877.85,33877.85,23241,-23241,156.07,156.08,156.1739,-18.25,0.83,1.00,TREND,-1.64,stressed,-8.83,-19141,dir,46069.84,101.76,101.77,101.6886,14.70,0.87,1.00,TREND,2.19,stressed,3.20,0,mm,47.32,24.23,24.24,24.2877,-13.27,0.53,1.00,TREND,-1.58,stressed,-10.39,-4100,dir,-12239.32
179.599,152,148.7,33877.85,33877.85,23241,-23241,156.07,156.08,156.1680,-18.38,0.83,1.00,TREND,-1.74,stressed,-8.83,-19141,dir,46069.84,101.76,101.77,101.6932,14.72,0.87,1.00,TREND,2.20,stressed,3.20,0,mm,47.32,24.23,24.24,24.2845,-13.19,0.53,1.00,TREND,-1.58,stressed,-10.39,-4100,dir,-12239.32
179.664,152,148.7,33877.85,33877.85,23241,-23241,156.05,156.07,156.1647,-18.49,0.83,1.00,TREND,-1.74,stressed,-8.83,-19141,dir,46069.84,101.77,101.78,101.6956,14.77,0.87,1.00,TREND,2.20,stressed,3.20,0,mm,47.32,24.22,24.23,24.2827,-13.20,0.53,1.00,TREND,-1.58,stressed,-10.39,-4100,dir,-12239.32
179.813,152,148.7,33877.85,33877.85,23241,-23241,156.05,156.07,156.1576,-18.67,1.05,1.00,TREND,-1.74,stressed,-8.83,-19141,dir,46069.84,101.77,101.78,101.7010,14.82,0.89,1.00,TREND,2.20,stressed,3.20,0,mm,47.32,24.22,24.23,24.2788,-13.17,0.51,1.00,TREND,-1.58,stressed,-10.39,-4100,dir,-12239.32
180.416,153,147.6,35149.31,35149.31,23241,-23241,156.04,156.05,156.1299,-19.09,1.03,1.00,TREND,-1.80,stressed,-8.70,-19141,dir,47218.30,101.78,101.79,101.7217,14.84,0.88,1.00,TREND,2.19,stressed,3.53,0,mm,47.32,24.21,24.22,24.2631,-13.06,0.52,1.00,TREND,-1.63,stressed,-10.36,-4100,dir,-12116.32
181.118,153,148.3,35149.31,35149.31,23241,-23241,156.01,156.02,156.0976,-19.43,0.98,1.00,TREND,-1.86,stressed,-8.70,-19141,dir,47218.30,101.8,101.81,101.7451,14.81,0.81,1.00,TREND,2.15,stressed,3.53,0,mm,47.32,24.19,24.2,24.2440,-13.05,0.51,1.00,TREND,-1.68,stressed,-10.36,-4100,dir,-12116.32
181.414,154,146.6,36270.36,36270.36,23241,-23241,155.98,155.99,156.0829,-19.73,0.98,1.00,TREND,-1.91,stressed,-8.67,-19141,dir,48175.35,101.83,101.84,101.7568,15.12,0.81,1.00,TREND,2.20,stressed,3.73,0,mm,47.32,24.16,24.17,24.2337,-13.39,0.51,1.00,TREND,-1.78,stressed,-10.36,-4100,dir,-11952.32
181.522,154,146.6,36270.36,36270.36,23241,-23241,155.97,155.98,156.0776,-19.83,0.98,1.00,TREND,-1.91,stressed,-8.67,-19141,dir,48175.35,101.84,101.85,101.7612,15.24,0.81,1.00,TREND,2.20,stressed,3.73,0,mm,47.32,24.15,24.16,24.2298,-13.53,0.51,1.00,TREND,-1.78,stressed,-10.36,-4100,dir,-11952.32
181.566,154,146.6,36270.36,36270.36,23241,-23241,155.97,155.98,156.0755,-19.86,0.98,1.00,TREND,-1.91,stressed,-8.67,-19141,dir,48175.35,101.84,101.85,101.7629,15.28,0.81,1.00,TREND,2.20,stressed,3.73,0,mm,47.32,24.15,24.16,24.2283,-13.57,0.51,1.00,TREND,-1.78,stressed,-10.36,-4100,dir,-11952.32
181.738,154,146.6,36270.36,36270.36,23241,-23241,155.95,155.97,156.0665,-20.08,1.16,1.00,TREND,-1.93,stressed,-8.67,-19141,dir,48175.35,101.85,101.86,101.7701,15.48,1.02,1.00,TREND,2.19,stressed,3.73,0,mm,47.32,24.15,24.16,24.2226,-13.68,0.67,1.00,TREND,-1.77,stressed,-10.36,-4100,dir,-11952.32
181.935,155,145.2,37350.41,37350.41,23241,-23241,155.95,155.96,156.0567,-20.24,1.16,1.00,TREND,-1.93,stressed,-8.44,-19141,dir,49132.40,101.86,101.87,101.7784,15.72,1.02,1.00,TREND,2.19,stressed,4.54,0,mm,47.32,24.14,24.15,24.2157,-13.84,0.67,1.00,TREND,-1.77,stressed,-10.03,-4100,dir,-11829.32
181.998,155,145.2,37350.41,37350.41,23241,-23241,155.94,155.95,156.0534,-20.30,1.16,1.00,TREND,-1.92,stressed,-8.44,-19141,dir,49132.40,101.86,101.87,101.7810,15.77,1.02,1.00,TREND,2.12,stressed,4.54,0,mm,47.32,24.13,24.15,24.2135,-13.90,0.67,1.00,TREND,-1.79,stressed,-10.03,-4100,dir,-11829.32
182.084,155,145.2,37350.41,37350.41,23241,-23241,155.94,155.95,156.0490,-20.37,1.16,1.00,TREND,-1.92,stressed,-8.44,-19141,dir,49132.40,101.86,101.87,101.7843,15.81,1.02,1.00,TREND,2.12,stressed,4.54,0,mm,47.32,24.13,24.15,24.2105,-13.95,0.67,1.00,TREND,-1.79,stressed,-10.03,-4100,dir,-11829.32
182.225,155,145.2,37350.41,37350.41,23241,-23241,155.94,155.95,156.0424,-20.40,1.16,1.00,TREND,-1.92,stressed,-8.44,-19141,dir,49132.40,101.87,101.88,101.7901,15.93,1.02,1.00,TREND,2.12,stressed,4.54,0,mm,47.32,24.12,24.13,24.2051,-14.14,0.67,1.00,TREND,-1.79,stressed,-10.03,-4100,dir,-11829.32
182.276,155,145.2,37350.41,37350.41,23241,-23241,155.94,155.95,156.0401,-20.39,1.16,1.00,TREND,-1.85,stressed,-8.44,-19141,dir,49132.40,101.87,101.88,101.7922,15.95,0.93,1.00,TREND,2.06,stressed,4.54,0,mm,47.32,24.12,24.13,24.2032,-14.19,0.71,1.00,TREND,-1.81,stressed,-10.03,-4100,dir,-11829.32
182.505,155,145.6,37350.41,37350.41,23241,-23241,155.94,155.95,156.0303,-20.27,1.16,1.00,TREND,-1.85,stressed,-8.44,-19141,dir,49132.40,101.87,101.88,101.8006,15.97,0.93,1.00,TREND,2.06,stressed,4.54,0,mm,47.32,24.12,24.13,24.1952,-14.31,0.71,1.00,TREND,-1.81,stressed,-10.03,-4100,dir,-11829.32
182.580,155,145.6,37350.41,37350.41,23241,-23241,155.93,155.94,156.0270,-20.25,1.16,1.00,TREND,-1.83,stressed,-8.44,-19141,dir,49132.40,101.88,101.89,101.8036,16.01,0.93,1.00,TREND,2.00,stressed,4.54,0,mm,47.32,24.11,24.12,24.1924,-14.38,0.71,1.00,TREND,-1.80,stressed,-10.03,-4100,dir,-11829.32
182.892,155,145.6,37350.41,37350.41,23241,-23241,155.91,155.93,156.0125,-20.34,1.05,1.00,TREND,-1.82,stressed,-8.44,-19141,dir,49132.40,101.89,101.9,101.8160,16.19,0.85,1.00,TREND,1.95,stressed,4.54,0,mm,47.32,24.1,24.11,24.1805,-14.68,0.64,1.00,TREND,-1.79,stressed,-10.03,-4100,dir,-11829.32
183.115,156,144.3,38088.64,38088.64,23241,-23241,155.9,155.91,156.0017,-20.44,1.05,1.00,TREND,-1.82,stressed,-9.37,-19141,dir,49706.63,101.91,101.92,101.8259,16.46,0.85,1.00,TREND,1.95,stressed,4.66,0,mm,47.32,24.09,24.1,24.1719,-14.86,0.64,1.00,TREND,-1.79,stressed,-10.83,-4100,dir,-11665.32
183.398,156,144.3,38088.64,38088.64,23241,-23241,155.89,155.9,155.9884,-20.52,0.96,1.00,TREND,-1.85,stressed,-9.37,-19141,dir,49706.63,101.92,101.93,101.8383,16.73,0.84,1.00,TREND,2.02,stressed,4.66,0,mm,47.32,24.08,24.09,24.1611,-15.07,0.58,1.00,TREND,-1.82,stressed,-10.83,-4100,dir,-11665.32
183.692,156,144.9,38088.64,38088.64,23241,-23241,155.88,155.89,155.9751,-20.52,0.96,1.00,TREND,-1.83,stressed,-9.37,-19141,dir,49706.63,101.93,101.94,101.8507,16.92,0.84,1.00,TREND,1.96,stressed,4.66,0,mm,47.32,24.07,24.08,24.1500,-15.24,0.58,1.00,TREND,-1.81,stressed,-10.83,-4100,dir,-11665.32
183.768,156,144.9,38088.64,38088.64,23241,-23241,155.87,155.88,155.9715,-20.53,0.96,1.00,TREND,-1.83,stressed,-9.37,-19141,dir,49706.63,101.94,101.95,101.8541,16.99,0.84,1.00,TREND,1.96,stressed,4.66,0,mm,47.32,24.07,24.08,24.1473,-15.24,0.58,1.00,TREND,-1.81,stressed,-10.83,-4100,dir,-11665.32
183.857,156,144.9,38088.64,38088.64,23241,-23241,155.86,155.87,155.9671,-20.59,0.96,1.00,TREND,-1.83,stressed,-9.37,-19141,dir,50855.09,101.94,101.95,101.8578,17.03,0.84,1.00,TREND,1.96,stressed,4.66,0,mm,47.32,24.06,24.07,24.1440,-15.29,0.58,1.00,TREND,-1.81,stressed,-10.83,-4100,dir,-11501.32
183.951,156,144.9,38088.64,38088.64,23241,-23241,155.86,155.87,155.9628,-20.61,0.90,1.00,TREND,-1.84,stressed,-9.37,-19141,dir,50855.09,101.95,101.96,101.8620,17.12,0.83,1.00,TREND,1.96,stressed,4.66,0,mm,47.32,24.06,24.07,24.1406,-15.32,0.53,1.00,TREND,-1.80,stressed,-10.83,-4100,dir,-11501.32
184.006,157,143.2,39401.10,39401.10,23241,-23241,155.86,155.87,155.9603,-20.61,0.90,1.00,TREND,-1.84,stressed,-10.56,-19141,dir,50855.09,101.95,101.96,101.8643,17.16,0.83,1.00,TREND,1.96,stressed,5.86,0,mm,47.32,24.06,24.07,24.1387,-15.32,0.53,1.00,TREND,-1.80,stressed,-10.76,-4100,dir,-11501.32
184.042,157,143.2,39401.10,39401.10,23241,-23241,155.86,155.87,155.9586,-20.61,0.90,1.00,TREND,-1.84,stressed,-10.56,-19141,dir,50855.09,101.95,101.96,101.8659,17.18,0.83,1.00,TREND,1.96,stressed,5.86,0,mm,47.32,24.06,24.07,24.1374,-15.32,0.53,1.00,TREND,-1.80,stressed,-10.76,-4100,dir,-11501.32
184.091,157,143.2,39401.10,39401.10,23241,-23241,155.86,155.87,155.9565,-20.59,0.90,1.00,TREND,-1.84,stressed,-10.56,-19141,dir,50855.09,101.95,101.96,101.8679,17.19,0.83,1.00,TREND,1.96,stressed,5.86,0,mm,47.32,24.06,24.07,24.1357,-15.31,0.53,1.00,TREND,-1.80,stressed,-10.76,-4100,dir,-11501.32
184.129,157,143.2,39401.10,39401.10,23241,-23241,155.86,155.87,155.9549,-20.57,0.90,1.00,TREND,-1.84,stressed,-10.56,-19141,dir,50855.09,101.95,101.96,101.8695,17.20,0.83,1.00,TREND,1.96,stressed,5.86,0,mm,47.32,24.06,24.07,24.1345,-15.30,0.53,1.00,TREND,-1.80,stressed,-10.76,-4100,dir,-11501.32
184.451,157,143.2,39401.10,39401.10,23241,-23241,155.85,155.86,155.9408,-20.49,0.96,1.00,TREND,-1.81,stressed,-10.56,-19141,dir,50855.09,101.96,101.97,101.8829,17.32,0.86,1.00,TREND,1.90,stressed,5.86,0,mm,47.32,24.04,24.05,24.1219,-15.53,0.48,1.00,TREND,-1.84,stressed,-10.76,-4100,dir,-11501.32
184.607,157,143.8,39401.10,39401.10,23241,-23241,155.84,155.85,155.9340,-20.46,0.96,1.00,TREND,-1.81,stressed,-10.56,-19141,dir,50855.09,101.97,101.98,101.8894,17.38,0.86,1.00,TREND,1.90,stressed,5.86,0,mm,47.32,24.03,24.04,24.1157,-15.64,0.48,1.00,TREND,-1.84,stressed,-10.76,-4100,dir,-11501.32
184.647,157,143.8,39401.10,39401.10,23241,-23241,155.84,155.85,155.9324,-20.44,0.96,1.00,TREND,-1.81,stressed,-10.56,-19141,dir,50855.09,101.97,101.98,101.8910,17.38,0.86,1.00,TREND,1.90,stressed,5.86,0,mm,47.32,24.03,24.04,24.1143,-15.66,0.48,1.00,TREND,-1.84,stressed,-10.76,-4100,dir,-11501.32
184.676,157,143.8,39401.10,39401.10,23241,-23241,155.84,155.85,155.9313,-20.42,0.96,1.00,TREND,-1.81,stressed,-10.56,-19141,dir,50855.09,101.97,101.98,101.8921,17.38,0.86,1.00,TREND,1.90,stressed,5.86,0,mm,47.32,24.03,24.04,24.1132,-15.66,0.48,1.00,TREND,-1.84,stressed,-10.76,-4100,dir,-11501.32
184.860,157,143.8,39401.10,39401.10,23241,-23241,155.82,155.84,155.9228,-20.46,0.96,1.00,TREND,-1.84,stressed,-10.56,-19141,dir,50855.09,101.98,101.99,101.8998,17.46,0.86,1.00,TREND,1.90,stressed,5.86,0,mm,47.32,24.02,24.03,24.1059,-15.79,0.48,1.00,TREND,-1.87,stressed,-10.76,-4100,dir,-11501.32
185.057,157,143.8,39401.10,39401.10,23241,-23241,155.82,155.83,155.9142,-20.44,0.91,1.00,TREND,-1.84,stressed,-10.56,-19141,dir,51620.73,101.98,101.99,101.9074,17.41,0.79,1.00,TREND,1.90,stressed,5.86,0,mm,47.32,24.02,24.03,24.0987,-15.81,0.43,1.00,TREND,-1.87,stressed,-10.76,-4100,dir,-11337.32
185.123,158,142.3,40330.74,40330.74,23241,-23241,155.79,155.82,155.9108,-20.51,0.91,1.00,TREND,-1.86,stressed,-11.93,-19141,dir,51620.73,101.99,102.0,101.9101,17.43,0.79,1.00,TREND,1.85,stressed,6.54,0,mm,47.32,24.01,24.03,24.0963,-15.82,0.43,1.00,TREND,-1.83,stressed,-11.16,-4100,dir,-11337.32
185.172,158,142.3,40330.74,40330.74,23241,-23241,155.79,155.82,155.9084,-20.55,0.91,1.00,TREND,-1.86,stressed,-11.93,-19141,dir,51620.73,101.99,102.0,101.9120,17.43,0.79,1.00,TREND,1.85,stressed,6.54,0,mm,47.32,24.01,24.03,24.0946,-15.82,0.43,1.00,TREND,-1.83,stressed,-11.16,-4100,dir,-11337.32
185.269,158,142.3,40330.74,40330.74,23241,-23241,155.78,155.79,155.9030,-20.75,0.91,1.00,TREND,-1.86,stressed,-11.93,-19141,dir,51620.73,102.0,102.01,101.9161,17.49,0.79,1.00,TREND,1.85,stressed,6.54,0,mm,47.32,24.0,24.01,24.0906,-15.91,0.43,1.00,TREND,-1.83,stressed,-11.16,-4100,dir,-11337.32
185.303,158,142.3,40330.74,40330.74,23241,-23241,155.78,155.79,155.9011,-20.80,0.91,1.00,TREND,-1.86,stressed,-11.93,-19141,dir,51620.73,102.0,102.01,101.9175,17.50,0.79,1.00,TREND,1.85,stressed,6.54,0,mm,47.32,24.0,24.01,24.0893,-15.93,0.43,1.00,TREND,-1.83,stressed,-11.16,-4100,dir,-11337.32
185.337,158,142.3,40330.74,40330.74,23241,-23241,155.78,155.79,155.8993,-20.85,0.91,1.00,TREND,-1.86,stressed,-11.93,-19141,dir,51620.73,102.0,102.01,101.9189,17.51,0.79,1.00,TREND,1.85,stressed,6.54,0,mm,47.32,24.0,24.01,24.0879,-15.95,0.43,1.00,TREND,-1.83,stressed,-11.16,-4100,dir,-11337.32
185.353,158,142.3,40330.74,40330.74,23241,-23241,155.78,155.79,155.8984,-20.87,0.91,1.00,TREND,-1.86,stressed,-11.93,-19141,dir,51620.73,102.0,102.01,101.9195,17.51,0.79,1.00,TREND,1.85,stressed,6.54,0,mm,47.32,24.0,24.01,24.0873,-15.96,0.43,1.00,TREND,-1.83,stressed,-11.16,-4100,dir,-11337.32
185.408,158,142.3,40330.74,40330.74,23241,-23241,155.78,155.79,155.8955,-20.94,0.91,1.00,TREND,-1.87,stressed,-11.93,-19141,dir,51620.73,102.0,102.01,101.9217,17.52,0.79,1.00,TREND,1.81,stressed,6.54,0,mm,47.32,24.0,24.01,24.0852,-15.98,0.43,1.00,TREND,-1.84,stressed,-11.16,-4100,dir,-11337.32
185.509,158,142.3,40330.74,40330.74,23241,-23241,155.77,155.78,155.8899,-21.09,0.91,1.00,TREND,-1.87,stressed,-11.93,-19141,dir,51620.73,102.01,102.02,101.9261,17.58,0.79,1.00,TREND,1.81,stressed,6.54,0,mm,47.32,23.99,24.0,24.0810,-16.07,0.43,1.00,TREND,-1.84,stressed,-11.16,-4100,dir,-11337.32
185.524,158,142.3,40330.74,40330.74,23241,-23241,155.77,155.78,155.8890,-21.11,0.91,1.00,TREND,-1.87,stressed,-11.93,-19141,dir,51620.73,102.01,102.02,101.9267,17.58,0.79,1.00,TREND,1.81,stressed,6.54,0,mm,47.32,23.99,24.0,24.0804,-16.08,0.43,1.00,TREND,-1.84,stressed,-11.16,-4100,dir,-11337.32
185.549,158,142.3,40330.74,40330.74,23241,-23241,155.77,155.78,155.8877,-21.14,0.91,1.00,TREND,-1.87,stressed,-11.93,-19141,dir,51620.73,102.01,102.02,101.9278,17.59,0.79,1.00,TREND,1.81,stressed,6.54,0,mm,47.32,23.99,24.0,24.0794,-16.10,0.43,1.00,TREND,-1.84,stressed,-11.16,-4100,dir,-11337.32
185.634,158,142.8,40330.74,40330.74,23241,-23241,155.77,155.78,155.8833,-21.22,1.04,1.00,TREND,-1.87,stressed,-11.93,-19141,dir,51620.73,102.01,102.02,101.9312,17.60,0.79,1.00,TREND,1.81,stressed,6.54,0,mm,47.32,23.99,24.0,24.0760,-16.13,0.48,1.00,TREND,-1.84,stressed,-11.16,-4100,dir,-11337.32
185.716,158,142.8,40330.74,40330.74,23241,-23241,155.77,155.78,155.8792,-21.26,1.04,1.00,TREND,-1.83,stressed,-11.93,-19141,dir,51620.73,102.01,102.02,101.9344,17.59,0.79,1.00,TREND,1.78,stressed,6.54,0,mm,47.32,23.99,24.0,24.0730,-16.15,0.48,1.00,TREND,-1.83,stressed,-11.16,-4100,dir,-11337.32
185.987,158,142.8,40330.74,40330.74,23241,-23241,155.76,155.77,155.8656,-21.40,1.04,1.00,TREND,-1.80,stressed,-11.93,-19141,dir,51620.73,102.01,102.02,101.9440,17.43,0.79,1.00,TREND,1.72,stressed,6.54,0,mm,47.32,23.99,24.0,24.0637,-16.06,0.48,1.00,TREND,-1.76,stressed,-11.16,-4100,dir,-11337.32
186.165,158,142.8,40330.74,40330.74,23241,-23241,155.75,155.76,155.8566,-21.47,1.00,1.00,TREND,-1.80,stressed,-11.93,-19141,dir,52769.19,102.03,102.04,101.9513,17.51,0.73,1.00,TREND,1.72,stressed,6.54,0,mm,47.32,23.97,23.98,24.0565,-16.18,0.44,1.00,TREND,-1.76,stressed,-11.16,-4100,dir,-11173.32
186.356,159,141.5,41643.20,41643.20,23241,-23241,155.73,155.75,155.8467,-21.61,1.00,1.00,TREND,-1.83,stressed,-11.72,-19141,dir,52769.19,102.04,102.05,101.9593,17.61,0.73,1.00,TREND,1.76,stressed,7.06,0,mm,47.32,23.97,23.98,24.0496,-16.20,0.44,1.00,TREND,-1.80,stressed,-11.08,-4100,dir,-11173.32
186.387,159,141.5,41643.20,41643.20,23241,-23241,155.73,155.75,155.8451,-21.62,1.00,1.00,TREND,-1.83,stressed,-11.72,-19141,dir,52769.19,102.04,102.05,101.9606,17.62,0.73,1.00,TREND,1.76,stressed,7.06,0,mm,47.32,23.97,23.98,24.0484,-16.19,0.44,1.00,TREND,-1.80,stressed,-11.08,-4100,dir,-11173.32
186.706,159,141.5,41643.20,41643.20,23241,-23241,155.72,155.73,155.8284,-21.84,0.93,1.00,TREND,-1.81,stressed,-11.72,-19141,dir,52769.19,102.05,102.06,101.9737,17.73,0.67,1.00,TREND,1.72,stressed,7.06,0,mm,47.32,23.96,23.97,24.0368,-16.20,0.49,1.00,TREND,-1.79,stressed,-11.08,-4100,dir,-11173.32
186.909,159,142.0,41643.20,41643.20,23241,-23241,155.7,155.72,155.8176,-21.99,0.93,1.00,TREND,-1.81,stressed,-11.72,-19141,dir,52769.19,102.06,102.07,101.9821,17.78,0.67,1.00,TREND,1.72,stressed,7.06,0,mm,47.32,23.95,23.96,24.0294,-16.23,0.49,1.00,TREND,-1.79,stressed,-11.08,-4100,dir,-11173.32
187.086,159,142.0,41643.20,41643.20,23241,-23241,155.69,155.7,155.8078,-22.17,0.93,1.00,TREND,-1.86,stressed,-11.72,-19141,dir,53726.24,102.07,102.08,101.9895,17.86,0.67,1.00,TREND,1.74,stressed,7.06,0,mm,47.32,23.95,23.96,24.0234,-16.16,0.49,1.00,TREND,-1.78,stressed,-11.08,-4100,dir,-11050.32
187.120,159,142.0,41643.20,41643.20,23241,-23241,155.69,155.7,155.8060,-22.19,0.93,1.00,TREND,-1.86,stressed,-11.72,-19141,dir,53726.24,102.07,102.08,101.9908,17.86,0.67,1.00,TREND,1.74,stressed,7.06,0,mm,47.32,23.95,23.96,24.0223,-16.14,0.49,1.00,TREND,-1.78,stressed,-11.08,-4100,dir,-11050.32
187.159,159,142.0,41643.20,41643.20,23241,-23241,155.69,155.7,155.8040,-22.20,0.93,1.00,TREND,-1.86,stressed,-11.72,-19141,dir,53726.24,102.07,102.08,101.9923,17.86,0.67,1.00,TREND,1.74,stressed,7.06,0,mm,47.32,23.95,23.96,24.0212,-16.11,0.49,1.00,TREND,-1.78,stressed,-11.08,-4100,dir,-11050.32
187.353,159,142.0,41643.20,41643.20,23241,-23241,155.66,155.69,155.7929,-22.47,1.04,1.00,TREND,-1.86,stressed,-11.72,-19141,dir,53726.24,102.08,102.09,102.0004,17.93,0.68,1.00,TREND,1.72,stressed,7.06,0,mm,47.32,23.95,23.96,24.0154,-15.94,0.53,1.00,TREND,-1.72,stressed,-11.08,-4100,dir,-11050.32
187.411,160,140.6,42723.25,42723.25,23241,-23241,155.66,155.69,155.7896,-22.51,1.04,1.00,TREND,-1.86,stressed,-11.49,-19141,dir,53726.24,102.08,102.09,102.0027,17.92,0.68,1.00,TREND,1.72,stressed,8.03,0,mm,47.32,23.94,23.95,24.0135,-15.92,0.53,1.00,TREND,-1.72,stressed,-11.26,-4100,dir,-11050.32
187.912,160,140.6,42723.25,42723.25,23241,-23241,155.65,155.66,155.7613,-22.93,1.02,1.00,TREND,-1.86,stressed,-11.49,-19141,dir,53726.24,102.09,102.1,102.0221,17.84,0.73,1.00,TREND,1.69,stressed,8.03,0,mm,47.32,23.93,23.94,23.9970,-15.78,0.49,1.00,TREND,-1.76,stressed,-11.26,-4100,dir,-11050.32
188.117,161,139.3,44186.12,44186.12,23241,-23241,155.63,155.64,155.7498,-23.09,1.02,1.00,TREND,-1.86,stressed,-11.83,-19141,dir,55066.11,102.11,102.12,102.0306,17.93,0.73,1.00,TREND,1.69,stressed,9.17,0,mm,47.32,23.91,23.92,23.9895,-15.88,0.49,1.00,TREND,-1.76,stressed,-12.69,-4100,dir,-10927.32
188.283,161,139.3,44186.12,44186.12,23241,-23241,155.63,155.64,155.7411,-23.09,1.02,1.00,TREND,-1.86,stressed,-11.83,-19141,dir,55066.11,102.11,102.12,102.0370,17.90,0.73,1.00,TREND,1.71,stressed,9.17,0,mm,47.32,23.91,23.92,23.9838,-15.86,0.49,1.00,TREND,-1.80,stressed,-12.69,-4100,dir,-10927.32
188.365,161,139.3,44186.12,44186.12,23241,-23241,155.63,155.64,155.7371,-23.04,1.02,1.00,TREND,-1.86,stressed,-11.83,-19141,dir,55066.11,102.12,102.13,102.0403,17.92,0.73,1.00,TREND,1.71,stressed,9.17,0,mm,47.32,23.9,23.91,23.9809,-15.89,0.49,1.00,TREND,-1.80,stressed,-12.69,-4100,dir,-10927.32
188.437,161,139.3,44186.12,44186.12,23241,-23241,155.63,155.64,155.7337,-22.99,1.00,1.00,TREND,-1.86,stressed,-11.83,-19141,dir,55066.11,102.12,102.13,102.0431,17.92,0.73,1.00,TREND,1.71,stressed,9.17,0,mm,47.32,23.9,23.91,23.9783,-15.90,0.54,1.00,TREND,-1.80,stressed,-12.69,-4100,dir,-10927.32
188.670,161,139.8,44186.12,44186.12,23241,-23241,155.63,155.64,155.7234,-22.71,1.00,1.00,TREND,-1.79,stressed,-11.83,-19141,dir,55066.11,102.12,102.13,102.0516,17.82,0.73,1.00,TREND,1.69,stressed,9.17,0,mm,47.32,23.9,23.91,23.9707,-15.84,0.54,1.00,TREND,-1.78,stressed,-12.69,-4100,dir,-10927.32
188.732,161,139.8,44186.12,44186.12,23241,-23241,155.62,155.63,155.7206,-22.67,1.00,1.00,TREND,-1.79,stressed,-11.83,-19141,dir,55066.11,102.13,102.14,102.0540,17.82,0.73,1.00,TREND,1.69,stressed,9.17,0,mm,47.32,23.89,23.9,23.9685,-15.85,0.54,1.00,TREND,-1.78,stressed,-12.69,-4100,dir,-10927.32
188.900,161,139.8,44186.12,44186.12,23241,-23241,155.61,155.62,155.7126,-22.61,1.00,1.00,TREND,-1.79,stressed,-11.83,-19141,dir,55066.11,102.14,102.15,102.0609,17.89,0.73,1.00,TREND,1.69,stressed,9.17,0,mm,47.32,23.88,23.89,23.9622,-15.95,0.54,1.00,TREND,-1.78,stressed,-12.69,-4100,dir,-10927.32
188.953,161,139.8,44186.12,44186.12,23241,-23241,155.61,155.62,155.7102,-22.57,0.97,1.00,TREND,-1.79,stressed,-11.83,-19141,dir,55640.34,102.14,102.15,102.0630,17.89,0.68,1.00,TREND,1.70,stressed,9.17,0,mm,47.32,23.88,23.89,23.9603,-15.96,0.49,1.00,TREND,-1.81,stressed,-12.69,-4100,dir,-10763.32
189.151,162,138.4,44924.35,44924.35,23241,-23241,155.6,155.61,155.7008,-22.50,0.97,1.00,TREND,-1.79,stressed,-11.83,-19141,dir,55640.34,102.15,102.16,102.0712,17.97,0.68,1.00,TREND,1.70,stressed,12.29,0,mm,47.32,23.87,23.88,23.9527,-16.09,0.49,1.00,TREND,-1.81,stressed,-12.69,-4100,dir,-10763.32
189.239,162,138.4,44924.35,44924.35,23241,-23241,155.6,155.61,155.6970,-22.43,0.97,1.00,TREND,-1.76,stressed,-11.83,-19141,dir,55640.34,102.15,102.16,102.0745,17.96,0.68,1.00,TREND,1.67,stressed,12.29,0,mm,47.32,23.87,23.88,23.9496,-16.10,0.49,1.00,TREND,-1.80,stressed,-12.69,-4100,dir,-10763.32
189.626,162,138.4,44924.35,44924.35,23241,-23241,155.6,155.61,155.6816,-21.88,1.03,1.00,TREND,-1.69,stressed,-11.83,-19141,dir,55640.34,102.15,102.16,102.0880,17.68,0.72,1.00,TREND,1.61,stressed,12.29,0,mm,47.32,23.87,23.88,23.9371,-15.92,0.53,1.00,TREND,-1.73,stressed,-12.69,-4100,dir,-10763.32
189.721,162,138.8,44924.35,44924.35,23241,-23241,155.58,155.59,155.6774,-21.85,1.03,1.00,TREND,-1.69,stressed,-11.83,-19141,dir,55640.34,102.17,102.18,102.0918,17.72,0.72,1.00,TREND,1.61,stressed,12.29,0,mm,47.32,23.85,23.86,23.9335,-15.98,0.53,1.00,TREND,-1.73,stressed,-12.69,-4100,dir,-10763.32
189.901,162,138.8,44924.35,44924.35,23241,-23241,155.58,155.59,155.6699,-21.71,1.03,1.00,TREND,-1.70,stressed,-11.83,-19141,dir,55640.34,102.18,102.19,102.0993,17.84,0.72,1.00,TREND,1.67,stressed,12.29,0,mm,47.32,23.85,23.86,23.9272,-16.01,0.53,1.00,TREND,-1.77,stressed,-12.69,-4100,dir,-10763.32
189.942,162,138.8,44924.35,44924.35,23241,-23241,155.57,155.58,155.6681,-21.70,1.03,1.00,TREND,-1.70,stressed,-11.83,-19141,dir,56405.98,102.18,102.19,102.1010,17.85,0.72,1.00,TREND,1.67,stressed,12.29,0,mm,47.32,23.84,23.85,23.9256,-16.03,0.53,1.00,TREND,-1.77,stressed,-12.69,-4100,dir,-10599.32
190.051,162,138.8,44924.35,44924.35,23241,-23241,155.57,155.58,155.6634,-21.65,1.03,1.00,TREND,-1.70,stressed,-11.83,-19141,dir,56405.98,102.18,102.19,102.1052,17.85,0.72,1.00,TREND,1.67,stressed,12.29,0,mm,47.32,23.84,23.85,23.9216,-16.08,0.53,1.00,TREND,-1.77,stressed,-12.69,-4100,dir,-10599.32
190.237,162,138.8,44924.35,44924.35,23241,-23241,155.56,155.57,155.6553,-21.61,1.06,1.00,TREND,-1.71,stressed,-11.83,-19141,dir,56405.98,102.19,102.2,102.1126,17.91,0.82,1.00,TREND,1.66,stressed,12.29,0,mm,47.32,23.83,23.84,23.9144,-16.20,0.66,1.00,TREND,-1.80,stressed,-12.69,-4100,dir,-10599.32
190.403,163,137.6,45853.99,45853.99,23241,-23241,155.56,155.57,155.6484,-21.48,1.06,1.00,TREND,-1.71,stressed,-11.70,-19141,dir,56405.98,102.2,102.21,102.1196,17.99,0.82,1.00,TREND,1.66,stressed,13.94,0,mm,47.32,23.82,23.83,23.9076,-16.35,0.66,1.00,TREND,-1.80,stressed,-12.33,-4100,dir,-10599.32
190.431,163,137.6,45853.99,45853.99,23241,-23241,155.53,155.56,155.6471,-21.49,1.06,1.00,TREND,-1.71,stressed,-11.70,-19141,dir,56405.98,102.2,102.21,102.1207,17.99,0.82,1.00,TREND,1.66,stressed,13.94,0,mm,47.32,23.82,23.83,23.9066,-16.36,0.66,1.00,TREND,-1.80,stressed,-12.33,-4100,dir,-10599.32
190.485,163,137.6,45853.99,45853.99,23241,-23241,155.53,155.56,155.6445,-21.51,1.06,1.00,TREND,-1.71,stressed,-11.70,-19141,dir,56405.98,102.2,102.21,102.1229,18.00,0.82,1.00,TREND,1.66,stressed,13.94,0,mm,47.32,23.82,23.83,23.9045,-16.38,0.66,1.00,TREND,-1.80,stressed,-12.33,-4100,dir,-10599.32
190.560,163,137.6,45853.99,45853.99,23241,-23241,155.53,155.56,155.6411,-21.52,1.06,1.00,TREND,-1.72,stressed,-11.70,-19141,dir,56405.98,102.2,102.21,102.1257,17.98,0.82,1.00,TREND,1.64,stressed,13.94,0,mm,47.32,23.82,23.83,23.9018,-16.39,0.66,1.00,TREND,-1.78,stressed,-12.33,-4100,dir,-10599.32
190.707,163,137.6,45853.99,45853.99,23241,-23241,155.52,155.53,155.6333,-21.70,1.06,1.00,TREND,-1.72,stressed,-11.70,-19141,dir,56405.98,102.21,102.22,102.1317,18.02,0.82,1.00,TREND,1.64,stressed,13.94,0,mm,47.32,23.82,23.83,23.8966,-16.37,0.66,1.00,TREND,-1.78,stressed,-12.33,-4100,dir,-10599.32
190.738,163,137.6,45853.99,45853.99,23241,-23241,155.52,155.53,155.6318,-21.73,1.07,1.00,TREND,-1.72,stressed,-11.70,-19141,dir,56405.98,102.21,102.22,102.1329,18.02,0.76,1.00,TREND,1.64,stressed,13.94,0,mm,47.32,23.82,23.83,23.8956,-16.35,0.70,1.00,TREND,-1.78,stressed,-12.33,-4100,dir,-10599.32
190.766,163,137.6,45853.99,45853.99,23241,-23241,155.52,155.53,155.6304,-21.75,1.07,1.00,TREND,-1.72,stressed,-11.70,-19141,dir,56405.98,102.21,102.22,102.1339,18.02,0.76,1.00,TREND,1.64,stressed,13.94,0,mm,47.32,23.82,23.83,23.8947,-16.34,0.70,1.00,TREND,-1.78,stressed,-12.33,-4100,dir,-10599.32
190.991,163,138.1,45853.99,45853.99,23241,-23241,155.52,155.53,155.6198,-21.77,1.07,1.00,TREND,-1.72,stressed,-11.70,-19141,dir,56405.98,102.21,102.22,102.1421,17.91,0.76,1.00,TREND,1.63,stressed,13.94,0,mm,47.32,23.81,23.82,23.8867,-16.34,0.70,1.00,TREND,-1.76,stressed,-12.33,-4100,dir,-10599.32
191.110,163,138.1,45853.99,45853.99,23241,-23241,155.51,155.52,155.6141,-21.81,1.07,1.00,TREND,-1.72,stressed,-11.70,-19141,dir,57554.44,102.22,102.23,102.1466,17.90,0.76,1.00,TREND,1.63,stressed,13.94,0,mm,47.32,23.81,23.82,23.8828,-16.28,0.70,1.00,TREND,-1.76,stressed,-12.33,-4100,dir,-10476.32
191.234,163,138.1,45853.99,45853.99,23241,-23241,155.51,155.52,155.6085,-21.78,1.07,1.00,TREND,-1.72,stressed,-11.70,-19141,dir,57554.44,102.23,102.25,102.1519,17.99,0.76,1.00,TREND,1.63,stressed,13.94,0,mm,47.32,23.8,23.81,23.8784,-16.29,0.70,1.00,TREND,-1.76,stressed,-12.33,-4100,dir,-10476.32
191.285,163,138.1,45853.99,45853.99,23241,-23241,155.51,155.52,155.6063,-21.75,1.12,1.00,TREND,-1.69,stressed,-11.70,-19141,dir,57554.44,102.23,102.25,102.1539,18.01,0.71,1.00,TREND,1.68,stressed,13.94,0,mm,47.32,23.8,23.81,23.8767,-16.28,0.63,1.00,TREND,-1.74,stressed,-12.33,-4100,dir,-10476.32
191.402,164,136.5,47125.45,47125.45,23241,-23241,155.51,155.52,155.6014,-21.67,1.12,1.00,TREND,-1.69,stressed,-12.19,-19141,dir,57554.44,102.23,102.25,102.1585,18.01,0.71,1.00,TREND,1.68,stressed,18.90,0,mm,47.32,23.8,23.81,23.8728,-16.23,0.63,1.00,TREND,-1.74,stressed,-11.80,-4100,dir,-10476.32
191.515,164,136.5,47125.45,47125.45,23241,-23241,155.5,155.51,155.5964,-21.63,1.12,1.00,TREND,-1.69,stressed,-12.19,-19141,dir,57554.44,102.25,102.26,102.1636,18.11,0.71,1.00,TREND,1.68,stressed,18.90,0,mm,47.32,23.79,23.8,23.8688,-16.24,0.63,1.00,TREND,-1.74,stressed,-11.80,-4100,dir,-10476.32
191.532,164,136.5,47125.45,47125.45,23241,-23241,155.5,155.51,155.5957,-21.62,1.12,1.00,TREND,-1.69,stressed,-12.19,-19141,dir,57554.44,102.25,102.26,102.1643,18.13,0.71,1.00,TREND,1.68,stressed,18.90,0,mm,47.32,23.79,23.8,23.8682,-16.24,0.63,1.00,TREND,-1.74,stressed,-11.80,-4100,dir,-10476.32
191.675,164,136.5,47125.45,47125.45,23241,-23241,155.5,155.51,155.5898,-21.51,1.12,1.00,TREND,-1.67,stressed,-12.19,-19141,dir,57554.44,102.25,102.26,102.1702,18.17,0.71,1.00,TREND,1.69,stressed,18.90,0,mm,47.32,23.79,23.8,23.8634,-16.20,0.63,1.00,TREND,-1.73,stressed,-11.80,-4100,dir,-10476.32
192.060,164,136.5,47125.45,47125.45,23241,-23241,155.49,155.5,155.5741,-21.22,1.07,1.00,TREND,-1.65,stressed,-12.19,-19141,dir,57554.44,102.26,102.27,102.1859,18.24,0.66,1.00,TREND,1.68,stressed,18.90,0,mm,47.32,23.79,23.8,23.8521,-15.87,0.65,1.00,TREND,-1.67,stressed,-11.80,-4100,dir,-10476.32
192.156,165,135.3,47590.27,47590.27,23241,-23241,155.49,155.5,155.5706,-21.09,1.07,1.00,TREND,-1.65,stressed,-11.28,-19141,dir,57937.26,102.28,102.29,102.1902,18.34,0.66,1.00,TREND,1.68,stressed,19.20,0,mm,47.32,23.78,23.79,23.8492,-15.83,0.65,1.00,TREND,-1.67,stressed,-11.26,-4100,dir,-10394.32
192.395,165,135.3,47590.27,47590.27,23241,-23241,155.48,155.49,155.5615,-20.86,1.07,1.00,TREND,-1.63,stressed,-11.28,-19141,dir,57937.26,102.29,102.3,102.2014,18.59,0.66,1.00,TREND,1.74,stressed,19.20,0,mm,47.32,23.76,23.78,23.8407,-15.89,0.65,1.00,TREND,-1.73,stressed,-11.26,-4100,dir,-10394.32
192.523,165,135.3,47590.27,47590.27,23241,-23241,155.47,155.48,155.5564,-20.78,1.07,1.00,TREND,-1.63,stressed,-11.28,-19141,dir,57937.26,102.3,102.32,102.2078,18.77,0.66,1.00,TREND,1.74,stressed,19.20,0,mm,47.32,23.76,23.77,23.8363,-15.91,0.65,1.00,TREND,-1.73,stressed,-11.26,-4100,dir,-10394.32
192.574,165,135.3,47590.27,47590.27,23241,-23241,155.47,155.48,155.5545,-20.74,1.01,1.00,TREND,-1.63,stressed,-11.28,-19141,dir,57937.26,102.3,102.32,102.2102,18.82,0.79,1.00,TREND,1.74,stressed,19.20,0,mm,47.32,23.76,23.77,23.8346,-15.90,0.69,1.00,TREND,-1.73,stressed,-11.26,-4100,dir,-10394.32
192.609,165,135.7,47590.27,47590.27,23241,-23241,155.47,155.48,155.5532,-20.70,1.01,1.00,TREND,-1.63,stressed,-11.28,-19141,dir,57937.26,102.3,102.32,102.2118,18.85,0.79,1.00,TREND,1.74,stressed,19.20,0,mm,47.32,23.76,23.77,23.8335,-15.90,0.69,1.00,TREND,-1.73,stressed,-11.26,-4100,dir,-10394.32
192.996,165,135.7,47590.27,47590.27,23241,-23241,155.46,155.47,155.5385,-20.40,1.01,1.00,TREND,-1.64,stressed,-11.28,-19141,dir,57937.26,102.3,102.32,102.2282,18.87,0.79,1.00,TREND,1.74,stressed,19.20,0,mm,47.32,23.76,23.77,23.8220,-15.63,0.69,1.00,TREND,-1.69,stressed,-11.26,-4100,dir,-10394.32
193.124,165,135.7,47590.27,47590.27,23241,-23241,155.46,155.47,155.5344,-20.23,1.05,1.00,TREND,-1.64,stressed,-11.28,-19141,dir,58511.49,102.34,102.35,102.2347,19.11,0.80,1.00,TREND,1.74,stressed,19.20,0,mm,47.32,23.74,23.75,23.8178,-15.68,0.62,1.00,TREND,-1.69,stressed,-11.26,-4100,dir,-10230.32
193.471,166,134.6,48328.50,48328.50,23241,-23241,155.45,155.46,155.5222,-19.84,1.05,1.00,TREND,-1.61,stressed,-11.59,-19141,dir,58511.49,102.35,102.36,102.2531,19.64,0.80,1.00,TREND,1.85,stressed,16.16,0,mm,47.32,23.73,23.74,23.8051,-15.83,0.62,1.00,TREND,-1.76,stressed,-11.08,-4100,dir,-10230.32
193.535,166,134.6,48328.50,48328.50,23241,-23241,155.45,155.46,155.5203,-19.75,1.05,1.00,TREND,-1.61,stressed,-11.59,-19141,dir,58511.49,102.36,102.37,102.2563,19.72,0.80,1.00,TREND,1.85,stressed,16.16,0,mm,47.32,23.72,23.73,23.8028,-15.86,0.62,1.00,TREND,-1.76,stressed,-11.08,-4100,dir,-10230.32
193.557,166,134.6,48328.50,48328.50,23241,-23241,155.45,155.46,155.5196,-19.71,1.05,1.00,TREND,-1.61,stressed,-11.59,-19141,dir,58511.49,102.36,102.37,102.2575,19.74,0.80,1.00,TREND,1.85,stressed,16.16,0,mm,47.32,23.72,23.73,23.8020,-15.87,0.62,1.00,TREND,-1.76,stressed,-11.08,-4100,dir,-10230.32
193.579,166,134.6,48328.50,48328.50,23241,-23241,155.45,155.46,155.5189,-19.68,1.05,1.00,TREND,-1.61,stressed,-11.59,-19141,dir,58511.49,102.36,102.37,102.2586,19.77,0.80,1.00,TREND,1.85,stressed,16.16,0,mm,47.32,23.72,23.73,23.8012,-15.88,0.62,1.00,TREND,-1.76,stressed,-11.08,-4100,dir,-10230.32
193.613,166,134.6,48328.50,48328.50,23241,-23241,155.45,155.46,155.5179,-19.62,1.05,1.00,TREND,-1.61,stressed,-11.59,-19141,dir,58511.49,102.36,102.37,102.2603,19.79,0.80,1.00,TREND,1.85,stressed,16.16,0,mm,47.32,23.72,23.73,23.7999,-15.89,0.62,1.00,TREND,-1.76,stressed,-11.08,-4100,dir,-10230.32
193.629,166,134.6,48328.50,48328.50,23241,-23241,155.45,155.46,155.5174,-19.59,1.06,1.00,TREND,-1.61,stressed,-11.59,-19141,dir,58511.49,102.36,102.37,102.2611,19.81,0.78,1.00,TREND,1.85,stressed,16.16,0,mm,47.32,23.72,23.73,23.7994,-15.90,0.56,1.00,TREND,-1.76,stressed,-11.08,-4100,dir,-10230.32
193.738,166,134.8,48328.50,48328.50,23241,-23241,155.44,155.45,155.5138,-19.48,1.06,1.00,TREND,-1.59,stressed,-11.59,-19141,dir,58511.49,102.37,102.38,102.2668,19.94,0.78,1.00,TREND,1.86,stressed,16.16,0,mm,47.32,23.72,23.73,23.7956,-15.90,0.56,1.00,TREND,-1.74,stressed,-11.08,-4100,dir,-10230.32
193.796,166,134.8,48328.50,48328.50,23241,-23241,155.44,155.45,155.5120,-19.41,1.06,1.00,TREND,-1.59,stressed,-11.59,-19141,dir,58511.49,102.37,102.38,102.2696,19.99,0.78,1.00,TREND,1.86,stressed,16.16,0,mm,47.32,23.72,23.73,23.7938,-15.89,0.56,1.00,TREND,-1.74,stressed,-11.08,-4100,dir,-10230.32
193.858,166,134.8,48328.50,48328.50,23241,-23241,155.44,155.45,155.5101,-19.33,1.06,1.00,TREND,-1.59,stressed,-11.59,-19141,dir,58894.31,102.38,102.39,102.2730,20.08,0.78,1.00,TREND,1.86,stressed,16.16,0,mm,47.32,23.71,23.72,23.7915,-15.92,0.56,1.00,TREND,-1.74,stressed,-11.08,-4100,dir,-10066.32
193.887,166,134.8,48328.50,48328.50,23241,-23241,155.44,155.45,155.5092,-19.29,1.06,1.00,TREND,-1.59,stressed,-11.59,-19141,dir,58894.31,102.38,102.39,102.2745,20.11,0.78,1.00,TREND,1.86,stressed,16.16,0,mm,47.32,23.71,23.72,23.7904,-15.92,0.56,1.00,TREND,-1.74,stressed,-11.08,-4100,dir,-10066.32
193.915,166,134.8,48328.50,48328.50,23241,-23241,155.44,155.45,155.5083,-19.25,1.06,1.00,TREND,-1.59,stressed,-11.59,-19141,dir,58894.31,102.38,102.39,102.2760,20.14,0.78,1.00,TREND,1.86,stressed,16.16,0,mm,47.32,23.71,23.72,23.7894,-15.93,0.56,1.00,TREND,-1.74,stressed,-11.08,-4100,dir,-10066.32
194.080,166,134.8,48328.50,48328.50,23241,-23241,155.42,155.44,155.5025,-19.17,1.06,1.00,TREND,-1.58,stressed,-11.59,-19141,dir,58894.31,102.39,102.4,102.2849,20.36,0.78,1.00,TREND,1.87,stressed,16.16,0,mm,47.32,23.71,23.72,23.7839,-15.92,0.56,1.00,TREND,-1.72,stressed,-11.08,-4100,dir,-10066.32
194.142,166,134.8,48328.50,48328.50,23241,-23241,155.42,155.44,155.5004,-19.12,0.98,1.00,TREND,-1.58,stressed,-11.59,-19141,dir,58894.31,102.39,102.4,102.2880,20.41,0.74,1.00,TREND,1.87,stressed,16.16,0,mm,47.32,23.71,23.72,23.7819,-15.90,0.59,1.00,TREND,-1.72,stressed,-11.08,-4100,dir,-10066.32
194.201,167,133.4,48875.32,48875.32,23241,-23241,155.42,155.44,155.4985,-19.07,0.98,1.00,TREND,-1.58,stressed,-11.06,-19141,dir,58894.31,102.39,102.4,102.2909,20.44,0.74,1.00,TREND,1.87,stressed,16.16,0,mm,47.32,23.71,23.72,23.7801,-15.87,0.59,1.00,TREND,-1.72,stressed,-11.08,-4100,dir,-10066.32
194.341,167,133.4,48875.32,48875.32,23241,-23241,155.41,155.42,155.4932,-19.07,0.98,1.00,TREND,-1.58,stressed,-11.06,-19141,dir,58894.31,102.4,102.41,102.2982,20.57,0.74,1.00,TREND,1.83,stressed,16.16,0,mm,47.32,23.7,23.71,23.7753,-15.87,0.59,1.00,TREND,-1.70,stressed,-11.08,-4100,dir,-10066.32
194.390,167,133.4,48875.32,48875.32,23241,-23241,155.41,155.42,155.4913,-19.05,0.98,1.00,TREND,-1.58,stressed,-11.06,-19141,dir,58894.31,102.4,102.41,102.3007,20.59,0.74,1.00,TREND,1.83,stressed,16.16,0,mm,47.32,23.7,23.71,23.7737,-15.86,0.59,1.00,TREND,-1.70,stressed,-11.08,-4100,dir,-10066.32
194.580,167,133.4,48875.32,48875.32,23241,-23241,155.41,155.42,155.4848,-18.93,0.98,1.00,TREND,-1.58,stressed,-11.06,-19141,dir,58894.31,102.4,102.41,102.3096,20.59,0.74,1.00,TREND,1.83,stressed,16.16,0,mm,47.32,23.7,23.71,23.7678,-15.77,0.59,1.00,TREND,-1.70,stressed,-11.08,-4100,dir,-10066.32
194.613,167,133.4,48875.32,48875.32,23241,-23241,155.4,155.41,155.4836,-18.93,0.98,1.00,TREND,-1.56,stressed,-11.06,-19141,dir,58894.31,102.41,102.42,102.3112,20.60,0.74,1.00,TREND,1.81,stressed,16.16,0,mm,47.32,23.7,23.71,23.7668,-15.75,0.59,1.00,TREND,-1.64,stressed,-11.08,-4100,dir,-10066.32
194.659,167,133.4,48875.32,48875.32,23241,-23241,155.4,155.41,155.4819,-18.92,0.91,1.00,TREND,-1.56,stressed,-11.06,-19141,dir,58894.31,102.41,102.42,102.3134,20.62,0.72,1.00,TREND,1.81,stressed,16.16,0,mm,47.32,23.7,23.71,23.7655,-15.71,0.62,1.00,TREND,-1.64,stressed,-11.08,-4100,dir,-10066.32
194.946,167,134.0,48875.32,48875.32,23241,-23241,155.39,155.4,155.4710,-18.93,0.91,1.00,TREND,-1.54,stressed,-11.06,-19141,dir,58894.31,102.42,102.43,102.3275,20.73,0.72,1.00,TREND,1.78,stressed,16.16,0,mm,47.32,23.69,23.7,23.7566,-15.61,0.62,1.00,TREND,-1.63,stressed,-11.08,-4100,dir,-10066.32
195.062,167,134.0,48875.32,48875.32,23241,-23241,155.39,155.4,155.4669,-18.86,0.91,1.00,TREND,-1.54,stressed,-11.06,-19141,dir,59851.36,102.43,102.44,102.3332,20.77,0.72,1.00,TREND,1.78,stressed,16.16,0,mm,47.32,23.68,23.69,23.7528,-15.60,0.62,1.00,TREND,-1.63,stressed,-11.08,-4100,dir,-9984.32
195.108,167,134.0,48875.32,48875.32,23241,-23241,155.39,155.4,155.4654,-18.82,0.91,1.00,TREND,-1.54,stressed,-11.06,-19141,dir,59851.36,102.43,102.44,102.3354,20.78,0.72,1.00,TREND,1.78,stressed,16.16,0,mm,47.32,23.68,23.69,23.7514,-15.59,0.62,1.00,TREND,-1.63,stressed,-11.08,-4100,dir,-9984.32
195.203,167,134.0,48875.32,48875.32,23241,-23241,155.39,155.4,155.4624,-18.73,0.93,1.00,TREND,-1.50,stressed,-11.06,-19141,dir,59851.36,102.43,102.44,102.3397,20.76,0.69,1.00,TREND,1.76,stressed,16.16,0,mm,47.32,23.68,23.69,23.7485,-15.56,0.57,1.00,TREND,-1.63,stressed,-11.08,-4100,dir,-9984.32
195.414,168,132.5,49914.37,49914.37,23241,-23241,155.38,155.39,155.4550,-18.62,0.93,1.00,TREND,-1.50,stressed,-11.13,-19141,dir,59851.36,102.44,102.45,102.3497,20.78,0.69,1.00,TREND,1.76,stressed,16.16,0,mm,47.32,23.67,23.68,23.7415,-15.56,0.57,1.00,TREND,-1.63,stressed,-11.08,-4100,dir,-9984.32
195.441,168,132.5,49914.37,49914.37,23241,-23241,155.38,155.39,155.4541,-18.60,0.93,1.00,TREND,-1.50,stressed,-11.13,-19141,dir,59851.36,102.44,102.45,102.3509,20.77,0.69,1.00,TREND,1.76,stressed,16.16,0,mm,47.32,23.67,23.68,23.7407,-15.55,0.57,1.00,TREND,-1.63,stressed,-11.08,-4100,dir,-9984.32
195.455,168,132.5,49914.37,49914.37,23241,-23241,155.38,155.39,155.4536,-18.58,0.93,1.00,TREND,-1.49,stressed,-11.13,-19141,dir,59851.36,102.44,102.45,102.3515,20.76,0.69,1.00,TREND,1.73,stressed,16.16,0,mm,47.32,23.67,23.68,23.7402,-15.55,0.57,1.00,TREND,-1.62,stressed,-11.08,-4100,dir,-9984.32
195.541,168,132.5,49914.37,49914.37,23241,-23241,155.38,155.39,155.4509,-18.50,0.93,1.00,TREND,-1.49,stressed,-11.13,-19141,dir,59851.36,102.45,102.46,102.3556,20.78,0.69,1.00,TREND,1.73,stressed,16.16,0,mm,47.32,23.66,23.67,23.7373,-15.57,0.57,1.00,TREND,-1.62,stressed,-11.08,-4100,dir,-9984.32
195.577,168,132.5,49914.37,49914.37,23241,-23241,155.38,155.39,155.4498,-18.46,0.93,1.00,TREND,-1.49,stressed,-11.13,-19141,dir,59851.36,102.45,102.46,102.3573,20.78,0.69,1.00,TREND,1.73,stressed,16.16,0,mm,47.32,23.66,23.67,23.7361,-15.58,0.57,1.00,TREND,-1.62,stressed,-11.08,-4100,dir,-9984.32
195.603,168,132.5,49914.37,49914.37,23241,-23241,155.38,155.39,155.4490,-18.43,0.93,1.00,TREND,-1.49,stressed,-11.13,-19141,dir,59851.36,102.45,102.46,102.3585,20.78,0.69,1.00,TREND,1.73,stressed,16.16,0,mm,47.32,23.66,23.67,23.7352,-15.58,0.57,1.00,TREND,-1.62,stressed,-11.08,-4100,dir,-9984.32
195.623,168,132.5,49914.37,49914.37,23241,-23241,155.38,155.39,155.4484,-18.40,0.93,1.00,TREND,-1.49,stressed,-11.13,-19141,dir,59851.36,102.45,102.46,102.3594,20.77,0.69,1.00,TREND,1.73,stressed,16.16,0,mm,47.32,23.66,23.67,23.7345,-15.58,0.57,1.00,TREND,-1.62,stressed,-11.08,-4100,dir,-9984.32
195.646,168,132.5,49914.37,49914.37,23241,-23241,155.38,155.39,155.4478,-18.38,0.93,1.00,TREND,-1.49,stressed,-11.13,-19141,dir,59851.36,102.45,102.46,102.3604,20.77,0.69,1.00,TREND,1.73,stressed,16.16,0,mm,47.32,23.66,23.67,23.7338,-15.58,0.57,1.00,TREND,-1.62,stressed,-11.08,-4100,dir,-9984.32
195.678,168,132.5,49914.37,49914.37,23241,-23241,155.38,155.39,155.4468,-18.33,0.93,1.00,TREND,-1.49,stressed,-11.13,-19141,dir,59851.36,102.45,102.46,102.3618,20.76,0.69,1.00,TREND,1.73,stressed,16.16,0,mm,47.32,23.66,23.67,23.7328,-15.57,0.57,1.00,TREND,-1.62,stressed,-11.08,-4100,dir,-9984.32
195.975,168,132.5,49914.37,49914.37,23241,-23241,155.38,155.39,155.4388,-17.88,0.94,1.00,TREND,-1.44,stressed,-11.13,-19141,dir,59851.36,102.45,102.46,102.3739,20.51,0.67,1.00,TREND,1.71,stressed,16.16,0,mm,47.32,23.65,23.66,23.7227,-15.63,0.62,1.00,TREND,-1.65,stressed,-11.08,-4100,dir,-9984.32
196.245,169,131.4,50461.19,50461.19,23241,-23241,155.35,155.37,155.4294,-17.85,0.94,1.00,TREND,-1.49,stressed,-12.18,-19141,dir,60234.18,102.47,102.48,102.3860,20.49,0.67,1.00,TREND,1.73,stressed,17.58,0,mm,47.32,23.64,23.65,23.7134,-15.67,0.62,1.00,TREND,-1.64,stressed,-12.46,-4100,dir,-9820.32
196.380,169,131.4,50461.19,50461.19,23241,-23241,155.34,155.35,155.4242,-17.91,0.94,1.00,TREND,-1.49,stressed,-12.18,-19141,dir,60234.18,102.48,102.49,102.3921,20.50,0.67,1.00,TREND,1.73,stressed,17.58,0,mm,47.32,23.63,23.64,23.7086,-15.72,0.62,1.00,TREND,-1.64,stressed,-12.46,-4100,dir,-9820.32
196.406,169,131.4,50461.19,50461.19,23241,-23241,155.34,155.35,155.4232,-17.92,0.94,1.00,TREND,-1.49,stressed,-12.18,-19141,dir,60234.18,102.48,102.49,102.3932,20.49,0.67,1.00,TREND,1.73,stressed,17.58,0,mm,47.32,23.63,23.64,23.7077,-15.72,0.62,1.00,TREND,-1.64,stressed,-12.46,-4100,dir,-9820.32
196.684,169,131.4,50461.19,50461.19,23241,-23241,155.34,155.35,155.4136,-17.84,1.02,1.00,TREND,-1.50,stressed,-12.18,-19141,dir,60234.18,102.48,102.49,102.4045,20.30,0.65,1.00,TREND,1.71,stressed,17.58,0,mm,47.32,23.63,23.64,23.6987,-15.65,0.56,1.00,TREND,-1.63,stressed,-12.46,-4100,dir,-9820.32
196.733,169,131.8,50461.19,50461.19,23241,-23241,155.32,155.34,155.4117,-17.87,1.02,1.00,TREND,-1.50,stressed,-12.18,-19141,dir,60234.18,102.49,102.51,102.4067,20.30,0.65,1.00,TREND,1.71,stressed,17.58,0,mm,47.32,23.62,23.63,23.6970,-15.66,0.56,1.00,TREND,-1.63,stressed,-12.46,-4100,dir,-9820.32
196.760,169,131.8,50461.19,50461.19,23241,-23241,155.32,155.34,155.4106,-17.88,1.02,1.00,TREND,-1.50,stressed,-12.18,-19141,dir,60234.18,102.49,102.51,102.4079,20.30,0.65,1.00,TREND,1.71,stressed,17.58,0,mm,47.32,23.62,23.63,23.6961,-15.66,0.56,1.00,TREND,-1.63,stressed,-12.46,-4100,dir,-9820.32
196.804,169,131.8,50461.19,50461.19,23241,-23241,155.31,155.32,155.4087,-17.94,1.02,1.00,TREND,-1.50,stressed,-12.18,-19141,dir,60234.18,102.51,102.52,102.4101,20.35,0.65,1.00,TREND,1.71,stressed,17.58,0,mm,47.32,23.61,23.62,23.6945,-15.69,0.56,1.00,TREND,-1.63,stressed,-12.46,-4100,dir,-9820.32
196.837,169,131.8,50461.19,50461.19,23241,-23241,155.31,155.32,155.4072,-17.98,1.02,1.00,TREND,-1.50,stressed,-12.18,-19141,dir,60234.18,102.51,102.52,102.4117,20.37,0.65,1.00,TREND,1.71,stressed,17.58,0,mm,47.32,23.61,23.62,23.6932,-15.71,0.56,1.00,TREND,-1.63,stressed,-12.46,-4100,dir,-9820.32
196.865,169,131.8,50461.19,50461.19,23241,-23241,155.31,155.32,155.4061,-18.01,1.02,1.00,TREND,-1.50,stressed,-12.18,-19141,dir,61382.64,102.51,102.52,102.4130,20.39,0.65,1.00,TREND,1.71,stressed,17.58,0,mm,47.32,23.61,23.62,23.6923,-15.73,0.56,1.00,TREND,-1.63,stressed,-12.46,-4100,dir,-9656.32
196.936,169,131.8,50461.19,50461.19,23241,-23241,155.31,155.32,155.4031,-18.08,1.02,1.00,TREND,-1.56,stressed,-12.18,-19141,dir,61382.64,102.51,102.52,102.4163,20.43,0.65,1.00,TREND,1.76,stressed,17.58,0,mm,47.32,23.61,23.62,23.6897,-15.75,0.56,1.00,TREND,-1.67,stressed,-12.46,-4100,dir,-9656.32
197.025,169,131.8,50461.19,50461.19,23241,-23241,155.31,155.32,155.3994,-18.13,1.02,1.00,TREND,-1.56,stressed,-12.18,-19141,dir,61382.64,102.51,102.52,102.4204,20.45,0.65,1.00,TREND,1.76,stressed,17.58,0,mm,47.32,23.61,23.62,23.6866,-15.76,0.56,1.00,TREND,-1.67,stressed,-12.46,-4100,dir,-9656.32
197.147,169,131.8,50461.19,50461.19,23241,-23241,155.3,155.31,155.3942,-18.25,1.02,1.00,TREND,-1.56,stressed,-12.18,-19141,dir,61382.64,102.52,102.53,102.4262,20.52,0.65,1.00,TREND,1.76,stressed,17.58,0,mm,47.32,23.61,23.62,23.6827,-15.74,0.56,1.00,TREND,-1.67,stressed,-12.46,-4100,dir,-9656.32
197.196,169,131.8,50461.19,50461.19,23241,-23241,155.3,155.31,155.3922,-18.28,1.08,1.00,TREND,-1.55,stressed,-12.18,-19141,dir,61382.64,102.52,102.53,102.4285,20.53,0.72,1.00,TREND,1.73,stressed,17.58,0,mm,47.32,23.61,23.62,23.6811,-15.72,0.51,1.00,TREND,-1.61,stressed,-12.46,-4100,dir,-9656.32
197.406,170,130.5,51773.65,51773.65,23241,-23241,155.3,155.31,155.3840,-18.31,1.08,1.00,TREND,-1.55,stressed,-12.70,-19141,dir,61382.64,102.52,102.53,102.4376,20.48,0.72,1.00,TREND,1.73,stressed,17.58,0,mm,47.32,23.6,23.61,23.6739,-15.74,0.51,1.00,TREND,-1.61,stressed,-12.61,-4100,dir,-9656.32
197.611,170,130.5,51773.65,51773.65,23241,-23241,155.29,155.3,155.3758,-18.36,1.08,1.00,TREND,-1.54,stressed,-12.70,-19141,dir,61382.64,102.53,102.54,102.4465,20.45,0.72,1.00,TREND,1.71,stressed,17.58,0,mm,47.32,23.6,23.61,23.6676,-15.64,0.51,1.00,TREND,-1.61,stressed,-12.61,-4100,dir,-9656.32
197.700,170,130.5,51773.65,51773.65,23241,-23241,155.28,155.29,155.3720,-18.41,1.01,1.00,TREND,-1.54,stressed,-12.70,-19141,dir,61382.64,102.54,102.56,102.4508,20.50,0.66,1.00,TREND,1.71,stressed,17.58,0,mm,47.32,23.59,23.6,23.6646,-15.64,0.46,1.00,TREND,-1.61,stressed,-12.61,-4100,dir,-9656.32
197.759,170,130.8,51773.65,51773.65,23241,-23241,155.28,155.29,155.3697,-18.42,1.01,1.00,TREND,-1.54,stressed,-12.70,-19141,dir,61382.64,102.54,102.56,102.4535,20.52,0.66,1.00,TREND,1.71,stressed,17.58,0,mm,47.32,23.59,23.6,23.6627,-15.63,0.46,1.00,TREND,-1.61,stressed,-12.61,-4100,dir,-9656.32
197.896,170,130.8,51773.65,51773.65,23241,-23241,155.27,155.28,155.3638,-18.52,1.01,1.00,TREND,-1.57,stressed,-12.70,-19141,dir,61382.64,102.56,102.57,102.4604,20.66,0.66,1.00,TREND,1.76,stressed,17.58,0,mm,47.32,23.58,23.59,23.6579,-15.68,0.46,1.00,TREND,-1.65,stressed,-12.61,-4100,dir,-9656.32
197.979,170,130.8,51773.65,51773.65,23241,-23241,155.27,155.28,155.3605,-18.54,1.01,1.00,TREND,-1.57,stressed,-12.70,-19141,dir,62148.28,102.56,102.57,102.4643,20.71,0.66,1.00,TREND,1.76,stressed,17.58,0,mm,47.32,23.58,23.59,23.6552,-15.68,0.46,1.00,TREND,-1.65,stressed,-12.61,-4100,dir,-9533.32
198.186,170,130.8,51773.65,51773.65,23241,-23241,155.26,155.27,155.3516,-18.65,1.01,1.00,TREND,-1.56,stressed,-12.70,-19141,dir,62148.28,102.57,102.58,102.4746,20.86,0.66,1.00,TREND,1.74,stressed,17.58,0,mm,47.32,23.57,23.58,23.6477,-15.77,0.46,1.00,TREND,-1.64,stressed,-12.61,-4100,dir,-9533.32
198.245,170,130.8,51773.65,51773.65,23241,-23241,155.26,155.27,155.3492,-18.66,0.94,1.00,TREND,-1.56,stressed,-12.70,-19141,dir,62148.28,102.57,102.58,102.4774,20.87,0.61,1.00,TREND,1.74,stressed,17.58,0,mm,47.32,23.57,23.58,23.6457,-15.76,0.42,1.00,TREND,-1.64,stressed,-12.61,-4100,dir,-9533.32
198.350,171,129.5,52662.29,52662.29,23241,-23241,155.26,155.27,155.3451,-18.63,0.94,1.00,TREND,-1.56,stressed,-12.87,-19141,dir,62148.28,102.58,102.59,102.4826,20.93,0.61,1.00,TREND,1.74,stressed,16.87,0,mm,47.32,23.57,23.58,23.6423,-15.74,0.42,1.00,TREND,-1.64,stressed,-12.46,-4100,dir,-9533.32
198.402,171,129.5,52662.29,52662.29,23241,-23241,155.26,155.27,155.3432,-18.61,0.94,1.00,TREND,-1.56,stressed,-12.87,-19141,dir,62148.28,102.58,102.59,102.4850,20.95,0.61,1.00,TREND,1.74,stressed,16.87,0,mm,47.32,23.57,23.58,23.6407,-15.72,0.42,1.00,TREND,-1.64,stressed,-12.46,-4100,dir,-9533.32
198.457,171,129.5,52662.29,52662.29,23241,-23241,155.26,155.27,155.3412,-18.58,0.94,1.00,TREND,-1.51,stressed,-12.87,-19141,dir,62148.28,102.58,102.59,102.4876,20.95,0.61,1.00,TREND,1.72,stressed,16.87,0,mm,47.32,23.57,23.58,23.6390,-15.69,0.42,1.00,TREND,-1.59,stressed,-12.46,-4100,dir,-9533.32
198.629,171,129.5,52662.29,52662.29,23241,-23241,155.26,155.27,155.3352,-18.43,0.94,1.00,TREND,-1.51,stressed,-12.87,-19141,dir,62148.28,102.58,102.59,102.4952,20.90,0.61,1.00,TREND,1.72,stressed,16.87,0,mm,47.32,23.56,23.57,23.6332,-15.68,0.42,1.00,TREND,-1.59,stressed,-12.46,-4100,dir,-9533.32
198.663,171,129.5,52662.29,52662.29,23241,-23241,155.25,155.26,155.3340,-18.42,0.94,1.00,TREND,-1.51,stressed,-12.87,-19141,dir,62148.28,102.59,102.6,102.4968,20.90,0.61,1.00,TREND,1.72,stressed,16.87,0,mm,47.32,23.56,23.57,23.6321,-15.67,0.42,1.00,TREND,-1.59,stressed,-12.46,-4100,dir,-9533.32
198.684,171,129.5,52662.29,52662.29,23241,-23241,155.25,155.26,155.3332,-18.41,0.94,1.00,TREND,-1.51,stressed,-12.87,-19141,dir,62148.28,102.59,102.6,102.4978,20.90,0.61,1.00,TREND,1.72,stressed,16.87,0,mm,47.32,23.56,23.57,23.6314,-15.67,0.42,1.00,TREND,-1.59,stressed,-12.46,-4100,dir,-9533.32
198.759,171,129.5,52662.29,52662.29,23241,-23241,155.25,155.26,155.3305,-18.38,0.97,1.00,TREND,-1.51,stressed,-12.87,-19141,dir,62148.28,102.59,102.6,102.5012,20.89,0.60,1.00,TREND,1.70,stressed,16.87,0,mm,47.32,23.56,23.57,23.6291,-15.63,0.46,1.00,TREND,-1.59,stressed,-12.46,-4100,dir,-9533.32
198.953,171,129.9,52662.29,52662.29,23241,-23241,155.24,155.26,155.3235,-18.29,0.97,1.00,TREND,-1.51,stressed,-12.87,-19141,dir,62148.28,102.6,102.61,102.5102,20.93,0.60,1.00,TREND,1.70,stressed,16.87,0,mm,47.32,23.55,23.56,23.6227,-15.63,0.46,1.00,TREND,-1.59,stressed,-12.46,-4100,dir,-9533.32
198.992,171,129.9,52662.29,52662.29,23241,-23241,155.24,155.25,155.3220,-18.28,0.97,1.00,TREND,-1.51,stressed,-12.87,-19141,dir,62722.51,102.6,102.61,102.5119,20.92,0.60,1.00,TREND,1.70,stressed,16.87,0,mm,47.32,23.55,23.56,23.6214,-15.62,0.46,1.00,TREND,-1.59,stressed,-12.46,-4100,dir,-9410.32
199.020,171,129.9,52662.29,52662.29,23241,-23241,155.24,155.25,155.3211,-18.27,0.97,1.00,TREND,-1.51,stressed,-12.87,-19141,dir,62722.51,102.6,102.61,102.5131,20.91,0.60,1.00,TREND,1.68,stressed,16.87,0,mm,47.32,23.55,23.56,23.6206,-15.61,0.46,1.00,TREND,-1.59,stressed,-12.46,-4100,dir,-9410.32
199.225,171,129.9,52662.29,52662.29,23241,-23241,155.23,155.24,155.3132,-18.27,0.97,1.00,TREND,-1.51,stressed,-12.87,-19141,dir,62722.51,102.61,102.62,102.5224,20.92,0.60,1.00,TREND,1.68,stressed,16.87,0,mm,47.32,23.54,23.55,23.6137,-15.63,0.46,1.00,TREND,-1.59,stressed,-12.46,-4100,dir,-9410.32
199.252,171,129.9,52662.29,52662.29,23241,-23241,155.23,155.24,155.3122,-18.26,0.97,1.00,TREND,-1.51,stressed,-12.87,-19141,dir,62722.51,102.61,102.62,102.5236,20.91,0.60,1.00,TREND,1.68,stressed,16.87,0,mm,47.32,23.54,23.55,23.6128,-15.63,0.46,1.00,TREND,-1.59,stressed,-12.46,-4100,dir,-9410.32
199.286,171,129.9,52662.29,52662.29,23241,-23241,155.23,155.24,155.3110,-18.25,0.89,1.00,TREND,-1.51,stressed,-12.87,-19141,dir,62722.51,102.61,102.62,102.5250,20.89,0.59,1.00,TREND,1.66,stressed,16.87,0,mm,47.32,23.54,23.55,23.6118,-15.62,0.43,1.00,TREND,-1.59,stressed,-12.46,-4100,dir,-9410.32
199.524,172,128.6,53359.52,53359.52,23241,-23241,155.23,155.24,155.3029,-18.06,0.89,1.00,TREND,-1.51,stressed,-13.19,-19141,dir,62722.51,102.61,102.62,102.5346,20.68,0.59,1.00,TREND,1.66,stressed,18.48,0,mm,47.32,23.53,23.54,23.6036,-15.65,0.43,1.00,TREND,-1.59,stressed,-14.61,-4100,dir,-9410.32
199.556,172,128.6,53359.52,53359.52,23241,-23241,155.21,155.23,155.3017,-18.07,0.89,1.00,TREND,-1.52,stressed,-13.19,-19141,dir,62722.51,102.62,102.64,102.5360,20.68,0.59,1.00,TREND,1.66,stressed,18.48,0,mm,47.32,23.53,23.54,23.6026,-15.64,0.43,1.00,TREND,-1.59,stressed,-14.61,-4100,dir,-9410.32
199.697,172,128.6,53359.52,53359.52,23241,-23241,155.2,155.21,155.2954,-18.21,0.89,1.00,TREND,-1.52,stressed,-13.19,-19141,dir,62722.51,102.64,102.65,102.5430,20.80,0.59,1.00,TREND,1.66,stressed,18.48,0,mm,47.32,23.52,23.53,23.5976,-15.68,0.43,1.00,TREND,-1.59,stressed,-14.61,-4100,dir,-9410.32
199.744,172,128.6,53359.52,53359.52,23241,-23241,155.2,155.21,155.2935,-18.24,0.89,1.00,TREND,-1.52,stressed,-13.19,-19141,dir,62722.51,102.64,102.65,102.5453,20.82,0.59,1.00,TREND,1.66,stressed,18.48,0,mm,47.32,23.52,23.53,23.5960,-15.69,0.43,1.00,TREND,-1.59,stressed,-14.61,-4100,dir,-9410.32
199.780,172,128.6,53359.52,53359.52,23241,-23241,155.2,155.21,155.2920,-18.26,0.89,1.00,TREND,-1.52,stressed,-13.19,-19141,dir,62722.51,102.64,102.65,102.5469,20.83,0.59,1.00,TREND,1.66,stressed,18.48,0,mm,47.32,23.52,23.53,23.5948,-15.68,0.43,1.00,TREND,-1.59,stressed,-14.61,-4100,dir,-9410.32
199.812,172,128.6,53359.52,53359.52,23241,-23241,155.2,155.21,155.2907,-18.27,0.87,1.00,TREND,-1.54,stressed,-13.19,-19141,dir,62722.51,102.64,102.65,102.5484,20.84,0.58,1.00,TREND,1.67,stressed,18.48,0,mm,47.32,23.52,23.53,23.5938,-15.68,0.40,1.00,TREND,-1.59,stressed,-14.61,-4100,dir,-9410.32
200.113,173,127.3,54480.57,54480.57,23241,-23241,155.19,155.2,155.2780,-18.42,0.87,1.00,TREND,-1.54,stressed,-13.95,-19141,dir,63679.56,102.65,102.66,102.5625,20.91,0.58,1.00,TREND,1.65,stressed,18.48,0,mm,47.32,23.51,23.52,23.5833,-15.72,0.40,1.00,TREND,-1.59,stressed,-13.78,-4100,dir,-9246.32
200.243,173,127.3,54480.57,54480.57,23241,-23241,155.19,155.2,155.2731,-18.39,0.87,1.00,TREND,-1.54,stressed,-13.95,-19141,dir,63679.56,102.66,102.67,102.5686,20.95,0.58,1.00,TREND,1.65,stressed,18.48,0,mm,47.32,23.5,23.51,23.5787,-15.76,0.40,1.00,TREND,-1.59,stressed,-13.78,-4100,dir,-9246.32
200.300,173,127.3,54480.57,54480.57,23241,-23241,155.19,155.2,155.2711,-18.36,0.87,1.00,TREND,-1.54,stressed,-13.95,-19141,dir,63679.56,102.66,102.67,102.5711,20.94,0.58,1.00,TREND,1.65,stressed,18.48,0,mm,47.32,23.5,23.51,23.5768,-15.77,0.40,1.00,TREND,-1.59,stressed,-13.78,-4100,dir,-9246.32
200.537,173,127.3,54480.57,54480.57,23241,-23241,155.18,155.19,155.2621,-18.32,0.81,1.00,TREND,-1.54,stressed,-13.95,-19141,dir,63679.56,102.66,102.67,102.5809,20.80,0.57,1.00,TREND,1.64,stressed,18.48,0,mm,47.32,23.49,23.5,23.5682,-15.86,0.46,1.00,TREND,-1.64,stressed,-13.78,-4100,dir,-9246.32
200.797,173,127.8,54480.57,54480.57,23241,-23241,155.18,155.19,155.2531,-18.11,0.81,1.00,TREND,-1.50,stressed,-13.95,-19141,dir,63679.56,102.67,102.68,102.5919,20.67,0.57,1.00,TREND,1.63,stressed,18.48,0,mm,47.32,23.49,23.5,23.5597,-15.78,0.46,1.00,TREND,-1.59,stressed,-13.78,-4100,dir,-9246.32
201.249,173,127.8,54480.57,54480.57,23241,-23241,155.17,155.18,155.2382,-17.75,0.84,1.00,TREND,-1.50,stressed,-13.95,-19141,dir,64062.38,102.7,102.71,102.6135,20.91,0.65,1.00,TREND,1.68,stressed,18.48,0,mm,47.32,23.48,23.49,23.5454,-15.62,0.50,1.00,TREND,-1.60,stressed,-13.78,-4100,dir,-9123.32
201.316,174,126.4,54986.39,54986.39,23241,-23241,155.17,155.18,155.2363,-17.67,0.84,1.00,TREND,-1.50,stressed,-13.08,-19141,dir,64062.38,102.71,102.72,102.6166,20.93,0.65,1.00,TREND,1.68,stressed,17.77,0,mm,47.32,23.47,23.48,23.5433,-15.61,0.50,1.00,TREND,-1.60,stressed,-14.19,-4100,dir,-9123.32
201.393,174,126.4,54986.39,54986.39,23241,-23241,155.17,155.18,155.2340,-17.55,0.84,1.00,TREND,-1.50,stressed,-13.08,-19141,dir,64062.38,102.71,102.72,102.6202,20.93,0.65,1.00,TREND,1.68,stressed,17.77,0,mm,47.32,23.47,23.48,23.5408,-15.59,0.50,1.00,TREND,-1.60,stressed,-14.19,-4100,dir,-9123.32
201.466,174,126.4,54986.39,54986.39,23241,-23241,155.16,155.17,155.2317,-17.50,0.84,1.00,TREND,-1.50,stressed,-13.08,-19141,dir,64062.38,102.72,102.73,102.6237,20.97,0.65,1.00,TREND,1.68,stressed,17.77,0,mm,47.32,23.47,23.48,23.5386,-15.55,0.50,1.00,TREND,-1.60,stressed,-14.19,-4100,dir,-9123.32
201.514,174,126.4,54986.39,54986.39,23241,-23241,155.16,155.17,155.2302,-17.46,0.84,1.00,TREND,-1.50,stressed,-13.08,-19141,dir,64062.38,102.72,102.73,102.6259,20.99,0.65,1.00,TREND,1.70,stressed,17.77,0,mm,47.32,23.47,23.48,23.5372,-15.53,0.50,1.00,TREND,-1.60,stressed,-14.19,-4100,dir,-9123.32
201.542,174,126.4,54986.39,54986.39,23241,-23241,155.16,155.17,155.2293,-17.43,0.84,1.00,TREND,-1.50,stressed,-13.08,-19141,dir,64062.38,102.72,102.73,102.6273,20.99,0.65,1.00,TREND,1.70,stressed,17.77,0,mm,47.32,23.47,23.48,23.5363,-15.51,0.50,1.00,TREND,-1.60,stressed,-14.19,-4100,dir,-9123.32
201.592,174,126.4,54986.39,54986.39,23241,-23241,155.16,155.17,155.2278,-17.38,0.84,1.00,TREND,-1.50,stressed,-13.08,-19141,dir,64062.38,102.72,102.73,102.6296,20.99,0.65,1.00,TREND,1.70,stressed,17.77,0,mm,47.32,23.47,23.48,23.5349,-15.47,0.50,1.00,TREND,-1.60,stressed,-14.19,-4100,dir,-9123.32
201.613,174,126.4,54986.39,54986.39,23241,-23241,155.16,155.17,155.2272,-17.36,0.84,1.00,TREND,-1.50,stressed,-13.08,-19141,dir,64062.38,102.72,102.73,102.6305,20.99,0.65,1.00,TREND,1.70,stressed,17.77,0,mm,47.32,23.47,23.48,23.5343,-15.45,0.50,1.00,TREND,-1.60,stressed,-14.19,-4100,dir,-9123.32
201.776,174,126.4,54986.39,54986.39,23241,-23241,155.16,155.17,155.2226,-17.16,0.86,1.00,TREND,-1.47,stressed,-13.08,-19141,dir,64062.38,102.73,102.75,102.6385,21.10,0.66,1.00,TREND,1.70,stressed,17.77,0,mm,47.32,23.46,23.47,23.5292,-15.42,0.46,1.00,TREND,-1.60,stressed,-14.19,-4100,dir,-9123.32
202.096,174,127.0,54986.39,54986.39,23241,-23241,155.14,155.16,155.2125,-16.99,0.86,1.00,TREND,-1.49,stressed,-13.08,-19141,dir,64062.38,102.73,102.75,102.6527,21.03,0.66,1.00,TREND,1.65,stressed,17.77,0,mm,47.32,23.46,23.47,23.5203,-15.19,0.46,1.00,TREND,-1.56,stressed,-14.19,-4100,dir,-9123.32
202.296,174,127.0,54986.39,54986.39,23241,-23241,155.12,155.14,155.2051,-17.07,0.90,1.00,TREND,-1.49,stressed,-13.08,-19141,dir,64828.02,102.76,102.78,102.6632,21.26,0.62,1.00,TREND,1.65,stressed,17.77,0,mm,47.32,23.45,23.46,23.5144,-15.11,0.50,1.00,TREND,-1.56,stressed,-14.19,-4100,dir,-9000.32
202.364,175,125.4,55875.03,55875.03,23241,-23241,155.12,155.14,155.2028,-17.07,0.90,1.00,TREND,-1.52,stressed,-13.51,-19141,dir,64828.02,102.76,102.78,102.6665,21.30,0.62,1.00,TREND,1.71,stressed,18.71,0,mm,47.32,23.45,23.46,23.5126,-15.06,0.50,1.00,TREND,-1.56,stressed,-14.19,-4100,dir,-9000.32
202.481,175,125.4,55875.03,55875.03,23241,-23241,155.11,155.12,155.1980,-17.17,0.90,1.00,TREND,-1.52,stressed,-13.51,-19141,dir,64828.02,102.78,102.79,102.6729,21.45,0.62,1.00,TREND,1.71,stressed,18.71,0,mm,47.32,23.44,23.45,23.5089,-15.06,0.50,1.00,TREND,-1.56,stressed,-14.19,-4100,dir,-9000.32
202.559,175,125.4,55875.03,55875.03,23241,-23241,155.11,155.12,155.1950,-17.21,0.90,1.00,TREND,-1.52,stressed,-13.51,-19141,dir,64828.02,102.78,102.79,102.6770,21.52,0.62,1.00,TREND,1.71,stressed,18.71,0,mm,47.32,23.44,23.45,23.5066,-15.03,0.50,1.00,TREND,-1.56,stressed,-14.19,-4100,dir,-9000.32
202.601,175,125.4,55875.03,55875.03,23241,-23241,155.11,155.12,155.1935,-17.22,0.90,1.00,TREND,-1.52,stressed,-13.51,-19141,dir,64828.02,102.78,102.79,102.6791,21.54,0.62,1.00,TREND,1.71,stressed,18.71,0,mm,47.32,23.44,23.45,23.5054,-15.01,0.50,1.00,TREND,-1.56,stressed,-14.19,-4100,dir,-9000.32
202.631,175,125.4,55875.03,55875.03,23241,-23241,155.11,155.12,155.1924,-17.22,0.90,1.00,TREND,-1.54,stressed,-13.51,-19141,dir,64828.02,102.78,102.79,102.6805,21.55,0.62,1.00,TREND,1.71,stressed,18.71,0,mm,47.32,23.44,23.45,23.5046,-15.00,0.50,1.00,TREND,-1.57,stressed,-14.19,-4100,dir,-9000.32
202.762,175,125.4,55875.03,55875.03,23241,-23241,155.1,155.11,155.1871,-17.31,0.90,1.00,TREND,-1.54,stressed,-13.51,-19141,dir,64828.02,102.79,102.8,102.6874,21.66,0.62,1.00,TREND,1.71,stressed,18.71,0,mm,47.32,23.44,23.45,23.5010,-14.91,0.50,1.00,TREND,-1.57,stressed,-14.19,-4100,dir,-9000.32
202.797,175,125.4,55875.03,55875.03,23241,-23241,155.1,155.11,155.1858,-17.32,0.85,1.00,TREND,-1.54,stressed,-13.51,-19141,dir,64828.02,102.79,102.8,102.6892,21.67,0.58,1.00,TREND,1.71,stressed,18.71,0,mm,47.32,23.44,23.45,23.5001,-14.88,0.52,1.00,TREND,-1.57,stressed,-14.19,-4100,dir,-9000.32
202.845,175,125.8,55875.03,55875.03,23241,-23241,155.1,155.11,155.1840,-17.33,0.85,1.00,TREND,-1.54,stressed,-13.51,-19141,dir,64828.02,102.79,102.8,102.6915,21.69,0.58,1.00,TREND,1.71,stressed,18.71,0,mm,47.32,23.44,23.45,23.4988,-14.84,0.52,1.00,TREND,-1.57,stressed,-14.19,-4100,dir,-9000.32
203.064,175,125.8,55875.03,55875.03,23241,-23241,155.1,155.11,155.1763,-17.29,0.85,1.00,TREND,-1.54,stressed,-13.51,-19141,dir,64828.02,102.8,102.81,102.7026,21.79,0.58,1.00,TREND,1.72,stressed,18.71,0,mm,47.32,23.43,23.44,23.4926,-14.76,0.52,1.00,TREND,-1.57,stressed,-14.19,-4100,dir,-9000.32
203.509,175,125.8,55875.03,55875.03,23241,-23241,155.1,155.11,155.1628,-16.88,0.96,1.00,TREND,-1.50,stressed,-13.51,-19141,dir,65402.25,102.8,102.81,102.7220,21.48,0.68,1.00,TREND,1.67,stressed,18.71,0,mm,47.32,23.43,23.44,23.4817,-14.34,0.54,1.00,TREND,-1.53,stressed,-14.19,-4100,dir,-8918.32
203.610,176,124.6,56531.26,56531.26,23241,-23241,155.09,155.1,155.1597,-16.81,0.96,1.00,TREND,-1.50,stressed,-13.35,-19141,dir,65402.25,102.82,102.83,102.7267,21.50,0.68,1.00,TREND,1.67,stressed,18.51,0,mm,47.32,23.41,23.42,23.4786,-14.37,0.54,1.00,TREND,-1.53,stressed,-14.71,-4100,dir,-8918.32
203.646,176,124.6,56531.26,56531.26,23241,-23241,155.09,155.1,155.1586,-16.79,0.96,1.00,TREND,-1.50,stressed,-13.35,-19141,dir,65402.25,102.82,102.83,102.7284,21.49,0.68,1.00,TREND,1.67,stressed,18.51,0,mm,47.32,23.41,23.42,23.4776,-14.37,0.54,1.00,TREND,-1.53,stressed,-14.71,-4100,dir,-8918.32
203.728,176,124.6,56531.26,56531.26,23241,-23241,155.08,155.09,155.1558,-16.78,0.96,1.00,TREND,-1.50,stressed,-13.35,-19141,dir,65402.25,102.82,102.83,102.7320,21.46,0.68,1.00,TREND,1.67,stressed,18.51,0,mm,47.32,23.41,23.42,23.4752,-14.37,0.54,1.00,TREND,-1.53,stressed,-14.71,-4100,dir,-8918.32
203.764,176,124.6,56531.26,56531.26,23241,-23241,155.08,155.09,155.1546,-16.77,0.96,1.00,TREND,-1.55,stressed,-13.35,-19141,dir,65402.25,102.83,102.85,102.7339,21.49,0.68,1.00,TREND,1.74,stressed,18.51,0,mm,47.32,23.41,23.42,23.4742,-14.36,0.54,1.00,TREND,-1.58,stressed,-14.71,-4100,dir,-8918.32
203.855,176,124.6,56531.26,56531.26,23241,-23241,155.08,155.09,155.1517,-16.73,0.96,1.00,TREND,-1.55,stressed,-13.35,-19141,dir,65402.25,102.83,102.85,102.7383,21.52,0.68,1.00,TREND,1.74,stressed,18.51,0,mm,47.32,23.41,23.42,23.4717,-14.33,0.54,1.00,TREND,-1.58,stressed,-14.71,-4100,dir,-8918.32
203.979,176,124.6,56531.26,56531.26,23241,-23241,155.08,155.09,155.1479,-16.65,0.96,1.00,TREND,-1.55,stressed,-13.35,-19141,dir,65785.07,102.85,102.86,102.7449,21.66,0.68,1.00,TREND,1.74,stressed,18.51,0,mm,47.32,23.4,23.41,23.4679,-14.35,0.54,1.00,TREND,-1.58,stressed,-14.71,-4100,dir,-8795.32
204.282,176,124.6,56531.26,56531.26,23241,-23241,155.08,155.09,155.1396,-16.32,0.87,1.00,TREND,-1.51,stressed,-13.35,-19141,dir,65785.07,102.85,102.86,102.7595,21.71,0.83,1.00,TREND,1.73,stressed,18.51,0,mm,47.32,23.4,23.41,23.4596,-14.26,0.60,1.00,TREND,-1.59,stressed,-14.71,-4100,dir,-8795.32
204.427,177,123.5,57037.08,57037.08,23241,-23241,155.06,155.08,155.1350,-16.29,0.87,1.00,TREND,-1.51,stressed,-12.70,-19141,dir,65785.07,102.86,102.87,102.7665,21.73,0.83,1.00,TREND,1.73,stressed,18.51,0,mm,47.32,23.39,23.4,23.4553,-14.26,0.60,1.00,TREND,-1.59,stressed,-13.91,-4100,dir,-8795.32
204.555,177,123.5,57037.08,57037.08,23241,-23241,155.05,155.06,155.1303,-16.36,0.87,1.00,TREND,-1.59,stressed,-12.70,-19141,dir,65785.07,102.87,102.88,102.7728,21.78,0.83,1.00,TREND,1.75,stressed,18.51,0,mm,47.32,23.39,23.4,23.4518,-14.22,0.60,1.00,TREND,-1.59,stressed,-13.91,-4100,dir,-8795.32
204.683,177,123.5,57037.08,57037.08,23241,-23241,155.05,155.06,155.1259,-16.38,0.87,1.00,TREND,-1.59,stressed,-12.70,-19141,dir,65785.07,102.87,102.88,102.7788,21.76,0.83,1.00,TREND,1.75,stressed,18.51,0,mm,47.32,23.39,23.4,23.4485,-14.15,0.60,1.00,TREND,-1.59,stressed,-13.91,-4100,dir,-8795.32
204.803,177,123.5,57037.08,57037.08,23241,-23241,155.04,155.05,155.1214,-16.44,0.96,1.00,TREND,-1.59,stressed,-12.70,-19141,dir,65785.07,102.88,102.89,102.7847,21.79,0.76,1.00,TREND,1.75,stressed,18.51,0,mm,47.32,23.38,23.39,23.4450,-14.15,0.56,1.00,TREND,-1.59,stressed,-13.91,-4100,dir,-8795.32
204.862,177,123.8,57037.08,57037.08,23241,-23241,155.04,155.05,155.1194,-16.46,0.96,1.00,TREND,-1.60,stressed,-12.70,-19141,dir,65785.07,102.88,102.89,102.7874,21.78,0.76,1.00,TREND,1.73,stressed,18.51,0,mm,47.32,23.38,23.39,23.4434,-14.14,0.56,1.00,TREND,-1.59,stressed,-13.91,-4100,dir,-8795.32
205.045,177,123.8,57037.08,57037.08,23241,-23241,155.04,155.05,155.1132,-16.44,0.96,1.00,TREND,-1.60,stressed,-12.70,-19141,dir,66550.71,102.89,102.9,102.7963,21.82,0.76,1.00,TREND,1.73,stressed,18.51,0,mm,47.32,23.38,23.39,23.4385,-14.05,0.56,1.00,TREND,-1.59,stressed,-13.91,-4100,dir,-8713.32
205.116,177,123.8,57037.08,57037.08,23241,-23241,155.03,155.04,155.1107,-16.46,0.96,1.00,TREND,-1.60,stressed,-12.70,-19141,dir,66550.71,102.89,102.9,102.7995,21.80,0.76,1.00,TREND,1.71,stressed,18.51,0,mm,47.32,23.38,23.39,23.4368,-14.00,0.56,1.00,TREND,-1.55,stressed,-13.91,-4100,dir,-8713.32
205.168,177,123.8,57037.08,57037.08,23241,-23241,155.03,155.04,155.1089,-16.47,0.96,1.00,TREND,-1.60,stressed,-12.70,-19141,dir,66550.71,102.89,102.9,102.8018,21.77,0.76,1.00,TREND,1.71,stressed,18.51,0,mm,47.32,23.38,23.39,23.4355,-13.96,0.56,1.00,TREND,-1.55,stressed,-13.91,-4100,dir,-8713.32
205.267,177,123.8,57037.08,57037.08,23241,-23241,155.03,155.04,155.1055,-16.47,0.96,1.00,TREND,-1.60,stressed,-12.70,-19141,dir,66550.71,102.89,102.9,102.8061,21.70,0.76,1.00,TREND,1.71,stressed,18.51,0,mm,47.32,23.38,23.39,23.4332,-13.87,0.56,1.00,TREND,-1.55,stressed,-13.91,-4100,dir,-8713.32
205.612,177,123.8,57037.08,57037.08,23241,-23241,155.02,155.03,155.0934,-16.49,0.88,1.00,TREND,-1.60,stressed,-12.70,-19141,dir,66550.71,102.9,102.92,102.8216,21.60,0.72,1.00,TREND,1.70,stressed,18.51,0,mm,47.32,23.37,23.38,23.4245,-13.70,0.58,1.00,TREND,-1.56,stressed,-13.91,-4100,dir,-8713.32
205.812,178,122.7,57884.72,57884.72,23241,-23241,155.01,155.02,155.0864,-16.51,0.88,1.00,TREND,-1.60,stressed,-12.93,-19141,dir,66550.71,102.93,102.94,102.8317,21.75,0.72,1.00,TREND,1.70,stressed,17.25,0,mm,47.32,23.36,23.37,23.4192,-13.67,0.58,1.00,TREND,-1.56,stressed,-14.02,-4100,dir,-8713.32
205.844,178,122.7,57884.72,57884.72,23241,-23241,155.01,155.02,155.0853,-16.50,0.88,1.00,TREND,-1.60,stressed,-12.93,-19141,dir,66550.71,102.93,102.94,102.8333,21.75,0.72,1.00,TREND,1.70,stressed,17.25,0,mm,47.32,23.36,23.37,23.4184,-13.65,0.58,1.00,TREND,-1.56,stressed,-14.02,-4100,dir,-8713.32
205.875,178,122.7,57884.72,57884.72,23241,-23241,155.01,155.02,155.0844,-16.50,0.88,1.00,TREND,-1.61,stressed,-12.93,-19141,dir,66550.71,102.93,102.94,102.8347,21.76,0.72,1.00,TREND,1.73,stressed,17.25,0,mm,47.32,23.36,23.37,23.4176,-13.64,0.58,1.00,TREND,-1.57,stressed,-14.02,-4100,dir,-8713.32
206.016,178,122.7,57884.72,57884.72,23241,-23241,155.01,155.02,155.0799,-16.42,0.88,1.00,TREND,-1.61,stressed,-12.93,-19141,dir,67124.94,102.94,102.96,102.8421,21.88,0.72,1.00,TREND,1.73,stressed,17.25,0,mm,47.32,23.35,23.36,23.4136,-13.65,0.58,1.00,TREND,-1.57,stressed,-14.02,-4100,dir,-8590.32
206.122,178,122.7,57884.72,57884.72,23241,-23241,155.0,155.01,155.0763,-16.42,0.81,1.00,TREND,-1.61,stressed,-12.93,-19141,dir,67124.94,102.96,102.97,102.8481,22.04,0.89,1.00,TREND,1.73,stressed,17.25,0,mm,47.32,23.35,23.36,23.4108,-13.64,0.54,1.00,TREND,-1.57,stressed,-14.02,-4100,dir,-8590.32
206.162,179,121.3,58581.95,58581.95,23241,-23241,155.0,155.01,155.0749,-16.41,0.81,1.00,TREND,-1.61,stressed,-11.92,-19141,dir,67124.94,102.96,102.97,102.8503,22.09,0.89,1.00,TREND,1.78,stressed,16.16,0,mm,47.32,23.35,23.36,23.4097,-13.62,0.54,1.00,TREND,-1.57,stressed,-12.39,-4100,dir,-8590.32
206.265,179,121.3,58581.95,58581.95,23241,-23241,155.0,155.01,155.0716,-16.37,0.81,1.00,TREND,-1.61,stressed,-11.92,-19141,dir,67124.94,102.96,102.97,102.8557,22.16,0.89,1.00,TREND,1.78,stressed,16.16,0,mm,47.32,23.35,23.36,23.4071,-13.57,0.54,1.00,TREND,-1.57,stressed,-12.39,-4100,dir,-8590.32
206.363,179,121.3,58581.95,58581.95,23241,-23241,154.99,155.0,155.0682,-16.39,0.81,1.00,TREND,-1.61,stressed,-11.92,-19141,dir,67124.94,102.97,102.98,102.8611,22.27,0.89,1.00,TREND,1.78,stressed,16.16,0,mm,47.32,23.34,23.35,23.4043,-13.59,0.54,1.00,TREND,-1.57,stressed,-12.39,-4100,dir,-8590.32
206.399,179,121.3,58581.95,58581.95,23241,-23241,154.99,155.0,155.0669,-16.38,0.81,1.00,TREND,-1.61,stressed,-11.92,-19141,dir,67124.94,102.97,102.98,102.8631,22.30,0.89,1.00,TREND,1.78,stressed,16.16,0,mm,47.32,23.34,23.35,23.4033,-13.59,0.54,1.00,TREND,-1.57,stressed,-12.39,-4100,dir,-8590.32
206.422,179,121.3,58581.95,58581.95,23241,-23241,154.99,155.0,155.0661,-16.38,0.81,1.00,TREND,-1.61,stressed,-11.92,-19141,dir,67124.94,102.97,102.98,102.8643,22.31,0.89,1.00,TREND,1.75,stressed,16.16,0,mm,47.32,23.34,23.35,23.4027,-13.58,0.54,1.00,TREND,-1.58,stressed,-12.39,-4100,dir,-8590.32
206.486,179,121.3,58581.95,58581.95,23241,-23241,154.99,155.0,155.0640,-16.37,0.81,1.00,TREND,-1.61,stressed,-11.92,-19141,dir,67124.94,102.97,102.98,102.8676,22.33,0.89,1.00,TREND,1.75,stressed,16.16,0,mm,47.32,23.34,23.35,23.4010,-13.57,0.54,1.00,TREND,-1.58,stressed,-12.39,-4100,dir,-8590.32
206.752,179,121.3,58581.95,58581.95,23241,-23241,154.98,154.99,155.0548,-16.39,0.74,1.00,TREND,-1.61,stressed,-11.92,-19141,dir,67124.94,102.98,103.0,102.8818,22.55,0.85,1.00,TREND,1.75,stressed,16.16,0,mm,47.32,23.33,23.34,23.3933,-13.62,0.51,1.00,TREND,-1.58,stressed,-12.39,-4100,dir,-8590.32
206.839,179,121.7,58581.95,58581.95,23241,-23241,154.98,154.99,155.0519,-16.35,0.74,1.00,TREND,-1.61,stressed,-11.92,-19141,dir,67124.94,103.0,103.01,102.8869,22.65,0.85,1.00,TREND,1.75,stressed,16.16,0,mm,47.32,23.32,23.33,23.3904,-13.67,0.51,1.00,TREND,-1.58,stressed,-12.39,-4100,dir,-8590.32
207.073,179,121.7,58581.95,58581.95,23241,-23241,154.97,154.98,155.0439,-16.34,0.74,1.00,TREND,-1.62,stressed,-11.92,-19141,dir,67124.94,103.0,103.01,102.8992,22.75,0.85,1.00,TREND,1.74,stressed,16.16,0,mm,47.32,23.32,23.33,23.3837,-13.70,0.51,1.00,TREND,-1.59,stressed,-12.39,-4100,dir,-8590.32
207.128,179,121.7,58581.95,58581.95,23241,-23241,154.97,154.98,155.0422,-16.32,0.74,1.00,TREND,-1.62,stressed,-11.92,-19141,dir,67890.58,103.02,103.04,102.9025,22.85,0.85,1.00,TREND,1.74,stressed,16.16,0,mm,47.32,23.32,23.33,23.3822,-13.68,0.51,1.00,TREND,-1.59,stressed,-12.39,-4100,dir,-8467.32
207.180,179,121.7,58581.95,58581.95,23241,-23241,154.97,154.98,155.0405,-16.29,0.74,1.00,TREND,-1.62,stressed,-11.92,-19141,dir,67890.58,103.02,103.04,102.9056,22.93,0.85,1.00,TREND,1.74,stressed,16.16,0,mm,47.32,23.32,23.33,23.3808,-13.67,0.51,1.00,TREND,-1.59,stressed,-12.39,-4100,dir,-8467.32
207.455,179,121.7,58581.95,58581.95,23241,-23241,154.97,154.98,155.0326,-16.06,0.77,1.00,TREND,-1.58,stressed,-11.92,-19141,dir,67890.58,103.02,103.04,102.9207,23.10,0.86,1.00,TREND,1.77,stressed,16.16,0,mm,47.32,23.32,23.33,23.3740,-13.49,0.53,1.00,TREND,-1.55,stressed,-12.39,-4100,dir,-8467.32
207.586,180,120.6,59470.59,59470.59,23241,-23241,154.95,154.97,155.0285,-16.05,0.77,1.00,TREND,-1.58,stressed,-13.02,-19141,dir,67890.58,103.04,103.07,102.9283,23.31,0.86,1.00,TREND,1.77,stressed,13.57,0,mm,47.32,23.31,23.32,23.3707,-13.47,0.53,1.00,TREND,-1.55,stressed,-12.39,-4100,dir,-8467.32
207.635,180,120.6,59470.59,59470.59,23241,-23241,154.94,154.95,155.0263,-16.10,0.77,1.00,TREND,-1.58,stressed,-13.02,-19141,dir,67890.58,103.07,103.08,102.9321,23.46,0.86,1.00,TREND,1.77,stressed,13.57,0,mm,47.32,23.3,23.31,23.3689,-13.49,0.53,1.00,TREND,-1.55,stressed,-12.39,-4100,dir,-8467.32
207.667,180,120.6,59470.59,59470.59,23241,-23241,154.94,154.95,155.0251,-16.13,0.77,1.00,TREND,-1.58,stressed,-13.02,-19141,dir,67890.58,103.07,103.08,102.9342,23.54,0.86,1.00,TREND,1.77,stressed,13.57,0,mm,47.32,23.3,23.31,23.3680,-13.50,0.53,1.00,TREND,-1.55,stressed,-12.39,-4100,dir,-8467.32
207.685,180,120.6,59470.59,59470.59,23241,-23241,154.94,154.95,155.0244,-16.14,0.77,1.00,TREND,-1.58,stressed,-13.02,-19141,dir,67890.58,103.07,103.08,102.9355,23.58,0.86,1.00,TREND,1.77,stressed,13.57,0,mm,47.32,23.3,23.31,23.3675,-13.51,0.53,1.00,TREND,-1.55,stressed,-12.39,-4100,dir,-8467.32
207.715,180,120.6,59470.59,59470.59,23241,-23241,154.94,154.95,155.0233,-16.15,0.77,1.00,TREND,-1.67,stressed,-13.02,-19141,dir,67890.58,103.07,103.08,102.9374,23.64,0.86,1.00,TREND,1.86,stressed,13.57,0,mm,47.32,23.3,23.31,23.3666,-13.51,0.53,1.00,TREND,-1.61,stressed,-12.39,-4100,dir,-8467.32
207.825,180,120.6,59470.59,59470.59,23241,-23241,154.94,154.95,155.0193,-16.19,0.77,1.00,TREND,-1.67,stressed,-13.02,-19141,dir,67890.58,103.07,103.08,102.9444,23.83,0.86,1.00,TREND,1.86,stressed,13.57,0,mm,47.32,23.29,23.3,23.3630,-13.60,0.53,1.00,TREND,-1.61,stressed,-12.39,-4100,dir,-8467.32
208.018,180,120.6,59470.59,59470.59,23241,-23241,154.92,154.94,155.0116,-16.38,0.91,1.00,TREND,-1.69,stressed,-13.02,-19141,dir,67890.58,103.08,103.09,102.9565,24.12,0.99,1.00,TREND,1.83,stressed,13.57,0,mm,47.32,23.29,23.3,23.3571,-13.66,0.59,1.00,TREND,-1.62,stressed,-12.39,-4100,dir,-8467.32
208.224,181,119.3,60359.23,60359.23,23241,-23241,154.91,154.94,155.0036,-16.51,0.91,1.00,TREND,-1.69,stressed,-12.97,-19141,dir,68656.22,103.12,103.13,102.9721,24.82,0.99,1.00,TREND,1.83,stressed,14.07,0,mm,47.32,23.28,23.29,23.3504,-13.78,0.59,1.00,TREND,-1.62,stressed,-12.39,-4100,dir,-8344.32
208.258,181,119.3,60359.23,60359.23,23241,-23241,154.91,154.94,155.0024,-16.52,0.91,1.00,TREND,-1.69,stressed,-12.97,-19141,dir,68656.22,103.12,103.13,102.9745,24.90,0.99,1.00,TREND,1.83,stressed,14.07,0,mm,47.32,23.28,23.29,23.3494,-13.79,0.59,1.00,TREND,-1.62,stressed,-12.39,-4100,dir,-8344.32
208.333,181,119.3,60359.23,60359.23,23241,-23241,154.9,154.91,154.9990,-16.64,0.91,1.00,TREND,-1.76,stressed,-12.97,-19141,dir,68656.22,103.13,103.14,102.9801,25.11,0.99,1.00,TREND,1.93,stressed,14.07,0,mm,47.32,23.27,23.28,23.3468,-13.85,0.59,1.00,TREND,-1.67,stressed,-12.39,-4100,dir,-8344.32
208.357,181,119.3,60359.23,60359.23,23241,-23241,154.9,154.91,154.9979,-16.68,0.91,1.00,TREND,-1.76,stressed,-12.97,-19141,dir,68656.22,103.13,103.14,102.9819,25.18,0.99,1.00,TREND,1.93,stressed,14.07,0,mm,47.32,23.27,23.28,23.3460,-13.87,0.59,1.00,TREND,-1.67,stressed,-12.39,-4100,dir,-8344.32
208.420,181,119.3,60359.23,60359.23,23241,-23241,154.9,154.91,154.9953,-16.75,0.91,1.00,TREND,-1.76,stressed,-12.97,-19141,dir,68656.22,103.13,103.14,102.9862,25.31,0.99,1.00,TREND,1.93,stressed,14.07,0,mm,47.32,23.27,23.28,23.3440,-13.90,0.59,1.00,TREND,-1.67,stressed,-12.39,-4100,dir,-8344.32
208.478,181,119.3,60359.23,60359.23,23241,-23241,154.9,154.91,154.9928,-16.81,0.91,1.00,TREND,-1.76,stressed,-12.97,-19141,dir,68656.22,103.13,103.14,102.9904,25.41,0.99,1.00,TREND,1.93,stressed,14.07,0,mm,47.32,23.27,23.28,23.3420,-13.92,0.59,1.00,TREND,-1.67,stressed,-12.39,-4100,dir,-8344.32
208.694,181,119.3,60359.23,60359.23,23241,-23241,154.89,154.9,154.9833,-17.06,0.93,1.00,TREND,-1.75,stressed,-12.97,-19141,dir,68656.22,103.13,103.14,103.0043,25.61,1.04,1.00,TREND,1.87,stressed,14.07,0,mm,47.32,23.27,23.28,23.3356,-13.93,0.55,1.00,TREND,-1.63,stressed,-12.39,-4100,dir,-8344.32
208.768,181,119.7,60359.23,60359.23,23241,-23241,154.89,154.9,154.9803,-17.10,0.93,1.00,TREND,-1.75,stressed,-12.97,-19141,dir,68656.22,103.14,103.15,103.0092,25.68,1.04,1.00,TREND,1.87,stressed,14.07,0,mm,47.32,23.26,23.27,23.3331,-13.96,0.55,1.00,TREND,-1.63,stressed,-12.39,-4100,dir,-8344.32
208.816,181,119.7,60359.23,60359.23,23241,-23241,154.89,154.9,154.9784,-17.12,0.93,1.00,TREND,-1.75,stressed,-12.97,-19141,dir,68656.22,103.15,103.17,103.0125,25.77,1.04,1.00,TREND,1.87,stressed,14.07,0,mm,47.32,23.26,23.27,23.3317,-13.97,0.55,1.00,TREND,-1.63,stressed,-12.39,-4100,dir,-8344.32
208.869,181,119.7,60359.23,60359.23,23241,-23241,154.89,154.9,154.9763,-17.13,0.93,1.00,TREND,-1.75,stressed,-12.97,-19141,dir,68656.22,103.15,103.17,103.0162,25.85,1.04,1.00,TREND,1.87,stressed,14.07,0,mm,47.32,23.26,23.27,23.3300,-13.98,0.55,1.00,TREND,-1.63,stressed,-12.39,-4100,dir,-8344.32
208.971,181,119.7,60359.23,60359.23,23241,-23241,154.89,154.9,154.9726,-17.12,0.93,1.00,TREND,-1.70,stressed,-12.97,-19141,dir,69421.86,103.17,103.18,103.0235,26.07,1.04,1.00,TREND,1.93,stressed,14.07,0,mm,47.32,23.25,23.26,23.3265,-14.06,0.55,1.00,TREND,-1.69,stressed,-12.39,-4100,dir,-8180.32
209.146,181,119.7,60359.23,60359.23,23241,-23241,154.89,154.9,154.9664,-17.05,0.93,1.00,TREND,-1.70,stressed,-12.97,-19141,dir,69421.86,103.17,103.18,103.0356,26.30,1.04,1.00,TREND,1.93,stressed,14.07,0,mm,47.32,23.25,23.26,23.3208,-14.11,0.55,1.00,TREND,-1.69,stressed,-12.39,-4100,dir,-8180.32
209.217,181,119.7,60359.23,60359.23,23241,-23241,154.88,154.89,154.9638,-17.05,0.96,1.00,TREND,-1.70,stressed,-12.97,-19141,dir,69421.86,103.18,103.19,103.0404,26.40,1.07,1.00,TREND,1.93,stressed,14.07,0,mm,47.32,23.25,23.26,23.3187,-14.11,0.51,1.00,TREND,-1.69,stressed,-12.39,-4100,dir,-8180.32
209.436,182,118.4,61288.87,61288.87,23241,-23241,154.87,154.88,154.9550,-17.14,0.96,1.00,TREND,-1.74,stressed,-12.98,-19141,dir,69421.86,103.19,103.2,103.0556,26.68,1.07,1.00,TREND,1.93,stressed,14.17,0,mm,47.32,23.23,23.25,23.3110,-14.27,0.51,1.00,TREND,-1.72,stressed,-12.22,-4100,dir,-8180.32
209.464,182,118.4,61288.87,61288.87,23241,-23241,154.87,154.88,154.9540,-17.14,0.96,1.00,TREND,-1.74,stressed,-12.98,-19141,dir,69421.86,103.19,103.2,103.0574,26.69,1.07,1.00,TREND,1.93,stressed,14.17,0,mm,47.32,23.23,23.25,23.3100,-14.28,0.51,1.00,TREND,-1.72,stressed,-12.22,-4100,dir,-8180.32
209.583,182,118.4,61288.87,61288.87,23241,-23241,154.87,154.88,154.9497,-17.11,0.96,1.00,TREND,-1.74,stressed,-12.98,-19141,dir,69421.86,103.19,103.2,103.0649,26.71,1.07,1.00,TREND,1.93,stressed,14.17,0,mm,47.32,23.23,23.25,23.3062,-14.30,0.51,1.00,TREND,-1.72,stressed,-12.22,-4100,dir,-8180.32
209.870,182,118.4,61288.87,61288.87,23241,-23241,154.85,154.87,154.9384,-17.20,0.89,1.00,TREND,-1.75,stressed,-12.98,-19141,dir,69421.86,103.2,103.21,103.0825,26.71,1.11,1.00,TREND,1.89,stressed,14.17,0,mm,47.32,23.22,23.23,23.2960,-14.50,0.56,1.00,TREND,-1.74,stressed,-12.22,-4100,dir,-8180.32
210.166,183,117.3,62218.51,62218.51,23241,-23241,154.85,154.86,154.9278,-17.16,0.89,1.00,TREND,-1.72,stressed,-12.15,-19141,dir,70187.50,103.21,103.22,103.0994,26.58,1.11,1.00,TREND,1.86,stressed,12.61,0,mm,47.32,23.21,23.22,23.2857,-14.67,0.56,1.00,TREND,-1.75,stressed,-12.55,-4100,dir,-8016.32
210.224,183,117.3,62218.51,62218.51,23241,-23241,154.84,154.85,154.9253,-17.17,0.89,1.00,TREND,-1.72,stressed,-12.15,-19141,dir,70187.50,103.22,103.24,103.1034,26.58,1.11,1.00,TREND,1.86,stressed,12.61,0,mm,47.32,23.2,23.21,23.2832,-14.72,0.56,1.00,TREND,-1.75,stressed,-12.55,-4100,dir,-8016.32
210.283,183,117.3,62218.51,62218.51,23241,-23241,154.84,154.85,154.9231,-17.17,0.89,1.00,TREND,-1.72,stressed,-12.15,-19141,dir,70187.50,103.22,103.24,103.1068,26.56,1.11,1.00,TREND,1.86,stressed,12.61,0,mm,47.32,23.2,23.21,23.2811,-14.76,0.56,1.00,TREND,-1.75,stressed,-12.55,-4100,dir,-8016.32
210.409,183,117.3,62218.51,62218.51,23241,-23241,154.83,154.84,154.9180,-17.23,0.82,1.00,TREND,-1.76,stressed,-12.15,-19141,dir,70187.50,103.24,103.26,103.1151,26.68,1.09,1.00,TREND,1.90,stressed,12.61,0,mm,47.32,23.19,23.2,23.2761,-14.90,0.59,1.00,TREND,-1.79,stressed,-12.55,-4100,dir,-8016.32
210.463,183,117.5,62218.51,62218.51,23241,-23241,154.83,154.84,154.9159,-17.24,0.82,1.00,TREND,-1.76,stressed,-12.15,-19141,dir,70187.50,103.24,103.26,103.1184,26.70,1.09,1.00,TREND,1.90,stressed,12.61,0,mm,47.32,23.19,23.2,23.2741,-14.94,0.59,1.00,TREND,-1.79,stressed,-12.55,-4100,dir,-8016.32
210.526,183,117.5,62218.51,62218.51,23241,-23241,154.83,154.84,154.9136,-17.24,0.82,1.00,TREND,-1.76,stressed,-12.15,-19141,dir,70187.50,103.24,103.26,103.1223,26.71,1.09,1.00,TREND,1.90,stressed,12.61,0,mm,47.32,23.19,23.2,23.2718,-14.97,0.59,1.00,TREND,-1.79,stressed,-12.55,-4100,dir,-8016.32
210.591,183,117.5,62218.51,62218.51,23241,-23241,154.83,154.84,154.9112,-17.22,0.82,1.00,TREND,-1.76,stressed,-12.15,-19141,dir,70187.50,103.24,103.26,103.1262,26.70,1.09,1.00,TREND,1.90,stressed,12.61,0,mm,47.32,23.19,23.2,23.2695,-15.00,0.59,1.00,TREND,-1.79,stressed,-12.55,-4100,dir,-8016.32
210.736,183,117.5,62218.51,62218.51,23241,-23241,154.82,154.83,154.9055,-17.27,0.82,1.00,TREND,-1.75,stressed,-12.15,-19141,dir,70187.50,103.26,103.27,103.1353,26.77,1.09,1.00,TREND,1.88,stressed,12.61,0,mm,47.32,23.18,23.19,23.2639,-15.11,0.59,1.00,TREND,-1.79,stressed,-12.55,-4100,dir,-8016.32
210.851,183,117.5,62218.51,62218.51,23241,-23241,154.82,154.83,154.9012,-17.25,0.82,1.00,TREND,-1.75,stressed,-12.15,-19141,dir,70187.50,103.26,103.27,103.1422,26.76,1.09,1.00,TREND,1.88,stressed,12.61,0,mm,47.32,23.18,23.19,23.2597,-15.16,0.59,1.00,TREND,-1.79,stressed,-12.55,-4100,dir,-8016.32
211.076,183,117.5,62218.51,62218.51,23241,-23241,154.81,154.82,154.8926,-17.29,0.77,1.00,TREND,-1.75,stressed,-12.15,-19141,dir,70187.50,103.27,103.28,103.1555,26.73,1.08,1.00,TREND,1.85,stressed,12.61,0,mm,47.32,23.17,23.18,23.2512,-15.30,0.54,1.00,TREND,-1.79,stressed,-12.55,-4100,dir,-8016.32
211.223,184,116.3,63148.15,63148.15,23241,-23241,154.8,154.81,154.8868,-17.34,0.77,1.00,TREND,-1.75,stressed,-12.15,-19141,dir,70953.14,103.28,103.29,103.1641,26.72,1.08,1.00,TREND,1.85,stressed,12.96,0,mm,47.32,23.17,23.18,23.2462,-15.31,0.54,1.00,TREND,-1.79,stressed,-13.08,-4100,dir,-7852.32
211.245,184,116.3,63148.15,63148.15,23241,-23241,154.8,154.81,154.8859,-17.34,0.77,1.00,TREND,-1.75,stressed,-12.15,-19141,dir,70953.14,103.28,103.29,103.1653,26.71,1.08,1.00,TREND,1.85,stressed,12.96,0,mm,47.32,23.17,23.18,23.2454,-15.30,0.54,1.00,TREND,-1.79,stressed,-13.08,-4100,dir,-7852.32
211.336,184,116.3,63148.15,63148.15,23241,-23241,154.8,154.81,154.8826,-17.33,0.77,1.00,TREND,-1.74,stressed,-12.15,-19141,dir,70953.14,103.28,103.29,103.1703,26.64,1.08,1.00,TREND,1.82,stressed,12.96,0,mm,47.32,23.17,23.18,23.2425,-15.27,0.54,1.00,TREND,-1.74,stressed,-13.08,-4100,dir,-7852.32
211.459,184,116.3,63148.15,63148.15,23241,-23241,154.79,154.8,154.8776,-17.38,0.77,1.00,TREND,-1.74,stressed,-12.15,-19141,dir,70953.14,103.29,103.3,103.1774,26.60,1.08,1.00,TREND,1.82,stressed,12.96,0,mm,47.32,23.16,23.17,23.2381,-15.30,0.54,1.00,TREND,-1.74,stressed,-13.08,-4100,dir,-7852.32
211.498,184,116.3,63148.15,63148.15,23241,-23241,154.79,154.8,154.8761,-17.39,0.77,1.00,TREND,-1.74,stressed,-12.15,-19141,dir,70953.14,103.29,103.3,103.1796,26.57,1.08,1.00,TREND,1.82,stressed,12.96,0,mm,47.32,23.16,23.17,23.2368,-15.30,0.54,1.00,TREND,-1.74,stressed,-13.08,-4100,dir,-7852.32
211.547,184,116.3,63148.15,63148.15,23241,-23241,154.79,154.8,154.8743,-17.38,0.77,1.00,TREND,-1.74,stressed,-12.15,-19141,dir,70953.14,103.29,103.3,103.1820,26.54,1.08,1.00,TREND,1.82,stressed,12.96,0,mm,47.32,23.16,23.17,23.2352,-15.29,0.54,1.00,TREND,-1.74,stressed,-13.08,-4100,dir,-7852.32
211.566,184,116.3,63148.15,63148.15,23241,-23241,154.79,154.8,154.8736,-17.38,0.77,1.00,TREND,-1.74,stressed,-12.15,-19141,dir,70953.14,103.29,103.3,103.1831,26.52,1.08,1.00,TREND,1.82,stressed,12.96,0,mm,47.32,23.16,23.17,23.2345,-15.29,0.54,1.00,TREND,-1.74,stressed,-13.08,-4100,dir,-7852.32
211.621,184,116.3,63148.15,63148.15,23241,-23241,154.78,154.79,154.8713,-17.41,0.76,1.00,TREND,-1.78,stressed,-12.15,-19141,dir,70953.14,103.3,103.31,103.1863,26.50,1.01,1.00,TREND,1.82,stressed,12.96,0,mm,47.32,23.15,23.16,23.2325,-15.32,0.49,1.00,TREND,-1.79,stressed,-13.08,-4100,dir,-7852.32
211.654,184,116.6,63148.15,63148.15,23241,-23241,154.78,154.79,154.8699,-17.43,0.76,1.00,TREND,-1.78,stressed,-12.15,-19141,dir,70953.14,103.3,103.31,103.1881,26.48,1.01,1.00,TREND,1.82,stressed,12.96,0,mm,47.32,23.15,23.16,23.2313,-15.33,0.49,1.00,TREND,-1.79,stressed,-13.08,-4100,dir,-7852.32
211.692,184,116.6,63148.15,63148.15,23241,-23241,154.78,154.79,154.8685,-17.44,0.76,1.00,TREND,-1.78,stressed,-12.15,-19141,dir,70953.14,103.3,103.31,103.1901,26.46,1.01,1.00,TREND,1.82,stressed,12.96,0,mm,47.32,23.15,23.16,23.2300,-15.34,0.49,1.00,TREND,-1.79,stressed,-13.08,-4100,dir,-7852.32
211.735,184,116.6,63148.15,63148.15,23241,-23241,154.78,154.79,154.8667,-17.44,0.76,1.00,TREND,-1.78,stressed,-12.15,-19141,dir,70953.14,103.3,103.31,103.1925,26.43,1.01,1.00,TREND,1.82,stressed,12.96,0,mm,47.32,23.15,23.16,23.2284,-15.34,0.49,1.00,TREND,-1.79,stressed,-13.08,-4100,dir,-7852.32
211.759,184,116.6,63148.15,63148.15,23241,-23241,154.78,154.79,154.8658,-17.44,0.76,1.00,TREND,-1.78,stressed,-12.15,-19141,dir,70953.14,103.3,103.31,103.1938,26.40,1.01,1.00,TREND,1.82,stressed,12.96,0,mm,47.32,23.15,23.16,23.2276,-15.35,0.49,1.00,TREND,-1.79,stressed,-13.08,-4100,dir,-7852.32
211.790,184,116.6,63148.15,63148.15,23241,-23241,154.78,154.79,154.8647,-17.44,0.76,1.00,TREND,-1.78,stressed,-12.15,-19141,dir,70953.14,103.3,103.31,103.1954,26.37,1.01,1.00,TREND,1.82,stressed,12.96,0,mm,47.32,23.15,23.16,23.2265,-15.34,0.49,1.00,TREND,-1.79,stressed,-13.08,-4100,dir,-7852.32
211.805,184,116.6,63148.15,63148.15,23241,-23241,154.78,154.79,154.8641,-17.44,0.76,1.00,TREND,-1.78,stressed,-12.15,-19141,dir,70953.14,103.3,103.31,103.1961,26.36,1.01,1.00,TREND,1.82,stressed,12.96,0,mm,47.32,23.15,23.16,23.2261,-15.34,0.49,1.00,TREND,-1.79,stressed,-13.08,-4100,dir,-7852.32
212.000,184,116.6,63148.15,63148.15,23241,-23241,154.77,154.78,154.8563,-17.51,0.76,1.00,TREND,-1.77,stressed,-12.15,-19141,dir,70953.14,103.31,103.32,103.2065,26.23,1.01,1.00,TREND,1.80,stressed,12.96,0,mm,47.32,23.14,23.15,23.2190,-15.42,0.49,1.00,TREND,-1.79,stressed,-13.08,-4100,dir,-7852.32
212.119,184,116.6,63148.15,63148.15,23241,-23241,154.77,154.78,154.8519,-17.49,0.76,1.00,TREND,-1.77,stressed,-12.15,-19141,dir,71718.78,103.31,103.32,103.2125,26.08,1.01,1.00,TREND,1.80,stressed,12.96,0,mm,47.32,23.14,23.15,23.2149,-15.41,0.49,1.00,TREND,-1.79,stressed,-13.08,-4100,dir,-7729.32
212.206,185,115.3,64036.79,64036.79,23241,-23241,154.76,154.77,154.8484,-17.52,0.71,1.00,TREND,-1.77,stressed,-12.98,-19141,dir,71718.78,103.32,103.33,103.2170,26.02,1.04,1.00,TREND,1.80,stressed,12.80,0,mm,47.32,23.13,23.14,23.2117,-15.45,0.45,1.00,TREND,-1.79,stressed,-13.74,-4100,dir,-7729.32
212.240,185,115.3,64036.79,64036.79,23241,-23241,154.76,154.77,154.8471,-17.52,0.71,1.00,TREND,-1.77,stressed,-12.98,-19141,dir,71718.78,103.32,103.33,103.2187,25.99,1.04,1.00,TREND,1.80,stressed,12.80,0,mm,47.32,23.13,23.14,23.2105,-15.46,0.45,1.00,TREND,-1.79,stressed,-13.74,-4100,dir,-7729.32
212.265,185,115.3,64036.79,64036.79,23241,-23241,154.76,154.77,154.8461,-17.52,0.71,1.00,TREND,-1.76,stressed,-12.98,-19141,dir,71718.78,103.32,103.33,103.2199,25.96,1.04,1.00,TREND,1.77,stressed,12.80,0,mm,47.32,23.13,23.14,23.2096,-15.46,0.45,1.00,TREND,-1.78,stressed,-13.74,-4100,dir,-7729.32
212.343,185,115.3,64036.79,64036.79,23241,-23241,154.76,154.77,154.8432,-17.51,0.71,1.00,TREND,-1.76,stressed,-12.98,-19141,dir,71718.78,103.32,103.33,103.2237,25.86,1.04,1.00,TREND,1.77,stressed,12.80,0,mm,47.32,23.13,23.14,23.2069,-15.46,0.45,1.00,TREND,-1.78,stressed,-13.74,-4100,dir,-7729.32
212.502,185,115.3,64036.79,64036.79,23241,-23241,154.75,154.76,154.8368,-17.56,0.71,1.00,TREND,-1.76,stressed,-12.98,-19141,dir,71718.78,103.33,103.35,103.2321,25.79,1.04,1.00,TREND,1.77,stressed,12.80,0,mm,47.32,23.13,23.14,23.2017,-15.42,0.45,1.00,TREND,-1.78,stressed,-13.74,-4100,dir,-7729.32
212.527,185,115.3,64036.79,64036.79,23241,-23241,154.75,154.76,154.8359,-17.56,0.71,1.00,TREND,-1.75,stressed,-12.98,-19141,dir,71718.78,103.33,103.35,103.2333,25.77,1.04,1.00,TREND,1.76,stressed,12.80,0,mm,47.32,23.13,23.14,23.2010,-15.41,0.45,1.00,TREND,-1.73,stressed,-13.74,-4100,dir,-7729.32
212.555,185,115.3,64036.79,64036.79,23241,-23241,154.75,154.76,154.8348,-17.56,0.71,1.00,TREND,-1.75,stressed,-12.98,-19141,dir,71718.78,103.33,103.35,103.2347,25.75,1.04,1.00,TREND,1.76,stressed,12.80,0,mm,47.32,23.13,23.14,23.2001,-15.39,0.45,1.00,TREND,-1.73,stressed,-13.74,-4100,dir,-7729.32
212.612,185,115.3,64036.79,64036.79,23241,-23241,154.75,154.76,154.8327,-17.55,0.71,1.00,TREND,-1.75,stressed,-12.98,-19141,dir,71718.78,103.33,103.35,103.2376,25.69,1.04,1.00,TREND,1.76,stressed,12.80,0,mm,47.32,23.13,23.14,23.1984,-15.36,0.45,1.00,TREND,-1.73,stressed,-13.74,-4100,dir,-7729.32
212.712,185,115.3,64036.79,64036.79,23241,-23241,154.74,154.75,154.8287,-17.58,0.67,1.00,TREND,-1.75,stressed,-12.98,-19141,dir,71718.78,103.35,103.36,103.2429,25.67,0.96,1.00,TREND,1.76,stressed,12.80,0,mm,47.32,23.12,23.13,23.1950,-15.36,0.50,1.00,TREND,-1.73,stressed,-13.74,-4100,dir,-7729.32
212.736,185,115.6,64036.79,64036.79,23241,-23241,154.74,154.75,154.8277,-17.59,0.67,1.00,TREND,-1.75,stressed,-12.98,-19141,dir,71718.78,103.35,103.36,103.2442,25.66,0.96,1.00,TREND,1.76,stressed,12.80,0,mm,47.32,23.12,23.13,23.1942,-15.35,0.50,1.00,TREND,-1.73,stressed,-13.74,-4100,dir,-7729.32
212.778,185,115.6,64036.79,64036.79,23241,-23241,154.74,154.75,154.8261,-17.59,0.67,1.00,TREND,-1.74,stressed,-12.98,-19141,dir,71718.78,103.35,103.36,103.2464,25.64,0.96,1.00,TREND,1.75,stressed,12.80,0,mm,47.32,23.12,23.13,23.1929,-15.34,0.50,1.00,TREND,-1.73,stressed,-13.74,-4100,dir,-7729.32
212.824,185,115.6,64036.79,64036.79,23241,-23241,154.74,154.75,154.8244,-17.58,0.67,1.00,TREND,-1.74,stressed,-12.98,-19141,dir,71718.78,103.35,103.36,103.2487,25.61,0.96,1.00,TREND,1.75,stressed,12.80,0,mm,47.32,23.12,23.13,23.1914,-15.33,0.50,1.00,TREND,-1.73,stressed,-13.74,-4100,dir,-7729.32
212.881,185,115.6,64036.79,64036.79,23241,-23241,154.74,154.75,154.8223,-17.57,0.67,1.00,TREND,-1.74,stressed,-12.98,-19141,dir,71718.78,103.35,103.36,103.2515,25.56,0.96,1.00,TREND,1.75,stressed,12.80,0,mm,47.32,23.12,23.13,23.1896,-15.30,0.50,1.00,TREND,-1.73,stressed,-13.74,-4100,dir,-7729.32
212.995,185,115.6,64036.79,64036.79,23241,-23241,154.74,154.75,154.8183,-17.52,0.67,1.00,TREND,-1.74,stressed,-12.98,-19141,dir,72293.01,103.36,103.37,103.2574,25.52,0.96,1.00,TREND,1.75,stressed,12.80,0,mm,47.32,23.11,23.12,23.1858,-15.32,0.50,1.00,TREND,-1.73,stressed,-13.74,-4100,dir,-7606.32
213.049,185,115.6,64036.79,64036.79,23241,-23241,154.73,154.74,154.8162,-17.52,0.67,1.00,TREND,-1.73,stressed,-12.98,-19141,dir,72293.01,103.36,103.37,103.2601,25.48,0.96,1.00,TREND,1.73,stressed,12.80,0,mm,47.32,23.11,23.12,23.1840,-15.31,0.50,1.00,TREND,-1.73,stressed,-13.74,-4100,dir,-7606.32
213.161,185,115.6,64036.79,64036.79,23241,-23241,154.73,154.74,154.8120,-17.51,0.67,1.00,TREND,-1.73,stressed,-12.98,-19141,dir,72293.01,103.36,103.37,103.2655,25.37,0.96,1.00,TREND,1.73,stressed,12.80,0,mm,47.32,23.11,23.12,23.1804,-15.28,0.50,1.00,TREND,-1.73,stressed,-13.74,-4100,dir,-7606.32
213.302,186,114.3,64734.02,64734.02,23241,-23241,154.72,154.74,154.8068,-17.50,0.67,1.00,TREND,-1.70,stressed,-12.91,-19141,dir,72293.01,103.37,103.38,103.2725,25.28,0.98,1.00,TREND,1.71,stressed,12.91,0,mm,47.32,23.1,23.11,23.1757,-15.30,0.46,1.00,TREND,-1.73,stressed,-14.45,-4100,dir,-7606.32
213.344,186,114.3,64734.02,64734.02,23241,-23241,154.72,154.74,154.8052,-17.48,0.67,1.00,TREND,-1.70,stressed,-12.91,-19141,dir,72293.01,103.37,103.38,103.2746,25.24,0.98,1.00,TREND,1.71,stressed,12.91,0,mm,47.32,23.1,23.11,23.1742,-15.30,0.46,1.00,TREND,-1.73,stressed,-14.45,-4100,dir,-7606.32
213.389,186,114.3,64734.02,64734.02,23241,-23241,154.72,154.74,154.8037,-17.46,0.67,1.00,TREND,-1.70,stressed,-12.91,-19141,dir,72293.01,103.37,103.38,103.2766,25.19,0.98,1.00,TREND,1.71,stressed,12.91,0,mm,47.32,23.1,23.11,23.1728,-15.29,0.46,1.00,TREND,-1.73,stressed,-14.45,-4100,dir,-7606.32
213.570,186,114.3,64734.02,64734.02,23241,-23241,154.71,154.72,154.7964,-17.53,0.67,1.00,TREND,-1.72,stressed,-12.91,-19141,dir,72293.01,103.38,103.39,103.2855,25.07,0.98,1.00,TREND,1.69,stressed,12.91,0,mm,47.32,23.09,23.1,23.1664,-15.35,0.46,1.00,TREND,-1.73,stressed,-14.45,-4100,dir,-7606.32
213.605,186,114.3,64734.02,64734.02,23241,-23241,154.71,154.72,154.7951,-17.53,0.67,1.00,TREND,-1.72,stressed,-12.91,-19141,dir,72293.01,103.38,103.39,103.2871,25.03,0.98,1.00,TREND,1.69,stressed,12.91,0,mm,47.32,23.09,23.1,23.1652,-15.35,0.46,1.00,TREND,-1.73,stressed,-14.45,-4100,dir,-7606.32
213.628,186,114.3,64734.02,64734.02,23241,-23241,154.71,154.72,154.7942,-17.53,0.67,1.00,TREND,-1.72,stressed,-12.91,-19141,dir,72293.01,103.38,103.39,103.2882,25.00,0.98,1.00,TREND,1.69,stressed,12.91,0,mm,47.32,23.09,23.1,23.1645,-15.34,0.46,1.00,TREND,-1.73,stressed,-14.45,-4100,dir,-7606.32
213.641,186,114.3,64734.02,64734.02,23241,-23241,154.71,154.72,154.7937,-17.52,0.67,1.00,TREND,-1.72,stressed,-12.91,-19141,dir,72293.01,103.38,103.39,103.2888,24.99,0.98,1.00,TREND,1.69,stressed,12.91,0,mm,47.32,23.09,23.1,23.1640,-15.34,0.46,1.00,TREND,-1.73,stressed,-14.45,-4100,dir,-7606.32
213.841,186,114.3,64734.02,64734.02,23241,-23241,154.71,154.72,154.7866,-17.44,0.67,1.00,TREND,-1.67,stressed,-12.91,-19141,dir,72293.01,103.39,103.4,103.2984,24.83,0.99,1.00,TREND,1.67,stressed,12.91,0,mm,47.32,23.09,23.1,23.1578,-15.26,0.50,1.00,TREND,-1.68,stressed,-14.45,-4100,dir,-7606.32
214.000,186,114.8,64734.02,64734.02,23241,-23241,154.71,154.72,154.7815,-17.31,0.67,1.00,TREND,-1.67,stressed,-12.91,-19141,dir,72293.01,103.39,103.4,103.3053,24.62,0.99,1.00,TREND,1.67,stressed,12.91,0,mm,47.32,23.09,23.1,23.1533,-15.14,0.50,1.00,TREND,-1.68,stressed,-14.45,-4100,dir,-7606.32
214.111,186,114.8,64734.02,64734.02,23241,-23241,154.7,154.71,154.7776,-17.27,0.67,1.00,TREND,-1.66,stressed,-12.91,-19141,dir,73058.65,103.4,103.42,103.3106,24.57,0.99,1.00,TREND,1.66,stressed,12.91,0,mm,47.32,23.08,23.09,23.1498,-15.12,0.50,1.00,TREND,-1.68,stressed,-14.45,-4100,dir,-7483.32
214.164,186,114.8,64734.02,64734.02,23241,-23241,154.7,154.71,154.7758,-17.24,0.67,1.00,TREND,-1.66,stressed,-12.91,-19141,dir,73058.65,103.4,103.42,103.3131,24.53,0.99,1.00,TREND,1.66,stressed,12.91,0,mm,47.32,23.08,23.09,23.1482,-15.10,0.50,1.00,TREND,-1.68,stressed,-14.45,-4100,dir,-7483.32
214.374,186,114.8,64734.02,64734.02,23241,-23241,154.69,154.7,154.7682,-17.22,0.61,1.00,TREND,-1.66,stressed,-12.91,-19141,dir,73058.65,103.42,103.44,103.3241,24.58,0.93,1.00,TREND,1.67,stressed,12.91,0,mm,47.32,23.07,23.08,23.1414,-15.12,0.46,1.00,TREND,-1.69,stressed,-14.45,-4100,dir,-7483.32
214.566,187,113.5,65622.66,65622.66,23241,-23241,154.69,154.7,154.7619,-17.11,0.61,1.00,TREND,-1.66,stressed,-13.39,-19141,dir,73058.65,103.44,103.46,103.3349,24.75,0.93,1.00,TREND,1.67,stressed,12.93,0,mm,47.32,23.07,23.08,23.1357,-15.04,0.46,1.00,TREND,-1.69,stressed,-15.26,-4100,dir,-7483.32
214.615,187,113.5,65622.66,65622.66,23241,-23241,154.68,154.69,154.7602,-17.10,0.61,1.00,TREND,-1.66,stressed,-13.39,-19141,dir,73058.65,103.44,103.46,103.3375,24.76,0.93,1.00,TREND,1.67,stressed,12.93,0,mm,47.32,23.07,23.08,23.1343,-15.00,0.46,1.00,TREND,-1.69,stressed,-15.26,-4100,dir,-7483.32
214.756,187,113.5,65622.66,65622.66,23241,-23241,154.68,154.69,154.7554,-17.06,0.61,1.00,TREND,-1.66,stressed,-13.39,-19141,dir,73058.65,103.44,103.46,103.3447,24.74,0.93,1.00,TREND,1.68,stressed,12.93,0,mm,47.32,23.07,23.08,23.1305,-14.89,0.46,1.00,TREND,-1.64,stressed,-15.26,-4100,dir,-7483.32
214.792,187,113.5,65622.66,65622.66,23241,-23241,154.67,154.68,154.7540,-17.06,0.61,1.00,TREND,-1.66,stressed,-13.39,-19141,dir,73058.65,103.46,103.47,103.3468,24.77,0.93,1.00,TREND,1.68,stressed,12.93,0,mm,47.32,23.06,23.07,23.1294,-14.88,0.46,1.00,TREND,-1.64,stressed,-15.26,-4100,dir,-7483.32
214.832,187,113.5,65622.66,65622.66,23241,-23241,154.67,154.68,154.7525,-17.07,0.61,1.00,TREND,-1.66,stressed,-13.39,-19141,dir,73058.65,103.46,103.47,103.3490,24.79,0.93,1.00,TREND,1.68,stressed,12.93,0,mm,47.32,23.06,23.07,23.1282,-14.87,0.46,1.00,TREND,-1.64,stressed,-15.26,-4100,dir,-7483.32
214.911,187,113.5,65622.66,65622.66,23241,-23241,154.67,154.68,154.7497,-17.06,0.56,1.00,TREND,-1.66,stressed,-13.39,-19141,dir,73058.65,103.46,103.47,103.3532,24.81,0.88,1.00,TREND,1.68,stressed,12.93,0,mm,47.32,23.06,23.07,23.1259,-14.84,0.49,1.00,TREND,-1.64,stressed,-15.26,-4100,dir,-7483.32
215.051,188,112.2,66278.89,66278.89,23241,-23241,154.67,154.68,154.7449,-17.01,0.56,1.00,TREND,-1.65,stressed,-12.54,-19141,dir,73632.88,103.47,103.48,103.3609,24.88,0.88,1.00,TREND,1.70,stressed,11.95,0,mm,47.32,23.06,23.07,23.1220,-14.75,0.49,1.00,TREND,-1.64,stressed,-13.15,-4100,dir,-7401.32
215.094,188,112.2,66278.89,66278.89,23241,-23241,154.67,154.68,154.7435,-16.99,0.56,1.00,TREND,-1.65,stressed,-12.54,-19141,dir,73632.88,103.47,103.48,103.3632,24.88,0.88,1.00,TREND,1.70,stressed,11.95,0,mm,47.32,23.06,23.07,23.1209,-14.72,0.49,1.00,TREND,-1.64,stressed,-13.15,-4100,dir,-7401.32
215.130,188,112.2,66278.89,66278.89,23241,-23241,154.67,154.68,154.7424,-16.96,0.56,1.00,TREND,-1.65,stressed,-12.54,-19141,dir,73632.88,103.47,103.48,103.3651,24.88,0.88,1.00,TREND,1.70,stressed,11.95,0,mm,47.32,23.06,23.07,23.1199,-14.69,0.49,1.00,TREND,-1.64,stressed,-13.15,-4100,dir,-7401.32
215.223,188,112.2,66278.89,66278.89,23241,-23241,154.67,154.68,154.7395,-16.89,0.56,1.00,TREND,-1.65,stressed,-12.54,-19141,dir,73632.88,103.47,103.48,103.3699,24.84,0.88,1.00,TREND,1.70,stressed,11.95,0,mm,47.32,23.06,23.07,23.1175,-14.60,0.49,1.00,TREND,-1.64,stressed,-13.15,-4100,dir,-7401.32
215.417,188,112.2,66278.89,66278.89,23241,-23241,154.66,154.67,154.7330,-16.82,0.60,1.00,TREND,-1.65,stressed,-12.54,-19141,dir,73632.88,103.48,103.49,103.3799,24.81,0.89,1.00,TREND,1.68,stressed,11.95,0,mm,47.32,23.05,23.06,23.1121,-14.52,0.51,1.00,TREND,-1.65,stressed,-13.15,-4100,dir,-7401.32
215.552,188,112.5,66278.89,66278.89,23241,-23241,154.65,154.66,154.7282,-16.83,0.60,1.00,TREND,-1.65,stressed,-12.54,-19141,dir,73632.88,103.49,103.5,103.3870,24.81,0.89,1.00,TREND,1.68,stressed,11.95,0,mm,47.32,23.05,23.06,23.1086,-14.43,0.51,1.00,TREND,-1.65,stressed,-13.15,-4100,dir,-7401.32
215.593,188,112.5,66278.89,66278.89,23241,-23241,154.65,154.66,154.7268,-16.82,0.60,1.00,TREND,-1.65,stressed,-12.54,-19141,dir,73632.88,103.49,103.5,103.3890,24.80,0.89,1.00,TREND,1.68,stressed,11.95,0,mm,47.32,23.05,23.06,23.1075,-14.39,0.51,1.00,TREND,-1.65,stressed,-13.15,-4100,dir,-7401.32
215.631,188,112.5,66278.89,66278.89,23241,-23241,154.65,154.66,154.7255,-16.81,0.60,1.00,TREND,-1.65,stressed,-12.54,-19141,dir,73632.88,103.49,103.5,103.3909,24.78,0.89,1.00,TREND,1.68,stressed,11.95,0,mm,47.32,23.05,23.06,23.1066,-14.36,0.51,1.00,TREND,-1.65,stressed,-13.15,-4100,dir,-7401.32
215.898,188,112.5,66278.89,66278.89,23241,-23241,154.65,154.66,154.7172,-16.62,0.60,1.00,TREND,-1.64,stressed,-12.54,-19141,dir,73632.88,103.5,103.52,103.4050,24.78,0.89,1.00,TREND,1.69,stressed,11.95,0,mm,47.32,23.05,23.06,23.1005,-14.06,0.51,1.00,TREND,-1.60,stressed,-13.15,-4100,dir,-7401.32
215.914,188,112.5,66278.89,66278.89,23241,-23241,154.64,154.65,154.7166,-16.62,0.60,1.00,TREND,-1.64,stressed,-12.54,-19141,dir,73632.88,103.5,103.52,103.4058,24.77,0.89,1.00,TREND,1.69,stressed,11.95,0,mm,47.32,23.04,23.05,23.1001,-14.05,0.51,1.00,TREND,-1.60,stressed,-13.15,-4100,dir,-7401.32
216.162,189,111.2,66976.12,66976.12,23241,-23241,154.63,154.64,154.7077,-16.68,0.63,1.00,TREND,-1.68,stressed,-13.02,-19141,dir,74207.11,103.52,103.53,103.4189,24.79,0.89,1.00,TREND,1.69,stressed,12.62,0,mm,47.32,23.03,23.04,23.0930,-14.06,0.49,1.00,TREND,-1.66,stressed,-13.15,-4100,dir,-7278.32
216.228,189,111.2,66976.12,66976.12,23241,-23241,154.63,154.64,154.7054,-16.67,0.63,1.00,TREND,-1.68,stressed,-13.02,-19141,dir,74207.11,103.52,103.53,103.4221,24.75,0.89,1.00,TREND,1.69,stressed,12.62,0,mm,47.32,23.03,23.04,23.0912,-14.04,0.49,1.00,TREND,-1.66,stressed,-13.15,-4100,dir,-7278.32
216.317,189,111.2,66976.12,66976.12,23241,-23241,154.62,154.63,154.7021,-16.70,0.63,1.00,TREND,-1.68,stressed,-13.02,-19141,dir,74207.11,103.53,103.54,103.4268,24.74,0.89,1.00,TREND,1.69,stressed,12.62,0,mm,47.32,23.01,23.03,23.0882,-14.10,0.49,1.00,TREND,-1.66,stressed,-13.15,-4100,dir,-7278.32
216.350,189,111.2,66976.12,66976.12,23241,-23241,154.62,154.63,154.7009,-16.70,0.63,1.00,TREND,-1.68,stressed,-13.02,-19141,dir,74207.11,103.53,103.54,103.4284,24.73,0.89,1.00,TREND,1.69,stressed,12.62,0,mm,47.32,23.01,23.03,23.0872,-14.11,0.49,1.00,TREND,-1.66,stressed,-13.15,-4100,dir,-7278.32
216.401,189,111.2,66976.12,66976.12,23241,-23241,154.62,154.63,154.6992,-16.70,0.63,1.00,TREND,-1.68,stressed,-13.02,-19141,dir,74207.11,103.53,103.54,103.4309,24.70,0.89,1.00,TREND,1.69,stressed,12.62,0,mm,47.32,23.01,23.03,23.0856,-14.13,0.49,1.00,TREND,-1.66,stressed,-13.15,-4100,dir,-7278.32
216.468,189,111.2,66976.12,66976.12,23241,-23241,154.62,154.63,154.6969,-16.69,0.63,1.00,TREND,-1.68,stressed,-13.02,-19141,dir,74207.11,103.53,103.54,103.4342,24.66,0.89,1.00,TREND,1.66,stressed,12.62,0,mm,47.32,23.01,23.03,23.0836,-14.15,0.49,1.00,TREND,-1.69,stressed,-13.15,-4100,dir,-7278.32
216.589,189,111.5,66976.12,66976.12,23241,-23241,154.6,154.62,154.6920,-16.79,0.63,1.00,TREND,-1.68,stressed,-13.02,-19141,dir,74207.11,103.54,103.55,103.4404,24.62,0.89,1.00,TREND,1.66,stressed,12.62,0,mm,47.32,23.0,23.01,23.0792,-14.28,0.49,1.00,TREND,-1.69,stressed,-13.15,-4100,dir,-7278.32
216.620,189,111.5,66976.12,66976.12,23241,-23241,154.6,154.62,154.6908,-16.80,0.63,1.00,TREND,-1.68,stressed,-13.02,-19141,dir,74207.11,103.54,103.55,103.4419,24.61,0.89,1.00,TREND,1.66,stressed,12.62,0,mm,47.32,23.0,23.01,23.0781,-14.31,0.49,1.00,TREND,-1.69,stressed,-13.15,-4100,dir,-7278.32
216.640,189,111.5,66976.12,66976.12,23241,-23241,154.6,154.62,154.6901,-16.81,0.63,1.00,TREND,-1.68,stressed,-13.02,-19141,dir,74207.11,103.54,103.55,103.4428,24.59,0.89,1.00,TREND,1.66,stressed,12.62,0,mm,47.32,23.0,23.01,23.0774,-14.32,0.49,1.00,TREND,-1.69,stressed,-13.15,-4100,dir,-7278.32
216.710,189,111.5,66976.12,66976.12,23241,-23241,154.6,154.62,154.6875,-16.83,0.61,1.00,TREND,-1.68,stressed,-13.02,-19141,dir,74207.11,103.54,103.55,103.4461,24.54,0.90,1.00,TREND,1.66,stressed,12.62,0,mm,47.32,23.0,23.01,23.0751,-14.36,0.55,1.00,TREND,-1.69,stressed,-13.15,-4100,dir,-7278.32
217.216,189,111.5,66976.12,66976.12,23241,-23241,154.59,154.6,154.6679,-17.03,0.60,1.00,TREND,-1.76,stressed,-13.02,-19141,dir,74207.11,103.55,103.56,103.4692,24.05,0.99,1.00,TREND,1.67,stressed,12.62,0,mm,47.32,22.99,23.0,23.0582,-14.59,0.58,1.00,TREND,-1.76,stressed,-13.15,-4100,dir,-7278.32
217.625,190,110.5,68138.17,68138.17,23241,-23241,154.59,154.6,154.6552,-16.69,0.60,1.00,TREND,-1.71,stressed,-13.58,-19141,dir,75164.16,103.56,103.57,103.4859,23.47,0.99,1.00,TREND,1.65,stressed,12.37,0,mm,47.32,22.97,22.98,23.0436,-14.85,0.58,1.00,TREND,-1.81,stressed,-11.59,-4100,dir,-7073.32
217.735,190,110.5,68138.17,68138.17,23241,-23241,154.57,154.58,154.6511,-16.72,0.55,1.00,TREND,-1.71,stressed,-13.58,-19141,dir,75164.16,103.58,103.6,103.4912,23.46,0.95,1.00,TREND,1.65,stressed,12.37,0,mm,47.32,22.96,22.97,23.0396,-14.92,0.63,1.00,TREND,-1.81,stressed,-11.59,-4100,dir,-7073.32
217.886,190,110.7,68138.17,68138.17,23241,-23241,154.57,154.58,154.6459,-16.70,0.55,1.00,TREND,-1.75,stressed,-13.58,-19141,dir,75164.16,103.6,103.61,103.4990,23.55,0.95,1.00,TREND,1.71,stressed,12.37,0,mm,47.32,22.95,22.96,23.0338,-15.07,0.63,1.00,TREND,-1.85,stressed,-11.59,-4100,dir,-7073.32
217.995,190,110.7,68138.17,68138.17,23241,-23241,154.57,154.58,154.6424,-16.65,0.55,1.00,TREND,-1.75,stressed,-13.58,-19141,dir,75164.16,103.6,103.61,103.5042,23.55,0.95,1.00,TREND,1.71,stressed,12.37,0,mm,47.32,22.95,22.96,23.0300,-15.13,0.63,1.00,TREND,-1.85,stressed,-11.59,-4100,dir,-7073.32
218.211,190,110.7,68138.17,68138.17,23241,-23241,154.56,154.57,154.6349,-16.63,0.55,1.00,TREND,-1.74,stressed,-13.58,-19141,dir,75738.39,103.62,103.63,103.5159,23.73,0.95,1.00,TREND,1.72,stressed,12.37,0,mm,47.32,22.95,22.96,23.0227,-15.14,0.63,1.00,TREND,-1.79,stressed,-11.59,-4100,dir,-6950.32
218.236,190,110.7,68138.17,68138.17,23241,-23241,154.56,154.57,154.6340,-16.62,0.59,1.00,TREND,-1.74,stressed,-13.58,-19141,dir,75738.39,103.62,103.63,103.5173,23.74,0.92,1.00,TREND,1.72,stressed,12.37,0,mm,47.32,22.95,22.96,23.0219,-15.13,0.65,1.00,TREND,-1.79,stressed,-11.59,-4100,dir,-6950.32
218.437,191,109.4,68835.40,68835.40,23241,-23241,154.56,154.57,154.6278,-16.48,0.59,1.00,TREND,-1.74,stressed,-13.38,-19141,dir,75738.39,103.62,103.63,103.5269,23.69,0.92,1.00,TREND,1.72,stressed,12.37,0,mm,47.32,22.94,22.95,23.0150,-15.18,0.65,1.00,TREND,-1.79,stressed,-11.59,-4100,dir,-6950.32
218.634,191,109.4,68835.40,68835.40,23241,-23241,154.55,154.56,154.6214,-16.42,0.59,1.00,TREND,-1.73,stressed,-13.38,-19141,dir,75738.39,103.63,103.64,103.5366,23.66,0.92,1.00,TREND,1.69,stressed,12.37,0,mm,47.32,22.94,22.95,23.0087,-15.12,0.65,1.00,TREND,-1.79,stressed,-11.59,-4100,dir,-6950.32
218.748,191,109.4,68835.40,68835.40,23241,-23241,154.55,154.56,154.6179,-16.34,0.62,1.00,TREND,-1.73,stressed,-13.38,-19141,dir,75738.39,103.64,103.65,103.5422,23.66,0.91,1.00,TREND,1.69,stressed,12.37,0,mm,47.32,22.93,22.94,23.0049,-15.13,0.60,1.00,TREND,-1.79,stressed,-11.59,-4100,dir,-6950.32
218.855,191,109.6,68835.40,68835.40,23241,-23241,154.55,154.56,154.6148,-16.25,0.62,1.00,TREND,-1.73,stressed,-13.38,-19141,dir,75738.39,103.64,103.65,103.5473,23.61,0.91,1.00,TREND,1.69,stressed,12.37,0,mm,47.32,22.92,22.93,23.0010,-15.20,0.60,1.00,TREND,-1.79,stressed,-11.59,-4100,dir,-6950.32
218.879,191,109.6,68835.40,68835.40,23241,-23241,154.54,154.55,154.6140,-16.24,0.62,1.00,TREND,-1.73,stressed,-13.38,-19141,dir,75738.39,103.65,103.66,103.5484,23.62,0.91,1.00,TREND,1.69,stressed,12.37,0,mm,47.32,22.92,22.93,23.0001,-15.21,0.60,1.00,TREND,-1.79,stressed,-11.59,-4100,dir,-6950.32
219.017,191,109.6,68835.40,68835.40,23241,-23241,154.54,154.55,154.6097,-16.19,0.62,1.00,TREND,-1.72,stressed,-13.38,-19141,dir,75738.39,103.65,103.66,103.5551,23.60,0.91,1.00,TREND,1.70,stressed,12.37,0,mm,47.32,22.92,22.93,22.9954,-15.23,0.60,1.00,TREND,-1.83,stressed,-11.59,-4100,dir,-6950.32
219.171,191,109.6,68835.40,68835.40,23241,-23241,154.54,154.55,154.6052,-16.08,0.62,1.00,TREND,-1.72,stressed,-13.38,-19141,dir,76121.21,103.66,103.67,103.5628,23.61,0.91,1.00,TREND,1.70,stressed,12.37,0,mm,47.32,22.91,22.92,22.9898,-15.31,0.60,1.00,TREND,-1.83,stressed,-11.59,-4100,dir,-6827.32
219.235,191,109.6,68835.40,68835.40,23241,-23241,154.54,154.55,154.6034,-16.02,0.62,1.00,TREND,-1.72,stressed,-13.38,-19141,dir,76121.21,103.66,103.67,103.5658,23.58,0.91,1.00,TREND,1.70,stressed,12.37,0,mm,47.32,22.91,22.92,22.9876,-15.33,0.60,1.00,TREND,-1.83,stressed,-11.59,-4100,dir,-6827.32
219.674,191,109.6,68835.40,68835.40,23241,-23241,154.53,154.54,154.5907,-15.74,0.57,1.00,TREND,-1.71,stressed,-13.38,-19141,dir,76121.21,103.66,103.67,103.5843,23.07,0.89,1.00,TREND,1.67,stressed,12.37,0,mm,47.32,22.9,22.91,22.9722,-15.42,0.64,1.00,TREND,-1.87,stressed,-11.59,-4100,dir,-6827.32
219.888,192,108.6,69341.22,69341.22,23241,-23241,154.52,154.53,154.5843,-15.64,0.57,1.00,TREND,-1.71,stressed,-13.58,-19141,dir,76121.21,103.68,103.69,103.5940,22.98,0.89,1.00,TREND,1.67,stressed,13.19,0,mm,47.32,22.89,22.9,22.9648,-15.45,0.64,1.00,TREND,-1.87,stressed,-11.26,-4100,dir,-6827.32
220.071,192,108.6,69341.22,69341.22,23241,-23241,154.5,154.51,154.5781,-15.75,0.57,1.00,TREND,-1.78,stressed,-13.58,-19141,dir,76886.85,103.7,103.71,103.6028,23.05,0.89,1.00,TREND,1.73,stressed,13.19,0,mm,47.32,22.88,22.89,22.9585,-15.51,0.64,1.00,TREND,-1.90,stressed,-11.26,-4100,dir,-6663.32
220.190,192,108.6,69341.22,69341.22,23241,-23241,154.5,154.51,154.5738,-15.76,0.61,1.00,TREND,-1.78,stressed,-13.58,-19141,dir,76886.85,103.71,103.72,103.6093,23.12,1.00,1.00,TREND,1.73,stressed,13.19,0,mm,47.32,22.88,22.89,22.9542,-15.50,0.58,1.00,TREND,-1.90,stressed,-11.26,-4100,dir,-6663.32
220.219,193,107.3,70270.86,70270.86,23241,-23241,154.5,154.51,154.5729,-15.76,0.61,1.00,TREND,-1.78,stressed,-12.72,-19141,dir,76886.85,103.71,103.72,103.6107,23.12,1.00,1.00,TREND,1.73,stressed,12.70,0,mm,47.32,22.88,22.89,22.9533,-15.49,0.58,1.00,TREND,-1.90,stressed,-10.52,-4100,dir,-6663.32
220.240,193,107.3,70270.86,70270.86,23241,-23241,154.5,154.51,154.5722,-15.76,0.61,1.00,TREND,-1.78,stressed,-12.72,-19141,dir,76886.85,103.71,103.72,103.6117,23.13,1.00,1.00,TREND,1.73,stressed,12.70,0,mm,47.32,22.88,22.89,22.9526,-15.49,0.58,1.00,TREND,-1.90,stressed,-10.52,-4100,dir,-6663.32
220.286,193,107.3,70270.86,70270.86,23241,-23241,154.5,154.51,154.5708,-15.75,0.61,1.00,TREND,-1.78,stressed,-12.72,-19141,dir,76886.85,103.71,103.72,103.6139,23.12,1.00,1.00,TREND,1.73,stressed,12.70,0,mm,47.32,22.88,22.89,22.9512,-15.47,0.58,1.00,TREND,-1.90,stressed,-10.52,-4100,dir,-6663.32
220.482,193,107.3,70270.86,70270.86,23241,-23241,154.49,154.5,154.5642,-15.79,0.61,1.00,TREND,-1.77,stressed,-12.72,-19141,dir,76886.85,103.72,103.74,103.6240,23.24,1.00,1.00,TREND,1.75,stressed,12.70,0,mm,47.32,22.87,22.88,22.9445,-15.48,0.58,1.00,TREND,-1.89,stressed,-10.52,-4100,dir,-6663.32
220.539,193,107.3,70270.86,70270.86,23241,-23241,154.49,154.5,154.5623,-15.78,0.61,1.00,TREND,-1.77,stressed,-12.72,-19141,dir,76886.85,103.72,103.74,103.6270,23.24,1.00,1.00,TREND,1.75,stressed,12.70,0,mm,47.32,22.87,22.88,22.9426,-15.47,0.58,1.00,TREND,-1.89,stressed,-10.52,-4100,dir,-6663.32
220.581,193,107.3,70270.86,70270.86,23241,-23241,154.49,154.5,154.5610,-15.77,0.61,1.00,TREND,-1.77,stressed,-12.72,-19141,dir,76886.85,103.72,103.74,103.6289,23.24,1.00,1.00,TREND,1.75,stressed,12.70,0,mm,47.32,22.87,22.88,22.9413,-15.45,0.58,1.00,TREND,-1.89,stressed,-10.52,-4100,dir,-6663.32
220.698,193,107.3,70270.86,70270.86,23241,-23241,154.48,154.49,154.5569,-15.81,0.55,1.00,TREND,-1.77,stressed,-12.72,-19141,dir,76886.85,103.74,103.75,103.6352,23.32,0.91,1.00,TREND,1.75,stressed,12.70,0,mm,47.32,22.86,22.87,22.9372,-15.48,0.53,1.00,TREND,-1.89,stressed,-10.52,-4100,dir,-6663.32
220.732,193,107.6,70270.86,70270.86,23241,-23241,154.48,154.49,154.5558,-15.81,0.55,1.00,TREND,-1.76,stressed,-12.72,-19141,dir,76886.85,103.74,103.75,103.6369,23.33,0.91,1.00,TREND,1.73,stressed,12.70,0,mm,47.32,22.86,22.87,22.9360,-15.48,0.53,1.00,TREND,-1.87,stressed,-10.52,-4100,dir,-6663.32
220.778,193,107.6,70270.86,70270.86,23241,-23241,154.48,154.49,154.5543,-15.81,0.55,1.00,TREND,-1.76,stressed,-12.72,-19141,dir,76886.85,103.74,103.75,103.6392,23.34,0.91,1.00,TREND,1.73,stressed,12.70,0,mm,47.32,22.86,22.87,22.9346,-15.47,0.53,1.00,TREND,-1.87,stressed,-10.52,-4100,dir,-6663.32
220.867,193,107.6,70270.86,70270.86,23241,-23241,154.48,154.49,154.5514,-15.79,0.55,1.00,TREND,-1.76,stressed,-12.72,-19141,dir,76886.85,103.74,103.75,103.6436,23.33,0.91,1.00,TREND,1.73,stressed,12.70,0,mm,47.32,22.86,22.87,22.9317,-15.45,0.53,1.00,TREND,-1.87,stressed,-10.52,-4100,dir,-6663.32
220.918,193,107.6,70270.86,70270.86,23241,-23241,154.48,154.49,154.5499,-15.77,0.55,1.00,TREND,-1.76,stressed,-12.72,-19141,dir,76886.85,103.75,103.76,103.6462,23.35,0.91,1.00,TREND,1.73,stressed,12.70,0,mm,47.32,22.85,22.86,22.9299,-15.46,0.53,1.00,TREND,-1.87,stressed,-10.52,-4100,dir,-6663.32
221.052,193,107.6,70270.86,70270.86,23241,-23241,154.48,154.49,154.5459,-15.70,0.55,1.00,TREND,-1.70,stressed,-12.72,-19141,dir,77461.08,103.75,103.76,103.6528,23.35,0.91,1.00,TREND,1.71,stressed,12.70,0,mm,47.32,22.85,22.86,22.9253,-15.48,0.53,1.00,TREND,-1.85,stressed,-10.52,-4100,dir,-6540.32
221.130,193,107.6,70270.86,70270.86,23241,-23241,154.46,154.47,154.5430,-15.76,0.55,1.00,TREND,-1.70,stressed,-12.72,-19141,dir,77461.08,103.77,103.78,103.6572,23.44,0.91,1.00,TREND,1.71,stressed,12.70,0,mm,47.32,22.84,22.85,22.9224,-15.52,0.53,1.00,TREND,-1.85,stressed,-10.52,-4100,dir,-6540.32
221.160,193,107.6,70270.86,70270.86,23241,-23241,154.46,154.47,154.5419,-15.78,0.55,1.00,TREND,-1.70,stressed,-12.72,-19141,dir,77461.08,103.77,103.78,103.6589,23.47,0.91,1.00,TREND,1.71,stressed,12.70,0,mm,47.32,22.84,22.85,22.9213,-15.54,0.53,1.00,TREND,-1.85,stressed,-10.52,-4100,dir,-6540.32
221.223,193,107.6,70270.86,70270.86,23241,-23241,154.46,154.47,154.5397,-15.80,0.50,1.00,TREND,-1.70,stressed,-12.72,-19141,dir,77461.08,103.77,103.78,103.6623,23.51,0.82,1.00,TREND,1.71,stressed,12.70,0,mm,47.32,22.84,22.85,22.9191,-15.55,0.48,1.00,TREND,-1.85,stressed,-10.52,-4100,dir,-6540.32
221.288,194,106.3,70968.09,70968.09,23241,-23241,154.46,154.47,154.5374,-15.82,0.50,1.00,TREND,-1.70,stressed,-13.58,-19141,dir,77461.08,103.77,103.78,103.6657,23.53,0.82,1.00,TREND,1.71,stressed,12.70,0,mm,47.32,22.84,22.85,22.9169,-15.56,0.48,1.00,TREND,-1.85,stressed,-10.52,-4100,dir,-6540.32
221.312,194,106.3,70968.09,70968.09,23241,-23241,154.46,154.47,154.5366,-15.82,0.50,1.00,TREND,-1.73,stressed,-13.58,-19141,dir,77461.08,103.77,103.78,103.6669,23.53,0.82,1.00,TREND,1.71,stressed,12.70,0,mm,47.32,22.84,22.85,22.9161,-15.56,0.48,1.00,TREND,-1.84,stressed,-10.52,-4100,dir,-6540.32
221.350,194,106.3,70968.09,70968.09,23241,-23241,154.46,154.47,154.5353,-15.82,0.50,1.00,TREND,-1.73,stressed,-13.58,-19141,dir,77461.08,103.77,103.78,103.6689,23.53,0.82,1.00,TREND,1.71,stressed,12.70,0,mm,47.32,22.84,22.85,22.9148,-15.55,0.48,1.00,TREND,-1.84,stressed,-10.52,-4100,dir,-6540.32
221.446,194,106.3,70968.09,70968.09,23241,-23241,154.45,154.46,154.5317,-15.88,0.50,1.00,TREND,-1.73,stressed,-13.58,-19141,dir,77461.08,103.78,103.79,103.6740,23.58,0.82,1.00,TREND,1.71,stressed,12.70,0,mm,47.32,22.83,22.84,22.9113,-15.60,0.48,1.00,TREND,-1.84,stressed,-10.52,-4100,dir,-6540.32
221.492,194,106.3,70968.09,70968.09,23241,-23241,154.45,154.46,154.5301,-15.89,0.50,1.00,TREND,-1.73,stressed,-13.58,-19141,dir,77461.08,103.78,103.79,103.6764,23.59,0.82,1.00,TREND,1.71,stressed,12.70,0,mm,47.32,22.83,22.84,22.9096,-15.61,0.48,1.00,TREND,-1.84,stressed,-10.52,-4100,dir,-6540.32
221.513,194,106.3,70968.09,70968.09,23241,-23241,154.45,154.46,154.5294,-15.90,0.50,1.00,TREND,-1.73,stressed,-13.58,-19141,dir,77461.08,103.78,103.79,103.6774,23.59,0.82,1.00,TREND,1.71,stressed,12.70,0,mm,47.32,22.83,22.84,22.9089,-15.61,0.48,1.00,TREND,-1.84,stressed,-10.52,-4100,dir,-6540.32
221.536,194,106.3,70968.09,70968.09,23241,-23241,154.45,154.46,154.5286,-15.90,0.50,1.00,TREND,-1.73,stressed,-13.58,-19141,dir,77461.08,103.78,103.79,103.6785,23.59,0.82,1.00,TREND,1.71,stressed,12.70,0,mm,47.32,22.83,22.84,22.9081,-15.61,0.48,1.00,TREND,-1.84,stressed,-10.52,-4100,dir,-6540.32
221.567,194,106.3,70968.09,70968.09,23241,-23241,154.45,154.46,154.5275,-15.91,0.50,1.00,TREND,-1.72,stressed,-13.58,-19141,dir,77461.08,103.78,103.79,103.6801,23.59,0.82,1.00,TREND,1.69,stressed,12.70,0,mm,47.32,22.83,22.84,22.9071,-15.62,0.48,1.00,TREND,-1.82,stressed,-10.52,-4100,dir,-6540.32
221.730,194,106.3,70968.09,70968.09,23241,-23241,154.44,154.45,154.5215,-16.00,0.45,1.00,TREND,-1.72,stressed,-13.58,-19141,dir,77461.08,103.78,103.79,103.6877,23.51,0.91,1.00,TREND,1.69,stressed,12.70,0,mm,47.32,22.83,22.84,22.9018,-15.58,0.52,1.00,TREND,-1.82,stressed,-10.52,-4100,dir,-6540.32
221.785,194,106.6,70968.09,70968.09,23241,-23241,154.44,154.45,154.5194,-16.02,0.45,1.00,TREND,-1.72,stressed,-13.58,-19141,dir,77461.08,103.79,103.8,103.6907,23.50,0.91,1.00,TREND,1.69,stressed,12.70,0,mm,47.32,22.82,22.83,22.8997,-15.60,0.52,1.00,TREND,-1.82,stressed,-10.52,-4100,dir,-6540.32
221.806,194,106.6,70968.09,70968.09,23241,-23241,154.44,154.45,154.5187,-16.02,0.45,1.00,TREND,-1.72,stressed,-13.58,-19141,dir,77461.08,103.79,103.8,103.6917,23.50,0.91,1.00,TREND,1.69,stressed,12.70,0,mm,47.32,22.82,22.83,22.8990,-15.60,0.52,1.00,TREND,-1.82,stressed,-10.52,-4100,dir,-6540.32
221.827,194,106.6,70968.09,70968.09,23241,-23241,154.44,154.45,154.5180,-16.02,0.45,1.00,TREND,-1.71,stressed,-13.58,-19141,dir,77461.08,103.79,103.8,103.6927,23.49,0.91,1.00,TREND,1.67,stressed,12.70,0,mm,47.32,22.82,22.83,22.8983,-15.60,0.52,1.00,TREND,-1.81,stressed,-10.52,-4100,dir,-6540.32
222.129,194,106.6,70968.09,70968.09,23241,-23241,154.43,154.44,154.5070,-16.12,0.45,1.00,TREND,-1.70,stressed,-13.58,-19141,dir,77461.08,103.8,103.81,103.7075,23.45,0.91,1.00,TREND,1.65,stressed,12.70,0,mm,47.32,22.81,22.82,22.8873,-15.72,0.52,1.00,TREND,-1.80,stressed,-10.52,-4100,dir,-6540.32
222.236,194,106.6,70968.09,70968.09,23241,-23241,154.42,154.43,154.5030,-16.18,0.40,1.00,TREND,-1.70,stressed,-13.58,-19141,dir,78226.72,103.81,103.83,103.7131,23.47,0.89,1.00,TREND,1.65,stressed,12.70,0,mm,47.32,22.8,22.81,22.8832,-15.79,0.57,1.00,TREND,-1.80,stressed,-10.52,-4100,dir,-6376.32
222.305,195,105.3,71897.73,71897.73,23241,-23241,154.42,154.43,154.5005,-16.19,0.40,1.00,TREND,-1.70,stressed,-13.68,-19141,dir,78226.72,103.81,103.83,103.7165,23.47,0.89,1.00,TREND,1.65,stressed,12.53,0,mm,47.32,22.8,22.81,22.8807,-15.81,0.57,1.00,TREND,-1.80,stressed,-10.99,-4100,dir,-6376.32
222.343,195,105.3,71897.73,71897.73,23241,-23241,154.42,154.43,154.4991,-16.19,0.40,1.00,TREND,-1.70,stressed,-13.68,-19141,dir,78226.72,103.81,103.83,103.7183,23.45,0.89,1.00,TREND,1.65,stressed,12.53,0,mm,47.32,22.8,22.81,22.8794,-15.81,0.57,1.00,TREND,-1.80,stressed,-10.99,-4100,dir,-6376.32
222.610,195,105.3,71897.73,71897.73,23241,-23241,154.42,154.43,154.4904,-16.10,0.40,1.00,TREND,-1.69,stressed,-13.68,-19141,dir,78226.72,103.81,103.83,103.7303,23.23,0.89,1.00,TREND,1.65,stressed,12.53,0,mm,47.32,22.8,22.81,22.8706,-15.74,0.57,1.00,TREND,-1.78,stressed,-10.99,-4100,dir,-6376.32
223.027,195,105.3,71897.73,71897.73,23241,-23241,154.4,154.41,154.4752,-16.22,0.37,1.00,TREND,-1.73,stressed,-13.68,-19141,dir,78226.72,103.84,103.85,103.7508,23.20,0.83,1.00,TREND,1.67,stressed,12.53,0,mm,47.32,22.78,22.79,22.8553,-15.88,0.51,1.00,TREND,-1.81,stressed,-10.99,-4100,dir,-6376.32
223.091,196,104.2,72635.96,72635.96,23241,-23241,154.4,154.41,154.4731,-16.19,0.37,1.00,TREND,-1.73,stressed,-12.84,-19141,dir,78800.95,103.85,103.86,103.7539,23.19,0.83,1.00,TREND,1.67,stressed,12.04,0,mm,47.32,22.77,22.78,22.8529,-15.90,0.51,1.00,TREND,-1.81,stressed,-10.91,-4100,dir,-6212.32
223.122,196,104.2,72635.96,72635.96,23241,-23241,154.4,154.41,154.4721,-16.17,0.37,1.00,TREND,-1.73,stressed,-12.84,-19141,dir,78800.95,103.85,103.86,103.7553,23.18,0.83,1.00,TREND,1.67,stressed,12.04,0,mm,47.32,22.77,22.78,22.8518,-15.91,0.51,1.00,TREND,-1.81,stressed,-10.91,-4100,dir,-6212.32
223.487,196,104.2,72635.96,72635.96,23241,-23241,154.39,154.4,154.4599,-16.09,0.37,1.00,TREND,-1.72,stressed,-12.84,-19141,dir,78800.95,103.86,103.87,103.7727,23.07,0.83,1.00,TREND,1.68,stressed,12.04,0,mm,47.32,22.76,22.77,22.8381,-16.06,0.51,1.00,TREND,-1.85,stressed,-10.91,-4100,dir,-6212.32
223.648,196,104.2,72635.96,72635.96,23241,-23241,154.38,154.39,154.4544,-16.07,0.33,1.00,TREND,-1.72,stressed,-12.84,-19141,dir,78800.95,103.87,103.88,103.7801,23.00,0.76,1.00,TREND,1.68,stressed,12.04,0,mm,47.32,22.75,22.76,22.8320,-16.13,0.55,1.00,TREND,-1.85,stressed,-10.91,-4100,dir,-6212.32
223.791,196,104.6,72635.96,72635.96,23241,-23241,154.38,154.39,154.4499,-16.01,0.33,1.00,TREND,-1.71,stressed,-12.84,-19141,dir,78800.95,103.87,103.88,103.7863,22.88,0.76,1.00,TREND,1.66,stressed,12.04,0,mm,47.32,22.75,22.76,22.8270,-16.12,0.55,1.00,TREND,-1.83,stressed,-10.91,-4100,dir,-6212.32
223.826,196,104.6,72635.96,72635.96,23241,-23241,154.38,154.39,154.4489,-15.98,0.33,1.00,TREND,-1.71,stressed,-12.84,-19141,dir,78800.95,103.88,103.89,103.7879,22.86,0.76,1.00,TREND,1.66,stressed,12.04,0,mm,47.32,22.74,22.75,22.8257,-16.14,0.55,1.00,TREND,-1.83,stressed,-10.91,-4100,dir,-6212.32
223.857,196,104.6,72635.96,72635.96,23241,-23241,154.38,154.39,154.4480,-15.96,0.33,1.00,TREND,-1.71,stressed,-12.84,-19141,dir,78800.95,103.88,103.89,103.7893,22.85,0.76,1.00,TREND,1.66,stressed,12.04,0,mm,47.32,22.74,22.75,22.8245,-16.15,0.55,1.00,TREND,-1.83,stressed,-10.91,-4100,dir,-6212.32
223.897,196,104.6,72635.96,72635.96,23241,-23241,154.38,154.39,154.4468,-15.93,0.33,1.00,TREND,-1.71,stressed,-12.84,-19141,dir,78800.95,103.88,103.89,103.7911,22.83,0.76,1.00,TREND,1.66,stressed,12.04,0,mm,47.32,22.74,22.75,22.8230,-16.16,0.55,1.00,TREND,-1.83,stressed,-10.91,-4100,dir,-6212.32
224.041,196,104.6,72635.96,72635.96,23241,-23241,154.37,154.38,154.4421,-15.90,0.33,1.00,TREND,-1.70,stressed,-12.84,-19141,dir,78800.95,103.89,103.9,103.7979,22.81,0.76,1.00,TREND,1.67,stressed,12.04,0,mm,47.32,22.73,22.74,22.8173,-16.27,0.55,1.00,TREND,-1.86,stressed,-10.91,-4100,dir,-6212.32
224.123,196,104.6,72635.96,72635.96,23241,-23241,154.37,154.38,154.4396,-15.86,0.33,1.00,TREND,-1.70,stressed,-12.84,-19141,dir,79375.18,103.89,103.9,103.8015,22.77,0.76,1.00,TREND,1.67,stressed,12.04,0,mm,47.32,22.73,22.74,22.8142,-16.30,0.55,1.00,TREND,-1.86,stressed,-10.91,-4100,dir,-6048.32
224.190,196,104.6,72635.96,72635.96,23241,-23241,154.37,154.38,154.4375,-15.82,0.39,1.00,TREND,-1.70,stressed,-12.84,-19141,dir,79375.18,103.89,103.9,103.8045,22.71,0.76,1.00,TREND,1.67,stressed,12.04,0,mm,47.32,22.73,22.74,22.8117,-16.31,0.51,1.00,TREND,-1.86,stressed,-10.91,-4100,dir,-6048.32
224.232,197,103.3,73374.19,73374.19,23241,-23241,154.37,154.38,154.4363,-15.79,0.39,1.00,TREND,-1.70,stressed,-13.10,-19141,dir,79375.18,103.9,103.91,103.8064,22.71,0.76,1.00,TREND,1.67,stressed,12.27,0,mm,47.32,22.73,22.74,22.8102,-16.31,0.51,1.00,TREND,-1.86,stressed,-11.43,-4100,dir,-6048.32
224.288,197,103.3,73374.19,73374.19,23241,-23241,154.37,154.38,154.4347,-15.74,0.39,1.00,TREND,-1.70,stressed,-13.10,-19141,dir,79375.18,103.9,103.91,103.8090,22.69,0.76,1.00,TREND,1.67,stressed,12.27,0,mm,47.32,22.73,22.74,22.8082,-16.30,0.51,1.00,TREND,-1.86,stressed,-11.43,-4100,dir,-6048.32
224.317,197,103.3,73374.19,73374.19,23241,-23241,154.37,154.38,154.4339,-15.72,0.39,1.00,TREND,-1.65,stressed,-13.10,-19141,dir,79375.18,103.9,103.91,103.8103,22.68,0.76,1.00,TREND,1.65,stressed,12.27,0,mm,47.32,22.73,22.74,22.8072,-16.29,0.51,1.00,TREND,-1.79,stressed,-11.43,-4100,dir,-6048.32
224.369,197,103.3,73374.19,73374.19,23241,-23241,154.37,154.38,154.4325,-15.67,0.39,1.00,TREND,-1.65,stressed,-13.10,-19141,dir,79375.18,103.9,103.91,103.8126,22.65,0.76,1.00,TREND,1.65,stressed,12.27,0,mm,47.32,22.73,22.74,22.8055,-16.27,0.51,1.00,TREND,-1.79,stressed,-11.43,-4100,dir,-6048.32
224.406,197,103.3,73374.19,73374.19,23241,-23241,154.37,154.38,154.4315,-15.63,0.39,1.00,TREND,-1.65,stressed,-13.10,-19141,dir,79375.18,103.9,103.91,103.8142,22.62,0.76,1.00,TREND,1.65,stressed,12.27,0,mm,47.32,22.73,22.74,22.8043,-16.25,0.51,1.00,TREND,-1.79,stressed,-11.43,-4100,dir,-6048.32
224.516,197,103.3,73374.19,73374.19,23241,-23241,154.36,154.37,154.4282,-15.59,0.39,1.00,TREND,-1.65,stressed,-13.10,-19141,dir,79375.18,103.9,103.91,103.8187,22.51,0.76,1.00,TREND,1.65,stressed,12.27,0,mm,47.32,22.72,22.73,22.8003,-16.27,0.51,1.00,TREND,-1.79,stressed,-11.43,-4100,dir,-6048.32
224.566,197,103.3,73374.19,73374.19,23241,-23241,154.36,154.37,154.4267,-15.56,0.39,1.00,TREND,-1.65,stressed,-13.10,-19141,dir,79375.18,103.91,103.92,103.8210,22.49,0.76,1.00,TREND,1.65,stressed,12.27,0,mm,47.32,22.72,22.73,22.7985,-16.26,0.51,1.00,TREND,-1.79,stressed,-11.43,-4100,dir,-6048.32
224.606,197,103.3,73374.19,73374.19,23241,-23241,154.36,154.37,154.4255,-15.54,0.39,1.00,TREND,-1.65,stressed,-13.10,-19141,dir,79375.18,103.91,103.92,103.8227,22.47,0.76,1.00,TREND,1.63,stressed,12.27,0,mm,47.32,22.72,22.73,22.7972,-16.25,0.51,1.00,TREND,-1.78,stressed,-11.43,-4100,dir,-6048.32
224.645,197,103.3,73374.19,73374.19,23241,-23241,154.36,154.37,154.4244,-15.51,0.39,1.00,TREND,-1.65,stressed,-13.10,-19141,dir,79375.18,103.91,103.92,103.8244,22.45,0.76,1.00,TREND,1.63,stressed,12.27,0,mm,47.32,22.72,22.73,22.7959,-16.24,0.51,1.00,TREND,-1.78,stressed,-11.43,-4100,dir,-6048.32
224.661,197,103.3,73374.19,73374.19,23241,-23241,154.36,154.37,154.4240,-15.49,0.39,1.00,TREND,-1.65,stressed,-13.10,-19141,dir,79375.18,103.91,103.92,103.8251,22.43,0.76,1.00,TREND,1.63,stressed,12.27,0,mm,47.32,22.72,22.73,22.7953,-16.23,0.51,1.00,TREND,-1.78,stressed,-11.43,-4100,dir,-6048.32
224.749,197,103.3,73374.19,73374.19,23241,-23241,154.34,154.36,154.4209,-15.52,0.40,1.00,TREND,-1.65,stressed,-13.10,-19141,dir,79375.18,103.92,103.93,103.8292,22.42,0.71,1.00,TREND,1.63,stressed,12.27,0,mm,47.32,22.71,22.72,22.7920,-16.26,0.46,1.00,TREND,-1.78,stressed,-11.43,-4100,dir,-6048.32
224.785,197,103.5,73374.19,73374.19,23241,-23241,154.34,154.36,154.4198,-15.53,0.40,1.00,TREND,-1.65,stressed,-13.10,-19141,dir,79375.18,103.92,103.93,103.8308,22.41,0.71,1.00,TREND,1.63,stressed,12.27,0,mm,47.32,22.71,22.72,22.7907,-16.26,0.46,1.00,TREND,-1.78,stressed,-11.43,-4100,dir,-6048.32
224.825,197,103.5,73374.19,73374.19,23241,-23241,154.34,154.36,154.4185,-15.53,0.40,1.00,TREND,-1.65,stressed,-13.10,-19141,dir,79375.18,103.92,103.93,103.8325,22.39,0.71,1.00,TREND,1.63,stressed,12.27,0,mm,47.32,22.71,22.72,22.7894,-16.26,0.46,1.00,TREND,-1.78,stressed,-11.43,-4100,dir,-6048.32
224.895,197,103.5,73374.19,73374.19,23241,-23241,154.34,154.36,154.4163,-15.52,0.40,1.00,TREND,-1.67,stressed,-13.10,-19141,dir,79375.18,103.92,103.93,103.8355,22.35,0.71,1.00,TREND,1.62,stressed,12.27,0,mm,47.32,22.71,22.72,22.7870,-16.25,0.46,1.00,TREND,-1.77,stressed,-11.43,-4100,dir,-6048.32
224.948,197,103.5,73374.19,73374.19,23241,-23241,154.34,154.36,154.4147,-15.50,0.40,1.00,TREND,-1.67,stressed,-13.10,-19141,dir,79375.18,103.92,103.93,103.8377,22.30,0.71,1.00,TREND,1.62,stressed,12.27,0,mm,47.32,22.71,22.72,22.7852,-16.23,0.46,1.00,TREND,-1.77,stressed,-11.43,-4100,dir,-6048.32
224.975,197,103.5,73374.19,73374.19,23241,-23241,154.34,154.36,154.4138,-15.49,0.40,1.00,TREND,-1.67,stressed,-13.10,-19141,dir,79375.18,103.92,103.93,103.8388,22.27,0.71,1.00,TREND,1.62,stressed,12.27,0,mm,47.32,22.71,22.72,22.7843,-16.22,0.46,1.00,TREND,-1.77,stressed,-11.43,-4100,dir,-6048.32
225.310,197,103.5,73374.19,73374.19,23241,-23241,154.33,154.34,154.4024,-15.59,0.40,1.00,TREND,-1.68,stressed,-13.10,-19141,dir,80140.82,103.93,103.94,103.8528,22.03,0.80,1.00,TREND,1.60,stressed,12.27,0,mm,47.32,22.7,22.71,22.7728,-16.17,0.51,1.00,TREND,-1.76,stressed,-11.43,-4100,dir,-5925.32
225.454,198,102.4,74262.83,74262.83,23241,-23241,154.32,154.33,154.3973,-15.64,0.40,1.00,TREND,-1.68,stressed,-13.46,-19141,dir,80140.82,103.94,103.95,103.8588,21.94,0.80,1.00,TREND,1.60,stressed,12.12,0,mm,47.32,22.69,22.7,22.7677,-16.18,0.51,1.00,TREND,-1.76,stressed,-11.54,-4100,dir,-5925.32
225.656,198,102.4,74262.83,74262.83,23241,-23241,154.31,154.32,154.3898,-15.77,0.40,1.00,TREND,-1.72,stressed,-13.46,-19141,dir,80140.82,103.95,103.96,103.8676,21.87,0.80,1.00,TREND,1.62,stressed,12.12,0,mm,47.32,22.68,22.69,22.7601,-16.25,0.51,1.00,TREND,-1.79,stressed,-11.54,-4100,dir,-5925.32
225.686,198,102.4,74262.83,74262.83,23241,-23241,154.31,154.32,154.3887,-15.77,0.40,1.00,TREND,-1.72,stressed,-13.46,-19141,dir,80140.82,103.95,103.96,103.8688,21.85,0.80,1.00,TREND,1.62,stressed,12.12,0,mm,47.32,22.68,22.69,22.7591,-16.25,0.51,1.00,TREND,-1.79,stressed,-11.54,-4100,dir,-5925.32
225.728,198,102.4,74262.83,74262.83,23241,-23241,154.31,154.32,154.3873,-15.78,0.40,1.00,TREND,-1.72,stressed,-13.46,-19141,dir,80140.82,103.95,103.96,103.8705,21.81,0.80,1.00,TREND,1.62,stressed,12.12,0,mm,47.32,22.68,22.69,22.7576,-16.24,0.51,1.00,TREND,-1.79,stressed,-11.54,-4100,dir,-5925.32
225.931,198,102.4,74262.83,74262.83,23241,-23241,154.3,154.31,154.3798,-15.89,0.46,1.00,TREND,-1.71,stressed,-13.46,-19141,dir,80140.82,103.96,103.97,103.8791,21.72,0.75,1.00,TREND,1.61,stressed,12.12,0,mm,47.32,22.68,22.69,22.7510,-16.16,0.46,1.00,TREND,-1.73,stressed,-11.54,-4100,dir,-5925.32
225.960,198,102.6,74262.83,74262.83,23241,-23241,154.3,154.31,154.3788,-15.89,0.46,1.00,TREND,-1.71,stressed,-13.46,-19141,dir,80140.82,103.96,103.97,103.8803,21.70,0.75,1.00,TREND,1.61,stressed,12.12,0,mm,47.32,22.68,22.69,22.7501,-16.14,0.46,1.00,TREND,-1.73,stressed,-11.54,-4100,dir,-5925.32
226.348,198,102.6,74262.83,74262.83,23241,-23241,154.29,154.3,154.3649,-16.00,0.46,1.00,TREND,-1.71,stressed,-13.46,-19141,dir,80906.46,103.97,104.0,103.8977,21.70,0.75,1.00,TREND,1.62,stressed,12.12,0,mm,47.32,22.67,22.68,22.7376,-15.99,0.46,1.00,TREND,-1.72,stressed,-11.54,-4100,dir,-5802.32
226.641,198,102.6,74262.83,74262.83,23241,-23241,154.28,154.29,154.3546,-16.02,0.42,1.00,TREND,-1.70,stressed,-13.46,-19141,dir,80906.46,104.01,104.02,103.9128,21.99,0.89,1.00,TREND,1.67,stressed,12.12,0,mm,47.32,22.67,22.68,22.7296,-15.68,0.51,1.00,TREND,-1.67,stressed,-11.54,-4100,dir,-5802.32
226.679,199,101.5,75151.47,75151.47,23241,-23241,154.27,154.28,154.3531,-16.04,0.42,1.00,TREND,-1.70,stressed,-15.70,-19141,dir,80906.46,104.01,104.02,103.9147,22.00,0.89,1.00,TREND,1.67,stressed,12.72,0,mm,47.32,22.66,22.67,22.7284,-15.66,0.51,1.00,TREND,-1.67,stressed,-13.08,-4100,dir,-5802.32
226.728,199,101.5,75151.47,75151.47,23241,-23241,154.27,154.28,154.3514,-16.05,0.42,1.00,TREND,-1.70,stressed,-15.70,-19141,dir,80906.46,104.01,104.02,103.9169,22.00,0.89,1.00,TREND,1.67,stressed,12.72,0,mm,47.32,22.66,22.67,22.7270,-15.63,0.51,1.00,TREND,-1.67,stressed,-13.08,-4100,dir,-5802.32
226.878,199,101.5,75151.47,75151.47,23241,-23241,154.26,154.27,154.3455,-16.17,0.42,1.00,TREND,-1.70,stressed,-15.70,-19141,dir,80906.46,104.02,104.03,103.9243,22.07,0.89,1.00,TREND,1.67,stressed,12.72,0,mm,47.32,22.65,22.66,22.7221,-15.63,0.51,1.00,TREND,-1.67,stressed,-13.08,-4100,dir,-5802.32
226.920,199,101.5,75151.47,75151.47,23241,-23241,154.26,154.27,154.3439,-16.18,0.42,1.00,TREND,-1.73,stressed,-15.70,-19141,dir,80906.46,104.02,104.03,103.9263,22.07,0.89,1.00,TREND,1.66,stressed,12.72,0,mm,47.32,22.65,22.66,22.7207,-15.61,0.51,1.00,TREND,-1.71,stressed,-13.08,-4100,dir,-5802.32
227.687,199,101.5,75151.47,75151.47,23241,-23241,154.26,154.27,154.3200,-15.72,0.38,1.00,TREND,-1.68,stressed,-15.70,-19141,dir,81672.10,104.02,104.03,103.9562,21.19,0.97,1.00,TREND,1.61,stressed,12.72,0,mm,47.32,22.64,22.65,22.6978,-15.26,0.56,1.00,TREND,-1.69,stressed,-13.08,-4100,dir,-5679.32
228.209,200,100.7,76040.11,76040.11,23241,-23241,154.24,154.25,154.3038,-15.56,0.34,1.00,TREND,-1.72,stressed,-15.53,-19141,dir,81672.10,104.06,104.07,103.9797,21.30,0.99,1.00,TREND,1.70,stressed,13.93,0,mm,47.32,22.63,22.64,22.6842,-14.82,0.59,1.00,TREND,-1.69,stressed,-12.92,-4100,dir,-5679.32
228.329,201,99.3,76504.93,76504.93,23241,-23241,154.23,154.24,154.2999,-15.53,0.34,1.00,TREND,-1.72,stressed,-13.08,-19141,dir,82054.92,104.08,104.09,103.9857,21.37,0.99,1.00,TREND,1.70,stressed,12.71,0,mm,47.32,22.62,22.63,22.6809,-14.76,0.59,1.00,TREND,-1.69,stressed,-11.43,-4100,dir,-5597.32
228.406,201,99.3,76504.93,76504.93,23241,-23241,154.22,154.23,154.2972,-15.56,0.34,1.00,TREND,-1.72,stressed,-13.08,-19141,dir,82054.92,104.09,104.1,103.9895,21.45,0.99,1.00,TREND,1.70,stressed,12.71,0,mm,47.32,22.61,22.62,22.6785,-14.76,0.59,1.00,TREND,-1.69,stressed,-11.43,-4100,dir,-5597.32
228.445,201,99.3,76504.93,76504.93,23241,-23241,154.22,154.23,154.2959,-15.56,0.34,1.00,TREND,-1.72,stressed,-13.08,-19141,dir,82054.92,104.09,104.1,103.9915,21.48,0.99,1.00,TREND,1.70,stressed,12.71,0,mm,47.32,22.61,22.62,22.6774,-14.76,0.59,1.00,TREND,-1.69,stressed,-11.43,-4100,dir,-5597.32
228.496,201,99.3,76504.93,76504.93,23241,-23241,154.22,154.23,154.2943,-15.56,0.34,1.00,TREND,-1.76,stressed,-13.08,-19141,dir,82054.92,104.09,104.1,103.9939,21.50,0.99,1.00,TREND,1.75,stressed,12.71,0,mm,47.32,22.61,22.62,22.6759,-14.75,0.59,1.00,TREND,-1.72,stressed,-11.43,-4100,dir,-5597.32
228.650,201,99.3,76504.93,76504.93,23241,-23241,154.22,154.23,154.2895,-15.53,0.34,1.00,TREND,-1.76,stressed,-13.08,-19141,dir,82054.92,104.1,104.11,104.0016,21.63,0.99,1.00,TREND,1.75,stressed,12.71,0,mm,47.32,22.6,22.61,22.6710,-14.80,0.59,1.00,TREND,-1.72,stressed,-11.43,-4100,dir,-5597.32
228.701,201,99.3,76504.93,76504.93,23241,-23241,154.21,154.22,154.2876,-15.54,0.34,1.00,TREND,-1.76,stressed,-13.08,-19141,dir,82054.92,104.1,104.11,104.0041,21.65,0.99,1.00,TREND,1.75,stressed,12.71,0,mm,47.32,22.6,22.61,22.6694,-14.80,0.59,1.00,TREND,-1.72,stressed,-11.43,-4100,dir,-5597.32
228.727,201,99.3,76504.93,76504.93,23241,-23241,154.21,154.22,154.2868,-15.55,0.39,1.00,TREND,-1.76,stressed,-13.08,-19141,dir,82054.92,104.1,104.11,104.0053,21.66,1.00,1.00,TREND,1.75,stressed,12.71,0,mm,47.32,22.6,22.61,22.6686,-14.80,0.63,1.00,TREND,-1.72,stressed,-11.43,-4100,dir,-5597.32
228.785,201,99.5,76504.93,76504.93,23241,-23241,154.21,154.22,154.2849,-15.55,0.39,1.00,TREND,-1.75,stressed,-13.08,-19141,dir,82054.92,104.1,104.11,104.0079,21.66,1.00,1.00,TREND,1.73,stressed,12.71,0,mm,47.32,22.6,22.61,22.6670,-14.79,0.63,1.00,TREND,-1.72,stressed,-11.43,-4100,dir,-5597.32
228.886,201,99.5,76504.93,76504.93,23241,-23241,154.2,154.21,154.2811,-15.62,0.39,1.00,TREND,-1.75,stressed,-13.08,-19141,dir,82054.92,104.11,104.12,104.0130,21.71,1.00,1.00,TREND,1.73,stressed,12.71,0,mm,47.32,22.59,22.6,22.6635,-14.84,0.63,1.00,TREND,-1.72,stressed,-11.43,-4100,dir,-5597.32
228.945,201,99.5,76504.93,76504.93,23241,-23241,154.2,154.21,154.2791,-15.64,0.39,1.00,TREND,-1.75,stressed,-13.08,-19141,dir,82054.92,104.11,104.12,104.0157,21.73,1.00,1.00,TREND,1.73,stressed,12.71,0,mm,47.32,22.59,22.6,22.6617,-14.85,0.63,1.00,TREND,-1.72,stressed,-11.43,-4100,dir,-5597.32
229.006,201,99.5,76504.93,76504.93,23241,-23241,154.2,154.21,154.2769,-15.66,0.39,1.00,TREND,-1.75,stressed,-13.08,-19141,dir,82054.92,104.11,104.12,104.0186,21.72,1.00,1.00,TREND,1.73,stressed,12.71,0,mm,47.32,22.59,22.6,22.6598,-14.85,0.63,1.00,TREND,-1.72,stressed,-11.43,-4100,dir,-5597.32
229.242,201,99.5,76504.93,76504.93,23241,-23241,154.19,154.2,154.2684,-15.78,0.37,1.00,TREND,-1.79,stressed,-13.08,-19141,dir,82820.56,104.12,104.13,104.0297,21.76,0.98,1.00,TREND,1.74,stressed,12.71,0,mm,47.32,22.59,22.6,22.6530,-14.78,0.66,1.00,TREND,-1.71,stressed,-11.43,-4100,dir,-5474.32
229.502,202,98.4,77393.57,77393.57,23241,-23241,154.18,154.19,154.2588,-15.90,0.37,1.00,TREND,-1.78,stressed,-13.08,-19141,dir,82820.56,104.13,104.14,104.0418,21.77,0.98,1.00,TREND,1.72,stressed,13.06,0,mm,47.32,22.58,22.59,22.6452,-14.75,0.66,1.00,TREND,-1.70,stressed,-11.52,-4100,dir,-5474.32
229.612,202,98.4,77393.57,77393.57,23241,-23241,154.18,154.19,154.2550,-15.89,0.37,1.00,TREND,-1.78,stressed,-13.08,-19141,dir,82820.56,104.13,104.14,104.0466,21.69,0.98,1.00,TREND,1.72,stressed,13.06,0,mm,47.32,22.58,22.59,22.6421,-14.69,0.66,1.00,TREND,-1.70,stressed,-11.52,-4100,dir,-5474.32
229.709,202,98.4,77393.57,77393.57,23241,-23241,154.17,154.18,154.2515,-15.94,0.37,1.00,TREND,-1.78,stressed,-13.08,-19141,dir,82820.56,104.14,104.15,104.0509,21.68,0.98,1.00,TREND,1.72,stressed,13.06,0,mm,47.32,22.57,22.58,22.6392,-14.70,0.66,1.00,TREND,-1.70,stressed,-11.52,-4100,dir,-5474.32
229.736,202,98.4,77393.57,77393.57,23241,-23241,154.17,154.18,154.2505,-15.94,0.37,1.00,TREND,-1.78,stressed,-13.08,-19141,dir,82820.56,104.14,104.15,104.0522,21.67,0.98,1.00,TREND,1.72,stressed,13.06,0,mm,47.32,22.57,22.58,22.6383,-14.70,0.66,1.00,TREND,-1.70,stressed,-11.52,-4100,dir,-5474.32
229.765,202,98.4,77393.57,77393.57,23241,-23241,154.17,154.18,154.2495,-15.95,0.34,1.00,TREND,-1.76,stressed,-13.08,-19141,dir,82820.56,104.14,104.15,104.0534,21.65,0.96,1.00,TREND,1.70,stressed,13.06,0,mm,47.32,22.57,22.58,22.6375,-14.69,0.60,1.00,TREND,-1.69,stressed,-11.52,-4100,dir,-5474.32
229.793,202,98.5,77393.57,77393.57,23241,-23241,154.17,154.18,154.2485,-15.95,0.34,1.00,TREND,-1.76,stressed,-13.08,-19141,dir,82820.56,104.14,104.15,104.0546,21.64,0.96,1.00,TREND,1.70,stressed,13.06,0,mm,47.32,22.57,22.58,22.6366,-14.69,0.60,1.00,TREND,-1.69,stressed,-11.52,-4100,dir,-5474.32
230.137,202,98.5,77393.57,77393.57,23241,-23241,154.16,154.17,154.2360,-16.04,0.34,1.00,TREND,-1.75,stressed,-13.08,-19141,dir,82820.56,104.15,104.16,104.0696,21.50,0.96,1.00,TREND,1.68,stressed,13.06,0,mm,47.32,22.56,22.57,22.6259,-14.71,0.60,1.00,TREND,-1.69,stressed,-11.52,-4100,dir,-5474.32
230.421,202,98.5,77393.57,77393.57,23241,-23241,154.15,154.16,154.2259,-16.08,0.31,1.00,TREND,-1.74,stressed,-13.08,-19141,dir,83394.79,104.16,104.17,104.0815,21.34,0.93,1.00,TREND,1.66,stressed,13.06,0,mm,47.32,22.55,22.56,22.6171,-14.73,0.55,1.00,TREND,-1.68,stressed,-11.52,-4100,dir,-5310.32
230.477,203,97.4,78131.80,78131.80,23241,-23241,154.14,154.15,154.2238,-16.11,0.31,1.00,TREND,-1.74,stressed,-14.00,-19141,dir,83394.79,104.17,104.18,104.0839,21.32,0.93,1.00,TREND,1.66,stressed,14.40,0,mm,47.32,22.54,22.55,22.6152,-14.75,0.55,1.00,TREND,-1.68,stressed,-11.81,-4100,dir,-5310.32
230.500,203,97.4,78131.80,78131.80,23241,-23241,154.14,154.15,154.2229,-16.12,0.31,1.00,TREND,-1.74,stressed,-14.00,-19141,dir,83394.79,104.17,104.18,104.0849,21.31,0.93,1.00,TREND,1.66,stressed,14.40,0,mm,47.32,22.54,22.55,22.6144,-14.76,0.55,1.00,TREND,-1.68,stressed,-11.81,-4100,dir,-5310.32
230.527,203,97.4,78131.80,78131.80,23241,-23241,154.14,154.15,154.2220,-16.12,0.31,1.00,TREND,-1.74,stressed,-14.00,-19141,dir,83394.79,104.17,104.18,104.0861,21.30,0.93,1.00,TREND,1.66,stressed,14.40,0,mm,47.32,22.54,22.55,22.6136,-14.77,0.55,1.00,TREND,-1.68,stressed,-11.81,-4100,dir,-5310.32
230.542,203,97.4,78131.80,78131.80,23241,-23241,154.14,154.15,154.2214,-16.13,0.31,1.00,TREND,-1.74,stressed,-14.00,-19141,dir,83394.79,104.17,104.18,104.0867,21.29,0.93,1.00,TREND,1.66,stressed,14.40,0,mm,47.32,22.54,22.55,22.6131,-14.77,0.55,1.00,TREND,-1.68,stressed,-11.81,-4100,dir,-5310.32
230.659,203,97.4,78131.80,78131.80,23241,-23241,154.13,154.14,154.2168,-16.22,0.31,1.00,TREND,-1.74,stressed,-14.00,-19141,dir,83394.79,104.18,104.19,104.0920,21.30,0.93,1.00,TREND,1.66,stressed,14.40,0,mm,47.32,22.53,22.54,22.6089,-14.86,0.55,1.00,TREND,-1.68,stressed,-11.81,-4100,dir,-5310.32
230.692,203,97.4,78131.80,78131.80,23241,-23241,154.13,154.14,154.2155,-16.23,0.31,1.00,TREND,-1.77,stressed,-14.00,-19141,dir,83394.79,104.18,104.19,104.0934,21.29,0.93,1.00,TREND,1.67,stressed,14.40,0,mm,47.32,22.53,22.54,22.6078,-14.88,0.55,1.00,TREND,-1.72,stressed,-11.81,-4100,dir,-5310.32
230.715,203,97.4,78131.80,78131.80,23241,-23241,154.13,154.14,154.2147,-16.24,0.31,1.00,TREND,-1.77,stressed,-14.00,-19141,dir,83394.79,104.18,104.19,104.0944,21.28,0.93,1.00,TREND,1.67,stressed,14.40,0,mm,47.32,22.53,22.54,22.6070,-14.89,0.55,1.00,TREND,-1.72,stressed,-11.81,-4100,dir,-5310.32
230.760,203,97.4,78131.80,78131.80,23241,-23241,154.13,154.14,154.2130,-16.25,0.31,1.00,TREND,-1.77,stressed,-14.00,-19141,dir,83394.79,104.18,104.19,104.0963,21.26,0.93,1.00,TREND,1.67,stressed,14.40,0,mm,47.32,22.53,22.54,22.6055,-14.90,0.55,1.00,TREND,-1.72,stressed,-11.81,-4100,dir,-5310.32
230.784,203,97.4,78131.80,78131.80,23241,-23241,154.13,154.14,154.2121,-16.26,0.31,1.00,TREND,-1.77,stressed,-14.00,-19141,dir,83394.79,104.18,104.19,104.0973,21.25,0.93,1.00,TREND,1.67,stressed,14.40,0,mm,47.32,22.53,22.54,22.6047,-14.91,0.55,1.00,TREND,-1.72,stressed,-11.81,-4100,dir,-5310.32
230.803,203,97.4,78131.80,78131.80,23241,-23241,154.13,154.14,154.2114,-16.26,0.31,1.00,TREND,-1.77,stressed,-14.00,-19141,dir,83394.79,104.18,104.19,104.0981,21.23,0.93,1.00,TREND,1.67,stressed,14.40,0,mm,47.32,22.53,22.54,22.6041,-14.91,0.55,1.00,TREND,-1.72,stressed,-11.81,-4100,dir,-5310.32
230.893,203,97.4,78131.80,78131.80,23241,-23241,154.12,154.13,154.2080,-16.32,0.31,1.00,TREND,-1.77,stressed,-14.00,-19141,dir,83394.79,104.19,104.2,104.1019,21.23,0.93,1.00,TREND,1.67,stressed,14.40,0,mm,47.32,22.52,22.53,22.6009,-14.98,0.55,1.00,TREND,-1.72,stressed,-11.81,-4100,dir,-5310.32
230.990,203,97.4,78131.80,78131.80,23241,-23241,154.12,154.13,154.2041,-16.37,0.36,1.00,TREND,-1.76,stressed,-14.00,-19141,dir,83394.79,104.19,104.2,104.1062,21.20,0.87,1.00,TREND,1.65,stressed,14.40,0,mm,47.32,22.52,22.53,22.5974,-15.03,0.59,1.00,TREND,-1.71,stressed,-11.81,-4100,dir,-5310.32
231.247,204,96.2,78131.80,78131.80,23241,-23241,154.12,154.13,154.1951,-16.33,0.36,1.00,TREND,-1.70,stressed,-13.45,-19141,dir,84160.43,104.19,104.2,104.1163,20.98,0.87,1.00,TREND,1.60,stressed,13.38,0,mm,47.32,22.52,22.53,22.5892,-15.02,0.59,1.00,TREND,-1.65,stressed,-11.24,-4100,dir,-5187.32
231.278,204,96.2,78131.80,78131.80,23241,-23241,154.12,154.13,154.1941,-16.32,0.36,1.00,TREND,-1.70,stressed,-13.45,-19141,dir,84160.43,104.19,104.2,104.1175,20.94,0.87,1.00,TREND,1.60,stressed,13.38,0,mm,47.32,22.51,22.52,22.5881,-15.04,0.59,1.00,TREND,-1.65,stressed,-11.24,-4100,dir,-5187.32
231.355,204,96.2,78131.80,78131.80,23241,-23241,154.12,154.13,154.1917,-16.27,0.36,1.00,TREND,-1.70,stressed,-13.45,-19141,dir,84160.43,104.19,104.2,104.1202,20.84,0.87,1.00,TREND,1.60,stressed,13.38,0,mm,47.32,22.51,22.52,22.5855,-15.06,0.59,1.00,TREND,-1.65,stressed,-11.24,-4100,dir,-5187.32
231.806,204,96.2,78131.80,78131.80,23241,-23241,154.11,154.12,154.1770,-16.07,0.43,1.00,TREND,-1.69,stressed,-13.45,-19141,dir,84160.43,104.2,104.21,104.1365,20.31,0.94,1.00,TREND,1.58,stressed,13.38,0,mm,47.32,22.5,22.51,22.5701,-15.17,0.54,1.00,TREND,-1.69,stressed,-11.24,-4100,dir,-5187.32
232.208,204,96.7,79020.44,79020.44,23241,-23241,154.09,154.1,154.1629,-16.10,0.43,1.00,TREND,-1.73,stressed,-13.45,-19141,dir,84160.43,104.22,104.23,104.1517,20.07,0.94,1.00,TREND,1.60,stressed,13.38,0,mm,47.32,22.48,22.49,22.5554,-15.39,0.54,1.00,TREND,-1.72,stressed,-11.24,-4100,dir,-5187.32
232.350,204,96.7,79020.44,79020.44,23241,-23241,154.08,154.09,154.1578,-16.13,0.47,1.00,TREND,-1.73,stressed,-13.45,-19141,dir,84734.66,104.24,104.25,104.1577,20.11,0.97,1.00,TREND,1.60,stressed,13.38,0,mm,47.32,22.47,22.48,22.5502,-15.47,0.57,1.00,TREND,-1.72,stressed,-11.24,-4100,dir,-5023.32
232.547,205,95.4,79758.67,79758.67,23241,-23241,154.07,154.08,154.1505,-16.21,0.47,1.00,TREND,-1.76,stressed,-13.08,-19141,dir,84734.66,104.25,104.27,104.1668,20.26,0.97,1.00,TREND,1.66,stressed,13.27,0,mm,47.32,22.46,22.47,22.5427,-15.61,0.57,1.00,TREND,-1.75,stressed,-10.52,-4100,dir,-5023.32
232.669,205,95.4,79758.67,79758.67,23241,-23241,154.07,154.08,154.1463,-16.20,0.47,1.00,TREND,-1.76,stressed,-13.08,-19141,dir,84734.66,104.25,104.27,104.1720,20.27,0.97,1.00,TREND,1.66,stressed,13.27,0,mm,47.32,22.46,22.47,22.5384,-15.64,0.57,1.00,TREND,-1.75,stressed,-10.52,-4100,dir,-5023.32
233.041,205,95.4,79758.67,79758.67,23241,-23241,154.06,154.07,154.1332,-16.20,0.44,1.00,TREND,-1.74,stressed,-13.08,-19141,dir,84734.66,104.27,104.28,104.1885,20.39,0.90,1.00,TREND,1.66,stressed,13.27,0,mm,47.32,22.45,22.46,22.5250,-15.73,0.52,1.00,TREND,-1.74,stressed,-10.52,-4100,dir,-5023.32
233.266,206,94.2,80688.31,80688.31,23241,-23241,154.05,154.06,154.1254,-16.20,0.44,1.00,TREND,-1.74,stressed,-12.34,-19141,dir,85500.30,104.29,104.3,104.1992,20.56,0.90,1.00,TREND,1.66,stressed,12.90,0,mm,47.32,22.44,22.45,22.5170,-15.77,0.52,1.00,TREND,-1.74,stressed,-10.15,-4100,dir,-4859.32
233.310,206,94.2,80688.31,80688.31,23241,-23241,154.05,154.06,154.1240,-16.19,0.44,1.00,TREND,-1.73,stressed,-12.34,-19141,dir,85500.30,104.29,104.3,104.2011,20.57,0.90,1.00,TREND,1.67,stressed,12.90,0,mm,47.32,22.44,22.45,22.5155,-15.76,0.52,1.00,TREND,-1.72,stressed,-10.15,-4100,dir,-4859.32
233.480,206,94.2,80688.31,80688.31,23241,-23241,154.04,154.05,154.1179,-16.21,0.44,1.00,TREND,-1.73,stressed,-12.34,-19141,dir,85500.30,104.3,104.31,104.2092,20.66,0.90,1.00,TREND,1.67,stressed,12.90,0,mm,47.32,22.43,22.44,22.5093,-15.81,0.52,1.00,TREND,-1.72,stressed,-10.15,-4100,dir,-4859.32
233.503,206,94.2,80688.31,80688.31,23241,-23241,154.04,154.05,154.1171,-16.21,0.44,1.00,TREND,-1.73,stressed,-12.34,-19141,dir,85500.30,104.3,104.31,104.2102,20.66,0.90,1.00,TREND,1.67,stressed,12.90,0,mm,47.32,22.43,22.44,22.5085,-15.81,0.52,1.00,TREND,-1.72,stressed,-10.15,-4100,dir,-4859.32
233.536,206,94.2,80688.31,80688.31,23241,-23241,154.04,154.05,154.1160,-16.20,0.44,1.00,TREND,-1.73,stressed,-12.34,-19141,dir,85500.30,104.3,104.31,104.2117,20.67,0.90,1.00,TREND,1.67,stressed,12.90,0,mm,47.32,22.43,22.44,22.5073,-15.81,0.52,1.00,TREND,-1.72,stressed,-10.15,-4100,dir,-4859.32
233.576,206,94.2,80688.31,80688.31,23241,-23241,154.04,154.05,154.1146,-16.19,0.41,1.00,TREND,-1.71,stressed,-12.34,-19141,dir,85500.30,104.3,104.31,104.2134,20.66,0.84,1.00,TREND,1.65,stressed,12.90,0,mm,47.32,22.43,22.44,22.5060,-15.80,0.48,1.00,TREND,-1.71,stressed,-10.15,-4100,dir,-4859.32
233.629,206,94.4,80688.31,80688.31,23241,-23241,154.04,154.05,154.1129,-16.17,0.41,1.00,TREND,-1.71,stressed,-12.34,-19141,dir,85500.30,104.3,104.31,104.2157,20.65,0.84,1.00,TREND,1.65,stressed,12.90,0,mm,47.32,22.43,22.44,22.5042,-15.79,0.48,1.00,TREND,-1.71,stressed,-10.15,-4100,dir,-4859.32
233.671,206,94.4,80688.31,80688.31,23241,-23241,154.04,154.05,154.1116,-16.14,0.41,1.00,TREND,-1.71,stressed,-12.34,-19141,dir,85500.30,104.31,104.32,104.2176,20.67,0.84,1.00,TREND,1.65,stressed,12.90,0,mm,47.32,22.42,22.43,22.5027,-15.81,0.48,1.00,TREND,-1.71,stressed,-10.15,-4100,dir,-4859.32
233.740,206,94.4,80688.31,80688.31,23241,-23241,154.04,154.05,154.1095,-16.10,0.41,1.00,TREND,-1.71,stressed,-12.34,-19141,dir,85500.30,104.31,104.32,104.2207,20.68,0.84,1.00,TREND,1.65,stressed,12.90,0,mm,47.32,22.42,22.43,22.5002,-15.82,0.48,1.00,TREND,-1.71,stressed,-10.15,-4100,dir,-4859.32
233.768,206,94.4,80688.31,80688.31,23241,-23241,154.04,154.05,154.1086,-16.08,0.41,1.00,TREND,-1.71,stressed,-12.34,-19141,dir,85500.30,104.31,104.32,104.2219,20.68,0.84,1.00,TREND,1.65,stressed,12.90,0,mm,47.32,22.42,22.43,22.4992,-15.82,0.48,1.00,TREND,-1.71,stressed,-10.15,-4100,dir,-4859.32
233.824,206,94.4,80688.31,80688.31,23241,-23241,154.04,154.05,154.1070,-16.03,0.41,1.00,TREND,-1.71,stressed,-12.34,-19141,dir,85500.30,104.31,104.32,104.2244,20.67,0.84,1.00,TREND,1.65,stressed,12.90,0,mm,47.32,22.42,22.43,22.4973,-15.82,0.48,1.00,TREND,-1.71,stressed,-10.15,-4100,dir,-4859.32
233.864,206,94.4,80688.31,80688.31,23241,-23241,154.04,154.05,154.1058,-16.00,0.41,1.00,TREND,-1.66,stressed,-12.34,-19141,dir,85500.30,104.31,104.32,104.2261,20.66,0.84,1.00,TREND,1.63,stressed,12.90,0,mm,47.32,22.42,22.43,22.4959,-15.82,0.48,1.00,TREND,-1.70,stressed,-10.15,-4100,dir,-4859.32
233.959,206,94.4,80688.31,80688.31,23241,-23241,154.03,154.04,154.1029,-15.98,0.41,1.00,TREND,-1.66,stressed,-12.34,-19141,dir,85500.30,104.32,104.33,104.2302,20.68,0.84,1.00,TREND,1.63,stressed,12.90,0,mm,47.32,22.41,22.42,22.4926,-15.86,0.48,1.00,TREND,-1.70,stressed,-10.15,-4100,dir,-4859.32
234.030,206,94.4,80688.31,80688.31,23241,-23241,154.03,154.04,154.1005,-15.94,0.41,1.00,TREND,-1.66,stressed,-12.34,-19141,dir,85500.30,104.32,104.33,104.2334,20.68,0.84,1.00,TREND,1.63,stressed,12.90,0,mm,47.32,22.41,22.42,22.4899,-15.87,0.48,1.00,TREND,-1.70,stressed,-10.15,-4100,dir,-4859.32
234.234,206,94.4,80688.31,80688.31,23241,-23241,154.03,154.04,154.0945,-15.79,0.47,1.00,TREND,-1.65,stressed,-12.34,-19141,dir,85883.12,104.32,104.33,104.2419,20.58,0.82,1.00,TREND,1.62,stressed,12.90,0,mm,47.32,22.41,22.42,22.4830,-15.83,0.44,1.00,TREND,-1.69,stressed,-10.15,-4100,dir,-4736.32
234.293,207,93.2,81194.13,81194.13,23241,-23241,154.03,154.04,154.0929,-15.74,0.47,1.00,TREND,-1.65,stressed,-11.71,-19141,dir,85883.12,104.33,104.34,104.2444,20.57,0.82,1.00,TREND,1.62,stressed,13.70,0,mm,47.32,22.41,22.42,22.4812,-15.80,0.44,1.00,TREND,-1.69,stressed,-10.15,-4100,dir,-4736.32
234.368,207,93.2,81194.13,81194.13,23241,-23241,154.03,154.04,154.0909,-15.65,0.47,1.00,TREND,-1.65,stressed,-11.71,-19141,dir,85883.12,104.33,104.34,104.2476,20.55,0.82,1.00,TREND,1.62,stressed,13.70,0,mm,47.32,22.41,22.42,22.4789,-15.75,0.44,1.00,TREND,-1.69,stressed,-10.15,-4100,dir,-4736.32
234.394,207,93.2,81194.13,81194.13,23241,-23241,154.03,154.04,154.0902,-15.62,0.47,1.00,TREND,-1.65,stressed,-11.71,-19141,dir,85883.12,104.33,104.34,104.2486,20.53,0.82,1.00,TREND,1.62,stressed,13.70,0,mm,47.32,22.41,22.42,22.4781,-15.73,0.44,1.00,TREND,-1.69,stressed,-10.15,-4100,dir,-4736.32
234.528,207,93.2,81194.13,81194.13,23241,-23241,154.02,154.03,154.0862,-15.56,0.47,1.00,TREND,-1.64,stressed,-11.71,-19141,dir,85883.12,104.34,104.36,104.2548,20.59,0.82,1.00,TREND,1.65,stressed,13.70,0,mm,47.32,22.4,22.41,22.4736,-15.72,0.44,1.00,TREND,-1.68,stressed,-10.15,-4100,dir,-4736.32
234.574,207,93.2,81194.13,81194.13,23241,-23241,154.02,154.03,154.0849,-15.53,0.47,1.00,TREND,-1.64,stressed,-11.71,-19141,dir,85883.12,104.34,104.36,104.2569,20.60,0.82,1.00,TREND,1.65,stressed,13.70,0,mm,47.32,22.4,22.41,22.4721,-15.70,0.44,1.00,TREND,-1.68,stressed,-10.15,-4100,dir,-4736.32
234.600,207,93.2,81194.13,81194.13,23241,-23241,154.02,154.03,154.0841,-15.51,0.47,1.00,TREND,-1.64,stressed,-11.71,-19141,dir,85883.12,104.34,104.36,104.2580,20.59,0.82,1.00,TREND,1.65,stressed,13.70,0,mm,47.32,22.4,22.41,22.4713,-15.69,0.44,1.00,TREND,-1.68,stressed,-10.15,-4100,dir,-4736.32
234.729,207,93.2,81194.13,81194.13,23241,-23241,154.02,154.03,154.0807,-15.39,0.47,1.00,TREND,-1.64,stressed,-11.71,-19141,dir,85883.12,104.34,104.36,104.2634,20.55,0.82,1.00,TREND,1.65,stressed,13.70,0,mm,47.32,22.4,22.41,22.4674,-15.61,0.44,1.00,TREND,-1.68,stressed,-10.15,-4100,dir,-4736.32
234.829,207,93.2,81194.13,81194.13,23241,-23241,154.02,154.03,154.0781,-15.29,0.51,1.00,TREND,-1.59,stressed,-11.71,-19141,dir,85883.12,104.36,104.37,104.2681,20.60,0.86,1.00,TREND,1.65,stressed,13.70,0,mm,47.32,22.4,22.41,22.4645,-15.53,0.49,1.00,TREND,-1.62,stressed,-10.15,-4100,dir,-4736.32
234.869,207,93.5,81194.13,81194.13,23241,-23241,154.02,154.03,154.0771,-15.24,0.51,1.00,TREND,-1.59,stressed,-11.71,-19141,dir,85883.12,104.36,104.37,104.2699,20.61,0.86,1.00,TREND,1.65,stressed,13.70,0,mm,47.32,22.4,22.41,22.4635,-15.49,0.49,1.00,TREND,-1.62,stressed,-10.15,-4100,dir,-4736.32
234.902,207,93.5,81194.13,81194.13,23241,-23241,154.02,154.03,154.0763,-15.20,0.51,1.00,TREND,-1.59,stressed,-11.71,-19141,dir,85883.12,104.36,104.37,104.2713,20.61,0.86,1.00,TREND,1.65,stressed,13.70,0,mm,47.32,22.4,22.41,22.4625,-15.46,0.49,1.00,TREND,-1.62,stressed,-10.15,-4100,dir,-4736.32
235.055,207,93.5,81194.13,81194.13,23241,-23241,154.01,154.02,154.0720,-15.11,0.51,1.00,TREND,-1.59,stressed,-11.71,-19141,dir,85883.12,104.37,104.39,104.2789,20.75,0.86,1.00,TREND,1.65,stressed,13.70,0,mm,47.32,22.39,22.4,22.4578,-15.40,0.49,1.00,TREND,-1.62,stressed,-10.15,-4100,dir,-4736.32
235.147,207,93.5,81194.13,81194.13,23241,-23241,154.01,154.02,154.0696,-15.04,0.51,1.00,TREND,-1.58,stressed,-11.71,-19141,dir,86265.94,104.37,104.39,104.2832,20.78,0.86,1.00,TREND,1.65,stressed,13.70,0,mm,47.32,22.39,22.4,22.4552,-15.34,0.49,1.00,TREND,-1.61,stressed,-10.15,-4100,dir,-4654.32
235.210,207,93.5,81194.13,81194.13,23241,-23241,154.01,154.02,154.0680,-14.98,0.51,1.00,TREND,-1.58,stressed,-11.71,-19141,dir,86265.94,104.39,104.43,104.2869,20.93,0.86,1.00,TREND,1.65,stressed,13.70,0,mm,47.32,22.38,22.39,22.4531,-15.34,0.49,1.00,TREND,-1.61,stressed,-10.15,-4100,dir,-4654.32
235.334,207,93.5,81194.13,81194.13,23241,-23241,154.01,154.02,154.0650,-14.85,0.54,1.00,TREND,-1.58,stressed,-11.71,-19141,dir,86265.94,104.39,104.43,104.2939,21.16,0.93,1.00,TREND,1.65,stressed,13.70,0,mm,47.32,22.38,22.39,22.4493,-15.31,0.45,1.00,TREND,-1.61,stressed,-10.15,-4100,dir,-4654.32
235.409,208,92.3,81658.95,81658.95,23241,-23241,154.01,154.02,154.0633,-14.76,0.54,1.00,TREND,-1.54,stressed,-11.71,-19141,dir,86265.94,104.39,104.43,104.2979,21.26,0.93,1.00,TREND,1.71,stressed,13.72,0,mm,47.32,22.38,22.39,22.4470,-15.28,0.45,1.00,TREND,-1.61,stressed,-11.24,-4100,dir,-4654.32
235.597,208,92.3,81658.95,81658.95,23241,-23241,154.0,154.01,154.0584,-14.65,0.54,1.00,TREND,-1.54,stressed,-11.71,-19141,dir,86265.94,104.43,104.44,104.3095,21.73,0.93,1.00,TREND,1.71,stressed,13.72,0,mm,47.32,22.37,22.38,22.4409,-15.28,0.45,1.00,TREND,-1.61,stressed,-11.24,-4100,dir,-4654.32
235.642,208,92.3,81658.95,81658.95,23241,-23241,154.0,154.01,154.0573,-14.61,0.54,1.00,TREND,-1.54,stressed,-11.71,-19141,dir,86265.94,104.43,104.44,104.3121,21.81,0.93,1.00,TREND,1.71,stressed,13.72,0,mm,47.32,22.37,22.38,22.4396,-15.27,0.45,1.00,TREND,-1.61,stressed,-11.24,-4100,dir,-4654.32
235.672,208,92.3,81658.95,81658.95,23241,-23241,154.0,154.01,154.0565,-14.59,0.54,1.00,TREND,-1.54,stressed,-11.71,-19141,dir,86265.94,104.43,104.44,104.3138,21.85,0.93,1.00,TREND,1.74,stressed,13.72,0,mm,47.32,22.37,22.38,22.4387,-15.26,0.45,1.00,TREND,-1.61,stressed,-11.24,-4100,dir,-4654.32
235.758,208,92.3,81658.95,81658.95,23241,-23241,154.0,154.01,154.0545,-14.51,0.54,1.00,TREND,-1.54,stressed,-11.71,-19141,dir,86265.94,104.43,104.44,104.3187,21.96,0.93,1.00,TREND,1.74,stressed,13.72,0,mm,47.32,22.37,22.38,22.4361,-15.21,0.45,1.00,TREND,-1.61,stressed,-11.24,-4100,dir,-4654.32
236.015,208,92.3,81658.95,81658.95,23241,-23241,154.0,154.01,154.0489,-14.21,0.56,1.00,TREND,-1.49,stressed,-11.71,-19141,dir,86265.94,104.44,104.45,104.3330,22.24,0.88,1.00,TREND,1.72,stressed,13.72,0,mm,47.32,22.36,22.37,22.4280,-15.19,0.40,1.00,TREND,-1.61,stressed,-11.24,-4100,dir,-4654.32
236.339,209,91.3,82164.77,82164.77,23241,-23241,153.99,154.0,154.0413,-13.96,0.56,1.00,TREND,-1.50,stressed,-11.17,-19141,dir,86648.76,104.45,104.46,104.3502,22.41,0.88,1.00,TREND,1.70,stressed,13.66,0,mm,47.32,22.36,22.37,22.4191,-14.95,0.40,1.00,TREND,-1.56,stressed,-10.80,-4100,dir,-4531.32
236.447,209,91.3,82164.77,82164.77,23241,-23241,153.98,153.99,154.0384,-13.93,0.56,1.00,TREND,-1.50,stressed,-11.17,-19141,dir,86648.76,104.46,104.47,104.3560,22.46,0.88,1.00,TREND,1.70,stressed,13.66,0,mm,47.32,22.35,22.36,22.4159,-14.92,0.40,1.00,TREND,-1.56,stressed,-10.80,-4100,dir,-4531.32
236.559,209,91.3,82164.77,82164.77,23241,-23241,153.96,153.98,154.0349,-14.00,0.67,1.00,TREND,-1.50,stressed,-11.17,-19141,dir,86648.76,104.47,104.48,104.3621,22.54,0.79,1.00,TREND,1.70,stressed,13.66,0,mm,47.32,22.35,22.36,22.4128,-14.86,0.45,1.00,TREND,-1.56,stressed,-10.80,-4100,dir,-4531.32
236.618,209,91.4,82164.77,82164.77,23241,-23241,153.96,153.98,154.0332,-14.02,0.67,1.00,TREND,-1.57,stressed,-11.17,-19141,dir,86648.76,104.47,104.48,104.3651,22.56,0.79,1.00,TREND,1.72,stressed,13.66,0,mm,47.32,22.35,22.36,22.4113,-14.82,0.45,1.00,TREND,-1.57,stressed,-10.80,-4100,dir,-4531.32
236.830,209,91.4,82164.77,82164.77,23241,-23241,153.96,153.98,154.0272,-14.03,0.67,1.00,TREND,-1.57,stressed,-11.17,-19141,dir,86648.76,104.47,104.48,104.3756,22.51,0.79,1.00,TREND,1.72,stressed,13.66,0,mm,47.32,22.35,22.36,22.4059,-14.62,0.45,1.00,TREND,-1.57,stressed,-10.80,-4100,dir,-4531.32
236.958,209,91.4,82164.77,82164.77,23241,-23241,153.95,153.96,154.0230,-14.12,0.67,1.00,TREND,-1.60,stressed,-11.17,-19141,dir,86648.76,104.48,104.49,104.3819,22.51,0.79,1.00,TREND,1.70,stressed,13.66,0,mm,47.32,22.34,22.35,22.4024,-14.57,0.45,1.00,TREND,-1.57,stressed,-10.80,-4100,dir,-4531.32
237.263,209,91.4,82164.77,82164.77,23241,-23241,153.94,153.95,154.0125,-14.38,0.65,1.00,TREND,-1.60,stressed,-11.17,-19141,dir,86648.76,104.49,104.52,104.3984,22.70,0.72,1.00,TREND,1.72,stressed,13.66,0,mm,47.32,22.33,22.34,22.3933,-14.54,0.42,1.00,TREND,-1.58,stressed,-10.80,-4100,dir,-4531.32
237.707,210,90.4,83244.82,83244.82,23241,-23241,153.93,153.94,153.9979,-14.56,0.65,1.00,TREND,-1.60,stressed,-10.41,-19141,dir,87605.81,104.52,104.53,104.4223,22.91,0.72,1.00,TREND,1.73,stressed,13.41,0,mm,47.32,22.33,22.34,22.3823,-14.17,0.42,1.00,TREND,-1.54,stressed,-11.54,-4100,dir,-4408.32
237.822,210,90.4,83244.82,83244.82,23241,-23241,153.92,153.93,153.9941,-14.61,0.59,1.00,TREND,-1.60,stressed,-10.41,-19141,dir,87605.81,104.53,104.55,104.4285,22.97,0.69,1.00,TREND,1.73,stressed,13.41,0,mm,47.32,22.32,22.33,22.3793,-14.12,0.46,1.00,TREND,-1.54,stressed,-11.54,-4100,dir,-4408.32
237.874,210,90.5,83244.82,83244.82,23241,-23241,153.9,153.92,153.9920,-14.69,0.59,1.00,TREND,-1.60,stressed,-10.41,-19141,dir,87605.81,104.55,104.56,104.4316,23.04,0.69,1.00,TREND,1.73,stressed,13.41,0,mm,47.32,22.31,22.32,22.3778,-14.13,0.46,1.00,TREND,-1.54,stressed,-11.54,-4100,dir,-4408.32
237.929,210,90.5,83244.82,83244.82,23241,-23241,153.9,153.92,153.9899,-14.75,0.59,1.00,TREND,-1.60,stressed,-10.41,-19141,dir,87605.81,104.55,104.56,104.4347,23.09,0.69,1.00,TREND,1.73,stressed,13.41,0,mm,47.32,22.31,22.32,22.3762,-14.14,0.46,1.00,TREND,-1.54,stressed,-11.54,-4100,dir,-4408.32
237.970,210,90.5,83244.82,83244.82,23241,-23241,153.9,153.92,153.9884,-14.79,0.59,1.00,TREND,-1.68,stressed,-10.41,-19141,dir,87605.81,104.55,104.56,104.4370,23.13,0.69,1.00,TREND,1.78,stressed,13.41,0,mm,47.32,22.31,22.32,22.3750,-14.14,0.46,1.00,TREND,-1.59,stressed,-11.54,-4100,dir,-4408.32
238.319,210,90.5,83244.82,83244.82,23241,-23241,153.89,153.9,153.9743,-15.26,0.59,1.00,TREND,-1.69,stressed,-10.41,-19141,dir,87605.81,104.56,104.57,104.4563,23.34,0.69,1.00,TREND,1.76,stressed,13.41,0,mm,47.32,22.31,22.32,22.3659,-13.97,0.46,1.00,TREND,-1.55,stressed,-11.54,-4100,dir,-4408.32
238.578,210,90.5,83244.82,83244.82,23241,-23241,153.88,153.89,153.9640,-15.51,0.71,1.00,TREND,-1.69,stressed,-10.41,-19141,dir,88562.86,104.57,104.58,104.4700,23.36,0.66,1.00,TREND,1.74,stressed,13.41,0,mm,47.32,22.3,22.31,22.3589,-13.91,0.43,1.00,TREND,-1.55,stressed,-11.54,-4100,dir,-4326.32
238.702,211,89.4,84283.87,84283.87,23241,-23241,153.88,153.89,153.9596,-15.55,0.71,1.00,TREND,-1.69,stressed,-10.38,-19141,dir,88562.86,104.58,104.59,104.4765,23.38,0.66,1.00,TREND,1.74,stressed,13.41,0,mm,47.32,22.29,22.3,22.3553,-13.93,0.43,1.00,TREND,-1.55,stressed,-11.62,-4100,dir,-4326.32
238.737,211,89.4,84283.87,84283.87,23241,-23241,153.88,153.89,153.9584,-15.55,0.71,1.00,TREND,-1.69,stressed,-10.38,-19141,dir,88562.86,104.58,104.59,104.4782,23.37,0.66,1.00,TREND,1.74,stressed,13.41,0,mm,47.32,22.29,22.3,22.3543,-13.92,0.43,1.00,TREND,-1.55,stressed,-11.62,-4100,dir,-4326.32
238.848,211,89.4,84283.87,84283.87,23241,-23241,153.88,153.89,153.9547,-15.53,0.71,1.00,TREND,-1.64,stressed,-10.38,-19141,dir,88562.86,104.58,104.59,104.4836,23.32,0.66,1.00,TREND,1.71,stressed,13.41,0,mm,47.32,22.29,22.3,22.3514,-13.90,0.43,1.00,TREND,-1.56,stressed,-11.62,-4100,dir,-4326.32
238.906,211,89.4,84283.87,84283.87,23241,-23241,153.87,153.88,153.9525,-15.56,0.71,1.00,TREND,-1.64,stressed,-10.38,-19141,dir,88562.86,104.59,104.6,104.4866,23.32,0.66,1.00,TREND,1.71,stressed,13.41,0,mm,47.32,22.29,22.3,22.3498,-13.88,0.43,1.00,TREND,-1.56,stressed,-11.62,-4100,dir,-4326.32
238.950,211,89.4,84283.87,84283.87,23241,-23241,153.87,153.88,153.9509,-15.57,0.71,1.00,TREND,-1.64,stressed,-10.38,-19141,dir,88562.86,104.59,104.6,104.4889,23.31,0.66,1.00,TREND,1.71,stressed,13.41,0,mm,47.32,22.29,22.3,22.3487,-13.85,0.43,1.00,TREND,-1.56,stressed,-11.62,-4100,dir,-4326.32
238.979,211,89.4,84283.87,84283.87,23241,-23241,153.87,153.88,153.9498,-15.58,0.71,1.00,TREND,-1.64,stressed,-10.38,-19141,dir,88562.86,104.59,104.6,104.4904,23.30,0.66,1.00,TREND,1.71,stressed,13.41,0,mm,47.32,22.29,22.3,22.3479,-13.84,0.43,1.00,TREND,-1.56,stressed,-11.62,-4100,dir,-4326.32
239.001,211,89.4,84283.87,84283.87,23241,-23241,153.87,153.88,153.9491,-15.58,0.71,1.00,TREND,-1.64,stressed,-10.38,-19141,dir,88562.86,104.59,104.6,104.4914,23.29,0.66,1.00,TREND,1.71,stressed,13.41,0,mm,47.32,22.29,22.3,22.3474,-13.82,0.43,1.00,TREND,-1.56,stressed,-11.62,-4100,dir,-4326.32
239.219,211,89.4,84283.87,84283.87,23241,-23241,153.86,153.87,153.9409,-15.69,0.66,1.00,TREND,-1.68,stressed,-10.38,-19141,dir,88562.86,104.6,104.62,104.5029,23.35,0.63,1.00,TREND,1.75,stressed,13.41,0,mm,47.32,22.28,22.29,22.3413,-13.81,0.40,1.00,TREND,-1.56,stressed,-11.62,-4100,dir,-4326.32
239.251,212,88.2,84981.10,84981.10,23241,-23241,153.86,153.87,153.9398,-15.70,0.66,1.00,TREND,-1.68,stressed,-9.90,-19141,dir,89137.09,104.6,104.62,104.5046,23.35,0.63,1.00,TREND,1.75,stressed,12.51,0,mm,47.32,22.28,22.29,22.3405,-13.80,0.40,1.00,TREND,-1.56,stressed,-10.69,-4100,dir,-4203.32
239.281,212,88.2,84981.10,84981.10,23241,-23241,153.86,153.87,153.9387,-15.70,0.66,1.00,TREND,-1.68,stressed,-9.90,-19141,dir,89137.09,104.6,104.62,104.5061,23.33,0.63,1.00,TREND,1.75,stressed,12.51,0,mm,47.32,22.28,22.29,22.3397,-13.78,0.40,1.00,TREND,-1.56,stressed,-10.69,-4100,dir,-4203.32
239.345,212,88.2,84981.10,84981.10,23241,-23241,153.86,153.87,153.9365,-15.69,0.66,1.00,TREND,-1.68,stressed,-9.90,-19141,dir,89137.09,104.62,104.63,104.5095,23.38,0.63,1.00,TREND,1.75,stressed,12.51,0,mm,47.32,22.27,22.28,22.3378,-13.80,0.40,1.00,TREND,-1.56,stressed,-10.69,-4100,dir,-4203.32
239.371,212,88.2,84981.10,84981.10,23241,-23241,153.86,153.87,153.9357,-15.68,0.66,1.00,TREND,-1.68,stressed,-9.90,-19141,dir,89137.09,104.62,104.63,104.5109,23.39,0.63,1.00,TREND,1.75,stressed,12.51,0,mm,47.32,22.27,22.28,22.3370,-13.81,0.40,1.00,TREND,-1.56,stressed,-10.69,-4100,dir,-4203.32
239.413,212,88.2,84981.10,84981.10,23241,-23241,153.86,153.87,153.9343,-15.67,0.66,1.00,TREND,-1.68,stressed,-9.90,-19141,dir,89137.09,104.62,104.63,104.5132,23.40,0.63,1.00,TREND,1.75,stressed,12.51,0,mm,47.32,22.27,22.28,22.3358,-13.81,0.40,1.00,TREND,-1.56,stressed,-10.69,-4100,dir,-4203.32
239.461,212,88.2,84981.10,84981.10,23241,-23241,153.86,153.87,153.9327,-15.65,0.66,1.00,TREND,-1.68,stressed,-9.90,-19141,dir,89137.09,104.62,104.63,104.5157,23.40,0.63,1.00,TREND,1.75,stressed,12.51,0,mm,47.32,22.27,22.28,22.3345,-13.81,0.40,1.00,TREND,-1.56,stressed,-10.69,-4100,dir,-4203.32
239.500,212,88.2,84981.10,84981.10,23241,-23241,153.86,153.87,153.9315,-15.63,0.66,1.00,TREND,-1.63,stressed,-9.90,-19141,dir,89137.09,104.62,104.63,104.5177,23.40,0.63,1.00,TREND,1.74,stressed,12.51,0,mm,47.32,22.27,22.28,22.3334,-13.80,0.40,1.00,TREND,-1.57,stressed,-10.69,-4100,dir,-4203.32
239.661,212,88.2,84981.10,84981.10,23241,-23241,153.85,153.86,153.9259,-15.64,0.66,1.00,TREND,-1.63,stressed,-9.90,-19141,dir,89137.09,104.62,104.63,104.5255,23.33,0.63,1.00,TREND,1.74,stressed,12.51,0,mm,47.32,22.26,22.27,22.3284,-13.87,0.40,1.00,TREND,-1.57,stressed,-10.69,-4100,dir,-4203.32
239.705,212,88.2,84981.10,84981.10,23241,-23241,153.85,153.86,153.9245,-15.63,0.66,1.00,TREND,-1.63,stressed,-9.90,-19141,dir,89137.09,104.63,104.64,104.5277,23.32,0.63,1.00,TREND,1.74,stressed,12.51,0,mm,47.32,22.26,22.27,22.3271,-13.87,0.40,1.00,TREND,-1.57,stressed,-10.69,-4100,dir,-4203.32
239.734,212,88.2,84981.10,84981.10,23241,-23241,153.85,153.86,153.9235,-15.62,0.70,1.00,TREND,-1.63,stressed,-9.90,-19141,dir,89137.09,104.63,104.64,104.5292,23.32,0.62,1.00,TREND,1.74,stressed,12.51,0,mm,47.32,22.26,22.27,22.3263,-13.87,0.38,1.00,TREND,-1.57,stressed,-10.69,-4100,dir,-4203.32
239.813,212,88.4,84981.10,84981.10,23241,-23241,153.85,153.86,153.9210,-15.58,0.70,1.00,TREND,-1.63,stressed,-9.90,-19141,dir,89137.09,104.63,104.64,104.5331,23.29,0.62,1.00,TREND,1.72,stressed,12.51,0,mm,47.32,22.26,22.27,22.3240,-13.87,0.38,1.00,TREND,-1.58,stressed,-10.69,-4100,dir,-4203.32
239.924,212,88.4,84981.10,84981.10,23241,-23241,153.84,153.85,153.9171,-15.60,0.70,1.00,TREND,-1.63,stressed,-9.90,-19141,dir,89137.09,104.64,104.65,104.5388,23.30,0.62,1.00,TREND,1.72,stressed,12.51,0,mm,47.32,22.25,22.26,22.3205,-13.92,0.38,1.00,TREND,-1.58,stressed,-10.69,-4100,dir,-4203.32
240.157,212,88.4,84981.10,84981.10,23241,-23241,153.84,153.85,153.9097,-15.52,0.70,1.00,TREND,-1.63,stressed,-9.90,-19141,dir,89137.09,104.64,104.65,104.5498,23.17,0.62,1.00,TREND,1.70,stressed,12.51,0,mm,47.32,22.25,22.26,22.3137,-13.92,0.38,1.00,TREND,-1.58,stressed,-10.69,-4100,dir,-4203.32
240.397,212,88.4,84981.10,84981.10,23241,-23241,153.84,153.85,153.9028,-15.33,0.72,1.00,TREND,-1.63,stressed,-9.90,-19141,dir,89519.91,104.65,104.66,104.5610,23.04,0.66,1.00,TREND,1.70,stressed,12.51,0,mm,47.32,22.24,22.25,22.3064,-13.97,0.35,1.00,TREND,-1.58,stressed,-10.69,-4100,dir,-4039.32
240.436,213,87.3,85527.92,85527.92,23241,-23241,153.82,153.84,153.9014,-15.34,0.72,1.00,TREND,-1.66,stressed,-10.35,-19141,dir,89519.91,104.66,104.67,104.5629,23.03,0.66,1.00,TREND,1.72,stressed,13.13,0,mm,47.32,22.24,22.25,22.3052,-13.96,0.35,1.00,TREND,-1.59,stressed,-11.96,-4100,dir,-4039.32
240.748,213,87.3,85527.92,85527.92,23241,-23241,153.82,153.84,153.8917,-15.25,0.72,1.00,TREND,-1.61,stressed,-10.35,-19141,dir,89519.91,104.66,104.67,104.5768,22.78,0.66,1.00,TREND,1.67,stressed,13.13,0,mm,47.32,22.24,22.25,22.2970,-13.81,0.35,1.00,TREND,-1.55,stressed,-11.96,-4100,dir,-4039.32
240.880,213,87.3,85527.92,85527.92,23241,-23241,153.8,153.82,153.8867,-15.35,0.72,1.00,TREND,-1.61,stressed,-10.35,-19141,dir,89519.91,104.67,104.68,104.5828,22.70,0.66,1.00,TREND,1.67,stressed,13.13,0,mm,47.32,22.23,22.24,22.2933,-13.79,0.35,1.00,TREND,-1.55,stressed,-11.96,-4100,dir,-4039.32
241.034,213,87.3,85527.92,85527.92,23241,-23241,153.8,153.81,153.8811,-15.46,0.83,1.00,TREND,-1.68,stressed,-10.35,-19141,dir,89519.91,104.68,104.69,104.5899,22.65,0.60,1.00,TREND,1.68,stressed,13.13,0,mm,47.32,22.23,22.24,22.2892,-13.73,0.39,1.00,TREND,-1.56,stressed,-11.96,-4100,dir,-4039.32
241.418,214,86.3,85527.92,85527.92,23241,-23241,153.8,153.81,153.8685,-15.41,0.83,1.00,TREND,-1.63,stressed,-10.08,-19141,dir,89519.91,104.68,104.69,104.6056,22.21,0.60,1.00,TREND,1.63,stressed,11.97,0,mm,47.32,22.22,22.23,22.2786,-13.66,0.39,1.00,TREND,-1.56,stressed,-11.46,-4100,dir,-4039.32
241.492,214,86.3,85527.92,85527.92,23241,-23241,153.79,153.8,153.8660,-15.42,0.83,1.00,TREND,-1.63,stressed,-10.08,-19141,dir,90476.96,104.7,104.72,104.6092,22.24,0.60,1.00,TREND,1.63,stressed,11.97,0,mm,47.32,22.22,22.23,22.2768,-13.61,0.39,1.00,TREND,-1.56,stressed,-11.46,-4100,dir,-3957.32
241.509,214,86.3,85527.92,85527.92,23241,-23241,153.79,153.8,153.8654,-15.42,0.83,1.00,TREND,-1.63,stressed,-10.08,-19141,dir,90476.96,104.7,104.72,104.6100,22.24,0.60,1.00,TREND,1.63,stressed,11.97,0,mm,47.32,22.22,22.23,22.2763,-13.60,0.39,1.00,TREND,-1.56,stressed,-11.46,-4100,dir,-3957.32
241.554,214,86.3,85527.92,85527.92,23241,-23241,153.79,153.8,153.8639,-15.42,0.85,1.00,TREND,-1.63,stressed,-10.08,-19141,dir,90476.96,104.7,104.72,104.6121,22.24,0.58,1.00,TREND,1.63,stressed,11.97,0,mm,47.32,22.22,22.23,22.2753,-13.57,0.43,1.00,TREND,-1.56,stressed,-11.46,-4100,dir,-3957.32
241.749,214,86.4,86566.97,86566.97,23241,-23241,153.78,153.79,153.8570,-15.49,0.85,1.00,TREND,-1.68,stressed,-10.08,-19141,dir,90476.96,104.72,104.73,104.6220,22.37,0.58,1.00,TREND,1.72,stressed,11.97,0,mm,47.32,22.21,22.22,22.2700,-13.53,0.43,1.00,TREND,-1.57,stressed,-11.46,-4100,dir,-3957.32
241.777,214,86.4,86566.97,86566.97,23241,-23241,153.78,153.79,153.8560,-15.49,0.85,1.00,TREND,-1.68,stressed,-10.08,-19141,dir,90476.96,104.72,104.73,104.6234,22.37,0.58,1.00,TREND,1.72,stressed,11.97,0,mm,47.32,22.21,22.22,22.2692,-13.52,0.43,1.00,TREND,-1.57,stressed,-11.46,-4100,dir,-3957.32
241.839,214,86.4,86566.97,86566.97,23241,-23241,153.78,153.79,153.8540,-15.49,0.85,1.00,TREND,-1.68,stressed,-10.08,-19141,dir,90476.96,104.72,104.73,104.6262,22.37,0.58,1.00,TREND,1.72,stressed,11.97,0,mm,47.32,22.21,22.22,22.2677,-13.49,0.43,1.00,TREND,-1.57,stressed,-11.46,-4100,dir,-3957.32
242.231,214,86.4,86566.97,86566.97,23241,-23241,153.77,153.78,153.8407,-15.51,0.77,1.00,TREND,-1.67,stressed,-10.08,-19141,dir,90476.96,104.73,104.74,104.6446,22.32,0.56,1.00,TREND,1.69,stressed,11.97,0,mm,47.32,22.21,22.22,22.2588,-13.16,0.45,1.00,TREND,-1.53,stressed,-11.46,-4100,dir,-3957.32
242.332,215,85.2,87031.79,87031.79,23241,-23241,153.77,153.78,153.8377,-15.45,0.77,1.00,TREND,-1.67,stressed,-9.99,-19141,dir,90859.78,104.74,104.75,104.6493,22.30,0.56,1.00,TREND,1.69,stressed,11.95,0,mm,47.32,22.2,22.21,22.2563,-13.12,0.45,1.00,TREND,-1.53,stressed,-11.05,-4100,dir,-3875.32
242.413,215,85.2,87031.79,87031.79,23241,-23241,153.76,153.77,153.8349,-15.46,0.77,1.00,TREND,-1.67,stressed,-9.99,-19141,dir,90859.78,104.75,104.76,104.6532,22.33,0.56,1.00,TREND,1.69,stressed,11.95,0,mm,47.32,22.19,22.2,22.2540,-13.14,0.45,1.00,TREND,-1.53,stressed,-11.05,-4100,dir,-3875.32
242.437,215,85.2,87031.79,87031.79,23241,-23241,153.76,153.77,153.8342,-15.46,0.77,1.00,TREND,-1.67,stressed,-9.99,-19141,dir,90859.78,104.75,104.76,104.6543,22.33,0.56,1.00,TREND,1.69,stressed,11.95,0,mm,47.32,22.19,22.2,22.2534,-13.14,0.45,1.00,TREND,-1.53,stressed,-11.05,-4100,dir,-3875.32
242.480,215,85.2,87031.79,87031.79,23241,-23241,153.76,153.77,153.8328,-15.45,0.77,1.00,TREND,-1.67,stressed,-9.99,-19141,dir,90859.78,104.75,104.76,104.6564,22.33,0.56,1.00,TREND,1.69,stressed,11.95,0,mm,47.32,22.19,22.2,22.2522,-13.14,0.45,1.00,TREND,-1.53,stressed,-11.05,-4100,dir,-3875.32
242.531,215,85.2,87031.79,87031.79,23241,-23241,153.76,153.77,153.8311,-15.43,0.77,1.00,TREND,-1.67,stressed,-9.99,-19141,dir,90859.78,104.75,104.76,104.6587,22.31,0.56,1.00,TREND,1.71,stressed,11.95,0,mm,47.32,22.19,22.2,22.2508,-13.14,0.45,1.00,TREND,-1.59,stressed,-11.05,-4100,dir,-3875.32
242.558,215,85.2,87031.79,87031.79,23241,-23241,153.76,153.77,153.8303,-15.42,0.77,1.00,TREND,-1.67,stressed,-9.99,-19141,dir,90859.78,104.75,104.76,104.6600,22.30,0.56,1.00,TREND,1.71,stressed,11.95,0,mm,47.32,22.19,22.2,22.2501,-13.14,0.45,1.00,TREND,-1.59,stressed,-11.05,-4100,dir,-3875.32
242.587,215,85.2,87031.79,87031.79,23241,-23241,153.76,153.77,153.8294,-15.41,0.77,1.00,TREND,-1.67,stressed,-9.99,-19141,dir,90859.78,104.75,104.76,104.6612,22.29,0.56,1.00,TREND,1.71,stressed,11.95,0,mm,47.32,22.19,22.2,22.2494,-13.13,0.45,1.00,TREND,-1.59,stressed,-11.05,-4100,dir,-3875.32
242.716,215,85.2,87031.79,87031.79,23241,-23241,153.76,153.77,153.8256,-15.33,0.77,1.00,TREND,-1.67,stressed,-9.99,-19141,dir,90859.78,104.75,104.76,104.6668,22.19,0.56,1.00,TREND,1.71,stressed,11.95,0,mm,47.32,22.19,22.2,22.2462,-13.08,0.45,1.00,TREND,-1.59,stressed,-11.05,-4100,dir,-3875.32
242.903,215,85.2,87031.79,87031.79,23241,-23241,153.75,153.76,153.8197,-15.30,0.70,1.00,TREND,-1.67,stressed,-9.99,-19141,dir,90859.78,104.76,104.77,104.6751,22.11,0.51,1.00,TREND,1.69,stressed,11.95,0,mm,47.32,22.18,22.19,22.2410,-13.10,0.52,1.00,TREND,-1.60,stressed,-11.05,-4100,dir,-3875.32
243.032,215,85.5,87031.79,87031.79,23241,-23241,153.74,153.75,153.8153,-15.33,0.70,1.00,TREND,-1.67,stressed,-9.99,-19141,dir,90859.78,104.77,104.78,104.6809,22.09,0.51,1.00,TREND,1.69,stressed,11.95,0,mm,47.32,22.17,22.18,22.2372,-13.17,0.52,1.00,TREND,-1.60,stressed,-11.05,-4100,dir,-3875.32
243.062,215,85.5,87031.79,87031.79,23241,-23241,153.74,153.75,153.8143,-15.33,0.70,1.00,TREND,-1.67,stressed,-9.99,-19141,dir,90859.78,104.77,104.78,104.6822,22.08,0.51,1.00,TREND,1.69,stressed,11.95,0,mm,47.32,22.17,22.18,22.2363,-13.18,0.52,1.00,TREND,-1.60,stressed,-11.05,-4100,dir,-3875.32
243.260,215,85.5,87031.79,87031.79,23241,-23241,153.74,153.75,153.8081,-15.28,0.70,1.00,TREND,-1.67,stressed,-9.99,-19141,dir,90859.78,104.78,104.79,104.6914,22.07,0.51,1.00,TREND,1.70,stressed,11.95,0,mm,47.32,22.16,22.17,22.2299,-13.33,0.52,1.00,TREND,-1.66,stressed,-11.05,-4100,dir,-3875.32
243.292,215,85.5,87031.79,87031.79,23241,-23241,153.73,153.74,153.8070,-15.29,0.70,1.00,TREND,-1.67,stressed,-9.99,-19141,dir,91434.01,104.78,104.79,104.6928,22.05,0.51,1.00,TREND,1.70,stressed,11.95,0,mm,47.32,22.16,22.17,22.2289,-13.34,0.52,1.00,TREND,-1.66,stressed,-11.05,-4100,dir,-3711.32
243.308,215,85.5,87031.79,87031.79,23241,-23241,153.73,153.74,153.8065,-15.29,0.70,1.00,TREND,-1.67,stressed,-9.99,-19141,dir,91434.01,104.78,104.79,104.6935,22.04,0.51,1.00,TREND,1.70,stressed,11.95,0,mm,47.32,22.16,22.17,22.2285,-13.34,0.52,1.00,TREND,-1.66,stressed,-11.05,-4100,dir,-3711.32
243.341,215,85.5,87031.79,87031.79,23241,-23241,153.73,153.74,153.8054,-15.30,0.70,1.00,TREND,-1.67,stressed,-9.99,-19141,dir,91434.01,104.78,104.79,104.6949,22.02,0.51,1.00,TREND,1.70,stressed,11.95,0,mm,47.32,22.16,22.17,22.2275,-13.35,0.52,1.00,TREND,-1.66,stressed,-11.05,-4100,dir,-3711.32
243.518,215,85.5,87031.79,87031.79,23241,-23241,153.72,153.73,153.7990,-15.40,0.71,1.00,TREND,-1.72,stressed,-9.99,-19141,dir,91434.01,104.79,104.8,104.7029,21.99,0.47,1.00,TREND,1.68,stressed,11.95,0,mm,47.32,22.15,22.16,22.2217,-13.48,0.58,1.00,TREND,-1.66,stressed,-11.05,-4100,dir,-3711.32
243.596,216,84.3,87770.02,87770.02,23241,-23241,153.72,153.73,153.7963,-15.42,0.71,1.00,TREND,-1.72,stressed,-10.31,-19141,dir,91434.01,104.79,104.8,104.7062,21.94,0.47,1.00,TREND,1.68,stressed,12.28,0,mm,47.32,22.15,22.16,22.2193,-13.51,0.58,1.00,TREND,-1.66,stressed,-10.72,-4100,dir,-3711.32
243.661,216,84.3,87770.02,87770.02,23241,-23241,153.71,153.72,153.7939,-15.47,0.71,1.00,TREND,-1.72,stressed,-10.31,-19141,dir,91434.01,104.8,104.81,104.7091,21.93,0.47,1.00,TREND,1.68,stressed,12.28,0,mm,47.32,22.15,22.16,22.2174,-13.52,0.58,1.00,TREND,-1.66,stressed,-10.72,-4100,dir,-3711.32
243.693,216,84.3,87770.02,87770.02,23241,-23241,153.71,153.72,153.7927,-15.49,0.71,1.00,TREND,-1.72,stressed,-10.31,-19141,dir,91434.01,104.8,104.81,104.7106,21.93,0.47,1.00,TREND,1.68,stressed,12.28,0,mm,47.32,22.15,22.16,22.2164,-13.52,0.58,1.00,TREND,-1.66,stressed,-10.72,-4100,dir,-3711.32
243.708,216,84.3,87770.02,87770.02,23241,-23241,153.71,153.72,153.7921,-15.49,0.71,1.00,TREND,-1.72,stressed,-10.31,-19141,dir,91434.01,104.8,104.81,104.7113,21.92,0.47,1.00,TREND,1.68,stressed,12.28,0,mm,47.32,22.15,22.16,22.2160,-13.52,0.58,1.00,TREND,-1.66,stressed,-10.72,-4100,dir,-3711.32
243.736,216,84.3,87770.02,87770.02,23241,-23241,153.71,153.72,153.7911,-15.51,0.71,1.00,TREND,-1.72,stressed,-10.31,-19141,dir,91434.01,104.8,104.81,104.7125,21.91,0.47,1.00,TREND,1.68,stressed,12.28,0,mm,47.32,22.15,22.16,22.2152,-13.52,0.58,1.00,TREND,-1.66,stressed,-10.72,-4100,dir,-3711.32
243.765,216,84.3,87770.02,87770.02,23241,-23241,153.71,153.72,153.7901,-15.52,0.71,1.00,TREND,-1.72,stressed,-10.31,-19141,dir,91434.01,104.8,104.81,104.7138,21.90,0.47,1.00,TREND,1.68,stressed,12.28,0,mm,47.32,22.15,22.16,22.2144,-13.52,0.58,1.00,TREND,-1.66,stressed,-10.72,-4100,dir,-3711.32
243.809,216,84.3,87770.02,87770.02,23241,-23241,153.71,153.72,153.7886,-15.53,0.71,1.00,TREND,-1.71,stressed,-10.31,-19141,dir,91434.01,104.8,104.81,104.7156,21.87,0.47,1.00,TREND,1.66,stressed,12.28,0,mm,47.32,22.15,22.16,22.2132,-13.51,0.58,1.00,TREND,-1.61,stressed,-10.72,-4100,dir,-3711.32
243.831,216,84.3,87770.02,87770.02,23241,-23241,153.71,153.72,153.7878,-15.53,0.71,1.00,TREND,-1.71,stressed,-10.31,-19141,dir,91434.01,104.8,104.81,104.7165,21.85,0.47,1.00,TREND,1.66,stressed,12.28,0,mm,47.32,22.15,22.16,22.2126,-13.50,0.58,1.00,TREND,-1.61,stressed,-10.72,-4100,dir,-3711.32
243.873,216,84.3,87770.02,87770.02,23241,-23241,153.71,153.72,153.7864,-15.54,0.71,1.00,TREND,-1.71,stressed,-10.31,-19141,dir,91434.01,104.8,104.81,104.7182,21.82,0.47,1.00,TREND,1.66,stressed,12.28,0,mm,47.32,22.15,22.16,22.2115,-13.49,0.58,1.00,TREND,-1.61,stressed,-10.72,-4100,dir,-3711.32
244.013,216,84.3,87770.02,87770.02,23241,-23241,153.7,153.71,153.7812,-15.62,0.71,1.00,TREND,-1.71,stressed,-10.31,-19141,dir,91434.01,104.81,104.82,104.7244,21.78,0.47,1.00,TREND,1.66,stressed,12.28,0,mm,47.32,22.14,22.15,22.2073,-13.52,0.58,1.00,TREND,-1.61,stressed,-10.72,-4100,dir,-3711.32
244.069,216,84.3,87770.02,87770.02,23241,-23241,153.7,153.71,153.7792,-15.63,0.65,1.00,TREND,-1.71,stressed,-10.31,-19141,dir,91434.01,104.81,104.82,104.7268,21.75,0.51,1.00,TREND,1.65,stressed,12.28,0,mm,47.32,22.14,22.15,22.2056,-13.52,0.60,1.00,TREND,-1.62,stressed,-10.72,-4100,dir,-3711.32
244.467,216,84.7,88850.07,88850.07,23241,-23241,153.69,153.7,153.7649,-15.76,0.65,1.00,TREND,-1.70,stressed,-10.31,-19141,dir,92391.06,104.82,104.83,104.7435,21.53,0.51,1.00,TREND,1.63,stressed,12.28,0,mm,47.32,22.13,22.14,22.1936,-13.60,0.60,1.00,TREND,-1.63,stressed,-10.72,-4100,dir,-3588.32
244.768,216,84.7,88850.07,88850.07,23241,-23241,153.68,153.69,153.7543,-15.80,0.60,1.00,TREND,-1.70,stressed,-10.31,-19141,dir,92391.06,104.83,104.84,104.7556,21.30,0.53,1.00,TREND,1.62,stressed,12.28,0,mm,47.32,22.12,22.13,22.1845,-13.64,0.56,1.00,TREND,-1.64,stressed,-10.72,-4100,dir,-3588.32
244.821,217,83.4,88850.07,88850.07,23241,-23241,153.67,153.68,153.7524,-15.82,0.60,1.00,TREND,-1.70,stressed,-10.34,-19141,dir,92391.06,104.84,104.85,104.7578,21.27,0.53,1.00,TREND,1.62,stressed,12.28,0,mm,47.32,22.11,22.12,22.1828,-13.67,0.56,1.00,TREND,-1.64,stressed,-10.72,-4100,dir,-3588.32
244.910,217,83.4,88850.07,88850.07,23241,-23241,153.67,153.68,153.7492,-15.84,0.60,1.00,TREND,-1.70,stressed,-10.34,-19141,dir,92391.06,104.84,104.85,104.7614,21.21,0.53,1.00,TREND,1.62,stressed,12.28,0,mm,47.32,22.11,22.12,22.1800,-13.70,0.56,1.00,TREND,-1.64,stressed,-10.72,-4100,dir,-3588.32
245.023,217,83.4,88850.07,88850.07,23241,-23241,153.66,153.67,153.7449,-15.91,0.60,1.00,TREND,-1.74,stressed,-10.34,-19141,dir,92391.06,104.85,104.86,104.7662,21.19,0.53,1.00,TREND,1.64,stressed,12.28,0,mm,47.32,22.1,22.11,22.1762,-13.79,0.56,1.00,TREND,-1.69,stressed,-10.72,-4100,dir,-3588.32
245.097,217,83.4,88850.07,88850.07,23241,-23241,153.66,153.67,153.7421,-15.94,0.60,1.00,TREND,-1.74,stressed,-10.34,-19141,dir,92391.06,104.85,104.86,104.7692,21.16,0.53,1.00,TREND,1.64,stressed,12.28,0,mm,47.32,22.1,22.11,22.1737,-13.83,0.56,1.00,TREND,-1.69,stressed,-10.72,-4100,dir,-3588.32
245.432,217,83.4,88850.07,88850.07,23241,-23241,153.66,153.67,153.7309,-15.87,0.55,1.00,TREND,-1.69,stressed,-10.34,-19141,dir,92965.29,104.86,104.87,104.7832,21.04,0.50,1.00,TREND,1.62,stressed,12.28,0,mm,47.32,22.09,22.1,22.1623,-14.04,0.61,1.00,TREND,-1.70,stressed,-10.72,-4100,dir,-3424.32
245.629,218,82.3,89588.30,89588.30,23241,-23241,153.64,153.65,153.7233,-16.00,0.55,1.00,TREND,-1.69,stressed,-10.31,-19141,dir,92965.29,104.87,104.89,104.7918,21.03,0.50,1.00,TREND,1.62,stressed,12.11,0,mm,47.32,22.08,22.09,22.1554,-14.17,0.61,1.00,TREND,-1.70,stressed,-10.69,-4100,dir,-3424.32
245.772,218,82.3,89588.30,89588.30,23241,-23241,153.63,153.64,153.7175,-16.13,0.55,1.00,TREND,-1.79,stressed,-10.31,-19141,dir,92965.29,104.89,104.9,104.7985,21.11,0.50,1.00,TREND,1.67,stressed,12.11,0,mm,47.32,22.07,22.08,22.1502,-14.30,0.61,1.00,TREND,-1.75,stressed,-10.69,-4100,dir,-3424.32
245.805,218,82.3,89588.30,89588.30,23241,-23241,153.63,153.64,153.7162,-16.14,0.55,1.00,TREND,-1.79,stressed,-10.31,-19141,dir,92965.29,104.89,104.9,104.8000,21.11,0.50,1.00,TREND,1.67,stressed,12.11,0,mm,47.32,22.07,22.08,22.1490,-14.32,0.61,1.00,TREND,-1.75,stressed,-10.69,-4100,dir,-3424.32
245.827,218,82.3,89588.30,89588.30,23241,-23241,153.63,153.64,153.7154,-16.15,0.55,1.00,TREND,-1.79,stressed,-10.31,-19141,dir,92965.29,104.89,104.9,104.8009,21.11,0.50,1.00,TREND,1.67,stressed,12.11,0,mm,47.32,22.07,22.08,22.1483,-14.33,0.61,1.00,TREND,-1.75,stressed,-10.69,-4100,dir,-3424.32
245.862,218,82.3,89588.30,89588.30,23241,-23241,153.63,153.64,153.7141,-16.17,0.55,1.00,TREND,-1.79,stressed,-10.31,-19141,dir,92965.29,104.89,104.9,104.8025,21.11,0.50,1.00,TREND,1.67,stressed,12.11,0,mm,47.32,22.07,22.08,22.1471,-14.34,0.61,1.00,TREND,-1.75,stressed,-10.69,-4100,dir,-3424.32
245.905,218,82.3,89588.30,89588.30,23241,-23241,153.63,153.64,153.7125,-16.18,0.55,1.00,TREND,-1.79,stressed,-10.31,-19141,dir,92965.29,104.89,104.9,104.8043,21.11,0.50,1.00,TREND,1.67,stressed,12.11,0,mm,47.32,22.07,22.08,22.1456,-14.35,0.61,1.00,TREND,-1.75,stressed,-10.69,-4100,dir,-3424.32
246.006,218,82.3,89588.30,89588.30,23241,-23241,153.63,153.64,153.7090,-16.18,0.57,1.00,TREND,-1.79,stressed,-10.31,-19141,dir,92965.29,104.9,104.91,104.8089,21.14,0.56,1.00,TREND,1.67,stressed,12.11,0,mm,47.32,22.07,22.08,22.1424,-14.36,0.56,1.00,TREND,-1.75,stressed,-10.69,-4100,dir,-3424.32
246.082,218,82.5,89588.30,89588.30,23241,-23241,153.63,153.64,153.7064,-16.16,0.57,1.00,TREND,-1.73,stressed,-10.31,-19141,dir,92965.29,104.9,104.91,104.8123,21.14,0.56,1.00,TREND,1.65,stressed,12.11,0,mm,47.32,22.07,22.08,22.1400,-14.35,0.56,1.00,TREND,-1.70,stressed,-10.69,-4100,dir,-3424.32
246.110,218,82.5,89588.30,89588.30,23241,-23241,153.63,153.64,153.7054,-16.15,0.57,1.00,TREND,-1.73,stressed,-10.31,-19141,dir,92965.29,104.9,104.91,104.8135,21.14,0.56,1.00,TREND,1.65,stressed,12.11,0,mm,47.32,22.07,22.08,22.1392,-14.35,0.56,1.00,TREND,-1.70,stressed,-10.69,-4100,dir,-3424.32
246.133,218,82.5,89588.30,89588.30,23241,-23241,153.63,153.64,153.7047,-16.14,0.57,1.00,TREND,-1.73,stressed,-10.31,-19141,dir,92965.29,104.9,104.91,104.8146,21.13,0.56,1.00,TREND,1.65,stressed,12.11,0,mm,47.32,22.07,22.08,22.1384,-14.34,0.56,1.00,TREND,-1.70,stressed,-10.69,-4100,dir,-3424.32
246.175,218,82.5,89588.30,89588.30,23241,-23241,153.63,153.64,153.7033,-16.12,0.57,1.00,TREND,-1.73,stressed,-10.31,-19141,dir,93539.52,104.91,104.92,104.8165,21.15,0.56,1.00,TREND,1.65,stressed,12.11,0,mm,47.32,22.06,22.07,22.1370,-14.36,0.56,1.00,TREND,-1.70,stressed,-10.69,-4100,dir,-3301.32
246.206,218,82.5,89588.30,89588.30,23241,-23241,153.63,153.64,153.7023,-16.10,0.57,1.00,TREND,-1.73,stressed,-10.31,-19141,dir,93539.52,104.91,104.92,104.8180,21.16,0.56,1.00,TREND,1.65,stressed,12.11,0,mm,47.32,22.06,22.07,22.1360,-14.37,0.56,1.00,TREND,-1.70,stressed,-10.69,-4100,dir,-3301.32
246.273,218,82.5,89588.30,89588.30,23241,-23241,153.63,153.64,153.7002,-16.06,0.57,1.00,TREND,-1.73,stressed,-10.31,-19141,dir,93539.52,104.91,104.92,104.8209,21.16,0.56,1.00,TREND,1.65,stressed,12.11,0,mm,47.32,22.06,22.07,22.1338,-14.38,0.56,1.00,TREND,-1.70,stressed,-10.69,-4100,dir,-3301.32
246.368,218,82.5,89588.30,89588.30,23241,-23241,153.63,153.64,153.6974,-15.98,0.57,1.00,TREND,-1.69,stressed,-10.31,-19141,dir,93539.52,104.91,104.92,104.8250,21.14,0.56,1.00,TREND,1.64,stressed,12.11,0,mm,47.32,22.06,22.07,22.1308,-14.38,0.56,1.00,TREND,-1.70,stressed,-10.69,-4100,dir,-3301.32
246.423,218,82.5,89588.30,89588.30,23241,-23241,153.63,153.64,153.6958,-15.93,0.57,1.00,TREND,-1.69,stressed,-10.31,-19141,dir,93539.52,104.91,104.92,104.8273,21.12,0.56,1.00,TREND,1.64,stressed,12.11,0,mm,47.32,22.06,22.07,22.1291,-14.37,0.56,1.00,TREND,-1.70,stressed,-10.69,-4100,dir,-3301.32
246.482,218,82.5,89588.30,89588.30,23241,-23241,153.63,153.64,153.6941,-15.86,0.57,1.00,TREND,-1.69,stressed,-10.31,-19141,dir,93539.52,104.91,104.92,104.8297,21.08,0.56,1.00,TREND,1.64,stressed,12.11,0,mm,47.32,22.06,22.07,22.1274,-14.35,0.56,1.00,TREND,-1.70,stressed,-10.69,-4100,dir,-3301.32
246.589,218,82.5,89588.30,89588.30,23241,-23241,153.62,153.63,153.6907,-15.82,0.62,1.00,TREND,-1.69,stressed,-10.31,-19141,dir,93539.52,104.92,104.93,104.8344,21.07,0.59,1.00,TREND,1.64,stressed,12.11,0,mm,47.32,22.06,22.07,22.1243,-14.30,0.59,1.00,TREND,-1.70,stressed,-10.69,-4100,dir,-3301.32
246.630,219,81.3,90285.53,90285.53,23241,-23241,153.62,153.63,153.6895,-15.80,0.62,1.00,TREND,-1.69,stressed,-9.99,-19141,dir,93539.52,104.92,104.93,104.8362,21.06,0.59,1.00,TREND,1.63,stressed,12.43,0,mm,47.32,22.06,22.07,22.1231,-14.27,0.59,1.00,TREND,-1.65,stressed,-10.34,-4100,dir,-3301.32
246.675,219,81.3,90285.53,90285.53,23241,-23241,153.62,153.63,153.6881,-15.77,0.62,1.00,TREND,-1.69,stressed,-9.99,-19141,dir,93539.52,104.92,104.93,104.8380,21.03,0.59,1.00,TREND,1.63,stressed,12.43,0,mm,47.32,22.06,22.07,22.1219,-14.24,0.59,1.00,TREND,-1.65,stressed,-10.34,-4100,dir,-3301.32
246.717,219,81.3,90285.53,90285.53,23241,-23241,153.62,153.63,153.6869,-15.74,0.62,1.00,TREND,-1.69,stressed,-9.99,-19141,dir,93539.52,104.92,104.93,104.8397,21.01,0.59,1.00,TREND,1.63,stressed,12.43,0,mm,47.32,22.06,22.07,22.1208,-14.20,0.59,1.00,TREND,-1.65,stressed,-10.34,-4100,dir,-3301.32
246.834,219,81.3,90285.53,90285.53,23241,-23241,153.62,153.63,153.6836,-15.63,0.62,1.00,TREND,-1.69,stressed,-9.99,-19141,dir,93539.52,104.93,104.95,104.8451,21.04,0.59,1.00,TREND,1.63,stressed,12.43,0,mm,47.32,22.06,22.07,22.1178,-14.10,0.59,1.00,TREND,-1.65,stressed,-10.34,-4100,dir,-3301.32
246.869,219,81.3,90285.53,90285.53,23241,-23241,153.62,153.63,153.6826,-15.60,0.62,1.00,TREND,-1.69,stressed,-9.99,-19141,dir,93539.52,104.93,104.95,104.8466,21.04,0.59,1.00,TREND,1.63,stressed,12.43,0,mm,47.32,22.06,22.07,22.1170,-14.06,0.59,1.00,TREND,-1.65,stressed,-10.34,-4100,dir,-3301.32
246.901,219,81.3,90285.53,90285.53,23241,-23241,153.62,153.63,153.6818,-15.56,0.62,1.00,TREND,-1.64,stressed,-9.99,-19141,dir,93539.52,104.93,104.95,104.8480,21.04,0.59,1.00,TREND,1.63,stressed,12.43,0,mm,47.32,22.06,22.07,22.1162,-14.03,0.59,1.00,TREND,-1.61,stressed,-10.34,-4100,dir,-3301.32
246.923,219,81.3,90285.53,90285.53,23241,-23241,153.62,153.63,153.6812,-15.54,0.62,1.00,TREND,-1.64,stressed,-9.99,-19141,dir,93539.52,104.93,104.95,104.8490,21.03,0.59,1.00,TREND,1.63,stressed,12.43,0,mm,47.32,22.06,22.07,22.1157,-14.01,0.59,1.00,TREND,-1.61,stressed,-10.34,-4100,dir,-3301.32
246.957,219,81.3,90285.53,90285.53,23241,-23241,153.62,153.63,153.6803,-15.50,0.62,1.00,TREND,-1.64,stressed,-9.99,-19141,dir,93539.52,104.93,104.95,104.8503,21.02,0.59,1.00,TREND,1.63,stressed,12.43,0,mm,47.32,22.06,22.07,22.1149,-13.97,0.59,1.00,TREND,-1.61,stressed,-10.34,-4100,dir,-3301.32
246.986,219,81.3,90285.53,90285.53,23241,-23241,153.62,153.63,153.6795,-15.46,0.62,1.00,TREND,-1.64,stressed,-9.99,-19141,dir,93539.52,104.93,104.95,104.8517,21.01,0.59,1.00,TREND,1.63,stressed,12.43,0,mm,47.32,22.06,22.07,22.1142,-13.93,0.59,1.00,TREND,-1.61,stressed,-10.34,-4100,dir,-3301.32
247.114,219,81.3,90285.53,90285.53,23241,-23241,153.61,153.62,153.6757,-15.40,0.66,1.00,TREND,-1.64,stressed,-9.99,-19141,dir,93539.52,104.95,104.96,104.8577,21.08,0.54,1.00,TREND,1.63,stressed,12.43,0,mm,47.32,22.05,22.06,22.1107,-13.87,0.60,1.00,TREND,-1.61,stressed,-10.34,-4100,dir,-3301.32
247.189,220,80.2,90709.35,90709.35,23241,-23241,153.61,153.62,153.6736,-15.34,0.66,1.00,TREND,-1.64,stressed,-9.15,-19141,dir,93922.34,104.96,104.97,104.8614,21.14,0.54,1.00,TREND,1.67,stressed,12.28,0,mm,47.32,22.05,22.06,22.1088,-13.83,0.60,1.00,TREND,-1.62,stressed,-9.45,-4100,dir,-3260.32
247.219,220,80.2,90709.35,90709.35,23241,-23241,153.61,153.62,153.6728,-15.32,0.66,1.00,TREND,-1.64,stressed,-9.15,-19141,dir,93922.34,104.96,104.97,104.8629,21.16,0.54,1.00,TREND,1.67,stressed,12.28,0,mm,47.32,22.05,22.06,22.1080,-13.80,0.60,1.00,TREND,-1.62,stressed,-9.45,-4100,dir,-3260.32
247.260,220,80.2,90709.35,90709.35,23241,-23241,153.61,153.62,153.6717,-15.28,0.66,1.00,TREND,-1.64,stressed,-9.15,-19141,dir,93922.34,104.96,104.97,104.8648,21.18,0.54,1.00,TREND,1.67,stressed,12.28,0,mm,47.32,22.05,22.06,22.1070,-13.77,0.60,1.00,TREND,-1.62,stressed,-9.45,-4100,dir,-3260.32
247.341,220,80.2,90709.35,90709.35,23241,-23241,153.61,153.62,153.6696,-15.20,0.66,1.00,TREND,-1.64,stressed,-9.15,-19141,dir,93922.34,104.97,104.98,104.8689,21.26,0.54,1.00,TREND,1.67,stressed,12.28,0,mm,47.32,22.04,22.05,22.1047,-13.76,0.60,1.00,TREND,-1.62,stressed,-9.45,-4100,dir,-3260.32
247.374,220,80.2,90709.35,90709.35,23241,-23241,153.61,153.62,153.6688,-15.17,0.66,1.00,TREND,-1.64,stressed,-9.15,-19141,dir,93922.34,104.97,104.98,104.8705,21.28,0.54,1.00,TREND,1.67,stressed,12.28,0,mm,47.32,22.04,22.05,22.1038,-13.76,0.60,1.00,TREND,-1.62,stressed,-9.45,-4100,dir,-3260.32
247.439,220,80.2,90709.35,90709.35,23241,-23241,153.61,153.62,153.6672,-15.09,0.66,1.00,TREND,-1.64,stressed,-9.15,-19141,dir,93922.34,104.97,104.98,104.8737,21.31,0.54,1.00,TREND,1.67,stressed,12.28,0,mm,47.32,22.04,22.05,22.1020,-13.73,0.60,1.00,TREND,-1.62,stressed,-9.45,-4100,dir,-3260.32
247.505,220,80.2,90709.35,90709.35,23241,-23241,153.61,153.62,153.6655,-15.01,0.66,1.00,TREND,-1.59,stressed,-9.15,-19141,dir,93922.34,104.97,104.98,104.8768,21.33,0.54,1.00,TREND,1.65,stressed,12.28,0,mm,47.32,22.04,22.05,22.1003,-13.70,0.60,1.00,TREND,-1.62,stressed,-9.45,-4100,dir,-3260.32
247.835,220,80.2,90709.35,90709.35,23241,-23241,153.59,153.61,153.6561,-14.88,0.63,1.00,TREND,-1.62,stressed,-9.15,-19141,dir,93922.34,104.97,104.98,104.8909,21.18,0.56,1.00,TREND,1.61,stressed,12.28,0,mm,47.32,22.04,22.05,22.0923,-13.45,0.61,1.00,TREND,-1.58,stressed,-9.45,-4100,dir,-3260.32
247.910,220,80.4,90709.35,90709.35,23241,-23241,153.59,153.61,153.6542,-14.82,0.63,1.00,TREND,-1.62,stressed,-9.15,-19141,dir,93922.34,104.99,105.0,104.8946,21.22,0.56,1.00,TREND,1.61,stressed,12.28,0,mm,47.32,22.03,22.04,22.0903,-13.43,0.61,1.00,TREND,-1.58,stressed,-9.45,-4100,dir,-3260.32
247.940,220,80.4,90709.35,90709.35,23241,-23241,153.59,153.61,153.6534,-14.79,0.63,1.00,TREND,-1.62,stressed,-9.15,-19141,dir,93922.34,104.99,105.0,104.8960,21.23,0.56,1.00,TREND,1.61,stressed,12.28,0,mm,47.32,22.03,22.04,22.0895,-13.42,0.61,1.00,TREND,-1.58,stressed,-9.45,-4100,dir,-3260.32
247.957,220,80.4,90709.35,90709.35,23241,-23241,153.59,153.61,153.6530,-14.78,0.63,1.00,TREND,-1.62,stressed,-9.15,-19141,dir,93922.34,104.99,105.0,104.8967,21.23,0.56,1.00,TREND,1.61,stressed,12.28,0,mm,47.32,22.03,22.04,22.0891,-13.41,0.61,1.00,TREND,-1.58,stressed,-9.45,-4100,dir,-3260.32
247.992,220,80.4,90709.35,90709.35,23241,-23241,153.59,153.61,153.6521,-14.74,0.63,1.00,TREND,-1.62,stressed,-9.15,-19141,dir,93922.34,104.99,105.0,104.8984,21.24,0.56,1.00,TREND,1.61,stressed,12.28,0,mm,47.32,22.03,22.04,22.0882,-13.39,0.61,1.00,TREND,-1.58,stressed,-9.45,-4100,dir,-3260.32
248.018,220,80.4,90709.35,90709.35,23241,-23241,153.59,153.61,153.6515,-14.72,0.63,1.00,TREND,-1.62,stressed,-9.15,-19141,dir,93922.34,104.99,105.0,104.8995,21.24,0.56,1.00,TREND,1.61,stressed,12.28,0,mm,47.32,22.03,22.04,22.0876,-13.38,0.61,1.00,TREND,-1.58,stressed,-9.45,-4100,dir,-3260.32
248.272,220,80.4,90709.35,90709.35,23241,-23241,153.58,153.59,153.6440,-14.69,0.63,1.00,TREND,-1.65,stressed,-9.15,-19141,dir,93922.34,105.0,105.01,104.9114,21.29,0.56,1.00,TREND,1.66,stressed,12.28,0,mm,47.32,22.02,22.03,22.0805,-13.38,0.61,1.00,TREND,-1.65,stressed,-9.45,-4100,dir,-3260.32
248.355,220,80.4,90709.35,90709.35,23241,-23241,153.57,153.58,153.6414,-14.71,0.62,1.00,TREND,-1.65,stressed,-9.15,-19141,dir,94496.57,105.01,105.02,104.9153,21.33,0.62,1.00,TREND,1.66,stressed,12.28,0,mm,47.32,22.01,22.02,22.0781,-13.41,0.67,1.00,TREND,-1.65,stressed,-9.45,-4100,dir,-3137.32
248.396,221,79.2,91406.58,91406.58,23241,-23241,153.57,153.58,153.6401,-14.72,0.62,1.00,TREND,-1.65,stressed,-10.08,-19141,dir,94496.57,105.01,105.02,104.9173,21.33,0.62,1.00,TREND,1.66,stressed,13.58,0,mm,47.32,22.01,22.02,22.0768,-13.42,0.67,1.00,TREND,-1.65,stressed,-10.36,-4100,dir,-3137.32
248.482,221,79.2,91406.58,91406.58,23241,-23241,153.57,153.58,153.6375,-14.71,0.62,1.00,TREND,-1.65,stressed,-10.08,-19141,dir,94496.57,105.01,105.02,104.9211,21.32,0.62,1.00,TREND,1.66,stressed,13.58,0,mm,47.32,22.01,22.02,22.0744,-13.42,0.67,1.00,TREND,-1.65,stressed,-10.36,-4100,dir,-3137.32
248.562,221,79.2,91406.58,91406.58,23241,-23241,153.57,153.58,153.6352,-14.69,0.62,1.00,TREND,-1.65,stressed,-10.08,-19141,dir,94496.57,105.01,105.02,104.9246,21.29,0.62,1.00,TREND,1.65,stressed,13.58,0,mm,47.32,22.01,22.02,22.0722,-13.41,0.67,1.00,TREND,-1.66,stressed,-10.36,-4100,dir,-3137.32
248.651,221,79.2,91406.58,91406.58,23241,-23241,153.56,153.57,153.6323,-14.72,0.62,1.00,TREND,-1.65,stressed,-10.08,-19141,dir,94496.57,105.02,105.03,104.9287,21.30,0.62,1.00,TREND,1.65,stressed,13.58,0,mm,47.32,22.0,22.01,22.0694,-13.46,0.67,1.00,TREND,-1.66,stressed,-10.36,-4100,dir,-3137.32
248.693,221,79.2,91406.58,91406.58,23241,-23241,153.56,153.57,153.6310,-14.73,0.62,1.00,TREND,-1.65,stressed,-10.08,-19141,dir,94496.57,105.02,105.03,104.9306,21.30,0.62,1.00,TREND,1.65,stressed,13.58,0,mm,47.32,22.0,22.01,22.0682,-13.47,0.67,1.00,TREND,-1.66,stressed,-10.36,-4100,dir,-3137.32
248.775,221,79.2,91406.58,91406.58,23241,-23241,153.56,153.57,153.6285,-14.73,0.62,1.00,TREND,-1.65,stressed,-10.08,-19141,dir,94496.57,105.02,105.03,104.9342,21.27,0.62,1.00,TREND,1.65,stressed,13.58,0,mm,47.32,22.0,22.01,22.0658,-13.48,0.67,1.00,TREND,-1.66,stressed,-10.36,-4100,dir,-3137.32
248.882,221,79.2,91406.58,91406.58,23241,-23241,153.56,153.57,153.6254,-14.70,0.65,1.00,TREND,-1.65,stressed,-10.08,-19141,dir,94496.57,105.03,105.04,104.9391,21.28,0.64,1.00,TREND,1.67,stressed,13.58,0,mm,47.32,22.0,22.01,22.0628,-13.47,0.68,1.00,TREND,-1.66,stressed,-10.36,-4100,dir,-3137.32
248.932,221,79.4,91406.58,91406.58,23241,-23241,153.56,153.57,153.6240,-14.68,0.65,1.00,TREND,-1.65,stressed,-10.08,-19141,dir,94496.57,105.03,105.04,104.9414,21.28,0.64,1.00,TREND,1.67,stressed,13.58,0,mm,47.32,22.0,22.01,22.0614,-13.46,0.68,1.00,TREND,-1.66,stressed,-10.36,-4100,dir,-3137.32
248.963,221,79.4,91406.58,91406.58,23241,-23241,153.56,153.57,153.6232,-14.67,0.65,1.00,TREND,-1.65,stressed,-10.08,-19141,dir,94496.57,105.03,105.04,104.9426,21.27,0.64,1.00,TREND,1.67,stressed,13.58,0,mm,47.32,22.0,22.01,22.0607,-13.45,0.68,1.00,TREND,-1.66,stressed,-10.36,-4100,dir,-3137.32
249.467,221,79.4,91406.58,91406.58,23241,-23241,153.55,153.56,153.6087,-14.51,0.66,1.00,TREND,-1.66,stressed,-10.08,-19141,dir,94496.57,105.03,105.04,104.9622,20.74,0.82,1.00,TREND,1.62,stressed,13.58,0,mm,47.32,22.0,22.01,22.0489,-13.05,0.76,1.00,TREND,-1.62,stressed,-10.36,-4100,dir,-3137.32
249.725,222,78.3,92103.81,92103.81,23241,-23241,153.55,153.56,153.6026,-14.25,0.66,1.00,TREND,-1.61,stressed,-9.83,-19141,dir,95070.80,105.05,105.06,104.9728,20.64,0.82,1.00,TREND,1.64,stressed,13.40,0,mm,47.32,21.98,21.99,22.0416,-13.11,0.76,1.00,TREND,-1.68,stressed,-10.34,-4100,dir,-3014.32
249.751,222,78.3,92103.81,92103.81,23241,-23241,153.54,153.55,153.6019,-14.24,0.66,1.00,TREND,-1.61,stressed,-9.83,-19141,dir,95070.80,105.06,105.07,104.9739,20.64,0.82,1.00,TREND,1.64,stressed,13.40,0,mm,47.32,21.98,21.99,22.0409,-13.10,0.76,1.00,TREND,-1.68,stressed,-10.34,-4100,dir,-3014.32
249.898,222,78.3,92103.81,92103.81,23241,-23241,153.54,153.55,153.5981,-14.16,0.66,1.00,TREND,-1.61,stressed,-9.83,-19141,dir,95070.80,105.06,105.07,104.9800,20.60,0.82,1.00,TREND,1.64,stressed,13.40,0,mm,47.32,21.98,21.99,22.0372,-13.06,0.76,1.00,TREND,-1.68,stressed,-10.34,-4100,dir,-3014.32
250.020,222,78.3,92103.81,92103.81,23241,-23241,153.53,153.54,153.5946,-14.16,0.61,1.00,TREND,-1.66,stressed,-9.83,-19141,dir,95070.80,105.07,105.09,104.9856,20.65,0.92,1.00,TREND,1.68,stressed,13.40,0,mm,47.32,21.97,21.98,22.0337,-13.08,0.82,1.00,TREND,-1.69,stressed,-10.34,-4100,dir,-3014.32
250.249,222,78.5,92103.81,92103.81,23241,-23241,153.52,153.53,153.5875,-14.23,0.61,1.00,TREND,-1.66,stressed,-9.83,-19141,dir,95070.80,105.09,105.1,104.9967,20.85,0.92,1.00,TREND,1.68,stressed,13.40,0,mm,47.32,21.97,21.98,22.0277,-13.04,0.82,1.00,TREND,-1.69,stressed,-10.34,-4100,dir,-3014.32
250.288,222,78.5,92103.81,92103.81,23241,-23241,153.52,153.53,153.5864,-14.23,0.61,1.00,TREND,-1.67,stressed,-9.83,-19141,dir,95645.03,105.09,105.1,104.9985,20.86,0.92,1.00,TREND,1.68,stressed,13.40,0,mm,47.32,21.97,21.98,22.0268,-13.02,0.82,1.00,TREND,-1.65,stressed,-10.34,-4100,dir,-2932.32
250.458,222,78.5,92103.81,92103.81,23241,-23241,153.51,153.52,153.5809,-14.31,0.61,1.00,TREND,-1.67,stressed,-9.83,-19141,dir,95645.03,105.09,105.1,105.0059,20.84,0.92,1.00,TREND,1.68,stressed,13.40,0,mm,47.32,21.96,21.97,22.0220,-13.05,0.82,1.00,TREND,-1.65,stressed,-10.34,-4100,dir,-2932.32
250.507,222,78.5,92103.81,92103.81,23241,-23241,153.51,153.52,153.5794,-14.32,0.61,1.00,TREND,-1.67,stressed,-9.83,-19141,dir,95645.03,105.1,105.11,105.0082,20.86,0.92,1.00,TREND,1.68,stressed,13.40,0,mm,47.32,21.96,21.97,22.0207,-13.04,0.82,1.00,TREND,-1.65,stressed,-10.34,-4100,dir,-2932.32
250.535,222,78.5,92103.81,92103.81,23241,-23241,153.51,153.52,153.5786,-14.32,0.57,1.00,TREND,-1.67,stressed,-9.83,-19141,dir,95645.03,105.1,105.11,105.0094,20.86,0.85,1.00,TREND,1.68,stressed,13.40,0,mm,47.32,21.96,21.97,22.0200,-13.03,0.80,1.00,TREND,-1.65,stressed,-10.34,-4100,dir,-2932.32
250.629,223,77.3,92760.04,92760.04,23241,-23241,153.5,153.51,153.5754,-14.38,0.57,1.00,TREND,-1.71,stressed,-9.66,-19141,dir,95645.03,105.11,105.12,105.0140,20.93,0.85,1.00,TREND,1.69,stressed,13.48,0,mm,47.32,21.95,21.96,22.0172,-13.08,0.80,1.00,TREND,-1.71,stressed,-10.34,-4100,dir,-2932.32
250.681,223,77.3,92760.04,92760.04,23241,-23241,153.5,153.51,153.5737,-14.41,0.57,1.00,TREND,-1.71,stressed,-9.66,-19141,dir,95645.03,105.11,105.12,105.0164,20.95,0.85,1.00,TREND,1.69,stressed,13.48,0,mm,47.32,21.95,21.96,22.0157,-13.09,0.80,1.00,TREND,-1.71,stressed,-10.34,-4100,dir,-2932.32
250.778,223,77.3,92760.04,92760.04,23241,-23241,153.5,153.51,153.5706,-14.43,0.57,1.00,TREND,-1.71,stressed,-9.66,-19141,dir,95645.03,105.11,105.12,105.0209,20.96,0.85,1.00,TREND,1.69,stressed,13.48,0,mm,47.32,21.95,21.96,22.0130,-13.10,0.80,1.00,TREND,-1.71,stressed,-10.34,-4100,dir,-2932.32
250.874,223,77.3,92760.04,92760.04,23241,-23241,153.5,153.51,153.5677,-14.43,0.57,1.00,TREND,-1.71,stressed,-9.66,-19141,dir,95645.03,105.12,105.13,105.0254,21.01,0.85,1.00,TREND,1.69,stressed,13.48,0,mm,47.32,21.95,21.96,22.0104,-13.08,0.80,1.00,TREND,-1.71,stressed,-10.34,-4100,dir,-2932.32
250.904,223,77.3,92760.04,92760.04,23241,-23241,153.5,153.51,153.5668,-14.42,0.57,1.00,TREND,-1.66,stressed,-9.66,-19141,dir,95645.03,105.12,105.13,105.0269,21.02,0.85,1.00,TREND,1.68,stressed,13.48,0,mm,47.32,21.95,21.96,22.0096,-13.07,0.80,1.00,TREND,-1.66,stressed,-10.34,-4100,dir,-2932.32
250.948,223,77.3,92760.04,92760.04,23241,-23241,153.5,153.51,153.5655,-14.41,0.57,1.00,TREND,-1.66,stressed,-9.66,-19141,dir,95645.03,105.12,105.13,105.0289,21.03,0.85,1.00,TREND,1.68,stressed,13.48,0,mm,47.32,21.95,21.96,22.0085,-13.06,0.80,1.00,TREND,-1.66,stressed,-10.34,-4100,dir,-2932.32
251.009,223,77.3,92760.04,92760.04,23241,-23241,153.5,153.51,153.5639,-14.38,0.57,1.00,TREND,-1.66,stressed,-9.66,-19141,dir,95645.03,105.12,105.13,105.0315,21.02,0.85,1.00,TREND,1.68,stressed,13.48,0,mm,47.32,21.95,21.96,22.0070,-13.03,0.80,1.00,TREND,-1.66,stressed,-10.34,-4100,dir,-2932.32
251.243,223,77.3,92760.04,92760.04,23241,-23241,153.49,153.5,153.5567,-14.40,0.53,1.00,TREND,-1.66,stressed,-9.66,-19141,dir,95645.03,105.12,105.13,105.0413,20.89,0.82,1.00,TREND,1.63,stressed,13.48,0,mm,47.32,21.95,21.96,22.0016,-12.87,0.78,1.00,TREND,-1.62,stressed,-10.34,-4100,dir,-2932.32
251.307,224,76.2,93457.27,93457.27,23241,-23241,153.49,153.5,153.5548,-14.38,0.53,1.00,TREND,-1.66,stressed,-9.15,-19141,dir,96219.26,105.13,105.14,105.0441,20.88,0.82,1.00,TREND,1.63,stressed,13.48,0,mm,47.32,21.94,21.95,21.9999,-12.86,0.78,1.00,TREND,-1.62,stressed,-9.72,-4100,dir,-2809.32
251.508,224,76.2,93457.27,93457.27,23241,-23241,153.48,153.49,153.5485,-14.41,0.53,1.00,TREND,-1.67,stressed,-9.15,-19141,dir,96219.26,105.14,105.16,105.0537,20.98,0.82,1.00,TREND,1.67,stressed,13.48,0,mm,47.32,21.93,21.94,21.9940,-12.94,0.78,1.00,TREND,-1.69,stressed,-9.72,-4100,dir,-2809.32
251.539,224,76.2,93457.27,93457.27,23241,-23241,153.48,153.49,153.5476,-14.41,0.53,1.00,TREND,-1.67,stressed,-9.15,-19141,dir,96219.26,105.14,105.16,105.0551,20.98,0.82,1.00,TREND,1.67,stressed,13.48,0,mm,47.32,21.93,21.94,21.9932,-12.94,0.78,1.00,TREND,-1.69,stressed,-9.72,-4100,dir,-2809.32
251.563,224,76.2,93457.27,93457.27,23241,-23241,153.48,153.49,153.5469,-14.40,0.53,1.00,TREND,-1.67,stressed,-9.15,-19141,dir,96219.26,105.14,105.16,105.0561,20.98,0.82,1.00,TREND,1.67,stressed,13.48,0,mm,47.32,21.93,21.94,21.9925,-12.94,0.78,1.00,TREND,-1.69,stressed,-9.72,-4100,dir,-2809.32
251.659,224,76.2,93457.27,93457.27,23241,-23241,153.47,153.48,153.5437,-14.44,0.53,1.00,TREND,-1.67,stressed,-9.15,-19141,dir,96219.26,105.16,105.17,105.0610,21.06,0.82,1.00,TREND,1.67,stressed,13.48,0,mm,47.32,21.92,21.93,21.9895,-13.00,0.78,1.00,TREND,-1.69,stressed,-9.72,-4100,dir,-2809.32
251.693,224,76.2,93457.27,93457.27,23241,-23241,153.47,153.48,153.5426,-14.45,0.53,1.00,TREND,-1.67,stressed,-9.15,-19141,dir,96219.26,105.16,105.17,105.0626,21.08,0.82,1.00,TREND,1.67,stressed,13.48,0,mm,47.32,21.92,21.93,21.9885,-13.02,0.78,1.00,TREND,-1.69,stressed,-9.72,-4100,dir,-2809.32
251.735,224,76.2,93457.27,93457.27,23241,-23241,153.47,153.48,153.5413,-14.46,0.53,1.00,TREND,-1.67,stressed,-9.15,-19141,dir,96219.26,105.16,105.17,105.0646,21.10,0.82,1.00,TREND,1.67,stressed,13.48,0,mm,47.32,21.92,21.93,21.9872,-13.03,0.78,1.00,TREND,-1.69,stressed,-9.72,-4100,dir,-2809.32
251.784,224,76.2,93457.27,93457.27,23241,-23241,153.47,153.48,153.5401,-14.46,0.49,1.00,TREND,-1.67,stressed,-9.15,-19141,dir,96219.26,105.16,105.17,105.0665,21.11,0.87,1.00,TREND,1.67,stressed,13.48,0,mm,47.32,21.92,21.93,21.9861,-13.04,0.83,1.00,TREND,-1.70,stressed,-9.72,-4100,dir,-2809.32
251.864,224,76.4,93457.27,93457.27,23241,-23241,153.47,153.48,153.5374,-14.45,0.49,1.00,TREND,-1.67,stressed,-9.15,-19141,dir,96219.26,105.16,105.17,105.0705,21.11,0.87,1.00,TREND,1.67,stressed,13.48,0,mm,47.32,21.92,21.93,21.9836,-13.05,0.83,1.00,TREND,-1.70,stressed,-9.72,-4100,dir,-2809.32
251.907,224,76.4,93457.27,93457.27,23241,-23241,153.47,153.48,153.5361,-14.44,0.49,1.00,TREND,-1.67,stressed,-9.15,-19141,dir,96219.26,105.17,105.18,105.0726,21.14,0.87,1.00,TREND,1.67,stressed,13.48,0,mm,47.32,21.91,21.92,21.9822,-13.08,0.83,1.00,TREND,-1.70,stressed,-9.72,-4100,dir,-2809.32
251.931,224,76.4,93457.27,93457.27,23241,-23241,153.47,153.48,153.5354,-14.43,0.49,1.00,TREND,-1.67,stressed,-9.15,-19141,dir,96219.26,105.17,105.18,105.0738,21.15,0.87,1.00,TREND,1.67,stressed,13.48,0,mm,47.32,21.91,21.92,21.9815,-13.10,0.83,1.00,TREND,-1.70,stressed,-9.72,-4100,dir,-2809.32
251.951,224,76.4,93457.27,93457.27,23241,-23241,153.47,153.48,153.5349,-14.42,0.49,1.00,TREND,-1.67,stressed,-9.15,-19141,dir,96219.26,105.17,105.18,105.0747,21.15,0.87,1.00,TREND,1.67,stressed,13.48,0,mm,47.32,21.91,21.92,21.9809,-13.11,0.83,1.00,TREND,-1.70,stressed,-9.72,-4100,dir,-2809.32
251.975,224,76.4,93457.27,93457.27,23241,-23241,153.47,153.48,153.5342,-14.41,0.49,1.00,TREND,-1.67,stressed,-9.15,-19141,dir,96219.26,105.17,105.18,105.0759,21.16,0.87,1.00,TREND,1.67,stressed,13.48,0,mm,47.32,21.91,21.92,21.9801,-13.12,0.83,1.00,TREND,-1.70,stressed,-9.72,-4100,dir,-2809.32
252.006,224,76.4,93457.27,93457.27,23241,-23241,153.47,153.48,153.5333,-14.39,0.49,1.00,TREND,-1.67,stressed,-9.15,-19141,dir,96219.26,105.17,105.18,105.0773,21.16,0.87,1.00,TREND,1.67,stressed,13.48,0,mm,47.32,21.91,21.92,21.9791,-13.14,0.83,1.00,TREND,-1.70,stressed,-9.72,-4100,dir,-2809.32
252.036,224,76.4,93457.27,93457.27,23241,-23241,153.47,153.48,153.5325,-14.38,0.49,1.00,TREND,-1.62,stressed,-9.15,-19141,dir,96219.26,105.17,105.18,105.0786,21.16,0.87,1.00,TREND,1.66,stressed,13.48,0,mm,47.32,21.91,21.92,21.9783,-13.15,0.83,1.00,TREND,-1.70,stressed,-9.72,-4100,dir,-2809.32
252.062,224,76.4,93457.27,93457.27,23241,-23241,153.47,153.48,153.5319,-14.36,0.49,1.00,TREND,-1.62,stressed,-9.15,-19141,dir,96219.26,105.17,105.18,105.0798,21.16,0.87,1.00,TREND,1.66,stressed,13.48,0,mm,47.32,21.91,21.92,21.9775,-13.15,0.83,1.00,TREND,-1.70,stressed,-9.72,-4100,dir,-2809.32
252.105,224,76.4,93457.27,93457.27,23241,-23241,153.47,153.48,153.5307,-14.33,0.49,1.00,TREND,-1.62,stressed,-9.15,-19141,dir,96219.26,105.17,105.18,105.0817,21.15,0.87,1.00,TREND,1.66,stressed,13.48,0,mm,47.32,21.91,21.92,21.9762,-13.16,0.83,1.00,TREND,-1.70,stressed,-9.72,-4100,dir,-2809.32
252.201,224,76.4,93457.27,93457.27,23241,-23241,153.46,153.47,153.5278,-14.33,0.49,1.00,TREND,-1.62,stressed,-9.15,-19141,dir,96219.26,105.18,105.2,105.0865,21.22,0.87,1.00,TREND,1.66,stressed,13.48,0,mm,47.32,21.9,21.91,21.9731,-13.23,0.83,1.00,TREND,-1.70,stressed,-9.72,-4100,dir,-2809.32
252.251,224,76.4,93457.27,93457.27,23241,-23241,153.46,153.47,153.5263,-14.32,0.49,1.00,TREND,-1.62,stressed,-9.15,-19141,dir,96793.49,105.18,105.2,105.0889,21.24,0.87,1.00,TREND,1.66,stressed,13.48,0,mm,47.32,21.9,21.91,21.9715,-13.26,0.83,1.00,TREND,-1.70,stressed,-9.72,-4100,dir,-2645.32
252.276,224,76.4,93457.27,93457.27,23241,-23241,153.46,153.47,153.5256,-14.32,0.52,1.00,TREND,-1.62,stressed,-9.15,-19141,dir,96793.49,105.18,105.2,105.0901,21.25,0.80,1.00,TREND,1.66,stressed,13.48,0,mm,47.32,21.9,21.91,21.9707,-13.27,0.77,1.00,TREND,-1.70,stressed,-9.72,-4100,dir,-2645.32
252.358,224,76.4,93457.27,93457.27,23241,-23241,153.46,153.47,153.5233,-14.29,0.52,1.00,TREND,-1.62,stressed,-9.15,-19141,dir,96793.49,105.18,105.2,105.0938,21.25,0.80,1.00,TREND,1.66,stressed,13.48,0,mm,47.32,21.9,21.91,21.9683,-13.30,0.77,1.00,TREND,-1.71,stressed,-9.72,-4100,dir,-2645.32
252.474,225,75.2,94195.50,94195.50,23241,-23241,153.46,153.47,153.5202,-14.22,0.52,1.00,TREND,-1.62,stressed,-9.23,-19141,dir,96793.49,105.2,105.21,105.0997,21.35,0.80,1.00,TREND,1.66,stressed,13.26,0,mm,47.32,21.89,21.9,21.9644,-13.39,0.77,1.00,TREND,-1.71,stressed,-10.40,-4100,dir,-2645.32
252.522,225,75.2,94195.50,94195.50,23241,-23241,153.46,153.47,153.5190,-14.18,0.52,1.00,TREND,-1.62,stressed,-9.23,-19141,dir,96793.49,105.2,105.21,105.1021,21.37,0.80,1.00,TREND,1.66,stressed,13.26,0,mm,47.32,21.89,21.9,21.9628,-13.42,0.77,1.00,TREND,-1.71,stressed,-10.40,-4100,dir,-2645.32
252.570,225,75.2,94195.50,94195.50,23241,-23241,153.46,153.47,153.5178,-14.15,0.52,1.00,TREND,-1.62,stressed,-9.23,-19141,dir,96793.49,105.2,105.21,105.1044,21.39,0.80,1.00,TREND,1.66,stressed,13.26,0,mm,47.32,21.89,21.9,21.9613,-13.44,0.77,1.00,TREND,-1.71,stressed,-10.40,-4100,dir,-2645.32
252.701,225,75.2,94195.50,94195.50,23241,-23241,153.45,153.46,153.5140,-14.12,0.52,1.00,TREND,-1.62,stressed,-9.23,-19141,dir,96793.49,105.2,105.21,105.1105,21.37,0.80,1.00,TREND,1.67,stressed,13.26,0,mm,47.32,21.88,21.89,21.9567,-13.56,0.77,1.00,TREND,-1.77,stressed,-10.40,-4100,dir,-2645.32
252.757,225,75.2,94195.50,94195.50,23241,-23241,153.45,153.46,153.5125,-14.10,0.52,1.00,TREND,-1.62,stressed,-9.23,-19141,dir,96793.49,105.21,105.22,105.1132,21.40,0.80,1.00,TREND,1.67,stressed,13.26,0,mm,47.32,21.88,21.89,21.9549,-13.60,0.77,1.00,TREND,-1.77,stressed,-10.40,-4100,dir,-2645.32
252.788,225,75.2,94195.50,94195.50,23241,-23241,153.45,153.46,153.5117,-14.09,0.54,1.00,TREND,-1.62,stressed,-9.23,-19141,dir,96793.49,105.21,105.22,105.1146,21.40,0.74,1.00,TREND,1.67,stressed,13.26,0,mm,47.32,21.88,21.89,21.9538,-13.61,0.72,1.00,TREND,-1.77,stressed,-10.40,-4100,dir,-2645.32
252.915,225,75.2,94195.50,94195.50,23241,-23241,153.45,153.46,153.5084,-14.01,0.54,1.00,TREND,-1.62,stressed,-9.23,-19141,dir,96793.49,105.21,105.22,105.1205,21.39,0.74,1.00,TREND,1.67,stressed,13.26,0,mm,47.32,21.88,21.89,21.9498,-13.65,0.72,1.00,TREND,-1.77,stressed,-10.40,-4100,dir,-2645.32
253.053,225,75.4,94195.50,94195.50,23241,-23241,153.45,153.46,153.5050,-13.90,0.54,1.00,TREND,-1.58,stressed,-9.23,-19141,dir,96793.49,105.22,105.23,105.1270,21.42,0.74,1.00,TREND,1.69,stressed,13.26,0,mm,47.32,21.88,21.89,21.9458,-13.64,0.72,1.00,TREND,-1.72,stressed,-10.40,-4100,dir,-2645.32
253.246,225,75.4,94195.50,94195.50,23241,-23241,153.45,153.46,153.5007,-13.70,0.54,1.00,TREND,-1.58,stressed,-9.23,-19141,dir,96793.49,105.22,105.23,105.1355,21.35,0.74,1.00,TREND,1.69,stressed,13.26,0,mm,47.32,21.88,21.89,21.9405,-13.56,0.72,1.00,TREND,-1.72,stressed,-10.40,-4100,dir,-2645.32
253.310,225,75.4,94195.50,94195.50,23241,-23241,153.44,153.45,153.4991,-13.68,0.55,1.00,TREND,-1.59,stressed,-9.23,-19141,dir,97176.31,105.23,105.24,105.1384,21.35,0.73,1.00,TREND,1.67,stressed,13.26,0,mm,47.32,21.87,21.88,21.9386,-13.57,0.71,1.00,TREND,-1.73,stressed,-10.40,-4100,dir,-2522.32
253.474,225,75.4,94195.50,94195.50,23241,-23241,153.44,153.45,153.4950,-13.58,0.55,1.00,TREND,-1.59,stressed,-9.23,-19141,dir,97176.31,105.23,105.24,105.1456,21.29,0.73,1.00,TREND,1.67,stressed,13.26,0,mm,47.32,21.87,21.88,21.9339,-13.55,0.71,1.00,TREND,-1.73,stressed,-10.40,-4100,dir,-2522.32
253.568,226,74.3,94701.32,94701.32,23241,-23241,153.43,153.44,153.4925,-13.58,0.55,1.00,TREND,-1.59,stressed,-9.52,-19141,dir,97176.31,105.24,105.25,105.1499,21.28,0.73,1.00,TREND,1.66,stressed,13.47,0,mm,47.32,21.87,21.88,21.9313,-13.51,0.71,1.00,TREND,-1.68,stressed,-10.40,-4100,dir,-2522.32
253.718,226,74.3,94701.32,94701.32,23241,-23241,153.43,153.44,153.4885,-13.53,0.55,1.00,TREND,-1.59,stressed,-9.52,-19141,dir,97176.31,105.24,105.25,105.1564,21.22,0.73,1.00,TREND,1.66,stressed,13.47,0,mm,47.32,21.87,21.88,21.9275,-13.42,0.71,1.00,TREND,-1.68,stressed,-10.40,-4100,dir,-2522.32
253.823,226,74.3,94701.32,94701.32,23241,-23241,153.42,153.43,153.4855,-13.56,0.52,1.00,TREND,-1.59,stressed,-9.52,-19141,dir,97176.31,105.25,105.26,105.1611,21.22,0.71,1.00,TREND,1.65,stressed,13.47,0,mm,47.32,21.86,21.87,21.9245,-13.42,0.71,1.00,TREND,-1.68,stressed,-10.40,-4100,dir,-2522.32
253.844,226,74.3,94701.32,94701.32,23241,-23241,153.42,153.43,153.4849,-13.56,0.52,1.00,TREND,-1.59,stressed,-9.52,-19141,dir,97176.31,105.25,105.26,105.1620,21.21,0.71,1.00,TREND,1.65,stressed,13.47,0,mm,47.32,21.86,21.87,21.9239,-13.41,0.71,1.00,TREND,-1.68,stressed,-10.40,-4100,dir,-2522.32
254.061,226,74.3,94701.32,94701.32,23241,-23241,153.42,153.43,153.4791,-13.52,0.52,1.00,TREND,-1.59,stressed,-9.52,-19141,dir,97176.31,105.26,105.27,105.1720,21.23,0.71,1.00,TREND,1.65,stressed,13.47,0,mm,47.32,21.86,21.87,21.9182,-13.33,0.71,1.00,TREND,-1.68,stressed,-10.40,-4100,dir,-2522.32
254.327,226,74.5,94701.32,94701.32,23241,-23241,153.42,153.43,153.4728,-13.35,0.62,1.00,TREND,-1.55,stressed,-9.52,-19141,dir,97176.31,105.26,105.27,105.1829,21.04,0.78,1.00,TREND,1.64,stressed,13.47,0,mm,47.32,21.86,21.87,21.9120,-13.12,0.78,1.00,TREND,-1.64,stressed,-10.40,-4100,dir,-2522.32
254.426,226,74.5,94701.32,94701.32,23241,-23241,153.41,153.42,153.4701,-13.34,0.62,1.00,TREND,-1.55,stressed,-9.52,-19141,dir,97750.54,105.27,105.28,105.1872,21.00,0.78,1.00,TREND,1.64,stressed,13.47,0,mm,47.32,21.85,21.86,21.9093,-13.09,0.78,1.00,TREND,-1.64,stressed,-10.40,-4100,dir,-2440.32
254.491,226,74.5,94701.32,94701.32,23241,-23241,153.4,153.41,153.4681,-13.37,0.62,1.00,TREND,-1.55,stressed,-9.52,-19141,dir,97750.54,105.28,105.29,105.1901,21.01,0.78,1.00,TREND,1.64,stressed,13.47,0,mm,47.32,21.84,21.85,21.9074,-13.12,0.78,1.00,TREND,-1.64,stressed,-10.40,-4100,dir,-2440.32
254.528,226,74.5,94701.32,94701.32,23241,-23241,153.4,153.41,153.4670,-13.38,0.62,1.00,TREND,-1.55,stressed,-9.52,-19141,dir,97750.54,105.28,105.29,105.1918,21.01,0.78,1.00,TREND,1.64,stressed,13.47,0,mm,47.32,21.84,21.85,21.9063,-13.12,0.78,1.00,TREND,-1.64,stressed,-10.40,-4100,dir,-2440.32
254.557,226,74.5,94701.32,94701.32,23241,-23241,153.4,153.41,153.4662,-13.39,0.62,1.00,TREND,-1.55,stressed,-9.52,-19141,dir,97750.54,105.28,105.29,105.1930,21.00,0.78,1.00,TREND,1.64,stressed,13.47,0,mm,47.32,21.84,21.85,21.9055,-13.13,0.78,1.00,TREND,-1.64,stressed,-10.40,-4100,dir,-2440.32
254.605,226,74.5,94701.32,94701.32,23241,-23241,153.4,153.41,153.4649,-13.39,0.62,1.00,TREND,-1.60,stressed,-9.52,-19141,dir,97750.54,105.28,105.29,105.1950,20.99,0.78,1.00,TREND,1.66,stressed,13.47,0,mm,47.32,21.84,21.85,21.9042,-13.13,0.78,1.00,TREND,-1.70,stressed,-10.40,-4100,dir,-2440.32
254.709,227,73.3,95357.55,95357.55,23241,-23241,153.39,153.4,153.4615,-13.47,0.62,1.00,TREND,-1.60,stressed,-9.90,-19141,dir,97750.54,105.29,105.3,105.1998,21.01,0.78,1.00,TREND,1.66,stressed,13.69,0,mm,47.32,21.83,21.84,21.9008,-13.20,0.78,1.00,TREND,-1.70,stressed,-10.36,-4100,dir,-2440.32
254.735,227,73.3,95357.55,95357.55,23241,-23241,153.39,153.4,153.4607,-13.49,0.62,1.00,TREND,-1.60,stressed,-9.90,-19141,dir,97750.54,105.29,105.3,105.2010,21.01,0.78,1.00,TREND,1.66,stressed,13.69,0,mm,47.32,21.83,21.84,21.9000,-13.22,0.78,1.00,TREND,-1.70,stressed,-10.36,-4100,dir,-2440.32
254.758,227,73.3,95357.55,95357.55,23241,-23241,153.39,153.4,153.4600,-13.50,0.62,1.00,TREND,-1.60,stressed,-9.90,-19141,dir,97750.54,105.29,105.3,105.2020,21.00,0.78,1.00,TREND,1.66,stressed,13.69,0,mm,47.32,21.83,21.84,21.8993,-13.22,0.78,1.00,TREND,-1.70,stressed,-10.36,-4100,dir,-2440.32
254.796,227,73.3,95357.55,95357.55,23241,-23241,153.39,153.4,153.4588,-13.51,0.62,1.00,TREND,-1.60,stressed,-9.90,-19141,dir,97750.54,105.29,105.3,105.2037,21.00,0.78,1.00,TREND,1.66,stressed,13.69,0,mm,47.32,21.83,21.84,21.8982,-13.24,0.78,1.00,TREND,-1.70,stressed,-10.36,-4100,dir,-2440.32
254.828,227,73.3,95357.55,95357.55,23241,-23241,153.39,153.4,153.4579,-13.52,0.69,1.00,TREND,-1.60,stressed,-9.90,-19141,dir,97750.54,105.29,105.3,105.2050,20.98,0.76,1.00,TREND,1.66,stressed,13.69,0,mm,47.32,21.83,21.84,21.8972,-13.24,0.84,1.00,TREND,-1.70,stressed,-10.36,-4100,dir,-2440.32
254.901,227,73.3,95357.55,95357.55,23241,-23241,153.39,153.4,153.4557,-13.53,0.69,1.00,TREND,-1.61,stressed,-9.90,-19141,dir,97750.54,105.29,105.3,105.2081,20.95,0.76,1.00,TREND,1.65,stressed,13.69,0,mm,47.32,21.83,21.84,21.8951,-13.25,0.84,1.00,TREND,-1.70,stressed,-10.36,-4100,dir,-2440.32
255.004,227,73.3,95357.55,95357.55,23241,-23241,153.39,153.4,153.4529,-13.52,0.69,1.00,TREND,-1.61,stressed,-9.90,-19141,dir,97750.54,105.3,105.31,105.2126,20.95,0.76,1.00,TREND,1.65,stressed,13.69,0,mm,47.32,21.83,21.84,21.8923,-13.24,0.84,1.00,TREND,-1.70,stressed,-10.36,-4100,dir,-2440.32
255.021,227,73.3,95357.55,95357.55,23241,-23241,153.39,153.4,153.4524,-13.52,0.69,1.00,TREND,-1.61,stressed,-9.90,-19141,dir,97750.54,105.3,105.31,105.2134,20.94,0.76,1.00,TREND,1.65,stressed,13.69,0,mm,47.32,21.83,21.84,21.8918,-13.23,0.84,1.00,TREND,-1.70,stressed,-10.36,-4100,dir,-2440.32
255.065,227,73.3,95357.55,95357.55,23241,-23241,153.39,153.4,153.4512,-13.51,0.69,1.00,TREND,-1.61,stressed,-9.90,-19141,dir,97750.54,105.3,105.31,105.2153,20.93,0.76,1.00,TREND,1.65,stressed,13.69,0,mm,47.32,21.83,21.84,21.8907,-13.22,0.84,1.00,TREND,-1.70,stressed,-10.36,-4100,dir,-2440.32
255.096,227,73.3,95357.55,95357.55,23241,-23241,153.39,153.4,153.4505,-13.50,0.69,1.00,TREND,-1.61,stressed,-9.90,-19141,dir,97750.54,105.3,105.31,105.2165,20.92,0.76,1.00,TREND,1.65,stressed,13.69,0,mm,47.32,21.83,21.84,21.8899,-13.21,0.84,1.00,TREND,-1.70,stressed,-10.36,-4100,dir,-2440.32
255.136,227,73.3,95357.55,95357.55,23241,-23241,153.39,153.4,153.4496,-13.48,0.69,1.00,TREND,-1.61,stressed,-9.90,-19141,dir,97750.54,105.3,105.31,105.2179,20.90,0.76,1.00,TREND,1.65,stressed,13.69,0,mm,47.32,21.83,21.84,21.8891,-13.20,0.84,1.00,TREND,-1.70,stressed,-10.36,-4100,dir,-2440.32
255.217,227,73.5,95357.55,95357.55,23241,-23241,153.38,153.39,153.4470,-13.51,0.69,1.00,TREND,-1.61,stressed,-9.90,-19141,dir,97750.54,105.31,105.32,105.2218,20.90,0.76,1.00,TREND,1.68,stressed,13.69,0,mm,47.32,21.82,21.83,21.8864,-13.22,0.84,1.00,TREND,-1.71,stressed,-10.36,-4100,dir,-2440.32
255.285,227,73.5,95357.55,95357.55,23241,-23241,153.38,153.39,153.4450,-13.51,0.69,1.00,TREND,-1.61,stressed,-9.90,-19141,dir,98324.77,105.31,105.32,105.2248,20.89,0.76,1.00,TREND,1.68,stressed,13.69,0,mm,47.32,21.82,21.83,21.8845,-13.22,0.84,1.00,TREND,-1.71,stressed,-10.36,-4100,dir,-2317.32
255.343,227,73.5,95357.55,95357.55,23241,-23241,153.38,153.39,153.4434,-13.51,0.68,1.00,TREND,-1.61,stressed,-9.90,-19141,dir,98324.77,105.31,105.32,105.2272,20.87,0.73,1.00,TREND,1.68,stressed,13.69,0,mm,47.32,21.82,21.83,21.8829,-13.22,0.81,1.00,TREND,-1.71,stressed,-10.36,-4100,dir,-2317.32
255.374,227,73.5,95357.55,95357.55,23241,-23241,153.38,153.39,153.4425,-13.50,0.68,1.00,TREND,-1.61,stressed,-9.90,-19141,dir,98324.77,105.31,105.32,105.2285,20.85,0.73,1.00,TREND,1.68,stressed,13.69,0,mm,47.32,21.82,21.83,21.8820,-13.21,0.81,1.00,TREND,-1.71,stressed,-10.36,-4100,dir,-2317.32
255.594,227,73.5,95357.55,95357.55,23241,-23241,153.38,153.39,153.4369,-13.41,0.68,1.00,TREND,-1.57,stressed,-9.90,-19141,dir,98324.77,105.32,105.33,105.2380,20.81,0.73,1.00,TREND,1.67,stressed,13.69,0,mm,47.32,21.82,21.83,21.8765,-13.11,0.81,1.00,TREND,-1.65,stressed,-10.36,-4100,dir,-2317.32
255.611,227,73.5,95357.55,95357.55,23241,-23241,153.37,153.38,153.4364,-13.41,0.68,1.00,TREND,-1.57,stressed,-9.90,-19141,dir,98324.77,105.32,105.33,105.2386,20.80,0.73,1.00,TREND,1.67,stressed,13.69,0,mm,47.32,21.81,21.82,21.8760,-13.12,0.81,1.00,TREND,-1.65,stressed,-10.36,-4100,dir,-2317.32
255.641,227,73.5,95357.55,95357.55,23241,-23241,153.37,153.38,153.4356,-13.41,0.68,1.00,TREND,-1.57,stressed,-9.90,-19141,dir,98324.77,105.32,105.33,105.2398,20.78,0.73,1.00,TREND,1.67,stressed,13.69,0,mm,47.32,21.81,21.82,21.8751,-13.12,0.81,1.00,TREND,-1.65,stressed,-10.36,-4100,dir,-2317.32
255.752,228,72.3,96054.78,96054.78,23241,-23241,153.36,153.37,153.4320,-13.49,0.68,1.00,TREND,-1.57,stressed,-10.24,-19141,dir,98324.77,105.33,105.34,105.2447,20.77,0.73,1.00,TREND,1.67,stressed,14.36,0,mm,47.32,21.8,21.81,21.8716,-13.20,0.81,1.00,TREND,-1.65,stressed,-10.36,-4100,dir,-2317.32
255.793,228,72.3,96054.78,96054.78,23241,-23241,153.36,153.37,153.4307,-13.51,0.68,1.00,TREND,-1.57,stressed,-10.24,-19141,dir,98324.77,105.33,105.34,105.2464,20.76,0.73,1.00,TREND,1.67,stressed,14.36,0,mm,47.32,21.8,21.81,21.8703,-13.22,0.81,1.00,TREND,-1.65,stressed,-10.36,-4100,dir,-2317.32
255.811,228,72.3,96054.78,96054.78,23241,-23241,153.36,153.37,153.4301,-13.52,0.68,1.00,TREND,-1.57,stressed,-10.24,-19141,dir,98324.77,105.33,105.34,105.2472,20.75,0.73,1.00,TREND,1.67,stressed,14.36,0,mm,47.32,21.8,21.81,21.8697,-13.23,0.81,1.00,TREND,-1.65,stressed,-10.36,-4100,dir,-2317.32
255.839,228,72.3,96054.78,96054.78,23241,-23241,153.36,153.37,153.4293,-13.53,0.68,1.00,TREND,-1.57,stressed,-10.24,-19141,dir,98324.77,105.33,105.34,105.2483,20.74,0.73,1.00,TREND,1.67,stressed,14.36,0,mm,47.32,21.8,21.81,21.8689,-13.24,0.81,1.00,TREND,-1.65,stressed,-10.36,-4100,dir,-2317.32
255.864,228,72.3,96054.78,96054.78,23241,-23241,153.36,153.37,153.4285,-13.54,0.65,1.00,TREND,-1.62,stressed,-10.24,-19141,dir,98324.77,105.33,105.34,105.2493,20.72,0.69,1.00,TREND,1.66,stressed,14.36,0,mm,47.32,21.8,21.81,21.8681,-13.25,0.77,1.00,TREND,-1.71,stressed,-10.36,-4100,dir,-2317.32
255.883,228,72.3,96054.78,96054.78,23241,-23241,153.36,153.37,153.4279,-13.54,0.65,1.00,TREND,-1.62,stressed,-10.24,-19141,dir,98324.77,105.33,105.34,105.2501,20.71,0.69,1.00,TREND,1.66,stressed,14.36,0,mm,47.32,21.8,21.81,21.8676,-13.25,0.77,1.00,TREND,-1.71,stressed,-10.36,-4100,dir,-2317.32
255.958,228,72.3,96054.78,96054.78,23241,-23241,153.36,153.37,153.4258,-13.55,0.65,1.00,TREND,-1.62,stressed,-10.24,-19141,dir,98324.77,105.34,105.36,105.2536,20.74,0.69,1.00,TREND,1.66,stressed,14.36,0,mm,47.32,21.8,21.81,21.8654,-13.26,0.77,1.00,TREND,-1.71,stressed,-10.36,-4100,dir,-2317.32
255.990,228,72.3,96054.78,96054.78,23241,-23241,153.36,153.37,153.4249,-13.54,0.65,1.00,TREND,-1.62,stressed,-10.24,-19141,dir,98324.77,105.34,105.36,105.2550,20.75,0.69,1.00,TREND,1.66,stressed,14.36,0,mm,47.32,21.8,21.81,21.8645,-13.26,0.77,1.00,TREND,-1.71,stressed,-10.36,-4100,dir,-2317.32
256.030,228,72.3,96054.78,96054.78,23241,-23241,153.36,153.37,153.4237,-13.54,0.65,1.00,TREND,-1.62,stressed,-10.24,-19141,dir,98324.77,105.34,105.36,105.2568,20.75,0.69,1.00,TREND,1.66,stressed,14.36,0,mm,47.32,21.8,21.81,21.8634,-13.25,0.77,1.00,TREND,-1.71,stressed,-10.36,-4100,dir,-2317.32
256.188,228,72.3,96054.78,96054.78,23241,-23241,153.36,153.37,153.4195,-13.49,0.65,1.00,TREND,-1.58,stressed,-10.24,-19141,dir,98324.77,105.34,105.36,105.2634,20.71,0.69,1.00,TREND,1.66,stressed,14.36,0,mm,47.32,21.8,21.81,21.8592,-13.20,0.77,1.00,TREND,-1.66,stressed,-10.36,-4100,dir,-2317.32
256.392,229,71.2,96752.01,96752.01,23241,-23241,153.35,153.36,153.4136,-13.50,0.64,1.00,TREND,-1.58,stressed,-9.66,-19141,dir,98899.00,105.36,105.37,105.2728,20.76,0.68,1.00,TREND,1.66,stressed,13.69,0,mm,47.32,21.79,21.8,21.8533,-13.22,0.75,1.00,TREND,-1.66,stressed,-9.74,-4100,dir,-2194.32
256.427,229,71.2,96752.01,96752.01,23241,-23241,153.35,153.36,153.4127,-13.49,0.64,1.00,TREND,-1.58,stressed,-9.66,-19141,dir,98899.00,105.36,105.37,105.2743,20.76,0.68,1.00,TREND,1.66,stressed,13.69,0,mm,47.32,21.79,21.8,21.8524,-13.22,0.75,1.00,TREND,-1.66,stressed,-9.74,-4100,dir,-2194.32
256.487,229,71.2,96752.01,96752.01,23241,-23241,153.34,153.35,153.4108,-13.52,0.64,1.00,TREND,-1.64,stressed,-9.66,-19141,dir,98899.00,105.37,105.38,105.2770,20.78,0.68,1.00,TREND,1.71,stressed,13.69,0,mm,47.32,21.79,21.8,21.8508,-13.20,0.75,1.00,TREND,-1.67,stressed,-9.74,-4100,dir,-2194.32
256.525,229,71.2,96752.01,96752.01,23241,-23241,153.34,153.35,153.4096,-13.53,0.64,1.00,TREND,-1.64,stressed,-9.66,-19141,dir,98899.00,105.37,105.38,105.2788,20.79,0.68,1.00,TREND,1.71,stressed,13.69,0,mm,47.32,21.79,21.8,21.8498,-13.18,0.75,1.00,TREND,-1.67,stressed,-9.74,-4100,dir,-2194.32
256.567,229,71.2,96752.01,96752.01,23241,-23241,153.34,153.35,153.4084,-13.54,0.64,1.00,TREND,-1.64,stressed,-9.66,-19141,dir,98899.00,105.37,105.38,105.2806,20.80,0.68,1.00,TREND,1.71,stressed,13.69,0,mm,47.32,21.79,21.8,21.8487,-13.17,0.75,1.00,TREND,-1.67,stressed,-9.74,-4100,dir,-2194.32
256.599,229,71.2,96752.01,96752.01,23241,-23241,153.34,153.35,153.4074,-13.55,0.64,1.00,TREND,-1.64,stressed,-9.66,-19141,dir,98899.00,105.37,105.38,105.2821,20.80,0.68,1.00,TREND,1.71,stressed,13.69,0,mm,47.32,21.79,21.8,21.8479,-13.15,0.75,1.00,TREND,-1.67,stressed,-9.74,-4100,dir,-2194.32
256.652,229,71.2,96752.01,96752.01,23241,-23241,153.34,153.35,153.4059,-13.55,0.64,1.00,TREND,-1.64,stressed,-9.66,-19141,dir,98899.00,105.37,105.38,105.2844,20.79,0.68,1.00,TREND,1.71,stressed,13.69,0,mm,47.32,21.79,21.8,21.8466,-13.12,0.75,1.00,TREND,-1.67,stressed,-9.74,-4100,dir,-2194.32
256.686,229,71.2,96752.01,96752.01,23241,-23241,153.34,153.35,153.4049,-13.55,0.64,1.00,TREND,-1.64,stressed,-9.66,-19141,dir,98899.00,105.37,105.38,105.2858,20.77,0.68,1.00,TREND,1.71,stressed,13.69,0,mm,47.32,21.79,21.8,21.8458,-13.10,0.75,1.00,TREND,-1.67,stressed,-9.74,-4100,dir,-2194.32
256.791,229,71.2,96752.01,96752.01,23241,-23241,153.33,153.34,153.4016,-13.61,0.64,1.00,TREND,-1.64,stressed,-9.66,-19141,dir,98899.00,105.38,105.39,105.2906,20.80,0.68,1.00,TREND,1.69,stressed,13.69,0,mm,47.32,21.78,21.79,21.8429,-13.10,0.75,1.00,TREND,-1.68,stressed,-9.74,-4100,dir,-2194.32
256.819,229,71.3,96752.01,96752.01,23241,-23241,153.33,153.34,153.4006,-13.62,0.64,1.00,TREND,-1.64,stressed,-9.66,-19141,dir,98899.00,105.38,105.39,105.2919,20.80,0.68,1.00,TREND,1.69,stressed,13.69,0,mm,47.32,21.78,21.79,21.8421,-13.09,0.75,1.00,TREND,-1.68,stressed,-9.74,-4100,dir,-2194.32
256.855,229,71.3,96752.01,96752.01,23241,-23241,153.33,153.34,153.3995,-13.63,0.64,1.00,TREND,-1.64,stressed,-9.66,-19141,dir,98899.00,105.38,105.39,105.2934,20.79,0.68,1.00,TREND,1.69,stressed,13.69,0,mm,47.32,21.78,21.79,21.8411,-13.09,0.75,1.00,TREND,-1.68,stressed,-9.74,-4100,dir,-2194.32
256.902,229,71.3,96752.01,96752.01,23241,-23241,153.33,153.34,153.3981,-13.63,0.62,1.00,TREND,-1.64,stressed,-9.66,-19141,dir,98899.00,105.38,105.39,105.2954,20.78,0.65,1.00,TREND,1.69,stressed,13.69,0,mm,47.32,21.78,21.79,21.8399,-13.07,0.72,1.00,TREND,-1.68,stressed,-9.74,-4100,dir,-2194.32
256.921,229,71.3,96752.01,96752.01,23241,-23241,153.33,153.34,153.3976,-13.64,0.62,1.00,TREND,-1.64,stressed,-9.66,-19141,dir,98899.00,105.38,105.39,105.2962,20.77,0.65,1.00,TREND,1.69,stressed,13.69,0,mm,47.32,21.78,21.79,21.8394,-13.07,0.72,1.00,TREND,-1.68,stressed,-9.74,-4100,dir,-2194.32
256.944,229,71.3,96752.01,96752.01,23241,-23241,153.33,153.34,153.3969,-13.64,0.62,1.00,TREND,-1.64,stressed,-9.66,-19141,dir,98899.00,105.38,105.39,105.2972,20.76,0.65,1.00,TREND,1.69,stressed,13.69,0,mm,47.32,21.78,21.79,21.8388,-13.06,0.72,1.00,TREND,-1.68,stressed,-9.74,-4100,dir,-2194.32
257.060,229,71.3,96752.01,96752.01,23241,-23241,153.33,153.34,153.3937,-13.62,0.62,1.00,TREND,-1.60,stressed,-9.66,-19141,dir,98899.00,105.39,105.4,105.3022,20.77,0.65,1.00,TREND,1.68,stressed,13.69,0,mm,47.32,21.77,21.78,21.8356,-13.09,0.72,1.00,TREND,-1.68,stressed,-9.74,-4100,dir,-2194.32
257.105,229,71.3,96752.01,96752.01,23241,-23241,153.33,153.34,153.3924,-13.61,0.62,1.00,TREND,-1.60,stressed,-9.66,-19141,dir,98899.00,105.39,105.4,105.3043,20.76,0.65,1.00,TREND,1.68,stressed,13.69,0,mm,47.32,21.77,21.78,21.8342,-13.09,0.72,1.00,TREND,-1.68,stressed,-9.74,-4100,dir,-2194.32
257.142,229,71.3,96752.01,96752.01,23241,-23241,153.33,153.34,153.3914,-13.59,0.62,1.00,TREND,-1.60,stressed,-9.66,-19141,dir,98899.00,105.39,105.4,105.3058,20.75,0.65,1.00,TREND,1.68,stressed,13.69,0,mm,47.32,21.77,21.78,21.8332,-13.09,0.72,1.00,TREND,-1.68,stressed,-9.74,-4100,dir,-2194.32
257.181,229,71.3,96752.01,96752.01,23241,-23241,153.33,153.34,153.3904,-13.57,0.62,1.00,TREND,-1.60,stressed,-9.66,-19141,dir,98899.00,105.39,105.4,105.3075,20.73,0.65,1.00,TREND,1.68,stressed,13.69,0,mm,47.32,21.77,21.78,21.8321,-13.09,0.72,1.00,TREND,-1.68,stressed,-9.74,-4100,dir,-2194.32
257.286,229,71.3,96752.01,96752.01,23241,-23241,153.32,153.33,153.3872,-13.59,0.62,1.00,TREND,-1.60,stressed,-9.66,-19141,dir,99473.23,105.4,105.41,105.3122,20.75,0.65,1.00,TREND,1.68,stressed,13.69,0,mm,47.32,21.77,21.78,21.8293,-13.06,0.72,1.00,TREND,-1.68,stressed,-9.74,-4100,dir,-2112.32
257.306,229,71.3,96752.01,96752.01,23241,-23241,153.32,153.33,153.3866,-13.59,0.62,1.00,TREND,-1.61,stressed,-9.66,-19141,dir,99473.23,105.4,105.41,105.3131,20.74,0.65,1.00,TREND,1.67,stressed,13.69,0,mm,47.32,21.76,21.77,21.8287,-13.07,0.72,1.00,TREND,-1.69,stressed,-9.74,-4100,dir,-2112.32
257.344,230,70.2,97408.24,97408.24,23241,-23241,153.32,153.33,153.3855,-13.59,0.62,1.00,TREND,-1.61,stressed,-10.28,-19141,dir,99473.23,105.4,105.41,105.3147,20.73,0.65,1.00,TREND,1.67,stressed,14.34,0,mm,47.32,21.76,21.77,21.8276,-13.08,0.72,1.00,TREND,-1.69,stressed,-9.74,-4100,dir,-2112.32
257.414,230,70.2,97408.24,97408.24,23241,-23241,153.32,153.33,153.3836,-13.58,0.61,1.00,TREND,-1.61,stressed,-10.28,-19141,dir,99473.23,105.4,105.41,105.3176,20.71,0.62,1.00,TREND,1.67,stressed,14.34,0,mm,47.32,21.76,21.77,21.8256,-13.09,0.70,1.00,TREND,-1.69,stressed,-9.74,-4100,dir,-2112.32
257.492,230,70.2,97408.24,97408.24,23241,-23241,153.32,153.33,153.3815,-13.55,0.61,1.00,TREND,-1.61,stressed,-10.28,-19141,dir,99473.23,105.4,105.41,105.3207,20.66,0.62,1.00,TREND,1.67,stressed,14.34,0,mm,47.32,21.76,21.77,21.8234,-13.09,0.70,1.00,TREND,-1.69,stressed,-9.74,-4100,dir,-2112.32
257.617,230,70.2,97408.24,97408.24,23241,-23241,153.31,153.32,153.3777,-13.59,0.61,1.00,TREND,-1.63,stressed,-10.28,-19141,dir,99473.23,105.41,105.42,105.3261,20.64,0.62,1.00,TREND,1.66,stressed,14.34,0,mm,47.32,21.75,21.76,21.8195,-13.17,0.70,1.00,TREND,-1.69,stressed,-9.74,-4100,dir,-2112.32
257.667,230,70.2,97408.24,97408.24,23241,-23241,153.31,153.32,153.3762,-13.59,0.61,1.00,TREND,-1.63,stressed,-10.28,-19141,dir,99473.23,105.41,105.42,105.3282,20.62,0.62,1.00,TREND,1.66,stressed,14.34,0,mm,47.32,21.75,21.76,21.8180,-13.18,0.70,1.00,TREND,-1.69,stressed,-9.74,-4100,dir,-2112.32
257.730,230,70.2,97408.24,97408.24,23241,-23241,153.31,153.32,153.3744,-13.58,0.61,1.00,TREND,-1.63,stressed,-10.28,-19141,dir,99473.23,105.41,105.42,105.3308,20.58,0.62,1.00,TREND,1.66,stressed,14.34,0,mm,47.32,21.75,21.76,21.8161,-13.19,0.70,1.00,TREND,-1.69,stressed,-9.74,-4100,dir,-2112.32
258.015,230,70.2,97408.24,97408.24,23241,-23241,153.31,153.32,153.3670,-13.45,0.60,1.00,TREND,-1.59,stressed,-10.28,-19141,dir,99473.23,105.42,105.44,105.3432,20.58,0.57,1.00,TREND,1.66,stressed,14.34,0,mm,47.32,21.74,21.75,21.8073,-13.33,0.67,1.00,TREND,-1.70,stressed,-9.74,-4100,dir,-2112.32
258.137,230,70.4,97408.24,97408.24,23241,-23241,153.3,153.31,153.3635,-13.45,0.60,1.00,TREND,-1.59,stressed,-10.28,-19141,dir,99473.23,105.44,105.46,105.3492,20.69,0.57,1.00,TREND,1.66,stressed,14.34,0,mm,47.32,21.73,21.74,21.8032,-13.41,0.67,1.00,TREND,-1.70,stressed,-9.74,-4100,dir,-2112.32
258.424,230,70.4,97408.24,97408.24,23241,-23241,153.3,153.31,153.3565,-13.33,0.60,1.00,TREND,-1.60,stressed,-10.28,-19141,dir,99473.23,105.44,105.46,105.3612,20.71,0.57,1.00,TREND,1.69,stressed,14.34,0,mm,47.32,21.72,21.73,21.7938,-13.65,0.67,1.00,TREND,-1.76,stressed,-9.74,-4100,dir,-2112.32
258.492,230,70.4,97408.24,97408.24,23241,-23241,153.3,153.31,153.3545,-13.27,0.60,1.00,TREND,-1.60,stressed,-10.28,-19141,dir,99856.05,105.46,105.47,105.3652,20.76,0.57,1.00,TREND,1.69,stressed,14.34,0,mm,47.32,21.72,21.73,21.7912,-13.67,0.67,1.00,TREND,-1.76,stressed,-9.74,-4100,dir,-1948.32
258.730,230,70.4,97408.24,97408.24,23241,-23241,153.29,153.3,153.3483,-13.22,0.59,1.00,TREND,-1.61,stressed,-10.28,-19141,dir,99856.05,105.47,105.49,105.3773,21.01,0.75,1.00,TREND,1.75,stressed,14.34,0,mm,47.32,21.71,21.72,21.7832,-13.82,0.73,1.00,TREND,-1.76,stressed,-9.74,-4100,dir,-1948.32
258.837,231,69.3,97955.06,97955.06,23241,-23241,153.29,153.3,153.3456,-13.16,0.59,1.00,TREND,-1.61,stressed,-10.60,-19141,dir,99856.05,105.49,105.5,105.3831,21.17,0.75,1.00,TREND,1.75,stressed,12.08,0,mm,47.32,21.7,21.71,21.7793,-13.92,0.73,1.00,TREND,-1.76,stressed,-8.99,-4100,dir,-1948.32
258.856,231,69.3,97955.06,97955.06,23241,-23241,153.29,153.3,153.3452,-13.14,0.59,1.00,TREND,-1.61,stressed,-10.60,-19141,dir,99856.05,105.49,105.5,105.3842,21.19,0.75,1.00,TREND,1.75,stressed,12.08,0,mm,47.32,21.7,21.71,21.7786,-13.93,0.73,1.00,TREND,-1.76,stressed,-8.99,-4100,dir,-1948.32
258.901,231,69.3,97955.06,97955.06,23241,-23241,153.29,153.3,153.3441,-13.11,0.59,1.00,TREND,-1.61,stressed,-10.60,-19141,dir,99856.05,105.49,105.5,105.3864,21.23,0.75,1.00,TREND,1.75,stressed,12.08,0,mm,47.32,21.7,21.71,21.7771,-13.96,0.73,1.00,TREND,-1.76,stressed,-8.99,-4100,dir,-1948.32
258.944,231,69.3,97955.06,97955.06,23241,-23241,153.29,153.3,153.3432,-13.08,0.59,1.00,TREND,-1.61,stressed,-10.60,-19141,dir,99856.05,105.49,105.5,105.3886,21.27,0.75,1.00,TREND,1.75,stressed,12.08,0,mm,47.32,21.7,21.71,21.7757,-13.98,0.73,1.00,TREND,-1.76,stressed,-8.99,-4100,dir,-1948.32
259.227,231,69.3,97955.06,97955.06,23241,-23241,153.28,153.29,153.3359,-13.00,0.59,1.00,TREND,-1.62,stressed,-10.60,-19141,dir,99856.05,105.5,105.51,105.4032,21.49,0.75,1.00,TREND,1.78,stressed,12.08,0,mm,47.32,21.69,21.7,21.7656,-14.18,0.73,1.00,TREND,-1.81,stressed,-8.99,-4100,dir,-1948.32
259.287,231,69.3,97955.06,97955.06,23241,-23241,153.28,153.29,153.3345,-12.97,0.58,1.00,TREND,-1.62,stressed,-10.60,-19141,dir,100238.87,105.51,105.52,105.4063,21.54,0.75,1.00,TREND,1.78,stressed,12.08,0,mm,47.32,21.69,21.7,21.7636,-14.19,0.68,1.00,TREND,-1.81,stressed,-8.99,-4100,dir,-1784.32
259.339,232,68.2,98501.88,98501.88,23241,-23241,153.28,153.29,153.3333,-12.93,0.58,1.00,TREND,-1.62,stressed,-9.95,-19141,dir,100238.87,105.51,105.52,105.4088,21.56,0.75,1.00,TREND,1.78,stressed,11.76,0,mm,47.32,21.69,21.7,21.7620,-14.19,0.68,1.00,TREND,-1.81,stressed,-8.99,-4100,dir,-1784.32
259.373,232,68.2,98501.88,98501.88,23241,-23241,153.28,153.29,153.3325,-12.91,0.58,1.00,TREND,-1.62,stressed,-9.95,-19141,dir,100238.87,105.51,105.52,105.4106,21.58,0.75,1.00,TREND,1.78,stressed,11.76,0,mm,47.32,21.69,21.7,21.7609,-14.19,0.68,1.00,TREND,-1.81,stressed,-8.99,-4100,dir,-1784.32
259.458,232,68.2,98501.88,98501.88,23241,-23241,153.28,153.29,153.3307,-12.84,0.58,1.00,TREND,-1.62,stressed,-9.95,-19141,dir,100238.87,105.51,105.52,105.4146,21.59,0.75,1.00,TREND,1.78,stressed,11.76,0,mm,47.32,21.69,21.7,21.7583,-14.17,0.68,1.00,TREND,-1.81,stressed,-8.99,-4100,dir,-1784.32
259.499,232,68.2,98501.88,98501.88,23241,-23241,153.28,153.29,153.3298,-12.80,0.58,1.00,TREND,-1.58,stressed,-9.95,-19141,dir,100238.87,105.51,105.52,105.4166,21.58,0.75,1.00,TREND,1.76,stressed,11.76,0,mm,47.32,21.69,21.7,21.7571,-14.15,0.68,1.00,TREND,-1.76,stressed,-8.99,-4100,dir,-1784.32
259.716,232,68.2,98501.88,98501.88,23241,-23241,153.28,153.29,153.3254,-12.58,0.58,1.00,TREND,-1.58,stressed,-9.95,-19141,dir,100238.87,105.51,105.52,105.4262,21.46,0.75,1.00,TREND,1.76,stressed,11.76,0,mm,47.32,21.69,21.7,21.7511,-14.02,0.68,1.00,TREND,-1.76,stressed,-8.99,-4100,dir,-1784.32
259.779,232,68.2,98501.88,98501.88,23241,-23241,153.27,153.28,153.3240,-12.55,0.58,1.00,TREND,-1.59,stressed,-9.95,-19141,dir,100238.87,105.52,105.54,105.4292,21.48,0.75,1.00,TREND,1.76,stressed,11.76,0,mm,47.32,21.68,21.69,21.7492,-14.02,0.68,1.00,TREND,-1.76,stressed,-8.99,-4100,dir,-1784.32
259.942,232,68.2,98501.88,98501.88,23241,-23241,153.26,153.27,153.3196,-12.58,0.56,1.00,TREND,-1.59,stressed,-9.95,-19141,dir,100238.87,105.54,105.55,105.4378,21.63,0.70,1.00,TREND,1.76,stressed,11.76,0,mm,47.32,21.68,21.69,21.7444,-13.97,0.68,1.00,TREND,-1.76,stressed,-8.99,-4100,dir,-1784.32
259.993,232,68.4,98501.88,98501.88,23241,-23241,153.26,153.27,153.3183,-12.58,0.56,1.00,TREND,-1.59,stressed,-9.95,-19141,dir,100238.87,105.54,105.55,105.4403,21.65,0.70,1.00,TREND,1.76,stressed,11.76,0,mm,47.32,21.68,21.69,21.7430,-13.95,0.68,1.00,TREND,-1.76,stressed,-8.99,-4100,dir,-1784.32
260.029,232,68.4,98501.88,98501.88,23241,-23241,153.26,153.27,153.3174,-12.57,0.56,1.00,TREND,-1.60,stressed,-9.95,-19141,dir,100238.87,105.54,105.55,105.4420,21.66,0.70,1.00,TREND,1.76,stressed,11.76,0,mm,47.32,21.68,21.69,21.7420,-13.93,0.68,1.00,TREND,-1.71,stressed,-8.99,-4100,dir,-1784.32
260.164,232,68.4,98501.88,98501.88,23241,-23241,153.25,153.26,153.3136,-12.64,0.56,1.00,TREND,-1.60,stressed,-9.95,-19141,dir,100238.87,105.55,105.56,105.4490,21.75,0.70,1.00,TREND,1.76,stressed,11.76,0,mm,47.32,21.67,21.68,21.7379,-13.93,0.68,1.00,TREND,-1.71,stressed,-8.99,-4100,dir,-1784.32
260.227,232,68.4,98501.88,98501.88,23241,-23241,153.25,153.26,153.3119,-12.65,0.56,1.00,TREND,-1.60,stressed,-9.95,-19141,dir,100238.87,105.55,105.56,105.4521,21.77,0.70,1.00,TREND,1.76,stressed,11.76,0,mm,47.32,21.67,21.68,21.7361,-13.92,0.68,1.00,TREND,-1.71,stressed,-8.99,-4100,dir,-1784.32
260.366,232,68.4,98501.88,98501.88,23241,-23241,153.25,153.26,153.3083,-12.64,0.56,1.00,TREND,-1.61,stressed,-9.95,-19141,dir,100813.10,105.55,105.56,105.4586,21.75,0.70,1.00,TREND,1.74,stressed,11.76,0,mm,47.32,21.67,21.68,21.7322,-13.86,0.68,1.00,TREND,-1.71,stressed,-8.99,-4100,dir,-1702.32
260.386,232,68.4,98501.88,98501.88,23241,-23241,153.25,153.26,153.3077,-12.64,0.56,1.00,TREND,-1.61,stressed,-9.95,-19141,dir,100813.10,105.56,105.57,105.4596,21.76,0.70,1.00,TREND,1.74,stressed,11.76,0,mm,47.32,21.66,21.67,21.7316,-13.87,0.68,1.00,TREND,-1.71,stressed,-8.99,-4100,dir,-1702.32
260.426,232,68.4,98501.88,98501.88,23241,-23241,153.25,153.26,153.3068,-12.63,0.56,1.00,TREND,-1.61,stressed,-9.95,-19141,dir,100813.10,105.56,105.57,105.4616,21.77,0.70,1.00,TREND,1.74,stressed,11.76,0,mm,47.32,21.66,21.67,21.7303,-13.88,0.68,1.00,TREND,-1.71,stressed,-8.99,-4100,dir,-1702.32
260.471,232,68.4,98501.88,98501.88,23241,-23241,153.25,153.26,153.3057,-12.61,0.56,1.00,TREND,-1.61,stressed,-9.95,-19141,dir,100813.10,105.56,105.57,105.4637,21.77,0.70,1.00,TREND,1.74,stressed,11.76,0,mm,47.32,21.66,21.67,21.7289,-13.88,0.64,1.00,TREND,-1.71,stressed,-8.99,-4100,dir,-1702.32
260.509,233,67.2,99158.11,99158.11,23241,-23241,153.25,153.26,153.3048,-12.59,0.56,1.00,TREND,-1.61,stressed,-9.92,-19141,dir,100813.10,105.56,105.57,105.4655,21.77,0.70,1.00,TREND,1.74,stressed,11.77,0,mm,47.32,21.66,21.67,21.7278,-13.88,0.64,1.00,TREND,-1.71,stressed,-8.96,-4100,dir,-1702.32
260.655,233,67.2,99158.11,99158.11,23241,-23241,153.24,153.25,153.3008,-12.62,0.56,1.00,TREND,-1.63,stressed,-9.92,-19141,dir,100813.10,105.56,105.57,105.4721,21.71,0.70,1.00,TREND,1.73,stressed,11.77,0,mm,47.32,21.66,21.67,21.7236,-13.84,0.64,1.00,TREND,-1.72,stressed,-8.96,-4100,dir,-1702.32
260.680,233,67.2,99158.11,99158.11,23241,-23241,153.24,153.25,153.3002,-12.62,0.56,1.00,TREND,-1.63,stressed,-9.92,-19141,dir,100813.10,105.57,105.58,105.4733,21.71,0.70,1.00,TREND,1.73,stressed,11.77,0,mm,47.32,21.65,21.66,21.7228,-13.85,0.64,1.00,TREND,-1.72,stressed,-8.96,-4100,dir,-1702.32
260.694,233,67.2,99158.11,99158.11,23241,-23241,153.24,153.25,153.2998,-12.62,0.56,1.00,TREND,-1.63,stressed,-9.92,-19141,dir,100813.10,105.57,105.58,105.4740,21.72,0.70,1.00,TREND,1.73,stressed,11.77,0,mm,47.32,21.65,21.66,21.7224,-13.86,0.64,1.00,TREND,-1.72,stressed,-8.96,-4100,dir,-1702.32
260.718,233,67.2,99158.11,99158.11,23241,-23241,153.24,153.25,153.2992,-12.62,0.56,1.00,TREND,-1.63,stressed,-9.92,-19141,dir,100813.10,105.57,105.58,105.4752,21.72,0.70,1.00,TREND,1.73,stressed,11.77,0,mm,47.32,21.65,21.66,21.7216,-13.86,0.64,1.00,TREND,-1.72,stressed,-8.96,-4100,dir,-1702.32
260.765,233,67.2,99158.11,99158.11,23241,-23241,153.24,153.25,153.2980,-12.61,0.56,1.00,TREND,-1.63,stressed,-9.92,-19141,dir,100813.10,105.57,105.58,105.4773,21.71,0.70,1.00,TREND,1.73,stressed,11.77,0,mm,47.32,21.65,21.66,21.7202,-13.87,0.64,1.00,TREND,-1.72,stressed,-8.96,-4100,dir,-1702.32
260.973,233,67.2,99158.11,99158.11,23241,-23241,153.24,153.25,153.2930,-12.52,0.54,1.00,TREND,-1.58,stressed,-9.92,-19141,dir,100813.10,105.57,105.58,105.4864,21.59,0.78,1.00,TREND,1.71,stressed,11.77,0,mm,47.32,21.65,21.66,21.7141,-13.84,0.64,1.00,TREND,-1.72,stressed,-8.96,-4100,dir,-1702.32
261.026,233,67.4,99158.11,99158.11,23241,-23241,153.23,153.24,153.2916,-12.53,0.54,1.00,TREND,-1.58,stressed,-9.92,-19141,dir,100813.10,105.58,105.6,105.4889,21.60,0.78,1.00,TREND,1.71,stressed,11.77,0,mm,47.32,21.64,21.65,21.7124,-13.86,0.64,1.00,TREND,-1.72,stressed,-8.96,-4100,dir,-1702.32
261.107,233,67.4,99158.11,99158.11,23241,-23241,153.23,153.24,153.2895,-12.54,0.54,1.00,TREND,-1.58,stressed,-9.92,-19141,dir,100813.10,105.58,105.6,105.4927,21.60,0.78,1.00,TREND,1.71,stressed,11.77,0,mm,47.32,21.64,21.65,21.7099,-13.88,0.64,1.00,TREND,-1.72,stressed,-8.96,-4100,dir,-1702.32
261.178,233,67.4,99158.11,99158.11,23241,-23241,153.22,153.23,153.2874,-12.58,0.54,1.00,TREND,-1.58,stressed,-9.92,-19141,dir,100813.10,105.6,105.61,105.4964,21.66,0.78,1.00,TREND,1.71,stressed,11.77,0,mm,47.32,21.63,21.64,21.7074,-13.94,0.64,1.00,TREND,-1.72,stressed,-8.96,-4100,dir,-1702.32
261.225,233,67.4,99158.11,99158.11,23241,-23241,153.22,153.23,153.2861,-12.60,0.54,1.00,TREND,-1.65,stressed,-9.92,-19141,dir,100813.10,105.6,105.61,105.4987,21.69,0.78,1.00,TREND,1.76,stressed,11.77,0,mm,47.32,21.63,21.64,21.7059,-13.96,0.64,1.00,TREND,-1.78,stressed,-8.96,-4100,dir,-1702.32
261.289,233,67.4,99158.11,99158.11,23241,-23241,153.22,153.23,153.2842,-12.63,0.54,1.00,TREND,-1.65,stressed,-9.92,-19141,dir,101387.33,105.6,105.63,105.5022,21.77,0.78,1.00,TREND,1.76,stressed,11.77,0,mm,47.32,21.63,21.64,21.7038,-13.99,0.64,1.00,TREND,-1.78,stressed,-8.96,-4100,dir,-1538.32
261.364,233,67.4,99158.11,99158.11,23241,-23241,153.22,153.23,153.2822,-12.64,0.54,1.00,TREND,-1.65,stressed,-9.92,-19141,dir,101387.33,105.63,105.64,105.5068,21.95,0.78,1.00,TREND,1.76,stressed,11.77,0,mm,47.32,21.62,21.63,21.7010,-14.07,0.64,1.00,TREND,-1.78,stressed,-8.96,-4100,dir,-1538.32
261.452,233,67.4,99158.11,99158.11,23241,-23241,153.22,153.23,153.2799,-12.63,0.54,1.00,TREND,-1.65,stressed,-9.92,-19141,dir,101387.33,105.63,105.64,105.5120,22.11,0.78,1.00,TREND,1.76,stressed,11.77,0,mm,47.32,21.62,21.63,21.6980,-14.14,0.64,1.00,TREND,-1.78,stressed,-8.96,-4100,dir,-1538.32
261.496,233,67.4,99158.11,99158.11,23241,-23241,153.22,153.23,153.2787,-12.63,0.54,1.00,TREND,-1.61,stressed,-9.92,-19141,dir,101387.33,105.63,105.64,105.5145,22.18,1.02,1.00,TREND,1.81,stressed,11.77,0,mm,47.32,21.62,21.63,21.6965,-14.16,0.70,1.00,TREND,-1.78,stressed,-8.96,-4100,dir,-1538.32
261.541,234,66.2,99896.34,99896.34,23241,-23241,153.22,153.23,153.2776,-12.62,0.54,1.00,TREND,-1.61,stressed,-10.02,-19141,dir,101387.33,105.63,105.64,105.5170,22.23,1.02,1.00,TREND,1.81,stressed,12.57,0,mm,47.32,21.62,21.63,21.6950,-14.18,0.70,1.00,TREND,-1.78,stressed,-9.25,-4100,dir,-1538.32
261.562,234,66.2,99896.34,99896.34,23241,-23241,153.22,153.23,153.2771,-12.61,0.54,1.00,TREND,-1.61,stressed,-10.02,-19141,dir,101387.33,105.63,105.64,105.5182,22.26,1.02,1.00,TREND,1.81,stressed,12.57,0,mm,47.32,21.62,21.63,21.6943,-14.18,0.70,1.00,TREND,-1.78,stressed,-9.25,-4100,dir,-1538.32
261.718,234,66.2,99896.34,99896.34,23241,-23241,153.21,153.22,153.2727,-12.65,0.54,1.00,TREND,-1.61,stressed,-10.02,-19141,dir,101387.33,105.64,105.65,105.5272,22.47,1.02,1.00,TREND,1.81,stressed,12.57,0,mm,47.32,21.61,21.62,21.6887,-14.31,0.70,1.00,TREND,-1.78,stressed,-9.25,-4100,dir,-1538.32
261.792,234,66.2,99896.34,99896.34,23241,-23241,153.21,153.22,153.2708,-12.65,0.54,1.00,TREND,-1.63,stressed,-10.02,-19141,dir,101387.33,105.64,105.65,105.5312,22.53,1.02,1.00,TREND,1.79,stressed,12.57,0,mm,47.32,21.61,21.62,21.6862,-14.34,0.70,1.00,TREND,-1.78,stressed,-9.25,-4100,dir,-1538.32
261.921,234,66.2,99896.34,99896.34,23241,-23241,153.21,153.22,153.2674,-12.62,0.54,1.00,TREND,-1.63,stressed,-10.02,-19141,dir,101387.33,105.64,105.65,105.5380,22.57,1.02,1.00,TREND,1.79,stressed,12.57,0,mm,47.32,21.61,21.62,21.6819,-14.36,0.70,1.00,TREND,-1.78,stressed,-9.25,-4100,dir,-1538.32
262.020,234,66.2,99896.34,99896.34,23241,-23241,153.2,153.21,153.2646,-12.66,0.53,1.00,TREND,-1.63,stressed,-10.02,-19141,dir,101387.33,105.65,105.66,105.5432,22.63,0.99,1.00,TREND,1.79,stressed,12.57,0,mm,47.32,21.61,21.62,21.6789,-14.34,0.70,1.00,TREND,-1.78,stressed,-9.25,-4100,dir,-1538.32
262.140,234,66.4,99896.34,99896.34,23241,-23241,153.19,153.2,153.2608,-12.76,0.53,1.00,TREND,-1.69,stressed,-10.02,-19141,dir,101387.33,105.66,105.67,105.5499,22.74,0.99,1.00,TREND,1.80,stressed,12.57,0,mm,47.32,21.6,21.61,21.6748,-14.39,0.70,1.00,TREND,-1.78,stressed,-9.25,-4100,dir,-1538.32
262.202,234,66.4,99896.34,99896.34,23241,-23241,153.19,153.2,153.2589,-12.80,0.53,1.00,TREND,-1.69,stressed,-10.02,-19141,dir,101387.33,105.66,105.67,105.5532,22.77,0.99,1.00,TREND,1.80,stressed,12.57,0,mm,47.32,21.6,21.61,21.6729,-14.40,0.70,1.00,TREND,-1.78,stressed,-9.25,-4100,dir,-1538.32
262.478,234,66.4,99896.34,99896.34,23241,-23241,153.19,153.2,153.2511,-12.83,0.53,1.00,TREND,-1.65,stressed,-10.02,-19141,dir,101961.56,105.66,105.67,105.5668,22.71,0.99,1.00,TREND,1.75,stressed,12.57,0,mm,47.32,21.6,21.61,21.6646,-14.32,0.70,1.00,TREND,-1.72,stressed,-9.25,-4100,dir,-1374.32
262.526,234,66.4,99896.34,99896.34,23241,-23241,153.18,153.19,153.2497,-12.86,0.52,1.00,TREND,-1.65,stressed,-10.02,-19141,dir,101961.56,105.69,105.7,105.5696,22.79,1.00,1.00,TREND,1.75,stressed,12.57,0,mm,47.32,21.59,21.6,21.6631,-14.33,0.66,1.00,TREND,-1.72,stressed,-9.25,-4100,dir,-1374.32
262.553,235,65.2,100634.57,100634.57,23241,-23241,153.18,153.19,153.2488,-12.87,0.52,1.00,TREND,-1.65,stressed,-10.02,-19141,dir,101961.56,105.69,105.7,105.5713,22.83,1.00,1.00,TREND,1.75,stressed,12.57,0,mm,47.32,21.59,21.6,21.6622,-14.33,0.66,1.00,TREND,-1.72,stressed,-9.53,-4100,dir,-1374.32
262.583,235,65.2,100634.57,100634.57,23241,-23241,153.18,153.19,153.2479,-12.88,0.52,1.00,TREND,-1.65,stressed,-10.02,-19141,dir,101961.56,105.69,105.7,105.5730,22.86,1.00,1.00,TREND,1.75,stressed,12.57,0,mm,47.32,21.59,21.6,21.6612,-14.33,0.66,1.00,TREND,-1.72,stressed,-9.53,-4100,dir,-1374.32
262.714,235,65.2,100634.57,100634.57,23241,-23241,153.17,153.18,153.2436,-13.01,0.52,1.00,TREND,-1.65,stressed,-10.02,-19141,dir,101961.56,105.7,105.72,105.5812,23.12,1.00,1.00,TREND,1.75,stressed,12.57,0,mm,47.32,21.58,21.59,21.6567,-14.41,0.66,1.00,TREND,-1.72,stressed,-9.53,-4100,dir,-1374.32
262.748,235,65.2,100634.57,100634.57,23241,-23241,153.17,153.18,153.2425,-13.03,0.52,1.00,TREND,-1.72,stressed,-10.02,-19141,dir,101961.56,105.7,105.72,105.5832,23.17,1.00,1.00,TREND,1.85,stressed,12.57,0,mm,47.32,21.58,21.59,21.6556,-14.42,0.66,1.00,TREND,-1.78,stressed,-9.53,-4100,dir,-1374.32
262.772,235,65.2,100634.57,100634.57,23241,-23241,153.17,153.18,153.2417,-13.04,0.52,1.00,TREND,-1.72,stressed,-10.02,-19141,dir,101961.56,105.7,105.72,105.5847,23.20,1.00,1.00,TREND,1.85,stressed,12.57,0,mm,47.32,21.58,21.59,21.6547,-14.42,0.66,1.00,TREND,-1.78,stressed,-9.53,-4100,dir,-1374.32
262.806,235,65.2,100634.57,100634.57,23241,-23241,153.17,153.18,153.2407,-13.06,0.52,1.00,TREND,-1.72,stressed,-10.02,-19141,dir,101961.56,105.7,105.72,105.5867,23.24,1.00,1.00,TREND,1.85,stressed,12.57,0,mm,47.32,21.58,21.59,21.6536,-14.43,0.66,1.00,TREND,-1.78,stressed,-9.53,-4100,dir,-1374.32
262.920,235,65.2,100634.57,100634.57,23241,-23241,153.16,153.17,153.2367,-13.18,0.52,1.00,TREND,-1.72,stressed,-10.02,-19141,dir,101961.56,105.72,105.73,105.5938,23.46,1.00,1.00,TREND,1.85,stressed,12.57,0,mm,47.32,21.57,21.58,21.6496,-14.51,0.66,1.00,TREND,-1.78,stressed,-9.53,-4100,dir,-1374.32
263.029,235,65.2,100634.57,100634.57,23241,-23241,153.16,153.17,153.2332,-13.25,0.50,1.00,TREND,-1.73,stressed,-10.02,-19141,dir,101961.56,105.72,105.73,105.6004,23.59,0.91,1.00,TREND,1.84,stressed,12.57,0,mm,47.32,21.57,21.58,21.6458,-14.56,0.62,1.00,TREND,-1.78,stressed,-9.53,-4100,dir,-1374.32
263.522,235,65.5,100634.57,100634.57,23241,-23241,153.15,153.16,153.2170,-13.52,0.50,1.00,TREND,-1.73,stressed,-10.02,-19141,dir,101961.56,105.75,105.76,105.6324,24.45,0.91,1.00,TREND,1.88,stressed,12.57,0,mm,47.32,21.55,21.56,21.6271,-14.99,0.62,1.00,TREND,-1.83,stressed,-9.53,-4100,dir,-1374.32
263.546,235,65.5,100634.57,100634.57,23241,-23241,153.14,153.15,153.2162,-13.54,0.49,1.00,TREND,-1.73,stressed,-10.02,-19141,dir,102727.20,105.75,105.76,105.6338,24.45,0.83,1.00,TREND,1.88,stressed,12.57,0,mm,47.32,21.55,21.56,21.6262,-14.99,0.58,1.00,TREND,-1.83,stressed,-9.53,-4100,dir,-1210.32
263.789,236,64.3,101564.21,101564.21,23241,-23241,153.13,153.14,153.2074,-13.78,0.49,1.00,TREND,-1.79,stressed,-10.02,-19141,dir,102727.20,105.76,105.78,105.6485,24.64,0.83,1.00,TREND,1.87,stressed,12.12,0,mm,47.32,21.55,21.56,21.6185,-14.92,0.58,1.00,TREND,-1.78,stressed,-9.75,-4100,dir,-1210.32
263.810,236,64.3,101564.21,101564.21,23241,-23241,153.13,153.14,153.2067,-13.79,0.49,1.00,TREND,-1.79,stressed,-10.02,-19141,dir,102727.20,105.76,105.78,105.6497,24.64,0.83,1.00,TREND,1.87,stressed,12.12,0,mm,47.32,21.54,21.55,21.6178,-14.93,0.58,1.00,TREND,-1.78,stressed,-9.75,-4100,dir,-1210.32
263.913,236,64.3,101564.21,101564.21,23241,-23241,153.12,153.13,153.2028,-13.90,0.49,1.00,TREND,-1.79,stressed,-10.02,-19141,dir,102727.20,105.78,105.79,105.6561,24.75,0.83,1.00,TREND,1.87,stressed,12.12,0,mm,47.32,21.53,21.54,21.6139,-15.02,0.58,1.00,TREND,-1.78,stressed,-9.75,-4100,dir,-1210.32
263.932,236,64.3,101564.21,101564.21,23241,-23241,153.12,153.13,153.2021,-13.92,0.49,1.00,TREND,-1.79,stressed,-10.02,-19141,dir,102727.20,105.78,105.79,105.6573,24.76,0.83,1.00,TREND,1.87,stressed,12.12,0,mm,47.32,21.53,21.54,21.6132,-15.03,0.58,1.00,TREND,-1.78,stressed,-9.75,-4100,dir,-1210.32
263.964,236,64.3,101564.21,101564.21,23241,-23241,153.12,153.13,153.2010,-13.95,0.49,1.00,TREND,-1.79,stressed,-10.02,-19141,dir,102727.20,105.78,105.79,105.6591,24.78,0.83,1.00,TREND,1.87,stressed,12.12,0,mm,47.32,21.53,21.54,21.6120,-15.04,0.58,1.00,TREND,-1.78,stressed,-9.75,-4100,dir,-1210.32
263.990,236,64.3,101564.21,101564.21,23241,-23241,153.12,153.13,153.2000,-13.97,0.49,1.00,TREND,-1.79,stressed,-10.02,-19141,dir,102727.20,105.78,105.79,105.6607,24.79,0.83,1.00,TREND,1.87,stressed,12.12,0,mm,47.32,21.53,21.54,21.6111,-15.06,0.58,1.00,TREND,-1.78,stressed,-9.75,-4100,dir,-1210.32
264.013,236,64.3,101564.21,101564.21,23241,-23241,153.12,153.13,153.1992,-13.98,0.49,1.00,TREND,-1.79,stressed,-10.02,-19141,dir,102727.20,105.78,105.79,105.6620,24.79,0.83,1.00,TREND,1.87,stressed,12.12,0,mm,47.32,21.53,21.54,21.6102,-15.06,0.58,1.00,TREND,-1.78,stressed,-9.75,-4100,dir,-1210.32
264.029,236,64.3,101564.21,101564.21,23241,-23241,153.12,153.13,153.1987,-13.99,0.49,1.00,TREND,-1.79,stressed,-10.02,-19141,dir,102727.20,105.78,105.79,105.6630,24.80,0.83,1.00,TREND,1.87,stressed,12.12,0,mm,47.32,21.53,21.54,21.6097,-15.07,0.58,1.00,TREND,-1.78,stressed,-9.75,-4100,dir,-1210.32
264.070,236,64.3,101564.21,101564.21,23241,-23241,153.12,153.13,153.1973,-14.01,0.47,1.00,TREND,-1.80,stressed,-10.02,-19141,dir,102727.20,105.78,105.79,105.6652,24.80,0.75,1.00,TREND,1.86,stressed,12.12,0,mm,47.32,21.53,21.54,21.6083,-15.08,0.54,1.00,TREND,-1.83,stressed,-9.75,-4100,dir,-1210.32
264.191,236,64.4,101564.21,101564.21,23241,-23241,153.1,153.12,153.1924,-14.18,0.47,1.00,TREND,-1.80,stressed,-10.02,-19141,dir,102727.20,105.79,105.8,105.6725,24.86,0.75,1.00,TREND,1.86,stressed,12.12,0,mm,47.32,21.52,21.53,21.6036,-15.17,0.54,1.00,TREND,-1.83,stressed,-9.75,-4100,dir,-1210.32
264.213,236,64.4,101564.21,101564.21,23241,-23241,153.1,153.12,153.1916,-14.20,0.47,1.00,TREND,-1.80,stressed,-10.02,-19141,dir,102727.20,105.79,105.8,105.6737,24.87,0.75,1.00,TREND,1.86,stressed,12.12,0,mm,47.32,21.52,21.53,21.6029,-15.18,0.54,1.00,TREND,-1.83,stressed,-9.75,-4100,dir,-1210.32
264.242,236,64.4,101564.21,101564.21,23241,-23241,153.1,153.12,153.1905,-14.24,0.47,1.00,TREND,-1.80,stressed,-10.02,-19141,dir,102727.20,105.79,105.8,105.6754,24.87,0.75,1.00,TREND,1.86,stressed,12.12,0,mm,47.32,21.52,21.53,21.6018,-15.20,0.54,1.00,TREND,-1.83,stressed,-9.75,-4100,dir,-1210.32
264.461,236,64.4,101564.21,101564.21,23241,-23241,153.1,153.11,153.1821,-14.45,0.47,1.00,TREND,-1.86,stressed,-10.02,-19141,dir,103684.25,105.79,105.8,105.6871,24.77,0.75,1.00,TREND,1.83,stressed,12.12,0,mm,47.32,21.52,21.53,21.5943,-15.21,0.54,1.00,TREND,-1.83,stressed,-9.75,-4100,dir,-1087.32
264.561,236,64.4,101564.21,101564.21,23241,-23241,153.1,153.11,153.1786,-14.49,0.47,1.00,TREND,-1.86,stressed,-10.02,-19141,dir,103684.25,105.8,105.81,105.6924,24.74,0.75,1.00,TREND,1.83,stressed,12.12,0,mm,47.32,21.52,21.53,21.5911,-15.18,0.54,1.00,TREND,-1.83,stressed,-9.75,-4100,dir,-1087.32
264.591,236,64.4,101564.21,101564.21,23241,-23241,153.1,153.11,153.1776,-14.50,0.45,1.00,TREND,-1.86,stressed,-10.02,-19141,dir,103684.25,105.8,105.81,105.6940,24.73,0.76,1.00,TREND,1.83,stressed,12.12,0,mm,47.32,21.52,21.53,21.5902,-15.16,0.56,1.00,TREND,-1.83,stressed,-9.75,-4100,dir,-1087.32
264.804,237,63.3,102644.26,102644.26,23241,-23241,153.09,153.1,153.1697,-14.63,0.45,1.00,TREND,-1.86,stressed,-10.36,-19141,dir,103684.25,105.81,105.82,105.7056,24.68,0.76,1.00,TREND,1.84,stressed,12.05,0,mm,47.32,21.51,21.52,21.5830,-15.17,0.56,1.00,TREND,-1.82,stressed,-9.75,-4100,dir,-1087.32
264.831,237,63.3,102644.26,102644.26,23241,-23241,153.09,153.1,153.1687,-14.64,0.45,1.00,TREND,-1.86,stressed,-10.36,-19141,dir,103684.25,105.81,105.82,105.7070,24.67,0.76,1.00,TREND,1.84,stressed,12.05,0,mm,47.32,21.51,21.52,21.5821,-15.16,0.56,1.00,TREND,-1.82,stressed,-9.75,-4100,dir,-1087.32
264.898,237,63.3,102644.26,102644.26,23241,-23241,153.09,153.1,153.1664,-14.65,0.45,1.00,TREND,-1.86,stressed,-10.36,-19141,dir,103684.25,105.82,105.85,105.7110,24.72,0.76,1.00,TREND,1.84,stressed,12.05,0,mm,47.32,21.5,21.51,21.5797,-15.19,0.56,1.00,TREND,-1.82,stressed,-9.75,-4100,dir,-1087.32
264.980,237,63.3,102644.26,102644.26,23241,-23241,153.09,153.1,153.1637,-14.64,0.45,1.00,TREND,-1.86,stressed,-10.36,-19141,dir,103684.25,105.82,105.85,105.7157,24.75,0.76,1.00,TREND,1.84,stressed,12.05,0,mm,47.32,21.5,21.51,21.5769,-15.20,0.56,1.00,TREND,-1.82,stressed,-9.75,-4100,dir,-1087.32
265.042,237,63.3,102644.26,102644.26,23241,-23241,153.09,153.1,153.1618,-14.63,0.45,1.00,TREND,-1.86,stressed,-10.36,-19141,dir,103684.25,105.82,105.85,105.7190,24.75,0.76,1.00,TREND,1.84,stressed,12.05,0,mm,47.32,21.5,21.51,21.5749,-15.20,0.56,1.00,TREND,-1.82,stressed,-9.75,-4100,dir,-1087.32
265.074,237,63.3,102644.26,102644.26,23241,-23241,153.09,153.1,153.1608,-14.62,0.45,1.00,TREND,-1.80,stressed,-10.36,-19141,dir,103684.25,105.82,105.85,105.7208,24.75,0.76,1.00,TREND,1.84,stressed,12.05,0,mm,47.32,21.5,21.51,21.5738,-15.19,0.56,1.00,TREND,-1.81,stressed,-9.75,-4100,dir,-1087.32
265.254,237,63.3,102644.26,102644.26,23241,-23241,153.08,153.09,153.1546,-14.65,0.43,1.00,TREND,-1.80,stressed,-10.36,-19141,dir,103684.25,105.85,105.86,105.7317,24.91,0.88,1.00,TREND,1.84,stressed,12.05,0,mm,47.32,21.49,21.5,21.5674,-15.26,0.62,1.00,TREND,-1.81,stressed,-9.75,-4100,dir,-1087.32
265.305,237,63.4,103150.08,103150.08,23241,-23241,153.08,153.09,153.1530,-14.65,0.43,1.00,TREND,-1.80,stressed,-10.36,-19141,dir,104067.07,105.85,105.88,105.7349,24.97,0.88,1.00,TREND,1.84,stressed,12.05,0,mm,47.32,21.49,21.5,21.5657,-15.26,0.62,1.00,TREND,-1.81,stressed,-9.75,-4100,dir,-964.32
265.356,237,63.4,103150.08,103150.08,23241,-23241,153.08,153.09,153.1514,-14.63,0.43,1.00,TREND,-1.80,stressed,-10.36,-19141,dir,104067.07,105.85,105.88,105.7379,25.01,0.88,1.00,TREND,1.88,stressed,12.05,0,mm,47.32,21.49,21.5,21.5640,-15.25,0.62,1.00,TREND,-1.81,stressed,-9.75,-4100,dir,-964.32
265.386,237,63.4,103150.08,103150.08,23241,-23241,153.08,153.09,153.1505,-14.62,0.43,1.00,TREND,-1.80,stressed,-10.36,-19141,dir,104067.07,105.88,105.89,105.7400,25.08,0.88,1.00,TREND,1.88,stressed,12.05,0,mm,47.32,21.49,21.5,21.5631,-15.24,0.62,1.00,TREND,-1.81,stressed,-9.75,-4100,dir,-964.32
265.427,237,63.4,103150.08,103150.08,23241,-23241,153.08,153.09,153.1492,-14.61,0.43,1.00,TREND,-1.80,stressed,-10.36,-19141,dir,104067.07,105.88,105.89,105.7427,25.16,0.88,1.00,TREND,1.88,stressed,12.05,0,mm,47.32,21.49,21.5,21.5618,-15.23,0.62,1.00,TREND,-1.81,stressed,-9.75,-4100,dir,-964.32
265.503,237,63.4,103150.08,103150.08,23241,-23241,153.08,153.09,153.1470,-14.57,0.43,1.00,TREND,-1.80,stressed,-10.36,-19141,dir,104067.07,105.88,105.89,105.7477,25.29,0.88,1.00,TREND,1.88,stressed,12.05,0,mm,47.32,21.49,21.5,21.5594,-15.20,0.62,1.00,TREND,-1.81,stressed,-9.75,-4100,dir,-964.32
265.534,237,63.4,103150.08,103150.08,23241,-23241,153.08,153.09,153.1461,-14.55,0.43,1.00,TREND,-1.80,stressed,-10.36,-19141,dir,104067.07,105.88,105.89,105.7497,25.33,0.88,1.00,TREND,1.88,stressed,12.05,0,mm,47.32,21.49,21.5,21.5585,-15.18,0.62,1.00,TREND,-1.81,stressed,-9.75,-4100,dir,-964.32
265.593,237,63.4,103150.08,103150.08,23241,-23241,153.08,153.09,153.1444,-14.51,0.43,1.00,TREND,-1.80,stressed,-10.36,-19141,dir,104067.07,105.88,105.89,105.7533,25.39,0.88,1.00,TREND,1.88,stressed,12.05,0,mm,47.32,21.49,21.5,21.5568,-15.14,0.62,1.00,TREND,-1.81,stressed,-9.75,-4100,dir,-964.32
265.646,237,63.4,103150.08,103150.08,23241,-23241,153.08,153.09,153.1430,-14.46,0.43,1.00,TREND,-1.75,stressed,-10.36,-19141,dir,104067.07,105.88,105.89,105.7566,25.42,0.88,1.00,TREND,1.88,stressed,12.05,0,mm,47.32,21.49,21.5,21.5553,-15.10,0.62,1.00,TREND,-1.75,stressed,-9.75,-4100,dir,-964.32
265.707,237,63.4,103150.08,103150.08,23241,-23241,153.07,153.08,153.1410,-14.46,0.43,1.00,TREND,-1.75,stressed,-10.36,-19141,dir,104067.07,105.89,105.9,105.7605,25.50,0.88,1.00,TREND,1.88,stressed,12.05,0,mm,47.32,21.48,21.49,21.5533,-15.10,0.62,1.00,TREND,-1.75,stressed,-9.75,-4100,dir,-964.32
265.778,237,63.4,103150.08,103150.08,23241,-23241,153.07,153.08,153.1388,-14.44,0.45,1.00,TREND,-1.75,stressed,-10.36,-19141,dir,104067.07,105.89,105.9,105.7650,25.56,0.88,1.00,TREND,1.88,stressed,12.05,0,mm,47.32,21.48,21.49,21.5510,-15.09,0.63,1.00,TREND,-1.75,stressed,-9.75,-4100,dir,-964.32
265.833,238,62.3,103150.08,103150.08,23241,-23241,153.07,153.08,153.1372,-14.42,0.45,1.00,TREND,-1.75,stressed,-10.05,-19141,dir,104067.07,105.89,105.9,105.7682,25.59,0.88,1.00,TREND,1.88,stressed,11.94,0,mm,47.32,21.48,21.49,21.5494,-15.07,0.63,1.00,TREND,-1.75,stressed,-9.75,-4100,dir,-964.32
265.880,238,62.3,103150.08,103150.08,23241,-23241,153.07,153.08,153.1358,-14.40,0.45,1.00,TREND,-1.75,stressed,-10.05,-19141,dir,104067.07,105.89,105.9,105.7711,25.60,0.88,1.00,TREND,1.88,stressed,11.94,0,mm,47.32,21.48,21.49,21.5479,-15.04,0.63,1.00,TREND,-1.75,stressed,-9.75,-4100,dir,-964.32
265.989,238,62.3,103150.08,103150.08,23241,-23241,153.07,153.08,153.1328,-14.33,0.45,1.00,TREND,-1.75,stressed,-10.05,-19141,dir,104067.07,105.9,105.91,105.7778,25.67,0.88,1.00,TREND,1.88,stressed,11.94,0,mm,47.32,21.47,21.48,21.5443,-15.06,0.63,1.00,TREND,-1.80,stressed,-9.75,-4100,dir,-964.32
266.025,238,62.3,103150.08,103150.08,23241,-23241,153.07,153.08,153.1318,-14.30,0.45,1.00,TREND,-1.75,stressed,-10.05,-19141,dir,104067.07,105.9,105.91,105.7799,25.68,0.88,1.00,TREND,1.88,stressed,11.94,0,mm,47.32,21.47,21.48,21.5431,-15.06,0.63,1.00,TREND,-1.80,stressed,-9.75,-4100,dir,-964.32
266.049,238,62.3,103150.08,103150.08,23241,-23241,153.07,153.08,153.1312,-14.28,0.45,1.00,TREND,-1.75,stressed,-10.05,-19141,dir,104067.07,105.9,105.91,105.7812,25.69,0.88,1.00,TREND,1.88,stressed,11.94,0,mm,47.32,21.47,21.48,21.5424,-15.05,0.63,1.00,TREND,-1.80,stressed,-9.75,-4100,dir,-964.32
266.076,238,62.3,103150.08,103150.08,23241,-23241,153.07,153.08,153.1305,-14.26,0.45,1.00,TREND,-1.75,stressed,-10.05,-19141,dir,104067.07,105.9,105.91,105.7828,25.69,0.88,1.00,TREND,1.88,stressed,11.94,0,mm,47.32,21.47,21.48,21.5415,-15.05,0.63,1.00,TREND,-1.80,stressed,-9.75,-4100,dir,-964.32
266.109,238,62.3,103150.08,103150.08,23241,-23241,153.07,153.08,153.1296,-14.23,0.45,1.00,TREND,-1.75,stressed,-10.05,-19141,dir,104067.07,105.9,105.91,105.7847,25.68,0.88,1.00,TREND,1.88,stressed,11.94,0,mm,47.32,21.47,21.48,21.5405,-15.04,0.63,1.00,TREND,-1.80,stressed,-9.75,-4100,dir,-964.32
266.297,238,62.3,103150.08,103150.08,23241,-23241,153.06,153.07,153.1242,-14.17,0.47,1.00,TREND,-1.76,stressed,-10.05,-19141,dir,104067.07,105.91,105.92,105.7957,25.72,0.89,1.00,TREND,1.85,stressed,11.94,0,mm,47.32,21.46,21.47,21.5341,-15.08,0.59,1.00,TREND,-1.80,stressed,-9.75,-4100,dir,-964.32
266.363,239,61.2,103655.90,103655.90,23241,-23241,153.06,153.07,153.1224,-14.14,0.47,1.00,TREND,-1.76,stressed,-9.47,-19141,dir,104449.89,105.92,105.93,105.7996,25.75,0.89,1.00,TREND,1.85,stressed,11.45,0,mm,47.32,21.46,21.47,21.5321,-15.08,0.59,1.00,TREND,-1.80,stressed,-9.75,-4100,dir,-841.32
266.544,239,61.2,103655.90,103655.90,23241,-23241,153.06,153.07,153.1177,-13.99,0.47,1.00,TREND,-1.76,stressed,-9.47,-19141,dir,104449.89,105.92,105.93,105.8100,25.72,0.89,1.00,TREND,1.85,stressed,11.45,0,mm,47.32,21.46,21.47,21.5265,-15.00,0.59,1.00,TREND,-1.80,stressed,-9.75,-4100,dir,-841.32
266.614,239,61.2,103655.90,103655.90,23241,-23241,153.06,153.07,153.1160,-13.93,0.47,1.00,TREND,-1.71,stressed,-9.47,-19141,dir,104449.89,105.92,105.93,105.8136,25.67,0.89,1.00,TREND,1.83,stressed,11.45,0,mm,47.32,21.46,21.47,21.5245,-14.96,0.59,1.00,TREND,-1.74,stressed,-9.75,-4100,dir,-841.32
266.813,239,61.2,103655.90,103655.90,23241,-23241,153.05,153.06,153.1105,-13.85,0.48,1.00,TREND,-1.71,stressed,-9.47,-19141,dir,104449.89,105.93,105.94,105.8246,25.59,0.90,1.00,TREND,1.83,stressed,11.45,0,mm,47.32,21.45,21.46,21.5183,-14.93,0.60,1.00,TREND,-1.74,stressed,-9.75,-4100,dir,-841.32
266.883,239,61.3,103655.90,103655.90,23241,-23241,153.05,153.06,153.1087,-13.81,0.48,1.00,TREND,-1.71,stressed,-9.47,-19141,dir,104449.89,105.93,105.94,105.8281,25.52,0.90,1.00,TREND,1.80,stressed,11.45,0,mm,47.32,21.45,21.46,21.5162,-14.89,0.60,1.00,TREND,-1.74,stressed,-9.75,-4100,dir,-841.32
267.016,239,61.3,103655.90,103655.90,23241,-23241,153.03,153.05,153.1045,-13.85,0.48,1.00,TREND,-1.71,stressed,-9.47,-19141,dir,104449.89,105.94,105.95,105.8352,25.46,0.90,1.00,TREND,1.80,stressed,11.45,0,mm,47.32,21.44,21.45,21.5119,-14.91,0.60,1.00,TREND,-1.74,stressed,-9.75,-4100,dir,-841.32
267.039,239,61.3,103655.90,103655.90,23241,-23241,153.03,153.05,153.1038,-13.86,0.48,1.00,TREND,-1.71,stressed,-9.47,-19141,dir,104449.89,105.94,105.95,105.8364,25.44,0.90,1.00,TREND,1.80,stressed,11.45,0,mm,47.32,21.44,21.45,21.5112,-14.90,0.60,1.00,TREND,-1.74,stressed,-9.75,-4100,dir,-841.32
267.092,239,61.3,103655.90,103655.90,23241,-23241,153.03,153.05,153.1023,-13.86,0.48,1.00,TREND,-1.71,stressed,-9.47,-19141,dir,104449.89,105.94,105.95,105.8391,25.40,0.90,1.00,TREND,1.80,stressed,11.45,0,mm,47.32,21.44,21.45,21.5096,-14.89,0.60,1.00,TREND,-1.74,stressed,-9.75,-4100,dir,-841.32
267.121,239,61.3,103655.90,103655.90,23241,-23241,153.03,153.05,153.1015,-13.86,0.48,1.00,TREND,-1.71,stressed,-9.47,-19141,dir,104449.89,105.94,105.95,105.8405,25.37,0.90,1.00,TREND,1.80,stressed,11.45,0,mm,47.32,21.44,21.45,21.5087,-14.89,0.60,1.00,TREND,-1.74,stressed,-9.75,-4100,dir,-841.32
267.474,239,61.3,103655.90,103655.90,23241,-23241,153.02,153.03,153.0898,-14.05,0.56,1.00,TREND,-1.82,stressed,-9.47,-19141,dir,104449.89,105.94,105.95,105.8564,24.81,0.98,1.00,TREND,1.77,stressed,11.45,0,mm,47.32,21.44,21.45,21.4990,-14.65,0.60,1.00,TREND,-1.73,stressed,-9.75,-4100,dir,-841.32
267.792,240,60.3,104544.54,104544.54,23241,-23241,153.02,153.03,153.0808,-13.95,0.56,1.00,TREND,-1.76,stressed,-10.34,-19141,dir,105215.53,105.98,105.99,105.8743,24.96,0.98,1.00,TREND,1.84,stressed,11.69,0,mm,47.32,21.42,21.43,21.4887,-14.71,0.60,1.00,TREND,-1.78,stressed,-10.76,-4100,dir,-718.32
268.092,240,60.3,104544.54,104544.54,23241,-23241,153.01,153.02,153.0721,-13.90,0.57,1.00,TREND,-1.76,stressed,-10.34,-19141,dir,105215.53,105.99,106.0,105.8903,24.92,1.09,1.00,TREND,1.81,stressed,11.69,0,mm,47.32,21.41,21.42,21.4790,-14.76,0.67,1.00,TREND,-1.77,stressed,-10.76,-4100,dir,-718.32
268.141,240,60.4,104544.54,104544.54,23241,-23241,153.0,153.01,153.0706,-13.91,0.57,1.00,TREND,-1.76,stressed,-10.34,-19141,dir,105215.53,106.0,106.01,105.8928,24.92,1.09,1.00,TREND,1.81,stressed,11.69,0,mm,47.32,21.4,21.41,21.4773,-14.79,0.67,1.00,TREND,-1.77,stressed,-10.76,-4100,dir,-718.32
268.194,240,60.4,104544.54,104544.54,23241,-23241,153.0,153.01,153.0689,-13.92,0.57,1.00,TREND,-1.76,stressed,-10.34,-19141,dir,105215.53,106.0,106.01,105.8956,24.91,1.09,1.00,TREND,1.81,stressed,11.69,0,mm,47.32,21.4,21.41,21.4755,-14.80,0.67,1.00,TREND,-1.77,stressed,-10.76,-4100,dir,-718.32
268.268,240,60.4,104544.54,104544.54,23241,-23241,152.99,153.0,153.0664,-13.98,0.57,1.00,TREND,-1.76,stressed,-10.34,-19141,dir,105215.53,106.01,106.02,105.8997,24.93,1.09,1.00,TREND,1.81,stressed,11.69,0,mm,47.32,21.39,21.4,21.4727,-14.88,0.67,1.00,TREND,-1.77,stressed,-10.76,-4100,dir,-718.32
268.285,240,60.4,104544.54,104544.54,23241,-23241,152.99,153.0,153.0658,-13.99,0.57,1.00,TREND,-1.76,stressed,-10.34,-19141,dir,105215.53,106.01,106.02,105.9006,24.93,1.09,1.00,TREND,1.81,stressed,11.69,0,mm,47.32,21.39,21.4,21.4721,-14.89,0.67,1.00,TREND,-1.77,stressed,-10.76,-4100,dir,-718.32
268.594,240,60.4,104544.54,104544.54,23241,-23241,152.99,153.0,153.0563,-14.04,0.54,1.00,TREND,-1.82,stressed,-10.34,-19141,dir,105789.76,106.01,106.02,105.9160,24.76,1.06,1.00,TREND,1.81,stressed,11.69,0,mm,47.32,21.39,21.4,21.4617,-14.97,0.62,1.00,TREND,-1.81,stressed,-10.76,-4100,dir,-554.32
268.709,241,59.2,105282.77,105282.77,23241,-23241,152.98,152.99,153.0525,-14.08,0.54,1.00,TREND,-1.82,stressed,-10.34,-19141,dir,105789.76,106.02,106.03,105.9218,24.71,1.06,1.00,TREND,1.81,stressed,11.49,0,mm,47.32,21.38,21.39,21.4577,-15.03,0.62,1.00,TREND,-1.81,stressed,-10.76,-4100,dir,-554.32
268.820,241,59.2,105282.77,105282.77,23241,-23241,152.97,152.98,153.0486,-14.18,0.54,1.00,TREND,-1.82,stressed,-10.34,-19141,dir,105789.76,106.03,106.04,105.9275,24.69,1.06,1.00,TREND,1.81,stressed,11.49,0,mm,47.32,21.37,21.38,21.4535,-15.13,0.62,1.00,TREND,-1.81,stressed,-10.76,-4100,dir,-554.32
268.847,241,59.2,105282.77,105282.77,23241,-23241,152.97,152.98,153.0477,-14.20,0.54,1.00,TREND,-1.87,stressed,-10.34,-19141,dir,105789.76,106.03,106.04,105.9289,24.68,1.06,1.00,TREND,1.82,stressed,11.49,0,mm,47.32,21.37,21.38,21.4525,-15.15,0.62,1.00,TREND,-1.86,stressed,-10.76,-4100,dir,-554.32
268.876,241,59.2,105282.77,105282.77,23241,-23241,152.97,152.98,153.0467,-14.21,0.54,1.00,TREND,-1.87,stressed,-10.34,-19141,dir,105789.76,106.03,106.04,105.9303,24.67,1.06,1.00,TREND,1.82,stressed,11.49,0,mm,47.32,21.37,21.38,21.4514,-15.16,0.62,1.00,TREND,-1.86,stressed,-10.76,-4100,dir,-554.32
268.921,241,59.2,105282.77,105282.77,23241,-23241,152.97,152.98,153.0452,-14.23,0.54,1.00,TREND,-1.87,stressed,-10.34,-19141,dir,105789.76,106.03,106.04,105.9325,24.64,1.06,1.00,TREND,1.82,stressed,11.49,0,mm,47.32,21.37,21.38,21.4499,-15.18,0.62,1.00,TREND,-1.86,stressed,-10.76,-4100,dir,-554.32
269.024,241,59.2,105282.77,105282.77,23241,-23241,152.97,152.98,153.0419,-14.26,0.54,1.00,TREND,-1.87,stressed,-10.34,-19141,dir,105789.76,106.03,106.04,105.9373,24.55,1.06,1.00,TREND,1.82,stressed,11.49,0,mm,47.32,21.37,21.38,21.4463,-15.21,0.62,1.00,TREND,-1.86,stressed,-10.76,-4100,dir,-554.32
269.090,241,59.2,105282.77,105282.77,23241,-23241,152.97,152.98,153.0398,-14.26,0.54,1.00,TREND,-1.87,stressed,-10.34,-19141,dir,105789.76,106.04,106.05,105.9407,24.52,1.06,1.00,TREND,1.82,stressed,11.49,0,mm,47.32,21.36,21.37,21.4438,-15.26,0.62,1.00,TREND,-1.86,stressed,-10.76,-4100,dir,-554.32
269.134,241,59.2,105282.77,105282.77,23241,-23241,152.97,152.98,153.0385,-14.25,0.52,1.00,TREND,-1.81,stressed,-10.34,-19141,dir,105789.76,106.04,106.05,105.9428,24.50,0.97,1.00,TREND,1.79,stressed,11.49,0,mm,47.32,21.36,21.37,21.4422,-15.28,0.67,1.00,TREND,-1.85,stressed,-10.76,-4100,dir,-554.32
269.171,241,59.4,105282.77,105282.77,23241,-23241,152.97,152.98,153.0374,-14.24,0.52,1.00,TREND,-1.81,stressed,-10.34,-19141,dir,105789.76,106.04,106.05,105.9445,24.47,0.97,1.00,TREND,1.79,stressed,11.49,0,mm,47.32,21.36,21.37,21.4409,-15.30,0.67,1.00,TREND,-1.85,stressed,-10.76,-4100,dir,-554.32
269.197,241,59.4,105282.77,105282.77,23241,-23241,152.97,152.98,153.0366,-14.23,0.52,1.00,TREND,-1.81,stressed,-10.34,-19141,dir,105789.76,106.04,106.05,105.9458,24.45,0.97,1.00,TREND,1.79,stressed,11.49,0,mm,47.32,21.36,21.37,21.4399,-15.31,0.67,1.00,TREND,-1.85,stressed,-10.76,-4100,dir,-554.32
269.227,241,59.4,105282.77,105282.77,23241,-23241,152.97,152.98,153.0358,-14.22,0.52,1.00,TREND,-1.81,stressed,-10.34,-19141,dir,105789.76,106.04,106.05,105.9472,24.42,0.97,1.00,TREND,1.79,stressed,11.49,0,mm,47.32,21.36,21.37,21.4389,-15.32,0.67,1.00,TREND,-1.85,stressed,-10.76,-4100,dir,-554.32
269.344,241,59.4,105282.77,105282.77,23241,-23241,152.96,152.97,153.0320,-14.25,0.52,1.00,TREND,-1.81,stressed,-10.34,-19141,dir,105789.76,106.05,106.06,105.9530,24.38,0.97,1.00,TREND,1.79,stressed,11.49,0,mm,47.32,21.35,21.36,21.4344,-15.41,0.67,1.00,TREND,-1.85,stressed,-10.76,-4100,dir,-554.32
269.376,241,59.4,105282.77,105282.77,23241,-23241,152.96,152.97,153.0310,-14.26,0.52,1.00,TREND,-1.81,stressed,-10.34,-19141,dir,106363.99,106.05,106.06,105.9545,24.36,0.97,1.00,TREND,1.79,stressed,11.49,0,mm,47.32,21.35,21.36,21.4332,-15.43,0.67,1.00,TREND,-1.85,stressed,-10.76,-4100,dir,-390.32
269.422,241,59.4,105282.77,105282.77,23241,-23241,152.96,152.97,153.0296,-14.25,0.52,1.00,TREND,-1.81,stressed,-10.34,-19141,dir,106363.99,106.05,106.06,105.9566,24.32,0.97,1.00,TREND,1.76,stressed,11.49,0,mm,47.32,21.35,21.36,21.4316,-15.45,0.67,1.00,TREND,-1.84,stressed,-10.76,-4100,dir,-390.32
269.460,241,59.4,105282.77,105282.77,23241,-23241,152.96,152.97,153.0284,-14.25,0.52,1.00,TREND,-1.81,stressed,-10.34,-19141,dir,106363.99,106.05,106.06,105.9584,24.28,0.97,1.00,TREND,1.76,stressed,11.49,0,mm,47.32,21.35,21.36,21.4302,-15.46,0.67,1.00,TREND,-1.84,stressed,-10.76,-4100,dir,-390.32
269.849,241,59.4,105282.77,105282.77,23241,-23241,152.96,152.97,153.0178,-14.03,0.53,1.00,TREND,-1.75,stressed,-10.34,-19141,dir,106363.99,106.05,106.06,105.9745,23.70,1.04,1.00,TREND,1.71,stressed,11.49,0,mm,47.32,21.35,21.36,21.4176,-15.36,0.68,1.00,TREND,-1.77,stressed,-10.76,-4100,dir,-390.32
269.913,242,58.3,106021.00,106021.00,23241,-23241,152.95,152.96,153.0160,-14.02,0.53,1.00,TREND,-1.75,stressed,-10.68,-19141,dir,106363.99,106.07,106.08,105.9775,23.67,1.04,1.00,TREND,1.71,stressed,11.69,0,mm,47.32,21.34,21.35,21.4155,-15.36,0.68,1.00,TREND,-1.77,stressed,-10.83,-4100,dir,-390.32
269.935,242,58.3,106021.00,106021.00,23241,-23241,152.95,152.96,153.0154,-14.01,0.53,1.00,TREND,-1.75,stressed,-10.68,-19141,dir,106363.99,106.07,106.08,105.9785,23.66,1.04,1.00,TREND,1.71,stressed,11.69,0,mm,47.32,21.34,21.35,21.4148,-15.36,0.68,1.00,TREND,-1.77,stressed,-10.83,-4100,dir,-390.32
269.963,242,58.3,106021.00,106021.00,23241,-23241,152.95,152.96,153.0146,-14.01,0.53,1.00,TREND,-1.75,stressed,-10.68,-19141,dir,106363.99,106.07,106.08,105.9797,23.64,1.04,1.00,TREND,1.71,stressed,11.69,0,mm,47.32,21.34,21.35,21.4139,-15.36,0.68,1.00,TREND,-1.77,stressed,-10.83,-4100,dir,-390.32
270.160,242,58.3,106021.00,106021.00,23241,-23241,152.95,152.96,153.0093,-13.90,0.53,1.00,TREND,-1.75,stressed,-10.68,-19141,dir,106363.99,106.08,106.1,105.9895,23.66,1.04,1.00,TREND,1.76,stressed,11.69,0,mm,47.32,21.34,21.35,21.4077,-15.28,0.68,1.00,TREND,-1.77,stressed,-10.83,-4100,dir,-390.32
270.269,242,58.3,106021.00,106021.00,23241,-23241,152.94,152.95,153.0061,-13.90,0.53,1.00,TREND,-1.75,stressed,-10.68,-19141,dir,106363.99,106.08,106.1,105.9944,23.61,1.04,1.00,TREND,1.76,stressed,11.69,0,mm,47.32,21.34,21.35,21.4047,-15.20,0.68,1.00,TREND,-1.77,stressed,-10.83,-4100,dir,-390.32
270.534,242,58.3,106021.00,106021.00,23241,-23241,152.93,152.94,152.9977,-13.98,0.60,1.00,TREND,-1.81,stressed,-10.68,-19141,dir,106938.22,106.1,106.11,106.0075,23.60,1.15,1.00,TREND,1.75,stressed,11.69,0,mm,47.32,21.33,21.34,21.3964,-15.11,0.63,1.00,TREND,-1.76,stressed,-10.83,-4100,dir,-308.32
270.618,243,57.2,106677.23,106677.23,23241,-23241,152.93,152.94,152.9953,-13.97,0.60,1.00,TREND,-1.81,stressed,-10.78,-19141,dir,106938.22,106.11,106.12,106.0117,23.60,1.15,1.00,TREND,1.75,stressed,11.45,0,mm,47.32,21.32,21.33,21.3937,-15.12,0.63,1.00,TREND,-1.76,stressed,-10.45,-4100,dir,-308.32
270.635,243,57.2,106677.23,106677.23,23241,-23241,152.93,152.94,152.9948,-13.97,0.60,1.00,TREND,-1.81,stressed,-10.78,-19141,dir,106938.22,106.11,106.12,106.0125,23.60,1.15,1.00,TREND,1.75,stressed,11.45,0,mm,47.32,21.32,21.33,21.3931,-15.12,0.63,1.00,TREND,-1.76,stressed,-10.45,-4100,dir,-308.32
270.669,243,57.2,106677.23,106677.23,23241,-23241,152.93,152.94,152.9939,-13.96,0.60,1.00,TREND,-1.81,stressed,-10.78,-19141,dir,106938.22,106.11,106.12,106.0141,23.59,1.15,1.00,TREND,1.75,stressed,11.45,0,mm,47.32,21.32,21.33,21.3920,-15.12,0.63,1.00,TREND,-1.76,stressed,-10.45,-4100,dir,-308.32
270.789,243,57.2,106677.23,106677.23,23241,-23241,152.93,152.94,152.9907,-13.90,0.60,1.00,TREND,-1.75,stressed,-10.78,-19141,dir,106938.22,106.11,106.12,106.0195,23.53,1.15,1.00,TREND,1.73,stressed,11.45,0,mm,47.32,21.32,21.33,21.3885,-15.08,0.63,1.00,TREND,-1.76,stressed,-10.45,-4100,dir,-308.32
271.050,243,57.2,106677.23,106677.23,23241,-23241,152.92,152.93,152.9831,-13.88,0.61,1.00,TREND,-1.75,stressed,-10.78,-19141,dir,106938.22,106.12,106.14,106.0324,23.52,1.07,1.00,TREND,1.72,stressed,11.45,0,mm,47.32,21.31,21.32,21.3799,-15.09,0.58,1.00,TREND,-1.75,stressed,-10.45,-4100,dir,-308.32
271.135,243,57.3,106677.23,106677.23,23241,-23241,152.91,152.92,152.9804,-13.91,0.61,1.00,TREND,-1.75,stressed,-10.78,-19141,dir,106938.22,106.14,106.15,106.0368,23.56,1.07,1.00,TREND,1.72,stressed,11.45,0,mm,47.32,21.3,21.31,21.3769,-15.13,0.58,1.00,TREND,-1.75,stressed,-10.45,-4100,dir,-308.32
271.185,243,57.3,106677.23,106677.23,23241,-23241,152.91,152.92,152.9788,-13.91,0.61,1.00,TREND,-1.75,stressed,-10.78,-19141,dir,106938.22,106.14,106.15,106.0394,23.57,1.07,1.00,TREND,1.72,stressed,11.45,0,mm,47.32,21.3,21.31,21.3753,-15.13,0.58,1.00,TREND,-1.75,stressed,-10.45,-4100,dir,-308.32
271.264,243,57.3,106677.23,106677.23,23241,-23241,152.91,152.92,152.9766,-13.91,0.61,1.00,TREND,-1.75,stressed,-10.78,-19141,dir,106938.22,106.14,106.15,106.0432,23.56,1.07,1.00,TREND,1.72,stressed,11.45,0,mm,47.32,21.3,21.31,21.3727,-15.13,0.58,1.00,TREND,-1.75,stressed,-10.45,-4100,dir,-308.32
271.536,243,57.3,106677.23,106677.23,23241,-23241,152.9,152.91,152.9679,-14.00,0.61,1.00,TREND,-1.80,stressed,-10.78,-19141,dir,107512.45,106.15,106.16,106.0566,23.56,1.07,1.00,TREND,1.74,stressed,11.45,0,mm,47.32,21.29,21.3,21.3634,-15.21,0.58,1.00,TREND,-1.79,stressed,-10.45,-4100,dir,-144.32
271.880,243,57.3,106677.23,106677.23,23241,-23241,152.89,152.9,152.9571,-14.08,0.67,1.00,TREND,-1.80,stressed,-10.78,-19141,dir,107512.45,106.16,106.17,106.0728,23.41,1.02,1.00,TREND,1.72,stressed,11.45,0,mm,47.32,21.28,21.29,21.3517,-15.28,0.63,1.00,TREND,-1.78,stressed,-10.45,-4100,dir,-144.32
272.123,244,56.3,107415.46,107415.46,23241,-23241,152.88,152.89,152.9493,-14.15,0.67,1.00,TREND,-1.80,stressed,-11.45,-19141,dir,107512.45,106.17,106.19,106.0844,23.35,1.02,1.00,TREND,1.72,stressed,12.66,0,mm,47.32,21.27,21.28,21.3434,-15.32,0.63,1.00,TREND,-1.78,stressed,-11.45,-4100,dir,-144.32
272.276,244,56.3,107415.46,107415.46,23241,-23241,152.87,152.88,152.9441,-14.23,0.67,1.00,TREND,-1.84,stressed,-11.45,-19141,dir,107512.45,106.19,106.2,106.0921,23.38,1.02,1.00,TREND,1.75,stressed,12.66,0,mm,47.32,21.26,21.27,21.3380,-15.38,0.63,1.00,TREND,-1.82,stressed,-11.45,-4100,dir,-144.32
272.295,244,56.3,107415.46,107415.46,23241,-23241,152.87,152.88,152.9435,-14.23,0.67,1.00,TREND,-1.84,stressed,-11.45,-19141,dir,107512.45,106.19,106.2,106.0930,23.38,1.02,1.00,TREND,1.75,stressed,12.66,0,mm,47.32,21.26,21.27,21.3373,-15.39,0.63,1.00,TREND,-1.82,stressed,-11.45,-4100,dir,-144.32
272.317,244,56.3,107415.46,107415.46,23241,-23241,152.87,152.88,152.9428,-14.24,0.67,1.00,TREND,-1.84,stressed,-11.45,-19141,dir,107512.45,106.19,106.2,106.0940,23.38,1.02,1.00,TREND,1.75,stressed,12.66,0,mm,47.32,21.26,21.27,21.3366,-15.39,0.63,1.00,TREND,-1.82,stressed,-11.45,-4100,dir,-144.32
272.476,244,56.3,107415.46,107415.46,23241,-23241,152.87,152.88,152.9380,-14.24,0.62,1.00,TREND,-1.84,stressed,-11.45,-19141,dir,108086.68,106.2,106.21,106.1019,23.41,1.01,1.00,TREND,1.75,stressed,12.66,0,mm,47.32,21.25,21.26,21.3307,-15.48,0.66,1.00,TREND,-1.82,stressed,-11.45,-4100,dir,19.68
272.539,245,55.2,108153.69,108153.69,23241,-23241,152.87,152.88,152.9361,-14.22,0.62,1.00,TREND,-1.78,stressed,-10.34,-19141,dir,108086.68,106.2,106.21,106.1050,23.39,1.01,1.00,TREND,1.72,stressed,11.82,0,mm,47.32,21.25,21.26,21.3285,-15.50,0.66,1.00,TREND,-1.81,stressed,-11.17,-4100,dir,19.68
272.741,245,55.2,108153.69,108153.69,23241,-23241,152.87,152.88,152.9305,-14.11,0.62,1.00,TREND,-1.78,stressed,-10.34,-19141,dir,108086.68,106.21,106.22,106.1150,23.39,1.01,1.00,TREND,1.72,stressed,11.82,0,mm,47.32,21.24,21.25,21.3209,-15.62,0.66,1.00,TREND,-1.81,stressed,-11.17,-4100,dir,19.68
272.763,245,55.2,108153.69,108153.69,23241,-23241,152.86,152.87,152.9298,-14.11,0.62,1.00,TREND,-1.78,stressed,-10.34,-19141,dir,108086.68,106.21,106.22,106.1161,23.38,1.01,1.00,TREND,1.72,stressed,11.82,0,mm,47.32,21.24,21.25,21.3201,-15.63,0.66,1.00,TREND,-1.81,stressed,-11.17,-4100,dir,19.68
272.789,245,55.2,108153.69,108153.69,23241,-23241,152.86,152.87,152.9291,-14.11,0.62,1.00,TREND,-1.78,stressed,-10.34,-19141,dir,108086.68,106.21,106.22,106.1173,23.36,1.01,1.00,TREND,1.70,stressed,11.82,0,mm,47.32,21.24,21.25,21.3192,-15.63,0.66,1.00,TREND,-1.80,stressed,-11.17,-4100,dir,19.68
272.822,245,55.2,108153.69,108153.69,23241,-23241,152.86,152.87,152.9281,-14.11,0.62,1.00,TREND,-1.78,stressed,-10.34,-19141,dir,108086.68,106.21,106.22,106.1188,23.34,1.01,1.00,TREND,1.70,stressed,11.82,0,mm,47.32,21.24,21.25,21.3180,-15.63,0.66,1.00,TREND,-1.80,stressed,-11.17,-4100,dir,19.68
272.924,245,55.2,108153.69,108153.69,23241,-23241,152.85,152.86,152.9246,-14.16,0.62,1.00,TREND,-1.78,stressed,-10.34,-19141,dir,108086.68,106.22,106.23,106.1237,23.34,1.01,1.00,TREND,1.70,stressed,11.82,0,mm,47.32,21.24,21.25,21.3146,-15.62,0.66,1.00,TREND,-1.80,stressed,-11.17,-4100,dir,19.68
272.956,245,55.2,108153.69,108153.69,23241,-23241,152.85,152.86,152.9236,-14.17,0.62,1.00,TREND,-1.78,stressed,-10.34,-19141,dir,108086.68,106.22,106.23,106.1253,23.33,1.01,1.00,TREND,1.70,stressed,11.82,0,mm,47.32,21.24,21.25,21.3136,-15.61,0.66,1.00,TREND,-1.80,stressed,-11.17,-4100,dir,19.68
273.016,245,55.2,108153.69,108153.69,23241,-23241,152.85,152.86,152.9217,-14.19,0.57,1.00,TREND,-1.78,stressed,-10.34,-19141,dir,108086.68,106.22,106.23,106.1280,23.30,1.00,1.00,TREND,1.70,stressed,11.82,0,mm,47.32,21.24,21.25,21.3117,-15.59,0.69,1.00,TREND,-1.80,stressed,-11.17,-4100,dir,19.68
273.056,245,55.3,108153.69,108153.69,23241,-23241,152.85,152.86,152.9204,-14.19,0.57,1.00,TREND,-1.77,stressed,-10.34,-19141,dir,108086.68,106.22,106.23,106.1298,23.27,1.00,1.00,TREND,1.67,stressed,11.82,0,mm,47.32,21.24,21.25,21.3104,-15.57,0.69,1.00,TREND,-1.74,stressed,-11.17,-4100,dir,19.68
273.148,245,55.3,108153.69,108153.69,23241,-23241,152.84,152.85,152.9173,-14.25,0.57,1.00,TREND,-1.77,stressed,-10.34,-19141,dir,108086.68,106.23,106.24,106.1343,23.26,1.00,1.00,TREND,1.67,stressed,11.82,0,mm,47.32,21.23,21.24,21.3072,-15.58,0.69,1.00,TREND,-1.74,stressed,-11.17,-4100,dir,19.68
273.184,245,55.3,108153.69,108153.69,23241,-23241,152.84,152.85,152.9160,-14.27,0.57,1.00,TREND,-1.77,stressed,-10.34,-19141,dir,108086.68,106.23,106.24,106.1360,23.25,1.00,1.00,TREND,1.67,stressed,11.82,0,mm,47.32,21.23,21.24,21.3060,-15.58,0.69,1.00,TREND,-1.74,stressed,-11.17,-4100,dir,19.68
273.213,245,55.3,108153.69,108153.69,23241,-23241,152.84,152.85,152.9151,-14.28,0.57,1.00,TREND,-1.77,stressed,-10.34,-19141,dir,108086.68,106.23,106.24,106.1373,23.23,1.00,1.00,TREND,1.67,stressed,11.82,0,mm,47.32,21.23,21.24,21.3051,-15.58,0.69,1.00,TREND,-1.74,stressed,-11.17,-4100,dir,19.68
273.243,245,55.3,108153.69,108153.69,23241,-23241,152.84,152.85,152.9141,-14.29,0.57,1.00,TREND,-1.77,stressed,-10.34,-19141,dir,108086.68,106.23,106.24,106.1387,23.22,1.00,1.00,TREND,1.67,stressed,11.82,0,mm,47.32,21.23,21.24,21.3041,-15.57,0.69,1.00,TREND,-1.74,stressed,-11.17,-4100,dir,19.68
273.260,245,55.3,108153.69,108153.69,23241,-23241,152.84,152.85,152.9135,-14.30,0.57,1.00,TREND,-1.77,stressed,-10.34,-19141,dir,108086.68,106.23,106.24,106.1395,23.21,1.00,1.00,TREND,1.67,stressed,11.82,0,mm,47.32,21.23,21.24,21.3035,-15.57,0.69,1.00,TREND,-1.74,stressed,-11.17,-4100,dir,19.68
273.284,245,55.3,108153.69,108153.69,23241,-23241,152.84,152.85,152.9128,-14.30,0.57,1.00,TREND,-1.77,stressed,-10.34,-19141,dir,108086.68,106.23,106.24,106.1405,23.19,1.00,1.00,TREND,1.67,stressed,11.82,0,mm,47.32,21.23,21.24,21.3028,-15.56,0.69,1.00,TREND,-1.74,stressed,-11.17,-4100,dir,19.68
273.773,245,55.3,108153.69,108153.69,23241,-23241,152.83,152.84,152.8968,-14.41,0.53,1.00,TREND,-1.81,stressed,-10.34,-19141,dir,108852.32,106.24,106.25,106.1620,22.81,0.99,1.00,TREND,1.68,stressed,11.82,0,mm,47.32,21.22,21.23,21.2868,-15.47,0.62,1.00,TREND,-1.78,stressed,-11.17,-4100,dir,142.68
273.851,246,54.2,109042.33,109042.33,23241,-23241,152.82,152.83,152.8942,-14.44,0.53,1.00,TREND,-1.81,stressed,-10.06,-19141,dir,108852.32,106.25,106.26,106.1653,22.75,0.99,1.00,TREND,1.68,stressed,12.03,0,mm,47.32,21.21,21.22,21.2842,-15.47,0.62,1.00,TREND,-1.78,stressed,-11.71,-4100,dir,142.68
274.005,246,54.2,109042.33,109042.33,23241,-23241,152.81,152.82,152.8887,-14.55,0.53,1.00,TREND,-1.81,stressed,-10.06,-19141,dir,108852.32,106.26,106.28,106.1726,22.75,0.99,1.00,TREND,1.68,stressed,12.03,0,mm,47.32,21.2,21.21,21.2787,-15.53,0.62,1.00,TREND,-1.78,stressed,-11.71,-4100,dir,142.68
274.020,246,54.2,109042.33,109042.33,23241,-23241,152.81,152.82,152.8882,-14.56,0.53,1.00,TREND,-1.81,stressed,-10.06,-19141,dir,108852.32,106.26,106.28,106.1733,22.75,0.99,1.00,TREND,1.68,stressed,12.03,0,mm,47.32,21.2,21.21,21.2782,-15.54,0.62,1.00,TREND,-1.78,stressed,-11.71,-4100,dir,142.68
274.075,246,54.2,109042.33,109042.33,23241,-23241,152.81,152.82,152.8863,-14.58,0.53,1.00,TREND,-1.86,stressed,-10.06,-19141,dir,108852.32,106.26,106.28,106.1758,22.73,0.99,1.00,TREND,1.70,stressed,12.03,0,mm,47.32,21.2,21.21,21.2763,-15.54,0.62,1.00,TREND,-1.81,stressed,-11.71,-4100,dir,142.68
274.185,246,54.2,109042.33,109042.33,23241,-23241,152.81,152.82,152.8827,-14.59,0.53,1.00,TREND,-1.86,stressed,-10.06,-19141,dir,108852.32,106.26,106.28,106.1806,22.65,0.99,1.00,TREND,1.70,stressed,12.03,0,mm,47.32,21.2,21.21,21.2727,-15.52,0.62,1.00,TREND,-1.81,stressed,-11.71,-4100,dir,142.68
274.234,246,54.2,109042.33,109042.33,23241,-23241,152.81,152.82,152.8812,-14.59,0.53,1.00,TREND,-1.86,stressed,-10.06,-19141,dir,108852.32,106.28,106.3,106.1830,22.68,0.99,1.00,TREND,1.70,stressed,12.03,0,mm,47.32,21.2,21.21,21.2711,-15.51,0.62,1.00,TREND,-1.81,stressed,-11.71,-4100,dir,142.68
274.279,246,54.2,109042.33,109042.33,23241,-23241,152.81,152.82,152.8798,-14.58,0.48,1.00,TREND,-1.86,stressed,-10.06,-19141,dir,108852.32,106.28,106.3,106.1853,22.70,1.04,1.00,TREND,1.70,stressed,12.03,0,mm,47.32,21.2,21.21,21.2698,-15.49,0.56,1.00,TREND,-1.81,stressed,-11.71,-4100,dir,142.68
274.329,246,54.3,109042.33,109042.33,23241,-23241,152.81,152.82,152.8783,-14.57,0.48,1.00,TREND,-1.80,stressed,-10.06,-19141,dir,108852.32,106.28,106.3,106.1877,22.71,1.04,1.00,TREND,1.71,stressed,12.03,0,mm,47.32,21.2,21.21,21.2683,-15.46,0.56,1.00,TREND,-1.75,stressed,-11.71,-4100,dir,142.68
274.432,246,54.3,109042.33,109042.33,23241,-23241,152.79,152.81,152.8746,-14.64,0.48,1.00,TREND,-1.80,stressed,-10.06,-19141,dir,109426.55,106.3,106.31,106.1932,22.82,1.04,1.00,TREND,1.71,stressed,12.03,0,mm,47.32,21.19,21.2,21.2648,-15.47,0.56,1.00,TREND,-1.75,stressed,-11.71,-4100,dir,265.68
274.468,246,54.3,109042.33,109042.33,23241,-23241,152.79,152.81,152.8733,-14.66,0.48,1.00,TREND,-1.80,stressed,-10.06,-19141,dir,109426.55,106.3,106.31,106.1951,22.85,1.04,1.00,TREND,1.71,stressed,12.03,0,mm,47.32,21.19,21.2,21.2636,-15.46,0.56,1.00,TREND,-1.75,stressed,-11.71,-4100,dir,265.68
274.496,246,54.3,109042.33,109042.33,23241,-23241,152.79,152.81,152.8724,-14.67,0.48,1.00,TREND,-1.80,stressed,-10.06,-19141,dir,109426.55,106.3,106.31,106.1965,22.87,1.04,1.00,TREND,1.71,stressed,12.03,0,mm,47.32,21.19,21.2,21.2628,-15.46,0.56,1.00,TREND,-1.75,stressed,-11.71,-4100,dir,265.68
274.516,246,54.3,109042.33,109042.33,23241,-23241,152.79,152.81,152.8717,-14.67,0.48,1.00,TREND,-1.80,stressed,-10.06,-19141,dir,109426.55,106.3,106.31,106.1975,22.87,1.04,1.00,TREND,1.71,stressed,12.03,0,mm,47.32,21.19,21.2,21.2621,-15.45,0.56,1.00,TREND,-1.75,stressed,-11.71,-4100,dir,265.68
274.540,246,54.3,109042.33,109042.33,23241,-23241,152.79,152.81,152.8709,-14.68,0.48,1.00,TREND,-1.80,stressed,-10.06,-19141,dir,109426.55,106.3,106.31,106.1988,22.88,1.04,1.00,TREND,1.71,stressed,12.03,0,mm,47.32,21.19,21.2,21.2613,-15.45,0.56,1.00,TREND,-1.75,stressed,-11.71,-4100,dir,265.68
274.562,246,54.3,109042.33,109042.33,23241,-23241,152.79,152.81,152.8701,-14.68,0.48,1.00,TREND,-1.80,stressed,-10.06,-19141,dir,109426.55,106.3,106.31,106.1999,22.89,1.04,1.00,TREND,1.71,stressed,12.03,0,mm,47.32,21.19,21.2,21.2607,-15.44,0.56,1.00,TREND,-1.75,stressed,-11.71,-4100,dir,265.68
274.592,246,54.3,109042.33,109042.33,23241,-23241,152.79,152.81,152.8692,-14.69,0.48,1.00,TREND,-1.81,stressed,-10.06,-19141,dir,109426.55,106.3,106.31,106.2013,22.89,1.04,1.00,TREND,1.70,stressed,12.03,0,mm,47.32,21.19,21.2,21.2597,-15.43,0.56,1.00,TREND,-1.74,stressed,-11.71,-4100,dir,265.68
274.741,246,54.3,109042.33,109042.33,23241,-23241,152.77,152.8,152.8635,-14.84,0.48,1.00,TREND,-1.81,stressed,-10.06,-19141,dir,109426.55,106.31,106.32,106.2090,22.98,1.04,1.00,TREND,1.70,stressed,12.03,0,mm,47.32,21.18,21.19,21.2547,-15.45,0.56,1.00,TREND,-1.74,stressed,-11.71,-4100,dir,265.68
274.768,246,54.3,109042.33,109042.33,23241,-23241,152.77,152.8,152.8625,-14.86,0.48,1.00,TREND,-1.81,stressed,-10.06,-19141,dir,109426.55,106.31,106.32,106.2104,22.98,1.04,1.00,TREND,1.70,stressed,12.03,0,mm,47.32,21.18,21.19,21.2538,-15.44,0.56,1.00,TREND,-1.74,stressed,-11.71,-4100,dir,265.68
274.796,246,54.3,109042.33,109042.33,23241,-23241,152.77,152.8,152.8615,-14.87,0.54,1.00,TREND,-1.81,stressed,-10.06,-19141,dir,109426.55,106.31,106.32,106.2117,22.98,0.98,1.00,TREND,1.70,stressed,12.03,0,mm,47.32,21.18,21.19,21.2529,-15.44,0.51,1.00,TREND,-1.74,stressed,-11.71,-4100,dir,265.68
274.838,247,53.2,109739.56,109739.56,23241,-23241,152.77,152.8,152.8600,-14.89,0.54,1.00,TREND,-1.81,stressed,-10.06,-19141,dir,109426.55,106.31,106.32,106.2137,22.98,0.98,1.00,TREND,1.70,stressed,12.07,0,mm,47.32,21.18,21.19,21.2516,-15.43,0.51,1.00,TREND,-1.74,stressed,-11.62,-4100,dir,265.68
274.854,247,53.2,109739.56,109739.56,23241,-23241,152.77,152.8,152.8594,-14.90,0.54,1.00,TREND,-1.83,stressed,-10.06,-19141,dir,109426.55,106.31,106.32,106.2145,22.97,0.98,1.00,TREND,1.67,stressed,12.07,0,mm,47.32,21.18,21.19,21.2511,-15.42,0.51,1.00,TREND,-1.73,stressed,-11.62,-4100,dir,265.68
274.922,247,53.2,109739.56,109739.56,23241,-23241,152.77,152.78,152.8567,-14.97,0.54,1.00,TREND,-1.83,stressed,-10.06,-19141,dir,109426.55,106.32,106.33,106.2180,23.00,0.98,1.00,TREND,1.67,stressed,12.07,0,mm,47.32,21.17,21.18,21.2487,-15.45,0.51,1.00,TREND,-1.73,stressed,-11.62,-4100,dir,265.68
274.938,247,53.2,109739.56,109739.56,23241,-23241,152.77,152.78,152.8561,-14.98,0.54,1.00,TREND,-1.83,stressed,-10.06,-19141,dir,109426.55,106.32,106.33,106.2188,23.01,0.98,1.00,TREND,1.67,stressed,12.07,0,mm,47.32,21.17,21.18,21.2481,-15.45,0.51,1.00,TREND,-1.73,stressed,-11.62,-4100,dir,265.68
274.991,247,53.2,109739.56,109739.56,23241,-23241,152.77,152.78,152.8541,-15.02,0.54,1.00,TREND,-1.83,stressed,-10.06,-19141,dir,109426.55,106.32,106.33,106.2214,23.01,0.98,1.00,TREND,1.67,stressed,12.07,0,mm,47.32,21.17,21.18,21.2463,-15.46,0.51,1.00,TREND,-1.73,stressed,-11.62,-4100,dir,265.68
275.098,247,53.2,109739.56,109739.56,23241,-23241,152.77,152.78,152.8503,-15.08,0.54,1.00,TREND,-1.83,stressed,-10.06,-19141,dir,109426.55,106.32,106.33,106.2265,22.99,0.98,1.00,TREND,1.67,stressed,12.07,0,mm,47.32,21.17,21.18,21.2428,-15.45,0.51,1.00,TREND,-1.73,stressed,-11.62,-4100,dir,265.68
275.236,247,53.2,109739.56,109739.56,23241,-23241,152.76,152.77,152.8449,-15.20,0.54,1.00,TREND,-1.87,stressed,-10.06,-19141,dir,109426.55,106.33,106.35,106.2336,23.05,0.98,1.00,TREND,1.70,stressed,12.07,0,mm,47.32,21.17,21.18,21.2386,-15.40,0.51,1.00,TREND,-1.72,stressed,-11.62,-4100,dir,265.68
275.301,247,53.2,109739.56,109739.56,23241,-23241,152.76,152.77,152.8425,-15.23,0.48,1.00,TREND,-1.87,stressed,-10.06,-19141,dir,109426.55,106.33,106.35,106.2368,23.06,0.92,1.00,TREND,1.70,stressed,12.07,0,mm,47.32,21.17,21.18,21.2366,-15.36,0.54,1.00,TREND,-1.72,stressed,-11.62,-4100,dir,265.68
275.495,248,52.2,110819.61,110819.61,23241,-23241,152.75,152.76,152.8349,-15.40,0.48,1.00,TREND,-1.86,stressed,-10.06,-19141,dir,110383.60,106.35,106.36,106.2471,23.18,0.92,1.00,TREND,1.69,stressed,12.07,0,mm,47.32,21.16,21.17,21.2304,-15.34,0.54,1.00,TREND,-1.72,stressed,-11.17,-4100,dir,388.68
275.535,248,52.2,110819.61,110819.61,23241,-23241,152.75,152.76,152.8334,-15.42,0.48,1.00,TREND,-1.86,stressed,-10.06,-19141,dir,110383.60,106.35,106.36,106.2492,23.18,0.92,1.00,TREND,1.69,stressed,12.07,0,mm,47.32,21.16,21.17,21.2292,-15.32,0.54,1.00,TREND,-1.72,stressed,-11.17,-4100,dir,388.68
275.555,248,52.2,110819.61,110819.61,23241,-23241,152.75,152.76,152.8327,-15.43,0.48,1.00,TREND,-1.86,stressed,-10.06,-19141,dir,110383.60,106.35,106.36,106.2501,23.18,0.92,1.00,TREND,1.69,stressed,12.07,0,mm,47.32,21.16,21.17,21.2286,-15.32,0.54,1.00,TREND,-1.72,stressed,-11.17,-4100,dir,388.68
275.773,248,52.2,110819.61,110819.61,23241,-23241,152.75,152.76,152.8251,-15.43,0.48,1.00,TREND,-1.80,stressed,-10.06,-19141,dir,110383.60,106.35,106.36,106.2604,23.08,0.92,1.00,TREND,1.64,stressed,12.07,0,mm,47.32,21.16,21.17,21.2224,-15.16,0.54,1.00,TREND,-1.67,stressed,-11.17,-4100,dir,388.68
275.941,248,52.2,110819.61,110819.61,23241,-23241,152.74,152.75,152.8190,-15.48,0.44,1.00,TREND,-1.80,stressed,-10.06,-19141,dir,110383.60,106.36,106.37,106.2683,23.03,0.87,1.00,TREND,1.64,stressed,12.07,0,mm,47.32,21.15,21.16,21.2173,-15.12,0.50,1.00,TREND,-1.67,stressed,-11.17,-4100,dir,388.68
276.029,248,52.3,110819.61,110819.61,23241,-23241,152.73,152.74,152.8156,-15.54,0.44,1.00,TREND,-1.84,stressed,-10.06,-19141,dir,110383.60,106.37,106.38,106.2727,23.03,0.87,1.00,TREND,1.65,stressed,12.07,0,mm,47.32,21.15,21.16,21.2147,-15.07,0.50,1.00,TREND,-1.67,stressed,-11.17,-4100,dir,388.68
276.091,248,52.3,110819.61,110819.61,23241,-23241,152.73,152.74,152.8132,-15.57,0.44,1.00,TREND,-1.84,stressed,-10.06,-19141,dir,110383.60,106.37,106.38,106.2756,23.01,0.87,1.00,TREND,1.65,stressed,12.07,0,mm,47.32,21.15,21.16,21.2130,-15.03,0.50,1.00,TREND,-1.67,stressed,-11.17,-4100,dir,388.68
276.410,248,52.3,110819.61,110819.61,23241,-23241,152.73,152.74,152.8024,-15.54,0.44,1.00,TREND,-1.77,stressed,-10.06,-19141,dir,110383.60,106.37,106.38,106.2894,22.73,0.87,1.00,TREND,1.60,stressed,12.07,0,mm,47.32,21.14,21.15,21.2036,-14.93,0.50,1.00,TREND,-1.66,stressed,-11.17,-4100,dir,388.68
276.510,248,52.3,110819.61,110819.61,23241,-23241,152.72,152.73,152.7988,-15.56,0.39,1.00,TREND,-1.77,stressed,-10.06,-19141,dir,110957.83,106.39,106.4,106.2943,22.74,0.79,1.00,TREND,1.60,stressed,12.07,0,mm,47.32,21.14,21.15,21.2009,-14.85,0.53,1.00,TREND,-1.66,stressed,-11.17,-4100,dir,470.68
276.593,249,51.2,111475.84,111475.84,23241,-23241,152.72,152.73,152.7960,-15.55,0.39,1.00,TREND,-1.77,stressed,-11.11,-19141,dir,110957.83,106.4,106.41,106.2985,22.78,0.79,1.00,TREND,1.60,stressed,12.75,0,mm,47.32,21.13,21.14,21.1984,-14.85,0.53,1.00,TREND,-1.66,stressed,-12.57,-4100,dir,470.68
276.636,249,51.2,111475.84,111475.84,23241,-23241,152.72,152.73,152.7946,-15.54,0.39,1.00,TREND,-1.77,stressed,-11.11,-19141,dir,110957.83,106.4,106.41,106.3006,22.79,0.79,1.00,TREND,1.60,stressed,12.75,0,mm,47.32,21.13,21.14,21.1971,-14.83,0.53,1.00,TREND,-1.66,stressed,-12.57,-4100,dir,470.68
276.881,249,51.2,111475.84,111475.84,23241,-23241,152.71,152.72,152.7859,-15.58,0.39,1.00,TREND,-1.81,stressed,-11.11,-19141,dir,110957.83,106.41,106.42,106.3131,22.89,0.79,1.00,TREND,1.67,stressed,12.75,0,mm,47.32,21.12,21.13,21.1892,-14.87,0.53,1.00,TREND,-1.70,stressed,-12.57,-4100,dir,470.68
276.912,249,51.2,111475.84,111475.84,23241,-23241,152.71,152.72,152.7849,-15.57,0.39,1.00,TREND,-1.81,stressed,-11.11,-19141,dir,110957.83,106.41,106.42,106.3145,22.88,0.79,1.00,TREND,1.67,stressed,12.75,0,mm,47.32,21.12,21.13,21.1883,-14.87,0.53,1.00,TREND,-1.70,stressed,-12.57,-4100,dir,470.68
276.949,249,51.2,111475.84,111475.84,23241,-23241,152.71,152.72,152.7837,-15.56,0.39,1.00,TREND,-1.81,stressed,-11.11,-19141,dir,110957.83,106.41,106.42,106.3163,22.87,0.79,1.00,TREND,1.67,stressed,12.75,0,mm,47.32,21.12,21.13,21.1872,-14.86,0.53,1.00,TREND,-1.70,stressed,-12.57,-4100,dir,470.68
277.113,249,51.2,111475.84,111475.84,23241,-23241,152.7,152.71,152.7779,-15.60,0.35,1.00,TREND,-1.81,stressed,-11.11,-19141,dir,110957.83,106.42,106.44,106.3247,22.95,0.77,1.00,TREND,1.67,stressed,12.75,0,mm,47.32,21.11,21.12,21.1819,-14.90,0.59,1.00,TREND,-1.70,stressed,-12.57,-4100,dir,470.68
277.137,249,51.3,111475.84,111475.84,23241,-23241,152.7,152.71,152.7770,-15.60,0.35,1.00,TREND,-1.80,stressed,-11.11,-19141,dir,110957.83,106.42,106.44,106.3259,22.95,0.77,1.00,TREND,1.67,stressed,12.75,0,mm,47.32,21.11,21.12,21.1811,-14.89,0.59,1.00,TREND,-1.70,stressed,-12.57,-4100,dir,470.68
277.167,249,51.3,111475.84,111475.84,23241,-23241,152.7,152.71,152.7760,-15.59,0.35,1.00,TREND,-1.80,stressed,-11.11,-19141,dir,110957.83,106.42,106.44,106.3273,22.95,0.77,1.00,TREND,1.67,stressed,12.75,0,mm,47.32,21.11,21.12,21.1802,-14.89,0.59,1.00,TREND,-1.70,stressed,-12.57,-4100,dir,470.68
277.194,249,51.3,111475.84,111475.84,23241,-23241,152.7,152.71,152.7751,-15.59,0.35,1.00,TREND,-1.80,stressed,-11.11,-19141,dir,110957.83,106.42,106.44,106.3287,22.94,0.77,1.00,TREND,1.67,stressed,12.75,0,mm,47.32,21.11,21.12,21.1793,-14.89,0.59,1.00,TREND,-1.70,stressed,-12.57,-4100,dir,470.68
277.322,249,51.3,111475.84,111475.84,23241,-23241,152.69,152.7,152.7704,-15.64,0.35,1.00,TREND,-1.80,stressed,-11.11,-19141,dir,110957.83,106.44,106.45,106.3355,23.03,0.77,1.00,TREND,1.67,stressed,12.75,0,mm,47.32,21.1,21.11,21.1750,-14.94,0.59,1.00,TREND,-1.70,stressed,-12.57,-4100,dir,470.68
277.548,249,51.3,111475.84,111475.84,23241,-23241,152.69,152.7,152.7628,-15.61,0.35,1.00,TREND,-1.79,stressed,-11.11,-19141,dir,111532.06,106.44,106.45,106.3465,23.02,0.77,1.00,TREND,1.66,stressed,12.75,0,mm,47.32,21.1,21.11,21.1680,-14.93,0.59,1.00,TREND,-1.69,stressed,-12.57,-4100,dir,634.68
277.567,249,51.3,111475.84,111475.84,23241,-23241,152.69,152.7,152.7622,-15.60,0.35,1.00,TREND,-1.79,stressed,-11.11,-19141,dir,111532.06,106.45,106.46,106.3475,23.02,0.77,1.00,TREND,1.66,stressed,12.75,0,mm,47.32,21.1,21.11,21.1674,-14.92,0.59,1.00,TREND,-1.69,stressed,-12.57,-4100,dir,634.68
277.594,249,51.3,111475.84,111475.84,23241,-23241,152.69,152.7,152.7614,-15.59,0.35,1.00,TREND,-1.79,stressed,-11.11,-19141,dir,111532.06,106.45,106.46,106.3489,23.03,0.77,1.00,TREND,1.66,stressed,12.75,0,mm,47.32,21.1,21.11,21.1666,-14.91,0.59,1.00,TREND,-1.69,stressed,-12.57,-4100,dir,634.68
277.633,249,51.3,111475.84,111475.84,23241,-23241,152.69,152.7,152.7602,-15.57,0.41,1.00,TREND,-1.79,stressed,-11.11,-19141,dir,111532.06,106.45,106.46,106.3507,23.03,0.73,1.00,TREND,1.66,stressed,12.75,0,mm,47.32,21.1,21.11,21.1655,-14.89,0.61,1.00,TREND,-1.69,stressed,-12.57,-4100,dir,634.68
277.684,250,50.2,112214.07,112214.07,23241,-23241,152.69,152.7,152.7586,-15.53,0.41,1.00,TREND,-1.79,stressed,-11.11,-19141,dir,111532.06,106.45,106.46,106.3532,23.02,0.73,1.00,TREND,1.66,stressed,13.02,0,mm,47.32,21.1,21.11,21.1641,-14.86,0.61,1.00,TREND,-1.69,stressed,-12.57,-4100,dir,634.68
277.826,250,50.2,112214.07,112214.07,23241,-23241,152.68,152.69,152.7539,-15.53,0.41,1.00,TREND,-1.78,stressed,-11.11,-19141,dir,111532.06,106.46,106.47,106.3604,23.06,0.73,1.00,TREND,1.67,stressed,13.02,0,mm,47.32,21.09,21.1,21.1596,-14.86,0.61,1.00,TREND,-1.69,stressed,-12.57,-4100,dir,634.68
277.878,250,50.2,112214.07,112214.07,23241,-23241,152.68,152.69,152.7522,-15.51,0.41,1.00,TREND,-1.78,stressed,-11.11,-19141,dir,111532.06,106.46,106.47,106.3630,23.05,0.73,1.00,TREND,1.67,stressed,13.02,0,mm,47.32,21.09,21.1,21.1580,-14.85,0.61,1.00,TREND,-1.69,stressed,-12.57,-4100,dir,634.68
277.960,250,50.2,112214.07,112214.07,23241,-23241,152.68,152.69,152.7496,-15.47,0.41,1.00,TREND,-1.78,stressed,-11.11,-19141,dir,111532.06,106.46,106.47,106.3669,23.02,0.73,1.00,TREND,1.67,stressed,13.02,0,mm,47.32,21.09,21.1,21.1556,-14.82,0.61,1.00,TREND,-1.69,stressed,-12.57,-4100,dir,634.68
278.122,250,50.2,112214.07,112214.07,23241,-23241,152.66,152.68,152.7438,-15.54,0.41,1.00,TREND,-1.79,stressed,-11.11,-19141,dir,111532.06,106.47,106.48,106.3748,23.01,0.73,1.00,TREND,1.65,stressed,13.02,0,mm,47.32,21.09,21.1,21.1512,-14.72,0.61,1.00,TREND,-1.64,stressed,-12.57,-4100,dir,634.68
278.143,250,50.2,112214.07,112214.07,23241,-23241,152.66,152.68,152.7431,-15.54,0.42,1.00,TREND,-1.79,stressed,-11.11,-19141,dir,111532.06,106.47,106.48,106.3758,23.00,0.74,1.00,TREND,1.65,stressed,13.02,0,mm,47.32,21.09,21.1,21.1506,-14.70,0.62,1.00,TREND,-1.64,stressed,-12.57,-4100,dir,634.68
278.172,250,50.3,112214.07,112214.07,23241,-23241,152.66,152.68,152.7421,-15.54,0.42,1.00,TREND,-1.79,stressed,-11.11,-19141,dir,111532.06,106.47,106.48,106.3771,22.99,0.74,1.00,TREND,1.65,stressed,13.02,0,mm,47.32,21.09,21.1,21.1499,-14.68,0.62,1.00,TREND,-1.64,stressed,-12.57,-4100,dir,634.68
278.210,250,50.3,112214.07,112214.07,23241,-23241,152.66,152.68,152.7408,-15.54,0.42,1.00,TREND,-1.79,stressed,-11.11,-19141,dir,111532.06,106.47,106.48,106.3789,22.96,0.74,1.00,TREND,1.65,stressed,13.02,0,mm,47.32,21.09,21.1,21.1489,-14.64,0.62,1.00,TREND,-1.64,stressed,-12.57,-4100,dir,634.68
278.431,250,50.3,112214.07,112214.07,23241,-23241,152.66,152.67,152.7333,-15.54,0.42,1.00,TREND,-1.75,stressed,-11.11,-19141,dir,111532.06,106.48,106.5,106.3898,22.98,0.74,1.00,TREND,1.65,stressed,13.02,0,mm,47.32,21.08,21.09,21.1426,-14.57,0.62,1.00,TREND,-1.64,stressed,-12.57,-4100,dir,634.68
278.496,250,50.3,112214.07,112214.07,23241,-23241,152.65,152.66,152.7310,-15.57,0.42,1.00,TREND,-1.75,stressed,-11.11,-19141,dir,112297.70,106.5,106.51,106.3933,23.03,0.74,1.00,TREND,1.65,stressed,13.02,0,mm,47.32,21.08,21.09,21.1409,-14.53,0.62,1.00,TREND,-1.64,stressed,-12.57,-4100,dir,716.68
278.534,250,50.3,112214.07,112214.07,23241,-23241,152.65,152.66,152.7296,-15.58,0.42,1.00,TREND,-1.75,stressed,-11.11,-19141,dir,112297.70,106.51,106.52,106.3955,23.08,0.74,1.00,TREND,1.65,stressed,13.02,0,mm,47.32,21.08,21.09,21.1399,-14.50,0.62,1.00,TREND,-1.64,stressed,-12.57,-4100,dir,716.68
278.575,250,50.3,112214.07,112214.07,23241,-23241,152.65,152.66,152.7283,-15.59,0.42,1.00,TREND,-1.75,stressed,-11.11,-19141,dir,112297.70,106.51,106.52,106.3975,23.12,0.74,1.00,TREND,1.65,stressed,13.02,0,mm,47.32,21.08,21.09,21.1389,-14.47,0.62,1.00,TREND,-1.64,stressed,-12.57,-4100,dir,716.68
278.675,250,50.3,112214.07,112214.07,23241,-23241,152.65,152.66,152.7248,-15.59,0.42,1.00,TREND,-1.75,stressed,-11.11,-19141,dir,112297.70,106.51,106.52,106.4031,23.20,0.77,1.00,TREND,1.65,stressed,13.02,0,mm,47.32,21.08,21.09,21.1364,-14.38,0.63,1.00,TREND,-1.64,stressed,-12.57,-4100,dir,716.68
278.749,251,49.2,113061.71,113061.71,23241,-23241,152.65,152.66,152.7224,-15.57,0.42,1.00,TREND,-1.74,stressed,-11.17,-19141,dir,112297.70,106.51,106.52,106.4070,23.22,0.77,1.00,TREND,1.68,stressed,14.38,0,mm,47.32,21.08,21.09,21.1346,-14.30,0.63,1.00,TREND,-1.59,stressed,-13.58,-4100,dir,716.68
278.879,251,49.2,113061.71,113061.71,23241,-23241,152.64,152.65,152.7179,-15.60,0.42,1.00,TREND,-1.74,stressed,-11.17,-19141,dir,112297.70,106.52,106.53,106.4139,23.30,0.77,1.00,TREND,1.68,stressed,14.38,0,mm,47.32,21.07,21.08,21.1311,-14.25,0.63,1.00,TREND,-1.59,stressed,-13.58,-4100,dir,716.68
278.904,251,49.2,113061.71,113061.71,23241,-23241,152.64,152.65,152.7170,-15.60,0.42,1.00,TREND,-1.74,stressed,-11.17,-19141,dir,112297.70,106.52,106.53,106.4152,23.31,0.77,1.00,TREND,1.68,stressed,14.38,0,mm,47.32,21.07,21.08,21.1304,-14.24,0.63,1.00,TREND,-1.59,stressed,-13.58,-4100,dir,716.68
278.944,251,49.2,113061.71,113061.71,23241,-23241,152.64,152.65,152.7157,-15.60,0.42,1.00,TREND,-1.74,stressed,-11.17,-19141,dir,112297.70,106.52,106.53,106.4173,23.31,0.77,1.00,TREND,1.68,stressed,14.38,0,mm,47.32,21.07,21.08,21.1294,-14.21,0.63,1.00,TREND,-1.59,stressed,-13.58,-4100,dir,716.68
278.976,251,49.2,113061.71,113061.71,23241,-23241,152.64,152.65,152.7147,-15.59,0.42,1.00,TREND,-1.74,stressed,-11.17,-19141,dir,112297.70,106.52,106.53,106.4188,23.31,0.77,1.00,TREND,1.68,stressed,14.38,0,mm,47.32,21.07,21.08,21.1286,-14.19,0.63,1.00,TREND,-1.59,stressed,-13.58,-4100,dir,716.68
279.075,251,49.2,113061.71,113061.71,23241,-23241,152.64,152.65,152.7115,-15.56,0.42,1.00,TREND,-1.73,stressed,-11.17,-19141,dir,112297.70,106.53,106.54,106.4242,23.36,0.77,1.00,TREND,1.69,stressed,14.38,0,mm,47.32,21.06,21.07,21.1257,-14.19,0.63,1.00,TREND,-1.64,stressed,-13.58,-4100,dir,716.68
279.100,251,49.2,113061.71,113061.71,23241,-23241,152.64,152.65,152.7107,-15.55,0.42,1.00,TREND,-1.73,stressed,-11.17,-19141,dir,112297.70,106.53,106.54,106.4255,23.37,0.77,1.00,TREND,1.69,stressed,14.38,0,mm,47.32,21.06,21.07,21.1249,-14.19,0.63,1.00,TREND,-1.64,stressed,-13.58,-4100,dir,716.68
279.123,251,49.2,113061.71,113061.71,23241,-23241,152.64,152.65,152.7100,-15.54,0.42,1.00,TREND,-1.73,stressed,-11.17,-19141,dir,112297.70,106.53,106.54,106.4266,23.37,0.77,1.00,TREND,1.69,stressed,14.38,0,mm,47.32,21.06,21.07,21.1243,-14.19,0.63,1.00,TREND,-1.64,stressed,-13.58,-4100,dir,716.68
279.145,251,49.2,113061.71,113061.71,23241,-23241,152.64,152.65,152.7093,-15.53,0.42,1.00,TREND,-1.73,stressed,-11.17,-19141,dir,112297.70,106.53,106.54,106.4278,23.37,0.77,1.00,TREND,1.69,stressed,14.38,0,mm,47.32,21.06,21.07,21.1237,-14.18,0.63,1.00,TREND,-1.64,stressed,-13.58,-4100,dir,716.68
279.168,251,49.2,113061.71,113061.71,23241,-23241,152.64,152.65,152.7086,-15.51,0.42,1.00,TREND,-1.73,stressed,-11.17,-19141,dir,112297.70,106.53,106.54,106.4289,23.37,0.77,1.00,TREND,1.69,stressed,14.38,0,mm,47.32,21.06,21.07,21.1231,-14.17,0.63,1.00,TREND,-1.64,stressed,-13.58,-4100,dir,716.68
279.253,251,49.3,113061.71,113061.71,23241,-23241,152.64,152.65,152.7061,-15.45,0.46,1.00,TREND,-1.73,stressed,-11.17,-19141,dir,112297.70,106.53,106.54,106.4331,23.35,0.78,1.00,TREND,1.69,stressed,14.38,0,mm,47.32,21.06,21.07,21.1208,-14.14,0.60,1.00,TREND,-1.64,stressed,-13.58,-4100,dir,716.68
279.352,251,49.3,113061.71,113061.71,23241,-23241,152.63,152.64,152.7029,-15.45,0.46,1.00,TREND,-1.73,stressed,-11.17,-19141,dir,112297.70,106.54,106.55,106.4382,23.36,0.78,1.00,TREND,1.67,stressed,14.38,0,mm,47.32,21.06,21.07,21.1183,-14.08,0.60,1.00,TREND,-1.59,stressed,-13.58,-4100,dir,716.68
279.431,251,49.3,113061.71,113061.71,23241,-23241,152.63,152.64,152.7004,-15.42,0.46,1.00,TREND,-1.73,stressed,-11.17,-19141,dir,112680.52,106.54,106.55,106.4421,23.35,0.78,1.00,TREND,1.67,stressed,14.38,0,mm,47.32,21.05,21.06,21.1159,-14.08,0.60,1.00,TREND,-1.59,stressed,-13.58,-4100,dir,839.68
279.461,251,49.3,113061.71,113061.71,23241,-23241,152.63,152.64,152.6995,-15.41,0.46,1.00,TREND,-1.73,stressed,-11.17,-19141,dir,112680.52,106.54,106.55,106.4435,23.34,0.78,1.00,TREND,1.67,stressed,14.38,0,mm,47.32,21.05,21.06,21.1151,-14.08,0.60,1.00,TREND,-1.59,stressed,-13.58,-4100,dir,839.68
279.513,251,49.3,113061.71,113061.71,23241,-23241,152.63,152.64,152.6979,-15.38,0.46,1.00,TREND,-1.73,stressed,-11.17,-19141,dir,112680.52,106.54,106.55,106.4460,23.31,0.78,1.00,TREND,1.67,stressed,14.38,0,mm,47.32,21.05,21.06,21.1136,-14.07,0.60,1.00,TREND,-1.59,stressed,-13.58,-4100,dir,839.68
279.640,251,49.3,113061.71,113061.71,23241,-23241,152.62,152.63,152.6938,-15.39,0.46,1.00,TREND,-1.72,stressed,-11.17,-19141,dir,112680.52,106.55,106.56,106.4522,23.30,0.78,1.00,TREND,1.65,stressed,14.38,0,mm,47.32,21.05,21.06,21.1103,-14.03,0.60,1.00,TREND,-1.60,stressed,-13.58,-4100,dir,839.68
279.690,251,49.3,113061.71,113061.71,23241,-23241,152.62,152.63,152.6921,-15.38,0.46,1.00,TREND,-1.72,stressed,-11.17,-19141,dir,112680.52,106.55,106.56,106.4547,23.28,0.78,1.00,TREND,1.65,stressed,14.38,0,mm,47.32,21.05,21.06,21.1090,-14.00,0.60,1.00,TREND,-1.60,stressed,-13.58,-4100,dir,839.68
279.736,252,48.2,113567.53,113567.53,23241,-23241,152.62,152.63,152.6907,-15.37,0.46,1.00,TREND,-1.72,stressed,-12.57,-19141,dir,112680.52,106.55,106.56,106.4568,23.25,0.78,1.00,TREND,1.65,stressed,16.19,0,mm,47.32,21.05,21.06,21.1078,-13.97,0.60,1.00,TREND,-1.60,stressed,-16.00,-4100,dir,839.68
279.765,252,48.2,113567.53,113567.53,23241,-23241,152.62,152.63,152.6898,-15.36,0.43,1.00,TREND,-1.72,stressed,-12.57,-19141,dir,112680.52,106.55,106.56,106.4582,23.23,0.78,1.00,TREND,1.65,stressed,16.19,0,mm,47.32,21.05,21.06,21.1071,-13.95,0.60,1.00,TREND,-1.60,stressed,-16.00,-4100,dir,839.68
279.850,252,48.2,113567.53,113567.53,23241,-23241,152.6,152.62,152.6866,-15.41,0.43,1.00,TREND,-1.72,stressed,-12.57,-19141,dir,112680.52,106.56,106.57,106.4623,23.22,0.78,1.00,TREND,1.65,stressed,16.19,0,mm,47.32,21.04,21.05,21.1047,-13.95,0.60,1.00,TREND,-1.60,stressed,-16.00,-4100,dir,839.68
279.863,252,48.2,113567.53,113567.53,23241,-23241,152.6,152.62,152.6862,-15.42,0.43,1.00,TREND,-1.72,stressed,-12.57,-19141,dir,112680.52,106.56,106.57,106.4630,23.22,0.78,1.00,TREND,1.65,stressed,16.19,0,mm,47.32,21.04,21.05,21.1043,-13.95,0.60,1.00,TREND,-1.60,stressed,-16.00,-4100,dir,839.68
279.896,252,48.2,113567.53,113567.53,23241,-23241,152.6,152.62,152.6850,-15.43,0.43,1.00,TREND,-1.74,stressed,-12.57,-19141,dir,112680.52,106.56,106.57,106.4645,23.20,0.78,1.00,TREND,1.64,stressed,16.19,0,mm,47.32,21.04,21.05,21.1034,-13.94,0.60,1.00,TREND,-1.60,stressed,-16.00,-4100,dir,839.68
279.953,252,48.2,113567.53,113567.53,23241,-23241,152.6,152.62,152.6830,-15.45,0.43,1.00,TREND,-1.74,stressed,-12.57,-19141,dir,112680.52,106.56,106.57,106.4672,23.17,0.78,1.00,TREND,1.64,stressed,16.19,0,mm,47.32,21.04,21.05,21.1018,-13.93,0.60,1.00,TREND,-1.60,stressed,-16.00,-4100,dir,839.68
279.986,252,48.2,113567.53,113567.53,23241,-23241,152.6,152.62,152.6819,-15.45,0.43,1.00,TREND,-1.74,stressed,-12.57,-19141,dir,112680.52,106.56,106.57,106.4687,23.15,0.78,1.00,TREND,1.64,stressed,16.19,0,mm,47.32,21.04,21.05,21.1010,-13.91,0.60,1.00,TREND,-1.60,stressed,-16.00,-4100,dir,839.68
280.067,252,48.2,113567.53,113567.53,23241,-23241,152.6,152.62,152.6792,-15.45,0.43,1.00,TREND,-1.74,stressed,-12.57,-19141,dir,112680.52,106.56,106.57,106.4723,23.08,0.78,1.00,TREND,1.64,stressed,16.19,0,mm,47.32,21.04,21.05,21.0989,-13.88,0.60,1.00,TREND,-1.60,stressed,-16.00,-4100,dir,839.68
280.366,252,48.2,113567.53,113567.53,23241,-23241,152.59,152.6,152.6682,-15.63,0.49,1.00,TREND,-1.75,stressed,-12.57,-19141,dir,112680.52,106.57,106.58,106.4857,22.87,0.77,1.00,TREND,1.62,stressed,16.19,0,mm,47.32,21.03,21.04,21.0905,-13.85,0.57,1.00,TREND,-1.60,stressed,-16.00,-4100,dir,839.68
280.731,253,47.2,114456.17,114456.17,23241,-23241,152.58,152.59,152.6550,-15.74,0.49,1.00,TREND,-1.74,stressed,-12.67,-19141,dir,113446.16,106.58,106.59,106.5014,22.54,0.77,1.00,TREND,1.61,stressed,15.02,0,mm,47.32,21.02,21.03,21.0801,-13.82,0.57,1.00,TREND,-1.60,stressed,-16.00,-4100,dir,962.68
280.751,253,47.2,114456.17,114456.17,23241,-23241,152.58,152.59,152.6544,-15.73,0.49,1.00,TREND,-1.74,stressed,-12.67,-19141,dir,113446.16,106.59,106.6,106.5022,22.53,0.77,1.00,TREND,1.61,stressed,15.02,0,mm,47.32,21.01,21.03,21.0796,-13.82,0.57,1.00,TREND,-1.60,stressed,-16.00,-4100,dir,962.68
280.813,253,47.2,114456.17,114456.17,23241,-23241,152.58,152.59,152.6524,-15.71,0.49,1.00,TREND,-1.74,stressed,-12.67,-19141,dir,113446.16,106.59,106.6,106.5050,22.49,0.77,1.00,TREND,1.61,stressed,15.02,0,mm,47.32,21.01,21.03,21.0779,-13.81,0.57,1.00,TREND,-1.60,stressed,-16.00,-4100,dir,962.68
280.935,253,47.2,114456.17,114456.17,23241,-23241,152.56,152.58,152.6478,-15.79,0.49,1.00,TREND,-1.74,stressed,-12.67,-19141,dir,113446.16,106.6,106.61,106.5105,22.46,0.72,1.00,TREND,1.61,stressed,15.02,0,mm,47.32,21.0,21.01,21.0738,-13.91,0.63,1.00,TREND,-1.60,stressed,-16.00,-4100,dir,962.68
280.971,253,47.2,114456.17,114456.17,23241,-23241,152.56,152.58,152.6465,-15.80,0.49,1.00,TREND,-1.74,stressed,-12.67,-19141,dir,113446.16,106.6,106.61,106.5121,22.44,0.72,1.00,TREND,1.61,stressed,15.02,0,mm,47.32,21.0,21.01,21.0727,-13.93,0.63,1.00,TREND,-1.60,stressed,-16.00,-4100,dir,962.68
281.016,253,47.2,114456.17,114456.17,23241,-23241,152.56,152.58,152.6449,-15.81,0.49,1.00,TREND,-1.76,stressed,-12.67,-19141,dir,113446.16,106.6,106.61,106.5141,22.41,0.72,1.00,TREND,1.62,stressed,15.02,0,mm,47.32,21.0,21.01,21.0712,-13.94,0.63,1.00,TREND,-1.65,stressed,-16.00,-4100,dir,962.68
281.171,253,47.2,114456.17,114456.17,23241,-23241,152.55,152.56,152.6386,-15.97,0.49,1.00,TREND,-1.76,stressed,-12.67,-19141,dir,113446.16,106.61,106.63,106.5215,22.44,0.72,1.00,TREND,1.62,stressed,15.02,0,mm,47.32,20.99,21.0,21.0659,-14.08,0.63,1.00,TREND,-1.65,stressed,-16.00,-4100,dir,962.68
281.195,253,47.2,114456.17,114456.17,23241,-23241,152.55,152.56,152.6376,-15.99,0.49,1.00,TREND,-1.76,stressed,-12.67,-19141,dir,113446.16,106.61,106.63,106.5226,22.43,0.72,1.00,TREND,1.62,stressed,15.02,0,mm,47.32,20.99,21.0,21.0651,-14.09,0.63,1.00,TREND,-1.65,stressed,-16.00,-4100,dir,962.68
281.224,253,47.2,114456.17,114456.17,23241,-23241,152.55,152.56,152.6365,-16.00,0.49,1.00,TREND,-1.76,stressed,-12.67,-19141,dir,113446.16,106.61,106.63,106.5239,22.43,0.72,1.00,TREND,1.62,stressed,15.02,0,mm,47.32,20.99,21.0,21.0641,-14.11,0.63,1.00,TREND,-1.65,stressed,-16.00,-4100,dir,962.68
281.388,253,47.2,114456.17,114456.17,23241,-23241,152.55,152.56,152.6305,-16.05,0.49,1.00,TREND,-1.77,stressed,-12.67,-19141,dir,113446.16,106.61,106.63,106.5311,22.33,0.72,1.00,TREND,1.62,stressed,15.02,0,mm,47.32,20.99,21.0,21.0590,-14.15,0.63,1.00,TREND,-1.65,stressed,-16.00,-4100,dir,962.68
281.626,253,47.2,114456.17,114456.17,23241,-23241,152.54,152.55,152.6215,-16.16,0.49,1.00,TREND,-1.77,stressed,-12.67,-19141,dir,114403.21,106.63,106.64,106.5420,22.30,0.67,1.00,TREND,1.62,stressed,15.02,0,mm,47.32,20.98,20.99,21.0512,-14.25,0.59,1.00,TREND,-1.65,stressed,-16.00,-4100,dir,1126.68
281.685,254,46.2,115577.22,115577.22,23241,-23241,152.54,152.55,152.6193,-16.16,0.49,1.00,TREND,-1.76,stressed,-12.80,-19141,dir,114403.21,106.64,106.65,106.5449,22.31,0.67,1.00,TREND,1.66,stressed,15.38,0,mm,47.32,20.97,20.99,21.0492,-14.28,0.59,1.00,TREND,-1.68,stressed,-15.60,-4100,dir,1126.68
281.708,254,46.2,115577.22,115577.22,23241,-23241,152.54,152.55,152.6185,-16.15,0.49,1.00,TREND,-1.76,stressed,-12.80,-19141,dir,114403.21,106.64,106.65,106.5460,22.31,0.67,1.00,TREND,1.66,stressed,15.38,0,mm,47.32,20.97,20.99,21.0485,-14.29,0.59,1.00,TREND,-1.68,stressed,-15.60,-4100,dir,1126.68
281.732,254,46.2,115577.22,115577.22,23241,-23241,152.54,152.55,152.6177,-16.15,0.49,1.00,TREND,-1.76,stressed,-12.80,-19141,dir,114403.21,106.64,106.65,106.5471,22.31,0.67,1.00,TREND,1.66,stressed,15.38,0,mm,47.32,20.97,20.99,21.0477,-14.29,0.59,1.00,TREND,-1.68,stressed,-15.60,-4100,dir,1126.68
281.754,254,46.2,115577.22,115577.22,23241,-23241,152.54,152.55,152.6169,-16.14,0.49,1.00,TREND,-1.76,stressed,-12.80,-19141,dir,114403.21,106.64,106.65,106.5481,22.31,0.67,1.00,TREND,1.66,stressed,15.38,0,mm,47.32,20.97,20.99,21.0470,-14.30,0.59,1.00,TREND,-1.68,stressed,-15.60,-4100,dir,1126.68
281.779,254,46.2,115577.22,115577.22,23241,-23241,152.54,152.55,152.6161,-16.14,0.49,1.00,TREND,-1.76,stressed,-12.80,-19141,dir,114403.21,106.64,106.65,106.5492,22.30,0.67,1.00,TREND,1.66,stressed,15.38,0,mm,47.32,20.97,20.99,21.0462,-14.30,0.59,1.00,TREND,-1.68,stressed,-15.60,-4100,dir,1126.68
281.806,254,46.2,115577.22,115577.22,23241,-23241,152.54,152.55,152.6152,-16.12,0.49,1.00,TREND,-1.76,stressed,-12.80,-19141,dir,114403.21,106.64,106.65,106.5505,22.29,0.67,1.00,TREND,1.66,stressed,15.38,0,mm,47.32,20.97,20.99,21.0454,-14.30,0.59,1.00,TREND,-1.68,stressed,-15.60,-4100,dir,1126.68
281.907,254,46.2,115577.22,115577.22,23241,-23241,152.53,152.54,152.6115,-16.15,0.49,1.00,TREND,-1.76,stressed,-12.80,-19141,dir,114403.21,106.65,106.66,106.5553,22.31,0.67,1.00,TREND,1.66,stressed,15.38,0,mm,47.32,20.96,20.97,21.0417,-14.40,0.59,1.00,TREND,-1.68,stressed,-15.60,-4100,dir,1126.68
281.935,254,46.2,115577.22,115577.22,23241,-23241,152.53,152.54,152.6105,-16.15,0.49,1.00,TREND,-1.76,stressed,-12.80,-19141,dir,114403.21,106.65,106.66,106.5566,22.31,0.67,1.00,TREND,1.66,stressed,15.38,0,mm,47.32,20.96,20.97,21.0407,-14.43,0.59,1.00,TREND,-1.68,stressed,-15.60,-4100,dir,1126.68
281.975,254,46.2,115577.22,115577.22,23241,-23241,152.53,152.54,152.6094,-16.15,0.49,1.00,TREND,-1.75,stressed,-12.80,-19141,dir,114403.21,106.65,106.66,106.5581,22.30,0.67,1.00,TREND,1.64,stressed,15.38,0,mm,47.32,20.96,20.97,21.0395,-14.45,0.59,1.00,TREND,-1.70,stressed,-15.60,-4100,dir,1126.68
282.022,254,46.2,115577.22,115577.22,23241,-23241,152.53,152.54,152.6075,-16.14,0.49,1.00,TREND,-1.75,stressed,-12.80,-19141,dir,114403.21,106.65,106.66,106.5605,22.29,0.67,1.00,TREND,1.64,stressed,15.38,0,mm,47.32,20.96,20.97,21.0377,-14.48,0.59,1.00,TREND,-1.70,stressed,-15.60,-4100,dir,1126.68
282.056,254,46.2,115577.22,115577.22,23241,-23241,152.53,152.54,152.6064,-16.13,0.49,1.00,TREND,-1.75,stressed,-12.80,-19141,dir,114403.21,106.65,106.66,106.5620,22.27,0.67,1.00,TREND,1.64,stressed,15.38,0,mm,47.32,20.96,20.97,21.0365,-14.50,0.59,1.00,TREND,-1.70,stressed,-15.60,-4100,dir,1126.68
282.146,254,46.2,115577.22,115577.22,23241,-23241,152.53,152.54,152.6034,-16.10,0.53,1.00,TREND,-1.75,stressed,-12.80,-19141,dir,114403.21,106.66,106.68,106.5665,22.32,0.67,1.00,TREND,1.64,stressed,15.38,0,mm,47.32,20.96,20.97,21.0335,-14.52,0.55,1.00,TREND,-1.70,stressed,-15.60,-4100,dir,1126.68
282.197,254,46.3,115577.22,115577.22,23241,-23241,152.53,152.54,152.6017,-16.07,0.53,1.00,TREND,-1.75,stressed,-12.80,-19141,dir,114403.21,106.66,106.68,106.5690,22.33,0.67,1.00,TREND,1.64,stressed,15.38,0,mm,47.32,20.96,20.97,21.0319,-14.52,0.55,1.00,TREND,-1.70,stressed,-15.60,-4100,dir,1126.68
282.229,254,46.3,115577.22,115577.22,23241,-23241,152.53,152.54,152.6008,-16.05,0.53,1.00,TREND,-1.70,stressed,-12.80,-19141,dir,114403.21,106.66,106.68,106.5704,22.33,0.67,1.00,TREND,1.64,stressed,15.38,0,mm,47.32,20.96,20.97,21.0309,-14.52,0.55,1.00,TREND,-1.65,stressed,-15.60,-4100,dir,1126.68
282.252,254,46.3,115577.22,115577.22,23241,-23241,152.53,152.54,152.6000,-16.03,0.53,1.00,TREND,-1.70,stressed,-12.80,-19141,dir,114403.21,106.66,106.68,106.5715,22.32,0.67,1.00,TREND,1.64,stressed,15.38,0,mm,47.32,20.96,20.97,21.0302,-14.52,0.55,1.00,TREND,-1.65,stressed,-15.60,-4100,dir,1126.68
282.266,254,46.3,115577.22,115577.22,23241,-23241,152.53,152.54,152.5996,-16.02,0.53,1.00,TREND,-1.70,stressed,-12.80,-19141,dir,114403.21,106.66,106.68,106.5722,22.32,0.67,1.00,TREND,1.64,stressed,15.38,0,mm,47.32,20.96,20.97,21.0298,-14.51,0.55,1.00,TREND,-1.65,stressed,-15.60,-4100,dir,1126.68
282.305,254,46.3,115577.22,115577.22,23241,-23241,152.53,152.54,152.5984,-15.99,0.53,1.00,TREND,-1.70,stressed,-12.80,-19141,dir,114403.21,106.66,106.68,106.5740,22.31,0.67,1.00,TREND,1.64,stressed,15.38,0,mm,47.32,20.96,20.97,21.0286,-14.51,0.55,1.00,TREND,-1.65,stressed,-15.60,-4100,dir,1126.68
282.328,254,46.3,115577.22,115577.22,23241,-23241,152.53,152.54,152.5978,-15.97,0.53,1.00,TREND,-1.70,stressed,-12.80,-19141,dir,114403.21,106.66,106.68,106.5750,22.30,0.67,1.00,TREND,1.64,stressed,15.38,0,mm,47.32,20.96,20.97,21.0279,-14.50,0.55,1.00,TREND,-1.65,stressed,-15.60,-4100,dir,1126.68
282.352,254,46.3,115577.22,115577.22,23241,-23241,152.53,152.54,152.5971,-15.94,0.53,1.00,TREND,-1.70,stressed,-12.80,-19141,dir,114403.21,106.66,106.68,106.5761,22.29,0.67,1.00,TREND,1.64,stressed,15.38,0,mm,47.32,20.96,20.97,21.0272,-14.49,0.55,1.00,TREND,-1.65,stressed,-15.60,-4100,dir,1126.68
282.492,254,46.3,115577.22,115577.22,23241,-23241,152.52,152.53,152.5925,-15.91,0.53,1.00,TREND,-1.69,stressed,-12.80,-19141,dir,114786.03,106.68,106.69,106.5830,22.35,0.67,1.00,TREND,1.65,stressed,15.38,0,mm,47.32,20.95,20.96,21.0226,-14.53,0.55,1.00,TREND,-1.65,stressed,-15.60,-4100,dir,1249.68
282.543,254,46.3,115577.22,115577.22,23241,-23241,152.52,152.53,152.5909,-15.88,0.53,1.00,TREND,-1.69,stressed,-12.80,-19141,dir,114786.03,106.68,106.69,106.5854,22.35,0.67,1.00,TREND,1.65,stressed,15.38,0,mm,47.32,20.95,20.96,21.0210,-14.52,0.55,1.00,TREND,-1.65,stressed,-15.60,-4100,dir,1249.68
282.591,254,46.3,115577.22,115577.22,23241,-23241,152.52,152.53,152.5894,-15.85,0.53,1.00,TREND,-1.69,stressed,-12.80,-19141,dir,114786.03,106.68,106.69,106.5876,22.35,0.67,1.00,TREND,1.65,stressed,15.38,0,mm,47.32,20.95,20.96,21.0195,-14.52,0.55,1.00,TREND,-1.65,stressed,-15.60,-4100,dir,1249.68
282.674,254,46.3,115577.22,115577.22,23241,-23241,152.51,152.52,152.5866,-15.85,0.48,1.00,TREND,-1.69,stressed,-12.80,-19141,dir,114786.03,106.69,106.7,106.5917,22.38,0.64,1.00,TREND,1.65,stressed,15.38,0,mm,47.32,20.95,20.96,21.0171,-14.50,0.57,1.00,TREND,-1.65,stressed,-15.60,-4100,dir,1249.68
282.754,255,45.2,116083.04,116083.04,23241,-23241,152.51,152.52,152.5839,-15.84,0.48,1.00,TREND,-1.69,stressed,-12.67,-19141,dir,114786.03,106.69,106.7,106.5955,22.38,0.64,1.00,TREND,1.63,stressed,15.41,0,mm,47.32,20.95,20.96,21.0148,-14.46,0.57,1.00,TREND,-1.60,stressed,-15.26,-4100,dir,1249.68
282.793,255,45.2,116083.04,116083.04,23241,-23241,152.51,152.52,152.5827,-15.83,0.48,1.00,TREND,-1.69,stressed,-12.67,-19141,dir,114786.03,106.69,106.7,106.5973,22.37,0.64,1.00,TREND,1.63,stressed,15.41,0,mm,47.32,20.95,20.96,21.0137,-14.44,0.57,1.00,TREND,-1.60,stressed,-15.26,-4100,dir,1249.68
282.855,255,45.2,116083.04,116083.04,23241,-23241,152.51,152.52,152.5807,-15.80,0.48,1.00,TREND,-1.69,stressed,-12.67,-19141,dir,114786.03,106.69,106.7,106.6001,22.35,0.64,1.00,TREND,1.63,stressed,15.41,0,mm,47.32,20.95,20.96,21.0120,-14.39,0.57,1.00,TREND,-1.60,stressed,-15.26,-4100,dir,1249.68
282.946,255,45.2,116083.04,116083.04,23241,-23241,152.5,152.51,152.5775,-15.82,0.48,1.00,TREND,-1.69,stressed,-12.67,-19141,dir,114786.03,106.7,106.71,106.6046,22.36,0.64,1.00,TREND,1.63,stressed,15.41,0,mm,47.32,20.94,20.95,21.0092,-14.39,0.57,1.00,TREND,-1.60,stressed,-15.26,-4100,dir,1249.68
282.963,255,45.2,116083.04,116083.04,23241,-23241,152.5,152.51,152.5769,-15.82,0.48,1.00,TREND,-1.69,stressed,-12.67,-19141,dir,114786.03,106.7,106.71,106.6054,22.36,0.64,1.00,TREND,1.63,stressed,15.41,0,mm,47.32,20.94,20.95,21.0087,-14.39,0.57,1.00,TREND,-1.60,stressed,-15.26,-4100,dir,1249.68
283.086,255,45.2,116083.04,116083.04,23241,-23241,152.5,152.51,152.5729,-15.79,0.48,1.00,TREND,-1.69,stressed,-12.67,-19141,dir,114786.03,106.7,106.71,106.6110,22.32,0.64,1.00,TREND,1.62,stressed,15.41,0,mm,47.32,20.94,20.95,21.0051,-14.35,0.57,1.00,TREND,-1.61,stressed,-15.26,-4100,dir,1249.68
283.277,255,45.2,116083.04,116083.04,23241,-23241,152.49,152.5,152.5662,-15.83,0.44,1.00,TREND,-1.69,stressed,-12.67,-19141,dir,114786.03,106.71,106.72,106.6199,22.30,0.64,1.00,TREND,1.62,stressed,15.41,0,mm,47.32,20.93,20.94,20.9991,-14.38,0.53,1.00,TREND,-1.61,stressed,-15.26,-4100,dir,1249.68
283.327,255,45.3,116083.04,116083.04,23241,-23241,152.49,152.5,152.5646,-15.82,0.44,1.00,TREND,-1.69,stressed,-12.67,-19141,dir,114786.03,106.71,106.72,106.6221,22.28,0.64,1.00,TREND,1.62,stressed,15.41,0,mm,47.32,20.93,20.94,20.9976,-14.37,0.53,1.00,TREND,-1.61,stressed,-15.26,-4100,dir,1249.68
283.537,255,45.3,116083.04,116083.04,23241,-23241,152.49,152.5,152.5580,-15.73,0.44,1.00,TREND,-1.68,stressed,-12.67,-19141,dir,114786.03,106.71,106.72,106.6308,22.09,0.64,1.00,TREND,1.61,stressed,15.41,0,mm,47.32,20.93,20.94,20.9917,-14.27,0.53,1.00,TREND,-1.61,stressed,-15.26,-4100,dir,1249.68
283.714,255,45.3,116083.04,116083.04,23241,-23241,152.49,152.5,152.5530,-15.58,0.44,1.00,TREND,-1.68,stressed,-12.67,-19141,dir,115360.26,106.72,106.73,106.6384,21.97,0.64,1.00,TREND,1.61,stressed,15.41,0,mm,47.32,20.93,20.94,20.9872,-14.13,0.53,1.00,TREND,-1.61,stressed,-15.26,-4100,dir,1331.68
283.772,255,45.3,116083.04,116083.04,23241,-23241,152.48,152.49,152.5512,-15.56,0.44,1.00,TREND,-1.68,stressed,-12.67,-19141,dir,115360.26,106.73,106.74,106.6410,21.96,0.64,1.00,TREND,1.61,stressed,15.41,0,mm,47.32,20.92,20.93,20.9855,-14.12,0.53,1.00,TREND,-1.61,stressed,-15.26,-4100,dir,1331.68
283.798,255,45.3,116083.04,116083.04,23241,-23241,152.48,152.49,152.5504,-15.55,0.48,1.00,TREND,-1.68,stressed,-12.67,-19141,dir,115360.26,106.73,106.74,106.6421,21.95,0.64,1.00,TREND,1.63,stressed,15.41,0,mm,47.32,20.92,20.93,20.9848,-14.11,0.55,1.00,TREND,-1.62,stressed,-15.26,-4100,dir,1331.68
283.834,256,44.2,116739.27,116739.27,23241,-23241,152.48,152.49,152.5493,-15.54,0.48,1.00,TREND,-1.68,stressed,-13.00,-19141,dir,115360.26,106.73,106.74,106.6437,21.93,0.64,1.00,TREND,1.63,stressed,16.10,0,mm,47.32,20.92,20.93,20.9837,-14.10,0.55,1.00,TREND,-1.62,stressed,-15.33,-4100,dir,1331.68
283.854,256,44.2,116739.27,116739.27,23241,-23241,152.48,152.49,152.5487,-15.53,0.48,1.00,TREND,-1.68,stressed,-13.00,-19141,dir,115360.26,106.73,106.74,106.6445,21.92,0.64,1.00,TREND,1.63,stressed,16.10,0,mm,47.32,20.92,20.93,20.9832,-14.09,0.55,1.00,TREND,-1.62,stressed,-15.33,-4100,dir,1331.68
283.873,256,44.2,116739.27,116739.27,23241,-23241,152.48,152.49,152.5481,-15.52,0.48,1.00,TREND,-1.68,stressed,-13.00,-19141,dir,115360.26,106.73,106.74,106.6453,21.91,0.64,1.00,TREND,1.63,stressed,16.10,0,mm,47.32,20.92,20.93,20.9827,-14.08,0.55,1.00,TREND,-1.62,stressed,-15.33,-4100,dir,1331.68
284.027,256,44.2,116739.27,116739.27,23241,-23241,152.47,152.48,152.5430,-15.53,0.48,1.00,TREND,-1.68,stressed,-13.00,-19141,dir,115360.26,106.74,106.75,106.6523,21.89,0.64,1.00,TREND,1.63,stressed,16.10,0,mm,47.32,20.92,20.93,20.9787,-13.99,0.55,1.00,TREND,-1.62,stressed,-15.33,-4100,dir,1331.68
284.083,256,44.2,116739.27,116739.27,23241,-23241,152.47,152.48,152.5412,-15.52,0.48,1.00,TREND,-1.67,stressed,-13.00,-19141,dir,115360.26,106.74,106.75,106.6547,21.86,0.64,1.00,TREND,1.62,stressed,16.10,0,mm,47.32,20.92,20.93,20.9773,-13.95,0.55,1.00,TREND,-1.57,stressed,-15.33,-4100,dir,1331.68
284.105,256,44.2,116739.27,116739.27,23241,-23241,152.47,152.48,152.5406,-15.51,0.48,1.00,TREND,-1.67,stressed,-13.00,-19141,dir,115360.26,106.74,106.75,106.6556,21.85,0.64,1.00,TREND,1.62,stressed,16.10,0,mm,47.32,20.92,20.93,20.9767,-13.93,0.55,1.00,TREND,-1.57,stressed,-15.33,-4100,dir,1331.68
284.182,256,44.2,116739.27,116739.27,23241,-23241,152.47,152.48,152.5382,-15.48,0.48,1.00,TREND,-1.67,stressed,-13.00,-19141,dir,115360.26,106.75,106.76,106.6591,21.85,0.64,1.00,TREND,1.62,stressed,16.10,0,mm,47.32,20.91,20.92,20.9745,-13.92,0.55,1.00,TREND,-1.57,stressed,-15.33,-4100,dir,1331.68
284.199,256,44.2,116739.27,116739.27,23241,-23241,152.47,152.48,152.5377,-15.47,0.48,1.00,TREND,-1.67,stressed,-13.00,-19141,dir,115360.26,106.75,106.76,106.6599,21.85,0.64,1.00,TREND,1.62,stressed,16.10,0,mm,47.32,20.91,20.92,20.9741,-13.92,0.55,1.00,TREND,-1.57,stressed,-15.33,-4100,dir,1331.68
284.223,256,44.2,116739.27,116739.27,23241,-23241,152.47,152.48,152.5370,-15.45,0.48,1.00,TREND,-1.67,stressed,-13.00,-19141,dir,115360.26,106.75,106.76,106.6610,21.84,0.64,1.00,TREND,1.62,stressed,16.10,0,mm,47.32,20.91,20.92,20.9734,-13.91,0.55,1.00,TREND,-1.57,stressed,-15.33,-4100,dir,1331.68
284.340,256,44.2,116739.27,116739.27,23241,-23241,152.47,152.48,152.5337,-15.37,0.51,1.00,TREND,-1.62,stressed,-13.00,-19141,dir,115360.26,106.75,106.76,106.6660,21.78,0.64,1.00,TREND,1.61,stressed,16.10,0,mm,47.32,20.91,20.92,20.9703,-13.87,0.56,1.00,TREND,-1.58,stressed,-15.33,-4100,dir,1331.68
284.373,256,44.3,116739.27,116739.27,23241,-23241,152.47,152.48,152.5328,-15.34,0.51,1.00,TREND,-1.62,stressed,-13.00,-19141,dir,115360.26,106.75,106.76,106.6674,21.76,0.64,1.00,TREND,1.61,stressed,16.10,0,mm,47.32,20.91,20.92,20.9694,-13.85,0.56,1.00,TREND,-1.58,stressed,-15.33,-4100,dir,1331.68
284.432,256,44.3,116739.27,116739.27,23241,-23241,152.47,152.48,152.5312,-15.29,0.51,1.00,TREND,-1.62,stressed,-13.00,-19141,dir,115743.08,106.76,106.77,106.6701,21.76,0.64,1.00,TREND,1.61,stressed,16.10,0,mm,47.32,20.91,20.92,20.9679,-13.81,0.56,1.00,TREND,-1.58,stressed,-15.33,-4100,dir,1413.68
284.492,256,44.3,116739.27,116739.27,23241,-23241,152.47,152.48,152.5296,-15.23,0.51,1.00,TREND,-1.62,stressed,-13.00,-19141,dir,115743.08,106.76,106.77,106.6727,21.74,0.64,1.00,TREND,1.61,stressed,16.10,0,mm,47.32,20.91,20.92,20.9664,-13.77,0.56,1.00,TREND,-1.58,stressed,-15.33,-4100,dir,1413.68
284.584,256,44.3,116739.27,116739.27,23241,-23241,152.47,152.48,152.5273,-15.13,0.51,1.00,TREND,-1.62,stressed,-13.00,-19141,dir,115743.08,106.76,106.77,106.6766,21.70,0.64,1.00,TREND,1.61,stressed,16.10,0,mm,47.32,20.91,20.92,20.9643,-13.69,0.56,1.00,TREND,-1.58,stressed,-15.33,-4100,dir,1413.68
284.645,256,44.3,116739.27,116739.27,23241,-23241,152.47,152.48,152.5259,-15.05,0.51,1.00,TREND,-1.58,stressed,-13.00,-19141,dir,115743.08,106.76,106.77,106.6791,21.65,0.64,1.00,TREND,1.60,stressed,16.10,0,mm,47.32,20.91,20.92,20.9629,-13.63,0.56,1.00,TREND,-1.54,stressed,-15.33,-4100,dir,1413.68
284.702,256,44.3,116739.27,116739.27,23241,-23241,152.46,152.47,152.5242,-15.02,0.51,1.00,TREND,-1.58,stressed,-13.00,-19141,dir,115743.08,106.77,106.79,106.6818,21.67,0.64,1.00,TREND,1.60,stressed,16.10,0,mm,47.32,20.91,20.92,20.9616,-13.57,0.56,1.00,TREND,-1.54,stressed,-15.33,-4100,dir,1413.68
284.735,256,44.3,116739.27,116739.27,23241,-23241,152.46,152.47,152.5233,-15.00,0.51,1.00,TREND,-1.58,stressed,-13.00,-19141,dir,115743.08,106.77,106.79,106.6833,21.67,0.64,1.00,TREND,1.60,stressed,16.10,0,mm,47.32,20.91,20.92,20.9609,-13.54,0.56,1.00,TREND,-1.54,stressed,-15.33,-4100,dir,1413.68
284.760,256,44.3,116739.27,116739.27,23241,-23241,152.46,152.47,152.5226,-14.99,0.51,1.00,TREND,-1.58,stressed,-13.00,-19141,dir,115743.08,106.77,106.79,106.6844,21.67,0.64,1.00,TREND,1.60,stressed,16.10,0,mm,47.32,20.91,20.92,20.9604,-13.51,0.56,1.00,TREND,-1.54,stressed,-15.33,-4100,dir,1413.68
284.785,256,44.3,116739.27,116739.27,23241,-23241,152.46,152.47,152.5220,-14.97,0.51,1.00,TREND,-1.58,stressed,-13.00,-19141,dir,115743.08,106.77,106.79,106.6856,21.67,0.64,1.00,TREND,1.60,stressed,16.10,0,mm,47.32,20.91,20.92,20.9598,-13.48,0.56,1.00,TREND,-1.54,stressed,-15.33,-4100,dir,1413.68
284.806,256,44.3,116739.27,116739.27,23241,-23241,152.46,152.47,152.5214,-14.96,0.51,1.00,TREND,-1.58,stressed,-13.00,-19141,dir,115743.08,106.77,106.79,106.6864,21.66,0.64,1.00,TREND,1.60,stressed,16.10,0,mm,47.32,20.91,20.92,20.9594,-13.46,0.56,1.00,TREND,-1.54,stressed,-15.33,-4100,dir,1413.68
284.891,256,44.3,116739.27,116739.27,23241,-23241,152.46,152.47,152.5192,-14.89,0.53,1.00,TREND,-1.58,stressed,-13.00,-19141,dir,115743.08,106.77,106.79,106.6901,21.63,0.58,1.00,TREND,1.60,stressed,16.10,0,mm,47.32,20.91,20.92,20.9577,-13.36,0.65,1.00,TREND,-1.54,stressed,-15.33,-4100,dir,1413.68
285.015,257,43.2,117204.09,117204.09,23241,-23241,152.46,152.47,152.5161,-14.76,0.53,1.00,TREND,-1.58,stressed,-12.39,-19141,dir,115743.08,106.79,106.8,106.6960,21.68,0.58,1.00,TREND,1.65,stressed,16.08,0,mm,47.32,20.91,20.92,20.9553,-13.20,0.65,1.00,TREND,-1.50,stressed,-13.24,-4100,dir,1413.68
285.072,257,43.2,117204.09,117204.09,23241,-23241,152.46,152.47,152.5148,-14.70,0.53,1.00,TREND,-1.58,stressed,-12.39,-19141,dir,115743.08,106.79,106.8,106.6987,21.69,0.58,1.00,TREND,1.65,stressed,16.08,0,mm,47.32,20.91,20.92,20.9542,-13.12,0.65,1.00,TREND,-1.50,stressed,-13.24,-4100,dir,1413.68
285.097,257,43.2,117204.09,117204.09,23241,-23241,152.46,152.47,152.5142,-14.67,0.53,1.00,TREND,-1.58,stressed,-12.39,-19141,dir,115743.08,106.79,106.8,106.6998,21.68,0.58,1.00,TREND,1.65,stressed,16.08,0,mm,47.32,20.91,20.92,20.9537,-13.08,0.65,1.00,TREND,-1.50,stressed,-13.24,-4100,dir,1413.68
285.220,257,43.2,117204.09,117204.09,23241,-23241,152.46,152.47,152.5115,-14.52,0.53,1.00,TREND,-1.58,stressed,-12.39,-19141,dir,115743.08,106.79,106.8,106.7051,21.64,0.58,1.00,TREND,1.65,stressed,16.08,0,mm,47.32,20.91,20.92,20.9516,-12.91,0.65,1.00,TREND,-1.50,stressed,-13.24,-4100,dir,1413.68
285.294,257,43.2,117204.09,117204.09,23241,-23241,152.46,152.47,152.5099,-14.42,0.53,1.00,TREND,-1.54,stressed,-12.39,-19141,dir,115743.08,106.8,106.81,106.7085,21.65,0.58,1.00,TREND,1.64,stressed,16.08,0,mm,47.32,20.91,20.92,20.9503,-12.80,0.65,1.00,TREND,-1.46,stressed,-13.24,-4100,dir,1413.68
285.315,257,43.2,117204.09,117204.09,23241,-23241,152.46,152.47,152.5094,-14.39,0.53,1.00,TREND,-1.54,stressed,-12.39,-19141,dir,115743.08,106.8,106.81,106.7095,21.65,0.58,1.00,TREND,1.64,stressed,16.08,0,mm,47.32,20.91,20.92,20.9499,-12.76,0.65,1.00,TREND,-1.46,stressed,-13.24,-4100,dir,1413.68
285.349,257,43.2,117204.09,117204.09,23241,-23241,152.46,152.47,152.5087,-14.34,0.53,1.00,TREND,-1.54,stressed,-12.39,-19141,dir,115743.08,106.8,106.81,106.7111,21.64,0.58,1.00,TREND,1.64,stressed,16.08,0,mm,47.32,20.91,20.92,20.9494,-12.71,0.65,1.00,TREND,-1.46,stressed,-13.24,-4100,dir,1413.68
285.549,257,43.2,117204.09,117204.09,23241,-23241,152.46,152.47,152.5048,-14.04,0.63,1.00,TREND,-1.50,stressed,-12.39,-19141,dir,115934.49,106.81,106.82,106.7204,21.68,0.60,1.00,TREND,1.62,stressed,16.08,0,mm,47.32,20.91,20.92,20.9463,-12.40,0.72,1.00,TREND,-1.43,stressed,-13.24,-4100,dir,1413.68
285.809,258,42.2,117395.50,117395.50,23241,-23241,152.46,152.47,152.5002,-13.61,0.63,1.00,TREND,-1.45,stressed,-10.36,-19141,dir,115934.49,106.82,106.84,106.7330,21.79,0.60,1.00,TREND,1.63,stressed,17.66,0,mm,47.32,20.91,20.92,20.9427,-11.97,0.72,1.00,TREND,-1.39,stressed,-10.49,-4100,dir,1413.68
286.218,258,42.2,117395.50,117395.50,23241,-23241,152.46,152.47,152.4940,-12.89,0.71,1.00,TREND,-1.41,stressed,-10.36,-19141,dir,115934.49,106.84,106.85,106.7526,21.88,0.57,1.00,TREND,1.63,stressed,17.66,0,mm,47.32,20.91,20.92,20.9379,-11.28,0.76,1.00,TREND,-1.36,stressed,-10.49,-4100,dir,1413.68
286.274,258,42.3,117395.50,117395.50,23241,-23241,152.46,152.48,152.4934,-12.76,0.71,1.00,TREND,-1.41,stressed,-10.36,-19141,dir,115934.49,106.85,106.86,106.7553,21.89,0.57,1.00,TREND,1.63,stressed,17.66,0,mm,47.32,20.91,20.92,20.9373,-11.18,0.76,1.00,TREND,-1.36,stressed,-10.49,-4100,dir,1413.68
286.342,258,42.3,117395.50,117395.50,23241,-23241,152.46,152.48,152.4927,-12.61,0.71,1.00,TREND,-1.41,stressed,-10.36,-19141,dir,115934.49,106.85,106.86,106.7584,21.88,0.57,1.00,TREND,1.63,stressed,17.66,0,mm,47.32,20.91,20.92,20.9366,-11.07,0.76,1.00,TREND,-1.36,stressed,-10.49,-4100,dir,1413.68
286.525,258,42.3,117395.50,117395.50,23241,-23241,152.47,152.48,152.4912,-12.15,0.71,0.88,TREND,-1.33,stressed,-10.36,-19141,dir,115743.08,106.86,106.87,106.7672,21.92,0.57,1.00,TREND,1.65,stressed,17.66,0,mm,47.32,20.91,20.92,20.9348,-10.76,0.76,1.00,TREND,-1.32,stressed,-10.49,-4100,dir,1413.68
286.575,258,42.3,117395.50,117395.50,23241,-23241,152.47,152.48,152.4908,-12.03,0.71,0.88,TREND,-1.33,stressed,-10.36,-19141,dir,115743.08,106.86,106.87,106.7694,21.91,0.57,1.00,TREND,1.65,stressed,17.66,0,mm,47.32,20.91,20.92,20.9343,-10.68,0.76,1.00,TREND,-1.32,stressed,-10.49,-4100,dir,1413.68
286.617,258,42.3,117395.50,117395.50,23241,-23241,152.47,152.48,152.4905,-11.93,0.71,0.88,TREND,-1.33,stressed,-10.36,-19141,dir,115743.08,106.86,106.87,106.7713,21.89,0.57,1.00,TREND,1.65,stressed,17.66,0,mm,47.32,20.91,20.92,20.9339,-10.60,0.76,1.00,TREND,-1.32,stressed,-10.49,-4100,dir,1413.68
286.654,258,42.3,117395.50,117395.50,23241,-23241,152.47,152.48,152.4903,-11.84,0.71,0.88,TREND,-1.33,stressed,-10.36,-19141,dir,115743.08,106.86,106.87,106.7730,21.87,0.57,1.00,TREND,1.65,stressed,17.66,0,mm,47.32,20.91,20.92,20.9336,-10.54,0.76,1.00,TREND,-1.32,stressed,-10.49,-4100,dir,1413.68
286.705,258,42.3,117395.50,117395.50,23241,-23241,152.47,152.48,152.4899,-11.73,0.71,0.88,TREND,-1.33,stressed,-10.36,-19141,dir,115743.08,106.86,106.87,106.7750,21.84,0.57,1.00,TREND,1.65,stressed,17.66,0,mm,47.32,20.91,20.92,20.9332,-10.46,0.76,1.00,TREND,-1.32,stressed,-10.49,-4100,dir,1413.68
286.808,258,42.3,117395.50,117395.50,23241,-23241,152.47,152.48,152.4892,-11.49,0.85,0.87,TREND,-1.30,stressed,-10.36,-19141,dir,115743.08,106.87,106.88,106.7798,21.83,0.54,1.00,TREND,1.64,stressed,17.66,0,mm,47.32,20.9,20.91,20.9318,-10.37,0.70,1.00,TREND,-1.35,stressed,-10.49,-4100,dir,1413.68
286.891,259,41.2,117204.09,117204.09,23241,-23241,152.47,152.48,152.4887,-11.30,0.85,0.87,TREND,-1.30,stressed,-8.58,-19141,dir,115743.08,106.87,106.88,106.7835,21.79,0.54,1.00,TREND,1.64,stressed,19.00,0,mm,47.32,20.9,20.91,20.9308,-10.29,0.70,1.00,TREND,-1.35,stressed,-9.85,-4100,dir,1413.68
287.024,259,41.2,117204.09,117204.09,23241,-23241,152.47,152.48,152.4878,-11.01,0.85,0.87,TREND,-1.30,stressed,-8.58,-19141,dir,115743.08,106.88,106.89,106.7897,21.79,0.54,1.00,TREND,1.64,stressed,19.00,0,mm,47.32,20.9,20.91,20.9292,-10.15,0.70,1.00,TREND,-1.35,stressed,-9.85,-4100,dir,1413.68
287.078,259,41.2,117204.09,117204.09,23241,-23241,152.47,152.48,152.4875,-10.90,0.85,0.86,TREND,-1.26,stressed,-8.58,-19141,dir,115743.08,106.88,106.89,106.7920,21.77,0.54,1.00,TREND,1.63,stressed,19.00,0,mm,47.32,20.9,20.91,20.9286,-10.10,0.70,1.00,TREND,-1.32,stressed,-9.85,-4100,dir,1413.68
287.120,259,41.2,117204.09,117204.09,23241,-23241,152.47,152.48,152.4873,-10.81,0.85,0.86,TREND,-1.26,stressed,-8.58,-19141,dir,115743.08,106.88,106.89,106.7938,21.75,0.54,1.00,TREND,1.63,stressed,19.00,0,mm,47.32,20.9,20.91,20.9282,-10.05,0.70,1.00,TREND,-1.32,stressed,-9.85,-4100,dir,1413.68
287.154,259,41.2,117204.09,117204.09,23241,-23241,152.47,152.48,152.4871,-10.74,0.85,0.86,TREND,-1.26,stressed,-8.58,-19141,dir,115743.08,106.88,106.89,106.7953,21.73,0.54,1.00,TREND,1.63,stressed,19.00,0,mm,47.32,20.9,20.91,20.9278,-10.01,0.70,1.00,TREND,-1.32,stressed,-9.85,-4100,dir,1413.68
287.253,259,41.2,117204.09,117204.09,23241,-23241,152.47,152.48,152.4865,-10.54,0.85,0.86,TREND,-1.26,stressed,-8.58,-19141,dir,115743.08,106.88,106.89,106.7994,21.64,0.54,1.00,TREND,1.63,stressed,19.00,0,mm,47.32,20.9,20.91,20.9268,-9.90,0.70,1.00,TREND,-1.32,stressed,-9.85,-4100,dir,1413.68
287.337,259,41.2,117204.09,117204.09,23241,-23241,152.47,152.49,152.4863,-10.34,0.91,0.79,TREND,-1.21,stressed,-8.58,-19141,dir,115743.08,106.89,106.9,106.8031,21.62,0.56,1.00,TREND,1.62,stressed,19.00,0,mm,47.32,20.9,20.91,20.9259,-9.80,0.74,1.00,TREND,-1.29,stressed,-9.85,-4100,dir,1413.68
287.445,259,41.3,117204.09,117204.09,23241,-23241,152.47,152.49,152.4860,-10.09,0.91,0.79,TREND,-1.21,stressed,-8.58,-19141,dir,115743.08,106.89,106.9,106.8076,21.55,0.56,1.00,TREND,1.62,stressed,19.00,0,mm,47.32,20.9,20.91,20.9249,-9.67,0.74,1.00,TREND,-1.29,stressed,-9.85,-4100,dir,1413.68
287.478,259,41.3,117204.09,117204.09,23241,-23241,152.48,152.49,152.4859,-10.01,0.91,0.79,TREND,-1.21,stressed,-8.58,-19141,dir,115551.67,106.91,106.93,106.8094,21.60,0.56,1.00,TREND,1.62,stressed,19.00,0,mm,47.32,20.9,20.91,20.9246,-9.63,0.74,1.00,TREND,-1.29,stressed,-9.85,-4100,dir,1454.68
287.502,259,41.3,117204.09,117204.09,23241,-23241,152.48,152.49,152.4859,-9.94,0.91,0.79,TREND,-1.21,stressed,-8.58,-19141,dir,115551.67,106.91,106.93,106.8106,21.62,0.56,1.00,TREND,1.62,stressed,19.00,0,mm,47.32,20.9,20.91,20.9244,-9.60,0.74,1.00,TREND,-1.29,stressed,-9.85,-4100,dir,1454.68
287.575,259,41.3,117204.09,117204.09,23241,-23241,152.48,152.49,152.4859,-9.76,0.91,0.79,TREND,-1.21,stressed,-8.58,-19141,dir,115551.67,106.91,106.93,106.8143,21.68,0.56,1.00,TREND,1.62,stressed,19.00,0,mm,47.32,20.9,20.91,20.9237,-9.51,0.74,1.00,TREND,-1.29,stressed,-9.85,-4100,dir,1454.68
287.657,259,41.3,117204.09,117204.09,23241,-23241,152.48,152.49,152.4859,-9.56,0.91,0.71,TREND,-1.16,stressed,-8.58,-19141,dir,115551.67,106.91,106.93,106.8183,21.72,0.56,1.00,TREND,1.65,stressed,19.00,0,mm,47.32,20.9,20.91,20.9230,-9.40,0.74,1.00,TREND,-1.26,stressed,-9.85,-4100,dir,1454.68
287.686,259,41.3,117204.09,117204.09,23241,-23241,152.48,152.49,152.4859,-9.49,0.91,0.71,TREND,-1.16,stressed,-8.58,-19141,dir,115551.67,106.91,106.93,106.8197,21.73,0.56,1.00,TREND,1.65,stressed,19.00,0,mm,47.32,20.9,20.91,20.9228,-9.37,0.74,1.00,TREND,-1.26,stressed,-9.85,-4100,dir,1454.68
287.886,259,41.3,117204.09,117204.09,23241,-23241,152.48,152.5,152.4862,-8.97,1.00,0.71,TREND,-1.16,stressed,-8.58,-19141,dir,115551.67,106.93,106.94,106.8300,21.90,0.62,1.00,TREND,1.65,stressed,19.00,0,mm,47.32,20.9,20.91,20.9212,-9.11,0.76,1.00,TREND,-1.26,stressed,-9.85,-4100,dir,1454.68
287.942,260,40.2,117053.68,117053.68,23241,-23241,152.48,152.5,152.4863,-8.83,1.00,0.62,TREND,-1.10,stressed,-6.62,-19141,dir,115551.67,106.93,106.94,106.8328,21.92,0.62,1.00,TREND,1.66,stressed,19.00,0,mm,47.32,20.9,20.91,20.9207,-9.04,0.76,1.00,TREND,-1.23,stressed,-8.41,-4100,dir,1454.68
288.094,260,40.2,117053.68,117053.68,23241,-23241,152.49,152.5,152.4869,-8.42,1.00,0.62,TREND,-1.10,stressed,-6.62,-19141,dir,115551.67,106.94,106.95,106.8405,22.02,0.62,1.00,TREND,1.66,stressed,19.00,0,mm,47.32,20.9,20.92,20.9200,-8.78,0.76,1.00,TREND,-1.23,stressed,-8.41,-4100,dir,1454.68
288.155,260,40.2,117053.68,117053.68,23241,-23241,152.49,152.5,152.4871,-8.27,1.00,0.62,TREND,-1.10,stressed,-6.62,-19141,dir,115551.67,106.94,106.95,106.8434,22.03,0.62,1.00,TREND,1.66,stressed,19.00,0,mm,47.32,20.9,20.92,20.9197,-8.68,0.76,1.00,TREND,-1.23,stressed,-8.41,-4100,dir,1454.68
288.386,260,40.2,117053.68,117053.68,23241,-23241,152.49,152.51,152.4885,-7.65,1.06,0.44,TREND,-1.03,stressed,-6.62,-19141,dir,115551.67,106.94,106.95,106.8539,21.95,0.72,1.00,TREND,1.64,stressed,19.00,0,mm,47.32,20.91,20.92,20.9192,-8.23,0.86,0.80,TREND,-1.15,stressed,-8.41,-4100,dir,1454.68
288.565,261,39.1,116588.86,116588.86,23241,-23241,152.5,152.51,152.4898,-7.16,1.06,0.44,TREND,-1.03,stressed,-5.36,-19141,dir,115168.85,106.96,106.97,106.8628,22.03,0.72,1.00,TREND,1.64,stressed,17.90,0,mm,47.32,20.91,20.93,20.9193,-7.85,0.86,0.80,TREND,-1.15,stressed,-6.43,-4100,dir,1372.68
288.600,261,39.1,116588.86,116588.86,23241,-23241,152.5,152.51,152.4901,-7.07,1.06,0.44,TREND,-1.03,stressed,-5.36,-19141,dir,115168.85,106.96,106.97,106.8645,22.03,0.72,1.00,TREND,1.64,stressed,17.90,0,mm,47.32,20.91,20.93,20.9193,-7.77,0.86,0.80,TREND,-1.15,stressed,-6.43,-4100,dir,1372.68
288.628,261,39.1,116588.86,116588.86,23241,-23241,152.5,152.51,152.4902,-7.00,1.06,0.44,TREND,-1.03,stressed,-5.36,-19141,dir,115168.85,106.96,106.97,106.8658,22.03,0.72,1.00,TREND,1.64,stressed,17.90,0,mm,47.32,20.91,20.93,20.9193,-7.72,0.86,0.80,TREND,-1.15,stressed,-6.43,-4100,dir,1372.68
288.681,261,39.1,116588.86,116588.86,23241,-23241,152.5,152.51,152.4906,-6.88,1.06,0.33,mixed,-0.99,stressed,-5.36,-19141,dir,115168.85,106.96,106.97,106.8682,22.02,0.72,1.00,TREND,1.66,stressed,17.90,0,mm,47.32,20.91,20.93,20.9193,-7.61,0.86,0.67,TREND,-1.10,stressed,-6.43,-4100,dir,1372.68
288.758,261,39.1,116588.86,116588.86,23241,-23241,152.5,152.51,152.4911,-6.70,1.06,0.33,mixed,-0.99,stressed,-5.36,-19141,dir,115168.85,106.97,106.98,106.8721,22.04,0.72,1.00,TREND,1.66,stressed,17.90,0,mm,47.32,20.92,20.93,20.9195,-7.43,0.86,0.67,TREND,-1.10,stressed,-6.43,-4100,dir,1372.68
288.786,261,39.1,116588.86,116588.86,23241,-23241,152.5,152.51,152.4913,-6.63,1.06,0.33,mixed,-0.99,stressed,-5.36,-19141,dir,115168.85,106.97,106.98,106.8734,22.05,0.72,1.00,TREND,1.66,stressed,17.90,0,mm,47.32,20.92,20.93,20.9196,-7.37,0.86,0.67,TREND,-1.10,stressed,-6.43,-4100,dir,1372.68
288.825,261,39.1,116588.86,116588.86,23241,-23241,152.5,152.51,152.4916,-6.55,1.06,0.33,mixed,-0.99,stressed,-5.36,-19141,dir,115168.85,106.97,106.98,106.8753,22.05,0.72,1.00,TREND,1.66,stressed,17.90,0,mm,47.32,20.92,20.93,20.9197,-7.28,0.86,0.67,TREND,-1.10,stressed,-6.43,-4100,dir,1372.68
288.846,261,39.1,116588.86,116588.86,23241,-23241,152.5,152.51,152.4917,-6.51,1.06,0.33,mixed,-0.99,stressed,-5.36,-19141,dir,115168.85,106.97,106.98,106.8763,22.04,0.72,1.00,TREND,1.66,stressed,17.90,0,mm,47.32,20.92,20.93,20.9198,-7.24,0.86,0.67,TREND,-1.10,stressed,-6.43,-4100,dir,1372.68
288.873,261,39.1,116588.86,116588.86,23241,-23241,152.5,152.51,152.4919,-6.45,1.06,0.33,mixed,-0.99,stressed,-5.36,-19141,dir,115168.85,106.97,106.98,106.8776,22.04,0.72,1.00,TREND,1.66,stressed,17.90,0,mm,47.32,20.92,20.93,20.9198,-7.18,0.86,0.67,TREND,-1.10,stressed,-6.43,-4100,dir,1372.68
288.894,261,39.1,116588.86,116588.86,23241,-23241,152.5,152.51,152.4920,-6.40,1.05,0.33,mixed,-0.99,stressed,-5.36,-19141,dir,115168.85,106.97,106.98,106.8785,22.03,0.68,1.00,TREND,1.66,stressed,17.90,0,mm,47.32,20.92,20.93,20.9199,-7.14,0.93,0.67,TREND,-1.10,stressed,-6.43,-4100,dir,1372.68
288.928,261,39.2,116588.86,116588.86,23241,-23241,152.5,152.51,152.4922,-6.34,1.05,0.33,mixed,-0.99,stressed,-5.36,-19141,dir,115168.85,106.97,106.98,106.8800,22.02,0.68,1.00,TREND,1.66,stressed,17.90,0,mm,47.32,20.92,20.93,20.9200,-7.07,0.93,0.67,TREND,-1.10,stressed,-6.43,-4100,dir,1372.68
288.947,261,39.2,116588.86,116588.86,23241,-23241,152.5,152.51,152.4923,-6.30,1.05,0.27,mixed,-0.96,normal,-5.36,-19141,dir,115168.85,106.97,106.98,106.8808,22.01,0.68,1.00,TREND,1.65,stressed,17.90,0,mm,47.32,20.92,20.93,20.9200,-7.03,0.93,0.50,mixed,-1.05,stressed,-6.43,-4100,dir,1372.68
289.055,261,39.2,116588.86,116588.86,23241,-23241,152.5,152.52,152.4932,-6.05,1.05,0.27,mixed,-0.96,normal,-5.36,-19141,dir,115168.85,106.98,106.99,106.8860,22.02,0.68,1.00,TREND,1.65,stressed,17.90,0,mm,47.32,20.92,20.93,20.9202,-6.82,0.93,0.50,mixed,-1.05,stressed,-6.43,-4100,dir,1372.68
289.101,261,39.2,116588.86,116588.86,23241,-23241,152.5,152.52,152.4935,-5.95,1.05,0.27,mixed,-0.96,normal,-5.36,-19141,dir,115168.85,106.98,106.99,106.8881,22.01,0.68,1.00,TREND,1.65,stressed,17.90,0,mm,47.32,20.92,20.93,20.9203,-6.73,0.93,0.50,mixed,-1.05,stressed,-6.43,-4100,dir,1372.68
289.150,261,39.2,116588.86,116588.86,23241,-23241,152.5,152.52,152.4939,-5.84,1.05,0.27,mixed,-0.96,normal,-5.36,-19141,dir,115168.85,106.98,106.99,106.8903,21.99,0.68,1.00,TREND,1.65,stressed,17.90,0,mm,47.32,20.92,20.93,20.9205,-6.64,0.93,0.50,mixed,-1.05,stressed,-6.43,-4100,dir,1372.68
289.177,261,39.2,116588.86,116588.86,23241,-23241,152.5,152.52,152.4941,-5.79,1.05,0.27,mixed,-0.96,normal,-5.36,-19141,dir,115168.85,106.98,106.99,106.8915,21.97,0.68,1.00,TREND,1.65,stressed,17.90,0,mm,47.32,20.92,20.93,20.9205,-6.59,0.93,0.50,mixed,-1.05,stressed,-6.43,-4100,dir,1372.68
289.195,261,39.2,116588.86,116588.86,23241,-23241,152.5,152.52,152.4943,-5.75,1.05,0.22,chop,-0.91,normal,-5.36,-19141,dir,115168.85,106.98,106.99,106.8923,21.96,0.68,1.00,TREND,1.64,stressed,17.90,0,mm,47.32,20.92,20.93,20.9206,-6.56,0.93,0.50,mixed,-1.03,normal,-6.43,-4100,dir,1372.68
289.377,261,39.2,116588.86,116588.86,23241,-23241,152.51,152.52,152.4959,-5.36,1.05,0.22,chop,-0.91,normal,-5.36,-19141,dir,115168.85,106.99,107.0,106.9002,21.94,0.68,1.00,TREND,1.64,stressed,17.90,0,mm,47.32,20.92,20.93,20.9209,-6.27,0.93,0.50,mixed,-1.03,normal,-6.43,-4100,dir,1372.68
289.615,261,39.2,116588.86,116588.86,23241,-23241,152.51,152.52,152.4980,-4.87,1.08,0.00,chop,-0.86,normal,-5.36,-19141,dir,114977.44,107.01,107.02,106.9129,22.10,0.74,1.00,TREND,1.69,stressed,17.90,0,mm,47.32,20.92,20.93,20.9213,-5.89,0.89,0.43,mixed,-1.00,normal,-6.43,-4100,dir,1372.68
289.902,262,38.2,116397.45,116397.45,23241,-23241,152.51,152.53,152.5008,-4.30,1.08,0.16,chop,-0.81,normal,-4.47,-19141,dir,114977.44,107.02,107.03,106.9271,22.17,0.74,1.00,TREND,1.68,stressed,17.58,0,mm,47.32,20.92,20.93,20.9218,-5.50,0.89,0.33,mixed,-0.98,normal,-5.58,-4100,dir,1372.68
290.030,262,38.2,116397.45,116397.45,23241,-23241,152.51,152.53,152.5019,-4.08,1.08,0.16,chop,-0.81,normal,-4.47,-19141,dir,114977.44,107.02,107.03,106.9328,22.10,0.74,1.00,TREND,1.68,stressed,17.58,0,mm,47.32,20.92,20.93,20.9220,-5.34,0.89,0.33,mixed,-0.98,normal,-5.58,-4100,dir,1372.68
290.130,262,38.2,116397.45,116397.45,23241,-23241,152.51,152.53,152.5027,-3.93,1.05,0.16,chop,-0.81,normal,-4.47,-19141,dir,114977.44,107.03,107.04,106.9375,22.09,0.73,1.00,TREND,1.68,stressed,17.58,0,mm,47.32,20.92,20.93,20.9221,-5.23,0.85,0.33,mixed,-0.98,normal,-5.58,-4100,dir,1372.68
290.163,262,38.2,116397.45,116397.45,23241,-23241,152.51,152.53,152.5030,-3.88,1.05,0.16,chop,-0.79,normal,-4.47,-19141,dir,114977.44,107.03,107.04,106.9390,22.08,0.73,1.00,TREND,1.67,stressed,17.58,0,mm,47.32,20.92,20.93,20.9222,-5.19,0.85,0.33,mixed,-0.96,normal,-5.58,-4100,dir,1372.68
290.197,262,38.2,116397.45,116397.45,23241,-23241,152.51,152.53,152.5032,-3.83,1.05,0.16,chop,-0.79,normal,-4.47,-19141,dir,114977.44,107.03,107.04,106.9405,22.07,0.73,1.00,TREND,1.67,stressed,17.58,0,mm,47.32,20.92,20.93,20.9222,-5.15,0.85,0.33,mixed,-0.96,normal,-5.58,-4100,dir,1372.68
290.308,262,38.2,116397.45,116397.45,23241,-23241,152.51,152.53,152.5041,-3.68,1.05,0.16,chop,-0.79,normal,-4.47,-19141,dir,114977.44,107.03,107.04,106.9453,21.99,0.73,1.00,TREND,1.67,stressed,17.58,0,mm,47.32,20.92,20.93,20.9224,-5.03,0.85,0.33,mixed,-0.96,normal,-5.58,-4100,dir,1372.68
290.392,262,38.2,116397.45,116397.45,23241,-23241,152.52,152.53,152.5049,-3.54,1.05,0.16,chop,-0.79,normal,-4.47,-19141,cut,114977.44,107.04,107.06,106.9494,22.01,0.73,1.00,TREND,1.67,stressed,17.58,0,mm,47.32,20.92,20.93,20.9225,-4.94,0.85,0.33,mixed,-0.96,normal,-5.58,-4100,dir,1372.68
290.632,262,38.2,116397.45,116397.45,23241,-23241,152.52,152.54,152.5076,-3.10,1.06,0.53,mixed,-0.71,normal,-4.47,-19141,cut,114594.62,107.06,107.07,106.9617,22.17,0.69,1.00,TREND,1.72,stressed,17.58,0,mm,47.32,20.92,20.93,20.9227,-4.69,0.81,0.00,chop,-0.94,normal,-5.58,-4100,dir,1372.68
290.653,263,37.1,116014.63,116014.63,23241,-23241,152.52,152.54,152.5078,-3.06,1.06,0.53,mixed,-0.71,normal,-3.95,-19141,cut,114594.62,107.06,107.07,106.9627,22.17,0.69,1.00,TREND,1.72,stressed,17.58,0,mm,47.32,20.92,20.93,20.9228,-4.67,0.81,0.00,chop,-0.94,normal,-5.12,-4100,dir,1372.68
290.686,263,37.1,116014.63,116014.63,23241,-23241,152.52,152.54,152.5082,-3.01,1.06,0.53,mixed,-0.71,normal,-3.95,-19141,cut,114594.62,107.06,107.07,106.9643,22.17,0.69,1.00,TREND,1.72,stressed,17.58,0,mm,47.32,20.92,20.93,20.9228,-4.64,0.81,0.00,chop,-0.94,normal,-5.12,-4100,dir,1372.68
290.740,263,37.1,116014.63,116014.63,23241,-23241,152.52,152.54,152.5087,-2.93,1.06,0.53,mixed,-0.71,normal,-3.95,-19141,cut,114594.62,107.06,107.07,106.9669,22.16,0.69,1.00,TREND,1.72,stressed,17.58,0,mm,47.32,20.92,20.93,20.9228,-4.59,0.81,0.00,chop,-0.94,normal,-5.12,-4100,dir,1372.68
290.829,263,37.1,116014.63,116014.63,18241,-18241,152.53,152.54,152.5098,-2.76,1.06,0.53,mixed,-0.71,normal,-3.95,-14141,cut,114581.12,107.07,107.08,106.9713,22.19,0.69,1.00,TREND,1.72,stressed,17.58,0,mm,47.32,20.92,20.93,20.9229,-4.51,0.81,0.00,chop,-0.94,normal,-5.12,-4100,dir,1372.68
290.902,263,37.1,116014.63,116014.63,18241,-18241,152.53,152.54,152.5106,-2.64,1.06,0.75,mixed,-0.65,normal,-3.95,-14141,cut,114581.12,107.07,107.08,106.9748,22.19,0.69,1.00,TREND,1.70,stressed,17.58,0,mm,47.32,20.92,20.93,20.9230,-4.44,0.81,0.00,chop,-0.92,normal,-5.12,-4100,dir,1372.68
290.955,263,37.1,116014.63,116014.63,18241,-18241,152.53,152.54,152.5112,-2.55,1.06,0.75,mixed,-0.65,normal,-3.95,-14141,cut,114581.12,107.07,107.08,106.9772,22.18,0.69,1.00,TREND,1.70,stressed,17.58,0,mm,47.32,20.92,20.93,20.9231,-4.39,0.81,0.00,chop,-0.92,normal,-5.12,-4100,dir,1372.68
291.055,263,37.1,116014.63,116014.63,18241,-18241,152.53,152.54,152.5123,-2.40,1.06,0.75,mixed,-0.65,normal,-3.95,-14141,cut,114581.12,107.08,107.09,106.9822,22.21,0.69,1.00,TREND,1.70,stressed,17.58,0,mm,47.32,20.92,20.93,20.9231,-4.31,0.81,0.00,chop,-0.92,normal,-5.12,-4100,dir,1372.68
291.190,263,37.1,116014.63,116014.63,19441,-19441,152.53,152.54,152.5137,-2.22,1.01,0.75,mixed,-0.63,normal,-3.95,-14141,cut,114581.12,107.08,107.09,106.9885,22.19,0.68,1.00,TREND,1.69,stressed,17.58,0,mm,47.32,20.92,20.93,20.9233,-4.19,0.76,0.33,mixed,-0.90,normal,-5.12,-5300,dir,1358.88
291.260,263,37.2,116014.63,116014.63,19441,-19441,152.53,152.54,152.5144,-2.13,1.01,0.75,mixed,-0.63,normal,-3.95,-14141,cut,114581.12,107.08,107.09,106.9917,22.15,0.68,1.00,TREND,1.69,stressed,17.58,0,mm,47.32,20.92,20.93,20.9233,-4.14,0.76,0.33,mixed,-0.90,normal,-5.12,-5300,dir,1358.88
291.307,263,37.2,116014.63,116014.63,19441,-19441,152.53,152.54,152.5149,-2.07,1.01,0.75,mixed,-0.63,normal,-3.95,-14141,cut,114581.12,107.09,107.1,106.9939,22.15,0.68,1.00,TREND,1.69,stressed,17.58,0,mm,47.32,20.92,20.93,20.9234,-4.10,0.76,0.33,mixed,-0.90,normal,-5.12,-5300,dir,1358.88
291.328,263,37.2,116014.63,116014.63,19441,-19441,152.53,152.54,152.5151,-2.05,1.01,0.75,mixed,-0.63,normal,-3.95,-14141,cut,114581.12,107.09,107.1,106.9949,22.15,0.68,1.00,TREND,1.69,stressed,17.58,0,mm,47.32,20.92,20.93,20.9234,-4.08,0.76,0.33,mixed,-0.90,normal,-5.12,-5300,dir,1358.88
291.352,263,37.2,116014.63,116014.63,19441,-19441,152.53,152.54,152.5153,-2.02,1.01,0.75,mixed,-0.63,normal,-3.95,-14141,cut,114581.12,107.09,107.1,106.9960,22.15,0.68,1.00,TREND,1.69,stressed,17.58,0,dir,47.32,20.92,20.93,20.9234,-4.06,0.76,0.33,mixed,-0.90,normal,-5.12,-5300,dir,1358.88
291.388,263,37.2,116014.63,116014.63,19441,-19441,152.53,152.54,152.5156,-1.98,1.01,0.75,mixed,-0.63,normal,-3.95,-14141,cut,114581.12,107.09,107.1,106.9977,22.14,0.68,1.00,TREND,1.69,stressed,17.58,0,dir,47.32,20.92,20.93,20.9234,-4.04,0.76,0.33,mixed,-0.90,normal,-5.12,-5300,dir,1358.88
291.480,263,37.2,116014.63,116014.63,21557,-17325,152.53,152.54,152.5164,-1.89,1.01,0.75,mixed,-0.61,normal,-3.95,-14141,cut,114581.12,107.09,107.1,107.0018,22.10,0.68,1.00,TREND,1.68,stressed,17.58,2116,dir,29.12,20.92,20.93,20.9235,-3.97,0.76,0.33,mixed,-0.88,normal,-5.12,-5300,dir,1358.88
291.570,263,37.2,116014.63,116014.63,21557,-17325,152.53,152.54,152.5172,-1.80,1.01,0.75,mixed,-0.61,normal,-3.95,-14141,cut,114581.12,107.1,107.12,107.0063,22.14,0.68,1.00,TREND,1.68,stressed,17.58,2116,dir,29.12,20.92,20.93,20.9235,-3.90,0.76,0.33,mixed,-0.88,normal,-5.12,-5300,dir,1358.88
291.638,263,37.2,116014.63,116014.63,21557,-17325,152.53,152.54,152.5178,-1.74,1.01,0.75,mixed,-0.61,normal,-3.95,-14141,cut,114581.12,107.1,107.12,107.0095,22.14,0.68,1.00,TREND,1.68,stressed,17.58,2116,dir,29.12,20.92,20.93,20.9236,-3.85,0.76,0.33,mixed,-0.88,normal,-5.12,-5300,dir,1358.88
291.652,263,37.2,116014.63,116014.63,21557,-17325,152.53,152.54,152.5179,-1.72,1.01,0.75,mixed,-0.61,normal,-3.95,-14141,cut,114581.12,107.1,107.12,107.0102,22.14,0.68,1.00,TREND,1.68,stressed,17.58,2116,dir,29.12,20.92,20.93,20.9236,-3.84,0.76,0.33,mixed,-0.88,normal,-5.12,-5300,dir,1358.88
291.679,263,37.2,116014.63,116014.63,21557,-17325,152.53,152.54,152.5181,-1.70,1.01,0.75,mixed,-0.61,normal,-3.95,-14141,cut,114581.12,107.1,107.12,107.0115,22.14,0.68,1.00,TREND,1.68,stressed,17.58,2116,dir,29.12,20.92,20.93,20.9236,-3.82,0.76,0.33,mixed,-0.88,normal,-5.12,-5300,dir,1358.88
291.919,263,37.2,116014.63,116014.63,16557,-12325,152.53,152.54,152.5199,-1.52,0.91,1.00,mixed,-0.59,normal,-3.95,-9141,cut,114448.54,107.12,107.13,107.0236,22.25,0.74,1.00,TREND,1.73,stressed,17.58,2116,dir,29.12,20.92,20.93,20.9238,-3.65,0.72,0.33,mixed,-0.86,normal,-5.12,-5300,dir,1358.88
291.984,264,36.2,115969.13,115969.13,16557,-12325,152.53,152.54,152.5203,-1.47,0.91,1.00,mixed,-0.59,normal,-3.49,-9141,cut,114448.54,107.12,107.13,107.0265,22.24,0.74,1.00,TREND,1.73,stressed,17.98,2116,dir,29.12,20.92,20.93,20.9238,-3.61,0.72,0.33,mixed,-0.86,normal,-4.74,-5300,dir,1358.88
292.009,264,36.2,115969.13,115969.13,16557,-12325,152.53,152.54,152.5205,-1.45,0.91,1.00,mixed,-0.59,normal,-3.49,-9141,cut,114448.54,107.12,107.13,107.0278,22.23,0.74,1.00,TREND,1.73,stressed,17.98,2116,dir,29.12,20.92,20.93,20.9238,-3.59,0.72,0.33,mixed,-0.86,normal,-4.74,-5300,dir,1358.88
292.151,264,36.2,115969.13,115969.13,17855,-11027,152.53,152.55,152.5218,-1.31,0.91,1.00,mixed,-0.59,normal,-3.49,-9141,cut,114448.54,107.13,107.15,107.0350,22.30,0.74,1.00,TREND,1.73,stressed,17.98,3414,dir,89.62,20.92,20.93,20.9239,-3.49,0.72,0.33,mixed,-0.86,normal,-4.74,-5300,dir,1358.88
292.196,264,36.2,115969.13,115969.13,17855,-11027,152.53,152.55,152.5222,-1.27,0.91,1.00,mixed,-0.53,normal,-3.49,-9141,cut,114448.54,107.13,107.15,107.0372,22.31,0.74,1.00,TREND,1.73,stressed,17.98,3414,dir,89.62,20.92,20.93,20.9239,-3.47,0.72,0.33,mixed,-0.84,normal,-4.74,-5300,dir,1358.88
292.210,264,36.2,115969.13,115969.13,17855,-11027,152.53,152.55,152.5223,-1.26,0.91,1.00,mixed,-0.53,normal,-3.49,-9141,cut,114448.54,107.13,107.15,107.0379,22.31,0.74,1.00,TREND,1.73,stressed,17.98,3414,dir,89.62,20.92,20.93,20.9239,-3.46,0.72,0.33,mixed,-0.84,normal,-4.74,-5300,dir,1358.88
292.235,264,36.2,115969.13,115969.13,17855,-11027,152.53,152.55,152.5225,-1.24,0.91,1.00,mixed,-0.53,normal,-3.49,-9141,cut,114448.54,107.13,107.15,107.0391,22.31,0.74,1.00,TREND,1.73,stressed,17.98,3414,dir,89.62,20.92,20.93,20.9239,-3.44,0.72,0.33,mixed,-0.84,normal,-4.74,-5300,dir,1358.88
292.261,264,36.2,115969.13,115969.13,17855,-11027,152.53,152.55,152.5227,-1.22,0.91,1.00,mixed,-0.53,normal,-3.49,-9141,cut,114448.54,107.13,107.15,107.0403,22.30,0.74,1.00,TREND,1.73,stressed,17.98,3414,dir,89.62,20.92,20.93,20.9239,-3.42,0.72,0.33,mixed,-0.84,normal,-4.74,-5300,dir,1358.88
292.376,264,36.2,115969.13,115969.13,17855,-11027,152.54,152.56,152.5241,-1.04,0.91,1.00,mixed,-0.53,normal,-3.49,-9141,cut,114448.54,107.15,107.16,107.0464,22.39,0.74,1.00,TREND,1.73,stressed,17.98,3414,dir,89.62,20.92,20.93,20.9240,-3.35,0.72,0.33,mixed,-0.84,normal,-4.74,-5300,dir,1358.88
292.535,264,36.2,115969.13,115969.13,17855,-11027,152.54,152.56,152.5259,-0.83,0.96,1.00,TREND,-0.43,normal,-3.49,-9141,cut,114357.13,107.15,107.16,107.0536,22.41,0.68,1.00,TREND,1.73,stressed,17.98,3414,dir,157.90,20.92,20.93,20.9241,-3.26,0.68,0.33,mixed,-0.82,normal,-4.74,-5300,cut,1358.88
292.655,265,35.1,115873.92,115873.92,17855,-11027,152.55,152.56,152.5276,-0.63,0.96,1.00,TREND,-0.43,normal,-2.99,-9141,cut,114357.13,107.16,107.17,107.0603,22.46,0.68,1.00,TREND,1.73,stressed,20.09,3414,dir,157.90,20.93,20.94,20.9247,-3.08,0.68,0.33,mixed,-0.82,normal,-4.07,-5300,cut,1358.88
292.711,265,35.1,115873.92,115873.92,17855,-11027,152.55,152.56,152.5283,-0.55,0.96,1.00,TREND,-0.43,normal,-2.99,-9141,cut,114357.13,107.16,107.17,107.0630,22.46,0.68,1.00,TREND,1.73,stressed,20.09,3414,dir,157.90,20.93,20.94,20.9250,-3.01,0.68,0.33,mixed,-0.82,normal,-4.07,-5300,cut,1358.88
292.766,265,35.1,115873.92,115873.92,17855,-11027,152.55,152.56,152.5290,-0.48,0.96,1.00,TREND,-0.43,normal,-2.99,-9141,cut,114357.13,107.16,107.17,107.0657,22.45,0.68,1.00,TREND,1.73,stressed,20.09,3414,dir,157.90,20.93,20.94,20.9253,-2.95,0.68,0.33,mixed,-0.82,normal,-4.07,-5300,cut,1358.88
292.822,265,35.1,115873.92,115873.92,17855,-11027,152.55,152.56,152.5297,-0.41,0.96,1.00,TREND,-0.37,stressed,-2.99,-9141,cut,114357.13,107.16,107.17,107.0682,22.42,0.68,1.00,TREND,1.72,stressed,20.09,3414,dir,157.90,20.93,20.94,20.9255,-2.88,0.68,0.50,mixed,-0.72,normal,-4.07,-5300,cut,1358.88
292.913,265,35.1,115873.92,115873.92,7855,-1027,152.55,152.56,152.5307,-0.30,0.96,1.00,TREND,-0.37,stressed,-2.99,-4141,cut,114343.63,107.17,107.18,107.0727,22.43,0.68,1.00,TREND,1.72,stressed,20.09,3414,dir,157.90,20.93,20.94,20.9259,-2.78,0.68,0.50,mixed,-0.72,normal,-4.07,-300,cut,1298.38
292.962,265,35.1,115873.92,115873.92,7855,-1027,152.55,152.56,152.5313,-0.25,0.96,1.00,TREND,-0.37,stressed,-2.99,-4141,cut,114343.63,107.17,107.18,107.0750,22.43,0.68,1.00,TREND,1.72,stressed,20.09,3414,dir,157.90,20.93,20.94,20.9261,-2.73,0.68,0.50,mixed,-0.72,normal,-4.07,-300,cut,1298.38
293.004,265,35.1,115873.92,115873.92,7855,-1027,152.55,152.56,152.5318,-0.21,0.96,1.00,TREND,-0.37,stressed,-2.99,-4141,cut,114343.63,107.17,107.18,107.0770,22.41,0.68,1.00,TREND,1.72,stressed,20.09,3414,dir,157.90,20.93,20.94,20.9263,-2.69,0.68,0.50,mixed,-0.72,normal,-4.07,-300,cut,1298.38
293.027,265,35.1,115873.92,115873.92,7855,-1027,152.55,152.56,152.5320,-0.19,0.90,1.00,TREND,-0.37,stressed,-2.99,-4141,cut,114343.63,107.17,107.18,107.0780,22.40,0.69,1.00,TREND,1.72,stressed,20.09,3414,dir,157.90,20.93,20.94,20.9264,-2.67,0.73,0.50,mixed,-0.72,normal,-4.07,-300,cut,1298.38
293.237,265,35.1,115873.92,115873.92,12855,3973,152.55,152.56,152.5342,-0.01,0.90,1.00,TREND,-0.35,stressed,-2.99,-4141,cut,114343.63,107.18,107.19,107.0881,22.39,0.69,1.00,TREND,1.74,stressed,20.09,8414,dir,224.32,20.93,20.94,20.9272,-2.47,0.73,0.50,mixed,-0.70,normal,-4.07,-300,cut,1298.38
293.300,265,35.2,115873.92,115873.92,12855,3973,152.55,152.58,152.5351,0.09,0.90,1.00,TREND,-0.35,stressed,-2.99,-4141,cut,114343.63,107.18,107.19,107.0909,22.35,0.69,1.00,TREND,1.74,stressed,20.09,8414,dir,224.32,20.93,20.94,20.9274,-2.42,0.73,0.50,mixed,-0.70,normal,-4.07,-300,cut,1298.38
293.373,265,35.2,115873.92,115873.92,12855,3973,152.57,152.58,152.5364,0.25,0.90,1.00,TREND,-0.35,stressed,-2.99,-4141,cut,114343.63,107.19,107.21,107.0946,22.38,0.69,1.00,TREND,1.74,stressed,20.09,8414,dir,224.32,20.93,20.94,20.9277,-2.36,0.73,0.50,mixed,-0.70,normal,-4.07,-300,cut,1298.38
293.401,265,35.2,115873.92,115873.92,12855,3973,152.57,152.58,152.5369,0.31,0.90,1.00,TREND,-0.35,stressed,-2.99,-4141,cut,114343.63,107.19,107.21,107.0960,22.38,0.69,1.00,TREND,1.74,stressed,20.09,8414,dir,224.32,20.93,20.94,20.9278,-2.34,0.73,0.50,mixed,-0.70,normal,-4.07,-300,cut,1298.38
293.416,265,35.2,115873.92,115873.92,12855,3973,152.57,152.58,152.5372,0.34,0.90,1.00,TREND,-0.35,stressed,-2.99,-4141,cut,114343.63,107.19,107.21,107.0968,22.39,0.69,1.00,TREND,1.74,stressed,20.09,8414,dir,224.32,20.93,20.94,20.9278,-2.33,0.73,0.50,mixed,-0.70,normal,-4.07,-300,cut,1298.38
293.452,265,35.2,115873.92,115873.92,12855,3973,152.57,152.58,152.5378,0.41,0.90,1.00,TREND,-0.35,stressed,-2.99,-4141,cut,114260.81,107.2,107.21,107.0986,22.40,0.69,1.00,TREND,1.74,stressed,20.09,8414,dir,392.60,20.93,20.94,20.9279,-2.30,0.73,0.50,mixed,-0.70,normal,-4.07,-300,cut,1298.38
293.499,265,35.2,115873.92,115873.92,12855,3973,152.57,152.58,152.5386,0.49,0.90,1.00,TREND,-0.19,stressed,-2.99,-4141,cut,114260.81,107.2,107.21,107.1009,22.41,0.69,1.00,TREND,1.75,stressed,20.09,8414,dir,392.60,20.93,20.94,20.9281,-2.27,0.73,0.50,mixed,-0.69,normal,-4.07,-300,cut,1298.38
293.532,265,35.2,115873.92,115873.92,12855,3973,152.57,152.58,152.5392,0.55,0.98,1.00,TREND,-0.19,stressed,-2.99,-4141,cut,114260.81,107.2,107.21,107.1025,22.41,0.64,1.00,TREND,1.75,stressed,20.09,8414,dir,392.60,20.93,20.94,20.9282,-2.25,0.67,0.50,mixed,-0.69,normal,-4.07,-300,cut,1298.38
293.575,265,35.2,115873.92,115873.92,12855,3973,152.57,152.58,152.5399,0.62,0.98,1.00,TREND,-0.19,stressed,-2.99,-4141,cut,114260.81,107.2,107.21,107.1046,22.41,0.64,1.00,TREND,1.75,stressed,20.09,8414,dir,392.60,20.93,20.94,20.9283,-2.22,0.67,0.50,mixed,-0.69,normal,-4.07,-300,cut,1298.38
293.679,265,35.2,115873.92,115873.92,12855,3973,152.57,152.58,152.5416,0.78,0.98,1.00,TREND,-0.19,stressed,-2.99,-4141,cut,114260.81,107.21,107.22,107.1098,22.45,0.64,1.00,TREND,1.75,stressed,20.09,8414,dir,392.60,20.93,20.94,20.9287,-2.15,0.67,0.50,mixed,-0.69,normal,-4.07,-300,cut,1298.38
293.718,265,35.2,115873.92,115873.92,12855,3973,152.57,152.58,152.5422,0.84,0.98,1.00,TREND,-0.19,stressed,-2.99,-4141,cut,114260.81,107.21,107.22,107.1117,22.45,0.64,1.00,TREND,1.75,stressed,20.09,8414,dir,392.60,20.93,20.94,20.9288,-2.12,0.67,0.50,mixed,-0.69,normal,-4.07,-300,cut,1298.38
293.765,265,35.2,115873.92,115873.92,12855,3973,152.57,152.58,152.5429,0.90,0.98,1.00,TREND,-0.16,stressed,-2.99,-4141,cut,114260.81,107.21,107.22,107.1139,22.45,0.64,1.00,TREND,1.73,stressed,20.09,8414,dir,392.60,20.93,20.94,20.9289,-2.09,0.67,1.00,mixed,-0.67,normal,-4.07,-300,cut,1298.38
293.791,266,34.1,115951.80,115951.80,12855,3973,152.57,152.58,152.5433,0.93,0.98,1.00,TREND,-0.16,stressed,-2.35,-4141,cut,114260.81,107.21,107.22,107.1152,22.45,0.64,1.00,TREND,1.73,stressed,20.09,8414,dir,392.60,20.93,20.94,20.9290,-2.08,0.67,1.00,mixed,-0.67,normal,-3.69,-300,cut,1298.38
293.900,266,34.1,115951.80,115951.80,12855,3973,152.57,152.58,152.5449,1.06,0.98,1.00,TREND,-0.16,stressed,-2.35,-4141,cut,114260.81,107.21,107.22,107.1202,22.40,0.64,1.00,TREND,1.73,stressed,20.09,8414,dir,392.60,20.93,20.94,20.9293,-2.01,0.67,1.00,mixed,-0.67,normal,-3.69,-300,cut,1298.38
294.203,266,34.1,115951.80,115951.80,8414,8414,152.57,152.59,152.5496,1.43,0.90,1.00,TREND,-0.05,stressed,-2.35,0,mm,114212.22,107.22,107.23,107.1341,22.28,0.65,1.00,TREND,1.72,stressed,20.09,8414,dir,392.60,20.93,20.94,20.9300,-1.85,0.62,1.00,mixed,-0.64,normal,-3.69,0,mm,1297.93
294.239,266,34.1,115951.80,115951.80,8414,8414,152.58,152.59,152.5502,1.48,0.90,1.00,TREND,-0.05,stressed,-2.35,0,mm,114212.22,107.23,107.25,107.1359,22.29,0.65,1.00,TREND,1.72,stressed,20.09,8414,dir,392.60,20.94,20.95,20.9303,-1.81,0.62,1.00,mixed,-0.64,normal,-3.69,0,mm,1297.93
295.021,266,34.1,115951.80,115951.80,8414,8414,152.58,152.59,152.5609,2.09,0.82,1.00,TREND,0.04,stressed,-2.35,0,mm,114212.22,107.23,107.25,107.1679,21.50,0.69,1.00,TREND,1.72,stressed,20.09,8414,dir,392.60,20.94,20.95,20.9348,-1.10,0.66,1.00,mixed,-0.52,normal,-3.69,0,mm,1297.93
295.661,267,33.2,116323.46,116323.46,8414,8414,152.61,152.62,152.5748,3.28,0.98,1.00,TREND,0.48,stressed,-1.48,0,mm,114212.22,107.28,107.29,107.1981,21.71,0.79,1.00,TREND,1.83,stressed,18.89,8414,dir,813.30,20.94,20.96,20.9387,-0.61,0.64,1.00,mixed,-0.40,normal,-2.97,0,mm,1297.93
295.865,268,32.1,116744.16,116744.16,8414,8414,152.62,152.63,152.5795,3.63,0.98,1.00,TREND,0.48,stressed,-1.14,0,mm,114212.22,107.31,107.33,107.2096,22.00,0.79,1.00,TREND,1.83,stressed,18.40,8414,dir,1234.00,20.95,20.96,20.9403,-0.43,0.64,1.00,mixed,-0.40,normal,-2.61,0,mm,1297.93
296.067,268,32.1,116744.16,116744.16,13414,13414,152.62,152.64,152.5841,3.94,0.98,1.00,TREND,0.70,stressed,-1.14,0,mm,114212.22,107.33,107.34,107.2209,22.31,0.79,1.00,TREND,1.94,stressed,18.40,13414,dir,1443.42,20.95,20.96,20.9416,-0.29,0.64,1.00,mixed,-0.32,normal,-2.61,0,mm,1297.93
296.086,268,32.1,116744.16,116744.16,13414,13414,152.62,152.64,152.5845,3.97,0.98,1.00,TREND,0.70,stressed,-1.14,0,mm,114212.22,107.33,107.34,107.2220,22.32,0.79,1.00,TREND,1.94,stressed,18.40,13414,dir,1443.42,20.95,20.96,20.9417,-0.28,0.64,1.00,mixed,-0.32,normal,-2.61,0,mm,1297.93
296.117,268,32.1,116744.16,116744.16,13414,13414,152.62,152.64,152.5852,4.00,0.98,1.00,TREND,0.70,stressed,-1.14,0,mm,114212.22,107.33,107.34,107.2236,22.35,0.79,1.00,TREND,1.94,stressed,18.40,13414,dir,1443.42,20.95,20.96,20.9419,-0.26,0.64,1.00,mixed,-0.32,normal,-2.61,0,mm,1297.93
296.136,268,32.1,116744.16,116744.16,13414,13414,152.62,152.64,152.5856,4.03,0.98,1.00,TREND,0.70,stressed,-1.14,0,mm,114212.22,107.33,107.34,107.2246,22.36,0.79,1.00,TREND,1.94,stressed,18.40,13414,dir,1443.42,20.95,20.96,20.9420,-0.25,0.64,1.00,mixed,-0.32,normal,-2.61,0,mm,1297.93
296.297,268,32.1,116744.16,116744.16,13414,13414,152.63,152.64,152.5892,4.25,1.00,1.00,TREND,0.70,stressed,-1.14,0,mm,114212.22,107.34,107.36,107.2337,22.58,1.05,1.00,TREND,1.94,stressed,18.40,13414,dir,1443.42,20.95,20.96,20.9430,-0.16,0.62,1.00,mixed,-0.32,normal,-2.61,0,mm,1297.93
296.376,268,32.2,116744.16,116744.16,13414,13414,152.63,152.64,152.5908,4.34,1.00,1.00,TREND,0.82,stressed,-1.14,0,mm,114212.22,107.34,107.36,107.2379,22.64,1.05,1.00,TREND,1.92,stressed,18.40,13414,dir,1443.42,20.95,20.96,20.9434,-0.13,0.62,1.00,mixed,-0.29,normal,-2.61,0,mm,1297.93
296.419,268,32.2,116744.16,116744.16,13414,13414,152.63,152.64,152.5917,4.38,1.00,1.00,TREND,0.82,stressed,-1.14,0,mm,114212.22,107.34,107.36,107.2402,22.66,1.05,1.00,TREND,1.92,stressed,18.40,13414,dir,1443.42,20.95,20.96,20.9436,-0.11,0.62,1.00,mixed,-0.29,normal,-2.61,0,mm,1297.93
296.471,268,32.2,116744.16,116744.16,13414,13414,152.63,152.64,152.5928,4.43,1.00,1.00,TREND,0.82,stressed,-1.14,0,mm,114212.22,107.36,107.37,107.2432,22.74,1.05,1.00,TREND,1.92,stressed,18.40,13414,dir,1845.84,20.95,20.96,20.9439,-0.09,0.62,1.00,mixed,-0.29,normal,-2.61,0,mm,1297.93
296.509,268,32.2,116744.16,116744.16,13414,13414,152.63,152.64,152.5935,4.46,1.00,1.00,TREND,0.82,stressed,-1.14,0,mm,114212.22,107.36,107.37,107.2454,22.79,1.05,1.00,TREND,1.92,stressed,18.40,13414,dir,1845.84,20.95,20.96,20.9441,-0.07,0.62,1.00,mixed,-0.29,normal,-2.61,0,mm,1297.93
296.562,268,32.2,116744.16,116744.16,13414,13414,152.63,152.64,152.5946,4.50,1.00,1.00,TREND,0.82,stressed,-1.14,0,mm,114212.22,107.36,107.37,107.2483,22.84,1.05,1.00,TREND,1.92,stressed,18.40,13414,dir,1845.84,20.95,20.96,20.9444,-0.05,0.62,1.00,mixed,-0.29,normal,-2.61,0,mm,1297.93
296.608,268,32.2,116744.16,116744.16,13414,13414,152.63,152.64,152.5954,4.53,1.00,1.00,TREND,0.82,stressed,-1.14,0,mm,114212.22,107.36,107.37,107.2508,22.87,1.05,1.00,TREND,1.92,stressed,18.40,13414,dir,1845.84,20.95,20.96,20.9446,-0.04,0.62,1.00,mixed,-0.29,normal,-2.61,0,mm,1297.93
296.636,268,32.2,116744.16,116744.16,13414,13414,152.63,152.64,152.5959,4.54,1.00,1.00,TREND,0.87,stressed,-1.14,0,mm,114212.22,107.36,107.37,107.2523,22.89,1.05,1.00,TREND,1.91,stressed,18.40,13414,dir,1845.84,20.95,20.96,20.9447,-0.03,0.62,1.00,mixed,-0.26,normal,-2.61,0,mm,1297.93
296.652,268,32.2,116744.16,116744.16,13414,13414,152.63,152.64,152.5962,4.55,1.00,1.00,TREND,0.87,stressed,-1.14,0,mm,114212.22,107.36,107.37,107.2532,22.89,1.05,1.00,TREND,1.91,stressed,18.40,13414,dir,1845.84,20.95,20.96,20.9448,-0.02,0.62,1.00,mixed,-0.26,normal,-2.61,0,mm,1297.93
296.741,268,32.2,116744.16,116744.16,13414,13414,152.63,152.65,152.5980,4.63,1.00,1.00,TREND,0.87,stressed,-1.14,0,mm,114212.22,107.37,107.38,107.2581,22.98,1.05,1.00,TREND,1.91,stressed,18.40,13414,dir,1845.84,20.95,20.96,20.9452,0.01,0.62,1.00,mixed,-0.26,normal,-2.61,0,mm,1297.93
296.768,268,32.2,116744.16,116744.16,13414,13414,152.63,152.65,152.5985,4.65,1.00,1.00,TREND,0.87,stressed,-1.14,0,mm,114212.22,107.37,107.38,107.2596,23.00,1.05,1.00,TREND,1.91,stressed,18.40,13414,dir,1845.84,20.95,20.96,20.9454,0.01,0.62,1.00,mixed,-0.26,normal,-2.61,0,mm,1297.93
296.832,268,32.2,116744.16,116744.16,13414,13414,152.63,152.65,152.5998,4.70,0.93,1.00,TREND,0.87,stressed,-1.14,0,mm,114212.22,107.37,107.38,107.2630,23.03,1.00,1.00,TREND,1.91,stressed,18.40,13414,dir,1845.84,20.95,20.96,20.9456,0.03,0.56,1.00,mixed,-0.26,normal,-2.61,0,mm,1297.93
296.862,269,31.1,117356.00,117356.00,13414,13414,152.63,152.65,152.6003,4.72,0.93,1.00,TREND,0.87,stressed,-0.75,0,mm,114212.22,107.37,107.38,107.2646,23.04,1.00,1.00,TREND,1.91,stressed,18.35,13414,dir,1845.84,20.95,20.96,20.9458,0.04,0.56,1.00,mixed,-0.26,normal,-2.30,0,mm,1297.93
296.877,269,31.1,117356.00,117356.00,13414,13414,152.63,152.65,152.6006,4.73,0.93,1.00,TREND,0.87,stressed,-0.75,0,mm,114212.22,107.37,107.38,107.2654,23.04,1.00,1.00,TREND,1.91,stressed,18.35,13414,dir,1845.84,20.95,20.96,20.9458,0.04,0.56,1.00,mixed,-0.26,normal,-2.30,0,mm,1297.93
296.898,269,31.1,117356.00,117356.00,13414,13414,152.63,152.65,152.6010,4.74,0.93,1.00,TREND,0.99,stressed,-0.75,0,mm,114212.22,107.37,107.38,107.2665,23.04,1.00,1.00,TREND,1.88,stressed,18.35,13414,dir,1845.84,20.95,20.96,20.9459,0.05,0.56,1.00,mixed,-0.23,normal,-2.30,0,mm,1297.93
296.996,269,31.1,117356.00,117356.00,17087,17087,152.64,152.65,152.6030,4.82,0.93,1.00,TREND,0.99,stressed,-0.75,0,mm,114212.22,107.38,107.39,107.2718,23.11,1.00,1.00,TREND,1.88,stressed,18.35,17087,dir,2082.53,20.95,20.96,20.9463,0.07,0.56,1.00,mixed,-0.23,normal,-2.30,0,mm,1297.93
297.021,269,31.1,117356.00,117356.00,17087,17087,152.64,152.65,152.6035,4.84,0.93,1.00,TREND,0.99,stressed,-0.75,0,mm,114212.22,107.38,107.39,107.2731,23.11,1.00,1.00,TREND,1.88,stressed,18.35,17087,dir,2082.53,20.95,20.96,20.9464,0.07,0.56,1.00,mixed,-0.23,normal,-2.30,0,mm,1297.93
297.053,269,31.1,117356.00,117356.00,17087,17087,152.64,152.65,152.6041,4.87,0.93,1.00,TREND,0.99,stressed,-0.75,0,mm,114212.22,107.38,107.39,107.2748,23.12,1.00,1.00,TREND,1.88,stressed,18.35,17087,dir,2082.53,20.95,20.96,20.9466,0.08,0.56,1.00,mixed,-0.23,normal,-2.30,0,mm,1297.93
297.075,269,31.1,117356.00,117356.00,17087,17087,152.64,152.65,152.6045,4.88,0.93,1.00,TREND,0.99,stressed,-0.75,0,mm,114212.22,107.38,107.39,107.2760,23.12,1.00,1.00,TREND,1.88,stressed,18.35,17087,dir,2082.53,20.95,20.96,20.9467,0.09,0.56,1.00,mixed,-0.23,normal,-2.30,0,mm,1297.93
297.093,269,31.1,117356.00,117356.00,17087,17087,152.64,152.65,152.6049,4.89,0.93,1.00,TREND,0.99,stressed,-0.75,0,mm,114212.22,107.38,107.39,107.2769,23.12,1.00,1.00,TREND,1.88,stressed,18.35,17087,dir,2082.53,20.95,20.96,20.9467,0.09,0.56,1.00,mixed,-0.23,normal,-2.30,0,mm,1297.93
297.117,269,31.1,117356.00,117356.00,17087,17087,152.64,152.65,152.6053,4.91,0.93,1.00,TREND,0.99,stressed,-0.75,0,mm,114212.22,107.38,107.39,107.2781,23.12,1.00,1.00,TREND,1.88,stressed,18.35,17087,dir,2082.53,20.95,20.96,20.9468,0.09,0.56,1.00,mixed,-0.23,normal,-2.30,0,mm,1297.93
297.161,269,31.1,117356.00,117356.00,17087,17087,152.64,152.65,152.6061,4.93,0.93,1.00,TREND,1.12,stressed,-0.75,0,mm,114212.22,107.38,107.39,107.2803,23.11,1.00,1.00,TREND,1.85,stressed,18.35,17087,dir,2082.53,20.95,20.96,20.9470,0.10,0.56,1.00,mixed,-0.20,normal,-2.30,0,mm,1297.93
297.265,269,31.1,117356.00,117356.00,17087,17087,152.64,152.65,152.6080,4.98,0.93,1.00,TREND,1.12,stressed,-0.75,0,mm,114212.22,107.39,107.41,107.2860,23.19,1.00,1.00,TREND,1.85,stressed,18.35,17087,dir,2082.53,20.95,20.96,20.9474,0.12,0.56,1.00,mixed,-0.20,normal,-2.30,0,mm,1297.93
297.303,269,31.1,117356.00,117356.00,17087,17087,152.64,152.65,152.6086,4.99,0.93,1.00,TREND,1.12,stressed,-0.75,0,mm,114212.22,107.39,107.41,107.2880,23.20,1.00,1.00,TREND,1.85,stressed,18.35,17087,dir,2082.53,20.95,20.96,20.9475,0.12,0.56,1.00,mixed,-0.20,normal,-2.30,0,mm,1297.93
297.328,269,31.1,117356.00,117356.00,17087,17087,152.64,152.65,152.6091,5.00,0.93,1.00,TREND,1.12,stressed,-0.75,0,mm,114212.22,107.39,107.41,107.2893,23.20,1.00,1.00,TREND,1.85,stressed,18.35,17087,dir,2082.53,20.95,20.96,20.9476,0.13,0.56,1.00,mixed,-0.20,normal,-2.30,0,mm,1297.93
297.344,269,31.1,117356.00,117356.00,17087,17087,152.64,152.65,152.6093,5.00,0.86,1.00,TREND,1.12,stressed,-0.75,0,mm,114212.22,107.39,107.41,107.2901,23.21,0.95,1.00,TREND,1.85,stressed,18.35,17087,dir,2082.53,20.95,20.96,20.9476,0.13,0.51,1.00,mixed,-0.20,normal,-2.30,0,mm,1297.93
297.594,269,31.2,117356.00,117356.00,17087,17087,152.64,152.65,152.6133,5.03,0.86,1.00,TREND,1.18,stressed,-0.75,0,mm,114212.22,107.39,107.41,107.3022,23.11,0.95,1.00,TREND,1.84,stressed,18.35,17087,dir,2082.53,20.95,20.96,20.9485,0.16,0.51,1.00,mixed,-0.16,normal,-2.30,0,mm,1297.93
297.631,269,31.2,117356.00,117356.00,17087,17087,152.64,152.65,152.6138,5.03,0.86,1.00,TREND,1.18,stressed,-0.75,0,mm,114212.22,107.41,107.42,107.3043,23.13,0.95,1.00,TREND,1.84,stressed,18.35,17087,dir,2595.14,20.95,20.96,20.9486,0.16,0.51,1.00,mixed,-0.16,normal,-2.30,0,mm,1297.93
297.666,269,31.2,117356.00,117356.00,17087,17087,152.64,152.65,152.6143,5.03,0.86,1.00,TREND,1.18,stressed,-0.75,0,mm,114212.22,107.41,107.42,107.3060,23.13,0.95,1.00,TREND,1.84,stressed,18.35,17087,dir,2595.14,20.95,20.96,20.9487,0.16,0.51,1.00,mixed,-0.16,normal,-2.30,0,mm,1297.93
297.695,269,31.2,117356.00,117356.00,17087,17087,152.64,152.65,152.6148,5.03,0.86,1.00,TREND,1.18,stressed,-0.75,0,mm,114212.22,107.41,107.42,107.3076,23.14,0.95,1.00,TREND,1.84,stressed,18.35,17087,dir,2595.14,20.95,20.96,20.9488,0.17,0.51,1.00,mixed,-0.16,normal,-2.30,0,mm,1297.93
297.755,269,31.2,117356.00,117356.00,17087,17087,152.64,152.65,152.6156,5.02,0.86,1.00,TREND,1.18,stressed,-0.75,0,mm,114212.22,107.42,107.43,107.3108,23.18,0.95,1.00,TREND,1.84,stressed,18.35,17087,dir,2595.14,20.96,20.97,20.9492,0.22,0.51,1.00,mixed,-0.16,normal,-2.30,0,mm,1297.93
297.778,269,31.2,117356.00,117356.00,17087,17087,152.64,152.65,152.6159,5.02,0.86,1.00,TREND,1.18,stressed,-0.75,0,mm,114212.22,107.42,107.43,107.3120,23.19,0.95,1.00,TREND,1.84,stressed,18.35,17087,dir,2595.14,20.96,20.97,20.9494,0.24,0.51,1.00,mixed,-0.16,normal,-2.30,0,mm,1297.93
297.799,269,31.2,117356.00,117356.00,17087,17087,152.64,152.65,152.6162,5.02,0.86,1.00,TREND,1.18,stressed,-0.75,0,mm,114212.22,107.42,107.43,107.3132,23.19,0.95,1.00,TREND,1.84,stressed,18.35,17087,dir,2595.14,20.96,20.97,20.9495,0.26,0.51,1.00,mixed,-0.16,normal,-2.30,0,mm,1297.93
297.834,269,31.2,117356.00,117356.00,17087,17087,152.64,152.65,152.6167,5.01,0.86,1.00,TREND,1.18,stressed,-0.75,0,mm,114212.22,107.42,107.43,107.3150,23.20,0.95,1.00,TREND,1.84,stressed,18.35,17087,dir,2595.14,20.96,20.97,20.9498,0.28,0.51,1.00,mixed,-0.16,normal,-2.30,0,mm,1297.93
297.852,269,31.2,117356.00,117356.00,17087,17087,152.64,152.65,152.6169,5.01,0.83,1.00,TREND,1.24,stressed,-0.75,0,mm,114212.22,107.42,107.43,107.3159,23.20,0.90,1.00,TREND,1.86,stressed,18.35,17087,dir,2595.14,20.96,20.97,20.9499,0.30,0.55,1.00,mixed,0.03,normal,-2.30,0,mm,1297.93
297.918,270,30.1,118105.30,118105.30,17087,17087,152.64,152.65,152.6178,5.00,0.83,1.00,TREND,1.24,stressed,-0.46,0,mm,114212.22,107.42,107.43,107.3193,23.20,0.90,1.00,TREND,1.86,stressed,18.35,17087,dir,2595.14,20.96,20.97,20.9504,0.34,0.55,1.00,mixed,0.03,normal,-1.81,0,mm,1297.93
297.937,270,30.1,118105.30,118105.30,17087,17087,152.64,152.65,152.6180,4.99,0.83,1.00,TREND,1.24,stressed,-0.46,0,mm,114212.22,107.42,107.43,107.3202,23.20,0.90,1.00,TREND,1.86,stressed,18.35,17087,dir,2595.14,20.96,20.97,20.9505,0.36,0.55,1.00,mixed,0.03,normal,-1.81,0,mm,1297.93
297.978,270,30.1,118105.30,118105.30,17087,17087,152.64,152.65,152.6185,4.98,0.83,1.00,TREND,1.24,stressed,-0.46,0,mm,114212.22,107.43,107.46,107.3226,23.25,0.90,1.00,TREND,1.86,stressed,18.35,17087,dir,2595.14,20.96,20.97,20.9508,0.38,0.55,1.00,mixed,0.03,normal,-1.81,0,mm,1297.93
298.015,270,30.1,118105.30,118105.30,17087,17087,152.64,152.65,152.6190,4.97,0.83,1.00,TREND,1.24,stressed,-0.46,0,mm,114212.22,107.43,107.46,107.3247,23.29,0.90,1.00,TREND,1.86,stressed,18.35,17087,dir,2595.14,20.96,20.97,20.9510,0.41,0.55,1.00,mixed,0.03,normal,-1.81,0,mm,1297.93
298.038,270,30.1,118105.30,118105.30,17087,17087,152.64,152.65,152.6192,4.96,0.83,1.00,TREND,1.24,stressed,-0.46,0,mm,114212.22,107.43,107.46,107.3259,23.31,0.90,1.00,TREND,1.86,stressed,18.35,17087,dir,2595.14,20.96,20.97,20.9512,0.42,0.55,1.00,mixed,0.03,normal,-1.81,0,mm,1297.93
298.075,270,30.1,118105.30,118105.30,17087,17087,152.64,152.65,152.6197,4.95,0.83,1.00,TREND,1.24,stressed,-0.46,0,mm,114212.22,107.43,107.46,107.3280,23.34,0.90,1.00,TREND,1.86,stressed,18.35,17087,dir,2595.14,20.96,20.97,20.9514,0.44,0.55,1.00,mixed,0.03,normal,-1.81,0,mm,1297.93
298.144,270,30.1,118105.30,118105.30,17087,17087,152.64,152.65,152.6205,4.93,0.83,1.00,TREND,1.29,stressed,-0.46,0,mm,114212.22,107.43,107.46,107.3317,23.37,0.90,1.00,TREND,1.87,stressed,18.35,17087,dir,2595.14,20.96,20.97,20.9518,0.48,0.55,1.00,mixed,0.08,normal,-1.81,0,mm,1297.93
298.214,270,30.1,118105.30,118105.30,17087,17087,152.64,152.65,152.6213,4.90,0.83,1.00,TREND,1.29,stressed,-0.46,0,mm,114212.22,107.43,107.46,107.3354,23.38,0.90,1.00,TREND,1.87,stressed,18.35,17087,dir,2595.14,20.96,20.97,20.9523,0.51,0.55,1.00,mixed,0.08,normal,-1.81,0,mm,1297.93
298.249,270,30.1,118105.30,118105.30,17087,17087,152.64,152.65,152.6217,4.89,0.83,1.00,TREND,1.29,stressed,-0.46,0,mm,114212.22,107.46,107.47,107.3375,23.44,0.90,1.00,TREND,1.87,stressed,18.35,17087,dir,2595.14,20.96,20.97,20.9525,0.53,0.55,1.00,mixed,0.08,normal,-1.81,0,mm,1297.93
298.323,270,30.1,118105.30,118105.30,17087,17087,152.64,152.65,152.6225,4.86,0.83,1.00,TREND,1.29,stressed,-0.46,0,mm,114212.22,107.46,107.47,107.3419,23.53,0.90,1.00,TREND,1.87,stressed,18.35,17087,dir,2595.14,20.96,20.97,20.9529,0.56,0.55,1.00,mixed,0.08,normal,-1.81,0,mm,1297.93
298.345,270,30.1,118105.30,118105.30,17087,17087,152.64,152.65,152.6227,4.85,0.83,1.00,TREND,1.29,stressed,-0.46,0,mm,114212.22,107.46,107.47,107.3432,23.55,0.90,1.00,TREND,1.87,stressed,18.35,17087,dir,2595.14,20.96,20.97,20.9530,0.57,0.55,1.00,mixed,0.08,normal,-1.81,0,mm,1297.93
298.365,270,30.1,118105.30,118105.30,17087,17087,152.64,152.65,152.6229,4.84,0.81,1.00,TREND,1.29,stressed,-0.46,0,mm,114212.22,107.46,107.47,107.3443,23.57,0.91,1.00,TREND,1.87,stressed,18.35,17087,dir,2595.14,20.96,20.97,20.9532,0.58,0.51,1.00,mixed,0.08,normal,-1.81,0,mm,1297.93
298.395,270,30.2,118105.30,118105.30,17087,17087,152.64,152.65,152.6232,4.83,0.81,1.00,TREND,1.26,stressed,-0.46,0,mm,114212.22,107.46,107.47,107.3460,23.59,0.91,1.00,TREND,1.87,stressed,18.35,17087,dir,2595.14,20.96,20.97,20.9533,0.59,0.51,1.00,mixed,0.08,normal,-1.81,0,mm,1297.93
298.432,270,30.2,118105.30,118105.30,17087,17087,152.64,152.65,152.6236,4.81,0.81,1.00,TREND,1.26,stressed,-0.46,0,mm,114212.22,107.46,107.47,107.3481,23.62,0.91,1.00,TREND,1.87,stressed,18.35,17087,dir,2595.14,20.96,20.97,20.9535,0.60,0.51,1.00,mixed,0.08,normal,-1.81,0,mm,1297.93
298.469,270,30.2,118105.30,118105.30,17087,17087,152.64,152.65,152.6240,4.79,0.81,1.00,TREND,1.26,stressed,-0.46,0,mm,114212.22,107.47,107.48,107.3503,23.66,0.91,1.00,TREND,1.87,stressed,18.35,17087,dir,3620.36,20.96,20.97,20.9537,0.61,0.51,1.00,mixed,0.08,normal,-1.81,0,mm,1297.93
298.506,270,30.2,118105.30,118105.30,17087,17087,152.64,152.65,152.6243,4.78,0.81,1.00,TREND,1.26,stressed,-0.46,0,mm,114212.22,107.47,107.48,107.3524,23.70,0.91,1.00,TREND,1.87,stressed,18.35,17087,dir,3620.36,20.96,20.97,20.9539,0.62,0.51,1.00,mixed,0.08,normal,-1.81,0,mm,1297.93
298.553,270,30.2,118105.30,118105.30,17087,17087,152.64,152.65,152.6248,4.75,0.81,1.00,TREND,1.26,stressed,-0.46,0,mm,114212.22,107.47,107.48,107.3551,23.74,0.91,1.00,TREND,1.87,stressed,18.35,17087,dir,3620.36,20.96,20.97,20.9542,0.64,0.51,1.00,mixed,0.08,normal,-1.81,0,mm,1297.93
298.628,270,30.2,118105.30,118105.30,17087,17087,152.64,152.65,152.6255,4.72,0.81,1.00,TREND,1.26,stressed,-0.46,0,mm,114212.22,107.47,107.48,107.3592,23.77,0.91,1.00,TREND,1.87,stressed,18.35,17087,dir,3620.36,20.96,20.97,20.9545,0.66,0.51,1.00,mixed,0.08,normal,-1.81,0,mm,1297.93
298.689,270,30.2,118105.30,118105.30,17087,17087,152.64,152.65,152.6260,4.68,0.81,1.00,TREND,1.31,stressed,-0.46,0,mm,114212.22,107.47,107.48,107.3625,23.79,0.91,1.00,TREND,1.84,stressed,18.35,17087,dir,3620.36,20.96,20.97,20.9548,0.67,0.51,1.00,mixed,0.12,normal,-1.81,0,mm,1297.93
298.858,270,30.2,118105.30,118105.30,17087,17087,152.64,152.65,152.6275,4.59,0.81,1.00,TREND,1.31,stressed,-0.46,0,mm,114212.22,107.48,107.5,107.3722,23.93,0.91,1.00,TREND,1.84,stressed,18.35,17087,dir,3620.36,20.96,20.97,20.9556,0.71,0.51,1.00,mixed,0.12,normal,-1.81,0,mm,1297.93
299.071,270,30.2,118105.30,118105.30,17087,17087,152.64,152.65,152.6292,4.47,0.78,1.00,TREND,1.34,stressed,-0.46,0,mm,114212.22,107.48,107.5,107.3834,23.92,0.87,1.00,TREND,1.83,stressed,18.35,17087,dir,3620.36,20.96,20.97,20.9565,0.74,0.47,1.00,mixed,0.17,normal,-1.81,0,mm,1297.93
299.101,271,29.1,119130.52,119130.52,18414,18414,152.64,152.65,152.6294,4.45,0.78,1.00,TREND,1.34,stressed,-0.10,0,mm,114212.22,107.5,107.51,107.3852,23.94,0.87,1.00,TREND,1.83,stressed,16.32,18414,dir,3766.55,20.96,20.97,20.9566,0.74,0.47,1.00,mixed,0.17,normal,-1.57,0,mm,1297.93
299.125,271,29.1,119130.52,119130.52,18414,18414,152.64,152.65,152.6296,4.44,0.78,1.00,TREND,1.34,stressed,-0.10,0,mm,114212.22,107.5,107.51,107.3865,23.95,0.87,1.00,TREND,1.83,stressed,16.32,18414,dir,3766.55,20.96,20.97,20.9567,0.74,0.47,1.00,mixed,0.17,normal,-1.57,0,mm,1297.93
299.224,271,29.1,119130.52,119130.52,18414,18414,152.64,152.65,152.6302,4.38,0.78,1.00,TREND,1.34,stressed,-0.10,0,mm,114212.22,107.5,107.51,107.3917,23.98,0.87,1.00,TREND,1.83,stressed,16.32,18414,dir,3766.55,20.96,20.97,20.9571,0.75,0.47,1.00,mixed,0.17,normal,-1.57,0,mm,1297.93
299.328,271,29.1,119130.52,119130.52,18414,18414,152.64,152.65,152.6310,4.32,0.78,1.00,TREND,1.37,stressed,-0.10,0,mm,114212.22,107.51,107.52,107.3978,24.04,0.87,1.00,TREND,1.84,stressed,16.32,18414,dir,3766.55,20.96,20.97,20.9575,0.76,0.47,1.00,mixed,0.22,normal,-1.57,0,mm,1297.93
299.482,271,29.1,119130.52,119130.52,18414,18414,152.64,152.65,152.6319,4.23,0.78,1.00,TREND,1.37,stressed,-0.10,0,mm,114212.22,107.51,107.52,107.4059,24.05,0.87,1.00,TREND,1.84,stressed,16.32,18414,dir,3766.55,20.96,20.97,20.9580,0.76,0.47,1.00,mixed,0.22,normal,-1.57,0,mm,1297.93
299.553,271,29.1,119130.52,119130.52,18414,18414,152.64,152.65,152.6324,4.18,0.78,1.00,TREND,1.37,stressed,-0.10,0,mm,114212.22,107.53,107.54,107.4102,24.13,0.87,1.00,TREND,1.84,stressed,16.32,18414,dir,4503.11,20.96,20.97,20.9582,0.76,0.47,1.00,mixed,0.22,normal,-1.57,0,mm,1297.93
299.607,271,29.1,119130.52,119130.52,18414,18414,152.64,152.65,152.6327,4.15,0.75,1.00,TREND,1.39,stressed,-0.10,0,mm,114212.22,107.53,107.54,107.4134,24.17,0.91,1.00,TREND,1.85,stressed,16.32,18414,dir,4503.11,20.96,20.97,20.9584,0.76,0.43,1.00,mixed,0.28,normal,-1.57,0,mm,1297.93
299.655,272,28.1,120013.27,120013.27,18414,18414,152.64,152.65,152.6330,4.12,0.75,1.00,TREND,1.39,stressed,0.21,0,mm,114212.22,107.53,107.54,107.4161,24.20,0.91,1.00,TREND,1.85,stressed,15.54,18414,dir,4503.11,20.96,20.97,20.9585,0.76,0.43,1.00,mixed,0.28,normal,-1.25,0,mm,1297.93
299.696,272,28.1,120013.27,120013.27,18414,18414,152.64,152.65,152.6332,4.09,0.75,1.00,TREND,1.39,stressed,0.21,0,mm,114212.22,107.53,107.54,107.4183,24.21,0.91,1.00,TREND,1.85,stressed,15.54,18414,dir,4503.11,20.96,20.97,20.9587,0.76,0.43,1.00,mixed,0.28,normal,-1.25,0,mm,1297.93
299.738,272,28.1,120013.27,120013.27,18414,18414,152.64,152.65,152.6334,4.07,0.75,1.00,TREND,1.39,stressed,0.21,0,mm,114212.22,107.53,107.54,107.4206,24.22,0.91,1.00,TREND,1.85,stressed,15.54,18414,dir,4503.11,20.96,20.97,20.9588,0.76,0.43,1.00,mixed,0.28,normal,-1.25,0,mm,1297.93
300.024,272,28.1,120013.27,120013.27,19741,19741,152.64,152.66,152.6355,3.99,0.75,1.00,TREND,1.52,stressed,0.21,0,mm,114212.22,107.54,107.55,107.4363,24.27,0.91,1.00,TREND,1.81,stressed,15.54,19741,dir,4859.98,20.96,20.97,20.9596,0.75,0.43,1.00,mixed,0.43,normal,-1.25,0,mm,1297.93
300.155,272,28.1,120013.27,120013.27,19741,19741,152.65,152.66,152.6367,4.00,0.72,1.00,TREND,1.52,stressed,0.21,0,mm,114212.22,107.55,107.57,107.4437,24.33,0.88,1.00,TREND,1.81,stressed,15.54,19741,dir,4859.98,20.96,20.97,20.9599,0.75,0.40,1.00,mixed,0.43,normal,-1.25,0,mm,1297.93
300.187,272,28.1,120013.27,120013.27,19741,19741,152.65,152.66,152.6369,4.00,0.72,1.00,TREND,1.52,stressed,0.21,0,mm,114212.22,107.55,107.57,107.4454,24.34,0.88,1.00,TREND,1.81,stressed,15.54,19741,dir,4859.98,20.96,20.97,20.9600,0.75,0.40,1.00,mixed,0.43,normal,-1.25,0,mm,1297.93
300.369,272,28.1,120013.27,120013.27,19741,19741,152.65,152.66,152.6384,3.98,0.72,1.00,TREND,1.59,stressed,0.21,0,mm,114212.22,107.55,107.57,107.4547,24.28,0.88,1.00,TREND,1.80,stressed,15.54,19741,dir,4859.98,20.96,20.97,20.9604,0.73,0.40,1.00,mixed,0.50,normal,-1.25,0,mm,1297.93
300.421,272,28.1,120013.27,120013.27,19741,19741,152.65,152.67,152.6390,4.00,0.72,1.00,TREND,1.59,stressed,0.21,0,mm,114212.22,107.57,107.58,107.4577,24.30,0.88,1.00,TREND,1.80,stressed,15.54,19741,dir,4859.98,20.96,20.97,20.9605,0.73,0.40,1.00,mixed,0.50,normal,-1.25,0,mm,1297.93
300.574,272,28.1,120013.27,120013.27,19741,19741,152.66,152.67,152.6408,4.08,0.72,1.00,TREND,1.59,stressed,0.21,0,mm,114212.22,107.57,107.58,107.4659,24.30,0.88,1.00,TREND,1.80,stressed,15.54,19741,dir,5452.21,20.96,20.97,20.9608,0.72,0.40,1.00,mixed,0.50,normal,-1.25,0,mm,1297.93
300.629,272,28.1,120013.27,120013.27,19741,19741,152.66,152.67,152.6414,4.10,0.72,1.00,TREND,1.72,stressed,0.21,0,mm,114212.22,107.58,107.59,107.4689,24.32,0.88,1.00,TREND,1.82,stressed,15.54,19741,dir,5452.21,20.96,20.97,20.9609,0.72,0.40,1.00,mixed,0.59,normal,-1.25,0,mm,1297.93
300.724,272,28.1,120013.27,120013.27,19741,19741,152.66,152.67,152.6424,4.13,0.69,1.00,TREND,1.72,stressed,0.21,0,mm,114212.22,107.58,107.59,107.4740,24.32,0.85,1.00,TREND,1.82,stressed,15.54,19741,dir,5452.21,20.96,20.97,20.9611,0.71,0.37,1.00,mixed,0.59,normal,-1.25,0,mm,1297.93
300.764,273,27.1,120962.36,120962.36,19741,19741,152.66,152.67,152.6428,4.14,0.69,1.00,TREND,1.72,stressed,0.90,0,mm,114212.22,107.58,107.59,107.4761,24.31,0.85,1.00,TREND,1.82,stressed,16.72,19741,dir,5452.21,20.96,20.97,20.9612,0.71,0.37,1.00,mixed,0.59,normal,-0.89,0,mm,1297.93
300.919,273,27.1,120962.36,120962.36,19741,19741,152.67,152.68,152.6451,4.28,0.69,1.00,TREND,1.83,stressed,0.90,0,mm,114212.22,107.59,107.6,107.4844,24.33,0.85,1.00,TREND,1.79,stressed,16.72,19741,dir,5452.21,20.96,20.97,20.9614,0.69,0.37,1.00,mixed,0.69,normal,-0.89,0,mm,1297.93
300.990,273,27.1,120962.36,120962.36,19741,19741,152.67,152.68,152.6461,4.33,0.69,1.00,TREND,1.83,stressed,0.90,0,mm,114212.22,107.59,107.6,107.4880,24.30,0.85,1.00,TREND,1.79,stressed,16.72,19741,dir,5452.21,20.96,20.97,20.9616,0.69,0.37,1.00,mixed,0.69,normal,-0.89,0,mm,1297.93
301.052,273,27.1,120962.36,120962.36,19741,19741,152.67,152.68,152.6469,4.37,0.69,1.00,TREND,1.83,stressed,0.90,0,mm,114212.22,107.59,107.6,107.4911,24.27,0.85,1.00,TREND,1.79,stressed,16.72,19741,dir,5452.21,20.96,20.97,20.9617,0.68,0.37,1.00,mixed,0.69,normal,-0.89,0,mm,1297.93
301.174,273,27.1,120962.36,120962.36,19741,19741,152.67,152.68,152.6485,4.42,0.69,1.00,TREND,1.78,stressed,0.90,0,mm,114212.22,107.6,107.61,107.4975,24.25,0.85,1.00,TREND,1.76,stressed,16.72,19741,dir,5452.21,20.96,20.97,20.9618,0.67,0.37,1.00,mixed,0.80,normal,-0.89,0,mm,1297.93
301.223,273,27.1,120962.36,120962.36,19741,19741,152.67,152.68,152.6491,4.44,0.69,1.00,TREND,1.78,stressed,0.90,0,mm,114212.22,107.6,107.61,107.4999,24.23,0.85,1.00,TREND,1.76,stressed,16.72,19741,dir,5452.21,20.96,20.97,20.9619,0.67,0.37,1.00,mixed,0.80,normal,-0.89,0,mm,1297.93
301.270,273,27.1,120962.36,120962.36,19741,19741,152.67,152.68,152.6497,4.46,0.66,1.00,TREND,1.78,stressed,0.90,0,mm,114212.22,107.6,107.61,107.5022,24.20,0.86,1.00,TREND,1.76,stressed,16.72,19741,dir,5452.21,20.96,20.97,20.9620,0.66,0.34,1.00,mixed,0.80,normal,-0.89,0,mm,1297.93
301.404,273,27.2,120962.36,120962.36,19741,19741,152.67,152.68,152.6512,4.49,0.66,1.00,TREND,1.78,stressed,0.90,0,mm,114212.22,107.6,107.61,107.5085,24.07,0.86,1.00,TREND,1.76,stressed,16.72,19741,dir,5452.21,20.96,20.97,20.9622,0.65,0.34,1.00,mixed,0.80,normal,-0.89,0,mm,1297.93
301.425,273,27.2,120962.36,120962.36,19741,19741,152.67,152.69,152.6515,4.50,0.66,1.00,TREND,1.80,stressed,0.90,0,mm,114212.22,107.61,107.63,107.5095,24.07,0.86,1.00,TREND,1.75,stressed,16.72,19741,dir,5452.21,20.96,20.97,20.9622,0.65,0.34,1.00,mixed,0.79,normal,-0.89,0,mm,1297.93
301.504,273,27.2,120962.36,120962.36,19741,19741,152.67,152.69,152.6525,4.53,0.66,1.00,TREND,1.80,stressed,0.90,0,mm,114212.22,107.61,107.63,107.5136,24.06,0.86,1.00,TREND,1.75,stressed,16.72,19741,dir,6241.85,20.96,20.97,20.9623,0.64,0.34,1.00,mixed,0.79,normal,-0.89,0,mm,1297.93
301.536,273,27.2,120962.36,120962.36,19741,19741,152.67,152.69,152.6529,4.55,0.66,1.00,TREND,1.80,stressed,0.90,0,mm,114212.22,107.61,107.63,107.5152,24.05,0.86,1.00,TREND,1.75,stressed,16.72,19741,dir,6241.85,20.96,20.97,20.9623,0.64,0.34,1.00,mixed,0.79,normal,-0.89,0,mm,1297.93
301.634,273,27.2,120962.36,120962.36,20760,20760,152.68,152.69,152.6544,4.62,0.66,1.00,TREND,1.80,stressed,0.90,0,mm,114212.22,107.63,107.64,107.5206,24.10,0.86,1.00,TREND,1.75,stressed,16.72,20760,dir,6430.49,20.96,20.97,20.9625,0.63,0.34,1.00,mixed,0.79,normal,-0.89,0,mm,1297.93
301.672,273,27.2,120962.36,120962.36,20760,20760,152.68,152.69,152.6549,4.64,0.66,1.00,TREND,1.80,stressed,0.90,0,mm,114212.22,107.63,107.64,107.5226,24.11,0.86,1.00,TREND,1.75,stressed,16.72,20760,dir,6430.49,20.96,20.97,20.9625,0.62,0.34,1.00,mixed,0.79,normal,-0.89,0,mm,1297.93
301.730,273,27.2,120962.36,120962.36,20760,20760,152.68,152.69,152.6557,4.67,0.66,1.00,TREND,1.81,stressed,0.90,0,mm,114212.22,107.63,107.64,107.5256,24.11,0.86,1.00,TREND,1.74,stressed,16.72,20760,dir,6430.49,20.96,20.97,20.9626,0.62,0.34,1.00,mixed,0.90,normal,-0.89,0,mm,1297.93
301.766,273,27.2,120962.36,120962.36,20760,20760,152.68,152.69,152.6562,4.69,0.66,1.00,TREND,1.81,stressed,0.90,0,mm,114212.22,107.63,107.64,107.5274,24.10,0.86,1.00,TREND,1.74,stressed,16.72,20760,dir,6430.49,20.96,20.97,20.9626,0.62,0.34,1.00,mixed,0.90,normal,-0.89,0,mm,1297.93
301.814,273,27.2,120962.36,120962.36,20760,20760,152.68,152.69,152.6568,4.71,0.63,1.00,TREND,1.81,stressed,0.90,0,mm,114212.22,107.63,107.64,107.5298,24.09,0.78,1.00,TREND,1.74,stressed,16.72,20760,dir,6430.49,20.96,20.97,20.9627,0.61,0.31,1.00,mixed,0.90,normal,-0.89,0,mm,1297.93
301.852,274,26.1,121752.00,121752.00,20760,20760,152.68,152.69,152.6574,4.72,0.63,1.00,TREND,1.81,stressed,1.81,0,mm,114212.22,107.64,107.65,107.5319,24.10,0.78,1.00,TREND,1.74,stressed,16.72,20760,dir,6430.49,20.96,20.97,20.9627,0.61,0.31,1.00,mixed,0.90,normal,-0.30,0,mm,1297.93
301.881,274,26.1,121752.00,121752.00,20760,20760,152.68,152.69,152.6577,4.73,0.63,1.00,TREND,1.81,stressed,1.81,0,mm,114212.22,107.64,107.65,107.5335,24.10,0.78,1.00,TREND,1.74,stressed,16.72,20760,dir,6430.49,20.96,20.97,20.9627,0.61,0.31,1.00,mixed,0.90,normal,-0.30,0,mm,1297.93
301.904,274,26.1,121752.00,121752.00,20760,20760,152.68,152.69,152.6580,4.74,0.63,1.00,TREND,1.81,stressed,1.81,0,mm,114212.22,107.64,107.65,107.5347,24.10,0.78,1.00,TREND,1.74,stressed,16.72,20760,dir,6430.49,20.96,20.97,20.9628,0.60,0.31,1.00,mixed,0.90,normal,-0.30,0,mm,1297.93
301.921,274,26.1,121752.00,121752.00,20760,20760,152.68,152.69,152.6582,4.74,0.63,1.00,TREND,1.81,stressed,1.81,0,mm,114212.22,107.64,107.65,107.5355,24.10,0.78,1.00,TREND,1.74,stressed,16.72,20760,dir,6430.49,20.96,20.97,20.9628,0.60,0.31,1.00,mixed,0.90,normal,-0.30,0,mm,1297.93
301.947,274,26.1,121752.00,121752.00,20760,20760,152.68,152.69,152.6586,4.75,0.63,1.00,TREND,1.81,stressed,1.81,0,mm,114212.22,107.64,107.65,107.5369,24.10,0.78,1.00,TREND,1.74,stressed,16.72,20760,dir,6430.49,20.96,20.97,20.9628,0.60,0.31,1.00,mixed,0.90,normal,-0.30,0,mm,1297.93
301.975,274,26.1,121752.00,121752.00,20760,20760,152.68,152.69,152.6589,4.75,0.63,1.00,TREND,1.81,stressed,1.81,0,mm,114212.22,107.64,107.65,107.5383,24.09,0.78,1.00,TREND,1.74,stressed,16.72,20760,dir,6430.49,20.96,20.97,20.9628,0.60,0.31,1.00,mixed,0.90,normal,-0.30,0,mm,1297.93
302.012,274,26.1,121752.00,121752.00,20760,20760,152.68,152.69,152.6594,4.76,0.63,1.00,TREND,1.74,stressed,1.81,0,mm,114212.22,107.64,107.65,107.5401,24.08,0.78,1.00,TREND,1.72,stressed,16.72,20760,dir,6430.49,20.96,20.97,20.9629,0.59,0.31,1.00,mixed,1.02,normal,-0.30,0,mm,1297.93
302.032,274,26.1,121752.00,121752.00,20760,20760,152.68,152.69,152.6596,4.76,0.63,1.00,TREND,1.74,stressed,1.81,0,mm,114212.22,107.64,107.65,107.5411,24.07,0.78,1.00,TREND,1.72,stressed,16.72,20760,dir,6430.49,20.96,20.97,20.9629,0.59,0.31,1.00,mixed,1.02,normal,-0.30,0,mm,1297.93
302.162,274,26.1,121752.00,121752.00,20760,20760,152.68,152.69,152.6609,4.77,0.63,1.00,TREND,1.74,stressed,1.81,0,mm,114212.22,107.64,107.65,107.5465,23.99,0.78,1.00,TREND,1.72,stressed,16.72,20760,dir,6430.49,20.96,20.97,20.9630,0.58,0.31,1.00,mixed,1.02,normal,-0.30,0,mm,1297.93
302.268,274,26.1,121752.00,121752.00,20760,20760,152.68,152.69,152.6623,4.77,0.63,1.00,TREND,1.69,stressed,1.81,0,mm,114212.22,107.64,107.65,107.5520,23.85,0.78,1.00,TREND,1.67,stressed,16.72,20760,dir,6430.49,20.96,20.97,20.9631,0.57,0.31,1.00,mixed,1.00,normal,-0.30,0,mm,1297.93
302.435,274,26.1,121752.00,121752.00,20760,20760,152.68,152.7,152.6644,4.81,0.58,1.00,TREND,1.69,stressed,1.81,0,mm,114212.22,107.65,107.66,107.5598,23.73,0.78,1.00,TREND,1.67,stressed,16.72,20760,dir,6430.49,20.96,20.97,20.9633,0.55,0.29,1.00,mixed,1.00,normal,-0.30,0,mm,1297.93
302.522,275,25.1,122563.45,122563.45,20760,20760,152.68,152.7,152.6654,4.82,0.58,1.00,TREND,1.70,stressed,2.62,0,mm,114212.22,107.65,107.66,107.5636,23.63,0.78,1.00,TREND,1.65,stressed,13.34,20760,dir,7053.29,20.96,20.97,20.9633,0.55,0.29,1.00,mixed,1.08,normal,0.23,0,mm,1297.93
302.544,275,25.1,122563.45,122563.45,20760,20760,152.68,152.7,152.6656,4.82,0.58,1.00,TREND,1.70,stressed,2.62,0,mm,114212.22,107.65,107.66,107.5645,23.61,0.78,1.00,TREND,1.65,stressed,13.34,20760,dir,7053.29,20.96,20.97,20.9633,0.55,0.29,1.00,mixed,1.08,normal,0.23,0,mm,1297.93
302.633,275,25.1,122563.45,122563.45,20760,20760,152.69,152.7,152.6668,4.85,0.58,1.00,TREND,1.70,stressed,2.62,0,mm,114212.22,107.65,107.66,107.5682,23.48,0.78,1.00,TREND,1.65,stressed,13.34,20760,dir,7053.29,20.96,20.97,20.9634,0.54,0.29,1.00,mixed,1.08,normal,0.23,0,mm,1297.93
302.668,275,25.1,122563.45,122563.45,21068,21068,152.69,152.7,152.6673,4.86,0.58,1.00,TREND,1.70,stressed,2.62,0,mm,114212.22,107.66,107.67,107.5698,23.45,0.78,1.00,TREND,1.65,stressed,13.34,21068,dir,7050.65,20.96,20.97,20.9634,0.53,0.29,1.00,mixed,1.08,normal,0.23,0,mm,1297.93
302.723,275,25.1,122563.45,122563.45,21068,21068,152.69,152.7,152.6680,4.88,0.58,1.00,TREND,1.70,stressed,2.62,0,mm,114212.22,107.66,107.67,107.5723,23.40,0.78,1.00,TREND,1.65,stressed,13.34,21068,dir,7050.65,20.96,20.97,20.9635,0.53,0.29,1.00,mixed,1.08,normal,0.23,0,mm,1297.93
302.802,275,25.1,122563.45,122563.45,21068,21068,152.69,152.7,152.6690,4.89,0.58,1.00,TREND,1.70,stressed,2.62,0,mm,114212.22,107.66,107.67,107.5757,23.31,0.78,1.00,TREND,1.63,stressed,13.34,21068,dir,7050.65,20.96,20.97,20.9635,0.52,0.29,1.00,mixed,1.14,normal,0.23,0,mm,1297.93
303.004,275,25.1,122563.45,122563.45,21068,21068,152.69,152.7,152.6714,4.90,0.54,1.00,TREND,1.70,stressed,2.62,0,mm,114212.22,107.67,107.69,107.5851,23.24,0.74,1.00,TREND,1.63,stressed,13.34,21068,dir,7050.65,20.96,20.98,20.9641,0.58,0.30,1.00,mixed,1.14,normal,0.23,0,mm,1297.93
303.713,275,25.2,122563.45,122563.45,21068,21068,152.69,152.71,152.6795,4.91,0.49,1.00,TREND,1.66,stressed,2.62,0,mm,114212.22,107.69,107.7,107.6162,22.70,0.78,1.00,TREND,1.66,stressed,13.34,21068,dir,7050.65,20.98,20.99,20.9700,1.26,0.39,1.00,mixed,2.09,normal,0.23,0,mm,1297.93
304.274,276,24.1,123614.20,123614.20,21068,21068,152.7,152.71,152.6854,4.87,0.45,1.00,TREND,1.64,stressed,4.14,0,dir,114212.22,107.72,107.73,107.6414,22.49,0.73,1.00,TREND,1.70,stressed,13.26,21068,dir,8104.05,20.98,20.99,20.9735,1.46,0.38,1.00,mixed,2.01,normal,1.75,0,mm,1297.93
304.389,276,24.1,123614.20,123614.20,21068,21068,152.7,152.71,152.6864,4.83,0.45,1.00,TREND,1.64,stressed,4.14,0,dir,114212.22,107.77,107.8,107.6490,22.87,0.73,1.00,TREND,1.70,stressed,13.26,21068,dir,8104.05,20.99,21.0,20.9746,1.56,0.38,1.00,mixed,2.01,normal,1.75,0,mm,1297.93
304.830,276,24.1,123614.20,123614.20,21883,21883,152.7,152.71,152.6899,4.65,0.46,1.00,TREND,1.57,stressed,4.14,815,dir,114201.87,107.77,107.8,107.6743,23.49,0.95,1.00,TREND,1.82,stressed,13.26,21068,dir,9578.81,20.99,21.0,20.9784,1.83,0.41,1.00,mixed,2.30,normal,1.75,0,mm,1297.93
304.895,276,24.1,123614.20,123614.20,22594,22594,152.7,152.71,152.6904,4.61,0.46,1.00,TREND,1.57,stressed,4.14,815,dir,114201.87,107.81,107.82,107.6788,23.66,0.95,1.00,TREND,1.82,stressed,13.26,21779,dir,9776.26,20.99,21.0,20.9789,1.86,0.41,1.00,mixed,2.30,normal,1.75,0,mm,1297.93
304.961,277,23.1,125078.61,125078.61,22594,22594,152.7,152.71,152.6908,4.58,0.46,1.00,TREND,1.57,stressed,5.48,815,dir,114201.87,107.81,107.82,107.6829,23.79,0.95,1.00,TREND,1.82,stressed,12.07,21779,dir,9776.26,20.99,21.0,20.9794,1.88,0.41,1.00,mixed,2.30,normal,2.49,0,mm,1297.93
304.987,277,23.1,125078.61,125078.61,22594,22594,152.7,152.71,152.6910,4.57,0.46,1.00,TREND,1.57,stressed,5.48,815,dir,114201.87,107.81,107.82,107.6846,23.84,0.95,1.00,TREND,1.82,stressed,12.07,21779,dir,9776.26,20.99,21.0,20.9796,1.89,0.41,1.00,mixed,2.30,normal,2.49,0,mm,1297.93
305.003,277,23.1,125078.61,125078.61,22594,22594,152.7,152.71,152.6911,4.56,0.46,1.00,TREND,1.57,stressed,5.48,815,dir,114201.87,107.81,107.82,107.6855,23.86,0.95,1.00,TREND,1.82,stressed,12.07,21779,dir,9776.26,20.99,21.0,20.9797,1.89,0.41,1.00,mixed,2.30,normal,2.49,0,mm,1297.93
305.060,277,23.1,125078.61,125078.61,22594,22594,152.7,152.71,152.6914,4.53,0.46,1.00,TREND,1.57,stressed,5.48,815,dir,114201.87,107.81,107.82,107.6889,23.94,0.95,1.00,TREND,1.82,stressed,12.07,21779,dir,9776.26,20.99,21.0,20.9801,1.91,0.41,1.00,mixed,2.30,normal,2.49,0,mm,1297.93
305.095,277,23.1,125078.61,125078.61,22594,22594,152.7,152.71,152.6917,4.51,0.46,1.00,TREND,1.51,stressed,5.48,815,dir,114201.87,107.81,107.82,107.6909,23.98,0.95,1.00,TREND,1.85,stressed,12.07,21779,dir,9776.26,20.99,21.0,20.9804,1.91,0.41,1.00,mixed,2.17,normal,2.49,0,mm,1297.93
305.190,277,23.1,125078.61,125078.61,22594,22594,152.7,152.71,152.6923,4.46,0.46,1.00,TREND,1.51,stressed,5.48,815,dir,114201.87,107.82,107.83,107.6969,24.13,0.95,1.00,TREND,1.85,stressed,12.07,21779,dir,9776.26,20.99,21.0,20.9810,1.93,0.41,1.00,mixed,2.17,normal,2.49,0,mm,1297.93
305.218,277,23.1,125078.61,125078.61,22594,22594,152.7,152.71,152.6924,4.44,0.46,1.00,TREND,1.51,stressed,5.48,815,dir,114201.87,107.82,107.83,107.6985,24.16,0.95,1.00,TREND,1.85,stressed,12.07,21779,dir,9776.26,20.99,21.0,20.9812,1.94,0.41,1.00,mixed,2.17,normal,2.49,0,mm,1297.93
305.247,277,23.1,125078.61,125078.61,22594,22594,152.7,152.71,152.6926,4.43,0.46,1.00,TREND,1.51,stressed,5.48,815,dir,114201.87,107.82,107.83,107.7003,24.19,0.95,1.00,TREND,1.85,stressed,12.07,21779,dir,9776.26,20.99,21.0,20.9814,1.94,0.41,1.00,mixed,2.17,normal,2.49,0,mm,1297.93
305.264,277,23.1,125078.61,125078.61,22594,22594,152.7,152.71,152.6927,4.42,0.46,1.00,TREND,1.51,stressed,5.48,815,dir,114201.87,107.82,107.83,107.7013,24.21,0.95,1.00,TREND,1.85,stressed,12.07,21779,dir,9776.26,20.99,21.0,20.9815,1.94,0.41,1.00,mixed,2.17,normal,2.49,0,mm,1297.93
305.295,277,23.1,125078.61,125078.61,22594,22594,152.7,152.71,152.6929,4.40,0.46,1.00,TREND,1.51,stressed,5.48,815,dir,114201.87,107.82,107.83,107.7030,24.23,0.95,1.00,TREND,1.85,stressed,12.07,21779,dir,9776.26,20.99,21.0,20.9817,1.95,0.41,1.00,mixed,2.17,normal,2.49,0,mm,1297.93
305.350,277,23.1,125078.61,125078.61,22594,22594,152.7,152.71,152.6932,4.37,0.46,1.00,TREND,1.46,stressed,5.48,815,dir,114201.87,107.82,107.83,107.7059,24.26,0.95,1.00,TREND,1.82,stressed,12.07,21779,dir,9776.26,20.99,21.0,20.9820,1.95,0.40,1.00,mixed,2.06,normal,2.49,0,mm,1297.93
305.448,277,23.1,125078.61,125078.61,22594,22594,152.7,152.71,152.6937,4.31,0.46,1.00,TREND,1.46,stressed,5.48,815,dir,114201.87,107.83,107.84,107.7120,24.36,0.95,1.00,TREND,1.82,stressed,12.07,21779,dir,9776.26,20.99,21.0,20.9826,1.96,0.40,1.00,mixed,2.06,normal,2.49,0,mm,1297.93
305.496,278,22.1,126365.02,126365.02,22594,22594,152.7,152.71,152.6940,4.28,0.46,1.00,TREND,1.46,stressed,5.48,815,dir,114201.87,107.83,107.84,107.7147,24.39,0.95,1.00,TREND,1.82,stressed,11.33,21779,dir,10865.21,20.99,21.0,20.9829,1.96,0.40,1.00,mixed,2.06,normal,2.49,0,mm,1297.93
305.513,278,22.1,126365.02,126365.02,22594,22594,152.7,152.71,152.6941,4.27,0.46,1.00,TREND,1.46,stressed,5.48,815,dir,114201.87,107.83,107.84,107.7157,24.40,0.95,1.00,TREND,1.82,stressed,11.33,21779,dir,10865.21,20.99,21.0,20.9830,1.96,0.40,1.00,mixed,2.06,normal,2.49,0,mm,1297.93
305.558,278,22.1,126365.02,126365.02,22594,22594,152.7,152.71,152.6943,4.25,0.46,1.00,TREND,1.46,stressed,5.48,815,dir,114201.87,107.83,107.84,107.7182,24.41,0.95,1.00,TREND,1.82,stressed,11.33,21779,dir,10865.21,20.99,21.0,20.9832,1.96,0.40,1.00,mixed,2.06,normal,2.49,0,mm,1297.93
305.588,278,22.1,126365.02,126365.02,22594,22594,152.7,152.71,152.6944,4.23,0.46,1.00,TREND,1.46,stressed,5.48,815,dir,114201.87,107.83,107.84,107.7198,24.41,0.95,1.00,TREND,1.82,stressed,11.33,21779,dir,10865.21,20.99,21.0,20.9834,1.96,0.40,1.00,mixed,2.06,normal,2.49,0,mm,1297.93
305.606,278,22.1,126365.02,126365.02,22594,22594,152.7,152.71,152.6945,4.22,0.46,1.00,TREND,1.41,stressed,5.48,815,dir,114201.87,107.83,107.84,107.7207,24.41,0.95,1.00,TREND,1.79,stressed,11.33,21779,dir,10865.21,20.99,21.0,20.9835,1.96,0.40,1.00,mixed,1.96,normal,2.49,0,mm,1297.93
305.630,278,22.1,126365.02,126365.02,22594,22594,152.7,152.71,152.6946,4.21,0.46,1.00,TREND,1.41,stressed,5.48,815,dir,114201.87,107.83,107.84,107.7220,24.41,0.95,1.00,TREND,1.79,stressed,11.33,21779,dir,10865.21,20.99,21.0,20.9836,1.96,0.40,1.00,mixed,1.96,normal,2.49,0,mm,1297.93
305.722,278,22.1,126365.02,126365.02,22594,22594,152.7,152.72,152.6953,4.19,0.46,1.00,TREND,1.41,stressed,5.48,815,dir,114201.87,107.84,107.85,107.7273,24.46,0.95,1.00,TREND,1.79,stressed,11.33,21779,dir,10865.21,20.99,21.0,20.9841,1.96,0.40,1.00,mixed,1.96,normal,2.49,0,mm,1297.93
305.748,278,22.1,126365.02,126365.02,22594,22594,152.7,152.72,152.6955,4.18,0.46,1.00,TREND,1.41,stressed,5.48,815,dir,114201.87,107.84,107.85,107.7287,24.46,0.95,1.00,TREND,1.79,stressed,11.33,21779,dir,10865.21,20.99,21.0,20.9843,1.96,0.40,1.00,mixed,1.96,normal,2.49,0,mm,1297.93
305.782,278,22.1,126365.02,126365.02,22594,22594,152.7,152.72,152.6957,4.17,0.46,1.00,TREND,1.41,stressed,5.48,815,dir,114201.87,107.84,107.85,107.7306,24.46,0.95,1.00,TREND,1.79,stressed,11.33,21779,dir,10865.21,20.99,21.0,20.9844,1.95,0.40,1.00,mixed,1.96,normal,2.49,0,mm,1297.93
305.798,278,22.1,126365.02,126365.02,22594,22594,152.7,152.72,152.6958,4.17,0.46,1.00,TREND,1.41,stressed,5.48,815,dir,114201.87,107.84,107.85,107.7314,24.46,0.95,1.00,TREND,1.79,stressed,11.33,21779,dir,10865.21,20.99,21.0,20.9845,1.95,0.40,1.00,mixed,1.96,normal,2.49,0,mm,1297.93
305.819,278,22.1,126365.02,126365.02,22594,22594,152.7,152.72,152.6959,4.16,0.46,1.00,TREND,1.41,stressed,5.48,815,dir,114201.87,107.84,107.85,107.7325,24.46,0.95,1.00,TREND,1.79,stressed,11.33,21779,dir,10865.21,20.99,21.0,20.9846,1.95,0.40,1.00,mixed,1.96,normal,2.49,0,mm,1297.93
305.855,278,22.1,126365.02,126365.02,22594,22594,152.7,152.72,152.6962,4.15,0.42,1.00,TREND,1.44,stressed,5.48,815,dir,114201.87,107.84,107.85,107.7344,24.45,0.95,1.00,TREND,1.76,stressed,11.33,21779,dir,10865.21,20.99,21.0,20.9848,1.95,0.38,1.00,mixed,1.89,normal,2.49,0,mm,1297.93
306.070,278,22.1,126365.02,126365.02,22594,22594,152.71,152.72,152.6980,4.16,0.42,1.00,TREND,1.44,stressed,5.48,815,dir,114201.87,107.85,107.87,107.7465,24.53,0.95,1.00,TREND,1.76,stressed,11.33,21779,dir,10865.21,20.99,21.01,20.9862,2.00,0.38,1.00,mixed,1.89,normal,2.49,0,mm,1297.93
306.152,278,22.1,126365.02,126365.02,22594,22594,152.71,152.72,152.6986,4.16,0.42,1.00,TREND,1.45,stressed,5.48,815,dir,114201.87,107.85,107.87,107.7508,24.51,0.95,1.00,TREND,1.75,stressed,11.33,21779,dir,10865.21,20.99,21.01,20.9868,2.02,0.38,1.00,mixed,1.99,normal,2.49,0,mm,1297.93
306.276,278,22.1,126365.02,126365.02,22594,22594,152.71,152.72,152.6996,4.14,0.42,1.00,TREND,1.45,stressed,5.48,815,dir,114201.87,107.87,107.88,107.7578,24.57,0.95,1.00,TREND,1.75,stressed,11.33,21779,dir,10865.21,21.0,21.01,20.9878,2.08,0.38,1.00,mixed,1.99,normal,2.49,0,mm,1297.93
306.312,278,22.1,126365.02,126365.02,22594,22594,152.71,152.72,152.6998,4.13,0.42,1.00,TREND,1.45,stressed,5.48,815,dir,114201.87,107.87,107.88,107.7598,24.57,0.95,1.00,TREND,1.75,stressed,11.33,21779,dir,10865.21,21.0,21.01,20.9881,2.09,0.38,1.00,mixed,1.99,normal,2.49,0,mm,1297.93
306.340,278,22.1,126365.02,126365.02,22594,22594,152.71,152.72,152.7000,4.13,0.42,1.00,TREND,1.45,stressed,5.48,815,dir,114201.87,107.87,107.88,107.7613,24.57,0.95,1.00,TREND,1.75,stressed,11.33,21779,dir,10865.21,21.0,21.01,20.9883,2.10,0.38,1.00,mixed,1.99,normal,2.49,0,mm,1297.93
306.379,278,22.1,126365.02,126365.02,22594,22594,152.71,152.72,152.7003,4.12,0.38,1.00,TREND,1.45,stressed,5.48,815,dir,114201.87,107.87,107.88,107.7634,24.56,0.86,1.00,TREND,1.75,stressed,11.33,21779,dir,10865.21,21.0,21.01,20.9886,2.12,0.41,1.00,mixed,1.99,normal,2.49,0,mm,1297.93
306.450,278,22.1,126365.02,126365.02,22594,22594,152.71,152.72,152.7008,4.10,0.38,1.00,TREND,1.41,stressed,5.48,815,dir,114201.87,107.88,107.89,107.7673,24.59,0.86,1.00,TREND,1.76,stressed,11.33,21779,dir,10865.21,21.0,21.01,20.9891,2.14,0.41,1.00,mixed,2.07,normal,2.49,0,mm,1297.93
306.508,278,22.1,126365.02,126365.02,22594,22594,152.71,152.72,152.7012,4.09,0.38,1.00,TREND,1.41,stressed,5.48,815,dir,114210.02,107.88,107.89,107.7705,24.60,0.86,1.00,TREND,1.76,stressed,11.33,21779,dir,11954.16,21.0,21.01,20.9896,2.16,0.41,1.00,mixed,2.07,normal,2.49,0,mm,1297.93
306.631,278,22.1,126365.02,126365.02,22594,22594,152.71,152.72,152.7019,4.05,0.38,1.00,TREND,1.41,stressed,5.48,815,dir,114210.02,107.88,107.89,107.7769,24.56,0.86,1.00,TREND,1.76,stressed,11.33,21779,dir,11954.16,21.0,21.01,20.9904,2.19,0.41,1.00,mixed,2.07,normal,2.49,0,mm,1297.93
306.678,279,21.1,127462.12,127462.12,22594,22594,152.71,152.72,152.7022,4.04,0.38,1.00,TREND,1.41,stressed,5.48,815,dir,114210.02,107.89,107.9,107.7796,24.57,0.86,1.00,TREND,1.76,stressed,11.46,21779,dir,11954.16,21.0,21.01,20.9908,2.19,0.41,1.00,mixed,2.07,normal,3.45,0,mm,1297.93
306.736,279,21.1,127462.12,127462.12,22594,22594,152.71,152.72,152.7026,4.02,0.38,1.00,TREND,1.37,stressed,5.48,815,dir,114210.02,107.89,107.9,107.7827,24.57,0.86,1.00,TREND,1.73,stressed,11.46,21779,dir,11954.16,21.0,21.01,20.9911,2.20,0.41,1.00,mixed,1.98,normal,3.45,0,mm,1297.93
306.765,279,21.1,127462.12,127462.12,22594,22594,152.71,152.72,152.7027,4.01,0.38,1.00,TREND,1.37,stressed,5.48,815,dir,114210.02,107.89,107.9,107.7842,24.57,0.86,1.00,TREND,1.73,stressed,11.46,21779,dir,11954.16,21.0,21.01,20.9913,2.20,0.41,1.00,mixed,1.98,normal,3.45,0,mm,1297.93
306.787,279,21.1,127462.12,127462.12,22594,22594,152.71,152.72,152.7029,4.00,0.38,1.00,TREND,1.37,stressed,5.48,815,dir,114210.02,107.89,107.9,107.7853,24.56,0.86,1.00,TREND,1.73,stressed,11.46,21779,dir,11954.16,21.0,21.01,20.9915,2.21,0.41,1.00,mixed,1.98,normal,3.45,0,mm,1297.93
306.809,279,21.1,127462.12,127462.12,22594,22594,152.71,152.72,152.7030,3.99,0.38,1.00,TREND,1.37,stressed,5.48,815,dir,114210.02,107.89,107.9,107.7865,24.55,0.86,1.00,TREND,1.73,stressed,11.46,21779,dir,11954.16,21.0,21.01,20.9916,2.21,0.41,1.00,mixed,1.98,normal,3.45,0,mm,1297.93
306.832,279,21.1,127462.12,127462.12,22594,22594,152.71,152.72,152.7031,3.98,0.38,1.00,TREND,1.37,stressed,5.48,815,dir,114210.02,107.89,107.9,107.7876,24.54,0.86,1.00,TREND,1.73,stressed,11.46,21779,dir,11954.16,21.0,21.01,20.9918,2.21,0.41,1.00,mixed,1.98,normal,3.45,0,mm,1297.93
306.857,279,21.1,127462.12,127462.12,22594,22594,152.71,152.72,152.7033,3.97,0.38,1.00,TREND,1.37,stressed,5.48,815,dir,114210.02,107.89,107.9,107.7889,24.52,0.86,1.00,TREND,1.73,stressed,11.46,21779,dir,11954.16,21.0,21.01,20.9919,2.21,0.41,1.00,mixed,1.98,normal,3.45,0,mm,1297.93
306.985,279,21.1,127462.12,127462.12,22594,22594,152.71,152.72,152.7039,3.92,0.38,1.00,TREND,1.37,stressed,5.48,815,dir,114210.02,107.89,107.9,107.7951,24.41,0.87,1.00,TREND,1.73,stressed,11.46,21779,dir,11954.16,21.0,21.01,20.9927,2.22,0.40,1.00,mixed,1.98,normal,3.45,0,mm,1297.93
307.052,279,21.1,127462.12,127462.12,22594,22594,152.71,152.72,152.7043,3.89,0.38,1.00,TREND,1.33,stressed,5.48,815,dir,114210.02,107.9,107.92,107.7987,24.42,0.87,1.00,TREND,1.72,stressed,11.46,21779,dir,11954.16,21.0,21.01,20.9931,2.22,0.40,1.00,mixed,1.89,normal,3.45,0,mm,1297.93
307.108,279,21.1,127462.12,127462.12,22594,22594,152.71,152.72,152.7046,3.87,0.38,1.00,TREND,1.33,stressed,5.48,815,dir,114210.02,107.9,107.92,107.8015,24.40,0.87,1.00,TREND,1.72,stressed,11.46,21779,dir,11954.16,21.0,21.01,20.9934,2.21,0.40,1.00,mixed,1.89,normal,3.45,0,mm,1297.93
307.129,279,21.1,127462.12,127462.12,22594,22594,152.71,152.72,152.7047,3.86,0.38,1.00,TREND,1.33,stressed,5.48,815,dir,114210.02,107.9,107.92,107.8026,24.40,0.87,1.00,TREND,1.72,stressed,11.46,21779,dir,11954.16,21.0,21.01,20.9935,2.21,0.40,1.00,mixed,1.89,normal,3.45,0,mm,1297.93
307.266,279,21.1,127462.12,127462.12,22902,22902,152.71,152.73,152.7056,3.85,0.38,1.00,TREND,1.33,stressed,5.48,815,dir,114210.02,107.92,107.93,107.8103,24.46,0.87,1.00,TREND,1.72,stressed,11.46,22087,dir,12822.67,21.0,21.01,20.9942,2.20,0.40,1.00,mixed,1.89,normal,3.45,0,mm,1297.93
307.295,279,21.1,127462.12,127462.12,22902,22902,152.71,152.73,152.7058,3.85,0.38,1.00,TREND,1.33,stressed,5.48,815,dir,114210.02,107.92,107.93,107.8118,24.47,0.87,1.00,TREND,1.72,stressed,11.46,22087,dir,12822.67,21.0,21.01,20.9944,2.20,0.40,1.00,mixed,1.89,normal,3.45,0,mm,1297.93
307.329,279,21.1,127462.12,127462.12,22902,22902,152.71,152.73,152.7060,3.84,0.38,1.00,TREND,1.36,stressed,5.48,815,dir,114210.02,107.92,107.93,107.8136,24.46,0.87,1.00,TREND,1.71,stressed,11.46,22087,dir,12822.67,21.0,21.01,20.9945,2.20,0.40,1.00,mixed,1.82,normal,3.45,0,mm,1297.93
307.385,279,21.1,127462.12,127462.12,22902,22902,152.71,152.73,152.7064,3.83,0.38,1.00,TREND,1.36,stressed,5.48,815,dir,114210.02,107.92,107.93,107.8165,24.45,0.87,1.00,TREND,1.71,stressed,11.46,22087,dir,12822.67,21.0,21.01,20.9948,2.19,0.40,1.00,mixed,1.82,normal,3.45,0,mm,1297.93
307.816,279,21.1,127462.12,127462.12,22902,22902,152.72,152.73,152.7098,3.86,0.40,1.00,TREND,1.38,stressed,5.48,815,dir,114210.02,107.92,107.93,107.8364,23.99,0.79,1.00,TREND,1.65,stressed,11.46,22087,dir,12822.67,21.0,21.01,20.9967,2.12,0.38,1.00,mixed,1.74,normal,3.45,0,mm,1297.93
307.896,280,20.1,128559.65,128559.65,22902,22902,152.72,152.73,152.7104,3.85,0.40,1.00,TREND,1.38,stressed,5.38,815,dir,114218.17,107.94,107.95,107.8404,23.98,0.79,1.00,TREND,1.65,stressed,11.41,22087,dir,13043.54,21.02,21.03,20.9977,2.23,0.38,1.00,mixed,1.74,normal,3.74,0,mm,1297.93
308.074,280,20.1,128559.65,128559.65,22902,22902,152.72,152.74,152.7119,3.89,0.40,1.00,TREND,1.40,stressed,5.38,815,dir,114218.17,107.95,107.97,107.8498,24.06,0.79,1.00,TREND,1.71,stressed,11.41,22087,dir,13043.54,21.02,21.03,20.9999,2.43,0.38,1.00,mixed,2.30,normal,3.74,0,mm,1297.93
308.174,280,20.1,128559.65,128559.65,22902,22902,152.72,152.74,152.7128,3.89,0.40,1.00,TREND,1.40,stressed,5.38,815,dir,114218.17,107.95,107.97,107.8551,24.05,0.79,1.00,TREND,1.71,stressed,11.41,22087,dir,13043.54,21.02,21.03,21.0011,2.52,0.38,1.00,mixed,2.30,normal,3.74,0,mm,1297.93
308.242,280,20.1,128559.65,128559.65,22902,22902,152.72,152.74,152.7133,3.90,0.40,1.00,TREND,1.40,stressed,5.38,815,dir,114218.17,107.97,107.98,107.8588,24.09,0.79,1.00,TREND,1.71,stressed,11.41,22087,dir,13043.54,21.02,21.03,21.0018,2.57,0.38,1.00,mixed,2.30,normal,3.74,0,mm,1297.93
308.298,280,20.1,128559.65,128559.65,22902,22902,152.72,152.74,152.7138,3.89,0.40,1.00,TREND,1.40,stressed,5.38,815,dir,114218.17,107.97,107.98,107.8618,24.12,0.79,1.00,TREND,1.71,stressed,11.41,22087,dir,13043.54,21.02,21.03,21.0024,2.61,0.38,1.00,mixed,2.30,normal,3.74,0,mm,1297.93
308.372,280,20.1,128559.65,128559.65,22902,22902,152.72,152.74,152.7143,3.89,0.36,1.00,TREND,1.37,stressed,5.38,815,dir,114218.17,107.97,107.98,107.8657,24.13,0.89,1.00,TREND,1.70,stressed,11.41,22087,dir,13043.54,21.02,21.03,21.0032,2.66,0.50,1.00,mixed,2.20,normal,3.74,0,mm,1297.93
308.423,280,20.1,128559.65,128559.65,22902,22902,152.72,152.74,152.7147,3.88,0.36,1.00,TREND,1.37,stressed,5.38,815,dir,114218.17,107.97,107.98,107.8683,24.12,0.89,1.00,TREND,1.70,stressed,11.41,22087,dir,13043.54,21.02,21.03,21.0037,2.69,0.50,1.00,mixed,2.20,normal,3.74,0,mm,1297.93
308.487,280,20.1,128559.65,128559.65,22902,22902,152.73,152.74,152.7153,3.90,0.36,1.00,TREND,1.37,stressed,5.38,815,dir,114218.17,107.98,107.99,107.8718,24.14,0.89,1.00,TREND,1.70,stressed,11.41,22087,dir,13043.54,21.02,21.03,21.0043,2.72,0.50,1.00,mixed,2.20,normal,3.74,0,mm,1297.93
308.582,280,20.1,128559.65,128559.65,22902,22902,152.73,152.74,152.7161,3.92,0.36,1.00,TREND,1.37,stressed,5.38,815,dir,114226.32,107.98,107.99,107.8767,24.15,0.89,1.00,TREND,1.70,stressed,11.41,22087,dir,14147.89,21.02,21.03,21.0052,2.75,0.50,1.00,mixed,2.20,normal,3.74,0,mm,1297.93
308.648,280,20.1,128559.65,128559.65,22902,22902,152.73,152.74,152.7167,3.93,0.36,1.00,TREND,1.40,stressed,5.38,815,dir,114226.32,107.98,107.99,107.8800,24.13,0.89,1.00,TREND,1.67,stressed,11.41,22087,dir,14147.89,21.02,21.03,21.0058,2.78,0.50,1.00,mixed,2.11,normal,3.74,0,mm,1297.93
308.689,280,20.1,128559.65,128559.65,22902,22902,152.73,152.74,152.7171,3.93,0.36,1.00,TREND,1.40,stressed,5.38,815,dir,114226.32,107.98,107.99,107.8820,24.11,0.89,1.00,TREND,1.67,stressed,11.41,22087,dir,14147.89,21.02,21.03,21.0062,2.79,0.50,1.00,mixed,2.11,normal,3.74,0,mm,1297.93
308.763,280,20.1,128559.65,128559.65,22902,22902,152.73,152.75,152.7179,3.96,0.36,1.00,TREND,1.40,stressed,5.38,815,dir,114226.32,107.99,108.0,107.8859,24.12,0.89,1.00,TREND,1.67,stressed,11.41,22087,dir,14147.89,21.02,21.03,21.0068,2.81,0.50,1.00,mixed,2.11,normal,3.74,0,mm,1297.93
308.825,280,20.1,128559.65,128559.65,22902,22902,152.73,152.75,152.7185,3.98,0.36,1.00,TREND,1.40,stressed,5.38,815,dir,114226.32,107.99,108.0,107.8890,24.11,0.89,1.00,TREND,1.67,stressed,11.41,22087,dir,14147.89,21.02,21.03,21.0074,2.82,0.50,1.00,mixed,2.11,normal,3.74,0,mm,1297.93
309.054,280,20.1,128559.65,128559.65,22902,22902,152.74,152.75,152.7212,4.11,0.41,1.00,TREND,1.49,stressed,5.38,815,dir,114226.32,108.0,108.01,107.9009,24.11,0.82,1.00,TREND,1.68,stressed,11.41,22087,dir,14147.89,21.02,21.04,21.0097,2.92,0.46,1.00,mixed,2.18,normal,3.74,0,mm,1297.93
309.077,281,19.1,129672.15,129672.15,22902,22902,152.74,152.75,152.7215,4.12,0.41,1.00,TREND,1.49,stressed,5.41,815,dir,114226.32,108.0,108.01,107.9020,24.10,0.82,1.00,TREND,1.68,stressed,12.06,22087,dir,14147.89,21.02,21.04,21.0099,2.93,0.46,1.00,mixed,2.18,normal,3.58,0,mm,1297.93
309.114,281,19.1,129672.15,129672.15,22902,22902,152.74,152.75,152.7218,4.13,0.41,1.00,TREND,1.49,stressed,5.41,815,dir,114226.32,108.0,108.01,107.9037,24.08,0.82,1.00,TREND,1.68,stressed,12.06,22087,dir,14147.89,21.02,21.04,21.0102,2.94,0.46,1.00,mixed,2.18,normal,3.58,0,mm,1297.93
309.151,281,19.1,129672.15,129672.15,22902,22902,152.74,152.75,152.7223,4.14,0.41,1.00,TREND,1.49,stressed,5.41,815,dir,114226.32,108.0,108.01,107.9055,24.05,0.82,1.00,TREND,1.68,stressed,12.06,22087,dir,14147.89,21.02,21.04,21.0106,2.95,0.46,1.00,mixed,2.18,normal,3.58,0,mm,1297.93
309.215,281,19.1,129672.15,129672.15,22902,22902,152.74,152.75,152.7229,4.16,0.41,1.00,TREND,1.49,stressed,5.41,815,dir,114226.32,108.0,108.01,107.9085,23.99,0.82,1.00,TREND,1.68,stressed,12.06,22087,dir,14147.89,21.02,21.04,21.0112,2.97,0.46,1.00,mixed,2.18,normal,3.58,0,mm,1297.93
309.268,281,19.1,129672.15,129672.15,22902,22902,152.74,152.75,152.7235,4.17,0.41,1.00,TREND,1.49,stressed,5.41,815,dir,114226.32,108.01,108.02,107.9111,23.97,0.82,1.00,TREND,1.68,stressed,12.06,22087,dir,14147.89,21.03,21.04,21.0117,3.00,0.46,1.00,mixed,2.18,normal,3.58,0,mm,1297.93
309.286,281,19.1,129672.15,129672.15,22902,22902,152.74,152.75,152.7237,4.18,0.41,1.00,TREND,1.49,stressed,5.41,815,dir,114226.32,108.01,108.02,107.9120,23.97,0.82,1.00,TREND,1.68,stressed,12.06,22087,dir,14147.89,21.03,21.04,21.0119,3.01,0.46,1.00,mixed,2.18,normal,3.58,0,mm,1297.93
309.316,281,19.1,129672.15,129672.15,22902,22902,152.74,152.75,152.7240,4.18,0.41,1.00,TREND,1.46,stressed,5.41,815,dir,114226.32,108.01,108.02,107.9134,23.95,0.82,1.00,TREND,1.66,stressed,12.06,22087,dir,14147.89,21.03,21.04,21.0123,3.02,0.46,1.00,mixed,2.24,normal,3.58,0,mm,1297.93
309.352,281,19.1,129672.15,129672.15,22902,22902,152.74,152.75,152.7243,4.18,0.41,1.00,TREND,1.46,stressed,5.41,815,dir,114226.32,108.01,108.02,107.9151,23.93,0.82,1.00,TREND,1.66,stressed,12.06,22087,dir,14147.89,21.03,21.04,21.0126,3.04,0.46,1.00,mixed,2.24,normal,3.58,0,mm,1297.93
309.384,281,19.1,129672.15,129672.15,22902,22902,152.74,152.75,152.7246,4.19,0.41,1.00,TREND,1.46,stressed,5.41,815,dir,114226.32,108.01,108.02,107.9166,23.90,0.82,1.00,TREND,1.66,stressed,12.06,22087,dir,14147.89,21.03,21.04,21.0130,3.05,0.46,1.00,mixed,2.24,normal,3.58,0,mm,1297.93
309.424,281,19.1,129672.15,129672.15,22902,22902,152.74,152.75,152.7250,4.19,0.41,1.00,TREND,1.46,stressed,5.41,815,dir,114226.32,108.01,108.02,107.9184,23.87,0.82,1.00,TREND,1.66,stressed,12.06,22087,dir,14147.89,21.03,21.04,21.0134,3.07,0.46,1.00,mixed,2.24,normal,3.58,0,mm,1297.93
309.549,281,19.1,129672.15,129672.15,22902,22902,152.74,152.75,152.7261,4.19,0.41,1.00,TREND,1.46,stressed,5.41,815,dir,114226.32,108.02,108.03,107.9245,23.83,0.82,1.00,TREND,1.66,stressed,12.06,22087,dir,14147.89,21.03,21.04,21.0146,3.11,0.46,1.00,mixed,2.24,normal,3.58,0,mm,1297.93
309.589,281,19.1,129672.15,129672.15,22902,22902,152.74,152.75,152.7265,4.19,0.42,1.00,TREND,1.42,stressed,5.41,815,dir,114234.47,108.02,108.03,107.9264,23.80,0.84,1.00,TREND,1.64,stressed,12.06,22087,dir,15031.37,21.03,21.04,21.0150,3.12,0.42,1.00,mixed,2.14,normal,3.58,0,mm,1297.93
309.662,282,18.1,130563.78,130563.78,22902,22902,152.74,152.75,152.7271,4.18,0.42,1.00,TREND,1.42,stressed,4.91,815,dir,114234.47,108.02,108.03,107.9297,23.74,0.84,1.00,TREND,1.64,stressed,10.93,22087,dir,15031.37,21.03,21.04,21.0157,3.13,0.42,1.00,mixed,2.14,normal,3.58,0,mm,1297.93
309.877,282,18.1,130563.78,130563.78,22902,22902,152.74,152.75,152.7288,4.14,0.42,1.00,TREND,1.39,stressed,4.91,815,dir,114234.47,108.02,108.03,107.9389,23.47,0.84,1.00,TREND,1.59,stressed,10.93,22087,dir,15031.37,21.03,21.04,21.0175,3.16,0.42,1.00,mixed,2.05,normal,3.58,0,mm,1297.93
309.936,282,18.1,130563.78,130563.78,22902,22902,152.74,152.75,152.7293,4.13,0.42,1.00,TREND,1.39,stressed,4.91,815,dir,114234.47,108.03,108.04,107.9415,23.43,0.84,1.00,TREND,1.59,stressed,10.93,22087,dir,15031.37,21.03,21.04,21.0180,3.16,0.42,1.00,mixed,2.05,normal,3.58,0,mm,1297.93
310.034,282,18.1,130563.78,130563.78,22902,22902,152.74,152.75,152.7300,4.10,0.42,1.00,TREND,1.39,stressed,4.91,815,dir,114234.47,108.04,108.05,107.9462,23.40,0.84,1.00,TREND,1.59,stressed,10.93,22087,dir,15031.37,21.03,21.04,21.0188,3.15,0.42,1.00,mixed,2.05,normal,3.58,0,mm,1297.93
310.082,282,18.1,130563.78,130563.78,22902,22902,152.74,152.75,152.7303,4.09,0.42,1.00,TREND,1.39,stressed,4.91,815,dir,114234.47,108.04,108.05,107.9483,23.37,0.84,1.00,TREND,1.59,stressed,10.93,22087,dir,15031.37,21.03,21.04,21.0191,3.15,0.42,1.00,mixed,2.05,normal,3.58,0,mm,1297.93
310.112,282,18.1,130563.78,130563.78,22902,22902,152.74,152.75,152.7305,4.08,0.43,1.00,TREND,1.39,stressed,4.91,815,dir,114234.47,108.04,108.05,107.9497,23.35,0.84,1.00,TREND,1.59,stressed,10.93,22087,dir,15031.37,21.03,21.04,21.0194,3.15,0.42,1.00,mixed,2.05,normal,3.58,0,mm,1297.93
310.145,282,18.1,130563.78,130563.78,22902,22902,152.74,152.75,152.7307,4.07,0.43,1.00,mixed,1.35,stressed,4.91,815,dir,114234.47,108.04,108.05,107.9512,23.33,0.84,1.00,TREND,1.60,stressed,10.93,22087,dir,15031.37,21.03,21.04,21.0196,3.15,0.42,1.00,mixed,1.96,normal,3.58,0,mm,1297.93
310.167,282,18.1,130563.78,130563.78,22902,22902,152.74,152.75,152.7309,4.06,0.43,1.00,mixed,1.35,stressed,4.91,815,dir,114234.47,108.04,108.05,107.9521,23.31,0.84,1.00,TREND,1.60,stressed,10.93,22087,dir,15031.37,21.03,21.04,21.0198,3.14,0.42,1.00,mixed,1.96,normal,3.58,0,mm,1297.93
310.191,282,18.1,130563.78,130563.78,22902,22902,152.74,152.75,152.7311,4.05,0.43,1.00,mixed,1.35,stressed,4.91,815,dir,114234.47,108.04,108.05,107.9532,23.29,0.84,1.00,TREND,1.60,stressed,10.93,22087,dir,15031.37,21.03,21.04,21.0199,3.14,0.42,1.00,mixed,1.96,normal,3.58,0,mm,1297.93
310.249,282,18.1,130563.78,130563.78,22902,22902,152.74,152.76,152.7316,4.05,0.43,1.00,mixed,1.35,stressed,4.91,815,dir,114234.47,108.05,108.06,107.9560,23.27,0.84,1.00,TREND,1.60,stressed,10.93,22087,dir,15031.37,21.03,21.04,21.0203,3.13,0.42,1.00,mixed,1.96,normal,3.58,0,mm,1297.93
310.269,282,18.1,130563.78,130563.78,22902,22902,152.74,152.76,152.7317,4.05,0.43,1.00,mixed,1.35,stressed,4.91,815,dir,114234.47,108.05,108.06,107.9569,23.27,0.84,1.00,TREND,1.60,stressed,10.93,22087,dir,15031.37,21.03,21.04,21.0205,3.13,0.42,1.00,mixed,1.96,normal,3.58,0,mm,1297.93
310.329,282,18.1,130563.78,130563.78,22902,22902,152.74,152.76,152.7322,4.05,0.43,1.00,mixed,1.35,stressed,4.91,815,dir,114234.47,108.05,108.06,107.9596,23.23,0.84,1.00,TREND,1.60,stressed,10.93,22087,dir,15031.37,21.03,21.04,21.0209,3.12,0.42,1.00,mixed,1.96,normal,3.58,0,mm,1297.93
310.366,282,18.1,130563.78,130563.78,22902,22902,152.74,152.76,152.7326,4.05,0.43,1.00,mixed,1.35,stressed,4.91,815,dir,114234.47,108.05,108.06,107.9613,23.21,0.84,1.00,TREND,1.60,stressed,10.93,22087,dir,15031.37,21.03,21.04,21.0211,3.11,0.42,1.00,mixed,1.96,normal,3.58,0,mm,1297.93
310.404,282,18.1,130563.78,130563.78,22902,22902,152.74,152.76,152.7329,4.05,0.43,1.00,mixed,1.39,normal,4.91,815,dir,114234.47,108.05,108.06,107.9629,23.18,0.84,1.00,TREND,1.59,stressed,10.93,22087,dir,15031.37,21.03,21.04,21.0214,3.11,0.42,1.00,mixed,1.88,normal,3.58,0,mm,1297.93
310.430,282,18.1,130563.78,130563.78,22902,22902,152.74,152.76,152.7331,4.04,0.43,1.00,mixed,1.39,normal,4.91,815,dir,114234.47,108.05,108.06,107.9640,23.15,0.84,1.00,TREND,1.59,stressed,10.93,22087,dir,15031.37,21.03,21.04,21.0215,3.10,0.42,1.00,mixed,1.88,normal,3.58,0,mm,1297.93
310.459,282,18.1,130563.78,130563.78,22902,22902,152.74,152.76,152.7333,4.04,0.43,1.00,mixed,1.39,normal,4.91,815,dir,114234.47,108.05,108.06,107.9653,23.12,0.84,1.00,TREND,1.59,stressed,10.93,22087,dir,15031.37,21.03,21.04,21.0217,3.09,0.42,1.00,mixed,1.88,normal,3.58,0,mm,1297.93
310.472,282,18.1,130563.78,130563.78,22902,22902,152.74,152.76,152.7334,4.04,0.43,1.00,mixed,1.39,normal,4.91,815,dir,114234.47,108.05,108.06,107.9658,23.11,0.84,1.00,TREND,1.59,stressed,10.93,22087,dir,15031.37,21.03,21.04,21.0218,3.09,0.42,1.00,mixed,1.88,normal,3.58,0,mm,1297.93
310.522,282,18.1,130563.78,130563.78,22902,22902,152.75,152.76,152.7339,4.05,0.43,1.00,mixed,1.39,normal,4.91,815,dir,114242.62,108.06,108.07,107.9681,23.09,0.84,1.00,TREND,1.59,stressed,10.93,22087,dir,15914.85,21.03,21.05,21.0222,3.10,0.42,1.00,mixed,1.88,normal,3.58,0,mm,1297.93
310.563,282,18.1,130563.78,130563.78,22902,22902,152.75,152.76,152.7343,4.06,0.43,1.00,mixed,1.39,normal,4.91,815,dir,114242.62,108.06,108.07,107.9699,23.07,0.84,1.00,TREND,1.59,stressed,10.93,22087,dir,15914.85,21.03,21.05,21.0226,3.11,0.42,1.00,mixed,1.88,normal,3.58,0,mm,1297.93
310.674,282,18.1,130563.78,130563.78,22902,22902,152.75,152.76,152.7354,4.08,0.43,1.00,mixed,1.43,normal,4.91,815,dir,114242.62,108.06,108.07,107.9748,22.99,0.84,1.00,TREND,1.57,stressed,10.93,22087,dir,15914.85,21.03,21.05,21.0234,3.11,0.38,1.00,mixed,1.94,normal,3.58,0,mm,1297.93
310.913,283,17.1,131455.41,131455.41,22902,22902,152.75,152.76,152.7374,4.08,0.43,1.00,mixed,1.43,normal,4.91,815,dir,114242.62,108.06,108.07,107.9844,22.69,0.84,1.00,TREND,1.57,stressed,10.93,22087,dir,15914.85,21.04,21.05,21.0257,3.20,0.38,1.00,mixed,1.94,normal,3.94,0,mm,1297.93
310.971,283,17.1,131455.41,131455.41,22902,22902,152.75,152.76,152.7379,4.07,0.43,1.00,mixed,1.39,normal,4.91,815,dir,114242.62,108.07,108.08,107.9868,22.64,0.84,1.00,TREND,1.56,stressed,10.93,22087,dir,15914.85,21.04,21.05,21.0263,3.21,0.38,1.00,mixed,2.00,normal,3.94,0,mm,1297.93
310.997,283,17.1,131455.41,131455.41,22902,22902,152.75,152.76,152.7381,4.07,0.43,1.00,mixed,1.39,normal,4.91,815,dir,114242.62,108.08,108.09,107.9880,22.64,0.84,1.00,TREND,1.56,stressed,10.93,22087,dir,15914.85,21.04,21.05,21.0265,3.21,0.38,1.00,mixed,2.00,normal,3.94,0,mm,1297.93
311.021,283,17.1,131455.41,131455.41,22902,22902,152.75,152.76,152.7383,4.07,0.43,1.00,mixed,1.39,normal,4.91,815,dir,114242.62,108.08,108.09,107.9891,22.63,0.84,1.00,TREND,1.56,stressed,10.93,22087,dir,15914.85,21.04,21.05,21.0267,3.22,0.38,1.00,mixed,2.00,normal,3.94,0,mm,1297.93
311.036,283,17.1,131455.41,131455.41,22902,22902,152.75,152.76,152.7384,4.06,0.43,1.00,mixed,1.39,normal,4.91,815,dir,114242.62,108.08,108.09,107.9898,22.63,0.84,1.00,TREND,1.56,stressed,10.93,22087,dir,15914.85,21.04,21.05,21.0268,3.22,0.38,1.00,mixed,2.00,normal,3.94,0,mm,1297.93
311.071,283,17.1,131455.41,131455.41,22902,22902,152.75,152.76,152.7387,4.06,0.43,1.00,mixed,1.39,normal,4.91,815,dir,114242.62,108.08,108.09,107.9913,22.62,0.84,1.00,TREND,1.56,stressed,10.93,22087,dir,15914.85,21.04,21.05,21.0271,3.22,0.38,1.00,mixed,2.00,normal,3.94,0,mm,1297.93
311.127,283,17.1,131455.41,131455.41,22902,22902,152.75,152.76,152.7391,4.05,0.43,1.00,mixed,1.39,normal,4.91,815,dir,114242.62,108.08,108.09,107.9937,22.59,0.84,1.00,TREND,1.56,stressed,10.93,22087,dir,15914.85,21.04,21.05,21.0276,3.23,0.38,1.00,mixed,2.00,normal,3.94,0,mm,1297.93
311.200,283,17.1,131455.41,131455.41,22902,22902,152.75,152.76,152.7397,4.03,0.44,1.00,mixed,1.39,normal,4.91,815,dir,114242.62,108.08,108.09,107.9969,22.53,0.83,1.00,TREND,1.56,stressed,10.93,22087,dir,15914.85,21.04,21.05,21.0282,3.23,0.35,1.00,mixed,2.00,normal,3.94,0,mm,1297.93
311.411,283,17.1,131455.41,131455.41,22902,22902,152.75,152.76,152.7411,3.98,0.44,1.00,mixed,1.36,normal,4.91,815,dir,114242.62,108.09,108.11,108.0066,22.52,0.83,1.00,TREND,1.59,stressed,10.93,22087,dir,15914.85,21.04,21.05,21.0298,3.23,0.35,1.00,mixed,1.92,normal,3.94,0,mm,1297.93
311.444,283,17.1,131455.41,131455.41,22902,22902,152.75,152.76,152.7413,3.96,0.44,1.00,mixed,1.36,normal,4.91,815,dir,114242.62,108.09,108.11,108.0080,22.51,0.83,1.00,TREND,1.59,stressed,10.93,22087,dir,15914.85,21.04,21.05,21.0300,3.22,0.35,1.00,mixed,1.92,normal,3.94,0,mm,1297.93
311.579,283,17.1,131455.41,131455.41,22902,22902,152.75,152.76,152.7422,3.92,0.44,1.00,mixed,1.36,normal,4.91,815,dir,114242.62,108.09,108.11,108.0137,22.40,0.83,1.00,TREND,1.59,stressed,10.93,22087,dir,15914.85,21.04,21.05,21.0309,3.21,0.35,1.00,mixed,1.92,normal,3.94,0,mm,1297.93
311.646,283,17.1,131455.41,131455.41,22902,22902,152.75,152.77,152.7427,3.92,0.44,1.00,mixed,1.36,normal,4.91,815,dir,114242.62,108.11,108.13,108.0170,22.44,0.83,1.00,TREND,1.59,stressed,10.93,22087,dir,17019.20,21.04,21.05,21.0314,3.20,0.35,1.00,mixed,1.92,normal,3.94,0,mm,1297.93
311.963,283,17.1,131455.41,131455.41,22902,22902,152.77,152.79,152.7479,4.32,0.58,1.00,mixed,1.69,normal,4.91,815,dir,114242.62,108.11,108.13,108.0313,22.36,0.82,1.00,TREND,1.60,stressed,10.93,22087,dir,17019.20,21.04,21.05,21.0332,3.12,0.36,1.00,mixed,1.84,normal,3.94,0,mm,1297.93
312.237,284,16.1,132559.76,132559.76,22902,22902,152.78,152.79,152.7524,4.62,0.58,1.00,TREND,1.72,normal,5.11,815,dir,114242.62,108.15,108.16,108.0462,22.72,0.82,1.00,TREND,1.66,stressed,10.35,22087,dir,17019.20,21.05,21.06,21.0359,3.23,0.36,1.00,mixed,2.02,normal,4.33,0,mm,1297.93
312.260,284,16.1,132559.76,132559.76,22902,22902,152.78,152.79,152.7527,4.63,0.58,1.00,TREND,1.72,normal,5.11,815,dir,114242.62,108.15,108.16,108.0474,22.73,0.82,1.00,TREND,1.66,stressed,10.35,22087,dir,17019.20,21.05,21.06,21.0361,3.24,0.36,1.00,mixed,2.02,normal,4.33,0,mm,1297.93
312.342,284,16.1,132559.76,132559.76,22902,22902,152.78,152.79,152.7539,4.69,0.58,1.00,TREND,1.72,normal,5.11,815,dir,114242.62,108.16,108.17,108.0518,22.82,0.82,1.00,TREND,1.66,stressed,10.35,22087,dir,17019.20,21.05,21.06,21.0368,3.26,0.36,1.00,mixed,2.02,normal,4.33,0,mm,1297.93
312.401,284,16.1,132559.76,132559.76,22902,22902,152.78,152.79,152.7548,4.72,0.58,1.00,TREND,1.72,normal,5.11,815,dir,114242.62,108.16,108.17,108.0549,22.86,0.82,1.00,TREND,1.66,stressed,10.35,22087,dir,17019.20,21.05,21.06,21.0373,3.27,0.36,1.00,mixed,2.02,normal,4.33,0,mm,1297.93
312.449,284,16.1,132559.76,132559.76,22902,22902,152.78,152.79,152.7555,4.75,0.58,1.00,TREND,1.72,normal,5.11,815,dir,114242.62,108.16,108.17,108.0574,22.88,0.82,1.00,TREND,1.66,stressed,10.35,22087,dir,17019.20,21.05,21.06,21.0377,3.27,0.36,1.00,mixed,2.02,normal,4.33,0,mm,1297.93
312.477,284,16.1,132559.76,132559.76,22902,22902,152.78,152.79,152.7558,4.76,0.54,1.00,TREND,1.72,normal,5.11,815,dir,114242.62,108.16,108.17,108.0588,22.89,0.89,1.00,TREND,1.66,stressed,10.35,22087,dir,17019.20,21.05,21.06,21.0379,3.27,0.38,1.00,mixed,2.02,normal,4.33,0,mm,1297.93
312.545,284,16.1,132559.76,132559.76,22902,22902,152.78,152.79,152.7568,4.79,0.54,1.00,TREND,1.68,stressed,5.11,815,dir,114267.07,108.17,108.18,108.0624,22.95,0.89,1.00,TREND,1.68,stressed,10.35,22087,dir,18344.42,21.05,21.06,21.0384,3.28,0.38,1.00,mixed,1.94,normal,4.33,0,mm,1297.93
312.567,284,16.1,132559.76,132559.76,22902,22902,152.78,152.79,152.7571,4.79,0.54,1.00,TREND,1.68,stressed,5.11,815,dir,114267.07,108.17,108.18,108.0636,22.96,0.89,1.00,TREND,1.68,stressed,10.35,22087,dir,18344.42,21.05,21.06,21.0386,3.28,0.38,1.00,mixed,1.94,normal,4.33,0,mm,1297.93
312.604,284,16.1,132559.76,132559.76,22902,22902,152.78,152.79,152.7575,4.80,0.54,1.00,TREND,1.68,stressed,5.11,815,dir,114267.07,108.17,108.18,108.0655,22.98,0.89,1.00,TREND,1.68,stressed,10.35,22087,dir,18344.42,21.05,21.06,21.0389,3.28,0.38,1.00,mixed,1.94,normal,4.33,0,mm,1297.93
312.654,284,16.1,132559.76,132559.76,22902,22902,152.78,152.79,152.7582,4.82,0.54,1.00,TREND,1.68,stressed,5.11,815,dir,114267.07,108.17,108.18,108.0681,23.00,0.89,1.00,TREND,1.68,stressed,10.35,22087,dir,18344.42,21.05,21.06,21.0393,3.28,0.38,1.00,mixed,1.94,normal,4.33,0,mm,1297.93
312.733,284,16.1,132559.76,132559.76,22902,22902,152.78,152.79,152.7592,4.83,0.54,1.00,TREND,1.68,stressed,5.11,815,dir,114267.07,108.17,108.18,108.0720,23.00,0.89,1.00,TREND,1.68,stressed,10.35,22087,dir,18344.42,21.05,21.06,21.0399,3.28,0.38,1.00,mixed,1.94,normal,4.33,0,mm,1297.93
312.748,284,16.1,132559.76,132559.76,22902,22902,152.78,152.79,152.7593,4.83,0.54,1.00,TREND,1.68,stressed,5.11,815,dir,114267.07,108.17,108.18,108.0727,23.00,0.89,1.00,TREND,1.68,stressed,10.35,22087,dir,18344.42,21.05,21.06,21.0400,3.27,0.38,1.00,mixed,1.94,normal,4.33,0,mm,1297.93
312.802,284,16.1,132559.76,132559.76,22902,22902,152.78,152.79,152.7600,4.84,0.54,1.00,TREND,1.65,stressed,5.11,815,dir,114267.07,108.18,108.19,108.0755,23.03,0.89,1.00,TREND,1.66,stressed,10.35,22087,dir,18344.42,21.05,21.06,21.0403,3.27,0.38,1.00,mixed,1.87,normal,4.33,0,mm,1297.93
312.825,284,16.1,132559.76,132559.76,22902,22902,152.78,152.79,152.7603,4.84,0.54,1.00,TREND,1.65,stressed,5.11,815,dir,114267.07,108.18,108.19,108.0767,23.04,0.89,1.00,TREND,1.66,stressed,10.35,22087,dir,18344.42,21.05,21.06,21.0405,3.27,0.38,1.00,mixed,1.87,normal,4.33,0,mm,1297.93
312.844,284,16.1,132559.76,132559.76,22902,22902,152.78,152.79,152.7605,4.84,0.54,1.00,TREND,1.65,stressed,5.11,815,dir,114267.07,108.18,108.19,108.0776,23.04,0.89,1.00,TREND,1.66,stressed,10.35,22087,dir,18344.42,21.05,21.06,21.0406,3.27,0.38,1.00,mixed,1.87,normal,4.33,0,mm,1297.93
312.895,284,16.1,132559.76,132559.76,22902,22902,152.78,152.79,152.7611,4.84,0.54,1.00,TREND,1.65,stressed,5.11,815,dir,114267.07,108.18,108.19,108.0802,23.05,0.89,1.00,TREND,1.66,stressed,10.35,22087,dir,18344.42,21.05,21.06,21.0410,3.26,0.38,1.00,mixed,1.87,normal,4.33,0,mm,1297.93
312.959,284,16.1,132559.76,132559.76,22902,22902,152.78,152.79,152.7618,4.84,0.54,1.00,TREND,1.65,stressed,5.11,815,dir,114267.07,108.18,108.19,108.0833,23.04,0.89,1.00,TREND,1.66,stressed,10.35,22087,dir,18344.42,21.05,21.06,21.0414,3.25,0.38,1.00,mixed,1.87,normal,4.33,0,mm,1297.93
312.988,284,16.1,132559.76,132559.76,22902,22902,152.78,152.79,152.7621,4.83,0.54,1.00,TREND,1.65,stressed,5.11,815,dir,114267.07,108.18,108.19,108.0846,23.03,0.89,1.00,TREND,1.66,stressed,10.35,22087,dir,18344.42,21.05,21.06,21.0416,3.24,0.38,1.00,mixed,1.87,normal,4.33,0,mm,1297.93
313.084,285,15.1,133909.43,133909.43,22902,22902,152.78,152.79,152.7631,4.82,0.54,1.00,TREND,1.60,stressed,4.62,815,cut,114267.07,108.18,108.19,108.0891,22.98,0.89,1.00,TREND,1.61,stressed,10.08,22087,cut,18344.42,21.05,21.06,21.0422,3.23,0.38,1.00,mixed,1.80,normal,3.94,0,mm,1297.93
313.171,285,15.1,133909.43,133909.43,22902,22902,152.78,152.79,152.7640,4.80,0.54,1.00,TREND,1.60,stressed,4.62,815,cut,114267.07,108.19,108.2,108.0933,22.98,0.89,1.00,TREND,1.61,stressed,10.08,22087,cut,18344.42,21.05,21.06,21.0427,3.21,0.38,1.00,mixed,1.80,normal,3.94,0,mm,1297.93
313.188,285,15.1,133909.43,133909.43,22902,22902,152.78,152.79,152.7641,4.80,0.54,1.00,TREND,1.60,stressed,4.62,815,cut,114267.07,108.19,108.2,108.0942,22.98,0.89,1.00,TREND,1.61,stressed,10.08,22087,cut,18344.42,21.05,21.06,21.0428,3.20,0.38,1.00,mixed,1.80,normal,3.94,0,mm,1297.93
313.210,285,15.1,133909.43,133909.43,22902,22902,152.78,152.79,152.7644,4.80,0.54,1.00,TREND,1.60,stressed,4.62,815,cut,114267.07,108.19,108.2,108.0952,22.97,0.89,1.00,TREND,1.61,stressed,10.08,22087,cut,18344.42,21.05,21.06,21.0429,3.20,0.38,1.00,mixed,1.80,normal,3.94,0,mm,1297.93
313.238,285,15.1,133909.43,133909.43,22902,22902,152.78,152.79,152.7646,4.79,0.54,1.00,TREND,1.60,stressed,4.62,815,cut,114267.07,108.19,108.2,108.0965,22.96,0.89,1.00,TREND,1.61,stressed,10.08,22087,cut,18344.42,21.05,21.06,21.0431,3.19,0.38,1.00,mixed,1.80,normal,3.94,0,mm,1297.93
313.405,285,15.1,133909.43,133909.43,22902,22902,152.78,152.79,152.7662,4.74,0.54,1.00,TREND,1.57,stressed,4.62,815,cut,114267.07,108.19,108.2,108.1039,22.84,0.89,1.00,TREND,1.60,stressed,10.08,22087,cut,18344.42,21.05,21.07,21.0443,3.21,0.38,1.00,mixed,1.86,normal,3.94,0,mm,1297.93
313.437,285,15.1,133909.43,133909.43,17087,17087,152.78,152.79,152.7664,4.73,0.54,1.00,TREND,1.57,stressed,4.62,0,mm,114264.87,108.2,108.22,108.1055,22.84,0.89,1.00,TREND,1.60,stressed,10.08,17087,cut,18824.16,21.05,21.07,21.0446,3.21,0.38,1.00,mixed,1.86,normal,3.94,0,mm,1297.93
313.464,285,15.1,133909.43,133909.43,17087,17087,152.78,152.79,152.7667,4.72,0.54,1.00,TREND,1.57,stressed,4.62,0,mm,114264.87,108.2,108.22,108.1069,22.84,0.89,1.00,TREND,1.60,stressed,10.08,17087,cut,18824.16,21.05,21.07,21.0448,3.21,0.38,1.00,mixed,1.86,normal,3.94,0,mm,1297.93
313.487,285,15.1,133909.43,133909.43,17087,17087,152.78,152.79,152.7669,4.71,0.54,1.00,TREND,1.57,stressed,4.62,0,mm,114264.87,108.2,108.22,108.1080,22.84,0.89,1.00,TREND,1.60,stressed,10.08,17087,cut,18824.16,21.05,21.07,21.0449,3.21,0.38,1.00,mixed,1.86,normal,3.94,0,mm,1297.93
313.582,286,14.0,133909.43,133909.43,17087,17087,152.78,152.79,152.7677,4.67,0.54,1.00,TREND,1.57,stressed,4.18,0,mm,114264.87,108.22,108.23,108.1131,22.93,0.90,1.00,TREND,1.60,stressed,9.92,17087,cut,18824.16,21.05,21.07,21.0456,3.20,0.35,1.00,mixed,1.86,normal,4.19,0,mm,1297.93
313.610,286,14.0,133909.43,133909.43,17087,17087,152.78,152.81,152.7680,4.68,0.54,1.00,TREND,1.57,stressed,4.18,0,mm,114264.87,108.22,108.23,108.1145,22.94,0.90,1.00,TREND,1.60,stressed,9.92,17087,cut,19336.77,21.06,21.07,21.0458,3.21,0.35,1.00,mixed,1.86,normal,4.19,0,mm,1297.93
313.636,286,14.0,133909.43,133909.43,17087,17087,152.78,152.81,152.7683,4.69,0.54,1.00,TREND,1.57,stressed,4.18,0,mm,114264.87,108.22,108.23,108.1159,22.95,0.90,1.00,TREND,1.60,stressed,9.92,17087,cut,19336.77,21.06,21.07,21.0461,3.22,0.35,1.00,mixed,1.86,normal,4.19,0,mm,1297.93
313.669,286,14.0,133909.43,133909.43,17087,17087,152.78,152.81,152.7688,4.70,0.54,1.00,TREND,1.70,stressed,4.18,0,mm,114264.87,108.22,108.23,108.1175,22.97,0.90,1.00,TREND,1.64,stressed,9.92,17087,cut,19336.77,21.06,21.07,21.0464,3.23,0.35,1.00,mixed,1.92,normal,4.19,0,mm,1297.93
313.693,286,14.0,133909.43,133909.43,17087,17087,152.78,152.81,152.7691,4.71,0.54,1.00,TREND,1.70,stressed,4.18,0,mm,114264.87,108.22,108.23,108.1188,22.97,0.90,1.00,TREND,1.64,stressed,9.92,17087,cut,19336.77,21.06,21.07,21.0466,3.24,0.35,1.00,mixed,1.92,normal,4.19,0,mm,1297.93
313.731,286,14.0,133909.43,133909.43,17087,17087,152.78,152.81,152.7695,4.72,0.54,1.00,TREND,1.70,stressed,4.18,0,mm,114264.87,108.22,108.23,108.1206,22.97,0.90,1.00,TREND,1.64,stressed,9.92,17087,cut,19336.77,21.06,21.07,21.0469,3.25,0.35,1.00,mixed,1.92,normal,4.19,0,mm,1297.93
313.745,286,14.0,133909.43,133909.43,17087,17087,152.78,152.81,152.7697,4.72,0.54,1.00,TREND,1.70,stressed,4.18,0,mm,114264.87,108.22,108.23,108.1213,22.97,0.90,1.00,TREND,1.64,stressed,9.92,17087,cut,19336.77,21.06,21.07,21.0470,3.25,0.35,1.00,mixed,1.92,normal,4.19,0,mm,1297.93
314.016,286,14.0,133909.43,133909.43,17087,17087,152.79,152.8,152.7727,4.75,0.54,1.00,TREND,1.67,stressed,4.18,0,mm,114264.87,108.23,108.24,108.1349,23.02,0.90,1.00,TREND,1.63,stressed,9.92,17087,cut,19336.77,21.06,21.07,21.0492,3.28,0.35,1.00,mixed,1.85,normal,4.19,0,mm,1297.93
314.132,286,14.1,134899.58,134899.58,17087,17087,152.8,152.81,152.7744,4.83,0.62,1.00,TREND,1.67,stressed,4.18,0,mm,114264.87,108.23,108.24,108.1402,22.95,0.99,1.00,TREND,1.63,stressed,9.92,17087,cut,19336.77,21.06,21.07,21.0500,3.28,0.32,1.00,mixed,1.85,normal,4.19,0,mm,1297.93
314.372,286,14.1,134899.58,134899.58,12087,12087,152.8,152.81,152.7777,4.93,0.62,1.00,TREND,1.79,stressed,4.18,0,mm,114264.87,108.23,108.24,108.1503,22.68,0.99,1.00,TREND,1.58,stressed,9.92,12087,cut,19514.64,21.06,21.07,21.0516,3.25,0.32,1.00,mixed,1.79,normal,4.19,0,mm,1297.93
314.412,286,14.1,134899.58,134899.58,12087,12087,152.8,152.81,152.7782,4.94,0.62,1.00,TREND,1.79,stressed,4.18,0,mm,114264.87,108.23,108.24,108.1520,22.62,0.99,1.00,TREND,1.58,stressed,9.92,12087,cut,19514.64,21.06,21.07,21.0519,3.25,0.32,1.00,mixed,1.79,normal,4.19,0,mm,1297.93
314.433,286,14.1,134899.58,134899.58,12087,12087,152.8,152.81,152.7785,4.95,0.62,1.00,TREND,1.79,stressed,4.18,0,mm,114264.87,108.23,108.24,108.1528,22.59,0.99,1.00,TREND,1.58,stressed,9.92,12087,cut,19514.64,21.06,21.07,21.0520,3.24,0.32,1.00,mixed,1.79,normal,4.19,0,mm,1297.93
314.455,286,14.1,134899.58,134899.58,12087,12087,152.8,152.81,152.7787,4.95,0.62,1.00,TREND,1.79,stressed,4.18,0,mm,114264.87,108.23,108.24,108.1536,22.55,0.99,1.00,TREND,1.58,stressed,9.92,12087,cut,19514.64,21.06,21.07,21.0521,3.24,0.32,1.00,mixed,1.79,normal,4.19,0,mm,1297.93
314.477,286,14.1,134899.58,134899.58,12087,12087,152.8,152.81,152.7790,4.95,0.62,1.00,TREND,1.79,stressed,4.18,0,mm,114264.87,108.23,108.24,108.1545,22.52,0.99,1.00,TREND,1.58,stressed,9.92,12087,cut,19514.64,21.06,21.07,21.0523,3.24,0.32,1.00,mixed,1.79,normal,4.19,0,mm,1297.93
314.559,286,14.1,134899.58,134899.58,12087,12087,152.8,152.81,152.7800,4.96,0.62,1.00,TREND,1.79,stressed,4.18,0,mm,114264.87,108.23,108.24,108.1575,22.38,0.99,1.00,TREND,1.58,stressed,9.92,12087,cut,19514.64,21.06,21.07,21.0527,3.22,0.32,1.00,mixed,1.79,normal,4.19,0,mm,1297.93
314.646,287,13.0,135077.45,135077.45,12087,12087,152.8,152.81,152.7810,4.97,0.62,1.00,TREND,1.76,stressed,4.64,0,mm,114264.87,108.23,108.24,108.1606,22.21,1.14,1.00,TREND,1.54,stressed,8.86,12087,cut,19514.64,21.06,21.07,21.0532,3.20,0.33,1.00,mixed,1.73,normal,4.06,0,mm,1297.93
314.693,287,13.0,135077.45,135077.45,12087,12087,152.8,152.81,152.7815,4.97,0.62,1.00,TREND,1.76,stressed,4.64,0,mm,114264.87,108.23,108.24,108.1622,22.12,1.14,1.00,TREND,1.54,stressed,8.86,12087,cut,19514.64,21.06,21.07,21.0535,3.19,0.33,1.00,mixed,1.73,normal,4.06,0,mm,1297.93
314.743,287,13.0,135077.45,135077.45,12087,12087,152.8,152.81,152.7821,4.96,0.62,1.00,TREND,1.76,stressed,4.64,0,mm,114264.87,108.23,108.24,108.1639,22.01,1.14,1.00,TREND,1.54,stressed,8.86,12087,cut,19514.64,21.06,21.07,21.0538,3.17,0.33,1.00,mixed,1.73,normal,4.06,0,mm,1297.93
315.258,287,13.0,135077.45,135077.45,12087,12087,152.8,152.81,152.7870,4.83,0.61,1.00,TREND,1.74,stressed,4.64,0,mm,114264.87,108.23,108.24,108.1792,20.78,1.25,1.00,TREND,1.50,stressed,8.86,12087,cut,19514.64,21.06,21.07,21.0562,3.01,0.33,1.00,mixed,1.66,normal,4.06,0,mm,1297.93
315.418,287,13.1,135077.45,135077.45,12087,12087,152.8,152.82,152.7887,4.83,0.61,1.00,TREND,1.74,stressed,4.64,0,mm,114264.87,108.24,108.25,108.1840,20.48,1.25,1.00,TREND,1.50,stressed,8.86,12087,cut,19514.64,21.06,21.07,21.0568,2.95,0.33,1.00,mixed,1.66,normal,4.06,0,mm,1297.93
315.435,287,13.1,135077.45,135077.45,12087,12087,152.8,152.82,152.7888,4.82,0.61,1.00,TREND,1.74,stressed,4.64,0,mm,114264.87,108.24,108.25,108.1845,20.44,1.25,1.00,TREND,1.50,stressed,8.86,12087,cut,19514.64,21.06,21.07,21.0569,2.94,0.33,1.00,mixed,1.66,normal,4.06,0,mm,1297.93
315.469,287,13.1,135077.45,135077.45,12087,12087,152.8,152.82,152.7892,4.82,0.61,1.00,TREND,1.74,stressed,4.64,0,mm,114264.87,108.24,108.25,108.1854,20.38,1.25,1.00,TREND,1.50,stressed,8.86,12087,cut,19514.64,21.06,21.07,21.0570,2.93,0.33,1.00,mixed,1.66,normal,4.06,0,mm,1297.93
315.489,287,13.1,135077.45,135077.45,12087,12087,152.8,152.82,152.7894,4.82,0.61,1.00,TREND,1.74,stressed,4.64,0,mm,114264.87,108.24,108.25,108.1860,20.33,1.25,1.00,TREND,1.50,stressed,8.86,12087,cut,19514.64,21.06,21.07,21.0571,2.92,0.33,1.00,mixed,1.66,normal,4.06,0,mm,1297.93
315.549,287,13.1,135077.45,135077.45,12087,12087,152.8,152.82,152.7899,4.81,0.61,1.00,TREND,1.79,stressed,4.64,0,mm,114264.87,108.24,108.25,108.1876,20.21,1.25,1.00,TREND,1.50,stressed,8.86,12087,cut,19514.64,21.06,21.07,21.0573,2.90,0.33,1.00,mixed,1.61,normal,4.06,0,mm,1297.93
315.697,287,13.1,135077.45,135077.45,7087,7087,152.81,152.82,152.7916,4.83,0.61,1.00,TREND,1.79,stressed,4.64,0,mm,114264.87,108.25,108.26,108.1921,19.99,1.25,1.00,TREND,1.50,stressed,8.86,7087,cut,19642.51,21.06,21.08,21.0582,2.90,0.33,1.00,mixed,1.61,normal,4.06,0,mm,1297.93
315.840,287,13.1,135077.45,135077.45,7087,7087,152.81,152.82,152.7932,4.83,0.59,1.00,TREND,1.81,stressed,4.64,0,mm,114264.87,108.25,108.26,108.1963,19.75,1.15,1.00,TREND,1.49,stressed,8.86,7087,cut,19642.51,21.06,21.08,21.0589,2.89,0.31,1.00,mixed,1.69,normal,4.06,0,mm,1297.93
315.985,287,13.1,135077.45,135077.45,7087,7087,152.81,152.82,152.7946,4.82,0.59,1.00,TREND,1.81,stressed,4.64,0,mm,114264.87,108.26,108.27,108.2008,19.58,1.15,1.00,TREND,1.49,stressed,8.86,7087,cut,19642.51,21.07,21.08,21.0600,2.92,0.31,1.00,mixed,1.69,normal,4.06,0,mm,1297.93
316.169,288,12.1,135205.32,135205.32,7087,7087,152.81,152.82,152.7963,4.78,0.59,1.00,TREND,1.76,stressed,4.64,0,mm,114264.87,108.26,108.27,108.2061,19.31,1.15,1.00,TREND,1.49,stressed,8.75,7087,cut,19642.51,21.07,21.08,21.0612,2.95,0.31,1.00,mixed,1.75,normal,4.19,0,mm,1297.93
316.188,288,12.1,135205.32,135205.32,7087,7087,152.81,152.82,152.7965,4.77,0.59,1.00,TREND,1.76,stressed,4.64,0,mm,114264.87,108.27,108.28,108.2067,19.30,1.15,1.00,TREND,1.49,stressed,8.75,7087,cut,19642.51,21.07,21.08,21.0614,2.95,0.31,1.00,mixed,1.75,normal,4.19,0,mm,1297.93
316.248,288,12.1,135205.32,135205.32,7087,7087,152.81,152.82,152.7970,4.75,0.59,1.00,TREND,1.76,stressed,4.64,0,mm,114264.87,108.27,108.28,108.2086,19.24,1.15,1.00,TREND,1.49,stressed,8.75,7087,cut,19642.51,21.07,21.08,21.0617,2.95,0.31,1.00,mixed,1.75,normal,4.19,0,mm,1297.93
316.379,288,12.1,135205.32,135205.32,7087,7087,152.81,152.82,152.7980,4.71,0.59,1.00,TREND,1.76,stressed,4.64,0,mm,114264.87,108.27,108.28,108.2126,19.10,1.06,1.00,TREND,1.49,stressed,8.75,7087,cut,19642.51,21.07,21.08,21.0625,2.95,0.29,1.00,mixed,1.75,normal,4.19,0,mm,1297.93
316.500,288,12.1,135205.32,135205.32,7087,7087,152.81,152.82,152.7990,4.66,0.59,1.00,TREND,1.72,stressed,4.64,0,mm,114264.87,108.28,108.29,108.2166,19.02,1.06,1.00,TREND,1.52,stressed,8.75,7087,cut,19642.51,21.07,21.08,21.0632,2.94,0.29,1.00,mixed,1.69,normal,4.19,0,mm,1297.93
316.584,289,11.0,135516.67,135516.67,2087,2087,152.81,152.82,152.7996,4.63,0.59,1.00,TREND,1.72,stressed,4.21,0,mm,114264.87,108.29,108.3,108.2196,19.02,1.06,1.00,TREND,1.52,stressed,8.44,2087,cut,19953.86,21.07,21.08,21.0637,2.93,0.29,1.00,mixed,1.69,normal,4.19,0,mm,1297.93
316.605,289,11.0,135516.67,135516.67,2087,2087,152.81,152.82,152.7997,4.62,0.59,1.00,TREND,1.72,stressed,4.21,0,mm,114264.87,108.3,108.31,108.2204,19.03,1.06,1.00,TREND,1.52,stressed,8.44,2087,cut,19953.86,21.07,21.08,21.0638,2.93,0.29,1.00,mixed,1.69,normal,4.19,0,mm,1297.93
316.691,289,11.0,135516.67,135516.67,2087,2087,152.81,152.82,152.8004,4.58,0.59,1.00,TREND,1.72,stressed,4.21,0,mm,114264.87,108.3,108.31,108.2238,19.06,1.06,1.00,TREND,1.52,stressed,8.44,2087,cut,19953.86,21.07,21.08,21.0642,2.91,0.29,1.00,mixed,1.69,normal,4.19,0,mm,1297.93
316.763,289,11.0,135516.67,135516.67,2087,2087,152.81,152.82,152.8008,4.54,0.59,1.00,TREND,1.67,stressed,4.21,0,mm,114264.87,108.3,108.31,108.2265,19.07,1.06,1.00,TREND,1.54,stressed,8.44,2087,cut,19953.86,21.07,21.08,21.0646,2.90,0.29,1.00,mixed,1.65,normal,4.19,0,mm,1297.93
316.807,289,11.0,135516.67,135516.67,2087,2087,152.81,152.82,152.8011,4.52,0.59,1.00,TREND,1.67,stressed,4.21,0,mm,114264.87,108.3,108.31,108.2282,19.06,1.06,1.00,TREND,1.54,stressed,8.44,2087,cut,19953.86,21.07,21.08,21.0648,2.89,0.29,1.00,mixed,1.65,normal,4.19,0,mm,1297.93
316.831,289,11.0,135516.67,135516.67,2087,2087,152.81,152.82,152.8013,4.51,0.59,1.00,TREND,1.67,stressed,4.21,0,mm,114264.87,108.3,108.31,108.2290,19.06,1.06,1.00,TREND,1.54,stressed,8.44,2087,cut,19953.86,21.07,21.08,21.0649,2.89,0.29,1.00,mixed,1.65,normal,4.19,0,mm,1297.93
316.919,289,11.0,135516.67,135516.67,2087,2087,152.81,152.82,152.8018,4.47,0.58,1.00,TREND,1.67,stressed,4.21,0,mm,114264.87,108.31,108.32,108.2325,19.09,1.11,1.00,TREND,1.54,stressed,8.44,2087,cut,19953.86,21.07,21.08,21.0653,2.87,0.30,1.00,mixed,1.65,normal,4.19,0,mm,1297.93
316.937,289,11.0,135516.67,135516.67,2087,2087,152.81,152.82,152.8020,4.46,0.58,1.00,TREND,1.67,stressed,4.21,0,mm,114264.87,108.31,108.32,108.2332,19.10,1.11,1.00,TREND,1.54,stressed,8.44,2087,cut,19953.86,21.07,21.08,21.0654,2.87,0.30,1.00,mixed,1.65,normal,4.19,0,mm,1297.93
316.971,289,11.0,135516.67,135516.67,2087,2087,152.81,152.82,152.8022,4.44,0.58,1.00,TREND,1.67,stressed,4.21,0,mm,114264.87,108.31,108.32,108.2345,19.10,1.11,1.00,TREND,1.54,stressed,8.44,2087,cut,19953.86,21.07,21.08,21.0656,2.86,0.30,1.00,mixed,1.65,normal,4.19,0,mm,1297.93
316.984,289,11.0,135516.67,135516.67,2087,2087,152.81,152.82,152.8022,4.43,0.58,1.00,TREND,1.67,stressed,4.21,0,mm,114264.87,108.31,108.32,108.2350,19.10,1.11,1.00,TREND,1.54,stressed,8.44,2087,cut,19953.86,21.07,21.08,21.0656,2.85,0.30,1.00,mixed,1.65,normal,4.19,0,mm,1297.93
317.013,289,11.0,135516.67,135516.67,2087,2087,152.81,152.82,152.8024,4.42,0.58,1.00,TREND,1.62,stressed,4.21,0,mm,114264.87,108.31,108.32,108.2361,19.10,1.11,1.00,TREND,1.54,stressed,8.44,2087,cut,19953.86,21.07,21.08,21.0657,2.85,0.30,1.00,mixed,1.59,normal,4.19,0,mm,1297.93
317.038,289,11.0,135516.67,135516.67,2087,2087,152.81,152.82,152.8026,4.40,0.58,1.00,TREND,1.62,stressed,4.21,0,mm,114264.87,108.31,108.32,108.2370,19.10,1.11,1.00,TREND,1.54,stressed,8.44,2087,cut,19953.86,21.07,21.08,21.0659,2.84,0.30,1.00,mixed,1.59,normal,4.19,0,mm,1297.93
317.153,289,11.0,135516.67,135516.67,2087,2087,152.81,152.82,152.8032,4.34,0.58,1.00,TREND,1.62,stressed,4.21,0,mm,114264.87,108.31,108.32,108.2411,19.06,1.11,1.00,TREND,1.54,stressed,8.44,2087,cut,19953.86,21.07,21.08,21.0663,2.81,0.30,1.00,mixed,1.59,normal,4.19,0,mm,1297.93
317.218,289,11.0,135516.67,135516.67,2087,2087,152.81,152.82,152.8036,4.31,0.58,1.00,TREND,1.62,stressed,4.21,0,mm,114264.87,108.32,108.34,108.2438,19.10,1.11,1.00,TREND,1.54,stressed,8.44,2087,cut,19953.86,21.07,21.08,21.0666,2.79,0.30,1.00,mixed,1.59,normal,4.19,0,mm,1297.93
317.269,289,11.0,135516.67,135516.67,2087,2087,152.81,152.82,152.8038,4.28,0.58,1.00,TREND,1.58,stressed,4.21,0,mm,114264.87,108.32,108.34,108.2458,19.11,1.11,1.00,TREND,1.55,stressed,8.44,2087,cut,19953.86,21.07,21.08,21.0668,2.78,0.30,1.00,mixed,1.55,normal,4.19,0,mm,1297.93
317.297,289,11.0,135516.67,135516.67,2087,2087,152.81,152.82,152.8040,4.26,0.58,1.00,TREND,1.58,stressed,4.21,0,mm,114264.87,108.32,108.34,108.2469,19.12,1.11,1.00,TREND,1.55,stressed,8.44,2087,cut,19953.86,21.07,21.08,21.0669,2.77,0.30,1.00,mixed,1.55,normal,4.19,0,mm,1297.93
317.313,289,11.0,135516.67,135516.67,2087,2087,152.81,152.82,152.8041,4.25,0.58,1.00,TREND,1.58,stressed,4.21,0,mm,114264.87,108.32,108.34,108.2476,19.12,1.11,1.00,TREND,1.55,stressed,8.44,2087,cut,19953.86,21.07,21.08,21.0670,2.76,0.30,1.00,mixed,1.55,normal,4.19,0,mm,1297.93
317.339,289,11.0,135516.67,135516.67,2087,2087,152.81,152.82,152.8042,4.24,0.58,1.00,TREND,1.58,stressed,4.21,0,mm,114264.87,108.32,108.34,108.2485,19.12,1.11,1.00,TREND,1.55,stressed,8.44,2087,cut,19953.86,21.07,21.08,21.0671,2.76,0.30,1.00,mixed,1.55,normal,4.19,0,mm,1297.93
317.411,289,11.0,135516.67,135516.67,2087,2087,152.81,152.83,152.8047,4.22,0.58,1.00,TREND,1.58,stressed,4.21,0,mm,114264.87,108.34,108.35,108.2518,19.20,1.11,1.00,TREND,1.55,stressed,8.44,2087,cut,19953.86,21.07,21.08,21.0673,2.73,0.30,1.00,mixed,1.55,normal,4.19,0,mm,1297.93
317.482,289,11.0,135516.67,135516.67,2087,2087,152.81,152.83,152.8052,4.21,0.52,1.00,TREND,1.58,stressed,4.21,0,mm,114264.87,108.34,108.35,108.2548,19.26,1.06,1.00,TREND,1.55,stressed,8.44,2087,cut,19953.86,21.07,21.08,21.0676,2.71,0.30,1.00,mixed,1.55,normal,4.19,0,mm,1297.93
317.507,289,11.0,135516.67,135516.67,2087,2087,152.81,152.83,152.8054,4.20,0.52,1.00,TREND,1.58,stressed,4.21,0,mm,114264.87,108.34,108.35,108.2559,19.27,1.06,1.00,TREND,1.55,stressed,8.44,2087,cut,19953.86,21.07,21.08,21.0677,2.70,0.30,1.00,mixed,1.55,normal,4.19,0,mm,1297.93
317.528,289,11.0,135516.67,135516.67,2087,2087,152.81,152.83,152.8055,4.20,0.52,1.00,TREND,1.62,stressed,4.21,0,mm,114264.87,108.34,108.35,108.2567,19.28,1.06,1.00,TREND,1.55,stressed,8.44,2087,cut,19953.86,21.07,21.08,21.0677,2.70,0.30,1.00,mixed,1.50,normal,4.19,0,mm,1297.93
317.590,290,10.0,135623.94,135623.94,0,0,152.82,152.83,152.8061,4.21,0.52,1.00,TREND,1.62,stressed,4.35,0,mm,114264.87,108.34,108.35,108.2593,19.30,1.06,1.00,TREND,1.55,stressed,8.44,0,mm,20061.13,21.07,21.08,21.0679,2.68,0.30,1.00,mixed,1.50,normal,3.80,0,mm,1297.93
317.618,290,10.0,135623.94,135623.94,0,0,152.82,152.83,152.8064,4.21,0.52,1.00,TREND,1.62,stressed,4.35,0,mm,114264.87,108.34,108.35,108.2604,19.30,1.06,1.00,TREND,1.55,stressed,8.44,0,mm,20061.13,21.07,21.08,21.0680,2.67,0.30,1.00,mixed,1.50,normal,3.80,0,mm,1297.93
317.637,290,10.0,135623.94,135623.94,0,0,152.82,152.83,152.8065,4.21,0.52,1.00,TREND,1.62,stressed,4.35,0,mm,114264.87,108.34,108.35,108.2612,19.30,1.06,1.00,TREND,1.55,stressed,8.44,0,mm,20061.13,21.07,21.08,21.0681,2.66,0.30,1.00,mixed,1.50,normal,3.80,0,mm,1297.93
317.676,290,10.0,135623.94,135623.94,0,0,152.82,152.83,152.8068,4.21,0.52,1.00,TREND,1.62,stressed,4.35,0,mm,114264.87,108.34,108.35,108.2626,19.30,1.06,1.00,TREND,1.55,stressed,8.44,0,mm,20061.13,21.07,21.08,21.0682,2.65,0.30,1.00,mixed,1.50,normal,3.80,0,mm,1297.93
317.751,290,10.0,135623.94,135623.94,0,0,152.82,152.83,152.8075,4.21,0.52,1.00,TREND,1.62,stressed,4.35,0,mm,114264.87,108.34,108.35,108.2655,19.29,1.06,1.00,TREND,1.55,stressed,8.44,0,mm,20061.13,21.07,21.08,21.0685,2.62,0.30,1.00,mixed,1.50,normal,3.80,0,mm,1297.93
317.807,290,10.0,135623.94,135623.94,0,0,152.82,152.83,152.8079,4.21,0.52,1.00,TREND,1.65,stressed,4.35,0,mm,114264.87,108.34,108.35,108.2676,19.26,1.06,1.00,TREND,1.51,stressed,8.44,0,mm,20061.13,21.07,21.08,21.0686,2.60,0.30,1.00,mixed,1.45,normal,3.80,0,mm,1297.93
317.840,290,10.0,135623.94,135623.94,0,0,152.82,152.83,152.8082,4.21,0.52,1.00,TREND,1.65,stressed,4.35,0,mm,114264.87,108.34,108.35,108.2688,19.24,1.06,1.00,TREND,1.51,stressed,8.44,0,mm,20061.13,21.07,21.08,21.0687,2.59,0.30,1.00,mixed,1.45,normal,3.80,0,mm,1297.93
317.897,290,10.0,135623.94,135623.94,0,0,152.82,152.83,152.8087,4.20,0.52,1.00,TREND,1.65,stressed,4.35,0,mm,114264.87,108.34,108.35,108.2708,19.21,1.06,1.00,TREND,1.51,stressed,8.44,0,mm,20061.13,21.07,21.08,21.0689,2.57,0.30,1.00,mixed,1.45,normal,3.80,0,mm,1297.93
317.913,290,10.0,135623.94,135623.94,0,0,152.82,152.83,152.8088,4.20,0.52,1.00,TREND,1.65,stressed,4.35,0,mm,114264.87,108.35,108.36,108.2715,19.21,1.06,1.00,TREND,1.51,stressed,8.44,0,mm,20061.13,21.07,21.08,21.0689,2.57,0.30,1.00,mixed,1.45,normal,3.80,0,mm,1297.93
317.944,290,10.0,135623.94,135623.94,0,0,152.82,152.83,152.8090,4.20,0.52,1.00,TREND,1.65,stressed,4.35,0,mm,114264.87,108.35,108.36,108.2727,19.21,1.06,1.00,TREND,1.51,stressed,8.44,0,mm,20061.13,21.07,21.08,21.0690,2.56,0.30,1.00,mixed,1.45,normal,3.80,0,mm,1297.93
317.966,290,10.0,135623.94,135623.94,0,0,152.82,152.83,152.8092,4.19,0.52,1.00,TREND,1.65,stressed,4.35,0,mm,114264.87,108.35,108.36,108.2735,19.20,1.06,1.00,TREND,1.51,stressed,8.44,0,mm,20061.13,21.07,21.08,21.0691,2.55,0.30,1.00,mixed,1.45,normal,3.80,0,mm,1297.93
318.072,290,10.0,135623.94,135623.94,0,0,152.82,152.83,152.8099,4.17,0.47,1.00,TREND,1.60,stressed,4.35,0,mm,114264.87,108.35,108.36,108.2775,19.17,1.08,1.00,TREND,1.51,stressed,8.44,0,mm,20061.13,21.07,21.08,21.0694,2.51,0.29,1.00,mixed,1.41,normal,3.80,0,mm,1297.93
318.247,290,10.1,135623.94,135623.94,0,0,152.82,152.83,152.8111,4.13,0.47,1.00,TREND,1.60,stressed,4.35,0,mm,114264.87,108.36,108.37,108.2844,19.18,1.08,1.00,TREND,1.51,stressed,8.44,0,mm,20061.13,21.07,21.08,21.0698,2.45,0.29,1.00,mixed,1.41,normal,3.80,0,mm,1297.93
318.291,290,10.1,135623.94,135623.94,0,0,152.82,152.83,152.8114,4.12,0.47,1.00,TREND,1.60,stressed,4.35,0,mm,114264.87,108.36,108.37,108.2860,19.17,1.08,1.00,TREND,1.51,stressed,8.44,0,mm,20061.13,21.07,21.08,21.0699,2.43,0.29,1.00,mixed,1.41,normal,3.80,0,mm,1297.93
318.442,290,10.1,135623.94,135623.94,0,0,152.82,152.83,152.8123,4.07,0.47,1.00,TREND,1.54,stressed,4.35,0,mm,114264.87,108.36,108.37,108.2914,19.08,1.08,1.00,TREND,1.50,stressed,8.44,0,mm,20061.13,21.07,21.08,21.0703,2.38,0.29,1.00,mixed,1.36,normal,3.80,0,mm,1297.93
318.587,290,10.1,135623.94,135623.94,0,0,152.82,152.84,152.8135,4.07,0.42,1.00,TREND,1.54,stressed,4.35,0,mm,114264.87,108.37,108.38,108.2969,19.05,1.00,1.00,TREND,1.50,stressed,8.44,0,mm,20061.13,21.07,21.08,21.0706,2.33,0.29,1.00,mixed,1.36,normal,3.80,0,mm,1297.93
318.616,291,9.0,135623.94,135623.94,0,0,152.83,152.84,152.8138,4.08,0.42,1.00,TREND,1.54,stressed,4.71,0,mm,114264.87,108.37,108.38,108.2980,19.04,1.00,1.00,TREND,1.50,stressed,8.37,0,mm,20061.13,21.07,21.09,21.0707,2.33,0.29,1.00,mixed,1.36,normal,4.06,0,mm,1297.93
318.670,291,9.0,135623.94,135623.94,0,0,152.83,152.84,152.8143,4.09,0.42,1.00,TREND,1.54,stressed,4.71,0,mm,114264.87,108.38,108.39,108.3002,19.05,1.00,1.00,TREND,1.50,stressed,8.37,0,mm,20061.13,21.07,21.09,21.0709,2.33,0.29,1.00,mixed,1.36,normal,4.06,0,mm,1297.93
318.728,291,9.0,135623.94,135623.94,0,0,152.83,152.84,152.8149,4.11,0.42,1.00,TREND,1.66,stressed,4.71,0,mm,114264.87,108.38,108.39,108.3025,19.05,1.00,1.00,TREND,1.53,stressed,8.37,0,mm,20061.13,21.07,21.09,21.0712,2.33,0.29,1.00,mixed,1.44,normal,4.06,0,mm,1297.93
318.816,291,9.0,135623.94,135623.94,0,0,152.83,152.84,152.8157,4.12,0.42,1.00,TREND,1.66,stressed,4.71,0,mm,114264.87,108.38,108.39,108.3058,19.03,1.00,1.00,TREND,1.53,stressed,8.37,0,mm,20061.13,21.07,21.09,21.0715,2.33,0.29,1.00,mixed,1.44,normal,4.06,0,mm,1297.93
318.866,291,9.0,135623.94,135623.94,0,0,152.83,152.84,152.8162,4.13,0.42,1.00,TREND,1.66,stressed,4.71,0,mm,114264.87,108.38,108.39,108.3077,19.01,1.00,1.00,TREND,1.53,stressed,8.37,0,mm,20061.13,21.07,21.09,21.0717,2.32,0.29,1.00,mixed,1.44,normal,4.06,0,mm,1297.93
318.981,291,9.0,135623.94,135623.94,0,0,152.83,152.84,152.8171,4.13,0.42,1.00,TREND,1.61,stressed,4.71,0,mm,114264.87,108.39,108.41,108.3125,19.07,1.00,1.00,TREND,1.54,stressed,8.37,0,mm,20061.13,21.08,21.09,21.0724,2.36,0.29,1.00,mixed,1.52,normal,4.06,0,mm,1297.93
319.025,291,9.0,135623.94,135623.94,0,0,152.83,152.84,152.8175,4.13,0.42,1.00,TREND,1.61,stressed,4.71,0,mm,114264.87,108.39,108.41,108.3143,19.08,1.00,1.00,TREND,1.54,stressed,8.37,0,mm,20061.13,21.08,21.09,21.0727,2.37,0.29,1.00,mixed,1.52,normal,4.06,0,mm,1297.93
319.041,291,9.0,135623.94,135623.94,0,0,152.83,152.84,152.8176,4.13,0.42,1.00,TREND,1.61,stressed,4.71,0,mm,114264.87,108.39,108.41,108.3150,19.08,1.00,1.00,TREND,1.54,stressed,8.37,0,mm,20061.13,21.08,21.09,21.0728,2.37,0.29,1.00,mixed,1.52,normal,4.06,0,mm,1297.93
319.061,291,9.0,135623.94,135623.94,0,0,152.83,152.84,152.8178,4.13,0.42,1.00,TREND,1.61,stressed,4.71,0,mm,114264.87,108.39,108.41,108.3158,19.08,1.00,1.00,TREND,1.54,stressed,8.37,0,mm,20061.13,21.08,21.09,21.0729,2.38,0.29,1.00,mixed,1.52,normal,4.06,0,mm,1297.93
319.138,291,9.0,135623.94,135623.94,0,0,152.83,152.84,152.8184,4.12,0.38,1.00,TREND,1.61,stressed,4.71,0,mm,114264.87,108.39,108.41,108.3188,19.07,0.92,1.00,TREND,1.54,stressed,8.37,0,mm,20061.13,21.08,21.09,21.0733,2.39,0.33,1.00,mixed,1.52,normal,4.06,0,mm,1297.93
319.222,291,9.0,135623.94,135623.94,0,0,152.84,152.85,152.8195,4.18,0.38,1.00,TREND,1.61,stressed,4.71,0,mm,114264.87,108.41,108.42,108.3225,19.14,0.92,1.00,TREND,1.54,stressed,8.37,0,mm,20061.13,21.08,21.09,21.0738,2.40,0.33,1.00,mixed,1.52,normal,4.06,0,mm,1297.93
319.241,291,9.0,135623.94,135623.94,0,0,152.84,152.85,152.8197,4.19,0.38,1.00,TREND,1.72,stressed,4.71,0,mm,114264.87,108.41,108.42,108.3233,19.15,0.92,1.00,TREND,1.56,stressed,8.37,0,mm,20061.13,21.08,21.09,21.0739,2.41,0.33,1.00,mixed,1.47,normal,4.06,0,mm,1297.93
319.268,291,9.0,135623.94,135623.94,0,0,152.84,152.85,152.8200,4.20,0.38,1.00,TREND,1.72,stressed,4.71,0,mm,114264.87,108.41,108.42,108.3245,19.17,0.92,1.00,TREND,1.56,stressed,8.37,0,mm,20061.13,21.08,21.09,21.0740,2.41,0.33,1.00,mixed,1.47,normal,4.06,0,mm,1297.93
319.312,291,9.0,135623.94,135623.94,0,0,152.84,152.85,152.8205,4.23,0.38,1.00,TREND,1.72,stressed,4.71,0,mm,114264.87,108.41,108.42,108.3263,19.18,0.92,1.00,TREND,1.56,stressed,8.37,0,mm,20061.13,21.08,21.09,21.0742,2.41,0.33,1.00,mixed,1.47,normal,4.06,0,mm,1297.93
319.345,291,9.0,135623.94,135623.94,0,0,152.84,152.85,152.8209,4.24,0.38,1.00,TREND,1.72,stressed,4.71,0,mm,114264.87,108.41,108.42,108.3277,19.19,0.92,1.00,TREND,1.56,stressed,8.37,0,mm,20061.13,21.08,21.09,21.0744,2.41,0.33,1.00,mixed,1.47,normal,4.06,0,mm,1297.93
319.506,291,9.0,135623.94,135623.94,0,0,152.84,152.85,152.8226,4.29,0.38,1.00,TREND,1.67,stressed,4.71,0,mm,114264.87,108.41,108.42,108.3340,19.17,0.92,1.00,TREND,1.52,stressed,8.37,0,mm,20061.13,21.08,21.09,21.0752,2.41,0.33,1.00,mixed,1.42,normal,4.06,0,mm,1297.93
319.522,291,9.0,135623.94,135623.94,0,0,152.84,152.85,152.8228,4.30,0.38,1.00,TREND,1.67,stressed,4.71,0,mm,114264.87,108.41,108.42,108.3347,19.17,0.92,1.00,TREND,1.52,stressed,8.37,0,mm,20061.13,21.08,21.09,21.0753,2.41,0.33,1.00,mixed,1.42,normal,4.06,0,mm,1297.93
319.562,291,9.0,135623.94,135623.94,0,0,152.84,152.85,152.8232,4.31,0.38,1.00,TREND,1.67,stressed,4.71,0,mm,114264.87,108.41,108.42,108.3362,19.15,0.92,1.00,TREND,1.52,stressed,8.37,0,mm,20061.13,21.08,21.09,21.0754,2.41,0.33,1.00,mixed,1.42,normal,4.06,0,mm,1297.93
319.592,291,9.0,135623.94,135623.94,0,0,152.84,152.85,152.8235,4.31,0.38,1.00,TREND,1.67,stressed,4.71,0,mm,114264.87,108.41,108.42,108.3373,19.13,0.92,1.00,TREND,1.52,stressed,8.37,0,mm,20061.13,21.08,21.09,21.0756,2.41,0.33,1.00,mixed,1.42,normal,4.06,0,mm,1297.93
319.742,291,9.0,135623.94,135623.94,0,0,152.84,152.85,152.8250,4.32,0.39,1.00,TREND,1.67,stressed,4.71,0,mm,114264.87,108.41,108.42,108.3425,19.01,0.90,1.00,TREND,1.52,stressed,8.37,0,mm,20061.13,21.08,21.09,21.0762,2.40,0.32,1.00,mixed,1.42,normal,4.06,0,mm,1297.93
319.799,292,8.0,135623.94,135623.94,0,0,152.84,152.86,152.8257,4.35,0.39,1.00,TREND,1.70,stressed,5.20,0,mm,114264.87,108.41,108.42,108.3445,18.95,0.90,1.00,TREND,1.48,stressed,8.54,0,mm,20061.13,21.08,21.09,21.0765,2.39,0.32,1.00,mixed,1.38,normal,4.33,0,mm,1297.93
319.834,292,8.0,135623.94,135623.94,0,0,152.84,152.86,152.8261,4.36,0.39,1.00,TREND,1.70,stressed,5.20,0,mm,114264.87,108.41,108.42,108.3456,18.91,0.90,1.00,TREND,1.48,stressed,8.54,0,mm,20061.13,21.08,21.09,21.0766,2.39,0.32,1.00,mixed,1.38,normal,4.33,0,mm,1297.93
319.878,292,8.0,135623.94,135623.94,0,0,152.84,152.86,152.8265,4.37,0.39,1.00,TREND,1.70,stressed,5.20,0,mm,114264.87,108.41,108.42,108.3470,18.86,0.90,1.00,TREND,1.48,stressed,8.54,0,mm,20061.13,21.08,21.09,21.0768,2.38,0.32,1.00,mixed,1.38,normal,4.33,0,mm,1297.93
319.895,292,8.0,135623.94,135623.94,0,0,152.84,152.86,152.8267,4.38,0.39,1.00,TREND,1.70,stressed,5.20,0,mm,114264.87,108.41,108.42,108.3476,18.84,0.90,1.00,TREND,1.48,stressed,8.54,0,mm,20061.13,21.08,21.09,21.0768,2.38,0.32,1.00,mixed,1.38,normal,4.33,0,mm,1297.93
319.955,292,8.0,135623.94,135623.94,0,0,152.85,152.86,152.8275,4.42,0.39,1.00,TREND,1.70,stressed,5.20,0,mm,114264.87,108.39,108.43,108.3493,18.74,0.90,1.00,TREND,1.48,stressed,8.54,0,mm,20061.13,21.08,21.1,21.0772,2.39,0.32,1.00,mixed,1.38,normal,4.33,0,mm,1297.93
319.994,292,8.0,135623.94,135623.94,0,0,152.85,152.86,152.8280,4.44,0.39,1.00,TREND,1.70,stressed,5.20,0,mm,114264.87,108.39,108.43,108.3504,18.67,0.90,1.00,TREND,1.48,stressed,8.54,0,mm,20061.13,21.08,21.1,21.0774,2.40,0.32,1.00,mixed,1.38,normal,4.33,0,mm,1297.93
320.016,292,8.0,135623.94,135623.94,0,0,152.85,152.86,152.8283,4.45,0.39,1.00,TREND,1.70,stressed,5.20,0,mm,114264.87,108.39,108.43,108.3511,18.63,0.90,1.00,TREND,1.48,stressed,8.54,0,mm,20061.13,21.08,21.1,21.0776,2.41,0.32,1.00,mixed,1.38,normal,4.33,0,mm,1297.93
320.033,292,8.0,135623.94,135623.94,0,0,152.85,152.86,152.8285,4.46,0.39,1.00,TREND,1.70,stressed,5.20,0,mm,114264.87,108.39,108.43,108.3515,18.59,0.90,1.00,TREND,1.48,stressed,8.54,0,mm,20061.13,21.08,21.1,21.0777,2.41,0.32,1.00,mixed,1.38,normal,4.33,0,mm,1297.93
320.057,292,8.0,135623.94,135623.94,0,0,152.85,152.86,152.8288,4.47,0.39,1.00,TREND,1.73,stressed,5.20,0,mm,114264.87,108.39,108.43,108.3522,18.55,0.90,0.96,TREND,1.43,stressed,8.54,0,mm,20061.13,21.08,21.1,21.0778,2.41,0.32,1.00,mixed,1.45,normal,4.33,0,mm,1297.93
320.200,292,8.0,135623.94,135623.94,0,0,152.85,152.86,152.8305,4.52,0.39,1.00,TREND,1.73,stressed,5.20,0,mm,114264.87,108.39,108.43,108.3559,18.27,0.90,0.96,TREND,1.43,stressed,8.54,0,mm,20061.13,21.08,21.1,21.0786,2.43,0.32,1.00,mixed,1.45,normal,4.33,0,mm,1297.93
320.347,292,8.0,135623.94,135623.94,0,0,152.85,152.86,152.8321,4.55,0.39,1.00,TREND,1.68,stressed,5.20,0,mm,114264.87,108.39,108.43,108.3595,17.97,1.06,0.96,TREND,1.39,stressed,8.54,0,mm,20061.13,21.09,21.1,21.0797,2.49,0.36,1.00,mixed,1.52,normal,4.33,0,mm,1297.93
320.505,292,8.0,135623.94,135623.94,0,0,152.85,152.86,152.8338,4.55,0.39,1.00,TREND,1.68,stressed,5.20,0,mm,114264.87,108.39,108.43,108.3632,17.62,1.06,0.96,TREND,1.39,stressed,8.54,0,mm,20061.13,21.09,21.1,21.0808,2.54,0.36,1.00,mixed,1.52,normal,4.33,0,mm,1297.93
320.651,292,8.0,135623.94,135623.94,0,0,152.85,152.86,152.8352,4.54,0.39,1.00,TREND,1.64,stressed,5.20,0,mm,114264.87,108.39,108.43,108.3663,17.29,1.06,0.95,TREND,1.36,stressed,8.54,0,mm,20061.13,21.09,21.1,21.0817,2.56,0.36,1.00,mixed,1.48,normal,4.33,0,mm,1297.93
320.834,292,8.0,135623.94,135623.94,0,0,152.85,152.87,152.8372,4.58,0.39,1.00,TREND,1.64,stressed,5.20,0,mm,114264.87,108.4,108.43,108.3703,16.94,1.06,0.95,TREND,1.36,stressed,8.54,0,mm,20061.13,21.09,21.1,21.0828,2.58,0.36,1.00,mixed,1.48,normal,4.33,0,mm,1297.93
320.913,292,8.0,135623.94,135623.94,0,0,152.85,152.87,152.8381,4.58,0.36,1.00,TREND,1.68,stressed,5.20,0,mm,114264.87,108.4,108.43,108.3719,16.78,1.08,0.95,TREND,1.35,stressed,8.54,0,mm,20061.13,21.09,21.1,21.0833,2.58,0.35,1.00,mixed,1.44,normal,4.33,0,mm,1297.93
320.935,293,7.0,135623.94,135623.94,0,0,152.86,152.87,152.8383,4.59,0.36,1.00,TREND,1.68,stressed,5.21,0,mm,114264.87,108.39,108.4,108.3721,16.70,1.08,0.95,TREND,1.35,stressed,6.70,0,mm,20061.13,21.09,21.1,21.0834,2.58,0.35,1.00,mixed,1.44,normal,4.77,0,mm,1297.93
320.962,293,7.0,135623.94,135623.94,0,0,152.86,152.87,152.8387,4.60,0.36,1.00,TREND,1.68,stressed,5.21,0,mm,114264.87,108.39,108.4,108.3724,16.60,1.08,0.95,TREND,1.35,stressed,6.70,0,mm,20061.13,21.09,21.1,21.0835,2.58,0.35,1.00,mixed,1.44,normal,4.77,0,mm,1297.93
321.017,293,7.0,135623.94,135623.94,0,0,152.86,152.87,152.8394,4.62,0.36,1.00,TREND,1.68,stressed,5.21,0,mm,114264.87,108.39,108.4,108.3730,16.40,1.08,0.95,TREND,1.35,stressed,6.70,0,mm,20061.13,21.09,21.1,21.0838,2.58,0.35,1.00,mixed,1.44,normal,4.77,0,mm,1297.93
321.045,293,7.0,135623.94,135623.94,0,0,152.86,152.87,152.8397,4.63,0.36,1.00,TREND,1.68,stressed,5.21,0,mm,114264.87,108.39,108.4,108.3733,16.30,1.08,0.95,TREND,1.35,stressed,6.70,0,mm,20061.13,21.09,21.1,21.0840,2.57,0.35,1.00,mixed,1.44,normal,4.77,0,mm,1297.93
321.064,293,7.0,135623.94,135623.94,0,0,152.86,152.87,152.8399,4.64,0.36,1.00,TREND,1.68,stressed,5.21,0,mm,114264.87,108.39,108.4,108.3735,16.24,1.08,0.95,TREND,1.35,stressed,6.70,0,mm,20061.13,21.09,21.1,21.0841,2.57,0.35,1.00,mixed,1.44,normal,4.77,0,mm,1297.93
321.107,293,7.0,135623.94,135623.94,0,0,152.86,152.87,152.8404,4.65,0.36,1.00,TREND,1.68,stressed,5.21,0,mm,114264.87,108.39,108.4,108.3739,16.09,1.08,0.95,TREND,1.35,stressed,6.70,0,mm,20061.13,21.09,21.1,21.0843,2.57,0.35,1.00,mixed,1.44,normal,4.77,0,mm,1297.93
321.139,293,7.0,135623.94,135623.94,0,0,152.86,152.87,152.8408,4.65,0.36,1.00,TREND,1.68,stressed,5.21,0,mm,114264.87,108.39,108.4,108.3742,15.98,1.08,0.95,TREND,1.35,stressed,6.70,0,mm,20061.13,21.09,21.1,21.0844,2.57,0.35,1.00,mixed,1.44,normal,4.77,0,mm,1297.93
321.174,293,7.0,135623.94,135623.94,0,0,152.86,152.87,152.8412,4.66,0.36,1.00,TREND,1.71,stressed,5.21,0,mm,114264.87,108.39,108.4,108.3746,15.86,1.08,0.76,TREND,1.25,stressed,6.70,0,mm,20061.13,21.09,21.1,21.0846,2.56,0.35,1.00,mixed,1.41,normal,4.77,0,mm,1297.93
321.242,293,7.0,135623.94,135623.94,0,0,152.86,152.87,152.8419,4.66,0.36,1.00,TREND,1.71,stressed,5.21,0,mm,114264.87,108.39,108.42,108.3755,15.68,1.08,0.76,TREND,1.25,stressed,6.70,0,mm,20061.13,21.09,21.1,21.0849,2.56,0.35,1.00,mixed,1.41,normal,4.77,0,mm,1297.93
321.283,293,7.0,135623.94,135623.94,0,0,152.86,152.87,152.8424,4.67,0.36,1.00,TREND,1.71,stressed,5.21,0,mm,114264.87,108.39,108.42,108.3761,15.58,1.08,0.76,TREND,1.25,stressed,6.70,0,mm,20061.13,21.09,21.1,21.0851,2.55,0.35,1.00,mixed,1.41,normal,4.77,0,mm,1297.93
321.326,293,7.0,135623.94,135623.94,0,0,152.86,152.87,152.8428,4.67,0.36,1.00,TREND,1.71,stressed,5.21,0,mm,114264.87,108.39,108.42,108.3767,15.48,1.08,0.76,TREND,1.25,stressed,6.70,0,mm,20061.13,21.09,21.1,21.0853,2.54,0.35,1.00,mixed,1.41,normal,4.77,0,mm,1297.93
321.360,293,7.0,135623.94,135623.94,0,0,152.86,152.87,152.8432,4.67,0.36,1.00,TREND,1.71,stressed,5.21,0,mm,114264.87,108.39,108.42,108.3771,15.39,1.08,0.76,TREND,1.25,stressed,6.70,0,mm,20061.13,21.09,21.1,21.0855,2.54,0.35,1.00,mixed,1.41,normal,4.77,0,mm,1297.93
321.397,293,7.0,135623.94,135623.94,0,0,152.86,152.87,152.8436,4.67,0.36,1.00,TREND,1.71,stressed,5.21,0,mm,114264.87,108.39,108.42,108.3776,15.29,1.08,0.76,TREND,1.25,stressed,6.70,0,mm,20061.13,21.09,21.1,21.0857,2.53,0.35,1.00,mixed,1.41,normal,4.77,0,mm,1297.93
321.506,293,7.0,135623.94,135623.94,0,0,152.86,152.87,152.8446,4.66,0.33,1.00,TREND,1.67,stressed,5.21,0,mm,114264.87,108.41,108.44,108.3800,15.19,1.04,0.79,TREND,1.33,stressed,6.70,0,mm,20061.13,21.09,21.1,21.0861,2.51,0.35,1.00,mixed,1.37,normal,4.77,0,mm,1297.93
321.597,293,7.0,135623.94,135623.94,0,0,152.86,152.87,152.8455,4.64,0.33,1.00,TREND,1.67,stressed,5.21,0,mm,114264.87,108.41,108.44,108.3819,15.09,1.04,0.79,TREND,1.33,stressed,6.70,0,mm,20061.13,21.09,21.1,21.0865,2.49,0.35,1.00,mixed,1.37,normal,4.77,0,mm,1297.93
321.640,293,7.0,135623.94,135623.94,0,0,152.86,152.87,152.8459,4.63,0.33,1.00,TREND,1.67,stressed,5.21,0,mm,114264.87,108.39,108.4,108.3821,14.94,1.04,0.79,TREND,1.33,stressed,6.70,0,mm,20061.13,21.09,21.1,21.0867,2.48,0.35,1.00,mixed,1.37,normal,4.77,0,mm,1297.93
321.675,293,7.0,135623.94,135623.94,0,0,152.86,152.87,152.8462,4.63,0.33,1.00,TREND,1.67,stressed,5.21,0,mm,114264.87,108.39,108.4,108.3823,14.82,1.04,0.79,TREND,1.33,stressed,6.70,0,mm,20061.13,21.09,21.1,21.0868,2.48,0.35,1.00,mixed,1.37,normal,4.77,0,mm,1297.93
321.764,293,7.0,135623.94,135623.94,0,0,152.86,152.88,152.8471,4.64,0.33,1.00,TREND,1.71,stressed,5.21,0,mm,114264.87,108.39,108.4,108.3828,14.52,1.04,0.59,TREND,1.19,stressed,6.70,0,mm,20061.13,21.09,21.1,21.0871,2.46,0.35,1.00,mixed,1.33,normal,4.77,0,mm,1297.93
321.822,293,7.0,135623.94,135623.94,0,0,152.86,152.88,152.8478,4.64,0.33,1.00,TREND,1.71,stressed,5.21,0,mm,114264.87,108.39,108.4,108.3832,14.32,1.04,0.59,TREND,1.19,stressed,6.70,0,mm,20061.13,21.09,21.1,21.0873,2.44,0.35,1.00,mixed,1.33,normal,4.77,0,mm,1297.93
321.850,293,7.0,135623.94,135623.94,0,0,152.86,152.88,152.8481,4.64,0.33,1.00,TREND,1.71,stressed,5.21,0,mm,114264.87,108.39,108.4,108.3833,14.23,1.04,0.59,TREND,1.19,stressed,6.70,0,mm,20061.13,21.09,21.1,21.0874,2.43,0.35,1.00,mixed,1.33,normal,4.77,0,mm,1297.93
321.869,293,7.0,135623.94,135623.94,0,0,152.86,152.88,152.8483,4.64,0.33,1.00,TREND,1.71,stressed,5.21,0,mm,114264.87,108.39,108.4,108.3834,14.16,1.04,0.59,TREND,1.19,stressed,6.70,0,mm,20061.13,21.09,21.1,21.0875,2.43,0.35,1.00,mixed,1.33,normal,4.77,0,mm,1297.93
321.891,293,7.0,135623.94,135623.94,0,0,152.86,152.88,152.8485,4.64,0.33,1.00,TREND,1.71,stressed,5.21,0,mm,114264.87,108.39,108.4,108.3836,14.09,1.04,0.59,TREND,1.19,stressed,6.70,0,mm,20061.13,21.09,21.1,21.0876,2.42,0.35,1.00,mixed,1.33,normal,4.77,0,mm,1297.93
322.054,293,7.0,135623.94,135623.94,0,0,152.87,152.88,152.8504,4.69,0.34,1.00,TREND,1.74,stressed,5.21,0,mm,114264.87,108.39,108.4,108.3844,13.60,1.36,0.59,TREND,1.17,stressed,6.70,0,mm,20061.13,21.09,21.1,21.0881,2.38,0.34,1.00,mixed,1.30,normal,4.77,0,mm,1297.93
322.101,294,6.0,135623.94,135623.94,0,0,152.87,152.88,152.8510,4.70,0.34,1.00,TREND,1.74,stressed,5.15,0,mm,114264.87,108.39,108.4,108.3846,13.45,1.36,0.59,TREND,1.17,stressed,5.97,0,mm,20061.13,21.09,21.1,21.0883,2.37,0.34,1.00,mixed,1.30,normal,4.77,0,mm,1297.93
322.116,294,6.0,135623.94,135623.94,0,0,152.87,152.88,152.8511,4.70,0.34,1.00,TREND,1.74,stressed,5.15,0,mm,114264.87,108.39,108.4,108.3847,13.41,1.36,0.59,TREND,1.17,stressed,5.97,0,mm,20061.13,21.09,21.1,21.0883,2.36,0.34,1.00,mixed,1.30,normal,4.77,0,mm,1297.93
322.142,294,6.0,135623.94,135623.94,0,0,152.87,152.88,152.8514,4.70,0.34,1.00,TREND,1.74,stressed,5.15,0,mm,114264.87,108.39,108.4,108.3848,13.33,1.36,0.59,TREND,1.17,stressed,5.97,0,mm,20061.13,21.09,21.1,21.0884,2.36,0.34,1.00,mixed,1.30,normal,4.77,0,mm,1297.93
322.180,294,6.0,135623.94,135623.94,0,0,152.87,152.88,152.8518,4.71,0.34,1.00,TREND,1.74,stressed,5.15,0,mm,114264.87,108.39,108.4,108.3850,13.22,1.36,0.59,TREND,1.17,stressed,5.97,0,mm,20061.13,21.09,21.1,21.0885,2.35,0.34,1.00,mixed,1.30,normal,4.77,0,mm,1297.93
322.242,294,6.0,135623.94,135623.94,0,0,152.87,152.88,152.8525,4.71,0.34,1.00,TREND,1.74,stressed,5.15,0,mm,114264.87,108.39,108.4,108.3853,13.05,1.36,0.59,TREND,1.17,stressed,5.97,0,mm,20061.13,21.09,21.1,21.0887,2.33,0.34,1.00,mixed,1.30,normal,4.77,0,mm,1297.93
322.316,294,6.0,135623.94,135623.94,0,0,152.87,152.88,152.8533,4.71,0.34,1.00,TREND,1.69,stressed,5.15,0,mm,114264.87,108.39,108.4,108.3856,12.84,1.36,0.59,TREND,1.14,stressed,5.97,0,mm,20061.13,21.09,21.1,21.0889,2.31,0.34,1.00,mixed,1.27,normal,4.77,0,mm,1297.93
322.371,294,6.0,135623.94,135623.94,0,0,152.87,152.88,152.8538,4.71,0.34,1.00,TREND,1.69,stressed,5.15,0,mm,114264.87,108.39,108.4,108.3859,12.69,1.36,0.59,TREND,1.14,stressed,5.97,0,mm,20061.13,21.09,21.1,21.0891,2.29,0.34,1.00,mixed,1.27,normal,4.77,0,mm,1297.93
322.408,294,6.0,135623.94,135623.94,0,0,152.87,152.88,152.8542,4.70,0.34,1.00,TREND,1.69,stressed,5.15,0,mm,114264.87,108.39,108.4,108.3860,12.59,1.36,0.59,TREND,1.14,stressed,5.97,0,mm,20061.13,21.09,21.1,21.0892,2.28,0.34,1.00,mixed,1.27,normal,4.77,0,mm,1297.93
322.422,294,6.0,135623.94,135623.94,0,0,152.87,152.88,152.8543,4.70,0.34,1.00,TREND,1.69,stressed,5.15,0,mm,114264.87,108.39,108.4,108.3861,12.56,1.36,0.59,TREND,1.14,stressed,5.97,0,mm,20061.13,21.09,21.1,21.0892,2.27,0.34,1.00,mixed,1.27,normal,4.77,0,mm,1297.93
322.449,294,6.0,135623.94,135623.94,0,0,152.87,152.88,152.8546,4.70,0.34,1.00,TREND,1.69,stressed,5.15,0,mm,114264.87,108.39,108.4,108.3862,12.49,1.36,0.59,TREND,1.14,stressed,5.97,0,mm,20061.13,21.09,21.1,21.0893,2.27,0.34,1.00,mixed,1.27,normal,4.77,0,mm,1297.93
322.525,294,6.0,135623.94,135623.94,0,0,152.87,152.89,152.8555,4.72,0.34,1.00,TREND,1.69,stressed,5.15,0,mm,114264.87,108.39,108.4,108.3865,12.29,1.36,0.59,TREND,1.14,stressed,5.97,0,mm,20061.13,21.09,21.1,21.0895,2.24,0.34,1.00,mixed,1.27,normal,4.77,0,mm,1297.93
322.683,294,6.0,135623.94,135623.94,0,0,152.87,152.89,152.8572,4.74,0.31,1.00,TREND,1.72,stressed,5.15,0,mm,114264.87,108.39,108.4,108.3871,11.90,1.34,0.56,TREND,1.12,stressed,5.97,0,mm,20061.13,21.09,21.1,21.0899,2.19,0.33,1.00,mixed,1.24,normal,4.77,0,mm,1297.93
322.972,295,5.0,135623.94,135623.94,0,0,152.87,152.89,152.8601,4.72,0.31,1.00,TREND,1.67,stressed,5.15,0,mm,114264.87,108.39,108.4,108.3881,11.25,1.34,0.54,TREND,1.10,stressed,5.77,0,mm,20061.13,21.09,21.1,21.0905,2.11,0.33,1.00,mixed,1.22,normal,4.77,0,mm,1297.93
323.043,295,5.0,135623.94,135623.94,0,0,152.87,152.9,152.8610,4.73,0.31,1.00,TREND,1.67,stressed,5.15,0,mm,114264.87,108.39,108.4,108.3883,11.07,1.34,0.54,TREND,1.10,stressed,5.77,0,mm,20061.13,21.09,21.1,21.0907,2.08,0.33,1.00,mixed,1.22,normal,4.77,0,mm,1297.93
323.103,295,5.0,135623.94,135623.94,0,0,152.87,152.9,152.8617,4.74,0.31,1.00,TREND,1.67,stressed,5.15,0,mm,114264.87,108.39,108.4,108.3885,10.94,1.34,0.54,TREND,1.10,stressed,5.77,0,mm,20061.13,21.09,21.1,21.0908,2.06,0.33,1.00,mixed,1.22,normal,4.77,0,mm,1297.93
323.133,295,5.0,135623.94,135623.94,0,0,152.87,152.9,152.8620,4.74,0.31,1.00,TREND,1.67,stressed,5.15,0,mm,114264.87,108.39,108.4,108.3886,10.88,1.34,0.54,TREND,1.10,stressed,5.77,0,mm,20061.13,21.09,21.1,21.0909,2.05,0.33,1.00,mixed,1.22,normal,4.77,0,mm,1297.93
323.191,295,5.0,135623.94,135623.94,0,0,152.87,152.9,152.8626,4.74,0.29,1.00,TREND,1.67,stressed,5.15,0,mm,114264.87,108.39,108.4,108.3888,10.76,1.31,0.54,TREND,1.10,stressed,5.77,0,mm,20061.13,21.09,21.1,21.0910,2.04,0.32,1.00,mixed,1.22,normal,4.77,0,mm,1297.93
323.298,295,5.0,135623.94,135623.94,0,0,152.87,152.9,152.8637,4.74,0.29,1.00,TREND,1.69,stressed,5.15,0,mm,114264.87,108.39,108.4,108.3891,10.54,1.31,0.50,TREND,1.07,stressed,5.77,0,mm,20061.13,21.09,21.1,21.0912,2.00,0.32,1.00,mixed,1.20,normal,4.77,0,mm,1297.93
323.325,295,5.0,135623.94,135623.94,0,0,152.87,152.9,152.8640,4.74,0.29,1.00,TREND,1.69,stressed,5.15,0,mm,114264.87,108.39,108.4,108.3892,10.48,1.31,0.50,TREND,1.07,stressed,5.77,0,mm,20061.13,21.09,21.1,21.0912,1.99,0.32,1.00,mixed,1.20,normal,4.77,0,mm,1297.93
323.372,295,5.0,135623.94,135623.94,0,0,152.87,152.9,152.8644,4.73,0.29,1.00,TREND,1.69,stressed,5.15,0,mm,114264.87,108.39,108.4,108.3893,10.39,1.31,0.50,TREND,1.07,stressed,5.77,0,mm,20061.13,21.09,21.1,21.0913,1.98,0.32,1.00,mixed,1.20,normal,4.77,0,mm,1297.93
323.391,295,5.0,135623.94,135623.94,0,0,152.87,152.9,152.8646,4.73,0.29,1.00,TREND,1.69,stressed,5.15,0,mm,114264.87,108.39,108.4,108.3893,10.35,1.31,0.50,TREND,1.07,stressed,5.77,0,mm,20061.13,21.09,21.1,21.0913,1.97,0.32,1.00,mixed,1.20,normal,4.77,0,mm,1297.93
323.415,295,5.0,135623.94,135623.94,0,0,152.87,152.9,152.8648,4.73,0.29,1.00,TREND,1.69,stressed,5.15,0,mm,114264.87,108.39,108.4,108.3894,10.30,1.31,0.50,TREND,1.07,stressed,5.77,0,mm,20061.13,21.09,21.1,21.0914,1.97,0.32,1.00,mixed,1.20,normal,4.77,0,mm,1297.93
323.452,295,5.0,135623.94,135623.94,0,0,152.87,152.9,152.8652,4.72,0.29,1.00,TREND,1.69,stressed,5.15,0,mm,114264.87,108.39,108.4,108.3895,10.23,1.31,0.50,TREND,1.07,stressed,5.77,0,mm,20061.13,21.09,21.1,21.0914,1.95,0.32,1.00,mixed,1.20,normal,4.77,0,mm,1297.93
323.637,295,5.0,135623.94,135623.94,0,0,152.87,152.9,152.8668,4.68,0.29,1.00,TREND,1.65,stressed,5.15,0,mm,114264.87,108.39,108.4,108.3900,9.88,1.31,0.45,TREND,1.05,stressed,5.77,0,mm,20061.13,21.09,21.1,21.0917,1.90,0.32,1.00,mixed,1.18,normal,4.77,0,mm,1297.93
323.661,295,5.0,135623.94,135623.94,0,0,152.88,152.91,152.8671,4.69,0.29,1.00,TREND,1.65,stressed,5.15,0,mm,114264.87,108.39,108.4,108.3900,9.83,1.31,0.45,TREND,1.05,stressed,5.77,0,mm,20061.13,21.09,21.11,21.0918,1.90,0.32,1.00,mixed,1.18,normal,4.77,0,mm,1297.93
323.725,295,5.0,135623.94,135623.94,0,0,152.88,152.91,152.8680,4.72,0.30,1.00,TREND,1.65,stressed,5.15,0,mm,114264.87,108.39,108.4,108.3902,9.71,1.27,0.45,TREND,1.05,stressed,5.77,0,mm,20061.13,21.09,21.11,21.0921,1.90,0.31,1.00,mixed,1.18,normal,4.77,0,mm,1297.93
323.904,296,4.0,135623.94,135623.94,0,0,152.88,152.9,152.8698,4.71,0.30,1.00,TREND,1.68,stressed,5.07,0,mm,114264.87,108.39,108.4,108.3906,9.39,1.27,0.42,TREND,1.03,stressed,5.22,0,mm,20061.13,21.09,21.1,21.0923,1.84,0.31,1.00,mixed,1.16,normal,4.59,0,mm,1297.93
323.922,296,4.0,135623.94,135623.94,0,0,152.88,152.9,152.8699,4.71,0.30,1.00,TREND,1.68,stressed,5.07,0,mm,114264.87,108.39,108.4,108.3906,9.36,1.27,0.42,TREND,1.03,stressed,5.22,0,mm,20061.13,21.09,21.1,21.0923,1.84,0.31,1.00,mixed,1.16,normal,4.59,0,mm,1297.93
323.952,296,4.0,135623.94,135623.94,0,0,152.88,152.9,152.8702,4.71,0.30,1.00,TREND,1.68,stressed,5.07,0,mm,114264.87,108.39,108.4,108.3907,9.31,1.27,0.42,TREND,1.03,stressed,5.22,0,mm,20061.13,21.09,21.1,21.0924,1.83,0.31,1.00,mixed,1.16,normal,4.59,0,mm,1297.93
324.125,296,4.0,135623.94,135623.94,0,0,152.88,152.9,152.8718,4.67,0.30,1.00,TREND,1.68,stressed,5.07,0,mm,114264.87,108.39,108.4,108.3910,9.02,1.27,0.42,TREND,1.03,stressed,5.22,0,mm,20061.13,21.09,21.1,21.0926,1.77,0.31,1.00,mixed,1.16,normal,4.59,0,mm,1297.93
324.467,296,4.0,135623.94,135623.94,0,0,152.88,152.89,152.8737,4.44,0.42,0.87,TREND,1.55,stressed,5.07,0,mm,114264.87,108.39,108.4,108.3916,8.47,1.22,0.31,TREND,1.01,stressed,5.22,0,mm,20061.13,21.09,21.11,21.0937,1.78,0.30,1.00,mixed,1.29,normal,4.59,0,mm,1297.93
324.504,296,4.0,135623.94,135623.94,0,0,152.89,152.91,152.8742,4.46,0.42,0.87,TREND,1.55,stressed,5.07,0,mm,114264.87,108.39,108.4,108.3917,8.41,1.22,0.31,TREND,1.01,stressed,5.22,0,mm,20061.13,21.08,21.1,21.0936,1.75,0.30,1.00,mixed,1.29,normal,4.59,0,mm,1297.93
324.545,296,4.0,135623.94,135623.94,0,0,152.88,152.91,152.8746,4.46,0.42,0.87,TREND,1.55,stressed,5.07,0,mm,114264.87,108.39,108.4,108.3917,8.35,1.22,0.31,TREND,1.01,stressed,5.22,0,mm,20061.13,21.09,21.1,21.0936,1.73,0.30,1.00,mixed,1.29,normal,4.59,0,mm,1297.93
324.575,296,4.0,135623.94,135623.94,0,0,152.88,152.91,152.8748,4.46,0.42,0.87,TREND,1.55,stressed,5.07,0,mm,114264.87,108.39,108.4,108.3918,8.30,1.22,0.31,TREND,1.01,stressed,5.22,0,mm,20061.13,21.09,21.1,21.0937,1.72,0.30,1.00,mixed,1.29,normal,4.59,0,mm,1297.93
324.686,296,4.0,135623.94,135623.94,0,0,152.88,152.91,152.8759,4.46,0.42,0.87,TREND,1.55,stressed,5.07,0,mm,114264.87,108.39,108.4,108.3919,8.14,1.22,0.31,TREND,1.01,stressed,5.22,0,mm,20061.13,21.09,21.1,21.0937,1.68,0.30,1.00,mixed,1.29,normal,4.59,0,mm,1297.93
324.791,296,4.0,135623.94,135623.94,0,0,152.88,152.91,152.8768,4.45,0.42,0.88,TREND,1.67,stressed,5.07,0,mm,114264.87,108.39,108.4,108.3921,7.98,1.22,0.31,TREND,1.00,stressed,5.22,0,mm,20061.13,21.09,21.1,21.0938,1.64,0.30,0.67,mixed,1.12,normal,4.59,0,mm,1297.93
324.970,296,4.0,135623.94,135623.94,0,0,152.9,152.92,152.8795,4.62,0.56,0.88,TREND,1.67,stressed,5.07,0,mm,114264.87,108.39,108.4,108.3923,7.73,1.17,0.31,TREND,1.00,stressed,5.22,0,mm,20061.13,21.1,21.11,21.0947,1.71,0.30,0.67,mixed,1.12,normal,4.59,0,mm,1297.93
325.074,297,3.0,135623.94,135623.94,0,0,152.91,152.92,152.8812,4.73,0.56,0.90,TREND,1.93,stressed,5.48,0,mm,114264.87,108.38,108.4,108.3922,7.55,1.17,0.23,chop,0.96,stressed,4.82,0,mm,20061.13,21.09,21.11,21.0949,1.70,0.30,0.71,mixed,1.24,normal,4.47,0,mm,1297.93
325.104,297,3.0,135623.94,135623.94,0,0,152.91,152.92,152.8816,4.76,0.56,0.90,TREND,1.93,stressed,5.48,0,mm,114264.87,108.38,108.4,108.3922,7.49,1.17,0.23,chop,0.96,stressed,4.82,0,mm,20061.13,21.09,21.11,21.0950,1.70,0.30,0.71,mixed,1.24,normal,4.47,0,mm,1297.93
325.125,297,3.0,135623.94,135623.94,0,0,152.91,152.92,152.8820,4.78,0.56,0.90,TREND,1.93,stressed,5.48,0,mm,114264.87,108.38,108.4,108.3921,7.46,1.17,0.23,chop,0.96,stressed,4.82,0,mm,20061.13,21.09,21.11,21.0951,1.69,0.30,0.71,mixed,1.24,normal,4.47,0,mm,1297.93
325.155,297,3.0,135623.94,135623.94,0,0,152.91,152.92,152.8824,4.80,0.56,0.90,TREND,1.93,stressed,5.48,0,mm,114264.87,108.38,108.4,108.3921,7.41,1.17,0.23,chop,0.96,stressed,4.82,0,mm,20061.13,21.09,21.11,21.0951,1.69,0.30,0.71,mixed,1.24,normal,4.47,0,mm,1297.93
325.174,297,3.0,135623.94,135623.94,0,0,152.91,152.92,152.8827,4.82,0.56,0.90,TREND,1.93,stressed,5.48,0,mm,114264.87,108.38,108.4,108.3921,7.37,1.17,0.23,chop,0.96,stressed,4.82,0,mm,20061.13,21.09,21.11,21.0952,1.69,0.30,0.71,mixed,1.24,normal,4.47,0,mm,1297.93
325.229,297,3.0,135623.94,135623.94,0,0,152.91,152.92,152.8836,4.86,0.56,0.90,TREND,1.93,stressed,5.48,0,mm,114264.87,108.38,108.4,108.3920,7.28,1.17,0.23,chop,0.96,stressed,4.82,0,mm,20061.13,21.09,21.11,21.0953,1.68,0.30,0.71,mixed,1.24,normal,4.47,0,mm,1297.93
325.261,297,3.0,135623.94,135623.94,0,0,152.91,152.92,152.8840,4.88,0.56,0.90,TREND,1.93,stressed,5.48,0,mm,114264.87,108.38,108.4,108.3920,7.23,1.17,0.23,chop,0.96,stressed,4.82,0,mm,20061.13,21.09,21.11,21.0954,1.68,0.30,0.71,mixed,1.24,normal,4.47,0,mm,1297.93
325.330,297,3.0,135623.94,135623.94,0,0,152.91,152.92,152.8850,4.92,0.56,0.90,TREND,1.87,stressed,5.48,0,mm,114264.87,108.37,108.4,108.3918,7.10,1.17,0.13,chop,0.92,normal,4.82,0,mm,20061.13,21.1,21.12,21.0958,1.72,0.30,0.78,mixed,1.50,normal,4.47,0,mm,1297.93
325.358,297,3.0,135623.94,135623.94,0,0,152.91,152.92,152.8854,4.94,0.56,0.90,TREND,1.87,stressed,5.48,0,mm,114264.87,108.37,108.4,108.3917,7.04,1.17,0.13,chop,0.92,normal,4.82,0,mm,20061.13,21.1,21.12,21.0960,1.74,0.30,0.78,mixed,1.50,normal,4.47,0,mm,1297.93
325.377,297,3.0,135623.94,135623.94,0,0,152.91,152.92,152.8857,4.94,0.56,0.90,TREND,1.87,stressed,5.48,0,mm,114264.87,108.37,108.4,108.3916,7.01,1.17,0.13,chop,0.92,normal,4.82,0,mm,20061.13,21.1,21.12,21.0961,1.75,0.30,0.78,mixed,1.50,normal,4.47,0,mm,1297.93
325.417,297,3.0,135623.94,135623.94,0,0,152.91,152.92,152.8862,4.96,0.56,0.90,TREND,1.87,stressed,5.48,0,mm,114264.87,108.37,108.4,108.3915,6.93,1.17,0.13,chop,0.92,normal,4.82,0,mm,20061.13,21.1,21.12,21.0964,1.77,0.30,0.78,mixed,1.50,normal,4.47,0,mm,1297.93
325.433,297,3.0,135623.94,135623.94,0,0,152.91,152.92,152.8864,4.97,0.56,0.90,TREND,1.87,stressed,5.48,0,mm,114264.87,108.37,108.4,108.3915,6.90,1.17,0.13,chop,0.92,normal,4.82,0,mm,20061.13,21.1,21.12,21.0965,1.78,0.30,0.78,mixed,1.50,normal,4.47,0,mm,1297.93
325.485,297,3.0,135623.94,135623.94,0,0,152.91,152.92,152.8871,4.99,0.52,0.90,TREND,1.87,stressed,5.48,0,mm,114264.87,108.37,108.4,108.3913,6.81,1.21,0.13,chop,0.92,normal,4.82,0,mm,20061.13,21.1,21.12,21.0968,1.80,0.29,0.78,mixed,1.50,normal,4.47,0,mm,1297.93
325.545,297,3.0,135623.94,135623.94,0,0,152.91,152.92,152.8879,5.00,0.52,0.90,TREND,1.87,stressed,5.48,0,mm,114264.87,108.37,108.4,108.3911,6.70,1.21,0.13,chop,0.92,normal,4.82,0,mm,20061.13,21.1,21.12,21.0972,1.83,0.29,0.78,mixed,1.50,normal,4.47,0,mm,1297.93
325.662,297,3.0,135623.94,135623.94,0,0,152.9,152.93,152.8893,5.02,0.52,0.89,TREND,1.81,stressed,5.48,0,mm,114264.87,108.37,108.39,108.3905,6.46,1.21,0.04,chop,0.88,normal,4.82,0,mm,20061.13,21.09,21.12,21.0976,1.83,0.29,0.56,mixed,1.33,normal,4.47,0,mm,1297.93
325.690,297,3.0,135623.94,135623.94,0,0,152.9,152.93,152.8897,5.03,0.52,0.89,TREND,1.81,stressed,5.48,0,mm,114264.87,108.37,108.39,108.3904,6.40,1.21,0.04,chop,0.88,normal,4.82,0,mm,20061.13,21.09,21.12,21.0977,1.83,0.29,0.56,mixed,1.33,normal,4.47,0,mm,1297.93
325.722,297,3.0,135623.94,135623.94,0,0,152.9,152.93,152.8901,5.03,0.52,0.89,TREND,1.81,stressed,5.48,0,mm,114264.87,108.37,108.39,108.3902,6.34,1.21,0.04,chop,0.88,normal,4.82,0,mm,20061.13,21.09,21.12,21.0978,1.83,0.29,0.56,mixed,1.33,normal,4.47,0,mm,1297.93
325.772,297,3.0,135623.94,135623.94,0,0,152.9,152.93,152.8906,5.03,0.52,0.89,TREND,1.81,stressed,5.48,0,mm,114264.87,108.37,108.39,108.3900,6.24,1.21,0.04,chop,0.88,normal,4.82,0,mm,20061.13,21.09,21.12,21.0980,1.82,0.29,0.56,mixed,1.33,normal,4.47,0,mm,1297.93
325.795,297,3.0,135623.94,135623.94,0,0,152.9,152.93,152.8909,5.03,0.52,0.89,TREND,1.81,stressed,5.48,0,mm,114264.87,108.37,108.39,108.3899,6.20,1.21,0.04,chop,0.88,normal,4.82,0,mm,20061.13,21.09,21.12,21.0981,1.82,0.29,0.56,mixed,1.33,normal,4.47,0,mm,1297.93
325.826,297,3.0,135623.94,135623.94,0,0,152.91,152.93,152.8913,5.04,0.52,0.89,TREND,1.81,stressed,5.48,0,mm,114264.87,108.37,108.39,108.3898,6.14,1.21,0.04,chop,0.88,normal,4.82,0,mm,20061.13,21.09,21.12,21.0982,1.82,0.29,0.56,mixed,1.33,normal,4.47,0,mm,1297.93
325.850,297,3.0,135623.94,135623.94,0,0,152.91,152.93,152.8916,5.05,0.52,0.89,TREND,1.81,stressed,5.48,0,mm,114264.87,108.37,108.39,108.3896,6.10,1.21,0.04,chop,0.88,normal,4.82,0,mm,20061.13,21.09,21.12,21.0982,1.82,0.29,0.56,mixed,1.33,normal,4.47,0,mm,1297.93
325.876,297,3.0,135623.94,135623.94,0,0,152.91,152.93,152.8920,5.06,0.52,0.89,TREND,1.81,stressed,5.48,0,mm,114264.87,108.37,108.39,108.3895,6.05,1.21,0.04,chop,0.88,normal,4.82,0,mm,20061.13,21.09,21.12,21.0983,1.82,0.29,0.56,mixed,1.33,normal,4.47,0,mm,1297.93
325.895,297,3.0,135623.94,135623.94,0,0,152.91,152.93,152.8922,5.06,0.52,0.89,TREND,1.81,stressed,5.48,0,mm,114264.87,108.37,108.39,108.3895,6.02,1.21,0.04,chop,0.88,normal,4.82,0,mm,20061.13,21.09,21.12,21.0984,1.81,0.29,0.56,mixed,1.33,normal,4.47,0,mm,1297.93
325.931,297,3.0,135623.94,135623.94,0,0,152.91,152.93,152.8927,5.07,0.52,0.89,TREND,1.83,stressed,5.48,0,mm,114264.87,108.37,108.39,108.3893,5.96,1.21,0.17,chop,0.87,normal,4.82,0,mm,20061.13,21.09,21.12,21.0985,1.81,0.29,0.50,mixed,1.30,normal,4.47,0,mm,1297.93
325.983,297,3.0,135623.94,135623.94,0,0,152.91,152.93,152.8934,5.08,0.52,0.89,TREND,1.83,stressed,5.48,0,mm,114264.87,108.37,108.39,108.3891,5.87,1.21,0.17,chop,0.87,normal,4.82,0,mm,20061.13,21.09,21.12,21.0987,1.81,0.29,0.50,mixed,1.30,normal,4.47,0,mm,1297.93
326.014,297,3.0,135623.94,135623.94,0,0,152.91,152.93,152.8937,5.09,0.48,0.89,TREND,1.83,stressed,5.48,0,mm,114264.87,108.37,108.39,108.3889,5.82,1.19,0.17,chop,0.87,normal,4.82,0,mm,20061.13,21.09,21.12,21.0987,1.80,0.33,0.50,mixed,1.30,normal,4.47,0,mm,1297.93
326.067,298,2.0,135623.94,135623.94,0,0,152.91,152.93,152.8944,5.09,0.48,0.89,TREND,1.83,stressed,5.78,0,mm,114264.87,108.37,108.39,108.3887,5.74,1.19,0.17,chop,0.87,normal,4.36,0,mm,20061.13,21.09,21.12,21.0989,1.80,0.33,0.50,mixed,1.30,normal,4.82,0,mm,1297.93
326.138,298,2.0,135623.94,135623.94,0,0,152.9,152.93,152.8951,5.07,0.48,0.89,TREND,1.83,stressed,5.78,0,mm,114264.87,108.37,108.39,108.3884,5.62,1.19,0.17,chop,0.87,normal,4.36,0,mm,20061.13,21.09,21.12,21.0991,1.79,0.33,0.50,mixed,1.30,normal,4.82,0,mm,1297.93
326.200,298,2.0,135623.94,135623.94,0,0,152.9,152.93,152.8956,5.05,0.48,0.78,TREND,1.70,stressed,5.78,0,mm,114264.87,108.37,108.39,108.3882,5.53,1.19,0.33,mixed,0.85,normal,4.36,0,mm,20061.13,21.09,21.12,21.0993,1.78,0.33,0.50,mixed,1.28,normal,4.82,0,mm,1297.93
326.220,298,2.0,135623.94,135623.94,0,0,152.9,152.93,152.8958,5.04,0.48,0.78,TREND,1.70,stressed,5.78,0,mm,114264.87,108.37,108.39,108.3881,5.50,1.19,0.33,mixed,0.85,normal,4.36,0,mm,20061.13,21.09,21.12,21.0993,1.78,0.33,0.50,mixed,1.28,normal,4.82,0,mm,1297.93
326.239,298,2.0,135623.94,135623.94,0,0,152.9,152.93,152.8960,5.03,0.48,0.78,TREND,1.70,stressed,5.78,0,mm,114264.87,108.37,108.39,108.3880,5.47,1.19,0.33,mixed,0.85,normal,4.36,0,mm,20061.13,21.09,21.12,21.0994,1.77,0.33,0.50,mixed,1.28,normal,4.82,0,mm,1297.93
326.263,298,2.0,135623.94,135623.94,0,0,152.9,152.93,152.8962,5.02,0.48,0.78,TREND,1.70,stressed,5.78,0,mm,114264.87,108.37,108.39,108.3879,5.44,1.19,0.33,mixed,0.85,normal,4.36,0,mm,20061.13,21.09,21.12,21.0994,1.77,0.33,0.50,mixed,1.28,normal,4.82,0,mm,1297.93
326.297,298,2.0,135623.94,135623.94,0,0,152.9,152.93,152.8965,5.01,0.48,0.78,TREND,1.70,stressed,5.78,0,mm,114264.87,108.37,108.39,108.3878,5.39,1.19,0.33,mixed,0.85,normal,4.36,0,mm,20061.13,21.09,21.12,21.0995,1.76,0.33,0.50,mixed,1.28,normal,4.82,0,mm,1297.93
326.336,298,2.0,135623.94,135623.94,0,0,152.9,152.93,152.8968,4.99,0.48,0.78,TREND,1.70,stressed,5.78,0,mm,114264.87,108.37,108.39,108.3877,5.33,1.19,0.33,mixed,0.85,normal,4.36,0,mm,20061.13,21.09,21.12,21.0996,1.76,0.33,0.50,mixed,1.28,normal,4.82,0,mm,1297.93
326.358,298,2.0,135623.94,135623.94,0,0,152.9,152.93,152.8970,4.98,0.48,0.78,TREND,1.70,stressed,5.78,0,mm,114264.87,108.37,108.39,108.3876,5.30,1.19,0.33,mixed,0.85,normal,4.36,0,mm,20061.13,21.09,21.12,21.0997,1.75,0.33,0.50,mixed,1.28,normal,4.82,0,mm,1297.93
326.381,298,2.0,135623.94,135623.94,0,0,152.9,152.93,152.8972,4.97,0.48,0.78,TREND,1.70,stressed,5.78,0,mm,114264.87,108.37,108.39,108.3875,5.27,1.19,0.33,mixed,0.85,normal,4.36,0,mm,20061.13,21.09,21.12,21.0997,1.75,0.33,0.50,mixed,1.28,normal,4.82,0,mm,1297.93
326.415,298,2.0,135623.94,135623.94,0,0,152.9,152.93,152.8975,4.95,0.48,0.78,TREND,1.70,stressed,5.78,0,mm,114264.87,108.37,108.39,108.3874,5.23,1.19,0.33,mixed,0.85,normal,4.36,0,mm,20061.13,21.09,21.12,21.0998,1.74,0.33,0.50,mixed,1.28,normal,4.82,0,mm,1297.93
326.477,298,2.0,135623.94,135623.94,0,0,152.9,152.93,152.8980,4.92,0.48,0.78,TREND,1.65,stressed,5.78,0,mm,114264.87,108.37,108.39,108.3872,5.15,1.19,0.33,mixed,0.83,normal,4.36,0,mm,20061.13,21.09,21.12,21.1000,1.73,0.33,0.50,mixed,1.25,normal,4.82,0,mm,1297.93
326.529,298,2.0,135623.94,135623.94,0,0,152.9,152.93,152.8984,4.90,0.53,0.78,TREND,1.65,stressed,5.78,0,mm,114264.87,108.37,108.39,108.3870,5.08,1.11,0.33,mixed,0.83,normal,4.36,0,mm,20061.13,21.09,21.12,21.1001,1.72,0.31,0.50,mixed,1.25,normal,4.82,0,mm,1297.93
326.654,298,2.0,135623.94,135623.94,0,0,152.9,152.93,152.8994,4.83,0.53,0.78,TREND,1.65,stressed,5.78,0,mm,114264.87,108.37,108.39,108.3866,4.93,1.11,0.33,mixed,0.83,normal,4.36,0,mm,20061.13,21.09,21.12,21.1004,1.70,0.31,0.50,mixed,1.25,normal,4.82,0,mm,1297.93
326.701,298,2.0,135623.94,135623.94,0,0,152.9,152.93,152.8997,4.81,0.53,0.78,TREND,1.65,stressed,5.78,0,mm,114264.87,108.37,108.39,108.3865,4.87,1.11,0.33,mixed,0.83,normal,4.36,0,mm,20061.13,21.09,21.12,21.1005,1.69,0.31,0.50,mixed,1.25,normal,4.82,0,mm,1297.93
326.731,298,2.0,135623.94,135623.94,0,0,152.9,152.93,152.8999,4.79,0.53,0.76,TREND,1.60,stressed,5.78,0,mm,114264.87,108.37,108.39,108.3864,4.84,1.11,0.33,mixed,0.81,normal,4.36,0,mm,20061.13,21.09,21.12,21.1005,1.69,0.31,0.50,mixed,1.23,normal,4.82,0,mm,1297.93
326.742,298,2.0,135623.94,135623.94,0,0,152.9,152.93,152.9000,4.78,0.53,0.76,TREND,1.60,stressed,5.78,0,mm,114264.87,108.37,108.39,108.3863,4.82,1.11,0.33,mixed,0.81,normal,4.36,0,mm,20061.13,21.09,21.12,21.1006,1.68,0.31,0.50,mixed,1.23,normal,4.82,0,mm,1297.93
326.769,298,2.0,135623.94,135623.94,0,0,152.9,152.93,152.9002,4.77,0.53,0.76,TREND,1.60,stressed,5.78,0,mm,114264.87,108.37,108.39,108.3863,4.79,1.11,0.33,mixed,0.81,normal,4.36,0,mm,20061.13,21.09,21.12,21.1006,1.68,0.31,0.50,mixed,1.23,normal,4.82,0,mm,1297.93
326.840,298,2.0,135623.94,135623.94,0,0,152.9,152.93,152.9007,4.73,0.53,0.76,TREND,1.60,stressed,5.78,0,mm,114264.87,108.37,108.39,108.3861,4.71,1.11,0.33,mixed,0.81,normal,4.36,0,mm,20061.13,21.09,21.12,21.1008,1.66,0.31,0.50,mixed,1.23,normal,4.82,0,mm,1297.93
326.884,298,2.0,135623.94,135623.94,0,0,152.9,152.93,152.9010,4.70,0.53,0.76,TREND,1.60,stressed,5.78,0,mm,114264.87,108.37,108.39,108.3859,4.67,1.11,0.33,mixed,0.81,normal,4.36,0,mm,20061.13,21.09,21.12,21.1008,1.66,0.31,0.50,mixed,1.23,normal,4.82,0,mm,1297.93
326.911,298,2.0,135623.94,135623.94,0,0,152.9,152.93,152.9011,4.69,0.53,0.76,TREND,1.60,stressed,5.78,0,mm,114264.87,108.37,108.39,108.3859,4.64,1.11,0.33,mixed,0.81,normal,4.36,0,mm,20061.13,21.09,21.12,21.1009,1.65,0.31,0.50,mixed,1.23,normal,4.82,0,mm,1297.93
326.934,298,2.0,135623.94,135623.94,0,0,152.9,152.93,152.9013,4.67,0.53,0.76,TREND,1.60,stressed,5.78,0,mm,114264.87,108.37,108.39,108.3858,4.61,1.11,0.33,mixed,0.81,normal,4.36,0,mm,20061.13,21.09,21.12,21.1009,1.64,0.31,0.50,mixed,1.23,normal,4.82,0,mm,1297.93
327.030,298,2.0,135623.94,135623.94,0,0,152.9,152.93,152.9019,4.62,0.53,0.75,TREND,1.56,stressed,5.78,0,mm,114264.87,108.37,108.39,108.3855,4.51,1.04,0.30,mixed,0.79,normal,4.36,0,mm,20061.13,21.09,21.12,21.1011,1.62,0.30,0.43,mixed,1.21,normal,4.82,0,mm,1297.93
327.102,299,1.0,135623.94,135623.94,0,0,152.9,152.93,152.9023,4.58,0.53,0.75,TREND,1.56,stressed,4.95,0,mm,114264.87,108.37,108.39,108.3854,4.44,1.04,0.30,mixed,0.79,normal,3.94,0,mm,20061.13,21.09,21.12,21.1012,1.61,0.30,0.43,mixed,1.21,normal,4.36,0,mm,1297.93
327.155,299,1.0,135623.94,135623.94,0,0,152.9,152.93,152.9026,4.54,0.53,0.75,TREND,1.56,stressed,4.95,0,mm,114264.87,108.37,108.39,108.3852,4.39,1.04,0.30,mixed,0.79,normal,3.94,0,mm,20061.13,21.09,21.12,21.1013,1.60,0.30,0.43,mixed,1.21,normal,4.36,0,mm,1297.93
327.205,299,1.0,135623.94,135623.94,0,0,152.9,152.93,152.9029,4.51,0.53,0.75,TREND,1.56,stressed,4.95,0,mm,114264.87,108.37,108.39,108.3851,4.34,1.04,0.30,mixed,0.79,normal,3.94,0,mm,20061.13,21.09,21.12,21.1014,1.59,0.30,0.43,mixed,1.21,normal,4.36,0,mm,1297.93
327.226,299,1.0,135623.94,135623.94,0,0,152.9,152.93,152.9030,4.50,0.53,0.75,TREND,1.56,stressed,4.95,0,mm,114264.87,108.37,108.39,108.3851,4.32,1.04,0.30,mixed,0.79,normal,3.94,0,mm,20061.13,21.09,21.12,21.1015,1.58,0.30,0.43,mixed,1.21,normal,4.36,0,mm,1297.93
327.250,299,1.0,135623.94,135623.94,0,0,152.9,152.93,152.9032,4.48,0.53,0.75,TREND,1.56,stressed,4.95,0,mm,114264.87,108.37,108.39,108.3850,4.30,1.04,0.30,mixed,0.79,normal,3.94,0,mm,20061.13,21.09,21.12,21.1015,1.58,0.30,0.43,mixed,1.21,normal,4.36,0,mm,1297.93
327.298,299,1.0,135623.94,135623.94,0,0,152.9,152.93,152.9035,4.45,0.53,0.75,TREND,1.52,stressed,4.95,0,mm,114264.87,108.37,108.39,108.3849,4.26,1.04,0.30,mixed,0.78,normal,3.94,0,mm,20061.13,21.09,21.12,21.1016,1.57,0.30,0.33,mixed,1.20,normal,4.36,0,mm,1297.93
327.382,299,1.0,135623.94,135623.94,0,0,152.9,152.93,152.9039,4.40,0.53,0.75,TREND,1.52,stressed,4.95,0,mm,114264.87,108.37,108.39,108.3847,4.18,1.04,0.30,mixed,0.78,normal,3.94,0,mm,20061.13,21.09,21.13,21.1019,1.58,0.30,0.33,mixed,1.20,normal,4.36,0,mm,1297.93
327.415,299,1.0,135623.94,135623.94,0,0,152.9,152.93,152.9041,4.38,0.53,0.75,TREND,1.52,stressed,4.95,0,mm,114264.87,108.37,108.39,108.3846,4.15,1.04,0.30,mixed,0.78,normal,3.94,0,mm,20061.13,21.09,21.13,21.1020,1.59,0.30,0.33,mixed,1.20,normal,4.36,0,mm,1297.93
327.434,299,1.0,135623.94,135623.94,0,0,152.9,152.93,152.9042,4.37,0.53,0.75,TREND,1.52,stressed,4.95,0,mm,114264.87,108.37,108.39,108.3846,4.13,1.04,0.30,mixed,0.78,normal,3.94,0,mm,20061.13,21.09,21.13,21.1021,1.59,0.30,0.33,mixed,1.20,normal,4.36,0,mm,1297.93
327.466,299,1.0,135623.94,135623.94,0,0,152.9,152.93,152.9043,4.35,0.53,0.75,TREND,1.52,stressed,4.95,0,mm,114264.87,108.37,108.39,108.3845,4.11,1.04,0.30,mixed,0.78,normal,3.94,0,mm,20061.13,21.09,21.13,21.1022,1.59,0.30,0.33,mixed,1.20,normal,4.36,0,mm,1297.93
327.481,299,1.0,135623.94,135623.94,0,0,152.9,152.93,152.9044,4.34,0.53,0.75,TREND,1.52,stressed,4.95,0,mm,114264.87,108.37,108.39,108.3845,4.09,1.04,0.30,mixed,0.78,normal,3.94,0,mm,20061.13,21.09,21.13,21.1023,1.59,0.30,0.33,mixed,1.20,normal,4.36,0,mm,1297.93
327.507,299,1.0,135623.94,135623.94,0,0,152.9,152.93,152.9045,4.32,0.53,0.75,TREND,1.52,stressed,4.95,0,mm,114264.87,108.37,108.39,108.3844,4.07,1.04,0.30,mixed,0.78,normal,3.94,0,mm,20061.13,21.09,21.13,21.1024,1.60,0.30,0.33,mixed,1.20,normal,4.36,0,mm,1297.93
327.542,299,1.0,135623.94,135623.94,0,0,152.9,152.93,152.9047,4.30,0.52,0.75,TREND,1.52,stressed,4.95,0,mm,114264.87,108.37,108.39,108.3844,4.04,0.97,0.30,mixed,0.78,normal,3.94,0,mm,20061.13,21.09,21.13,21.1025,1.60,0.30,0.33,mixed,1.20,normal,4.36,0,mm,1297.93
327.562,299,1.0,135623.94,135623.94,0,0,152.9,152.93,152.9048,4.29,0.52,0.75,TREND,1.48,stressed,4.95,0,mm,114264.87,108.37,108.39,108.3843,4.02,0.97,0.30,mixed,0.76,normal,3.94,0,mm,20061.13,21.09,21.13,21.1026,1.60,0.30,0.43,mixed,1.34,normal,4.36,0,mm,1297.93
327.634,299,1.0,135623.94,135623.94,0,0,152.9,152.93,152.9051,4.24,0.52,0.75,TREND,1.48,stressed,4.95,0,mm,114264.87,108.37,108.38,108.3840,3.94,0.97,0.30,mixed,0.76,normal,3.94,0,mm,20061.13,21.09,21.13,21.1028,1.61,0.30,0.43,mixed,1.34,normal,4.36,0,mm,1297.93
327.677,299,1.0,135623.94,135623.94,0,0,152.9,152.93,152.9053,4.22,0.52,0.75,TREND,1.48,stressed,4.95,0,mm,114264.87,108.37,108.38,108.3838,3.89,0.97,0.30,mixed,0.76,normal,3.94,0,mm,20061.13,21.09,21.13,21.1030,1.61,0.30,0.43,mixed,1.34,normal,4.36,0,mm,1297.93
327.707,299,1.0,135623.94,135623.94,0,0,152.9,152.93,152.9055,4.20,0.52,0.75,TREND,1.48,stressed,4.95,0,mm,114264.87,108.37,108.38,108.3837,3.85,0.97,0.30,mixed,0.76,normal,3.94,0,mm,20061.13,21.09,21.13,21.1031,1.61,0.30,0.43,mixed,1.34,normal,4.36,0,mm,1297.93
327.724,299,1.0,135623.94,135623.94,0,0,152.9,152.93,152.9055,4.19,0.52,0.75,TREND,1.48,stressed,4.95,0,mm,114264.87,108.37,108.38,108.3836,3.83,0.97,0.30,mixed,0.76,normal,3.94,0,mm,20061.13,21.09,21.13,21.1031,1.61,0.30,0.43,mixed,1.34,normal,4.36,0,mm,1297.93
327.756,299,1.0,135623.94,135623.94,0,0,152.9,152.93,152.9057,4.17,0.52,0.75,TREND,1.48,stressed,4.95,0,mm,114264.87,108.37,108.38,108.3835,3.79,0.97,0.30,mixed,0.76,normal,3.94,0,mm,20061.13,21.09,21.13,21.1032,1.61,0.30,0.43,mixed,1.34,normal,4.36,0,mm,1297.93
327.780,299,1.0,135623.94,135623.94,0,0,152.9,152.93,152.9058,4.15,0.52,0.75,TREND,1.48,stressed,4.95,0,mm,114264.87,108.37,108.38,108.3834,3.77,0.97,0.30,mixed,0.76,normal,3.94,0,mm,20061.13,21.09,21.13,21.1033,1.61,0.30,0.43,mixed,1.34,normal,4.36,0,mm,1297.93
327.875,299,1.0,135623.94,135623.94,0,0,152.9,152.93,152.9062,4.10,0.52,0.73,TREND,1.45,stressed,4.95,0,mm,114264.87,108.37,108.38,108.3831,3.67,0.97,0.40,mixed,0.71,normal,3.94,0,mm,20061.13,21.09,21.13,21.1036,1.61,0.30,0.43,mixed,1.32,normal,4.36,0,mm,1297.93
334.489,299,1.0,135623.94,135623.94,0,0,152.9,152.93,152.9146,1.31,0.50,0.73,TREND,1.34,stressed,4.95,0,mm,114264.87,108.37,108.38,108.3754,0.99,0.94,0.40,mixed,0.31,normal,3.94,0,mm,20061.13,21.09,21.13,21.1097,0.60,0.29,0.43,mixed,1.48,normal,4.36,0,mm,1297.93
341.046,299,1.0,135623.94,135623.94,0,0,152.9,152.93,152.9150,0.41,0.49,0.73,TREND,1.02,stressed,4.95,0,mm,114264.87,108.37,108.38,108.3750,0.31,0.87,0.40,mixed,-1.31,normal,3.94,0,mm,20061.13,21.09,21.13,21.1100,0.19,0.27,0.43,mixed,1.54,normal,4.36,0,mm,1297.93
347.590,299,1.0,135623.94,135623.94,0,0,152.9,152.93,152.9150,0.13,0.47,0.73,TREND,1.02,stressed,4.95,0,mm,114264.87,108.37,108.38,108.3750,0.10,0.81,0.40,mixed,-1.31,normal,3.94,0,mm,20061.13,21.09,21.13,21.1100,0.06,0.26,0.43,mixed,1.54,normal,4.36,0,mm,1297.93
354.142,299,1.0,135623.94,135623.94,0,0,152.9,152.93,152.9150,0.04,0.45,0.73,TREND,1.02,stressed,4.95,0,mm,114264.87,108.37,108.38,108.3750,0.03,0.74,0.40,mixed,-1.31,normal,3.94,0,mm,20061.13,21.09,21.13,21.1100,0.02,0.25,0.43,mixed,1.54,normal,4.36,0,mm,1297.93
360.687,299,1.0,135623.94,135623.94,0,0,152.9,152.93,152.9150,0.01,0.43,0.73,TREND,1.02,stressed,4.95,0,mm,114264.87,108.37,108.38,108.3750,0.01,0.69,0.40,mixed,-1.31,normal,3.94,0,mm,20061.13,21.09,21.13,21.1100,0.01,0.23,0.43,mixed,1.54,normal,4.36,0,mm,1297.93
367.238,299,1.0,135623.94,135623.94,0,0,152.9,152.93,152.9150,0.00,0.41,0.73,TREND,1.02,stressed,4.95,0,mm,114264.87,108.37,108.38,108.3750,0.00,0.63,0.40,mixed,-1.31,normal,3.94,0,mm,20061.13,21.09,21.13,21.1100,0.00,0.22,0.43,mixed,1.54,normal,4.36,0,mm,1297.93
373.792,299,1.0,135623.94,135623.94,0,0,152.9,152.93,152.9150,0.00,0.39,0.73,TREND,1.02,stressed,4.95,0,mm,114264.87,108.37,108.38,108.3750,0.00,0.58,0.40,mixed,-1.31,normal,3.94,0,mm,20061.13,21.09,21.13,21.1100,0.00,0.21,0.43,mixed,1.54,normal,4.36,0,mm,1297.93
380.346,299,1.0,135623.94,135623.94,0,0,152.9,152.93,152.9150,0.00,0.37,0.73,TREND,1.02,stressed,4.95,0,mm,114264.87,108.37,108.38,108.3750,0.00,0.54,0.40,mixed,-1.31,normal,3.94,0,mm,20061.13,21.09,21.13,21.1100,0.00,0.19,0.43,mixed,1.54,normal,4.36,0,mm,1297.93
386.904,299,1.0,135623.94,135623.94,0,0,152.9,152.93,152.9150,0.00,0.35,0.73,TREND,1.02,stressed,4.95,0,mm,114264.87,108.37,108.38,108.3750,0.00,0.49,0.40,mixed,-1.31,normal,3.94,0,mm,20061.13,21.09,21.13,21.1100,0.00,0.18,0.43,mixed,1.54,normal,4.36,0,mm,1297.93
393.654,299,1.0,135623.94,135623.94,0,0,152.9,152.93,152.9150,0.00,0.33,0.73,TREND,1.02,stressed,4.95,0,mm,114264.87,108.37,108.38,108.3750,0.00,0.45,0.40,mixed,-1.31,normal,3.94,0,mm,20061.13,21.09,21.13,21.1100,0.00,0.17,0.43,mixed,1.54,normal,4.36,0,mm,1297.93
402.245,299,1.0,135623.94,135623.94,0,0,152.9,152.93,152.9150,0.00,0.31,0.73,TREND,1.02,stressed,4.95,0,mm,114264.87,108.37,108.38,108.3750,0.00,0.42,0.40,mixed,-1.31,normal,3.94,0,mm,20061.13,21.09,21.13,21.1100,0.00,0.16,0.43,mixed,1.54,normal,4.36,0,mm,1297.93
410.833,299,1.0,135623.94,135623.94,0,0,152.9,152.93,152.9150,0.00,0.29,0.73,TREND,1.02,stressed,4.95,0,mm,114264.87,108.37,108.38,108.3750,0.00,0.38,0.40,mixed,-1.31,normal,3.94,0,mm,20061.13,21.09,21.13,21.1100,0.00,0.15,0.43,mixed,1.54,normal,4.36,0,mm,1297.93
419.412,299,1.0,135623.94,135623.94,0,0,152.9,152.93,152.9150,0.00,0.27,0.73,TREND,1.02,stressed,4.95,0,mm,114264.87,108.37,108.38,108.3750,0.00,0.35,0.40,mixed,-1.31,normal,3.94,0,mm,20061.13,21.09,21.13,21.1100,0.00,0.14,0.43,mixed,1.54,normal,4.36,0,mm,1297.93
428.031,299,1.0,135623.94,135623.94,0,0,152.9,152.93,152.9150,0.00,0.25,0.73,TREND,1.02,stressed,4.95,0,mm,114264.87,108.37,108.38,108.3750,0.00,0.32,0.40,mixed,-1.31,normal,3.94,0,mm,20061.13,21.09,21.13,21.1100,0.00,0.13,0.43,mixed,1.54,normal,4.36,0,mm,1297.93
436.624,299,1.0,135623.94,135623.94,0,0,152.9,152.93,152.9150,0.00,0.24,0.73,TREND,1.02,stressed,4.95,0,mm,114264.87,108.37,108.38,108.3750,0.00,0.30,0.40,mixed,-1.31,normal,3.94,0,mm,20061.13,21.09,21.13,21.1100,0.00,0.12,0.43,mixed,1.54,normal,4.36,0,mm,1297.93
445.208,299,1.0,135623.94,135623.94,0,0,152.9,152.93,152.9150,0.00,0.22,0.73,TREND,1.02,stressed,4.95,0,mm,114264.87,108.37,108.38,108.3750,0.00,0.27,0.40,mixed,-1.31,normal,3.94,0,mm,20061.13,21.09,21.13,21.1100,0.00,0.11,0.43,mixed,1.54,normal,4.36,0,mm,1297.93
