t,case_tick,sec_left,pnl,nlv,gross,net,CNR_bid,CNR_ask,CNR_fair,CNR_gap,CNR_vol,CNR_er,CNR_regime,CNR_bbz,CNR_vstate,CNR_tslow,CNR_pos,CNR_mode,CNR_pnl,RY_bid,RY_ask,RY_fair,RY_gap,RY_vol,RY_er,RY_regime,RY_bbz,RY_vstate,RY_tslow,RY_pos,RY_mode,RY_pnl,AC_bid,AC_ask,AC_fair,AC_gap,AC_vol,AC_er,AC_regime,AC_bbz,AC_vstate,AC_tslow,AC_pos,AC_mode,AC_pnl
9.539,0,600.0,0.00,0.00,0,0,0.0,0.0,0.0000,0.00,1.00,0.00,warmup,0.00,normal,0.00,0,mm,0.00,0.0,0.0,0.0000,0.00,1.00,0.00,warmup,0.00,normal,0.00,0,mm,0.00,0.0,0.0,0.0000,0.00,1.00,0.00,warmup,0.00,normal,0.00,0,mm,0.00
9.557,0,600.0,0.00,0.00,0,0,0.0,0.0,0.0000,0.00,1.00,0.00,warmup,0.00,normal,0.00,0,mm,0.00,0.0,0.0,0.0000,0.00,1.00,0.00,warmup,0.00,normal,0.00,0,mm,0.00,0.0,0.0,0.0000,0.00,1.00,0.00,warmup,0.00,normal,0.00,0,mm,0.00
9.746,0,600.0,0.00,0.00,0,0,176.87,177.02,176.9450,0.00,1.00,0.00,warmup,0.00,normal,0.00,0,mm,0.00,102.99,103.0,102.9950,0.00,1.00,0.00,warmup,0.00,normal,0.00,0,mm,0.00,27.98,28.02,28.0000,0.00,1.00,0.00,warmup,0.00,normal,0.00,0,mm,0.00
9.891,0,600.0,0.00,0.00,0,0,176.9,177.01,176.9455,0.12,1.00,0.00,warmup,0.00,normal,0.00,0,mm,0.00,102.99,103.0,102.9950,0.00,1.00,0.00,warmup,0.00,normal,0.00,0,mm,0.00,27.99,28.01,28.0000,0.00,1.00,0.00,warmup,0.00,normal,0.00,0,mm,0.00
9.916,0,600.0,0.00,0.00,0,0,176.9,177.01,176.9456,0.14,1.00,0.00,warmup,0.00,normal,0.00,0,mm,0.00,102.99,103.0,102.9950,0.00,1.00,0.00,warmup,0.00,normal,0.00,0,mm,0.00,27.99,28.01,28.0000,0.00,1.00,0.00,warmup,0.00,normal,0.00,0,mm,0.00
9.945,0,600.0,0.00,0.00,0,0,176.9,177.01,176.9456,0.16,1.00,0.00,warmup,0.00,normal,0.00,0,mm,0.00,102.99,103.0,102.9950,0.00,1.00,0.00,warmup,0.00,normal,0.00,0,mm,0.00,27.99,28.01,28.0000,0.00,1.00,0.00,warmup,0.00,normal,0.00,0,mm,0.00
9.968,0,600.0,0.00,0.00,0,0,176.9,177.01,176.9457,0.17,1.00,0.00,warmup,0.00,normal,0.00,0,mm,0.00,102.99,103.0,102.9950,0.00,1.00,0.00,warmup,0.00,normal,0.00,0,mm,0.00,27.99,28.01,28.0000,0.00,1.00,0.00,warmup,0.00,normal,0.00,0,mm,0.00
10.115,0,600.0,0.00,0.00,0,0,176.92,176.99,176.9462,0.26,1.00,0.00,warmup,0.00,normal,0.00,0,mm,0.00,102.99,103.0,102.9950,0.00,1.00,0.00,warmup,0.00,normal,0.00,0,mm,0.00,28.0,28.01,28.0002,0.06,1.00,0.00,warmup,0.00,normal,0.00,0,mm,0.00
10.178,0,600.0,0.00,0.00,0,0,176.92,176.99,176.9463,0.30,1.00,0.00,warmup,0.00,normal,0.00,0,mm,0.00,102.99,103.0,102.9950,0.00,1.00,0.00,warmup,0.00,normal,0.00,0,mm,0.00,28.0,28.01,28.0003,0.08,1.00,0.00,warmup,0.00,normal,0.00,0,mm,0.00
10.195,0,600.0,0.00,0.00,0,0,176.92,176.99,176.9464,0.31,1.00,0.00,warmup,0.00,normal,0.00,0,mm,0.00,102.99,103.0,102.9950,0.00,1.00,0.00,warmup,0.00,normal,0.00,0,mm,0.00,28.0,28.01,28.0004,0.09,1.00,0.00,warmup,0.00,normal,0.00,0,mm,0.00
10.236,0,600.0,0.00,0.00,0,0,176.92,176.99,176.9465,0.33,1.00,0.00,warmup,0.00,normal,0.00,0,mm,0.00,102.99,103.0,102.9950,0.00,1.00,0.00,warmup,0.00,normal,0.00,0,mm,0.00,28.0,28.01,28.0004,0.10,1.00,0.00,warmup,0.00,normal,0.00,0,mm,0.00
10.355,0,600.0,0.00,0.00,8100,4100,176.93,176.97,176.9466,0.33,0.94,0.00,warmup,0.00,normal,0.00,-2000,mm,4.60,102.97,103.0,102.9946,-0.10,0.99,0.00,warmup,0.00,normal,0.00,5000,mm,-110.00,28.0,28.01,28.0006,0.14,0.95,0.00,warmup,0.00,normal,0.00,1100,mm,1.21
10.413,0,600.0,0.00,0.00,8100,4100,176.93,176.97,176.9467,0.34,0.94,0.00,warmup,0.00,normal,0.00,-2000,mm,4.60,102.97,103.0,102.9944,-0.14,0.99,0.00,warmup,0.00,normal,0.00,5000,mm,-110.00,28.0,28.01,28.0007,0.15,0.95,0.00,warmup,0.00,normal,0.00,1100,mm,1.21
10.434,0,600.0,0.00,0.00,8100,4100,176.93,176.97,176.9467,0.34,0.94,0.00,warmup,0.00,normal,0.00,-2000,mm,4.60,102.97,103.0,102.9944,-0.15,0.99,0.00,warmup,0.00,normal,0.00,5000,mm,-110.00,28.0,28.01,28.0007,0.16,0.95,0.00,warmup,0.00,normal,0.00,1100,mm,1.21
10.461,0,600.0,0.00,0.00,8100,4100,176.93,176.97,176.9468,0.34,0.94,0.00,warmup,0.00,normal,0.00,-2000,mm,4.60,102.97,103.0,102.9943,-0.17,0.99,0.00,warmup,0.00,normal,0.00,5000,mm,-110.00,28.0,28.01,28.0008,0.16,0.95,0.00,warmup,0.00,normal,0.00,1100,mm,1.21
10.543,0,600.0,0.00,0.00,9000,5000,176.94,176.96,176.9468,0.34,0.94,0.00,warmup,0.00,normal,0.00,-2000,mm,4.60,102.93,102.95,102.9928,-0.54,0.99,0.00,warmup,0.00,normal,0.00,5000,mm,-110.00,28.0,28.01,28.0009,0.18,0.95,0.00,warmup,0.00,normal,0.00,2000,mm,2.20
10.572,0,600.0,0.00,0.00,9000,5000,176.94,176.96,176.9469,0.34,0.94,0.00,warmup,0.00,normal,0.00,-2000,mm,4.60,102.93,102.95,102.9923,-0.65,0.99,0.00,warmup,0.00,normal,0.00,5000,mm,-110.00,28.0,28.01,28.0009,0.19,0.95,0.00,warmup,0.00,normal,0.00,2000,mm,2.20
10.591,0,600.0,0.00,0.00,9000,5000,176.94,176.96,176.9469,0.34,0.94,0.00,warmup,0.00,normal,0.00,-2000,mm,4.60,102.93,102.95,102.9920,-0.73,0.99,0.00,warmup,0.00,normal,0.00,5000,mm,-110.00,28.0,28.01,28.0009,0.19,0.95,0.00,warmup,0.00,normal,0.00,2000,mm,2.20
10.619,0,600.0,0.00,0.00,9000,5000,176.94,176.96,176.9469,0.34,0.94,0.00,warmup,0.00,normal,0.00,-2000,mm,4.60,102.93,102.95,102.9915,-0.84,0.99,0.00,warmup,0.00,normal,0.00,5000,mm,-110.00,28.0,28.01,28.0010,0.20,0.95,0.00,warmup,0.00,normal,0.00,2000,mm,2.20
10.637,0,600.0,0.00,0.00,9000,5000,176.94,176.96,176.9469,0.34,0.94,0.00,warmup,0.00,normal,0.00,-2000,mm,4.60,102.93,102.95,102.9912,-0.91,0.99,0.00,warmup,0.00,normal,0.00,5000,mm,-110.00,28.0,28.01,28.0010,0.20,0.95,0.00,warmup,0.00,normal,0.00,2000,mm,2.20
10.674,0,600.0,0.00,0.00,9000,5000,176.94,176.96,176.9470,0.34,0.94,0.00,warmup,0.00,normal,0.00,-2000,mm,4.60,102.93,102.95,102.9906,-1.05,0.99,0.00,warmup,0.00,normal,0.00,5000,mm,-110.00,28.0,28.01,28.0010,0.21,0.95,0.00,warmup,0.00,normal,0.00,2000,mm,2.20
10.753,0,600.0,0.00,0.00,12000,8000,176.95,176.96,176.9472,0.38,0.94,0.00,warmup,0.00,normal,0.00,-2000,mm,44.60,102.93,102.95,102.9892,-1.32,0.99,0.00,warmup,0.00,normal,0.00,5000,mm,-310.00,28.0,28.01,28.0012,0.23,0.95,0.00,warmup,0.00,normal,0.00,5000,mm,5.50
10.805,0,600.0,0.00,0.00,12000,8000,176.95,176.98,176.9475,0.44,0.94,0.00,warmup,0.00,normal,0.00,-2000,mm,44.60,102.93,103.03,102.9891,-1.31,0.99,0.00,warmup,0.00,normal,0.00,5000,mm,-310.00,28.0,28.01,28.0012,0.23,0.95,0.00,warmup,0.00,normal,0.00,5000,mm,5.50
10.830,0,600.0,0.00,0.00,12000,8000,176.95,176.98,176.9476,0.47,0.94,0.00,warmup,0.00,normal,0.00,-2000,mm,44.60,102.93,103.03,102.9890,-1.30,0.99,0.00,warmup,0.00,normal,0.00,5000,mm,-310.00,28.0,28.01,28.0012,0.24,0.95,0.00,warmup,0.00,normal,0.00,5000,mm,5.50
10.874,0,600.0,0.00,0.00,12000,8000,176.95,176.98,176.9479,0.52,0.98,0.00,warmup,0.00,normal,0.00,-2000,mm,44.60,102.93,103.03,102.9889,-1.30,0.93,0.00,warmup,0.00,normal,0.00,5000,mm,-310.00,28.0,28.01,28.0013,0.24,0.86,0.00,warmup,0.00,normal,0.00,5000,mm,5.50
10.894,0,600.0,0.00,0.00,12000,8000,176.95,176.98,176.9480,0.55,0.98,0.00,warmup,0.00,normal,0.00,-2000,mm,44.60,102.93,103.03,102.9888,-1.29,0.93,0.00,warmup,0.00,normal,0.00,5000,mm,-310.00,28.0,28.01,28.0013,0.25,0.86,0.00,warmup,0.00,normal,0.00,5000,mm,5.50
10.912,1,598.0,-259.90,-259.90,12000,8000,176.95,176.98,176.9481,0.57,0.98,0.00,warmup,0.00,normal,0.00,-2000,mm,44.60,102.93,103.03,102.9888,-1.29,0.93,0.00,warmup,0.00,normal,0.00,5000,mm,-310.00,28.0,28.01,28.0014,0.25,0.86,0.00,warmup,0.00,normal,0.00,5000,mm,5.50
10.933,1,598.0,-259.90,-259.90,12000,8000,176.95,176.98,176.9482,0.59,0.98,0.00,warmup,0.00,normal,0.00,-2000,mm,44.60,102.93,103.03,102.9887,-1.28,0.93,0.00,warmup,0.00,normal,0.00,5000,mm,-310.00,28.0,28.01,28.0014,0.25,0.86,0.00,warmup,0.00,normal,0.00,5000,mm,5.50
10.962,1,598.0,-259.90,-259.90,12000,8000,176.95,176.98,176.9484,0.62,0.98,0.00,warmup,0.00,normal,0.00,-2000,mm,44.60,102.93,103.03,102.9886,-1.28,0.93,0.00,warmup,0.00,normal,0.00,5000,mm,-310.00,28.0,28.01,28.0014,0.26,0.86,0.00,warmup,0.00,normal,0.00,5000,mm,5.50
10.987,1,598.0,-259.90,-259.90,12000,8000,176.95,176.98,176.9485,0.64,0.98,0.00,warmup,0.00,normal,0.00,-2000,mm,44.60,102.93,103.03,102.9885,-1.27,0.93,0.00,warmup,0.00,normal,0.00,5000,mm,-310.00,28.0,28.01,28.0014,0.26,0.86,0.00,warmup,0.00,normal,0.00,5000,mm,5.50
11.075,1,598.0,-259.90,-259.90,5800,1800,176.96,176.97,176.9490,0.72,0.98,0.00,warmup,0.00,normal,0.00,-2000,mm,44.60,102.96,102.98,102.9880,-1.33,0.93,0.00,warmup,0.00,normal,0.00,0,mm,-303.00,28.0,28.01,28.0015,0.27,0.86,0.00,warmup,0.00,normal,0.00,3800,mm,18.82
11.108,1,598.0,-259.90,-259.90,5800,1800,176.96,176.97,176.9492,0.75,0.98,0.00,warmup,0.00,normal,0.00,-2000,mm,44.60,102.96,102.98,102.9878,-1.35,0.93,0.00,warmup,0.00,normal,0.00,0,mm,-303.00,28.0,28.01,28.0016,0.27,0.86,0.00,warmup,0.00,normal,0.00,3800,mm,18.82
11.135,1,598.0,-259.90,-259.90,5800,1800,176.96,176.97,176.9493,0.77,0.98,0.00,warmup,0.00,normal,0.00,-2000,mm,44.60,102.96,102.98,102.9877,-1.37,0.93,0.00,warmup,0.00,normal,0.00,0,mm,-303.00,28.0,28.01,28.0016,0.28,0.86,0.00,warmup,0.00,normal,0.00,3800,mm,18.82
11.160,1,598.0,-259.90,-259.90,5800,1800,176.96,176.97,176.9494,0.80,0.98,0.00,warmup,0.00,normal,0.00,-2000,mm,44.60,102.96,102.98,102.9875,-1.38,0.93,0.00,warmup,0.00,normal,0.00,0,mm,-303.00,28.0,28.01,28.0016,0.28,0.86,0.00,warmup,0.00,normal,0.00,3800,mm,18.82
11.171,1,598.0,-259.90,-259.90,5800,1800,176.96,176.97,176.9495,0.80,0.98,0.00,warmup,0.00,normal,0.00,-2000,mm,44.60,102.96,102.98,102.9875,-1.38,0.93,0.00,warmup,0.00,normal,0.00,0,mm,-303.00,28.0,28.01,28.0017,0.28,0.86,0.00,warmup,0.00,normal,0.00,3800,mm,18.82
11.198,1,598.0,-259.90,-259.90,5800,1800,176.96,176.97,176.9496,0.82,0.98,0.00,warmup,0.00,normal,0.00,-2000,mm,44.60,102.96,102.98,102.9873,-1.40,0.93,0.00,warmup,0.00,normal,0.00,0,mm,-303.00,28.0,28.01,28.0017,0.28,0.86,0.00,warmup,0.00,normal,0.00,3800,mm,18.82
11.222,1,598.0,-259.90,-259.90,5800,1800,176.96,176.97,176.9498,0.84,0.98,0.00,warmup,0.00,normal,0.00,-2000,mm,44.60,102.96,102.98,102.9871,-1.41,0.93,0.00,warmup,0.00,normal,0.00,0,mm,-303.00,28.0,28.01,28.0017,0.28,0.86,0.00,warmup,0.00,normal,0.00,3800,mm,18.82
11.277,1,598.0,-259.90,-259.90,5800,1800,176.96,176.98,176.9501,0.90,0.98,0.00,warmup,0.00,normal,0.00,-2000,mm,44.60,102.97,102.98,102.9869,-1.41,0.93,0.00,warmup,0.00,normal,0.00,0,mm,-303.00,28.0,28.01,28.0018,0.29,0.86,0.00,warmup,0.00,normal,0.00,3800,mm,18.82
11.322,1,598.0,-259.90,-259.90,5800,1800,176.96,176.98,176.9504,0.95,0.98,0.00,warmup,0.00,normal,0.00,-2000,mm,44.60,102.97,102.98,102.9868,-1.42,0.93,0.00,warmup,0.00,normal,0.00,0,mm,-303.00,28.0,28.01,28.0018,0.29,0.86,0.00,warmup,0.00,normal,0.00,3800,mm,18.82
11.360,1,598.0,-259.90,-259.90,5800,1800,176.96,176.98,176.9507,0.99,0.98,0.00,warmup,0.00,normal,0.00,-2000,mm,44.60,102.97,102.98,102.9866,-1.42,0.93,0.00,warmup,0.00,normal,0.00,0,mm,-303.00,28.0,28.01,28.0019,0.30,0.86,0.00,warmup,0.00,normal,0.00,3800,mm,18.82
11.388,1,598.0,-259.90,-259.90,5800,1800,176.96,176.98,176.9509,1.02,0.91,0.00,warmup,0.00,normal,0.00,-2000,mm,44.60,102.97,102.98,102.9865,-1.42,0.87,0.00,warmup,0.00,normal,0.00,0,mm,-303.00,28.0,28.01,28.0019,0.30,0.77,0.00,warmup,0.00,normal,0.00,3800,mm,18.82
11.400,1,598.0,-259.90,-259.90,5800,1800,176.96,176.98,176.9509,1.03,0.91,0.00,warmup,0.00,normal,0.00,-2000,mm,44.60,102.97,102.98,102.9864,-1.42,0.87,0.00,warmup,0.00,normal,0.00,0,mm,-303.00,28.0,28.01,28.0019,0.30,0.77,0.00,warmup,0.00,normal,0.00,3800,mm,18.82
11.427,1,598.0,-259.90,-259.90,5800,1800,176.96,176.98,176.9511,1.05,0.91,0.00,warmup,0.00,normal,0.00,-2000,mm,44.60,102.97,102.98,102.9863,-1.42,0.87,0.00,warmup,0.00,normal,0.00,0,mm,-303.00,28.0,28.01,28.0019,0.30,0.77,0.00,warmup,0.00,normal,0.00,3800,mm,18.82
11.451,1,598.0,-259.90,-259.90,5800,1800,176.96,176.98,176.9512,1.07,0.91,0.00,warmup,0.00,normal,0.00,-2000,mm,44.60,102.97,102.98,102.9863,-1.42,0.87,0.00,warmup,0.00,normal,0.00,0,mm,-303.00,28.0,28.01,28.0019,0.30,0.77,0.00,warmup,0.00,normal,0.00,3800,mm,18.82
11.476,1,598.0,-259.90,-259.90,5800,1800,176.96,176.98,176.9514,1.10,0.91,0.00,warmup,0.00,normal,0.00,-2000,mm,44.60,102.97,102.98,102.9862,-1.42,0.87,0.00,warmup,0.00,normal,0.00,0,mm,-303.00,28.0,28.01,28.0020,0.30,0.77,0.00,warmup,0.00,normal,0.00,3800,mm,18.82
11.531,1,598.0,-259.90,-259.90,4700,700,176.96,176.97,176.9517,1.12,0.91,0.00,warmup,0.00,normal,0.00,-2000,mm,44.60,102.96,102.98,102.9859,-1.44,0.87,0.00,warmup,0.00,normal,0.00,0,mm,-303.00,28.0,28.01,28.0020,0.31,0.77,0.00,warmup,0.00,normal,0.00,2700,mm,31.03
11.572,1,598.0,-259.90,-259.90,4700,700,176.96,176.97,176.9518,1.13,0.91,0.00,warmup,0.00,normal,0.00,-2000,mm,44.60,102.96,102.98,102.9857,-1.46,0.87,0.00,warmup,0.00,normal,0.00,0,mm,-303.00,28.0,28.01,28.0021,0.31,0.77,0.00,warmup,0.00,normal,0.00,2700,mm,31.03
11.605,1,598.0,-259.90,-259.90,4700,700,176.96,176.97,176.9520,1.15,0.91,0.00,warmup,0.00,normal,0.00,-2000,mm,44.60,102.96,102.98,102.9855,-1.47,0.87,0.00,warmup,0.00,normal,0.00,0,mm,-303.00,28.0,28.01,28.0021,0.31,0.77,0.00,warmup,0.00,normal,0.00,2700,mm,31.03
11.623,1,598.0,-259.90,-259.90,4700,700,176.96,176.97,176.9521,1.15,0.91,0.00,warmup,0.00,normal,0.00,-2000,mm,44.60,102.96,102.98,102.9854,-1.48,0.87,0.00,warmup,0.00,normal,0.00,0,mm,-303.00,28.0,28.01,28.0021,0.31,0.77,0.00,warmup,0.00,normal,0.00,2700,mm,31.03
11.642,1,598.0,-259.90,-259.90,4700,700,176.96,176.97,176.9521,1.16,0.91,0.00,warmup,0.00,normal,0.00,-2000,mm,44.60,102.96,102.98,102.9853,-1.48,0.87,0.00,warmup,0.00,normal,0.00,0,mm,-303.00,28.0,28.01,28.0021,0.31,0.77,0.00,warmup,0.00,normal,0.00,2700,mm,31.03
11.669,1,598.0,-259.90,-259.90,4700,700,176.96,176.97,176.9523,1.17,0.91,0.00,warmup,0.00,normal,0.00,-2000,mm,44.60,102.96,102.98,102.9852,-1.49,0.87,0.00,warmup,0.00,normal,0.00,0,mm,-303.00,28.0,28.01,28.0022,0.31,0.77,0.00,warmup,0.00,normal,0.00,2700,mm,31.03
11.691,1,598.0,-259.90,-259.90,4700,700,176.96,176.97,176.9524,1.17,0.91,0.00,warmup,0.00,normal,0.00,-2000,mm,44.60,102.96,102.98,102.9850,-1.50,0.87,0.00,warmup,0.00,normal,0.00,0,mm,-303.00,28.0,28.01,28.0022,0.31,0.77,0.00,warmup,0.00,normal,0.00,2700,mm,31.03
11.718,1,598.0,-259.90,-259.90,4700,700,176.96,176.97,176.9525,1.18,0.91,0.00,warmup,0.00,normal,0.00,-2000,mm,44.60,102.96,102.98,102.9849,-1.51,0.87,0.00,warmup,0.00,normal,0.00,0,mm,-303.00,28.0,28.01,28.0022,0.31,0.77,0.00,warmup,0.00,normal,0.00,2700,mm,31.03
11.768,1,598.0,-259.90,-259.90,4700,700,176.96,176.97,176.9527,1.20,0.91,0.00,warmup,0.00,normal,0.00,-2000,mm,44.60,102.96,102.98,102.9847,-1.52,0.87,0.00,warmup,0.00,normal,0.00,0,mm,-303.00,28.0,28.01,28.0023,0.32,0.77,0.00,warmup,0.00,normal,0.00,2700,mm,31.03
11.796,1,598.0,-259.90,-259.90,4900,-2700,176.96,176.97,176.9528,1.20,0.91,0.00,warmup,0.00,normal,0.00,-2000,mm,44.60,102.97,102.98,102.9846,-1.52,0.87,0.00,warmup,0.00,normal,0.00,-1800,mm,-396.60,28.0,28.01,28.0023,0.32,0.77,0.00,warmup,0.00,normal,0.00,1100,mm,48.79
11.859,1,598.0,-259.90,-259.90,4900,-2700,176.96,176.97,176.9530,1.22,0.91,0.00,warmup,0.00,normal,0.00,-2000,mm,44.60,102.97,102.98,102.9844,-1.51,0.87,0.00,warmup,0.00,normal,0.00,-1800,mm,-396.60,28.0,28.01,28.0023,0.32,0.77,0.00,warmup,0.00,normal,0.00,1100,mm,48.79
11.883,1,598.0,-259.90,-259.90,4900,-2700,176.96,176.97,176.9531,1.22,0.91,0.00,warmup,0.00,normal,0.00,-2000,mm,44.60,102.97,102.98,102.9843,-1.50,0.87,0.00,warmup,0.00,normal,0.00,-1800,mm,-396.60,28.0,28.01,28.0024,0.32,0.77,0.00,warmup,0.00,normal,0.00,1100,mm,48.79
11.909,1,598.0,-259.90,-259.90,4900,-2700,176.96,176.97,176.9532,1.23,0.88,0.00,warmup,0.00,normal,0.00,-2000,mm,44.60,102.97,102.98,102.9842,-1.50,0.80,0.00,warmup,0.00,normal,0.00,-1800,mm,-396.60,28.0,28.01,28.0024,0.32,0.70,0.00,warmup,0.00,normal,0.00,1100,mm,48.79
11.938,1,598.0,-259.90,-259.90,4900,-2700,176.96,176.97,176.9533,1.23,0.88,0.00,warmup,0.00,normal,0.00,-2000,mm,44.60,102.97,102.98,102.9841,-1.49,0.80,0.00,warmup,0.00,normal,0.00,-1800,mm,-396.60,28.0,28.01,28.0024,0.32,0.70,0.00,warmup,0.00,normal,0.00,1100,mm,48.79
11.964,1,598.0,-259.90,-259.90,4900,-2700,176.96,176.97,176.9534,1.24,0.88,0.00,warmup,0.00,normal,0.00,-2000,mm,44.60,102.97,102.98,102.9841,-1.49,0.80,0.00,warmup,0.00,normal,0.00,-1800,mm,-396.60,28.0,28.01,28.0024,0.32,0.70,0.00,warmup,0.00,normal,0.00,1100,mm,48.79
12.044,1,598.0,-259.90,-259.90,4900,-2700,176.96,176.97,176.9538,1.25,0.88,0.00,warmup,0.00,normal,0.00,-2000,mm,44.60,102.94,102.98,102.9834,-1.58,0.80,0.00,warmup,0.00,normal,0.00,-1800,mm,-396.60,28.0,28.01,28.0025,0.32,0.70,0.00,warmup,0.00,normal,0.00,1100,mm,48.79
12.105,1,598.0,-259.90,-259.90,8200,-6000,176.96,176.97,176.9540,1.26,0.88,0.00,warmup,0.00,normal,0.00,-2000,mm,44.60,102.94,102.98,102.9830,-1.63,0.80,0.00,warmup,0.00,normal,0.00,-5100,mm,-313.20,28.0,28.01,28.0025,0.32,0.70,0.00,warmup,0.00,normal,0.00,1100,mm,48.79
12.136,1,598.0,-259.90,-259.90,8200,-6000,176.96,176.97,176.9541,1.27,0.88,0.00,warmup,0.00,normal,0.00,-2000,mm,44.60,102.94,102.98,102.9827,-1.66,0.80,0.00,warmup,0.00,normal,0.00,-5100,mm,-313.20,28.0,28.01,28.0026,0.32,0.70,0.00,warmup,0.00,normal,0.00,1100,mm,48.79
12.163,1,598.0,-259.90,-259.90,8200,-6000,176.96,176.97,176.9542,1.27,0.88,0.00,warmup,0.00,normal,0.00,-2000,mm,44.60,102.94,102.98,102.9825,-1.69,0.80,0.00,warmup,0.00,normal,0.00,-5100,mm,-313.20,28.0,28.01,28.0026,0.32,0.70,0.00,warmup,0.00,normal,0.00,1100,mm,48.79
12.184,1,598.0,-259.90,-259.90,8200,-6000,176.96,176.97,176.9543,1.27,0.88,0.00,warmup,0.00,normal,0.00,-2000,mm,44.60,102.94,102.98,102.9824,-1.71,0.80,0.00,warmup,0.00,normal,0.00,-5100,mm,-313.20,28.0,28.01,28.0026,0.32,0.70,0.00,warmup,0.00,normal,0.00,1100,mm,48.79
12.210,1,598.0,-259.90,-259.90,8200,-6000,176.96,176.97,176.9544,1.27,0.88,0.00,warmup,0.00,normal,0.00,-2000,mm,44.60,102.94,102.98,102.9822,-1.73,0.80,0.00,warmup,0.00,normal,0.00,-5100,mm,-313.20,28.0,28.01,28.0026,0.32,0.70,0.00,warmup,0.00,normal,0.00,1100,mm,48.79
12.238,1,598.0,-259.90,-259.90,8200,-6000,176.96,176.97,176.9545,1.28,0.88,0.00,warmup,0.00,normal,0.00,-2000,mm,44.60,102.94,102.98,102.9820,-1.75,0.80,0.00,warmup,0.00,normal,0.00,-5100,mm,-313.20,28.0,28.01,28.0027,0.32,0.70,0.00,warmup,0.00,normal,0.00,1100,mm,48.79
12.300,1,598.0,-259.90,-259.90,6700,-4500,176.96,176.97,176.9547,1.28,0.88,0.00,warmup,0.00,normal,0.00,-2000,mm,44.60,102.97,102.98,102.9818,-1.72,0.80,0.00,warmup,0.00,normal,0.00,-3600,mm,-337.38,28.0,28.01,28.0027,0.33,0.70,0.00,warmup,0.00,normal,0.00,1100,mm,48.79
12.368,1,598.0,-259.90,-259.90,6700,-4500,176.96,176.97,176.9549,1.29,0.88,0.00,warmup,0.00,normal,0.00,-2000,mm,44.60,102.97,102.98,102.9817,-1.69,0.80,0.00,warmup,0.00,normal,0.00,-3600,mm,-337.38,28.0,28.01,28.0028,0.33,0.70,0.00,warmup,0.00,normal,0.00,1100,mm,48.79
12.392,1,598.0,-259.90,-259.90,6700,-4500,176.96,176.97,176.9550,1.29,0.88,0.00,warmup,0.00,normal,0.00,-2000,mm,44.60,102.97,102.98,102.9816,-1.67,0.80,0.00,warmup,0.00,normal,0.00,-3600,mm,-337.38,28.0,28.01,28.0028,0.33,0.70,0.00,warmup,0.00,normal,0.00,1100,mm,48.79
12.404,1,598.0,-259.90,-259.90,6700,-4500,176.96,176.97,176.9550,1.29,0.88,0.00,warmup,0.00,normal,0.00,-2000,mm,44.60,102.97,102.98,102.9816,-1.67,0.80,0.00,warmup,0.00,normal,0.00,-3600,mm,-337.38,28.0,28.01,28.0028,0.32,0.70,0.00,warmup,0.00,normal,0.00,1100,mm,48.79
12.432,1,598.0,-259.90,-259.90,6700,-4500,176.96,176.97,176.9551,1.29,0.81,0.00,warmup,0.00,normal,0.00,-2000,mm,44.60,102.97,102.98,102.9815,-1.66,0.73,0.00,warmup,0.00,normal,0.00,-3600,mm,-337.38,28.0,28.01,28.0028,0.32,0.63,0.00,warmup,0.00,normal,0.00,1100,mm,48.79
12.457,1,598.0,-259.90,-259.90,6700,-4500,176.96,176.97,176.9552,1.29,0.81,0.00,warmup,0.00,normal,0.00,-2000,mm,44.60,102.97,102.98,102.9815,-1.65,0.73,0.00,warmup,0.00,normal,0.00,-3600,mm,-337.38,28.0,28.01,28.0028,0.32,0.63,0.00,warmup,0.00,normal,0.00,1100,mm,48.79
12.491,1,598.0,-259.90,-259.90,6700,-4500,176.96,176.97,176.9553,1.29,0.81,0.00,warmup,0.00,normal,0.00,-2000,mm,44.60,102.97,102.98,102.9814,-1.63,0.73,0.00,warmup,0.00,normal,0.00,-3600,mm,-337.38,28.0,28.01,28.0028,0.32,0.63,0.00,warmup,0.00,normal,0.00,1100,mm,48.79
12.593,1,598.0,-259.90,-259.90,9000,-2200,176.96,176.97,176.9556,1.30,0.81,0.00,warmup,0.00,normal,0.00,-2000,mm,44.60,102.96,102.99,102.9812,-1.59,0.73,0.00,warmup,0.00,normal,0.00,-3600,mm,-337.38,28.0,28.01,28.0029,0.32,0.63,0.00,warmup,0.00,normal,0.00,3400,mm,51.32
12.634,1,598.0,-259.90,-259.90,9000,-2200,176.96,176.97,176.9558,1.30,0.81,0.00,warmup,0.00,normal,0.00,-2000,mm,44.60,102.96,102.99,102.9811,-1.57,0.73,0.00,warmup,0.00,normal,0.00,-3600,mm,-337.38,28.0,28.01,28.0029,0.32,0.63,0.00,warmup,0.00,normal,0.00,3400,mm,51.32
12.691,1,598.0,-259.90,-259.90,9400,-2600,176.96,176.97,176.9559,1.30,0.81,0.00,warmup,0.00,normal,0.00,-2000,mm,24.60,102.97,103.0,102.9812,-1.50,0.73,0.00,warmup,0.00,normal,0.00,-4000,mm,-374.18,28.0,28.01,28.0030,0.32,0.63,0.00,warmup,0.00,normal,0.00,3400,mm,51.32
12.827,1,598.0,-259.90,-259.90,9400,-2600,176.96,176.97,176.9563,1.30,0.81,0.00,warmup,0.00,normal,0.00,-2000,mm,24.60,102.98,102.99,102.9813,-1.35,0.73,0.00,warmup,0.00,normal,0.00,-4000,mm,-374.18,28.0,28.01,28.0031,0.32,0.63,0.00,warmup,0.00,normal,0.00,3400,mm,51.32
12.887,1,598.0,-259.90,-259.90,9400,-2600,176.96,176.97,176.9565,1.29,0.81,0.00,warmup,0.00,normal,0.00,-2000,mm,24.60,102.98,102.99,102.9814,-1.28,0.73,0.00,warmup,0.00,normal,0.00,-4000,mm,-374.18,28.0,28.01,28.0031,0.32,0.63,0.00,warmup,0.00,normal,0.00,3400,mm,51.32
12.908,1,598.0,-259.90,-259.90,9400,-2600,176.96,176.97,176.9566,1.29,0.81,0.00,warmup,0.00,normal,0.00,-2000,mm,24.60,102.98,102.99,102.9814,-1.26,0.73,0.00,warmup,0.00,normal,0.00,-4000,mm,-374.18,28.0,28.01,28.0031,0.32,0.63,0.00,warmup,0.00,normal,0.00,3400,mm,51.32
12.925,1,598.0,-259.90,-259.90,9400,-2600,176.96,176.97,176.9566,1.29,0.81,0.00,warmup,0.00,normal,0.00,-2000,mm,24.60,102.98,102.99,102.9815,-1.25,0.73,0.00,warmup,0.00,normal,0.00,-4000,mm,-374.18,28.0,28.01,28.0031,0.32,0.63,0.00,warmup,0.00,normal,0.00,3400,mm,51.32
12.949,1,598.0,-259.90,-259.90,9400,-2600,176.96,176.97,176.9567,1.29,0.74,0.00,warmup,0.00,normal,0.00,-2000,mm,24.60,102.98,102.99,102.9815,-1.22,0.76,0.00,warmup,0.00,normal,0.00,-4000,mm,-374.18,28.0,28.01,28.0031,0.32,0.57,0.00,warmup,0.00,normal,0.00,3400,mm,51.32
12.980,2,596.0,-298.26,-298.26,9400,-2600,176.96,176.97,176.9568,1.29,0.74,0.00,warmup,0.00,normal,0.00,-2000,mm,24.60,102.98,102.99,102.9815,-1.20,0.76,0.00,warmup,0.00,normal,0.00,-4000,mm,-374.18,28.0,28.01,28.0032,0.32,0.57,0.00,warmup,0.00,normal,0.00,3400,mm,51.32
13.002,2,596.0,-298.26,-298.26,9400,-2600,176.96,176.97,176.9568,1.29,0.74,0.00,warmup,0.00,normal,0.00,-2000,mm,24.60,102.98,102.99,102.9815,-1.18,0.76,0.00,warmup,0.00,normal,0.00,-4000,mm,-374.18,28.0,28.01,28.0032,0.32,0.57,0.00,warmup,0.00,normal,0.00,3400,mm,51.32
13.045,2,596.0,-298.26,-298.26,9400,-2600,176.96,176.97,176.9569,1.29,0.74,0.00,warmup,0.00,normal,0.00,-2000,mm,24.60,102.98,103.03,102.9819,-1.06,0.76,0.00,warmup,0.00,normal,0.00,-4000,mm,-334.18,28.0,28.01,28.0032,0.32,0.57,0.00,warmup,0.00,normal,0.00,3400,mm,51.32
13.103,2,596.0,-298.26,-298.26,9400,-2600,176.96,176.97,176.9571,1.29,0.74,0.00,warmup,0.00,normal,0.00,-2000,mm,24.60,102.98,103.03,102.9823,-0.92,0.76,0.00,warmup,0.00,normal,0.00,-4000,mm,-334.18,28.0,28.01,28.0032,0.32,0.57,0.00,warmup,0.00,normal,0.00,3400,mm,51.32
13.128,2,596.0,-298.26,-298.26,9400,-2600,176.96,176.97,176.9572,1.28,0.74,0.00,warmup,0.00,normal,0.00,-2000,mm,24.60,102.98,103.03,102.9825,-0.86,0.76,0.00,warmup,0.00,normal,0.00,-4000,mm,-334.18,28.0,28.01,28.0033,0.32,0.57,0.00,warmup,0.00,normal,0.00,3400,mm,51.32
13.163,2,596.0,-298.26,-298.26,9400,-2600,176.96,176.97,176.9573,1.28,0.74,0.00,warmup,0.00,normal,0.00,-2000,mm,24.60,102.98,103.03,102.9828,-0.78,0.76,0.00,warmup,0.00,normal,0.00,-4000,mm,-334.18,28.0,28.01,28.0033,0.31,0.57,0.00,warmup,0.00,normal,0.00,3400,mm,51.32
13.179,2,596.0,-298.26,-298.26,9400,-2600,176.96,176.97,176.9573,1.28,0.74,0.00,warmup,0.00,normal,0.00,-2000,mm,24.60,102.98,103.03,102.9829,-0.75,0.76,0.00,warmup,0.00,normal,0.00,-4000,mm,-334.18,28.0,28.01,28.0033,0.31,0.57,0.00,warmup,0.00,normal,0.00,3400,mm,51.32
13.209,2,596.0,-298.26,-298.26,9400,-2600,176.96,176.97,176.9574,1.28,0.74,0.00,warmup,0.00,normal,0.00,-2000,mm,24.60,102.98,103.03,102.9831,-0.69,0.76,0.00,warmup,0.00,normal,0.00,-4000,mm,-334.18,28.0,28.01,28.0033,0.31,0.57,0.00,warmup,0.00,normal,0.00,3400,mm,51.32
13.224,2,596.0,-298.26,-298.26,9400,-2600,176.96,176.97,176.9574,1.28,0.74,0.00,warmup,0.00,normal,0.00,-2000,mm,24.60,102.98,103.03,102.9832,-0.65,0.76,0.00,warmup,0.00,normal,0.00,-4000,mm,-334.18,28.0,28.01,28.0033,0.31,0.57,0.00,warmup,0.00,normal,0.00,3400,mm,51.32
13.250,2,596.0,-298.26,-298.26,9400,-2600,176.96,176.97,176.9575,1.28,0.74,0.00,warmup,0.00,normal,0.00,-2000,mm,24.60,102.98,103.03,102.9834,-0.60,0.76,0.00,warmup,0.00,normal,0.00,-4000,mm,-334.18,28.0,28.01,28.0033,0.31,0.57,0.00,warmup,0.00,normal,0.00,3400,mm,51.32
13.280,2,596.0,-298.26,-298.26,5400,1400,176.96,176.97,176.9576,1.28,0.74,0.00,warmup,0.00,normal,0.00,-2000,mm,24.60,103.0,103.02,102.9837,-0.53,0.76,0.00,warmup,0.00,normal,0.00,0,mm,-342.18,28.0,28.01,28.0033,0.31,0.57,0.00,warmup,0.00,normal,0.00,3400,mm,51.32
13.346,2,596.0,-298.26,-298.26,5400,1400,176.96,176.97,176.9577,1.27,0.74,0.00,warmup,0.00,normal,0.00,-2000,mm,24.60,103.0,103.02,102.9842,-0.38,0.76,0.00,warmup,0.00,normal,0.00,0,mm,-342.18,28.0,28.01,28.0034,0.31,0.57,0.00,warmup,0.00,normal,0.00,3400,mm,51.32
13.360,2,596.0,-298.26,-298.26,5400,1400,176.96,176.97,176.9577,1.27,0.74,0.00,warmup,0.00,normal,0.00,-2000,mm,24.60,103.0,103.02,102.9844,-0.35,0.76,0.00,warmup,0.00,normal,0.00,0,mm,-342.18,28.0,28.01,28.0034,0.31,0.57,0.00,warmup,0.00,normal,0.00,3400,mm,51.32
13.405,2,596.0,-298.26,-298.26,5400,1400,176.96,176.97,176.9579,1.27,0.74,0.00,warmup,0.00,normal,0.00,-2000,mm,24.60,103.0,103.02,102.9847,-0.25,0.76,0.00,warmup,0.00,normal,0.00,0,mm,-342.18,28.0,28.01,28.0034,0.31,0.57,0.00,warmup,0.00,normal,0.00,3400,mm,51.32
13.417,2,596.0,-298.26,-298.26,5400,1400,176.96,176.97,176.9579,1.26,0.74,0.00,warmup,0.00,normal,0.00,-2000,mm,24.60,103.0,103.02,102.9849,-0.22,0.76,0.00,warmup,0.00,normal,0.00,0,mm,-342.18,28.0,28.01,28.0034,0.31,0.57,0.00,warmup,0.00,normal,0.00,3400,mm,51.32
13.441,2,596.0,-298.26,-298.26,5400,1400,176.96,176.97,176.9579,1.26,0.74,0.00,warmup,0.00,normal,0.00,-2000,mm,24.60,103.0,103.02,102.9851,-0.18,0.76,0.00,warmup,0.00,normal,0.00,0,mm,-342.18,28.0,28.01,28.0034,0.31,0.57,0.00,warmup,0.00,normal,0.00,3400,mm,51.32
13.466,2,596.0,-298.26,-298.26,5400,1400,176.96,176.97,176.9580,1.26,0.68,0.00,warmup,0.00,normal,0.00,-2000,mm,24.60,103.0,103.02,102.9853,-0.13,0.91,0.00,warmup,0.00,normal,0.00,0,mm,-342.18,28.0,28.01,28.0034,0.31,0.52,0.00,warmup,0.00,normal,0.00,3400,mm,51.32
13.496,2,596.0,-298.26,-298.26,5400,1400,176.96,176.97,176.9581,1.26,0.68,0.00,warmup,0.00,normal,0.00,-2000,mm,24.60,103.0,103.02,102.9855,-0.07,0.91,0.00,warmup,0.00,normal,0.00,0,mm,-342.18,28.0,28.01,28.0035,0.31,0.52,0.00,warmup,0.00,normal,0.00,3400,mm,51.32
13.599,2,596.0,-298.26,-298.26,8400,-1600,176.96,176.97,176.9583,1.25,0.68,0.00,warmup,0.00,normal,0.00,-2000,mm,24.60,103.01,103.03,102.9867,0.20,0.91,0.00,warmup,0.00,normal,0.00,-3000,mm,-378.18,28.0,28.01,28.0035,0.30,0.52,0.00,warmup,0.00,normal,0.00,3400,mm,51.32
13.643,2,596.0,-298.26,-298.26,8400,-1600,176.96,176.97,176.9584,1.25,0.68,0.00,warmup,0.00,normal,0.00,-2000,mm,24.60,103.01,103.03,102.9872,0.30,0.91,0.00,warmup,0.00,normal,0.00,-3000,mm,-378.18,28.0,28.01,28.0035,0.30,0.52,0.00,warmup,0.00,normal,0.00,3400,mm,51.32
13.688,2,596.0,-298.26,-298.26,8400,-1600,176.96,176.97,176.9585,1.24,0.68,0.00,warmup,0.00,normal,0.00,-2000,mm,24.60,103.01,103.03,102.9876,0.40,0.91,0.00,warmup,0.00,normal,0.00,-3000,mm,-378.18,28.0,28.01,28.0036,0.30,0.52,0.00,warmup,0.00,normal,0.00,3400,mm,51.32
13.701,2,596.0,-298.26,-298.26,8400,-1600,176.96,176.97,176.9585,1.24,0.68,0.00,warmup,0.00,normal,0.00,-2000,mm,24.60,103.01,103.03,102.9878,0.43,0.91,0.00,warmup,0.00,normal,0.00,-3000,mm,-378.18,28.0,28.01,28.0036,0.30,0.52,0.00,warmup,0.00,normal,0.00,3400,mm,51.32
13.724,2,596.0,-298.26,-298.26,8400,-1600,176.96,176.97,176.9586,1.24,0.68,0.00,warmup,0.00,normal,0.00,-2000,mm,24.60,103.01,103.03,102.9880,0.48,0.91,0.00,warmup,0.00,normal,0.00,-3000,mm,-378.18,28.0,28.01,28.0036,0.30,0.52,0.00,warmup,0.00,normal,0.00,3400,mm,51.32
13.749,2,596.0,-298.26,-298.26,8400,-1600,176.96,176.97,176.9586,1.24,0.68,0.00,warmup,0.00,normal,0.00,-2000,mm,24.60,103.01,103.03,102.9883,0.53,0.91,0.00,warmup,0.00,normal,0.00,-3000,mm,-378.18,28.0,28.01,28.0036,0.30,0.52,0.00,warmup,0.00,normal,0.00,3400,mm,51.32
13.829,2,596.0,-298.26,-298.26,2200,-2200,176.96,176.97,176.9588,1.23,0.68,0.00,warmup,0.00,normal,0.00,-2000,mm,24.60,103.01,103.02,102.9890,0.66,0.91,0.00,warmup,0.00,normal,0.00,0,mm,-343.98,28.0,28.01,28.0036,0.30,0.52,0.00,warmup,0.00,normal,0.00,-200,mm,89.28
13.901,2,596.0,-298.26,-298.26,2200,-2200,176.96,176.97,176.9589,1.22,0.68,0.00,warmup,0.00,normal,0.00,-2000,mm,24.60,103.01,103.02,102.9896,0.76,0.91,0.00,warmup,0.00,normal,0.00,0,mm,-343.98,28.0,28.01,28.0037,0.30,0.52,0.00,warmup,0.00,normal,0.00,-200,mm,89.28
13.917,2,596.0,-298.26,-298.26,2200,-2200,176.96,176.97,176.9590,1.22,0.68,0.00,warmup,0.00,normal,0.00,-2000,mm,24.60,103.01,103.02,102.9898,0.78,0.91,0.00,warmup,0.00,normal,0.00,0,mm,-343.98,28.0,28.01,28.0037,0.30,0.52,0.00,warmup,0.00,normal,0.00,-200,mm,89.28
13.936,2,596.0,-298.26,-298.26,2200,-2200,176.96,176.97,176.9590,1.22,0.68,0.00,warmup,0.00,normal,0.00,-2000,mm,24.60,103.01,103.02,102.9899,0.81,0.91,0.00,warmup,0.00,normal,0.00,0,mm,-343.98,28.0,28.01,28.0037,0.30,0.52,0.00,warmup,0.00,normal,0.00,-200,mm,89.28
13.963,2,596.0,-298.26,-298.26,2200,-2200,176.96,176.97,176.9591,1.21,0.68,0.00,warmup,0.00,normal,0.00,-2000,mm,24.60,103.01,103.02,102.9901,0.84,0.91,0.00,warmup,0.00,normal,0.00,0,mm,-343.98,28.0,28.01,28.0037,0.29,0.52,0.00,warmup,0.00,normal,0.00,-200,mm,89.28
13.988,2,596.0,-298.26,-298.26,2200,-2200,176.96,176.97,176.9591,1.21,0.62,0.00,warmup,0.00,normal,0.00,-2000,mm,24.60,103.01,103.02,102.9903,0.87,0.85,0.00,warmup,0.00,normal,0.00,0,mm,-343.98,28.0,28.01,28.0037,0.29,0.47,0.00,warmup,0.00,normal,0.00,-200,mm,89.28
14.052,2,596.0,-298.26,-298.26,2200,-2200,176.96,176.97,176.9592,1.20,0.62,0.00,warmup,0.00,normal,0.00,-2000,mm,24.60,103.01,103.02,102.9909,0.95,0.85,0.00,warmup,0.00,normal,0.00,0,mm,-343.98,28.0,28.01,28.0037,0.29,0.47,0.00,warmup,0.00,normal,0.00,-200,mm,89.28
14.069,2,596.0,-298.26,-298.26,3300,-3300,176.96,176.97,176.9593,1.20,0.62,0.00,warmup,0.00,normal,0.00,-2000,mm,24.60,103.01,103.02,102.9910,0.97,0.85,0.00,warmup,0.00,normal,0.00,0,mm,-343.98,28.0,28.01,28.0037,0.29,0.47,0.00,warmup,0.00,normal,0.00,-1300,mm,90.49
14.128,2,596.0,-298.26,-298.26,3300,-3300,176.96,176.97,176.9594,1.20,0.62,0.00,warmup,0.00,normal,0.00,-2000,mm,24.60,103.01,103.02,102.9915,1.03,0.85,0.00,warmup,0.00,normal,0.00,0,mm,-343.98,28.0,28.01,28.0038,0.29,0.47,0.00,warmup,0.00,normal,0.00,-1300,mm,90.49
14.148,2,596.0,-298.26,-298.26,3300,-3300,176.96,176.97,176.9594,1.19,0.62,0.00,warmup,0.00,normal,0.00,-2000,mm,24.60,103.01,103.02,102.9916,1.05,0.85,0.00,warmup,0.00,normal,0.00,0,mm,-343.98,28.0,28.01,28.0038,0.29,0.47,0.00,warmup,0.00,normal,0.00,-1300,mm,90.49
14.186,2,596.0,-298.26,-298.26,3300,-3300,176.96,176.97,176.9595,1.19,0.62,0.00,warmup,0.00,normal,0.00,-2000,mm,24.60,103.01,103.02,102.9919,1.09,0.85,0.00,warmup,0.00,normal,0.00,0,mm,-343.98,28.0,28.01,28.0038,0.29,0.47,0.00,warmup,0.00,normal,0.00,-1300,mm,90.49
14.198,2,596.0,-298.26,-298.26,3300,-3300,176.96,176.97,176.9595,1.19,0.62,0.00,warmup,0.00,normal,0.00,-2000,mm,24.60,103.01,103.02,102.9920,1.10,0.85,0.00,warmup,0.00,normal,0.00,0,mm,-343.98,28.0,28.01,28.0038,0.29,0.47,0.00,warmup,0.00,normal,0.00,-1300,mm,90.49
14.224,2,596.0,-298.26,-298.26,3300,-3300,176.96,176.97,176.9596,1.19,0.62,0.00,warmup,0.00,normal,0.00,-2000,mm,24.60,103.01,103.02,102.9922,1.12,0.85,0.00,warmup,0.00,normal,0.00,0,mm,-343.98,28.0,28.01,28.0038,0.29,0.47,0.00,warmup,0.00,normal,0.00,-1300,mm,90.49
14.250,2,596.0,-298.26,-298.26,3300,-3300,176.96,176.97,176.9596,1.18,0.62,0.00,warmup,0.00,normal,0.00,-2000,mm,24.60,103.01,103.02,102.9924,1.15,0.85,0.00,warmup,0.00,normal,0.00,0,mm,-343.98,28.0,28.01,28.0038,0.29,0.47,0.00,warmup,0.00,normal,0.00,-1300,mm,90.49
14.331,2,596.0,-298.26,-298.26,3300,-3300,176.96,176.97,176.9598,1.17,0.62,0.00,warmup,0.00,normal,0.00,-2000,mm,24.60,103.01,103.02,102.9930,1.21,0.85,0.00,warmup,0.00,normal,0.00,0,mm,-343.98,28.0,28.01,28.0038,0.28,0.47,0.00,warmup,0.00,normal,0.00,-1300,mm,90.49
14.383,2,596.0,-298.26,-298.26,3300,-3300,176.96,176.97,176.9598,1.17,0.62,0.00,warmup,0.00,normal,0.00,-2000,mm,24.60,103.01,103.02,102.9934,1.25,0.85,0.00,warmup,0.00,normal,0.00,0,mm,-343.98,28.0,28.01,28.0039,0.28,0.47,0.00,warmup,0.00,normal,0.00,-1300,mm,90.49
14.400,2,596.0,-298.26,-298.26,3300,-3300,176.96,176.97,176.9599,1.16,0.62,0.00,warmup,0.00,normal,0.00,-2000,mm,24.60,103.01,103.02,102.9935,1.27,0.85,0.00,warmup,0.00,normal,0.00,0,mm,-343.98,28.0,28.01,28.0039,0.28,0.47,0.00,warmup,0.00,normal,0.00,-1300,mm,90.49
14.456,2,596.0,-298.26,-298.26,3300,-3300,176.96,176.97,176.9600,1.16,0.62,0.00,warmup,0.00,normal,0.00,-2000,mm,24.60,103.01,103.02,102.9939,1.30,0.85,0.00,warmup,0.00,normal,0.00,0,mm,-343.98,28.0,28.01,28.0039,0.28,0.47,0.00,warmup,0.00,normal,0.00,-1300,mm,90.49
14.475,2,596.0,-298.26,-298.26,3300,-3300,176.96,176.97,176.9600,1.16,0.62,0.00,warmup,0.00,normal,0.00,-2000,mm,24.60,103.01,103.02,102.9940,1.32,0.85,0.00,warmup,0.00,normal,0.00,0,mm,-343.98,28.0,28.01,28.0039,0.28,0.47,0.00,warmup,0.00,normal,0.00,-1300,mm,90.49
14.497,2,596.0,-298.26,-298.26,3300,-3300,176.96,176.97,176.9600,1.15,0.57,0.00,warmup,0.00,normal,0.00,-2000,mm,24.60,103.01,103.02,102.9942,1.33,0.78,0.00,warmup,0.00,normal,0.00,0,mm,-343.98,28.0,28.01,28.0039,0.28,0.42,0.00,warmup,0.00,normal,0.00,-1300,mm,90.49
14.519,2,596.0,-298.26,-298.26,3300,-3300,176.96,176.97,176.9601,1.15,0.57,0.00,warmup,0.00,normal,0.00,-2000,mm,24.60,103.01,103.02,102.9943,1.34,0.78,0.00,warmup,0.00,normal,0.00,0,mm,-343.98,28.0,28.01,28.0039,0.28,0.42,0.00,warmup,0.00,normal,0.00,-1300,mm,90.49
14.591,2,596.0,-298.26,-298.26,5100,-1500,176.96,176.97,176.9602,1.14,0.57,0.00,warmup,0.00,normal,0.00,-2000,mm,24.60,102.93,102.96,102.9932,0.96,0.78,0.00,warmup,0.00,normal,0.00,1800,mm,-491.58,28.0,28.01,28.0039,0.28,0.42,0.00,warmup,0.00,normal,0.00,-1300,mm,90.49
14.659,2,596.0,-298.26,-298.26,5100,-1500,176.96,176.97,176.9603,1.13,0.57,0.00,warmup,0.00,normal,0.00,-2000,mm,24.60,102.93,102.96,102.9921,0.63,0.78,0.00,warmup,0.00,normal,0.00,1800,mm,-491.58,28.0,28.01,28.0040,0.27,0.42,0.00,warmup,0.00,normal,0.00,-1300,mm,90.49
14.680,2,596.0,-298.26,-298.26,3300,-3300,176.96,176.97,176.9603,1.13,0.57,0.00,warmup,0.00,normal,0.00,-2000,mm,24.60,102.93,102.95,102.9917,0.52,0.78,0.00,warmup,0.00,normal,0.00,0,mm,-489.06,28.0,28.01,28.0040,0.27,0.42,0.00,warmup,0.00,normal,0.00,-1300,mm,90.49
14.745,2,596.0,-298.26,-298.26,3300,-3300,176.96,176.97,176.9604,1.12,0.57,0.00,warmup,0.00,normal,0.00,-2000,mm,24.60,102.93,102.95,102.9906,0.21,0.78,0.00,warmup,0.00,normal,0.00,0,mm,-489.06,28.0,28.01,28.0040,0.27,0.42,0.00,warmup,0.00,normal,0.00,-1300,mm,90.49
14.798,2,596.0,-298.26,-298.26,3300,-3300,176.96,176.97,176.9605,1.12,0.57,0.00,warmup,0.00,normal,0.00,-2000,mm,24.60,102.93,102.95,102.9897,-0.04,0.78,0.00,warmup,0.00,normal,0.00,0,mm,-489.06,28.0,28.01,28.0040,0.27,0.42,0.00,warmup,0.00,normal,0.00,-1300,mm,90.49
14.854,2,596.0,-298.26,-298.26,3300,-3300,176.96,176.97,176.9606,1.11,0.57,0.00,warmup,0.00,normal,0.00,-2000,mm,24.60,102.93,102.95,102.9888,-0.28,0.78,0.00,warmup,0.00,normal,0.00,0,mm,-489.06,28.0,28.01,28.0040,0.27,0.42,0.00,warmup,0.00,normal,0.00,-1300,mm,90.49
14.901,2,596.0,-298.26,-298.26,3300,-3300,176.96,176.97,176.9607,1.11,0.57,0.00,warmup,0.00,normal,0.00,-2000,mm,24.60,102.93,102.95,102.9881,-0.46,0.78,0.00,warmup,0.00,normal,0.00,0,mm,-489.06,28.0,28.01,28.0040,0.27,0.42,0.00,warmup,0.00,normal,0.00,-1300,mm,90.49
14.941,2,596.0,-298.26,-298.26,3300,-3300,176.96,176.97,176.9607,1.10,0.57,0.00,warmup,0.00,normal,0.00,-2000,mm,24.60,102.93,102.95,102.9874,-0.62,0.78,0.00,warmup,0.00,normal,0.00,0,mm,-489.06,28.0,28.01,28.0040,0.27,0.42,0.00,warmup,0.00,normal,0.00,-1300,mm,90.49
14.964,2,596.0,-298.26,-298.26,3300,-3300,176.96,176.97,176.9608,1.10,0.57,0.00,warmup,0.00,normal,0.00,-2000,mm,24.60,102.93,102.95,102.9871,-0.70,0.78,0.00,warmup,0.00,normal,0.00,0,mm,-489.06,28.0,28.01,28.0041,0.26,0.42,0.00,warmup,0.00,normal,0.00,-1300,mm,90.49
14.989,2,596.0,-298.26,-298.26,3300,-3300,176.96,176.97,176.9608,1.09,0.57,0.00,warmup,0.00,normal,0.00,-2000,mm,24.60,102.93,102.95,102.9867,-0.79,0.78,0.00,warmup,0.00,normal,0.00,0,mm,-489.06,28.0,28.01,28.0041,0.26,0.42,0.00,warmup,0.00,normal,0.00,-1300,mm,90.49
15.005,2,596.0,-298.26,-298.26,3300,-3300,176.96,176.97,176.9608,1.09,0.52,0.00,warmup,0.00,normal,0.00,-2000,mm,24.60,102.93,102.95,102.9864,-0.85,1.40,0.00,warmup,0.00,normal,0.00,0,mm,-489.06,28.0,28.01,28.0041,0.26,0.38,0.00,warmup,0.00,normal,0.00,-1300,mm,90.49
15.047,3,594.0,-373.97,-373.97,3300,-3300,176.96,176.97,176.9609,1.09,0.52,0.00,warmup,0.00,normal,0.00,-2000,mm,24.60,102.93,102.95,102.9858,-0.99,1.40,0.00,warmup,0.00,normal,0.00,0,mm,-489.06,28.0,28.01,28.0041,0.26,0.38,0.00,warmup,0.00,normal,0.00,-1300,mm,90.49
15.103,3,594.0,-373.97,-373.97,7496,-7496,176.96,176.97,176.9609,1.08,0.52,0.00,warmup,0.40,normal,0.00,-2000,mm,24.60,102.93,102.95,102.9849,-1.17,1.40,0.00,warmup,-1.74,normal,0.00,-3000,mm,-525.06,28.0,28.01,28.0041,0.26,0.38,0.00,warmup,0.05,normal,0.00,-2496,mm,91.81
15.188,3,594.0,-373.97,-373.97,7496,-7496,176.96,176.97,176.9611,1.07,0.52,0.00,warmup,0.40,normal,0.00,-2000,mm,24.60,102.93,102.95,102.9837,-1.42,1.40,0.00,warmup,-1.74,normal,0.00,-3000,mm,-525.06,28.0,28.01,28.0041,0.26,0.38,0.00,warmup,0.05,normal,0.00,-2496,mm,91.81
15.208,3,594.0,-373.97,-373.97,7496,-7496,176.96,176.97,176.9611,1.07,0.52,0.00,warmup,0.40,normal,0.00,-2000,mm,24.60,102.93,102.95,102.9834,-1.48,1.40,0.00,warmup,-1.74,normal,0.00,-3000,mm,-525.06,28.0,28.01,28.0041,0.26,0.38,0.00,warmup,0.05,normal,0.00,-2496,mm,91.81
15.234,3,594.0,-373.97,-373.97,7496,-7496,176.96,176.97,176.9611,1.07,0.52,0.00,warmup,0.40,normal,0.00,-2000,mm,24.60,102.93,102.95,102.9830,-1.55,1.40,0.00,warmup,-1.74,normal,0.00,-3000,mm,-525.06,28.0,28.01,28.0041,0.26,0.38,0.00,warmup,0.05,normal,0.00,-2496,mm,91.81
15.289,3,594.0,-373.97,-373.97,7496,-7496,176.96,176.97,176.9612,1.06,0.52,0.00,warmup,0.40,normal,0.00,-2000,mm,24.60,102.93,102.95,102.9822,-1.69,1.40,0.00,warmup,-1.74,normal,0.00,-3000,mm,-525.06,28.0,28.01,28.0042,0.25,0.38,0.00,warmup,0.05,normal,0.00,-2496,mm,91.81
15.328,3,594.0,-373.97,-373.97,5496,-5496,176.96,176.97,176.9612,1.05,0.52,0.00,warmup,0.40,normal,0.00,-2000,mm,24.60,102.92,102.93,102.9815,-1.83,1.40,0.00,warmup,-1.74,normal,0.00,0,mm,-430.86,28.0,28.01,28.0042,0.25,0.38,0.00,warmup,0.05,normal,0.00,-3496,mm,92.91
15.402,3,594.0,-373.97,-373.97,5496,-5496,176.96,176.97,176.9613,1.05,0.52,0.00,warmup,0.38,normal,0.00,-2000,mm,24.60,102.92,102.93,102.9801,-2.10,1.40,0.00,warmup,-2.03,normal,0.00,0,mm,-430.86,28.0,28.01,28.0042,0.25,0.38,0.00,warmup,0.05,normal,0.00,-3496,mm,92.91
15.423,3,594.0,-373.97,-373.97,5496,-5496,176.96,176.97,176.9614,1.04,0.52,0.00,warmup,0.38,normal,0.00,-2000,mm,24.60,102.92,102.93,102.9797,-2.16,1.40,0.00,warmup,-2.03,normal,0.00,0,mm,-430.86,28.0,28.01,28.0042,0.25,0.38,0.00,warmup,0.05,normal,0.00,-3496,mm,92.91
15.451,3,594.0,-373.97,-373.97,5496,-5496,176.96,176.97,176.9614,1.04,0.52,0.00,warmup,0.38,normal,0.00,-2000,mm,24.60,102.92,102.93,102.9792,-2.25,1.40,0.00,warmup,-2.03,normal,0.00,0,mm,-430.86,28.0,28.01,28.0042,0.25,0.38,0.00,warmup,0.05,normal,0.00,-3496,mm,92.91
15.488,3,594.0,-373.97,-373.97,5496,-5496,176.96,176.97,176.9614,1.03,0.52,0.00,warmup,0.38,normal,0.00,-2000,mm,24.60,102.92,102.93,102.9785,-2.37,1.40,0.00,warmup,-2.03,normal,0.00,0,mm,-430.86,28.0,28.01,28.0042,0.25,0.38,0.00,warmup,0.05,normal,0.00,-3496,mm,92.91
15.507,3,594.0,-373.97,-373.97,5496,-5496,176.96,176.97,176.9615,1.03,0.47,0.00,warmup,0.38,normal,0.00,-2000,mm,24.60,102.92,102.93,102.9782,-2.42,1.35,0.00,warmup,-2.03,normal,0.00,0,mm,-430.86,28.0,28.01,28.0042,0.25,0.35,0.00,warmup,0.05,normal,0.00,-3496,mm,92.91
15.532,3,594.0,-373.97,-373.97,5496,-5496,176.96,176.97,176.9615,1.03,0.47,0.00,warmup,0.38,normal,0.00,-2000,mm,24.60,102.92,102.93,102.9778,-2.50,1.35,0.00,warmup,-2.03,normal,0.00,0,mm,-430.86,28.0,28.01,28.0042,0.25,0.35,0.00,warmup,0.05,normal,0.00,-3496,mm,92.91
15.631,3,594.0,-373.97,-373.97,5496,-5496,176.96,176.97,176.9616,1.02,0.47,0.00,warmup,0.38,normal,0.00,-2000,mm,24.60,102.92,102.93,102.9761,-2.76,1.35,0.00,warmup,-2.03,normal,0.00,0,mm,-430.86,28.0,28.01,28.0042,0.24,0.35,0.00,warmup,0.05,normal,0.00,-3496,mm,92.91
15.682,3,594.0,-373.97,-373.97,5496,-5496,176.96,176.97,176.9617,1.01,0.47,0.00,warmup,0.36,normal,0.00,-2000,mm,24.60,102.92,102.93,102.9752,-2.88,1.35,0.00,warmup,-1.82,normal,0.00,0,mm,-430.86,28.0,28.01,28.0043,0.24,0.35,0.00,warmup,0.05,normal,0.00,-3496,mm,92.91
15.707,3,594.0,-373.97,-373.97,5496,-5496,176.96,176.97,176.9617,1.01,0.47,0.00,warmup,0.36,normal,0.00,-2000,mm,24.60,102.92,102.93,102.9748,-2.94,1.35,0.00,warmup,-1.82,normal,0.00,0,mm,-430.86,28.0,28.01,28.0043,0.24,0.35,0.00,warmup,0.05,normal,0.00,-3496,mm,92.91
15.748,3,594.0,-373.97,-373.97,5496,-5496,176.96,176.97,176.9617,1.00,0.47,0.00,warmup,0.36,normal,0.00,-2000,mm,24.60,102.92,102.93,102.9741,-3.03,1.35,0.00,warmup,-1.82,normal,0.00,0,mm,-430.86,28.0,28.01,28.0043,0.24,0.35,0.00,warmup,0.05,normal,0.00,-3496,mm,92.91
15.762,3,594.0,-373.97,-373.97,5496,-5496,176.96,176.97,176.9617,1.00,0.47,0.00,warmup,0.36,normal,0.00,-2000,mm,24.60,102.92,102.93,102.9739,-3.06,1.35,0.00,warmup,-1.82,normal,0.00,0,mm,-430.86,28.0,28.01,28.0043,0.24,0.35,0.00,warmup,0.05,normal,0.00,-3496,mm,92.91
15.797,3,594.0,-373.97,-373.97,5496,-5496,176.96,176.97,176.9618,1.00,0.47,0.00,warmup,0.36,normal,0.00,-2000,mm,24.60,102.92,102.93,102.9733,-3.13,1.35,0.00,warmup,-1.82,normal,0.00,0,mm,-430.86,28.0,28.01,28.0043,0.24,0.35,0.00,warmup,0.05,normal,0.00,-3496,mm,92.91
15.810,3,594.0,-373.97,-373.97,5496,-5496,176.96,176.97,176.9618,1.00,0.47,0.00,warmup,0.36,normal,0.00,-2000,mm,24.60,102.92,102.93,102.9731,-3.16,1.35,0.00,warmup,-1.82,normal,0.00,0,mm,-430.86,28.0,28.01,28.0043,0.24,0.35,0.00,warmup,0.05,normal,0.00,-3496,mm,92.91
15.888,3,594.0,-373.97,-373.97,9096,-9096,176.96,176.97,176.9619,0.99,0.47,0.00,warmup,0.36,normal,0.00,-2000,mm,24.60,102.93,102.94,102.9721,-3.24,1.35,0.00,warmup,-1.82,normal,0.00,-3000,mm,-526.86,28.0,28.01,28.0043,0.24,0.35,0.00,warmup,0.05,normal,0.00,-4096,mm,93.57
15.935,3,594.0,-373.97,-373.97,9096,-9096,176.96,176.97,176.9619,0.98,0.47,0.33,mixed,0.35,normal,0.00,-2000,mm,24.60,102.93,102.94,102.9716,-3.29,1.35,0.21,chop,-1.38,normal,0.00,-3000,mm,-526.86,28.0,28.01,28.0043,0.24,0.35,1.00,mixed,0.04,normal,0.00,-4096,mm,93.57
15.961,3,594.0,-373.97,-373.97,9096,-9096,176.96,176.97,176.9620,0.98,0.47,0.33,mixed,0.35,normal,0.00,-2000,mm,24.60,102.93,102.94,102.9712,-3.31,1.35,0.21,chop,-1.38,normal,0.00,-3000,mm,-526.86,28.0,28.01,28.0043,0.24,0.35,1.00,mixed,0.04,normal,0.00,-4096,mm,93.57
15.995,3,594.0,-373.97,-373.97,9096,-9096,176.96,176.97,176.9620,0.98,0.47,0.33,mixed,0.35,normal,0.00,-2000,mm,24.60,102.93,102.94,102.9708,-3.34,1.35,0.21,chop,-1.38,normal,0.00,-3000,mm,-526.86,28.0,28.01,28.0043,0.23,0.35,1.00,mixed,0.04,normal,0.00,-4096,mm,93.57
16.016,3,594.0,-373.97,-373.97,9096,-9096,176.96,176.97,176.9620,0.97,0.43,0.33,mixed,0.35,normal,0.00,-2000,mm,24.60,102.93,102.94,102.9706,-3.36,1.36,0.21,chop,-1.38,normal,0.00,-3000,mm,-526.86,28.0,28.01,28.0043,0.23,0.31,1.00,mixed,0.04,normal,0.00,-4096,mm,93.57
16.039,3,594.0,-373.97,-373.97,9096,-9096,176.96,176.97,176.9620,0.97,0.43,0.33,mixed,0.35,normal,0.00,-2000,mm,24.60,102.93,102.94,102.9703,-3.38,1.36,0.21,chop,-1.38,normal,0.00,-3000,mm,-526.86,28.0,28.01,28.0043,0.23,0.31,1.00,mixed,0.04,normal,0.00,-4096,mm,93.57
16.105,3,594.0,-373.97,-373.97,9596,-9596,176.96,176.97,176.9621,0.96,0.43,0.33,mixed,0.35,normal,0.00,-2000,mm,24.60,102.93,102.94,102.9695,-3.43,1.36,0.21,chop,-1.38,normal,0.00,-3500,mm,-572.86,28.0,28.01,28.0044,0.23,0.31,1.00,mixed,0.04,normal,0.00,-4096,mm,93.57
16.131,3,594.0,-373.97,-373.97,9596,-9596,176.96,176.97,176.9621,0.96,0.43,0.33,mixed,0.35,normal,0.00,-2000,mm,24.60,102.93,102.94,102.9692,-3.44,1.36,0.21,chop,-1.38,normal,0.00,-3500,mm,-572.86,28.0,28.01,28.0044,0.23,0.31,1.00,mixed,0.04,normal,0.00,-4096,mm,93.57
16.148,3,594.0,-373.97,-373.97,9596,-9596,176.96,176.97,176.9621,0.96,0.43,0.33,mixed,0.35,normal,0.00,-2000,mm,24.60,102.93,102.94,102.9690,-3.46,1.36,0.21,chop,-1.38,normal,0.00,-3500,mm,-572.86,28.0,28.01,28.0044,0.23,0.31,1.00,mixed,0.04,normal,0.00,-4096,mm,93.57
16.185,3,594.0,-373.97,-373.97,9596,-9596,176.96,176.97,176.9622,0.95,0.43,0.33,mixed,0.33,normal,0.00,-2000,mm,24.60,102.93,102.94,102.9686,-3.48,1.36,0.21,chop,-1.30,calm,0.00,-3500,mm,-572.86,28.0,28.01,28.0044,0.23,0.31,1.00,mixed,0.04,normal,0.00,-4096,mm,93.57
16.200,3,594.0,-373.97,-373.97,9596,-9596,176.96,176.97,176.9622,0.95,0.43,0.33,mixed,0.33,normal,0.00,-2000,mm,24.60,102.93,102.94,102.9685,-3.49,1.36,0.21,chop,-1.30,calm,0.00,-3500,mm,-572.86,28.0,28.01,28.0044,0.23,0.31,1.00,mixed,0.04,normal,0.00,-4096,mm,93.57
16.227,3,594.0,-373.97,-373.97,9596,-9596,176.96,176.97,176.9622,0.95,0.43,0.33,mixed,0.33,normal,0.00,-2000,mm,24.60,102.93,102.94,102.9682,-3.50,1.36,0.21,chop,-1.30,calm,0.00,-3500,mm,-572.86,28.0,28.01,28.0044,0.23,0.31,1.00,mixed,0.04,normal,0.00,-4096,mm,93.57
16.256,3,594.0,-373.97,-373.97,9596,-9596,176.96,176.97,176.9622,0.95,0.43,0.33,mixed,0.33,normal,0.00,-2000,mm,24.60,102.93,102.94,102.9678,-3.52,1.36,0.21,chop,-1.30,calm,0.00,-3500,mm,-572.86,28.0,28.01,28.0044,0.23,0.31,1.00,mixed,0.04,normal,0.00,-4096,mm,93.57
16.286,3,594.0,-373.97,-373.97,9596,-9596,176.96,176.97,176.9623,0.94,0.43,0.33,mixed,0.33,normal,0.00,-2000,mm,24.60,102.93,102.94,102.9675,-3.53,1.36,0.21,chop,-1.30,calm,0.00,-3500,mm,-572.86,28.0,28.01,28.0044,0.23,0.31,1.00,mixed,0.04,normal,0.00,-4096,mm,93.57
16.305,3,594.0,-373.97,-373.97,9596,-9596,176.96,176.97,176.9623,0.94,0.43,0.33,mixed,0.33,normal,0.00,-2000,mm,24.60,102.93,102.94,102.9673,-3.54,1.36,0.21,chop,-1.30,calm,0.00,-3500,mm,-572.86,28.0,28.01,28.0044,0.23,0.31,1.00,mixed,0.04,normal,0.00,-4096,mm,93.57
16.346,3,594.0,-373.97,-373.97,9596,-9596,176.96,176.97,176.9623,0.94,0.43,0.33,mixed,0.33,normal,0.00,-2000,mm,24.60,102.93,102.94,102.9669,-3.56,1.36,0.21,chop,-1.30,calm,0.00,-3500,mm,-572.86,28.0,28.01,28.0044,0.22,0.31,1.00,mixed,0.04,normal,0.00,-4096,mm,93.57
16.365,3,594.0,-373.97,-373.97,9596,-9596,176.96,176.97,176.9623,0.93,0.43,0.33,mixed,0.33,normal,0.00,-2000,mm,24.60,102.93,102.94,102.9667,-3.57,1.36,0.21,chop,-1.30,calm,0.00,-3500,mm,-572.86,28.0,28.01,28.0044,0.22,0.31,1.00,mixed,0.04,normal,0.00,-4096,mm,93.57
16.386,3,594.0,-373.97,-373.97,9596,-9596,176.96,176.97,176.9624,0.93,0.43,0.33,mixed,0.33,normal,0.00,-2000,mm,24.60,102.93,102.94,102.9664,-3.58,1.36,0.21,chop,-1.30,calm,0.00,-3500,mm,-572.86,28.0,28.01,28.0044,0.22,0.31,1.00,mixed,0.04,normal,0.00,-4096,mm,93.57
16.420,3,594.0,-373.97,-373.97,9596,-9596,176.96,176.97,176.9624,0.93,0.43,0.33,mixed,0.33,normal,0.00,-2000,mm,24.60,102.93,102.94,102.9661,-3.59,1.36,0.21,chop,-1.30,calm,0.00,-3500,mm,-572.86,28.0,28.01,28.0044,0.22,0.31,1.00,mixed,0.04,normal,0.00,-4096,mm,93.57
16.434,3,594.0,-373.97,-373.97,9596,-9596,176.96,176.97,176.9624,0.93,0.43,0.33,mixed,0.33,normal,0.00,-2000,mm,24.60,102.93,102.94,102.9659,-3.60,1.36,0.21,chop,-1.30,calm,0.00,-3500,mm,-572.86,28.0,28.01,28.0044,0.22,0.31,1.00,mixed,0.04,normal,0.00,-4096,mm,93.57
16.462,3,594.0,-373.97,-373.97,9596,-9596,176.96,176.97,176.9624,0.92,0.43,0.33,mixed,0.32,normal,0.00,-2000,mm,24.60,102.93,102.94,102.9657,-3.61,1.36,0.21,chop,-1.23,calm,0.00,-3500,mm,-572.86,28.0,28.01,28.0044,0.22,0.31,1.00,mixed,0.04,normal,0.00,-4096,mm,93.57
16.492,3,594.0,-373.97,-373.97,9596,-9596,176.96,176.97,176.9624,0.92,0.43,0.33,mixed,0.32,normal,0.00,-2000,mm,24.60,102.93,102.94,102.9654,-3.62,1.36,0.21,chop,-1.23,calm,0.00,-3500,mm,-572.86,28.0,28.01,28.0044,0.22,0.31,1.00,mixed,0.04,normal,0.00,-4096,mm,93.57
16.517,3,594.0,-373.97,-373.97,9596,-9596,176.96,176.97,176.9625,0.92,0.40,0.33,mixed,0.32,normal,0.00,-2000,mm,24.60,102.93,102.94,102.9651,-3.62,1.27,0.21,chop,-1.23,calm,0.00,-3500,mm,-572.86,28.0,28.01,28.0044,0.22,0.28,1.00,mixed,0.04,normal,0.00,-4096,mm,93.57
16.538,3,594.0,-373.97,-373.97,9596,-9596,176.96,176.97,176.9625,0.91,0.40,0.33,mixed,0.32,normal,0.00,-2000,mm,24.60,102.93,102.94,102.9649,-3.63,1.27,0.21,chop,-1.23,calm,0.00,-3500,mm,-572.86,28.0,28.01,28.0044,0.22,0.28,1.00,mixed,0.04,normal,0.00,-4096,mm,93.57
16.638,3,594.0,-373.97,-373.97,9596,-9596,176.96,176.97,176.9626,0.90,0.40,0.33,mixed,0.32,normal,0.00,-2000,mm,24.60,102.93,102.94,102.9639,-3.65,1.27,0.21,chop,-1.23,calm,0.00,-3500,mm,-572.86,28.01,28.02,28.0048,0.30,0.28,1.00,mixed,0.04,normal,0.00,-4096,mm,93.57
16.743,4,592.0,-425.65,-425.65,9596,-9596,176.96,176.97,176.9627,0.89,0.40,0.33,mixed,0.31,normal,0.00,-2000,mm,24.60,102.94,102.95,102.9633,-3.59,1.27,0.17,chop,-0.88,calm,0.00,-3500,mm,-502.86,28.01,28.02,28.0051,0.37,0.28,1.00,mixed,1.96,normal,0.00,-4096,mm,52.61
16.794,4,592.0,-425.65,-425.65,9596,-9596,176.96,176.97,176.9627,0.89,0.40,0.33,mixed,0.31,normal,0.00,-2000,mm,24.60,102.94,102.95,102.9630,-3.55,1.27,0.17,chop,-0.88,calm,0.00,-3500,mm,-502.86,28.01,28.02,28.0053,0.41,0.28,1.00,mixed,1.96,normal,0.00,-4096,mm,52.61
16.803,4,592.0,-425.65,-425.65,9596,-9596,176.96,176.97,176.9627,0.88,0.40,0.33,mixed,0.31,normal,0.00,-2000,mm,24.60,102.94,102.95,102.9629,-3.55,1.27,0.17,chop,-0.88,calm,0.00,-3500,mm,-502.86,28.01,28.02,28.0053,0.41,0.28,1.00,mixed,1.96,normal,0.00,-4096,mm,52.61
16.901,4,592.0,-425.65,-425.65,9596,-9596,176.96,176.97,176.9628,0.87,0.40,0.33,mixed,0.31,normal,0.00,-2000,mm,24.60,102.94,102.95,102.9623,-3.49,1.27,0.17,chop,-0.88,calm,0.00,-3500,mm,-502.86,28.01,28.02,28.0056,0.47,0.28,1.00,mixed,1.96,normal,0.00,-4096,mm,52.61
16.922,4,592.0,-425.65,-425.65,9596,-9596,176.96,176.97,176.9628,0.87,0.40,0.33,mixed,0.31,normal,0.00,-2000,mm,24.60,102.94,102.95,102.9622,-3.47,1.27,0.17,chop,-0.88,calm,0.00,-3500,mm,-502.86,28.01,28.02,28.0057,0.48,0.28,1.00,mixed,1.96,normal,0.00,-4096,mm,52.61
16.948,4,592.0,-425.65,-425.65,9596,-9596,176.96,176.97,176.9628,0.87,0.40,0.33,mixed,0.31,normal,0.00,-2000,mm,24.60,102.94,102.95,102.9621,-3.46,1.27,0.17,chop,-0.88,calm,0.00,-3500,mm,-502.86,28.01,28.02,28.0058,0.49,0.28,1.00,mixed,1.96,normal,0.00,-4096,mm,52.61
16.963,4,592.0,-425.65,-425.65,9596,-9596,176.96,176.97,176.9628,0.87,0.40,0.33,mixed,0.31,normal,0.00,-2000,mm,24.60,102.94,102.95,102.9620,-3.45,1.27,0.17,chop,-0.88,calm,0.00,-3500,mm,-502.86,28.01,28.02,28.0058,0.50,0.28,1.00,mixed,1.96,normal,0.00,-4096,mm,52.61
16.991,4,592.0,-425.65,-425.65,9596,-9596,176.96,176.97,176.9628,0.86,0.40,0.33,mixed,0.31,normal,0.00,-2000,mm,24.60,102.94,102.95,102.9618,-3.43,1.27,0.17,chop,-0.88,calm,0.00,-3500,mm,-502.86,28.01,28.02,28.0059,0.52,0.28,1.00,mixed,1.96,normal,0.00,-4096,mm,52.61
17.014,4,592.0,-425.65,-425.65,9596,-9596,176.96,176.97,176.9629,0.86,0.40,0.33,mixed,0.30,normal,0.00,-2000,mm,24.60,102.94,102.95,102.9617,-3.42,1.27,0.17,chop,-0.85,calm,0.00,-3500,mm,-502.86,28.01,28.02,28.0060,0.53,0.28,1.00,mixed,1.89,normal,0.00,-4096,mm,52.61
17.056,4,592.0,-425.65,-425.65,9596,-9596,176.96,176.97,176.9629,0.86,0.36,0.33,mixed,0.30,normal,0.00,-2000,mm,24.60,102.94,102.95,102.9615,-3.40,1.27,0.17,chop,-0.85,calm,0.00,-3500,mm,-502.86,28.01,28.02,28.0061,0.55,0.34,1.00,mixed,1.89,normal,0.00,-4096,mm,52.61
17.067,4,592.0,-425.65,-425.65,9596,-9596,176.96,176.97,176.9629,0.86,0.36,0.33,mixed,0.30,normal,0.00,-2000,mm,24.60,102.94,102.95,102.9614,-3.39,1.27,0.17,chop,-0.85,calm,0.00,-3500,mm,-502.86,28.01,28.02,28.0061,0.55,0.34,1.00,mixed,1.89,normal,0.00,-4096,mm,52.61
17.098,4,592.0,-425.65,-425.65,6096,-6096,176.96,176.97,176.9629,0.85,0.36,0.33,mixed,0.30,normal,0.00,-2000,mm,24.60,102.93,102.95,102.9612,-3.39,1.27,0.17,chop,-0.85,calm,0.00,0,mm,-474.86,28.01,28.02,28.0062,0.57,0.34,1.00,mixed,1.89,normal,0.00,-4096,mm,52.61
17.121,4,592.0,-425.65,-425.65,6096,-6096,176.96,176.97,176.9629,0.85,0.36,0.33,mixed,0.30,normal,0.00,-2000,mm,24.60,102.93,102.95,102.9610,-3.38,1.27,0.17,chop,-0.85,calm,0.00,0,mm,-474.86,28.01,28.02,28.0063,0.58,0.34,1.00,mixed,1.89,normal,0.00,-4096,mm,52.61
17.154,4,592.0,-425.65,-425.65,6096,-6096,176.96,176.97,176.9630,0.85,0.36,0.33,mixed,0.30,normal,0.00,-2000,mm,24.60,102.93,102.95,102.9608,-3.38,1.27,0.17,chop,-0.85,calm,0.00,0,mm,-474.86,28.01,28.02,28.0064,0.59,0.34,1.00,mixed,1.89,normal,0.00,-4096,mm,52.61
17.172,4,592.0,-425.65,-425.65,6096,-6096,176.96,176.97,176.9630,0.85,0.36,0.33,mixed,0.30,normal,0.00,-2000,mm,24.60,102.93,102.95,102.9607,-3.38,1.27,0.17,chop,-0.85,calm,0.00,0,mm,-474.86,28.01,28.02,28.0065,0.60,0.34,1.00,mixed,1.89,normal,0.00,-4096,mm,52.61
17.198,4,592.0,-425.65,-425.65,6096,-6096,176.96,176.97,176.9630,0.84,0.36,0.33,mixed,0.30,normal,0.00,-2000,mm,24.60,102.93,102.95,102.9605,-3.37,1.27,0.17,chop,-0.85,calm,0.00,0,mm,-474.86,28.01,28.02,28.0065,0.61,0.34,1.00,mixed,1.89,normal,0.00,-4096,mm,52.61
17.227,4,592.0,-425.65,-425.65,6096,-6096,176.96,176.97,176.9630,0.84,0.36,0.33,mixed,0.30,normal,0.00,-2000,mm,24.60,102.93,102.95,102.9603,-3.37,1.27,0.17,chop,-0.85,calm,0.00,0,mm,-474.86,28.01,28.02,28.0066,0.62,0.34,1.00,mixed,1.89,normal,0.00,-4096,mm,52.61
17.249,4,592.0,-425.65,-425.65,6096,-6096,176.96,176.97,176.9630,0.84,0.36,0.33,mixed,0.30,normal,0.00,-2000,mm,24.60,102.93,102.95,102.9601,-3.36,1.27,0.17,chop,-0.85,calm,0.00,0,mm,-474.86,28.01,28.02,28.0067,0.62,0.34,1.00,mixed,1.89,normal,0.00,-4096,mm,52.61
17.279,4,592.0,-425.65,-425.65,6096,-6096,176.96,176.97,176.9630,0.83,0.36,0.33,mixed,0.29,normal,0.00,-2000,mm,24.60,102.93,102.95,102.9599,-3.36,1.27,0.19,chop,-0.98,calm,0.00,0,mm,-474.86,28.01,28.02,28.0067,0.63,0.34,1.00,mixed,1.82,normal,0.00,-4096,mm,52.61
17.302,4,592.0,-425.65,-425.65,6096,-6096,176.96,176.97,176.9631,0.83,0.36,0.33,mixed,0.29,normal,0.00,-2000,mm,24.60,102.93,102.95,102.9598,-3.35,1.27,0.19,chop,-0.98,calm,0.00,0,mm,-474.86,28.01,28.02,28.0068,0.64,0.34,1.00,mixed,1.82,normal,0.00,-4096,mm,52.61
17.328,4,592.0,-425.65,-425.65,6096,-6096,176.96,176.97,176.9631,0.83,0.36,0.33,mixed,0.29,normal,0.00,-2000,mm,24.60,102.93,102.95,102.9596,-3.35,1.27,0.19,chop,-0.98,calm,0.00,0,mm,-474.86,28.01,28.02,28.0069,0.65,0.34,1.00,mixed,1.82,normal,0.00,-4096,mm,52.61
17.369,4,592.0,-425.65,-425.65,8466,-8466,176.96,176.97,176.9631,0.83,0.36,0.33,mixed,0.29,normal,0.00,-2000,mm,24.60,102.93,102.95,102.9594,-3.34,1.27,0.19,chop,-0.98,calm,0.00,-2300,mm,-525.46,28.01,28.03,28.0071,0.68,0.34,1.00,mixed,1.82,normal,0.00,-4166,mm,11.72
17.455,4,592.0,-425.65,-425.65,8466,-8466,176.96,176.97,176.9631,0.82,0.36,0.33,mixed,0.29,normal,0.00,-2000,mm,24.60,102.93,102.95,102.9588,-3.32,1.27,0.19,chop,-0.98,calm,0.00,-2300,mm,-525.46,28.01,28.03,28.0074,0.74,0.34,1.00,mixed,1.82,normal,0.00,-4166,mm,11.72
17.467,4,592.0,-425.65,-425.65,8466,-8466,176.96,176.97,176.9632,0.82,0.36,0.33,mixed,0.29,normal,0.00,-2000,mm,24.60,102.93,102.95,102.9587,-3.32,1.27,0.19,chop,-0.98,calm,0.00,-2300,mm,-525.46,28.01,28.03,28.0075,0.75,0.34,1.00,mixed,1.82,normal,0.00,-4166,mm,11.72
17.489,4,592.0,-425.65,-425.65,8466,-8466,176.96,176.97,176.9632,0.81,0.36,0.33,mixed,0.29,normal,0.00,-2000,mm,24.60,102.93,102.95,102.9586,-3.32,1.27,0.19,chop,-0.98,calm,0.00,-2300,mm,-525.46,28.01,28.03,28.0076,0.76,0.34,1.00,mixed,1.82,normal,0.00,-4166,mm,11.72
17.514,4,592.0,-425.65,-425.65,8466,-8466,176.96,176.97,176.9632,0.81,0.36,0.33,mixed,0.29,normal,0.00,-2000,mm,24.60,102.93,102.95,102.9584,-3.31,1.27,0.19,chop,-0.98,calm,0.00,-2300,mm,-525.46,28.01,28.03,28.0077,0.78,0.34,1.00,mixed,1.82,normal,0.00,-4166,mm,11.72
17.540,4,592.0,-425.65,-425.65,8466,-8466,176.96,176.97,176.9632,0.81,0.36,0.33,mixed,0.28,normal,0.00,-2000,mm,24.60,102.93,102.95,102.9583,-3.30,1.27,0.19,chop,-0.94,calm,0.00,-2300,mm,-525.46,28.01,28.03,28.0078,0.79,0.34,1.00,mixed,2.72,normal,0.00,-4166,mm,11.72
17.566,4,592.0,-425.65,-425.65,8466,-8466,176.96,176.97,176.9632,0.81,0.33,0.33,mixed,0.28,normal,0.00,-2000,mm,24.60,102.93,102.95,102.9581,-3.30,1.16,0.19,chop,-0.94,calm,0.00,-2300,mm,-525.46,28.01,28.03,28.0079,0.81,0.34,1.00,mixed,2.72,normal,0.00,-4166,mm,11.72
17.608,4,592.0,-425.65,-425.65,11466,-11466,176.96,176.97,176.9632,0.80,0.33,0.33,mixed,0.28,normal,0.00,-2000,mm,24.60,102.93,102.96,102.9579,-3.27,1.16,0.19,chop,-0.94,calm,0.00,-5300,mm,-726.26,28.02,28.03,28.0081,0.85,0.34,1.00,mixed,2.72,normal,0.00,-4166,mm,11.72
17.623,4,592.0,-425.65,-425.65,11466,-11466,176.96,176.97,176.9632,0.80,0.33,0.33,mixed,0.28,normal,0.00,-2000,mm,24.60,102.93,102.96,102.9579,-3.26,1.16,0.19,chop,-0.94,calm,0.00,-5300,mm,-726.26,28.02,28.03,28.0082,0.86,0.34,1.00,mixed,2.72,normal,0.00,-4166,mm,11.72
17.651,4,592.0,-425.65,-425.65,11466,-11466,176.96,176.97,176.9633,0.80,0.33,0.33,mixed,0.28,normal,0.00,-2000,mm,24.60,102.93,102.96,102.9577,-3.24,1.16,0.19,chop,-0.94,calm,0.00,-5300,mm,-726.26,28.02,28.03,28.0084,0.89,0.34,1.00,mixed,2.72,normal,0.00,-4166,mm,11.72
17.689,4,592.0,-425.65,-425.65,11466,-11466,176.96,176.97,176.9633,0.79,0.33,0.33,mixed,0.28,normal,0.00,-2000,mm,24.60,102.93,102.96,102.9576,-3.22,1.16,0.19,chop,-0.94,calm,0.00,-5300,mm,-726.26,28.02,28.03,28.0086,0.92,0.34,1.00,mixed,2.72,normal,0.00,-4166,mm,11.72
17.710,4,592.0,-425.65,-425.65,11466,-11466,176.96,176.97,176.9633,0.79,0.33,0.33,mixed,0.28,normal,0.00,-2000,mm,24.60,102.93,102.96,102.9575,-3.21,1.16,0.19,chop,-0.94,calm,0.00,-5300,mm,-726.26,28.02,28.03,28.0087,0.94,0.34,1.00,mixed,2.72,normal,0.00,-4166,mm,11.72
17.729,4,592.0,-425.65,-425.65,11466,-11466,176.96,176.97,176.9633,0.79,0.33,0.33,mixed,0.28,normal,0.00,-2000,mm,24.60,102.93,102.96,102.9574,-3.19,1.16,0.19,chop,-0.94,calm,0.00,-5300,mm,-726.26,28.02,28.03,28.0088,0.95,0.34,1.00,mixed,2.72,normal,0.00,-4166,mm,11.72
17.751,4,592.0,-425.65,-425.65,11466,-11466,176.96,176.97,176.9633,0.79,0.33,0.33,mixed,0.28,normal,0.00,-2000,mm,24.60,102.93,102.96,102.9573,-3.18,1.16,0.19,chop,-0.94,calm,0.00,-5300,mm,-726.26,28.02,28.03,28.0089,0.97,0.34,1.00,mixed,2.72,normal,0.00,-4166,mm,11.72
17.782,4,592.0,-425.65,-425.65,11466,-11466,176.96,176.97,176.9633,0.78,0.33,0.33,mixed,0.28,normal,0.00,-2000,mm,24.60,102.93,102.96,102.9572,-3.16,1.16,0.19,chop,-0.94,calm,0.00,-5300,mm,-726.26,28.02,28.03,28.0091,0.99,0.34,1.00,mixed,2.72,normal,0.00,-4166,mm,11.72
17.804,4,592.0,-425.65,-425.65,11466,-11466,176.96,176.97,176.9634,0.78,0.33,0.33,mixed,0.27,normal,0.00,-2000,mm,24.60,102.93,102.96,102.9571,-3.15,1.16,0.17,chop,-0.76,calm,0.00,-5300,mm,-726.26,28.02,28.03,28.0092,1.01,0.34,1.00,mixed,3.42,normal,0.00,-4166,mm,11.72
17.830,4,592.0,-425.65,-425.65,11466,-11466,176.96,176.97,176.9634,0.78,0.33,0.33,mixed,0.27,normal,0.00,-2000,mm,24.60,102.93,102.96,102.9570,-3.13,1.16,0.17,chop,-0.76,calm,0.00,-5300,mm,-726.26,28.02,28.03,28.0093,1.03,0.34,1.00,mixed,3.42,normal,0.00,-4166,mm,11.72
17.912,4,592.0,-425.65,-425.65,10128,-10128,176.96,176.97,176.9634,0.77,0.33,0.33,mixed,0.27,normal,0.00,-2000,mm,24.60,102.96,102.97,102.9572,-2.95,1.16,0.17,chop,-0.76,calm,0.00,-3000,mm,-396.86,28.02,28.03,28.0097,1.08,0.34,1.00,mixed,3.42,normal,0.00,-5128,mm,-28.88
17.961,4,592.0,-425.65,-425.65,10128,-10128,176.96,176.97,176.9634,0.77,0.33,0.33,mixed,0.27,normal,0.00,-2000,mm,24.60,102.96,102.97,102.9574,-2.85,1.16,0.17,chop,-0.76,calm,0.00,-3000,mm,-396.86,28.02,28.03,28.0100,1.12,0.34,1.00,mixed,3.42,normal,0.00,-5128,mm,-28.88
17.976,4,592.0,-425.65,-425.65,10128,-10128,176.96,176.97,176.9634,0.77,0.33,0.33,mixed,0.27,normal,0.00,-2000,mm,24.60,102.96,102.97,102.9574,-2.81,1.16,0.17,chop,-0.76,calm,0.00,-3000,mm,-396.86,28.02,28.03,28.0101,1.12,0.34,1.00,mixed,3.42,normal,0.00,-5128,mm,-28.88
18.012,4,592.0,-425.65,-425.65,10128,-10128,176.96,176.97,176.9635,0.76,0.33,0.33,mixed,0.27,normal,0.00,-2000,mm,24.60,102.96,102.97,102.9575,-2.74,1.16,0.17,chop,-0.76,calm,0.00,-3000,mm,-396.86,28.02,28.03,28.0103,1.14,0.34,1.00,mixed,3.42,normal,0.00,-5128,mm,-28.88
18.026,4,592.0,-425.65,-425.65,10128,-10128,176.96,176.97,176.9635,0.76,0.33,0.33,mixed,0.27,normal,0.00,-2000,mm,24.60,102.96,102.97,102.9575,-2.72,1.16,0.17,chop,-0.76,calm,0.00,-3000,mm,-396.86,28.02,28.03,28.0103,1.15,0.34,1.00,mixed,3.42,normal,0.00,-5128,mm,-28.88
18.051,4,592.0,-425.65,-425.65,10128,-10128,176.96,176.97,176.9635,0.76,0.33,0.33,mixed,0.27,normal,0.00,-2000,mm,24.60,102.96,102.97,102.9576,-2.67,1.16,0.17,chop,-0.76,calm,0.00,-3000,mm,-396.86,28.02,28.03,28.0104,1.17,0.34,1.00,mixed,3.42,normal,0.00,-5128,mm,-28.88
18.077,4,592.0,-425.65,-425.65,10128,-10128,176.96,176.97,176.9635,0.76,0.30,0.33,mixed,0.26,normal,0.00,-2000,mm,24.60,102.96,102.97,102.9576,-2.62,1.30,0.09,chop,-0.10,calm,0.00,-3000,mm,-396.86,28.02,28.03,28.0106,1.18,0.34,1.00,mixed,2.87,normal,0.00,-5128,mm,-28.88
18.230,4,592.0,-425.65,-425.65,11728,-11728,176.96,176.97,176.9636,0.74,0.30,0.33,mixed,0.26,normal,0.00,-2000,mm,24.60,102.96,103.03,102.9595,-1.99,1.30,0.09,chop,-0.10,calm,0.00,-4600,mm,-676.06,28.02,28.03,28.0113,1.25,0.34,1.00,mixed,2.87,normal,0.00,-5128,mm,-28.88
18.300,4,592.0,-425.65,-425.65,11728,-11728,176.96,176.97,176.9636,0.74,0.30,0.33,mixed,0.26,normal,0.00,-2000,mm,24.60,102.96,103.03,102.9603,-1.73,1.30,0.09,chop,-0.10,calm,0.00,-4600,mm,-676.06,28.02,28.03,28.0116,1.28,0.34,1.00,mixed,2.87,normal,0.00,-5128,mm,-28.88
18.346,4,592.0,-425.65,-425.65,11728,-11728,176.96,176.97,176.9636,0.73,0.30,0.33,mixed,0.25,normal,0.00,-2000,mm,24.60,102.96,103.03,102.9608,-1.57,1.30,0.00,chop,0.88,calm,0.00,-4600,mm,-676.06,28.02,28.03,28.0118,1.29,0.34,1.00,mixed,2.52,normal,0.00,-5128,mm,-28.88
18.399,4,592.0,-425.65,-425.65,13166,-3166,176.96,176.97,176.9636,0.73,0.30,0.33,mixed,0.25,normal,0.00,-2000,mm,24.60,102.97,103.01,102.9614,-1.42,1.30,0.00,chop,0.88,calm,0.00,5000,mm,-583.62,28.03,28.05,28.0123,1.38,0.34,1.00,mixed,2.52,normal,0.00,-6166,mm,-27.74
18.457,4,592.0,-425.65,-425.65,13166,-3166,176.96,176.97,176.9637,0.72,0.30,0.33,mixed,0.25,normal,0.00,-2000,mm,24.60,102.97,103.01,102.9619,-1.26,1.30,0.00,chop,0.88,calm,0.00,5000,mm,-583.62,28.03,28.05,28.0128,1.46,0.34,1.00,mixed,2.52,normal,0.00,-6166,mm,-27.74
18.498,4,592.0,-425.65,-425.65,13166,-3166,176.96,176.97,176.9637,0.72,0.30,0.33,mixed,0.25,normal,0.00,-2000,mm,24.60,102.97,103.01,102.9623,-1.16,1.30,0.00,chop,0.88,calm,0.00,5000,mm,-583.62,28.03,28.05,28.0132,1.52,0.34,1.00,mixed,2.52,normal,0.00,-6166,mm,-27.74
18.513,4,592.0,-425.65,-425.65,13166,-3166,176.96,176.97,176.9637,0.72,0.30,0.33,mixed,0.25,normal,0.00,-2000,mm,24.60,102.97,103.01,102.9624,-1.12,1.30,0.00,chop,0.88,calm,0.00,5000,mm,-583.62,28.03,28.05,28.0133,1.54,0.34,1.00,mixed,2.52,normal,0.00,-6166,mm,-27.74
18.540,4,592.0,-425.65,-425.65,13166,-3166,176.96,176.97,176.9637,0.71,0.30,0.33,mixed,0.25,normal,0.00,-2000,mm,24.60,102.97,103.01,102.9627,-1.06,1.30,0.00,chop,0.88,calm,0.00,5000,mm,-583.62,28.03,28.05,28.0136,1.58,0.34,1.00,mixed,2.52,normal,0.00,-6166,mm,-27.74
18.578,4,592.0,-425.65,-425.65,13166,-3166,176.96,176.97,176.9637,0.71,0.28,0.33,mixed,0.25,normal,0.00,-2000,mm,24.60,102.97,103.01,102.9630,-0.97,1.40,0.00,chop,0.88,calm,0.00,5000,mm,-583.62,28.03,28.05,28.0139,1.63,0.43,1.00,mixed,2.52,normal,0.00,-6166,mm,-27.74
18.671,4,592.0,-425.65,-425.65,13166,-3166,176.96,176.97,176.9638,0.70,0.28,0.33,mixed,0.24,normal,0.00,-2000,mm,24.60,102.98,102.99,102.9637,-0.81,1.40,0.03,chop,0.54,calm,0.00,5000,mm,-583.62,28.03,28.05,28.0147,1.73,0.43,1.00,mixed,3.61,normal,0.00,-6166,mm,-27.74
18.718,4,592.0,-425.65,-425.65,13166,-3166,176.96,176.97,176.9638,0.70,0.28,0.33,mixed,0.24,normal,0.00,-2000,mm,24.60,102.98,102.99,102.9640,-0.73,1.40,0.03,chop,0.54,calm,0.00,5000,mm,-533.62,28.04,28.05,28.0152,1.81,0.43,1.00,mixed,3.61,normal,0.00,-6166,mm,-89.40
18.783,4,592.0,-425.65,-425.65,13166,-3166,176.96,176.97,176.9638,0.69,0.28,0.33,mixed,0.24,normal,0.00,-2000,mm,24.60,102.98,102.99,102.9645,-0.63,1.40,0.03,chop,0.54,calm,0.00,5000,mm,-533.62,28.04,28.05,28.0158,1.90,0.43,1.00,mixed,3.61,normal,0.00,-6166,mm,-89.40
18.810,5,590.0,-598.42,-598.42,13166,-3166,176.96,176.97,176.9638,0.69,0.28,0.33,mixed,0.24,normal,0.00,-2000,mm,24.60,102.98,102.99,102.9647,-0.59,1.40,0.03,chop,0.54,calm,0.00,5000,mm,-533.62,28.04,28.05,28.0161,1.93,0.43,1.00,mixed,3.61,normal,0.00,-6166,mm,-89.40
18.830,5,590.0,-598.42,-598.42,13166,-3166,176.96,176.97,176.9638,0.69,0.28,0.33,mixed,0.24,normal,0.00,-2000,mm,24.60,102.98,102.99,102.9648,-0.56,1.40,0.03,chop,0.54,calm,0.00,5000,mm,-533.62,28.04,28.05,28.0163,1.96,0.43,1.00,mixed,3.61,normal,0.00,-6166,mm,-89.40
18.930,5,590.0,-598.42,-598.42,13066,-3266,176.96,176.97,176.9639,0.68,0.28,0.33,mixed,0.24,normal,0.00,-2000,mm,24.60,102.98,103.0,102.9656,-0.39,1.40,0.01,chop,0.69,calm,0.00,4900,mm,-531.82,28.04,28.05,28.0172,2.07,0.43,1.00,mixed,3.35,stressed,0.00,-6166,mm,-89.40
18.985,5,590.0,-598.42,-598.42,13066,-3266,176.96,176.97,176.9639,0.68,0.28,0.33,mixed,0.24,normal,0.00,-2000,mm,24.60,102.98,103.0,102.9661,-0.30,1.40,0.01,chop,0.69,calm,0.00,4900,mm,-531.82,28.04,28.05,28.0177,2.13,0.43,1.00,mixed,3.35,stressed,0.00,-6166,mm,-89.40
19.023,5,590.0,-598.42,-598.42,13066,-3266,176.96,176.97,176.9639,0.67,0.28,0.33,mixed,0.24,normal,0.00,-2000,mm,24.60,102.98,103.0,102.9664,-0.24,1.40,0.01,chop,0.69,calm,0.00,4900,mm,-531.82,28.04,28.05,28.0180,2.17,0.43,1.00,mixed,3.35,stressed,0.00,-6166,mm,-89.40
19.042,5,590.0,-598.42,-598.42,13066,-3266,176.96,176.97,176.9639,0.67,0.28,0.33,mixed,0.24,normal,0.00,-2000,mm,24.60,102.98,103.0,102.9665,-0.21,1.40,0.01,chop,0.69,calm,0.00,4900,mm,-531.82,28.04,28.05,28.0182,2.18,0.43,1.00,mixed,3.35,stressed,0.00,-6166,mm,-89.40
19.076,5,590.0,-598.42,-598.42,13066,-3266,176.96,176.97,176.9639,0.67,0.28,0.33,mixed,0.24,normal,0.00,-2000,mm,24.60,102.98,103.0,102.9668,-0.16,1.40,0.01,chop,0.69,calm,0.00,4900,mm,-531.82,28.04,28.05,28.0185,2.22,0.43,1.00,mixed,3.35,stressed,0.00,-6166,mm,-89.40
19.105,5,590.0,-598.42,-598.42,13066,-3266,176.96,176.97,176.9639,0.67,0.25,0.33,mixed,0.24,normal,0.00,-2000,mm,24.60,102.98,103.0,102.9670,-0.12,1.28,0.01,chop,0.69,calm,0.00,4900,mm,-531.82,28.04,28.05,28.0188,2.24,0.40,1.00,mixed,3.35,stressed,0.00,-6166,mm,-89.40
19.150,5,590.0,-598.42,-598.42,13066,-3266,176.96,176.98,176.9640,0.68,0.25,0.33,mixed,0.24,normal,0.00,-2000,mm,24.60,102.98,103.02,102.9675,-0.02,1.28,0.01,chop,0.69,calm,0.00,4900,mm,-531.82,28.04,28.06,28.0192,2.30,0.40,1.00,mixed,3.35,stressed,0.00,-6166,mm,-89.40
19.249,5,590.0,-598.42,-598.42,13066,-3266,176.96,176.98,176.9642,0.71,0.25,0.43,mixed,1.20,normal,0.00,-2000,mm,24.60,102.98,103.02,102.9685,0.17,1.28,0.01,chop,1.00,calm,0.00,4900,mm,-531.82,28.04,28.06,28.0202,2.41,0.40,1.00,mixed,3.17,stressed,0.00,-6166,mm,-89.40
19.267,5,590.0,-598.42,-598.42,13066,-3266,176.96,176.98,176.9643,0.72,0.25,0.43,mixed,1.20,normal,0.00,-2000,mm,24.60,102.98,103.02,102.9687,0.21,1.28,0.01,chop,1.00,calm,0.00,4900,mm,-531.82,28.04,28.06,28.0204,2.43,0.40,1.00,mixed,3.17,stressed,0.00,-6166,mm,-89.40
19.304,5,590.0,-598.42,-598.42,13066,-3266,176.96,176.98,176.9643,0.73,0.25,0.43,mixed,1.20,normal,0.00,-2000,mm,24.60,102.98,103.02,102.9691,0.28,1.28,0.01,chop,1.00,calm,0.00,4900,mm,-531.82,28.04,28.06,28.0208,2.47,0.40,1.00,mixed,3.17,stressed,0.00,-6166,mm,-89.40
19.329,5,590.0,-598.42,-598.42,13066,-3266,176.96,176.98,176.9644,0.73,0.25,0.43,mixed,1.20,normal,0.00,-2000,mm,24.60,102.98,103.02,102.9694,0.32,1.28,0.01,chop,1.00,calm,0.00,4900,mm,-531.82,28.04,28.06,28.0210,2.49,0.40,1.00,mixed,3.17,stressed,0.00,-6166,mm,-89.40
19.364,5,590.0,-598.42,-598.42,13066,-3266,176.96,176.98,176.9644,0.74,0.25,0.43,mixed,1.20,normal,0.00,-2000,mm,24.60,102.98,103.02,102.9697,0.38,1.28,0.01,chop,1.00,calm,0.00,4900,mm,-531.82,28.04,28.06,28.0214,2.52,0.40,1.00,mixed,3.17,stressed,0.00,-6166,mm,-89.40
19.460,5,590.0,-598.42,-598.42,13066,-3266,176.97,176.98,176.9648,0.80,0.25,0.43,mixed,1.20,normal,0.00,-2000,mm,24.60,103.0,103.01,102.9708,0.57,1.28,0.01,chop,1.00,calm,0.00,4900,mm,-433.82,28.05,28.08,28.0227,2.72,0.40,1.00,mixed,3.17,stressed,0.00,-6166,mm,-89.40
19.559,5,590.0,-598.42,-598.42,13066,-3266,176.97,176.98,176.9651,0.86,0.25,0.50,mixed,2.14,normal,0.00,-2000,mm,24.60,103.0,103.01,102.9719,0.75,1.28,0.03,chop,1.14,calm,0.00,4900,mm,-433.82,28.05,28.08,28.0241,2.90,0.40,1.00,mixed,3.50,stressed,0.00,-6166,mm,-89.40
19.595,5,590.0,-598.42,-598.42,13066,-3266,176.97,176.98,176.9652,0.88,0.25,0.50,mixed,2.14,normal,0.00,-2000,mm,24.60,103.0,103.01,102.9723,0.81,1.28,0.03,chop,1.14,calm,0.00,4900,mm,-433.82,28.05,28.08,28.0246,2.96,0.40,1.00,mixed,3.50,stressed,0.00,-6166,mm,-89.40
19.610,5,590.0,-598.42,-598.42,13066,-3266,176.97,176.98,176.9653,0.89,0.31,0.50,mixed,2.14,normal,0.00,-2000,mm,24.60,103.0,103.01,102.9725,0.83,1.27,0.03,chop,1.14,calm,0.00,4900,mm,-433.82,28.05,28.08,28.0248,2.99,0.51,1.00,mixed,3.50,stressed,0.00,-6166,mm,-89.40
19.703,5,590.0,-598.42,-598.42,13866,-2466,176.97,176.98,176.9656,0.93,0.31,0.50,mixed,2.14,normal,0.00,-2000,mm,24.60,102.93,102.95,102.9715,0.47,1.27,0.03,chop,1.14,calm,0.00,5700,mm,-734.70,28.07,28.09,28.0265,3.24,0.51,1.00,mixed,3.50,stressed,0.00,-6166,mm,-274.38
19.773,5,590.0,-598.42,-598.42,13866,-2466,176.97,176.98,176.9658,0.96,0.31,0.50,mixed,2.14,normal,0.00,-2000,mm,24.60,102.93,102.95,102.9708,0.22,1.27,0.03,chop,1.14,calm,0.00,5700,mm,-734.70,28.07,28.09,28.0277,3.42,0.51,1.00,mixed,3.50,stressed,0.00,-6166,mm,-274.38
19.790,5,590.0,-598.42,-598.42,13866,-2466,176.97,176.98,176.9658,0.97,0.31,0.50,mixed,2.14,normal,0.00,-2000,mm,24.60,102.93,102.95,102.9706,0.16,1.27,0.03,chop,1.14,calm,0.00,5700,mm,-734.70,28.07,28.09,28.0280,3.46,0.51,1.00,mixed,3.50,stressed,0.00,-6166,mm,-274.38
19.812,5,590.0,-598.42,-598.42,13866,-2466,176.97,176.98,176.9659,0.97,0.31,0.50,mixed,2.08,normal,0.00,-2000,mm,24.60,102.93,102.95,102.9704,0.09,1.27,0.12,chop,-1.05,calm,0.00,5700,mm,-734.70,28.07,28.09,28.0284,3.51,0.51,1.00,mixed,3.57,stressed,0.00,-6166,mm,-274.38
19.841,5,590.0,-598.42,-598.42,13866,-2466,176.97,176.98,176.9660,0.98,0.31,0.50,mixed,2.08,normal,0.00,-2000,mm,24.60,102.93,102.95,102.9701,-0.00,1.27,0.12,chop,-1.05,calm,0.00,5700,mm,-734.70,28.07,28.09,28.0289,3.57,0.51,1.00,mixed,3.57,stressed,0.00,-6166,mm,-274.38
19.869,5,590.0,-598.42,-598.42,13866,-2466,176.97,176.98,176.9661,0.99,0.31,0.50,mixed,2.08,normal,0.00,-2000,mm,24.60,102.93,102.95,102.9698,-0.09,1.27,0.12,chop,-1.05,calm,0.00,5700,mm,-734.70,28.07,28.09,28.0294,3.63,0.51,1.00,mixed,3.57,stressed,0.00,-6166,mm,-274.38
19.958,5,590.0,-598.42,-598.42,3866,-2466,176.97,176.98,176.9663,1.02,0.31,0.50,mixed,2.08,normal,0.00,-2000,mm,24.60,102.93,102.94,102.9688,-0.39,1.27,0.12,chop,-1.05,calm,0.00,700,mm,-784.70,28.09,28.1,28.0313,3.92,0.51,1.00,mixed,3.57,stressed,0.00,-1166,mm,-345.20
20.011,5,590.0,-598.42,-598.42,3866,-2466,176.97,176.98,176.9665,1.04,0.31,0.50,mixed,2.08,normal,0.00,-2000,mm,24.60,102.93,102.94,102.9682,-0.55,1.27,0.12,chop,-1.05,calm,0.00,700,mm,-784.70,28.09,28.1,28.0324,4.07,0.51,1.00,mixed,3.57,stressed,0.00,-1166,mm,-345.20
20.037,5,590.0,-598.42,-598.42,3866,-2466,176.97,176.98,176.9666,1.05,0.31,0.50,mixed,2.08,normal,0.00,-2000,mm,24.60,102.93,102.94,102.9679,-0.63,1.27,0.12,chop,-1.05,calm,0.00,700,mm,-784.70,28.09,28.1,28.0329,4.14,0.51,1.00,mixed,3.57,stressed,0.00,-1166,mm,-345.20
20.056,5,590.0,-598.42,-598.42,3866,-2466,176.97,176.98,176.9666,1.05,0.31,0.50,mixed,2.08,normal,0.00,-2000,mm,24.60,102.93,102.94,102.9677,-0.68,1.27,0.12,chop,-1.05,calm,0.00,700,mm,-784.70,28.09,28.1,28.0333,4.19,0.51,1.00,mixed,3.57,stressed,0.00,-1166,mm,-345.20
20.073,5,590.0,-598.42,-598.42,3866,-2466,176.97,176.98,176.9667,1.05,0.31,0.50,mixed,2.03,normal,0.00,-2000,mm,24.60,102.93,102.94,102.9675,-0.73,1.27,0.13,chop,-1.18,calm,0.00,700,mm,-784.70,28.09,28.1,28.0337,4.24,0.51,1.00,mixed,3.53,stressed,0.00,-1166,mm,-345.20
20.100,5,590.0,-598.42,-598.42,3866,-2466,176.97,176.98,176.9667,1.06,0.31,0.50,mixed,2.03,normal,0.00,-2000,mm,24.60,102.93,102.94,102.9672,-0.81,1.27,0.13,chop,-1.18,calm,0.00,700,mm,-784.70,28.09,28.1,28.0342,4.31,0.51,1.00,mixed,3.53,stressed,0.00,-1166,mm,-345.20
20.157,5,590.0,-598.42,-598.42,3866,-2466,176.97,176.98,176.9669,1.07,0.29,0.50,mixed,2.03,normal,0.00,-2000,mm,24.60,102.93,102.94,102.9666,-0.95,1.80,0.13,chop,-1.18,calm,0.00,700,mm,-784.70,28.09,28.1,28.0354,4.45,0.68,1.00,mixed,3.53,stressed,0.00,-1166,mm,-345.20
20.224,5,590.0,-598.42,-598.42,3866,-2466,176.97,176.99,176.9672,1.12,0.29,0.50,mixed,2.03,normal,0.00,-2000,mm,24.60,102.93,103.01,102.9667,-0.92,1.80,0.13,chop,-1.18,calm,0.00,700,mm,-784.70,28.09,28.1,28.0367,4.60,0.68,1.00,mixed,3.53,stressed,0.00,-1166,mm,-345.20
20.263,5,590.0,-598.42,-598.42,3866,-2466,176.97,176.99,176.9673,1.14,0.29,0.50,mixed,2.03,normal,0.00,-2000,mm,24.60,102.93,103.01,102.9667,-0.90,1.80,0.13,chop,-1.18,calm,0.00,700,mm,-784.70,28.09,28.1,28.0374,4.68,0.68,1.00,mixed,3.53,stressed,0.00,-1166,mm,-345.20
20.288,5,590.0,-598.42,-598.42,3866,-2466,176.97,176.99,176.9674,1.15,0.29,0.50,mixed,2.03,normal,0.00,-2000,mm,24.60,102.93,103.01,102.9668,-0.89,1.80,0.13,chop,-1.18,calm,0.00,700,mm,-784.70,28.09,28.1,28.0379,4.73,0.68,1.00,mixed,3.53,stressed,0.00,-1166,mm,-345.20
20.315,5,590.0,-598.42,-598.42,3866,-2466,176.97,176.99,176.9676,1.17,0.29,0.50,mixed,2.03,normal,0.00,-2000,mm,24.60,102.93,103.01,102.9668,-0.87,1.80,0.13,chop,-1.18,calm,0.00,700,mm,-784.70,28.09,28.1,28.0384,4.78,0.68,1.00,mixed,3.53,stressed,0.00,-1166,mm,-345.20
20.326,5,590.0,-598.42,-598.42,3866,-2466,176.97,176.99,176.9676,1.17,0.29,0.75,mixed,2.78,normal,0.00,-2000,mm,24.60,102.93,103.01,102.9668,-0.87,1.80,0.03,chop,0.00,calm,0.00,700,mm,-784.70,28.09,28.1,28.0386,4.80,0.68,1.00,mixed,3.03,stressed,0.00,-1166,mm,-345.20
20.356,5,590.0,-598.42,-598.42,3866,-2466,176.97,176.99,176.9677,1.19,0.29,0.75,mixed,2.78,normal,0.00,-2000,mm,24.60,102.93,103.01,102.9668,-0.86,1.80,0.03,chop,0.00,calm,0.00,700,mm,-784.70,28.09,28.1,28.0392,4.85,0.68,1.00,mixed,3.03,stressed,0.00,-1166,mm,-345.20
20.378,5,590.0,-598.42,-598.42,3866,-2466,176.97,176.99,176.9678,1.20,0.29,0.75,mixed,2.78,normal,0.00,-2000,mm,24.60,102.93,103.01,102.9669,-0.85,1.80,0.03,chop,0.00,calm,0.00,700,mm,-784.70,28.09,28.1,28.0396,4.89,0.68,1.00,mixed,3.03,stressed,0.00,-1166,mm,-345.20
20.488,5,590.0,-598.42,-598.42,6787,-5387,176.97,176.99,176.9683,1.25,0.29,0.75,mixed,2.78,normal,0.00,-4921,mm,-8.68,102.96,102.99,102.9672,-0.75,1.80,0.03,chop,0.00,calm,0.00,700,mm,-784.70,28.1,28.11,28.0420,5.15,0.68,1.00,mixed,3.03,stressed,0.00,-1166,mm,-345.20
20.533,5,590.0,-598.42,-598.42,6787,-5387,176.98,176.99,176.9685,1.29,0.29,0.75,mixed,2.78,normal,0.00,-4921,mm,-8.68,102.96,102.99,102.9673,-0.72,1.80,0.03,chop,0.00,calm,0.00,700,mm,-784.70,28.1,28.11,28.0429,5.25,0.68,1.00,mixed,3.03,stressed,0.00,-1166,mm,-345.20
20.553,5,590.0,-598.42,-598.42,6787,-5387,176.98,176.99,176.9686,1.30,0.29,0.75,mixed,2.78,normal,0.00,-4921,mm,-8.68,102.96,102.99,102.9673,-0.70,1.80,0.03,chop,0.00,calm,0.00,700,mm,-784.70,28.1,28.11,28.0433,5.29,0.68,1.00,mixed,3.03,stressed,0.00,-1166,mm,-345.20
20.571,5,590.0,-598.42,-598.42,6787,-5387,176.98,176.99,176.9687,1.31,0.29,0.75,mixed,2.78,normal,0.00,-4921,mm,-8.68,102.96,102.99,102.9674,-0.69,1.80,0.03,chop,0.00,calm,0.00,700,mm,-784.70,28.1,28.11,28.0437,5.32,0.68,1.00,mixed,3.03,stressed,0.00,-1166,mm,-345.20
20.603,5,590.0,-598.42,-598.42,6787,-5387,176.98,176.99,176.9689,1.34,0.29,0.75,mixed,3.17,normal,0.00,-4921,mm,-8.68,102.96,102.99,102.9675,-0.67,1.80,0.08,chop,0.17,calm,0.00,700,mm,-784.70,28.1,28.11,28.0443,5.39,0.68,1.00,mixed,2.98,stressed,0.00,-1166,mm,-345.20
20.627,5,590.0,-598.42,-598.42,6787,-5387,176.98,176.99,176.9690,1.35,0.29,0.75,mixed,3.17,normal,0.00,-4921,mm,-8.68,102.96,102.99,102.9675,-0.65,1.80,0.08,chop,0.17,calm,0.00,700,mm,-784.70,28.1,28.11,28.0448,5.43,0.68,1.00,mixed,2.98,stressed,0.00,-1166,mm,-345.20
20.649,5,590.0,-598.42,-598.42,6787,-5387,176.98,176.99,176.9691,1.37,0.29,0.75,mixed,3.17,normal,0.00,-4921,mm,-8.68,102.96,102.99,102.9676,-0.64,1.80,0.08,chop,0.17,calm,0.00,700,mm,-784.70,28.1,28.11,28.0453,5.47,0.68,1.00,mixed,2.98,stressed,0.00,-1166,mm,-345.20
20.804,5,590.0,-598.42,-598.42,7066,-5666,176.98,177.08,176.9722,2.03,0.75,0.75,mixed,3.17,normal,0.00,-5200,mm,-476.04,102.97,102.98,102.9679,-0.54,2.01,0.08,chop,0.17,calm,0.00,700,mm,-756.70,28.12,28.14,28.0495,6.02,0.86,1.00,mixed,2.98,stressed,0.00,-1166,mm,-391.84
20.897,6,588.0,-1624.58,-1624.58,7066,-5666,176.98,177.08,176.9739,2.36,0.75,0.87,mixed,5.41,stressed,0.00,-5200,mm,-476.04,102.97,102.98,102.9682,-0.49,2.01,0.01,chop,0.17,calm,0.00,700,mm,-756.70,28.12,28.14,28.0520,6.30,0.86,1.00,TREND,3.27,stressed,0.00,-1166,mm,-391.84
21.030,6,588.0,-1624.58,-1624.58,900,500,177.01,177.08,176.9770,2.95,0.75,0.87,mixed,5.41,stressed,0.00,-200,mm,-464.54,102.96,102.97,102.9680,-0.53,2.01,0.01,chop,0.17,calm,0.00,700,mm,-756.70,28.13,28.14,28.0556,6.70,0.86,1.00,TREND,3.27,stressed,0.00,0,mm,-440.23
21.051,6,588.0,-1624.58,-1624.58,900,500,177.01,177.08,176.9775,3.04,0.75,0.87,mixed,5.41,stressed,0.00,-200,mm,-464.54,102.96,102.97,102.9680,-0.54,2.01,0.01,chop,0.17,calm,0.00,700,mm,-756.70,28.13,28.14,28.0561,6.75,0.86,1.00,TREND,3.27,stressed,0.00,0,mm,-440.23
21.118,6,588.0,-1624.58,-1624.58,900,500,177.01,177.08,176.9790,3.29,0.75,0.87,mixed,5.41,stressed,0.00,-200,mm,-464.54,102.96,102.97,102.9679,-0.56,2.01,0.01,chop,0.17,calm,0.00,700,mm,-756.70,28.13,28.14,28.0579,6.92,0.86,1.00,TREND,3.27,stressed,0.00,0,mm,-440.23
21.157,6,588.0,-1624.58,-1624.58,900,500,177.01,177.08,176.9798,3.42,0.75,0.88,mixed,4.60,stressed,0.00,-200,mm,-464.54,102.96,102.97,102.9679,-0.57,2.01,0.02,chop,-0.18,calm,0.00,700,mm,-756.70,28.13,28.14,28.0589,7.01,0.86,1.00,TREND,2.99,stressed,0.00,0,mm,-440.23
21.208,6,588.0,-1624.58,-1624.58,900,500,177.01,177.08,176.9810,3.60,0.75,0.88,mixed,4.60,stressed,0.00,-200,mm,-464.54,102.96,102.97,102.9678,-0.58,2.01,0.02,chop,-0.18,calm,0.00,700,mm,-756.70,28.13,28.14,28.0601,7.12,0.86,1.00,TREND,2.99,stressed,0.00,0,mm,-440.23
21.382,6,588.0,-1624.58,-1624.58,900,500,177.07,177.09,176.9865,4.59,1.06,0.88,mixed,4.60,stressed,0.00,-200,mm,-464.54,102.92,102.93,102.9654,-1.17,2.27,0.02,chop,-0.18,calm,0.00,700,mm,-791.70,28.13,28.28,28.0601,7.12,0.86,1.00,TREND,2.99,stressed,0.00,0,mm,-440.23
21.548,6,588.0,-1624.58,-1624.58,200,-200,177.08,177.09,176.9918,5.42,1.06,1.00,TREND,4.74,stressed,0.00,-200,mm,-464.54,102.9,102.93,102.9627,-1.76,2.27,0.12,chop,-1.85,calm,0.00,0,mm,-751.10,28.16,28.25,28.0679,8.34,1.36,1.00,TREND,3.88,stressed,0.00,0,mm,-440.23
21.575,6,588.0,-1624.58,-1624.58,200,-200,177.08,177.09,176.9927,5.54,1.06,1.00,TREND,4.74,stressed,0.00,-200,mm,-464.54,102.9,102.93,102.9623,-1.84,2.27,0.12,chop,-1.85,calm,0.00,0,mm,-751.10,28.16,28.25,28.0691,8.52,1.36,1.00,TREND,3.88,stressed,0.00,0,mm,-440.23
21.605,6,588.0,-1624.58,-1624.58,200,-200,177.08,177.09,176.9936,5.67,1.06,1.00,TREND,4.74,stressed,0.00,-200,mm,-464.54,102.9,102.93,102.9618,-1.94,2.27,0.12,chop,-1.85,calm,0.00,0,mm,-751.10,28.16,28.25,28.0705,8.72,1.36,1.00,TREND,3.88,stressed,0.00,0,mm,-440.23
21.642,6,588.0,-1624.58,-1624.58,200,-200,177.08,177.09,176.9947,5.82,1.06,1.00,TREND,4.74,stressed,0.00,-200,mm,-464.54,102.9,102.93,102.9612,-2.05,2.27,0.12,chop,-1.85,calm,0.00,0,mm,-751.10,28.16,28.25,28.0722,8.94,1.36,1.00,TREND,3.88,stressed,0.00,0,mm,-440.23
21.660,6,588.0,-1624.58,-1624.58,200,-200,177.08,177.09,176.9953,5.89,1.06,1.00,TREND,4.74,stressed,0.00,-200,mm,-464.54,102.9,102.93,102.9610,-2.10,2.27,0.12,chop,-1.85,calm,0.00,0,mm,-751.10,28.16,28.25,28.0730,9.04,1.36,1.00,TREND,3.88,stressed,0.00,0,mm,-440.23
21.696,6,588.0,-1624.58,-1624.58,900,-900,177.08,177.11,176.9964,6.06,1.06,1.00,TREND,4.74,stressed,0.00,-200,mm,-464.54,102.9,102.91,102.9603,-2.23,2.27,0.12,chop,-1.85,calm,0.00,-700,mm,-778.12,28.17,28.23,28.0745,9.23,1.36,1.00,TREND,3.88,stressed,0.00,0,mm,-440.23
21.774,6,588.0,-1624.58,-1624.58,900,-900,177.08,177.11,176.9990,6.40,1.06,1.00,TREND,4.74,stressed,0.00,-200,mm,-464.54,102.9,102.91,102.9589,-2.49,2.27,0.12,chop,-1.85,calm,0.00,-700,mm,-778.12,28.17,28.23,28.0777,9.60,1.36,1.00,TREND,3.88,stressed,0.00,0,mm,-440.23
21.796,6,588.0,-1624.58,-1624.58,900,-900,177.08,177.11,176.9997,6.49,1.06,1.00,TREND,4.74,stressed,0.00,-200,mm,-464.54,102.9,102.91,102.9585,-2.56,2.27,0.12,chop,-1.85,calm,0.00,-700,mm,-778.12,28.17,28.23,28.0786,9.70,1.36,1.00,TREND,3.88,stressed,0.00,0,mm,-440.23
21.821,6,588.0,-1624.58,-1624.58,900,-900,177.08,177.11,177.0005,6.59,1.06,1.00,TREND,4.03,stressed,0.00,-200,mm,-464.54,102.9,102.91,102.9580,-2.64,2.27,0.15,chop,-2.06,calm,0.00,-700,mm,-778.12,28.17,28.23,28.0796,9.81,1.36,0.95,TREND,3.24,stressed,0.00,0,mm,-440.23
21.846,6,588.0,-1624.58,-1624.58,900,-900,177.08,177.11,177.0013,6.68,1.06,1.00,TREND,4.03,stressed,0.00,-200,mm,-464.54,102.9,102.91,102.9576,-2.72,2.27,0.15,chop,-2.06,calm,0.00,-700,mm,-778.12,28.17,28.23,28.0806,9.92,1.36,0.95,TREND,3.24,stressed,0.00,0,mm,-440.23
21.871,6,588.0,-1624.58,-1624.58,900,-900,177.08,177.11,177.0020,6.77,1.06,1.00,TREND,4.03,stressed,0.00,-200,mm,-464.54,102.9,102.91,102.9572,-2.79,2.27,0.15,chop,-2.06,calm,0.00,-700,mm,-778.12,28.17,28.23,28.0816,10.02,1.36,0.95,TREND,3.24,stressed,0.00,0,mm,-440.23
21.898,6,588.0,-1624.58,-1624.58,900,-900,177.08,177.11,177.0029,6.87,1.00,1.00,TREND,4.03,stressed,0.00,-200,mm,-464.54,102.9,102.91,102.9567,-2.87,2.18,0.15,chop,-2.06,calm,0.00,-700,mm,-778.12,28.17,28.23,28.0827,10.12,1.36,0.95,TREND,3.24,stressed,0.00,0,mm,-440.23
22.177,6,588.0,-1624.58,-1624.58,700,-700,177.09,177.1,177.0110,7.67,1.00,1.00,TREND,3.41,stressed,0.00,0,mm,-469.08,102.9,102.96,102.9543,-2.99,2.18,0.10,chop,-1.20,calm,0.00,-700,mm,-778.12,28.18,28.22,28.0930,10.99,1.42,0.95,TREND,2.89,stressed,0.00,0,mm,-440.23
22.301,6,588.0,-1624.58,-1624.58,700,-700,177.09,177.13,177.0150,8.08,1.00,1.00,TREND,3.41,stressed,0.00,0,mm,-469.08,102.96,102.97,102.9548,-2.67,2.18,0.10,chop,-1.20,calm,0.00,-700,mm,-778.12,28.19,28.21,28.0974,11.26,1.42,0.95,TREND,2.89,stressed,0.00,0,mm,-440.23
22.342,6,588.0,-1624.58,-1624.58,700,-700,177.09,177.13,177.0164,8.21,1.00,1.00,TREND,3.41,stressed,0.00,0,mm,-469.08,102.96,102.97,102.9549,-2.57,2.18,0.10,chop,-1.20,calm,0.00,-700,mm,-778.12,28.19,28.21,28.0988,11.34,1.42,0.95,TREND,2.89,stressed,0.00,0,mm,-440.23
22.388,6,588.0,-1624.58,-1624.58,700,-700,177.09,177.13,177.0178,8.34,1.00,1.00,TREND,3.41,stressed,0.00,0,mm,-469.08,102.96,102.97,102.9551,-2.47,2.18,0.10,chop,-1.20,calm,0.00,-700,mm,-778.12,28.19,28.21,28.1003,11.42,1.42,0.95,TREND,2.89,stressed,0.00,0,mm,-440.23
22.404,6,588.0,-1624.58,-1624.58,700,-700,177.09,177.13,177.0183,8.38,0.93,1.00,TREND,3.41,stressed,0.00,0,mm,-469.08,102.96,102.97,102.9551,-2.43,2.56,0.10,chop,-1.20,calm,0.00,-700,mm,-778.12,28.19,28.21,28.1009,11.45,1.42,0.95,TREND,2.89,stressed,0.00,0,mm,-440.23
22.425,6,588.0,-1624.58,-1624.58,700,-700,177.09,177.13,177.0189,8.43,0.93,1.00,TREND,3.41,stressed,0.00,0,mm,-469.08,102.96,102.97,102.9552,-2.39,2.56,0.10,chop,-1.20,calm,0.00,-700,mm,-778.12,28.19,28.21,28.1016,11.48,1.42,0.95,TREND,2.89,stressed,0.00,0,mm,-440.23
22.470,6,588.0,-1624.58,-1624.58,1927,-1927,177.1,177.17,177.0206,8.64,0.93,1.00,TREND,3.75,stressed,0.00,0,mm,-469.08,102.96,102.97,102.9553,-2.29,2.56,0.04,chop,-0.05,calm,0.00,-1927,mm,-808.57,28.2,28.21,28.1031,11.57,1.42,0.95,TREND,2.70,stressed,0.00,0,mm,-440.23
22.515,6,588.0,-1624.58,-1624.58,1927,-1927,177.1,177.17,177.0223,8.83,0.93,1.00,TREND,3.75,stressed,0.00,0,mm,-469.08,102.96,102.97,102.9555,-2.20,2.56,0.04,chop,-0.05,calm,0.00,-1927,mm,-808.57,28.2,28.21,28.1046,11.65,1.42,0.95,TREND,2.70,stressed,0.00,0,mm,-440.23
22.547,6,588.0,-1624.58,-1624.58,1927,-1927,177.1,177.17,177.0236,8.96,0.93,1.00,TREND,3.75,stressed,0.00,0,mm,-469.08,102.96,102.97,102.9556,-2.14,2.56,0.04,chop,-0.05,calm,0.00,-1927,mm,-808.57,28.2,28.21,28.1057,11.70,1.42,0.95,TREND,2.70,stressed,0.00,0,mm,-440.23
22.571,6,588.0,-1624.58,-1624.58,1927,-1927,177.1,177.17,177.0244,9.06,0.93,1.00,TREND,3.75,stressed,0.00,0,mm,-469.08,102.96,102.97,102.9556,-2.09,2.56,0.04,chop,-0.05,calm,0.00,-1927,mm,-808.57,28.2,28.21,28.1065,11.74,1.42,0.95,TREND,2.70,stressed,0.00,0,mm,-440.23
22.591,6,588.0,-1624.58,-1624.58,1927,-1927,177.1,177.17,177.0252,9.13,0.93,1.00,TREND,3.75,stressed,0.00,0,mm,-469.08,102.96,102.97,102.9557,-2.06,2.56,0.04,chop,-0.05,calm,0.00,-1927,mm,-808.57,28.2,28.21,28.1071,11.77,1.42,0.95,TREND,2.70,stressed,0.00,0,mm,-440.23
22.616,6,588.0,-1624.58,-1624.58,1927,-1927,177.1,177.17,177.0261,9.23,0.93,1.00,TREND,3.75,stressed,0.00,0,mm,-469.08,102.96,102.97,102.9558,-2.01,2.56,0.04,chop,-0.05,calm,0.00,-1927,mm,-808.57,28.2,28.21,28.1080,11.80,1.42,0.95,TREND,2.70,stressed,0.00,0,mm,-440.23
22.931,6,588.0,-1624.58,-1624.58,1927,-1927,177.1,177.17,177.0369,10.13,0.96,1.00,TREND,3.26,stressed,0.00,0,mm,-469.08,102.96,102.97,102.9567,-1.53,2.30,0.04,chop,-0.05,calm,0.00,-1927,mm,-808.57,28.2,28.21,28.1176,12.10,1.36,0.95,TREND,2.48,stressed,0.00,0,mm,-440.23
23.034,7,586.0,-1717.88,-1717.88,1927,-1927,177.12,177.16,177.0404,10.38,0.96,1.00,TREND,3.26,stressed,0.00,0,mm,-469.08,102.96,102.97,102.9570,-1.41,2.30,0.04,chop,-0.05,calm,0.00,-1927,mm,-808.57,28.2,28.21,28.1206,12.15,1.36,0.95,TREND,2.48,stressed,0.00,0,mm,-440.23
23.152,7,586.0,-1717.88,-1717.88,1927,-1927,177.12,177.16,177.0442,10.62,0.96,1.00,TREND,3.26,stressed,0.00,0,mm,-469.08,102.96,102.97,102.9573,-1.28,2.30,0.04,chop,-0.05,calm,0.00,-1927,mm,-808.57,28.2,28.21,28.1238,12.17,1.36,0.95,TREND,2.48,stressed,0.00,0,mm,-440.23
23.176,7,586.0,-1717.88,-1717.88,1927,-1927,177.12,177.16,177.0450,10.66,0.96,1.00,TREND,3.26,stressed,0.00,0,mm,-469.08,102.96,102.97,102.9574,-1.25,2.30,0.04,chop,-0.05,calm,0.00,-1927,mm,-808.57,28.2,28.21,28.1245,12.18,1.36,0.95,TREND,2.48,stressed,0.00,0,mm,-440.23
23.197,7,586.0,-1717.88,-1717.88,1927,-1927,177.12,177.16,177.0457,10.70,0.96,1.00,TREND,2.99,stressed,0.00,0,mm,-469.08,102.96,102.97,102.9574,-1.23,2.30,0.09,chop,-0.05,calm,0.00,-1927,mm,-808.57,28.2,28.21,28.1250,12.18,1.36,0.95,TREND,2.31,stressed,0.00,0,mm,-440.23
23.359,7,586.0,-1717.88,-1717.88,4527,-2527,177.22,177.23,177.0551,12.03,0.96,1.00,TREND,2.99,stressed,0.00,0,mm,-469.08,102.96,102.97,102.9578,-1.08,2.30,0.09,chop,-0.05,calm,0.00,-3527,mm,-831.04,28.19,28.23,28.1295,12.23,1.36,0.95,TREND,2.31,stressed,0.00,1000,mm,-439.13
23.602,7,586.0,-1717.88,-1717.88,4527,-2527,177.23,177.24,177.0691,13.74,1.64,1.00,TREND,3.95,stressed,0.00,0,mm,-469.08,102.96,102.97,102.9584,-0.89,2.08,0.12,chop,-0.05,calm,0.00,-3527,mm,-795.77,28.2,28.21,28.1354,12.14,1.35,0.95,TREND,2.17,stressed,0.00,1000,mm,-439.13
23.635,7,586.0,-1717.88,-1717.88,4527,-2527,177.23,177.24,177.0709,13.93,1.64,1.00,TREND,3.95,stressed,0.00,0,mm,-469.08,102.96,102.97,102.9584,-0.87,2.08,0.12,chop,-0.05,calm,0.00,-3527,mm,-795.77,28.2,28.21,28.1361,12.12,1.35,0.95,TREND,2.17,stressed,0.00,1000,mm,-439.13
23.692,7,586.0,-1717.88,-1717.88,4527,-2527,177.23,177.24,177.0740,14.24,1.64,1.00,TREND,3.95,stressed,0.00,0,mm,-469.08,102.96,102.97,102.9586,-0.84,2.08,0.12,chop,-0.05,calm,0.00,-3527,mm,-795.77,28.2,28.21,28.1374,12.09,1.35,0.95,TREND,2.17,stressed,0.00,1000,mm,-439.13
23.735,7,586.0,-1717.88,-1717.88,4527,-2527,177.23,177.24,177.0763,14.46,1.64,1.00,TREND,3.95,stressed,0.00,0,mm,-469.08,102.96,102.97,102.9587,-0.81,2.08,0.12,chop,-0.05,calm,0.00,-3527,mm,-795.77,28.2,28.21,28.1384,12.07,1.35,0.95,TREND,2.17,stressed,0.00,1000,dir,-439.13
23.866,7,586.0,-1717.88,-1717.88,4527,-2527,177.28,177.32,177.0858,15.72,1.64,1.00,TREND,4.05,stressed,0.00,0,mm,-469.08,102.96,102.97,102.9589,-0.74,2.08,0.11,chop,-0.05,calm,0.00,-3527,mm,-795.77,28.2,28.21,28.1412,11.98,1.35,0.95,TREND,2.06,stressed,0.00,1000,dir,-429.13
23.915,7,586.0,-1717.88,-1717.88,4527,-2527,177.28,177.32,177.0893,16.16,1.64,1.00,TREND,4.05,stressed,0.00,0,mm,-469.08,102.96,102.97,102.9590,-0.71,2.08,0.11,chop,-0.05,calm,0.00,-3527,mm,-795.77,28.2,28.21,28.1423,11.94,1.35,0.95,TREND,2.06,stressed,0.00,1000,dir,-429.13
23.939,7,586.0,-1717.88,-1717.88,4527,-2527,177.28,177.32,177.0910,16.35,1.64,1.00,TREND,4.05,stressed,0.00,0,mm,-469.08,102.96,102.97,102.9591,-0.70,2.08,0.11,chop,-0.05,calm,0.00,-3527,mm,-795.77,28.2,28.21,28.1428,11.92,1.35,0.95,TREND,2.06,stressed,0.00,1000,dir,-429.13
23.969,7,586.0,-1717.88,-1717.88,4527,-2527,177.28,177.32,177.0931,16.59,1.64,1.00,TREND,4.05,stressed,0.00,0,mm,-469.08,102.96,102.97,102.9591,-0.68,2.08,0.11,chop,-0.05,calm,0.00,-3527,mm,-795.77,28.2,28.21,28.1434,11.90,1.35,0.95,TREND,2.06,stressed,0.00,1000,dir,-429.13
24.094,7,586.0,-1717.88,-1717.88,6527,873,177.29,177.32,177.1017,17.53,1.64,1.00,TREND,4.05,stressed,0.00,0,mm,-469.08,102.94,103.04,102.9604,-0.37,2.08,0.11,chop,-0.05,calm,0.00,-2827,mm,-941.46,28.19,28.21,28.1457,11.74,1.35,0.95,TREND,2.06,stressed,0.00,3700,dir,-460.18
24.249,7,586.0,-1717.88,-1717.88,6527,873,177.29,177.32,177.1119,18.47,1.91,1.00,TREND,3.53,stressed,0.00,0,dir,-469.08,102.94,103.04,102.9619,-0.04,2.09,0.05,chop,0.81,calm,0.00,-2827,mm,-941.46,28.19,28.21,28.1484,11.55,1.37,0.91,TREND,1.90,stressed,0.00,3700,dir,-460.18
24.351,7,586.0,-1717.88,-1717.88,3700,3700,177.3,177.33,177.1188,19.07,1.91,1.00,TREND,3.53,stressed,0.00,0,dir,-469.08,102.96,103.02,102.9628,0.15,2.09,0.05,chop,0.81,calm,0.00,0,mm,-838.97,28.2,28.21,28.1503,11.47,1.37,0.91,TREND,1.90,stressed,0.00,3700,dir,-460.18
24.393,7,586.0,-1717.88,-1717.88,3700,3700,177.3,177.33,177.1215,19.29,1.91,1.00,TREND,3.53,stressed,0.00,0,dir,-469.08,102.96,103.02,102.9632,0.22,2.09,0.05,chop,0.81,calm,0.00,0,mm,-838.97,28.2,28.21,28.1511,11.43,1.37,0.91,TREND,1.90,stressed,0.00,3700,dir,-460.18
24.830,7,586.0,-1717.88,-1717.88,5100,5100,177.33,177.36,177.1518,21.73,1.84,1.00,TREND,3.46,stressed,0.00,1400,dir,-513.99,102.98,103.03,102.9689,1.24,1.99,0.16,chop,1.30,calm,0.00,0,mm,-838.97,28.2,28.21,28.1584,11.01,1.28,0.91,TREND,1.88,stressed,0.00,3700,dir,-460.18
25.145,8,584.0,-1836.13,-1836.13,5200,5200,177.34,177.37,177.1720,22.84,1.84,1.00,TREND,3.17,stressed,0.00,1400,dir,-499.99,102.88,102.91,102.9615,-0.84,1.99,0.06,chop,-2.35,calm,0.00,100,mm,-840.17,28.2,28.21,28.1630,10.68,1.28,0.91,TREND,1.80,stressed,0.00,3700,dir,-497.18
25.416,8,584.0,-1836.13,-1836.13,10100,10100,177.35,177.42,177.1904,23.95,1.77,1.00,TREND,3.10,stressed,0.00,5000,dir,-578.84,102.88,102.9,102.9554,-2.22,2.86,0.07,chop,-2.36,calm,0.00,200,mm,-848.03,28.19,28.21,28.1662,10.28,1.29,0.87,TREND,1.67,stressed,0.00,4900,dir,-473.98
25.461,8,584.0,-1836.13,-1836.13,10100,10100,177.35,177.42,177.1933,24.09,1.77,1.00,TREND,3.10,stressed,0.00,5000,dir,-578.84,102.88,102.9,102.9544,-2.41,2.86,0.07,chop,-2.36,calm,0.00,200,mm,-848.03,28.19,28.21,28.1667,10.22,1.29,0.87,TREND,1.67,stressed,0.00,4900,dir,-473.98
25.485,8,584.0,-1836.13,-1836.13,10100,10100,177.35,177.42,177.1948,24.15,1.77,1.00,TREND,3.10,stressed,0.00,5000,dir,-578.84,102.88,102.9,102.9539,-2.51,2.86,0.07,chop,-2.36,calm,0.00,200,mm,-848.03,28.19,28.21,28.1670,10.19,1.29,0.87,TREND,1.67,stressed,0.00,4900,dir,-473.98
25.591,8,584.0,-1836.13,-1836.13,13900,13900,177.36,177.42,177.2016,24.45,1.77,1.00,TREND,3.10,stressed,0.00,5000,dir,-578.84,102.88,102.9,102.9516,-2.91,2.86,0.07,chop,-2.36,calm,0.00,200,mm,-848.03,28.19,28.21,28.1681,10.04,1.29,0.87,TREND,1.67,stressed,0.00,8700,dir,-604.68
25.671,8,584.0,-1836.13,-1836.13,13900,13900,177.36,177.42,177.2066,24.63,1.77,1.00,TREND,2.87,stressed,0.00,5000,dir,-578.84,102.88,102.9,102.9500,-3.17,2.86,0.07,chop,-2.22,calm,0.00,200,mm,-848.03,28.19,28.21,28.1690,9.93,1.29,0.87,TREND,1.62,stressed,0.00,8700,dir,-604.68
25.765,8,584.0,-1836.13,-1836.13,13900,13900,177.36,177.42,177.2122,24.80,1.77,1.00,TREND,2.87,stressed,0.00,5000,dir,-578.84,102.88,102.9,102.9482,-3.46,2.86,0.07,chop,-2.22,calm,0.00,200,mm,-848.03,28.19,28.21,28.1699,9.81,1.29,0.87,TREND,1.62,stressed,0.00,8700,dir,-604.68
25.873,8,584.0,-1836.13,-1836.13,13900,13900,177.37,177.42,177.2187,24.98,1.77,1.00,TREND,2.87,stressed,0.00,5000,dir,-578.84,102.89,102.9,102.9463,-3.70,2.86,0.07,chop,-2.22,calm,0.00,200,mm,-848.03,28.19,28.21,28.1710,9.66,1.29,0.87,TREND,1.62,stressed,0.00,8700,dir,-604.68
25.910,8,584.0,-1836.13,-1836.13,13900,13900,177.37,177.42,177.2209,25.03,1.77,1.00,TREND,2.87,stressed,0.00,5000,dir,-578.84,102.89,102.9,102.9457,-3.77,2.86,0.07,chop,-2.22,calm,0.00,200,mm,-848.03,28.19,28.21,28.1714,9.62,1.29,0.87,TREND,1.62,stressed,0.00,8700,dir,-604.68
25.936,8,584.0,-1836.13,-1836.13,13900,13900,177.37,177.42,177.2224,25.06,1.76,1.00,TREND,2.68,stressed,0.00,5000,dir,-578.84,102.89,102.9,102.9452,-3.82,2.69,0.08,chop,-1.98,normal,0.00,200,mm,-848.03,28.19,28.21,28.1716,9.58,1.24,0.87,TREND,1.57,stressed,0.00,8700,dir,-604.68
25.962,8,584.0,-1836.13,-1836.13,13900,13900,177.37,177.42,177.2239,25.09,1.76,1.00,TREND,2.68,stressed,0.00,5000,dir,-578.84,102.89,102.9,102.9448,-3.87,2.69,0.08,chop,-1.98,normal,0.00,200,mm,-848.03,28.19,28.21,28.1719,9.55,1.24,0.87,TREND,1.57,stressed,0.00,8700,dir,-604.68
25.990,8,584.0,-1836.13,-1836.13,13900,13900,177.37,177.42,177.2254,25.12,1.76,1.00,TREND,2.68,stressed,0.00,5000,dir,-578.84,102.89,102.9,102.9443,-3.92,2.69,0.08,chop,-1.98,normal,0.00,200,mm,-848.03,28.19,28.21,28.1721,9.51,1.24,0.87,TREND,1.57,stressed,0.00,8700,dir,-604.68
26.073,8,584.0,-1836.13,-1836.13,13800,13800,177.38,177.42,177.2302,25.21,1.76,1.00,TREND,2.68,stressed,0.00,5000,dir,-578.84,102.9,102.91,102.9433,-3.99,2.69,0.08,chop,-1.98,normal,0.00,100,mm,-844.23,28.19,28.21,28.1729,9.41,1.24,0.87,TREND,1.57,stressed,0.00,8700,dir,-604.68
26.110,8,584.0,-1836.13,-1836.13,13800,13800,177.38,177.42,177.2323,25.25,1.76,1.00,TREND,2.68,stressed,0.00,5000,dir,-578.84,102.9,102.91,102.9428,-4.02,2.69,0.08,chop,-1.98,normal,0.00,100,mm,-844.23,28.19,28.21,28.1732,9.36,1.24,0.87,TREND,1.57,stressed,0.00,8700,dir,-604.68
26.146,8,584.0,-1836.13,-1836.13,13800,13800,177.38,177.42,177.2342,25.28,1.76,1.00,TREND,2.68,stressed,0.00,5000,dir,-578.84,102.9,102.91,102.9423,-4.04,2.69,0.08,chop,-1.98,normal,0.00,100,mm,-844.23,28.19,28.21,28.1735,9.32,1.24,0.87,TREND,1.57,stressed,0.00,8700,dir,-604.68
26.180,8,584.0,-1836.13,-1836.13,13800,13800,177.38,177.42,177.2362,25.30,1.76,1.00,TREND,2.68,stressed,0.00,5000,dir,-578.84,102.9,102.91,102.9419,-4.06,2.69,0.08,chop,-1.98,normal,0.00,100,mm,-844.23,28.19,28.21,28.1738,9.28,1.24,0.87,TREND,1.57,stressed,0.00,8700,dir,-604.68
26.205,8,584.0,-1836.13,-1836.13,13800,13800,177.38,177.42,177.2375,25.31,1.76,1.00,TREND,2.54,stressed,0.00,5000,dir,-578.84,102.9,102.91,102.9416,-4.08,2.69,0.06,chop,-1.63,normal,0.00,100,mm,-844.23,28.19,28.21,28.1740,9.25,1.24,0.87,TREND,1.52,stressed,0.00,8700,dir,-604.68
26.229,8,584.0,-1836.13,-1836.13,13800,13800,177.38,177.42,177.2388,25.32,1.76,1.00,TREND,2.54,stressed,0.00,5000,dir,-578.84,102.9,102.91,102.9413,-4.09,2.69,0.06,chop,-1.63,normal,0.00,100,mm,-844.23,28.19,28.21,28.1742,9.22,1.24,0.87,TREND,1.52,stressed,0.00,8700,dir,-604.68
26.257,8,584.0,-1836.13,-1836.13,13800,13800,177.38,177.42,177.2403,25.33,1.76,1.00,TREND,2.54,stressed,0.00,5000,dir,-578.84,102.9,102.91,102.9410,-4.11,2.69,0.06,chop,-1.63,normal,0.00,100,mm,-844.23,28.19,28.21,28.1745,9.18,1.24,0.87,TREND,1.52,stressed,0.00,8700,dir,-604.68
26.372,8,584.0,-1836.13,-1836.13,13800,13800,177.39,177.41,177.2463,25.34,1.76,1.00,TREND,2.54,stressed,0.00,5000,dir,-578.84,102.9,102.91,102.9396,-4.16,2.69,0.06,chop,-1.63,normal,0.00,100,mm,-844.23,28.19,28.2,28.1753,9.00,1.24,0.87,TREND,1.52,stressed,0.00,8700,dir,-604.68
26.385,8,584.0,-1836.13,-1836.13,13800,13800,177.39,177.41,177.2470,25.34,1.76,1.00,TREND,2.54,stressed,0.00,5000,dir,-578.84,102.9,102.91,102.9395,-4.17,2.69,0.06,chop,-1.63,normal,0.00,100,mm,-844.23,28.19,28.2,28.1753,8.98,1.24,0.87,TREND,1.52,stressed,0.00,8700,dir,-604.68
26.409,8,584.0,-1836.13,-1836.13,13800,13800,177.39,177.41,177.2482,25.33,1.76,1.00,TREND,2.54,stressed,0.00,5000,dir,-578.84,102.9,102.91,102.9392,-4.18,2.69,0.06,chop,-1.63,normal,0.00,100,mm,-844.23,28.19,28.2,28.1755,8.94,1.24,0.87,TREND,1.52,stressed,0.00,8700,dir,-604.68
26.447,8,584.0,-1836.13,-1836.13,13800,13800,177.39,177.41,177.2501,25.32,1.79,1.00,TREND,2.54,stressed,0.00,5000,dir,-578.84,102.9,102.91,102.9388,-4.19,2.57,0.06,chop,-1.63,normal,0.00,100,mm,-844.23,28.19,28.2,28.1757,8.88,1.23,0.87,TREND,1.52,stressed,0.00,8700,dir,-604.68
26.564,8,584.0,-1836.13,-1836.13,13800,13800,177.39,177.41,177.2559,25.27,1.79,1.00,TREND,2.39,stressed,0.00,5000,dir,-578.84,102.9,102.91,102.9375,-4.23,2.57,0.08,chop,-1.58,normal,0.00,100,mm,-844.23,28.19,28.2,28.1765,8.71,1.23,0.82,TREND,1.42,stressed,0.00,8700,dir,-604.68
26.614,8,584.0,-1836.13,-1836.13,13800,13800,177.4,177.41,177.2583,25.25,1.79,1.00,TREND,2.39,stressed,0.00,5000,dir,-578.84,102.9,102.91,102.9369,-4.24,2.57,0.08,chop,-1.58,normal,0.00,100,mm,-844.23,28.19,28.2,28.1768,8.64,1.23,0.82,TREND,1.42,stressed,0.00,8700,dir,-604.68
26.663,8,584.0,-1836.13,-1836.13,13800,13800,177.4,177.41,177.2607,25.23,1.79,1.00,TREND,2.39,stressed,0.00,5000,dir,-578.84,102.9,102.91,102.9364,-4.25,2.57,0.08,chop,-1.58,normal,0.00,100,mm,-844.23,28.19,28.2,28.1771,8.57,1.23,0.82,TREND,1.42,stressed,0.00,8700,dir,-604.68
26.695,8,584.0,-1836.13,-1836.13,13800,13800,177.4,177.41,177.2622,25.22,1.79,1.00,TREND,2.39,stressed,0.00,5000,dir,-578.84,102.9,102.91,102.9361,-4.25,2.57,0.08,chop,-1.58,normal,0.00,100,mm,-844.23,28.19,28.2,28.1773,8.53,1.23,0.82,TREND,1.42,stressed,0.00,8700,dir,-604.68
26.747,9,582.0,-1776.74,-1776.74,13800,13800,177.4,177.41,177.2647,25.19,1.79,1.00,TREND,2.39,stressed,0.00,5000,dir,-328.84,102.9,102.93,102.9357,-4.21,2.57,0.08,chop,-1.58,normal,0.00,100,mm,-843.23,28.19,28.2,28.1776,8.45,1.23,0.82,TREND,1.42,stressed,0.00,8700,dir,-604.68
26.782,9,582.0,-1776.74,-1776.74,13800,13800,177.4,177.41,177.2663,25.16,1.79,1.00,TREND,2.39,stressed,0.00,5000,dir,-328.84,102.9,102.93,102.9355,-4.19,2.57,0.08,chop,-1.58,normal,0.00,100,mm,-843.23,28.19,28.2,28.1778,8.41,1.23,0.82,TREND,1.42,stressed,0.00,8700,dir,-604.68
26.816,9,582.0,-1776.74,-1776.74,13800,13800,177.4,177.41,177.2678,25.14,1.79,1.00,TREND,2.29,stressed,0.00,5000,dir,-328.84,102.92,102.93,102.9354,-4.14,2.57,0.04,chop,-0.99,normal,0.00,100,mm,-843.23,28.19,28.2,28.1780,8.36,1.23,0.82,TREND,1.39,stressed,0.00,8700,dir,-604.68
26.870,9,582.0,-1776.74,-1776.74,13800,13800,177.4,177.41,177.2703,25.09,1.79,1.00,TREND,2.29,stressed,0.00,5000,dir,-328.84,102.92,102.93,102.9352,-4.05,2.57,0.04,chop,-0.99,normal,0.00,100,mm,-843.23,28.19,28.2,28.1783,8.29,1.23,0.82,TREND,1.39,stressed,0.00,8700,dir,-604.68
26.934,9,582.0,-1776.74,-1776.74,13800,13800,177.4,177.41,177.2732,25.02,1.79,1.00,TREND,2.29,stressed,0.00,5000,dir,-328.84,102.92,102.93,102.9350,-3.96,2.57,0.04,chop,-0.99,normal,0.00,100,mm,-843.23,28.19,28.2,28.1786,8.21,1.23,0.82,TREND,1.39,stressed,0.00,8700,dir,-604.68
26.944,9,582.0,-1776.74,-1776.74,13800,13800,177.4,177.41,177.2736,25.01,1.79,1.00,TREND,2.29,stressed,0.00,5000,dir,-328.84,102.92,102.93,102.9349,-3.95,2.57,0.04,chop,-0.99,normal,0.00,100,mm,-843.23,28.19,28.2,28.1787,8.19,1.23,0.82,TREND,1.39,stressed,0.00,8700,dir,-604.68
26.969,9,582.0,-1776.74,-1776.74,13800,13800,177.4,177.41,177.2747,24.98,1.79,1.00,TREND,2.29,stressed,0.00,5000,dir,-328.84,102.92,102.93,102.9349,-3.91,2.54,0.04,chop,-0.99,normal,0.00,100,mm,-843.23,28.19,28.2,28.1788,8.16,1.16,0.82,TREND,1.39,stressed,0.00,8700,dir,-604.68
26.995,9,582.0,-1776.74,-1776.74,13800,13800,177.4,177.41,177.2758,24.95,1.79,1.00,TREND,2.29,stressed,0.00,5000,dir,-328.84,102.92,102.93,102.9348,-3.88,2.54,0.04,chop,-0.99,normal,0.00,100,mm,-843.23,28.19,28.2,28.1790,8.13,1.16,0.82,TREND,1.39,stressed,0.00,8700,dir,-604.68
27.032,9,582.0,-1776.74,-1776.74,13800,13800,177.4,177.41,177.2774,24.91,1.79,1.00,TREND,2.29,stressed,0.00,5000,dir,-328.84,102.92,102.93,102.9347,-3.83,2.54,0.04,chop,-0.99,normal,0.00,100,mm,-843.23,28.19,28.2,28.1792,8.08,1.16,0.82,TREND,1.39,stressed,0.00,8700,dir,-604.68
27.100,9,582.0,-1776.74,-1776.74,14400,14400,177.4,177.41,177.2802,24.82,1.79,1.00,TREND,2.18,stressed,0.00,5600,dir,-336.46,102.92,102.93,102.9344,-3.75,2.54,0.03,chop,-0.97,normal,0.00,100,mm,-841.23,28.19,28.2,28.1795,8.00,1.16,0.82,TREND,1.35,stressed,0.00,8700,dir,-604.68
27.154,9,582.0,-1776.74,-1776.74,14400,14400,177.4,177.41,177.2825,24.74,1.79,1.00,TREND,2.18,stressed,0.00,5600,dir,-336.46,102.92,102.93,102.9343,-3.68,2.54,0.03,chop,-0.97,normal,0.00,100,mm,-841.23,28.19,28.2,28.1798,7.93,1.16,0.82,TREND,1.35,stressed,0.00,8700,dir,-604.68
27.173,9,582.0,-1776.74,-1776.74,14400,14400,177.4,177.41,177.2832,24.71,1.79,1.00,TREND,2.18,stressed,0.00,5600,dir,-336.46,102.92,102.93,102.9342,-3.66,2.54,0.03,chop,-0.97,normal,0.00,100,mm,-841.23,28.19,28.2,28.1799,7.91,1.16,0.82,TREND,1.35,stressed,0.00,8700,dir,-604.68
27.253,9,582.0,-1776.74,-1776.74,14400,14400,177.4,177.41,177.2864,24.59,1.79,1.00,TREND,2.18,stressed,0.00,5600,dir,-336.46,102.92,102.93,102.9340,-3.57,2.54,0.03,chop,-0.97,normal,0.00,100,mm,-841.23,28.19,28.2,28.1803,7.82,1.16,0.82,TREND,1.35,stressed,0.00,8700,dir,-604.68
27.340,9,582.0,-1776.74,-1776.74,14400,14400,177.4,177.41,177.2898,24.45,1.79,1.00,TREND,2.18,stressed,0.00,5600,dir,-336.46,102.92,102.93,102.9337,-3.47,2.54,0.03,chop,-0.97,normal,0.00,100,mm,-841.23,28.19,28.2,28.1807,7.72,1.16,0.82,TREND,1.35,stressed,0.00,8700,dir,-604.68
27.375,9,582.0,-1776.74,-1776.74,14400,14400,177.4,177.41,177.2911,24.39,1.79,1.00,TREND,2.08,stressed,0.00,5600,dir,-336.46,102.92,102.93,102.9336,-3.44,2.54,0.03,chop,-0.96,normal,0.00,100,mm,-841.23,28.19,28.2,28.1809,7.68,1.16,0.81,TREND,1.32,stressed,0.00,8700,dir,-604.68
27.435,9,582.0,-1776.74,-1776.74,14400,14400,177.4,177.41,177.2934,24.29,1.79,1.00,TREND,2.08,stressed,0.00,5600,dir,-336.46,102.92,102.93,102.9334,-3.38,2.54,0.03,chop,-0.96,normal,0.00,100,mm,-841.23,28.19,28.2,28.1811,7.61,1.16,0.81,TREND,1.32,stressed,0.00,8700,dir,-604.68
27.450,9,582.0,-1776.74,-1776.74,14400,14400,177.4,177.41,177.2940,24.26,1.79,1.00,TREND,2.08,stressed,0.00,5600,dir,-336.46,102.92,102.93,102.9334,-3.36,2.54,0.03,chop,-0.96,normal,0.00,100,mm,-841.23,28.19,28.2,28.1812,7.59,1.16,0.81,TREND,1.32,stressed,0.00,8700,dir,-604.68
27.478,9,582.0,-1776.74,-1776.74,14400,14400,177.4,177.41,177.2950,24.21,1.82,1.00,TREND,2.08,stressed,0.00,5600,dir,-336.46,102.92,102.93,102.9333,-3.34,2.31,0.03,chop,-0.96,normal,0.00,100,mm,-841.23,28.19,28.2,28.1813,7.56,1.10,0.81,TREND,1.32,stressed,0.00,8700,dir,-604.68
27.508,9,582.0,-1776.74,-1776.74,14400,14400,177.4,177.41,177.2961,24.15,1.82,1.00,TREND,2.08,stressed,0.00,5600,dir,-336.46,102.92,102.93,102.9332,-3.31,2.31,0.03,chop,-0.96,normal,0.00,100,mm,-841.23,28.19,28.2,28.1815,7.53,1.10,0.81,TREND,1.32,stressed,0.00,8700,dir,-604.68
27.611,9,582.0,-1776.74,-1776.74,14400,14400,177.4,177.41,177.2998,23.95,1.82,1.00,TREND,2.08,stressed,0.00,5600,dir,-336.46,102.92,102.93,102.9330,-3.22,2.31,0.03,chop,-0.96,normal,0.00,100,mm,-841.23,28.19,28.2,28.1819,7.42,1.10,0.81,TREND,1.32,stressed,0.00,8700,dir,-604.68
27.634,9,582.0,-1776.74,-1776.74,14400,14400,177.4,177.41,177.3006,23.91,1.82,1.00,TREND,1.99,stressed,0.00,5600,dir,-336.46,102.92,102.93,102.9329,-3.20,2.31,0.04,chop,-0.94,normal,0.00,100,mm,-841.23,28.19,28.2,28.1820,7.40,1.10,0.81,TREND,1.29,stressed,0.00,8700,dir,-604.68
27.746,9,582.0,-1776.74,-1776.74,14400,14400,177.4,177.41,177.3044,23.68,1.82,1.00,TREND,1.99,stressed,0.00,5600,dir,-336.46,102.92,102.93,102.9326,-3.10,2.31,0.04,chop,-0.94,normal,0.00,100,mm,-841.23,28.19,28.2,28.1825,7.28,1.10,0.81,TREND,1.29,stressed,0.00,8700,dir,-604.68
27.826,9,582.0,-1776.74,-1776.74,14400,14400,177.4,177.41,177.3071,23.52,1.82,1.00,TREND,1.99,stressed,0.00,5600,dir,-336.46,102.92,102.93,102.9324,-3.04,2.31,0.04,chop,-0.94,normal,0.00,100,mm,-841.23,28.19,28.2,28.1828,7.20,1.10,0.81,TREND,1.29,stressed,0.00,8700,dir,-604.68
27.970,9,582.0,-1776.74,-1776.74,21200,21200,177.4,177.41,177.3117,23.21,1.82,1.00,TREND,1.92,stressed,0.00,10000,dir,-392.34,102.92,102.93,102.9321,-2.94,2.31,0.08,chop,-0.93,normal,0.00,100,mm,-841.23,28.19,28.2,28.1834,7.06,1.10,0.81,TREND,1.27,stressed,0.00,11100,dir,-632.28
28.013,9,582.0,-1776.74,-1776.74,21200,21200,177.4,177.41,177.3130,23.12,1.82,1.00,TREND,1.92,stressed,0.00,10000,dir,-392.34,102.92,102.93,102.9320,-2.91,2.10,0.08,chop,-0.93,normal,0.00,100,mm,-841.23,28.19,28.2,28.1836,7.02,1.03,0.81,TREND,1.27,stressed,0.00,11100,dir,-632.28
28.075,9,582.0,-1776.74,-1776.74,21200,21200,177.4,177.41,177.3148,22.98,1.82,1.00,TREND,1.92,stressed,0.00,10000,dir,-392.34,102.92,102.93,102.9318,-2.87,2.10,0.08,chop,-0.93,normal,0.00,100,mm,-841.23,28.19,28.2,28.1838,6.96,1.03,0.81,TREND,1.27,stressed,0.00,11100,dir,-632.28
28.150,9,582.0,-1776.74,-1776.74,21900,21900,177.4,177.42,177.3172,22.84,1.82,1.00,TREND,1.92,stressed,0.00,10000,dir,-392.34,102.92,102.94,102.9318,-2.79,2.10,0.08,chop,-0.93,normal,0.00,800,mm,-833.03,28.19,28.2,28.1841,6.89,1.03,0.81,TREND,1.27,stressed,0.00,11100,dir,-632.28
28.218,9,582.0,-1776.74,-1776.74,21900,21900,177.4,177.42,177.3193,22.72,1.82,1.00,TREND,1.92,stressed,0.00,10000,dir,-392.34,102.92,102.94,102.9317,-2.72,2.10,0.08,chop,-0.93,normal,0.00,800,mm,-833.03,28.19,28.2,28.1843,6.82,1.03,0.81,TREND,1.27,stressed,0.00,11100,dir,-632.28
28.274,9,582.0,-1776.74,-1776.74,21900,21900,177.4,177.42,177.3210,22.61,1.82,1.00,TREND,1.88,stressed,0.00,10000,dir,-392.34,102.92,102.94,102.9317,-2.67,2.10,0.14,chop,-0.78,normal,0.00,800,mm,-833.03,28.19,28.2,28.1845,6.77,1.03,0.81,TREND,1.24,stressed,0.00,11100,dir,-632.28
28.286,9,582.0,-1776.74,-1776.74,21900,21900,177.4,177.42,177.3213,22.59,1.82,1.00,TREND,1.88,stressed,0.00,10000,dir,-392.34,102.92,102.94,102.9317,-2.66,2.10,0.14,chop,-0.78,normal,0.00,800,mm,-833.03,28.19,28.2,28.1846,6.76,1.03,0.81,TREND,1.24,stressed,0.00,11100,dir,-632.28
28.376,9,582.0,-1776.74,-1776.74,21900,21900,177.4,177.42,177.3239,22.41,1.82,1.00,TREND,1.88,stressed,0.00,10000,dir,-392.34,102.92,102.94,102.9316,-2.58,2.10,0.14,chop,-0.78,normal,0.00,800,mm,-833.03,28.19,28.2,28.1849,6.68,1.03,0.81,TREND,1.24,stressed,0.00,11100,dir,-632.28
28.410,9,582.0,-1776.74,-1776.74,21400,21400,177.41,177.42,177.3250,22.36,1.82,1.00,TREND,1.88,stressed,0.00,10000,dir,-392.34,102.93,103.05,102.9316,-2.58,2.10,0.14,chop,-0.78,normal,0.00,300,mm,-819.03,28.19,28.2,28.1850,6.65,1.03,0.81,TREND,1.24,stressed,0.00,11100,dir,-632.28
28.485,9,582.0,-1776.74,-1776.74,21400,21400,177.41,177.42,177.3272,22.23,1.82,1.00,TREND,1.88,stressed,0.00,10000,dir,-392.34,102.93,103.05,102.9316,-2.58,2.10,0.14,chop,-0.78,normal,0.00,300,mm,-819.03,28.19,28.2,28.1852,6.58,1.03,0.81,TREND,1.24,stressed,0.00,11100,dir,-632.28
28.530,9,582.0,-1776.74,-1776.74,21400,21400,177.41,177.42,177.3285,22.16,1.72,1.00,TREND,1.84,stressed,0.00,10000,dir,-392.34,102.93,103.05,102.9316,-2.58,2.10,0.14,chop,-0.78,normal,0.00,300,mm,-819.03,28.19,28.2,28.1854,6.54,0.97,0.79,TREND,1.22,stressed,0.00,11100,dir,-632.28
28.566,9,582.0,-1776.74,-1776.74,21400,21400,177.41,177.42,177.3295,22.10,1.72,1.00,TREND,1.84,stressed,0.00,10000,dir,-392.34,102.93,103.05,102.9316,-2.58,2.10,0.14,chop,-0.78,normal,0.00,300,mm,-819.03,28.19,28.2,28.1855,6.51,0.97,0.79,TREND,1.22,stressed,0.00,11100,dir,-632.28
28.636,9,582.0,-1776.74,-1776.74,21400,21400,177.41,177.42,177.3315,21.97,1.72,1.00,TREND,1.84,stressed,0.00,10000,dir,-392.34,102.96,103.05,102.9333,-2.08,2.63,0.04,chop,1.35,normal,0.00,300,mm,-819.03,28.19,28.2,28.1857,6.45,0.97,0.79,TREND,1.22,stressed,0.00,11100,dir,-632.28
28.656,9,582.0,-1776.74,-1776.74,21400,21400,177.41,177.42,177.3321,21.94,1.72,1.00,TREND,1.84,stressed,0.00,10000,dir,-392.34,102.96,103.05,102.9338,-1.94,2.63,0.04,chop,1.35,normal,0.00,300,mm,-819.03,28.19,28.2,28.1858,6.44,0.97,0.79,TREND,1.22,stressed,0.00,11100,dir,-632.28
28.676,9,582.0,-1776.74,-1776.74,21400,21400,177.41,177.42,177.3326,21.90,1.72,1.00,TREND,1.84,stressed,0.00,10000,dir,-392.34,102.96,103.05,102.9343,-1.81,2.63,0.04,chop,1.35,normal,0.00,300,mm,-819.03,28.19,28.2,28.1858,6.42,0.97,0.79,TREND,1.22,stressed,0.00,11100,dir,-632.28
28.836,9,582.0,-1776.74,-1776.74,21400,21400,177.41,177.42,177.3369,21.60,1.72,1.00,TREND,1.78,stressed,0.00,10000,dir,-292.34,102.98,103.05,102.9385,-0.71,2.63,0.04,chop,1.35,normal,0.00,300,mm,-801.03,28.19,28.2,28.1863,6.29,0.97,0.79,TREND,1.19,stressed,0.00,11100,dir,-632.28
28.878,9,582.0,-1776.74,-1776.74,21400,21400,177.41,177.42,177.3380,21.52,1.72,1.00,TREND,1.78,stressed,0.00,10000,dir,-292.34,102.98,103.05,102.9395,-0.46,2.63,0.04,chop,1.35,normal,0.00,300,mm,-801.03,28.19,28.2,28.1864,6.25,0.97,0.79,TREND,1.19,stressed,0.00,11100,dir,-632.28
29.020,10,580.0,-1725.64,-1725.64,21400,21400,177.41,177.42,177.3415,21.24,1.72,1.00,TREND,1.78,stressed,0.00,10000,dir,-292.34,102.98,103.05,102.9430,0.32,2.63,0.03,chop,1.60,normal,0.00,300,mm,-801.03,28.18,28.2,28.1866,6.08,0.97,0.79,TREND,1.19,stressed,0.00,11100,dir,-632.28
29.046,10,580.0,-1725.64,-1725.64,21400,21400,177.41,177.42,177.3422,21.19,1.70,1.00,TREND,1.78,stressed,0.00,10000,dir,-292.34,102.98,103.05,102.9437,0.46,2.63,0.03,chop,1.60,normal,0.00,300,mm,-801.03,28.18,28.2,28.1866,6.05,0.96,0.79,TREND,1.19,stressed,0.00,11100,dir,-632.28
29.082,10,580.0,-1725.64,-1725.64,21400,21400,177.41,177.42,177.3430,21.12,1.70,1.00,TREND,1.78,stressed,0.00,10000,dir,-292.34,102.98,103.05,102.9445,0.63,2.63,0.03,chop,1.60,normal,0.00,300,mm,-801.03,28.18,28.2,28.1867,6.01,0.96,0.79,TREND,1.19,stressed,0.00,11100,dir,-632.28
29.139,10,580.0,-1725.64,-1725.64,21400,21400,177.41,177.42,177.3444,21.00,1.70,1.00,TREND,1.73,stressed,0.00,10000,dir,-292.34,102.94,102.97,102.9447,0.61,2.87,0.03,chop,1.60,normal,0.00,300,mm,-801.03,28.18,28.19,28.1866,5.92,0.96,0.69,TREND,1.06,stressed,0.00,11100,dir,-632.28
29.206,10,580.0,-1725.64,-1725.64,21400,21400,177.41,177.42,177.3459,20.87,1.70,1.00,TREND,1.73,stressed,0.00,10000,dir,-292.34,102.94,102.97,102.9449,0.57,2.87,0.03,chop,1.60,normal,0.00,300,mm,-801.03,28.18,28.19,28.1866,5.82,0.96,0.69,TREND,1.06,stressed,0.00,11100,dir,-632.28
29.245,10,580.0,-1725.64,-1725.64,21400,21400,177.41,177.42,177.3468,20.78,1.70,1.00,TREND,1.73,stressed,0.00,10000,dir,-292.34,102.94,102.97,102.9451,0.56,2.87,0.03,chop,1.60,normal,0.00,300,mm,-801.03,28.18,28.19,28.1866,5.76,0.96,0.69,TREND,1.06,stressed,0.00,11100,dir,-632.28
29.300,10,580.0,-1725.64,-1725.64,21400,21400,177.41,177.42,177.3481,20.67,1.70,1.00,TREND,1.73,stressed,0.00,10000,dir,-292.34,102.94,102.97,102.9452,0.53,2.87,0.09,chop,-0.10,normal,0.00,300,mm,-801.03,28.18,28.19,28.1866,5.69,0.96,0.69,TREND,1.06,stressed,0.00,11100,dir,-632.28
29.362,10,580.0,-1725.64,-1725.64,21400,21400,177.41,177.42,177.3495,20.54,1.70,1.00,TREND,1.73,stressed,0.00,10000,dir,-292.34,102.94,102.97,102.9454,0.51,2.87,0.09,chop,-0.10,normal,0.00,300,mm,-801.03,28.18,28.19,28.1865,5.60,0.96,0.69,TREND,1.06,stressed,0.00,11100,dir,-632.28
29.390,10,580.0,-1725.64,-1725.64,21400,21400,177.41,177.42,177.3501,20.48,1.70,1.00,TREND,1.68,stressed,0.00,10000,dir,-292.34,102.95,102.96,102.9455,0.50,2.87,0.09,chop,-0.10,normal,0.00,300,mm,-801.03,28.17,28.19,28.1865,5.55,0.96,0.62,TREND,0.99,stressed,0.00,11100,dir,-632.28
29.499,10,580.0,-1725.64,-1725.64,21400,21400,177.41,177.42,177.3524,20.25,1.70,1.00,TREND,1.68,stressed,0.00,10000,dir,-292.34,102.95,102.96,102.9459,0.46,2.87,0.09,chop,-0.10,normal,0.00,300,mm,-801.03,28.17,28.19,28.1862,5.37,0.96,0.62,TREND,0.99,stressed,0.00,11100,dir,-632.28
29.521,10,580.0,-1725.64,-1725.64,21400,21400,177.41,177.42,177.3528,20.20,1.70,1.00,TREND,1.68,stressed,0.00,10000,dir,-292.34,102.95,102.96,102.9459,0.45,2.87,0.09,chop,-0.10,normal,0.00,300,mm,-801.03,28.17,28.19,28.1862,5.34,0.96,0.62,TREND,0.99,stressed,0.00,11100,dir,-632.28
29.557,10,580.0,-1725.64,-1725.64,21400,21400,177.41,177.42,177.3536,20.12,1.68,1.00,TREND,1.68,stressed,0.00,10000,dir,-292.34,102.95,102.96,102.9460,0.44,2.87,0.09,chop,-0.10,normal,0.00,300,mm,-801.03,28.17,28.19,28.1861,5.28,0.98,0.62,TREND,0.99,stressed,0.00,11100,dir,-632.28
29.590,10,580.0,-1725.64,-1725.64,21400,21400,177.41,177.42,177.3543,20.05,1.68,1.00,TREND,1.68,stressed,0.00,10000,dir,-292.34,102.95,102.96,102.9461,0.43,2.87,0.09,chop,-0.10,normal,0.00,300,mm,-801.03,28.17,28.19,28.1860,5.23,0.98,0.62,TREND,0.99,stressed,0.00,11100,dir,-632.28
29.604,10,580.0,-1725.64,-1725.64,21400,21400,177.41,177.42,177.3545,20.03,1.68,1.00,TREND,1.68,stressed,0.00,10000,dir,-292.34,102.95,102.96,102.9462,0.42,2.87,0.09,chop,-0.10,normal,0.00,300,mm,-801.03,28.17,28.19,28.1860,5.21,0.98,0.62,TREND,0.99,stressed,0.00,11100,dir,-632.28
29.658,10,580.0,-1725.64,-1725.64,21400,21400,177.41,177.42,177.3556,19.91,1.68,1.00,TREND,1.63,stressed,0.00,10000,dir,-292.34,102.95,102.96,102.9463,0.41,2.59,0.09,chop,-0.10,normal,0.00,300,mm,-801.03,28.18,28.19,28.1860,5.16,0.98,0.60,TREND,1.03,stressed,0.00,11100,dir,-632.28
29.726,10,580.0,-1725.64,-1725.64,21400,21400,177.41,177.42,177.3569,19.76,1.68,1.00,TREND,1.63,stressed,0.00,10000,dir,-292.34,102.95,102.96,102.9465,0.39,2.59,0.09,chop,-0.10,normal,0.00,300,mm,-801.03,28.18,28.19,28.1860,5.09,0.98,0.60,TREND,1.03,stressed,0.00,11100,dir,-632.28
29.751,10,580.0,-1725.64,-1725.64,21400,21400,177.41,177.42,177.3574,19.71,1.68,1.00,TREND,1.63,stressed,0.00,10000,dir,-292.34,102.95,102.96,102.9466,0.38,2.59,0.09,chop,-0.10,normal,0.00,300,mm,-801.03,28.18,28.19,28.1860,5.06,0.98,0.60,TREND,1.03,stressed,0.00,11100,dir,-632.28
29.789,10,580.0,-1725.64,-1725.64,21400,21400,177.41,177.42,177.3582,19.63,1.68,1.00,TREND,1.63,stressed,0.00,10000,dir,-292.34,102.95,102.96,102.9467,0.37,2.59,0.09,chop,-0.10,normal,0.00,300,mm,-801.03,28.18,28.19,28.1860,5.03,0.98,0.60,TREND,1.03,stressed,0.00,11100,dir,-632.28
29.805,10,580.0,-1725.64,-1725.64,21400,21400,177.41,177.42,177.3585,19.59,1.68,1.00,TREND,1.63,stressed,0.00,10000,dir,-292.34,102.95,102.96,102.9468,0.37,2.59,0.09,chop,-0.10,normal,0.00,300,mm,-801.03,28.18,28.19,28.1860,5.01,0.98,0.60,TREND,1.03,stressed,0.00,11100,dir,-632.28
29.834,10,580.0,-1725.64,-1725.64,21400,21400,177.41,177.42,177.3590,19.53,1.68,1.00,TREND,1.63,stressed,0.00,10000,dir,-292.34,102.95,102.96,102.9468,0.36,2.59,0.04,chop,-0.10,normal,0.00,300,mm,-801.03,28.18,28.19,28.1859,4.98,0.98,0.60,TREND,1.03,stressed,0.00,11100,dir,-632.28
29.916,10,580.0,-1725.64,-1725.64,21400,21400,177.41,177.42,177.3605,19.35,1.68,1.00,TREND,1.59,stressed,0.00,10000,dir,-292.34,102.95,102.96,102.9471,0.34,2.59,0.04,chop,-0.10,normal,0.00,300,mm,-801.03,28.17,28.18,28.1856,4.84,0.98,0.47,TREND,0.91,stressed,0.00,11100,dir,-632.28
30.004,10,580.0,-1725.64,-1725.64,21400,21400,177.41,177.42,177.3621,19.16,1.68,1.00,TREND,1.59,stressed,0.00,10000,dir,-292.34,102.95,102.96,102.9473,0.32,2.59,0.04,chop,-0.10,normal,0.00,300,mm,-801.03,28.17,28.18,28.1853,4.70,0.98,0.47,TREND,0.91,stressed,0.00,11100,dir,-632.28
30.044,10,580.0,-1725.64,-1725.64,21400,21400,177.41,177.42,177.3628,19.08,1.68,1.00,TREND,1.59,stressed,0.00,10000,dir,-292.34,102.95,102.96,102.9474,0.31,2.59,0.04,chop,-0.10,normal,0.00,300,mm,-801.03,28.17,28.18,28.1852,4.63,0.98,0.47,TREND,0.91,stressed,0.00,11100,dir,-632.28
30.112,10,580.0,-1725.64,-1725.64,21400,21400,177.41,177.42,177.3640,18.93,1.64,1.00,TREND,1.59,stressed,0.00,10000,dir,-292.34,102.95,102.96,102.9476,0.30,2.59,0.03,chop,-0.10,normal,0.00,300,mm,-801.03,28.17,28.18,28.1850,4.53,0.94,0.47,TREND,0.91,stressed,0.00,11100,dir,-632.28
30.153,10,580.0,-1725.64,-1725.64,21400,21400,177.41,177.42,177.3646,18.85,1.64,1.00,TREND,1.59,stressed,0.00,10000,dir,-292.34,102.95,102.96,102.9477,0.29,2.59,0.03,chop,-0.10,normal,0.00,300,mm,-801.03,28.0,28.16,28.1850,4.53,0.94,0.47,TREND,0.91,stressed,0.00,11100,dir,-632.28
30.180,10,580.0,-1725.64,-1725.64,21400,21400,177.41,177.42,177.3651,18.79,1.64,1.00,TREND,1.55,stressed,0.00,10000,dir,-292.34,102.95,102.96,102.9477,0.29,2.33,0.03,chop,-0.10,normal,0.00,300,mm,-801.03,28.0,28.16,28.1850,4.53,0.94,0.47,TREND,0.91,stressed,0.00,11100,dir,-632.28
30.208,10,580.0,-1725.64,-1725.64,21400,21400,177.41,177.42,177.3656,18.73,1.64,1.00,TREND,1.55,stressed,0.00,10000,dir,-292.34,102.95,102.96,102.9478,0.28,2.33,0.03,chop,-0.10,normal,0.00,300,mm,-801.03,28.0,28.16,28.1850,4.53,0.94,0.47,TREND,0.91,stressed,0.00,11100,dir,-632.28
30.243,10,580.0,-1725.64,-1725.64,21400,21400,177.41,177.42,177.3661,18.65,1.64,1.00,TREND,1.55,stressed,0.00,10000,dir,-292.34,102.95,102.96,102.9479,0.28,2.33,0.03,chop,-0.10,normal,0.00,300,mm,-801.03,28.0,28.16,28.1850,4.53,0.94,0.47,TREND,0.91,stressed,0.00,11100,dir,-632.28
30.307,10,580.0,-1725.64,-1725.64,21400,21400,177.41,177.42,177.3672,18.52,1.64,1.00,TREND,1.55,stressed,0.00,10000,dir,-292.34,102.95,102.96,102.9480,0.27,2.33,0.03,chop,-0.10,normal,0.00,300,mm,-801.03,28.0,28.16,28.1850,4.53,0.94,0.47,TREND,0.91,stressed,0.00,11100,dir,-632.28
30.381,10,580.0,-1725.64,-1725.64,21400,21400,177.41,177.42,177.3683,18.36,1.64,1.00,TREND,1.55,stressed,0.00,10000,dir,-292.34,102.95,102.96,102.9482,0.25,2.33,0.04,chop,-0.10,normal,0.00,300,mm,-801.03,28.0,28.16,28.1850,4.53,0.94,0.47,TREND,0.91,stressed,0.00,11100,dir,-632.28
30.522,10,580.0,-1725.64,-1725.64,21400,21400,177.41,177.42,177.3705,18.06,1.64,1.00,TREND,1.52,stressed,0.00,10000,dir,-292.34,102.95,102.96,102.9485,0.23,2.33,0.04,chop,-0.10,normal,0.00,300,mm,-801.03,28.01,28.14,28.1850,4.53,0.94,0.47,TREND,0.91,stressed,0.00,11100,dir,-632.28
30.594,10,580.0,-1725.64,-1725.64,21400,21400,177.41,177.42,177.3715,17.91,1.64,1.00,TREND,1.52,stressed,0.00,10000,dir,-292.34,102.95,102.96,102.9487,0.22,2.33,0.04,chop,-0.10,normal,0.00,300,mm,-801.03,28.01,28.14,28.1850,4.53,0.94,0.47,TREND,0.91,stressed,0.00,11100,dir,-632.28
30.737,10,580.0,-1725.64,-1725.64,21400,21400,177.4,177.42,177.3733,17.55,1.64,1.00,TREND,1.52,stressed,0.00,10000,dir,-292.34,102.95,102.96,102.9490,0.21,2.10,0.04,chop,-0.10,normal,0.00,300,mm,-801.03,27.93,28.08,28.1850,4.53,0.94,0.47,TREND,0.91,stressed,0.00,11100,cut,-632.28
31.018,10,580.0,-1725.64,-1725.64,23100,23100,177.41,177.42,177.3771,16.99,1.64,1.00,TREND,1.48,stressed,0.00,11800,dir,-669.20,102.95,102.96,102.9495,0.18,2.10,0.02,chop,-0.10,normal,0.00,200,mm,-808.23,27.91,28.05,28.1850,4.53,0.94,0.47,TREND,0.91,stressed,0.00,11100,cut,-4628.28
31.091,11,583.2,-6107.50,-6107.50,23100,23100,177.41,177.42,177.3780,16.84,1.64,1.00,TREND,1.48,stressed,0.00,11800,dir,-669.20,102.95,102.96,102.9496,0.18,2.10,0.02,chop,-0.10,normal,0.00,200,mm,-808.23,27.91,28.05,28.1850,4.53,0.94,0.47,TREND,0.91,stressed,0.00,11100,cut,-4628.28
31.187,11,583.2,-6107.50,-6107.50,18100,18100,177.41,177.42,177.3791,16.65,1.64,1.00,TREND,1.48,stressed,0.00,11800,dir,-669.20,102.95,102.97,102.9500,0.21,2.10,0.02,chop,-0.10,normal,0.00,200,mm,-808.23,27.91,27.99,28.1776,2.60,2.89,0.52,TREND,-1.59,stressed,0.00,6100,cut,-4258.30
31.290,11,583.2,-6107.50,-6107.50,18100,18100,177.41,177.42,177.3803,16.45,1.53,1.00,TREND,1.45,stressed,0.00,11800,dir,-669.20,102.95,102.97,102.9503,0.24,1.94,0.11,chop,0.05,calm,0.00,200,mm,-808.23,27.91,27.99,28.1700,0.76,2.89,0.52,TREND,-1.59,stressed,0.00,6100,cut,-4258.30
31.335,11,583.2,-6107.50,-6107.50,18100,18100,177.41,177.42,177.3808,16.37,1.53,1.00,TREND,1.45,stressed,0.00,11800,dir,-669.20,102.95,102.97,102.9504,0.25,1.94,0.11,chop,0.05,calm,0.00,200,mm,-808.23,27.91,27.99,28.1667,0.01,2.89,0.52,TREND,-1.59,stressed,0.00,6100,cut,-4258.30
31.349,11,583.2,-6107.50,-6107.50,18100,18100,177.41,177.42,177.3810,16.34,1.53,1.00,TREND,1.45,stressed,0.00,11800,dir,-669.20,102.95,102.97,102.9505,0.25,1.94,0.11,chop,0.05,calm,0.00,200,mm,-808.23,27.91,27.99,28.1657,-0.21,2.89,0.52,TREND,-1.59,stressed,0.00,6100,cut,-4258.30
31.463,11,583.2,-6107.50,-6107.50,20882,19282,177.41,177.42,177.3823,16.12,1.53,1.00,TREND,1.45,stressed,0.00,13982,dir,-342.91,102.96,102.99,102.9514,0.42,1.94,0.11,chop,0.05,calm,0.00,-800,mm,-877.23,27.92,27.97,28.1575,-1.96,2.89,0.90,TREND,-1.61,stressed,0.00,6100,cut,-4258.30
31.586,11,597.5,-6107.50,-6107.50,20882,19282,177.41,177.42,177.3835,15.89,1.53,1.00,TREND,1.42,stressed,0.00,13982,dir,-342.91,102.96,102.99,102.9523,0.58,1.94,0.14,chop,0.50,calm,0.00,-800,mm,-877.23,27.92,27.97,28.1491,-3.61,2.89,0.90,TREND,-1.61,stressed,0.00,6100,cut,-4258.30
31.651,11,597.5,-6107.50,-6107.50,20882,19282,177.41,177.42,177.3842,15.77,1.53,1.00,TREND,1.42,stressed,0.00,13982,dir,-342.91,102.96,102.99,102.9528,0.66,1.94,0.14,chop,0.50,calm,0.00,-800,mm,-877.23,27.92,27.97,28.1449,-4.38,2.89,0.90,TREND,-1.61,stressed,0.00,6100,cut,-4258.30
31.772,11,597.5,-6107.50,-6107.50,20082,20082,177.4,177.42,177.3852,15.49,1.53,1.00,TREND,1.42,stressed,0.00,13982,dir,-342.91,103.06,103.07,102.9572,1.67,1.94,0.14,chop,0.50,calm,0.00,0,mm,-812.11,27.83,27.96,28.1449,-4.38,2.89,0.90,TREND,-1.61,stressed,0.00,6100,cut,-4258.30
31.805,11,597.5,-6107.50,-6107.50,20082,20082,177.4,177.42,177.3855,15.42,1.51,1.00,TREND,1.42,stressed,0.00,13982,dir,-342.91,103.06,103.07,102.9584,1.93,2.68,0.14,chop,0.50,calm,0.00,0,mm,-812.11,27.83,27.96,28.1449,-4.38,2.89,0.90,TREND,-1.61,stressed,0.00,6100,cut,-4258.30
31.846,11,597.5,-6107.50,-6107.50,20082,20082,177.4,177.42,177.3858,15.33,1.51,0.97,TREND,1.37,stressed,0.00,13982,dir,-342.91,103.06,103.07,102.9598,2.24,2.68,0.31,mixed,2.99,normal,0.00,0,mm,-812.11,27.83,27.96,28.1449,-4.38,2.89,0.90,TREND,-1.61,stressed,0.00,6100,cut,-4258.30
31.970,11,597.5,-6107.50,-6107.50,20082,20082,177.19,177.2,177.3782,12.88,1.51,0.97,TREND,1.37,stressed,0.00,13982,cut,-342.91,103.06,103.07,102.9640,3.07,2.68,0.31,mixed,2.99,normal,0.00,0,mm,-812.11,27.8,27.83,28.1318,-7.03,3.62,0.93,TREND,-2.85,stressed,0.00,6100,cut,-4258.30
32.078,11,597.5,-6107.50,-6107.50,20082,20082,177.19,177.2,177.3718,10.99,1.51,0.97,TREND,1.37,stressed,0.00,13982,cut,-342.91,103.06,103.07,102.9675,3.70,2.68,0.31,mixed,2.99,normal,0.00,0,mm,-812.11,27.8,27.83,28.1207,-9.05,3.62,0.93,TREND,-2.85,stressed,0.00,6100,cut,-4258.30
32.117,11,612.8,-6107.50,-6107.50,20082,20082,177.19,177.2,177.3697,10.37,1.51,0.19,chop,0.29,stressed,0.00,13982,cut,-342.91,103.06,103.07,102.9687,3.90,2.68,0.31,mixed,2.81,normal,0.00,0,mm,-812.11,27.8,27.83,28.1170,-9.71,3.62,0.93,TREND,-2.85,stressed,0.00,6100,cut,-4258.30
32.365,11,612.8,-6107.50,-6107.50,15746,15746,177.0,177.1,177.3449,4.12,4.68,0.19,chop,0.29,stressed,0.00,12346,cut,-5908.17,103.06,103.07,102.9761,5.02,2.51,0.31,mixed,2.81,normal,0.00,0,mm,-812.11,27.56,27.8,28.1170,-9.71,3.62,0.93,TREND,-2.85,stressed,0.00,3400,cut,-5585.33
32.392,11,612.8,-6107.50,-6107.50,15746,15746,177.0,177.1,177.3424,3.56,4.68,0.07,chop,-0.43,stressed,0.00,12346,cut,-5908.17,103.06,103.07,102.9769,5.12,2.51,0.28,mixed,2.66,normal,0.00,0,mm,-812.11,27.56,27.8,28.1170,-9.71,3.62,0.93,TREND,-2.85,stressed,0.00,3400,cut,-5585.33
32.579,11,612.8,-6107.50,-6107.50,10100,10100,176.99,177.05,177.3234,-0.49,4.68,0.07,chop,-0.43,stressed,0.00,9000,cut,-5565.87,103.06,103.07,102.9821,5.74,2.51,0.28,mixed,2.66,normal,0.00,0,mm,-812.11,27.59,27.62,28.0868,-15.65,4.85,0.97,TREND,-4.32,stressed,0.00,1100,cut,-5018.80
32.651,11,628.3,-6107.50,-6107.50,10100,10100,176.99,177.05,177.3165,-1.84,4.68,0.17,chop,-0.58,stressed,0.00,9000,cut,-5565.87,103.06,103.07,102.9840,5.94,2.51,0.22,chop,2.53,normal,0.00,0,mm,-812.11,27.59,27.62,28.0758,-17.63,4.85,0.97,TREND,-4.32,stressed,0.00,1100,cut,-5018.80
32.706,11,628.3,-6107.50,-6107.50,10100,10100,176.99,177.01,177.3110,-2.88,4.68,0.17,chop,-0.58,stressed,0.00,9000,cut,-5565.87,103.06,103.07,102.9854,6.08,2.51,0.22,chop,2.53,normal,0.00,0,mm,-812.11,27.59,28.31,28.0758,-17.63,4.85,0.97,TREND,-4.32,stressed,0.00,1100,cut,-5018.80
32.779,11,628.3,-6107.50,-6107.50,10100,10100,176.98,177.01,177.3037,-4.21,4.68,0.17,chop,-0.58,stressed,0.00,9000,cut,-5745.87,103.06,103.07,102.9872,6.25,2.51,0.22,chop,2.53,normal,0.00,0,mm,-812.11,27.6,27.61,28.0649,-19.45,4.85,0.97,TREND,-4.32,stressed,0.00,1100,cut,-5216.80
32.840,11,628.3,-6107.50,-6107.50,10100,10100,176.98,177.01,177.2977,-5.24,4.68,0.17,chop,-0.58,stressed,0.00,9000,cut,-5745.87,103.06,103.07,102.9887,6.38,2.51,0.22,chop,2.53,normal,0.00,0,mm,-812.11,27.6,27.61,28.0560,-20.85,4.85,0.97,TREND,-3.84,stressed,0.00,1100,cut,-5216.80
32.881,11,628.3,-6107.50,-6107.50,10100,10100,176.98,177.01,177.2939,-5.86,4.46,0.17,chop,-0.58,stressed,0.00,9000,cut,-5745.87,103.06,103.07,102.9897,6.46,2.35,0.22,chop,2.53,normal,0.00,0,mm,-812.11,27.6,27.61,28.0503,-21.71,4.85,0.97,TREND,-3.84,stressed,0.00,1100,cut,-5216.80
33.010,11,628.3,-6107.50,-6107.50,10100,10100,176.95,176.96,177.2802,-8.14,4.46,0.24,chop,-0.90,stressed,0.00,9000,cut,-5745.87,103.06,103.07,102.9927,6.68,2.35,0.22,chop,2.42,normal,0.00,0,mm,-812.11,27.59,27.6,28.0319,-24.32,4.85,0.97,TREND,-3.84,stressed,0.00,1100,cut,-5216.80
33.117,11,628.3,-6107.50,-6107.50,10100,10100,176.95,176.96,177.2691,-9.79,4.46,0.24,chop,-0.90,stressed,0.00,9000,cut,-5745.87,103.06,103.07,102.9952,6.83,2.35,0.22,chop,2.42,normal,0.00,0,mm,-812.11,27.59,27.6,28.0171,-26.20,4.73,0.97,TREND,-3.55,stressed,0.00,1100,cut,-5216.80
33.149,12,582.2,-11774.78,-11774.78,10100,10100,176.95,176.96,177.2658,-10.24,4.46,0.24,chop,-0.90,stressed,-0.02,9000,cut,-5745.87,103.06,103.07,102.9959,6.87,2.35,0.22,chop,2.42,normal,0.44,0,mm,-812.11,27.59,27.6,28.0126,-26.71,4.73,0.97,TREND,-3.55,stressed,0.00,1100,cut,-5216.80
33.178,12,582.2,-11774.78,-11774.78,10100,10100,176.95,176.96,177.2628,-10.63,4.46,0.24,chop,-0.90,stressed,-0.02,9000,cut,-5745.87,103.06,103.07,102.9966,6.90,2.35,0.22,chop,2.42,normal,0.44,0,mm,-812.11,27.59,27.6,28.0086,-27.14,4.73,0.97,TREND,-3.55,stressed,0.00,1100,cut,-5216.80
33.210,12,582.2,-11774.78,-11774.78,10100,10100,176.95,176.96,177.2596,-11.05,4.46,0.24,chop,-0.90,stressed,-0.02,9000,cut,-5745.87,103.06,103.07,102.9973,6.94,2.35,0.22,chop,2.42,normal,0.44,0,mm,-812.11,27.59,27.6,28.0042,-27.60,4.73,0.97,TREND,-3.55,stressed,0.00,1100,cut,-5216.80
33.364,12,582.2,-11774.78,-11774.78,10100,10100,176.87,176.96,177.2425,-13.31,4.46,0.47,TREND,-1.09,stressed,-0.02,9000,cut,-5745.87,103.07,103.08,103.0012,7.20,2.35,0.24,chop,2.54,normal,0.44,0,mm,-812.11,27.58,28.43,28.0042,-27.60,4.73,0.97,TREND,-3.55,stressed,0.00,1100,cut,-5216.80
33.419,12,582.2,-11774.78,-11774.78,4000,4000,176.87,176.96,177.2365,-14.04,4.46,0.47,TREND,-1.09,stressed,-0.02,4000,cut,-6423.13,103.07,103.08,103.0025,7.28,2.13,0.24,chop,2.54,normal,0.44,0,mm,-812.11,27.58,28.43,28.0042,-27.60,4.73,0.97,TREND,-3.55,stressed,0.00,0,mm,-5231.45
33.660,12,582.2,-11774.78,-11774.78,4000,4000,176.95,176.96,177.2150,-15.89,4.46,0.53,TREND,-0.87,stressed,-0.02,4000,cut,-6423.13,103.07,103.08,103.0081,7.54,2.13,0.24,chop,2.43,normal,0.44,0,mm,-812.11,27.79,28.35,28.0042,-27.60,4.73,0.97,TREND,-3.55,stressed,0.00,0,mm,-5231.45
33.746,12,597.8,-11774.78,-11774.78,5500,5500,176.85,176.86,177.2049,-17.15,4.46,0.53,TREND,-0.87,stressed,-0.02,4000,cut,-6423.13,103.07,103.09,103.0101,7.64,2.13,0.24,chop,2.43,normal,0.44,0,mm,-812.11,27.86,28.16,28.0042,-27.60,4.73,0.97,TREND,-3.55,stressed,0.00,1500,mm,-5454.80
33.855,12,597.8,-11774.78,-11774.78,5500,5500,176.85,176.86,177.1926,-18.54,4.46,0.53,TREND,-0.87,stressed,-0.02,4000,cut,-6423.13,103.07,103.09,103.0125,7.75,2.13,0.24,chop,2.43,normal,0.44,0,mm,-812.11,27.86,28.16,28.0042,-27.60,4.73,0.97,TREND,-3.55,stressed,0.00,1500,mm,-5454.80
33.886,12,597.8,-11774.78,-11774.78,5500,5500,176.85,176.86,177.1892,-18.90,4.46,0.53,TREND,-0.87,stressed,-0.02,4000,cut,-6423.13,103.07,103.09,103.0132,7.77,2.13,0.24,chop,2.43,normal,0.44,0,mm,-812.11,27.86,28.16,28.0042,-27.60,4.73,0.97,TREND,-3.55,stressed,0.00,1500,mm,-5454.80
33.921,12,597.8,-11774.78,-11774.78,5500,5500,176.85,176.86,177.1854,-19.29,4.23,0.59,TREND,-1.36,stressed,-0.02,4000,cut,-6423.13,103.07,103.09,103.0140,7.80,1.95,0.25,chop,2.43,normal,0.44,0,mm,-812.11,27.86,28.16,28.0042,-27.60,4.73,0.97,TREND,-3.55,stressed,0.00,1500,mm,-5454.80
33.941,12,597.8,-11774.78,-11774.78,5500,5500,176.85,176.86,177.1833,-19.51,4.23,0.59,TREND,-1.36,stressed,-0.02,4000,cut,-6423.13,103.07,103.09,103.0144,7.81,1.95,0.25,chop,2.43,normal,0.44,0,mm,-812.11,27.86,28.16,28.0042,-27.60,4.73,0.97,TREND,-3.55,stressed,0.00,1500,mm,-5454.80
34.015,12,597.8,-11774.78,-11774.78,6600,6600,176.85,176.86,177.1755,-20.25,4.23,0.59,TREND,-1.36,stressed,-0.02,4000,cut,-6423.13,103.04,103.06,103.0152,7.68,1.95,0.25,chop,2.43,normal,0.44,2500,mm,-867.11,27.87,28.1,28.0042,-27.60,4.73,0.97,TREND,-3.55,stressed,0.00,100,mm,-3939.30
34.199,12,597.8,-11774.78,-11774.78,6600,6600,176.85,176.86,177.1567,-21.81,4.23,0.60,TREND,-1.33,stressed,-0.02,4000,cut,-6423.13,103.04,103.06,103.0173,7.36,1.95,0.13,chop,1.73,normal,0.44,2500,mm,-867.11,27.87,28.1,28.0042,-27.60,4.73,0.97,TREND,-3.55,stressed,0.00,100,mm,-3939.30
34.276,12,611.7,-11774.78,-11774.78,8000,8000,176.85,176.86,177.1494,-22.35,4.23,0.60,TREND,-1.33,stressed,-0.02,4000,cut,-6423.13,103.04,103.05,103.0180,7.20,1.95,0.13,chop,1.73,normal,0.44,3900,mm,-933.91,27.83,28.1,28.0042,-27.60,4.73,0.97,TREND,-3.55,stressed,0.00,100,mm,-3939.30
34.379,12,611.7,-11774.78,-11774.78,8000,8000,176.85,176.86,177.1396,-22.98,4.23,0.60,TREND,-1.33,stressed,-0.02,4000,cut,-6423.13,103.04,103.05,103.0188,7.00,1.95,0.13,chop,1.73,normal,0.44,3900,mm,-933.91,27.83,28.1,28.0042,-27.60,4.73,0.97,TREND,-3.55,stressed,0.00,100,mm,-3939.30
34.444,12,611.7,-11774.78,-11774.78,8000,8000,176.85,176.86,177.1337,-23.33,4.15,0.60,TREND,-1.33,stressed,-0.02,4000,cut,-6423.13,103.04,103.05,103.0194,6.89,2.15,0.13,chop,1.73,normal,0.44,3900,mm,-933.91,27.83,28.1,28.0042,-27.60,4.73,0.97,TREND,-3.55,stressed,0.00,100,mm,-3939.30
34.609,12,611.7,-11774.78,-11774.78,8000,8000,176.82,176.86,177.1184,-24.25,4.15,0.70,TREND,-1.39,stressed,-0.02,4000,cut,-6423.13,103.04,103.09,103.0218,6.88,2.15,0.13,chop,2.00,normal,0.44,3900,mm,-933.91,27.83,28.02,28.0042,-27.60,4.73,0.97,TREND,-3.55,stressed,0.00,100,mm,-3939.30
34.686,12,611.7,-11774.78,-11774.78,900,900,176.82,176.86,177.1117,-24.60,4.15,0.70,TREND,-1.39,stressed,-0.02,0,mm,-6665.93,103.04,103.09,103.0228,6.87,2.15,0.13,chop,2.00,normal,0.44,800,mm,-800.11,27.83,28.02,28.0042,-27.60,4.73,0.97,TREND,-3.55,stressed,0.00,100,mm,-3939.30
34.895,13,573.6,-11305.34,-11305.34,1900,1900,176.82,176.85,177.0930,-25.39,4.15,0.72,TREND,-1.39,stressed,-0.23,0,mm,-6665.93,103.05,103.06,103.0250,6.65,2.15,0.43,mixed,1.74,normal,0.39,1800,mm,-764.11,27.86,28.62,28.0042,-27.60,4.73,0.97,TREND,-3.55,stressed,0.00,100,mm,-3875.30
34.959,13,573.6,-11305.34,-11305.34,1900,1900,176.82,176.85,177.0876,-25.57,3.86,0.72,TREND,-1.39,stressed,-0.23,0,mm,-6665.93,103.05,103.06,103.0256,6.58,1.99,0.43,mixed,1.74,normal,0.39,1800,mm,-764.11,27.86,28.62,28.0042,-27.60,4.73,0.97,TREND,-3.55,stressed,0.00,100,mm,-3875.30
35.049,13,573.6,-11305.34,-11305.34,1800,1800,176.8,176.81,177.0792,-26.01,3.86,0.72,TREND,-1.39,stressed,-0.23,0,mm,-6665.93,103.06,103.07,103.0268,6.57,1.99,0.43,mixed,1.74,normal,0.39,1800,mm,-764.11,27.98,28.76,28.0042,-27.60,4.73,0.97,TREND,-3.55,stressed,0.00,0,mm,-3862.45
35.099,13,573.6,-11305.34,-11305.34,1800,1800,176.8,176.81,177.0746,-26.22,3.86,0.72,TREND,-1.39,stressed,-0.23,0,mm,-6665.93,103.06,103.07,103.0274,6.56,1.99,0.43,mixed,1.74,normal,0.39,1800,mm,-764.11,27.98,28.76,28.0042,-27.60,4.73,0.97,TREND,-3.55,stressed,0.00,0,mm,-3862.45
35.150,13,573.6,-11305.34,-11305.34,1800,1800,176.8,176.81,177.0702,-26.41,3.86,0.81,TREND,-1.51,stressed,-0.23,0,mm,-6665.93,103.06,103.07,103.0280,6.55,1.99,0.47,TREND,1.90,normal,0.39,1800,mm,-764.11,27.98,28.76,28.0042,-27.60,4.73,0.97,TREND,-3.55,stressed,0.00,0,mm,-3862.45
35.170,13,573.6,-11305.34,-11305.34,1800,1800,176.8,176.81,177.0683,-26.49,3.86,0.81,TREND,-1.51,stressed,-0.23,0,mm,-6665.93,103.06,103.07,103.0283,6.54,1.99,0.47,TREND,1.90,normal,0.39,1800,mm,-764.11,27.98,28.76,28.0042,-27.60,4.73,0.97,TREND,-3.55,stressed,0.00,0,mm,-3862.45
35.198,13,573.6,-11305.34,-11305.34,1800,1800,176.8,176.81,177.0659,-26.58,3.86,0.81,TREND,-1.51,stressed,-0.23,0,mm,-6665.93,103.06,103.07,103.0286,6.54,1.99,0.47,TREND,1.90,normal,0.39,1800,mm,-764.11,27.98,28.76,28.0042,-27.60,4.73,0.97,TREND,-3.55,stressed,0.00,0,mm,-3862.45
35.224,13,573.6,-11305.34,-11305.34,1800,1800,176.8,176.81,177.0637,-26.66,3.86,0.81,TREND,-1.51,stressed,-0.23,0,mm,-6665.93,103.06,103.07,103.0289,6.53,1.99,0.47,TREND,1.90,normal,0.39,1800,mm,-764.11,27.98,28.76,28.0042,-27.60,4.73,0.97,TREND,-3.55,stressed,0.00,0,mm,-3862.45
35.301,13,573.6,-11305.34,-11305.34,3000,3000,176.79,176.81,177.0569,-26.92,3.86,0.81,TREND,-1.51,stressed,-0.23,0,mm,-6665.93,103.05,103.08,103.0299,6.51,1.99,0.47,TREND,1.90,normal,0.39,1800,mm,-746.11,28.0,28.62,28.0042,-27.60,4.73,0.97,TREND,-3.55,stressed,0.00,1200,mm,-3578.47
35.372,13,585.0,-11305.34,-11305.34,3000,3000,176.79,176.81,177.0510,-27.12,3.86,0.81,TREND,-1.51,stressed,-0.23,0,mm,-6665.93,103.05,103.08,103.0307,6.48,1.99,0.47,TREND,1.90,normal,0.39,1800,mm,-746.11,28.0,28.62,28.0042,-27.60,4.73,0.97,TREND,-3.55,stressed,0.00,1200,mm,-3578.47
35.408,13,585.0,-11305.34,-11305.34,3000,3000,176.79,176.81,177.0480,-27.21,3.86,0.81,TREND,-1.50,stressed,-0.23,0,mm,-6665.93,103.05,103.08,103.0311,6.47,1.99,0.47,TREND,1.85,stressed,0.39,1800,mm,-746.11,28.0,28.62,28.0042,-27.60,4.73,0.97,TREND,-3.55,stressed,0.00,1200,mm,-3578.47
35.433,13,585.0,-11305.34,-11305.34,3000,3000,176.79,176.81,177.0460,-27.27,3.86,0.81,TREND,-1.50,stressed,-0.23,0,mm,-6665.93,103.05,103.08,103.0314,6.46,1.99,0.47,TREND,1.85,stressed,0.39,1800,mm,-746.11,28.0,28.62,28.0042,-27.60,4.73,0.97,TREND,-3.55,stressed,0.00,1200,mm,-3578.47
35.459,13,585.0,-11305.34,-11305.34,3000,3000,176.79,176.81,177.0439,-27.33,3.50,0.81,TREND,-1.50,stressed,-0.23,0,mm,-6665.93,103.05,103.08,103.0317,6.45,1.83,0.47,TREND,1.85,stressed,0.39,1800,mm,-746.11,28.0,28.62,28.0042,-27.60,4.73,0.97,TREND,-3.55,stressed,0.00,1200,mm,-3578.47
35.480,13,585.0,-11305.34,-11305.34,3000,3000,176.79,176.81,177.0422,-27.37,3.50,0.81,TREND,-1.50,stressed,-0.23,0,mm,-6665.93,103.05,103.08,103.0319,6.44,1.83,0.47,TREND,1.85,stressed,0.39,1800,mm,-746.11,28.0,28.62,28.0042,-27.60,4.73,0.97,TREND,-3.55,stressed,0.00,1200,mm,-3578.47
35.545,13,585.0,-11305.34,-11305.34,1900,1900,176.77,176.8,177.0368,-27.56,3.50,0.81,TREND,-1.50,stressed,-0.23,0,mm,-6665.93,103.08,103.09,103.0330,6.53,1.83,0.47,TREND,1.85,stressed,0.39,1800,mm,-746.11,28.0,28.62,28.0042,-27.60,4.73,0.97,TREND,-3.55,stressed,0.00,100,mm,-2572.12
35.748,13,585.0,-11305.34,-11305.34,1900,1900,176.77,176.8,177.0204,-28.02,3.50,0.82,TREND,-1.55,stressed,-0.23,0,mm,-6665.93,103.08,103.09,103.0364,6.74,1.83,0.49,TREND,2.18,stressed,0.39,1800,mm,-746.11,28.0,28.62,28.0042,-27.60,4.73,0.97,TREND,-3.55,stressed,0.00,100,mm,-2572.12
35.791,13,585.0,-11305.34,-11305.34,1900,1900,176.77,176.79,177.0171,-28.10,3.50,0.82,TREND,-1.55,stressed,-0.23,0,mm,-6665.93,103.08,103.1,103.0371,6.79,1.83,0.49,TREND,2.18,stressed,0.39,1800,mm,-710.11,28.01,28.17,28.0042,-27.60,4.73,0.97,TREND,-3.55,stressed,0.00,100,mm,-2572.12
35.986,13,599.7,-11305.34,-11305.34,1900,1900,176.77,176.79,177.0025,-28.37,3.26,0.82,TREND,-1.55,stressed,-0.23,0,mm,-6665.93,103.08,103.1,103.0404,6.98,1.82,0.49,TREND,2.18,stressed,0.39,1800,mm,-710.11,28.01,28.17,28.0042,-27.60,4.73,0.97,TREND,-3.55,stressed,0.00,100,mm,-2572.12
36.091,13,599.7,-11305.34,-11305.34,3500,3500,176.77,176.78,176.9947,-28.48,3.26,0.84,TREND,-1.56,stressed,-0.23,0,mm,-6665.93,103.08,103.1,103.0421,7.06,1.82,0.49,TREND,2.21,stressed,0.39,3400,mm,-765.31,28.02,28.18,28.0042,-27.60,4.73,0.97,TREND,-3.55,stressed,0.00,100,mm,-2572.12
36.196,13,599.7,-11305.34,-11305.34,3500,3500,176.77,176.78,176.9873,-28.55,3.26,0.84,TREND,-1.56,stressed,-0.23,0,mm,-6665.93,103.08,103.1,103.0437,7.11,1.82,0.49,TREND,2.21,stressed,0.39,3400,mm,-765.31,28.02,28.18,28.0042,-27.60,4.73,0.97,TREND,-3.55,stressed,0.00,100,mm,-2572.12
36.280,13,599.7,-11305.34,-11305.34,3500,3500,176.77,176.78,176.9817,-28.57,3.26,0.84,TREND,-1.56,stressed,-0.23,0,mm,-6665.93,103.08,103.1,103.0449,7.15,1.82,0.49,TREND,2.21,stressed,0.39,3400,mm,-765.31,28.02,28.18,28.0042,-27.60,4.73,0.97,TREND,-3.55,stressed,0.00,100,mm,-2572.12
36.322,13,599.7,-11305.34,-11305.34,3500,3500,176.76,176.78,176.9787,-28.59,3.26,0.84,TREND,-1.56,stressed,-0.23,0,mm,-6665.93,103.09,103.1,103.0456,7.18,1.82,0.49,TREND,2.21,stressed,0.39,3400,mm,-697.31,28.03,28.17,28.0042,-27.60,4.73,0.97,TREND,-3.55,stressed,0.00,100,mm,-2572.12
36.470,13,611.2,-11305.34,-11305.34,3500,3500,176.76,176.78,176.9690,-28.61,3.26,0.85,TREND,-1.56,stressed,-0.23,0,mm,-6665.93,103.09,103.1,103.0479,7.27,1.82,0.49,TREND,2.23,stressed,0.39,3400,mm,-697.31,28.03,28.17,28.0042,-27.60,4.73,0.97,TREND,-3.55,stressed,0.00,100,mm,-2572.12
36.550,13,611.2,-11305.34,-11305.34,3400,3400,176.75,176.78,176.9638,-28.62,3.09,0.85,TREND,-1.56,stressed,-0.23,0,mm,-6665.93,103.09,103.1,103.0491,7.31,1.66,0.49,TREND,2.23,stressed,0.39,3400,mm,-697.31,28.04,28.17,28.0042,-27.60,4.73,0.97,TREND,-3.55,stressed,0.00,0,mm,-2568.27
36.619,13,611.2,-11305.34,-11305.34,3400,3400,176.75,176.78,176.9594,-28.61,3.09,0.85,TREND,-1.56,stressed,-0.23,0,mm,-6665.93,103.09,103.1,103.0501,7.33,1.66,0.49,TREND,2.23,stressed,0.39,3400,mm,-697.31,28.04,28.17,28.0042,-27.60,4.73,0.97,TREND,-3.55,stressed,0.00,0,mm,-2568.27
36.651,13,611.2,-11305.34,-11305.34,3400,3400,176.75,176.78,176.9574,-28.60,3.09,0.85,TREND,-1.56,stressed,-0.23,0,mm,-6665.93,103.09,103.1,103.0506,7.34,1.66,0.49,TREND,2.23,stressed,0.39,3400,mm,-697.31,28.04,28.17,28.0042,-27.60,4.73,0.97,TREND,-3.55,stressed,0.00,0,mm,-2568.27
36.725,13,611.2,-11305.34,-11305.34,3400,3400,176.75,176.78,176.9528,-28.57,3.09,0.85,TREND,-1.55,stressed,-0.23,0,mm,-6665.93,103.09,103.1,103.0516,7.36,1.66,0.49,TREND,2.16,stressed,0.39,3400,mm,-697.31,28.04,28.17,28.0042,-27.60,4.73,0.97,TREND,-3.55,stressed,0.00,0,mm,-2568.27
36.812,13,611.2,-11305.34,-11305.34,3400,3400,176.76,176.77,176.9477,-28.51,3.09,0.85,TREND,-1.55,stressed,-0.23,0,dir,-6665.93,103.09,103.12,103.0531,7.44,1.66,0.49,TREND,2.16,stressed,0.39,3400,mm,-663.31,28.09,28.11,28.0069,-25.12,9.18,0.09,chop,0.24,stressed,0.00,0,mm,-2568.27
36.898,13,611.2,-11305.34,-11305.34,1300,-700,176.76,176.77,176.9426,-28.44,3.09,0.85,TREND,-1.55,stressed,-0.23,0,dir,-6665.93,103.09,103.12,103.0545,7.51,1.66,0.49,TREND,2.16,stressed,0.39,300,mm,-607.51,28.09,28.11,28.0094,-22.82,9.18,0.09,chop,0.24,stressed,0.00,-1000,mm,-2577.17
36.956,14,573.0,-9897.51,-9897.51,1300,-700,176.76,176.77,176.9393,-28.37,3.09,0.85,TREND,-1.55,stressed,-0.36,0,dir,-6665.93,103.09,103.12,103.0555,7.55,1.66,0.49,TREND,2.16,stressed,0.63,300,mm,-607.51,28.09,28.11,28.0111,-21.42,9.18,0.09,chop,0.24,stressed,0.11,-1000,mm,-2577.17
37.020,14,573.0,-9897.51,-9897.51,1300,-700,176.76,176.77,176.9356,-28.29,3.09,0.86,TREND,-1.52,stressed,-0.36,0,dir,-6665.93,103.09,103.12,103.0566,7.58,1.66,0.47,TREND,2.27,stressed,0.63,300,mm,-607.51,28.09,28.11,28.0131,-19.92,9.18,0.09,chop,0.24,stressed,0.11,-1000,mm,-2577.17
37.269,14,573.0,-9897.51,-9897.51,7600,-4600,176.74,176.77,176.9213,-28.08,2.96,0.86,TREND,-1.52,stressed,-0.36,-5000,dir,-6797.44,103.11,103.12,103.0612,7.85,1.61,0.47,TREND,2.27,stressed,0.63,1500,mm,-627.91,28.12,28.13,28.0219,-14.57,9.18,0.06,chop,0.43,stressed,0.11,-1100,mm,-2598.06
37.425,14,573.0,-9897.51,-9897.51,7600,-4600,176.74,176.76,176.9125,-27.94,2.96,0.87,TREND,-1.56,stressed,-0.36,-5000,dir,-6797.44,103.1,103.12,103.0637,7.90,1.61,0.48,TREND,2.28,stressed,0.63,1500,mm,-627.91,28.12,28.17,28.0282,-11.54,8.59,0.06,chop,0.43,stressed,0.11,-1100,mm,-2598.06
37.454,14,573.0,-9897.51,-9897.51,7600,-4600,176.74,176.76,176.9110,-27.91,2.96,0.87,TREND,-1.56,stressed,-0.36,-5000,dir,-6797.44,103.1,103.12,103.0641,7.91,1.61,0.48,TREND,2.28,stressed,0.63,1500,mm,-627.91,28.12,28.17,28.0293,-11.04,8.59,0.06,chop,0.43,stressed,0.11,-1100,mm,-2598.06
37.506,14,585.1,-9897.51,-9897.51,7600,-4600,176.74,176.76,176.9082,-27.85,2.96,0.87,TREND,-1.56,stressed,-0.36,-5000,dir,-6797.44,103.1,103.12,103.0649,7.91,1.61,0.48,TREND,2.28,stressed,0.63,1500,mm,-627.91,28.12,28.17,28.0313,-10.17,8.59,0.06,chop,0.43,stressed,0.11,-1100,mm,-2598.06
37.619,14,585.1,-9897.51,-9897.51,7600,-4600,176.74,176.76,176.9025,-27.70,2.96,0.87,TREND,-1.56,stressed,-0.36,-5000,dir,-6797.44,103.1,103.12,103.0665,7.92,1.61,0.48,TREND,2.28,stressed,0.63,1500,mm,-627.91,28.13,28.17,28.0356,-8.41,8.59,0.04,chop,0.61,stressed,0.11,-1100,mm,-2598.06
37.694,14,585.1,-9897.51,-9897.51,7600,-4600,176.73,176.76,176.8986,-27.62,2.96,0.87,TREND,-1.56,stressed,-0.36,-5000,dir,-6797.44,103.1,103.11,103.0675,7.88,1.61,0.46,TREND,2.13,stressed,0.63,1500,mm,-627.91,28.13,28.17,28.0384,-7.34,8.59,0.04,chop,0.61,stressed,0.11,-1100,mm,-2598.06
37.824,14,585.1,-9897.51,-9897.51,7700,-4700,176.74,176.75,176.8921,-27.45,2.83,0.87,TREND,-1.56,stressed,-0.36,-5000,dir,-6797.44,103.1,103.11,103.0691,7.82,1.62,0.46,TREND,2.13,stressed,0.63,1500,mm,-582.91,28.24,28.39,28.0384,-7.34,8.59,0.04,chop,0.61,stressed,0.11,-1200,mm,-2899.21
37.947,14,585.1,-9897.51,-9897.51,7700,-4700,176.74,176.75,176.8863,-27.26,2.83,0.87,TREND,-1.53,stressed,-0.36,-5000,dir,-6797.44,103.1,103.11,103.0705,7.75,1.62,0.46,TREND,2.07,stressed,0.63,1500,mm,-582.91,28.24,28.39,28.0384,-7.34,8.59,0.04,chop,0.61,stressed,0.11,-1200,mm,-2899.21
38.122,14,598.3,-9897.51,-9897.51,6700,-3700,176.74,176.75,176.8785,-26.96,2.83,0.87,TREND,-1.53,stressed,-0.36,-5200,dir,-6699.98,103.1,103.11,103.0724,7.65,1.62,0.46,TREND,2.07,stressed,0.63,1500,mm,-582.91,28.24,28.39,28.0384,-7.34,8.59,0.04,chop,0.61,stressed,0.11,0,mm,-2909.01
38.147,14,598.3,-9897.51,-9897.51,6700,-3700,176.74,176.75,176.8774,-26.91,2.83,0.87,TREND,-1.53,stressed,-0.36,-5200,dir,-6699.98,103.1,103.11,103.0727,7.63,1.62,0.46,TREND,2.07,stressed,0.63,1500,mm,-582.91,28.35,28.41,28.0410,-6.55,9.74,0.13,chop,2.28,stressed,0.11,0,mm,-2909.01
38.253,14,598.3,-9897.51,-9897.51,6700,-3700,176.74,176.75,176.8729,-26.71,2.83,0.88,TREND,-1.51,stressed,-0.36,-5200,dir,-6699.98,103.1,103.11,103.0738,7.56,1.62,0.45,TREND,2.01,stressed,0.63,1500,mm,-582.91,28.35,28.41,28.0525,-3.25,9.74,0.13,chop,2.28,stressed,0.11,0,mm,-2909.01
38.274,14,598.3,-9897.51,-9897.51,6700,-3700,176.74,176.75,176.8720,-26.67,2.83,0.88,TREND,-1.51,stressed,-0.36,-5200,dir,-6699.98,103.1,103.11,103.0740,7.55,1.62,0.45,TREND,2.01,stressed,0.63,1500,mm,-582.91,28.35,28.41,28.0549,-2.61,9.74,0.13,chop,2.28,stressed,0.11,0,mm,-2909.01
38.302,14,598.3,-9897.51,-9897.51,6700,-3700,176.74,176.75,176.8709,-26.61,2.83,0.88,TREND,-1.51,stressed,-0.36,-5200,dir,-6699.98,103.1,103.11,103.0743,7.53,1.62,0.45,TREND,2.01,stressed,0.63,1500,mm,-582.91,28.35,28.41,28.0578,-1.82,9.74,0.13,chop,2.28,stressed,0.11,0,mm,-2909.01
38.391,14,598.3,-9897.51,-9897.51,7900,-4300,176.73,176.75,176.8671,-26.46,2.73,0.88,TREND,-1.51,stressed,-0.36,-6100,dir,-6711.41,103.07,103.08,103.0743,7.25,1.79,0.45,TREND,2.01,stressed,0.63,1800,mm,-634.51,28.36,28.39,28.0669,0.49,9.74,0.13,chop,2.28,stressed,0.11,0,mm,-2909.01
38.431,14,598.3,-9897.51,-9897.51,7900,-4300,176.73,176.75,176.8655,-26.40,2.73,0.88,TREND,-1.51,stressed,-0.36,-6100,dir,-6711.41,103.07,103.08,103.0743,7.13,1.79,0.45,TREND,2.01,stressed,0.63,1800,mm,-634.51,28.36,28.39,28.0708,1.44,9.74,0.13,chop,2.16,stressed,0.11,0,mm,-2909.01
38.464,14,598.3,-9897.51,-9897.51,7900,-4300,176.73,176.75,176.8641,-26.33,2.73,0.88,TREND,-1.51,stressed,-0.36,-6100,dir,-6711.41,103.07,103.08,103.0743,7.03,1.79,0.45,TREND,2.01,stressed,0.63,1800,mm,-634.51,28.36,28.39,28.0741,2.23,9.74,0.13,chop,2.16,stressed,0.11,0,mm,-2909.01
38.534,14,607.7,-9897.51,-9897.51,7900,-4300,176.73,176.75,176.8614,-26.21,2.73,0.88,TREND,-1.50,stressed,-0.36,-6100,dir,-6711.41,103.07,103.08,103.0743,6.84,1.79,0.35,TREND,1.48,stressed,0.63,1800,mm,-634.51,28.36,28.39,28.0809,3.76,9.74,0.13,chop,2.16,stressed,0.11,0,mm,-2909.01
38.624,14,607.7,-9897.51,-9897.51,8300,-4700,176.73,176.74,176.8578,-26.07,2.73,0.88,TREND,-1.50,stressed,-0.36,-6500,dir,-6655.49,103.03,103.05,103.0733,6.34,1.79,0.35,TREND,1.48,stressed,0.63,1800,mm,-634.51,28.37,28.38,28.0893,5.55,9.74,0.13,chop,2.16,stressed,0.11,0,mm,-2909.01
38.668,14,607.7,-9897.51,-9897.51,8300,-4700,176.73,176.74,176.8561,-26.01,2.73,0.88,TREND,-1.50,stressed,-0.36,-6500,dir,-6655.49,103.03,103.05,103.0729,6.12,1.79,0.35,TREND,1.48,stressed,0.63,1800,mm,-634.51,28.37,28.38,28.0932,6.35,9.12,0.13,chop,2.16,stressed,0.11,0,mm,-2909.01
38.711,14,607.7,-9897.51,-9897.51,8300,-4700,176.73,176.74,176.8544,-25.93,2.73,0.88,TREND,-1.50,stressed,-0.36,-6500,dir,-6655.49,103.03,103.05,103.0724,5.90,1.79,0.35,TREND,1.48,stressed,0.63,1800,mm,-634.51,28.37,28.38,28.0972,7.13,9.12,0.13,chop,2.09,stressed,0.11,0,mm,-2909.01
38.918,14,607.7,-9897.51,-9897.51,8300,-4700,176.73,176.74,176.8466,-25.56,2.63,0.89,TREND,-1.50,stressed,-0.36,-6500,dir,-6655.49,103.02,103.03,103.0693,4.75,2.08,0.05,chop,0.64,stressed,0.63,1800,mm,-724.51,28.4,28.42,28.1174,10.85,9.12,0.13,chop,2.09,stressed,0.11,0,mm,-2909.01
39.063,14,607.7,-9897.51,-9897.51,8300,-4700,176.73,176.74,176.8415,-25.28,2.63,0.89,TREND,-1.50,stressed,-0.36,-6500,dir,-6655.49,103.02,103.03,103.0673,4.07,2.08,0.05,chop,0.64,stressed,0.63,1800,mm,-724.51,28.4,28.42,28.1308,12.96,9.12,0.15,chop,2.25,stressed,0.11,0,mm,-2909.01
39.193,15,575.7,-10289.01,-10289.01,8300,-4700,176.73,176.74,176.8370,-25.00,2.63,0.89,TREND,-1.48,stressed,-0.41,-6500,dir,-6655.49,103.03,103.05,103.0662,3.70,2.08,0.25,mixed,0.88,stressed,0.28,1800,mm,-724.51,28.42,28.44,28.1434,14.74,8.43,0.15,chop,2.25,stressed,0.48,0,mm,-2909.01
39.314,15,575.7,-10289.01,-10289.01,7800,-5200,176.73,176.74,176.8330,-24.73,2.63,0.89,TREND,-1.48,stressed,-0.41,-6500,dir,-6655.49,103.03,103.05,103.0651,3.40,2.08,0.25,mixed,0.88,stressed,0.28,1300,mm,-705.51,28.42,28.44,28.1547,16.16,8.43,0.17,chop,2.30,stressed,0.48,0,mm,-2909.01
39.561,15,575.7,-10289.01,-10289.01,7800,-5200,176.73,176.74,176.8253,-24.15,2.57,0.89,TREND,-1.45,stressed,-0.41,-6500,dir,-6655.49,103.03,103.04,103.0628,2.78,1.99,0.24,chop,0.79,stressed,0.28,1300,mm,-692.51,28.44,28.5,28.1795,19.20,8.43,0.17,chop,2.30,stressed,0.48,0,mm,-2909.01
39.807,15,588.2,-10289.01,-10289.01,9738,-7138,176.72,176.74,176.8179,-23.66,2.57,0.89,TREND,-1.45,stressed,-0.41,-8438,dir,-6680.11,103.03,103.05,103.0610,2.38,1.99,0.24,chop,0.79,stressed,0.28,1300,mm,-692.51,28.5,28.51,28.2048,22.05,7.97,0.21,chop,2.67,stressed,0.48,0,mm,-2909.01
39.854,15,588.2,-10289.01,-10289.01,9738,-7138,176.72,176.74,176.8165,-23.56,2.57,0.90,TREND,-1.45,stressed,-0.41,-8438,dir,-6680.11,103.03,103.05,103.0607,2.32,1.99,0.25,chop,0.87,stressed,0.28,1300,mm,-692.51,28.5,28.51,28.2095,22.50,7.97,0.21,chop,2.67,stressed,0.48,0,mm,-2909.01
40.085,15,588.2,-10289.01,-10289.01,12800,-10200,176.72,176.73,176.8099,-23.15,2.40,0.90,TREND,-1.45,stressed,-0.41,-11500,dir,-6634.61,103.03,103.04,103.0588,1.95,1.80,0.25,chop,0.87,stressed,0.28,1300,mm,-705.51,28.51,28.54,28.2325,24.63,7.97,0.44,mixed,2.66,stressed,0.48,0,mm,-2909.01
40.159,15,588.2,-10289.01,-10289.01,12900,-12900,176.72,176.73,176.8078,-23.01,2.40,0.90,TREND,-1.45,stressed,-0.41,-11500,dir,-6634.61,103.03,103.04,103.0582,1.84,1.80,0.23,chop,0.78,stressed,0.28,-1400,mm,-685.91,28.54,28.57,28.2401,25.35,7.97,0.44,mixed,2.66,stressed,0.48,0,mm,-2909.01
40.205,15,588.2,-10289.01,-10289.01,12900,-12900,176.72,176.73,176.8066,-22.92,2.40,0.90,TREND,-1.45,stressed,-0.41,-11500,dir,-6634.61,103.03,103.04,103.0579,1.78,1.80,0.23,chop,0.78,stressed,0.28,-1400,mm,-685.91,28.54,28.57,28.2449,25.77,7.97,0.44,mixed,2.66,stressed,0.48,0,mm,-2909.01
40.240,15,588.2,-10289.01,-10289.01,12900,-12900,176.72,176.73,176.8057,-22.85,2.40,0.90,TREND,-1.45,stressed,-0.41,-11500,dir,-6634.61,103.03,103.04,103.0576,1.74,1.80,0.23,chop,0.78,stressed,0.28,-1400,mm,-685.91,28.54,28.57,28.2484,26.07,7.97,0.44,mixed,2.66,stressed,0.48,0,mm,-2909.01
40.293,15,588.2,-10289.01,-10289.01,12900,-12900,176.72,176.73,176.8043,-22.75,2.40,0.90,TREND,-1.45,stressed,-0.41,-11500,dir,-6634.61,103.03,103.04,103.0572,1.67,1.80,0.23,chop,0.78,stressed,0.28,-1400,mm,-685.91,28.54,28.57,28.2537,26.49,7.97,0.44,mixed,2.66,stressed,0.48,0,mm,-2909.01
40.338,15,599.0,-10289.01,-10289.01,12900,-12900,176.72,176.73,176.8031,-22.66,2.40,0.90,TREND,-1.45,stressed,-0.41,-11500,dir,-6634.61,103.03,103.04,103.0569,1.62,1.80,0.23,chop,0.78,stressed,0.28,-1400,mm,-685.91,28.54,28.57,28.2581,26.82,7.29,0.46,TREND,2.71,stressed,0.48,0,mm,-2909.01
40.425,15,599.0,-10289.01,-10289.01,12900,-12900,176.72,176.73,176.8009,-22.48,2.40,0.90,TREND,-1.43,stressed,-0.41,-11500,dir,-6634.61,103.03,103.04,103.0563,1.53,1.80,0.23,chop,0.77,stressed,0.28,-1400,mm,-685.91,28.54,28.57,28.2664,27.41,7.29,0.46,TREND,2.71,stressed,0.48,0,mm,-2909.01
40.515,15,599.0,-10289.01,-10289.01,14200,-14200,176.72,176.73,176.7987,-22.30,2.40,0.90,TREND,-1.43,stressed,-0.41,-11500,dir,-6634.61,103.02,103.04,103.0555,1.40,1.80,0.23,chop,0.77,stressed,0.28,-2700,mm,-669.09,28.57,28.64,28.2761,28.30,7.29,0.46,TREND,2.71,stressed,0.48,0,mm,-2909.01
40.599,15,599.0,-10289.01,-10289.01,14200,-14200,176.72,176.73,176.7968,-22.12,2.33,0.90,TREND,-1.43,stressed,-0.41,-11500,dir,-6634.61,103.02,103.04,103.0549,1.29,1.65,0.23,chop,0.77,stressed,0.28,-2700,mm,-669.09,28.57,28.64,28.2849,29.03,7.29,0.48,TREND,2.85,stressed,0.48,0,mm,-2909.01
40.641,15,599.0,-10289.01,-10289.01,14200,-14200,176.72,176.73,176.7958,-22.04,2.33,0.90,TREND,-1.43,stressed,-0.41,-11500,dir,-6634.61,103.02,103.04,103.0545,1.24,1.65,0.23,chop,0.77,stressed,0.28,-2700,mm,-669.09,28.57,28.64,28.2893,29.36,7.29,0.48,TREND,2.85,stressed,0.48,0,mm,-2909.01
40.758,15,599.0,-10289.01,-10289.01,14200,-14200,176.72,176.73,176.7931,-21.78,2.33,0.90,TREND,-1.41,stressed,-0.41,-11500,dir,-6634.61,103.04,103.06,103.0543,1.30,1.65,0.26,mixed,1.01,stressed,0.28,-2700,mm,-669.09,28.59,28.66,28.3019,30.38,7.29,0.48,TREND,2.85,stressed,0.48,0,mm,-2909.01
40.837,16,566.6,-10266.71,-10266.71,14200,-14200,176.72,176.73,176.7914,-21.61,2.33,0.90,TREND,-1.41,stressed,-0.43,-11500,dir,-6634.61,103.04,103.06,103.0542,1.34,1.65,0.26,mixed,1.01,stressed,0.33,-2700,mm,-723.09,28.59,28.66,28.3103,30.95,7.29,0.48,TREND,2.85,stressed,0.69,0,mm,-2909.01
40.940,16,566.6,-10266.71,-10266.71,14200,-14200,176.72,176.73,176.7891,-21.37,2.33,0.90,TREND,-1.41,stressed,-0.43,-11500,dir,-6634.61,103.04,103.06,103.0541,1.38,1.65,0.26,mixed,1.01,stressed,0.33,-2700,mm,-723.09,28.59,28.66,28.3209,31.59,6.84,0.48,TREND,2.74,stressed,0.69,0,mm,-2909.01
41.013,16,566.6,-10266.71,-10266.71,14200,-14200,176.72,176.73,176.7876,-21.21,2.33,0.90,TREND,-1.38,stressed,-0.43,-11500,dir,-6634.61,103.05,103.11,103.0547,1.58,1.65,0.31,mixed,1.47,stressed,0.33,-2700,mm,-858.09,28.64,28.66,28.3288,32.12,6.84,0.48,TREND,2.74,stressed,0.69,0,mm,-2909.01
41.087,16,566.6,-10266.71,-10266.71,14200,-14200,176.72,176.73,176.7861,-21.04,2.33,0.90,TREND,-1.38,stressed,-0.43,-11500,dir,-6634.61,103.05,103.11,103.0553,1.78,1.65,0.31,mixed,1.47,stressed,0.33,-2700,mm,-858.09,28.64,28.66,28.3366,32.61,6.84,0.48,TREND,2.74,stressed,0.69,0,mm,-2909.01
41.113,16,566.6,-10266.71,-10266.71,14200,-14200,176.72,176.73,176.7855,-20.98,2.25,0.90,TREND,-1.38,stressed,-0.43,-11500,dir,-6634.61,103.05,103.11,103.0555,1.84,1.95,0.31,mixed,1.47,stressed,0.33,-2700,mm,-858.09,28.64,28.66,28.3394,32.77,6.84,0.48,TREND,2.74,stressed,0.69,0,mm,-2909.01
41.150,16,566.6,-10266.71,-10266.71,14200,-14200,176.72,176.73,176.7848,-20.90,2.25,0.90,TREND,-1.38,stressed,-0.43,-11500,dir,-6634.61,103.05,103.11,103.0558,1.93,1.95,0.31,mixed,1.47,stressed,0.33,-2700,mm,-858.09,28.64,28.66,28.3432,32.98,6.84,0.48,TREND,2.74,stressed,0.69,0,mm,-2909.01
41.212,16,566.6,-10266.71,-10266.71,11500,-11500,176.72,176.73,176.7836,-20.76,2.25,0.90,TREND,-1.38,stressed,-0.43,-11500,dir,-6634.61,103.07,103.11,103.0565,2.12,1.95,0.31,mixed,1.47,stressed,0.33,0,mm,-854.31,28.63,28.66,28.3493,33.26,6.84,0.50,TREND,2.69,stressed,0.69,0,mm,-2909.01
41.279,16,566.6,-10266.71,-10266.71,11500,-11500,176.72,176.73,176.7823,-20.61,2.25,0.90,TREND,-1.36,stressed,-0.43,-11500,dir,-6634.61,103.07,103.11,103.0573,2.31,1.95,0.30,mixed,1.60,stressed,0.33,0,mm,-854.31,28.63,28.66,28.3558,33.54,6.84,0.50,TREND,2.69,stressed,0.69,0,mm,-2909.01
41.305,16,566.6,-10266.71,-10266.71,11500,-11500,176.72,176.73,176.7818,-20.55,2.25,0.90,TREND,-1.36,stressed,-0.43,-11500,dir,-6634.61,103.07,103.11,103.0576,2.38,1.95,0.30,mixed,1.60,stressed,0.33,0,mm,-854.31,28.63,28.66,28.3583,33.63,6.84,0.50,TREND,2.69,stressed,0.69,0,mm,-2909.01
41.332,16,575.9,-10266.71,-10266.71,11500,-11500,176.72,176.73,176.7813,-20.48,2.25,0.90,TREND,-1.36,stressed,-0.43,-11500,dir,-6634.61,103.07,103.11,103.0579,2.45,1.95,0.30,mixed,1.60,stressed,0.33,0,mm,-854.31,28.63,28.66,28.3610,33.73,6.84,0.50,TREND,2.69,stressed,0.69,0,mm,-2909.01
41.350,16,575.9,-10266.71,-10266.71,11500,-11500,176.72,176.73,176.7809,-20.44,2.25,0.90,TREND,-1.36,stressed,-0.43,-11500,dir,-6634.61,103.07,103.11,103.0580,2.49,1.95,0.30,mixed,1.60,stressed,0.33,0,mm,-854.31,28.63,28.66,28.3626,33.79,6.84,0.50,TREND,2.69,stressed,0.69,0,mm,-2909.01
41.382,16,575.9,-10266.71,-10266.71,11500,-11500,176.72,176.73,176.7803,-20.37,2.25,0.90,TREND,-1.36,stressed,-0.43,-11500,dir,-6634.61,103.07,103.11,103.0584,2.57,1.95,0.30,mixed,1.60,stressed,0.33,0,mm,-854.31,28.63,28.66,28.3656,33.90,6.84,0.50,TREND,2.69,stressed,0.69,0,mm,-2909.01
41.449,16,575.9,-10266.71,-10266.71,11500,-11500,176.72,176.73,176.7791,-20.22,2.25,0.90,TREND,-1.36,stressed,-0.43,-11500,dir,-6634.61,103.08,103.13,103.0594,2.81,1.95,0.30,mixed,1.60,stressed,0.33,0,mm,-854.31,28.64,28.65,28.3718,34.08,6.35,0.50,TREND,2.69,stressed,0.69,0,mm,-2909.01
41.546,16,575.9,-10266.71,-10266.71,11500,-11500,176.72,176.73,176.7774,-20.00,2.25,0.90,TREND,-1.34,stressed,-0.43,-11500,dir,-6634.61,103.08,103.13,103.0608,3.12,1.95,0.33,mixed,1.80,stressed,0.33,0,mm,-854.31,28.64,28.65,28.3803,34.29,6.35,0.65,TREND,2.57,stressed,0.69,0,mm,-2909.01
41.577,16,575.9,-10266.71,-10266.71,11500,-11500,176.72,176.73,176.7769,-19.93,2.25,0.90,TREND,-1.34,stressed,-0.43,-11500,dir,-6634.61,103.08,103.13,103.0613,3.22,1.95,0.33,mixed,1.80,stressed,0.33,0,mm,-854.31,28.64,28.65,28.3831,34.35,6.35,0.65,TREND,2.57,stressed,0.69,0,mm,-2909.01
41.602,16,575.9,-10266.71,-10266.71,11500,-11500,176.72,176.73,176.7765,-19.87,2.25,0.90,TREND,-1.34,stressed,-0.43,-11500,dir,-6634.61,103.08,103.13,103.0617,3.29,1.95,0.33,mixed,1.80,stressed,0.33,0,mm,-854.31,28.64,28.65,28.3853,34.39,6.35,0.65,TREND,2.57,stressed,0.69,0,mm,-2909.01
41.650,16,575.9,-10266.71,-10266.71,11500,-11500,176.72,176.73,176.7756,-19.77,2.17,0.90,TREND,-1.34,stressed,-0.43,-11500,dir,-6634.61,103.08,103.13,103.0623,3.42,1.95,0.33,mixed,1.80,stressed,0.33,0,mm,-854.31,28.64,28.65,28.3893,34.46,6.35,0.65,TREND,2.57,stressed,0.69,0,mm,-2909.01
41.698,16,575.9,-10266.71,-10266.71,11500,-11500,176.72,176.73,176.7748,-19.66,2.17,0.90,TREND,-1.34,stressed,-0.43,-11500,dir,-6634.61,103.09,103.12,103.0630,3.55,1.95,0.33,mixed,1.80,stressed,0.33,0,mm,-854.31,28.64,28.65,28.3934,34.51,6.35,0.65,TREND,2.57,stressed,0.69,0,mm,-2909.01
41.868,16,575.9,-10266.71,-10266.71,11500,-11500,176.72,176.73,176.7721,-19.28,2.17,0.90,TREND,-1.32,stressed,-0.43,-11500,dir,-6634.61,103.09,103.12,103.0653,3.93,1.95,0.13,chop,1.75,stressed,0.33,0,mm,-854.31,28.64,28.65,28.4071,34.61,6.35,0.65,TREND,2.43,stressed,0.69,0,mm,-2909.01
41.891,16,586.5,-10266.71,-10266.71,11500,-11500,176.72,176.73,176.7718,-19.23,2.17,0.90,TREND,-1.32,stressed,-0.43,-11500,dir,-6634.61,103.09,103.12,103.0656,3.97,1.95,0.13,chop,1.75,stressed,0.33,0,mm,-854.31,28.64,28.65,28.4089,34.61,6.35,0.65,TREND,2.43,stressed,0.69,0,mm,-2909.01
42.039,16,586.5,-10266.71,-10266.71,11500,-11500,176.72,176.73,176.7695,-18.90,2.17,0.90,TREND,-1.32,stressed,-0.43,-11500,dir,-6634.61,103.1,103.12,103.0677,4.29,1.95,0.13,chop,1.75,stressed,0.33,0,mm,-854.31,28.64,28.65,28.4201,34.58,6.07,0.65,TREND,2.43,stressed,0.69,0,mm,-2909.01
42.105,16,586.5,-10266.71,-10266.71,11500,-11500,176.72,176.73,176.7686,-18.76,2.17,0.90,TREND,-1.32,stressed,-0.43,-11500,dir,-6634.61,103.1,103.12,103.0686,4.41,1.95,0.13,chop,1.75,stressed,0.33,0,mm,-854.31,28.64,28.65,28.4249,34.54,6.07,0.65,TREND,2.43,stressed,0.69,0,mm,-2909.01
42.138,16,586.5,-10266.71,-10266.71,11500,-11500,176.72,176.73,176.7681,-18.69,2.17,0.85,TREND,-1.30,stressed,-0.43,-11500,dir,-6634.61,103.1,103.12,103.0691,4.47,1.95,0.14,chop,1.79,stressed,0.33,0,mm,-854.31,28.64,28.65,28.4272,34.52,6.07,0.97,TREND,2.34,stressed,0.69,0,mm,-2909.01
42.209,16,586.5,-10266.71,-10266.71,11500,-11500,176.72,176.73,176.7671,-18.53,2.07,0.85,TREND,-1.30,stressed,-0.43,-11500,dir,-6634.61,103.1,103.12,103.0700,4.58,1.76,0.14,chop,1.79,stressed,0.33,0,mm,-854.31,28.64,28.65,28.4323,34.45,6.07,0.97,TREND,2.34,stressed,0.69,0,mm,-2909.01
42.295,16,586.5,-10266.71,-10266.71,14562,-14562,176.71,176.73,176.7658,-18.38,2.07,0.85,TREND,-1.30,stressed,-0.43,-14562,dir,-6694.12,103.09,103.13,103.0711,4.71,1.76,0.14,chop,1.79,stressed,0.33,0,mm,-854.31,28.64,28.65,28.4382,34.34,6.07,0.97,TREND,2.34,stressed,0.69,0,mm,-2909.01
42.332,16,586.5,-10266.71,-10266.71,14562,-14562,176.71,176.73,176.7653,-18.32,2.07,0.85,TREND,-1.30,stressed,-0.43,-14562,dir,-6694.12,103.09,103.13,103.0716,4.76,1.76,0.14,chop,1.79,stressed,0.33,0,mm,-854.31,28.64,28.65,28.4407,34.30,6.07,0.97,TREND,2.34,stressed,0.69,0,mm,-2909.01
42.403,16,586.5,-10266.71,-10266.71,14562,-14562,176.71,176.73,176.7642,-18.19,2.07,0.80,TREND,-1.30,stressed,-0.43,-14562,dir,-6694.12,103.09,103.13,103.0725,4.84,1.76,0.14,chop,1.74,stressed,0.33,0,mm,-854.31,28.64,28.65,28.4454,34.19,6.07,0.97,TREND,2.24,stressed,0.69,0,mm,-2909.01
42.429,16,596.7,-10266.71,-10266.71,14562,-14562,176.71,176.73,176.7639,-18.15,2.07,0.80,TREND,-1.30,stressed,-0.43,-14562,dir,-6694.12,103.09,103.13,103.0728,4.87,1.76,0.14,chop,1.74,stressed,0.33,0,mm,-854.31,28.64,28.65,28.4471,34.15,6.07,0.97,TREND,2.24,stressed,0.69,0,mm,-2909.01
42.475,16,596.7,-10266.71,-10266.71,14562,-14562,176.69,176.73,176.7631,-18.10,2.07,0.80,TREND,-1.30,stressed,-0.43,-14562,dir,-6694.12,103.04,103.12,103.0729,4.80,1.76,0.14,chop,1.74,stressed,0.33,0,mm,-854.31,28.64,28.65,28.4500,34.07,6.07,0.97,TREND,2.24,stressed,0.69,0,mm,-2909.01
42.539,16,596.7,-10266.71,-10266.71,14562,-14562,176.69,176.73,176.7620,-18.04,2.07,0.80,TREND,-1.30,stressed,-0.43,-14562,dir,-6694.12,103.04,103.12,103.0730,4.71,1.76,0.14,chop,1.74,stressed,0.33,0,mm,-854.31,28.64,28.65,28.4540,33.96,6.07,0.97,TREND,2.24,stressed,0.69,0,mm,-2909.01
42.563,16,596.7,-10266.71,-10266.71,14562,-14562,176.69,176.73,176.7616,-18.02,2.07,0.80,TREND,-1.30,stressed,-0.43,-14562,dir,-6694.12,103.04,103.12,103.0731,4.67,1.76,0.14,chop,1.74,stressed,0.33,0,mm,-854.31,28.64,28.65,28.4555,33.91,5.78,0.97,TREND,2.24,stressed,0.69,0,mm,-2909.01
42.664,16,596.7,-10266.71,-10266.71,14562,-14562,176.69,176.73,176.7599,-17.91,2.07,0.79,TREND,-1.33,stressed,-0.43,-14562,dir,-6694.12,103.04,103.12,103.0733,4.53,1.76,0.04,chop,1.26,stressed,0.33,0,mm,-854.31,28.64,28.65,28.4617,33.71,5.78,0.97,TREND,2.17,stressed,0.69,0,mm,-2909.01
42.769,16,596.7,-10266.71,-10266.71,14562,-14562,176.7,176.72,176.7582,-17.78,1.89,0.79,TREND,-1.33,stressed,-0.43,-14562,dir,-6548.50,103.04,103.07,103.0727,4.19,2.13,0.04,chop,1.26,stressed,0.33,0,mm,-854.31,28.64,28.65,28.4677,33.48,5.78,0.97,TREND,2.17,stressed,0.69,0,mm,-2909.01
42.811,16,596.7,-10266.71,-10266.71,14562,-14562,176.7,176.72,176.7576,-17.73,1.89,0.79,TREND,-1.33,stressed,-0.43,-14562,dir,-6548.50,103.04,103.07,103.0725,4.06,2.13,0.04,chop,1.26,stressed,0.33,0,mm,-854.31,28.64,28.65,28.4702,33.38,5.78,0.97,TREND,2.17,stressed,0.69,0,mm,-2909.01
42.844,16,596.7,-10266.71,-10266.71,14562,-14562,176.7,176.72,176.7571,-17.69,1.89,0.79,TREND,-1.33,stressed,-0.43,-14562,dir,-6548.50,103.04,103.07,103.0723,3.96,2.13,0.04,chop,1.26,stressed,0.33,0,mm,-854.31,28.64,28.65,28.4721,33.30,5.78,0.97,TREND,2.17,stressed,0.69,0,mm,-2909.01
42.893,16,596.7,-10266.71,-10266.71,14562,-14562,176.7,176.72,176.7563,-17.63,1.89,0.79,TREND,-1.33,stressed,-0.43,-14562,dir,-6548.50,103.04,103.07,103.0720,3.82,2.13,0.04,chop,1.26,stressed,0.33,0,mm,-854.31,28.64,28.65,28.4748,33.19,5.78,0.97,TREND,2.17,stressed,0.69,0,mm,-2909.01
42.918,16,596.7,-10266.71,-10266.71,14562,-14562,176.7,176.72,176.7559,-17.59,1.89,0.75,TREND,-1.31,stressed,-0.43,-14562,dir,-6548.50,103.04,103.07,103.0719,3.74,2.13,0.03,chop,0.86,stressed,0.33,0,mm,-854.31,28.64,28.65,28.4762,33.12,5.78,0.97,TREND,2.09,stressed,0.69,0,mm,-2909.01
42.935,17,566.4,-10311.81,-10311.81,14562,-14562,176.7,176.72,176.7557,-17.57,1.89,0.75,TREND,-1.31,stressed,-0.46,-14562,dir,-6548.50,103.04,103.07,103.0718,3.70,2.13,0.03,chop,0.86,stressed,0.36,0,mm,-854.31,28.64,28.65,28.4771,33.08,5.78,0.97,TREND,2.09,stressed,0.72,0,mm,-2909.01
43.071,17,566.4,-10311.81,-10311.81,14962,-14162,176.7,176.71,176.7534,-17.43,1.89,0.75,TREND,-1.31,stressed,-0.46,-14562,dir,-6548.50,103.04,103.06,103.0708,3.30,2.13,0.03,chop,0.86,stressed,0.36,0,mm,-854.31,28.64,28.65,28.4846,32.71,5.49,0.97,TREND,2.09,stressed,0.72,400,mm,-2908.57
43.095,17,566.4,-10311.81,-10311.81,14962,-14162,176.7,176.71,176.7530,-17.40,1.89,0.75,TREND,-1.31,stressed,-0.46,-14562,dir,-6548.50,103.04,103.06,103.0706,3.23,2.13,0.03,chop,0.86,stressed,0.36,0,mm,-854.31,28.64,28.65,28.4859,32.65,5.49,0.97,TREND,2.09,stressed,0.72,400,mm,-2908.57
43.151,17,566.4,-10311.81,-10311.81,14962,-14162,176.7,176.71,176.7522,-17.34,1.89,0.75,TREND,-1.31,stressed,-0.46,-14562,dir,-6548.50,103.04,103.06,103.0703,3.09,2.13,0.03,chop,0.86,stressed,0.36,0,mm,-854.31,28.64,28.65,28.4888,32.49,5.49,0.97,TREND,2.09,stressed,0.72,400,mm,-2908.57
43.203,17,566.4,-10311.81,-10311.81,14962,-14162,176.7,176.71,176.7513,-17.27,1.89,0.72,TREND,-1.30,stressed,-0.46,-14562,dir,-6548.50,103.04,103.06,103.0699,2.96,2.13,0.07,chop,0.76,stressed,0.36,0,mm,-854.31,28.64,28.65,28.4915,32.34,5.49,0.98,TREND,1.98,stressed,0.72,400,mm,-2908.57
43.214,17,566.4,-10311.81,-10311.81,14962,-14162,176.7,176.71,176.7512,-17.26,1.89,0.72,TREND,-1.30,stressed,-0.46,-14562,dir,-6548.50,103.04,103.06,103.0698,2.93,2.13,0.07,chop,0.76,stressed,0.36,0,mm,-854.31,28.64,28.65,28.4920,32.32,5.49,0.98,TREND,1.98,stressed,0.72,400,mm,-2908.57
43.367,17,566.4,-10311.81,-10311.81,17062,-12062,176.69,176.7,176.7484,-17.19,1.72,0.72,TREND,-1.30,stressed,-0.46,-14562,dir,-6548.50,103.05,103.06,103.0691,2.65,1.92,0.07,chop,0.76,stressed,0.36,0,mm,-854.31,28.63,28.65,28.4994,31.80,5.49,0.98,TREND,1.98,stressed,0.72,2500,mm,-2906.26
43.455,17,566.4,-10311.81,-10311.81,17062,-12062,176.69,176.7,176.7469,-17.13,1.72,1.00,TREND,-1.32,stressed,-0.46,-14562,dir,-6548.50,103.05,103.06,103.0687,2.51,1.92,0.05,chop,0.82,stressed,0.36,0,mm,-854.31,28.63,28.65,28.5034,31.51,5.49,0.96,TREND,1.89,stressed,0.72,2500,mm,-2906.26
43.673,17,579.5,-10311.81,-10311.81,17062,-12062,176.69,176.7,176.7433,-16.95,1.72,1.00,TREND,-1.32,stressed,-0.46,-14562,dir,-6548.50,103.05,103.06,103.0677,2.20,1.92,0.05,chop,0.82,stressed,0.36,0,mm,-854.31,28.63,28.65,28.5129,30.78,5.24,0.96,TREND,1.89,stressed,0.72,2500,mm,-2906.26
43.859,17,579.5,-10311.81,-10311.81,17062,-12062,176.69,176.7,176.7404,-16.76,1.72,1.00,TREND,-1.30,stressed,-0.46,-14562,dir,-6548.50,103.05,103.06,103.0670,1.98,1.92,0.07,chop,0.81,stressed,0.36,0,mm,-854.31,28.63,28.65,28.5204,30.16,5.24,0.96,TREND,1.83,stressed,0.72,2500,mm,-2906.26
43.903,17,579.5,-10311.81,-10311.81,17062,-12062,176.69,176.7,176.7397,-16.71,1.67,1.00,TREND,-1.30,stressed,-0.46,-14562,dir,-6548.50,103.05,103.06,103.0668,1.93,1.73,0.07,chop,0.81,stressed,0.36,0,mm,-854.31,28.63,28.65,28.5222,30.01,5.24,0.96,TREND,1.83,stressed,0.72,2500,mm,-2906.26
43.984,17,579.5,-10311.81,-10311.81,17062,-12062,176.69,176.7,176.7386,-16.61,1.67,1.00,TREND,-1.30,stressed,-0.46,-14562,dir,-6548.50,103.05,103.06,103.0665,1.85,1.73,0.07,chop,0.81,stressed,0.36,0,mm,-854.31,28.63,28.65,28.5253,29.74,5.24,0.96,TREND,1.83,stressed,0.72,2500,mm,-2906.26
44.040,17,585.9,-10311.81,-10311.81,17062,-12062,176.69,176.7,176.7378,-16.54,1.67,1.00,TREND,-1.30,stressed,-0.46,-14562,dir,-6548.50,103.05,103.06,103.0663,1.80,1.73,0.07,chop,0.81,stressed,0.36,0,mm,-854.31,28.63,28.65,28.5274,29.55,5.24,0.96,TREND,1.83,stressed,0.72,2500,mm,-2906.26
44.127,17,585.9,-10311.81,-10311.81,17062,-12062,176.69,176.7,176.7366,-16.43,1.67,1.00,TREND,-1.28,stressed,-0.46,-14562,dir,-6548.50,103.05,103.06,103.0660,1.72,1.73,0.01,chop,0.81,stressed,0.36,0,mm,-854.31,28.63,28.65,28.5305,29.27,5.24,0.96,TREND,1.79,stressed,0.72,2500,mm,-2906.26
44.150,17,585.9,-10311.81,-10311.81,17062,-12062,176.69,176.7,176.7362,-16.40,1.67,1.00,TREND,-1.28,stressed,-0.46,-14562,dir,-6548.50,103.05,103.06,103.0659,1.70,1.73,0.01,chop,0.81,stressed,0.36,0,mm,-854.31,28.63,28.65,28.5314,29.19,5.24,0.96,TREND,1.79,stressed,0.72,2500,mm,-2906.26
44.184,17,585.9,-10311.81,-10311.81,17062,-12062,176.69,176.7,176.7358,-16.36,1.67,1.00,TREND,-1.28,stressed,-0.46,-14562,dir,-6548.50,103.05,103.06,103.0658,1.68,1.73,0.01,chop,0.81,stressed,0.36,0,mm,-854.31,28.63,28.65,28.5326,29.08,4.95,0.96,TREND,1.79,stressed,0.72,2500,mm,-2906.26
44.225,17,585.9,-10311.81,-10311.81,17062,-12062,176.69,176.7,176.7353,-16.30,1.67,1.00,TREND,-1.28,stressed,-0.46,-14562,dir,-6548.50,103.05,103.06,103.0656,1.64,1.73,0.01,chop,0.81,stressed,0.36,0,mm,-854.31,28.63,28.65,28.5340,28.94,4.95,0.96,TREND,1.79,stressed,0.72,2500,mm,-2906.26
44.283,17,585.9,-10311.81,-10311.81,17062,-12062,176.69,176.7,176.7345,-16.23,1.67,1.00,TREND,-1.28,stressed,-0.46,-14562,dir,-6548.50,103.07,103.13,103.0663,1.82,1.73,0.01,chop,0.81,stressed,0.36,0,mm,-854.31,28.62,28.64,28.5358,28.70,4.95,0.96,TREND,1.79,stressed,0.72,2500,mm,-2906.26
44.337,17,585.9,-10311.81,-10311.81,17062,-12062,176.69,176.7,176.7338,-16.15,1.67,1.00,TREND,-1.28,stressed,-0.46,-14562,dir,-6548.50,103.07,103.13,103.0669,1.98,1.73,0.01,chop,0.81,stressed,0.36,0,mm,-854.31,28.62,28.64,28.5375,28.48,4.95,0.96,TREND,1.79,stressed,0.72,2500,mm,-2906.26
44.407,17,585.9,-10311.81,-10311.81,17062,-12062,176.69,176.7,176.7329,-16.05,1.60,1.00,TREND,-1.26,stressed,-0.46,-14562,dir,-6548.50,103.07,103.13,103.0676,2.16,1.97,0.10,chop,1.46,stressed,0.36,0,mm,-854.31,28.62,28.64,28.5396,28.20,4.95,0.93,TREND,1.69,stressed,0.72,2500,mm,-2906.26
44.435,17,585.9,-10311.81,-10311.81,17062,-12062,176.69,176.7,176.7326,-16.01,1.60,1.00,TREND,-1.26,stressed,-0.46,-14562,dir,-6548.50,103.07,103.13,103.0679,2.23,1.97,0.10,chop,1.46,stressed,0.36,0,mm,-854.31,28.62,28.64,28.5404,28.09,4.95,0.93,TREND,1.69,stressed,0.72,2500,mm,-2906.26
44.460,17,585.9,-10311.81,-10311.81,17062,-12062,176.69,176.7,176.7323,-15.98,1.60,1.00,TREND,-1.26,stressed,-0.46,-14562,dir,-6548.50,103.07,103.13,103.0682,2.29,1.97,0.10,chop,1.46,stressed,0.36,0,mm,-854.31,28.62,28.64,28.5411,27.99,4.95,0.93,TREND,1.69,stressed,0.72,2500,mm,-2906.26
44.476,17,585.9,-10311.81,-10311.81,17062,-12062,176.69,176.7,176.7321,-15.95,1.60,1.00,TREND,-1.26,stressed,-0.46,-14562,dir,-6548.50,103.07,103.13,103.0684,2.33,1.97,0.10,chop,1.46,stressed,0.36,0,mm,-854.31,28.62,28.64,28.5416,27.93,4.95,0.93,TREND,1.69,stressed,0.72,2500,mm,-2906.26
44.556,17,595.0,-10311.81,-10311.81,17162,-11962,176.69,176.7,176.7311,-15.84,1.60,1.00,TREND,-1.26,stressed,-0.46,-14562,dir,-6548.50,103.08,103.1,103.0689,2.44,1.97,0.10,chop,1.46,stressed,0.36,0,mm,-854.31,28.6,28.64,28.5436,27.55,4.95,0.93,TREND,1.69,stressed,0.72,2600,mm,-3138.15
44.643,17,595.0,-10311.81,-10311.81,17162,-11962,176.69,176.7,176.7301,-15.71,1.60,1.00,TREND,-1.26,stressed,-0.46,-14562,dir,-6548.50,103.08,103.1,103.0695,2.55,1.97,0.10,chop,1.46,stressed,0.36,0,mm,-854.31,28.6,28.64,28.5457,27.16,4.95,0.93,TREND,1.69,stressed,0.72,2600,mm,-3138.15
44.669,17,595.0,-10311.81,-10311.81,17162,-11962,176.69,176.7,176.7298,-15.67,1.60,1.00,TREND,-1.24,stressed,-0.46,-14562,dir,-6548.50,103.08,103.1,103.0697,2.58,1.97,0.07,chop,1.30,stressed,0.36,0,mm,-854.31,28.6,28.64,28.5463,27.05,4.95,0.90,TREND,1.62,stressed,0.72,2600,mm,-3138.15
44.685,17,595.0,-10311.81,-10311.81,17162,-11962,176.69,176.7,176.7296,-15.65,1.60,1.00,TREND,-1.24,stressed,-0.46,-14562,dir,-6548.50,103.08,103.1,103.0698,2.60,1.97,0.07,chop,1.30,stressed,0.36,0,mm,-854.31,28.6,28.64,28.5467,26.97,4.84,0.90,TREND,1.62,stressed,0.72,2600,mm,-3138.15
44.708,17,595.0,-10311.81,-10311.81,17162,-11962,176.69,176.7,176.7294,-15.61,1.60,1.00,TREND,-1.24,stressed,-0.46,-14562,dir,-6548.50,103.08,103.1,103.0699,2.62,1.97,0.07,chop,1.30,stressed,0.36,0,mm,-854.31,28.6,28.64,28.5473,26.87,4.84,0.90,TREND,1.62,stressed,0.72,2600,mm,-3138.15
44.856,17,595.0,-10311.81,-10311.81,17162,-11962,176.69,176.7,176.7278,-15.39,1.60,1.00,TREND,-1.24,stressed,-0.46,-14562,dir,-6257.26,103.09,103.1,103.0711,2.82,1.97,0.07,chop,1.30,stressed,0.36,0,mm,-854.31,28.54,28.58,28.5479,25.54,4.84,0.90,TREND,1.62,stressed,0.72,2600,mm,-3138.15
44.893,17,595.0,-10311.81,-10311.81,17162,-11962,176.69,176.7,176.7274,-15.33,1.60,1.00,TREND,-1.24,stressed,-0.46,-14562,dir,-6257.26,103.09,103.1,103.0714,2.87,1.97,0.07,chop,1.30,stressed,0.36,0,mm,-854.31,28.54,28.58,28.5480,25.21,4.84,0.90,TREND,1.62,stressed,0.72,2600,mm,-3138.15
44.952,17,595.0,-10311.81,-10311.81,17162,-11962,176.69,176.7,176.7268,-15.24,1.54,1.00,TREND,-1.23,stressed,-0.46,-14562,dir,-6257.26,103.09,103.1,103.0718,2.93,1.85,0.11,chop,1.35,stressed,0.36,0,mm,-854.31,28.54,28.58,28.5482,24.73,4.84,0.72,TREND,1.35,stressed,0.72,2600,mm,-3138.15
44.970,17,595.0,-10311.81,-10311.81,17162,-11962,176.69,176.7,176.7266,-15.21,1.54,1.00,TREND,-1.23,stressed,-0.46,-14562,dir,-6257.26,103.09,103.1,103.0720,2.95,1.85,0.11,chop,1.35,stressed,0.36,0,mm,-854.31,28.54,28.58,28.5483,24.59,4.84,0.72,TREND,1.35,stressed,0.72,2600,mm,-3138.15
45.092,17,595.0,-10311.81,-10311.81,17162,-11962,176.69,176.7,176.7253,-15.02,1.54,1.00,TREND,-1.23,stressed,-0.46,-14562,dir,-6257.26,103.09,103.1,103.0729,3.07,1.85,0.11,chop,1.35,stressed,0.36,0,mm,-854.31,28.54,28.57,28.5486,23.62,4.84,0.72,TREND,1.35,stressed,0.72,2600,mm,-3138.15
45.127,18,567.5,-10249.71,-10249.71,18204,-13004,176.69,176.7,176.7250,-14.97,1.54,1.00,TREND,-1.23,stressed,-0.48,-15604,dir,-6270.49,103.09,103.1,103.0731,3.10,1.85,0.11,chop,1.35,stressed,0.54,0,mm,-854.31,28.54,28.57,28.5487,23.36,4.84,0.72,TREND,1.35,stressed,0.61,2600,mm,-3138.15
45.160,18,567.5,-10249.71,-10249.71,18204,-13004,176.69,176.7,176.7247,-14.92,1.54,1.00,TREND,-1.23,stressed,-0.48,-15604,dir,-6270.49,103.09,103.1,103.0734,3.12,1.85,0.11,chop,1.35,stressed,0.54,0,mm,-854.31,28.54,28.57,28.5487,23.11,4.84,0.72,TREND,1.35,stressed,0.61,2600,mm,-3138.15
45.206,18,567.5,-10249.71,-10249.71,18204,-13004,176.69,176.7,176.7242,-14.84,1.54,1.00,TREND,-1.19,stressed,-0.48,-15604,dir,-6270.49,103.09,103.1,103.0737,3.16,1.85,0.08,chop,1.30,stressed,0.54,0,mm,-854.31,28.54,28.57,28.5488,22.78,5.11,0.71,TREND,1.26,stressed,0.61,2600,mm,-3138.15
45.231,18,567.5,-10249.71,-10249.71,18204,-13004,176.69,176.7,176.7240,-14.80,1.54,1.00,TREND,-1.19,stressed,-0.48,-15604,dir,-6270.49,103.09,103.1,103.0739,3.17,1.85,0.08,chop,1.30,stressed,0.54,0,mm,-854.31,28.54,28.57,28.5489,22.61,5.11,0.71,TREND,1.26,stressed,0.61,2600,mm,-3138.15
45.253,18,567.5,-10249.71,-10249.71,18204,-13004,176.69,176.7,176.7238,-14.77,1.54,1.00,TREND,-1.19,stressed,-0.48,-15604,dir,-6270.49,103.09,103.1,103.0740,3.19,1.85,0.08,chop,1.30,stressed,0.54,0,mm,-854.31,28.54,28.57,28.5489,22.47,5.11,0.71,TREND,1.26,stressed,0.61,2600,mm,-3138.15
45.311,18,567.5,-10249.71,-10249.71,18404,-13204,176.69,176.7,176.7232,-14.67,1.54,1.00,TREND,-1.19,stressed,-0.48,-15604,dir,-6270.49,103.09,103.1,103.0744,3.23,1.85,0.08,chop,1.30,stressed,0.54,-200,mm,-854.71,28.54,28.57,28.5490,22.07,5.11,0.71,TREND,1.26,stressed,0.61,2600,mm,-3138.15
45.384,18,567.5,-10249.71,-10249.71,18404,-13204,176.69,176.7,176.7225,-14.56,1.54,1.00,TREND,-1.19,stressed,-0.48,-15604,dir,-6270.49,103.09,103.1,103.0749,3.27,1.85,0.08,chop,1.30,stressed,0.54,-200,mm,-854.71,28.54,28.57,28.5492,21.61,5.11,0.71,TREND,1.26,stressed,0.61,2600,mm,-3138.15
45.401,18,567.5,-10249.71,-10249.71,18404,-13204,176.69,176.7,176.7224,-14.53,1.54,1.00,TREND,-1.19,stressed,-0.48,-15604,dir,-6270.49,103.09,103.1,103.0750,3.27,1.85,0.08,chop,1.30,stressed,0.54,-200,mm,-854.71,28.54,28.57,28.5492,21.50,5.11,0.71,TREND,1.26,stressed,0.61,2600,mm,-3138.15
45.421,18,567.5,-10249.71,-10249.71,18404,-13204,176.69,176.7,176.7222,-14.50,1.54,1.00,TREND,-1.19,stressed,-0.48,-15604,dir,-6270.49,103.09,103.1,103.0752,3.28,1.85,0.08,chop,1.30,stressed,0.54,-200,mm,-854.71,28.54,28.57,28.5492,21.38,5.11,0.71,TREND,1.26,stressed,0.61,2600,mm,-3138.15
45.467,18,567.5,-10249.71,-10249.71,18404,-13204,176.69,176.7,176.7218,-14.42,1.47,1.00,TREND,-1.18,stressed,-0.48,-15604,dir,-6270.49,103.09,103.1,103.0755,3.30,1.70,0.03,chop,1.28,stressed,0.54,-200,mm,-854.71,28.54,28.57,28.5493,21.11,5.11,0.71,TREND,1.24,stressed,0.61,2600,mm,-3138.15
45.667,18,567.5,-10249.71,-10249.71,18404,-13204,176.69,176.7,176.7201,-14.10,1.47,1.00,TREND,-1.18,stressed,-0.48,-15604,dir,-6270.49,103.09,103.1,103.0767,3.38,1.70,0.03,chop,1.28,stressed,0.54,-200,mm,-854.71,28.54,28.57,28.5497,20.01,5.11,0.71,TREND,1.24,stressed,0.61,2600,mm,-3138.15
45.698,18,577.0,-10249.71,-10249.71,18404,-13204,176.69,176.7,176.7198,-14.05,1.47,1.00,TREND,-1.18,stressed,-0.48,-15604,dir,-6270.49,103.09,103.1,103.0769,3.38,1.70,0.03,chop,1.28,stressed,0.54,-200,mm,-854.71,28.54,28.56,28.5497,19.84,5.11,0.71,TREND,1.24,stressed,0.61,2600,mm,-3138.15
45.733,18,577.0,-10249.71,-10249.71,18404,-13204,176.69,176.7,176.7195,-14.00,1.47,1.00,TREND,-1.17,stressed,-0.48,-15604,dir,-6270.49,103.09,103.1,103.0771,3.39,1.70,0.03,chop,1.27,stressed,0.54,-200,mm,-854.71,28.54,28.56,28.5497,19.66,4.73,0.69,TREND,1.20,stressed,0.61,2600,mm,-3138.15
45.859,18,577.0,-10249.71,-10249.71,18404,-13204,176.69,176.7,176.7185,-13.80,1.47,1.00,TREND,-1.17,stressed,-0.48,-15604,dir,-6270.49,103.09,103.1,103.0778,3.42,1.70,0.03,chop,1.27,stressed,0.54,-200,mm,-854.71,28.54,28.55,28.5495,18.96,4.73,0.69,TREND,1.20,stressed,0.61,2600,mm,-3138.15
45.903,18,577.0,-10249.71,-10249.71,18404,-13204,176.69,176.7,176.7182,-13.73,1.47,1.00,TREND,-1.17,stressed,-0.48,-15604,dir,-6270.49,103.09,103.1,103.0781,3.42,1.70,0.03,chop,1.27,stressed,0.54,-200,mm,-854.71,28.54,28.55,28.5494,18.73,4.73,0.69,TREND,1.20,stressed,0.61,2600,mm,-3138.15
45.957,18,577.0,-10249.71,-10249.71,18404,-13204,176.69,176.7,176.7178,-13.64,1.47,1.00,TREND,-1.17,stressed,-0.48,-15604,dir,-6270.49,103.09,103.1,103.0784,3.43,1.70,0.03,chop,1.27,stressed,0.54,-200,mm,-854.71,28.54,28.55,28.5494,18.46,4.73,0.69,TREND,1.20,stressed,0.61,2600,mm,-3138.15
46.040,18,577.0,-10249.71,-10249.71,18404,-13204,176.69,176.7,176.7172,-13.52,1.40,1.00,TREND,-1.15,stressed,-0.48,-15604,dir,-6270.49,103.09,103.1,103.0788,3.43,1.55,0.01,chop,1.23,stressed,0.54,-200,mm,-854.71,28.54,28.55,28.5492,18.06,4.73,0.68,TREND,1.14,stressed,0.61,2600,mm,-3138.15
46.104,18,577.0,-10249.71,-10249.71,18504,-13304,176.68,176.69,176.7165,-13.47,1.40,1.00,TREND,-1.15,stressed,-0.48,-15604,dir,-6270.49,103.12,103.13,103.0798,3.60,1.55,0.01,chop,1.23,stressed,0.54,-300,mm,-859.57,28.54,28.55,28.5492,17.77,4.73,0.68,TREND,1.14,stressed,0.61,2600,mm,-3138.15
46.187,18,577.0,-10249.71,-10249.71,18504,-13304,176.68,176.69,176.7156,-13.40,1.40,1.00,TREND,-1.15,stressed,-0.48,-15604,dir,-6270.49,103.12,103.13,103.0810,3.80,1.55,0.01,chop,1.23,stressed,0.54,-300,mm,-859.57,28.54,28.55,28.5490,17.40,4.73,0.68,TREND,1.14,stressed,0.61,2600,mm,-3138.15
46.236,18,585.9,-10249.71,-10249.71,18504,-13304,176.68,176.69,176.7152,-13.37,1.40,1.00,TREND,-1.15,stressed,-0.48,-15604,dir,-6270.49,103.12,103.13,103.0817,3.90,1.55,0.01,chop,1.23,stressed,0.54,-300,mm,-859.57,28.54,28.55,28.5490,17.20,4.38,0.68,TREND,1.14,stressed,0.61,2600,mm,-3138.15
46.415,18,585.9,-10249.71,-10249.71,18504,-13304,176.68,176.7,176.7137,-13.14,1.40,1.00,TREND,-1.15,stressed,-0.48,-15604,dir,-6270.49,103.12,103.13,103.0842,4.23,1.55,0.08,chop,1.64,stressed,0.54,-300,mm,-859.57,28.54,28.55,28.5488,16.50,4.38,0.68,TREND,1.13,stressed,0.61,2600,mm,-3138.15
46.438,18,585.9,-10249.71,-10249.71,18504,-13304,176.68,176.7,176.7136,-13.11,1.40,1.00,TREND,-1.15,stressed,-0.48,-15604,dir,-6270.49,103.12,103.13,103.0845,4.27,1.55,0.08,chop,1.64,stressed,0.54,-300,mm,-859.57,28.54,28.55,28.5487,16.42,4.38,0.68,TREND,1.13,stressed,0.61,2600,mm,-3138.15
46.482,18,585.9,-10249.71,-10249.71,18504,-13304,176.68,176.7,176.7132,-13.05,1.40,1.00,TREND,-1.15,stressed,-0.48,-15604,dir,-6270.49,103.12,103.13,103.0851,4.33,1.55,0.08,chop,1.64,stressed,0.54,-300,mm,-859.57,28.54,28.55,28.5487,16.25,4.38,0.68,TREND,1.13,stressed,0.61,2600,mm,-3138.15
46.572,18,585.9,-10249.71,-10249.71,18504,-13304,176.68,176.7,176.7125,-12.93,1.28,1.00,TREND,-1.15,stressed,-0.48,-15604,dir,-6270.49,103.12,103.13,103.0862,4.46,1.64,0.08,chop,1.64,stressed,0.54,-300,mm,-859.57,28.54,28.55,28.5486,15.94,4.38,0.68,TREND,1.13,stressed,0.61,2600,mm,-3138.15
46.787,18,585.9,-10249.71,-10249.71,18504,-13304,176.68,176.69,176.7107,-12.73,1.28,1.00,TREND,-1.15,stressed,-0.48,-15604,dir,-6270.49,103.12,103.13,103.0889,4.69,1.64,0.08,chop,1.59,stressed,0.54,-300,mm,-859.57,28.54,28.55,28.5483,15.25,4.01,0.68,TREND,1.09,stressed,0.61,2600,mm,-3138.15
46.825,19,560.6,-10112.17,-10112.17,18504,-13304,176.68,176.69,176.7103,-12.69,1.28,1.00,TREND,-1.15,stressed,-0.50,-15604,dir,-6114.45,103.12,103.13,103.0893,4.72,1.64,0.08,chop,1.59,stressed,0.68,-300,mm,-859.57,28.54,28.55,28.5483,15.14,4.01,0.68,TREND,1.09,stressed,0.60,2600,mm,-3138.15
46.928,19,560.6,-10112.17,-10112.17,18504,-13304,176.68,176.69,176.7095,-12.58,1.28,1.00,TREND,-1.15,stressed,-0.50,-15604,dir,-6114.45,103.12,103.13,103.0905,4.80,1.64,0.08,chop,1.59,stressed,0.68,-300,mm,-859.57,28.54,28.55,28.5482,14.84,4.01,0.68,TREND,1.09,stressed,0.60,2600,mm,-3138.15
46.974,19,560.6,-10112.17,-10112.17,18504,-13304,176.68,176.69,176.7091,-12.53,1.28,1.00,TREND,-1.15,stressed,-0.50,-15604,dir,-6114.45,103.12,103.13,103.0910,4.83,1.64,0.08,chop,1.59,stressed,0.68,-300,mm,-859.57,28.54,28.55,28.5481,14.71,4.01,0.68,TREND,1.09,stressed,0.60,2600,mm,-3138.15
46.999,19,560.6,-10112.17,-10112.17,18504,-13304,176.68,176.69,176.7089,-12.50,1.28,1.00,TREND,-1.15,stressed,-0.50,-15604,dir,-6114.45,103.12,103.13,103.0913,4.84,1.64,0.08,chop,1.59,stressed,0.68,-300,mm,-859.57,28.54,28.55,28.5481,14.64,4.01,0.68,TREND,1.09,stressed,0.60,2600,mm,-3138.15
47.030,19,560.6,-10112.17,-10112.17,18504,-13304,176.68,176.69,176.7087,-12.46,1.28,1.00,TREND,-1.15,stressed,-0.50,-15604,dir,-6114.45,103.12,103.13,103.0917,4.86,1.64,0.08,chop,1.59,stressed,0.68,-300,mm,-859.57,28.54,28.55,28.5481,14.55,4.01,0.68,TREND,1.09,stressed,0.60,2600,mm,-3138.15
47.111,19,560.6,-10112.17,-10112.17,18504,-13304,176.68,176.69,176.7080,-12.37,1.18,1.00,mixed,-1.12,stressed,-0.50,-15604,dir,-6114.45,103.12,103.13,103.0926,4.90,1.53,0.04,chop,1.54,stressed,0.68,-300,mm,-859.57,28.54,28.55,28.5480,14.34,4.01,0.67,TREND,1.04,stressed,0.60,2600,mm,-3138.15
47.157,19,560.6,-10112.17,-10112.17,18504,-13304,176.68,176.69,176.7077,-12.32,1.18,1.00,mixed,-1.12,stressed,-0.50,-15604,dir,-6114.45,103.12,103.13,103.0931,4.92,1.53,0.04,chop,1.54,stressed,0.68,-300,mm,-859.57,28.54,28.55,28.5479,14.21,4.01,0.67,TREND,1.04,stressed,0.60,2600,mm,-3138.15
47.183,19,560.6,-10112.17,-10112.17,18504,-13304,176.68,176.69,176.7075,-12.29,1.18,1.00,mixed,-1.12,stressed,-0.50,-15604,dir,-6114.45,103.12,103.13,103.0933,4.93,1.53,0.04,chop,1.54,stressed,0.68,-300,mm,-859.57,28.54,28.55,28.5479,14.15,4.01,0.67,TREND,1.04,stressed,0.60,2600,mm,-3138.15
47.213,19,560.6,-10112.17,-10112.17,18504,-13304,176.68,176.69,176.7073,-12.26,1.18,1.00,mixed,-1.12,stressed,-0.50,-15604,dir,-6114.45,103.12,103.13,103.0936,4.94,1.53,0.04,chop,1.54,stressed,0.68,-300,mm,-859.57,28.54,28.55,28.5479,14.07,4.01,0.67,TREND,1.04,stressed,0.60,2600,mm,-3138.15
47.286,19,560.6,-10112.17,-10112.17,18504,-13304,176.68,176.69,176.7067,-12.17,1.18,1.00,mixed,-1.12,stressed,-0.50,-15604,dir,-6114.45,103.12,103.13,103.0944,4.96,1.53,0.04,chop,1.54,stressed,0.68,-300,mm,-859.57,28.54,28.55,28.5478,13.89,4.01,0.67,TREND,1.04,stressed,0.60,2600,mm,-3138.15
47.339,19,568.7,-10112.17,-10112.17,18504,-13304,176.68,176.69,176.7064,-12.11,1.18,1.00,mixed,-1.12,stressed,-0.50,-15604,dir,-6114.45,103.12,103.13,103.0949,4.98,1.53,0.04,chop,1.54,stressed,0.68,-300,mm,-859.57,28.54,28.55,28.5478,13.76,3.67,0.67,TREND,1.04,stressed,0.60,2600,mm,-3138.15
47.452,19,568.7,-10112.17,-10112.17,18504,-13304,176.68,176.69,176.7056,-11.97,1.18,1.00,mixed,-1.11,stressed,-0.50,-15604,dir,-6114.45,103.12,103.13,103.0960,5.00,1.53,0.04,chop,1.51,stressed,0.68,-300,mm,-859.57,28.54,28.55,28.5477,13.50,3.67,0.65,TREND,1.03,stressed,0.60,2600,mm,-3138.15
47.478,19,568.7,-10112.17,-10112.17,18504,-13304,176.68,176.69,176.7054,-11.94,1.18,1.00,mixed,-1.11,stressed,-0.50,-15604,dir,-6114.45,103.12,103.13,103.0963,5.00,1.53,0.04,chop,1.51,stressed,0.68,-300,mm,-859.57,28.54,28.55,28.5476,13.44,3.67,0.65,TREND,1.03,stressed,0.60,2600,mm,-3138.15
47.558,19,568.7,-10112.17,-10112.17,18504,-13304,176.68,176.69,176.7049,-11.85,1.18,1.00,mixed,-1.11,stressed,-0.50,-15604,dir,-6114.45,103.12,103.13,103.0970,5.01,1.53,0.04,chop,1.51,stressed,0.68,-300,mm,-859.57,28.54,28.55,28.5476,13.26,3.67,0.65,TREND,1.03,stressed,0.60,2600,mm,-3138.15
47.596,19,568.7,-10112.17,-10112.17,18804,-12404,176.68,176.69,176.7046,-11.80,1.18,1.00,mixed,-1.11,stressed,-0.50,-15604,dir,-6114.45,103.12,103.13,103.0974,5.01,1.53,0.04,chop,1.51,stressed,0.68,600,mm,-861.37,28.54,28.55,28.5475,13.18,3.67,0.65,TREND,1.03,stressed,0.60,2600,mm,-3138.15
47.666,19,568.7,-10112.17,-10112.17,18804,-12404,176.68,176.69,176.7042,-11.72,1.12,1.00,mixed,-1.11,stressed,-0.50,-15604,dir,-6114.45,103.12,103.13,103.0980,5.01,1.42,0.04,chop,1.51,stressed,0.68,600,mm,-861.37,28.54,28.55,28.5475,13.03,3.67,0.65,TREND,1.03,stressed,0.60,2600,mm,-3138.15
47.696,19,568.7,-10112.17,-10112.17,18804,-12404,176.68,176.69,176.7040,-11.68,1.12,1.00,mixed,-1.11,stressed,-0.50,-15604,dir,-6114.45,103.12,103.13,103.0983,5.01,1.42,0.04,chop,1.51,stressed,0.68,600,mm,-861.37,28.54,28.55,28.5475,12.97,3.67,0.65,TREND,1.03,stressed,0.60,2600,mm,-3138.15
47.735,19,568.7,-10112.17,-10112.17,18804,-12404,176.68,176.69,176.7037,-11.63,1.12,1.00,mixed,-1.09,stressed,-0.50,-15604,dir,-6114.45,103.12,103.13,103.0986,5.01,1.42,0.06,chop,1.47,stressed,0.68,600,mm,-861.37,28.54,28.55,28.5474,12.89,3.67,0.44,TREND,0.99,stressed,0.60,2600,mm,-3138.15
47.764,19,568.7,-10112.17,-10112.17,18804,-12404,176.68,176.69,176.7035,-11.60,1.12,1.00,mixed,-1.09,stressed,-0.50,-15604,dir,-6114.45,103.12,103.13,103.0989,5.01,1.42,0.06,chop,1.47,stressed,0.68,600,mm,-861.37,28.54,28.55,28.5474,12.83,3.67,0.44,TREND,0.99,stressed,0.60,2600,mm,-3138.15
47.777,19,568.7,-10112.17,-10112.17,18804,-12404,176.68,176.69,176.7035,-11.58,1.12,1.00,mixed,-1.09,stressed,-0.50,-15604,dir,-6114.45,103.12,103.13,103.0990,5.01,1.42,0.06,chop,1.47,stressed,0.68,600,mm,-861.37,28.54,28.55,28.5474,12.81,3.67,0.44,TREND,0.99,stressed,0.60,2600,mm,-3138.15
47.845,19,568.7,-10112.17,-10112.17,18804,-12404,176.68,176.69,176.7031,-11.50,1.12,1.00,mixed,-1.09,stressed,-0.50,-15604,dir,-6114.45,103.12,103.13,103.0996,5.00,1.42,0.06,chop,1.47,stressed,0.68,600,mm,-849.37,28.54,28.55,28.5473,12.67,3.35,0.44,TREND,0.99,stressed,0.60,2600,mm,-3138.15
47.949,19,578.2,-10112.17,-10112.17,18804,-12404,176.68,176.69,176.7024,-11.37,1.12,1.00,mixed,-1.09,stressed,-0.50,-15604,dir,-6114.45,103.12,103.13,103.1004,4.99,1.42,0.06,chop,1.47,stressed,0.68,600,mm,-849.37,28.54,28.55,28.5473,12.47,3.35,0.44,TREND,0.99,stressed,0.60,2600,mm,-3138.15
47.976,19,578.2,-10112.17,-10112.17,18804,-12404,176.68,176.69,176.7023,-11.34,1.12,1.00,mixed,-1.09,stressed,-0.50,-15604,dir,-6114.45,103.12,103.13,103.1006,4.98,1.42,0.06,chop,1.47,stressed,0.68,600,mm,-849.37,28.54,28.55,28.5472,12.42,3.35,0.44,TREND,0.99,stressed,0.60,2600,mm,-3138.15
48.007,19,578.2,-10112.17,-10112.17,18804,-12404,176.68,176.69,176.7021,-11.30,1.12,1.00,mixed,-1.08,stressed,-0.50,-15604,dir,-6114.45,103.12,103.13,103.1009,4.98,1.42,0.06,chop,1.45,stressed,0.68,600,mm,-849.37,28.54,28.55,28.5472,12.36,3.35,0.44,TREND,0.98,stressed,0.60,2600,mm,-3138.15
48.033,19,578.2,-10112.17,-10112.17,18804,-12404,176.68,176.69,176.7020,-11.27,1.12,1.00,mixed,-1.08,stressed,-0.50,-15604,dir,-6114.45,103.12,103.13,103.1011,4.97,1.42,0.06,chop,1.45,stressed,0.68,600,mm,-849.37,28.54,28.55,28.5472,12.31,3.35,0.44,TREND,0.98,stressed,0.60,2600,mm,-3138.15
48.047,19,578.2,-10112.17,-10112.17,18804,-12404,176.68,176.69,176.7019,-11.25,1.12,1.00,mixed,-1.08,stressed,-0.50,-15604,dir,-6114.45,103.12,103.13,103.1012,4.97,1.42,0.06,chop,1.45,stressed,0.68,600,mm,-849.37,28.54,28.55,28.5472,12.28,3.35,0.44,TREND,0.98,stressed,0.60,2600,mm,-3138.15
48.113,19,578.2,-10112.17,-10112.17,18804,-12404,176.68,176.69,176.7015,-11.17,1.12,1.00,mixed,-1.08,stressed,-0.50,-15604,dir,-6114.45,103.12,103.13,103.1017,4.96,1.42,0.06,chop,1.45,stressed,0.68,600,mm,-849.37,28.54,28.55,28.5471,12.17,3.35,0.44,TREND,0.98,stressed,0.60,2600,mm,-3138.15
48.216,19,578.2,-10112.17,-10112.17,18804,-12404,176.68,176.69,176.7010,-11.04,1.07,1.00,mixed,-1.08,stressed,-0.50,-15604,dir,-6114.45,103.12,103.13,103.1025,4.93,1.32,0.06,chop,1.45,stressed,0.68,600,mm,-849.37,28.54,28.55,28.5471,11.98,3.35,0.44,TREND,0.98,stressed,0.60,2600,mm,-3138.15
48.229,19,578.2,-10112.17,-10112.17,18804,-12404,176.68,176.69,176.7009,-11.03,1.07,1.00,mixed,-1.08,stressed,-0.50,-15604,dir,-6114.45,103.12,103.13,103.1026,4.93,1.32,0.06,chop,1.45,stressed,0.68,600,mm,-849.37,28.54,28.55,28.5471,11.96,3.35,0.44,TREND,0.98,stressed,0.60,2600,mm,-3138.15
48.275,19,578.2,-10112.17,-10112.17,18804,-12404,176.68,176.69,176.7007,-10.97,1.07,1.00,mixed,-1.06,stressed,-0.50,-15604,dir,-6114.45,103.12,103.13,103.1029,4.91,1.32,0.06,chop,1.42,stressed,0.68,600,mm,-849.37,28.54,28.55,28.5470,11.88,3.35,0.44,TREND,0.96,stressed,0.60,2600,mm,-3138.15
48.294,19,578.2,-10112.17,-10112.17,18804,-12404,176.68,176.69,176.7006,-10.95,1.07,1.00,mixed,-1.06,stressed,-0.50,-15604,dir,-6114.45,103.12,103.13,103.1031,4.91,1.32,0.06,chop,1.42,stressed,0.68,600,mm,-849.37,28.54,28.55,28.5470,11.85,3.35,0.44,TREND,0.96,stressed,0.60,2600,mm,-3138.15
48.320,19,578.2,-10112.17,-10112.17,18804,-12404,176.68,176.69,176.7004,-10.91,1.07,1.00,mixed,-1.06,stressed,-0.50,-15604,dir,-6114.45,103.12,103.13,103.1033,4.90,1.32,0.06,chop,1.42,stressed,0.68,600,mm,-849.37,28.54,28.55,28.5470,11.80,3.35,0.44,TREND,0.96,stressed,0.60,2600,mm,-3138.15
48.414,19,578.2,-10112.17,-10112.17,20004,-11204,176.67,176.69,176.6998,-10.84,1.07,1.00,mixed,-1.06,stressed,-0.50,-15604,dir,-6114.45,103.09,103.13,103.1035,4.76,1.32,0.06,chop,1.42,stressed,0.68,1800,mm,-893.77,28.54,28.55,28.5469,11.64,3.06,0.44,TREND,0.96,stressed,0.60,2600,mm,-3138.15
48.445,19,578.2,-10112.17,-10112.17,20004,-11204,176.67,176.69,176.6996,-10.81,1.07,1.00,mixed,-1.06,stressed,-0.50,-15604,dir,-6114.45,103.09,103.13,103.1035,4.71,1.32,0.06,chop,1.42,stressed,0.68,1800,mm,-893.77,28.54,28.55,28.5469,11.59,3.06,0.44,TREND,0.96,stressed,0.60,2600,mm,-3138.15
48.480,19,586.5,-10112.17,-10112.17,20004,-11204,176.67,176.69,176.6994,-10.78,1.07,1.00,mixed,-1.06,stressed,-0.50,-15604,dir,-6114.45,103.09,103.13,103.1036,4.66,1.32,0.06,chop,1.42,stressed,0.68,1800,mm,-893.77,28.54,28.55,28.5469,11.53,3.06,0.44,TREND,0.96,stressed,0.60,2600,mm,-3138.15
48.512,19,586.5,-10112.17,-10112.17,20004,-11204,176.67,176.69,176.6992,-10.76,1.07,1.00,mixed,-1.06,stressed,-0.50,-15604,dir,-6114.45,103.09,103.13,103.1037,4.62,1.32,0.06,chop,1.42,stressed,0.68,1800,mm,-893.77,28.54,28.55,28.5469,11.48,3.06,0.44,TREND,0.96,stressed,0.60,2600,mm,-3138.15
48.571,19,586.5,-10112.17,-10112.17,20004,-11204,176.67,176.69,176.6988,-10.71,1.07,1.00,mixed,-1.07,stressed,-0.50,-15604,dir,-6114.45,103.09,103.13,103.1038,4.54,1.32,0.11,chop,1.19,stressed,0.68,1800,mm,-893.77,28.54,28.55,28.5468,11.39,3.06,0.46,TREND,0.95,stressed,0.60,2600,mm,-3138.15
48.641,19,586.5,-10112.17,-10112.17,20004,-11204,176.66,176.68,176.6982,-10.70,1.07,1.00,mixed,-1.07,stressed,-0.50,-15604,dir,-6114.45,103.1,103.12,103.1039,4.45,1.32,0.11,chop,1.19,stressed,0.68,1800,mm,-893.77,28.54,28.55,28.5468,11.28,3.06,0.46,TREND,0.95,stressed,0.60,2600,mm,-3138.15
48.778,19,586.5,-10112.17,-10112.17,20004,-11204,176.66,176.68,176.6970,-10.68,1.04,1.00,mixed,-1.07,stressed,-0.50,-15604,dir,-6114.45,103.1,103.12,103.1042,4.28,1.36,0.11,chop,1.19,stressed,0.68,1800,mm,-893.77,28.54,28.55,28.5467,11.07,3.06,0.46,TREND,0.95,stressed,0.60,2600,mm,-3138.15
48.815,19,586.5,-10112.17,-10112.17,20004,-11204,176.66,176.68,176.6966,-10.67,1.04,1.00,mixed,-1.07,stressed,-0.50,-15604,dir,-5958.41,103.1,103.11,103.1042,4.22,1.36,0.11,chop,1.19,stressed,0.68,1800,mm,-875.77,28.54,28.55,28.5467,11.01,3.06,0.46,TREND,0.95,stressed,0.60,2600,mm,-3138.15
48.876,19,586.5,-10112.17,-10112.17,20004,-11204,176.66,176.68,176.6961,-10.65,1.04,1.00,mixed,-1.09,stressed,-0.50,-15604,dir,-5958.41,103.1,103.11,103.1042,4.13,1.36,0.29,mixed,1.10,stressed,0.68,1800,mm,-875.77,28.54,28.55,28.5467,10.92,3.06,0.46,TREND,0.92,stressed,0.60,2600,mm,-3138.15
48.927,19,586.5,-10112.17,-10112.17,20004,-11204,176.65,176.66,176.6954,-10.70,1.04,1.00,mixed,-1.09,stressed,-0.50,-15604,dir,-5958.41,103.1,103.11,103.1042,4.05,1.36,0.29,mixed,1.10,stressed,0.68,1800,mm,-875.77,28.54,28.55,28.5466,10.84,2.80,0.46,TREND,0.92,stressed,0.60,2600,mm,-3138.15
49.115,20,563.0,-9972.33,-9972.33,20004,-11204,176.65,176.66,176.6930,-10.82,1.04,1.00,mixed,-1.09,stressed,-0.56,-15604,dir,-5958.41,103.1,103.11,103.1043,3.80,1.36,0.29,mixed,1.10,stressed,0.58,1800,mm,-875.77,28.54,28.55,28.5465,10.57,2.80,0.46,TREND,0.92,stressed,0.60,2600,mm,-3138.15
49.225,20,563.0,-9972.33,-9972.33,17404,-13804,176.65,176.66,176.6916,-10.86,1.04,1.00,mixed,-1.11,stressed,-0.56,-15604,dir,-5958.41,103.1,103.11,103.1043,3.67,1.36,0.27,mixed,1.06,stressed,0.58,1800,mm,-875.77,28.54,28.55,28.5465,10.41,2.80,0.37,TREND,0.88,stressed,0.60,0,mm,-3142.05
49.280,20,563.0,-9972.33,-9972.33,17404,-13804,176.65,176.66,176.6910,-10.87,1.01,1.00,mixed,-1.11,stressed,-0.56,-15604,dir,-5958.41,103.1,103.11,103.1043,3.61,1.29,0.27,mixed,1.06,stressed,0.58,1800,mm,-875.77,28.54,28.55,28.5465,10.34,2.80,0.37,TREND,0.88,stressed,0.60,0,mm,-3142.05
49.365,20,563.0,-9972.33,-9972.33,17404,-13804,176.65,176.66,176.6899,-10.88,1.01,1.00,mixed,-1.11,stressed,-0.56,-15604,dir,-5958.41,103.1,103.11,103.1043,3.52,1.29,0.27,mixed,1.06,stressed,0.58,1800,mm,-875.77,28.54,28.55,28.5464,10.22,2.80,0.37,TREND,0.88,stressed,0.60,0,mm,-3142.05
49.404,20,563.0,-9972.33,-9972.33,17404,-13804,176.65,176.66,176.6895,-10.88,1.01,1.00,mixed,-1.11,stressed,-0.56,-15604,dir,-5958.41,103.1,103.15,103.1046,3.55,1.29,0.27,mixed,1.06,stressed,0.58,1800,mm,-875.77,28.54,28.55,28.5464,10.17,2.80,0.37,TREND,0.88,stressed,0.60,0,mm,-3142.05
49.457,20,563.0,-9972.33,-9972.33,17404,-13804,176.65,176.66,176.6889,-10.88,1.01,1.00,mixed,-1.11,stressed,-0.56,-15604,dir,-5958.41,103.1,103.15,103.1050,3.58,1.29,0.27,mixed,1.06,stressed,0.58,1800,mm,-875.77,28.54,28.55,28.5464,10.10,2.56,0.37,TREND,0.88,stressed,0.60,0,mm,-3142.05
49.600,20,563.0,-9972.33,-9972.33,17404,-13804,176.65,176.66,176.6873,-10.85,1.01,1.00,mixed,-1.09,stressed,-0.56,-15604,dir,-5958.41,103.1,103.15,103.1059,3.66,1.29,0.31,mixed,1.31,stressed,0.58,1800,mm,-875.77,28.54,28.55,28.5463,9.91,2.56,0.17,chop,0.86,stressed,0.60,0,mm,-3142.05
49.683,20,571.3,-9972.33,-9972.33,17904,-13304,176.65,176.66,176.6864,-10.83,1.01,1.00,mixed,-1.09,stressed,-0.56,-15604,dir,-5958.41,103.07,103.1,103.1053,3.41,1.29,0.31,mixed,1.31,stressed,0.58,2300,mm,-940.77,28.54,28.55,28.5463,9.80,2.56,0.17,chop,0.86,stressed,0.60,0,mm,-3142.05
49.804,20,571.3,-9972.33,-9972.33,17904,-13304,176.65,176.66,176.6852,-10.78,0.98,1.00,mixed,-1.09,stressed,-0.56,-15604,dir,-5958.41,103.07,103.1,103.1045,3.09,1.35,0.31,mixed,1.31,stressed,0.58,2300,mm,-940.77,28.54,28.55,28.5462,9.65,2.56,0.17,chop,0.86,stressed,0.60,0,mm,-3142.05
49.843,20,571.3,-9972.33,-9972.33,17904,-13304,176.65,176.66,176.6848,-10.76,0.98,1.00,mixed,-1.09,stressed,-0.56,-15604,dir,-5958.41,103.07,103.1,103.1043,3.00,1.35,0.31,mixed,1.31,stressed,0.58,2300,mm,-940.77,28.54,28.55,28.5462,9.60,2.56,0.17,chop,0.86,stressed,0.60,0,mm,-3142.05
49.899,20,571.3,-9972.33,-9972.33,17904,-13304,176.65,176.66,176.6843,-10.74,0.98,1.00,mixed,-1.08,stressed,-0.56,-15604,dir,-5958.41,103.08,103.1,103.1040,2.89,1.35,0.16,chop,0.82,stressed,0.58,2300,mm,-940.77,28.54,28.55,28.5462,9.53,2.56,0.17,chop,0.84,stressed,0.60,0,mm,-3142.05
49.942,20,571.3,-9972.33,-9972.33,17904,-13304,176.65,176.66,176.6839,-10.72,0.98,1.00,mixed,-1.08,stressed,-0.56,-15604,dir,-5958.41,103.08,103.1,103.1038,2.81,1.35,0.16,chop,0.82,stressed,0.58,2300,mm,-940.77,28.54,28.55,28.5462,9.48,2.56,0.17,chop,0.84,stressed,0.60,0,mm,-3142.05
49.976,20,571.3,-9972.33,-9972.33,17904,-13304,176.65,176.66,176.6835,-10.70,0.98,1.00,mixed,-1.08,stressed,-0.56,-15604,dir,-5958.41,103.08,103.1,103.1036,2.75,1.35,0.16,chop,0.82,stressed,0.58,2300,mm,-940.77,28.54,28.55,28.5462,9.44,2.34,0.17,chop,0.84,stressed,0.60,0,mm,-3142.05
50.015,20,571.3,-9972.33,-9972.33,17904,-13304,176.65,176.66,176.6832,-10.67,0.98,1.00,mixed,-1.08,stressed,-0.56,-15604,dir,-5958.41,103.08,103.1,103.1035,2.69,1.35,0.16,chop,0.82,stressed,0.58,2300,mm,-940.77,28.54,28.55,28.5461,9.39,2.34,0.17,chop,0.84,stressed,0.60,0,mm,-3142.05
50.026,20,571.3,-9972.33,-9972.33,17904,-13304,176.65,176.66,176.6831,-10.67,0.98,1.00,mixed,-1.08,stressed,-0.56,-15604,dir,-5958.41,103.08,103.1,103.1034,2.67,1.35,0.16,chop,0.82,stressed,0.58,2300,mm,-940.77,28.54,28.55,28.5461,9.38,2.34,0.17,chop,0.84,stressed,0.60,0,mm,-3142.05
50.157,20,571.3,-9972.33,-9972.33,17904,-13304,176.65,176.66,176.6819,-10.58,0.98,1.00,mixed,-1.06,stressed,-0.56,-15604,dir,-5958.41,103.08,103.1,103.1028,2.46,1.35,0.18,chop,0.80,stressed,0.58,2300,mm,-940.77,28.54,28.55,28.5461,9.22,2.34,0.09,chop,0.82,stressed,0.60,0,mm,-3142.05
50.197,20,578.8,-9972.33,-9972.33,17904,-13304,176.65,176.66,176.6815,-10.56,0.98,1.00,mixed,-1.06,stressed,-0.56,-15604,dir,-5958.41,103.08,103.15,103.1030,2.49,1.35,0.18,chop,0.80,stressed,0.58,2300,mm,-940.77,28.54,28.55,28.5461,9.17,2.34,0.09,chop,0.82,stressed,0.60,0,mm,-3142.05
50.304,20,578.8,-9972.33,-9972.33,17904,-13304,176.65,176.66,176.6806,-10.48,0.94,1.00,mixed,-1.06,stressed,-0.56,-15604,dir,-5958.41,103.08,103.15,103.1034,2.56,1.49,0.18,chop,0.80,stressed,0.58,2300,mm,-940.77,28.54,28.55,28.5460,9.05,2.34,0.09,chop,0.82,stressed,0.60,0,mm,-3142.05
50.330,20,578.8,-9972.33,-9972.33,17904,-13304,176.65,176.66,176.6804,-10.46,0.94,1.00,mixed,-1.06,stressed,-0.56,-15604,dir,-5958.41,103.08,103.15,103.1035,2.57,1.49,0.18,chop,0.80,stressed,0.58,2300,mm,-940.77,28.54,28.55,28.5460,9.02,2.34,0.09,chop,0.82,stressed,0.60,0,mm,-3142.05
50.418,20,578.8,-9972.33,-9972.33,17904,-13304,176.65,176.66,176.6797,-10.39,0.94,1.00,mixed,-1.05,stressed,-0.56,-15604,dir,-5958.41,103.08,103.15,103.1038,2.62,1.49,0.24,chop,1.13,stressed,0.58,2300,mm,-940.77,28.54,28.55,28.5460,8.92,2.34,0.05,chop,0.81,stressed,0.60,0,mm,-3142.05
50.459,20,578.8,-9972.33,-9972.33,17904,-13304,176.64,176.66,176.6793,-10.38,0.94,1.00,mixed,-1.05,stressed,-0.56,-15604,dir,-5958.41,103.1,103.14,103.1041,2.65,1.49,0.24,chop,1.13,stressed,0.58,2300,mm,-917.77,28.54,28.55,28.5460,8.87,2.34,0.05,chop,0.81,stressed,0.60,0,mm,-3142.05
50.699,20,578.8,-9972.33,-9972.33,18404,-12804,176.63,176.65,176.6763,-10.45,0.94,1.00,mixed,-1.08,stressed,-0.56,-15604,dir,-5958.41,103.09,103.1,103.1034,2.37,1.49,0.13,chop,0.84,stressed,0.58,2800,mm,-885.77,28.54,28.55,28.5459,8.61,2.14,0.43,mixed,0.79,stressed,0.60,0,mm,-3142.05
50.832,21,556.9,-9602.11,-9602.11,18404,-12804,176.63,176.65,176.6747,-10.45,0.93,1.00,mixed,-1.08,stressed,-0.58,-15604,dir,-5490.29,103.06,103.1,103.1024,2.07,1.68,0.13,chop,0.84,stressed,0.46,2800,mm,-969.77,28.54,28.55,28.5459,8.46,2.14,0.43,mixed,0.79,stressed,0.60,0,mm,-3142.05
50.844,21,556.9,-9602.11,-9602.11,18404,-12804,176.63,176.65,176.6746,-10.44,0.93,1.00,mixed,-1.08,stressed,-0.58,-15604,dir,-5490.29,103.06,103.1,103.1023,2.04,1.68,0.13,chop,0.84,stressed,0.46,2800,mm,-969.77,28.54,28.55,28.5459,8.45,2.14,0.43,mixed,0.79,stressed,0.60,0,mm,-3142.05
50.931,21,556.9,-9602.11,-9602.11,18404,-12804,176.63,176.65,176.6736,-10.43,0.93,1.00,mixed,-1.08,stressed,-0.58,-15604,dir,-5490.29,103.06,103.1,103.1016,1.87,1.68,0.13,chop,0.84,stressed,0.46,2800,mm,-969.77,28.54,28.55,28.5458,8.36,2.14,0.43,mixed,0.79,stressed,0.60,0,mm,-3142.05
50.999,21,556.9,-9602.11,-9602.11,18404,-12804,176.63,176.64,176.6727,-10.44,0.93,1.00,mixed,-1.07,stressed,-0.58,-15604,dir,-5490.29,103.06,103.1,103.1012,1.74,1.68,0.00,chop,0.60,stressed,0.46,2800,mm,-969.77,28.54,28.55,28.5458,8.29,2.14,1.00,mixed,0.75,stressed,0.60,0,mm,-3142.05
51.044,21,556.9,-9602.11,-9602.11,18404,-12804,176.63,176.64,176.6722,-10.45,0.93,1.00,mixed,-1.07,stressed,-0.58,-15604,dir,-5490.29,103.06,103.1,103.1008,1.67,1.68,0.00,chop,0.60,stressed,0.46,2800,mm,-969.77,28.54,28.55,28.5458,8.24,2.14,1.00,mixed,0.75,stressed,0.60,0,mm,-3142.05
51.069,21,556.9,-9602.11,-9602.11,18404,-12804,176.63,176.64,176.6719,-10.45,0.93,1.00,mixed,-1.07,stressed,-0.58,-15604,dir,-5490.29,103.06,103.1,103.1007,1.62,1.68,0.00,chop,0.60,stressed,0.46,2800,mm,-969.77,28.54,28.55,28.5458,8.21,2.14,1.00,mixed,0.75,stressed,0.60,0,mm,-3142.05
51.127,21,556.9,-9602.11,-9602.11,18404,-12804,176.63,176.64,176.6712,-10.45,0.93,1.00,mixed,-1.07,stressed,-0.58,-15604,dir,-5490.29,103.06,103.1,103.1003,1.53,1.68,0.00,chop,0.60,stressed,0.46,2800,mm,-969.77,28.54,28.55,28.5458,8.15,2.14,1.00,mixed,0.75,stressed,0.60,0,mm,-3142.05
51.251,21,556.9,-9602.11,-9602.11,18404,-12804,176.63,176.64,176.6697,-10.43,0.93,1.00,mixed,-1.05,stressed,-0.58,-15604,dir,-5490.29,103.07,103.08,103.0992,1.30,1.68,0.05,chop,0.52,stressed,0.46,2800,mm,-969.77,28.54,28.55,28.5458,8.03,1.95,1.00,mixed,0.73,stressed,0.60,0,mm,-3142.05
51.356,21,564.2,-9602.11,-9602.11,18404,-12804,176.63,176.64,176.6685,-10.41,0.85,1.00,mixed,-1.05,stressed,-0.58,-15604,dir,-5490.29,103.07,103.08,103.0984,1.12,1.54,0.05,chop,0.52,stressed,0.46,2800,mm,-969.77,28.54,28.55,28.5457,7.92,1.95,1.00,mixed,0.73,stressed,0.60,0,mm,-3142.05
51.402,21,564.2,-9602.11,-9602.11,18404,-12804,176.63,176.64,176.6680,-10.39,0.85,1.00,mixed,-1.05,stressed,-0.58,-15604,dir,-5490.29,103.07,103.08,103.0981,1.05,1.54,0.05,chop,0.52,stressed,0.46,2800,mm,-969.77,28.54,28.55,28.5457,7.87,1.95,1.00,mixed,0.73,stressed,0.60,0,mm,-3142.05
51.519,21,564.2,-9602.11,-9602.11,18404,-12804,176.63,176.64,176.6667,-10.35,0.85,1.00,mixed,-1.04,stressed,-0.58,-15604,dir,-5490.29,103.07,103.08,103.0972,0.88,1.54,0.10,chop,0.51,stressed,0.46,2800,mm,-969.77,28.54,28.55,28.5457,7.76,1.95,1.00,mixed,0.72,stressed,0.60,0,mm,-3142.05
51.588,21,564.2,-9602.11,-9602.11,18404,-12804,176.63,176.64,176.6660,-10.32,0.85,1.00,mixed,-1.04,stressed,-0.58,-15604,dir,-5490.29,103.07,103.08,103.0967,0.80,1.54,0.10,chop,0.51,stressed,0.46,2800,mm,-969.77,28.54,28.55,28.5457,7.69,1.95,1.00,mixed,0.72,stressed,0.60,0,mm,-3142.05
51.737,21,564.2,-9602.11,-9602.11,18404,-12804,176.62,176.64,176.6643,-10.30,0.85,1.00,mixed,-1.04,stressed,-0.58,-15604,dir,-5490.29,103.07,103.08,103.0956,0.62,1.54,0.10,chop,0.51,stressed,0.46,2800,mm,-969.77,28.54,28.55,28.5456,7.55,1.95,1.00,mixed,0.72,stressed,0.60,0,mm,-3142.05
51.770,21,564.2,-9602.11,-9602.11,18404,-12804,176.62,176.64,176.6639,-10.29,0.85,1.00,mixed,-1.03,stressed,-0.58,-15604,dir,-5490.29,103.07,103.08,103.0954,0.59,1.54,0.10,chop,0.50,stressed,0.46,2800,mm,-969.77,28.54,28.55,28.5456,7.52,1.78,1.00,mixed,0.70,stressed,0.60,0,mm,-3142.05
51.867,21,571.3,-9602.11,-9602.11,18404,-12804,176.62,176.64,176.6628,-10.26,0.78,1.00,mixed,-1.03,stressed,-0.58,-15604,dir,-5490.29,103.07,103.08,103.0948,0.50,1.40,0.10,chop,0.50,stressed,0.46,2800,mm,-969.77,28.54,28.55,28.5456,7.43,1.78,1.00,mixed,0.70,stressed,0.60,0,mm,-3142.05
51.899,21,571.3,-9602.11,-9602.11,18404,-12804,176.62,176.64,176.6625,-10.25,0.78,1.00,mixed,-1.03,stressed,-0.58,-15604,dir,-5490.29,103.07,103.08,103.0946,0.47,1.40,0.10,chop,0.50,stressed,0.46,2800,mm,-969.77,28.54,28.55,28.5456,7.40,1.78,1.00,mixed,0.70,stressed,0.60,0,mm,-3142.05
51.938,21,571.3,-9602.11,-9602.11,18404,-12804,176.62,176.63,176.6620,-10.25,0.78,1.00,mixed,-1.03,stressed,-0.58,-15604,dir,-5490.29,103.07,103.08,103.0943,0.43,1.40,0.10,chop,0.50,stressed,0.46,2800,mm,-941.77,28.54,28.55,28.5456,7.36,1.78,1.00,mixed,0.70,stressed,0.60,0,mm,-3142.05
52.028,21,571.3,-9602.11,-9602.11,18404,-12804,176.62,176.63,176.6610,-10.25,0.78,1.00,mixed,-1.04,stressed,-0.58,-15604,dir,-5490.29,103.07,103.08,103.0937,0.36,1.40,0.12,chop,0.50,stressed,0.46,2800,mm,-941.77,28.54,28.55,28.5456,7.28,1.78,1.00,mixed,0.70,stressed,0.60,0,mm,-3142.05
52.052,21,571.3,-9602.11,-9602.11,18404,-12804,176.62,176.63,176.6607,-10.25,0.78,1.00,mixed,-1.04,stressed,-0.58,-15604,dir,-5490.29,103.07,103.08,103.0936,0.34,1.40,0.12,chop,0.50,stressed,0.46,2800,mm,-941.77,28.54,28.55,28.5456,7.26,1.78,1.00,mixed,0.70,stressed,0.60,0,mm,-3142.05
52.113,21,571.3,-9602.11,-9602.11,18404,-12804,176.62,176.63,176.6600,-10.24,0.78,1.00,mixed,-1.04,stressed,-0.58,-15604,dir,-5490.29,103.07,103.08,103.0932,0.30,1.40,0.12,chop,0.50,stressed,0.46,2800,mm,-941.77,28.54,28.55,28.5456,7.21,1.78,1.00,mixed,0.70,stressed,0.60,0,mm,-3142.05
52.154,21,571.3,-9602.11,-9602.11,18404,-12804,176.62,176.63,176.6595,-10.23,0.78,1.00,mixed,-1.04,stressed,-0.58,-15604,dir,-5490.29,103.07,103.08,103.0930,0.27,1.40,0.12,chop,0.50,stressed,0.46,2800,mm,-941.77,28.54,28.55,28.5456,7.17,1.78,1.00,mixed,0.70,stressed,0.60,0,mm,-3142.05
52.245,21,571.3,-9602.11,-9602.11,15804,-15804,176.61,176.63,176.6583,-10.24,0.78,1.00,mixed,-1.04,stressed,-0.58,-15604,dir,-5490.29,103.07,103.11,103.0929,0.32,1.40,0.12,chop,0.50,stressed,0.46,-200,mm,-895.77,28.54,28.55,28.5455,7.09,1.78,1.00,mixed,0.70,stressed,0.60,0,mm,-3142.05
52.355,21,571.3,-9602.11,-9602.11,15804,-15804,176.61,176.63,176.6570,-10.25,0.78,1.00,mixed,-1.04,stressed,-0.58,-15604,dir,-5490.29,103.07,103.11,103.0928,0.38,1.40,0.06,chop,0.69,stressed,0.46,-200,mm,-895.77,28.54,28.55,28.5455,6.99,1.63,1.00,mixed,0.68,stressed,0.60,0,mm,-3142.05
52.409,21,578.9,-9602.11,-9602.11,15804,-15804,176.61,176.63,176.6563,-10.24,0.74,1.00,mixed,-1.04,stressed,-0.58,-15604,dir,-5490.29,103.07,103.11,103.0927,0.41,1.41,0.06,chop,0.69,stressed,0.46,-200,mm,-895.77,28.54,28.55,28.5455,6.94,1.63,1.00,mixed,0.68,stressed,0.60,0,mm,-3142.05
52.570,21,578.9,-9602.11,-9602.11,15804,-15804,176.61,176.62,176.6542,-10.27,0.74,1.00,mixed,-1.04,stressed,-0.58,-15604,dir,-5490.29,103.09,103.1,103.0929,0.54,1.41,0.06,chop,0.69,stressed,0.46,-200,mm,-895.77,28.54,28.55,28.5455,6.81,1.63,1.00,mixed,0.68,stressed,0.60,0,mm,-3142.05
52.613,21,578.9,-9602.11,-9602.11,15804,-15804,176.61,176.62,176.6536,-10.28,0.74,1.00,mixed,-1.04,stressed,-0.58,-15604,dir,-5490.29,103.09,103.1,103.0929,0.57,1.41,0.05,chop,0.76,stressed,0.46,-200,mm,-895.77,28.54,28.55,28.5455,6.77,1.63,1.00,mixed,0.67,stressed,0.60,0,mm,-3142.05
52.667,21,578.9,-9602.11,-9602.11,15804,-15804,176.61,176.62,176.6530,-10.28,0.74,1.00,mixed,-1.04,stressed,-0.58,-15604,dir,-5490.29,103.09,103.1,103.0929,0.61,1.41,0.05,chop,0.76,stressed,0.46,-200,mm,-895.77,28.54,28.55,28.5455,6.73,1.63,1.00,mixed,0.67,stressed,0.60,0,mm,-3142.05
52.753,21,578.9,-9602.11,-9602.11,15804,-15804,176.61,176.62,176.6519,-10.27,0.74,1.00,mixed,-1.04,stressed,-0.58,-15604,dir,-5490.29,103.09,103.1,103.0930,0.66,1.41,0.05,chop,0.76,stressed,0.46,-200,mm,-895.77,28.54,28.55,28.5455,6.66,1.63,1.00,mixed,0.67,stressed,0.60,0,mm,-3142.05
52.841,21,578.9,-9602.11,-9602.11,15804,-15804,176.61,176.62,176.6509,-10.25,0.74,1.00,mixed,-1.04,stressed,-0.58,-15604,dir,-5022.17,103.09,103.1,103.0930,0.71,1.41,0.05,chop,0.76,stressed,0.46,-200,mm,-893.77,28.54,28.55,28.5455,6.58,1.63,1.00,mixed,0.67,stressed,0.60,0,mm,-3142.05
52.888,21,578.9,-9602.11,-9602.11,15804,-15804,176.61,176.62,176.6503,-10.24,0.74,1.00,mixed,-1.02,stressed,-0.58,-15604,dir,-5022.17,103.09,103.1,103.0931,0.73,1.41,0.15,chop,0.74,stressed,0.46,-200,mm,-893.77,28.54,28.55,28.5454,6.55,1.48,1.00,mixed,0.66,stressed,0.60,0,mm,-3142.05
52.916,22,556.0,-9057.99,-9057.99,15804,-15804,176.61,176.62,176.6500,-10.23,0.68,1.00,mixed,-1.02,stressed,-0.63,-15604,dir,-5022.17,103.09,103.1,103.0931,0.75,1.32,0.15,chop,0.74,stressed,0.51,-200,mm,-893.77,28.54,28.55,28.5454,6.52,1.48,1.00,mixed,0.66,stressed,0.60,0,mm,-3142.05
52.966,22,556.0,-9057.99,-9057.99,15804,-15804,176.61,176.62,176.6494,-10.22,0.68,1.00,mixed,-1.02,stressed,-0.63,-15604,dir,-5022.17,103.09,103.11,103.0932,0.79,1.32,0.15,chop,0.74,stressed,0.51,-200,mm,-893.77,28.54,28.55,28.5454,6.48,1.48,1.00,mixed,0.66,stressed,0.60,0,mm,-3142.05
53.016,22,556.0,-9057.99,-9057.99,15804,-15804,176.6,176.62,176.6488,-10.22,0.68,1.00,mixed,-1.02,stressed,-0.63,-15604,dir,-5022.17,103.09,103.11,103.0933,0.83,1.32,0.15,chop,0.74,stressed,0.51,-200,mm,-893.77,28.54,28.55,28.5454,6.44,1.48,1.00,mixed,0.66,stressed,0.60,0,mm,-3142.05
53.048,22,556.0,-9057.99,-9057.99,15804,-15804,176.6,176.62,176.6483,-10.22,0.68,1.00,mixed,-1.02,stressed,-0.63,-15604,dir,-5022.17,103.09,103.11,103.0934,0.86,1.32,0.15,chop,0.74,stressed,0.51,-200,mm,-893.77,28.54,28.55,28.5454,6.42,1.48,1.00,mixed,0.66,stressed,0.60,0,mm,-3142.05
53.090,22,556.0,-9057.99,-9057.99,15804,-15804,176.6,176.62,176.6478,-10.21,0.68,1.00,mixed,-1.02,stressed,-0.63,-15604,dir,-5022.17,103.09,103.11,103.0935,0.89,1.32,0.15,chop,0.74,stressed,0.51,-200,mm,-893.77,28.54,28.55,28.5454,6.38,1.48,1.00,mixed,0.66,stressed,0.60,0,mm,-3142.05
53.117,22,556.0,-9057.99,-9057.99,15804,-15804,176.6,176.62,176.6475,-10.21,0.68,1.00,mixed,-1.02,stressed,-0.63,-15604,dir,-5022.17,103.09,103.11,103.0935,0.91,1.32,0.15,chop,0.74,stressed,0.51,-200,mm,-893.77,28.54,28.55,28.5454,6.36,1.48,1.00,mixed,0.66,stressed,0.60,0,mm,-3142.05
53.141,22,556.0,-9057.99,-9057.99,15804,-15804,176.6,176.62,176.6472,-10.21,0.68,1.00,mixed,-1.01,stressed,-0.63,-15604,dir,-5022.17,103.09,103.11,103.0936,0.93,1.32,0.19,chop,0.79,stressed,0.51,-200,mm,-893.77,28.54,28.55,28.5454,6.34,1.48,1.00,mixed,0.63,stressed,0.60,0,mm,-3142.05
53.161,22,556.0,-9057.99,-9057.99,15804,-15804,176.6,176.62,176.6469,-10.21,0.68,1.00,mixed,-1.01,stressed,-0.63,-15604,dir,-5022.17,103.09,103.11,103.0936,0.94,1.32,0.19,chop,0.79,stressed,0.51,-200,mm,-893.77,28.54,28.55,28.5454,6.33,1.48,1.00,mixed,0.63,stressed,0.60,0,mm,-3142.05
53.180,22,556.0,-9057.99,-9057.99,15804,-15804,176.6,176.62,176.6467,-10.20,0.68,1.00,mixed,-1.01,stressed,-0.63,-15604,dir,-5022.17,103.09,103.11,103.0937,0.96,1.32,0.19,chop,0.79,stressed,0.51,-200,mm,-893.77,28.54,28.55,28.5454,6.31,1.48,1.00,mixed,0.63,stressed,0.60,0,mm,-3142.05
53.253,22,556.0,-9057.99,-9057.99,15804,-15804,176.6,176.61,176.6457,-10.22,0.68,1.00,mixed,-1.01,stressed,-0.63,-15604,dir,-5022.17,103.1,103.11,103.0939,1.03,1.32,0.19,chop,0.79,stressed,0.51,-200,mm,-893.77,28.54,28.55,28.5454,6.25,1.48,1.00,mixed,0.63,stressed,0.60,0,mm,-3142.05
53.289,22,556.0,-9057.99,-9057.99,15804,-15804,176.6,176.61,176.6452,-10.22,0.68,1.00,mixed,-1.01,stressed,-0.63,-15604,dir,-5022.17,103.1,103.11,103.0941,1.07,1.32,0.19,chop,0.79,stressed,0.51,-200,mm,-893.77,28.54,28.55,28.5454,6.23,1.48,1.00,mixed,0.63,stressed,0.60,0,mm,-3142.05
53.329,22,556.0,-9057.99,-9057.99,15804,-15804,176.6,176.61,176.6447,-10.22,0.68,1.00,mixed,-1.01,stressed,-0.63,-15604,dir,-5022.17,103.1,103.11,103.0942,1.10,1.32,0.19,chop,0.79,stressed,0.51,-200,mm,-893.77,28.54,28.55,28.5454,6.20,1.48,1.00,mixed,0.63,stressed,0.60,0,mm,-3142.05
53.374,22,556.0,-9057.99,-9057.99,15804,-15804,176.6,176.61,176.6441,-10.22,0.68,1.00,mixed,-1.01,stressed,-0.63,-15604,dir,-5022.17,103.1,103.11,103.0944,1.14,1.32,0.19,chop,0.79,stressed,0.51,-200,mm,-893.77,28.54,28.55,28.5454,6.16,1.48,1.00,mixed,0.63,stressed,0.60,0,mm,-3142.05
53.402,22,556.0,-9057.99,-9057.99,15804,-15804,176.6,176.61,176.6437,-10.22,0.68,1.00,mixed,-1.01,stressed,-0.63,-15604,dir,-5022.17,103.1,103.11,103.0945,1.17,1.32,0.19,chop,0.84,stressed,0.51,-200,mm,-893.77,28.54,28.55,28.5454,6.14,1.35,1.00,mixed,0.62,stressed,0.60,0,mm,-3142.05
53.475,22,563.4,-9057.99,-9057.99,15804,-15804,176.6,176.61,176.6428,-10.21,0.64,1.00,mixed,-1.01,stressed,-0.63,-15604,dir,-5022.17,103.1,103.11,103.0947,1.23,1.27,0.19,chop,0.84,stressed,0.51,-200,mm,-893.77,28.54,28.55,28.5454,6.08,1.35,1.00,mixed,0.62,stressed,0.60,0,mm,-3142.05
53.547,22,563.4,-9057.99,-9057.99,18104,-18104,176.6,176.61,176.6419,-10.20,0.64,1.00,mixed,-1.01,stressed,-0.63,-15604,dir,-5022.17,103.1,103.13,103.0952,1.34,1.27,0.19,chop,0.84,stressed,0.51,-2500,mm,-927.37,28.54,28.55,28.5454,6.03,1.35,1.00,mixed,0.62,stressed,0.60,0,mm,-3142.05
53.591,22,563.4,-9057.99,-9057.99,18104,-18104,176.6,176.61,176.6414,-10.19,0.64,1.00,mixed,-1.01,stressed,-0.63,-15604,dir,-5022.17,103.1,103.13,103.0955,1.40,1.27,0.19,chop,0.84,stressed,0.51,-2500,mm,-927.37,28.54,28.55,28.5454,6.00,1.35,1.00,mixed,0.62,stressed,0.60,0,mm,-3142.05
53.739,22,563.4,-9057.99,-9057.99,18104,-18104,176.6,176.61,176.6396,-10.14,0.64,1.00,mixed,-1.00,stressed,-0.63,-15604,dir,-5022.17,103.1,103.13,103.0964,1.59,1.27,0.22,chop,0.98,stressed,0.51,-2500,mm,-927.37,28.54,28.55,28.5453,5.89,1.35,1.00,mixed,0.61,stressed,0.60,0,mm,-3142.05
53.833,22,563.4,-9057.99,-9057.99,18104,-18104,176.59,176.61,176.6384,-10.14,0.64,1.00,mixed,-1.00,stressed,-0.63,-15604,dir,-5022.17,103.12,103.13,103.0973,1.77,1.27,0.22,chop,0.98,stressed,0.51,-2500,mm,-927.37,28.54,28.55,28.5453,5.82,1.35,1.00,mixed,0.61,stressed,0.60,0,mm,-3142.05
53.938,22,563.4,-9057.99,-9057.99,18104,-18104,176.59,176.61,176.6371,-10.13,0.64,1.00,mixed,-1.00,stressed,-0.63,-15604,dir,-5022.17,103.12,103.13,103.0983,1.95,1.27,0.22,chop,0.98,stressed,0.51,-2500,mm,-927.37,28.54,28.55,28.5453,5.74,1.23,1.00,mixed,0.61,stressed,0.60,0,mm,-3142.05
54.029,22,570.8,-9057.99,-9057.99,18104,-18104,176.58,176.61,176.6359,-10.15,0.60,1.00,mixed,-1.01,stressed,-0.63,-15604,dir,-5022.17,103.12,103.13,103.0990,2.09,1.31,0.25,chop,1.11,stressed,0.51,-2500,mm,-927.37,28.54,28.55,28.5453,5.68,1.23,1.00,mixed,0.60,stressed,0.60,0,mm,-3142.05
54.067,22,570.8,-9057.99,-9057.99,18104,-18104,176.58,176.61,176.6354,-10.15,0.60,1.00,mixed,-1.01,stressed,-0.63,-15604,dir,-5022.17,103.12,103.13,103.0994,2.14,1.31,0.25,chop,1.11,stressed,0.51,-2500,mm,-927.37,28.54,28.55,28.5453,5.65,1.23,1.00,mixed,0.60,stressed,0.60,0,mm,-3142.05
54.118,22,570.8,-9057.99,-9057.99,18104,-18104,176.58,176.61,176.6347,-10.15,0.60,1.00,mixed,-1.01,stressed,-0.63,-15604,dir,-5022.17,103.12,103.13,103.0998,2.21,1.31,0.25,chop,1.11,stressed,0.51,-2500,mm,-927.37,28.54,28.55,28.5453,5.62,1.23,1.00,mixed,0.60,stressed,0.60,0,mm,-3142.05
54.161,22,570.8,-9057.99,-9057.99,18104,-18104,176.58,176.61,176.6341,-10.15,0.60,1.00,mixed,-1.01,stressed,-0.63,-15604,dir,-5022.17,103.12,103.13,103.1001,2.26,1.31,0.25,chop,1.11,stressed,0.51,-2500,mm,-927.37,28.54,28.55,28.5453,5.59,1.23,1.00,mixed,0.60,stressed,0.60,0,mm,-3142.05
54.177,22,570.8,-9057.99,-9057.99,18104,-18104,176.58,176.61,176.6339,-10.15,0.60,1.00,mixed,-1.01,stressed,-0.63,-15604,dir,-5022.17,103.12,103.13,103.1003,2.28,1.31,0.25,chop,1.11,stressed,0.51,-2500,mm,-927.37,28.54,28.55,28.5453,5.58,1.23,1.00,mixed,0.60,stressed,0.60,0,mm,-3142.05
54.232,22,570.8,-9057.99,-9057.99,18104,-18104,176.58,176.6,176.6331,-10.17,0.60,1.00,mixed,-1.01,stressed,-0.63,-15604,dir,-5022.17,103.12,103.13,103.1007,2.34,1.31,0.25,chop,1.11,stressed,0.51,-2500,mm,-927.37,28.54,28.55,28.5453,5.54,1.23,1.00,mixed,0.60,stressed,0.60,0,mm,-3142.05
54.278,22,570.8,-9057.99,-9057.99,18104,-18104,176.58,176.6,176.6325,-10.18,0.60,1.00,mixed,-1.01,stressed,-0.63,-15604,dir,-5022.17,103.12,103.13,103.1011,2.39,1.31,0.25,chop,1.11,stressed,0.51,-2500,mm,-927.37,28.54,28.55,28.5453,5.51,1.23,1.00,mixed,0.60,stressed,0.60,0,mm,-3142.05
54.306,22,570.8,-9057.99,-9057.99,18104,-18104,176.58,176.6,176.6321,-10.19,0.60,1.00,mixed,-1.00,stressed,-0.63,-15604,dir,-5022.17,103.12,103.13,103.1013,2.42,1.31,0.11,chop,1.09,stressed,0.51,-2500,mm,-927.37,28.54,28.55,28.5453,5.49,1.23,1.00,mixed,0.58,stressed,0.60,0,mm,-3142.05
54.354,22,570.8,-9057.99,-9057.99,18104,-18104,176.58,176.6,176.6314,-10.19,0.60,1.00,mixed,-1.00,stressed,-0.63,-15604,dir,-5022.17,103.12,103.13,103.1017,2.47,1.31,0.11,chop,1.09,stressed,0.51,-2500,mm,-927.37,28.54,28.55,28.5453,5.45,1.23,1.00,mixed,0.58,stressed,0.60,0,mm,-3142.05
54.414,22,570.8,-9057.99,-9057.99,18104,-18104,176.58,176.6,176.6306,-10.20,0.60,1.00,mixed,-1.00,stressed,-0.63,-15604,dir,-5022.17,103.12,103.13,103.1021,2.52,1.31,0.11,chop,1.09,stressed,0.51,-2500,mm,-927.37,28.54,28.55,28.5453,5.42,1.23,1.00,mixed,0.58,stressed,0.60,0,mm,-3142.05
54.447,22,570.8,-9057.99,-9057.99,18104,-18104,176.58,176.6,176.6302,-10.20,0.60,1.00,mixed,-1.00,stressed,-0.63,-15604,dir,-5022.17,103.12,103.13,103.1024,2.54,1.31,0.11,chop,1.09,stressed,0.51,-2500,mm,-927.37,28.54,28.55,28.5453,5.39,1.13,1.00,mixed,0.58,stressed,0.60,0,mm,-3142.05
54.530,22,577.4,-9057.99,-9057.99,18104,-18104,176.57,176.59,176.6288,-10.26,0.61,1.00,mixed,-1.00,stressed,-0.63,-15604,dir,-5022.17,103.11,103.12,103.1027,2.54,1.30,0.11,chop,1.09,stressed,0.51,-2500,mm,-927.37,28.54,28.55,28.5453,5.34,1.13,1.00,mixed,0.58,stressed,0.60,0,mm,-3142.05
54.587,22,577.4,-9057.99,-9057.99,18104,-18104,176.57,176.59,176.6279,-10.30,0.61,1.00,mixed,-1.03,stressed,-0.63,-15604,dir,-5022.17,103.11,103.12,103.1029,2.53,1.30,0.06,chop,0.93,stressed,0.51,-2500,mm,-927.37,28.54,28.55,28.5453,5.30,1.13,1.00,mixed,0.58,stressed,0.60,0,mm,-3142.05
54.631,22,577.4,-9057.99,-9057.99,18104,-18104,176.57,176.59,176.6273,-10.32,0.61,1.00,mixed,-1.03,stressed,-0.63,-15604,dir,-5022.17,103.11,103.12,103.1031,2.53,1.30,0.06,chop,0.93,stressed,0.51,-2500,mm,-927.37,28.54,28.55,28.5452,5.27,1.13,1.00,mixed,0.58,stressed,0.60,0,mm,-3142.05
54.657,22,577.4,-9057.99,-9057.99,18104,-18104,176.57,176.59,176.6269,-10.33,0.61,1.00,mixed,-1.03,stressed,-0.63,-15604,dir,-5022.17,103.11,103.12,103.1032,2.52,1.30,0.06,chop,0.93,stressed,0.51,-2500,mm,-927.37,28.54,28.55,28.5452,5.26,1.13,1.00,mixed,0.58,stressed,0.60,0,mm,-3142.05
54.676,22,577.4,-9057.99,-9057.99,18104,-18104,176.57,176.59,176.6266,-10.34,0.61,1.00,mixed,-1.03,stressed,-0.63,-15604,dir,-5022.17,103.11,103.12,103.1033,2.52,1.30,0.06,chop,0.93,stressed,0.51,-2500,mm,-927.37,28.54,28.55,28.5452,5.24,1.13,1.00,mixed,0.58,stressed,0.60,0,mm,-3142.05
54.747,22,577.4,-9057.99,-9057.99,18104,-18104,176.57,176.58,176.6254,-10.40,0.61,1.00,mixed,-1.03,stressed,-0.63,-15604,dir,-5022.17,103.11,103.12,103.1036,2.51,1.30,0.06,chop,0.93,stressed,0.51,-2500,mm,-927.37,28.54,28.55,28.5452,5.20,1.13,1.00,mixed,0.58,stressed,0.60,0,mm,-3142.05
54.790,22,577.4,-9057.99,-9057.99,18104,-18104,176.57,176.58,176.6247,-10.43,0.61,1.00,mixed,-1.03,stressed,-0.63,-15604,dir,-4398.01,103.1,103.12,103.1036,2.49,1.30,0.06,chop,0.93,stressed,0.51,-2500,mm,-902.37,28.54,28.55,28.5452,5.17,1.13,1.00,mixed,0.58,stressed,0.60,0,mm,-3142.05
54.853,22,577.4,-9057.99,-9057.99,18104,-18104,176.57,176.58,176.6237,-10.46,0.61,1.00,TREND,-1.02,stressed,-0.63,-15604,dir,-4398.01,103.1,103.12,103.1038,2.45,1.30,0.08,chop,0.84,stressed,0.51,-2500,mm,-902.37,28.54,28.55,28.5452,5.13,1.13,1.00,mixed,0.56,stressed,0.60,0,mm,-3142.05
54.936,22,577.4,-9057.99,-9057.99,18104,-18104,176.57,176.58,176.6224,-10.50,0.61,1.00,TREND,-1.02,stressed,-0.63,-15604,dir,-4398.01,103.1,103.12,103.1039,2.41,1.30,0.08,chop,0.84,stressed,0.51,-2500,mm,-902.37,28.54,28.55,28.5452,5.08,1.13,1.00,mixed,0.56,stressed,0.60,0,mm,-3142.05
55.046,22,577.4,-9057.99,-9057.99,18104,-18104,176.57,176.58,176.6207,-10.53,0.58,1.00,TREND,-1.02,stressed,-0.63,-15604,dir,-4398.01,103.09,103.12,103.1040,2.31,1.28,0.08,chop,0.84,stressed,0.51,-2500,mm,-902.37,28.54,28.55,28.5452,5.01,1.03,1.00,mixed,0.56,stressed,0.60,0,mm,-3142.05
55.112,23,556.5,-8442.43,-8442.43,18104,-18104,176.57,176.58,176.6197,-10.53,0.58,1.00,TREND,-1.01,stressed,-0.70,-15604,dir,-4398.01,103.09,103.12,103.1040,2.25,1.28,0.04,chop,0.75,stressed,0.78,-2500,mm,-902.37,28.54,28.55,28.5452,4.97,1.03,1.00,mixed,0.55,stressed,0.60,0,mm,-3142.05
55.182,23,556.5,-8442.43,-8442.43,18104,-18104,176.57,176.58,176.6187,-10.53,0.58,1.00,TREND,-1.01,stressed,-0.70,-15604,dir,-4398.01,103.09,103.12,103.1040,2.19,1.28,0.04,chop,0.75,stressed,0.78,-2500,mm,-902.37,28.54,28.55,28.5452,4.93,1.03,1.00,mixed,0.55,stressed,0.60,0,mm,-3142.05
55.361,23,556.5,-8442.43,-8442.43,18104,-18104,176.57,176.58,176.6161,-10.51,0.58,1.00,TREND,-1.01,stressed,-0.70,-15604,dir,-4398.01,103.1,103.11,103.1041,2.06,1.28,0.04,chop,0.75,stressed,0.78,-2500,mm,-902.37,28.54,28.55,28.5452,4.82,1.03,1.00,mixed,0.55,stressed,0.60,0,mm,-3142.05
55.561,23,556.5,-8442.43,-8442.43,18104,-18104,176.57,176.58,176.6135,-10.44,0.59,1.00,TREND,-0.98,stressed,-0.70,-15604,dir,-4398.01,103.08,103.11,103.1035,1.78,1.25,0.00,chop,0.58,stressed,0.78,-2500,mm,-877.37,28.54,28.55,28.5452,4.70,0.94,1.00,mixed,0.52,stressed,0.60,0,mm,-3142.05
55.634,23,563.1,-8442.43,-8442.43,18104,-18104,176.57,176.58,176.6126,-10.41,0.59,1.00,TREND,-0.98,stressed,-0.70,-15604,dir,-4398.01,103.08,103.11,103.1033,1.68,1.25,0.00,chop,0.58,stressed,0.78,-2500,mm,-877.37,28.54,28.55,28.5452,4.66,0.94,1.00,mixed,0.52,stressed,0.60,0,mm,-3142.05
55.667,23,563.1,-8442.43,-8442.43,18104,-18104,176.57,176.58,176.6122,-10.39,0.59,1.00,TREND,-0.98,stressed,-0.70,-15604,dir,-4398.01,103.08,103.11,103.1032,1.65,1.25,0.00,chop,0.58,stressed,0.78,-2500,mm,-877.37,28.54,28.55,28.5452,4.64,0.94,1.00,mixed,0.52,stressed,0.60,0,mm,-3142.05
55.686,23,563.1,-8442.43,-8442.43,18104,-18104,176.57,176.58,176.6119,-10.38,0.59,1.00,TREND,-0.98,stressed,-0.70,-15604,dir,-4398.01,103.08,103.11,103.1032,1.62,1.25,0.00,chop,0.58,stressed,0.78,-2500,mm,-877.37,28.54,28.55,28.5452,4.63,0.94,1.00,mixed,0.52,stressed,0.60,0,mm,-3142.05
55.738,23,563.1,-8442.43,-8442.43,18104,-18104,176.57,176.58,176.6113,-10.36,0.59,1.00,TREND,-0.98,stressed,-0.70,-15604,dir,-4398.01,103.08,103.11,103.1030,1.57,1.25,0.00,chop,0.58,stressed,0.78,-2500,mm,-877.37,28.54,28.55,28.5452,4.60,0.94,1.00,mixed,0.52,stressed,0.60,0,mm,-3142.05
55.781,23,563.1,-8442.43,-8442.43,18104,-18104,176.57,176.58,176.6108,-10.33,0.59,1.00,TREND,-0.98,stressed,-0.70,-15604,dir,-4398.01,103.09,103.11,103.1030,1.54,1.25,0.00,chop,0.58,stressed,0.78,-2500,mm,-877.37,28.54,28.55,28.5452,4.57,0.94,1.00,mixed,0.52,stressed,0.60,0,mm,-3142.05
55.924,23,563.1,-8442.43,-8442.43,18104,-18104,176.57,176.58,176.6091,-10.24,0.59,1.00,TREND,-0.96,stressed,-0.70,-15604,dir,-4398.01,103.09,103.11,103.1028,1.45,1.25,0.02,chop,0.65,normal,0.78,-2500,mm,-877.37,28.54,28.55,28.5452,4.49,0.94,0.00,chop,0.51,stressed,0.60,0,mm,-3142.05
55.944,23,563.1,-8442.43,-8442.43,18104,-18104,176.57,176.58,176.6089,-10.23,0.59,1.00,TREND,-0.96,stressed,-0.70,-15604,dir,-4398.01,103.09,103.11,103.1028,1.44,1.25,0.02,chop,0.65,normal,0.78,-2500,mm,-877.37,28.54,28.55,28.5452,4.48,0.94,0.00,chop,0.51,stressed,0.60,0,mm,-3142.05
56.069,23,563.1,-8442.43,-8442.43,18104,-18104,176.57,176.58,176.6075,-10.14,0.60,1.00,TREND,-0.96,stressed,-0.70,-15604,dir,-4398.01,103.09,103.11,103.1027,1.38,1.17,0.02,chop,0.65,normal,0.78,-2500,mm,-877.37,28.54,28.55,28.5452,4.41,0.85,0.00,chop,0.51,stressed,0.60,0,mm,-3142.05
56.142,23,563.1,-8442.43,-8442.43,18104,-18104,176.57,176.58,176.6068,-10.09,0.60,1.00,TREND,-0.96,stressed,-0.70,-15604,dir,-4398.01,103.1,103.11,103.1028,1.37,1.17,0.02,chop,0.65,normal,0.78,-2500,mm,-877.37,28.54,28.55,28.5452,4.37,0.85,0.00,chop,0.51,stressed,0.60,0,mm,-3142.05
56.262,23,571.0,-8442.43,-8442.43,18104,-18104,176.57,176.58,176.6055,-9.99,0.60,1.00,TREND,-0.95,stressed,-0.70,-15604,dir,-4398.01,103.1,103.11,103.1028,1.36,1.17,0.09,chop,0.72,normal,0.78,-2500,mm,-877.37,28.54,28.55,28.5451,4.31,0.85,0.00,chop,0.50,stressed,0.60,0,mm,-3142.05
56.362,23,571.0,-8442.43,-8442.43,16004,-15204,176.56,176.58,176.6044,-9.96,0.60,1.00,TREND,-0.95,stressed,-0.70,-15604,dir,-4398.01,103.1,103.12,103.1031,1.40,1.17,0.09,chop,0.72,normal,0.78,400,mm,-869.57,28.54,28.55,28.5451,4.26,0.85,0.00,chop,0.50,stressed,0.60,0,mm,-3142.05
56.396,23,571.0,-8442.43,-8442.43,16004,-15204,176.56,176.58,176.6040,-9.94,0.60,1.00,TREND,-0.95,stressed,-0.70,-15604,dir,-4398.01,103.1,103.12,103.1032,1.41,1.17,0.09,chop,0.72,normal,0.78,400,mm,-869.57,28.54,28.55,28.5451,4.24,0.85,0.00,chop,0.50,stressed,0.60,0,mm,-3142.05
56.427,23,571.0,-8442.43,-8442.43,16004,-15204,176.56,176.58,176.6037,-9.93,0.60,1.00,TREND,-0.95,stressed,-0.70,-15604,dir,-4398.01,103.1,103.12,103.1032,1.42,1.17,0.09,chop,0.72,normal,0.78,400,mm,-869.57,28.54,28.55,28.5451,4.22,0.85,0.00,chop,0.50,stressed,0.60,0,mm,-3142.05
56.475,23,571.0,-8442.43,-8442.43,16004,-15204,176.56,176.58,176.6031,-9.90,0.60,1.00,TREND,-0.95,stressed,-0.70,-15604,dir,-4398.01,103.1,103.12,103.1033,1.43,1.17,0.09,chop,0.72,normal,0.78,400,mm,-869.57,28.54,28.55,28.5451,4.20,0.85,0.00,chop,0.50,stressed,0.60,0,mm,-3142.05
56.564,23,571.0,-8442.43,-8442.43,16004,-15204,176.56,176.58,176.6022,-9.85,0.60,1.00,TREND,-0.96,stressed,-0.70,-15604,dir,-4398.01,103.11,103.12,103.1037,1.49,1.17,0.04,chop,0.88,normal,0.78,400,mm,-869.57,28.54,28.55,28.5451,4.15,0.85,0.00,chop,0.49,stressed,0.60,0,mm,-3142.05
56.639,23,571.0,-8442.43,-8442.43,16004,-15204,176.56,176.58,176.6014,-9.81,0.55,1.00,TREND,-0.96,stressed,-0.70,-15604,dir,-4398.01,103.11,103.12,103.1039,1.53,1.18,0.04,chop,0.88,normal,0.78,400,mm,-869.57,28.54,28.55,28.5451,4.11,0.78,0.00,chop,0.49,stressed,0.60,0,mm,-3142.05
56.686,23,571.0,-8442.43,-8442.43,16004,-15204,176.56,176.58,176.6009,-9.78,0.55,1.00,TREND,-0.96,stressed,-0.70,-15604,dir,-4398.01,103.11,103.12,103.1041,1.55,1.18,0.04,chop,0.88,normal,0.78,400,mm,-869.57,28.54,28.55,28.5451,4.09,0.78,0.00,chop,0.49,stressed,0.60,0,mm,-3142.05
56.766,23,571.0,-8442.43,-8442.43,16004,-15204,176.56,176.58,176.6001,-9.73,0.55,1.00,TREND,-0.96,stressed,-0.70,-15604,dir,-4398.01,103.11,103.12,103.1044,1.59,1.18,0.04,chop,0.88,normal,0.78,400,mm,-869.57,28.54,28.55,28.5451,4.05,0.78,0.00,chop,0.49,stressed,0.60,0,mm,-3142.05
56.865,24,551.4,-8237.59,-8237.59,16004,-15204,176.56,176.57,176.5990,-9.70,0.55,1.00,TREND,-0.95,stressed,-0.72,-15604,dir,-4241.97,103.11,103.15,103.1052,1.75,1.18,0.02,chop,1.13,normal,0.87,400,mm,-853.57,28.54,28.55,28.5451,4.00,0.78,0.00,chop,0.45,stressed,0.60,0,mm,-3142.05
56.908,24,551.4,-8237.59,-8237.59,16004,-15204,176.56,176.57,176.5985,-9.68,0.55,1.00,TREND,-0.95,stressed,-0.72,-15604,dir,-4241.97,103.11,103.15,103.1056,1.82,1.18,0.02,chop,1.13,normal,0.87,400,mm,-853.57,28.54,28.55,28.5451,3.98,0.78,0.00,chop,0.45,stressed,0.60,0,mm,-3142.05
56.926,24,551.4,-8237.59,-8237.59,16004,-15204,176.56,176.57,176.5983,-9.68,0.55,1.00,TREND,-0.95,stressed,-0.72,-15604,dir,-4241.97,103.11,103.15,103.1057,1.85,1.18,0.02,chop,1.13,normal,0.87,400,mm,-853.57,28.54,28.55,28.5451,3.97,0.78,0.00,chop,0.45,stressed,0.60,0,mm,-3142.05
57.061,24,551.4,-8237.59,-8237.59,16004,-15204,176.54,176.56,176.5962,-9.78,0.55,1.00,TREND,-0.95,stressed,-0.72,-15604,dir,-4241.97,103.14,103.15,103.1075,2.19,1.18,0.02,chop,1.13,normal,0.87,400,mm,-853.57,28.54,28.55,28.5451,3.90,0.78,0.00,chop,0.45,stressed,0.60,0,mm,-3142.05
57.133,24,551.4,-8237.59,-8237.59,17004,-17004,176.54,176.56,176.5951,-9.82,0.55,1.00,TREND,-0.99,stressed,-0.72,-15604,dir,-4241.97,103.14,103.15,103.1083,2.35,1.18,0.07,chop,1.40,normal,0.87,-1400,mm,-873.17,28.54,28.55,28.5451,3.87,0.78,0.00,chop,0.44,stressed,0.60,0,mm,-3142.05
57.156,24,551.4,-8237.59,-8237.59,17004,-17004,176.54,176.56,176.5947,-9.83,0.62,1.00,TREND,-0.99,stressed,-0.72,-15604,dir,-4241.97,103.14,103.15,103.1086,2.40,1.32,0.07,chop,1.40,normal,0.87,-1400,mm,-873.17,28.54,28.55,28.5451,3.86,0.71,0.00,chop,0.44,stressed,0.60,0,mm,-3142.05
57.202,24,551.4,-8237.59,-8237.59,17004,-17004,176.54,176.56,176.5940,-9.85,0.62,1.00,TREND,-0.99,stressed,-0.72,-15604,dir,-4241.97,103.14,103.15,103.1092,2.49,1.32,0.07,chop,1.40,normal,0.87,-1400,mm,-873.17,28.54,28.55,28.5451,3.83,0.71,0.00,chop,0.44,stressed,0.60,0,mm,-3142.05
57.241,24,551.4,-8237.59,-8237.59,17004,-17004,176.54,176.56,176.5935,-9.87,0.62,1.00,TREND,-0.99,stressed,-0.72,-15604,dir,-4241.97,103.14,103.15,103.1096,2.56,1.32,0.07,chop,1.40,normal,0.87,-1400,mm,-873.17,28.54,28.55,28.5451,3.82,0.71,0.00,chop,0.44,stressed,0.60,0,mm,-3142.05
57.260,24,551.4,-8237.59,-8237.59,17004,-17004,176.54,176.56,176.5932,-9.87,0.62,1.00,TREND,-0.99,stressed,-0.72,-15604,dir,-4241.97,103.14,103.15,103.1099,2.60,1.32,0.07,chop,1.40,normal,0.87,-1400,mm,-873.17,28.54,28.55,28.5451,3.81,0.71,0.00,chop,0.44,stressed,0.60,0,mm,-3142.05
57.289,24,556.5,-8237.59,-8237.59,17004,-17004,176.54,176.56,176.5928,-9.88,0.62,1.00,TREND,-0.99,stressed,-0.72,-15604,dir,-4241.97,103.14,103.15,103.1102,2.65,1.32,0.07,chop,1.40,normal,0.87,-1400,mm,-873.17,28.54,28.55,28.5451,3.79,0.71,0.00,chop,0.44,stressed,0.60,0,mm,-3142.05
57.398,24,556.5,-8237.59,-8237.59,18004,-18004,176.53,176.55,176.5909,-9.99,0.62,1.00,TREND,-1.01,stressed,-0.72,-15604,dir,-4241.97,103.14,103.15,103.1114,2.83,1.32,0.07,chop,1.38,normal,0.87,-2400,mm,-885.17,28.54,28.55,28.5451,3.74,0.71,0.00,chop,0.43,stressed,0.60,0,mm,-3142.05
57.427,24,556.5,-8237.59,-8237.59,18004,-18004,176.53,176.55,176.5904,-10.01,0.62,1.00,TREND,-1.01,stressed,-0.72,-15604,dir,-4241.97,103.14,103.15,103.1118,2.87,1.32,0.07,chop,1.38,normal,0.87,-2400,mm,-885.17,28.54,28.55,28.5451,3.73,0.71,0.00,chop,0.43,stressed,0.60,0,mm,-3142.05
57.547,24,556.5,-8237.59,-8237.59,18004,-18004,176.53,176.55,176.5885,-10.10,0.62,1.00,TREND,-1.01,stressed,-0.72,-15604,dir,-4241.97,103.14,103.15,103.1130,3.03,1.32,0.07,chop,1.38,normal,0.87,-2400,mm,-885.17,28.54,28.55,28.5451,3.67,0.71,0.00,chop,0.43,stressed,0.60,0,mm,-3142.05
57.690,24,556.5,-8237.59,-8237.59,17704,-17704,176.53,176.55,176.5862,-10.16,0.58,1.00,TREND,-1.00,stressed,-0.72,-15604,dir,-4241.97,103.14,103.15,103.1145,3.19,1.23,0.07,chop,1.38,normal,0.87,-2100,mm,-858.77,28.54,28.55,28.5451,3.61,0.65,0.00,chop,0.42,stressed,0.60,0,mm,-3142.05
57.739,24,556.5,-8237.59,-8237.59,17704,-17704,176.53,176.55,176.5855,-10.17,0.58,1.00,TREND,-1.00,stressed,-0.72,-15604,dir,-4241.97,103.14,103.15,103.1150,3.24,1.23,0.07,chop,1.38,normal,0.87,-2100,mm,-858.77,28.54,28.55,28.5451,3.59,0.65,0.00,chop,0.42,stressed,0.60,0,mm,-3142.05
57.759,24,556.5,-8237.59,-8237.59,17704,-17704,176.53,176.55,176.5852,-10.18,0.58,1.00,TREND,-1.00,stressed,-0.72,-15604,dir,-4241.97,103.14,103.15,103.1152,3.25,1.23,0.07,chop,1.38,normal,0.87,-2100,mm,-858.77,28.54,28.55,28.5451,3.58,0.65,0.00,chop,0.42,stressed,0.60,0,mm,-3142.05
57.826,24,556.5,-8237.59,-8237.59,17704,-17704,176.53,176.54,176.5841,-10.22,0.58,1.00,TREND,-1.00,stressed,-0.72,-15604,dir,-4241.97,103.09,103.1,103.1148,3.03,1.23,0.07,chop,1.38,normal,0.87,-2100,mm,-858.77,28.54,28.55,28.5451,3.55,0.65,0.00,chop,0.42,stressed,0.60,0,mm,-3142.05
57.972,24,564.7,-8237.59,-8237.59,17704,-17704,176.53,176.54,176.5818,-10.27,0.58,1.00,TREND,-1.01,stressed,-0.72,-15604,dir,-4241.97,103.09,103.1,103.1139,2.59,1.23,0.09,chop,0.43,normal,0.87,-2100,mm,-858.77,28.54,28.55,28.5451,3.48,0.65,0.00,chop,0.42,stressed,0.60,0,mm,-3142.05
58.092,24,564.7,-8237.59,-8237.59,17704,-17704,176.53,176.54,176.5800,-10.30,0.58,1.00,TREND,-1.01,stressed,-0.72,-15604,dir,-4241.97,103.09,103.1,103.1131,2.27,1.23,0.09,chop,0.43,normal,0.87,-2100,mm,-753.77,28.54,28.55,28.5451,3.43,0.65,0.00,chop,0.42,stressed,0.60,0,mm,-3142.05
58.169,24,564.7,-8237.59,-8237.59,17704,-17704,176.53,176.54,176.5788,-10.30,0.58,1.00,TREND,-1.01,stressed,-0.72,-15604,dir,-4241.97,103.09,103.1,103.1127,2.08,1.23,0.09,chop,0.43,normal,0.87,-2100,mm,-753.77,28.54,28.55,28.5451,3.40,0.65,0.00,chop,0.42,stressed,0.60,0,mm,-3142.05
58.242,24,564.7,-8237.59,-8237.59,17704,-17704,176.53,176.54,176.5778,-10.30,0.55,1.00,TREND,-1.00,stressed,-0.72,-15604,dir,-4241.97,103.09,103.1,103.1123,1.92,1.59,0.09,chop,0.41,normal,0.87,-2100,mm,-753.77,28.54,28.55,28.5451,3.37,0.59,0.00,chop,0.40,stressed,0.60,0,mm,-3142.05
58.276,24,564.7,-8237.59,-8237.59,17704,-17704,176.53,176.54,176.5773,-10.29,0.55,1.00,TREND,-1.00,stressed,-0.72,-15604,dir,-4241.97,103.09,103.1,103.1121,1.85,1.59,0.09,chop,0.41,normal,0.87,-2100,mm,-753.77,28.54,28.55,28.5451,3.36,0.59,0.00,chop,0.40,stressed,0.60,0,mm,-3142.05
58.333,24,564.7,-8237.59,-8237.59,17704,-17704,176.53,176.54,176.5765,-10.28,0.55,1.00,TREND,-1.00,stressed,-0.72,-15604,dir,-4241.97,103.09,103.12,103.1119,1.78,1.59,0.09,chop,0.41,normal,0.87,-2100,mm,-795.77,28.54,28.55,28.5451,3.33,0.59,0.00,chop,0.40,stressed,0.60,0,mm,-3142.05
58.488,24,564.7,-8237.59,-8237.59,17704,-17704,176.53,176.54,176.5744,-10.24,0.55,1.00,TREND,-1.00,stressed,-0.72,-15604,dir,-4241.97,103.09,103.12,103.1116,1.62,1.59,0.09,chop,0.41,normal,0.87,-2100,mm,-795.77,28.54,28.55,28.5451,3.27,0.59,0.00,chop,0.40,stressed,0.60,0,mm,-3142.05
58.640,24,572.7,-8237.59,-8237.59,17704,-17704,176.52,176.53,176.5720,-10.30,0.55,1.00,TREND,-1.02,stressed,-0.72,-15604,dir,-4241.97,103.09,103.12,103.1113,1.48,1.59,0.02,chop,0.60,normal,0.87,-2100,mm,-795.77,28.54,28.55,28.5451,3.21,0.59,0.00,chop,0.39,stressed,0.60,0,mm,-3142.05
58.701,24,572.7,-8237.59,-8237.59,17404,-17404,176.52,176.53,176.5711,-10.32,0.55,1.00,TREND,-1.02,stressed,-0.72,-15604,dir,-4241.97,103.1,103.12,103.1112,1.46,1.59,0.02,chop,0.60,normal,0.87,-1800,mm,-787.37,28.54,28.55,28.5451,3.18,0.59,0.00,chop,0.39,stressed,0.60,0,mm,-3142.05
58.763,24,572.7,-8237.59,-8237.59,17404,-17404,176.52,176.53,176.5702,-10.33,0.51,1.00,TREND,-1.02,stressed,-0.72,-15604,dir,-4241.97,103.1,103.12,103.1112,1.43,1.58,0.02,chop,0.60,normal,0.87,-1800,mm,-787.37,28.54,28.55,28.5451,3.16,0.54,0.00,chop,0.39,stressed,0.60,0,mm,-3142.05
58.925,24,572.7,-8237.59,-8237.59,17404,-17404,176.51,176.53,176.5676,-10.39,0.51,1.00,TREND,-1.03,stressed,-0.72,-15604,dir,-3617.81,103.08,103.16,103.1117,1.51,1.58,0.05,chop,0.91,normal,0.87,-1800,mm,-859.37,28.54,28.55,28.5451,3.10,0.54,0.00,chop,0.37,stressed,0.60,0,mm,-3142.05
59.187,24,572.7,-8237.59,-8237.59,17404,-17404,176.51,176.53,176.5637,-10.41,0.51,1.00,TREND,-1.02,stressed,-0.72,-15604,dir,-3617.81,103.08,103.16,103.1124,1.59,1.58,0.05,chop,0.90,normal,0.87,-1800,mm,-859.37,28.54,28.55,28.5451,3.00,0.54,0.00,chop,0.36,stressed,0.60,0,mm,-3142.05
59.242,25,553.8,-7619.23,-7619.23,17404,-17404,176.51,176.52,176.5628,-10.43,0.51,1.00,TREND,-1.02,stressed,-0.81,-15604,dir,-3617.81,103.09,103.13,103.1123,1.55,1.58,0.05,chop,0.90,normal,0.59,-1800,mm,-859.37,28.54,28.55,28.5451,2.98,0.54,0.00,chop,0.36,stressed,0.60,0,mm,-3142.05
59.279,25,553.8,-7619.23,-7619.23,17404,-17404,176.51,176.52,176.5622,-10.43,0.48,1.00,TREND,-1.02,stressed,-0.81,-15604,dir,-3617.81,103.09,103.13,103.1123,1.53,1.43,0.05,chop,0.90,normal,0.59,-1800,mm,-859.37,28.54,28.55,28.5451,2.97,0.49,0.00,chop,0.36,stressed,0.60,0,mm,-3142.05
59.340,25,553.8,-7619.23,-7619.23,17404,-17404,176.51,176.52,176.5613,-10.44,0.48,1.00,TREND,-1.02,stressed,-0.81,-15604,dir,-3617.81,103.09,103.13,103.1122,1.50,1.43,0.05,chop,0.90,normal,0.59,-1800,mm,-859.37,28.54,28.55,28.5451,2.94,0.49,0.00,chop,0.36,stressed,0.60,0,mm,-3142.05
59.419,25,553.8,-7619.23,-7619.23,17404,-17404,176.51,176.52,176.5601,-10.45,0.48,1.00,TREND,-1.02,stressed,-0.81,-15604,dir,-3617.81,103.1,103.11,103.1121,1.42,1.43,0.05,chop,0.90,normal,0.59,-1800,mm,-859.37,28.54,28.55,28.5451,2.91,0.49,0.00,chop,0.36,stressed,0.60,0,mm,-3142.05
59.452,25,553.8,-7619.23,-7619.23,17404,-17404,176.51,176.52,176.5596,-10.44,0.48,1.00,TREND,-1.05,stressed,-0.81,-15604,dir,-3617.81,103.1,103.11,103.1120,1.39,1.43,0.06,chop,0.54,normal,0.59,-1800,mm,-859.37,28.54,28.55,28.5451,2.90,0.49,0.00,chop,0.33,stressed,0.60,0,mm,-3142.05
59.511,25,553.8,-7619.23,-7619.23,17404,-17404,176.51,176.52,176.5587,-10.44,0.48,1.00,TREND,-1.05,stressed,-0.81,-15604,dir,-3617.81,103.1,103.11,103.1118,1.34,1.43,0.06,chop,0.54,normal,0.59,-1800,mm,-859.37,28.54,28.55,28.5450,2.88,0.49,0.00,chop,0.33,stressed,0.60,0,mm,-3142.05
59.594,25,553.8,-7619.23,-7619.23,17404,-17404,176.51,176.52,176.5575,-10.42,0.48,1.00,TREND,-1.05,stressed,-0.81,-15604,dir,-3617.81,103.1,103.11,103.1117,1.27,1.43,0.06,chop,0.54,normal,0.59,-1800,mm,-859.37,28.54,28.55,28.5450,2.85,0.49,0.00,chop,0.33,stressed,0.60,0,mm,-3142.05
59.660,25,553.8,-7619.23,-7619.23,17104,-17104,176.51,176.52,176.5566,-10.41,0.48,1.00,TREND,-1.05,stressed,-0.81,-15604,dir,-3617.81,103.1,103.11,103.1115,1.22,1.43,0.06,chop,0.54,normal,0.59,-1500,mm,-766.97,28.53,28.55,28.5449,2.80,0.49,0.00,chop,0.33,stressed,0.60,0,mm,-3142.05
59.833,25,560.5,-7619.23,-7619.23,17104,-17104,176.51,176.52,176.5543,-10.35,0.51,1.00,TREND,-1.04,stressed,-0.81,-15604,dir,-3617.81,103.1,103.11,103.1111,1.10,1.33,0.05,chop,0.54,normal,0.59,-1500,mm,-766.97,28.53,28.55,28.5447,2.68,0.49,1.00,mixed,0.29,stressed,0.60,0,mm,-3142.05
59.930,25,560.5,-7619.23,-7619.23,17104,-17104,176.51,176.52,176.5531,-10.30,0.51,1.00,TREND,-1.04,stressed,-0.81,-15604,dir,-3617.81,103.1,103.11,103.1110,1.04,1.33,0.05,chop,0.54,normal,0.59,-1500,mm,-766.97,28.52,28.54,28.5442,2.53,0.49,1.00,mixed,0.29,stressed,0.60,0,mm,-3142.05
59.976,25,560.5,-7619.23,-7619.23,17104,-17104,176.51,176.52,176.5525,-10.28,0.51,1.00,TREND,-1.04,stressed,-0.81,-15604,dir,-3617.81,103.1,103.11,103.1109,1.02,1.33,0.05,chop,0.54,normal,0.59,-1500,mm,-766.97,28.52,28.54,28.5440,2.47,0.49,1.00,mixed,0.29,stressed,0.60,0,mm,-3142.05
60.038,25,560.5,-7619.23,-7619.23,17104,-17104,176.51,176.52,176.5517,-10.24,0.51,1.00,TREND,-1.04,stressed,-0.81,-15604,dir,-3617.81,103.1,103.11,103.1107,0.98,1.33,0.05,chop,0.54,normal,0.59,-1500,mm,-766.97,28.52,28.54,28.5437,2.39,0.49,1.00,mixed,0.29,stressed,0.60,0,mm,-3142.05
60.094,25,560.5,-7619.23,-7619.23,17104,-17104,176.51,176.52,176.5510,-10.21,0.51,1.00,TREND,-1.05,stressed,-0.81,-15604,dir,-3617.81,103.1,103.11,103.1106,0.95,1.33,0.05,chop,0.53,normal,0.59,-1500,mm,-766.97,28.52,28.54,28.5435,2.31,0.49,1.00,mixed,0.23,stressed,0.60,0,mm,-3142.05
60.142,25,560.5,-7619.23,-7619.23,17304,-17104,176.5,176.52,176.5504,-10.20,0.51,1.00,TREND,-1.05,stressed,-0.81,-15604,dir,-3617.81,103.07,103.11,103.1103,0.87,1.33,0.05,chop,0.53,normal,0.59,-1600,mm,-767.17,28.51,28.53,28.5431,2.22,0.49,1.00,mixed,0.23,stressed,0.60,100,mm,-3142.94
60.315,25,560.5,-7619.23,-7619.23,17304,-17104,176.5,176.52,176.5482,-10.15,0.51,1.00,TREND,-1.05,stressed,-0.81,-15604,dir,-3617.81,103.07,103.11,103.1092,0.60,1.33,0.05,chop,0.53,normal,0.59,-1600,mm,-767.17,28.51,28.53,28.5418,1.90,0.49,1.00,mixed,0.23,stressed,0.60,100,mm,-3142.94
60.359,25,566.6,-7619.23,-7619.23,17304,-17104,176.5,176.52,176.5476,-10.13,0.47,1.00,TREND,-1.06,stressed,-0.81,-15604,dir,-3617.81,103.07,103.11,103.1089,0.53,1.33,0.09,chop,0.15,normal,0.59,-1600,mm,-767.17,28.51,28.53,28.5415,1.82,0.62,1.00,mixed,0.19,stressed,0.60,100,mm,-3142.94
60.400,25,566.6,-7619.23,-7619.23,17904,-15904,176.49,176.52,176.5470,-10.13,0.47,1.00,TREND,-1.06,stressed,-0.81,-15604,dir,-3617.81,103.08,103.1,103.1087,0.48,1.33,0.09,chop,0.15,normal,0.59,-1300,mm,-745.77,28.49,28.52,28.5410,1.71,0.62,1.00,mixed,0.19,stressed,0.60,1000,mm,-3161.95
60.445,25,566.6,-7619.23,-7619.23,17904,-15904,176.49,176.52,176.5464,-10.13,0.47,1.00,TREND,-1.06,stressed,-0.81,-15604,dir,-3617.81,103.08,103.1,103.1084,0.42,1.33,0.09,chop,0.15,normal,0.59,-1300,mm,-745.77,28.49,28.52,28.5405,1.58,0.62,1.00,mixed,0.19,stressed,0.60,1000,mm,-3161.95
60.495,25,566.6,-7619.23,-7619.23,17904,-15904,176.49,176.52,176.5458,-10.12,0.47,1.00,TREND,-1.06,stressed,-0.81,-15604,dir,-3617.81,103.08,103.1,103.1081,0.36,1.33,0.09,chop,0.15,normal,0.59,-1300,mm,-745.77,28.49,28.52,28.5399,1.45,0.62,1.00,mixed,0.19,stressed,0.60,1000,mm,-3161.95
60.521,25,566.6,-7619.23,-7619.23,17904,-15904,176.49,176.52,176.5454,-10.12,0.47,1.00,TREND,-1.06,stressed,-0.81,-15604,dir,-3617.81,103.08,103.1,103.1079,0.33,1.33,0.09,chop,0.15,normal,0.59,-1300,mm,-745.77,28.49,28.52,28.5396,1.39,0.62,1.00,mixed,0.19,stressed,0.60,1000,mm,-3161.95
60.618,25,566.6,-7619.23,-7619.23,17904,-15904,176.49,176.52,176.5442,-10.10,0.47,1.00,TREND,-1.09,stressed,-0.81,-15604,dir,-3617.81,103.08,103.1,103.1074,0.23,1.33,0.02,chop,0.12,calm,0.59,-1300,mm,-745.77,28.49,28.52,28.5385,1.16,0.62,1.00,mixed,0.11,stressed,0.60,1000,mm,-3161.95
60.672,25,566.6,-7619.23,-7619.23,17904,-15904,176.48,176.51,176.5433,-10.13,0.47,1.00,TREND,-1.09,stressed,-0.81,-15604,dir,-3617.81,103.09,103.11,103.1072,0.22,1.33,0.02,chop,0.12,calm,0.59,-1300,mm,-745.77,28.49,28.51,28.5378,1.02,0.62,1.00,mixed,0.11,stressed,0.60,1000,mm,-3161.95
60.703,25,566.6,-7619.23,-7619.23,17904,-15904,176.48,176.51,176.5428,-10.14,0.47,1.00,TREND,-1.09,stressed,-0.81,-15604,dir,-3617.81,103.09,103.11,103.1072,0.21,1.33,0.02,chop,0.12,calm,0.59,-1300,mm,-745.77,28.49,28.51,28.5375,0.94,0.62,1.00,mixed,0.11,stressed,0.60,1000,mm,-3161.95
60.825,25,566.6,-7619.23,-7619.23,17904,-15904,176.48,176.51,176.5409,-10.19,0.47,1.00,TREND,-1.09,stressed,-0.81,-15604,dir,-3617.81,103.09,103.11,103.1069,0.20,1.33,0.02,chop,0.12,calm,0.59,-1300,mm,-745.77,28.49,28.51,28.5360,0.66,0.62,1.00,mixed,0.11,stressed,0.60,1000,mm,-3161.95
60.922,26,548.1,-7529.15,-7529.15,18104,-15704,176.48,176.49,176.5391,-10.28,0.59,1.00,TREND,-1.24,stressed,-0.99,-15604,dir,-2993.65,103.06,103.09,103.1059,-0.02,1.32,0.02,chop,-0.37,calm,0.47,-1300,mm,-693.77,28.03,28.46,28.5360,0.66,0.62,1.00,mixed,0.11,stressed,0.60,1200,mm,-3841.73
61.078,26,548.1,-7529.15,-7529.15,18104,-15704,176.48,176.49,176.5364,-10.39,0.59,1.00,TREND,-1.24,stressed,-0.99,-15604,dir,-2993.65,103.06,103.09,103.1043,-0.31,1.32,0.02,chop,-0.37,calm,0.47,-1300,mm,-693.77,28.03,28.46,28.5360,0.66,0.62,1.00,mixed,0.11,stressed,0.60,1200,mm,-3841.73
61.110,26,548.1,-7529.15,-7529.15,18104,-15704,176.48,176.49,176.5358,-10.41,0.59,1.00,TREND,-1.24,stressed,-0.99,-15604,dir,-2993.65,103.06,103.09,103.1040,-0.37,1.32,0.02,chop,-0.37,calm,0.47,-1300,mm,-693.77,28.03,28.46,28.5360,0.66,0.62,1.00,mixed,0.11,stressed,0.60,1200,mm,-3841.73
61.184,26,548.1,-7529.15,-7529.15,16904,-16904,176.48,176.49,176.5346,-10.44,0.59,1.00,TREND,-1.27,stressed,-0.99,-15604,dir,-2993.65,103.06,103.08,103.1032,-0.52,1.32,0.02,chop,-0.60,calm,0.47,-1300,mm,-693.77,28.01,28.28,28.5360,0.66,0.62,1.00,mixed,0.11,stressed,0.60,0,mm,-3555.53
61.326,26,548.1,-7529.15,-7529.15,16904,-16904,176.48,176.49,176.5323,-10.48,0.59,1.00,TREND,-1.27,stressed,-0.99,-15604,dir,-2993.65,103.06,103.08,103.1016,-0.77,1.32,0.02,chop,-0.60,calm,0.47,-1300,mm,-693.77,28.01,28.28,28.5360,0.66,0.62,1.00,mixed,0.11,stressed,0.60,0,mm,-3555.53
61.410,26,553.5,-7529.15,-7529.15,16904,-16904,176.48,176.49,176.5310,-10.48,0.59,1.00,TREND,-1.27,stressed,-0.99,-15604,dir,-2993.65,103.06,103.08,103.1008,-0.90,1.32,0.02,chop,-0.60,calm,0.47,-1300,mm,-693.77,28.01,28.28,28.5360,0.66,0.62,1.00,mixed,0.11,stressed,0.60,0,mm,-3555.53
61.477,26,553.5,-7529.15,-7529.15,17304,-17304,176.45,176.47,176.5295,-10.62,0.68,1.00,TREND,-1.47,stressed,-0.99,-15604,dir,-2993.65,103.07,103.1,103.1004,-0.92,1.30,0.04,chop,-0.18,calm,0.47,-1700,mm,-754.57,27.95,27.99,28.5237,-2.43,5.04,1.00,TREND,-2.28,stressed,0.60,0,mm,-3555.53
61.620,26,553.5,-7529.15,-7529.15,17304,-17304,176.45,176.47,176.5262,-10.87,0.68,1.00,TREND,-1.47,stressed,-0.99,-15604,dir,-2993.65,103.07,103.1,103.0997,-0.94,1.30,0.04,chop,-0.18,calm,0.47,-1700,mm,-754.57,27.95,27.99,28.4979,-8.41,5.04,1.00,TREND,-2.28,stressed,0.60,0,mm,-3555.53
61.706,26,553.5,-7529.15,-7529.15,17904,-17904,176.45,176.47,176.5244,-10.99,0.68,1.00,TREND,-1.47,stressed,-0.99,-15604,dir,-2993.65,103.08,103.09,103.0993,-0.94,1.30,0.04,chop,-0.18,calm,0.47,-1400,mm,-732.17,27.96,28.01,28.4834,-11.45,5.04,1.00,TREND,-2.28,stressed,0.60,-900,mm,-3563.54
61.988,26,553.5,-7529.15,-7529.15,17904,-17904,176.45,176.46,176.5182,-11.35,0.66,1.00,TREND,-1.60,stressed,-0.99,-15604,dir,-2993.65,103.08,103.11,103.0989,-0.75,1.28,0.07,chop,0.14,calm,0.47,-1400,mm,-732.17,27.95,28.0,28.4382,-19.63,5.05,0.98,TREND,-2.27,stressed,0.60,-900,mm,-3563.54
62.046,26,560.4,-7529.15,-7529.15,17904,-17904,176.45,176.46,176.5170,-11.40,0.66,1.00,TREND,-1.60,stressed,-0.99,-15604,dir,-2993.65,103.08,103.11,103.0988,-0.72,1.28,0.07,chop,0.14,calm,0.47,-1400,mm,-732.17,27.95,28.0,28.4295,-21.00,5.05,0.98,TREND,-2.27,stressed,0.60,-900,mm,-3563.54
62.075,26,560.4,-7529.15,-7529.15,17904,-17904,176.45,176.46,176.5164,-11.42,0.66,1.00,TREND,-1.60,stressed,-0.99,-15604,dir,-2993.65,103.08,103.11,103.0988,-0.70,1.28,0.07,chop,0.14,calm,0.47,-1400,mm,-732.17,27.95,28.0,28.4250,-21.68,5.05,0.98,TREND,-2.27,stressed,0.60,-900,mm,-3563.54
62.115,26,560.4,-7529.15,-7529.15,17904,-17904,176.45,176.46,176.5156,-11.44,0.66,1.00,TREND,-1.60,stressed,-0.99,-15604,dir,-2993.65,103.08,103.11,103.0987,-0.68,1.28,0.07,chop,0.14,calm,0.47,-1400,mm,-732.17,27.95,28.0,28.4191,-22.54,5.05,0.98,TREND,-2.27,stressed,0.60,-900,mm,-3563.54
62.194,26,560.4,-7529.15,-7529.15,17904,-17904,176.45,176.46,176.5140,-11.49,0.66,1.00,TREND,-1.60,stressed,-0.99,-15604,dir,-2993.65,103.09,103.1,103.0987,-0.64,1.28,0.07,chop,0.14,calm,0.47,-1400,mm,-732.17,27.83,27.93,28.4052,-24.74,5.05,0.98,TREND,-2.27,stressed,0.60,-900,mm,-3563.54
62.529,26,560.4,-7529.15,-7529.15,17904,-17904,176.45,176.46,176.5079,-11.54,0.68,1.00,TREND,-1.85,stressed,-0.99,-15604,dir,-2993.65,103.09,103.11,103.0988,-0.38,1.20,0.02,chop,0.31,calm,0.47,-1400,mm,-746.17,27.81,27.92,28.3489,-32.35,5.12,0.99,TREND,-2.78,stressed,0.60,-900,mm,-3491.54
62.802,26,568.7,-7529.15,-7529.15,16904,-16904,176.45,176.46,176.5034,-11.48,0.68,1.00,TREND,-1.81,stressed,-0.99,-15604,dir,-2993.65,103.09,103.1,103.0985,-0.33,1.20,0.00,chop,0.12,calm,0.47,-400,mm,-738.17,27.81,27.91,28.3071,-36.59,5.12,0.99,TREND,-2.67,stressed,0.60,-900,mm,-3491.54
62.969,26,568.7,-7529.15,-7529.15,17004,-16004,176.45,176.46,176.5008,-11.40,0.68,1.00,TREND,-1.81,stressed,-0.99,-15604,dir,-2525.53,103.08,103.1,103.0980,-0.37,1.20,0.00,chop,0.12,calm,0.47,500,mm,-736.59,27.83,27.9,28.2835,-38.41,5.12,0.99,TREND,-2.67,stressed,0.60,-900,mm,-3482.54
63.070,26,568.7,-7529.15,-7529.15,17004,-16004,176.45,176.46,176.4993,-11.34,0.69,1.00,TREND,-1.83,stressed,-0.99,-15604,dir,-2525.53,103.08,103.1,103.0978,-0.39,1.17,0.02,chop,-0.08,calm,0.47,500,mm,-736.59,27.83,27.9,28.2700,-39.29,5.08,0.97,TREND,-2.54,stressed,0.60,-900,mm,-3482.54
63.102,26,568.7,-7529.15,-7529.15,17004,-16004,176.45,176.46,176.4988,-11.32,0.69,1.00,TREND,-1.83,stressed,-0.99,-15604,dir,-2525.53,103.08,103.1,103.0977,-0.40,1.17,0.02,chop,-0.08,calm,0.47,500,mm,-736.59,27.83,27.9,28.2656,-39.54,5.08,0.97,TREND,-2.54,stressed,0.60,-900,mm,-3482.54
63.135,26,568.7,-7529.15,-7529.15,17004,-16004,176.45,176.46,176.4983,-11.30,0.69,1.00,TREND,-1.83,stressed,-0.99,-15604,dir,-2525.53,103.08,103.1,103.0976,-0.40,1.17,0.02,chop,-0.08,calm,0.47,500,mm,-736.59,27.83,27.9,28.2613,-39.79,5.08,0.97,TREND,-2.54,stressed,0.60,-900,mm,-3482.54
63.190,26,568.7,-7529.15,-7529.15,17004,-16004,176.45,176.46,176.4976,-11.27,0.69,1.00,TREND,-1.83,stressed,-0.99,-15604,dir,-2525.53,103.09,103.1,103.0975,-0.39,1.17,0.02,chop,-0.08,calm,0.47,500,mm,-736.59,27.81,27.82,28.2534,-40.39,5.08,0.97,TREND,-2.54,stressed,0.60,-900,mm,-3482.54
63.208,26,568.7,-7529.15,-7529.15,17004,-16004,176.45,176.46,176.4973,-11.25,0.69,1.00,TREND,-1.83,stressed,-0.99,-15604,dir,-2525.53,103.09,103.1,103.0975,-0.38,1.17,0.02,chop,-0.08,calm,0.47,500,mm,-736.59,27.81,27.82,28.2508,-40.58,5.08,0.97,TREND,-2.54,stressed,0.60,-900,mm,-3482.54
63.273,26,568.7,-7529.15,-7529.15,17004,-16004,176.45,176.46,176.4964,-11.21,0.69,1.00,TREND,-1.83,stressed,-0.99,-15604,dir,-2525.53,103.09,103.1,103.0975,-0.37,1.17,0.02,chop,-0.08,calm,0.47,500,mm,-736.59,27.81,27.82,28.2416,-41.21,5.08,0.97,TREND,-2.54,stressed,0.60,-900,mm,-3482.54
63.292,27,550.0,-6736.82,-6736.82,17004,-16004,176.45,176.46,176.4962,-11.19,0.69,1.00,TREND,-1.83,stressed,-1.30,-15604,dir,-2525.53,103.09,103.1,103.0975,-0.36,1.17,0.02,chop,-0.08,calm,0.61,500,mm,-736.59,27.81,27.82,28.2389,-41.38,5.08,0.97,TREND,-2.54,stressed,-0.17,-900,mm,-3482.54
63.337,27,550.0,-6736.82,-6736.82,17004,-16004,176.45,176.46,176.4956,-11.16,0.69,1.00,TREND,-1.88,stressed,-1.30,-15604,dir,-2525.53,103.09,103.1,103.0974,-0.35,1.17,0.04,chop,0.09,calm,0.61,500,mm,-736.59,27.81,27.82,28.2326,-41.77,5.08,0.97,TREND,-3.55,stressed,-0.17,-900,mm,-3482.54
63.386,27,550.0,-6736.82,-6736.82,17004,-16004,176.45,176.46,176.4949,-11.12,0.69,1.00,TREND,-1.88,stressed,-1.30,-15604,dir,-2525.53,103.09,103.1,103.0974,-0.34,1.17,0.04,chop,0.09,calm,0.61,500,mm,-736.59,27.81,27.82,28.2259,-42.15,5.08,0.97,TREND,-3.55,stressed,-0.17,-900,mm,-3482.54
63.413,27,550.0,-6736.82,-6736.82,17004,-16004,176.45,176.46,176.4946,-11.10,0.69,1.00,TREND,-1.88,stressed,-1.30,-15604,dir,-2525.53,103.09,103.1,103.0974,-0.34,1.17,0.04,chop,0.09,calm,0.61,500,mm,-736.59,27.81,27.82,28.2225,-42.34,5.08,0.97,TREND,-3.55,stressed,-0.17,-900,mm,-3482.54
63.463,27,550.0,-6736.82,-6736.82,17004,-16004,176.44,176.46,176.4938,-11.08,0.69,1.00,TREND,-1.88,stressed,-1.30,-15604,dir,-2525.53,103.07,103.1,103.0972,-0.37,1.17,0.04,chop,0.09,calm,0.61,500,mm,-736.59,27.81,27.82,28.2155,-42.69,5.08,0.97,TREND,-3.55,stressed,-0.17,-900,mm,-3482.54
63.521,27,550.0,-6736.82,-6736.82,17004,-16004,176.44,176.46,176.4930,-11.05,0.69,1.00,TREND,-1.88,stressed,-1.30,-15604,dir,-2525.53,103.07,103.1,103.0969,-0.41,1.17,0.04,chop,0.09,calm,0.61,500,mm,-736.59,27.81,27.82,28.2079,-43.04,5.08,0.97,TREND,-3.55,stressed,-0.17,-900,mm,-3482.54
63.588,27,550.0,-6736.82,-6736.82,17004,-16004,176.44,176.46,176.4920,-11.01,0.65,1.00,TREND,-1.90,stressed,-1.30,-15604,dir,-2525.53,103.07,103.1,103.0967,-0.45,1.09,0.11,chop,-0.30,calm,0.61,500,mm,-736.59,27.81,27.82,28.1992,-43.40,4.60,0.97,TREND,-3.30,stressed,-0.17,-900,mm,-3482.54
63.617,27,550.0,-6736.82,-6736.82,17004,-16004,176.44,176.46,176.4916,-11.00,0.65,1.00,TREND,-1.90,stressed,-1.30,-15604,dir,-2525.53,103.07,103.1,103.0965,-0.46,1.09,0.11,chop,-0.30,calm,0.61,500,mm,-736.59,27.81,27.82,28.1956,-43.54,4.60,0.97,TREND,-3.30,stressed,-0.17,-900,mm,-3482.54
63.658,27,550.0,-6736.82,-6736.82,17004,-16004,176.44,176.46,176.4911,-10.97,0.65,1.00,TREND,-1.90,stressed,-1.30,-15604,dir,-2525.53,103.07,103.1,103.0964,-0.48,1.09,0.11,chop,-0.30,calm,0.61,500,mm,-736.59,27.81,27.82,28.1904,-43.73,4.60,0.97,TREND,-3.30,stressed,-0.17,-900,mm,-3482.54
63.677,27,550.0,-6736.82,-6736.82,17004,-16004,176.44,176.46,176.4908,-10.96,0.65,1.00,TREND,-1.90,stressed,-1.30,-15604,dir,-2525.53,103.07,103.1,103.0963,-0.49,1.09,0.11,chop,-0.30,calm,0.61,500,mm,-736.59,27.81,27.82,28.1880,-43.80,4.60,0.97,TREND,-3.30,stressed,-0.17,-900,mm,-3482.54
63.848,27,550.0,-6736.82,-6736.82,17004,-16004,176.44,176.45,176.4883,-10.92,0.65,1.00,TREND,-1.95,stressed,-1.30,-15604,dir,-2525.53,103.03,103.04,103.0930,-1.24,1.09,0.29,mixed,-2.19,calm,0.61,500,mm,-736.59,27.81,27.82,28.1677,-44.36,4.60,0.97,TREND,-3.10,stressed,-0.17,-900,mm,-3482.54
63.990,27,557.3,-6736.82,-6736.82,17004,-16004,176.44,176.45,176.4863,-10.86,0.65,1.00,TREND,-1.95,stressed,-1.30,-15604,dir,-2525.53,103.03,103.04,103.0903,-1.77,1.09,0.29,mixed,-2.19,calm,0.61,500,mm,-736.59,27.81,27.82,28.1514,-44.64,4.60,0.97,TREND,-3.10,stressed,-0.17,-900,mm,-3482.54
64.098,27,557.3,-6736.82,-6736.82,17004,-16004,176.44,176.45,176.4849,-10.81,0.61,1.00,TREND,-1.90,stressed,-1.30,-15604,dir,-2525.53,103.03,103.04,103.0884,-2.11,1.42,0.29,mixed,-2.13,normal,0.61,500,mm,-736.59,27.81,27.82,28.1396,-44.76,4.56,0.97,TREND,-2.93,stressed,-0.17,-900,dir,-3482.54
64.133,27,557.3,-6736.82,-6736.82,17004,-16004,176.44,176.45,176.4844,-10.79,0.61,1.00,TREND,-1.90,stressed,-1.30,-15604,dir,-2525.53,103.03,103.04,103.0878,-2.21,1.42,0.29,mixed,-2.13,normal,0.61,500,mm,-736.59,27.81,27.82,28.1360,-44.78,4.56,0.97,TREND,-2.93,stressed,-0.17,-900,dir,-3482.54
64.154,27,557.3,-6736.82,-6736.82,17004,-16004,176.44,176.45,176.4841,-10.77,0.61,1.00,TREND,-1.90,stressed,-1.30,-15604,dir,-2525.53,103.03,103.04,103.0874,-2.27,1.42,0.29,mixed,-2.13,normal,0.61,500,mm,-736.59,27.81,27.82,28.1336,-44.79,4.56,0.97,TREND,-2.93,stressed,-0.17,-900,dir,-3482.54
64.207,27,557.3,-6736.82,-6736.82,17566,-17566,176.44,176.45,176.4834,-10.74,0.61,1.00,TREND,-1.90,stressed,-1.30,-15604,dir,-2525.53,103.04,103.08,103.0869,-2.30,1.42,0.29,mixed,-2.13,normal,0.61,0,mm,-765.89,27.77,27.82,28.1277,-44.89,4.56,0.97,TREND,-2.93,stressed,-0.17,-1962,dir,-3447.23
64.402,27,557.3,-6736.82,-6736.82,17566,-17566,176.44,176.45,176.4811,-10.61,0.61,1.00,TREND,-1.87,stressed,-1.30,-15604,dir,-2525.53,103.04,103.08,103.0852,-2.39,1.42,0.19,chop,-1.18,normal,0.61,0,mm,-765.89,27.77,27.82,28.1070,-45.09,4.56,0.97,TREND,-2.86,stressed,-0.17,-1962,dir,-3447.23
64.426,27,557.3,-6736.82,-6736.82,17566,-17566,176.44,176.45,176.4808,-10.59,0.61,1.00,TREND,-1.87,stressed,-1.30,-15604,dir,-2525.53,103.04,103.08,103.0850,-2.40,1.42,0.19,chop,-1.18,normal,0.61,0,mm,-765.89,27.77,27.82,28.1047,-45.10,4.56,0.97,TREND,-2.86,stressed,-0.17,-1962,dir,-3447.23
64.453,27,562.2,-6736.82,-6736.82,17566,-17566,176.44,176.45,176.4805,-10.57,0.61,1.00,TREND,-1.87,stressed,-1.30,-15604,dir,-2525.53,103.04,103.08,103.0848,-2.41,1.42,0.19,chop,-1.18,normal,0.61,0,mm,-765.89,27.77,27.82,28.1018,-45.10,4.56,0.97,TREND,-2.86,stressed,-0.17,-1962,dir,-3447.23
64.500,27,562.2,-6736.82,-6736.82,17566,-17566,176.44,176.45,176.4799,-10.54,0.61,1.00,TREND,-1.87,stressed,-1.30,-15604,dir,-2525.53,103.05,103.06,103.0843,-2.45,1.42,0.19,chop,-1.18,normal,0.61,0,mm,-765.89,27.77,27.81,28.0970,-45.12,4.56,0.97,TREND,-2.86,stressed,-0.17,-1962,dir,-3447.23
64.566,27,562.2,-6736.82,-6736.82,17566,-17566,176.44,176.45,176.4792,-10.48,0.61,1.00,TREND,-1.87,stressed,-1.30,-15604,dir,-2525.53,103.05,103.06,103.0837,-2.49,1.42,0.19,chop,-1.18,normal,0.61,0,mm,-765.89,27.77,27.81,28.0905,-45.13,4.56,0.97,TREND,-2.86,stressed,-0.17,-1962,dir,-3447.23
64.591,27,562.2,-6736.82,-6736.82,17566,-17566,176.44,176.45,176.4789,-10.46,0.61,1.00,TREND,-1.87,stressed,-1.30,-15604,dir,-2525.53,103.05,103.06,103.0835,-2.51,1.42,0.19,chop,-1.18,normal,0.61,0,mm,-765.89,27.77,27.81,28.0880,-45.13,4.56,0.97,TREND,-2.86,stressed,-0.17,-1962,dir,-3447.23
64.624,27,562.2,-6736.82,-6736.82,17566,-17566,176.44,176.45,176.4785,-10.44,0.62,1.00,TREND,-1.87,stressed,-1.30,-15604,dir,-2525.53,103.05,103.06,103.0832,-2.53,1.51,0.19,chop,-1.18,normal,0.61,0,mm,-765.89,27.77,27.81,28.0848,-45.12,4.27,0.97,TREND,-2.86,stressed,-0.17,-1962,dir,-3447.23
64.655,27,562.2,-6736.82,-6736.82,17566,-17566,176.44,176.45,176.4782,-10.41,0.62,1.00,TREND,-1.84,stressed,-1.30,-15604,dir,-2525.53,103.05,103.06,103.0829,-2.55,1.51,0.18,chop,-1.37,calm,0.61,0,mm,-765.89,27.77,27.81,28.0818,-45.10,4.27,0.97,TREND,-2.74,stressed,-0.17,-1962,dir,-3447.23
64.670,27,562.2,-6736.82,-6736.82,17566,-17566,176.44,176.45,176.4780,-10.40,0.62,1.00,TREND,-1.84,stressed,-1.30,-15604,dir,-2525.53,103.05,103.06,103.0828,-2.56,1.51,0.18,chop,-1.37,calm,0.61,0,mm,-765.89,27.77,27.81,28.0804,-45.09,4.27,0.97,TREND,-2.74,stressed,-0.17,-1962,dir,-3447.23
64.864,27,562.2,-6736.82,-6736.82,17566,-17566,176.44,176.45,176.4760,-10.23,0.62,1.00,TREND,-1.84,stressed,-1.30,-15604,dir,-2525.53,103.05,103.06,103.0810,-2.65,1.51,0.18,chop,-1.37,calm,0.61,0,mm,-765.89,27.78,27.8,28.0624,-44.89,4.27,0.97,TREND,-2.74,stressed,-0.17,-1962,dir,-3447.23
64.900,27,562.2,-6736.82,-6736.82,17566,-17566,176.44,176.45,176.4756,-10.20,0.62,1.00,TREND,-1.84,stressed,-1.30,-15604,dir,-2369.49,103.05,103.06,103.0807,-2.66,1.51,0.18,chop,-1.37,calm,0.61,0,mm,-765.89,27.78,27.8,28.0593,-44.83,4.27,0.97,TREND,-2.74,stressed,-0.17,-1962,dir,-3407.99
65.033,27,562.2,-6736.82,-6736.82,17566,-17566,176.44,176.45,176.4743,-10.08,0.62,1.00,TREND,-1.80,stressed,-1.30,-15604,dir,-2369.49,103.05,103.06,103.0796,-2.70,1.51,0.16,chop,-1.35,calm,0.61,0,mm,-765.89,27.77,27.8,28.0476,-44.64,4.27,0.97,TREND,-2.64,stressed,-0.17,-1962,dir,-3407.99
65.070,28,545.6,-6543.37,-6543.37,17566,-17566,176.44,176.45,176.4740,-10.04,0.62,1.00,TREND,-1.80,stressed,-1.98,-15604,dir,-2369.49,103.05,103.06,103.0793,-2.71,1.51,0.16,chop,-1.35,calm,0.78,0,mm,-765.89,27.77,27.8,28.0444,-44.58,4.27,0.97,TREND,-2.64,stressed,-0.22,-1962,dir,-3407.99
65.211,28,545.6,-6543.37,-6543.37,17566,-17566,176.44,176.45,176.4726,-9.91,0.61,1.00,TREND,-1.80,stressed,-1.98,-15604,dir,-2369.49,103.05,103.06,103.0782,-2.74,1.39,0.16,chop,-1.35,calm,0.78,0,mm,-765.89,27.77,27.8,28.0324,-44.27,4.16,0.97,TREND,-2.64,stressed,-0.22,-1962,dir,-3407.99
65.257,28,545.6,-6543.37,-6543.37,17666,-17666,176.43,176.45,176.4721,-9.88,0.61,1.00,TREND,-1.80,stressed,-1.98,-15604,dir,-2369.49,103.06,103.08,103.0781,-2.69,1.39,0.16,chop,-1.35,calm,0.78,-100,mm,-766.09,27.77,27.79,28.0286,-44.18,4.16,0.97,TREND,-2.64,stressed,-0.22,-1962,dir,-3407.99
65.486,28,545.6,-6543.37,-6543.37,17666,-17666,176.43,176.45,176.4698,-9.74,0.61,1.00,TREND,-1.83,stressed,-1.98,-15604,dir,-2369.49,103.06,103.08,103.0775,-2.46,1.39,0.08,chop,-0.83,calm,0.78,-100,mm,-766.09,27.77,27.79,28.0103,-43.64,4.16,0.97,TREND,-2.55,stressed,-0.22,-1962,dir,-3407.99
65.581,28,545.6,-6543.37,-6543.37,17666,-17666,176.42,176.45,176.4687,-9.71,0.61,1.00,TREND,-1.83,stressed,-1.98,-15604,dir,-2369.49,103.06,103.07,103.0771,-2.41,1.39,0.08,chop,-0.83,calm,0.78,-100,mm,-766.09,27.77,27.79,28.0032,-43.37,4.16,0.97,TREND,-2.55,stressed,-0.22,-1962,dir,-3407.99
65.677,28,551.7,-6543.37,-6543.37,17666,-17666,176.42,176.45,176.4676,-9.67,0.61,1.00,TREND,-1.83,stressed,-1.98,-15604,dir,-2369.49,103.06,103.07,103.0767,-2.37,1.39,0.08,chop,-0.83,calm,0.78,-100,mm,-766.09,27.77,27.79,27.9962,-43.08,4.16,0.97,TREND,-2.55,stressed,-0.22,-1962,dir,-3407.99
65.698,28,551.7,-6543.37,-6543.37,17666,-17666,176.42,176.45,176.4674,-9.66,0.61,1.00,TREND,-1.83,stressed,-1.98,-15604,dir,-2369.49,103.06,103.07,103.0766,-2.36,1.39,0.08,chop,-0.83,calm,0.78,-100,mm,-766.09,27.77,27.79,27.9947,-43.02,4.16,0.97,TREND,-2.55,stressed,-0.22,-1962,dir,-3407.99
65.723,28,551.7,-6543.37,-6543.37,17666,-17666,176.42,176.45,176.4671,-9.65,0.59,1.00,TREND,-1.83,stressed,-1.98,-15604,dir,-2369.49,103.06,103.07,103.0766,-2.35,1.37,0.08,chop,-0.83,calm,0.78,-100,mm,-766.09,27.77,27.79,27.9929,-42.94,4.04,0.97,TREND,-2.55,stressed,-0.22,-1962,dir,-3407.99
65.836,28,551.7,-6543.37,-6543.37,18966,-18966,176.42,176.45,176.4660,-9.60,0.59,1.00,TREND,-1.84,stressed,-1.98,-15604,dir,-2369.49,103.06,103.07,103.0761,-2.30,1.37,0.11,chop,-1.01,calm,0.78,-100,mm,-766.09,27.77,27.78,27.9849,-42.62,4.04,0.97,TREND,-2.47,stressed,-0.22,-3262,dir,-3416.32
65.905,28,551.7,-6543.37,-6543.37,18966,-18966,176.42,176.45,176.4653,-9.56,0.59,1.00,TREND,-1.84,stressed,-1.98,-15604,dir,-2369.49,103.06,103.07,103.0759,-2.28,1.37,0.11,chop,-1.01,calm,0.78,-100,mm,-766.09,27.77,27.78,27.9802,-42.41,4.04,0.97,TREND,-2.47,stressed,-0.22,-3262,dir,-3416.32
65.975,28,551.7,-6543.37,-6543.37,18966,-18966,176.42,176.45,176.4646,-9.52,0.59,1.00,TREND,-1.84,stressed,-1.98,-15604,dir,-2369.49,103.06,103.07,103.0756,-2.25,1.37,0.11,chop,-1.01,calm,0.78,-100,mm,-766.09,27.77,27.78,27.9755,-42.19,4.04,0.97,TREND,-2.47,stressed,-0.22,-3262,dir,-3416.32
66.030,28,551.7,-6543.37,-6543.37,18866,-18866,176.43,176.44,176.4640,-9.49,0.59,1.00,TREND,-1.84,stressed,-1.98,-15604,dir,-2369.49,103.07,103.08,103.0756,-2.18,1.37,0.11,chop,-1.01,calm,0.78,0,mm,-764.29,27.77,27.8,27.9720,-41.96,4.04,0.97,TREND,-2.47,stressed,-0.22,-3262,dir,-3416.32
66.056,28,551.7,-6543.37,-6543.37,18866,-18866,176.43,176.44,176.4638,-9.47,0.59,1.00,TREND,-1.84,stressed,-1.98,-15604,dir,-2369.49,103.07,103.08,103.0756,-2.15,1.37,0.11,chop,-1.01,calm,0.78,0,mm,-764.29,27.77,27.8,27.9704,-41.86,4.04,0.97,TREND,-2.47,stressed,-0.22,-3262,dir,-3416.32
66.106,28,551.7,-6543.37,-6543.37,18866,-18866,176.43,176.44,176.4633,-9.44,0.59,1.00,TREND,-1.80,stressed,-1.98,-15604,dir,-2369.49,103.07,103.08,103.0756,-2.09,1.37,0.09,chop,-0.63,calm,0.78,0,mm,-764.29,27.77,27.8,27.9675,-41.66,4.04,0.95,TREND,-2.35,stressed,-0.22,-3262,dir,-3416.32
66.127,28,551.7,-6543.37,-6543.37,18866,-18866,176.43,176.44,176.4631,-9.43,0.59,1.00,TREND,-1.80,stressed,-1.98,-15604,dir,-2369.49,103.07,103.08,103.0756,-2.07,1.37,0.09,chop,-0.63,calm,0.78,0,mm,-764.29,27.77,27.8,27.9662,-41.57,4.04,0.95,TREND,-2.35,stressed,-0.22,-3262,dir,-3416.32
66.163,28,556.6,-6543.37,-6543.37,18866,-18866,176.43,176.44,176.4628,-9.41,0.59,1.00,TREND,-1.80,stressed,-1.98,-15604,dir,-2369.49,103.07,103.08,103.0756,-2.03,1.37,0.09,chop,-0.63,calm,0.78,0,mm,-764.29,27.77,27.8,27.9641,-41.42,4.04,0.95,TREND,-2.35,stressed,-0.22,-3262,dir,-3416.32
66.192,28,556.6,-6543.37,-6543.37,18866,-18866,176.43,176.44,176.4625,-9.38,0.59,1.00,TREND,-1.80,stressed,-1.98,-15604,dir,-2369.49,103.07,103.08,103.0756,-2.00,1.37,0.09,chop,-0.63,calm,0.78,0,mm,-764.29,27.77,27.8,27.9623,-41.29,4.04,0.95,TREND,-2.35,stressed,-0.22,-3262,dir,-3416.32
66.213,28,556.6,-6543.37,-6543.37,18866,-18866,176.43,176.44,176.4623,-9.37,0.59,1.00,TREND,-1.80,stressed,-1.98,-15604,dir,-2369.49,103.07,103.08,103.0756,-1.98,1.37,0.09,chop,-0.63,calm,0.78,0,mm,-764.29,27.77,27.8,27.9611,-41.21,4.04,0.95,TREND,-2.35,stressed,-0.22,-3262,dir,-3416.32
66.285,28,556.6,-6543.37,-6543.37,18866,-18866,176.43,176.44,176.4617,-9.32,0.59,1.00,TREND,-1.80,stressed,-1.98,-15604,dir,-2369.49,103.07,103.08,103.0756,-1.91,1.34,0.09,chop,-0.63,calm,0.78,0,mm,-764.29,27.78,27.8,27.9571,-40.87,4.03,0.95,TREND,-2.35,stressed,-0.22,-3262,dir,-3416.32
66.364,28,556.6,-6543.37,-6543.37,18866,-18866,176.43,176.44,176.4610,-9.26,0.59,1.00,TREND,-1.76,stressed,-1.98,-15604,dir,-2369.49,103.07,103.08,103.0756,-1.83,1.34,0.09,chop,-0.63,calm,0.78,0,mm,-764.29,27.78,27.8,27.9528,-40.51,4.03,0.94,TREND,-2.25,stressed,-0.22,-3262,dir,-3416.32
66.418,28,556.6,-6543.37,-6543.37,18866,-18866,176.43,176.44,176.4605,-9.22,0.59,1.00,TREND,-1.76,stressed,-1.98,-15604,dir,-2369.49,103.07,103.08,103.0755,-1.79,1.34,0.09,chop,-0.63,calm,0.78,0,mm,-764.29,27.78,27.8,27.9499,-40.26,4.03,0.94,TREND,-2.25,stressed,-0.22,-3262,dir,-3416.32
66.472,28,556.6,-6543.37,-6543.37,18866,-18866,176.43,176.44,176.4601,-9.18,0.59,1.00,TREND,-1.76,stressed,-1.98,-15604,dir,-2369.49,103.07,103.08,103.0755,-1.74,1.34,0.09,chop,-0.63,calm,0.78,0,mm,-764.29,27.78,27.8,27.9471,-40.01,4.03,0.94,TREND,-2.25,stressed,-0.22,-3262,dir,-3416.32
66.510,28,556.6,-6543.37,-6543.37,18866,-18866,176.43,176.44,176.4598,-9.15,0.59,1.00,TREND,-1.76,stressed,-1.98,-15604,dir,-2369.49,103.07,103.08,103.0755,-1.71,1.34,0.09,chop,-0.63,calm,0.78,0,mm,-764.29,27.78,27.8,27.9452,-39.84,4.03,0.94,TREND,-2.25,stressed,-0.22,-3262,dir,-3416.32
66.544,28,556.6,-6543.37,-6543.37,18866,-18866,176.43,176.44,176.4595,-9.12,0.59,1.00,TREND,-1.76,stressed,-1.98,-15604,dir,-2369.49,103.07,103.08,103.0755,-1.68,1.34,0.09,chop,-0.63,calm,0.78,0,mm,-764.29,27.83,27.92,27.9444,-39.44,4.03,0.94,TREND,-2.25,stressed,-0.22,-3262,dir,-3416.32
66.563,28,556.6,-6543.37,-6543.37,18866,-18866,176.43,176.44,176.4593,-9.11,0.59,1.00,TREND,-1.76,stressed,-1.98,-15604,dir,-2369.49,103.07,103.08,103.0755,-1.67,1.34,0.09,chop,-0.63,calm,0.78,0,mm,-764.29,27.83,27.92,27.9439,-39.21,4.03,0.94,TREND,-2.25,stressed,-0.22,-3262,dir,-3416.32
66.609,28,556.6,-6543.37,-6543.37,18866,-18866,176.43,176.44,176.4590,-9.07,0.59,1.00,TREND,-1.76,stressed,-1.98,-15604,dir,-2369.49,103.07,103.08,103.0755,-1.64,1.34,0.09,chop,-0.63,calm,0.78,0,mm,-764.29,27.83,27.92,27.9429,-38.71,4.03,0.94,TREND,-2.25,stressed,-0.22,-3262,dir,-3416.32
66.641,28,556.6,-6543.37,-6543.37,18866,-18866,176.43,176.44,176.4587,-9.05,0.59,1.00,TREND,-1.72,stressed,-1.98,-15604,dir,-2369.49,103.07,103.08,103.0755,-1.61,1.34,0.13,chop,-0.62,calm,0.78,0,mm,-764.29,27.83,27.92,27.9422,-38.33,4.03,0.75,TREND,-1.90,stressed,-0.22,-3262,dir,-3416.32
66.742,28,562.4,-6543.37,-6543.37,18866,-18866,176.43,176.44,176.4580,-8.96,0.59,1.00,TREND,-1.72,stressed,-1.98,-15604,dir,-2369.49,103.07,103.08,103.0755,-1.55,1.34,0.13,chop,-0.62,calm,0.78,0,mm,-764.29,27.83,27.92,27.9400,-37.27,4.03,0.75,TREND,-1.90,stressed,-0.22,-3262,dir,-3416.32
66.939,28,562.4,-6543.37,-6543.37,18866,-18866,176.43,176.44,176.4565,-8.80,0.58,1.00,TREND,-1.69,stressed,-1.98,-15604,dir,-2213.45,103.02,103.08,103.0739,-1.82,1.43,0.24,chop,-1.53,calm,0.78,0,mm,-764.29,27.94,28.02,27.9425,-33.74,5.61,0.57,TREND,-1.51,stressed,-0.22,-3262,dir,-4166.58
67.062,28,562.4,-6543.37,-6543.37,20438,-20438,176.42,176.44,176.4555,-8.74,0.58,1.00,TREND,-1.69,stressed,-1.98,-15604,dir,-2213.45,103.03,103.09,103.0733,-1.85,1.43,0.24,chop,-1.53,calm,0.78,-900,mm,-766.09,28.03,28.15,27.9425,-33.74,5.61,0.57,TREND,-1.51,stressed,-0.22,-3934,dir,-4672.29
67.136,28,562.4,-6543.37,-6543.37,20438,-20438,176.42,176.44,176.4549,-8.70,0.58,1.00,TREND,-1.69,stressed,-1.98,-15604,dir,-2213.45,103.03,103.09,103.0730,-1.87,1.43,0.24,chop,-1.53,calm,0.78,-900,mm,-766.09,28.03,28.15,27.9425,-33.74,5.61,0.57,TREND,-1.51,stressed,-0.22,-3934,dir,-4672.29
67.170,28,562.4,-6543.37,-6543.37,20438,-20438,176.42,176.44,176.4546,-8.69,0.58,1.00,TREND,-1.69,stressed,-1.98,-15604,dir,-2213.45,103.03,103.09,103.0729,-1.88,1.43,0.24,chop,-1.53,calm,0.78,-900,mm,-766.09,28.03,28.15,27.9425,-33.74,5.61,0.57,TREND,-1.51,stressed,-0.22,-3934,dir,-4672.29
67.215,29,544.9,-7144.32,-7144.32,20438,-20438,176.42,176.44,176.4542,-8.66,0.58,1.00,TREND,-1.69,stressed,-2.16,-15604,dir,-2213.45,103.03,103.09,103.0727,-1.88,1.43,0.26,mixed,-1.12,calm,0.71,-900,mm,-766.09,28.03,28.15,27.9425,-33.74,5.61,0.57,TREND,-1.51,stressed,-0.22,-3934,dir,-4672.29
67.241,29,544.9,-7144.32,-7144.32,20438,-20438,176.42,176.44,176.4540,-8.65,0.58,1.00,TREND,-1.69,stressed,-2.16,-15604,dir,-2213.45,103.03,103.09,103.0726,-1.89,1.43,0.26,mixed,-1.12,calm,0.71,-900,mm,-766.09,28.03,28.15,27.9425,-33.74,5.61,0.57,TREND,-1.51,stressed,-0.22,-3934,dir,-4672.29
67.286,29,544.9,-7144.32,-7144.32,20438,-20438,176.42,176.44,176.4537,-8.62,0.58,1.00,TREND,-1.69,stressed,-2.16,-15604,dir,-2213.45,103.03,103.09,103.0724,-1.90,1.43,0.26,mixed,-1.12,calm,0.71,-900,mm,-766.09,28.03,28.15,27.9425,-33.74,5.61,0.57,TREND,-1.51,stressed,-0.22,-3934,dir,-4672.29
67.391,29,544.9,-7144.32,-7144.32,20438,-20438,176.41,176.43,176.4525,-8.64,0.58,1.00,TREND,-1.69,stressed,-2.16,-15604,dir,-2213.45,103.06,103.08,103.0723,-1.82,1.43,0.26,mixed,-1.12,calm,0.71,-900,mm,-766.09,28.04,28.16,27.9425,-33.74,5.61,0.57,TREND,-1.51,stressed,-0.22,-3934,dir,-4672.29
67.422,29,544.9,-7144.32,-7144.32,20438,-20438,176.41,176.43,176.4522,-8.64,0.58,1.00,TREND,-1.69,stressed,-2.16,-15604,dir,-2213.45,103.06,103.08,103.0723,-1.80,1.43,0.26,mixed,-1.12,calm,0.71,-900,mm,-766.09,28.04,28.16,27.9425,-33.74,5.61,0.57,TREND,-1.51,stressed,-0.22,-3934,dir,-4672.29
67.469,29,544.9,-7144.32,-7144.32,20438,-20438,176.41,176.43,176.4517,-8.65,0.61,1.00,TREND,-1.75,stressed,-2.16,-15604,dir,-2213.45,103.06,103.08,103.0722,-1.77,1.49,0.22,chop,-0.75,normal,0.71,-900,mm,-766.09,28.04,28.16,27.9425,-33.74,5.61,0.57,TREND,-1.51,stressed,-0.22,-3934,dir,-4672.29
67.588,29,544.9,-7144.32,-7144.32,20438,-20438,176.41,176.43,176.4504,-8.64,0.61,1.00,TREND,-1.75,stressed,-2.16,-15604,dir,-2213.45,103.06,103.08,103.0722,-1.70,1.49,0.22,chop,-0.75,normal,0.71,-900,mm,-766.09,28.04,28.16,27.9425,-33.74,5.61,0.57,TREND,-1.51,stressed,-0.22,-3934,dir,-4672.29
67.632,29,544.9,-7144.32,-7144.32,20438,-20438,176.4,176.42,176.4499,-8.68,0.61,1.00,TREND,-1.75,stressed,-2.16,-15604,dir,-2213.45,103.07,103.1,103.0723,-1.62,1.49,0.22,chop,-0.75,normal,0.71,-900,mm,-766.09,28.19,28.55,27.9425,-33.74,5.61,0.57,TREND,-1.51,stressed,-0.22,-3934,cut,-4672.29
67.701,29,544.9,-7144.32,-7144.32,20438,-20438,176.4,176.42,176.4490,-8.72,0.61,1.00,TREND,-1.75,stressed,-2.16,-15604,dir,-2213.45,103.07,103.1,103.0726,-1.50,1.49,0.22,chop,-0.75,normal,0.71,-900,mm,-766.09,28.19,28.55,27.9425,-33.74,5.61,0.57,TREND,-1.51,stressed,-0.22,-3934,cut,-4672.29
67.783,29,550.4,-7144.32,-7144.32,20438,-20438,176.4,176.42,176.4479,-8.76,0.61,1.00,TREND,-1.80,stressed,-2.16,-15604,dir,-2213.45,103.07,103.1,103.0730,-1.37,1.49,0.03,chop,-0.19,calm,0.71,-900,mm,-766.09,28.19,28.55,27.9425,-33.74,5.61,0.57,TREND,-1.51,stressed,-0.22,-3934,cut,-4672.29
67.941,29,550.4,-7144.32,-7144.32,20438,-20438,176.39,176.41,176.4455,-8.94,0.61,1.00,TREND,-1.80,stressed,-2.16,-15604,dir,-2213.45,103.08,103.09,103.0736,-1.14,1.49,0.03,chop,-0.19,calm,0.71,-900,mm,-766.09,28.2,28.54,27.9425,-33.74,5.61,0.57,TREND,-1.51,stressed,-0.22,-3934,cut,-4672.29
67.988,29,550.4,-7144.32,-7144.32,20438,-20438,176.39,176.41,176.4448,-8.99,0.67,1.00,TREND,-1.80,stressed,-2.16,-15604,dir,-2213.45,103.08,103.09,103.0738,-1.08,1.49,0.03,chop,-0.19,calm,0.71,-900,mm,-766.09,28.2,28.54,27.9425,-33.74,5.61,0.57,TREND,-1.51,stressed,-0.22,-3934,cut,-4672.29
68.052,29,550.4,-7144.32,-7144.32,20438,-20438,176.39,176.41,176.4438,-9.04,0.67,1.00,TREND,-1.85,stressed,-2.16,-15604,dir,-2213.45,103.08,103.09,103.0740,-1.00,1.49,0.03,chop,-0.18,calm,0.71,-900,mm,-766.09,28.2,28.54,27.9425,-33.74,5.61,0.57,TREND,-1.51,stressed,-0.22,-3934,cut,-4672.29
68.089,29,550.4,-7144.32,-7144.32,20438,-20438,176.39,176.4,176.4433,-9.08,0.67,1.00,TREND,-1.85,stressed,-2.16,-15604,dir,-2213.45,103.08,103.13,103.0744,-0.90,1.49,0.03,chop,-0.18,calm,0.71,-900,mm,-766.09,28.55,28.56,27.9497,-31.40,9.62,0.01,chop,0.48,stressed,-0.22,-3934,cut,-4672.29
68.166,29,550.4,-7144.32,-7144.32,20438,-20438,176.39,176.4,176.4420,-9.15,0.67,1.00,TREND,-1.85,stressed,-2.16,-15604,dir,-2213.45,103.08,103.13,103.0751,-0.69,1.49,0.03,chop,-0.18,calm,0.71,-900,mm,-766.09,28.55,28.56,27.9650,-26.65,9.62,0.01,chop,0.48,stressed,-0.22,-3934,cut,-4672.29
68.414,29,550.4,-7144.32,-7144.32,20438,-20438,176.39,176.4,176.4383,-9.32,0.67,1.00,TREND,-1.85,stressed,-2.16,-15604,dir,-2213.45,103.09,103.1,103.0767,-0.32,1.49,0.03,chop,0.19,calm,0.71,-900,mm,-766.09,28.55,28.59,28.0126,-13.48,9.62,0.02,chop,0.53,stressed,-0.22,-3934,cut,-4672.29
68.477,29,557.1,-7144.32,-7144.32,20438,-20438,176.39,176.4,176.4374,-9.34,0.67,1.00,TREND,-1.85,stressed,-2.16,-15604,dir,-2213.45,103.09,103.1,103.0771,-0.24,1.49,0.03,chop,0.19,calm,0.71,-900,mm,-766.09,28.55,28.59,28.0240,-10.66,9.62,0.02,chop,0.53,stressed,-0.22,-3934,cut,-4672.29
68.660,29,557.1,-7144.32,-7144.32,16504,-16504,176.39,176.4,176.4350,-9.38,0.63,1.00,TREND,-1.85,stressed,-2.16,-15604,dir,-2213.45,103.1,103.12,103.0790,0.19,1.56,0.03,chop,0.19,calm,0.71,-900,mm,-784.09,28.57,28.61,28.0573,-3.16,8.73,0.02,chop,0.53,stressed,-0.22,0,mm,-6427.08
68.741,29,557.1,-7144.32,-7144.32,16504,-16504,176.39,176.4,176.4339,-9.38,0.63,1.00,TREND,-1.81,stressed,-2.16,-15604,dir,-2213.45,103.1,103.12,103.0798,0.34,1.56,0.02,chop,0.74,calm,0.71,-900,mm,-784.09,28.57,28.61,28.0711,-0.35,8.73,0.03,chop,0.59,stressed,-0.22,0,mm,-6427.08
68.770,29,557.1,-7144.32,-7144.32,16504,-16504,176.39,176.4,176.4335,-9.38,0.63,1.00,TREND,-1.81,stressed,-2.16,-15604,dir,-2213.45,103.1,103.12,103.0801,0.40,1.56,0.02,chop,0.74,calm,0.71,-900,mm,-784.09,28.57,28.61,28.0762,0.64,8.73,0.03,chop,0.59,stressed,-0.22,0,mm,-6427.08
68.834,29,557.1,-7144.32,-7144.32,16904,-16904,176.39,176.4,176.4327,-9.38,0.63,1.00,TREND,-1.81,stressed,-2.16,-15604,dir,-1589.29,103.1,103.11,103.0806,0.48,1.56,0.02,chop,0.74,calm,0.71,-1300,mm,-784.89,28.58,28.6,28.0869,2.64,8.73,0.03,chop,0.59,stressed,-0.22,0,mm,-6427.08
68.963,29,557.1,-7144.32,-7144.32,16904,-16904,176.39,176.4,176.4312,-9.36,0.63,1.00,TREND,-1.81,stressed,-2.16,-15604,dir,-1589.29,103.1,103.11,103.0816,0.64,1.56,0.02,chop,0.74,calm,0.71,-1300,mm,-784.89,28.58,28.6,28.1078,6.27,8.73,0.03,chop,0.59,stressed,-0.22,0,mm,-6427.08
69.106,30,541.8,-8801.26,-8801.26,16604,-16604,176.38,176.4,176.4293,-9.37,0.63,1.00,TREND,-1.80,stressed,-2.29,-15604,dir,-1589.29,103.1,103.11,103.0827,0.78,1.56,0.05,chop,0.53,calm,0.49,-1000,mm,-779.49,28.53,28.62,28.1295,9.52,8.73,0.02,chop,0.53,stressed,0.31,0,mm,-6427.08
69.158,30,541.8,-8801.26,-8801.26,16604,-16604,176.38,176.4,176.4286,-9.37,0.63,1.00,TREND,-1.80,stressed,-2.29,-15604,dir,-1589.29,103.1,103.11,103.0831,0.83,1.56,0.05,chop,0.53,calm,0.49,-1000,mm,-779.49,28.53,28.62,28.1372,10.58,8.73,0.02,chop,0.53,stressed,0.31,0,mm,-6427.08
69.202,30,541.8,-8801.26,-8801.26,16604,-16604,176.38,176.4,176.4280,-9.36,0.59,1.00,TREND,-1.80,stressed,-2.29,-15604,dir,-1589.29,103.1,103.11,103.0834,0.87,1.47,0.05,chop,0.53,calm,0.49,-1000,mm,-779.49,28.53,28.62,28.1434,11.40,8.37,0.02,chop,0.53,stressed,0.31,0,mm,-6427.08
69.241,30,541.8,-8801.26,-8801.26,16604,-16604,176.38,176.4,176.4275,-9.36,0.59,1.00,TREND,-1.80,stressed,-2.29,-15604,dir,-1589.29,103.1,103.11,103.0837,0.90,1.47,0.05,chop,0.53,calm,0.49,-1000,mm,-779.49,28.53,28.62,28.1490,12.11,8.37,0.02,chop,0.53,stressed,0.31,0,mm,-6427.08
69.278,30,541.8,-8801.26,-8801.26,16604,-16604,176.38,176.4,176.4271,-9.35,0.59,1.00,TREND,-1.80,stressed,-2.29,-15604,dir,-1589.29,103.1,103.11,103.0840,0.93,1.47,0.05,chop,0.53,calm,0.49,-1000,mm,-779.49,28.53,28.62,28.1543,12.77,8.37,0.02,chop,0.53,stressed,0.31,0,mm,-6427.08
69.351,30,541.8,-8801.26,-8801.26,16604,-16604,176.38,176.4,176.4262,-9.34,0.59,1.00,TREND,-1.80,stressed,-2.29,-15604,dir,-1589.29,103.1,103.11,103.0845,0.98,1.47,0.05,chop,0.53,calm,0.49,-1000,mm,-779.49,28.53,28.62,28.1643,13.94,8.37,0.02,chop,0.53,stressed,0.31,0,mm,-6427.08
69.396,30,541.8,-8801.26,-8801.26,16604,-16604,176.36,176.39,176.4254,-9.38,0.59,1.00,TREND,-1.89,stressed,-2.29,-15604,dir,-1589.29,103.08,103.1,103.0845,0.95,1.47,0.05,chop,-0.05,calm,0.49,-1000,mm,-779.49,28.53,28.61,28.1703,14.60,8.37,0.02,chop,0.50,stressed,0.31,0,mm,-6427.08
69.456,30,541.8,-8801.26,-8801.26,16604,-16604,176.36,176.39,176.4244,-9.44,0.59,1.00,TREND,-1.89,stressed,-2.29,-15604,dir,-1589.29,103.08,103.1,103.0846,0.91,1.47,0.05,chop,-0.05,calm,0.49,-1000,mm,-779.49,28.53,28.61,28.1783,15.44,8.37,0.02,chop,0.50,stressed,0.31,0,mm,-6427.08
69.591,30,541.8,-8801.26,-8801.26,16604,-16604,176.36,176.39,176.4223,-9.53,0.59,1.00,TREND,-1.89,stressed,-2.29,-15604,dir,-1589.29,103.08,103.1,103.0849,0.84,1.47,0.05,chop,-0.05,calm,0.49,-1000,mm,-779.49,28.54,28.6,28.1954,17.07,8.37,0.02,chop,0.50,stressed,0.31,0,mm,-6427.08
69.732,30,547.6,-8801.26,-8801.26,16604,-16604,176.36,176.38,176.4199,-9.65,0.64,1.00,TREND,-1.90,stressed,-2.29,-15604,dir,-1589.29,103.08,103.09,103.0849,0.72,1.53,0.06,chop,-0.24,calm,0.49,-1000,mm,-779.49,28.54,28.6,28.2126,18.52,7.91,0.02,chop,0.50,stressed,0.31,0,mm,-6427.08
69.873,30,547.6,-8801.26,-8801.26,16504,-16504,176.35,176.37,176.4171,-9.85,0.64,1.00,TREND,-1.90,stressed,-2.29,-15604,dir,-1589.29,103.08,103.09,103.0849,0.61,1.53,0.06,chop,-0.24,calm,0.49,-900,mm,-757.69,28.55,28.58,28.2287,19.64,7.91,0.02,chop,0.50,stressed,0.31,0,mm,-6427.08
69.940,30,547.6,-8801.26,-8801.26,16504,-16504,176.35,176.37,176.4159,-9.92,0.64,1.00,TREND,-1.90,stressed,-2.29,-15604,dir,-1589.29,103.08,103.09,103.0849,0.56,1.53,0.06,chop,-0.24,calm,0.49,-900,mm,-757.69,28.55,28.58,28.2361,20.10,7.91,0.02,chop,0.50,stressed,0.31,0,mm,-6427.08
70.172,30,547.6,-8801.26,-8801.26,16604,-16604,176.35,176.37,176.4118,-10.10,0.64,1.00,TREND,-1.93,stressed,-2.29,-15604,dir,-1589.29,103.04,103.09,103.0834,0.07,1.53,0.08,chop,-1.09,calm,0.49,-1000,mm,-766.89,28.49,28.57,28.2577,20.74,7.91,0.01,chop,0.36,stressed,0.31,0,mm,-6427.08
70.329,30,553.2,-8801.26,-8801.26,16604,-16604,176.35,176.37,176.4091,-10.17,0.60,1.00,TREND,-1.93,stressed,-2.29,-15604,dir,-1589.29,103.04,103.09,103.0825,-0.20,1.56,0.08,chop,-1.09,calm,0.49,-1000,mm,-766.89,28.49,28.57,28.2715,21.02,7.77,0.01,chop,0.36,stressed,0.31,0,mm,-6427.08
70.449,30,553.2,-8801.26,-8801.26,16204,-15204,176.36,176.37,176.4074,-10.14,0.60,0.94,TREND,-1.84,stressed,-2.29,-15604,dir,-1589.29,103.04,103.05,103.0811,-0.57,1.56,0.13,chop,-1.85,calm,0.49,-100,mm,-736.69,28.49,28.55,28.2811,21.06,7.77,0.00,chop,0.32,stressed,0.31,500,mm,-6426.53
70.490,30,553.2,-8801.26,-8801.26,16204,-15204,176.36,176.37,176.4069,-10.13,0.60,0.94,TREND,-1.84,stressed,-2.29,-15604,dir,-1589.29,103.04,103.05,103.0806,-0.69,1.56,0.13,chop,-1.85,calm,0.49,-100,mm,-736.69,28.49,28.55,28.2843,21.07,7.77,0.00,chop,0.32,stressed,0.31,500,mm,-6426.53
70.794,30,553.2,-8801.26,-8801.26,16904,-15904,176.36,176.37,176.4029,-9.99,0.60,0.92,TREND,-1.79,stressed,-2.29,-15604,dir,-1589.29,103.05,103.1,103.0800,-0.72,1.56,0.00,chop,-0.73,calm,0.49,-800,mm,-743.09,28.32,28.38,28.2906,17.14,7.77,0.30,mixed,-0.27,stressed,0.31,500,mm,-6426.53
70.989,30,559.3,-8801.26,-8801.26,16904,-15904,176.36,176.37,176.4005,-9.88,0.66,0.92,TREND,-1.79,stressed,-2.29,-15604,dir,-1589.29,103.05,103.1,103.0797,-0.73,1.51,0.00,chop,-0.73,calm,0.49,-800,mm,-743.09,28.32,28.38,28.2942,15.15,8.84,0.30,mixed,-0.27,stressed,0.31,500,mm,-6426.53
71.054,30,559.3,-8801.26,-8801.26,16904,-15904,176.36,176.37,176.3998,-9.83,0.66,0.92,TREND,-1.76,stressed,-2.29,-15604,dir,-1121.17,103.06,103.09,103.0796,-0.73,1.51,0.00,chop,-0.72,calm,0.49,-800,mm,-735.09,28.23,28.39,28.2942,15.15,8.84,0.30,mixed,-0.27,stressed,0.31,500,mm,-6636.53
71.241,30,559.3,-8801.26,-8801.26,16904,-15904,176.36,176.37,176.3977,-9.70,0.66,0.92,TREND,-1.76,stressed,-2.29,-15604,dir,-1121.17,103.07,103.09,103.0797,-0.66,1.51,0.00,chop,-0.72,calm,0.49,-800,mm,-735.09,28.0,28.22,28.2942,15.15,8.84,0.30,mixed,-0.27,stressed,0.31,500,mm,-6636.53
71.304,30,559.3,-8801.26,-8801.26,16904,-15904,176.36,176.37,176.3970,-9.65,0.66,0.92,TREND,-1.72,stressed,-2.29,-15604,dir,-1121.17,103.07,103.09,103.0797,-0.64,1.51,0.03,chop,-0.54,calm,0.49,-800,mm,-735.09,28.0,28.22,28.2942,15.15,8.84,0.30,mixed,-0.27,stressed,0.31,500,mm,-6636.53
71.367,31,542.1,-8492.79,-8492.79,16904,-15904,176.36,176.37,176.3964,-9.60,0.66,0.92,TREND,-1.72,stressed,-2.36,-15604,dir,-1121.17,103.07,103.09,103.0797,-0.62,1.51,0.03,chop,-0.54,calm,0.71,-800,mm,-735.09,28.0,28.22,28.2942,15.15,8.84,0.30,mixed,-0.27,stressed,0.31,500,mm,-6636.53
71.411,31,542.1,-8492.79,-8492.79,16404,-16404,176.36,176.37,176.3959,-9.57,0.66,0.92,TREND,-1.72,stressed,-2.36,-15604,dir,-1121.17,103.07,103.08,103.0796,-0.63,1.51,0.03,chop,-0.54,calm,0.71,-800,mm,-727.09,27.83,27.99,28.2942,15.15,8.84,0.30,mixed,-0.27,stressed,0.31,0,mm,-6620.98
71.538,31,542.1,-8492.79,-8492.79,16404,-16404,176.36,176.37,176.3947,-9.46,0.66,0.92,TREND,-1.72,stressed,-2.36,-15604,dir,-1121.17,103.07,103.08,103.0794,-0.64,1.36,0.03,chop,-0.54,calm,0.71,-800,mm,-727.09,27.83,27.99,28.2942,15.15,8.84,0.30,mixed,-0.27,stressed,0.31,0,mm,-6620.98
71.578,31,542.1,-8492.79,-8492.79,16404,-16404,176.36,176.37,176.3943,-9.43,0.66,0.90,TREND,-1.68,stressed,-2.36,-15604,dir,-1121.17,103.07,103.08,103.0794,-0.64,1.36,0.06,chop,-0.74,calm,0.71,-800,mm,-727.09,27.83,27.99,28.2942,15.15,8.84,0.30,mixed,-0.27,stressed,0.31,0,mm,-6620.98
71.683,31,542.1,-8492.79,-8492.79,16404,-16404,176.36,176.37,176.3933,-9.33,0.66,0.90,TREND,-1.68,stressed,-2.36,-15604,dir,-1121.17,103.07,103.08,103.0792,-0.65,1.36,0.06,chop,-0.74,calm,0.71,-800,mm,-727.09,27.84,27.98,28.2942,15.15,8.84,0.30,mixed,-0.27,stressed,0.31,0,mm,-6620.98
71.716,31,542.1,-8492.79,-8492.79,16404,-16404,176.36,176.37,176.3930,-9.30,0.66,0.90,TREND,-1.68,stressed,-2.36,-15604,dir,-1121.17,103.07,103.08,103.0792,-0.65,1.36,0.06,chop,-0.74,calm,0.71,-800,mm,-727.09,27.84,27.98,28.2942,15.15,8.84,0.30,mixed,-0.27,stressed,0.31,0,mm,-6620.98
71.794,31,542.1,-8492.79,-8492.79,16404,-16404,176.36,176.37,176.3922,-9.23,0.66,0.90,TREND,-1.68,stressed,-2.36,-15604,dir,-1121.17,103.07,103.08,103.0790,-0.66,1.36,0.06,chop,-0.74,calm,0.71,-800,mm,-727.09,27.84,27.98,28.2942,15.15,8.84,0.30,mixed,-0.27,stressed,0.31,0,mm,-6620.98
71.840,31,542.1,-8492.79,-8492.79,16404,-16404,176.36,176.37,176.3918,-9.19,0.66,0.90,TREND,-1.64,stressed,-2.36,-15604,dir,-1121.17,103.07,103.08,103.0790,-0.66,1.36,0.06,chop,-0.73,calm,0.71,-800,mm,-727.09,27.84,27.98,28.2942,15.15,8.84,0.30,mixed,-0.27,stressed,0.31,0,mm,-6620.98
71.903,31,546.9,-8492.79,-8492.79,16404,-16404,176.36,176.37,176.3913,-9.14,0.66,0.90,TREND,-1.64,stressed,-2.36,-15604,dir,-1121.17,103.07,103.09,103.0790,-0.64,1.36,0.06,chop,-0.73,calm,0.71,-800,mm,-735.09,27.87,27.97,28.2865,12.28,11.86,0.03,chop,-1.69,stressed,0.31,0,mm,-6620.98
72.006,31,546.9,-8492.79,-8492.79,16404,-16404,176.36,176.37,176.3904,-9.04,0.66,0.90,TREND,-1.64,stressed,-2.36,-15604,dir,-1121.17,103.07,103.09,103.0790,-0.60,1.36,0.06,chop,-0.73,calm,0.71,-800,mm,-735.09,27.87,27.97,28.2742,8.00,11.86,0.03,chop,-1.69,stressed,0.31,0,mm,-6620.98
72.094,31,546.9,-8492.79,-8492.79,16404,-16404,176.36,176.37,176.3897,-8.96,0.65,0.90,TREND,-1.61,stressed,-2.36,-15604,dir,-1121.17,103.07,103.09,103.0791,-0.57,1.28,0.06,chop,-0.52,calm,0.71,-800,mm,-735.09,27.87,27.97,28.2641,4.75,11.86,0.03,chop,-1.69,stressed,0.31,0,mm,-6620.98
72.149,31,546.9,-8492.79,-8492.79,16404,-16404,176.36,176.37,176.3892,-8.91,0.65,0.90,TREND,-1.61,stressed,-2.36,-15604,dir,-1121.17,103.07,103.09,103.0791,-0.56,1.28,0.06,chop,-0.52,calm,0.71,-800,mm,-735.09,27.89,27.95,28.2579,2.83,11.86,0.03,chop,-1.69,stressed,0.31,0,mm,-6620.98
72.233,31,546.9,-8492.79,-8492.79,16404,-16404,176.36,176.37,176.3886,-8.83,0.65,0.90,TREND,-1.61,stressed,-2.36,-15604,dir,-1121.17,103.07,103.09,103.0791,-0.53,1.28,0.06,chop,-0.52,calm,0.71,-800,mm,-735.09,27.89,27.95,28.2486,0.15,11.86,0.03,chop,-1.64,stressed,0.31,0,mm,-6620.98
72.299,31,546.9,-8492.79,-8492.79,16404,-16404,176.36,176.37,176.3881,-8.77,0.65,0.90,TREND,-1.61,stressed,-2.36,-15604,dir,-1121.17,103.07,103.09,103.0791,-0.52,1.28,0.06,chop,-0.52,calm,0.71,-800,mm,-735.09,27.89,27.95,28.2416,-1.76,11.86,0.03,chop,-1.64,stressed,0.31,0,mm,-6620.98
72.352,31,546.9,-8492.79,-8492.79,16404,-16404,176.36,176.37,176.3876,-8.72,0.65,0.90,TREND,-1.58,stressed,-2.36,-15604,dir,-1121.17,103.07,103.09,103.0791,-0.50,1.28,0.06,chop,-0.51,calm,0.71,-800,mm,-735.09,27.89,27.95,28.2359,-3.24,11.86,0.03,chop,-1.64,stressed,0.31,0,mm,-6620.98
72.463,31,551.9,-8492.79,-8492.79,16404,-16404,176.36,176.37,176.3868,-8.62,0.65,0.90,TREND,-1.58,stressed,-2.36,-15604,dir,-1121.17,103.06,103.09,103.0790,-0.52,1.28,0.06,chop,-0.51,calm,0.71,-800,mm,-735.09,27.89,27.95,28.2247,-6.00,11.03,0.03,chop,-1.64,stressed,0.31,0,mm,-6620.98
72.557,31,551.9,-8492.79,-8492.79,16304,-14904,176.36,176.37,176.3862,-8.53,0.65,0.90,TREND,-1.58,stressed,-2.36,-15604,dir,-1121.17,103.06,103.09,103.0789,-0.54,1.28,0.06,chop,-0.51,calm,0.71,700,mm,-714.09,27.89,27.95,28.2153,-8.11,11.03,0.03,chop,-1.60,stressed,0.31,0,mm,-6620.98
72.634,31,551.9,-8492.79,-8492.79,16304,-14904,176.36,176.37,176.3856,-8.46,0.64,0.90,TREND,-1.55,stressed,-2.36,-15604,dir,-1121.17,103.06,103.09,103.0788,-0.55,1.19,0.07,chop,-0.70,calm,0.71,700,mm,-714.09,27.89,27.95,28.2080,-9.64,11.03,0.03,chop,-1.60,stressed,0.31,0,mm,-6620.98
72.691,31,551.9,-8492.79,-8492.79,16304,-14904,176.36,176.37,176.3853,-8.41,0.64,0.90,TREND,-1.55,stressed,-2.36,-15604,dir,-1121.17,103.07,103.08,103.0787,-0.55,1.19,0.07,chop,-0.70,calm,0.71,700,mm,-707.09,27.89,27.94,28.2025,-10.72,11.03,0.03,chop,-1.60,stressed,0.31,0,mm,-6620.98
72.749,31,551.9,-8492.79,-8492.79,16304,-14904,176.36,176.37,176.3849,-8.35,0.64,0.90,TREND,-1.55,stressed,-2.36,-15604,dir,-1121.17,103.07,103.08,103.0786,-0.56,1.19,0.07,chop,-0.70,calm,0.71,700,mm,-707.09,27.89,27.94,28.1970,-11.76,11.03,0.03,chop,-1.60,stressed,0.31,0,mm,-6620.98
72.810,31,551.9,-8492.79,-8492.79,16304,-14904,176.36,176.37,176.3845,-8.29,0.64,0.90,TREND,-1.55,stressed,-2.36,-15604,dir,-1121.17,103.07,103.08,103.0786,-0.57,1.19,0.07,chop,-0.70,calm,0.71,700,mm,-707.09,27.89,27.94,28.1914,-12.78,11.03,0.03,chop,-1.58,stressed,0.31,0,mm,-6620.98
72.867,31,551.9,-8492.79,-8492.79,16304,-14904,176.36,176.37,176.3841,-8.24,0.64,0.90,TREND,-1.55,stressed,-2.36,-15604,dir,-1121.17,103.07,103.09,103.0786,-0.55,1.19,0.07,chop,-0.70,calm,0.71,700,mm,-707.09,27.89,27.94,28.1863,-13.65,11.03,0.03,chop,-1.58,stressed,0.31,0,mm,-6620.98
72.932,32,536.2,-8449.24,-8449.24,16304,-14904,176.36,176.37,176.3837,-8.18,0.64,0.90,TREND,-1.51,stressed,-4.91,-15604,dir,-1121.17,103.07,103.08,103.0785,-0.55,1.19,0.05,chop,-0.71,calm,0.07,700,mm,-707.09,27.89,27.93,28.1804,-14.58,11.03,0.03,chop,-1.58,stressed,-0.19,0,mm,-6620.98
73.109,32,536.2,-8449.24,-8449.24,16304,-14904,176.36,176.37,176.3826,-8.01,0.64,0.90,TREND,-1.51,stressed,-4.91,-15604,dir,-1121.17,103.07,103.08,103.0783,-0.57,1.19,0.05,chop,-0.71,calm,0.07,700,mm,-707.09,27.89,27.93,28.1648,-16.82,10.15,0.06,chop,-1.54,stressed,-0.19,0,mm,-6620.98
73.260,32,536.2,-8449.24,-8449.24,16304,-14904,176.36,176.37,176.3818,-7.87,0.62,0.90,TREND,-1.48,stressed,-4.91,-15604,dir,-1121.17,103.07,103.08,103.0782,-0.58,1.08,0.06,chop,-0.73,calm,0.07,700,mm,-707.09,27.9,27.92,28.1524,-18.33,10.15,0.06,chop,-1.54,stressed,-0.19,0,mm,-6620.98
73.345,32,536.2,-8449.24,-8449.24,16304,-14904,176.36,176.37,176.3813,-7.79,0.62,0.90,TREND,-1.48,stressed,-4.91,-15604,dir,-1121.17,103.07,103.08,103.0781,-0.58,1.08,0.06,chop,-0.73,calm,0.07,700,mm,-707.09,27.9,27.92,28.1456,-19.07,10.15,0.06,chop,-1.54,stressed,-0.19,0,mm,-6620.98
73.400,32,536.2,-8449.24,-8449.24,16304,-14904,176.36,176.37,176.3810,-7.74,0.62,0.90,TREND,-1.48,stressed,-4.91,-15604,dir,-1121.17,103.07,103.08,103.0780,-0.58,1.08,0.06,chop,-0.73,calm,0.07,700,mm,-707.09,27.9,27.92,28.1413,-19.50,10.15,0.06,chop,-1.50,stressed,-0.19,0,mm,-6620.98
73.528,32,536.2,-8449.24,-8449.24,16304,-14904,176.36,176.37,176.3803,-7.63,0.62,0.89,TREND,-1.45,stressed,-4.91,-15604,dir,-1121.17,103.07,103.08,103.0779,-0.58,1.08,0.03,chop,-0.75,calm,0.07,700,mm,-707.09,27.91,27.92,28.1319,-20.32,10.15,0.06,chop,-1.50,stressed,-0.19,0,mm,-6620.98
73.904,32,544.6,-8449.24,-8449.24,17504,-17504,176.36,176.37,176.3785,-7.29,0.60,0.89,TREND,-1.42,stressed,-4.91,-15604,dir,-1121.17,103.07,103.11,103.0793,-0.18,1.11,0.20,chop,-0.10,calm,0.07,-1900,mm,-736.29,27.91,27.92,28.1065,-21.94,9.47,0.06,chop,-1.45,stressed,-0.19,0,mm,-6620.98
73.922,32,544.6,-8449.24,-8449.24,17504,-17504,176.36,176.37,176.3785,-7.28,0.60,0.89,TREND,-1.42,stressed,-4.91,-15604,dir,-1121.17,103.07,103.11,103.0794,-0.17,1.11,0.20,chop,-0.10,calm,0.07,-1900,mm,-736.29,27.91,27.92,28.1054,-22.00,9.47,0.06,chop,-1.45,stressed,-0.19,0,mm,-6620.98
73.980,32,544.6,-8449.24,-8449.24,17504,-17504,176.36,176.37,176.3782,-7.23,0.60,0.89,TREND,-1.42,stressed,-4.91,-15604,dir,-1121.17,103.08,103.09,103.0795,-0.14,1.11,0.20,chop,-0.10,calm,0.07,-1900,mm,-736.29,27.89,27.91,28.1014,-22.23,9.47,0.06,chop,-1.45,stressed,-0.19,0,mm,-6620.98
74.032,32,544.6,-8449.24,-8449.24,17504,-17504,176.36,176.37,176.3780,-7.18,0.60,0.89,TREND,-1.42,stressed,-4.91,-15604,dir,-1121.17,103.08,103.09,103.0796,-0.13,1.11,0.20,chop,-0.10,calm,0.07,-1900,mm,-736.29,27.89,27.91,28.0980,-22.42,9.47,0.06,chop,-1.45,stressed,-0.19,0,mm,-6620.98
74.052,32,544.6,-8449.24,-8449.24,17504,-17504,176.36,176.37,176.3779,-7.16,0.60,0.89,TREND,-1.42,stressed,-4.91,-15604,dir,-1121.17,103.08,103.09,103.0796,-0.12,1.11,0.20,chop,-0.10,calm,0.07,-1900,mm,-736.29,27.89,27.91,28.0967,-22.49,9.47,0.06,chop,-1.45,stressed,-0.19,0,mm,-6620.98
74.093,32,544.6,-8449.24,-8449.24,17504,-17504,176.36,176.37,176.3777,-7.13,0.60,0.89,TREND,-1.42,stressed,-4.91,-15604,dir,-1121.17,103.08,103.09,103.0797,-0.10,1.11,0.20,chop,-0.10,calm,0.07,-1900,mm,-736.29,27.89,27.91,28.0940,-22.62,9.47,0.06,chop,-1.45,stressed,-0.19,0,mm,-6620.98
74.110,32,544.6,-8449.24,-8449.24,17504,-17504,176.36,176.37,176.3777,-7.12,0.60,0.89,TREND,-1.42,stressed,-4.91,-15604,dir,-1121.17,103.08,103.09,103.0797,-0.10,1.11,0.20,chop,-0.10,calm,0.07,-1900,mm,-736.29,27.89,27.91,28.0930,-22.67,9.47,0.06,chop,-1.45,stressed,-0.19,0,mm,-6620.98
74.144,32,544.6,-8449.24,-8449.24,17504,-17504,176.36,176.37,176.3775,-7.09,0.60,0.89,TREND,-1.42,stressed,-4.91,-15604,dir,-1121.17,103.08,103.09,103.0798,-0.09,1.11,0.20,chop,-0.10,calm,0.07,-1900,mm,-736.29,27.89,27.91,28.0908,-22.77,9.47,0.06,chop,-1.45,stressed,-0.19,0,mm,-6620.98
74.226,32,544.6,-8449.24,-8449.24,17504,-17504,176.36,176.37,176.3772,-7.02,0.60,0.89,TREND,-1.40,stressed,-4.91,-15604,dir,-1121.17,103.08,103.09,103.0799,-0.06,1.11,0.10,chop,-0.33,calm,0.07,-1900,mm,-736.29,27.89,27.91,28.0857,-22.97,9.47,0.07,chop,-1.46,stressed,-0.19,0,mm,-6620.98
74.341,32,544.6,-8449.24,-8449.24,17504,-17504,176.36,176.37,176.3767,-6.92,0.60,0.89,TREND,-1.40,stressed,-4.91,-15604,dir,-1121.17,103.08,103.13,103.0808,0.16,1.11,0.10,chop,-0.33,calm,0.07,-1900,mm,-736.29,27.88,27.92,28.0788,-23.20,9.47,0.07,chop,-1.46,stressed,-0.19,0,mm,-6620.98
74.397,32,548.8,-8449.24,-8449.24,17504,-17504,176.36,176.37,176.3765,-6.87,0.60,0.89,TREND,-1.40,stressed,-4.91,-15604,dir,-1121.17,103.08,103.13,103.0813,0.26,1.11,0.10,chop,-0.33,calm,0.07,-1900,mm,-736.29,27.88,27.92,28.0755,-23.29,9.47,0.07,chop,-1.46,stressed,-0.19,0,mm,-6620.98
74.557,32,548.8,-8449.24,-8449.24,17504,-17504,176.36,176.38,176.3762,-6.68,0.62,0.79,TREND,-1.33,stressed,-4.91,-15604,dir,-1121.17,103.11,103.12,103.0830,0.63,1.22,0.21,chop,0.97,calm,0.07,-1900,mm,-736.29,27.9,27.91,28.0667,-23.40,8.69,0.07,chop,-1.41,stressed,-0.19,0,mm,-6620.98
74.628,32,548.8,-8449.24,-8449.24,17504,-17504,176.36,176.38,176.3760,-6.59,0.62,0.79,TREND,-1.33,stressed,-4.91,-15604,dir,-1121.17,103.11,103.12,103.0838,0.78,1.22,0.21,chop,0.97,calm,0.07,-1900,mm,-755.29,27.9,27.91,28.0630,-23.42,8.69,0.07,chop,-1.41,stressed,-0.19,0,mm,-6620.98
74.828,32,548.8,-8449.24,-8449.24,17504,-17504,176.37,176.38,176.3760,-6.30,0.62,0.70,mixed,-1.26,stressed,-4.91,-15604,dir,-1121.17,103.11,103.12,103.0857,1.12,1.22,0.21,chop,0.96,calm,0.07,-1900,mm,-755.29,27.9,27.91,28.0531,-23.40,8.69,0.08,chop,-1.38,stressed,-0.19,0,mm,-6620.98
75.075,33,535.4,-8631.88,-8631.88,18704,-18704,176.37,176.38,176.3759,-5.97,0.64,0.70,mixed,-1.26,stressed,-5.66,-15604,dir,-1277.21,103.11,103.12,103.0880,1.45,1.13,0.21,chop,0.96,calm,0.42,-3100,mm,-733.69,27.9,27.98,28.0441,-22.57,8.38,0.08,chop,-1.38,stressed,-0.17,0,mm,-6620.98
75.112,33,535.4,-8631.88,-8631.88,18704,-18704,176.37,176.38,176.3759,-5.92,0.64,0.68,mixed,-1.23,normal,-5.66,-15604,dir,-1277.21,103.11,103.12,103.0884,1.50,1.13,0.17,chop,0.94,calm,0.42,-3100,mm,-733.69,27.9,27.98,28.0428,-22.45,8.38,0.10,chop,-1.23,stressed,-0.17,0,mm,-6620.98
75.130,33,535.4,-8631.88,-8631.88,18704,-18704,176.37,176.38,176.3759,-5.90,0.64,0.68,mixed,-1.23,normal,-5.66,-15604,dir,-1277.21,103.11,103.12,103.0885,1.51,1.13,0.17,chop,0.94,calm,0.42,-3100,mm,-733.69,27.9,27.98,28.0422,-22.39,8.38,0.10,chop,-1.23,stressed,-0.17,0,mm,-6620.98
75.151,33,535.4,-8631.88,-8631.88,18704,-18704,176.37,176.38,176.3759,-5.88,0.64,0.68,mixed,-1.23,normal,-5.66,-15604,dir,-1277.21,103.11,103.12,103.0887,1.54,1.13,0.17,chop,0.94,calm,0.42,-3100,mm,-733.69,27.9,27.98,28.0414,-22.32,8.38,0.10,chop,-1.23,stressed,-0.17,0,mm,-6620.98
75.188,33,535.4,-8631.88,-8631.88,18704,-18704,176.37,176.38,176.3759,-5.83,0.64,0.68,mixed,-1.23,normal,-5.66,-15604,dir,-1277.21,103.11,103.12,103.0891,1.57,1.13,0.17,chop,0.94,calm,0.42,-3100,mm,-733.69,27.9,27.98,28.0402,-22.20,8.38,0.10,chop,-1.23,stressed,-0.17,0,mm,-6620.98
75.212,33,535.4,-8631.88,-8631.88,18704,-18704,176.37,176.38,176.3758,-5.80,0.64,0.68,mixed,-1.23,normal,-5.66,-15604,dir,-1277.21,103.11,103.12,103.0893,1.60,1.13,0.17,chop,0.94,calm,0.42,-3100,mm,-733.69,27.9,27.98,28.0394,-22.13,8.38,0.10,chop,-1.23,stressed,-0.17,0,mm,-6620.98
75.301,33,535.4,-8631.88,-8631.88,20804,-20804,176.37,176.38,176.3758,-5.70,0.64,0.68,mixed,-1.23,normal,-5.66,-15604,dir,-1277.21,103.11,103.16,103.0906,1.82,1.13,0.17,chop,0.94,calm,0.42,-4700,mm,-908.89,27.93,28.0,28.0372,-21.67,8.38,0.10,chop,-1.23,stressed,-0.17,-500,mm,-6730.43
75.420,33,535.4,-8631.88,-8631.88,20804,-20804,176.37,176.38,176.3758,-5.58,0.64,0.68,mixed,-1.21,normal,-5.66,-15604,dir,-1277.21,103.11,103.16,103.0923,2.09,1.13,0.23,chop,1.76,calm,0.42,-4700,mm,-908.89,27.93,28.0,28.0345,-21.10,8.38,0.12,chop,-1.12,stressed,-0.17,-500,mm,-6730.43
75.471,33,535.4,-8631.88,-8631.88,20804,-20804,176.37,176.38,176.3758,-5.52,0.64,0.68,mixed,-1.21,normal,-5.66,-15604,dir,-1277.21,103.11,103.16,103.0930,2.19,1.13,0.23,chop,1.76,calm,0.42,-4700,mm,-908.89,27.93,28.0,28.0333,-20.85,8.38,0.12,chop,-1.12,stressed,-0.17,-500,mm,-6730.43
75.529,33,535.4,-8631.88,-8631.88,20804,-20804,176.37,176.38,176.3758,-5.46,0.64,0.68,mixed,-1.21,normal,-5.66,-15604,dir,-1277.21,103.13,103.15,103.0939,2.33,1.13,0.23,chop,1.76,calm,0.42,-4700,mm,-908.89,28.02,28.47,28.0333,-20.85,8.38,0.12,chop,-1.12,stressed,-0.17,-500,mm,-6730.43
75.624,33,539.9,-8631.88,-8631.88,20804,-20804,176.37,176.38,176.3757,-5.37,0.59,0.68,mixed,-1.21,normal,-5.66,-15604,dir,-1277.21,103.13,103.15,103.0954,2.53,1.21,0.23,chop,1.76,calm,0.42,-4700,mm,-908.89,28.02,28.47,28.0333,-20.85,8.38,0.12,chop,-1.12,stressed,-0.17,-500,mm,-6730.43
75.682,33,539.9,-8631.88,-8631.88,20804,-20804,176.37,176.38,176.3757,-5.32,0.59,0.67,mixed,-1.19,normal,-5.66,-15604,dir,-1277.21,103.13,103.15,103.0962,2.64,1.21,0.26,mixed,1.92,calm,0.42,-4700,mm,-908.89,28.02,28.47,28.0333,-20.85,8.38,0.12,chop,-1.12,stressed,-0.17,-500,mm,-6730.43
75.707,33,539.9,-8631.88,-8631.88,20804,-20804,176.37,176.38,176.3757,-5.29,0.59,0.67,mixed,-1.19,normal,-5.66,-15604,dir,-1277.21,103.13,103.15,103.0966,2.68,1.21,0.26,mixed,1.92,calm,0.42,-4700,mm,-908.89,28.02,28.47,28.0333,-20.85,8.38,0.12,chop,-1.12,stressed,-0.17,-500,mm,-6730.43
75.722,33,539.9,-8631.88,-8631.88,20804,-20804,176.37,176.38,176.3757,-5.28,0.59,0.67,mixed,-1.19,normal,-5.66,-15604,dir,-1277.21,103.13,103.15,103.0968,2.71,1.21,0.26,mixed,1.92,calm,0.42,-4700,mm,-908.89,28.02,28.47,28.0333,-20.85,8.38,0.12,chop,-1.12,stressed,-0.17,-500,mm,-6730.43
75.854,33,539.9,-8631.88,-8631.88,20804,-20804,176.37,176.39,176.3759,-5.11,0.59,0.67,mixed,-1.19,normal,-5.66,-15604,dir,-1277.21,103.14,103.15,103.0988,2.98,1.21,0.26,mixed,1.92,calm,0.42,-4700,mm,-908.89,28.47,28.58,28.0543,-14.27,12.23,0.35,mixed,0.64,stressed,-0.17,-500,mm,-6730.43
75.894,33,539.9,-8631.88,-8631.88,20804,-20804,176.37,176.39,176.3760,-5.06,0.59,0.67,mixed,-1.19,normal,-5.66,-15604,dir,-1277.21,103.14,103.15,103.0995,3.05,1.21,0.26,mixed,1.92,calm,0.42,-4700,mm,-908.89,28.47,28.58,28.0605,-12.44,12.23,0.35,mixed,0.64,stressed,-0.17,-500,mm,-6730.43
75.916,33,539.9,-8631.88,-8631.88,20804,-20804,176.37,176.39,176.3760,-5.03,0.59,0.67,mixed,-1.19,normal,-5.66,-15604,dir,-1277.21,103.14,103.15,103.0998,3.09,1.21,0.26,mixed,1.92,calm,0.42,-4700,mm,-908.89,28.47,28.58,28.0639,-11.47,12.23,0.35,mixed,0.64,stressed,-0.17,-500,mm,-6730.43
75.941,33,539.9,-8631.88,-8631.88,20804,-20804,176.37,176.39,176.3760,-5.01,0.59,0.58,mixed,-1.13,normal,-5.66,-15604,dir,-1277.21,103.14,103.15,103.1001,3.13,1.21,0.25,mixed,2.07,normal,0.42,-4700,mm,-908.89,28.47,28.58,28.0675,-10.44,12.23,0.35,mixed,0.64,stressed,-0.17,-500,mm,-6730.43
75.969,33,539.9,-8631.88,-8631.88,20804,-20804,176.37,176.39,176.3761,-4.97,0.59,0.58,mixed,-1.13,normal,-5.66,-15604,dir,-1277.21,103.14,103.15,103.1006,3.17,1.21,0.25,mixed,2.07,normal,0.42,-4700,mm,-908.89,28.47,28.58,28.0718,-9.28,12.23,0.35,mixed,0.64,stressed,-0.17,-500,mm,-6730.43
75.989,33,539.9,-8631.88,-8631.88,20804,-20804,176.37,176.39,176.3761,-4.95,0.59,0.58,mixed,-1.13,normal,-5.66,-15604,dir,-1277.21,103.14,103.15,103.1008,3.20,1.21,0.25,mixed,2.07,normal,0.42,-4700,mm,-908.89,28.47,28.58,28.0748,-8.47,12.23,0.35,mixed,0.64,stressed,-0.17,-500,mm,-6730.43
76.094,33,539.9,-8631.88,-8631.88,20804,-20804,176.38,176.39,176.3764,-4.79,0.59,0.58,mixed,-1.13,normal,-5.66,-15604,dir,-1277.21,103.11,103.15,103.1019,3.22,1.21,0.25,mixed,2.07,normal,0.42,-4700,mm,-908.89,28.6,28.63,28.0935,-3.64,12.23,0.35,mixed,0.64,stressed,-0.17,-500,mm,-6730.43
76.145,33,544.3,-8631.88,-8631.88,20804,-20804,176.38,176.39,176.3765,-4.71,0.65,0.58,mixed,-1.13,normal,-5.66,-15604,dir,-1277.21,103.11,103.15,103.1023,3.23,1.23,0.25,mixed,2.07,normal,0.42,-4700,mm,-908.89,28.6,28.63,28.1022,-1.53,12.23,0.37,mixed,0.92,stressed,-0.17,-500,mm,-6730.43
76.190,33,544.3,-8631.88,-8631.88,20804,-20804,176.38,176.39,176.3767,-4.65,0.65,0.50,mixed,-1.07,normal,-5.66,-15604,dir,-1277.21,103.11,103.15,103.1027,3.23,1.23,0.19,chop,1.43,normal,0.42,-4700,mm,-908.89,28.6,28.63,28.1098,0.24,12.23,0.37,mixed,0.92,stressed,-0.17,-500,mm,-6730.43
76.396,33,544.3,-8631.88,-8631.88,20804,-20804,176.38,176.39,176.3772,-4.39,0.65,0.50,mixed,-1.07,normal,-5.66,-15604,dir,-1277.21,103.11,103.15,103.1045,3.25,1.23,0.19,chop,1.43,normal,0.42,-4700,mm,-908.89,28.6,28.62,28.1427,7.21,11.49,0.37,mixed,0.90,stressed,-0.17,-500,mm,-6730.43
76.443,33,544.3,-8631.88,-8631.88,20804,-20804,176.38,176.39,176.3773,-4.33,0.65,0.50,mixed,-1.05,normal,-5.66,-15604,dir,-1277.21,103.12,103.14,103.1049,3.25,1.23,0.19,chop,1.40,calm,0.42,-4700,mm,-908.89,28.6,28.62,28.1498,8.58,11.49,0.37,mixed,0.90,stressed,-0.17,-500,mm,-6730.43
76.580,33,544.3,-8631.88,-8631.88,20804,-20804,176.38,176.4,176.3779,-4.13,0.65,0.50,mixed,-1.05,normal,-5.66,-15604,dir,-1277.21,103.13,103.15,103.1065,3.35,1.23,0.19,chop,1.40,calm,0.42,-4700,mm,-908.89,28.61,28.62,28.1705,12.24,11.49,0.37,mixed,0.90,stressed,-0.17,-500,mm,-6730.43
76.670,33,548.7,-8631.88,-8631.88,20804,-20804,176.38,176.4,176.3782,-4.00,0.63,0.50,mixed,-1.05,normal,-5.66,-15604,dir,-1277.21,103.13,103.15,103.1075,3.41,1.16,0.19,chop,1.40,calm,0.42,-4700,mm,-908.89,28.61,28.62,28.1834,14.34,11.49,0.35,mixed,0.91,stressed,-0.17,-500,mm,-6730.43
76.739,33,548.7,-8631.88,-8631.88,20804,-20804,176.38,176.4,176.3785,-3.91,0.63,0.43,mixed,-1.00,normal,-5.66,-15604,dir,-1277.21,103.13,103.15,103.1082,3.45,1.16,0.21,chop,1.77,calm,0.42,-4700,mm,-908.89,28.61,28.62,28.1930,15.78,11.49,0.35,mixed,0.91,stressed,-0.17,-500,mm,-6730.43
76.832,33,548.7,-8631.88,-8631.88,20804,-20804,176.41,176.43,176.3798,-3.56,0.63,0.43,mixed,-1.00,normal,-5.66,-15604,dir,-1277.21,103.12,103.13,103.1087,3.37,1.16,0.21,chop,1.77,calm,0.42,-4700,mm,-908.89,28.61,28.64,28.2061,17.67,11.49,0.35,mixed,0.91,stressed,-0.17,-500,mm,-6730.43
76.957,33,548.7,-8631.88,-8631.88,20804,-20804,176.41,176.43,176.3814,-3.15,0.63,0.43,mixed,-1.00,normal,-5.66,-15604,dir,-2057.41,103.12,103.13,103.1093,3.28,1.16,0.21,chop,1.77,calm,0.42,-4700,mm,-767.89,28.61,28.64,28.2230,19.85,10.53,0.32,mixed,0.93,stressed,-0.17,-500,mm,-6980.43
77.011,33,548.7,-8631.88,-8631.88,20804,-20804,176.41,176.43,176.3820,-2.98,0.63,0.11,chop,-0.71,normal,-5.66,-15604,dir,-2057.41,103.12,103.13,103.1096,3.25,1.16,0.25,mixed,1.16,calm,0.42,-4700,mm,-767.89,28.61,28.64,28.2299,20.68,10.53,0.32,mixed,0.93,stressed,-0.17,-500,mm,-6980.43
77.140,33,548.7,-8631.88,-8631.88,20304,-20304,176.41,176.42,176.3834,-2.68,0.63,0.11,chop,-0.71,normal,-5.66,-15604,dir,-2057.41,103.12,103.13,103.1103,3.16,1.16,0.25,mixed,1.16,calm,0.42,-4700,mm,-767.89,28.61,28.63,28.2463,22.43,10.53,0.32,mixed,0.93,stressed,-0.17,0,mm,-6976.18
77.239,34,534.6,-9805.73,-9805.73,20304,-20304,176.41,176.42,176.3845,-2.47,0.80,0.11,chop,-0.71,normal,-3.96,-15604,dir,-2057.41,103.12,103.13,103.1107,3.10,1.22,0.25,mixed,1.16,calm,0.15,-4700,mm,-767.89,28.61,28.63,28.2584,23.57,10.53,0.04,chop,0.92,stressed,0.25,0,mm,-6976.18
77.397,34,534.6,-9805.73,-9805.73,18404,-18404,176.44,176.47,176.3880,-1.67,0.80,0.23,chop,-0.36,normal,-3.96,-15604,dir,-2057.41,103.1,103.12,103.1107,2.82,1.22,0.14,chop,0.58,normal,0.15,-2800,mm,-705.69,28.62,28.64,28.2773,25.20,10.53,0.04,chop,0.92,stressed,0.25,0,mm,-6976.18
77.592,34,534.6,-9805.73,-9805.73,18404,-18404,176.45,176.47,176.3925,-0.77,0.80,0.23,chop,-0.36,normal,-3.96,-15604,dir,-2057.41,103.1,103.13,103.1110,2.60,1.22,0.14,chop,0.58,normal,0.15,-2800,mm,-705.69,28.62,28.63,28.2991,26.69,9.79,0.05,chop,0.93,stressed,0.25,0,mm,-6976.18
77.706,34,534.6,-9805.73,-9805.73,18404,-18404,176.45,176.47,176.3951,-0.33,0.80,0.33,mixed,-0.29,normal,-3.96,-15604,dir,-2057.41,103.1,103.13,103.1111,2.48,1.22,0.11,chop,0.79,calm,0.15,-2800,mm,-705.69,28.62,28.63,28.3113,27.37,9.79,0.05,chop,0.93,stressed,0.25,0,mm,-6976.18
77.869,34,539.7,-9805.73,-9805.73,18404,-18404,176.45,176.47,176.3985,0.22,1.11,0.33,mixed,-0.29,normal,-3.96,-15604,dir,-2057.41,103.1,103.13,103.1113,2.34,1.21,0.11,chop,0.79,calm,0.15,-2800,mm,-705.69,28.62,28.63,28.3278,28.14,9.79,0.05,chop,0.92,stressed,0.25,0,mm,-6976.18
77.933,34,539.7,-9805.73,-9805.73,18404,-18404,176.46,176.48,176.4000,0.46,1.11,0.33,mixed,-0.29,normal,-3.96,-15604,cut,-2057.41,103.11,103.12,103.1114,2.29,1.21,0.11,chop,0.79,calm,0.15,-2800,mm,-705.69,28.62,28.64,28.3340,28.40,9.79,0.05,chop,0.92,stressed,0.25,0,mm,-6976.18
78.181,34,539.7,-9805.73,-9805.73,15804,-14804,176.47,176.58,176.4098,2.28,1.11,0.65,TREND,0.35,normal,-3.96,-15304,cut,-4372.82,103.11,103.12,103.1117,2.11,1.21,0.07,chop,0.80,calm,0.15,200,mm,-623.69,28.6,28.64,28.3565,28.95,9.14,0.03,chop,0.90,stressed,0.25,300,mm,-6975.85
78.274,34,539.7,-9805.73,-9805.73,15804,-14804,176.47,176.58,176.4133,2.84,1.11,0.65,TREND,0.35,normal,-3.96,-15304,cut,-4372.82,103.11,103.12,103.1118,2.05,1.21,0.07,chop,0.80,calm,0.15,200,mm,-623.69,28.6,28.64,28.3646,29.07,9.14,0.03,chop,0.90,stressed,0.25,300,mm,-6975.85
78.390,34,543.9,-9805.73,-9805.73,16804,-15604,176.55,176.59,176.4192,3.88,1.93,0.65,TREND,0.35,normal,-3.96,-15104,cut,-4968.52,103.1,103.11,103.1115,1.88,1.19,0.07,chop,0.80,calm,0.15,-1100,mm,-644.29,28.61,28.63,28.3741,29.16,9.14,0.03,chop,0.90,stressed,0.25,600,mm,-6981.52
78.458,34,543.9,-9805.73,-9805.73,16804,-15604,176.55,176.59,176.4225,4.43,1.93,0.71,TREND,0.82,stressed,-3.96,-15104,cut,-4968.52,103.1,103.11,103.1114,1.79,1.19,0.04,chop,0.40,calm,0.15,-1100,mm,-644.29,28.61,28.63,28.3795,29.19,9.14,0.03,chop,0.90,stressed,0.25,600,mm,-6981.52
78.494,34,543.9,-9805.73,-9805.73,16804,-15604,176.55,176.59,176.4243,4.71,1.93,0.71,TREND,0.82,stressed,-3.96,-15104,cut,-4968.52,103.1,103.11,103.1113,1.75,1.19,0.04,chop,0.40,calm,0.15,-1100,mm,-644.29,28.61,28.63,28.3825,29.20,9.14,0.03,chop,0.90,stressed,0.25,600,mm,-6981.52
78.509,34,543.9,-9805.73,-9805.73,16804,-15604,176.55,176.59,176.4250,4.82,1.93,0.71,TREND,0.82,stressed,-3.96,-15104,cut,-4968.52,103.1,103.11,103.1113,1.73,1.19,0.04,chop,0.40,calm,0.15,-1100,mm,-644.29,28.61,28.63,28.3836,29.20,9.14,0.03,chop,0.90,stressed,0.25,600,mm,-6981.52
78.733,34,543.9,-9805.73,-9805.73,16804,-15604,176.55,176.59,176.4353,6.25,1.93,0.71,TREND,0.84,stressed,-3.96,-15104,cut,-4968.52,103.1,103.11,103.1108,1.49,1.19,0.02,chop,0.41,calm,0.15,-1100,mm,-644.29,28.61,28.63,28.4004,29.13,8.47,0.02,chop,0.89,stressed,0.25,600,mm,-6981.52
78.792,34,543.9,-9805.73,-9805.73,16404,-13804,176.61,176.62,176.4388,6.80,1.93,0.71,TREND,0.84,stressed,-3.96,-15104,cut,-4968.52,103.08,103.11,103.1105,1.38,1.19,0.02,chop,0.41,calm,0.15,700,mm,-599.89,28.62,28.63,28.4048,29.11,8.47,0.02,chop,0.89,stressed,0.25,600,mm,-6981.52
78.902,35,529.9,-13469.17,-13469.17,16404,-13804,176.66,176.68,176.4471,8.20,2.48,0.71,TREND,0.84,stressed,-0.23,-15104,cut,-5874.76,103.08,103.11,103.1100,1.20,1.16,0.02,chop,0.41,calm,0.46,700,mm,-606.89,28.59,28.63,28.4122,28.91,8.47,0.02,chop,0.89,stressed,0.24,600,mm,-6987.52
78.937,35,529.9,-13469.17,-13469.17,16404,-13804,176.66,176.68,176.4497,8.61,2.48,0.71,TREND,0.84,stressed,-0.23,-15104,cut,-5874.76,103.08,103.11,103.1098,1.15,1.16,0.02,chop,0.41,calm,0.46,700,mm,-606.89,28.59,28.63,28.4145,28.84,8.47,0.02,chop,0.89,stressed,0.24,600,mm,-6987.52
78.986,35,529.9,-13469.17,-13469.17,16404,-13804,176.66,176.68,176.4533,9.15,2.48,0.82,TREND,1.89,stressed,-0.23,-15104,cut,-5874.76,103.08,103.11,103.1096,1.08,1.16,0.04,chop,0.01,calm,0.46,700,mm,-606.89,28.59,28.63,28.4176,28.74,8.47,0.02,chop,0.86,stressed,0.24,600,mm,-6987.52
79.063,35,529.9,-13469.17,-13469.17,16404,-13804,176.66,176.68,176.4588,9.94,2.48,0.82,TREND,1.89,stressed,-0.23,-15104,cut,-5874.76,103.08,103.11,103.1092,0.97,1.16,0.04,chop,0.01,calm,0.46,700,mm,-606.89,28.59,28.63,28.4225,28.58,8.47,0.02,chop,0.86,stressed,0.24,600,mm,-6987.52
79.269,35,529.9,-13469.17,-13469.17,16404,-13804,176.67,176.68,176.4731,11.80,2.48,0.91,TREND,1.94,stressed,-0.23,-15104,cut,-5874.76,103.09,103.11,103.1086,0.81,1.16,0.04,chop,0.22,calm,0.46,700,mm,-606.89,27.93,28.62,28.4225,28.58,8.47,0.02,chop,0.86,stressed,0.24,600,mm,-6987.52
79.633,35,535.6,-13469.17,-13469.17,11804,-8404,176.68,176.7,176.4978,14.45,2.28,0.94,TREND,2.03,stressed,-0.23,-10104,cut,-6003.30,103.1,103.11,103.1082,0.72,1.14,0.08,chop,0.42,calm,0.46,700,mm,-599.89,27.8,28.41,28.4225,28.58,8.47,0.02,chop,0.86,stressed,0.24,1000,mm,-7398.12
79.739,35,535.6,-13469.17,-13469.17,11804,-8404,176.68,176.7,176.5044,15.00,2.28,0.94,TREND,2.03,stressed,-0.23,-10104,cut,-6003.30,103.1,103.11,103.1081,0.70,1.14,0.08,chop,0.42,calm,0.46,700,mm,-599.89,27.8,28.41,28.4225,28.58,8.47,0.02,chop,0.86,stressed,0.24,1000,mm,-7398.12
79.793,35,535.6,-13469.17,-13469.17,11804,-8404,176.68,176.7,176.5077,15.25,2.28,0.94,TREND,2.03,stressed,-0.23,-10104,cut,-6003.30,103.1,103.11,103.1080,0.69,1.14,0.08,chop,0.42,calm,0.46,700,mm,-599.89,27.8,28.41,28.4225,28.58,8.47,0.02,chop,0.86,stressed,0.24,1000,mm,-7398.12
79.851,35,535.6,-13469.17,-13469.17,13004,-11004,176.69,176.7,176.5113,15.52,2.28,0.94,TREND,2.03,stressed,-0.23,-10104,cut,-6003.30,103.1,103.11,103.1079,0.68,1.14,0.08,chop,0.42,calm,0.46,-1900,mm,-565.09,27.77,27.9,28.4225,28.58,8.47,0.02,chop,0.86,stressed,0.24,1000,mm,-7568.12
79.980,35,538.3,-13469.17,-13469.17,13004,-11004,176.69,176.7,176.5189,16.04,2.28,1.00,TREND,2.07,stressed,-0.23,-10104,cut,-6003.30,103.1,103.11,103.1078,0.66,1.14,0.17,chop,0.43,calm,0.46,-1900,mm,-565.09,27.77,27.9,28.4225,28.58,8.47,0.02,chop,0.86,stressed,0.24,1000,mm,-7568.12
80.040,35,538.3,-13469.17,-13469.17,13004,-11004,176.69,176.7,176.5224,16.24,2.28,1.00,TREND,2.07,stressed,-0.23,-10104,cut,-6003.30,103.1,103.11,103.1078,0.65,1.14,0.17,chop,0.43,calm,0.46,-1900,mm,-565.09,27.77,27.9,28.4225,28.58,8.47,0.02,chop,0.86,stressed,0.24,1000,mm,-7568.12
80.140,35,538.3,-13469.17,-13469.17,14604,-12604,176.69,176.7,176.5280,16.54,2.23,1.00,TREND,2.07,stressed,-0.23,-10104,cut,-6003.30,103.1,103.16,103.1085,0.84,1.25,0.17,chop,0.43,calm,0.46,-3500,mm,-727.29,27.81,27.86,28.4034,21.94,12.35,0.32,mixed,-1.46,stressed,0.24,1000,mm,-7568.12
80.215,35,538.3,-13469.17,-13469.17,14604,-12604,176.69,176.7,176.5321,16.73,2.23,1.00,TREND,2.07,stressed,-0.23,-10104,cut,-6003.30,103.1,103.16,103.1090,0.97,1.25,0.17,chop,0.43,calm,0.46,-3500,mm,-727.29,27.81,27.86,28.3895,17.42,12.35,0.32,mixed,-1.46,stressed,0.24,1000,mm,-7568.12
80.278,35,538.3,-13469.17,-13469.17,14604,-12604,176.69,176.7,176.5355,16.87,2.23,1.00,TREND,2.05,stressed,-0.23,-10104,cut,-6003.30,103.1,103.16,103.1095,1.07,1.25,0.35,mixed,1.45,calm,0.46,-3500,mm,-727.29,27.81,27.86,28.3780,13.89,12.35,0.32,mixed,-1.46,stressed,0.24,1000,mm,-7568.12
80.297,35,538.3,-13469.17,-13469.17,14604,-12604,176.69,176.7,176.5365,16.91,2.23,1.00,TREND,2.05,stressed,-0.23,-10104,cut,-6003.30,103.1,103.16,103.1096,1.10,1.25,0.35,mixed,1.45,calm,0.46,-3500,mm,-727.29,27.81,27.86,28.3746,12.87,12.35,0.32,mixed,-1.46,stressed,0.24,1000,mm,-7568.12
80.525,35,538.3,-13469.17,-13469.17,9604,-7604,176.69,176.7,176.5480,17.26,2.23,1.00,TREND,2.05,stressed,-0.23,-5104,cut,-6218.88,103.12,103.17,103.1122,1.66,1.25,0.35,mixed,1.45,calm,0.46,-3500,mm,-727.29,27.76,27.79,28.3310,1.12,12.35,0.33,mixed,-1.60,stressed,0.24,1000,mm,-7538.12
80.651,35,543.6,-13469.17,-13469.17,9404,-7804,176.69,176.71,176.5542,17.42,2.17,1.00,TREND,2.07,stressed,-0.23,-5104,cut,-6218.88,103.13,103.16,103.1135,1.91,1.24,0.30,mixed,2.00,normal,0.46,-3500,mm,-727.29,27.78,27.79,28.3088,-4.10,11.31,0.33,mixed,-1.60,stressed,0.24,800,mm,-7517.90
80.745,35,543.6,-13469.17,-13469.17,9404,-7804,176.69,176.71,176.5586,17.51,2.17,1.00,TREND,2.07,stressed,-0.23,-5104,cut,-6218.88,103.13,103.16,103.1144,2.07,1.24,0.30,mixed,2.00,normal,0.46,-3500,mm,-727.29,27.78,27.79,28.2930,-7.50,11.31,0.33,mixed,-1.60,stressed,0.24,800,mm,-7517.90
80.767,35,543.6,-13469.17,-13469.17,9404,-7804,176.69,176.71,176.5596,17.53,2.17,1.00,TREND,2.07,stressed,-0.23,-5104,cut,-6218.88,103.13,103.16,103.1147,2.10,1.24,0.30,mixed,2.00,normal,0.46,-3500,mm,-727.29,27.78,27.79,28.2894,-8.24,11.31,0.33,mixed,-1.60,stressed,0.24,800,mm,-7517.90
80.787,35,543.6,-13469.17,-13469.17,9404,-7804,176.69,176.71,176.5605,17.54,2.17,1.00,TREND,2.07,stressed,-0.23,-5104,cut,-6218.88,103.13,103.16,103.1149,2.14,1.24,0.30,mixed,2.00,normal,0.46,-3500,mm,-727.29,27.78,27.79,28.2860,-8.93,11.31,0.27,mixed,-1.54,stressed,0.24,800,mm,-7517.90
80.825,35,543.6,-13469.17,-13469.17,9404,-7804,176.69,176.71,176.5622,17.57,2.17,1.00,TREND,2.07,stressed,-0.23,-5104,cut,-6218.88,103.13,103.16,103.1152,2.19,1.24,0.30,mixed,2.00,normal,0.46,-3500,mm,-727.29,27.78,27.79,28.2799,-10.13,11.31,0.27,mixed,-1.54,stressed,0.24,800,mm,-7517.90
80.947,35,543.6,-13469.17,-13469.17,8004,-2604,176.7,176.72,176.5681,17.72,2.17,1.00,TREND,2.15,stressed,-0.23,-5104,cut,-6269.92,103.1,103.11,103.1148,1.96,1.24,0.11,chop,0.39,normal,0.46,2700,mm,-622.69,27.76,27.79,28.2598,-13.85,11.31,0.27,mixed,-1.54,stressed,0.24,-200,mm,-7523.40
81.170,35,543.6,-13469.17,-13469.17,8004,-2604,176.7,176.72,176.5782,17.86,2.05,1.00,TREND,2.15,stressed,-0.23,-5104,cut,-6269.92,103.1,103.11,103.1141,1.59,1.51,0.11,chop,0.39,normal,0.46,2700,mm,-622.69,27.76,27.79,28.2255,-19.36,10.36,0.09,chop,-1.51,stressed,0.24,-200,mm,-7523.40
81.240,36,530.5,-14416.01,-14416.01,8004,-2604,176.71,176.72,176.5812,17.91,2.05,1.00,TREND,2.18,stressed,-0.03,-5104,cut,-6269.92,103.1,103.11,103.1139,1.50,1.51,0.09,chop,0.38,calm,0.46,2700,mm,-622.69,27.76,27.79,28.2153,-20.76,10.36,0.09,chop,-1.51,stressed,0.10,-200,mm,-7523.40
81.514,36,530.5,-14416.01,-14416.01,3004,2396,176.71,176.73,176.5933,18.07,2.05,1.00,TREND,2.19,stressed,-0.03,-104,cut,-6325.46,103.09,103.15,103.1145,1.48,1.51,0.16,chop,0.96,calm,0.46,2700,mm,-622.69,27.74,27.8,28.1765,-25.40,10.36,0.09,chop,-1.48,stressed,0.10,-200,mm,-7523.40
81.790,36,530.5,-14416.01,-14416.01,3004,2396,176.71,176.73,176.6045,18.04,1.93,1.00,TREND,2.15,stressed,-0.03,-104,cut,-6325.46,103.1,103.14,103.1149,1.46,1.50,0.16,chop,0.94,calm,0.46,2700,mm,-622.69,27.76,27.79,28.1412,-28.52,9.58,0.09,chop,-1.43,stressed,0.10,-200,mm,-7523.40
81.826,36,534.9,-14416.01,-14416.01,3004,2396,176.72,176.73,176.6059,18.04,1.93,1.00,TREND,2.15,stressed,-0.03,-104,cut,-6325.46,103.1,103.14,103.1150,1.46,1.50,0.16,chop,0.94,calm,0.46,2700,mm,-622.69,27.76,27.79,28.1370,-28.84,9.58,0.09,chop,-1.43,stressed,0.10,-200,mm,-7523.40
81.859,36,534.9,-14416.01,-14416.01,3004,2396,176.72,176.73,176.6072,18.04,1.93,1.00,TREND,2.15,stressed,-0.03,-104,cut,-6325.46,103.1,103.14,103.1151,1.45,1.50,0.16,chop,0.94,calm,0.46,2700,mm,-622.69,27.76,27.79,28.1329,-29.13,9.58,0.09,chop,-1.43,stressed,0.10,-200,mm,-7523.40
81.937,36,534.9,-14416.01,-14416.01,3004,2396,176.72,176.73,176.6102,18.02,1.93,1.00,TREND,2.15,stressed,-0.03,-104,cut,-6325.46,103.12,103.14,103.1154,1.51,1.50,0.16,chop,0.94,calm,0.46,2700,mm,-622.69,27.76,27.79,28.1238,-29.73,9.58,0.09,chop,-1.43,stressed,0.10,-200,mm,-7523.40
81.973,36,534.9,-14416.01,-14416.01,3004,2396,176.72,176.73,176.6116,18.01,1.93,1.00,TREND,2.15,stressed,-0.03,-104,cut,-6325.46,103.12,103.14,103.1156,1.53,1.50,0.16,chop,0.94,calm,0.46,2700,mm,-622.69,27.76,27.79,28.1197,-29.99,9.58,0.09,chop,-1.43,stressed,0.10,-200,mm,-7523.40
82.029,36,534.9,-14416.01,-14416.01,3004,2396,176.72,176.73,176.6136,17.99,1.93,1.00,TREND,2.15,stressed,-0.03,-104,cut,-6325.46,103.12,103.14,103.1159,1.57,1.50,0.16,chop,0.94,calm,0.46,2700,mm,-622.69,27.76,27.79,28.1133,-30.35,9.58,0.09,chop,-1.43,stressed,0.10,-200,mm,-7523.40
82.050,36,534.9,-14416.01,-14416.01,3004,2396,176.72,176.73,176.6144,17.98,1.93,1.00,TREND,2.16,stressed,-0.03,-104,cut,-6325.46,103.12,103.14,103.1160,1.58,1.50,0.18,chop,1.32,calm,0.46,2700,mm,-622.69,27.76,27.79,28.1111,-30.48,9.58,0.09,chop,-1.39,stressed,0.10,-200,mm,-7523.40
82.076,36,534.9,-14416.01,-14416.01,3004,2396,176.72,176.73,176.6154,17.97,1.93,1.00,TREND,2.16,stressed,-0.03,-104,cut,-6325.46,103.12,103.14,103.1161,1.60,1.50,0.18,chop,1.32,calm,0.46,2700,mm,-622.69,27.76,27.79,28.1081,-30.64,9.58,0.09,chop,-1.39,stressed,0.10,-200,mm,-7523.40
82.096,36,534.9,-14416.01,-14416.01,3004,2396,176.72,176.73,176.6161,17.96,1.93,1.00,TREND,2.16,stressed,-0.03,-104,cut,-6325.46,103.12,103.14,103.1162,1.61,1.50,0.18,chop,1.32,calm,0.46,2700,mm,-622.69,27.76,27.79,28.1059,-30.75,9.58,0.09,chop,-1.39,stressed,0.10,-200,mm,-7523.40
82.196,36,534.9,-14416.01,-14416.01,3004,2396,176.72,176.73,176.6196,17.90,1.93,1.00,TREND,2.16,stressed,-0.03,-104,cut,-6325.46,103.13,103.14,103.1168,1.70,1.50,0.18,chop,1.32,calm,0.46,2700,mm,-622.69,27.76,27.8,28.0953,-31.22,9.58,0.09,chop,-1.39,stressed,0.10,-200,mm,-7523.40
82.286,36,534.9,-14416.01,-14416.01,3104,2296,176.72,176.73,176.6227,17.83,1.93,1.00,TREND,2.16,stressed,-0.03,-104,cut,-6325.46,103.13,103.14,103.1173,1.77,1.50,0.18,chop,1.32,calm,0.46,2700,mm,-568.69,27.76,27.8,28.0860,-31.56,9.58,0.09,chop,-1.39,stressed,0.10,-300,mm,-7528.29
82.365,36,534.9,-14416.01,-14416.01,3104,2296,176.72,176.73,176.6254,17.76,1.86,1.00,TREND,2.11,stressed,-0.03,-104,cut,-6325.46,103.13,103.14,103.1178,1.83,1.47,0.19,chop,1.48,calm,0.46,2700,mm,-568.69,27.76,27.8,28.0781,-31.81,8.89,0.08,chop,-1.34,stressed,0.10,-300,mm,-7528.29
82.610,36,540.8,-14416.01,-14416.01,500,-500,176.72,176.73,176.6331,17.51,1.86,1.00,TREND,2.11,stressed,-0.03,0,mm,-6325.74,103.16,103.17,103.1214,2.54,1.47,0.19,chop,1.48,calm,0.46,-200,mm,-497.49,27.75,27.79,28.0542,-32.51,8.89,0.08,chop,-1.34,stressed,0.10,-300,mm,-7528.29
82.731,36,540.8,-14416.01,-14416.01,500,-500,176.72,176.73,176.6367,17.36,1.86,1.00,TREND,2.07,stressed,-0.03,0,mm,-6325.74,103.14,103.16,103.1225,2.66,1.47,0.25,mixed,2.02,calm,0.46,-200,mm,-497.49,27.76,27.8,28.0436,-32.61,8.89,0.08,chop,-1.31,stressed,0.10,-300,mm,-7528.29
82.959,36,540.8,-14416.01,-14416.01,500,-500,176.73,176.74,176.6438,17.24,1.74,1.00,TREND,2.07,stressed,-0.03,0,dir,-6325.74,103.15,103.16,103.1249,2.94,1.48,0.25,mixed,2.02,calm,0.46,-200,mm,-495.49,27.76,27.8,28.0245,-32.63,8.20,0.08,chop,-1.31,stressed,0.10,-300,mm,-7525.29
83.129,37,527.6,-14346.52,-14346.52,500,-500,176.73,176.74,176.6488,17.10,1.74,1.00,TREND,2.13,stressed,0.09,0,dir,-6325.74,103.15,103.16,103.1266,3.09,1.48,0.27,mixed,2.13,normal,0.78,-200,mm,-495.49,27.76,27.8,28.0111,-32.51,8.20,0.08,chop,-1.27,stressed,-0.18,-300,mm,-7525.29
83.489,37,527.6,-14346.52,-14346.52,5496,4296,176.74,176.75,176.6597,16.95,1.63,1.00,TREND,2.17,stressed,0.09,4896,dir,-6387.92,103.15,103.16,103.1298,3.29,1.37,0.27,mixed,2.05,normal,0.78,-200,mm,-495.49,27.83,28.09,28.0111,-32.51,8.20,0.08,chop,-1.27,stressed,-0.18,-400,mm,-7640.18
83.789,37,532.4,-14346.52,-14346.52,5496,4296,176.74,176.75,176.6678,16.70,1.63,1.00,TREND,2.11,stressed,0.09,4896,dir,-6387.92,103.15,103.16,103.1322,3.38,1.37,0.23,chop,2.00,normal,0.78,-200,mm,-495.49,28.12,28.41,28.0111,-32.51,8.20,0.08,chop,-1.27,stressed,-0.18,-400,mm,-7768.18
83.819,37,532.4,-14346.52,-14346.52,5496,4296,176.74,176.75,176.6685,16.67,1.63,1.00,TREND,2.11,stressed,0.09,4896,dir,-6387.92,103.15,103.16,103.1324,3.38,1.37,0.23,chop,2.00,normal,0.78,-200,mm,-495.49,28.12,28.41,28.0111,-32.51,8.20,0.08,chop,-1.27,stressed,-0.18,-400,mm,-7768.18
83.858,37,532.4,-14346.52,-14346.52,5496,4296,176.74,176.75,176.6695,16.63,1.63,1.00,TREND,2.11,stressed,0.09,4896,dir,-6387.92,103.15,103.16,103.1327,3.39,1.37,0.23,chop,2.00,normal,0.78,-200,mm,-495.49,28.12,28.41,28.0111,-32.51,8.20,0.08,chop,-1.27,stressed,-0.18,-400,mm,-7768.18
83.894,37,532.4,-14346.52,-14346.52,5496,4296,176.74,176.75,176.6704,16.59,1.63,1.00,TREND,2.11,stressed,0.09,4896,dir,-6387.92,103.15,103.16,103.1329,3.39,1.37,0.23,chop,2.00,normal,0.78,-200,mm,-495.49,28.12,28.41,28.0111,-32.51,8.20,0.08,chop,-1.27,stressed,-0.18,-400,mm,-7768.18
83.983,37,532.4,-14346.52,-14346.52,5096,4696,176.74,176.75,176.6726,16.49,1.63,1.00,TREND,2.11,stressed,0.09,4896,dir,-6387.92,103.15,103.16,103.1336,3.40,1.37,0.23,chop,2.00,normal,0.78,-200,mm,-495.49,28.21,28.3,28.0182,-28.88,11.84,0.17,chop,0.09,stressed,-0.18,0,mm,-7651.74
84.049,37,532.4,-14346.52,-14346.52,5096,4696,176.74,176.75,176.6741,16.41,1.61,1.00,TREND,2.06,stressed,0.09,4896,dir,-6387.92,103.15,103.16,103.1340,3.41,1.27,0.25,chop,1.95,calm,0.78,-200,mm,-495.49,28.21,28.3,28.0233,-26.40,11.84,0.17,chop,0.09,stressed,-0.18,0,mm,-7651.74
84.078,37,532.4,-14346.52,-14346.52,5096,4696,176.74,176.75,176.6748,16.37,1.61,1.00,TREND,2.06,stressed,0.09,4896,dir,-6387.92,103.15,103.16,103.1342,3.41,1.27,0.25,chop,1.95,calm,0.78,-200,mm,-495.49,28.21,28.3,28.0255,-25.39,11.84,0.17,chop,0.09,stressed,-0.18,0,mm,-7651.74
84.104,37,532.4,-14346.52,-14346.52,5096,4696,176.74,176.75,176.6754,16.34,1.61,1.00,TREND,2.06,stressed,0.09,4896,dir,-6387.92,103.15,103.16,103.1344,3.41,1.27,0.25,chop,1.95,calm,0.78,-200,mm,-495.49,28.21,28.3,28.0275,-24.45,11.84,0.17,chop,0.09,stressed,-0.18,0,mm,-7651.74
84.117,37,532.4,-14346.52,-14346.52,5096,4696,176.74,176.75,176.6757,16.32,1.61,1.00,TREND,2.06,stressed,0.09,4896,dir,-6387.92,103.15,103.16,103.1345,3.41,1.27,0.25,chop,1.95,calm,0.78,-200,mm,-495.49,28.21,28.3,28.0285,-24.02,11.84,0.17,chop,0.09,stressed,-0.18,0,mm,-7651.74
84.250,37,535.8,-14346.52,-14346.52,5096,4696,176.74,176.75,176.6787,16.15,1.61,1.00,TREND,2.06,stressed,0.09,4896,dir,-6387.92,103.14,103.16,103.1352,3.35,1.27,0.25,chop,1.95,calm,0.78,-200,mm,-495.49,28.25,28.29,28.0388,-19.66,11.84,0.17,chop,0.13,stressed,-0.18,0,mm,-7651.74
84.344,37,535.8,-14346.52,-14346.52,7196,7196,176.74,176.75,176.6807,16.03,1.61,1.00,TREND,2.01,stressed,0.09,4896,dir,-6387.92,103.14,103.16,103.1356,3.31,1.27,0.14,chop,1.74,calm,0.78,2300,mm,-496.49,28.25,28.29,28.0458,-16.95,11.84,0.17,chop,0.13,stressed,-0.18,0,mm,-7651.74
84.385,37,535.8,-14346.52,-14346.52,7196,7196,176.74,176.75,176.6816,15.97,1.61,1.00,TREND,2.01,stressed,0.09,4896,dir,-6387.92,103.14,103.16,103.1358,3.29,1.27,0.14,chop,1.74,calm,0.78,2300,mm,-496.49,28.25,28.29,28.0490,-15.80,11.84,0.17,chop,0.13,stressed,-0.18,0,mm,-7651.74
84.461,37,535.8,-14346.52,-14346.52,7196,7196,176.74,176.75,176.6832,15.86,1.61,1.00,TREND,2.01,stressed,0.09,4896,dir,-6387.92,103.12,103.15,103.1358,3.17,1.27,0.14,chop,1.74,calm,0.78,2300,mm,-496.49,28.27,28.28,28.0545,-13.84,11.84,0.17,chop,0.13,stressed,-0.18,0,mm,-7651.74
84.493,37,535.8,-14346.52,-14346.52,7196,7196,176.74,176.75,176.6838,15.82,1.61,1.00,TREND,2.01,stressed,0.09,4896,dir,-6387.92,103.12,103.15,103.1358,3.12,1.27,0.14,chop,1.74,calm,0.78,2300,mm,-496.49,28.27,28.28,28.0568,-13.07,10.74,0.17,chop,0.13,stressed,-0.18,0,mm,-7651.74
84.625,37,535.8,-14346.52,-14346.52,7196,7196,176.74,176.75,176.6864,15.63,1.58,1.00,TREND,1.97,stressed,0.09,4896,dir,-6387.92,103.12,103.15,103.1358,2.92,1.35,0.07,chop,1.20,calm,0.78,2300,mm,-496.49,28.27,28.28,28.0661,-10.11,10.74,0.17,chop,0.17,stressed,-0.18,0,mm,-7651.74
85.130,38,525.5,-14445.26,-14445.26,6296,5696,176.75,176.77,176.6978,15.35,1.44,1.00,TREND,2.03,stressed,0.22,5996,dir,-6360.63,103.12,103.13,103.1341,2.01,1.32,0.04,chop,0.84,calm,0.24,-300,mm,-432.89,28.27,28.29,28.0992,-1.78,9.88,0.15,chop,0.20,stressed,-0.08,0,mm,-7651.74
85.327,38,525.5,-14445.26,-14445.26,6296,5696,176.76,176.77,176.7021,15.25,1.44,1.00,TREND,2.03,stressed,0.22,5996,dir,-6360.63,103.12,103.13,103.1335,1.76,1.32,0.04,chop,0.84,calm,0.24,-300,mm,-432.89,28.3,28.31,28.1123,0.81,9.88,0.15,chop,0.20,stressed,-0.08,0,mm,-7651.74
85.397,38,525.5,-14445.26,-14445.26,6296,5696,176.76,176.77,176.7035,15.20,1.44,1.00,TREND,2.01,stressed,0.22,5996,dir,-6360.63,103.12,103.13,103.1333,1.68,1.32,0.04,chop,0.83,calm,0.24,-300,mm,-432.89,28.3,28.31,28.1168,1.59,9.88,0.16,chop,0.28,stressed,-0.08,0,mm,-7651.74
85.649,38,525.5,-14445.26,-14445.26,7596,6996,176.76,176.77,176.7085,14.98,1.37,1.00,TREND,1.96,stressed,0.22,7296,dir,-6257.22,103.12,103.13,103.1327,1.43,1.19,0.06,chop,0.82,calm,0.24,-300,mm,-432.89,28.3,28.31,28.1319,3.94,8.90,0.14,chop,0.29,stressed,-0.08,0,mm,-7651.74
85.818,38,530.4,-14445.26,-14445.26,7596,6996,176.75,176.77,176.7113,14.74,1.37,1.00,TREND,1.96,stressed,0.22,7296,dir,-6257.22,103.12,103.13,103.1322,1.30,1.19,0.06,chop,0.82,calm,0.24,-300,mm,-432.89,28.3,28.32,28.1416,5.24,8.90,0.14,chop,0.29,stressed,-0.08,0,mm,-7651.74
85.868,38,530.4,-14445.26,-14445.26,7596,6996,176.75,176.77,176.7121,14.67,1.37,1.00,TREND,1.96,stressed,0.22,7296,dir,-6257.22,103.12,103.13,103.1321,1.26,1.19,0.06,chop,0.82,calm,0.24,-300,mm,-432.89,28.3,28.32,28.1444,5.58,8.90,0.14,chop,0.29,stressed,-0.08,0,mm,-7651.74
86.106,38,530.4,-14445.26,-14445.26,7596,6996,176.76,176.77,176.7161,14.41,1.37,1.00,TREND,1.92,stressed,0.22,7296,dir,-6257.22,103.12,103.13,103.1316,1.11,1.19,0.02,chop,0.81,calm,0.24,-300,mm,-432.89,28.3,28.32,28.1569,6.91,8.90,0.21,chop,0.31,stressed,-0.08,0,mm,-7651.74
86.132,38,530.4,-14445.26,-14445.26,9796,9196,176.76,176.77,176.7165,14.38,1.37,1.00,TREND,1.92,stressed,0.22,9496,dir,-6380.12,103.12,103.13,103.1315,1.10,1.19,0.02,chop,0.81,calm,0.24,-300,mm,-432.89,28.3,28.32,28.1582,7.04,8.90,0.21,chop,0.31,stressed,-0.08,0,mm,-7651.74
86.284,38,530.4,-14445.26,-14445.26,9796,9196,176.76,176.77,176.7189,14.20,1.34,1.00,TREND,1.92,stressed,0.22,9496,dir,-6380.12,103.12,103.13,103.1312,1.02,1.07,0.02,chop,0.81,calm,0.24,-300,mm,-432.89,28.31,28.32,28.1659,7.74,8.16,0.21,chop,0.31,stressed,-0.08,0,mm,-7651.74
86.399,38,534.5,-14445.26,-14445.26,9796,9196,176.76,176.77,176.7206,14.05,1.34,1.00,TREND,1.87,stressed,0.22,9496,dir,-6380.12,103.12,103.13,103.1310,0.96,1.07,0.02,chop,0.80,calm,0.24,-300,mm,-432.89,28.31,28.32,28.1715,8.18,8.16,0.20,chop,0.33,stressed,-0.08,0,mm,-7651.74
86.417,38,534.5,-14445.26,-14445.26,9796,9196,176.76,176.77,176.7209,14.03,1.34,1.00,TREND,1.87,stressed,0.22,9496,dir,-6380.12,103.12,103.13,103.1309,0.95,1.07,0.02,chop,0.80,calm,0.24,-300,mm,-432.89,28.31,28.32,28.1724,8.25,8.16,0.20,chop,0.33,stressed,-0.08,0,mm,-7651.74
86.442,38,534.5,-14445.26,-14445.26,9796,9196,176.76,176.77,176.7212,14.00,1.34,1.00,TREND,1.87,stressed,0.22,9496,dir,-6380.12,103.12,103.13,103.1309,0.94,1.07,0.02,chop,0.80,calm,0.24,-300,mm,-432.89,28.31,28.32,28.1735,8.33,8.16,0.20,chop,0.33,stressed,-0.08,0,mm,-7651.74
86.468,38,534.5,-14445.26,-14445.26,9796,9196,176.76,176.77,176.7216,13.96,1.34,1.00,TREND,1.87,stressed,0.22,9496,dir,-6380.12,103.12,103.13,103.1308,0.93,1.07,0.02,chop,0.80,calm,0.24,-300,mm,-432.89,28.31,28.32,28.1747,8.42,8.16,0.20,chop,0.33,stressed,-0.08,0,mm,-7651.74
86.598,38,534.5,-14445.26,-14445.26,9796,9196,176.76,176.78,176.7236,13.85,1.34,1.00,TREND,1.87,stressed,0.22,9496,dir,-6380.12,103.12,103.13,103.1306,0.88,1.07,0.02,chop,0.80,calm,0.24,-300,mm,-432.89,28.31,28.32,28.1806,8.80,8.16,0.20,chop,0.33,stressed,-0.08,0,mm,-7651.74
86.663,38,534.5,-14445.26,-14445.26,9796,9196,176.76,176.78,176.7246,13.79,1.34,1.00,TREND,1.86,stressed,0.22,9496,dir,-6380.12,103.12,103.13,103.1305,0.86,1.07,0.07,chop,0.79,calm,0.24,-300,mm,-432.89,28.31,28.32,28.1834,8.96,8.16,0.21,chop,0.34,stressed,-0.08,0,mm,-7651.74
86.697,38,534.5,-14445.26,-14445.26,9796,9196,176.76,176.78,176.7251,13.75,1.34,1.00,TREND,1.86,stressed,0.22,9496,dir,-6380.12,103.12,103.13,103.1304,0.85,1.07,0.07,chop,0.79,calm,0.24,-300,mm,-432.89,28.31,28.32,28.1849,9.04,8.16,0.21,chop,0.34,stressed,-0.08,0,mm,-7651.74
86.718,38,534.5,-14445.26,-14445.26,9796,9196,176.76,176.78,176.7254,13.73,1.34,1.00,TREND,1.86,stressed,0.22,9496,dir,-6380.12,103.12,103.13,103.1304,0.84,1.07,0.07,chop,0.79,calm,0.24,-300,mm,-432.89,28.31,28.32,28.1858,9.09,8.16,0.21,chop,0.34,stressed,-0.08,0,mm,-7651.74
86.801,38,534.5,-14445.26,-14445.26,9796,9196,176.77,176.78,176.7268,13.68,1.22,1.00,TREND,1.86,stressed,0.22,9496,dir,-6380.12,103.12,103.13,103.1302,0.81,0.96,0.07,chop,0.79,calm,0.24,-300,mm,-432.89,28.31,28.32,28.1893,9.26,7.56,0.21,chop,0.34,stressed,-0.08,0,mm,-7651.74
86.980,39,522.5,-14274.83,-14274.83,9796,9196,176.77,176.78,176.7296,13.54,1.22,1.00,TREND,1.85,stressed,0.31,9496,dir,-6190.20,103.11,103.13,103.1296,0.69,0.96,0.02,chop,0.63,calm,-0.04,-300,mm,-432.89,28.31,28.32,28.1966,9.55,7.56,0.21,chop,0.36,stressed,-0.17,0,mm,-7651.74
87.211,39,522.5,-14274.83,-14274.83,9796,9196,176.77,176.78,176.7329,13.33,1.22,1.00,TREND,1.85,stressed,0.31,9496,dir,-6190.20,103.11,103.14,103.1293,0.64,0.96,0.02,chop,0.63,calm,-0.04,-300,mm,-432.89,28.31,28.32,28.2054,9.80,7.56,0.21,chop,0.36,stressed,-0.17,0,mm,-7651.74
87.342,39,522.5,-14274.83,-14274.83,9796,9196,176.77,176.78,176.7347,13.20,1.20,1.00,TREND,1.80,stressed,0.31,9496,dir,-6190.20,103.11,103.12,103.1287,0.52,0.96,0.02,chop,0.47,calm,-0.04,-300,mm,-429.89,28.31,28.32,28.2101,9.89,7.00,0.22,chop,0.37,stressed,-0.17,0,mm,-7651.74
87.435,39,522.5,-14274.83,-14274.83,9796,9196,176.77,176.78,176.7360,13.10,1.20,1.00,TREND,1.80,stressed,0.31,9496,dir,-6190.20,103.11,103.12,103.1283,0.44,0.96,0.02,chop,0.47,calm,-0.04,-300,mm,-429.89,28.31,28.32,28.2133,9.93,7.00,0.22,chop,0.37,stressed,-0.17,0,mm,-7651.74
87.657,39,527.1,-14274.83,-14274.83,9796,9196,176.77,176.78,176.7387,12.85,1.20,1.00,TREND,1.75,stressed,0.31,9496,dir,-6190.20,103.11,103.12,103.1273,0.27,0.96,0.00,chop,0.49,calm,-0.04,-300,mm,-429.89,28.3,28.32,28.2201,9.89,7.00,0.22,chop,0.37,stressed,-0.17,0,mm,-7651.74
87.866,39,527.1,-14274.83,-14274.83,13200,10400,176.77,176.78,176.7412,12.60,1.17,1.00,TREND,1.75,stressed,0.31,11700,dir,-6218.19,103.11,103.13,103.1268,0.23,0.91,0.00,chop,0.49,calm,-0.04,-1400,mm,-361.49,28.32,28.33,28.2272,10.06,6.39,0.22,chop,0.37,stressed,-0.17,100,mm,-7651.63
87.916,39,527.1,-14274.83,-14274.83,13200,10400,176.77,176.78,176.7417,12.54,1.17,1.00,TREND,1.71,stressed,0.31,11700,dir,-6218.19,103.11,103.13,103.1267,0.22,0.91,0.02,chop,0.68,calm,-0.04,-1400,mm,-361.49,28.32,28.33,28.2288,10.09,6.39,0.21,chop,0.42,stressed,-0.17,100,mm,-7651.63
87.971,39,527.1,-14274.83,-14274.83,13200,10400,176.77,176.78,176.7423,12.48,1.17,1.00,TREND,1.71,stressed,0.31,11700,dir,-6218.19,103.11,103.13,103.1266,0.22,0.91,0.02,chop,0.68,calm,-0.04,-1400,mm,-361.49,28.32,28.33,28.2305,10.11,6.39,0.21,chop,0.42,stressed,-0.17,100,mm,-7651.63
88.062,39,529.9,-14274.83,-14274.83,13200,10400,176.77,176.78,176.7433,12.36,1.17,1.00,TREND,1.71,stressed,0.31,11700,dir,-6218.19,103.13,103.14,103.1268,0.32,0.91,0.02,chop,0.68,calm,-0.04,-1400,mm,-361.49,28.31,28.33,28.2331,10.10,6.39,0.21,chop,0.42,stressed,-0.17,100,mm,-7651.63
88.117,39,529.9,-14274.83,-14274.83,13200,10400,176.77,176.78,176.7439,12.29,1.17,1.00,TREND,1.71,stressed,0.31,11700,dir,-6218.19,103.13,103.14,103.1270,0.37,0.91,0.02,chop,0.68,calm,-0.04,-1400,mm,-361.49,28.31,28.33,28.2347,10.09,6.39,0.21,chop,0.42,stressed,-0.17,100,mm,-7649.63
88.198,39,529.9,-14274.83,-14274.83,13200,10400,176.77,176.78,176.7447,12.19,1.17,1.00,TREND,1.67,stressed,0.31,11700,dir,-6218.19,103.13,103.14,103.1272,0.45,0.91,0.09,chop,1.19,calm,-0.04,-1400,mm,-361.49,28.31,28.33,28.2370,10.07,6.39,0.21,chop,0.42,stressed,-0.17,100,mm,-7649.63
88.230,39,529.9,-14274.83,-14274.83,13200,10400,176.77,176.78,176.7450,12.15,1.17,1.00,TREND,1.67,stressed,0.31,11700,dir,-6218.19,103.13,103.14,103.1273,0.47,0.91,0.09,chop,1.19,calm,-0.04,-1400,mm,-361.49,28.31,28.33,28.2379,10.06,6.39,0.21,chop,0.42,stressed,-0.17,100,mm,-7649.63
88.259,39,529.9,-14274.83,-14274.83,13200,10400,176.77,176.78,176.7453,12.12,1.17,1.00,TREND,1.67,stressed,0.31,11700,dir,-6218.19,103.13,103.14,103.1274,0.50,0.91,0.09,chop,1.19,calm,-0.04,-1400,mm,-361.49,28.31,28.33,28.2386,10.05,6.39,0.21,chop,0.42,stressed,-0.17,100,mm,-7649.63
88.338,39,529.9,-14274.83,-14274.83,13200,10400,176.77,176.78,176.7461,12.02,1.17,1.00,TREND,1.67,stressed,0.31,11700,dir,-6218.19,103.13,103.14,103.1276,0.56,0.91,0.09,chop,1.19,calm,-0.04,-1400,mm,-361.49,28.31,28.33,28.2407,10.02,6.39,0.21,chop,0.42,stressed,-0.17,100,mm,-7649.63
88.383,39,529.9,-14274.83,-14274.83,13200,10400,176.77,176.78,176.7465,11.96,1.13,1.00,TREND,1.67,stressed,0.31,11700,dir,-6218.19,103.13,103.14,103.1277,0.59,0.96,0.09,chop,1.19,calm,-0.04,-1400,mm,-361.49,28.31,28.33,28.2419,10.01,5.97,0.21,chop,0.42,stressed,-0.17,100,mm,-7649.63
88.444,39,529.9,-14274.83,-14274.83,13200,10400,176.77,176.78,176.7471,11.88,1.13,1.00,TREND,1.67,stressed,0.31,11700,dir,-6218.19,103.13,103.14,103.1278,0.64,0.96,0.09,chop,1.19,calm,-0.04,-1400,mm,-361.49,28.31,28.33,28.2435,9.98,5.97,0.21,chop,0.42,stressed,-0.17,100,mm,-7649.63
88.476,39,529.9,-14274.83,-14274.83,13200,10400,176.77,176.78,176.7474,11.84,1.13,1.00,TREND,1.63,stressed,0.31,11700,dir,-6218.19,103.13,103.14,103.1279,0.66,0.96,0.14,chop,1.17,calm,-0.04,-1400,mm,-361.49,28.31,28.33,28.2443,9.96,5.97,0.21,chop,0.43,stressed,-0.17,100,mm,-7649.63
88.617,39,533.7,-14274.83,-14274.83,14596,11796,176.77,176.78,176.7486,11.66,1.13,1.00,TREND,1.63,stressed,0.31,13096,dir,-6235.92,103.14,103.15,103.1287,0.85,0.96,0.14,chop,1.17,calm,-0.04,-1400,mm,-375.49,28.3,28.33,28.2475,9.83,5.97,0.21,chop,0.43,stressed,-0.17,100,mm,-7650.63
89.005,39,533.7,-14274.83,-14274.83,14596,11796,176.77,176.78,176.7518,11.17,1.09,1.00,TREND,1.59,stressed,0.31,13096,dir,-6235.92,103.14,103.15,103.1306,1.25,0.95,0.24,chop,1.49,calm,-0.04,-1400,mm,-375.49,28.3,28.32,28.2550,9.31,5.61,0.21,chop,0.41,stressed,-0.17,100,mm,-7651.63
89.115,40,521.4,-14263.04,-14263.04,14596,11796,176.77,176.78,176.7526,11.03,1.09,1.00,TREND,1.59,stressed,0.42,13096,dir,-6235.92,103.14,103.15,103.1311,1.33,0.95,0.24,chop,1.49,calm,0.32,-1400,mm,-375.49,28.3,28.32,28.2570,9.17,5.61,0.21,chop,0.41,stressed,-0.19,100,mm,-7651.63
89.139,40,521.4,-14263.04,-14263.04,14596,11796,176.77,176.78,176.7528,11.00,1.09,1.00,TREND,1.59,stressed,0.42,13096,dir,-6235.92,103.14,103.15,103.1313,1.34,0.95,0.24,chop,1.49,calm,0.32,-1400,mm,-375.49,28.3,28.32,28.2574,9.14,5.61,0.21,chop,0.41,stressed,-0.19,100,mm,-7651.63
89.224,40,521.4,-14263.04,-14263.04,14596,11796,176.77,176.78,176.7534,10.89,1.09,1.00,TREND,1.59,stressed,0.42,13096,dir,-6235.92,103.14,103.15,103.1316,1.39,0.95,0.24,chop,1.49,calm,0.32,-1400,mm,-375.49,28.3,28.32,28.2588,9.04,5.61,0.21,chop,0.41,stressed,-0.19,100,mm,-7651.63
89.253,40,521.4,-14263.04,-14263.04,14596,11796,176.77,176.78,176.7536,10.85,1.09,1.00,TREND,1.59,stressed,0.42,13096,dir,-6235.92,103.14,103.15,103.1318,1.41,0.95,0.24,chop,1.49,calm,0.32,-1400,mm,-375.49,28.3,28.32,28.2593,9.00,5.61,0.21,chop,0.41,stressed,-0.19,100,mm,-7651.63
89.470,40,521.4,-14263.04,-14263.04,14596,11796,176.76,176.78,176.7547,10.50,1.09,0.89,TREND,1.52,stressed,0.42,13096,dir,-6235.92,103.14,103.15,103.1327,1.51,0.95,0.20,chop,1.47,calm,0.32,-1400,mm,-375.49,28.29,28.31,28.2622,8.58,5.61,0.69,TREND,0.40,stressed,-0.19,100,mm,-7651.63
89.489,40,521.4,-14263.04,-14263.04,14596,11796,176.76,176.78,176.7549,10.47,1.09,0.89,TREND,1.52,stressed,0.42,13096,dir,-6235.92,103.14,103.15,103.1328,1.52,0.95,0.20,chop,1.47,calm,0.32,-1400,mm,-375.49,28.29,28.31,28.2624,8.54,5.61,0.69,TREND,0.40,stressed,-0.19,100,mm,-7651.63
89.530,40,521.4,-14263.04,-14263.04,14596,11796,176.76,176.78,176.7551,10.40,1.09,0.89,TREND,1.52,stressed,0.42,13096,dir,-6235.92,103.14,103.15,103.1329,1.54,0.87,0.20,chop,1.47,calm,0.32,-1400,mm,-375.49,28.29,28.31,28.2629,8.46,5.26,0.69,TREND,0.40,stressed,-0.19,100,mm,-7651.63
89.675,40,521.4,-14263.04,-14263.04,14596,11796,176.76,176.77,176.7555,10.12,1.09,0.89,TREND,1.52,stressed,0.42,13096,dir,-6235.92,103.14,103.15,103.1335,1.58,0.87,0.20,chop,1.47,calm,0.32,-1400,mm,-375.49,28.28,28.3,28.2642,8.10,5.26,0.69,TREND,0.40,stressed,-0.19,100,mm,-7651.63
89.732,40,525.5,-14263.04,-14263.04,14596,11796,176.76,176.77,176.7557,10.02,1.09,0.78,mixed,1.45,stressed,0.42,13096,dir,-6235.92,103.14,103.15,103.1337,1.60,0.87,0.20,chop,1.44,calm,0.32,-1400,mm,-375.49,28.28,28.3,28.2647,7.97,5.26,0.66,TREND,0.39,stressed,-0.19,100,mm,-7651.63
89.765,40,525.5,-14263.04,-14263.04,14596,11796,176.76,176.77,176.7558,9.96,1.09,0.78,mixed,1.45,stressed,0.42,13096,dir,-6235.92,103.14,103.15,103.1338,1.61,0.87,0.20,chop,1.44,calm,0.32,-1400,mm,-375.49,28.28,28.3,28.2650,7.89,5.26,0.66,TREND,0.39,stressed,-0.19,100,mm,-7651.63
89.853,40,525.5,-14263.04,-14263.04,14596,11796,176.75,176.77,176.7559,9.76,1.09,0.78,mixed,1.45,stressed,0.42,13096,dir,-6235.92,103.14,103.15,103.1342,1.62,0.87,0.20,chop,1.44,calm,0.32,-1400,mm,-375.49,28.24,28.27,28.2647,7.44,5.26,0.66,TREND,0.39,stressed,-0.19,100,mm,-7651.63
89.994,40,525.5,-14263.04,-14263.04,14596,11796,176.75,176.77,176.7561,9.48,1.09,0.68,mixed,1.39,stressed,0.42,13096,dir,-6235.92,103.14,103.15,103.1347,1.65,0.87,0.20,chop,1.41,calm,0.32,-1400,mm,-375.49,28.24,28.27,28.2642,6.79,5.26,0.58,TREND,0.29,stressed,-0.19,100,mm,-7651.63
90.029,40,525.5,-14263.04,-14263.04,14596,11796,176.75,176.77,176.7562,9.41,1.09,0.68,mixed,1.39,stressed,0.42,13096,dir,-6235.92,103.14,103.15,103.1348,1.65,0.87,0.20,chop,1.41,calm,0.32,-1400,mm,-375.49,28.24,28.27,28.2641,6.65,5.26,0.58,TREND,0.29,stressed,-0.19,100,mm,-7651.63
90.269,40,525.5,-14263.04,-14263.04,14596,11796,176.74,176.76,176.7557,8.79,1.21,0.52,mixed,1.30,stressed,0.42,13096,dir,-6235.92,103.08,103.15,103.1333,1.12,1.07,0.07,chop,0.40,calm,0.32,-1400,mm,-375.49,28.24,28.25,28.2627,5.57,5.33,0.70,TREND,0.27,stressed,-0.19,100,mm,-7651.63
90.366,40,529.7,-14263.04,-14263.04,14596,11796,176.74,176.76,176.7555,8.56,1.21,0.52,mixed,1.30,stressed,0.42,13096,dir,-6235.92,103.12,103.13,103.1330,1.02,1.07,0.07,chop,0.40,calm,0.32,-1400,mm,-375.49,28.24,28.25,28.2621,5.19,5.33,0.70,TREND,0.27,stressed,-0.19,100,mm,-7651.63
90.920,40,529.7,-14263.04,-14263.04,14596,11796,176.68,176.72,176.7462,5.72,1.57,0.07,chop,0.97,stressed,0.42,13096,dir,-6235.92,103.07,103.08,103.1233,-1.18,1.31,0.16,chop,-0.94,calm,0.32,-1400,mm,-347.49,28.04,28.22,28.2621,5.19,5.33,0.70,TREND,0.27,stressed,-0.19,100,mm,-7651.63
91.695,41,523.1,-15618.60,-15618.60,16904,15904,176.62,176.64,176.7198,0.43,2.03,0.45,mixed,0.52,stressed,-0.03,13904,cut,-7449.07,103.11,103.13,103.1226,-0.59,1.63,0.00,chop,0.53,calm,0.32,-500,mm,-237.71,28.15,28.16,28.2378,-0.85,5.65,0.52,TREND,0.01,stressed,-0.22,2500,mm,-7849.43
91.944,41,523.1,-15618.60,-15618.60,16804,15604,176.51,176.56,176.7052,-2.31,2.03,0.45,mixed,0.52,stressed,-0.03,13804,cut,-9810.02,103.12,103.13,103.1228,-0.38,1.63,0.00,chop,0.53,calm,0.32,-600,mm,-249.91,28.13,28.14,28.2296,-2.29,5.65,0.52,TREND,0.01,stressed,-0.22,2400,mm,-7876.58
92.416,41,527.7,-15618.60,-15618.60,15462,14262,176.36,176.47,176.6633,-9.60,3.68,0.76,TREND,-0.77,stressed,-0.03,12462,cut,-11413.57,103.07,103.12,103.1187,-1.07,1.69,0.17,chop,-0.30,calm,0.32,-600,mm,-249.91,28.13,28.14,28.2160,-4.08,5.23,0.48,TREND,-0.06,stressed,-0.22,2400,mm,-7876.58
92.556,41,528.6,-15618.60,-15618.60,15462,14262,176.36,176.47,176.6521,-11.08,3.68,0.76,TREND,-0.77,stressed,-0.03,12462,cut,-11413.57,103.07,103.12,103.1177,-1.21,1.69,0.17,chop,-0.30,calm,0.32,-600,mm,-249.91,28.13,28.14,28.2123,-4.44,5.23,0.48,TREND,-0.06,stressed,-0.22,2400,mm,-7876.58
92.666,41,528.6,-15618.60,-15618.60,15462,14262,176.36,176.47,176.6437,-12.07,3.68,0.76,TREND,-0.77,stressed,-0.03,12462,cut,-11413.57,103.07,103.12,103.1169,-1.31,1.69,0.17,chop,-0.30,calm,0.32,-600,mm,-249.91,28.13,28.14,28.2096,-4.68,5.23,0.48,TREND,-0.06,stressed,-0.22,2400,mm,-7876.58
92.781,41,528.6,-15618.60,-15618.60,15462,14262,176.36,176.43,176.6344,-13.16,3.68,0.77,TREND,-0.88,stressed,-0.03,12462,cut,-11413.57,103.08,103.12,103.1162,-1.34,1.69,0.23,chop,-0.14,calm,0.32,-600,mm,-249.91,28.13,28.14,28.2068,-4.89,5.23,0.48,TREND,-0.06,stressed,-0.22,2400,mm,-7876.58
93.055,41,528.6,-15618.60,-15618.60,15462,14262,176.37,176.43,176.6141,-15.06,3.44,0.79,TREND,-0.84,stressed,-0.03,12462,cut,-11538.19,103.05,103.11,103.1131,-1.82,1.63,0.32,mixed,-0.80,calm,0.32,-600,mm,-219.91,28.13,28.14,28.2006,-5.26,4.76,0.48,TREND,-0.07,stressed,-0.22,2400,mm,-7876.58
93.574,42,520.2,-19634.68,-19634.68,10462,9262,176.32,176.36,176.5708,-19.12,3.39,0.85,TREND,-1.19,stressed,-0.63,7462,cut,-12034.67,103.1,103.11,103.1118,-1.50,1.73,0.19,chop,0.02,normal,0.08,-600,mm,-219.91,28.13,28.14,28.1902,-5.61,4.33,0.44,TREND,-0.11,stressed,-0.23,2400,mm,-7876.58
93.678,42,520.2,-19634.68,-19634.68,11862,11862,176.32,176.35,176.5628,-19.67,3.39,0.85,TREND,-1.19,stressed,-0.63,7462,cut,-12034.67,103.04,103.11,103.1106,-1.71,1.73,0.19,chop,0.02,normal,0.08,2000,mm,-313.11,28.1,28.14,28.1878,-5.77,4.33,0.44,TREND,-0.11,stressed,-0.23,2400,mm,-7948.58
93.778,42,520.2,-19634.68,-19634.68,11862,11862,176.32,176.35,176.5553,-20.11,3.39,0.85,TREND,-1.19,stressed,-0.63,7462,cut,-12034.67,103.04,103.11,103.1094,-1.89,1.73,0.19,chop,0.02,normal,0.08,2000,mm,-313.11,28.1,28.14,28.1856,-5.90,4.33,0.44,TREND,-0.11,stressed,-0.23,2400,mm,-7948.58
93.882,42,520.2,-19634.68,-19634.68,11862,11862,176.32,176.35,176.5478,-20.50,3.39,0.85,TREND,-1.21,stressed,-0.63,7462,cut,-12034.67,103.04,103.11,103.1082,-2.05,1.73,0.28,mixed,-0.96,calm,0.08,2000,mm,-313.11,28.1,28.14,28.1834,-6.01,4.33,0.47,TREND,-0.17,stressed,-0.23,2400,mm,-7948.58
94.108,42,523.5,-19634.68,-19634.68,11862,11862,176.29,176.31,176.5300,-21.72,3.13,0.85,TREND,-1.21,stressed,-0.63,7462,cut,-12034.67,103.07,103.09,103.1062,-2.25,1.77,0.28,mixed,-0.96,calm,0.08,2000,mm,-213.11,28.11,28.14,28.1792,-6.10,3.95,0.47,TREND,-0.17,stressed,-0.23,2400,mm,-7924.58
94.272,42,523.5,-19634.68,-19634.68,6862,6862,176.28,176.29,176.5171,-22.55,3.13,0.87,TREND,-1.47,stressed,-0.63,2462,cut,-12346.65,103.07,103.09,103.1048,-2.35,1.77,0.24,chop,-0.83,normal,0.08,2000,mm,-253.11,28.12,28.14,28.1766,-6.06,3.95,0.50,TREND,-0.15,stressed,-0.23,2400,mm,-7924.58
94.333,42,523.5,-19634.68,-19634.68,6862,6862,176.28,176.29,176.5124,-22.81,3.13,0.87,TREND,-1.47,stressed,-0.63,2462,cut,-12346.65,103.07,103.09,103.1043,-2.39,1.77,0.24,chop,-0.83,normal,0.08,2000,mm,-253.11,28.12,28.14,28.1756,-6.05,3.95,0.50,TREND,-0.15,stressed,-0.23,2400,mm,-7924.58
94.361,42,523.5,-19634.68,-19634.68,6862,6862,176.28,176.29,176.5103,-22.92,3.13,0.87,TREND,-1.47,stressed,-0.63,2462,cut,-12346.65,103.07,103.09,103.1041,-2.40,1.77,0.24,chop,-0.83,normal,0.08,2000,mm,-253.11,28.12,28.14,28.1752,-6.04,3.95,0.50,TREND,-0.15,stressed,-0.23,2400,mm,-7924.58
94.379,42,523.5,-19634.68,-19634.68,6862,6862,176.28,176.29,176.5089,-22.98,3.13,0.87,TREND,-1.47,stressed,-0.63,2462,cut,-12346.65,103.07,103.09,103.1040,-2.41,1.77,0.24,chop,-0.83,normal,0.08,2000,mm,-253.11,28.12,28.14,28.1750,-6.03,3.95,0.50,TREND,-0.15,stressed,-0.23,2400,mm,-7924.58
94.431,42,523.5,-19634.68,-19634.68,6862,6862,176.28,176.29,176.5052,-23.16,3.13,0.87,TREND,-1.47,stressed,-0.63,2462,cut,-12346.65,103.07,103.09,103.1036,-2.43,1.77,0.24,chop,-0.83,normal,0.08,2000,mm,-253.11,28.12,28.14,28.1742,-6.02,3.95,0.50,TREND,-0.15,stressed,-0.23,2400,mm,-7924.58
94.492,42,523.5,-19634.68,-19634.68,5936,5936,176.27,176.29,176.5006,-23.38,3.13,0.87,TREND,-1.47,stressed,-0.63,2462,cut,-12346.65,103.07,103.08,103.1030,-2.48,1.77,0.24,chop,-0.83,normal,0.08,2000,mm,-253.11,28.12,28.14,28.1733,-6.00,3.95,0.50,TREND,-0.15,stressed,-0.23,1474,mm,-7871.78
94.600,42,526.6,-19634.68,-19634.68,5936,5936,176.27,176.29,176.4930,-23.69,3.13,0.87,TREND,-1.48,stressed,-0.63,2462,cut,-12346.65,103.07,103.08,103.1020,-2.56,1.77,0.21,chop,-1.04,calm,0.08,2000,mm,-253.11,28.12,28.14,28.1718,-5.96,3.95,0.53,TREND,-0.16,stressed,-0.23,1474,mm,-7871.78
94.704,42,526.6,-19634.68,-19634.68,5936,5936,176.27,176.29,176.4857,-23.94,2.92,0.87,TREND,-1.48,stressed,-0.63,2462,cut,-12346.65,103.07,103.08,103.1011,-2.63,1.61,0.21,chop,-1.04,calm,0.08,2000,mm,-253.11,28.12,28.14,28.1704,-5.92,3.65,0.53,TREND,-0.16,stressed,-0.23,1474,mm,-7871.78
94.801,42,526.6,-19634.68,-19634.68,4336,3536,176.26,176.28,176.4790,-24.19,2.92,0.87,TREND,-1.48,stressed,-0.63,2462,cut,-12346.65,103.05,103.08,103.1000,-2.76,1.61,0.21,chop,-1.04,calm,0.08,-400,mm,-246.31,28.12,28.14,28.1691,-5.88,3.65,0.53,TREND,-0.16,stressed,-0.23,1474,mm,-7871.78
94.862,42,526.6,-19634.68,-19634.68,4336,3536,176.26,176.28,176.4748,-24.32,2.92,0.92,TREND,-1.51,stressed,-0.63,2462,cut,-12346.65,103.05,103.08,103.0993,-2.83,1.61,0.21,chop,-1.39,calm,0.08,-400,mm,-246.31,28.12,28.14,28.1683,-5.85,3.65,0.56,TREND,-0.18,stressed,-0.23,1474,mm,-7871.78
95.012,42,526.6,-19634.68,-19634.68,3188,1736,176.26,176.28,176.4649,-24.57,2.92,0.92,TREND,-1.51,stressed,-0.63,2462,cut,-12420.51,103.05,103.06,103.0971,-3.11,1.61,0.21,chop,-1.39,calm,0.08,-400,mm,-226.31,28.13,28.15,28.1670,-5.66,3.65,0.56,TREND,-0.18,stressed,-0.23,-326,mm,-7825.58
95.238,43,516.0,-20472.40,-20472.40,3188,1736,176.24,176.26,176.4494,-25.10,2.64,0.94,TREND,-1.59,stressed,-0.74,2462,cut,-12420.51,103.05,103.06,103.0941,-3.43,1.60,0.24,chop,-1.78,calm,-0.37,-400,mm,-226.31,28.13,28.14,28.1647,-5.49,3.37,0.68,TREND,-0.20,stressed,-0.23,-326,mm,-7825.58
95.510,43,516.0,-20472.40,-20472.40,726,-726,176.23,176.24,176.4309,-25.70,2.64,0.95,TREND,-1.64,stressed,-0.74,0,mm,-12501.02,103.05,103.06,103.0907,-3.70,1.60,0.24,chop,-1.74,calm,-0.37,-400,mm,-226.31,28.13,28.14,28.1621,-5.29,3.37,0.68,TREND,-0.20,stressed,-0.23,-326,mm,-7825.58
95.640,43,516.0,-20472.40,-20472.40,726,-726,176.21,176.22,176.4216,-26.07,2.64,0.95,TREND,-1.64,stressed,-0.74,0,mm,-12501.02,103.03,103.06,103.0887,-3.90,1.60,0.24,chop,-1.74,calm,-0.37,-400,mm,-226.31,28.13,28.14,28.1609,-5.20,3.37,0.68,TREND,-0.20,stressed,-0.23,-326,mm,-7825.58
95.696,43,518.8,-20472.40,-20472.40,726,-726,176.21,176.22,176.4178,-26.19,2.64,0.95,TREND,-1.64,stressed,-0.74,0,mm,-12501.02,103.03,103.06,103.0879,-3.97,1.60,0.24,chop,-1.74,calm,-0.37,-400,mm,-226.31,28.13,28.14,28.1605,-5.16,3.37,0.68,TREND,-0.20,stressed,-0.23,-326,mm,-7825.58
95.787,43,518.8,-20472.40,-20472.40,726,-726,176.2,176.21,176.4116,-26.44,2.50,0.95,TREND,-1.76,stressed,-0.74,0,mm,-12501.02,103.05,103.06,103.0870,-4.00,1.48,0.24,chop,-1.72,calm,-0.37,-400,mm,-226.31,28.13,28.14,28.1597,-5.10,3.06,0.71,TREND,-0.21,stressed,-0.23,-326,mm,-7822.32
95.888,43,518.8,-20472.40,-20472.40,726,-726,176.2,176.21,176.4047,-26.65,2.50,0.95,TREND,-1.76,stressed,-0.74,0,mm,-12501.02,103.05,103.06,103.0859,-4.03,1.48,0.24,chop,-1.72,calm,-0.37,-400,mm,-226.31,28.13,28.14,28.1589,-5.03,3.06,0.71,TREND,-0.21,stressed,-0.23,-326,mm,-7822.32
95.934,43,518.8,-20472.40,-20472.40,726,-726,176.2,176.21,176.4017,-26.73,2.50,0.95,TREND,-1.76,stressed,-0.74,0,mm,-12501.02,103.05,103.06,103.0854,-4.04,1.48,0.24,chop,-1.72,calm,-0.37,-400,mm,-226.31,28.13,28.14,28.1585,-5.00,3.06,0.71,TREND,-0.21,stressed,-0.23,-326,mm,-7822.32
95.960,43,518.8,-20472.40,-20472.40,726,-726,176.2,176.21,176.4000,-26.77,2.50,0.95,TREND,-1.76,stressed,-0.74,0,mm,-12501.02,103.05,103.06,103.0852,-4.04,1.48,0.24,chop,-1.72,calm,-0.37,-400,mm,-226.31,28.13,28.14,28.1583,-4.99,3.06,0.71,TREND,-0.21,stressed,-0.23,-326,mm,-7822.32
96.049,43,518.8,-20472.40,-20472.40,726,-726,176.2,176.21,176.3943,-26.88,2.50,0.95,TREND,-1.72,stressed,-0.74,0,mm,-12501.02,103.06,103.08,103.0847,-3.95,1.48,0.18,chop,-1.21,calm,-0.37,-400,mm,-226.31,28.13,28.14,28.1576,-4.93,3.06,0.71,TREND,-0.23,stressed,-0.23,-326,mm,-7822.32
96.131,43,518.8,-20472.40,-20472.40,5226,-5226,176.2,176.21,176.3892,-26.95,2.50,0.95,TREND,-1.72,stressed,-0.74,0,mm,-12501.02,103.06,103.08,103.0843,-3.86,1.48,0.18,chop,-1.21,calm,-0.37,-4900,mm,-382.31,28.13,28.14,28.1570,-4.88,3.06,0.71,TREND,-0.23,stressed,-0.23,-326,mm,-7822.32
96.229,43,522.1,-20472.40,-20472.40,5226,-5226,176.2,176.21,176.3834,-27.00,2.50,0.95,TREND,-1.72,stressed,-0.74,0,mm,-12501.02,103.06,103.08,103.0839,-3.76,1.48,0.18,chop,-1.21,calm,-0.37,-4900,mm,-382.31,28.13,28.14,28.1563,-4.81,3.06,0.71,TREND,-0.23,stressed,-0.23,-326,mm,-7822.32
96.355,43,522.1,-20472.40,-20472.40,5226,-5226,176.19,176.21,176.3759,-27.06,2.50,0.95,TREND,-1.71,stressed,-0.74,0,mm,-12501.02,103.06,103.08,103.0833,-3.65,1.51,0.18,chop,-1.21,calm,-0.37,-4900,mm,-333.31,28.13,28.14,28.1555,-4.74,2.78,0.75,TREND,-0.25,stressed,-0.23,-326,mm,-7822.32
96.555,43,522.1,-20472.40,-20472.40,5226,-5226,176.19,176.21,176.3646,-27.04,2.50,0.95,TREND,-1.71,stressed,-0.74,0,dir,-12501.02,103.06,103.08,103.0825,-3.48,1.51,0.18,chop,-1.21,calm,-0.37,-4900,mm,-333.31,28.13,28.14,28.1542,-4.62,2.78,0.75,TREND,-0.25,stressed,-0.23,-326,mm,-7822.32
96.634,43,522.1,-20472.40,-20472.40,9726,-9726,176.19,176.2,176.3603,-27.03,2.50,0.97,TREND,-1.70,stressed,-0.74,0,dir,-12501.02,103.06,103.09,103.0823,-3.39,1.51,0.16,chop,-1.03,calm,-0.37,-9400,mm,-436.31,28.13,28.14,28.1537,-4.57,2.78,0.75,TREND,-0.27,stressed,-0.23,-326,mm,-7822.32
96.746,43,525.2,-20472.40,-20472.40,9726,-9726,176.19,176.2,176.3543,-26.99,2.50,0.97,TREND,-1.70,stressed,-0.74,0,dir,-12501.02,103.06,103.09,103.0820,-3.27,1.51,0.16,chop,-1.03,calm,-0.37,-9400,mm,-436.31,28.13,28.14,28.1530,-4.51,2.78,0.75,TREND,-0.27,stressed,-0.23,-326,mm,-7822.32
96.971,43,525.2,-20472.40,-20472.40,9726,-9726,176.15,176.2,176.3415,-27.16,2.29,0.98,TREND,-1.76,stressed,-0.74,0,dir,-12501.02,103.08,103.09,103.0822,-2.87,1.52,0.11,chop,-0.69,calm,-0.37,-9400,mm,-436.31,28.13,28.14,28.1517,-4.38,2.53,0.75,TREND,-0.28,stressed,-0.23,-326,mm,-7822.32
97.152,43,525.2,-20472.40,-20472.40,9726,-9726,176.12,176.19,176.3307,-27.44,2.29,0.98,TREND,-1.76,stressed,-0.74,0,dir,-12501.02,103.08,103.09,103.0824,-2.61,1.52,0.11,chop,-0.69,calm,-0.37,-9400,mm,-436.31,28.13,28.14,28.1507,-4.28,2.53,0.75,TREND,-0.28,stressed,-0.23,-326,mm,-7822.32
97.230,43,525.2,-20472.40,-20472.40,9726,-9726,176.12,176.19,176.3262,-27.51,2.29,0.98,TREND,-1.82,stressed,-0.74,0,dir,-12501.02,103.08,103.09,103.0825,-2.51,1.52,0.10,chop,-0.69,calm,-0.37,-9400,mm,-436.31,28.13,28.14,28.1503,-4.24,2.53,0.75,TREND,-0.28,stressed,-0.23,-326,mm,-7822.32
97.800,44,517.3,-20759.65,-20759.65,13826,-13826,176.09,176.12,176.2880,-29.20,2.43,0.99,TREND,-2.00,stressed,-1.00,-1800,dir,-12647.88,103.09,103.1,103.0846,-1.58,1.47,0.08,chop,-0.40,calm,-0.25,-9400,mm,-436.31,28.13,28.16,28.1494,-3.58,2.39,0.78,TREND,-0.25,stressed,-0.22,-2626,mm,-7849.31
98.210,44,517.3,-20759.65,-20759.65,16726,-16726,176.08,176.1,176.2629,-29.76,2.43,0.99,TREND,-2.02,stressed,-1.00,-5000,dir,-12571.88,103.09,103.11,103.0866,-1.02,1.47,0.11,chop,-0.24,calm,-0.25,-9100,mm,-706.91,28.15,28.16,28.1501,-2.95,2.39,0.70,TREND,-0.22,stressed,-0.22,-2626,mm,-7849.31
98.463,44,521.2,-20759.65,-20759.65,17326,-17326,176.08,176.09,176.2487,-29.83,2.30,0.99,TREND,-1.98,stressed,-1.00,-5000,dir,-12571.88,103.11,103.12,103.0889,-0.49,1.50,0.06,chop,0.30,calm,-0.25,-9700,mm,-708.11,28.15,28.16,28.1505,-2.66,2.25,0.70,TREND,-0.20,stressed,-0.22,-2626,mm,-7849.31
98.562,44,521.2,-20759.65,-20759.65,17326,-17326,176.08,176.09,176.2434,-29.79,2.30,0.99,TREND,-1.98,stressed,-1.00,-5000,dir,-12571.88,103.11,103.12,103.0897,-0.31,1.50,0.06,chop,0.30,calm,-0.25,-9700,mm,-708.11,28.15,28.16,28.1507,-2.56,2.25,0.70,TREND,-0.20,stressed,-0.22,-2626,mm,-7849.31
98.616,44,521.2,-20759.65,-20759.65,15226,-15226,176.08,176.09,176.2405,-29.76,2.30,0.99,TREND,-1.98,stressed,-1.00,-5000,dir,-12571.88,103.08,103.1,103.0897,-0.34,1.50,0.06,chop,0.30,calm,-0.25,-7600,mm,-536.31,28.15,28.18,28.1509,-2.46,2.25,0.70,TREND,-0.20,stressed,-0.22,-2626,mm,-7849.31
98.730,44,521.2,-20759.65,-20759.65,15226,-15226,176.08,176.09,176.2348,-29.67,2.30,0.99,TREND,-1.93,stressed,-1.00,-5000,dir,-12571.88,103.08,103.1,103.0897,-0.40,1.50,0.16,chop,-0.60,calm,-0.25,-7600,mm,-536.31,28.15,28.18,28.1514,-2.28,2.25,0.62,TREND,-0.15,stressed,-0.22,-2626,mm,-7849.31
98.816,44,521.2,-20759.65,-20759.65,15226,-15226,176.08,176.09,176.2306,-29.57,2.30,0.99,TREND,-1.93,stressed,-1.00,-5000,dir,-12571.88,103.08,103.1,103.0897,-0.43,1.50,0.16,chop,-0.60,calm,-0.25,-7600,mm,-536.31,28.15,28.18,28.1518,-2.15,2.25,0.62,TREND,-0.15,stressed,-0.22,-2626,mm,-7849.31
98.917,44,523.9,-20759.65,-20759.65,15226,-15226,176.04,176.09,176.2252,-29.61,2.30,0.99,TREND,-1.93,stressed,-1.00,-5000,dir,-12571.88,103.08,103.09,103.0896,-0.51,1.50,0.16,chop,-0.60,calm,-0.25,-7600,mm,-536.31,28.17,28.21,28.1531,-1.80,2.25,0.62,TREND,-0.15,stressed,-0.22,-2626,mm,-7849.31
99.061,44,523.9,-20759.65,-20759.65,15226,-15226,176.04,176.07,176.2173,-29.71,2.09,0.99,TREND,-2.01,stressed,-1.00,-5000,dir,-12421.88,103.08,103.16,103.0910,-0.20,1.38,0.07,chop,0.48,calm,-0.25,-7600,mm,-992.31,28.17,28.18,28.1541,-1.54,2.21,0.55,TREND,-0.11,stressed,-0.22,-2626,mm,-7901.83
99.517,45,513.5,-21316.02,-21316.02,10226,-10226,176.04,176.06,176.1939,-29.66,2.09,0.99,TREND,-1.97,stressed,-1.01,-5000,dir,-12421.88,103.04,103.12,103.0894,-0.74,1.38,0.16,chop,-0.95,calm,-0.22,-2600,mm,-681.31,28.19,28.28,28.1654,0.93,2.21,0.19,chop,0.17,stressed,-0.17,-2626,mm,-7901.83
99.714,45,513.5,-21316.02,-21316.02,10226,-10226,176.04,176.05,176.1844,-29.52,2.07,0.99,TREND,-1.97,stressed,-1.01,-5000,dir,-12421.88,103.04,103.12,103.0888,-0.89,1.62,0.16,chop,-0.95,calm,-0.22,-2600,mm,-681.31,28.19,28.28,28.1698,1.68,2.51,0.19,chop,0.17,stressed,-0.17,-2626,mm,-7901.83
99.795,45,513.5,-21316.02,-21316.02,10626,-10626,176.04,176.05,176.1807,-29.44,2.07,0.99,TREND,-1.94,stressed,-1.01,-5400,dir,-12488.96,103.09,103.1,103.0890,-0.85,1.62,0.12,chop,-0.41,calm,-0.22,-2600,mm,-629.31,28.29,28.32,28.1734,2.40,2.51,0.16,chop,0.44,stressed,-0.17,-2626,mm,-8243.21
100.125,45,517.0,-21316.02,-21316.02,10726,-10726,176.02,176.05,176.1656,-29.18,2.07,0.99,TREND,-1.93,stressed,-1.01,-5500,dir,-12328.23,103.08,103.1,103.0891,-0.80,1.62,0.06,chop,-0.59,calm,-0.22,-2600,mm,-629.31,28.28,28.33,28.1870,4.76,2.51,0.19,chop,0.46,stressed,-0.17,-2626,mm,-8243.21
100.300,45,517.0,-21316.02,-21316.02,9600,-9600,176.02,176.04,176.1579,-29.01,2.00,0.99,TREND,-1.93,stressed,-1.01,-7000,dir,-12307.28,103.08,103.14,103.0903,-0.50,1.74,0.06,chop,-0.59,calm,-0.22,-2600,mm,-629.31,28.29,28.32,28.1937,5.67,2.82,0.19,chop,0.46,stressed,-0.17,0,mm,-8352.60
100.384,45,517.0,-21316.02,-21316.02,9600,-9600,176.02,176.04,176.1545,-28.90,2.00,0.99,TREND,-1.90,stressed,-1.01,-7000,dir,-12307.28,103.08,103.14,103.0908,-0.38,1.74,0.09,chop,0.11,calm,-0.22,-2600,mm,-629.31,28.29,28.32,28.1967,6.04,2.82,0.68,TREND,0.48,stressed,-0.17,0,mm,-8352.60
100.493,45,517.0,-21316.02,-21316.02,9600,-9600,175.99,176.04,176.1495,-28.87,2.00,0.99,TREND,-1.90,stressed,-1.01,-7000,dir,-12307.28,103.1,103.13,103.0917,-0.19,1.74,0.09,chop,0.11,calm,-0.22,-2600,mm,-629.31,28.35,28.38,28.2027,7.01,2.82,0.68,TREND,0.48,stressed,-0.17,0,mm,-8352.60
100.512,45,517.0,-21316.02,-21316.02,9600,-9600,175.99,176.04,176.1486,-28.86,2.00,0.99,TREND,-1.90,stressed,-1.01,-7000,dir,-12307.28,103.1,103.13,103.0918,-0.16,1.74,0.09,chop,0.11,calm,-0.22,-2600,mm,-629.31,28.35,28.38,28.2037,7.17,2.82,0.68,TREND,0.48,stressed,-0.17,0,mm,-8352.60
100.842,45,517.0,-21316.02,-21316.02,9600,-9600,175.99,176.04,176.1349,-28.56,1.91,0.99,TREND,-1.91,stressed,-1.01,-7000,dir,-12307.28,103.1,103.13,103.0942,0.29,1.60,0.11,chop,0.27,calm,-0.22,-2600,mm,-629.31,28.35,28.38,28.2204,9.34,2.96,0.75,TREND,0.73,stressed,-0.17,0,mm,-8352.60
100.929,45,521.7,-21316.02,-21316.02,9600,-9600,176.0,176.03,176.1314,-28.44,1.91,0.99,TREND,-1.91,stressed,-1.01,-7000,dir,-12307.28,103.09,103.1,103.0942,0.23,1.60,0.11,chop,0.27,calm,-0.22,-2600,mm,-629.31,28.4,28.41,28.2257,10.07,2.96,0.75,TREND,0.73,stressed,-0.17,0,mm,-8352.60
100.981,45,521.7,-21316.02,-21316.02,9600,-9600,175.99,176.02,176.1293,-28.40,1.91,0.99,TREND,-1.91,stressed,-1.01,-7000,dir,-12167.28,103.07,103.1,103.0941,0.16,1.60,0.11,chop,0.27,calm,-0.22,-2600,mm,-629.31,28.4,28.41,28.2287,10.47,2.96,0.75,TREND,0.73,stressed,-0.17,0,mm,-8352.60
101.005,45,521.7,-21316.02,-21316.02,9600,-9600,175.99,176.02,176.1283,-28.38,1.91,0.99,TREND,-1.91,stressed,-1.01,-7000,dir,-12167.28,103.07,103.1,103.0940,0.12,1.60,0.11,chop,0.27,calm,-0.22,-2600,mm,-629.31,28.4,28.41,28.2301,10.64,2.96,0.75,TREND,0.73,stressed,-0.17,0,mm,-8352.60
101.073,45,521.7,-21316.02,-21316.02,9600,-9600,175.99,176.02,176.1256,-28.32,1.91,0.99,TREND,-1.91,stressed,-1.01,-7000,dir,-12167.28,103.07,103.1,103.0938,0.04,1.60,0.11,chop,0.27,calm,-0.22,-2600,mm,-629.31,28.4,28.41,28.2340,11.11,2.96,0.75,TREND,0.73,stressed,-0.17,0,mm,-8352.60
101.231,45,521.7,-21316.02,-21316.02,9600,-9600,175.99,176.02,176.1195,-28.14,1.91,0.98,TREND,-1.90,stressed,-1.01,-7000,dir,-12167.28,103.07,103.09,103.0931,-0.21,1.60,0.11,chop,-1.04,calm,-0.22,-2600,mm,-629.31,28.4,28.42,28.2429,12.09,2.96,0.78,TREND,0.90,stressed,-0.17,0,mm,-8352.60
101.324,45,521.7,-21316.02,-21316.02,9600,-9600,175.98,176.01,176.1157,-28.09,1.91,0.98,TREND,-1.90,stressed,-1.01,-7000,dir,-12167.28,103.07,103.09,103.0927,-0.33,1.60,0.11,chop,-1.04,calm,-0.22,-2600,mm,-629.31,28.4,28.42,28.2480,12.59,2.96,0.78,TREND,0.90,stressed,-0.17,0,mm,-8352.60
101.680,46,512.3,-21149.19,-21149.19,13100,-13100,175.98,176.01,176.1022,-27.68,1.78,0.98,TREND,-1.88,stressed,-1.06,-10500,dir,-12211.73,103.08,103.09,103.0919,-0.57,1.73,0.09,chop,-0.88,calm,0.08,-2600,mm,-603.31,28.42,28.43,28.2677,14.32,3.03,0.79,TREND,0.95,stressed,-0.07,0,mm,-8352.60
101.873,46,512.3,-21149.19,-21149.19,10900,-10100,175.95,176.0,176.0943,-27.66,1.78,0.98,TREND,-1.88,stressed,-1.06,-10500,dir,-12211.73,103.06,103.09,103.0908,-0.82,1.73,0.09,chop,-0.88,calm,0.08,400,mm,-591.31,28.42,28.43,28.2775,14.93,3.03,0.79,TREND,0.95,stressed,-0.07,0,mm,-8352.60
102.003,46,512.3,-21149.19,-21149.19,10900,-10100,175.94,175.99,176.0889,-27.69,1.78,0.98,TREND,-1.94,stressed,-1.06,-10500,dir,-12211.73,103.04,103.09,103.0897,-1.05,1.73,0.08,chop,-1.63,calm,0.08,400,mm,-591.31,28.42,28.45,28.2841,15.34,3.03,0.91,TREND,0.98,stressed,-0.07,0,mm,-8352.60
102.032,46,514.3,-21149.19,-21149.19,10900,-10100,175.94,175.99,176.0877,-27.69,1.78,0.98,TREND,-1.94,stressed,-1.06,-10500,dir,-12211.73,103.04,103.09,103.0895,-1.10,1.73,0.08,chop,-1.63,calm,0.08,400,mm,-591.31,28.42,28.45,28.2855,15.42,3.03,0.91,TREND,0.98,stressed,-0.07,0,mm,-8352.60
102.159,46,514.3,-21149.19,-21149.19,10900,-10100,175.94,175.99,176.0827,-27.65,1.78,0.98,TREND,-1.94,stressed,-1.06,-10500,dir,-12211.73,103.04,103.09,103.0885,-1.30,1.73,0.08,chop,-1.63,calm,0.08,400,mm,-591.31,28.42,28.45,28.2917,15.72,3.03,0.91,TREND,0.98,stressed,-0.07,0,mm,-8352.60
102.230,46,514.3,-21149.19,-21149.19,10900,-10100,175.93,175.98,176.0797,-27.67,1.73,0.98,TREND,-1.94,stressed,-1.06,-10500,dir,-12211.73,103.04,103.1,103.0880,-1.36,1.68,0.08,chop,-1.63,calm,0.08,400,mm,-591.31,28.42,28.46,28.2952,15.89,2.80,0.91,TREND,0.98,stressed,-0.07,0,mm,-8352.60
102.309,46,514.3,-21149.19,-21149.19,10900,-10100,175.93,175.98,176.0765,-27.66,1.73,0.98,TREND,-1.92,stressed,-1.06,-10500,dir,-12211.73,103.04,103.1,103.0876,-1.43,1.68,0.07,chop,-1.43,calm,0.08,400,mm,-591.31,28.42,28.46,28.2989,16.05,2.80,0.91,TREND,0.98,stressed,-0.07,0,mm,-8352.60
102.506,46,514.3,-21149.19,-21149.19,10900,-10100,175.91,175.95,176.0672,-27.96,1.73,0.98,TREND,-1.92,stressed,-1.06,-10500,dir,-12211.73,103.04,103.1,103.0865,-1.57,1.68,0.07,chop,-1.43,calm,0.08,400,mm,-591.31,28.43,28.46,28.3081,16.42,2.80,0.91,TREND,0.98,stressed,-0.07,0,mm,-8352.60
102.575,46,517.4,-21149.19,-21149.19,10900,-10100,175.91,175.95,176.0641,-28.02,1.73,0.98,TREND,-1.96,stressed,-1.06,-10500,dir,-12211.73,103.08,103.09,103.0864,-1.52,1.68,0.04,chop,-0.87,calm,0.08,400,mm,-591.31,28.43,28.46,28.3112,16.51,2.80,0.91,TREND,0.98,stressed,-0.07,0,mm,-8352.60
102.728,46,517.4,-21149.19,-21149.19,11500,-10700,175.91,175.94,176.0573,-28.15,1.73,0.98,TREND,-1.96,stressed,-1.06,-11100,dir,-11496.35,103.08,103.1,103.0866,-1.37,1.68,0.04,chop,-0.87,calm,0.08,400,mm,-583.31,28.43,28.46,28.3178,16.66,2.80,0.91,TREND,0.98,stressed,-0.07,0,mm,-8352.60
102.796,46,517.4,-21149.19,-21149.19,11500,-10700,175.91,175.94,176.0543,-28.17,1.58,0.98,TREND,-1.96,stressed,-1.06,-11100,dir,-11496.35,103.08,103.1,103.0867,-1.30,1.71,0.04,chop,-0.87,calm,0.08,400,mm,-583.31,28.43,28.46,28.3206,16.71,2.67,0.91,TREND,0.98,stressed,-0.07,0,mm,-8352.60
102.874,46,517.4,-21149.19,-21149.19,11500,-10700,175.91,175.94,176.0510,-28.18,1.58,1.00,TREND,-1.92,stressed,-1.06,-11100,dir,-11496.35,103.08,103.1,103.0868,-1.24,1.71,0.03,chop,-0.69,calm,0.08,400,mm,-583.31,28.43,28.46,28.3238,16.75,2.67,0.91,TREND,0.95,stressed,-0.07,0,mm,-8352.60
103.014,46,517.4,-21149.19,-21149.19,11700,-11700,175.91,175.93,176.0451,-28.20,1.58,1.00,TREND,-1.92,stressed,-1.06,-11100,dir,-11385.35,103.03,103.05,103.0847,-1.69,1.71,0.03,chop,-0.69,calm,0.08,-600,mm,-557.31,28.43,28.46,28.3293,16.77,2.67,0.91,TREND,0.95,stressed,-0.07,0,mm,-8352.60
103.077,47,506.9,-20295.26,-20295.26,11700,-11700,175.91,175.93,176.0425,-28.18,1.58,1.00,TREND,-1.92,stressed,-1.15,-11100,dir,-11385.35,103.03,103.05,103.0837,-1.88,1.71,0.03,chop,-0.69,calm,-0.40,-600,mm,-557.31,28.43,28.46,28.3317,16.77,2.67,0.91,TREND,0.95,stressed,-0.06,0,mm,-8352.60
103.117,47,506.9,-20295.26,-20295.26,11700,-11700,175.91,175.93,176.0409,-28.16,1.58,1.00,TREND,-1.92,stressed,-1.15,-11100,dir,-11385.35,103.03,103.05,103.0832,-1.99,1.71,0.03,chop,-0.69,calm,-0.40,-600,mm,-557.31,28.43,28.46,28.3332,16.76,2.67,0.91,TREND,0.95,stressed,-0.06,0,mm,-8352.60
103.137,47,506.9,-20295.26,-20295.26,11700,-11700,175.91,175.93,176.0401,-28.15,1.58,1.00,TREND,-1.88,stressed,-1.15,-11100,dir,-11385.35,103.03,103.05,103.0829,-2.04,1.71,0.16,chop,-2.50,calm,-0.40,-600,mm,-557.31,28.43,28.46,28.3339,16.76,2.67,0.91,TREND,0.92,stressed,-0.06,0,mm,-8352.60
103.188,47,506.9,-20295.26,-20295.26,11700,-11700,175.91,175.93,176.0380,-28.12,1.58,1.00,TREND,-1.88,stressed,-1.15,-11100,dir,-11385.35,103.03,103.05,103.0821,-2.17,1.71,0.16,chop,-2.50,calm,-0.40,-600,mm,-557.31,28.43,28.46,28.3358,16.75,2.67,0.91,TREND,0.92,stressed,-0.06,0,mm,-8352.60
103.255,47,506.9,-20295.26,-20295.26,11700,-11700,175.91,175.93,176.0355,-28.07,1.58,1.00,TREND,-1.88,stressed,-1.15,-11100,dir,-11385.35,103.04,103.05,103.0813,-2.29,1.71,0.16,chop,-2.50,calm,-0.40,-600,mm,-557.31,28.44,28.45,28.3382,16.72,2.67,0.91,TREND,0.92,stressed,-0.06,0,mm,-8352.60
103.309,47,506.9,-20295.26,-20295.26,11700,-11700,175.91,175.93,176.0334,-28.02,1.63,1.00,TREND,-1.88,stressed,-1.15,-11100,dir,-11385.35,103.04,103.05,103.0807,-2.39,1.94,0.16,chop,-2.50,calm,-0.40,-600,mm,-557.31,28.44,28.45,28.3401,16.70,2.59,0.91,TREND,0.92,stressed,-0.06,0,mm,-8352.60
103.343,47,506.9,-20295.26,-20295.26,11700,-11700,175.91,175.93,176.0321,-27.98,1.63,1.00,TREND,-1.88,stressed,-1.15,-11100,dir,-11385.35,103.04,103.05,103.0803,-2.45,1.94,0.16,chop,-2.50,calm,-0.40,-600,mm,-557.31,28.44,28.45,28.3413,16.68,2.59,0.91,TREND,0.92,stressed,-0.06,0,mm,-8352.60
103.365,47,506.9,-20295.26,-20295.26,11700,-11700,175.91,175.93,176.0313,-27.96,1.63,1.00,TREND,-1.88,stressed,-1.15,-11100,dir,-11385.35,103.04,103.05,103.0800,-2.48,1.94,0.16,chop,-2.50,calm,-0.40,-600,mm,-557.31,28.44,28.45,28.3420,16.67,2.59,0.91,TREND,0.92,stressed,-0.06,0,mm,-8352.60
103.399,47,506.9,-20295.26,-20295.26,11700,-11700,175.91,175.93,176.0300,-27.92,1.63,1.00,TREND,-1.83,stressed,-1.15,-11100,dir,-11385.35,103.04,103.05,103.0796,-2.53,1.94,0.15,chop,-2.26,calm,-0.40,-600,mm,-557.31,28.44,28.45,28.3432,16.65,2.59,0.91,TREND,0.91,stressed,-0.06,0,mm,-8352.60
103.537,47,506.9,-20295.26,-20295.26,11700,-11700,175.91,175.93,176.0251,-27.74,1.63,1.00,TREND,-1.83,stressed,-1.15,-11100,dir,-11385.35,103.04,103.05,103.0781,-2.73,1.94,0.15,chop,-2.26,calm,-0.40,-600,mm,-557.31,28.44,28.47,28.3482,16.66,2.59,0.91,TREND,0.91,stressed,-0.06,0,mm,-8352.60
103.721,47,510.4,-20295.26,-20295.26,11700,-11700,175.9,175.93,176.0186,-27.51,1.63,1.00,TREND,-1.80,stressed,-1.15,-11100,dir,-11385.35,103.04,103.05,103.0761,-2.93,1.94,0.08,chop,-2.20,calm,-0.40,-600,mm,-557.31,28.44,28.47,28.3545,16.62,2.59,1.00,TREND,0.93,stressed,-0.06,0,mm,-8352.60
103.883,47,510.4,-20295.26,-20295.26,11700,-11700,175.89,175.93,176.0129,-27.33,1.60,1.00,TREND,-1.80,stressed,-1.15,-11100,dir,-11385.35,103.04,103.05,103.0745,-3.07,1.79,0.08,chop,-2.20,calm,-0.40,-600,mm,-557.31,28.44,28.48,28.3600,16.60,2.36,1.00,TREND,0.93,stressed,-0.06,0,mm,-8352.60
104.054,47,510.4,-20295.26,-20295.26,11700,-11700,175.91,175.93,176.0078,-26.94,1.60,0.97,TREND,-1.73,stressed,-1.15,-11100,dir,-11385.35,103.05,103.06,103.0734,-3.04,1.79,0.07,chop,-1.80,calm,-0.40,-600,mm,-557.31,28.44,28.46,28.3650,16.39,2.36,0.97,TREND,0.88,stressed,-0.06,0,mm,-8352.60
104.300,47,513.6,-20295.26,-20295.26,11700,-11700,175.91,175.92,176.0005,-26.45,1.60,0.97,TREND,-1.73,stressed,-1.15,-11100,dir,-11385.35,103.05,103.09,103.0731,-2.71,1.79,0.07,chop,-1.80,calm,-0.40,-600,mm,-557.31,28.44,28.49,28.3728,16.35,2.36,0.97,TREND,0.88,stressed,-0.06,0,mm,-8352.60
104.372,47,513.6,-20295.26,-20295.26,11700,-11700,175.91,175.92,175.9985,-26.29,1.60,0.97,TREND,-1.71,stressed,-1.15,-11100,dir,-11385.35,103.05,103.09,103.0731,-2.63,1.79,0.01,chop,-1.27,calm,-0.40,-600,mm,-557.31,28.44,28.49,28.3750,16.32,2.36,0.97,TREND,0.94,stressed,-0.06,0,mm,-8352.60
104.407,47,513.6,-20295.26,-20295.26,11700,-11700,175.91,175.92,175.9975,-26.21,1.70,0.97,TREND,-1.71,stressed,-1.15,-11100,dir,-11385.35,103.05,103.09,103.0730,-2.59,1.88,0.01,chop,-1.27,calm,-0.40,-600,mm,-557.31,28.44,28.49,28.3760,16.30,2.24,0.97,TREND,0.94,stressed,-0.06,0,mm,-8352.60
104.450,47,513.6,-20295.26,-20295.26,11700,-11700,175.91,175.92,175.9964,-26.12,1.70,0.97,TREND,-1.71,stressed,-1.15,-11100,dir,-11385.35,103.05,103.09,103.0730,-2.55,1.88,0.01,chop,-1.27,calm,-0.40,-600,mm,-557.31,28.44,28.49,28.3773,16.27,2.24,0.97,TREND,0.94,stressed,-0.06,0,mm,-8352.60
104.623,47,513.6,-20295.26,-20295.26,14700,-14700,175.91,175.92,175.9919,-25.72,1.70,0.97,TREND,-1.67,stressed,-1.15,-14100,dir,-11779.45,103.08,103.1,103.0739,-2.10,1.88,0.04,chop,-0.58,calm,-0.40,-600,mm,-581.31,28.45,28.47,28.3819,16.08,2.24,0.94,TREND,0.89,stressed,-0.06,0,mm,-8352.60
104.737,47,513.6,-20295.26,-20295.26,14700,-14700,175.91,175.92,175.9890,-25.45,1.70,0.97,TREND,-1.67,stressed,-1.15,-14100,dir,-11779.45,103.08,103.1,103.0745,-1.85,1.88,0.04,chop,-0.58,calm,-0.40,-600,mm,-581.31,28.45,28.47,28.3848,15.94,2.24,0.94,TREND,0.89,stressed,-0.06,0,mm,-8352.60
104.868,47,513.6,-20295.26,-20295.26,14700,-14700,175.92,175.93,175.9863,-25.02,1.70,0.97,TREND,-1.67,stressed,-1.15,-14100,dir,-11779.45,103.09,103.1,103.0754,-1.54,1.88,0.04,chop,-0.58,calm,-0.40,-600,mm,-581.31,28.44,28.47,28.3878,15.72,2.24,0.94,TREND,0.89,stressed,-0.06,0,mm,-8352.60
104.979,47,517.4,-20295.26,-20295.26,14700,-14700,175.92,175.93,175.9841,-24.67,1.81,0.92,TREND,-1.60,stressed,-1.15,-14100,dir,-11497.45,103.09,103.1,103.0761,-1.31,1.93,0.10,chop,-0.40,calm,-0.40,-600,mm,-587.31,28.45,28.48,28.3905,15.62,2.16,0.94,TREND,0.89,stressed,-0.06,0,mm,-8352.60
105.040,47,517.4,-20295.26,-20295.26,14700,-14700,175.92,175.93,175.9829,-24.47,1.81,0.92,TREND,-1.60,stressed,-1.15,-14100,dir,-11497.45,103.09,103.1,103.0765,-1.19,1.93,0.10,chop,-0.40,calm,-0.40,-600,mm,-587.31,28.44,28.48,28.3919,15.54,2.16,0.94,TREND,0.89,stressed,-0.06,0,mm,-8352.60
105.109,47,517.4,-20295.26,-20295.26,14700,-14700,175.92,175.93,175.9816,-24.26,1.81,0.92,TREND,-1.60,stressed,-1.15,-14100,dir,-11497.45,103.09,103.1,103.0769,-1.07,1.93,0.10,chop,-0.40,calm,-0.40,-600,mm,-587.31,28.44,28.48,28.3934,15.45,2.16,0.94,TREND,0.89,stressed,-0.06,0,mm,-8352.60
105.160,47,517.4,-20295.26,-20295.26,14700,-14700,175.92,175.93,175.9807,-24.10,1.81,0.92,TREND,-1.60,stressed,-1.15,-14100,dir,-11497.45,103.09,103.1,103.0772,-0.98,1.93,0.10,chop,-0.40,calm,-0.40,-600,mm,-587.31,28.44,28.48,28.3946,15.37,2.16,0.94,TREND,0.89,stressed,-0.06,0,mm,-8352.60
105.213,47,517.4,-20295.26,-20295.26,14700,-14700,175.92,175.93,175.9797,-23.94,1.81,0.92,TREND,-1.60,stressed,-1.15,-14100,dir,-11497.45,103.09,103.1,103.0775,-0.89,1.93,0.10,chop,-0.40,calm,-0.40,-600,mm,-587.31,28.44,28.48,28.3957,15.30,2.16,0.94,TREND,0.89,stressed,-0.06,0,mm,-8352.60
105.316,47,517.4,-20295.26,-20295.26,14700,-14700,175.92,175.93,175.9779,-23.63,1.81,0.92,TREND,-1.56,stressed,-1.15,-14100,dir,-11497.45,103.09,103.1,103.0781,-0.74,1.93,0.10,chop,-0.39,calm,-0.40,-600,mm,-587.31,28.45,28.46,28.3977,15.10,2.16,0.89,TREND,0.83,stressed,-0.06,0,mm,-8352.60
105.384,47,517.4,-20295.26,-20295.26,14700,-14700,175.92,175.93,175.9767,-23.42,1.81,0.92,TREND,-1.56,stressed,-1.15,-14100,dir,-11497.45,103.09,103.1,103.0785,-0.65,1.93,0.10,chop,-0.39,calm,-0.40,-600,mm,-587.31,28.45,28.46,28.3990,14.98,2.16,0.89,TREND,0.83,stressed,-0.06,0,mm,-8352.60
105.419,48,506.7,-20437.36,-20437.36,14700,-14700,175.92,175.93,175.9761,-23.32,1.81,0.92,TREND,-1.56,stressed,-1.12,-14100,dir,-11497.45,103.09,103.1,103.0787,-0.61,1.93,0.10,chop,-0.39,calm,0.28,-600,mm,-587.31,28.45,28.46,28.3996,14.91,2.16,0.89,TREND,0.83,stressed,-0.05,0,mm,-8352.60
105.457,48,506.7,-20437.36,-20437.36,14700,-14700,175.92,175.93,175.9755,-23.21,1.81,0.92,TREND,-1.56,stressed,-1.12,-14100,dir,-11497.45,103.09,103.1,103.0789,-0.56,1.93,0.10,chop,-0.39,calm,0.28,-600,mm,-587.31,28.45,28.46,28.4003,14.85,2.16,0.89,TREND,0.83,stressed,-0.05,0,mm,-8352.60
105.533,48,506.7,-20437.36,-20437.36,14700,-14700,175.92,175.93,175.9742,-22.98,1.79,0.92,TREND,-1.56,stressed,-1.12,-14100,dir,-11497.45,103.07,103.1,103.0790,-0.54,1.84,0.10,chop,-0.39,calm,0.28,-600,mm,-587.31,28.45,28.46,28.4017,14.71,2.17,0.89,TREND,0.83,stressed,-0.05,0,mm,-8352.60
105.589,48,506.7,-20437.36,-20437.36,14700,-14700,175.92,175.93,175.9733,-22.82,1.79,0.90,TREND,-1.52,stressed,-1.12,-14100,dir,-11497.45,103.07,103.1,103.0791,-0.52,1.84,0.07,chop,-0.71,calm,0.28,-600,mm,-587.31,28.45,28.46,28.4026,14.60,2.17,0.89,TREND,0.80,stressed,-0.05,0,mm,-8352.60
105.623,48,506.7,-20437.36,-20437.36,14700,-14700,175.92,175.93,175.9728,-22.72,1.79,0.90,TREND,-1.52,stressed,-1.12,-14100,dir,-11497.45,103.07,103.1,103.0792,-0.51,1.84,0.07,chop,-0.71,calm,0.28,-600,mm,-587.31,28.45,28.46,28.4032,14.54,2.17,0.89,TREND,0.80,stressed,-0.05,0,mm,-8352.60
105.666,48,506.7,-20437.36,-20437.36,14700,-14700,175.92,175.93,175.9721,-22.60,1.79,0.90,TREND,-1.52,stressed,-1.12,-14100,dir,-11497.45,103.07,103.1,103.0793,-0.50,1.84,0.07,chop,-0.71,calm,0.28,-600,mm,-587.31,28.45,28.46,28.4040,14.46,2.17,0.89,TREND,0.80,stressed,-0.05,0,mm,-8352.60
105.694,48,506.7,-20437.36,-20437.36,14700,-14700,175.92,175.93,175.9716,-22.52,1.79,0.90,TREND,-1.52,stressed,-1.12,-14100,dir,-11497.45,103.07,103.1,103.0793,-0.50,1.84,0.07,chop,-0.71,calm,0.28,-600,mm,-587.31,28.45,28.46,28.4044,14.41,2.17,0.89,TREND,0.80,stressed,-0.05,0,mm,-8352.60
105.836,48,506.7,-20437.36,-20437.36,14700,-14700,175.92,175.93,175.9695,-22.12,1.79,0.90,TREND,-1.52,stressed,-1.12,-14100,dir,-11497.45,103.07,103.1,103.0796,-0.46,1.84,0.07,chop,-0.71,calm,0.28,-600,mm,-587.31,28.45,28.46,28.4068,14.16,2.17,0.89,TREND,0.80,stressed,-0.05,0,mm,-8352.60
105.855,48,506.7,-20437.36,-20437.36,14800,-14800,175.92,175.93,175.9692,-22.06,1.79,0.90,TREND,-1.48,stressed,-1.12,-14200,dir,-11498.72,103.08,103.09,103.0796,-0.46,1.84,0.04,chop,-0.70,calm,0.28,-600,mm,-587.31,28.46,28.47,28.4071,14.15,2.17,0.89,TREND,0.83,stressed,-0.05,0,mm,-8352.60
105.958,48,506.7,-20437.36,-20437.36,14800,-14800,175.92,175.93,175.9677,-21.78,1.79,0.90,TREND,-1.48,stressed,-1.12,-14200,dir,-11498.72,103.08,103.09,103.0798,-0.44,1.84,0.04,chop,-0.70,calm,0.28,-600,mm,-587.31,28.46,28.47,28.4091,14.05,2.17,0.89,TREND,0.83,stressed,-0.05,0,mm,-8352.60
106.100,48,510.4,-20437.36,-20437.36,14800,-14800,175.92,175.93,175.9658,-21.39,1.76,0.90,TREND,-1.48,stressed,-1.12,-14200,dir,-11498.72,103.08,103.09,103.0800,-0.41,1.65,0.04,chop,-0.70,calm,0.28,-600,mm,-587.31,28.46,28.47,28.4117,13.91,1.97,0.89,TREND,0.83,stressed,-0.05,0,mm,-8352.60
106.116,48,510.4,-20437.36,-20437.36,14800,-14800,175.92,175.93,175.9655,-21.35,1.76,0.90,TREND,-1.46,stressed,-1.12,-14200,dir,-11498.72,103.08,103.09,103.0801,-0.40,1.65,0.04,chop,-0.69,calm,0.28,-600,mm,-587.31,28.46,28.47,28.4119,13.89,1.97,0.89,TREND,0.84,stressed,-0.05,0,mm,-8352.60
106.175,48,510.4,-20437.36,-20437.36,14800,-14800,175.92,175.93,175.9648,-21.19,1.76,0.90,TREND,-1.46,stressed,-1.12,-14200,dir,-11498.72,103.08,103.09,103.0802,-0.39,1.65,0.04,chop,-0.69,calm,0.28,-600,mm,-587.31,28.46,28.47,28.4130,13.83,1.97,0.89,TREND,0.84,stressed,-0.05,0,mm,-8352.60
106.208,48,510.4,-20437.36,-20437.36,14800,-14800,175.92,175.93,175.9643,-21.10,1.76,0.90,TREND,-1.46,stressed,-1.12,-14200,dir,-11498.72,103.08,103.09,103.0802,-0.39,1.65,0.04,chop,-0.69,calm,0.28,-600,mm,-587.31,28.46,28.47,28.4135,13.79,1.97,0.89,TREND,0.84,stressed,-0.05,0,mm,-8352.60
106.242,48,510.4,-20437.36,-20437.36,14800,-14800,175.92,175.93,175.9639,-21.01,1.76,0.90,TREND,-1.46,stressed,-1.12,-14200,dir,-11498.72,103.08,103.09,103.0803,-0.38,1.65,0.04,chop,-0.69,calm,0.28,-600,mm,-587.31,28.46,28.47,28.4141,13.75,1.97,0.89,TREND,0.84,stressed,-0.05,0,mm,-8352.60
106.283,48,510.4,-20437.36,-20437.36,14800,-14800,175.92,175.93,175.9634,-20.90,1.76,0.90,TREND,-1.46,stressed,-1.12,-14200,dir,-11498.72,103.08,103.09,103.0803,-0.38,1.65,0.04,chop,-0.69,calm,0.28,-600,mm,-587.31,28.46,28.47,28.4148,13.71,1.97,0.89,TREND,0.84,stressed,-0.05,0,mm,-8352.60
106.341,48,510.4,-20437.36,-20437.36,14800,-14800,175.92,175.93,175.9626,-20.75,1.76,0.90,TREND,-1.46,stressed,-1.12,-14200,dir,-11498.72,103.08,103.09,103.0804,-0.37,1.65,0.04,chop,-0.69,calm,0.28,-600,mm,-587.31,28.46,28.47,28.4158,13.64,1.97,0.89,TREND,0.84,stressed,-0.05,0,mm,-8352.60
106.401,48,510.4,-20437.36,-20437.36,14800,-14800,175.92,175.93,175.9619,-20.60,1.76,0.90,TREND,-1.42,stressed,-1.12,-14200,dir,-11498.72,103.08,103.09,103.0805,-0.36,1.65,0.04,chop,-0.66,calm,0.28,-600,mm,-587.31,28.46,28.47,28.4167,13.57,1.97,0.89,TREND,0.85,stressed,-0.05,0,mm,-8352.60
106.417,48,510.4,-20437.36,-20437.36,14800,-14800,175.92,175.93,175.9617,-20.56,1.76,0.90,TREND,-1.42,stressed,-1.12,-14200,dir,-11498.72,103.08,103.09,103.0805,-0.36,1.65,0.04,chop,-0.66,calm,0.28,-600,mm,-587.31,28.46,28.47,28.4170,13.55,1.97,0.89,TREND,0.85,stressed,-0.05,0,mm,-8352.60
106.442,48,510.4,-20437.36,-20437.36,14800,-14800,175.92,175.93,175.9614,-20.49,1.76,0.90,TREND,-1.42,stressed,-1.12,-14200,dir,-11498.72,103.08,103.09,103.0806,-0.35,1.65,0.04,chop,-0.66,calm,0.28,-600,mm,-587.31,28.46,28.47,28.4174,13.52,1.97,0.89,TREND,0.85,stressed,-0.05,0,mm,-8352.60
106.463,48,510.4,-20437.36,-20437.36,14800,-14800,175.92,175.93,175.9611,-20.44,1.76,0.90,TREND,-1.42,stressed,-1.12,-14200,dir,-11498.72,103.08,103.09,103.0806,-0.35,1.65,0.04,chop,-0.66,calm,0.28,-600,mm,-587.31,28.46,28.47,28.4177,13.50,1.97,0.89,TREND,0.85,stressed,-0.05,0,mm,-8352.60
106.579,48,512.9,-20437.36,-20437.36,14800,-14800,175.92,175.93,175.9598,-20.14,1.76,0.90,TREND,-1.42,stressed,-1.12,-14200,dir,-11498.72,103.08,103.09,103.0808,-0.34,1.65,0.04,chop,-0.66,calm,0.28,-600,mm,-587.31,28.46,28.47,28.4195,13.35,1.97,0.89,TREND,0.85,stressed,-0.05,0,mm,-8352.60
106.628,48,512.9,-20437.36,-20437.36,14800,-14800,175.92,175.93,175.9592,-20.02,1.71,0.90,TREND,-1.42,stressed,-1.12,-14200,dir,-11498.72,103.08,103.09,103.0808,-0.33,1.49,0.04,chop,-0.66,calm,0.28,-600,mm,-587.31,28.46,28.47,28.4202,13.29,1.89,0.89,TREND,0.85,stressed,-0.05,0,mm,-8352.60
106.712,48,512.9,-20437.36,-20437.36,14800,-14800,175.92,175.93,175.9583,-19.81,1.71,0.90,TREND,-1.39,stressed,-1.12,-14200,dir,-11498.72,103.08,103.09,103.0810,-0.32,1.49,0.03,chop,-0.65,calm,0.28,-600,mm,-587.31,28.46,28.47,28.4214,13.19,1.89,0.89,TREND,0.87,stressed,-0.05,0,mm,-8352.60
106.811,48,512.9,-20437.36,-20437.36,14800,-14800,175.92,175.93,175.9572,-19.57,1.71,0.90,TREND,-1.39,stressed,-1.12,-14200,dir,-11498.72,103.11,103.14,103.0824,0.02,1.49,0.03,chop,-0.65,calm,0.28,-600,mm,-587.31,28.45,28.47,28.4227,13.02,1.89,0.89,TREND,0.87,stressed,-0.05,0,mm,-8352.60
106.897,48,512.9,-20437.36,-20437.36,14800,-14800,175.92,175.93,175.9563,-19.36,1.71,0.90,TREND,-1.39,stressed,-1.12,-14200,dir,-11498.72,103.11,103.14,103.0836,0.28,1.49,0.03,chop,-0.65,calm,0.28,-600,mm,-587.31,28.45,28.47,28.4237,12.88,1.89,0.89,TREND,0.87,stressed,-0.05,0,mm,-8352.60
107.080,48,512.9,-20437.36,-20437.36,17400,-14600,175.92,175.93,175.9545,-18.92,1.71,0.88,TREND,-1.36,stressed,-1.12,-16000,dir,-11521.58,103.12,103.13,103.0860,0.77,1.49,0.10,chop,0.76,calm,0.28,1400,mm,-603.31,28.45,28.47,28.4259,12.58,1.89,0.87,TREND,0.86,stressed,-0.05,0,mm,-8352.60
107.381,49,504.4,-20477.49,-20477.49,20400,-11600,175.92,175.94,175.9521,-18.11,1.70,0.81,TREND,-1.31,stressed,-1.07,-16000,dir,-11521.58,103.09,103.11,103.0873,0.81,1.47,0.01,chop,-0.11,calm,0.28,4400,mm,-697.31,28.46,28.47,28.4296,12.22,1.80,0.86,TREND,0.93,stressed,0.40,0,mm,-8352.60
107.405,49,504.4,-20477.49,-20477.49,20400,-11600,175.92,175.94,175.9520,-18.05,1.70,0.81,TREND,-1.31,stressed,-1.07,-16000,dir,-11521.58,103.09,103.11,103.0874,0.81,1.47,0.01,chop,-0.11,calm,0.28,4400,mm,-697.31,28.46,28.47,28.4299,12.19,1.80,0.86,TREND,0.93,stressed,0.40,0,mm,-8352.60
107.442,49,504.4,-20477.49,-20477.49,20400,-11600,175.92,175.94,175.9517,-17.95,1.70,0.81,TREND,-1.31,stressed,-1.07,-16000,dir,-11521.58,103.09,103.11,103.0876,0.82,1.47,0.01,chop,-0.11,calm,0.28,4400,mm,-697.31,28.46,28.47,28.4303,12.14,1.80,0.86,TREND,0.93,stressed,0.40,0,mm,-8352.60
107.464,49,504.4,-20477.49,-20477.49,20400,-11600,175.92,175.94,175.9516,-17.90,1.70,0.81,TREND,-1.31,stressed,-1.07,-16000,dir,-11521.58,103.09,103.11,103.0877,0.82,1.47,0.01,chop,-0.11,calm,0.28,4400,mm,-697.31,28.46,28.47,28.4305,12.11,1.80,0.86,TREND,0.93,stressed,0.40,0,mm,-8352.60
107.508,49,504.4,-20477.49,-20477.49,20400,-11600,175.92,175.94,175.9512,-17.79,1.70,0.81,TREND,-1.31,stressed,-1.07,-16000,dir,-11521.58,103.09,103.11,103.0879,0.82,1.47,0.01,chop,-0.11,calm,0.28,4400,mm,-697.31,28.46,28.47,28.4310,12.06,1.80,0.86,TREND,0.93,stressed,0.40,0,mm,-8352.60
107.544,49,504.4,-20477.49,-20477.49,20400,-11600,175.93,175.94,175.9510,-17.68,1.70,0.81,TREND,-1.31,stressed,-1.07,-16000,dir,-11521.58,103.09,103.1,103.0879,0.81,1.47,0.01,chop,-0.11,calm,0.28,4400,mm,-697.31,28.46,28.47,28.4314,12.01,1.80,0.86,TREND,0.93,stressed,0.40,0,mm,-8352.60
107.614,49,504.4,-20477.49,-20477.49,20400,-11600,175.93,175.94,175.9507,-17.48,1.70,0.81,TREND,-1.31,stressed,-1.07,-16000,dir,-11521.58,103.09,103.1,103.0881,0.79,1.47,0.01,chop,-0.11,calm,0.28,4400,mm,-697.31,28.46,28.47,28.4322,11.93,1.80,0.86,TREND,0.93,stressed,0.40,0,mm,-8352.60
107.679,49,504.4,-20477.49,-20477.49,20400,-11600,175.93,175.94,175.9503,-17.30,1.70,0.77,TREND,-1.27,stressed,-1.07,-16000,dir,-11521.58,103.09,103.1,103.0883,0.77,1.47,0.00,chop,-0.28,calm,0.28,4400,mm,-697.31,28.46,28.47,28.4329,11.84,1.80,0.86,TREND,0.95,stressed,0.40,0,mm,-8352.60
107.701,49,506.1,-20477.49,-20477.49,20400,-11600,175.93,175.94,175.9502,-17.24,1.70,0.77,TREND,-1.27,stressed,-1.07,-16000,dir,-11521.58,103.09,103.1,103.0883,0.76,1.47,0.00,chop,-0.28,calm,0.28,4400,mm,-697.31,28.46,28.47,28.4332,11.82,1.80,0.86,TREND,0.95,stressed,0.40,0,mm,-8352.60
107.730,49,506.1,-20477.49,-20477.49,20400,-11600,175.93,175.94,175.9501,-17.16,1.70,0.77,TREND,-1.27,stressed,-1.07,-16000,dir,-11521.58,103.09,103.1,103.0884,0.75,1.47,0.00,chop,-0.28,calm,0.28,4400,mm,-697.31,28.46,28.47,28.4335,11.78,1.80,0.86,TREND,0.95,stressed,0.40,0,mm,-8352.60
107.833,49,506.1,-20477.49,-20477.49,20400,-11600,175.93,175.95,175.9497,-16.84,1.70,0.77,TREND,-1.27,stressed,-1.07,-16000,dir,-11521.58,103.09,103.1,103.0886,0.72,1.47,0.00,chop,-0.28,calm,0.28,4400,mm,-697.31,28.45,28.47,28.4344,11.61,1.80,0.86,TREND,0.95,stressed,0.40,0,mm,-8352.60
107.925,49,506.1,-20477.49,-20477.49,20400,-11600,175.93,175.95,175.9494,-16.57,1.72,0.77,TREND,-1.27,stressed,-1.07,-16000,dir,-11521.58,103.06,103.08,103.0880,0.51,1.61,0.00,chop,-0.28,calm,0.28,4400,mm,-697.31,28.45,28.47,28.4351,11.46,1.75,0.86,TREND,0.95,stressed,0.40,0,mm,-8352.60
107.992,49,506.1,-20477.49,-20477.49,20400,-11600,175.93,175.95,175.9492,-16.38,1.72,0.71,TREND,-1.23,stressed,-1.07,-16000,dir,-11521.58,103.06,103.08,103.0876,0.37,1.61,0.07,chop,-1.14,calm,0.28,4400,mm,-697.31,28.45,28.47,28.4357,11.35,1.75,0.84,TREND,0.92,stressed,0.40,0,mm,-8352.60
108.073,49,506.1,-20477.49,-20477.49,20400,-11600,175.96,175.97,175.9497,-15.98,1.72,0.71,TREND,-1.23,stressed,-1.07,-16000,dir,-11521.58,103.06,103.09,103.0873,0.24,1.61,0.07,chop,-1.14,calm,0.28,4400,mm,-697.31,28.45,28.46,28.4362,11.19,1.75,0.84,TREND,0.92,stressed,0.40,0,mm,-8352.60
108.110,49,506.1,-20477.49,-20477.49,20400,-11600,175.96,175.97,175.9498,-15.81,1.72,0.71,TREND,-1.23,stressed,-1.07,-16000,dir,-11521.58,103.06,103.09,103.0871,0.18,1.61,0.07,chop,-1.14,calm,0.28,4400,mm,-697.31,28.45,28.46,28.4364,11.11,1.75,0.84,TREND,0.92,stressed,0.40,0,mm,-8352.60
108.134,49,506.1,-20477.49,-20477.49,20400,-11600,175.96,175.97,175.9500,-15.70,1.72,0.71,TREND,-1.23,stressed,-1.07,-16000,dir,-11521.58,103.06,103.09,103.0871,0.15,1.61,0.07,chop,-1.14,calm,0.28,4400,mm,-697.31,28.45,28.46,28.4366,11.07,1.75,0.84,TREND,0.92,stressed,0.40,0,mm,-8352.60
108.212,49,506.1,-20477.49,-20477.49,20400,-11600,175.96,175.97,175.9503,-15.36,1.72,0.71,TREND,-1.23,stressed,-1.07,-16000,dir,-11521.58,103.06,103.09,103.0867,0.05,1.61,0.07,chop,-1.14,calm,0.28,4400,mm,-697.31,28.45,28.46,28.4370,10.92,1.75,0.84,TREND,0.92,stressed,0.40,0,mm,-8352.60
108.324,49,509.4,-20477.49,-20477.49,20400,-11600,175.98,175.99,175.9516,-14.70,1.72,0.40,TREND,-1.09,stressed,-1.07,-16000,dir,-11521.58,103.06,103.07,103.0859,-0.18,1.61,0.11,chop,-1.29,calm,0.28,4400,mm,-873.31,28.37,28.44,28.4358,10.25,1.75,0.60,TREND,0.69,stressed,0.40,0,mm,-8352.60
108.486,49,509.4,-20477.49,-20477.49,20400,-11600,175.98,175.99,175.9534,-13.86,2.04,0.40,TREND,-1.09,stressed,-1.07,-16000,dir,-11521.58,103.06,103.07,103.0849,-0.46,1.48,0.11,chop,-1.29,calm,0.28,4400,mm,-873.31,28.37,28.44,28.4342,9.40,2.15,0.60,TREND,0.69,stressed,0.40,0,mm,-8352.60
108.587,49,509.4,-20477.49,-20477.49,16000,-16000,176.0,176.03,175.9553,-13.15,2.04,0.25,mixed,-0.98,stressed,-1.07,-16000,dir,-11521.58,103.05,103.07,103.0841,-0.65,1.48,0.07,chop,-1.43,calm,0.28,0,mm,-999.15,28.42,28.43,28.4339,9.11,2.15,0.60,TREND,0.80,stressed,0.40,0,mm,-8352.60
108.677,49,509.4,-20477.49,-20477.49,16000,-16000,176.0,176.03,175.9571,-12.55,2.04,0.25,mixed,-0.98,stressed,-1.07,-16000,dir,-11521.58,103.05,103.07,103.0833,-0.81,1.48,0.07,chop,-1.43,calm,0.28,0,mm,-999.15,28.42,28.43,28.4337,8.85,2.15,0.60,TREND,0.80,stressed,0.40,0,mm,-8352.60
108.724,49,509.4,-20477.49,-20477.49,16000,-16000,176.0,176.03,175.9580,-12.25,2.04,0.25,mixed,-0.98,stressed,-1.07,-16000,dir,-11521.58,103.05,103.07,103.0830,-0.88,1.48,0.07,chop,-1.43,calm,0.28,0,mm,-999.15,28.42,28.43,28.4335,8.72,2.15,0.60,TREND,0.80,stressed,0.40,0,mm,-8352.60
108.751,49,509.4,-20477.49,-20477.49,16000,-16000,176.0,176.03,175.9585,-12.09,2.04,0.25,mixed,-0.98,stressed,-1.07,-16000,dir,-11521.58,103.05,103.07,103.0828,-0.92,1.48,0.07,chop,-1.43,calm,0.28,0,mm,-999.15,28.42,28.43,28.4335,8.65,2.15,0.60,TREND,0.80,stressed,0.40,0,mm,-8352.60
108.843,49,509.4,-20477.49,-20477.49,16000,-16000,176.0,176.02,175.9601,-11.61,2.04,0.18,chop,-0.97,stressed,-1.07,-16000,dir,-11521.58,103.02,103.06,103.0815,-1.20,1.48,0.20,chop,-2.05,calm,0.28,0,mm,-999.15,28.41,28.43,28.4331,8.38,2.15,0.58,TREND,0.80,stressed,0.40,0,mm,-8352.60
108.948,49,512.6,-20477.49,-20477.49,16000,-16000,176.0,176.02,175.9618,-11.09,2.04,0.18,chop,-0.97,stressed,-1.07,-16000,dir,-11521.58,103.02,103.06,103.0801,-1.49,1.48,0.20,chop,-2.05,calm,0.28,0,mm,-999.15,28.41,28.43,28.4326,8.10,2.15,0.58,TREND,0.80,stressed,0.40,0,mm,-8352.60
109.376,49,512.6,-20477.49,-20477.49,16000,-16000,175.99,176.02,175.9675,-9.56,2.05,0.18,chop,-0.96,stressed,-1.07,-16000,dir,-12961.58,103.05,103.06,103.0768,-1.90,1.40,0.06,chop,-1.50,calm,0.28,0,mm,-999.15,28.41,28.42,28.4303,7.00,2.00,0.49,TREND,0.83,stressed,0.40,0,mm,-8352.60
109.453,50,502.8,-22313.33,-22313.33,16000,-16000,175.99,176.03,175.9685,-9.30,2.05,0.18,chop,-0.96,stressed,-0.80,-16000,dir,-12961.58,103.02,103.06,103.0758,-2.05,1.40,0.06,chop,-1.50,calm,-0.44,0,mm,-999.15,28.37,28.41,28.4293,6.67,2.00,0.49,TREND,0.83,stressed,0.37,0,mm,-8352.60
109.681,50,502.8,-22313.33,-22313.33,16000,-16000,176.04,176.05,175.9741,-8.00,2.05,0.00,chop,-0.82,stressed,-0.80,-16000,dir,-12961.58,103.02,103.05,103.0729,-2.49,1.40,0.15,chop,-2.08,calm,-0.44,0,mm,-999.15,28.17,28.35,28.4293,6.67,2.00,0.49,TREND,0.83,stressed,0.37,0,mm,-8352.60
109.749,50,502.8,-22313.33,-22313.33,16000,-16000,176.04,176.05,175.9757,-7.66,2.05,0.00,chop,-0.82,stressed,-0.80,-16000,dir,-12961.58,103.02,103.05,103.0720,-2.60,1.40,0.15,chop,-2.08,calm,-0.44,0,mm,-999.15,28.17,28.35,28.4293,6.67,2.00,0.49,TREND,0.83,stressed,0.37,0,mm,-8352.60
109.979,50,502.8,-22313.33,-22313.33,17328,-17328,176.02,176.05,175.9801,-6.85,2.13,0.00,chop,-0.83,stressed,-0.80,-17328,dir,-13485.00,103.02,103.05,103.0693,-2.91,1.42,0.14,chop,-2.01,calm,-0.44,0,mm,-999.15,28.1,28.29,28.4293,6.67,2.00,0.49,TREND,0.83,stressed,0.37,0,mm,-8352.60
110.095,50,506.0,-22313.33,-22313.33,17328,-17328,176.02,176.05,175.9821,-6.49,2.13,0.00,chop,-0.83,stressed,-0.80,-17328,dir,-13485.00,103.02,103.05,103.0680,-3.03,1.42,0.14,chop,-2.01,calm,-0.44,0,mm,-999.15,28.1,28.29,28.4293,6.67,2.00,0.49,TREND,0.83,stressed,0.37,0,mm,-8352.60
110.140,50,506.0,-22313.33,-22313.33,17428,-17428,176.03,176.05,175.9830,-6.34,2.13,0.00,chop,-0.83,stressed,-0.80,-17328,dir,-13485.00,103.05,103.06,103.0678,-2.99,1.42,0.14,chop,-2.01,calm,-0.44,-100,mm,-1002.35,28.09,28.28,28.4293,6.67,2.00,0.49,TREND,0.83,stressed,0.37,0,mm,-8352.60
110.226,50,506.0,-22313.33,-22313.33,17428,-17428,176.03,176.05,175.9846,-6.08,2.13,0.00,chop,-0.83,stressed,-0.80,-17328,dir,-13485.00,103.05,103.06,103.0674,-2.93,1.42,0.14,chop,-2.01,calm,-0.44,-100,mm,-1002.35,28.09,28.28,28.4293,6.67,2.00,0.49,TREND,0.83,stressed,0.37,0,mm,-8352.60
110.303,50,506.0,-22313.33,-22313.33,17428,-17428,176.03,176.05,175.9860,-5.85,2.13,0.03,chop,-0.80,stressed,-0.80,-17328,dir,-13485.00,103.05,103.06,103.0671,-2.87,1.42,0.14,chop,-1.35,calm,-0.44,-100,mm,-1002.35,28.09,28.28,28.4293,6.67,2.00,0.49,TREND,0.83,stressed,0.37,0,mm,-8352.60
110.455,50,506.0,-22313.33,-22313.33,17428,-17428,176.02,176.05,175.9884,-5.51,2.13,0.03,chop,-0.80,stressed,-0.80,-17328,dir,-13485.00,103.01,103.05,103.0653,-3.08,1.42,0.14,chop,-1.35,calm,-0.44,-100,mm,-1002.35,28.17,28.19,28.4170,3.51,3.94,0.39,TREND,-0.33,stressed,0.37,0,mm,-8352.60
110.505,50,506.0,-22313.33,-22313.33,17428,-17428,176.02,176.05,175.9892,-5.41,1.93,0.03,chop,-0.80,stressed,-0.80,-17328,dir,-13485.00,103.01,103.05,103.0647,-3.13,1.28,0.14,chop,-1.35,calm,-0.44,-100,mm,-1002.35,28.17,28.19,28.4130,2.58,3.94,0.39,TREND,-0.33,stressed,0.37,0,mm,-8352.60
110.557,50,508.4,-22313.33,-22313.33,17428,-17428,176.02,176.05,175.9899,-5.31,1.93,0.07,chop,-0.80,stressed,-0.80,-17328,dir,-13485.00,103.01,103.05,103.0641,-3.19,1.28,0.21,chop,-2.06,calm,-0.44,-100,mm,-1002.35,28.17,28.19,28.4091,1.68,3.94,0.39,TREND,-0.33,stressed,0.37,0,mm,-8352.60
110.662,50,508.4,-22313.33,-22313.33,17428,-17428,176.03,176.05,175.9917,-5.07,1.93,0.07,chop,-0.80,stressed,-0.80,-17328,dir,-13485.00,103.04,103.05,103.0635,-3.16,1.28,0.21,chop,-2.06,calm,-0.44,-100,mm,-1002.35,28.08,28.15,28.3991,-0.57,3.94,0.39,TREND,-0.33,stressed,0.37,0,mm,-8352.60
111.036,50,508.4,-22313.33,-22313.33,17428,-17428,176.02,176.05,175.9967,-4.51,1.75,0.11,chop,-0.78,stressed,-0.80,-17328,cut,-13485.00,103.07,103.08,103.0648,-2.25,1.60,0.01,chop,-0.66,calm,-0.44,-100,mm,-1002.35,28.13,28.14,28.3684,-6.16,3.77,0.58,TREND,-0.60,stressed,0.37,0,mm,-8352.60
111.171,51,499.3,-22839.95,-22839.95,17428,-17428,176.01,176.07,175.9986,-4.29,1.75,0.11,chop,-0.78,stressed,-0.68,-17328,cut,-13485.00,103.06,103.08,103.0650,-2.05,1.60,0.01,chop,-0.66,calm,-0.07,-100,mm,-1002.35,28.13,28.14,28.3581,-7.65,3.77,0.58,TREND,-0.60,stressed,-0.30,0,mm,-8352.60
111.301,51,499.3,-22839.95,-22839.95,17428,-17428,176.01,176.07,176.0004,-4.09,1.75,0.17,chop,-0.73,stressed,-0.68,-17328,cut,-13485.00,103.06,103.08,103.0653,-1.88,1.60,0.04,chop,-0.79,calm,-0.07,-100,mm,-1002.35,28.13,28.14,28.3486,-8.88,3.77,0.63,TREND,-0.69,stressed,-0.30,0,mm,-8352.60
111.338,51,499.3,-22839.95,-22839.95,17428,-17428,176.01,176.07,176.0008,-4.04,1.75,0.17,chop,-0.73,stressed,-0.68,-17328,cut,-13485.00,103.06,103.08,103.0653,-1.83,1.60,0.04,chop,-0.79,calm,-0.07,-100,mm,-1002.35,28.13,28.14,28.3460,-9.19,3.77,0.63,TREND,-0.69,stressed,-0.30,0,mm,-8352.60
111.526,51,499.3,-22839.95,-22839.95,12428,-12428,176.02,176.04,176.0026,-3.94,1.75,0.17,chop,-0.73,stressed,-0.68,-12328,cut,-13774.66,103.06,103.08,103.0656,-1.63,1.60,0.04,chop,-0.79,calm,-0.07,-100,mm,-1002.35,28.13,28.14,28.3332,-10.57,3.77,0.63,TREND,-0.69,stressed,-0.30,0,mm,-8352.60
111.754,51,502.2,-22839.95,-22839.95,12328,-12328,176.02,176.04,176.0046,-3.83,1.63,0.27,mixed,-0.74,stressed,-0.68,-12328,cut,-13774.66,103.04,103.07,103.0648,-1.69,1.62,0.02,chop,-1.22,calm,-0.07,0,mm,-1001.55,28.13,28.14,28.3188,-11.84,3.60,0.67,TREND,-0.75,stressed,-0.30,0,mm,-8352.60
111.882,51,502.2,-22839.95,-22839.95,12328,-12328,176.02,176.04,176.0057,-3.77,1.63,0.27,mixed,-0.74,stressed,-0.68,-12328,cut,-13774.66,103.04,103.07,103.0644,-1.71,1.62,0.02,chop,-1.22,calm,-0.07,0,mm,-1001.55,28.13,28.14,28.3111,-12.39,3.60,0.67,TREND,-0.75,stressed,-0.30,0,mm,-8352.60
112.044,51,502.2,-22839.95,-22839.95,17328,-7328,176.02,176.03,176.0067,-3.76,1.63,0.24,chop,-0.74,stressed,-0.68,-12328,cut,-13774.66,103.05,103.06,103.0639,-1.73,1.62,0.02,chop,-1.20,calm,-0.07,5000,mm,-1105.09,28.13,28.14,28.3020,-12.94,3.60,0.67,TREND,-0.81,stressed,-0.30,0,mm,-8352.60
112.315,51,502.2,-22839.95,-22839.95,17328,-7328,176.07,176.12,176.0140,-2.35,2.05,0.45,TREND,-0.52,stressed,-0.68,-12328,cut,-13774.66,103.01,103.06,103.0615,-2.14,1.63,0.08,chop,-1.75,calm,-0.07,5000,mm,-1305.09,28.13,28.14,28.2882,-13.57,3.43,0.69,TREND,-0.88,stressed,-0.30,0,mm,-8352.60
112.984,51,508.3,-22839.95,-22839.95,8328,-8328,176.07,176.1,176.0283,-0.47,2.00,0.58,TREND,-0.53,stressed,-0.68,-7328,cut,-13983.00,103.01,103.02,103.0522,-3.54,1.61,0.07,chop,-2.27,calm,-0.07,-1000,mm,-1260.09,28.13,28.14,28.2573,-14.17,3.26,0.70,TREND,-0.96,stressed,-0.30,0,mm,-8352.60
113.156,51,508.3,-22839.95,-22839.95,8328,-8328,176.08,176.11,176.0319,-0.05,2.00,0.58,TREND,-0.53,stressed,-0.68,-7328,cut,-14056.28,103.0,103.02,103.0499,-3.80,1.61,0.07,chop,-2.27,calm,-0.07,-1000,mm,-1260.09,28.13,28.14,28.2506,-14.15,3.26,0.70,TREND,-0.96,stressed,-0.30,0,mm,-8352.60
113.258,51,508.3,-22839.95,-22839.95,8328,-8328,176.08,176.11,176.0340,0.17,2.00,0.59,TREND,-0.49,stressed,-0.68,-7328,cut,-14056.28,103.0,103.02,103.0485,-3.92,1.61,0.09,chop,-2.33,calm,-0.07,-1000,mm,-1260.09,28.13,28.14,28.2468,-14.12,3.26,0.70,TREND,-1.06,stressed,-0.30,0,mm,-8352.60
113.324,51,508.3,-22839.95,-22839.95,8328,-8328,176.08,176.11,176.0354,0.30,2.00,0.59,TREND,-0.49,stressed,-0.68,-7328,cut,-14056.28,103.0,103.02,103.0477,-4.00,1.61,0.09,chop,-2.33,calm,-0.07,-1000,mm,-1260.09,28.13,28.14,28.2443,-14.09,3.26,0.70,TREND,-1.06,stressed,-0.30,0,mm,-8352.60
113.354,51,508.3,-22839.95,-22839.95,8328,-8328,176.08,176.11,176.0359,0.36,2.00,0.59,TREND,-0.49,stressed,-0.68,-7328,cut,-14056.28,103.0,103.02,103.0473,-4.03,1.61,0.09,chop,-2.33,calm,-0.07,-1000,mm,-1260.09,28.13,28.14,28.2433,-14.08,3.26,0.70,TREND,-1.06,stressed,-0.30,0,mm,-8352.60
113.494,51,508.3,-22839.95,-22839.95,5828,-5828,176.09,176.18,176.0404,1.04,2.20,0.59,TREND,-0.49,stressed,-0.68,-2328,cut,-14384.53,103.02,103.03,103.0463,-3.98,1.59,0.09,chop,-2.33,calm,-0.07,-1000,mm,-1260.09,28.15,28.16,28.2393,-13.78,3.26,0.70,TREND,-1.06,stressed,-0.30,-2500,mm,-8374.85
113.582,52,499.3,-23668.97,-23668.97,5828,-5828,176.09,176.18,176.0431,1.42,2.20,0.67,TREND,-0.35,stressed,-0.47,-2328,cut,-14384.53,103.02,103.03,103.0457,-3.94,1.59,0.05,chop,-1.85,calm,-0.32,-1000,mm,-1260.09,28.15,28.16,28.2369,-13.59,3.26,0.67,TREND,-1.02,stressed,0.19,-2500,mm,-8374.85
113.689,52,499.3,-23668.97,-23668.97,5828,-5828,176.09,176.18,176.0464,1.84,2.20,0.67,TREND,-0.35,stressed,-0.47,-2328,cut,-14384.53,103.02,103.03,103.0450,-3.90,1.59,0.05,chop,-1.85,calm,-0.32,-1000,mm,-1260.09,28.15,28.16,28.2340,-13.37,3.26,0.67,TREND,-1.02,stressed,0.19,-2500,mm,-8374.85
113.727,52,499.3,-23668.97,-23668.97,7828,-7828,176.09,176.1,176.0470,1.84,2.20,0.67,TREND,-0.35,stressed,-0.47,-2328,cut,-14384.53,103.02,103.03,103.0447,-3.89,1.59,0.05,chop,-1.85,calm,-0.32,-3000,mm,-1304.09,28.15,28.16,28.2330,-13.29,3.26,0.67,TREND,-1.02,stressed,0.19,-2500,mm,-8374.85
113.776,52,499.3,-23668.97,-23668.97,7828,-7828,176.09,176.1,176.0477,1.84,2.20,0.67,TREND,-0.35,stressed,-0.47,-2328,cut,-14384.53,103.02,103.03,103.0444,-3.87,1.59,0.05,chop,-1.85,calm,-0.32,-3000,mm,-1304.09,28.15,28.16,28.2317,-13.19,3.26,0.67,TREND,-1.02,stressed,0.19,-2500,mm,-8374.85
113.799,52,499.3,-23668.97,-23668.97,7828,-7828,176.09,176.1,176.0481,1.84,2.20,0.67,TREND,-0.35,stressed,-0.47,-2328,cut,-14384.53,103.02,103.03,103.0443,-3.86,1.59,0.05,chop,-1.85,calm,-0.32,-3000,mm,-1304.09,28.15,28.16,28.2312,-13.15,3.26,0.67,TREND,-1.02,stressed,0.19,-2500,mm,-8374.85
113.835,52,499.3,-23668.97,-23668.97,7828,-7828,176.09,176.1,176.0487,1.85,2.20,0.48,TREND,-0.45,stressed,-0.47,-2328,cut,-14384.53,103.02,103.03,103.0440,-3.85,1.59,0.08,chop,-1.82,calm,-0.32,-3000,mm,-1304.09,28.15,28.16,28.2303,-13.08,3.26,0.66,TREND,-1.01,stressed,0.19,-2500,mm,-8374.85
113.856,52,499.3,-23668.97,-23668.97,7828,-7828,176.09,176.1,176.0490,1.85,2.20,0.48,TREND,-0.45,stressed,-0.47,-2328,cut,-14384.53,103.02,103.03,103.0439,-3.84,1.59,0.08,chop,-1.82,calm,-0.32,-3000,mm,-1304.09,28.15,28.16,28.2297,-13.04,3.26,0.66,TREND,-1.01,stressed,0.19,-2500,mm,-8374.85
113.923,52,499.3,-23668.97,-23668.97,7828,-7828,176.09,176.1,176.0500,1.85,2.20,0.48,TREND,-0.45,stressed,-0.47,-2328,cut,-14384.53,103.02,103.03,103.0435,-3.82,1.59,0.08,chop,-1.82,calm,-0.32,-3000,mm,-1304.09,28.15,28.16,28.2281,-12.91,3.26,0.66,TREND,-1.01,stressed,0.19,-2500,mm,-8374.85
114.228,52,502.4,-23668.97,-23668.97,4828,-4828,176.09,176.1,176.0543,1.85,2.43,0.50,TREND,-0.44,stressed,-0.47,-2328,cut,-14384.53,103.0,103.03,103.0407,-3.92,1.49,0.15,chop,-2.06,calm,-0.32,0,mm,-1220.09,28.15,28.16,28.2211,-12.36,3.06,0.72,TREND,-1.00,stressed,0.19,-2500,mm,-8374.85
114.528,52,502.4,-23668.97,-23668.97,4828,-4828,176.14,176.18,176.0643,3.27,2.43,0.58,TREND,-0.22,stressed,-0.47,-2328,cut,-14384.53,103.01,103.02,103.0383,-3.96,1.49,0.21,chop,-2.01,calm,-0.32,0,mm,-1220.09,28.16,28.18,28.2162,-11.52,3.06,0.66,TREND,-0.87,stressed,0.19,-2500,mm,-8374.85
114.611,52,502.4,-23668.97,-23668.97,4828,-4828,176.14,176.18,176.0669,3.58,2.43,0.58,TREND,-0.22,stressed,-0.47,-2328,cut,-14384.53,103.01,103.02,103.0377,-3.96,1.49,0.21,chop,-2.01,calm,-0.32,0,mm,-1220.09,28.16,28.18,28.2150,-11.31,3.06,0.66,TREND,-0.87,stressed,0.19,-2500,mm,-8374.85
114.657,52,502.4,-23668.97,-23668.97,4828,-4828,176.14,176.18,176.0683,3.75,2.43,0.58,TREND,-0.22,stressed,-0.47,-2328,cut,-14384.53,103.01,103.02,103.0373,-3.96,1.49,0.21,chop,-2.01,calm,-0.32,0,mm,-1220.09,28.16,28.18,28.2143,-11.20,3.06,0.66,TREND,-0.87,stressed,0.19,-2500,mm,-8374.85
115.029,53,494.6,-23951.86,-23951.86,2700,-2700,176.14,176.17,176.0784,4.60,2.68,0.55,TREND,-0.20,stressed,-0.45,0,mm,-14251.14,103.0,103.02,103.0342,-4.05,1.34,0.24,chop,-2.10,calm,-0.70,0,mm,-1220.09,28.18,28.2,28.2115,-9.86,3.17,0.60,TREND,-0.71,stressed,0.20,-2700,mm,-8480.63
115.140,53,494.6,-23951.86,-23951.86,2700,-2700,176.14,176.17,176.0812,4.78,2.68,0.55,TREND,-0.20,stressed,-0.45,0,mm,-14251.14,103.0,103.02,103.0333,-4.06,1.34,0.24,chop,-2.10,calm,-0.70,0,mm,-1220.09,28.18,28.2,28.2107,-9.53,3.17,0.60,TREND,-0.71,stressed,0.20,-2700,mm,-8480.63
115.246,53,494.6,-23951.86,-23951.86,3200,-3200,176.14,176.17,176.0838,4.93,2.68,0.55,TREND,-0.20,stressed,-0.45,0,mm,-14251.14,103.0,103.02,103.0325,-4.06,1.34,0.24,chop,-2.10,calm,-0.70,-500,mm,-1221.09,28.18,28.19,28.2098,-9.28,3.17,0.60,TREND,-0.71,stressed,0.20,-2700,mm,-8480.63
115.350,53,494.6,-23951.86,-23951.86,3200,-3200,176.14,176.17,176.0862,5.05,2.68,0.55,TREND,-0.18,stressed,-0.45,0,mm,-14251.14,103.0,103.02,103.0317,-4.06,1.34,0.22,chop,-2.03,calm,-0.70,-500,mm,-1221.09,28.18,28.19,28.2089,-9.05,3.17,0.60,TREND,-0.73,stressed,0.20,-2700,mm,-8480.63
115.754,53,498.0,-23951.86,-23951.86,3200,-3200,176.14,176.17,176.0948,5.35,2.51,0.55,TREND,-0.16,stressed,-0.45,0,mm,-14251.14,103.0,103.02,103.0290,-4.01,1.25,0.22,chop,-1.97,calm,-0.70,-500,mm,-1221.09,28.18,28.2,28.2066,-8.13,2.92,0.62,TREND,-0.68,stressed,0.20,-2700,mm,-8480.63
116.322,53,498.0,-23951.86,-23951.86,4700,-1700,176.12,176.17,176.1034,5.09,2.43,0.51,TREND,-0.15,stressed,-0.45,1500,mm,-14262.69,103.0,103.02,103.0257,-3.86,1.16,0.22,chop,-1.90,calm,-0.70,-500,mm,-1216.09,28.18,28.19,28.2029,-7.35,2.64,0.62,TREND,-0.70,stressed,0.20,-2700,mm,-8507.63
116.881,53,503.4,-23951.86,-23951.86,5300,-5300,176.11,176.12,176.1054,3.73,2.53,0.41,TREND,-0.24,stressed,-0.45,-800,mm,-14152.40,103.0,103.01,103.0222,-3.85,1.06,0.39,mixed,-1.98,calm,-0.70,-1400,mm,-1250.89,28.2,28.21,28.2032,-6.02,2.62,0.55,TREND,-0.54,stressed,0.20,-3100,mm,-8507.19
117.017,53,503.4,-23951.86,-23951.86,5300,-5300,176.11,176.12,176.1058,3.49,2.53,0.41,TREND,-0.24,stressed,-0.45,-800,mm,-14096.40,103.0,103.01,103.0215,-3.83,1.06,0.39,mixed,-1.98,calm,-0.70,-1400,mm,-1250.89,28.21,28.23,28.2040,-5.60,2.62,0.55,TREND,-0.54,stressed,0.20,-3100,mm,-8569.19
117.091,53,503.4,-23951.86,-23951.86,5300,-5300,176.11,176.12,176.1060,3.37,2.53,0.41,TREND,-0.24,stressed,-0.45,-800,mm,-14096.40,103.0,103.01,103.0211,-3.82,1.06,0.39,mixed,-1.98,calm,-0.70,-1400,mm,-1194.89,28.21,28.23,28.2043,-5.40,2.62,0.55,TREND,-0.54,stressed,0.20,-3100,mm,-8569.19
117.132,53,503.4,-23951.86,-23951.86,5300,-5300,176.11,176.12,176.1062,3.31,2.53,0.41,TREND,-0.22,stressed,-0.45,-800,mm,-14096.40,103.0,103.01,103.0209,-3.81,1.06,0.39,mixed,-1.92,normal,-0.70,-1400,mm,-1194.89,28.21,28.23,28.2046,-5.29,2.62,0.50,TREND,-0.42,stressed,0.20,-3100,mm,-8569.19
117.247,53,503.4,-23951.86,-23951.86,5300,-5300,176.11,176.12,176.1065,3.14,2.53,0.41,TREND,-0.22,stressed,-0.45,-800,mm,-14096.40,103.0,103.01,103.0203,-3.78,1.06,0.39,mixed,-1.92,normal,-0.70,-1400,mm,-1194.89,28.21,28.23,28.2051,-5.01,2.62,0.50,TREND,-0.42,stressed,0.20,-3100,mm,-8569.19
117.578,54,495.1,-23860.48,-23860.48,7400,-7400,176.12,176.13,176.1084,2.98,2.33,0.41,TREND,-0.13,stressed,-0.59,-1700,mm,-14077.81,103.0,103.01,103.0187,-3.70,0.98,0.32,mixed,-1.85,normal,-0.80,-1400,mm,-1194.89,28.23,28.24,28.2082,-3.97,2.66,0.47,TREND,-0.29,stressed,-0.36,-4300,mm,-8610.87
117.692,54,495.1,-23860.48,-23860.48,7400,-7400,176.12,176.13,176.1090,2.93,2.33,0.41,TREND,-0.13,stressed,-0.59,-1700,mm,-14077.81,103.0,103.01,103.0182,-3.66,0.98,0.32,mixed,-1.85,normal,-0.80,-1400,mm,-1194.89,28.23,28.24,28.2092,-3.67,2.66,0.47,TREND,-0.29,stressed,-0.36,-4300,mm,-8610.87
117.756,54,495.1,-23860.48,-23860.48,8426,-8426,176.12,176.23,176.1104,3.17,2.33,0.41,TREND,-0.13,stressed,-0.59,-1700,mm,-14077.81,103.0,103.01,103.0179,-3.65,0.98,0.32,mixed,-1.85,normal,-0.80,-1400,mm,-1194.89,28.23,28.25,28.2099,-3.50,2.66,0.47,TREND,-0.29,stressed,-0.36,-5326,mm,-8654.75
117.890,54,495.1,-23860.48,-23860.48,8426,-8426,176.12,176.23,176.1132,3.62,2.33,0.47,TREND,0.09,stressed,-0.59,-1700,mm,-14077.81,103.0,103.01,103.0173,-3.60,0.98,0.25,mixed,-1.79,normal,-0.80,-1400,mm,-1194.89,28.23,28.25,28.2112,-3.16,2.66,0.45,TREND,-0.25,stressed,-0.36,-5326,mm,-8654.75
117.927,54,495.1,-23860.48,-23860.48,8426,-8426,176.12,176.23,176.1140,3.74,2.33,0.47,TREND,0.09,stressed,-0.59,-1700,mm,-14077.81,103.0,103.01,103.0172,-3.59,0.98,0.25,mixed,-1.79,normal,-0.80,-1400,mm,-1194.89,28.23,28.25,28.2116,-3.08,2.66,0.45,TREND,-0.25,stressed,-0.36,-5326,mm,-8654.75
118.020,54,497.1,-23860.48,-23860.48,8426,-8426,176.13,176.14,176.1146,3.69,2.33,0.47,TREND,0.09,stressed,-0.59,-1700,mm,-14077.81,103.0,103.01,103.0168,-3.56,0.98,0.25,mixed,-1.79,normal,-0.80,-1400,mm,-1194.89,28.23,28.26,28.2126,-2.83,2.66,0.45,TREND,-0.25,stressed,-0.36,-5326,mm,-8654.75
118.149,54,497.1,-23860.48,-23860.48,8426,-8426,176.13,176.14,176.1155,3.62,2.15,0.30,mixed,-0.04,stressed,-0.59,-1700,mm,-14077.81,103.0,103.01,103.0163,-3.52,0.91,0.24,chop,-1.74,normal,-0.80,-1400,mm,-1194.89,28.23,28.26,28.2139,-2.54,2.49,0.36,TREND,-0.21,stressed,-0.36,-5326,mm,-8654.75
118.179,54,497.1,-23860.48,-23860.48,8426,-8426,176.13,176.14,176.1157,3.60,2.15,0.30,mixed,-0.04,stressed,-0.59,-1700,mm,-14077.81,103.0,103.01,103.0162,-3.51,0.91,0.24,chop,-1.74,normal,-0.80,-1400,mm,-1194.89,28.23,28.26,28.2142,-2.47,2.49,0.36,TREND,-0.21,stressed,-0.36,-5326,mm,-8654.75
118.333,54,497.1,-23860.48,-23860.48,10226,-10226,176.13,176.15,176.1169,3.58,2.15,0.30,mixed,-0.04,stressed,-0.59,-1700,mm,-14094.81,103.0,103.01,103.0156,-3.45,0.91,0.24,chop,-1.74,normal,-0.80,-3200,mm,-1244.49,28.25,28.27,28.2165,-1.98,2.49,0.36,TREND,-0.21,stressed,-0.36,-5326,mm,-8761.27
118.552,54,497.1,-23860.48,-23860.48,7912,-7912,176.14,176.15,176.1188,3.63,2.15,0.27,mixed,0.03,stressed,-0.59,-1700,mm,-14094.81,103.01,103.02,103.0156,-3.21,0.91,0.18,chop,-1.45,calm,-0.80,-3200,mm,-1244.49,28.25,28.33,28.2216,-0.92,2.49,0.29,mixed,0.13,stressed,-0.36,-3012,mm,-8949.96
118.620,54,499.9,-23860.48,-23860.48,7912,-7912,176.14,176.15,176.1194,3.64,2.15,0.27,mixed,0.03,stressed,-0.59,-1700,mm,-14094.81,103.01,103.02,103.0156,-3.14,0.91,0.18,chop,-1.45,calm,-0.80,-3200,mm,-1244.49,28.25,28.33,28.2232,-0.62,2.49,0.29,mixed,0.13,stressed,-0.36,-3012,mm,-8949.96
118.674,54,499.9,-23860.48,-23860.48,7912,-7912,176.14,176.15,176.1199,3.65,1.98,0.27,mixed,0.03,stressed,-0.59,-1700,mm,-14094.81,103.01,103.02,103.0156,-3.09,0.94,0.18,chop,-1.45,calm,-0.80,-3200,mm,-1244.49,28.25,28.33,28.2244,-0.40,2.64,0.29,mixed,0.13,stressed,-0.36,-3012,mm,-8949.96
118.777,54,499.9,-23860.48,-23860.48,5226,-5226,176.14,176.15,176.1207,3.65,1.98,0.27,mixed,0.03,stressed,-0.59,-1700,mm,-14094.81,103.01,103.03,103.0157,-2.95,0.94,0.18,chop,-1.45,calm,-0.80,-3200,mm,-1244.49,28.32,28.33,28.2277,0.27,2.64,0.29,mixed,0.13,stressed,-0.36,-326,mm,-8920.14
118.814,54,499.9,-23860.48,-23860.48,5226,-5226,176.14,176.15,176.1210,3.65,1.98,0.28,mixed,0.07,stressed,-0.59,-1700,mm,-14094.81,103.01,103.03,103.0158,-2.90,0.94,0.08,chop,-1.29,calm,-0.80,-3200,mm,-1244.49,28.32,28.33,28.2289,0.49,2.64,0.19,chop,0.39,normal,-0.36,-326,mm,-8920.14
118.916,54,499.9,-23860.48,-23860.48,5226,-5226,176.14,176.15,176.1218,3.65,1.98,0.28,mixed,0.07,stressed,-0.59,-1700,mm,-14094.81,103.01,103.03,103.0159,-2.78,0.94,0.08,chop,-1.29,calm,-0.80,-3200,mm,-1244.49,28.32,28.33,28.2321,1.05,2.64,0.19,chop,0.39,normal,-0.36,-326,mm,-8920.14
119.133,54,499.9,-23860.48,-23860.48,5226,-5226,176.14,176.15,176.1234,3.63,1.98,0.30,mixed,0.07,stressed,-0.59,-1700,mm,-14094.81,103.01,103.05,103.0169,-2.39,0.94,0.11,chop,-1.01,calm,-0.80,-3200,mm,-1308.49,28.32,28.33,28.2385,2.06,2.64,0.18,chop,0.39,normal,-0.36,-326,mm,-8920.14
119.177,55,491.2,-24323.44,-24323.44,5226,-5226,176.14,176.15,176.1237,3.63,1.83,0.30,mixed,0.07,stressed,-1.31,-1700,mm,-14094.81,103.01,103.05,103.0171,-2.32,1.00,0.11,chop,-1.01,calm,-0.43,-3200,mm,-1308.49,28.32,28.33,28.2398,2.23,2.64,0.18,chop,0.39,normal,-0.27,-326,mm,-8920.14
119.231,55,491.2,-24323.44,-24323.44,5226,-5226,176.14,176.15,176.1241,3.62,1.83,0.30,mixed,0.07,stressed,-1.31,-1700,mm,-14094.81,103.01,103.05,103.0173,-2.24,1.00,0.11,chop,-1.01,calm,-0.43,-3200,mm,-1308.49,28.32,28.33,28.2413,2.43,2.64,0.18,chop,0.39,normal,-0.27,-326,mm,-8920.14
119.382,55,491.2,-24323.44,-24323.44,5226,-5226,176.14,176.15,176.1251,3.60,1.83,0.30,mixed,0.07,stressed,-1.31,-1700,mm,-14094.81,103.02,103.06,103.0184,-1.90,1.00,0.11,chop,-1.01,calm,-0.43,-3200,mm,-1308.49,28.32,28.33,28.2454,2.93,2.64,0.18,chop,0.39,normal,-0.27,-326,mm,-8920.14
119.730,55,493.7,-24323.44,-24323.44,5226,-5226,176.14,176.15,176.1273,3.52,1.69,0.26,mixed,0.15,normal,-1.31,-1700,mm,-14094.81,103.03,103.05,103.0208,-1.31,0.99,0.02,chop,-0.71,calm,-0.43,-3200,mm,-1308.49,28.32,28.33,28.2541,3.77,2.45,0.57,TREND,0.39,normal,-0.27,-326,mm,-8920.14
120.039,55,493.7,-24323.44,-24323.44,5226,-5226,176.14,176.15,176.1290,3.43,1.69,0.25,mixed,0.20,normal,-1.31,-1700,mm,-14094.81,103.02,103.05,103.0222,-1.04,0.99,0.10,chop,-0.84,calm,-0.43,-3200,mm,-1308.49,28.32,28.33,28.2610,4.25,2.45,0.57,TREND,0.38,stressed,-0.27,-326,mm,-8920.14
120.249,55,493.7,-24323.44,-24323.44,3100,-3100,176.14,176.15,176.1301,3.37,1.56,0.25,mixed,0.20,normal,-1.31,-1700,mm,-14094.81,103.01,103.04,103.0224,-1.06,1.03,0.10,chop,-0.84,calm,-0.43,-1400,mm,-1240.09,28.32,28.35,28.2660,4.63,2.23,0.57,TREND,0.38,stressed,-0.27,0,mm,-8927.15
120.936,55,499.2,-24323.44,-24323.44,3300,-100,176.14,176.15,176.1331,3.15,1.44,0.27,mixed,0.34,normal,-1.31,-1700,mm,-14094.81,103.02,103.05,103.0249,-0.66,1.02,0.29,mixed,-0.81,calm,-0.43,1600,mm,-1204.09,28.35,28.38,28.2861,6.51,2.21,0.92,TREND,0.66,stressed,-0.27,0,mm,-8927.15
121.132,55,499.2,-24323.44,-24323.44,3300,-100,176.14,176.15,176.1339,3.08,1.44,0.27,mixed,0.34,normal,-1.31,-1700,mm,-14094.81,103.02,103.05,103.0255,-0.59,1.02,0.29,mixed,-0.81,calm,-0.43,1600,mm,-1204.09,28.35,28.38,28.2910,6.77,2.21,0.92,TREND,0.66,stressed,-0.27,0,mm,-8927.15
121.456,56,490.4,-24202.37,-24202.37,3800,-600,176.14,176.15,176.1350,2.97,1.33,0.29,mixed,0.42,normal,-1.44,-2200,mm,-14051.32,103.02,103.03,103.0255,-0.73,1.02,0.23,chop,-1.09,normal,-0.53,1600,mm,-1204.09,28.36,28.37,28.2986,7.03,2.08,0.92,TREND,0.66,stressed,0.92,0,mm,-8927.15
121.727,56,490.4,-24202.37,-24202.37,3800,-600,176.14,176.15,176.1359,2.88,1.33,0.29,mixed,0.42,normal,-1.44,-2200,mm,-14051.32,103.02,103.05,103.0263,-0.60,1.02,0.14,chop,-0.78,calm,-0.53,1600,mm,-1204.09,28.36,28.37,28.3043,7.13,2.08,0.92,TREND,0.65,stressed,0.92,0,mm,-8927.15
121.853,56,492.2,-24202.37,-24202.37,3200,-3200,176.14,176.15,176.1362,2.84,1.33,0.29,mixed,0.42,normal,-1.44,-3200,mm,-14049.02,103.03,103.05,103.0269,-0.50,1.02,0.14,chop,-0.78,calm,-0.53,0,mm,-1175.29,28.36,28.37,28.3068,7.15,2.08,0.92,TREND,0.65,stressed,0.92,0,mm,-8927.15
121.987,56,492.2,-24202.37,-24202.37,3200,-3200,176.14,176.15,176.1366,2.80,1.22,0.31,mixed,0.51,normal,-1.44,-3200,mm,-14049.02,103.03,103.05,103.0274,-0.41,1.05,0.10,chop,-0.62,calm,-0.53,0,mm,-1175.29,28.36,28.37,28.3093,7.15,1.95,0.92,TREND,0.64,stressed,0.92,0,mm,-8927.15
122.014,56,492.2,-24202.37,-24202.37,3200,-3200,176.14,176.15,176.1367,2.79,1.22,0.31,mixed,0.51,normal,-1.44,-3200,mm,-14049.02,103.03,103.05,103.0276,-0.39,1.05,0.10,chop,-0.62,calm,-0.53,0,mm,-1175.29,28.36,28.37,28.3098,7.15,1.95,0.92,TREND,0.64,stressed,0.92,0,mm,-8927.15
122.087,56,492.2,-24202.37,-24202.37,3200,-3200,176.14,176.15,176.1369,2.76,1.22,0.31,mixed,0.51,normal,-1.44,-3200,mm,-14049.02,103.04,103.05,103.0280,-0.32,1.05,0.10,chop,-0.62,calm,-0.53,0,mm,-1175.29,28.36,28.37,28.3112,7.14,1.95,0.92,TREND,0.64,stressed,0.92,0,mm,-8927.15
122.418,56,494.7,-24202.37,-24202.37,3200,-3200,176.14,176.15,176.1377,2.66,1.22,0.19,chop,0.50,normal,-1.44,-3200,mm,-14049.02,103.04,103.06,103.0303,0.08,1.05,0.30,mixed,-0.31,calm,-0.53,0,mm,-1175.29,28.36,28.37,28.3167,7.06,1.95,0.92,TREND,0.63,stressed,0.92,0,mm,-8927.15
122.541,56,494.7,-24202.37,-24202.37,3200,-3200,176.14,176.15,176.1380,2.62,1.13,0.19,chop,0.50,normal,-1.44,-3200,mm,-14049.02,103.04,103.06,103.0310,0.19,1.03,0.30,mixed,-0.31,calm,-0.53,0,mm,-1175.29,28.36,28.37,28.3187,7.02,1.83,0.92,TREND,0.63,stressed,0.92,0,mm,-8927.15
122.721,56,494.7,-24202.37,-24202.37,3300,-3300,176.14,176.17,176.1390,2.70,1.13,0.22,chop,0.63,normal,-1.44,-3200,mm,-14049.02,103.04,103.05,103.0319,0.26,1.03,0.25,chop,-0.45,normal,-0.53,-100,mm,-1174.49,28.36,28.37,28.3213,6.94,1.83,0.92,TREND,0.61,stressed,0.92,0,mm,-8927.15
123.132,56,494.7,-24202.37,-24202.37,4000,-2400,176.15,176.17,176.1417,2.96,1.13,0.21,chop,0.73,normal,-1.44,-3200,mm,-14081.02,103.02,103.03,103.0310,-0.21,1.17,0.11,chop,-1.04,calm,-0.53,800,mm,-1182.29,28.35,28.38,28.3269,6.73,1.71,0.92,TREND,0.60,stressed,0.92,0,mm,-8927.15
123.367,57,488.0,-24190.45,-24190.45,3900,-2500,176.15,176.18,176.1434,3.12,1.13,0.21,chop,0.73,normal,-1.44,-3200,mm,-14081.02,103.01,103.06,103.0313,-0.21,1.17,0.11,chop,-1.04,calm,-0.86,700,mm,-1185.49,28.35,28.38,28.3298,6.59,1.71,0.92,TREND,0.60,stressed,0.92,0,mm,-8927.15
123.522,57,488.0,-24190.45,-24190.45,7100,-4300,176.15,176.17,176.1443,3.14,1.13,0.09,chop,0.78,normal,-1.44,-5700,mm,-14189.27,102.99,103.02,103.0300,-0.59,1.17,0.14,chop,-1.62,calm,-0.86,700,mm,-1185.49,28.35,28.38,28.3315,6.49,1.71,0.91,TREND,0.58,stressed,0.92,700,mm,-8926.38
123.798,57,488.0,-24190.45,-24190.45,9000,-2200,176.15,176.17,176.1456,3.14,1.05,0.28,mixed,0.83,normal,-1.44,-5600,mm,-14131.54,103.01,103.02,103.0286,-0.90,1.13,0.07,chop,-1.28,calm,-0.86,2700,mm,-1189.49,28.35,28.38,28.3345,6.31,1.59,0.91,TREND,0.56,stressed,0.92,700,mm,-8926.38
123.988,57,490.7,-24190.45,-24190.45,8200,400,176.16,176.17,176.1468,3.20,1.05,0.28,mixed,0.83,normal,-1.44,-3900,mm,-14110.63,103.01,103.02,103.0278,-1.06,1.13,0.07,chop,-1.28,calm,-0.86,2700,mm,-1189.49,28.33,28.38,28.3357,6.04,1.59,0.91,TREND,0.56,stressed,0.92,1600,mm,-8948.39
124.095,57,490.7,-24190.45,-24190.45,8200,400,176.16,176.17,176.1475,3.22,1.05,0.29,mixed,0.92,normal,-1.44,-3900,mm,-14110.63,103.01,103.02,103.0274,-1.13,1.13,0.00,chop,-1.25,calm,-0.86,2700,mm,-1189.49,28.33,28.38,28.3364,5.90,1.59,0.83,TREND,0.47,stressed,0.92,1600,mm,-8948.39
124.189,57,490.7,-24190.45,-24190.45,8200,400,176.16,176.17,176.1480,3.24,1.05,0.29,mixed,0.92,normal,-1.44,-3900,mm,-14110.63,103.02,103.07,103.0279,-0.96,1.13,0.00,chop,-1.25,calm,-0.86,2700,mm,-1189.49,28.33,28.36,28.3367,5.70,1.59,0.83,TREND,0.47,stressed,0.92,1600,mm,-8948.39
124.338,57,490.7,-24190.45,-24190.45,8200,400,176.16,176.17,176.1488,3.25,0.96,0.29,mixed,0.92,normal,-1.44,-3900,mm,-14110.63,103.02,103.07,103.0287,-0.71,1.31,0.00,chop,-1.25,calm,-0.86,2700,mm,-1189.49,28.33,28.36,28.3371,5.42,1.67,0.83,TREND,0.47,stressed,0.92,1600,mm,-8948.39
124.581,57,493.2,-24190.45,-24190.45,8200,400,176.16,176.17,176.1501,3.25,0.96,0.03,chop,0.96,normal,-1.44,-3900,mm,-14110.63,103.03,103.06,103.0300,-0.38,1.31,0.18,chop,-0.32,calm,-0.86,2700,mm,-1189.49,28.33,28.36,28.3377,5.02,1.67,0.74,TREND,0.37,stressed,0.92,1600,mm,-8948.39
124.760,57,493.2,-24190.45,-24190.45,8200,400,176.16,176.19,176.1515,3.38,0.96,0.03,chop,0.96,normal,-1.44,-3900,mm,-14110.63,103.03,103.06,103.0309,-0.19,1.31,0.18,chop,-0.32,calm,-0.86,2700,mm,-1189.49,28.33,28.36,28.3381,4.77,1.67,0.74,TREND,0.37,stressed,0.92,1600,mm,-8948.39
124.807,57,493.2,-24190.45,-24190.45,8200,400,176.16,176.19,176.1519,3.40,0.96,0.03,chop,0.96,normal,-1.44,-3900,mm,-14110.63,103.03,103.06,103.0311,-0.15,1.31,0.18,chop,-0.32,calm,-0.86,2700,mm,-1189.49,28.33,28.36,28.3382,4.71,1.67,0.74,TREND,0.37,stressed,0.92,1600,mm,-8948.39
125.087,57,493.2,-24190.45,-24190.45,9600,-1000,176.17,176.2,176.1548,3.73,1.01,0.16,chop,1.24,normal,-1.44,-5300,mm,-14187.41,103.04,103.05,103.0323,0.07,1.19,0.21,chop,-0.31,calm,-0.86,2700,mm,-1108.49,28.33,28.35,28.3384,4.28,1.57,0.68,TREND,0.30,stressed,0.92,1600,mm,-8948.39
125.259,58,485.5,-24177.74,-24177.74,6600,2000,176.17,176.2,176.1565,3.87,1.01,0.16,chop,1.24,normal,-1.45,-2300,mm,-14120.51,103.04,103.06,103.0333,0.25,1.19,0.21,chop,-0.31,calm,-0.54,2700,mm,-1108.49,28.32,28.34,28.3379,3.91,1.57,0.68,TREND,0.30,stressed,0.12,1600,mm,-8948.39
125.771,58,487.6,-24177.74,-24177.74,8000,1600,176.18,176.19,176.1609,4.09,0.96,0.16,chop,1.30,normal,-1.45,-3200,mm,-14150.44,103.04,103.05,103.0351,0.43,1.08,0.21,chop,-0.30,calm,-0.54,3100,mm,-1194.29,28.29,28.3,28.3312,1.92,1.84,0.41,TREND,-0.08,stressed,0.12,1700,mm,-8981.28
125.902,58,487.6,-24177.74,-24177.74,9900,3500,176.18,176.19,176.1620,4.11,0.96,0.16,chop,1.30,normal,-1.45,-3200,mm,-14118.44,103.01,103.03,103.0345,0.19,1.08,0.21,chop,-0.30,calm,-0.54,3300,mm,-1198.69,28.29,28.3,28.3296,1.56,1.84,0.41,TREND,-0.08,stressed,0.12,3400,mm,-9034.83
125.935,58,487.6,-24177.74,-24177.74,9900,3500,176.18,176.19,176.1622,4.12,0.96,0.16,chop,1.30,normal,-1.45,-3200,mm,-14118.44,103.01,103.03,103.0343,0.14,1.08,0.21,chop,-0.30,calm,-0.54,3300,mm,-1198.69,28.29,28.3,28.3293,1.47,1.84,0.41,TREND,-0.08,stressed,0.12,3400,mm,-9034.83
126.019,58,487.6,-24177.74,-24177.74,9900,3500,176.18,176.19,176.1628,4.12,0.96,0.16,chop,1.30,normal,-1.45,-3200,mm,-14118.44,103.01,103.03,103.0339,0.01,1.08,0.21,chop,-0.30,calm,-0.54,3300,mm,-1198.69,28.29,28.3,28.3283,1.28,1.84,0.41,TREND,-0.08,stressed,0.12,3400,mm,-9034.83
126.194,58,487.6,-24177.74,-24177.74,9900,3500,176.18,176.19,176.1641,4.12,0.96,0.22,chop,1.33,normal,-1.45,-3200,mm,-14118.44,103.01,103.02,103.0329,-0.30,1.08,0.03,chop,-1.18,calm,-0.54,3300,mm,-1198.69,28.27,28.3,28.3259,0.77,1.84,0.38,TREND,-0.20,stressed,0.12,3400,mm,-9034.83
126.232,58,489.6,-24177.74,-24177.74,9900,3500,176.18,176.19,176.1644,4.12,0.96,0.22,chop,1.33,normal,-1.45,-3200,mm,-14118.44,103.01,103.02,103.0326,-0.35,1.08,0.03,chop,-1.18,calm,-0.54,3300,mm,-1198.69,28.27,28.3,28.3254,0.68,1.84,0.38,TREND,-0.20,stressed,0.12,3400,mm,-9034.83
126.315,58,489.6,-24177.74,-24177.74,9900,3500,176.18,176.19,176.1649,4.11,0.90,0.22,chop,1.33,normal,-1.45,-3200,mm,-14118.44,103.01,103.02,103.0322,-0.47,1.25,0.03,chop,-1.18,calm,-0.54,3300,mm,-1198.69,28.27,28.3,28.3243,0.48,1.73,0.38,TREND,-0.20,stressed,0.12,3400,mm,-9034.83
126.351,58,489.6,-24177.74,-24177.74,9900,3500,176.18,176.19,176.1652,4.11,0.90,0.22,chop,1.33,normal,-1.45,-3200,mm,-14118.44,103.01,103.02,103.0320,-0.52,1.25,0.03,chop,-1.18,calm,-0.54,3300,mm,-1198.69,28.27,28.3,28.3238,0.40,1.73,0.38,TREND,-0.20,stressed,0.12,3400,mm,-9034.83
126.531,58,489.6,-24177.74,-24177.74,9900,3500,176.18,176.19,176.1663,4.08,0.90,0.47,mixed,1.34,normal,-1.45,-3200,mm,-14118.44,103.01,103.02,103.0310,-0.73,1.25,0.05,chop,-1.15,calm,-0.54,3300,mm,-1198.69,28.27,28.29,28.3213,-0.03,1.73,0.31,mixed,-0.26,stressed,0.12,3400,mm,-9034.83
126.748,58,489.6,-24177.74,-24177.74,9900,3500,176.18,176.19,176.1676,4.04,0.90,0.47,mixed,1.34,normal,-1.45,-3200,mm,-14118.44,103.0,103.03,103.0299,-0.93,1.25,0.05,chop,-1.15,calm,-0.54,3300,mm,-1198.69,28.2,28.27,28.3153,-1.21,1.73,0.31,mixed,-0.26,stressed,0.12,3400,mm,-9034.83
126.802,58,492.0,-24177.74,-24177.74,9900,3500,176.18,176.19,176.1679,4.02,0.90,0.47,mixed,1.32,normal,-1.45,-3200,mm,-14118.44,103.0,103.03,103.0296,-0.98,1.25,0.05,chop,-1.13,calm,-0.54,3300,mm,-1198.69,28.2,28.27,28.3138,-1.46,1.73,0.10,chop,-0.63,normal,0.12,3400,mm,-9034.83
126.952,58,492.0,-24177.74,-24177.74,9900,3500,176.18,176.19,176.1687,3.98,0.85,0.47,mixed,1.32,normal,-1.45,-3200,mm,-14118.44,103.01,103.02,103.0289,-1.08,1.15,0.05,chop,-1.13,calm,-0.54,3300,mm,-1198.69,28.25,28.27,28.3112,-1.77,1.75,0.10,chop,-0.63,normal,0.12,3400,mm,-9170.83
127.060,58,492.0,-24177.74,-24177.74,9900,3500,176.18,176.19,176.1693,3.95,0.85,0.47,mixed,1.32,normal,-1.45,-3200,mm,-14118.44,103.01,103.03,103.0286,-1.10,1.15,0.08,chop,-0.96,calm,-0.54,3300,mm,-1198.69,28.21,28.25,28.3084,-2.23,1.75,0.04,chop,-0.68,normal,0.12,3400,mm,-9306.83
127.232,58,492.0,-24177.74,-24177.74,9456,3056,176.18,176.19,176.1702,3.90,0.85,0.47,mixed,1.32,normal,-1.45,-3200,mm,-14118.44,103.02,103.03,103.0284,-1.05,1.15,0.08,chop,-0.96,calm,-0.54,3300,mm,-1165.69,28.19,28.24,28.3032,-3.05,1.75,0.04,chop,-0.68,normal,0.12,2956,mm,-9365.46
127.353,59,483.8,-24623.95,-24623.95,9456,3056,176.18,176.19,176.1708,3.86,0.85,0.43,mixed,1.33,normal,-1.50,-3200,mm,-14118.44,103.02,103.03,103.0283,-1.02,1.15,0.10,chop,-0.78,calm,-0.67,3300,mm,-1165.69,28.19,28.24,28.2998,-3.54,1.75,0.07,chop,-0.85,normal,-0.24,2956,mm,-9365.46
127.420,59,483.8,-24623.95,-24623.95,9456,3056,176.18,176.19,176.1711,3.84,0.85,0.43,mixed,1.33,normal,-1.50,-3200,mm,-14118.44,103.02,103.03,103.0282,-1.00,1.15,0.10,chop,-0.78,calm,-0.67,3300,mm,-1165.69,28.19,28.24,28.2979,-3.77,1.75,0.07,chop,-0.85,normal,-0.24,2956,mm,-9365.46
127.477,59,483.8,-24623.95,-24623.95,6976,576,176.18,176.2,176.1714,3.84,0.78,0.43,mixed,1.33,normal,-1.50,-3200,mm,-14118.44,103.02,103.05,103.0283,-0.94,1.23,0.10,chop,-0.78,calm,-0.67,2300,mm,-1147.69,28.17,28.2,28.2957,-4.11,2.20,0.07,chop,-0.85,normal,-0.24,1476,mm,-9319.47
127.544,59,483.8,-24623.95,-24623.95,6976,576,176.18,176.2,176.1718,3.85,0.78,0.43,mixed,1.33,normal,-1.50,-3200,mm,-14118.44,103.02,103.05,103.0285,-0.87,1.23,0.10,chop,-0.78,calm,-0.67,2300,mm,-1147.69,28.17,28.2,28.2933,-4.48,2.20,0.07,chop,-0.85,normal,-0.24,1476,mm,-9319.47
127.587,59,483.8,-24623.95,-24623.95,6976,576,176.18,176.2,176.1721,3.85,0.78,0.43,mixed,1.33,normal,-1.50,-3200,mm,-14118.44,103.02,103.05,103.0285,-0.83,1.23,0.10,chop,-0.78,calm,-0.67,2300,mm,-1147.69,28.17,28.2,28.2918,-4.69,2.20,0.07,chop,-0.85,normal,-0.24,1476,mm,-9319.47
127.713,59,483.8,-24623.95,-24623.95,6976,576,176.19,176.2,176.1730,3.89,0.78,0.20,chop,1.41,normal,-1.50,-3200,mm,-14118.44,103.03,103.04,103.0288,-0.72,1.23,0.14,chop,-0.48,calm,-0.67,2300,mm,-1147.69,28.17,28.2,28.2874,-5.27,2.20,0.18,chop,-1.09,normal,-0.24,1476,mm,-9319.47
127.832,59,485.8,-24623.95,-24623.95,6976,576,176.19,176.2,176.1739,3.93,0.78,0.20,chop,1.41,normal,-1.50,-3200,mm,-14118.44,103.03,103.04,103.0291,-0.63,1.23,0.14,chop,-0.48,calm,-0.67,2300,mm,-1147.69,28.17,28.2,28.2834,-5.73,2.20,0.18,chop,-1.09,normal,-0.24,1476,mm,-9319.47
128.024,59,485.8,-24623.95,-24623.95,6976,576,176.19,176.2,176.1752,3.96,0.71,1.00,mixed,1.39,normal,-1.50,-3200,mm,-14118.44,103.03,103.04,103.0294,-0.50,1.11,0.14,chop,-0.47,calm,-0.67,2300,mm,-1124.69,28.17,28.19,28.2770,-6.41,2.05,0.21,chop,-1.14,normal,-0.24,1476,mm,-9319.47
128.065,59,485.8,-24623.95,-24623.95,6976,576,176.2,176.22,176.1757,4.02,0.71,1.00,mixed,1.39,normal,-1.50,-3200,mm,-14118.44,103.03,103.04,103.0295,-0.48,1.11,0.14,chop,-0.47,calm,-0.67,2300,mm,-1124.69,28.17,28.19,28.2757,-6.54,2.05,0.21,chop,-1.14,normal,-0.24,1476,mm,-9319.47
128.377,59,488.1,-24623.95,-24623.95,6976,576,176.2,176.23,176.1795,4.46,0.71,1.00,mixed,1.56,normal,-1.50,-3200,mm,-14118.44,103.03,103.04,103.0300,-0.32,1.11,0.10,chop,-0.46,calm,-0.67,2300,mm,-1124.69,28.17,28.19,28.2663,-7.28,2.05,0.42,mixed,-1.13,normal,-0.24,1476,mm,-9319.47
128.523,59,488.1,-24623.95,-24623.95,6500,-100,176.22,176.23,176.1817,4.72,0.71,1.00,mixed,1.56,normal,-1.50,-3300,mm,-14247.71,103.02,103.04,103.0300,-0.32,1.11,0.10,chop,-0.46,calm,-0.67,3200,mm,-1213.49,28.16,28.18,28.2618,-7.64,2.05,0.42,mixed,-1.13,normal,-0.24,0,mm,-9374.73
128.814,59,488.1,-24623.95,-24623.95,3200,3200,176.22,176.25,176.1866,5.31,0.96,1.00,mixed,1.72,normal,-1.50,0,mm,-14308.48,103.02,103.04,103.0300,-0.33,1.05,0.05,chop,-0.58,calm,-0.67,3200,mm,-1149.49,28.16,28.18,28.2533,-8.14,1.86,0.66,TREND,-1.24,normal,-0.24,0,mm,-9374.73
128.868,59,488.1,-24623.95,-24623.95,3200,3200,176.22,176.25,176.1874,5.40,0.96,1.00,mixed,1.72,normal,-1.50,0,mm,-14308.48,103.02,103.04,103.0300,-0.33,1.05,0.05,chop,-0.58,calm,-0.67,3200,mm,-1149.49,28.16,28.18,28.2519,-8.21,1.86,0.66,TREND,-1.24,normal,-0.24,0,mm,-9374.73
129.111,59,491.1,-24623.95,-24623.95,3200,3200,176.22,176.25,176.1911,5.70,0.96,1.00,mixed,1.67,normal,-1.50,0,mm,-14308.48,103.02,103.03,103.0296,-0.42,1.05,0.03,chop,-0.72,calm,-0.67,3200,mm,-1149.49,28.16,28.18,28.2456,-8.44,1.86,0.66,TREND,-1.24,stressed,-0.24,0,mm,-9374.73
129.228,59,491.1,-24623.95,-24623.95,3200,3200,176.23,176.25,176.1930,5.85,0.96,1.00,mixed,1.67,normal,-1.50,0,mm,-14308.48,103.02,103.04,103.0297,-0.40,1.05,0.03,chop,-0.72,calm,-0.67,3200,mm,-1149.49,28.16,28.18,28.2427,-8.51,1.86,0.66,TREND,-1.24,stressed,-0.24,0,mm,-9374.73
129.380,59,491.1,-24623.95,-24623.95,3200,3200,176.24,176.26,176.1957,6.13,0.93,1.00,mixed,1.77,normal,-1.50,0,mm,-14308.48,103.02,103.04,103.0297,-0.39,0.94,0.05,chop,-0.55,calm,-0.67,3200,mm,-1149.49,28.16,28.18,28.2391,-8.57,1.77,0.66,TREND,-1.24,stressed,-0.24,0,mm,-9374.73
129.416,60,482.0,-24832.69,-24832.69,3200,3200,176.24,176.26,176.1964,6.19,0.93,1.00,mixed,1.77,normal,-1.30,0,mm,-14308.48,103.02,103.04,103.0297,-0.38,0.94,0.05,chop,-0.55,calm,-0.84,3200,mm,-1149.49,28.16,28.18,28.2383,-8.57,1.77,0.66,TREND,-1.24,stressed,-0.33,0,mm,-9374.73
129.567,60,482.0,-24832.69,-24832.69,3200,3200,176.24,176.26,176.1990,6.39,0.93,1.00,mixed,1.77,normal,-1.30,0,mm,-14308.48,103.02,103.04,103.0297,-0.37,0.94,0.05,chop,-0.55,calm,-0.84,3200,mm,-1149.49,28.16,28.18,28.2350,-8.59,1.77,0.66,TREND,-1.24,stressed,-0.33,0,mm,-9374.73
129.597,60,482.0,-24832.69,-24832.69,3200,3200,176.26,176.28,176.1997,6.48,0.93,1.00,mixed,1.77,normal,-1.30,0,mm,-14308.48,103.02,103.04,103.0297,-0.37,0.94,0.05,chop,-0.55,calm,-0.84,3200,mm,-1149.49,28.16,28.18,28.2343,-8.59,1.77,0.66,TREND,-1.24,stressed,-0.33,0,mm,-9374.73
129.837,60,482.0,-24832.69,-24832.69,3200,3200,176.27,176.28,176.2055,7.14,0.93,1.00,TREND,1.94,normal,-1.30,0,mm,-14308.48,103.03,103.04,103.0301,-0.26,0.94,0.00,chop,-0.37,calm,-0.84,3200,mm,-1149.49,28.16,28.18,28.2294,-8.57,1.77,0.66,TREND,-1.23,stressed,-0.33,0,mm,-9374.73
129.884,60,482.0,-24832.69,-24832.69,3200,3200,176.27,176.28,176.2066,7.25,0.99,1.00,TREND,1.94,normal,-1.30,0,mm,-14308.48,103.03,103.04,103.0302,-0.24,0.89,0.00,chop,-0.37,calm,-0.84,3200,mm,-1149.49,28.16,28.18,28.2285,-8.55,1.69,0.66,TREND,-1.23,stressed,-0.33,0,mm,-9374.73
130.178,60,485.1,-24832.69,-24832.69,1700,1700,176.27,176.28,176.2129,7.75,0.99,1.00,TREND,1.88,stressed,-1.30,300,mm,-14307.79,103.01,103.05,103.0302,-0.25,0.89,0.03,chop,-0.51,calm,-0.84,1400,mm,-1083.89,28.15,28.16,28.2216,-8.78,1.69,1.00,TREND,-1.32,stressed,-0.33,0,mm,-9374.73
130.448,60,486.2,-24832.69,-24832.69,1700,1700,176.27,176.28,176.2182,8.02,0.98,1.00,TREND,1.81,stressed,-1.30,300,mm,-14307.79,103.02,103.04,103.0301,-0.25,0.85,0.03,chop,-0.50,calm,-0.84,1400,mm,-1083.89,28.15,28.16,28.2159,-8.85,1.57,1.00,TREND,-1.30,stressed,-0.33,0,mm,-9374.73
130.722,60,486.2,-24832.69,-24832.69,1700,1700,176.27,176.28,176.2232,8.16,0.98,1.00,TREND,1.76,stressed,-1.30,300,mm,-14307.79,103.03,103.04,103.0306,-0.15,0.85,0.00,chop,-0.31,calm,-0.84,1400,mm,-1083.89,28.15,28.16,28.2106,-8.84,1.57,1.00,TREND,-1.27,stressed,-0.33,0,mm,-9374.73
130.771,60,486.2,-24832.69,-24832.69,1700,1700,176.27,176.28,176.2240,8.17,0.98,1.00,TREND,1.76,stressed,-1.30,300,mm,-14307.79,103.03,103.04,103.0306,-0.14,0.85,0.00,chop,-0.31,calm,-0.84,1400,mm,-1041.89,28.15,28.16,28.2098,-8.83,1.57,1.00,TREND,-1.27,stressed,-0.33,0,mm,-9374.73
130.912,60,486.2,-24832.69,-24832.69,1700,1700,176.27,176.28,176.2263,8.20,0.98,1.00,TREND,1.76,stressed,-1.30,300,mm,-14307.79,103.03,103.04,103.0308,-0.10,0.85,0.00,chop,-0.31,calm,-0.84,1400,mm,-1041.89,28.15,28.16,28.2073,-8.79,1.57,1.00,TREND,-1.27,stressed,-0.33,0,mm,-9374.73
131.000,60,486.2,-24832.69,-24832.69,1700,1700,176.27,176.28,176.2277,8.20,0.96,1.00,TREND,1.72,stressed,-1.30,300,mm,-14307.79,102.99,103.04,103.0304,-0.22,0.90,0.09,chop,-0.98,calm,-0.84,1400,mm,-1041.89,28.15,28.16,28.2058,-8.76,1.50,1.00,TREND,-1.25,stressed,-0.33,0,mm,-9374.73
131.044,61,478.5,-24790.00,-24790.00,2000,2000,176.27,176.28,176.2284,8.20,0.96,1.00,TREND,1.72,stressed,-0.92,300,mm,-14307.79,102.99,103.04,103.0302,-0.28,0.90,0.09,chop,-0.98,calm,-0.77,1700,mm,-1107.49,28.15,28.17,28.2051,-8.72,1.50,1.00,TREND,-1.25,stressed,0.01,0,mm,-9374.73
131.314,61,478.5,-24790.00,-24790.00,2000,2000,176.27,176.28,176.2324,8.15,0.96,1.00,TREND,1.65,stressed,-0.92,300,mm,-14307.79,103.0,103.03,103.0289,-0.58,0.90,0.05,chop,-0.96,calm,-0.77,1700,mm,-1090.49,28.15,28.17,28.2012,-8.49,1.50,0.95,TREND,-1.17,stressed,0.01,0,mm,-9374.73
131.673,61,478.5,-24790.00,-24790.00,2000,2000,176.27,176.28,176.2372,8.00,0.94,1.00,TREND,1.62,stressed,-0.92,300,mm,-14307.79,103.0,103.03,103.0273,-0.85,0.83,0.10,chop,-0.95,calm,-0.77,1700,mm,-1073.49,28.15,28.17,28.1966,-8.17,1.48,0.95,TREND,-1.15,stressed,0.01,0,mm,-9374.73
131.894,61,481.9,-24790.00,-24790.00,2100,1900,176.27,176.28,176.2399,7.89,0.94,1.00,TREND,1.62,stressed,-0.92,300,mm,-14307.79,103.01,103.03,103.0268,-0.88,0.83,0.10,chop,-0.95,calm,-0.77,1700,mm,-1073.49,28.16,28.17,28.1943,-7.89,1.48,0.95,TREND,-1.15,stressed,0.01,-100,mm,-9374.62
131.968,61,481.9,-24790.00,-24790.00,2100,1900,176.27,176.28,176.2407,7.84,0.94,1.00,TREND,1.57,stressed,-0.92,300,mm,-14307.79,103.01,103.03,103.0266,-0.88,0.83,0.10,chop,-0.75,calm,-0.77,1700,mm,-1073.49,28.16,28.17,28.1936,-7.80,1.48,0.91,TREND,-1.08,stressed,0.01,-100,mm,-9374.62
132.068,61,481.9,-24790.00,-24790.00,1500,-900,176.27,176.28,176.2419,7.78,0.94,1.00,TREND,1.57,stressed,-0.92,300,mm,-14307.79,103.01,103.02,103.0262,-0.93,0.83,0.10,chop,-0.75,calm,-0.77,-1100,mm,-1006.09,28.16,28.17,28.1927,-7.68,1.48,0.91,TREND,-1.08,stressed,0.01,-100,mm,-9373.62
132.222,61,481.9,-24790.00,-24790.00,1500,-900,176.27,176.28,176.2435,7.68,0.91,1.00,TREND,1.53,stressed,-0.92,300,mm,-14307.79,103.01,103.02,103.0257,-1.00,0.76,0.18,chop,-0.91,calm,-0.77,-1100,mm,-1006.09,28.16,28.17,28.1913,-7.51,1.44,0.91,TREND,-1.06,stressed,0.01,-100,mm,-9373.62
132.250,61,481.9,-24790.00,-24790.00,3400,-2800,176.27,176.28,176.2438,7.66,0.91,1.00,TREND,1.53,stressed,-0.92,300,mm,-14307.79,103.01,103.03,103.0256,-1.00,0.76,0.18,chop,-0.91,calm,-0.77,-3000,mm,-1080.89,28.16,28.17,28.1911,-7.48,1.44,0.91,TREND,-1.06,stressed,0.01,-100,mm,-9373.62
132.286,61,481.9,-24790.00,-24790.00,3400,-2800,176.27,176.28,176.2442,7.64,0.91,1.00,TREND,1.53,stressed,-0.92,300,mm,-14307.79,103.01,103.03,103.0256,-0.99,0.76,0.18,chop,-0.91,calm,-0.77,-3000,mm,-1080.89,28.16,28.17,28.1908,-7.44,1.44,0.91,TREND,-1.06,stressed,0.01,-100,mm,-9373.62
132.317,61,483.6,-24790.00,-24790.00,3400,-2800,176.27,176.28,176.2445,7.62,0.91,1.00,TREND,1.53,stressed,-0.92,300,mm,-14307.79,103.01,103.03,103.0255,-0.99,0.76,0.18,chop,-0.91,calm,-0.77,-3000,mm,-1080.89,28.16,28.17,28.1905,-7.40,1.44,0.91,TREND,-1.06,stressed,0.01,-100,mm,-9373.62
132.349,61,483.6,-24790.00,-24790.00,3400,-2800,176.27,176.28,176.2448,7.60,0.91,1.00,TREND,1.53,stressed,-0.92,300,mm,-14307.79,103.01,103.03,103.0254,-0.99,0.76,0.18,chop,-0.91,calm,-0.77,-3000,mm,-1080.89,28.16,28.17,28.1902,-7.37,1.44,0.91,TREND,-1.06,stressed,0.01,-100,mm,-9373.62
132.419,61,483.6,-24790.00,-24790.00,3400,-2800,176.27,176.28,176.2455,7.55,0.91,1.00,TREND,1.53,stressed,-0.92,300,mm,-14307.79,103.01,103.03,103.0253,-0.98,0.76,0.18,chop,-0.91,calm,-0.77,-3000,mm,-1080.89,28.16,28.17,28.1896,-7.29,1.44,0.91,TREND,-1.06,stressed,0.01,-100,mm,-9373.62
132.437,61,483.6,-24790.00,-24790.00,3400,-2800,176.27,176.28,176.2457,7.53,0.91,1.00,TREND,1.53,stressed,-0.92,300,mm,-14307.79,103.01,103.03,103.0253,-0.98,0.76,0.18,chop,-0.91,calm,-0.77,-3000,mm,-1080.89,28.16,28.17,28.1895,-7.28,1.44,0.91,TREND,-1.06,stressed,0.01,-100,mm,-9373.62
132.591,61,483.6,-24790.00,-24790.00,3400,-2800,176.27,176.28,176.2471,7.43,0.91,1.00,TREND,1.49,stressed,-0.92,300,mm,-14307.79,103.03,103.04,103.0258,-0.78,0.76,0.05,chop,-0.18,calm,-0.77,-3000,mm,-1080.89,28.16,28.17,28.1883,-7.12,1.44,0.91,TREND,-1.03,stressed,0.01,-100,mm,-9373.62
132.798,61,483.6,-24790.00,-24790.00,3800,-2600,176.27,176.28,176.2490,7.28,0.88,1.00,TREND,1.49,stressed,-0.92,300,mm,-14307.79,103.03,103.04,103.0264,-0.56,0.87,0.05,chop,-0.18,calm,-0.77,-3200,mm,-1051.29,28.15,28.17,28.1864,-7.00,1.31,0.91,TREND,-1.03,stressed,0.01,300,mm,-9371.18
132.896,61,485.9,-24790.00,-24790.00,3800,-2600,176.27,176.28,176.2498,7.20,0.88,1.00,TREND,1.46,stressed,-0.92,300,mm,-14307.79,103.03,103.04,103.0267,-0.47,0.87,0.05,chop,-0.17,calm,-0.77,-3200,mm,-1051.29,28.15,28.17,28.1856,-6.93,1.31,0.91,TREND,-1.05,stressed,0.01,300,mm,-9371.18
132.965,61,485.9,-24790.00,-24790.00,3800,-2600,176.27,176.28,176.2504,7.15,0.88,1.00,TREND,1.46,stressed,-0.92,300,mm,-14307.79,103.03,103.04,103.0268,-0.42,0.87,0.05,chop,-0.17,calm,-0.77,-3200,mm,-1051.29,28.15,28.17,28.1850,-6.89,1.31,0.91,TREND,-1.05,stressed,0.01,300,mm,-9371.18
132.988,61,485.9,-24790.00,-24790.00,3800,-2600,176.27,176.28,176.2506,7.13,0.88,1.00,TREND,1.46,stressed,-0.92,300,mm,-14307.79,103.03,103.04,103.0269,-0.40,0.87,0.05,chop,-0.17,calm,-0.77,-3200,mm,-1051.29,28.15,28.17,28.1848,-6.88,1.31,0.91,TREND,-1.05,stressed,0.01,300,mm,-9371.18
133.123,61,485.9,-24790.00,-24790.00,5000,-1400,176.27,176.28,176.2516,7.03,0.88,1.00,TREND,1.46,stressed,-0.92,300,mm,-14307.79,103.03,103.04,103.0273,-0.30,0.87,0.05,chop,-0.17,calm,-0.77,-3200,mm,-1051.29,28.16,28.17,28.1839,-6.73,1.31,0.91,TREND,-1.05,stressed,0.01,1500,mm,-9354.86
133.655,61,485.9,-24790.00,-24790.00,7000,-800,176.26,176.28,176.2546,6.46,0.89,0.92,TREND,1.37,stressed,-0.92,1600,mm,-14307.80,103.03,103.04,103.0285,-0.03,0.79,0.12,chop,-0.14,calm,-0.77,-3900,mm,-1162.69,28.16,28.18,28.1817,-6.05,1.32,0.83,TREND,-0.92,stressed,0.01,1500,mm,-9354.86
133.713,62,479.1,-24713.93,-24713.93,7000,-800,176.26,176.28,176.2549,6.40,0.89,0.92,TREND,1.37,stressed,-0.27,1600,mm,-14307.80,103.03,103.04,103.0286,-0.01,0.79,0.12,chop,-0.14,calm,-0.51,-3900,mm,-1162.69,28.16,28.18,28.1815,-5.99,1.32,0.83,TREND,-0.92,stressed,0.09,1500,mm,-9354.86
133.888,62,479.1,-24713.93,-24713.93,7000,-800,176.26,176.28,176.2557,6.23,0.89,0.92,TREND,1.37,stressed,-0.27,1600,mm,-14307.80,103.03,103.04,103.0290,0.05,0.79,0.12,chop,-0.14,calm,-0.51,-3900,mm,-1162.69,28.16,28.18,28.1808,-5.80,1.32,0.83,TREND,-0.92,stressed,0.09,1500,mm,-9354.86
133.925,62,479.1,-24713.93,-24713.93,7000,-800,176.26,176.28,176.2559,6.20,0.89,0.91,TREND,1.35,stressed,-0.27,1600,mm,-14307.80,103.03,103.04,103.0291,0.06,0.79,0.12,chop,-0.14,calm,-0.51,-3900,mm,-1162.69,28.16,28.18,28.1807,-5.76,1.32,0.82,TREND,-0.90,stressed,0.09,1500,mm,-9354.86
133.977,62,479.1,-24713.93,-24713.93,7000,-800,176.26,176.28,176.2562,6.15,0.89,0.91,TREND,1.35,stressed,-0.27,1600,mm,-14307.80,103.03,103.04,103.0292,0.08,0.79,0.12,chop,-0.14,calm,-0.51,-3900,mm,-1162.69,28.16,28.18,28.1805,-5.71,1.32,0.82,TREND,-0.90,stressed,0.09,1500,mm,-9354.86
134.028,62,479.1,-24713.93,-24713.93,7000,-800,176.26,176.28,176.2564,6.11,0.89,0.91,TREND,1.35,stressed,-0.27,1600,mm,-14307.80,103.03,103.04,103.0293,0.09,0.79,0.12,chop,-0.14,calm,-0.51,-3900,mm,-1162.69,28.16,28.18,28.1803,-5.66,1.32,0.82,TREND,-0.90,stressed,0.09,1500,mm,-9354.86
134.067,62,479.1,-24713.93,-24713.93,7000,-800,176.27,176.28,176.2566,6.09,0.89,0.91,TREND,1.35,stressed,-0.27,1600,mm,-14307.80,103.03,103.04,103.0293,0.10,0.79,0.12,chop,-0.14,calm,-0.51,-3900,mm,-1162.69,28.16,28.19,28.1803,-5.61,1.32,0.82,TREND,-0.90,stressed,0.09,1500,mm,-9354.86
134.145,62,479.1,-24713.93,-24713.93,7000,-800,176.27,176.28,176.2571,6.05,0.89,0.91,TREND,1.35,stressed,-0.27,1600,mm,-14307.80,103.03,103.04,103.0295,0.12,0.79,0.12,chop,-0.14,calm,-0.51,-3900,mm,-1162.69,28.16,28.19,28.1801,-5.50,1.32,0.82,TREND,-0.90,stressed,0.09,1500,mm,-9354.86
134.282,62,479.1,-24713.93,-24713.93,7000,-800,176.27,176.28,176.2579,5.98,0.80,0.92,TREND,1.36,stressed,-0.27,1600,mm,-14307.80,103.03,103.04,103.0297,0.14,0.72,0.08,chop,-0.13,calm,-0.51,-3900,mm,-1162.69,28.16,28.19,28.1799,-5.33,1.28,0.77,TREND,-0.83,stressed,0.09,1500,mm,-9354.86
134.335,62,481.6,-24713.93,-24713.93,7600,-1400,176.27,176.28,176.2582,5.96,0.80,0.92,TREND,1.36,stressed,-0.27,1600,mm,-14291.80,103.04,103.09,103.0303,0.29,0.72,0.08,chop,-0.13,calm,-0.51,-4500,mm,-1259.89,28.17,28.19,28.1799,-5.25,1.28,0.77,TREND,-0.83,stressed,0.09,1500,mm,-9354.86
134.449,62,481.6,-24713.93,-24713.93,7600,-1400,176.27,176.28,176.2588,5.90,0.80,0.92,TREND,1.36,stressed,-0.27,1600,mm,-14291.80,103.04,103.09,103.0316,0.57,0.72,0.08,chop,-0.13,calm,-0.51,-4500,mm,-1259.89,28.17,28.19,28.1799,-5.07,1.28,0.77,TREND,-0.83,stressed,0.09,1500,mm,-9354.86
134.489,62,481.6,-24713.93,-24713.93,7600,-1400,176.27,176.28,176.2590,5.88,0.80,0.92,TREND,1.36,stressed,-0.27,1600,mm,-14291.80,103.04,103.09,103.0321,0.66,0.72,0.08,chop,-0.13,calm,-0.51,-4500,mm,-1259.89,28.17,28.19,28.1799,-5.02,1.28,0.77,TREND,-0.83,stressed,0.09,1500,mm,-9354.86
134.514,62,481.6,-24713.93,-24713.93,7600,-1400,176.27,176.28,176.2592,5.86,0.80,0.92,TREND,1.36,stressed,-0.27,1600,mm,-14291.80,103.04,103.09,103.0323,0.72,0.72,0.08,chop,-0.13,calm,-0.51,-4500,mm,-1259.89,28.17,28.19,28.1799,-4.98,1.28,0.77,TREND,-0.83,stressed,0.09,1500,mm,-9354.86
134.642,62,481.6,-24713.93,-24713.93,6873,-3673,176.27,176.28,176.2598,5.79,0.80,0.90,TREND,1.34,stressed,-0.27,1600,mm,-14291.80,103.06,103.09,103.0341,1.08,0.72,0.18,chop,1.34,calm,-0.51,-4500,mm,-1214.89,28.17,28.2,28.1801,-4.76,1.28,0.69,TREND,-0.73,stressed,0.09,-773,mm,-9292.36
134.828,62,481.6,-24713.93,-24713.93,6873,-3673,176.27,176.28,176.2607,5.69,0.77,0.90,TREND,1.34,stressed,-0.27,1600,mm,-14291.80,103.06,103.09,103.0366,1.51,1.00,0.18,chop,1.34,calm,-0.51,-4500,mm,-1214.89,28.17,28.2,28.1804,-4.47,1.27,0.69,TREND,-0.73,stressed,0.09,-773,mm,-9292.36
134.904,62,483.8,-24713.93,-24713.93,7300,-4100,176.27,176.28,176.2611,5.65,0.77,0.90,TREND,1.32,stressed,-0.27,1600,mm,-14291.80,103.06,103.09,103.0375,1.66,1.00,0.18,chop,1.36,calm,-0.51,-4500,mm,-1259.89,28.17,28.18,28.1803,-4.43,1.27,0.70,TREND,-0.80,stressed,0.09,-1200,mm,-9267.89
135.006,62,483.8,-24713.93,-24713.93,7300,-4100,176.27,176.28,176.2615,5.59,0.77,0.90,TREND,1.32,stressed,-0.27,1600,mm,-14291.80,103.06,103.09,103.0387,1.84,1.00,0.18,chop,1.36,calm,-0.51,-4500,mm,-1259.89,28.17,28.18,28.1801,-4.37,1.27,0.70,TREND,-0.80,stressed,0.09,-1200,mm,-9267.89
135.107,62,483.8,-24713.93,-24713.93,7300,-4100,176.27,176.28,176.2620,5.53,0.77,0.90,TREND,1.32,stressed,-0.27,1600,mm,-14291.80,103.05,103.08,103.0396,1.92,1.00,0.18,chop,1.36,calm,-0.51,-4500,mm,-1214.89,28.17,28.18,28.1799,-4.32,1.27,0.70,TREND,-0.80,stressed,0.09,-1200,mm,-9267.89
135.276,62,483.8,-24713.93,-24713.93,7300,-4100,176.27,176.28,176.2627,5.43,0.77,0.90,TREND,1.29,stressed,-0.27,1600,mm,-14291.80,103.07,103.08,103.0415,2.16,1.00,0.18,chop,1.39,calm,-0.51,-4500,mm,-1214.89,28.17,28.18,28.1797,-4.23,1.27,0.63,TREND,-0.78,stressed,0.09,-1200,mm,-9267.89
135.384,62,483.8,-24713.93,-24713.93,9300,-2700,176.26,176.28,176.2630,5.32,0.77,0.90,TREND,1.29,stressed,-0.27,3300,mm,-14303.89,103.07,103.08,103.0427,2.28,0.94,0.18,chop,1.39,calm,-0.51,-4500,mm,-1214.89,28.17,28.2,28.1798,-4.08,1.16,0.63,TREND,-0.78,stressed,0.09,-1500,mm,-9279.56
135.523,63,476.3,-24774.57,-24774.57,9300,-2700,176.26,176.28,176.2633,5.19,0.77,0.90,TREND,1.29,stressed,0.08,3300,mm,-14303.89,103.07,103.08,103.0442,2.42,0.94,0.18,chop,1.39,calm,0.15,-4500,mm,-1214.89,28.17,28.2,28.1801,-3.91,1.16,0.63,TREND,-0.78,stressed,0.13,-1500,mm,-9279.56
135.573,63,476.3,-24774.57,-24774.57,9300,-2700,176.26,176.27,176.2633,5.12,0.77,0.73,TREND,1.18,stressed,0.08,3300,mm,-14303.89,103.07,103.09,103.0448,2.49,0.94,0.20,chop,1.61,calm,0.15,-4500,mm,-1214.89,28.17,28.18,28.1800,-3.89,1.16,0.63,TREND,-0.76,stressed,0.13,-1500,mm,-9279.56
135.737,63,476.3,-24774.57,-24774.57,9300,-2700,176.26,176.27,176.2634,4.92,0.77,0.73,TREND,1.18,stressed,0.08,3300,mm,-14303.89,103.07,103.09,103.0466,2.67,0.94,0.20,chop,1.61,calm,0.15,-4500,mm,-1214.89,28.17,28.18,28.1797,-3.84,1.16,0.63,TREND,-0.76,stressed,0.13,-1500,mm,-9279.56
135.891,63,476.3,-24774.57,-24774.57,9300,-2700,176.26,176.27,176.2635,4.74,0.77,0.73,TREND,1.16,stressed,0.08,3300,mm,-14303.89,103.07,103.09,103.0483,2.80,0.86,0.45,mixed,1.62,calm,0.15,-4500,mm,-1214.89,28.17,28.18,28.1795,-3.79,1.12,0.61,TREND,-0.74,stressed,0.13,-1500,mm,-9279.56
136.138,63,476.3,-24774.57,-24774.57,9300,-2700,176.25,176.26,176.2628,4.31,0.77,0.73,TREND,1.16,stressed,0.08,3300,mm,-14369.89,103.07,103.09,103.0508,2.96,0.86,0.45,mixed,1.62,calm,0.15,-4500,mm,-1214.89,28.17,28.18,28.1791,-3.70,1.12,0.61,TREND,-0.74,stressed,0.13,-1500,mm,-9279.56
136.459,63,479.9,-24774.57,-24774.57,9300,-2700,176.25,176.26,176.2620,3.85,0.81,0.58,mixed,1.05,stressed,0.08,3300,mm,-14369.89,103.07,103.08,103.0532,2.96,0.85,0.40,mixed,1.48,normal,0.15,-4500,mm,-1214.89,28.17,28.18,28.1787,-3.59,1.03,0.60,TREND,-0.71,stressed,0.13,-1500,mm,-9279.56
136.556,63,479.9,-24774.57,-24774.57,10500,-1500,176.23,176.24,176.2612,3.57,0.81,0.58,mixed,1.05,stressed,0.08,4500,mm,-14418.13,103.07,103.08,103.0539,2.96,0.85,0.40,mixed,1.48,normal,0.15,-4500,mm,-1214.89,28.17,28.19,28.1788,-3.51,1.03,0.60,TREND,-0.71,stressed,0.13,-1500,mm,-9279.56
136.730,63,479.9,-24774.57,-24774.57,7200,1800,176.21,176.22,176.2586,2.86,0.81,0.19,chop,0.63,normal,0.08,4500,mm,-14418.13,103.07,103.08,103.0551,2.94,0.85,0.40,mixed,1.50,normal,0.15,-1200,mm,-1155.49,28.17,28.19,28.1788,-3.38,1.03,0.41,mixed,-0.64,stressed,0.13,-1500,mm,-9279.56
136.960,63,481.8,-24774.57,-24774.57,8100,2700,176.17,176.22,176.2539,1.73,1.28,0.19,chop,0.63,normal,0.08,5400,mm,-14606.27,103.07,103.08,103.0566,2.91,0.80,0.40,mixed,1.50,normal,0.15,-1200,mm,-1155.49,28.18,28.19,28.1793,-3.14,1.04,0.41,mixed,-0.64,stressed,0.13,-1500,mm,-9279.56
137.194,63,481.8,-24774.57,-24774.57,7600,4600,176.19,176.21,176.2499,0.93,1.28,0.09,chop,0.46,normal,0.08,5700,mm,-14605.58,103.05,103.08,103.0572,2.69,0.80,0.27,mixed,1.13,normal,0.15,400,mm,-1138.69,28.17,28.19,28.1793,-3.02,1.04,0.30,mixed,-0.62,normal,0.13,-1500,mm,-9279.56
137.234,63,481.8,-24774.57,-24774.57,7600,4600,176.19,176.21,176.2492,0.81,1.28,0.09,chop,0.46,normal,0.08,5700,mm,-14605.58,103.05,103.08,103.0573,2.65,0.80,0.27,mixed,1.13,normal,0.15,400,mm,-1138.69,28.17,28.19,28.1793,-3.00,1.04,0.30,mixed,-0.62,normal,0.13,-1500,mm,-9279.56
137.319,63,481.8,-24774.57,-24774.57,7600,4600,176.19,176.21,176.2479,0.58,1.28,0.09,chop,0.46,normal,0.08,5700,mm,-14605.58,103.05,103.08,103.0575,2.58,0.80,0.27,mixed,1.13,normal,0.15,400,mm,-1138.69,28.17,28.19,28.1794,-2.96,1.04,0.30,mixed,-0.62,normal,0.13,-1500,mm,-9279.56
137.820,64,475.4,-25023.82,-25023.82,2600,-400,176.12,176.2,176.2344,-1.76,1.42,0.17,chop,-0.05,normal,0.25,700,mm,-14786.70,103.06,103.07,103.0587,2.25,0.84,0.21,chop,1.43,normal,-0.23,400,mm,-1138.69,28.15,28.16,28.1756,-3.58,1.20,0.24,chop,-0.85,normal,0.03,-1500,mm,-9279.56
137.956,64,475.9,-25023.82,-25023.82,2600,-400,176.13,176.14,176.2300,-2.47,1.42,0.17,chop,-0.05,normal,0.25,700,mm,-14786.70,103.06,103.09,103.0594,2.28,0.84,0.21,chop,1.43,normal,-0.23,400,mm,-1138.69,28.14,28.18,28.1749,-3.63,1.20,0.24,chop,-0.85,normal,0.03,-1500,mm,-9279.56
138.002,64,475.9,-25023.82,-25023.82,2600,-400,176.13,176.14,176.2286,-2.68,1.42,0.17,chop,-0.05,normal,0.25,700,mm,-14786.70,103.06,103.09,103.0596,2.29,0.84,0.21,chop,1.43,normal,-0.23,400,mm,-1138.69,28.14,28.18,28.1747,-3.64,1.20,0.24,chop,-0.85,normal,0.03,-1500,mm,-9279.56
138.072,64,475.9,-25023.82,-25023.82,2600,-400,176.13,176.14,176.2264,-2.99,1.42,0.38,mixed,-0.35,normal,0.25,700,mm,-14786.70,103.06,103.09,103.0600,2.30,0.84,0.27,mixed,1.84,calm,-0.23,400,mm,-1138.69,28.14,28.18,28.1744,-3.66,1.20,0.18,chop,-0.79,normal,0.03,-1500,mm,-9279.56
138.192,64,475.9,-25023.82,-25023.82,2600,-400,176.13,176.14,176.2229,-3.45,1.42,0.38,mixed,-0.35,normal,0.25,700,mm,-14786.70,103.07,103.08,103.0605,2.32,0.84,0.27,mixed,1.84,calm,-0.23,400,mm,-1138.69,28.14,28.17,28.1736,-3.72,1.20,0.18,chop,-0.79,normal,0.03,-1500,mm,-9279.56
138.226,64,475.9,-25023.82,-25023.82,2600,-400,176.13,176.14,176.2219,-3.57,1.42,0.38,mixed,-0.35,normal,0.25,700,mm,-14786.70,103.07,103.08,103.0607,2.33,0.84,0.27,mixed,1.84,calm,-0.23,400,mm,-1138.69,28.14,28.17,28.1734,-3.74,1.20,0.18,chop,-0.79,normal,0.03,-1500,mm,-9279.56
138.615,64,478.4,-25023.82,-25023.82,3000,0,176.13,176.14,176.2114,-4.63,1.44,0.53,mixed,-0.43,normal,0.25,0,mm,-14801.59,103.0,103.04,103.0558,0.82,1.17,0.05,chop,-0.66,normal,-0.23,1500,mm,-1201.15,28.12,28.14,28.1682,-4.55,1.26,0.31,mixed,-1.10,normal,0.03,-1500,mm,-9204.56
138.786,64,478.4,-25023.82,-25023.82,1700,1300,176.05,176.08,176.2033,-5.90,1.44,0.53,mixed,-0.43,normal,0.25,0,mm,-14801.59,103.01,103.03,103.0538,0.34,1.17,0.05,chop,-0.66,normal,-0.23,1500,mm,-1186.15,28.13,28.14,28.1663,-4.71,1.26,0.31,mixed,-1.10,normal,0.03,-200,mm,-9190.13
139.422,65,471.8,-25132.86,-25132.86,1700,1300,176.05,176.07,176.1760,-8.98,1.88,0.96,TREND,-1.46,normal,0.04,0,mm,-14801.59,103.04,103.05,103.0521,0.16,1.31,0.05,chop,0.53,calm,-0.27,1500,mm,-1141.15,28.13,28.14,28.1604,-4.99,1.24,0.26,mixed,-1.03,normal,-0.26,-200,mm,-9190.13
139.567,65,471.8,-25132.86,-25132.86,400,0,176.05,176.06,176.1703,-9.43,1.88,0.96,TREND,-1.46,normal,0.04,0,mm,-14801.59,103.04,103.05,103.0518,0.14,1.31,0.05,chop,0.53,calm,-0.27,200,mm,-1139.33,28.13,28.14,28.1592,-5.00,1.24,0.26,mixed,-1.03,normal,-0.26,-200,mm,-9190.13
139.613,65,471.8,-25132.86,-25132.86,400,0,176.05,176.06,176.1686,-9.55,1.88,0.96,TREND,-1.46,normal,0.04,0,mm,-14801.59,103.04,103.05,103.0517,0.13,1.31,0.05,chop,0.53,calm,-0.27,200,mm,-1139.33,28.13,28.14,28.1588,-5.00,1.24,0.26,mixed,-1.03,normal,-0.26,-200,mm,-9190.13
139.799,65,471.8,-25132.86,-25132.86,1300,-1300,176.03,176.05,176.1608,-10.19,1.88,0.96,TREND,-1.79,stressed,0.04,0,mm,-14801.59,103.0,103.01,103.0489,-0.49,1.31,0.12,chop,-1.31,calm,-0.27,-1100,mm,-1139.93,28.13,28.14,28.1574,-4.99,1.24,0.26,mixed,-1.02,normal,-0.26,-200,mm,-9190.13
139.986,65,473.9,-25132.86,-25132.86,700,-700,176.01,176.05,176.1529,-10.82,1.82,0.96,TREND,-1.79,stressed,0.04,0,mm,-14801.59,103.02,103.03,103.0474,-0.69,1.35,0.12,chop,-1.31,calm,-0.27,-500,mm,-1118.55,28.13,28.14,28.1560,-4.96,1.16,0.26,mixed,-1.02,normal,-0.26,-200,mm,-9190.13
140.500,65,473.9,-25132.86,-25132.86,1700,1700,175.92,176.02,176.1243,-13.83,2.02,0.97,TREND,-2.70,stressed,0.04,0,mm,-14801.59,103.02,103.03,103.0439,-1.06,1.24,0.04,chop,-0.36,calm,-0.27,700,mm,-1117.95,28.11,28.14,28.1512,-5.16,1.09,0.23,chop,-1.13,normal,-0.26,1000,mm,-9194.81
140.589,65,476.2,-25132.86,-25132.86,1700,1700,175.92,176.02,176.1198,-14.16,2.02,0.97,TREND,-2.70,stressed,0.04,0,mm,-14801.59,103.02,103.03,103.0434,-1.10,1.24,0.04,chop,-0.36,calm,-0.27,700,mm,-1117.95,28.11,28.14,28.1504,-5.17,1.09,0.23,chop,-1.13,normal,-0.26,1000,mm,-9194.81
140.746,65,476.2,-25132.86,-25132.86,1700,1700,175.92,176.0,176.1117,-14.76,2.02,0.97,TREND,-2.70,stressed,0.04,0,mm,-14801.59,103.01,103.03,103.0422,-1.23,1.24,0.04,chop,-0.36,calm,-0.27,700,mm,-1117.95,28.11,28.13,28.1489,-5.23,1.09,0.23,chop,-1.13,normal,-0.26,1000,mm,-9194.81
140.799,65,476.2,-25132.86,-25132.86,1700,1700,175.92,176.0,176.1090,-14.93,2.02,0.97,TREND,-2.74,stressed,0.04,0,mm,-14801.59,103.01,103.03,103.0418,-1.26,1.24,0.02,chop,-0.59,calm,-0.27,700,mm,-1117.95,28.11,28.13,28.1484,-5.25,1.09,0.26,mixed,-1.18,normal,-0.26,1000,mm,-9194.81
141.200,65,476.2,-25132.86,-25132.86,1700,1700,175.93,175.99,176.0905,-15.79,1.92,0.97,TREND,-2.60,stressed,0.04,0,mm,-14801.59,103.02,103.03,103.0397,-1.33,1.13,0.04,chop,-0.35,calm,-0.27,700,mm,-1103.95,28.11,28.13,28.1448,-5.29,0.98,0.31,mixed,-1.16,normal,-0.26,1000,mm,-9194.81
141.562,66,470.3,-25100.34,-25100.34,1400,1400,175.93,175.97,176.0745,-16.33,1.92,0.97,TREND,-2.68,stressed,-0.17,0,mm,-14801.59,103.03,103.04,103.0392,-1.09,1.13,0.08,chop,0.17,calm,-0.38,400,mm,-1074.55,28.11,28.12,28.1414,-5.37,0.98,0.33,mixed,-1.23,normal,-0.96,1000,mm,-9204.81
141.790,66,470.3,-25100.34,-25100.34,1400,1400,175.93,175.96,176.0651,-16.54,1.78,0.97,TREND,-2.68,stressed,-0.17,0,mm,-14801.59,103.03,103.04,103.0389,-0.97,1.12,0.08,chop,0.17,calm,-0.38,400,mm,-1058.55,28.1,28.12,28.1391,-5.46,0.93,0.33,mixed,-1.23,normal,-0.96,1000,mm,-9204.81
141.871,66,470.3,-25100.34,-25100.34,1400,1400,175.93,175.96,176.0619,-16.58,1.78,0.97,TREND,-2.65,stressed,-0.17,0,mm,-14801.59,103.03,103.04,103.0388,-0.93,1.12,0.06,chop,0.18,calm,-0.38,400,mm,-1058.55,28.1,28.12,28.1384,-5.48,0.93,0.41,mixed,-1.28,normal,-0.96,1000,mm,-9204.81
141.899,66,470.3,-25100.34,-25100.34,1400,1400,175.93,175.96,176.0608,-16.59,1.78,0.97,TREND,-2.65,stressed,-0.17,0,mm,-14801.59,103.03,103.04,103.0387,-0.92,1.12,0.06,chop,0.18,calm,-0.38,400,mm,-1058.55,28.1,28.12,28.1381,-5.48,0.93,0.41,mixed,-1.28,normal,-0.96,1000,mm,-9204.81
142.069,66,472.2,-25100.34,-25100.34,3100,3100,175.91,175.95,176.0537,-16.81,1.78,0.97,TREND,-2.65,stressed,-0.17,0,mm,-14801.59,103.03,103.04,103.0385,-0.86,1.12,0.06,chop,0.18,calm,-0.38,1500,mm,-1064.75,28.09,28.11,28.1360,-5.63,0.93,0.41,mixed,-1.28,normal,-0.96,1600,mm,-9204.15
142.553,66,472.2,-25100.34,-25100.34,1900,1900,175.9,175.93,176.0331,-17.48,1.69,0.97,TREND,-2.89,stressed,-0.17,0,mm,-14801.59,103.03,103.06,103.0395,-0.38,1.11,0.04,chop,0.68,calm,-0.38,300,mm,-1028.15,28.1,28.11,28.1314,-5.68,0.84,0.43,mixed,-1.34,normal,-0.96,1600,mm,-9204.15
142.746,66,474.6,-25100.34,-25100.34,1900,1900,175.9,175.92,176.0254,-17.62,1.69,0.97,TREND,-2.89,stressed,-0.17,0,mm,-14801.59,103.03,103.06,103.0398,-0.25,1.11,0.04,chop,0.68,calm,-0.38,300,mm,-1028.15,28.1,28.11,28.1298,-5.65,0.84,0.43,mixed,-1.34,normal,-0.96,1600,mm,-9220.15
142.919,66,474.6,-25100.34,-25100.34,1900,1900,175.88,175.91,176.0183,-17.86,1.69,0.97,TREND,-2.92,stressed,-0.17,0,mm,-14801.59,103.04,103.06,103.0404,-0.09,1.11,0.06,chop,0.92,calm,-0.38,300,mm,-1025.15,28.09,28.11,28.1281,-5.68,0.84,0.43,mixed,-1.38,normal,-0.96,1600,mm,-9220.15
143.118,66,474.6,-25100.34,-25100.34,3800,-600,175.87,175.9,176.0097,-18.17,1.60,0.97,TREND,-2.92,stressed,-0.17,0,mm,-14801.59,103.04,103.05,103.0407,-0.01,1.00,0.06,chop,0.92,calm,-0.38,-2200,mm,-1027.15,28.08,28.1,28.1257,-5.84,0.84,0.43,mixed,-1.38,normal,-0.96,1600,mm,-9236.15
143.327,67,467.5,-25064.88,-25064.88,3500,-300,175.87,175.9,176.0014,-18.34,1.60,0.97,TREND,-2.85,stressed,-0.14,0,mm,-14801.59,103.06,103.07,103.0423,0.38,1.00,0.12,chop,1.59,calm,0.20,-1900,mm,-1062.75,28.08,28.1,28.1233,-5.95,0.84,0.57,mixed,-1.49,normal,-1.11,1600,mm,-9236.15
143.490,67,467.5,-25064.88,-25064.88,3600,-400,175.87,175.89,175.9949,-18.45,1.60,0.97,TREND,-2.85,stressed,-0.14,0,mm,-14801.59,103.04,103.05,103.0425,0.36,1.00,0.12,chop,1.59,calm,0.20,-2000,mm,-1063.61,28.09,28.1,28.1218,-5.93,0.84,0.57,mixed,-1.49,normal,-1.11,1600,mm,-9220.15
143.623,67,467.5,-25064.88,-25064.88,3600,-400,175.87,175.89,175.9899,-18.48,1.60,0.97,TREND,-2.74,stressed,-0.14,0,mm,-14801.59,103.04,103.05,103.0426,0.35,0.90,0.04,chop,0.61,calm,0.20,-2000,mm,-1063.61,28.09,28.1,28.1206,-5.90,0.86,0.52,mixed,-1.40,normal,-1.11,1600,mm,-9220.15
143.661,67,467.5,-25064.88,-25064.88,3600,-400,175.87,175.89,175.9886,-18.48,1.60,0.97,TREND,-2.74,stressed,-0.14,0,mm,-14801.59,103.04,103.05,103.0426,0.35,0.90,0.04,chop,0.61,calm,0.20,-2000,mm,-1063.61,28.09,28.1,28.1203,-5.89,0.86,0.52,mixed,-1.40,normal,-1.11,1600,mm,-9220.15
143.730,67,467.5,-25064.88,-25064.88,3900,-700,175.86,175.89,175.9860,-18.51,1.60,0.97,TREND,-2.74,stressed,-0.14,0,mm,-14801.59,103.07,103.08,103.0433,0.52,0.90,0.04,chop,0.61,calm,0.20,-2300,mm,-1086.19,28.09,28.1,28.1197,-5.87,0.86,0.52,mixed,-1.40,normal,-1.11,1600,mm,-9220.15
144.117,67,470.2,-25064.88,-25064.88,3900,-700,175.86,175.88,175.9720,-18.57,1.60,1.00,TREND,-2.67,stressed,-0.14,0,mm,-14801.59,103.07,103.08,103.0471,1.25,0.90,0.13,chop,1.98,calm,0.20,-2300,mm,-1086.19,28.09,28.1,28.1168,-5.74,0.86,0.57,mixed,-1.38,normal,-1.11,1600,mm,-9220.15
144.340,67,470.2,-25064.88,-25064.88,2200,2200,175.86,175.87,175.9644,-18.55,1.48,1.00,TREND,-2.67,stressed,-0.14,0,mm,-14801.59,103.07,103.09,103.0495,1.62,1.13,0.13,chop,1.98,calm,0.20,600,mm,-1116.99,28.08,28.09,28.1145,-5.81,0.82,0.57,mixed,-1.38,normal,-1.11,1600,mm,-9220.15
144.954,67,473.2,-25064.88,-25064.88,2016,2016,175.86,175.87,175.9461,-18.06,1.51,1.00,TREND,-2.55,stressed,-0.14,0,mm,-14801.59,103.07,103.08,103.0542,2.04,1.09,0.00,chop,1.89,calm,0.20,0,mm,-1068.15,28.07,28.09,28.1082,-6.00,0.74,0.70,mixed,-1.53,normal,-1.11,2016,mm,-9235.69
145.203,68,465.0,-25158.58,-25158.58,3516,516,175.84,175.87,175.9389,-17.93,1.51,1.00,TREND,-2.55,stressed,-0.27,0,mm,-14801.59,103.08,103.1,103.0570,2.41,1.09,0.00,chop,1.89,calm,-0.04,-1500,mm,-1101.15,28.07,28.08,28.1055,-6.07,0.74,0.70,mixed,-1.53,normal,-1.19,2016,mm,-9255.85
145.505,68,465.0,-25158.58,-25158.58,4316,1316,175.83,175.85,175.9294,-17.99,1.43,1.00,TREND,-2.59,stressed,-0.27,0,mm,-14801.59,103.07,103.08,103.0587,2.38,1.01,0.02,chop,1.81,calm,-0.04,-1500,mm,-1086.15,28.07,28.08,28.1026,-6.08,0.68,0.71,mixed,-1.54,normal,-1.19,2816,mm,-9254.97
145.688,68,465.0,-25158.58,-25158.58,2816,2816,175.83,175.84,175.9238,-18.00,1.43,1.00,TREND,-2.59,stressed,-0.27,0,mm,-14801.59,103.06,103.08,103.0594,2.28,1.01,0.02,chop,1.81,calm,-0.04,0,mm,-1069.05,28.06,28.08,28.1007,-6.13,0.68,0.71,mixed,-1.54,normal,-1.19,2816,mm,-9283.13
145.902,68,467.4,-25158.58,-25158.58,4216,4216,175.83,175.84,175.9177,-17.93,1.43,1.00,TREND,-2.49,stressed,-0.27,0,mm,-14801.59,103.06,103.07,103.0598,2.09,1.01,0.05,chop,1.32,calm,-0.04,1400,mm,-1080.15,28.06,28.07,28.0982,-6.23,0.68,0.73,mixed,-1.61,normal,-1.19,2816,mm,-9283.13
146.076,68,467.4,-25158.58,-25158.58,4216,4216,175.83,175.84,175.9131,-17.81,1.40,1.00,TREND,-2.49,stressed,-0.27,0,mm,-14801.59,103.06,103.07,103.0601,1.96,1.02,0.05,chop,1.32,calm,-0.04,1400,mm,-1080.15,28.06,28.07,28.0964,-6.27,0.65,0.73,mixed,-1.61,normal,-1.19,2816,mm,-9283.13
146.194,68,467.4,-25158.58,-25158.58,4216,4216,175.83,175.84,175.9101,-17.71,1.40,1.00,TREND,-2.38,stressed,-0.27,0,mm,-14801.59,103.06,103.07,103.0603,1.89,1.02,0.04,chop,1.30,calm,-0.04,1400,mm,-1080.15,28.06,28.07,28.0952,-6.28,0.65,0.73,mixed,-1.57,normal,-1.19,2816,mm,-9283.13
146.207,68,467.4,-25158.58,-25158.58,4216,4216,175.83,175.84,175.9098,-17.70,1.40,1.00,TREND,-2.38,stressed,-0.27,0,mm,-14801.59,103.06,103.07,103.0603,1.88,1.02,0.04,chop,1.30,calm,-0.04,1400,mm,-1080.15,28.06,28.07,28.0950,-6.28,0.65,0.73,mixed,-1.57,normal,-1.19,2816,mm,-9283.13
146.454,68,467.4,-25158.58,-25158.58,4216,4216,175.83,175.84,175.9038,-17.43,1.40,1.00,TREND,-2.26,stressed,-0.27,0,mm,-14801.59,103.06,103.07,103.0607,1.73,1.02,0.04,chop,1.26,calm,-0.04,1400,mm,-1080.15,28.06,28.07,28.0927,-6.27,0.65,0.73,mixed,-1.53,normal,-1.19,2816,mm,-9283.13
146.472,68,469.4,-25158.58,-25158.58,4116,1516,175.83,175.84,175.9034,-17.41,1.40,1.00,TREND,-2.26,stressed,-0.27,0,mm,-14801.59,103.06,103.07,103.0607,1.73,1.02,0.04,chop,1.26,calm,-0.04,-1300,mm,-1084.55,28.06,28.07,28.0925,-6.27,0.65,0.73,mixed,-1.53,normal,-1.19,2816,mm,-9283.13
146.639,68,469.4,-25158.58,-25158.58,4116,1516,175.83,175.84,175.8998,-17.20,1.42,1.00,TREND,-2.26,stressed,-0.27,0,mm,-14801.59,103.06,103.07,103.0609,1.64,0.93,0.04,chop,1.26,calm,-0.04,-1300,mm,-1071.55,28.06,28.07,28.0910,-6.23,0.64,0.73,mixed,-1.53,normal,-1.19,2816,mm,-9283.13
146.739,68,469.4,-25158.58,-25158.58,4116,1516,175.83,175.84,175.8977,-17.07,1.42,1.00,TREND,-2.18,stressed,-0.27,0,mm,-14801.59,103.06,103.07,103.0611,1.60,0.93,0.04,chop,1.24,calm,-0.04,-1300,mm,-1071.55,28.06,28.07,28.0902,-6.21,0.64,0.79,mixed,-1.50,normal,-1.19,2816,mm,-9283.13
146.785,68,469.4,-25158.58,-25158.58,4116,1516,175.83,175.84,175.8967,-17.00,1.42,1.00,TREND,-2.18,stressed,-0.27,0,mm,-14801.59,103.06,103.07,103.0611,1.58,0.93,0.04,chop,1.24,calm,-0.04,-1300,mm,-1071.55,28.06,28.07,28.0898,-6.19,0.64,0.79,mixed,-1.50,normal,-1.19,2816,mm,-9283.13
146.996,68,469.4,-25158.58,-25158.58,2816,2816,175.83,175.84,175.8925,-16.69,1.42,1.00,TREND,-2.10,stressed,-0.27,0,mm,-14801.59,103.05,103.07,103.0610,1.42,0.93,0.02,chop,1.00,calm,-0.04,0,mm,-1061.15,28.06,28.07,28.0881,-6.12,0.64,0.79,mixed,-1.47,normal,-1.19,2816,mm,-9283.13
147.051,68,471.4,-25158.58,-25158.58,2816,2816,175.83,175.84,175.8915,-16.61,1.42,1.00,TREND,-2.10,stressed,-0.27,0,mm,-14801.59,103.05,103.07,103.0610,1.38,0.93,0.02,chop,1.00,calm,-0.04,0,mm,-1061.15,28.06,28.07,28.0877,-6.10,0.64,0.79,mixed,-1.47,normal,-1.19,2816,mm,-9283.13
147.194,68,471.4,-25158.58,-25158.58,4616,1016,175.83,175.84,175.8889,-16.39,1.41,1.00,TREND,-2.10,stressed,-0.27,0,mm,-14801.59,103.05,103.07,103.0610,1.29,0.90,0.02,chop,1.00,calm,-0.04,-1800,mm,-1064.75,28.06,28.07,28.0867,-6.04,0.62,0.79,mixed,-1.47,normal,-1.19,2816,mm,-9283.13
147.413,68,471.4,-25158.58,-25158.58,2816,2816,175.83,175.84,175.8851,-16.04,1.41,1.00,TREND,-2.01,stressed,-0.27,0,mm,-14801.59,103.05,103.06,103.0606,1.08,0.90,0.04,chop,0.74,calm,-0.04,0,mm,-1044.23,28.06,28.07,28.0851,-5.93,0.62,0.75,mixed,-1.42,normal,-1.19,2816,mm,-9283.13
147.503,68,471.4,-25158.58,-25158.58,2816,2816,175.83,175.84,175.8837,-15.89,1.41,1.00,TREND,-2.01,stressed,-0.27,0,mm,-14801.59,103.05,103.06,103.0604,1.01,0.90,0.04,chop,0.74,calm,-0.04,0,mm,-1044.23,28.06,28.07,28.0845,-5.89,0.62,0.75,mixed,-1.42,normal,-1.19,2816,mm,-9283.13
147.605,69,464.4,-25149.46,-25149.46,2816,2816,175.83,175.84,175.8820,-15.73,1.41,1.00,TREND,-2.01,stressed,-0.37,0,mm,-14801.59,103.05,103.06,103.0602,0.94,0.90,0.04,chop,0.74,calm,-0.37,0,mm,-1044.23,28.06,28.07,28.0839,-5.83,0.62,0.75,mixed,-1.42,normal,-1.26,2816,mm,-9283.13
147.654,69,464.4,-25149.46,-25149.46,6010,-378,175.83,175.84,175.8813,-15.64,1.41,1.00,TREND,-2.01,stressed,-0.37,0,mm,-14801.59,103.05,103.07,103.0602,0.92,0.90,0.04,chop,0.74,calm,-0.37,-3194,mm,-1029.19,28.06,28.07,28.0836,-5.81,0.62,0.75,mixed,-1.42,normal,-1.26,2816,mm,-9283.13
147.969,69,464.4,-25149.46,-25149.46,6612,-980,175.83,175.84,175.8767,-15.12,1.40,1.00,TREND,-1.92,stressed,-0.37,0,mm,-14801.59,103.05,103.09,103.0612,1.08,0.89,0.02,chop,1.39,calm,-0.37,-3796,mm,-1062.34,28.06,28.07,28.0817,-5.64,0.60,0.83,mixed,-1.36,normal,-1.26,2816,mm,-9283.13
148.172,69,466.3,-25149.46,-25149.46,6612,-980,175.83,175.84,175.8740,-14.78,1.40,1.00,TREND,-1.92,stressed,-0.37,0,mm,-14801.59,103.06,103.09,103.0621,1.23,0.89,0.02,chop,1.39,calm,-0.37,-3796,mm,-1062.34,28.06,28.07,28.0807,-5.52,0.60,0.83,mixed,-1.36,normal,-1.26,2816,mm,-9283.13
148.338,69,466.3,-25149.46,-25149.46,6612,-980,175.83,175.84,175.8719,-14.51,1.40,1.00,TREND,-1.85,stressed,-0.37,0,mm,-14801.59,103.06,103.09,103.0628,1.33,0.89,0.24,chop,1.59,calm,-0.37,-3796,mm,-1062.34,28.06,28.07,28.0798,-5.42,0.60,0.76,mixed,-1.33,normal,-1.26,2816,mm,-9283.13
148.822,69,468.5,-25149.46,-25149.46,4226,1234,175.83,175.84,175.8664,-13.72,1.37,1.00,TREND,-1.78,stressed,-0.37,-800,mm,-14799.75,103.06,103.08,103.0638,1.34,0.82,0.12,chop,1.32,calm,-0.37,-696,mm,-1064.96,28.06,28.08,28.0784,-4.98,0.63,0.76,mixed,-1.24,normal,-1.26,2730,mm,-9281.32
149.058,69,468.5,-25149.46,-25149.46,3026,-1166,175.83,175.84,175.8641,-13.34,1.37,1.00,TREND,-1.78,stressed,-0.37,-800,mm,-14799.75,103.07,103.09,103.0651,1.51,0.82,0.12,chop,1.32,calm,-0.37,-1296,mm,-1086.08,28.07,28.08,28.0781,-4.70,0.63,0.76,mixed,-1.24,normal,-1.26,930,mm,-9254.60
149.206,69,468.5,-25149.46,-25149.46,5126,-3266,175.83,175.84,175.8627,-13.11,1.37,1.00,TREND,-1.72,stressed,-0.37,-800,mm,-14791.75,103.08,103.09,103.0660,1.65,0.82,0.18,chop,1.94,calm,-0.37,-3396,mm,-1098.32,28.07,28.08,28.0780,-4.55,0.63,0.67,mixed,-1.16,normal,-1.26,930,mm,-9254.60
149.289,69,468.5,-25149.46,-25149.46,5126,-3266,175.83,175.84,175.8619,-12.98,1.37,1.00,TREND,-1.72,stressed,-0.37,-800,mm,-14791.75,103.08,103.09,103.0665,1.72,0.82,0.18,chop,1.94,calm,-0.37,-3396,mm,-1098.32,28.07,28.08,28.0779,-4.47,0.63,0.67,mixed,-1.16,normal,-1.26,930,mm,-9254.60
149.484,70,461.9,-25144.66,-25144.66,4226,-2366,175.83,175.84,175.8602,-12.68,1.33,1.00,TREND,-1.66,stressed,-0.72,-800,mm,-14791.75,103.07,103.09,103.0674,1.78,0.81,0.41,mixed,1.65,calm,0.37,-2496,mm,-1080.32,28.07,28.08,28.0777,-4.29,0.64,0.67,mixed,-1.13,normal,-1.01,930,mm,-9254.60
149.756,70,461.9,-25144.66,-25144.66,4226,-2366,175.83,175.84,175.8580,-12.26,1.33,1.00,TREND,-1.62,stressed,-0.72,-800,mm,-14791.75,103.07,103.09,103.0685,1.83,0.81,0.41,mixed,1.62,normal,0.37,-2496,mm,-1080.32,28.07,28.08,28.0775,-4.07,0.64,0.67,mixed,-1.11,normal,-1.01,930,mm,-9254.60
150.040,70,463.8,-25144.66,-25144.66,3726,-2866,175.83,175.84,175.8560,-11.85,1.29,1.00,TREND,-1.57,stressed,-0.72,-800,mm,-14791.75,103.06,103.07,103.0682,1.53,0.89,0.22,chop,0.92,normal,0.37,-2496,mm,-1080.32,28.07,28.08,28.0772,-3.86,0.60,0.62,mixed,-1.09,normal,-1.01,430,mm,-9249.05
150.250,70,463.8,-25144.66,-25144.66,3726,-2866,175.83,175.84,175.8546,-11.55,1.29,1.00,TREND,-1.57,stressed,-0.72,-800,mm,-14791.75,103.07,103.08,103.0686,1.51,0.89,0.22,chop,0.92,normal,0.37,-2496,mm,-1080.32,28.07,28.08,28.0771,-3.73,0.60,0.62,mixed,-1.09,normal,-1.01,430,mm,-9249.05
150.315,70,463.8,-25144.66,-25144.66,3726,-2866,175.83,175.84,175.8541,-11.45,1.29,1.00,TREND,-1.53,stressed,-0.72,-800,mm,-14791.75,103.07,103.08,103.0687,1.51,0.89,0.26,mixed,1.33,calm,0.37,-2496,mm,-1080.32,28.07,28.08,28.0770,-3.69,0.60,0.62,mixed,-1.06,normal,-1.01,430,mm,-9249.05
150.343,70,463.8,-25144.66,-25144.66,3726,-2866,175.83,175.84,175.8540,-11.41,1.29,1.00,TREND,-1.53,stressed,-0.72,-800,mm,-14791.75,103.07,103.08,103.0688,1.51,0.89,0.26,mixed,1.33,calm,0.37,-2496,mm,-1080.32,28.07,28.08,28.0770,-3.67,0.60,0.62,mixed,-1.06,normal,-1.01,430,mm,-9249.05
150.398,70,465.0,-25144.66,-25144.66,3726,-2866,175.83,175.84,175.8536,-11.34,1.29,1.00,TREND,-1.53,stressed,-0.72,-800,mm,-14791.75,103.07,103.08,103.0689,1.50,0.89,0.26,mixed,1.33,calm,0.37,-2496,mm,-1080.32,28.07,28.08,28.0770,-3.64,0.60,0.62,mixed,-1.06,normal,-1.01,430,mm,-9249.05
150.462,70,465.0,-25144.66,-25144.66,1326,-1066,175.83,175.84,175.8532,-11.25,1.29,1.00,TREND,-1.53,stressed,-0.72,-800,mm,-14791.75,103.06,103.07,103.0688,1.44,0.89,0.26,mixed,1.33,calm,0.37,-396,mm,-1039.04,28.07,28.09,28.0771,-3.58,0.60,0.62,mixed,-1.06,normal,-1.01,130,mm,-9245.72
150.497,70,465.0,-25144.66,-25144.66,1326,-1066,175.83,175.84,175.8530,-11.20,1.29,1.00,TREND,-1.53,stressed,-0.72,-800,mm,-14791.75,103.06,103.07,103.0688,1.41,0.89,0.26,mixed,1.33,calm,0.37,-396,mm,-1039.04,28.07,28.09,28.0771,-3.54,0.60,0.62,mixed,-1.06,normal,-1.01,130,mm,-9245.72
150.658,70,465.0,-25144.66,-25144.66,1326,-1066,175.83,175.84,175.8521,-10.98,1.24,1.00,TREND,-1.50,stressed,-0.72,-800,mm,-14791.75,103.06,103.07,103.0686,1.28,0.80,0.23,chop,0.88,normal,0.37,-396,mm,-1039.04,28.07,28.09,28.0772,-3.40,0.61,0.50,mixed,-1.00,normal,-1.01,130,mm,-9245.72
150.707,70,465.0,-25144.66,-25144.66,1326,-1066,175.83,175.84,175.8518,-10.92,1.24,1.00,TREND,-1.50,stressed,-0.72,-800,mm,-14791.75,103.06,103.11,103.0689,1.33,0.80,0.23,chop,0.88,normal,0.37,-396,mm,-1039.04,28.08,28.09,28.0774,-3.33,0.61,0.50,mixed,-1.00,normal,-1.01,130,mm,-9245.72
150.774,70,465.0,-25144.66,-25144.66,1326,-1066,175.83,175.84,175.8514,-10.82,1.24,1.00,TREND,-1.50,stressed,-0.72,-800,mm,-14791.75,103.06,103.11,103.0692,1.39,0.80,0.23,chop,0.88,normal,0.37,-396,mm,-1039.04,28.08,28.09,28.0775,-3.25,0.61,0.50,mixed,-1.00,normal,-1.01,130,mm,-9245.72
150.798,70,465.0,-25144.66,-25144.66,1326,-1066,175.83,175.84,175.8513,-10.79,1.24,1.00,TREND,-1.50,stressed,-0.72,-800,mm,-14791.75,103.06,103.11,103.0694,1.41,0.80,0.23,chop,0.88,normal,0.37,-396,mm,-1039.04,28.08,28.09,28.0776,-3.22,0.61,0.50,mixed,-1.00,normal,-1.01,130,mm,-9245.72
150.854,70,465.0,-25144.66,-25144.66,1326,-1066,175.83,175.84,175.8510,-10.72,1.24,1.00,TREND,-1.50,stressed,-0.72,-800,mm,-14791.75,103.06,103.11,103.0696,1.46,0.80,0.23,chop,0.88,normal,0.37,-396,mm,-1039.04,28.08,28.09,28.0777,-3.16,0.61,0.50,mixed,-1.00,normal,-1.01,130,mm,-9245.72
150.960,70,466.8,-25144.66,-25144.66,1326,-1066,175.83,175.84,175.8505,-10.58,1.24,1.00,TREND,-1.47,stressed,-0.72,-800,mm,-14791.75,103.06,103.11,103.0702,1.53,0.80,0.29,mixed,1.72,calm,0.37,-396,mm,-1039.04,28.08,28.1,28.0781,-3.00,0.61,0.33,mixed,-0.88,normal,-1.01,130,mm,-9245.72
151.397,70,466.8,-25144.66,-25144.66,3834,1434,175.83,175.84,175.8484,-10.03,1.19,1.00,TREND,-1.42,stressed,-0.72,-1200,mm,-14798.83,103.07,103.1,103.0722,1.74,0.90,0.25,chop,1.66,normal,0.37,2504,mm,-1011.88,28.09,28.1,28.0804,-2.33,0.70,0.22,chop,-0.81,normal,-1.01,130,mm,-9243.12
151.565,71,460.1,-25071.78,-25071.78,5074,-66,175.83,175.84,175.8476,-9.82,1.19,1.00,TREND,-1.42,stressed,-0.86,-1200,mm,-14798.83,103.07,103.09,103.0726,1.73,0.90,0.25,chop,1.66,normal,0.10,2504,mm,-1011.88,28.09,28.11,28.0815,-2.07,0.70,0.22,chop,-0.81,normal,-0.19,-1370,mm,-9259.07
151.597,71,460.1,-25071.78,-25071.78,5074,-66,175.83,175.84,175.8475,-9.78,1.19,1.00,TREND,-1.42,stressed,-0.86,-1200,mm,-14798.83,103.07,103.09,103.0727,1.72,0.90,0.25,chop,1.66,normal,0.10,2504,mm,-1011.88,28.09,28.11,28.0817,-2.03,0.70,0.22,chop,-0.81,normal,-0.19,-1370,mm,-9259.07
151.636,71,460.1,-25071.78,-25071.78,5074,-66,175.83,175.84,175.8474,-9.73,1.19,1.00,TREND,-1.42,stressed,-0.86,-1200,mm,-14798.83,103.07,103.09,103.0728,1.72,0.90,0.25,chop,1.66,normal,0.10,2504,mm,-1011.88,28.09,28.11,28.0819,-1.97,0.70,0.22,chop,-0.81,normal,-0.19,-1370,mm,-9259.07
151.743,71,460.1,-25071.78,-25071.78,5074,-66,175.83,175.85,175.8471,-9.56,1.19,0.91,TREND,-1.36,stressed,-0.86,-1200,mm,-14798.83,103.08,103.09,103.0732,1.75,0.90,0.25,mixed,1.61,calm,0.10,2504,mm,-1011.88,28.1,28.11,28.0827,-1.79,0.70,0.05,chop,-0.68,normal,-0.19,-1370,mm,-9259.07
151.803,71,460.1,-25071.78,-25071.78,5074,-66,175.83,175.85,175.8470,-9.47,1.19,0.91,TREND,-1.36,stressed,-0.86,-1200,mm,-14798.83,103.08,103.09,103.0734,1.76,0.90,0.25,mixed,1.61,calm,0.10,2504,mm,-1011.88,28.1,28.11,28.0832,-1.70,0.70,0.05,chop,-0.68,normal,-0.19,-1370,mm,-9259.07
151.900,71,460.1,-25071.78,-25071.78,5074,-66,175.83,175.85,175.8467,-9.32,1.19,0.91,TREND,-1.36,stressed,-0.86,-1200,mm,-14798.83,103.08,103.09,103.0738,1.78,0.83,0.25,mixed,1.61,calm,0.10,2504,mm,-1011.88,28.1,28.11,28.0839,-1.56,0.72,0.05,chop,-0.68,normal,-0.19,-1370,mm,-9259.07
152.093,71,460.1,-25071.78,-25071.78,5074,-66,175.83,175.84,175.8460,-9.12,1.19,0.89,TREND,-1.34,stressed,-0.86,-1200,mm,-14786.83,103.08,103.1,103.0748,1.88,0.83,0.23,chop,1.75,normal,0.10,2504,mm,-986.84,28.1,28.12,28.0855,-1.24,0.72,0.05,chop,-0.60,normal,-0.19,-1370,mm,-9286.47
152.337,71,462.7,-25071.78,-25071.78,5074,-66,175.83,175.84,175.8451,-8.86,1.19,0.89,TREND,-1.34,stressed,-0.86,-1200,mm,-14786.83,103.08,103.09,103.0756,1.88,0.83,0.23,chop,1.75,normal,0.10,2504,mm,-986.84,28.11,28.13,28.0882,-0.73,0.72,0.05,chop,-0.60,normal,-0.19,-1370,mm,-9286.47
152.571,71,462.7,-25071.78,-25071.78,3519,-2311,175.83,175.84,175.8444,-8.62,1.08,0.89,TREND,-1.30,stressed,-0.86,-1200,mm,-14786.83,103.08,103.09,103.0763,1.87,0.77,0.20,chop,1.50,calm,0.10,604,mm,-965.64,28.12,28.14,28.0913,-0.18,0.86,0.22,chop,-0.34,normal,-0.19,-1715,mm,-9299.79
152.733,71,462.7,-25071.78,-25071.78,3519,-2311,175.83,175.84,175.8439,-8.46,1.08,0.89,TREND,-1.30,stressed,-0.86,-1200,mm,-14786.83,103.08,103.09,103.0768,1.86,0.77,0.20,chop,1.50,calm,0.10,604,mm,-965.64,28.12,28.14,28.0933,0.13,0.86,0.22,chop,-0.34,normal,-0.19,-1715,mm,-9299.79
152.988,71,464.8,-25071.78,-25071.78,3474,-66,175.83,175.85,175.8436,-8.11,1.08,0.73,mixed,-1.24,stressed,-0.86,-1200,mm,-14786.83,103.06,103.07,103.0758,1.44,0.77,0.07,chop,0.67,calm,0.10,1704,mm,-992.54,28.13,28.15,28.0971,0.71,0.86,0.33,mixed,-0.19,normal,-0.19,-570,mm,-9293.73
153.469,72,457.8,-25083.02,-25083.02,5274,-1866,175.84,175.86,175.8445,-7.20,1.16,0.43,mixed,-1.16,normal,-1.34,-2100,mm,-14796.76,103.06,103.07,103.0742,0.89,0.89,0.11,chop,0.65,calm,0.43,1704,mm,-992.54,28.14,28.15,28.1042,1.58,0.88,0.45,mixed,-0.10,normal,-0.05,-1470,mm,-9292.74
153.717,72,457.8,-25083.02,-25083.02,5374,-1966,175.84,175.86,175.8450,-6.82,1.16,0.43,mixed,-1.16,normal,-1.34,-2100,mm,-14796.76,103.06,103.07,103.0735,0.70,0.89,0.11,chop,0.65,calm,0.43,1704,mm,-992.54,28.14,28.15,28.1074,1.87,0.88,0.45,mixed,-0.10,normal,-0.05,-1570,mm,-9292.63
153.945,72,457.8,-25083.02,-25083.02,5774,-2366,175.85,175.86,175.8457,-6.43,1.16,0.23,chop,-1.09,normal,-1.34,-2100,mm,-14817.76,103.06,103.07,103.0729,0.56,0.89,0.07,chop,0.62,calm,0.43,1704,mm,-992.54,28.17,28.2,28.1131,2.76,0.88,0.60,mixed,0.57,normal,-0.05,-1970,mm,-9307.89
154.410,72,460.8,-25083.02,-25083.02,6674,-3266,175.92,175.95,175.8584,-3.26,1.84,0.50,mixed,-0.65,normal,-1.34,-3000,mm,-14845.69,103.06,103.07,103.0717,0.35,0.80,0.07,chop,0.60,calm,0.43,1704,mm,-992.54,28.18,28.21,28.1248,4.26,1.20,0.79,mixed,0.80,normal,-0.05,-1970,mm,-9307.89
154.666,72,460.8,-25083.02,-25083.02,6674,-3266,175.93,175.98,175.8663,-1.67,1.84,0.56,mixed,-0.53,normal,-1.34,-3000,mm,-15085.69,103.06,103.07,103.0712,0.28,0.80,0.07,chop,0.60,calm,0.43,1704,mm,-992.54,28.18,28.2,28.1301,4.68,1.20,0.73,mixed,0.71,normal,-0.05,-1970,mm,-9307.89
155.037,72,462.8,-25083.02,-25083.02,3659,-3659,175.95,176.02,175.8799,0.74,2.06,0.88,TREND,-0.36,normal,-1.34,-93,mm,-15184.50,103.06,103.07,103.0705,0.19,0.72,0.07,chop,0.58,calm,0.43,-1096,mm,-992.06,28.19,28.24,28.1398,5.70,1.18,0.82,TREND,1.21,normal,-0.05,-2470,mm,-9445.24
156.029,73,457.5,-25579.36,-25579.36,5639,-4431,176.04,176.13,175.9376,8.95,2.67,0.96,TREND,0.19,stressed,-0.21,-600,mm,-15189.34,103.02,103.06,103.0619,-1.21,0.87,0.15,chop,-0.47,calm,0.31,604,mm,-973.54,28.21,28.22,28.1610,6.70,1.15,0.94,TREND,1.43,stressed,0.12,-4435,mm,-9414.73
156.365,73,457.5,-25579.36,-25579.36,4369,-761,176.08,176.11,175.9542,10.28,2.67,0.96,TREND,0.25,stressed,-0.21,-600,mm,-15261.34,103.01,103.04,103.0580,-1.77,0.87,0.22,chop,-1.12,calm,0.31,1804,mm,-1018.14,28.22,28.23,28.1677,6.96,1.15,0.94,TREND,1.69,stressed,0.12,-1965,mm,-9468.62
156.604,73,459.3,-25579.36,-25579.36,4369,-761,176.08,176.12,175.9653,10.99,2.44,0.96,TREND,0.25,stressed,-0.21,-600,mm,-15261.34,103.01,103.03,103.0551,-2.13,0.94,0.22,chop,-1.12,calm,0.31,1804,mm,-1018.14,28.22,28.23,28.1721,7.05,1.04,0.94,TREND,1.69,stressed,0.12,-1965,mm,-9468.62
156.691,73,459.3,-25579.36,-25579.36,4369,-761,176.08,176.12,175.9691,11.18,2.44,0.96,TREND,0.28,stressed,-0.21,-600,mm,-15261.34,103.01,103.03,103.0541,-2.24,0.94,0.24,chop,-1.31,calm,0.31,1804,mm,-1018.14,28.22,28.23,28.1736,7.06,1.04,0.94,TREND,1.65,stressed,0.12,-1965,mm,-9468.62
156.823,73,459.3,-25579.36,-25579.36,4369,-761,176.08,176.12,175.9747,11.43,2.44,0.96,TREND,0.28,stressed,-0.21,-600,mm,-15261.34,103.01,103.03,103.0527,-2.38,0.94,0.24,chop,-1.31,calm,0.31,1804,mm,-1018.14,28.22,28.23,28.1758,7.07,1.04,0.94,TREND,1.65,stressed,0.12,-1965,mm,-9468.62
157.012,73,459.3,-25579.36,-25579.36,3769,-161,176.09,176.11,175.9823,11.68,2.44,0.96,TREND,0.29,stressed,-0.21,0,mm,-15262.96,103.0,103.03,103.0504,-2.62,0.94,0.24,chop,-1.55,calm,0.31,1804,mm,-1018.14,28.22,28.23,28.1788,7.05,1.04,0.94,TREND,1.77,stressed,0.12,-1965,mm,-9468.62
157.237,73,461.3,-25579.36,-25579.36,3769,-161,176.09,176.1,175.9904,11.77,2.40,0.96,TREND,0.29,stressed,-0.21,0,mm,-15262.96,103.0,103.02,103.0475,-2.91,0.90,0.24,chop,-1.55,calm,0.31,1804,mm,-1018.14,28.23,28.26,28.1835,7.35,1.04,0.94,TREND,1.77,stressed,0.12,-1965,mm,-9468.62
157.467,73,461.3,-25579.36,-25579.36,3769,-161,176.09,176.12,175.9988,11.95,2.40,0.96,TREND,0.33,stressed,-0.21,0,mm,-15262.96,103.0,103.02,103.0447,-3.13,0.90,0.24,chop,-1.74,calm,0.31,1804,mm,-1036.18,28.26,28.27,28.1895,7.90,1.04,0.95,TREND,2.53,stressed,0.12,-1965,mm,-9527.57
157.797,74,454.7,-25826.71,-25826.71,2961,-2961,176.1,176.11,176.0098,12.02,2.21,0.96,TREND,0.33,stressed,-0.06,0,mm,-15262.96,103.0,103.01,103.0406,-3.44,0.81,0.37,mixed,-1.91,calm,0.00,-996,mm,-1053.62,28.26,28.28,28.1978,8.51,1.06,0.95,TREND,2.54,stressed,0.17,-1965,mm,-9547.22
158.002,74,454.7,-25826.71,-25826.71,996,-996,176.1,176.12,176.0164,12.07,2.21,0.96,TREND,0.33,stressed,-0.06,0,mm,-15262.96,103.0,103.01,103.0383,-3.57,0.81,0.37,mixed,-1.91,calm,0.00,-996,mm,-1053.62,28.27,28.28,28.2029,8.82,1.06,0.95,TREND,2.54,stressed,0.17,0,mm,-9589.47
158.309,74,454.7,-25826.71,-25826.71,996,-996,176.1,176.12,176.0255,12.01,2.09,0.96,TREND,0.38,stressed,-0.06,0,mm,-15262.96,103.0,103.02,103.0355,-3.57,0.82,0.37,mixed,-1.66,normal,0.00,-996,mm,-1023.74,28.27,28.28,28.2099,9.10,1.02,0.95,TREND,2.52,stressed,0.17,0,mm,-9589.47
158.483,74,456.9,-25826.71,-25826.71,2996,-2996,176.1,176.12,176.0303,11.93,2.09,0.96,TREND,0.38,stressed,-0.06,0,mm,-15262.96,102.99,103.01,103.0335,-3.69,0.82,0.37,mixed,-1.66,normal,0.00,-2996,mm,-1027.74,28.27,28.29,28.2139,9.25,1.02,0.95,TREND,2.52,stressed,0.17,0,mm,-9589.47
158.545,74,456.9,-25826.71,-25826.71,2996,-2996,176.1,176.12,176.0319,11.90,2.09,0.96,TREND,0.38,stressed,-0.06,0,mm,-15262.96,102.99,103.01,103.0328,-3.72,0.82,0.37,mixed,-1.66,normal,0.00,-2996,mm,-1027.74,28.27,28.29,28.2152,9.29,1.02,0.95,TREND,2.52,stressed,0.17,0,mm,-9589.47
158.586,74,456.9,-25826.71,-25826.71,2996,-2996,176.1,176.12,176.0329,11.87,2.09,0.96,TREND,0.39,stressed,-0.06,0,mm,-15262.96,102.99,103.0,103.0323,-3.76,0.82,0.41,mixed,-2.19,normal,0.00,-2996,mm,-1027.74,28.27,28.28,28.2160,9.29,1.02,0.95,TREND,2.41,stressed,0.17,0,mm,-9589.47
158.634,74,456.9,-25826.71,-25826.71,2996,-2996,176.1,176.12,176.0341,11.84,2.09,0.96,TREND,0.39,stressed,-0.06,0,mm,-15262.96,102.99,103.0,103.0318,-3.80,0.82,0.41,mixed,-2.19,normal,0.00,-2996,mm,-1027.74,28.27,28.28,28.2169,9.29,1.02,0.95,TREND,2.41,stressed,0.17,0,mm,-9589.47
158.672,74,456.9,-25826.71,-25826.71,2996,-2996,176.1,176.12,176.0351,11.82,2.09,0.96,TREND,0.39,stressed,-0.06,0,mm,-15262.96,102.99,103.0,103.0313,-3.83,0.82,0.41,mixed,-2.19,normal,0.00,-2996,mm,-1027.74,28.27,28.28,28.2177,9.29,1.02,0.95,TREND,2.41,stressed,0.17,0,mm,-9589.47
158.732,74,456.9,-25826.71,-25826.71,2996,-2996,176.1,176.12,176.0366,11.77,2.09,0.96,TREND,0.39,stressed,-0.06,0,mm,-15262.96,102.99,103.0,103.0306,-3.88,0.82,0.41,mixed,-2.19,normal,0.00,-2996,mm,-1027.74,28.27,28.28,28.2188,9.29,1.02,0.95,TREND,2.41,stressed,0.17,0,mm,-9589.47
158.769,74,456.9,-25826.71,-25826.71,2996,-2996,176.1,176.12,176.0375,11.75,2.09,0.96,TREND,0.39,stressed,-0.06,0,mm,-15262.96,102.99,103.0,103.0301,-3.90,0.82,0.41,mixed,-2.19,normal,0.00,-2996,mm,-1027.74,28.27,28.28,28.2195,9.28,1.02,0.95,TREND,2.41,stressed,0.17,0,mm,-9589.47
158.981,74,458.4,-25826.71,-25826.71,2996,-2996,176.11,176.13,176.0430,11.74,1.92,0.97,TREND,0.44,stressed,-0.06,0,mm,-15262.96,102.99,103.0,103.0278,-4.01,0.84,0.53,mixed,-2.11,normal,0.00,-2996,mm,-1027.74,28.28,28.29,28.2239,9.40,0.93,0.95,TREND,2.46,stressed,0.17,0,mm,-9589.47
159.044,74,458.4,-25826.71,-25826.71,2996,-2996,176.11,176.13,176.0446,11.73,1.92,0.97,TREND,0.44,stressed,-0.06,0,mm,-15262.96,102.99,103.0,103.0271,-4.04,0.84,0.53,mixed,-2.11,normal,0.00,-2996,mm,-1027.74,28.28,28.29,28.2252,9.42,0.93,0.95,TREND,2.46,stressed,0.17,0,mm,-9589.47
159.140,74,458.4,-25826.71,-25826.71,3327,-3327,176.12,176.13,176.0472,11.74,1.92,0.97,TREND,0.44,stressed,-0.06,0,mm,-15262.96,102.99,103.01,103.0262,-4.03,0.84,0.53,mixed,-2.11,normal,0.00,-3327,mm,-998.44,28.28,28.29,28.2271,9.44,0.93,0.95,TREND,2.46,stressed,0.17,0,mm,-9589.47
159.265,74,458.4,-25826.71,-25826.71,3327,-3327,176.12,176.13,176.0503,11.73,1.92,0.97,TREND,0.48,stressed,-0.06,0,mm,-15262.96,102.99,103.01,103.0252,-4.01,0.84,0.49,mixed,-1.86,normal,0.00,-3327,mm,-998.44,28.28,28.29,28.2294,9.44,0.93,0.95,TREND,2.35,stressed,0.17,0,mm,-9589.47
159.275,74,458.4,-25826.71,-25826.71,3327,-3327,176.12,176.13,176.0506,11.73,1.92,0.97,TREND,0.48,stressed,-0.06,0,mm,-15262.96,102.99,103.01,103.0251,-4.01,0.84,0.49,mixed,-1.86,normal,0.00,-3327,mm,-998.44,28.28,28.29,28.2296,9.44,0.93,0.95,TREND,2.35,stressed,0.17,0,mm,-9589.47
159.425,74,458.4,-25826.71,-25826.71,3327,-3327,176.12,176.13,176.0542,11.70,1.92,0.97,TREND,0.48,stressed,-0.06,0,mm,-15262.96,102.99,103.01,103.0239,-3.98,0.84,0.49,mixed,-1.86,normal,0.00,-3327,mm,-1031.71,28.28,28.29,28.2323,9.43,0.93,0.95,TREND,2.35,stressed,0.17,0,mm,-9589.47
159.851,75,452.9,-25850.87,-25850.87,327,-327,176.12,176.13,176.0635,11.47,1.80,0.97,TREND,0.51,stressed,-0.06,0,mm,-15262.96,103.0,103.01,103.0214,-3.73,0.89,0.38,mixed,-1.65,normal,-0.25,-327,mm,-1007.71,28.28,28.29,28.2392,9.27,0.93,0.95,TREND,2.24,stressed,-0.22,0,mm,-9589.47
160.056,75,452.9,-25850.87,-25850.87,327,-327,176.12,176.14,176.0679,11.39,1.80,0.97,TREND,0.51,stressed,-0.06,0,mm,-15262.96,103.0,103.01,103.0203,-3.62,0.89,0.38,mixed,-1.65,normal,-0.25,-327,mm,-1007.71,28.28,28.29,28.2423,9.15,0.93,0.95,TREND,2.24,stressed,-0.22,0,mm,-9589.47
160.146,75,453.8,-25850.87,-25850.87,327,-327,176.13,176.14,176.0699,11.39,1.80,0.97,TREND,0.58,stressed,-0.06,0,mm,-15262.96,102.98,103.0,103.0194,-3.68,0.89,0.52,mixed,-2.12,normal,-0.25,-327,mm,-1007.71,28.28,28.3,28.2437,9.13,0.93,0.96,TREND,2.22,stressed,-0.22,0,mm,-9589.47
160.266,75,453.8,-25850.87,-25850.87,227,-227,176.13,176.14,176.0724,11.36,1.80,0.97,TREND,0.58,stressed,-0.06,0,mm,-15262.96,102.98,103.0,103.0183,-3.75,0.89,0.52,mixed,-2.12,normal,-0.25,-227,mm,-1004.64,28.28,28.3,28.2455,9.10,0.93,0.96,TREND,2.22,stressed,-0.22,0,mm,-9589.47
160.288,75,453.8,-25850.87,-25850.87,227,-227,176.13,176.14,176.0729,11.35,1.80,0.97,TREND,0.58,stressed,-0.06,0,mm,-15262.96,102.98,103.0,103.0181,-3.76,0.89,0.52,mixed,-2.12,normal,-0.25,-227,mm,-1004.64,28.28,28.3,28.2458,9.09,0.93,0.96,TREND,2.22,stressed,-0.22,0,mm,-9589.47
160.329,75,453.8,-25850.87,-25850.87,227,-227,176.13,176.14,176.0737,11.34,1.80,0.97,TREND,0.58,stressed,-0.06,0,mm,-15262.96,102.98,103.0,103.0177,-3.79,0.89,0.52,mixed,-2.12,normal,-0.25,-227,mm,-1004.64,28.28,28.3,28.2464,9.07,0.93,0.96,TREND,2.22,stressed,-0.22,0,mm,-9589.47
160.447,75,453.8,-25850.87,-25850.87,2527,-2527,176.13,176.14,176.0761,11.29,1.65,0.97,TREND,0.60,stressed,-0.06,0,mm,-15262.96,102.98,103.0,103.0166,-3.83,0.90,0.48,mixed,-2.05,normal,-0.25,-2527,mm,-1085.05,28.29,28.3,28.2483,9.07,0.84,0.96,TREND,2.20,stressed,-0.22,0,mm,-9589.47
160.587,75,453.8,-25850.87,-25850.87,2527,-2527,176.13,176.14,176.0787,11.22,1.65,0.97,TREND,0.60,stressed,-0.06,0,mm,-15262.96,102.98,103.0,103.0154,-3.88,0.90,0.48,mixed,-2.05,normal,-0.25,-2527,mm,-1085.05,28.29,28.3,28.2504,9.05,0.84,0.96,TREND,2.20,stressed,-0.22,0,mm,-9589.47
160.675,75,455.4,-25850.87,-25850.87,27,-27,176.13,176.14,176.0804,11.17,1.65,0.97,TREND,0.60,stressed,-0.06,0,mm,-15262.96,102.99,103.0,103.0148,-3.86,0.90,0.48,mixed,-2.05,normal,-0.25,-27,mm,-988.97,28.29,28.3,28.2517,9.02,0.84,0.96,TREND,2.20,stressed,-0.22,0,mm,-9589.47
160.735,75,455.4,-25850.87,-25850.87,27,-27,176.13,176.14,176.0814,11.13,1.65,0.97,TREND,0.61,stressed,-0.06,0,mm,-15262.96,102.99,103.0,103.0144,-3.84,0.90,0.64,mixed,-1.82,normal,-0.25,-27,mm,-988.97,28.29,28.3,28.2525,9.00,0.84,0.95,TREND,2.11,stressed,-0.22,0,mm,-9589.47
160.758,75,455.4,-25850.87,-25850.87,27,-27,176.13,176.14,176.0818,11.11,1.65,0.97,TREND,0.61,stressed,-0.06,0,mm,-15262.96,102.99,103.0,103.0143,-3.84,0.90,0.64,mixed,-1.82,normal,-0.25,-27,mm,-988.97,28.29,28.3,28.2528,9.00,0.84,0.95,TREND,2.11,stressed,-0.22,0,mm,-9589.47
160.791,75,455.4,-25850.87,-25850.87,27,-27,176.13,176.14,176.0824,11.09,1.65,0.97,TREND,0.61,stressed,-0.06,0,mm,-15262.96,102.99,103.0,103.0141,-3.83,0.90,0.64,mixed,-1.82,normal,-0.25,-27,mm,-988.97,28.29,28.3,28.2533,8.98,0.84,0.95,TREND,2.11,stressed,-0.22,0,mm,-9589.47
160.865,75,455.4,-25850.87,-25850.87,27,-27,176.13,176.14,176.0837,11.03,1.65,0.97,TREND,0.61,stressed,-0.06,0,mm,-15262.96,102.99,103.0,103.0136,-3.81,0.90,0.64,mixed,-1.82,normal,-0.25,-27,mm,-988.97,28.29,28.3,28.2543,8.95,0.84,0.95,TREND,2.11,stressed,-0.22,0,mm,-9589.47
161.046,75,455.4,-25850.87,-25850.87,27,-27,176.14,176.15,176.0872,11.03,1.51,0.97,TREND,0.69,stressed,-0.06,0,mm,-15262.96,103.0,103.01,103.0131,-3.62,0.99,0.53,mixed,-1.44,normal,-0.25,-27,mm,-989.24,28.29,28.3,28.2567,8.87,0.85,0.95,TREND,2.02,stressed,-0.22,0,mm,-9589.47
161.188,76,448.8,-25842.21,-25842.21,1027,-1027,176.14,176.15,176.0899,11.00,1.51,0.97,TREND,0.69,stressed,0.00,0,mm,-15262.96,103.0,103.02,103.0130,-3.43,0.99,0.53,mixed,-1.44,normal,-0.15,-1027,mm,-988.11,28.29,28.3,28.2584,8.79,0.85,0.95,TREND,2.02,stressed,-0.39,0,mm,-9589.47
161.676,76,448.8,-25842.21,-25842.21,1027,-1027,176.14,176.15,176.0982,10.76,1.47,0.97,TREND,0.73,stressed,0.00,0,mm,-15262.96,103.0,103.02,103.0125,-2.91,0.96,0.48,mixed,-1.28,normal,-0.15,-1027,mm,-998.38,28.3,28.31,28.2654,8.78,0.77,0.95,TREND,2.06,stressed,-0.39,0,mm,-9589.47
161.827,76,450.7,-25842.21,-25842.21,1027,-1027,176.14,176.15,176.1005,10.65,1.47,0.97,TREND,0.73,stressed,0.00,0,mm,-15262.96,103.0,103.02,103.0124,-2.78,0.96,0.48,mixed,-1.28,normal,-0.15,-1027,mm,-998.38,28.3,28.31,28.2674,8.73,0.77,0.95,TREND,2.06,stressed,-0.39,0,mm,-9589.47
161.843,76,450.7,-25842.21,-25842.21,1027,-1027,176.14,176.15,176.1007,10.64,1.47,0.97,TREND,0.73,stressed,0.00,0,mm,-15262.96,103.0,103.02,103.0124,-2.77,0.96,0.48,mixed,-1.28,normal,-0.15,-1027,mm,-998.38,28.3,28.31,28.2676,8.73,0.77,0.95,TREND,2.06,stressed,-0.39,0,mm,-9589.47
161.984,76,450.7,-25842.21,-25842.21,2227,-2227,176.14,176.15,176.1027,10.52,1.47,1.00,TREND,0.75,stressed,0.00,0,mm,-15262.96,103.01,103.06,103.0134,-2.37,0.96,0.31,mixed,-0.44,normal,-0.15,-2227,mm,-1067.59,28.3,28.31,28.2693,8.67,0.77,0.95,TREND,1.98,stressed,-0.39,0,mm,-9589.47
162.263,76,450.7,-25842.21,-25842.21,2227,-2227,176.14,176.15,176.1065,10.28,1.42,1.00,TREND,0.77,stressed,0.00,0,mm,-15262.96,103.05,103.06,103.0171,-1.33,1.29,0.16,chop,0.23,normal,-0.15,-2227,mm,-1067.59,28.3,28.31,28.2724,8.52,0.78,0.95,TREND,1.91,stressed,-0.39,0,mm,-9589.47
162.391,76,452.4,-25842.21,-25842.21,2227,-2227,176.14,176.15,176.1081,10.16,1.42,1.00,TREND,0.77,stressed,0.00,0,mm,-15262.96,103.05,103.06,103.0187,-0.94,1.29,0.16,chop,0.23,normal,-0.15,-2227,mm,-1067.59,28.3,28.31,28.2738,8.44,0.78,0.95,TREND,1.91,stressed,-0.39,0,mm,-9589.47
162.518,76,452.4,-25842.21,-25842.21,3127,-3127,176.14,176.16,176.1098,10.09,1.42,1.00,TREND,0.82,stressed,0.00,0,mm,-15262.96,103.05,103.06,103.0202,-0.61,1.29,0.16,chop,0.21,calm,-0.15,-3127,mm,-1091.66,28.3,28.31,28.2751,8.36,0.78,0.95,TREND,1.84,stressed,-0.39,0,mm,-9589.47
162.569,76,452.4,-25842.21,-25842.21,3127,-3127,176.14,176.16,176.1105,10.06,1.42,1.00,TREND,0.82,stressed,0.00,0,mm,-15262.96,103.05,103.06,103.0208,-0.49,1.29,0.16,chop,0.21,calm,-0.15,-3127,mm,-1091.66,28.3,28.31,28.2756,8.32,0.78,0.95,TREND,1.84,stressed,-0.39,0,mm,-9589.47
162.593,76,452.4,-25842.21,-25842.21,3127,-3127,176.14,176.16,176.1108,10.05,1.42,1.00,TREND,0.82,stressed,0.00,0,mm,-15262.96,103.05,103.06,103.0210,-0.43,1.29,0.16,chop,0.21,calm,-0.15,-3127,mm,-1091.66,28.3,28.31,28.2758,8.30,0.78,0.95,TREND,1.84,stressed,-0.39,0,mm,-9589.47
162.646,76,452.4,-25842.21,-25842.21,3127,-3127,176.14,176.16,176.1115,10.01,1.42,1.00,TREND,0.82,stressed,0.00,0,mm,-15262.96,103.05,103.06,103.0216,-0.32,1.29,0.16,chop,0.21,calm,-0.15,-3127,mm,-1091.66,28.3,28.31,28.2763,8.27,0.78,0.95,TREND,1.84,stressed,-0.39,0,mm,-9589.47
162.797,76,452.4,-25842.21,-25842.21,4027,-4027,176.14,176.15,176.1131,9.85,1.37,0.97,TREND,0.81,stressed,0.00,0,mm,-15262.96,103.05,103.06,103.0233,-0.02,1.18,0.06,chop,0.20,calm,-0.15,-4027,mm,-1245.54,28.3,28.31,28.2777,8.16,0.77,0.94,TREND,1.78,stressed,-0.39,0,mm,-9589.47
163.024,76,454.3,-25842.21,-25842.21,0,0,176.14,176.15,176.1154,9.60,1.37,0.97,TREND,0.81,stressed,0.00,0,mm,-15262.96,103.05,103.06,103.0256,0.34,1.18,0.06,chop,0.20,calm,-0.15,0,mm,-1078.82,28.3,28.31,28.2797,7.99,0.77,0.94,TREND,1.78,stressed,-0.39,0,mm,-9589.47
163.220,76,454.3,-25842.21,-25842.21,0,0,176.14,176.15,176.1173,9.39,1.37,0.97,TREND,0.83,stressed,0.00,0,mm,-15262.96,103.04,103.06,103.0271,0.50,1.18,0.09,chop,0.02,calm,-0.15,0,mm,-1078.82,28.3,28.32,28.2816,7.91,0.77,0.94,TREND,1.77,stressed,-0.39,0,mm,-9589.47
163.319,76,454.3,-25842.21,-25842.21,500,500,176.14,176.15,176.1182,9.28,1.31,0.97,TREND,0.83,stressed,0.00,0,mm,-15262.96,103.04,103.06,103.0278,0.57,1.13,0.09,chop,0.02,calm,-0.15,500,mm,-1084.82,28.3,28.32,28.2825,7.86,0.72,0.94,TREND,1.77,stressed,-0.39,0,mm,-9589.47
163.440,76,454.3,-25842.21,-25842.21,0,0,176.14,176.15,176.1192,9.15,1.31,0.97,TREND,0.83,stressed,0.00,0,mm,-15262.96,103.04,103.06,103.0287,0.65,1.13,0.09,chop,0.02,calm,-0.15,0,mm,-1080.82,28.3,28.32,28.2836,7.80,0.72,0.94,TREND,1.77,stressed,-0.39,0,mm,-9589.47
163.492,77,447.7,-25931.25,-25931.25,0,0,176.14,176.15,176.1197,9.10,1.31,0.97,TREND,0.82,stressed,-0.06,0,mm,-15262.96,103.05,103.06,103.0292,0.70,1.13,0.06,chop,0.19,calm,0.18,0,mm,-1080.82,28.31,28.32,28.2841,7.79,0.72,0.93,TREND,1.78,stressed,-0.28,0,mm,-9589.47
163.851,77,447.7,-25931.25,-25931.25,1300,1300,176.14,176.15,176.1225,8.72,1.26,0.97,TREND,0.85,stressed,-0.06,0,mm,-15262.96,103.03,103.06,103.0309,0.71,1.08,0.11,chop,-0.16,calm,0.18,1300,mm,-1135.42,28.31,28.32,28.2876,7.70,0.66,0.93,TREND,1.73,stressed,-0.28,0,mm,-9589.47
164.310,77,450.1,-25931.25,-25931.25,1300,1300,176.14,176.15,176.1257,8.25,1.26,0.95,TREND,0.87,stressed,-0.06,0,mm,-15262.96,103.04,103.05,103.0329,0.71,1.08,0.11,chop,-0.17,calm,0.18,1300,mm,-1135.42,28.31,28.32,28.2915,7.48,0.66,0.92,TREND,1.67,stressed,-0.28,0,mm,-9589.47
164.480,77,450.1,-25931.25,-25931.25,1300,1300,176.14,176.15,176.1268,8.08,1.20,0.95,TREND,0.87,stressed,-0.06,0,mm,-15262.96,103.04,103.05,103.0336,0.71,0.98,0.11,chop,-0.17,calm,0.18,1300,mm,-1083.42,28.31,28.32,28.2928,7.38,0.66,0.92,TREND,1.67,stressed,-0.28,0,mm,-9589.47
164.531,77,450.1,-25931.25,-25931.25,1300,1300,176.14,176.15,176.1271,8.03,1.20,0.95,TREND,0.87,stressed,-0.06,0,mm,-15262.96,103.04,103.05,103.0338,0.71,0.98,0.11,chop,-0.17,calm,0.18,1300,mm,-1083.42,28.31,28.32,28.2931,7.34,0.66,0.92,TREND,1.67,stressed,-0.28,0,mm,-9589.47
164.619,77,450.1,-25931.25,-25931.25,1300,1300,176.14,176.15,176.1276,7.95,1.20,0.95,TREND,0.89,stressed,-0.06,0,mm,-15262.96,103.04,103.05,103.0341,0.71,0.98,0.11,chop,-0.17,calm,0.18,1300,mm,-1083.42,28.31,28.32,28.2938,7.29,0.66,1.00,TREND,1.62,stressed,-0.28,0,mm,-9589.47
164.634,77,450.1,-25931.25,-25931.25,1300,1300,176.14,176.15,176.1277,7.93,1.20,0.95,TREND,0.89,stressed,-0.06,0,mm,-15262.96,103.04,103.05,103.0342,0.70,0.98,0.11,chop,-0.17,calm,0.18,1300,mm,-1083.42,28.31,28.32,28.2939,7.28,0.66,1.00,TREND,1.62,stressed,-0.28,0,mm,-9589.47
164.700,77,450.1,-25931.25,-25931.25,1300,1300,176.14,176.15,176.1280,7.87,1.20,0.95,TREND,0.89,stressed,-0.06,0,mm,-15262.96,103.04,103.05,103.0344,0.70,0.98,0.11,chop,-0.17,calm,0.18,1300,mm,-1083.42,28.31,28.32,28.2943,7.24,0.66,1.00,TREND,1.62,stressed,-0.28,0,mm,-9589.47
164.766,77,451.4,-25931.25,-25931.25,1300,1300,176.14,176.15,176.1284,7.81,1.20,0.95,TREND,0.89,stressed,-0.06,0,mm,-15262.96,103.04,103.05,103.0346,0.70,0.98,0.11,chop,-0.17,calm,0.18,1300,mm,-1083.42,28.31,28.32,28.2948,7.19,0.66,1.00,TREND,1.62,stressed,-0.28,0,mm,-9589.47
164.804,77,451.4,-25931.25,-25931.25,1300,1300,176.14,176.15,176.1286,7.77,1.20,0.95,TREND,0.89,stressed,-0.06,0,mm,-15262.96,103.04,103.05,103.0347,0.70,0.98,0.11,chop,-0.17,calm,0.18,1300,mm,-1083.42,28.31,28.32,28.2950,7.17,0.66,1.00,TREND,1.62,stressed,-0.28,0,mm,-9589.47
164.851,77,451.4,-25931.25,-25931.25,1300,1300,176.14,176.15,176.1289,7.73,1.20,0.95,TREND,0.89,stressed,-0.06,0,mm,-15262.96,103.04,103.05,103.0349,0.70,0.98,0.11,chop,-0.17,calm,0.18,1300,mm,-1083.42,28.31,28.32,28.2953,7.14,0.66,1.00,TREND,1.62,stressed,-0.28,0,mm,-9589.47
164.863,77,451.4,-25931.25,-25931.25,1300,1300,176.14,176.15,176.1289,7.71,1.20,0.95,TREND,0.89,stressed,-0.06,0,mm,-15262.96,103.04,103.05,103.0349,0.70,0.98,0.11,chop,-0.17,calm,0.18,1300,mm,-1083.42,28.31,28.32,28.2954,7.13,0.66,1.00,TREND,1.62,stressed,-0.28,0,mm,-9589.47
164.908,77,451.4,-25931.25,-25931.25,1300,1300,176.14,176.15,176.1292,7.67,1.20,0.94,TREND,0.92,stressed,-0.06,0,mm,-15262.96,103.04,103.05,103.0351,0.69,0.98,0.11,chop,-0.16,calm,0.18,1300,mm,-1083.42,28.31,28.32,28.2957,7.10,0.66,1.00,TREND,1.57,stressed,-0.28,0,mm,-9589.47
164.927,77,451.4,-25931.25,-25931.25,1300,1300,176.14,176.15,176.1293,7.65,1.20,0.94,TREND,0.92,stressed,-0.06,0,mm,-15262.96,103.04,103.05,103.0352,0.69,0.98,0.11,chop,-0.16,calm,0.18,1300,mm,-1083.42,28.31,28.32,28.2958,7.08,0.66,1.00,TREND,1.57,stressed,-0.28,0,mm,-9589.47
165.040,77,451.4,-25931.25,-25931.25,3100,3100,176.14,176.15,176.1299,7.55,1.14,0.94,TREND,0.92,stressed,-0.06,0,mm,-15262.96,102.98,103.05,103.0344,0.41,1.16,0.11,chop,-0.16,calm,0.18,3100,mm,-1087.02,28.31,28.32,28.2965,7.01,0.65,1.00,TREND,1.57,stressed,-0.28,0,mm,-9589.47
165.169,77,451.4,-25931.25,-25931.25,3100,3100,176.14,176.15,176.1305,7.43,1.14,0.86,mixed,0.94,stressed,-0.06,0,mm,-15262.96,103.03,103.04,103.0344,0.33,1.16,0.03,chop,-0.50,calm,0.18,3100,mm,-1118.02,28.31,28.32,28.2973,6.92,0.65,1.00,TREND,1.53,stressed,-0.28,0,mm,-9589.47
165.323,78,445.2,-25970.45,-25970.45,3100,3100,176.14,176.15,176.1312,7.29,1.14,0.86,mixed,0.94,stressed,-0.12,0,mm,-15262.96,103.03,103.04,103.0345,0.26,1.16,0.03,chop,-0.50,calm,-0.14,3100,mm,-1180.02,28.3,28.32,28.2979,6.75,0.65,1.00,TREND,1.53,stressed,-0.11,0,mm,-9589.47
166.217,78,447.8,-25970.45,-25970.45,3700,3700,176.1,176.13,176.1270,5.07,1.35,0.22,chop,0.84,normal,-0.12,1200,mm,-15260.20,102.98,102.99,103.0218,-2.43,1.30,0.19,chop,-2.15,calm,-0.14,2500,mm,-1175.82,28.3,28.32,28.3010,5.90,0.68,0.89,TREND,1.42,stressed,-0.11,0,mm,-9589.47
166.440,78,447.8,-25970.45,-25970.45,3700,3700,176.05,176.09,176.1230,3.94,1.35,0.22,chop,0.84,normal,-0.12,1200,mm,-15260.20,102.99,103.0,103.0198,-2.58,1.30,0.19,chop,-2.15,calm,-0.14,2500,mm,-1175.82,28.29,28.31,28.3010,5.55,0.68,0.89,TREND,1.42,stressed,-0.11,0,mm,-9589.47
166.934,78,449.8,-25970.45,-25970.45,3700,2900,176.08,176.12,176.1195,3.19,1.37,0.00,chop,0.80,normal,-0.12,2100,mm,-15376.63,102.98,103.01,103.0161,-2.75,1.30,0.10,chop,-1.73,calm,-0.14,-400,mm,-1154.76,28.27,28.3,28.2986,4.43,0.88,0.50,mixed,1.11,stressed,-0.11,1200,mm,-9600.15
167.539,78,449.8,-25970.45,-25970.45,4100,2500,176.08,176.09,176.1132,2.02,1.37,0.18,chop,0.71,normal,-0.12,900,mm,-15334.23,102.99,103.01,103.0132,-2.60,1.25,0.02,chop,-1.51,calm,-0.14,-800,mm,-1151.56,28.14,28.23,28.2779,-0.27,1.70,0.49,mixed,0.06,normal,-0.11,2400,mm,-9958.83
167.985,79,445.0,-26443.82,-26443.82,5700,-900,176.06,176.08,176.1073,1.04,1.37,0.33,mixed,0.61,normal,-0.34,0,mm,-15327.66,103.03,103.04,103.0162,-1.40,1.25,0.11,chop,-0.31,calm,0.09,-3300,mm,-1288.56,28.08,28.11,28.2527,-4.92,1.70,0.69,TREND,-0.88,normal,-0.47,2400,mm,-9958.83
168.012,79,445.0,-26443.82,-26443.82,5700,-900,176.06,176.08,176.1069,0.99,1.37,0.33,mixed,0.61,normal,-0.34,0,mm,-15327.66,103.03,103.04,103.0164,-1.34,1.25,0.11,chop,-0.31,calm,0.09,-3300,mm,-1288.56,28.08,28.11,28.2512,-5.14,1.70,0.69,TREND,-0.88,normal,-0.47,2400,mm,-9958.83
168.224,79,445.0,-26443.82,-26443.82,3300,-3300,176.06,176.08,176.1044,0.67,1.36,0.33,mixed,0.61,normal,-0.34,0,mm,-15327.66,103.02,103.04,103.0173,-1.04,1.41,0.11,chop,-0.31,calm,0.09,-3300,mm,-1288.56,28.09,28.1,28.2406,-6.57,2.26,0.69,TREND,-0.88,normal,-0.47,0,mm,-10096.43
168.391,79,445.0,-26443.82,-26443.82,3300,-3300,176.05,176.07,176.1020,0.34,1.36,0.38,mixed,0.54,normal,-0.34,0,mm,-15327.66,103.02,103.03,103.0177,-0.91,1.41,0.13,chop,-0.63,calm,0.09,-3300,mm,-1288.56,28.09,28.1,28.2328,-7.46,2.26,0.69,TREND,-0.86,stressed,-0.47,0,mm,-10096.43
168.410,79,445.0,-26443.82,-26443.82,3300,-3300,176.05,176.07,176.1018,0.30,1.36,0.38,mixed,0.54,normal,-0.34,0,mm,-15327.66,103.02,103.03,103.0177,-0.89,1.41,0.13,chop,-0.63,calm,0.09,-3300,mm,-1288.56,28.09,28.1,28.2319,-7.55,2.26,0.69,TREND,-0.86,stressed,-0.47,0,mm,-10096.43
168.512,79,446.5,-26443.82,-26443.82,3300,-3300,176.05,176.07,176.1004,0.13,1.36,0.38,mixed,0.54,normal,-0.34,0,mm,-15327.66,103.02,103.03,103.0180,-0.82,1.41,0.13,chop,-0.63,calm,0.09,-3300,mm,-1288.56,28.09,28.1,28.2274,-7.99,2.26,0.69,TREND,-0.86,stressed,-0.47,0,mm,-10096.43
168.673,79,446.5,-26443.82,-26443.82,2300,-2300,176.05,176.06,176.0980,-0.17,1.36,0.52,mixed,0.50,normal,-0.34,0,mm,-15327.66,102.98,103.03,103.0173,-0.98,1.41,0.04,chop,-1.29,calm,0.09,-2300,mm,-1247.56,28.09,28.11,28.2208,-8.51,2.26,0.73,TREND,-0.80,stressed,-0.47,0,mm,-10096.43
168.778,79,446.5,-26443.82,-26443.82,2300,-2300,176.05,176.06,176.0965,-0.34,1.34,0.52,mixed,0.50,normal,-0.34,0,mm,-15327.66,102.98,103.03,103.0169,-1.07,1.50,0.04,chop,-1.29,calm,0.09,-2300,mm,-1247.56,28.09,28.11,28.2166,-8.79,2.23,0.73,TREND,-0.80,stressed,-0.47,0,mm,-10096.43
168.881,79,446.5,-26443.82,-26443.82,2300,-2300,176.05,176.06,176.0951,-0.49,1.34,0.52,mixed,0.50,normal,-0.34,0,mm,-15327.66,102.98,103.03,103.0165,-1.15,1.50,0.04,chop,-1.29,calm,0.09,-2300,mm,-1247.56,28.09,28.11,28.2127,-9.02,2.23,0.73,TREND,-0.80,stressed,-0.47,0,mm,-10096.43
168.941,79,446.5,-26443.82,-26443.82,2800,-2800,176.05,176.06,176.0944,-0.57,1.34,0.52,mixed,0.51,normal,-0.34,0,mm,-15327.66,102.99,103.03,103.0164,-1.17,1.50,0.06,chop,-1.11,calm,0.09,-2800,mm,-1253.56,28.09,28.11,28.2105,-9.13,2.23,0.73,TREND,-0.80,stressed,-0.47,0,mm,-10096.43
169.133,79,448.3,-26443.82,-26443.82,2800,-2800,176.05,176.06,176.0919,-0.78,1.34,0.52,mixed,0.51,normal,-0.34,0,mm,-15327.66,103.01,103.02,103.0163,-1.13,1.50,0.06,chop,-1.11,calm,0.09,-2800,mm,-1253.56,28.09,28.11,28.2037,-9.44,2.23,0.73,TREND,-0.80,stressed,-0.47,0,mm,-10096.43
169.349,79,448.3,-26443.82,-26443.82,2900,-2900,176.05,176.06,176.0894,-0.97,1.24,0.58,mixed,0.51,normal,-0.34,0,mm,-15327.66,103.01,103.02,103.0162,-1.09,1.46,0.04,chop,-0.93,calm,0.09,-2800,mm,-1225.56,28.09,28.1,28.1962,-9.75,2.10,0.73,TREND,-0.84,stressed,-0.47,-100,mm,-10094.32
169.490,79,448.3,-26443.82,-26443.82,300,100,176.05,176.06,176.0878,-1.07,1.24,0.58,mixed,0.51,normal,-0.34,0,mm,-15327.66,102.99,103.0,103.0152,-1.29,1.46,0.04,chop,-0.93,calm,0.09,200,mm,-1167.36,28.09,28.1,28.1916,-9.88,2.10,0.73,TREND,-0.84,stressed,-0.47,-100,mm,-10094.32
169.764,80,442.4,-26647.54,-26647.54,300,100,176.05,176.06,176.0850,-1.21,1.24,0.58,mixed,0.51,normal,-0.60,0,mm,-15327.66,102.99,103.01,103.0139,-1.49,1.46,0.02,chop,-1.40,calm,-0.27,200,mm,-1167.36,28.09,28.1,28.1832,-10.03,2.10,0.73,TREND,-0.83,stressed,-0.30,-100,mm,-10094.32
170.074,80,442.4,-26647.54,-26647.54,1100,-1100,176.05,176.06,176.0820,-1.32,1.14,0.73,mixed,0.51,normal,-0.60,0,mm,-15327.66,102.97,103.0,103.0111,-1.99,1.58,0.02,chop,-1.86,calm,-0.27,-1000,mm,-1156.96,28.09,28.1,28.1745,-10.06,2.01,0.76,TREND,-0.82,stressed,-0.30,-100,mm,-10094.32
170.129,80,442.4,-26647.54,-26647.54,700,-700,176.05,176.06,176.0815,-1.33,1.14,0.73,mixed,0.51,normal,-0.60,0,mm,-15327.66,102.97,102.99,103.0105,-2.08,1.58,0.02,chop,-1.86,calm,-0.27,-600,mm,-1136.40,28.09,28.1,28.1731,-10.05,2.01,0.76,TREND,-0.82,stressed,-0.30,-100,mm,-10094.32
170.528,80,444.5,-26647.54,-26647.54,700,-700,176.05,176.06,176.0782,-1.40,1.14,0.73,mixed,0.50,normal,-0.60,0,mm,-15327.66,102.98,102.99,103.0073,-2.44,1.58,0.04,chop,-1.81,calm,-0.27,-600,mm,-1136.40,28.09,28.1,28.1634,-9.91,2.01,0.80,TREND,-0.81,stressed,-0.30,-100,mm,-10094.32
170.555,80,444.5,-26647.54,-26647.54,700,-700,176.05,176.06,176.0780,-1.40,1.14,0.73,mixed,0.50,normal,-0.60,0,mm,-15327.66,102.98,102.99,103.0071,-2.46,1.58,0.04,chop,-1.81,calm,-0.27,-600,mm,-1136.40,28.09,28.1,28.1628,-9.89,2.01,0.80,TREND,-0.81,stressed,-0.30,-100,mm,-10094.32
170.579,80,444.5,-26647.54,-26647.54,700,-700,176.05,176.06,176.0779,-1.40,1.05,0.73,mixed,0.50,normal,-0.60,0,mm,-15327.66,102.98,102.99,103.0070,-2.47,1.45,0.04,chop,-1.81,calm,-0.27,-600,mm,-1136.40,28.09,28.1,28.1623,-9.88,1.92,0.80,TREND,-0.81,stressed,-0.30,-100,mm,-10094.32
170.675,80,444.5,-26647.54,-26647.54,700,-700,176.05,176.06,176.0771,-1.41,1.05,0.73,mixed,0.50,normal,-0.60,0,mm,-15327.66,102.98,102.99,103.0063,-2.53,1.45,0.04,chop,-1.81,calm,-0.27,-600,mm,-1136.40,28.09,28.1,28.1602,-9.82,1.92,0.80,TREND,-0.81,stressed,-0.30,-100,mm,-10094.32
170.706,80,444.5,-26647.54,-26647.54,700,-700,176.05,176.06,176.0769,-1.41,1.05,0.73,mixed,0.50,normal,-0.60,0,mm,-15327.66,102.98,102.99,103.0061,-2.54,1.45,0.04,chop,-1.81,calm,-0.27,-600,mm,-1136.40,28.09,28.1,28.1595,-9.81,1.92,0.80,TREND,-0.81,stressed,-0.30,-100,mm,-10094.32
170.740,80,445.1,-26647.54,-26647.54,700,-700,176.05,176.06,176.0767,-1.41,1.05,0.73,mixed,0.50,normal,-0.60,0,mm,-15327.66,102.98,102.99,103.0058,-2.56,1.45,0.04,chop,-1.81,calm,-0.27,-600,mm,-1136.40,28.09,28.1,28.1588,-9.78,1.92,0.80,TREND,-0.81,stressed,-0.30,-100,mm,-10094.32
170.803,80,445.1,-26647.54,-26647.54,700,-700,176.05,176.06,176.0762,-1.42,1.05,0.90,mixed,0.49,normal,-0.60,0,mm,-15327.66,102.98,102.99,103.0054,-2.59,1.45,0.08,chop,-1.76,calm,-0.27,-600,mm,-1136.40,28.09,28.1,28.1575,-9.74,1.92,0.80,TREND,-0.81,stressed,-0.30,-100,mm,-10094.32
170.827,80,445.1,-26647.54,-26647.54,700,-700,176.05,176.06,176.0761,-1.42,1.05,0.90,mixed,0.49,normal,-0.60,0,mm,-15327.66,102.98,102.99,103.0052,-2.60,1.45,0.08,chop,-1.76,calm,-0.27,-600,mm,-1136.40,28.09,28.1,28.1569,-9.73,1.92,0.80,TREND,-0.81,stressed,-0.30,-100,mm,-10094.32
170.855,80,445.1,-26647.54,-26647.54,700,-700,176.05,176.06,176.0759,-1.42,1.05,0.90,mixed,0.49,normal,-0.60,0,mm,-15327.66,102.98,102.99,103.0050,-2.61,1.45,0.08,chop,-1.76,calm,-0.27,-600,mm,-1136.40,28.09,28.1,28.1564,-9.71,1.92,0.80,TREND,-0.81,stressed,-0.30,-100,mm,-10094.32
170.958,80,445.1,-26647.54,-26647.54,1900,-1900,176.05,176.06,176.0752,-1.42,1.05,0.90,mixed,0.49,normal,-0.60,0,mm,-15327.66,102.98,102.99,103.0044,-2.64,1.45,0.08,chop,-1.76,calm,-0.27,-600,mm,-1136.40,28.09,28.11,28.1545,-9.59,1.92,0.80,TREND,-0.81,stressed,-0.30,-1300,mm,-10094.00
171.055,80,445.1,-26647.54,-26647.54,1900,-1900,176.05,176.06,176.0745,-1.42,1.05,0.90,mixed,0.48,normal,-0.60,0,mm,-15327.66,102.98,102.99,103.0038,-2.67,1.45,0.08,chop,-1.71,calm,-0.27,-600,mm,-1136.40,28.09,28.11,28.1528,-9.48,1.92,0.76,TREND,-0.75,stressed,-0.30,-1300,mm,-10094.00
171.326,80,445.1,-26647.54,-26647.54,1911,-1911,176.05,176.06,176.0728,-1.41,0.97,0.90,mixed,0.48,normal,-0.60,0,mm,-15327.66,102.98,102.99,103.0022,-2.71,1.34,0.10,chop,-1.67,calm,-0.27,-600,mm,-1136.40,28.09,28.15,28.1499,-8.78,2.05,0.70,TREND,-0.54,stressed,-0.30,-1311,mm,-10099.24
171.518,81,439.7,-26563.30,-26563.30,2922,-2922,176.04,176.06,176.0714,-1.47,0.97,0.90,mixed,0.48,normal,-0.69,0,mm,-15327.66,102.98,103.01,103.0017,-2.57,1.34,0.10,chop,-1.67,calm,-0.18,-1800,mm,-1156.80,28.1,28.12,28.1475,-8.50,2.05,0.70,TREND,-0.54,stressed,-0.20,-1122,mm,-10095.59
171.774,81,439.7,-26563.30,-26563.30,3822,-3822,176.03,176.05,176.0689,-1.72,0.97,0.91,mixed,0.35,normal,-0.69,0,mm,-15327.66,102.98,103.01,103.0012,-2.41,1.34,0.17,chop,-1.33,calm,-0.18,-1800,mm,-1210.80,28.1,28.12,28.1444,-8.16,2.05,0.71,TREND,-0.65,stressed,-0.20,-2022,mm,-10308.02
172.233,81,439.7,-26563.30,-26563.30,5822,-2822,176.03,176.04,176.0641,-2.15,1.03,0.92,mixed,0.30,normal,-0.69,1500,mm,-15355.71,103.0,103.01,103.0017,-1.86,1.41,0.23,chop,-1.01,calm,-0.18,-1800,mm,-1156.80,28.09,28.13,28.1395,-7.61,1.87,0.71,TREND,-0.65,stressed,-0.20,-2522,mm,-10044.61
172.484,81,442.3,-26563.30,-26563.30,2564,2564,176.03,176.04,176.0618,-2.29,1.03,1.00,mixed,0.30,normal,-0.69,1500,mm,-15355.71,103.0,103.01,103.0020,-1.65,1.41,0.23,chop,-0.99,calm,-0.18,1000,mm,-1154.40,28.09,28.13,28.1372,-7.34,1.87,0.71,TREND,-0.64,stressed,-0.20,64,mm,-10027.03
172.582,81,442.3,-26563.30,-26563.30,2564,2564,176.03,176.04,176.0609,-2.33,1.03,1.00,mixed,0.30,normal,-0.69,1500,mm,-15355.71,103.0,103.01,103.0021,-1.57,1.41,0.23,chop,-0.99,calm,-0.18,1000,mm,-1154.40,28.09,28.13,28.1363,-7.24,1.87,0.71,TREND,-0.64,stressed,-0.20,64,mm,-10027.03
172.614,81,442.3,-26563.30,-26563.30,2564,2564,176.03,176.04,176.0606,-2.34,1.03,1.00,mixed,0.30,normal,-0.69,1500,mm,-15355.71,103.0,103.01,103.0021,-1.55,1.41,0.23,chop,-0.99,calm,-0.18,1000,mm,-1154.40,28.09,28.13,28.1360,-7.21,1.87,0.71,TREND,-0.64,stressed,-0.20,64,mm,-10027.03
172.669,81,442.3,-26563.30,-26563.30,2564,2564,176.03,176.04,176.0602,-2.36,1.03,1.00,mixed,0.30,normal,-0.69,1500,mm,-15355.71,103.0,103.01,103.0021,-1.52,1.41,0.23,chop,-0.99,calm,-0.18,1000,mm,-1154.40,28.09,28.13,28.1356,-7.15,1.87,0.71,TREND,-0.64,stressed,-0.20,64,mm,-10027.03
172.727,81,442.3,-26563.30,-26563.30,4564,4564,176.03,176.04,176.0597,-2.37,1.03,1.00,mixed,0.30,normal,-0.69,1500,mm,-15355.71,102.99,103.01,103.0021,-1.50,1.41,0.23,chop,-0.99,calm,-0.18,3000,mm,-1228.40,28.12,28.13,28.1354,-7.02,1.87,0.71,TREND,-0.64,stressed,-0.20,64,mm,-10025.11
172.833,81,442.3,-26563.30,-26563.30,4564,4564,176.03,176.04,176.0588,-2.40,0.97,1.00,mixed,0.28,normal,-0.69,1500,mm,-15355.71,102.99,103.01,103.0020,-1.48,1.31,0.24,chop,-1.12,calm,-0.18,3000,mm,-1228.40,28.12,28.13,28.1350,-6.80,1.89,0.62,TREND,-0.49,stressed,-0.20,64,mm,-10025.11
172.919,81,443.5,-26563.30,-26563.30,4564,4564,176.03,176.04,176.0582,-2.42,0.97,1.00,mixed,0.28,normal,-0.69,1500,mm,-15355.71,102.99,103.01,103.0020,-1.46,1.31,0.24,chop,-1.12,calm,-0.18,3000,mm,-1228.40,28.12,28.13,28.1347,-6.63,1.89,0.62,TREND,-0.49,stressed,-0.20,64,mm,-10025.11
172.964,81,443.5,-26563.30,-26563.30,4564,4564,176.03,176.04,176.0578,-2.42,0.97,1.00,mixed,0.28,normal,-0.69,1500,mm,-15355.71,103.0,103.01,103.0020,-1.43,1.31,0.24,chop,-1.12,calm,-0.18,3000,mm,-1228.40,28.14,28.15,28.1349,-6.46,1.89,0.62,TREND,-0.49,stressed,-0.20,64,mm,-10025.11
172.994,81,443.5,-26563.30,-26563.30,4564,4564,176.03,176.04,176.0576,-2.43,0.97,1.00,mixed,0.28,normal,-0.69,1500,mm,-15355.71,103.0,103.01,103.0021,-1.41,1.31,0.24,chop,-1.12,calm,-0.18,3000,mm,-1228.40,28.14,28.15,28.1350,-6.36,1.89,0.62,TREND,-0.49,stressed,-0.20,64,mm,-10025.11
173.039,81,443.5,-26563.30,-26563.30,4564,4564,176.03,176.04,176.0573,-2.43,0.97,1.00,mixed,0.28,normal,-0.69,1500,mm,-15355.71,103.0,103.01,103.0021,-1.39,1.31,0.24,chop,-1.12,calm,-0.18,3000,mm,-1228.40,28.14,28.15,28.1351,-6.20,1.89,0.62,TREND,-0.49,stressed,-0.20,64,mm,-10025.11
173.093,81,443.5,-26563.30,-26563.30,4564,4564,176.03,176.04,176.0569,-2.44,0.97,1.00,mixed,0.28,normal,-0.69,1500,mm,-15355.71,103.0,103.01,103.0021,-1.36,1.31,0.20,chop,-0.96,calm,-0.18,3000,mm,-1228.40,28.14,28.15,28.1353,-6.03,1.89,0.54,TREND,-0.28,stressed,-0.20,64,mm,-10025.11
173.237,81,443.5,-26563.30,-26563.30,4564,4564,176.03,176.04,176.0558,-2.45,0.97,1.00,mixed,0.28,normal,-0.69,1500,mm,-15355.71,103.0,103.01,103.0023,-1.28,1.31,0.20,chop,-0.96,calm,-0.18,3000,mm,-1228.40,28.12,28.3,28.1353,-6.03,1.89,0.54,TREND,-0.28,stressed,-0.20,64,mm,-10025.11
173.290,81,443.5,-26563.30,-26563.30,5074,5074,176.03,176.04,176.0555,-2.45,0.97,1.00,mixed,0.28,normal,-0.69,1500,mm,-15355.71,102.99,103.01,103.0022,-1.28,1.31,0.20,chop,-0.96,calm,-0.18,3000,mm,-1168.40,28.14,28.29,28.1353,-6.03,1.89,0.54,TREND,-0.28,stressed,-0.20,574,mm,-10023.91
173.409,82,437.3,-26548.02,-26548.02,5074,5074,176.03,176.04,176.0547,-2.45,0.90,1.00,mixed,0.26,normal,-0.73,1500,mm,-15355.71,102.99,103.01,103.0022,-1.27,1.19,0.24,chop,-1.07,calm,-0.32,3000,mm,-1168.40,28.14,28.29,28.1353,-6.03,1.89,0.54,TREND,-0.28,stressed,-0.20,574,mm,-10023.91
173.482,82,437.3,-26548.02,-26548.02,5074,5074,176.03,176.04,176.0542,-2.45,0.90,1.00,mixed,0.26,normal,-0.73,1500,mm,-15355.71,102.99,103.01,103.0021,-1.26,1.19,0.24,chop,-1.07,calm,-0.32,3000,mm,-1168.40,28.14,28.29,28.1353,-6.03,1.89,0.54,TREND,-0.28,stressed,-0.20,574,mm,-10023.91
173.515,82,437.3,-26548.02,-26548.02,2074,2074,176.03,176.04,176.0540,-2.45,0.90,1.00,mixed,0.26,normal,-0.73,1500,mm,-15355.71,102.99,103.02,103.0021,-1.25,1.19,0.24,chop,-1.07,calm,-0.32,0,mm,-1114.40,28.27,28.28,28.1367,-5.61,3.10,0.09,chop,1.04,stressed,-0.20,574,mm,-9912.45
173.737,82,437.3,-26548.02,-26548.02,2074,2074,176.03,176.04,176.0526,-2.43,0.90,1.00,mixed,0.24,normal,-0.73,1500,mm,-15355.71,102.99,103.0,103.0016,-1.32,1.19,0.23,chop,-1.18,calm,-0.32,0,mm,-1114.40,28.27,28.28,28.1467,-2.79,3.10,0.09,chop,1.04,stressed,-0.20,574,mm,-9912.45
173.900,82,437.3,-26548.02,-26548.02,2074,2074,176.03,176.04,176.0517,-2.41,0.90,1.00,mixed,0.24,normal,-0.73,1500,mm,-15355.71,102.99,103.0,103.0013,-1.35,1.19,0.23,chop,-1.18,calm,-0.32,0,mm,-1114.40,28.27,28.28,28.1535,-1.14,3.10,0.09,chop,1.02,normal,-0.20,574,mm,-9912.45
174.073,82,439.1,-26548.02,-26548.02,2074,2074,176.03,176.04,176.0508,-2.39,0.84,1.00,mixed,0.24,normal,-0.73,1500,mm,-15355.71,102.99,103.0,103.0009,-1.38,1.10,0.23,chop,-1.17,calm,-0.32,0,mm,-1114.40,28.27,28.28,28.1603,0.31,2.88,0.09,chop,1.02,normal,-0.20,574,mm,-9912.45
174.135,82,439.1,-26548.02,-26548.02,2074,2074,176.03,176.04,176.0505,-2.38,0.84,1.00,mixed,0.24,normal,-0.73,1500,mm,-15355.71,102.99,103.0,103.0008,-1.39,1.10,0.23,chop,-1.17,calm,-0.32,0,mm,-1114.40,28.27,28.28,28.1626,0.76,2.88,0.09,chop,1.02,normal,-0.20,574,mm,-9912.45
174.359,82,439.1,-26548.02,-26548.02,2074,2074,176.03,176.04,176.0494,-2.34,0.84,1.00,mixed,0.23,normal,-0.73,1500,mm,-15355.71,102.99,103.0,103.0004,-1.41,1.10,0.23,chop,-1.14,calm,-0.32,0,mm,-1114.40,28.27,28.28,28.1706,2.16,2.88,0.09,chop,0.99,normal,-0.20,574,mm,-9912.45
174.544,82,439.1,-26548.02,-26548.02,4074,4074,176.02,176.04,176.0482,-2.38,0.84,1.00,mixed,0.23,normal,-0.73,1500,mm,-15355.71,102.97,103.0,102.9995,-1.56,1.10,0.23,chop,-1.14,calm,-0.32,2500,mm,-1169.40,28.3,28.31,28.1787,3.50,2.88,0.09,chop,0.99,normal,-0.20,74,mm,-9894.68
174.656,82,440.7,-26548.02,-26548.02,4074,4074,176.02,176.04,176.0475,-2.39,0.78,1.00,mixed,0.18,normal,-0.73,1500,mm,-15355.71,102.97,103.0,102.9989,-1.63,1.07,0.26,mixed,-1.40,calm,-0.32,2500,mm,-1169.40,28.3,28.31,28.1832,4.18,2.78,0.02,chop,1.28,normal,-0.20,74,mm,-9894.68
174.677,82,440.7,-26548.02,-26548.02,4074,4074,176.02,176.04,176.0474,-2.40,0.78,1.00,mixed,0.18,normal,-0.73,1500,mm,-15355.71,102.97,103.0,102.9988,-1.65,1.07,0.26,mixed,-1.40,calm,-0.32,2500,mm,-1169.40,28.3,28.31,28.1841,4.30,2.78,0.02,chop,1.28,normal,-0.20,74,mm,-9894.68
174.731,82,440.7,-26548.02,-26548.02,4074,4074,176.02,176.04,176.0471,-2.40,0.78,1.00,mixed,0.18,normal,-0.73,1500,mm,-15355.71,102.97,103.0,102.9986,-1.68,1.07,0.26,mixed,-1.40,calm,-0.32,2500,mm,-1169.40,28.3,28.31,28.1863,4.59,2.78,0.02,chop,1.28,normal,-0.20,74,mm,-9894.68
174.825,82,440.7,-26548.02,-26548.02,4074,4074,176.02,176.03,176.0464,-2.45,0.78,1.00,mixed,0.18,normal,-0.73,1500,mm,-15355.71,102.97,103.0,102.9982,-1.72,1.07,0.26,mixed,-1.40,calm,-0.32,2500,mm,-1144.40,28.3,28.31,28.1899,5.05,2.78,0.02,chop,1.28,normal,-0.20,74,mm,-9894.68
174.881,82,440.7,-26548.02,-26548.02,4074,4074,176.02,176.03,176.0460,-2.47,0.78,1.00,mixed,0.18,normal,-0.73,1500,mm,-15355.71,102.97,103.0,102.9979,-1.75,1.07,0.26,mixed,-1.40,calm,-0.32,2500,mm,-1144.40,28.3,28.31,28.1920,5.30,2.78,0.02,chop,1.28,normal,-0.20,74,mm,-9894.68
174.938,82,440.7,-26548.02,-26548.02,4074,4074,176.02,176.03,176.0456,-2.49,0.78,1.00,mixed,0.14,normal,-0.73,1500,mm,-15355.71,102.97,103.0,102.9977,-1.77,1.07,0.26,mixed,-1.38,normal,-0.32,2500,mm,-1144.40,28.3,28.31,28.1941,5.54,2.78,0.02,chop,1.26,normal,-0.20,74,mm,-9894.68
175.018,82,440.7,-26548.02,-26548.02,4074,4074,176.02,176.03,176.0451,-2.52,0.78,1.00,mixed,0.14,normal,-0.73,1500,mm,-15355.71,102.97,103.0,102.9974,-1.80,1.07,0.26,mixed,-1.38,normal,-0.32,2500,mm,-1144.40,28.3,28.31,28.1970,5.84,2.78,0.02,chop,1.26,normal,-0.20,74,mm,-9894.68
175.124,82,440.7,-26548.02,-26548.02,1974,1174,176.02,176.03,176.0444,-2.55,0.78,1.00,mixed,0.14,normal,-0.73,1500,mm,-15355.71,102.97,103.0,102.9969,-1.84,1.07,0.26,mixed,-1.38,normal,-0.32,-400,mm,-1133.20,28.3,28.32,28.2009,6.24,2.78,0.02,chop,1.26,normal,-0.20,74,mm,-9894.68
175.248,83,434.9,-26393.85,-26393.85,1974,1174,176.02,176.03,176.0436,-2.57,0.72,1.00,mixed,0.13,normal,-0.76,1500,mm,-15370.71,102.98,103.0,102.9967,-1.82,1.03,0.03,chop,-1.20,normal,-0.85,-400,mm,-1129.20,28.31,28.32,28.2055,6.69,2.51,0.01,chop,1.33,normal,0.44,74,mm,-9893.94
175.392,83,434.9,-26393.85,-26393.85,1974,1174,176.02,176.03,176.0427,-2.59,0.72,1.00,mixed,0.13,normal,-0.76,1500,mm,-15370.71,102.98,103.0,102.9963,-1.79,1.03,0.03,chop,-1.20,normal,-0.85,-400,mm,-1129.20,28.31,28.32,28.2107,7.13,2.51,0.01,chop,1.33,normal,0.44,74,mm,-9893.94
175.417,83,434.9,-26393.85,-26393.85,1974,1174,176.02,176.03,176.0426,-2.59,0.72,1.00,mixed,0.13,normal,-0.76,1500,mm,-15370.71,102.98,103.0,102.9963,-1.79,1.03,0.03,chop,-1.20,normal,-0.85,-400,mm,-1129.20,28.31,28.32,28.2115,7.19,2.51,0.01,chop,1.33,normal,0.44,74,mm,-9893.94
175.441,83,434.9,-26393.85,-26393.85,1974,1174,176.02,176.03,176.0425,-2.59,0.72,1.00,mixed,0.13,normal,-0.76,1500,mm,-15370.71,102.98,103.0,102.9962,-1.79,1.03,0.03,chop,-1.20,normal,-0.85,-400,mm,-1129.20,28.31,28.32,28.2123,7.26,2.51,0.01,chop,1.33,normal,0.44,74,mm,-9893.94
175.604,83,434.9,-26393.85,-26393.85,1974,1174,176.02,176.03,176.0415,-2.60,0.72,1.00,mixed,0.11,normal,-0.76,1500,mm,-15370.71,102.98,103.0,102.9959,-1.76,1.03,0.03,chop,-1.17,calm,-0.85,-400,mm,-1129.20,28.31,28.32,28.2178,7.62,2.51,0.01,chop,1.29,normal,0.44,74,mm,-9893.94
175.647,83,434.9,-26393.85,-26393.85,1974,1174,176.02,176.03,176.0413,-2.60,0.72,1.00,mixed,0.11,normal,-0.76,1500,mm,-15370.71,102.98,103.0,102.9958,-1.75,1.03,0.03,chop,-1.17,calm,-0.85,-400,mm,-1129.20,28.31,28.32,28.2192,7.70,2.51,0.01,chop,1.29,normal,0.44,74,mm,-9893.94
175.664,83,434.9,-26393.85,-26393.85,1974,1174,176.02,176.03,176.0412,-2.60,0.72,1.00,mixed,0.11,normal,-0.76,1500,mm,-15370.71,102.98,103.0,102.9958,-1.75,1.03,0.03,chop,-1.17,calm,-0.85,-400,mm,-1129.20,28.31,28.32,28.2197,7.73,2.51,0.01,chop,1.29,normal,0.44,74,mm,-9893.94
175.720,83,434.9,-26393.85,-26393.85,1974,1174,176.02,176.03,176.0409,-2.60,0.72,1.00,mixed,0.11,normal,-0.76,1500,mm,-15370.71,102.98,103.0,102.9957,-1.74,1.03,0.03,chop,-1.17,calm,-0.85,-400,mm,-1129.20,28.31,28.32,28.2215,7.83,2.51,0.01,chop,1.29,normal,0.44,74,mm,-9893.94
175.780,83,436.3,-26393.85,-26393.85,3674,3674,176.02,176.03,176.0406,-2.60,0.68,1.00,mixed,0.11,normal,-0.76,1500,mm,-15370.71,102.98,102.99,102.9955,-1.75,0.96,0.03,chop,-1.17,calm,-0.85,2100,mm,-1151.20,28.31,28.32,28.2233,7.92,2.36,0.01,chop,1.29,normal,0.44,74,mm,-9893.94
175.891,83,436.3,-26393.85,-26393.85,3674,3674,176.02,176.03,176.0400,-2.59,0.68,1.00,mixed,0.11,normal,-0.76,1500,mm,-15370.71,102.98,102.99,102.9951,-1.77,0.96,0.00,chop,-1.30,calm,-0.85,2100,mm,-1151.20,28.31,28.32,28.2266,8.07,2.36,0.01,chop,1.27,normal,0.44,74,mm,-9893.94
175.914,83,436.3,-26393.85,-26393.85,3674,3674,176.02,176.03,176.0399,-2.59,0.68,1.00,mixed,0.11,normal,-0.76,1500,mm,-15370.71,102.98,102.99,102.9950,-1.78,0.96,0.00,chop,-1.30,calm,-0.85,2100,mm,-1151.20,28.31,28.32,28.2273,8.10,2.36,0.01,chop,1.27,normal,0.44,74,mm,-9893.94
175.927,83,436.3,-26393.85,-26393.85,3674,3674,176.02,176.03,176.0399,-2.59,0.68,1.00,mixed,0.11,normal,-0.76,1500,mm,-15370.71,102.98,102.99,102.9950,-1.78,0.96,0.00,chop,-1.30,calm,-0.85,2100,mm,-1151.20,28.31,28.32,28.2277,8.11,2.36,0.01,chop,1.27,normal,0.44,74,mm,-9893.94
175.957,83,436.3,-26393.85,-26393.85,3674,3674,176.02,176.03,176.0397,-2.59,0.68,1.00,mixed,0.11,normal,-0.76,1500,mm,-15370.71,102.98,102.99,102.9949,-1.79,0.96,0.00,chop,-1.30,calm,-0.85,2100,mm,-1151.20,28.31,28.32,28.2286,8.14,2.36,0.01,chop,1.27,normal,0.44,74,mm,-9893.94
176.038,83,436.3,-26393.85,-26393.85,3674,3674,176.02,176.03,176.0393,-2.58,0.68,1.00,mixed,0.11,normal,-0.76,1500,mm,-15370.71,102.98,102.99,102.9946,-1.80,0.96,0.00,chop,-1.30,calm,-0.85,2100,mm,-1151.20,28.07,28.32,28.2286,8.14,2.36,0.01,chop,1.27,normal,0.44,74,mm,-9893.94
176.137,83,436.3,-26393.85,-26393.85,2874,2674,176.02,176.03,176.0389,-2.57,0.68,1.00,mixed,0.11,normal,-0.76,1500,mm,-15370.71,102.98,102.99,102.9943,-1.81,0.96,0.00,chop,-1.30,calm,-0.85,-100,mm,-1112.60,28.07,28.32,28.2286,8.14,2.36,0.01,chop,1.27,normal,0.44,1274,mm,-10186.38
176.655,83,438.6,-26393.85,-26393.85,3300,500,176.02,176.03,176.0367,-2.49,0.64,1.00,mixed,0.05,normal,-0.76,1500,mm,-15370.71,102.98,103.01,102.9944,-1.48,0.97,0.00,chop,-0.96,calm,-0.85,-1400,mm,-1162.20,28.07,28.19,28.2286,8.14,2.36,0.01,chop,1.27,normal,0.44,400,mm,-10176.85
176.711,83,438.6,-26393.85,-26393.85,3300,500,176.02,176.03,176.0365,-2.48,0.64,1.00,mixed,0.05,normal,-0.76,1500,mm,-15370.71,102.98,103.01,102.9944,-1.45,0.97,0.00,chop,-0.96,calm,-0.85,-1400,mm,-1162.20,28.07,28.19,28.2286,8.14,2.36,0.01,chop,1.27,normal,0.44,400,mm,-10176.85
176.739,83,438.6,-26393.85,-26393.85,3300,500,176.02,176.03,176.0363,-2.47,0.64,1.00,mixed,0.05,normal,-0.76,1500,mm,-15370.71,102.98,103.01,102.9944,-1.43,0.97,0.00,chop,-0.96,calm,-0.85,-1400,mm,-1162.20,28.07,28.19,28.2286,8.14,2.36,0.01,chop,1.27,normal,0.44,400,mm,-10176.85
176.753,83,438.6,-26393.85,-26393.85,3300,500,176.02,176.03,176.0363,-2.47,0.64,1.00,mixed,0.05,normal,-0.76,1500,mm,-15370.71,102.98,103.01,102.9944,-1.43,0.97,0.00,chop,-0.96,calm,-0.85,-1400,mm,-1162.20,28.07,28.19,28.2286,8.14,2.36,0.01,chop,1.27,normal,0.44,400,mm,-10176.85
176.831,83,438.6,-26393.85,-26393.85,3000,3000,176.02,176.03,176.0360,-2.45,0.64,1.00,mixed,0.05,normal,-0.76,1500,mm,-15370.71,102.98,103.0,102.9943,-1.42,0.97,0.00,chop,-0.96,calm,-0.85,1100,mm,-1111.20,28.09,28.17,28.2260,7.00,3.88,0.25,chop,-0.67,normal,0.44,400,mm,-10176.85
176.969,83,438.6,-26393.85,-26393.85,3000,3000,176.02,176.03,176.0355,-2.42,0.64,1.00,mixed,0.03,normal,-0.76,1500,mm,-15370.71,102.98,103.0,102.9941,-1.42,0.97,0.03,chop,-1.08,calm,-0.85,1100,mm,-1111.20,28.09,28.17,28.2217,5.21,3.88,0.25,chop,-0.67,normal,0.44,400,mm,-10176.85
176.992,83,438.6,-26393.85,-26393.85,3000,3000,176.02,176.03,176.0354,-2.42,0.64,1.00,mixed,0.03,normal,-0.76,1500,mm,-15370.71,102.98,103.0,102.9941,-1.41,0.97,0.03,chop,-1.08,calm,-0.85,1100,mm,-1111.20,28.09,28.17,28.2211,4.95,3.88,0.25,chop,-0.67,normal,0.44,400,mm,-10176.85
177.078,83,439.7,-26393.85,-26393.85,3200,600,176.02,176.03,176.0351,-2.40,0.64,1.00,mixed,0.03,normal,-0.76,1500,mm,-15370.71,102.98,103.0,102.9940,-1.41,0.97,0.03,chop,-1.08,calm,-0.85,-1300,mm,-1124.70,28.09,28.17,28.2185,3.98,3.88,0.25,chop,-0.67,normal,0.44,400,mm,-10176.85
177.187,83,439.7,-26393.85,-26393.85,3200,600,176.02,176.03,176.0348,-2.38,0.60,1.00,mixed,0.03,normal,-0.76,1500,mm,-15370.71,102.99,103.0,102.9940,-1.35,0.88,0.03,chop,-1.08,calm,-0.85,-1300,mm,-1124.70,28.1,28.16,28.2154,2.88,3.88,0.10,chop,-0.68,normal,0.44,400,mm,-10164.85
177.346,83,439.7,-26393.85,-26393.85,3200,600,176.02,176.04,176.0345,-2.28,0.60,0.85,mixed,0.06,normal,-0.76,1500,mm,-15370.71,102.98,103.0,102.9938,-1.35,0.88,0.06,chop,-1.05,calm,-0.85,-1300,mm,-1124.70,28.11,28.14,28.2107,1.43,3.53,0.10,chop,-0.68,normal,0.44,400,mm,-10164.85
177.408,83,439.7,-26393.85,-26393.85,3200,600,176.02,176.04,176.0344,-2.24,0.60,0.85,mixed,0.06,normal,-0.76,1500,mm,-15370.71,102.98,103.0,102.9937,-1.34,0.88,0.06,chop,-1.05,calm,-0.85,-1300,mm,-1124.70,28.11,28.14,28.2089,0.91,3.53,0.10,chop,-0.68,normal,0.44,400,mm,-10164.85
177.700,83,439.7,-26393.85,-26393.85,3200,600,176.02,176.04,176.0340,-2.09,0.60,0.80,mixed,0.03,normal,-0.76,1500,mm,-15370.71,102.99,103.0,102.9938,-1.21,0.80,0.27,mixed,-0.88,calm,-0.85,-1300,mm,-1124.70,28.12,28.14,28.2017,-0.92,3.53,0.08,chop,-0.72,normal,0.44,400,mm,-10164.85
177.965,84,434.7,-26660.26,-26660.26,1900,1100,176.02,176.03,176.0333,-2.07,0.60,0.82,mixed,-0.01,normal,-0.44,1500,mm,-15370.71,102.97,103.0,102.9931,-1.32,0.80,0.31,mixed,-1.15,normal,-0.80,-400,mm,-1106.70,28.09,28.13,28.1939,-2.53,3.23,0.03,chop,-0.92,normal,-0.19,0,mm,-10161.45
178.042,84,434.7,-26660.26,-26660.26,1900,1100,176.02,176.03,176.0331,-2.06,0.60,0.82,mixed,-0.01,normal,-0.44,1500,mm,-15370.71,102.97,103.0,102.9929,-1.34,0.80,0.31,mixed,-1.15,normal,-0.80,-400,mm,-1106.70,28.09,28.13,28.1919,-2.91,3.23,0.03,chop,-0.92,normal,-0.19,0,mm,-10161.45
178.072,84,434.7,-26660.26,-26660.26,1900,1100,176.02,176.03,176.0330,-2.06,0.60,0.82,mixed,-0.01,normal,-0.44,1500,mm,-15370.71,102.99,103.0,102.9929,-1.32,0.80,0.31,mixed,-1.15,normal,-0.80,-400,mm,-1106.70,28.1,28.12,28.1910,-3.05,3.23,0.03,chop,-0.92,normal,-0.19,0,mm,-10161.45
178.225,84,434.7,-26660.26,-26660.26,1900,1100,176.02,176.03,176.0326,-2.04,0.57,0.78,mixed,-0.03,normal,-0.44,1500,mm,-15370.71,102.99,103.0,102.9930,-1.24,0.72,0.19,chop,-0.84,normal,-0.80,-400,mm,-1106.70,28.1,28.12,28.1870,-3.69,3.23,0.03,chop,-0.93,normal,-0.19,0,mm,-10161.45
178.287,84,434.7,-26660.26,-26660.26,1900,1100,176.02,176.03,176.0324,-2.03,0.57,0.78,mixed,-0.03,normal,-0.44,1500,mm,-15370.71,102.99,103.0,102.9931,-1.21,0.72,0.19,chop,-0.84,normal,-0.80,-400,mm,-1106.70,28.1,28.12,28.1854,-3.91,3.23,0.03,chop,-0.93,normal,-0.19,0,mm,-10161.45
178.377,84,435.8,-26660.26,-26660.26,3600,3600,176.02,176.03,176.0322,-2.02,0.57,0.78,mixed,-0.03,normal,-0.44,1500,mm,-15370.71,102.97,103.0,102.9928,-1.24,0.72,0.19,chop,-0.84,normal,-0.80,2100,mm,-1149.70,28.05,28.1,28.1822,-4.47,3.23,0.03,chop,-0.93,normal,-0.19,0,mm,-10161.45
178.443,84,435.8,-26660.26,-26660.26,3600,3600,176.02,176.03,176.0321,-2.01,0.57,0.78,mixed,-0.03,normal,-0.44,1500,mm,-15370.71,102.97,103.0,102.9927,-1.26,0.72,0.19,chop,-0.84,normal,-0.80,2100,mm,-1149.70,28.05,28.1,28.1799,-4.85,3.23,0.03,chop,-0.93,normal,-0.19,0,mm,-10161.45
178.535,84,435.8,-26660.26,-26660.26,3600,3600,176.02,176.03,176.0318,-2.00,0.57,0.75,mixed,-0.06,normal,-0.44,1500,mm,-15370.71,102.97,103.0,102.9924,-1.29,0.72,0.13,chop,-1.11,calm,-0.80,2100,mm,-1149.70,28.05,28.1,28.1768,-5.31,3.14,0.05,chop,-1.31,normal,-0.19,0,mm,-10161.45
178.815,84,435.8,-26660.26,-26660.26,2100,900,176.01,176.03,176.0308,-2.06,0.54,0.78,mixed,-0.10,normal,-0.44,1500,mm,-15370.71,102.97,103.0,102.9918,-1.34,0.73,0.17,chop,-1.09,calm,-0.80,-600,mm,-1117.50,28.05,28.09,28.1672,-6.56,3.14,0.06,chop,-1.34,normal,-0.19,0,mm,-10161.45
178.941,84,437.3,-26660.26,-26660.26,2100,900,176.02,176.03,176.0306,-2.02,0.54,0.78,mixed,-0.10,normal,-0.44,1500,mm,-15370.71,102.96,102.99,102.9911,-1.46,0.73,0.17,chop,-1.09,calm,-0.80,-600,mm,-1117.50,28.04,28.09,28.1631,-7.04,3.14,0.06,chop,-1.34,normal,-0.19,0,mm,-10161.45
178.974,84,437.3,-26660.26,-26660.26,2100,900,176.02,176.03,176.0305,-2.01,0.54,0.78,mixed,-0.10,normal,-0.44,1500,mm,-15370.71,102.96,102.99,102.9909,-1.49,0.73,0.17,chop,-1.09,calm,-0.80,-600,mm,-1117.50,28.04,28.09,28.1620,-7.15,3.14,0.06,chop,-1.34,normal,-0.19,0,mm,-10161.45
178.994,84,437.3,-26660.26,-26660.26,2100,900,176.02,176.03,176.0305,-2.00,0.54,0.78,mixed,-0.10,normal,-0.44,1500,mm,-15370.71,102.96,102.99,102.9908,-1.51,0.73,0.17,chop,-1.09,calm,-0.80,-600,mm,-1117.50,28.04,28.09,28.1613,-7.22,3.14,0.06,chop,-1.34,normal,-0.19,0,mm,-10161.45
179.093,84,437.3,-26660.26,-26660.26,2100,900,176.02,176.03,176.0303,-1.98,0.54,0.60,mixed,-0.08,normal,-0.44,1500,mm,-15370.71,102.96,102.99,102.9903,-1.58,0.73,0.27,mixed,-1.35,calm,-0.80,-600,mm,-1117.50,28.04,28.09,28.1583,-7.51,2.84,0.06,chop,-1.39,normal,-0.19,0,mm,-10161.45
179.206,84,437.3,-26660.26,-26660.26,1600,400,176.02,176.03,176.0301,-1.95,0.54,0.60,mixed,-0.08,normal,-0.44,1000,mm,-15369.56,102.97,102.98,102.9897,-1.66,0.73,0.27,mixed,-1.35,calm,-0.80,-600,mm,-1105.50,28.06,28.08,28.1550,-7.76,2.84,0.06,chop,-1.39,normal,-0.19,0,mm,-10161.45
179.318,84,437.3,-26660.26,-26660.26,1600,400,176.02,176.03,176.0299,-1.92,0.55,0.60,mixed,-0.08,normal,-0.44,1000,mm,-15369.56,102.97,102.98,102.9892,-1.72,0.74,0.27,mixed,-1.35,calm,-0.80,-600,mm,-1105.50,28.06,28.08,28.1519,-7.96,2.84,0.06,chop,-1.39,normal,-0.19,0,mm,-10161.45
179.372,84,437.3,-26660.26,-26660.26,1600,400,176.02,176.03,176.0298,-1.90,0.55,0.60,mixed,-0.08,normal,-0.44,1000,mm,-15369.56,102.97,102.98,102.9889,-1.75,0.74,0.27,mixed,-1.33,normal,-0.80,-600,mm,-1105.50,28.06,28.08,28.1505,-8.04,2.84,0.05,chop,-1.32,normal,-0.19,0,mm,-10161.45
179.524,85,431.6,-26636.51,-26636.51,1600,400,176.02,176.03,176.0296,-1.86,0.55,0.60,mixed,-0.08,normal,-0.12,1000,mm,-15369.56,102.97,102.98,102.9883,-1.81,0.74,0.27,mixed,-1.33,normal,-0.71,-600,mm,-1105.50,28.06,28.08,28.1465,-8.24,2.84,0.05,chop,-1.32,normal,-0.22,0,mm,-10161.45
179.553,85,431.6,-26636.51,-26636.51,1600,400,176.02,176.03,176.0295,-1.86,0.55,0.60,mixed,-0.08,normal,-0.12,1000,mm,-15369.56,102.97,102.98,102.9881,-1.82,0.74,0.27,mixed,-1.33,normal,-0.71,-600,mm,-1105.50,28.06,28.08,28.1457,-8.27,2.84,0.05,chop,-1.32,normal,-0.22,0,mm,-10161.45
179.654,85,431.6,-26636.51,-26636.51,1600,400,176.02,176.04,176.0295,-1.79,0.55,0.45,mixed,-0.08,normal,-0.12,1000,mm,-15369.56,102.97,102.98,102.9877,-1.85,0.74,0.19,chop,-1.30,normal,-0.71,-600,mm,-1105.50,28.06,28.07,28.1431,-8.41,2.67,0.06,chop,-1.39,normal,-0.22,0,mm,-10161.45
179.854,85,431.6,-26636.51,-26636.51,1600,400,176.02,176.04,176.0296,-1.67,0.56,0.45,mixed,-0.08,normal,-0.12,1000,mm,-15369.56,102.97,102.98,102.9869,-1.90,0.69,0.19,chop,-1.30,normal,-0.71,-600,mm,-1105.50,28.06,28.07,28.1380,-8.61,2.67,0.06,chop,-1.39,normal,-0.22,0,mm,-10161.45
179.952,85,431.6,-26636.51,-26636.51,1896,104,176.03,176.04,176.0298,-1.58,0.56,0.33,mixed,-0.06,normal,-0.12,1000,mm,-15369.56,102.97,102.99,102.9867,-1.87,0.69,0.04,chop,-1.13,calm,-0.71,-896,mm,-1106.09,28.06,28.07,28.1357,-8.68,2.67,0.06,chop,-1.38,normal,-0.22,0,mm,-10161.45
180.067,85,433.0,-26636.51,-26636.51,1896,104,176.03,176.04,176.0299,-1.48,0.56,0.33,mixed,-0.06,normal,-0.12,1000,mm,-15369.56,102.97,102.99,102.9864,-1.84,0.69,0.04,chop,-1.13,calm,-0.71,-896,mm,-1106.09,28.06,28.07,28.1331,-8.74,2.67,0.06,chop,-1.38,normal,-0.22,0,mm,-10161.45
180.176,85,433.0,-26636.51,-26636.51,2296,-296,176.03,176.04,176.0301,-1.40,0.56,0.33,mixed,-0.06,normal,-0.12,1000,mm,-15369.56,102.97,102.99,102.9862,-1.82,0.69,0.04,chop,-1.13,calm,-0.71,-1296,mm,-1119.85,28.06,28.07,28.1307,-8.77,2.50,0.06,chop,-1.38,normal,-0.22,0,mm,-10161.45
180.319,85,433.0,-26636.51,-26636.51,2296,-296,176.03,176.04,176.0304,-1.30,0.56,0.33,mixed,-0.09,normal,-0.12,1000,mm,-15369.56,102.97,102.99,102.9859,-1.78,0.69,0.04,chop,-1.10,calm,-0.71,-1296,mm,-1119.85,28.06,28.07,28.1276,-8.80,2.50,0.06,chop,-1.38,normal,-0.22,0,mm,-10161.45
180.395,85,433.0,-26636.51,-26636.51,1696,304,176.03,176.04,176.0305,-1.25,0.56,0.33,mixed,-0.09,normal,-0.12,1000,mm,-15369.56,102.98,103.01,102.9861,-1.67,0.82,0.04,chop,-1.10,calm,-0.71,-696,mm,-1116.97,28.06,28.07,28.1260,-8.80,2.50,0.06,chop,-1.38,normal,-0.22,0,mm,-10161.45
180.653,85,433.0,-26636.51,-26636.51,2904,2904,176.03,176.04,176.0308,-1.11,0.56,0.33,mixed,-0.12,normal,-0.12,1000,mm,-15369.56,102.98,103.01,102.9868,-1.34,0.82,0.07,chop,-0.63,calm,-0.71,1904,mm,-1118.45,28.06,28.07,28.1210,-8.76,2.50,0.06,chop,-1.37,normal,-0.22,0,mm,-10161.45
180.750,85,434.7,-26636.51,-26636.51,2904,2904,176.03,176.04,176.0310,-1.07,0.56,0.33,mixed,-0.12,normal,-0.12,1000,mm,-15369.56,102.98,102.99,102.9868,-1.32,0.82,0.07,chop,-0.63,calm,-0.71,1904,mm,-1118.45,28.06,28.07,28.1193,-8.74,2.33,0.06,chop,-1.37,normal,-0.22,0,mm,-10161.45
180.817,85,434.7,-26636.51,-26636.51,2904,2904,176.03,176.04,176.0311,-1.04,0.56,0.33,mixed,-0.12,normal,-0.12,1000,mm,-15369.56,102.98,102.99,102.9867,-1.31,0.82,0.07,chop,-0.63,calm,-0.71,1904,mm,-1118.45,28.06,28.07,28.1181,-8.71,2.33,0.06,chop,-1.37,normal,-0.22,0,mm,-10161.45
180.866,85,434.7,-26636.51,-26636.51,2904,2904,176.03,176.04,176.0311,-1.02,0.56,0.33,mixed,-0.12,normal,-0.12,1000,mm,-15369.56,102.98,102.99,102.9867,-1.30,0.82,0.07,chop,-0.63,calm,-0.71,1904,mm,-1118.45,28.06,28.07,28.1172,-8.69,2.33,0.06,chop,-1.37,normal,-0.22,0,mm,-10161.45
180.961,85,434.7,-26636.51,-26636.51,2904,2904,176.03,176.04,176.0312,-0.98,0.50,0.33,mixed,-0.15,normal,-0.12,1000,mm,-15369.56,102.98,102.99,102.9867,-1.28,0.83,0.00,chop,-0.92,calm,-0.71,1904,mm,-1118.45,28.06,28.07,28.1156,-8.65,2.33,0.07,chop,-1.37,normal,-0.22,0,mm,-10161.45
180.984,85,434.7,-26636.51,-26636.51,2904,2904,176.03,176.04,176.0313,-0.97,0.50,0.33,mixed,-0.15,normal,-0.12,1000,mm,-15369.56,102.98,102.99,102.9867,-1.27,0.83,0.00,chop,-0.92,calm,-0.71,1904,mm,-1118.45,28.06,28.07,28.1152,-8.64,2.33,0.07,chop,-1.37,normal,-0.22,0,mm,-10161.45
181.001,85,434.7,-26636.51,-26636.51,2904,2904,176.03,176.04,176.0313,-0.96,0.50,0.33,mixed,-0.15,normal,-0.12,1000,mm,-15369.56,102.98,102.99,102.9866,-1.27,0.83,0.00,chop,-0.92,calm,-0.71,1904,mm,-1118.45,28.06,28.07,28.1149,-8.63,2.33,0.07,chop,-1.37,normal,-0.22,0,mm,-10161.45
181.046,85,434.7,-26636.51,-26636.51,2904,2904,176.03,176.04,176.0314,-0.95,0.50,0.33,mixed,-0.15,normal,-0.12,1000,mm,-15369.56,102.98,102.99,102.9866,-1.26,0.83,0.00,chop,-0.92,calm,-0.71,1904,mm,-1118.45,28.06,28.07,28.1142,-8.61,2.33,0.07,chop,-1.37,normal,-0.22,0,mm,-10161.45
181.089,85,434.7,-26636.51,-26636.51,2904,2904,176.03,176.04,176.0314,-0.93,0.50,0.33,mixed,-0.15,normal,-0.12,1000,mm,-15369.56,102.98,102.99,102.9866,-1.25,0.83,0.00,chop,-0.92,calm,-0.71,1904,mm,-1118.45,28.06,28.07,28.1135,-8.59,2.33,0.07,chop,-1.37,normal,-0.22,0,mm,-10161.45
181.212,85,434.7,-26636.51,-26636.51,2904,2904,176.03,176.04,176.0315,-0.89,0.50,0.33,mixed,-0.19,normal,-0.12,1000,mm,-15359.56,102.98,102.99,102.9865,-1.22,0.83,0.00,chop,-0.90,calm,-0.71,1904,mm,-1118.45,28.06,28.07,28.1115,-8.52,2.33,0.12,chop,-1.36,normal,-0.22,0,mm,-10161.45
181.257,86,428.9,-26639.46,-26639.46,2904,2904,176.03,176.04,176.0316,-0.88,0.50,0.33,mixed,-0.19,normal,0.32,1000,mm,-15359.56,102.98,102.99,102.9865,-1.22,0.83,0.00,chop,-0.90,calm,-0.50,1904,mm,-1118.45,28.06,28.07,28.1109,-8.49,2.18,0.12,chop,-1.36,normal,-0.18,0,mm,-10161.45
181.459,86,428.9,-26639.46,-26639.46,2904,2904,176.03,176.04,176.0318,-0.82,0.50,0.33,mixed,-0.19,normal,0.32,1000,mm,-15359.56,102.98,102.99,102.9864,-1.18,0.83,0.00,chop,-0.90,calm,-0.50,1904,mm,-1118.45,28.06,28.07,28.1079,-8.36,2.18,0.12,chop,-1.36,normal,-0.18,0,mm,-10161.45
181.572,86,428.9,-26639.46,-26639.46,2904,2904,176.03,176.04,176.0319,-0.80,0.46,0.11,chop,-0.23,normal,0.32,1000,mm,-15359.56,102.98,102.99,102.9864,-1.16,0.75,0.07,chop,-0.89,calm,-0.50,1904,mm,-1118.45,28.06,28.07,28.1063,-8.29,2.18,0.10,chop,-1.35,normal,-0.18,0,mm,-10161.45
181.608,86,428.9,-26639.46,-26639.46,2904,2904,176.03,176.04,176.0320,-0.79,0.46,0.11,chop,-0.23,normal,0.32,1000,mm,-15359.56,102.98,102.99,102.9863,-1.15,0.75,0.07,chop,-0.89,calm,-0.50,1904,mm,-1118.45,28.06,28.07,28.1058,-8.26,2.18,0.10,chop,-1.35,normal,-0.18,0,mm,-10161.45
181.647,86,428.9,-26639.46,-26639.46,2904,2904,176.03,176.04,176.0320,-0.78,0.46,0.11,chop,-0.23,normal,0.32,1000,mm,-15359.56,102.98,102.99,102.9863,-1.15,0.75,0.07,chop,-0.89,calm,-0.50,1904,mm,-1118.45,28.06,28.07,28.1053,-8.23,2.18,0.10,chop,-1.35,normal,-0.18,0,mm,-10161.45
181.675,86,428.9,-26639.46,-26639.46,2904,2904,176.03,176.04,176.0320,-0.77,0.46,0.11,chop,-0.23,normal,0.32,1000,mm,-15359.56,102.98,102.99,102.9863,-1.14,0.75,0.07,chop,-0.89,calm,-0.50,1904,mm,-1118.45,28.06,28.07,28.1049,-8.21,2.18,0.10,chop,-1.35,normal,-0.18,0,mm,-10161.45
181.700,86,428.9,-26639.46,-26639.46,2904,2904,176.03,176.04,176.0321,-0.77,0.46,0.11,chop,-0.23,normal,0.32,1000,mm,-15359.56,102.98,102.99,102.9863,-1.14,0.75,0.07,chop,-0.89,calm,-0.50,1904,mm,-1118.45,28.06,28.07,28.1046,-8.20,2.18,0.10,chop,-1.35,normal,-0.18,0,mm,-10161.45
181.763,86,428.9,-26639.46,-26639.46,2904,2904,176.03,176.04,176.0321,-0.75,0.46,0.11,chop,-0.23,normal,0.32,1000,mm,-15359.56,102.98,102.99,102.9863,-1.13,0.75,0.07,chop,-0.89,calm,-0.50,1904,mm,-1118.45,28.06,28.07,28.1037,-8.15,2.03,0.10,chop,-1.35,normal,-0.18,0,mm,-10161.45
181.816,86,430.3,-26639.46,-26639.46,2904,2904,176.03,176.04,176.0322,-0.74,0.46,0.11,chop,-0.23,normal,0.32,1000,mm,-15359.56,102.98,102.99,102.9863,-1.12,0.75,0.07,chop,-0.89,calm,-0.50,1904,mm,-1118.45,28.06,28.07,28.1031,-8.11,2.03,0.10,chop,-1.35,normal,-0.18,0,mm,-10161.45
181.843,86,430.3,-26639.46,-26639.46,2904,2904,176.03,176.04,176.0322,-0.74,0.46,0.00,chop,-0.27,normal,0.32,1000,mm,-15359.56,102.98,102.99,102.9862,-1.11,0.75,0.15,chop,-0.88,calm,-0.50,1904,mm,-1118.45,28.06,28.07,28.1027,-8.09,2.03,0.10,chop,-1.34,normal,-0.18,0,mm,-10161.45
181.897,86,430.3,-26639.46,-26639.46,2904,2904,176.03,176.04,176.0323,-0.73,0.46,0.00,chop,-0.27,normal,0.32,1000,mm,-15359.56,102.98,103.01,102.9864,-1.06,0.75,0.15,chop,-0.88,calm,-0.50,1904,mm,-1108.85,28.06,28.07,28.1020,-8.05,2.03,0.10,chop,-1.34,normal,-0.18,0,mm,-10161.45
182.047,86,430.3,-26639.46,-26639.46,2904,2904,176.03,176.04,176.0324,-0.70,0.46,0.00,chop,-0.27,normal,0.32,1000,mm,-15359.56,102.98,103.01,102.9868,-0.92,0.75,0.15,chop,-0.88,calm,-0.50,1904,mm,-1108.85,28.06,28.07,28.1002,-7.93,2.03,0.10,chop,-1.34,normal,-0.18,0,mm,-10161.45
182.108,86,430.3,-26639.46,-26639.46,2904,2904,176.03,176.04,176.0324,-0.69,0.41,0.00,chop,-0.27,normal,0.32,1000,mm,-15359.56,102.98,103.01,102.9870,-0.87,0.77,0.07,chop,-0.53,calm,-0.50,1904,mm,-1108.85,28.06,28.07,28.0996,-7.89,2.03,0.10,chop,-1.31,normal,-0.18,0,mm,-10161.45
182.182,86,430.3,-26639.46,-26639.46,2904,2904,176.03,176.04,176.0325,-0.68,0.41,0.00,chop,-0.27,normal,0.32,1000,mm,-15359.56,102.98,102.99,102.9869,-0.88,0.77,0.07,chop,-0.53,calm,-0.50,1904,mm,-1108.85,28.06,28.07,28.0987,-7.83,2.03,0.10,chop,-1.31,normal,-0.18,0,mm,-10161.45
182.291,86,431.5,-26639.46,-26639.46,2904,2904,176.03,176.04,176.0326,-0.66,0.41,0.00,chop,-0.27,normal,0.32,1000,mm,-15359.56,102.98,102.99,102.9869,-0.88,0.77,0.07,chop,-0.53,calm,-0.50,1904,mm,-1108.85,28.06,28.07,28.0975,-7.74,1.89,0.10,chop,-1.31,normal,-0.18,0,mm,-10161.45
182.313,86,431.5,-26639.46,-26639.46,2904,2904,176.03,176.04,176.0326,-0.66,0.41,0.00,chop,-0.27,normal,0.32,1000,mm,-15359.56,102.98,102.99,102.9868,-0.88,0.77,0.07,chop,-0.53,calm,-0.50,1904,mm,-1108.85,28.06,28.07,28.0973,-7.72,1.89,0.10,chop,-1.31,normal,-0.18,0,mm,-10161.45
182.352,86,431.5,-26639.46,-26639.46,2904,2904,176.03,176.04,176.0326,-0.65,0.41,0.00,chop,-0.27,normal,0.32,1000,mm,-15359.56,102.98,102.99,102.9868,-0.89,0.77,0.07,chop,-0.53,calm,-0.50,1904,mm,-1108.85,28.06,28.07,28.0969,-7.69,1.89,0.10,chop,-1.31,normal,-0.18,0,mm,-10161.45
182.438,86,431.5,-26639.46,-26639.46,4696,-2696,176.03,176.04,176.0327,-0.64,0.41,0.00,chop,-0.32,normal,0.32,1000,mm,-15359.56,102.98,103.01,102.9871,-0.82,0.77,0.07,chop,-0.51,calm,-0.50,-3696,mm,-1146.93,28.06,28.07,28.0960,-7.62,1.89,0.10,chop,-1.30,normal,-0.18,0,mm,-10161.45
182.818,86,431.5,-26639.46,-26639.46,2004,2004,176.03,176.04,176.0330,-0.59,0.37,0.00,chop,-0.39,normal,0.32,1000,mm,-15359.56,102.98,103.0,102.9874,-0.71,0.74,0.07,chop,-0.68,calm,-0.50,1004,mm,-1065.91,28.06,28.07,28.0923,-7.31,1.76,0.13,chop,-1.28,normal,-0.18,0,mm,-10161.45
183.008,86,433.3,-26639.46,-26639.46,2004,2004,176.03,176.04,176.0331,-0.57,0.37,0.00,chop,-0.39,normal,0.32,1000,mm,-15359.56,102.99,103.0,102.9879,-0.59,0.74,0.07,chop,-0.68,calm,-0.50,1004,mm,-1065.91,28.06,28.07,28.0906,-7.16,1.76,0.13,chop,-1.28,normal,-0.18,0,mm,-10161.45
183.121,86,433.3,-26639.46,-26639.46,2004,2004,176.03,176.04,176.0332,-0.56,0.37,0.00,chop,-0.38,normal,0.32,1000,mm,-15359.56,102.99,103.0,102.9881,-0.53,0.74,0.07,chop,-0.49,calm,-0.50,1004,mm,-1065.91,28.06,28.07,28.0897,-7.07,1.76,0.19,chop,-1.26,normal,-0.18,0,mm,-10161.45
183.212,86,433.3,-26639.46,-26639.46,4004,4004,176.03,176.04,176.0332,-0.55,0.37,0.00,chop,-0.38,normal,0.32,1000,mm,-15359.56,102.98,103.0,102.9882,-0.52,0.74,0.07,chop,-0.49,calm,-0.50,3004,mm,-1039.87,28.06,28.07,28.0890,-6.99,1.76,0.19,chop,-1.26,normal,-0.18,0,mm,-10161.45
183.362,86,433.3,-26639.46,-26639.46,4004,4004,176.03,176.04,176.0333,-0.54,0.34,0.00,chop,-0.38,normal,0.32,1000,mm,-15359.56,102.98,103.0,102.9883,-0.51,0.67,0.07,chop,-0.49,calm,-0.50,3004,mm,-1039.87,28.06,28.07,28.0878,-6.87,1.64,0.19,chop,-1.26,normal,-0.18,0,mm,-10161.45
183.438,86,433.3,-26639.46,-26639.46,4004,4004,176.03,176.04,176.0334,-0.53,0.34,0.00,chop,-0.45,normal,0.32,1000,mm,-15359.56,102.98,103.0,102.9883,-0.51,0.67,0.07,chop,-0.66,calm,-0.50,3004,mm,-1039.87,28.06,28.07,28.0872,-6.81,1.64,0.70,TREND,-1.24,normal,-0.18,0,mm,-10161.45
183.594,87,427.7,-26560.88,-26560.88,4004,4004,176.03,176.04,176.0334,-0.52,0.34,0.00,chop,-0.45,normal,0.58,1000,mm,-15359.56,102.98,102.99,102.9881,-0.56,0.67,0.07,chop,-0.66,calm,-0.86,3004,mm,-1039.87,28.06,28.07,28.0861,-6.69,1.64,0.70,TREND,-1.24,normal,-0.13,0,mm,-10161.45
183.721,87,427.7,-26560.88,-26560.88,4004,4004,176.03,176.04,176.0335,-0.51,0.34,0.00,chop,-0.53,normal,0.58,1000,mm,-15359.56,102.98,102.99,102.9880,-0.60,0.67,0.07,chop,-0.84,calm,-0.86,3004,mm,-1039.87,28.06,28.07,28.0852,-6.59,1.64,0.70,TREND,-1.22,stressed,-0.13,0,mm,-10161.45
183.747,87,427.7,-26560.88,-26560.88,4004,4004,176.03,176.04,176.0335,-0.50,0.34,0.00,chop,-0.53,normal,0.58,1000,mm,-15359.56,102.98,103.01,102.9881,-0.58,0.67,0.07,chop,-0.84,calm,-0.86,3004,mm,-1039.87,28.06,28.07,28.0850,-6.57,1.64,0.70,TREND,-1.22,stressed,-0.13,0,mm,-10161.45
183.851,87,427.7,-26560.88,-26560.88,4004,4004,176.03,176.04,176.0336,-0.50,0.34,0.00,chop,-0.53,normal,0.58,1000,mm,-15359.56,102.98,103.01,102.9883,-0.52,0.67,0.07,chop,-0.84,calm,-0.86,3004,mm,-1039.87,28.06,28.07,28.0844,-6.49,1.64,0.70,TREND,-1.22,stressed,-0.13,0,mm,-10161.45
183.884,87,427.7,-26560.88,-26560.88,4004,4004,176.03,176.04,176.0336,-0.49,0.31,0.00,chop,-0.53,normal,0.58,1000,mm,-15359.56,102.98,103.01,102.9884,-0.50,0.65,0.07,chop,-0.84,calm,-0.86,3004,mm,-1039.87,28.06,28.07,28.0842,-6.46,1.52,0.70,TREND,-1.22,stressed,-0.13,0,mm,-10161.45
183.918,87,427.7,-26560.88,-26560.88,4004,4004,176.03,176.04,176.0336,-0.49,0.31,0.00,chop,-0.53,normal,0.58,1000,mm,-15359.56,102.98,103.01,102.9885,-0.48,0.65,0.07,chop,-0.84,calm,-0.86,3004,mm,-1039.87,28.06,28.07,28.0839,-6.44,1.52,0.70,TREND,-1.22,stressed,-0.13,0,mm,-10161.45
184.029,87,427.7,-26560.88,-26560.88,4004,4004,176.03,176.04,176.0336,-0.48,0.31,0.00,chop,-0.63,normal,0.58,1000,mm,-15359.56,102.98,103.01,102.9887,-0.43,0.65,0.00,chop,-0.42,calm,-0.86,3004,mm,-1069.91,28.06,28.07,28.0833,-6.35,1.52,0.70,TREND,-1.19,stressed,-0.13,0,mm,-10161.45
184.062,87,427.7,-26560.88,-26560.88,4004,4004,176.03,176.04,176.0337,-0.48,0.31,0.00,chop,-0.63,normal,0.58,1000,mm,-15359.56,102.98,102.99,102.9887,-0.45,0.65,0.00,chop,-0.42,calm,-0.86,3004,mm,-1069.91,28.06,28.07,28.0831,-6.33,1.52,0.70,TREND,-1.19,stressed,-0.13,0,mm,-10161.45
184.431,87,429.8,-26560.88,-26560.88,1004,1004,176.03,176.04,176.0338,-0.45,0.28,0.14,chop,-0.62,normal,0.58,1000,mm,-15359.56,102.98,103.0,102.9888,-0.43,0.63,0.03,chop,-0.62,calm,-0.86,4,mm,-1015.91,28.06,28.07,28.0810,-6.05,1.41,0.89,TREND,-1.18,stressed,-0.13,0,mm,-10161.45
184.544,87,429.8,-26560.88,-26560.88,1004,1004,176.03,176.04,176.0339,-0.45,0.28,0.14,chop,-0.62,normal,0.58,1000,mm,-15359.56,102.98,103.0,102.9889,-0.43,0.63,0.03,chop,-0.62,calm,-0.86,4,mm,-1015.91,28.06,28.07,28.0804,-5.97,1.41,0.89,TREND,-1.18,stressed,-0.13,0,mm,-10161.45
184.585,87,429.8,-26560.88,-26560.88,1004,1004,176.03,176.04,176.0339,-0.45,0.28,0.14,chop,-0.62,normal,0.58,1000,mm,-15359.56,102.98,103.0,102.9889,-0.43,0.63,0.03,chop,-0.62,calm,-0.86,4,mm,-1015.91,28.06,28.07,28.0802,-5.94,1.41,0.89,TREND,-1.18,stressed,-0.13,0,mm,-10161.45
184.680,87,429.8,-26560.88,-26560.88,1004,1004,176.03,176.04,176.0339,-0.44,0.28,0.14,chop,-0.62,normal,0.58,1000,mm,-15359.56,102.98,103.0,102.9889,-0.42,0.63,0.03,chop,-0.62,calm,-0.86,4,mm,-1015.91,28.06,28.07,28.0797,-5.87,1.41,0.89,TREND,-1.18,stressed,-0.13,0,mm,-10161.45
184.768,87,429.8,-26560.88,-26560.88,3996,-1996,176.03,176.04,176.0339,-0.43,0.28,0.33,mixed,-0.67,normal,0.58,1000,mm,-15359.56,102.98,103.0,102.9889,-0.42,0.63,0.03,chop,-0.61,calm,-0.86,-2996,mm,-1051.83,28.06,28.07,28.0793,-5.81,1.41,0.89,TREND,-1.15,stressed,-0.13,0,mm,-10161.45
184.861,87,429.8,-26560.88,-26560.88,3996,-1996,176.03,176.04,176.0340,-0.43,0.28,0.33,mixed,-0.67,normal,0.58,1000,mm,-15359.56,102.98,103.0,102.9890,-0.41,0.63,0.03,chop,-0.61,calm,-0.86,-2996,mm,-1051.83,28.06,28.07,28.0789,-5.74,1.41,0.89,TREND,-1.15,stressed,-0.13,0,mm,-10161.45
185.080,87,431.4,-26560.88,-26560.88,3996,-1996,176.03,176.04,176.0340,-0.42,0.25,0.33,mixed,-0.72,normal,0.58,1000,mm,-15359.56,102.98,103.0,102.9890,-0.40,0.57,0.00,chop,-0.59,calm,-0.86,-2996,mm,-1051.83,28.06,28.07,28.0779,-5.59,1.31,0.96,TREND,-1.13,stressed,-0.13,0,mm,-10161.45
185.396,87,431.4,-26560.88,-26560.88,1004,1004,176.03,176.04,176.0341,-0.40,0.25,0.33,mixed,-0.74,normal,0.58,1000,mm,-15359.56,102.98,103.0,102.9891,-0.39,0.57,0.00,chop,-0.58,calm,-0.86,4,mm,-1027.57,28.06,28.07,28.0766,-5.38,1.31,0.96,TREND,-1.10,stressed,-0.13,0,mm,-10161.45
185.676,88,425.9,-26548.58,-26548.58,1096,904,176.02,176.03,176.0333,-0.59,0.32,0.00,chop,-0.95,normal,0.67,1000,mm,-15359.56,103.0,103.01,102.9905,-0.06,0.65,0.13,chop,0.12,calm,-0.93,-96,mm,-1028.65,28.06,28.07,28.0756,-5.19,1.21,0.96,TREND,-1.09,stressed,-0.06,0,mm,-10161.45
186.064,88,426.8,-26548.58,-26548.58,3996,-1196,176.01,176.03,176.0317,-0.91,0.32,0.11,chop,-1.05,normal,0.67,1000,mm,-15359.56,103.0,103.01,102.9923,0.25,0.65,0.07,chop,0.12,calm,-0.93,-2596,mm,-1024.19,28.05,28.07,28.0737,-5.09,1.21,0.87,mixed,-1.12,stressed,-0.06,400,mm,-10161.01
186.164,88,426.8,-26548.58,-26548.58,3996,-1196,176.01,176.03,176.0313,-0.97,0.32,0.11,chop,-1.05,normal,0.67,1000,mm,-15359.56,103.0,103.01,102.9927,0.31,0.65,0.07,chop,0.12,calm,-0.93,-2596,mm,-1024.19,28.05,28.07,28.0732,-5.05,1.21,0.87,mixed,-1.12,stressed,-0.06,400,mm,-10161.01
186.195,88,426.8,-26548.58,-26548.58,3996,-1196,176.01,176.03,176.0312,-0.99,0.32,0.11,chop,-1.05,normal,0.67,1000,mm,-15359.56,103.0,103.01,102.9928,0.33,0.60,0.07,chop,0.12,calm,-0.93,-2596,mm,-1024.19,28.05,28.07,28.0731,-5.04,1.10,0.87,mixed,-1.12,stressed,-0.06,400,mm,-10161.01
186.371,88,426.8,-26548.58,-26548.58,2096,-1296,176.01,176.02,176.0303,-1.14,0.32,0.20,chop,-1.13,normal,0.67,-1600,mm,-15387.17,102.98,103.01,102.9930,0.27,0.60,0.00,chop,-0.33,calm,-0.93,-96,mm,-1030.15,28.05,28.06,28.0721,-5.04,1.10,0.88,mixed,-1.14,normal,-0.06,400,mm,-10157.01
186.652,88,426.8,-26548.58,-26548.58,3296,-1696,176.01,176.02,176.0289,-1.32,0.32,0.20,chop,-1.11,normal,0.67,400,mm,-15350.57,102.99,103.0,102.9931,0.21,0.60,0.00,chop,-0.32,calm,-0.93,-2496,mm,-1009.99,28.05,28.06,28.0706,-5.01,1.10,0.88,mixed,-1.12,normal,-0.06,400,mm,-10161.01
186.865,88,428.8,-26548.58,-26548.58,804,804,176.01,176.02,176.0280,-1.42,0.32,0.20,chop,-1.11,normal,0.67,400,mm,-15350.57,102.98,103.0,102.9929,0.08,0.68,0.00,chop,-0.32,calm,-0.93,4,mm,-990.11,28.05,28.06,28.0695,-4.97,1.01,0.88,mixed,-1.12,normal,-0.06,400,mm,-10161.01
186.955,88,428.8,-26548.58,-26548.58,804,804,176.01,176.02,176.0276,-1.45,0.32,0.20,chop,-1.08,normal,0.67,400,mm,-15350.57,102.98,103.0,102.9928,0.04,0.68,0.00,chop,-0.55,calm,-0.93,4,mm,-990.11,28.05,28.06,28.0691,-4.94,1.01,0.88,mixed,-1.09,normal,-0.06,400,mm,-10161.01
187.038,88,428.8,-26548.58,-26548.58,3204,3204,176.01,176.02,176.0273,-1.47,0.32,0.20,chop,-1.08,normal,0.67,400,mm,-15350.57,102.96,102.98,102.9922,-0.13,0.68,0.00,chop,-0.55,calm,-0.93,2404,mm,-1018.91,28.05,28.06,28.0687,-4.92,1.01,0.88,mixed,-1.09,normal,-0.06,400,mm,-10161.01
187.131,88,428.8,-26548.58,-26548.58,3204,3204,176.01,176.02,176.0269,-1.50,0.32,0.20,chop,-1.08,normal,0.67,400,mm,-15350.57,102.96,102.98,102.9915,-0.31,0.68,0.00,chop,-0.55,calm,-0.93,2404,mm,-1018.91,28.05,28.06,28.0683,-4.89,1.01,0.88,mixed,-1.09,normal,-0.06,400,mm,-10161.01
187.276,88,428.8,-26548.58,-26548.58,1340,-540,176.01,176.02,176.0263,-1.53,0.32,0.33,mixed,-1.06,normal,0.67,400,mm,-15350.57,102.98,102.99,102.9912,-0.38,0.68,0.03,chop,-0.77,calm,-0.93,-496,mm,-1019.81,28.05,28.06,28.0677,-4.84,1.01,0.88,mixed,-1.07,normal,-0.06,-444,mm,-10156.08
187.434,89,423.2,-26506.45,-26506.45,1340,-540,176.01,176.02,176.0257,-1.55,0.30,0.33,mixed,-1.06,normal,0.71,400,mm,-15350.57,102.98,102.99,102.9909,-0.44,0.66,0.03,chop,-0.77,calm,-0.80,-496,mm,-1019.81,28.05,28.06,28.0670,-4.78,0.94,0.88,mixed,-1.07,normal,-0.05,-444,mm,-10156.08
187.635,89,423.2,-26506.45,-26506.45,2096,-1096,176.01,176.02,176.0251,-1.57,0.30,0.33,mixed,-1.03,normal,0.71,500,mm,-15350.34,102.98,102.99,102.9905,-0.50,0.66,0.07,chop,-0.76,calm,-0.80,-496,mm,-1024.77,28.05,28.06,28.0662,-4.69,0.94,0.88,mixed,-1.04,normal,-0.05,-1100,mm,-10155.36
187.748,89,423.2,-26506.45,-26506.45,2096,-1096,176.01,176.02,176.0247,-1.58,0.30,0.33,mixed,-1.03,normal,0.71,500,mm,-15350.34,102.98,102.99,102.9903,-0.53,0.66,0.07,chop,-0.76,calm,-0.80,-496,mm,-1024.77,28.05,28.06,28.0658,-4.65,0.94,0.88,mixed,-1.04,normal,-0.05,-1100,mm,-10155.36
187.914,89,424.4,-26506.45,-26506.45,2296,-896,176.0,176.01,176.0236,-1.71,0.30,0.40,mixed,-1.22,normal,0.71,700,mm,-15357.88,102.98,102.99,102.9900,-0.56,0.66,0.00,chop,-0.74,calm,-0.80,-496,mm,-1024.77,28.05,28.06,28.0652,-4.57,0.94,0.85,mixed,-1.02,normal,-0.05,-1100,mm,-10155.36
187.964,89,424.4,-26506.45,-26506.45,2296,-896,176.0,176.01,176.0233,-1.75,0.35,0.40,mixed,-1.22,normal,0.71,700,mm,-15357.88,102.98,102.99,102.9900,-0.57,0.60,0.00,chop,-0.74,calm,-0.80,-496,mm,-1024.77,28.05,28.06,28.0651,-4.55,0.87,0.85,mixed,-1.02,normal,-0.05,-1100,mm,-10155.36
188.002,89,424.4,-26506.45,-26506.45,2296,-896,176.0,176.01,176.0231,-1.77,0.35,0.40,mixed,-1.22,normal,0.71,700,mm,-15357.88,102.98,102.99,102.9899,-0.58,0.60,0.00,chop,-0.74,calm,-0.80,-496,mm,-1024.77,28.05,28.06,28.0649,-4.53,0.87,0.85,mixed,-1.02,normal,-0.05,-1100,mm,-10155.36
188.104,89,424.4,-26506.45,-26506.45,2296,-896,176.0,176.01,176.0225,-1.83,0.35,0.40,mixed,-1.22,normal,0.71,700,mm,-15357.88,102.98,102.99,102.9897,-0.59,0.60,0.00,chop,-0.74,calm,-0.80,-496,mm,-1024.77,28.05,28.06,28.0646,-4.49,0.87,0.85,mixed,-1.02,normal,-0.05,-1100,mm,-10155.36
188.185,89,424.4,-26506.45,-26506.45,2296,-896,176.0,176.01,176.0220,-1.87,0.35,0.40,mixed,-1.20,normal,0.71,700,mm,-15357.88,102.98,102.99,102.9896,-0.60,0.60,0.08,chop,-0.74,calm,-0.80,-496,mm,-1024.77,28.05,28.06,28.0644,-4.45,0.87,0.85,mixed,-1.00,normal,-0.05,-1100,mm,-10155.36
188.231,89,424.4,-26506.45,-26506.45,2296,-896,176.0,176.01,176.0218,-1.89,0.35,0.40,mixed,-1.20,normal,0.71,700,mm,-15357.88,102.98,102.99,102.9895,-0.60,0.60,0.08,chop,-0.74,calm,-0.80,-496,mm,-1024.77,28.05,28.06,28.0642,-4.43,0.87,0.85,mixed,-1.00,normal,-0.05,-1100,mm,-10155.36
188.294,89,424.4,-26506.45,-26506.45,2296,-896,176.0,176.01,176.0214,-1.92,0.35,0.40,mixed,-1.20,normal,0.71,700,mm,-15357.88,102.98,102.99,102.9894,-0.61,0.60,0.08,chop,-0.74,calm,-0.80,-496,mm,-1024.77,28.05,28.06,28.0640,-4.40,0.87,0.85,mixed,-1.00,normal,-0.05,-1100,mm,-10155.36
188.433,89,424.4,-26506.45,-26506.45,1396,404,176.0,176.01,176.0207,-1.97,0.35,0.40,mixed,-1.20,normal,0.71,700,mm,-15357.88,102.98,102.99,102.9892,-0.62,0.60,0.08,chop,-0.74,calm,-0.80,-496,mm,-1024.77,28.05,28.06,28.0636,-4.34,0.87,0.85,mixed,-1.00,normal,-0.05,200,mm,-10142.93
188.530,89,425.9,-26506.45,-26506.45,1396,404,176.0,176.01,176.0202,-2.00,0.34,0.40,mixed,-1.17,normal,0.71,700,mm,-15357.88,102.96,102.99,102.9888,-0.71,0.62,0.08,chop,-1.19,calm,-0.80,-496,mm,-1024.77,28.05,28.06,28.0633,-4.29,0.81,0.67,mixed,-0.98,normal,-0.05,200,mm,-10142.93
188.713,89,425.9,-26506.45,-26506.45,3596,-1796,175.99,176.0,176.0187,-2.18,0.34,0.40,mixed,-1.17,normal,0.71,700,mm,-15357.88,102.96,102.99,102.9880,-0.85,0.62,0.08,chop,-1.19,calm,-0.80,-2696,mm,-1029.17,28.05,28.06,28.0628,-4.21,0.81,0.67,mixed,-0.98,normal,-0.05,200,mm,-10142.93
188.751,89,425.9,-26506.45,-26506.45,3596,-1796,175.99,176.0,176.0184,-2.21,0.34,0.40,mixed,-1.17,normal,0.71,700,mm,-15357.88,102.96,102.99,102.9878,-0.87,0.62,0.08,chop,-1.19,calm,-0.80,-2696,mm,-1029.17,28.05,28.06,28.0627,-4.19,0.81,0.67,mixed,-0.98,normal,-0.05,200,mm,-10142.93
188.856,89,425.9,-26506.45,-26506.45,1096,704,175.99,176.0,176.0176,-2.29,0.34,0.45,mixed,-1.36,normal,0.71,700,mm,-15357.88,102.97,102.98,102.9874,-0.93,0.62,0.08,chop,-1.17,calm,-0.80,-196,mm,-982.21,28.05,28.06,28.0625,-4.14,0.81,0.60,mixed,-0.96,normal,-0.05,200,mm,-10142.93
188.900,89,425.9,-26506.45,-26506.45,1096,704,175.99,176.0,176.0173,-2.33,0.34,0.45,mixed,-1.36,normal,0.71,700,mm,-15357.88,102.97,102.98,102.9872,-0.96,0.62,0.08,chop,-1.17,calm,-0.80,-196,mm,-982.21,28.05,28.06,28.0624,-4.12,0.81,0.60,mixed,-0.96,normal,-0.05,200,mm,-10142.93
188.919,89,425.9,-26506.45,-26506.45,1096,704,175.99,176.0,176.0171,-2.34,0.34,0.45,mixed,-1.36,normal,0.71,700,mm,-15357.88,102.97,102.98,102.9871,-0.97,0.62,0.08,chop,-1.17,calm,-0.80,-196,mm,-982.21,28.05,28.06,28.0623,-4.11,0.81,0.60,mixed,-0.96,normal,-0.05,200,mm,-10142.93
188.968,89,425.9,-26506.45,-26506.45,1096,704,175.99,176.0,176.0168,-2.37,0.34,0.45,mixed,-1.36,normal,0.71,700,mm,-15357.88,102.97,102.98,102.9869,-0.99,0.62,0.08,chop,-1.17,calm,-0.80,-196,mm,-982.21,28.05,28.06,28.0622,-4.09,0.81,0.60,mixed,-0.96,normal,-0.05,200,mm,-10142.93
189.149,89,427.4,-26506.45,-26506.45,1096,704,175.98,176.0,176.0152,-2.53,0.42,0.64,mixed,-1.44,normal,0.71,700,mm,-15357.88,102.96,102.98,102.9859,-1.14,0.59,0.04,chop,-1.39,calm,-0.80,-196,mm,-982.21,28.05,28.06,28.0618,-4.00,0.76,0.50,mixed,-0.95,normal,-0.05,200,mm,-10142.93
189.284,89,427.4,-26506.45,-26506.45,3396,-1596,175.98,175.99,176.0139,-2.68,0.42,0.64,mixed,-1.44,normal,0.71,700,mm,-15371.88,102.97,102.99,102.9857,-1.12,0.59,0.04,chop,-1.39,calm,-0.80,-2496,mm,-1011.77,28.05,28.06,28.0615,-3.94,0.76,0.50,mixed,-0.95,normal,-0.05,200,mm,-10142.93
189.357,89,427.4,-26506.45,-26506.45,5296,304,175.98,175.99,176.0132,-2.76,0.42,0.64,mixed,-1.44,normal,0.71,700,mm,-15371.88,102.97,102.98,102.9854,-1.14,0.59,0.04,chop,-1.39,calm,-0.80,-2496,mm,-1011.77,28.05,28.06,28.0613,-3.91,0.76,0.50,mixed,-0.95,normal,-0.05,2100,mm,-10140.84
189.463,89,427.4,-26506.45,-26506.45,5296,304,175.98,175.99,176.0122,-2.84,0.42,0.82,mixed,-1.50,normal,0.71,700,mm,-15371.88,102.97,102.98,102.9851,-1.16,0.59,0.00,chop,-1.13,calm,-0.80,-2496,mm,-1011.77,28.05,28.06,28.0611,-3.86,0.76,1.00,mixed,-0.91,normal,-0.05,2100,mm,-10140.84
189.505,89,427.4,-26506.45,-26506.45,5296,304,175.98,175.99,176.0119,-2.88,0.42,0.82,mixed,-1.50,normal,0.71,700,mm,-15371.88,102.97,102.98,102.9849,-1.17,0.59,0.00,chop,-1.13,calm,-0.80,-2496,mm,-1011.77,28.05,28.06,28.0610,-3.84,0.76,1.00,mixed,-0.91,normal,-0.05,2100,mm,-10140.84
189.635,90,421.7,-26526.58,-26526.58,5696,704,175.98,175.99,176.0107,-2.96,0.42,0.82,mixed,-1.50,normal,0.58,700,mm,-15371.88,102.97,102.98,102.9845,-1.19,0.59,0.00,chop,-1.13,calm,-1.27,-2496,mm,-1011.77,28.05,28.06,28.0608,-3.78,0.76,1.00,mixed,-0.91,normal,-0.03,2500,mm,-10140.40
189.713,90,421.7,-26526.58,-26526.58,5696,704,175.98,175.99,176.0101,-3.00,0.39,0.82,mixed,-1.50,normal,0.58,700,mm,-15371.88,102.97,102.98,102.9843,-1.20,0.59,0.00,chop,-1.13,calm,-1.27,-2496,mm,-1011.77,28.05,28.06,28.0606,-3.75,0.70,1.00,mixed,-0.91,normal,-0.03,2500,mm,-10140.40
189.884,90,421.7,-26526.58,-26526.58,5696,704,175.98,175.99,176.0087,-3.08,0.39,1.00,mixed,-1.47,normal,0.58,700,mm,-15371.88,102.97,102.98,102.9838,-1.22,0.59,0.04,chop,-1.11,calm,-1.27,-2496,mm,-1011.77,28.05,28.06,28.0603,-3.67,0.70,1.00,mixed,-0.90,normal,-0.03,2500,mm,-10140.40
190.175,90,423.0,-26526.58,-26526.58,6896,1904,175.97,175.98,176.0056,-3.37,0.39,1.00,mixed,-1.64,normal,0.58,1900,mm,-15369.12,102.97,102.98,102.9829,-1.24,0.59,0.04,chop,-1.09,calm,-1.27,-2496,mm,-1011.77,28.05,28.06,28.0598,-3.55,0.70,1.00,mixed,-0.88,normal,-0.03,2500,mm,-10140.40
190.274,90,423.0,-26526.58,-26526.58,6896,1904,175.97,175.98,176.0046,-3.44,0.41,1.00,mixed,-1.64,normal,0.58,1900,mm,-15369.12,102.97,102.98,102.9827,-1.24,0.55,0.04,chop,-1.09,calm,-1.27,-2496,mm,-1011.77,28.05,28.06,28.0597,-3.50,0.65,1.00,mixed,-0.88,normal,-0.03,2500,mm,-10140.40
190.466,90,423.0,-26526.58,-26526.58,6896,1904,175.97,175.98,176.0028,-3.55,0.41,1.00,mixed,-1.61,normal,0.58,1900,mm,-15369.12,102.97,102.98,102.9822,-1.24,0.55,0.18,chop,-1.07,calm,-1.27,-2496,mm,-1011.77,28.05,28.06,28.0594,-3.42,0.65,1.00,mixed,-0.86,normal,-0.03,2500,mm,-10140.40
190.551,90,423.0,-26526.58,-26526.58,6896,1904,175.96,175.97,176.0017,-3.65,0.41,1.00,mixed,-1.61,normal,0.58,1900,mm,-15369.12,102.97,102.98,102.9820,-1.23,0.55,0.18,chop,-1.07,calm,-1.27,-2496,mm,-986.81,28.05,28.06,28.0593,-3.39,0.65,1.00,mixed,-0.86,normal,-0.03,2500,mm,-10140.40
190.645,90,423.0,-26526.58,-26526.58,9096,1304,175.96,175.97,176.0006,-3.76,0.41,1.00,mixed,-1.61,normal,0.58,1900,mm,-15369.12,102.97,102.98,102.9818,-1.23,0.55,0.18,chop,-1.07,calm,-1.27,-3896,mm,-989.61,28.04,28.06,28.0590,-3.39,0.65,1.00,mixed,-0.86,normal,-0.03,3300,mm,-10172.52
190.851,90,424.6,-26526.58,-26526.58,9096,1304,175.96,175.97,175.9982,-3.94,0.42,1.00,mixed,-1.78,normal,0.58,1900,mm,-15369.12,102.97,102.98,102.9814,-1.22,0.50,0.10,chop,-1.06,calm,-1.27,-3896,mm,-989.61,28.04,28.06,28.0584,-3.38,0.61,1.00,mixed,-0.89,normal,-0.03,3300,mm,-10172.52
190.945,90,424.6,-26526.58,-26526.58,6196,4204,175.95,175.97,175.9971,-4.04,0.42,1.00,mixed,-1.78,normal,0.58,1900,mm,-15369.12,102.97,102.99,102.9813,-1.18,0.50,0.10,chop,-1.06,calm,-1.27,-996,mm,-976.37,28.04,28.05,28.0580,-3.41,0.61,1.00,mixed,-0.89,normal,-0.03,3300,mm,-10172.52
191.277,90,424.6,-26526.58,-26526.58,7396,5404,175.94,175.95,175.9916,-4.65,0.42,1.00,mixed,-2.16,normal,0.58,1900,mm,-15445.12,102.98,102.99,102.9817,-0.92,0.50,0.00,chop,-0.59,calm,-1.27,-996,mm,-976.37,28.04,28.05,28.0566,-3.46,0.61,1.00,mixed,-0.91,normal,-0.03,4500,mm,-10171.20
191.325,91,419.0,-26592.69,-26592.69,7396,5404,175.94,175.95,175.9909,-4.72,0.42,1.00,mixed,-2.16,normal,0.42,1900,mm,-15445.12,102.98,102.99,102.9817,-0.89,0.50,0.00,chop,-0.59,calm,-1.13,-996,mm,-976.37,28.04,28.05,28.0564,-3.46,0.61,1.00,mixed,-0.91,normal,-0.08,4500,mm,-10171.20
191.534,91,419.0,-26592.69,-26592.69,7096,5104,175.94,175.95,175.9878,-4.96,0.51,1.00,mixed,-2.09,normal,0.42,1600,mm,-15470.57,102.98,102.99,102.9820,-0.77,0.55,0.00,chop,-0.58,calm,-1.13,-996,mm,-976.37,28.04,28.05,28.0557,-3.46,0.58,1.00,mixed,-0.90,normal,-0.08,4500,mm,-10171.20
191.706,91,419.0,-26592.69,-26592.69,7096,5104,175.94,175.95,175.9854,-5.09,0.51,1.00,mixed,-2.09,normal,0.42,1600,mm,-15470.57,102.98,103.05,102.9838,-0.28,0.55,0.00,chop,-0.58,calm,-1.13,-996,mm,-976.37,28.03,28.05,28.0548,-3.52,0.58,1.00,mixed,-0.90,normal,-0.08,4500,mm,-10171.20
191.864,91,420.2,-26592.69,-26592.69,8296,3904,175.93,175.95,175.9831,-5.25,0.51,1.00,mixed,-2.14,normal,0.42,1600,mm,-15470.57,102.99,103.01,102.9846,-0.09,0.55,0.12,chop,0.11,calm,-1.13,-2196,mm,-1022.69,28.03,28.04,28.0538,-3.61,0.58,1.00,mixed,-0.98,normal,-0.08,4500,mm,-10216.20
192.268,91,420.2,-26592.69,-26592.69,8296,3904,175.93,175.95,175.9777,-5.47,0.47,1.00,mixed,-2.10,normal,0.42,1600,mm,-15470.57,102.99,103.01,102.9866,0.26,0.63,0.04,chop,0.13,calm,-1.13,-2196,mm,-1022.69,28.03,28.04,28.0514,-3.75,0.59,1.00,mixed,-0.96,normal,-0.08,4500,mm,-10216.20
192.512,91,420.2,-26592.69,-26592.69,6704,6704,175.91,175.92,175.9728,-5.99,0.47,1.00,mixed,-2.10,normal,0.42,1600,mm,-15470.57,103.0,103.01,102.9880,0.50,0.63,0.04,chop,0.13,calm,-1.13,604,mm,-1012.37,28.02,28.03,28.0494,-3.96,0.59,1.00,mixed,-0.96,normal,-0.08,4500,mm,-10261.20
192.610,91,421.9,-26592.69,-26592.69,6704,6704,175.91,175.92,175.9710,-6.15,0.47,1.00,TREND,-2.54,normal,0.42,1600,mm,-15470.57,103.0,103.01,102.9885,0.57,0.63,0.13,chop,0.41,calm,-1.13,604,mm,-1012.37,28.02,28.03,28.0486,-4.02,0.59,1.00,mixed,-1.04,normal,-0.08,4500,mm,-10261.20
192.818,91,421.9,-26592.69,-26592.69,6804,6804,175.9,175.92,175.9669,-6.49,0.64,1.00,TREND,-2.54,normal,0.42,1600,mm,-15518.57,103.0,103.01,102.9896,0.71,0.60,0.13,chop,0.41,calm,-1.13,604,mm,-1006.33,28.02,28.03,28.0470,-4.12,0.59,1.00,mixed,-1.04,normal,-0.08,4600,mm,-10261.09
193.061,91,421.9,-26592.69,-26592.69,6804,6804,175.89,175.91,175.9617,-6.95,0.64,1.00,TREND,-2.80,stressed,0.42,1600,mm,-15518.57,102.99,103.0,102.9900,0.64,0.60,0.00,chop,-0.01,calm,-1.13,604,mm,-1006.33,28.01,28.03,28.0449,-4.28,0.59,1.00,mixed,-1.06,normal,-0.08,4600,mm,-10261.09
193.438,92,417.2,-26874.35,-26874.35,5204,5204,175.89,175.9,175.9538,-7.50,0.63,1.00,TREND,-2.80,stressed,0.17,0,mm,-15554.89,102.99,103.0,102.9906,0.56,0.65,0.04,chop,0.02,calm,-0.83,604,mm,-1012.37,28.01,28.02,28.0414,-4.53,0.58,1.00,mixed,-1.10,normal,-0.22,4600,mm,-10307.09
193.509,92,417.2,-26874.35,-26874.35,5204,5204,175.89,175.9,175.9525,-7.57,0.63,1.00,TREND,-2.80,stressed,0.17,0,mm,-15554.89,102.99,103.0,102.9907,0.55,0.65,0.04,chop,0.02,calm,-0.83,604,mm,-1012.37,28.01,28.02,28.0408,-4.56,0.58,1.00,mixed,-1.10,normal,-0.22,4600,mm,-10307.09
193.603,92,417.2,-26874.35,-26874.35,5204,5204,175.89,175.9,175.9507,-7.64,0.63,1.00,TREND,-2.80,stressed,0.17,0,mm,-15554.89,102.99,103.0,102.9909,0.54,0.65,0.04,chop,0.02,calm,-0.83,604,mm,-1012.37,28.01,28.02,28.0400,-4.59,0.58,1.00,mixed,-1.10,normal,-0.22,4600,mm,-10307.09
193.666,92,417.2,-26874.35,-26874.35,5204,5204,175.89,175.9,175.9495,-7.68,0.63,1.00,TREND,-2.80,stressed,0.17,0,mm,-15554.89,102.99,103.0,102.9910,0.53,0.65,0.04,chop,0.02,calm,-0.83,604,mm,-1012.37,28.0,28.01,28.0393,-4.66,0.58,1.00,mixed,-1.10,normal,-0.22,4600,mm,-10307.09
193.781,92,417.2,-26874.35,-26874.35,5204,5204,175.89,175.9,175.9475,-7.74,0.63,1.00,TREND,-2.71,stressed,0.17,0,mm,-15554.89,102.99,103.0,102.9911,0.51,0.65,0.00,chop,0.07,calm,-0.83,604,mm,-1012.37,28.0,28.01,28.0380,-4.77,0.58,1.00,mixed,-1.18,normal,-0.22,4600,mm,-10307.09
193.837,92,418.1,-26874.35,-26874.35,5204,5204,175.89,175.9,175.9465,-7.76,0.63,1.00,TREND,-2.71,stressed,0.17,0,mm,-15554.89,102.99,103.0,102.9912,0.50,0.65,0.00,chop,0.07,calm,-0.83,604,mm,-1012.37,28.0,28.01,28.0374,-4.81,0.58,1.00,mixed,-1.18,normal,-0.22,4600,mm,-10307.09
193.852,92,418.1,-26874.35,-26874.35,5204,5204,175.89,175.9,175.9463,-7.77,0.63,1.00,TREND,-2.71,stressed,0.17,0,mm,-15554.89,102.99,103.0,102.9912,0.50,0.65,0.00,chop,0.07,calm,-0.83,604,mm,-1012.37,28.0,28.01,28.0372,-4.83,0.58,1.00,mixed,-1.18,normal,-0.22,4600,mm,-10307.09
193.933,92,418.1,-26874.35,-26874.35,4896,4304,175.89,175.9,175.9449,-7.79,0.63,1.00,TREND,-2.71,stressed,0.17,0,mm,-15554.89,102.97,103.0,102.9910,0.42,0.65,0.00,chop,0.07,calm,-0.83,-296,mm,-1008.13,28.0,28.01,28.0363,-4.88,0.58,1.00,mixed,-1.18,normal,-0.22,4600,mm,-10353.09
194.010,92,418.1,-26874.35,-26874.35,4896,4304,175.89,175.9,175.9436,-7.80,0.65,1.00,TREND,-2.71,stressed,0.17,0,mm,-15554.89,102.97,103.0,102.9909,0.35,0.68,0.00,chop,0.07,calm,-0.83,-296,mm,-1008.13,28.0,28.01,28.0355,-4.93,0.57,1.00,mixed,-1.18,normal,-0.22,4600,mm,-10353.09
194.320,92,418.1,-26874.35,-26874.35,4896,4304,175.89,175.9,175.9389,-7.80,0.65,1.00,TREND,-2.64,stressed,0.17,0,mm,-15554.89,102.95,103.0,102.9893,-0.10,0.68,0.13,chop,-1.17,calm,-0.83,-296,mm,-1008.13,27.99,28.01,28.0321,-5.16,0.57,1.00,mixed,-1.22,normal,-0.22,4600,mm,-10353.09
194.792,92,420.3,-26874.35,-26874.35,7704,7704,175.88,175.9,175.9318,-7.81,0.62,1.00,TREND,-2.71,stressed,0.17,0,mm,-15554.89,102.98,103.0,102.9894,-0.07,0.66,0.00,chop,-0.14,calm,-0.83,2204,mm,-1007.21,27.98,28.0,28.0260,-5.60,0.61,1.00,mixed,-1.33,normal,-0.22,5500,mm,-10398.10
194.844,92,420.3,-26874.35,-26874.35,7704,7704,175.88,175.9,175.9311,-7.79,0.62,1.00,TREND,-2.71,stressed,0.17,0,mm,-15554.89,102.98,103.0,102.9894,-0.07,0.66,0.00,chop,-0.14,calm,-0.83,2204,mm,-1007.21,27.98,28.0,28.0254,-5.63,0.61,1.00,mixed,-1.33,normal,-0.22,5500,mm,-10398.10
194.905,92,420.3,-26874.35,-26874.35,7704,7704,175.88,175.9,175.9303,-7.78,0.62,1.00,TREND,-2.71,stressed,0.17,0,mm,-15554.89,102.98,103.0,102.9894,-0.06,0.66,0.00,chop,-0.14,calm,-0.83,2204,mm,-1007.21,27.98,28.0,28.0247,-5.66,0.61,1.00,mixed,-1.33,normal,-0.22,5500,mm,-10398.10
195.095,92,420.3,-26874.35,-26874.35,10204,10204,175.88,175.89,175.9275,-7.79,0.62,1.00,TREND,-2.74,stressed,0.17,0,mm,-15554.89,102.98,102.99,102.9892,-0.13,0.66,0.04,chop,-0.51,calm,-0.83,4704,mm,-962.21,27.98,27.99,28.0222,-5.80,0.61,1.00,mixed,-1.37,normal,-0.22,5500,mm,-10453.10
195.656,93,415.7,-26959.69,-26959.69,4204,4204,175.86,175.89,175.9186,-8.01,0.62,1.00,TREND,-2.86,stressed,-1.96,0,mm,-15554.89,102.98,102.99,102.9885,-0.26,0.64,0.17,chop,-0.50,calm,-0.67,3404,mm,-951.81,27.98,27.99,28.0159,-5.95,0.56,1.00,mixed,-1.37,normal,-0.41,800,mm,-10460.27
195.691,93,415.7,-26959.69,-26959.69,4204,4204,175.86,175.89,175.9181,-8.01,0.62,1.00,TREND,-2.86,stressed,-1.96,0,mm,-15554.89,102.98,102.99,102.9884,-0.26,0.64,0.17,chop,-0.50,calm,-0.67,3404,mm,-951.81,27.98,27.99,28.0155,-5.95,0.56,1.00,mixed,-1.37,normal,-0.41,800,mm,-10460.27
195.742,93,415.7,-26959.69,-26959.69,4204,4204,175.86,175.89,175.9173,-8.01,0.62,1.00,TREND,-2.86,stressed,-1.96,0,mm,-15554.89,102.98,102.99,102.9884,-0.27,0.64,0.17,chop,-0.50,calm,-0.67,3404,mm,-951.81,27.98,27.99,28.0150,-5.94,0.56,1.00,mixed,-1.37,normal,-0.41,800,mm,-10460.27
196.059,93,415.7,-26959.69,-26959.69,4204,4204,175.86,175.87,175.9121,-8.19,0.62,1.00,TREND,-2.90,stressed,-1.96,0,mm,-15554.89,102.98,102.99,102.9880,-0.30,0.64,0.17,chop,-0.50,calm,-0.67,3404,mm,-951.81,27.98,27.99,28.0120,-5.89,0.56,1.00,mixed,-1.35,normal,-0.41,800,mm,-10460.27
196.338,93,417.2,-26959.69,-26959.69,4204,4204,175.86,175.87,175.9079,-8.22,0.57,1.00,TREND,-2.78,stressed,-1.96,0,mm,-15554.89,102.98,103.0,102.9882,-0.22,0.62,0.04,chop,-0.05,calm,-0.67,3404,mm,-951.81,27.98,27.99,28.0096,-5.81,0.55,1.00,mixed,-1.34,normal,-0.41,800,mm,-10460.27
196.460,93,417.2,-26959.69,-26959.69,1104,1104,175.84,175.87,175.9058,-8.31,0.57,1.00,TREND,-2.78,stressed,-1.96,0,mm,-15554.89,102.98,102.99,102.9881,-0.24,0.62,0.04,chop,-0.05,calm,-0.67,304,mm,-913.43,27.98,27.99,28.0086,-5.77,0.55,1.00,mixed,-1.34,normal,-0.41,800,mm,-10460.27
196.832,93,417.2,-26959.69,-26959.69,1504,1504,175.85,175.86,175.8999,-8.44,0.57,1.00,TREND,-2.82,stressed,-1.96,0,mm,-15554.89,102.97,102.99,102.9871,-0.41,0.62,0.08,chop,-0.95,calm,-0.67,1504,mm,-933.91,27.98,27.99,28.0059,-5.61,0.55,1.00,mixed,-1.32,normal,-0.41,0,mm,-10461.47
197.409,94,413.1,-26935.23,-26935.23,1196,-1196,175.81,175.85,175.8877,-9.26,0.75,1.00,TREND,-3.09,stressed,-2.56,0,mm,-15554.89,102.98,103.01,102.9885,-0.01,0.60,0.08,chop,0.41,calm,-0.13,-1196,mm,-930.97,27.98,27.99,28.0023,-5.31,0.55,1.00,mixed,-1.31,normal,-0.61,0,mm,-10461.47
197.442,94,413.1,-26935.23,-26935.23,1196,-1196,175.81,175.85,175.8871,-9.29,0.75,1.00,TREND,-3.09,stressed,-2.56,0,mm,-15554.89,102.98,103.01,102.9886,0.01,0.60,0.08,chop,0.41,calm,-0.13,-1196,mm,-930.97,27.98,27.99,28.0021,-5.30,0.55,1.00,mixed,-1.31,normal,-0.61,0,mm,-10461.47
197.480,94,413.1,-26935.23,-26935.23,1196,-1196,175.81,175.85,175.8863,-9.31,0.75,1.00,TREND,-3.09,stressed,-2.56,0,mm,-15554.89,102.98,103.01,102.9887,0.02,0.60,0.08,chop,0.41,calm,-0.13,-1196,mm,-930.97,27.98,27.99,28.0018,-5.28,0.55,1.00,mixed,-1.31,normal,-0.61,0,mm,-10461.47
197.696,94,413.1,-26935.23,-26935.23,1196,-1196,175.81,175.82,175.8814,-9.65,0.75,1.00,TREND,-3.14,stressed,-2.56,0,mm,-15554.89,102.99,103.0,102.9891,0.11,0.60,0.08,chop,0.42,calm,-0.13,-1196,mm,-930.97,27.98,27.99,28.0007,-5.16,0.55,1.00,mixed,-1.28,normal,-0.61,0,mm,-10461.47
197.896,94,413.1,-26935.23,-26935.23,1196,-1196,175.81,175.82,175.8771,-9.85,0.75,1.00,TREND,-3.14,stressed,-2.56,0,mm,-15554.89,102.99,103.0,102.9895,0.18,0.60,0.08,chop,0.42,calm,-0.13,-1196,mm,-930.97,27.98,27.99,27.9997,-5.05,0.55,1.00,mixed,-1.28,normal,-0.61,0,mm,-10461.47
197.921,94,414.2,-26935.23,-26935.23,1196,-1196,175.81,175.82,175.8766,-9.87,0.70,1.00,TREND,-3.14,stressed,-2.56,0,mm,-15554.89,102.99,103.02,102.9896,0.21,0.63,0.08,chop,0.42,calm,-0.13,-1196,mm,-930.97,27.98,27.99,27.9996,-5.04,0.54,1.00,mixed,-1.28,normal,-0.61,0,mm,-10461.47
197.977,94,414.2,-26935.23,-26935.23,1196,-1196,175.81,175.82,175.8755,-9.91,0.70,1.00,TREND,-2.97,stressed,-2.56,0,mm,-15554.89,102.99,103.02,102.9899,0.27,0.63,0.14,chop,1.31,calm,-0.13,-1196,mm,-930.97,27.98,27.99,27.9993,-5.00,0.54,1.00,mixed,-1.26,normal,-0.61,0,mm,-10461.47
198.206,94,414.2,-26935.23,-26935.23,1196,-1196,175.81,175.82,175.8710,-10.00,0.70,1.00,TREND,-2.97,stressed,-2.56,0,mm,-15554.89,103.0,103.01,102.9910,0.48,0.63,0.14,chop,1.31,calm,-0.13,-1196,mm,-930.97,27.98,27.99,27.9982,-4.88,0.54,1.00,mixed,-1.26,normal,-0.61,0,mm,-10461.47
198.232,94,414.2,-26935.23,-26935.23,1196,-1196,175.81,175.82,175.8706,-10.01,0.70,1.00,TREND,-2.81,stressed,-2.56,0,mm,-15554.89,103.0,103.01,102.9911,0.50,0.63,0.23,chop,1.47,calm,-0.13,-1196,mm,-930.97,27.98,27.99,27.9981,-4.86,0.54,1.00,mixed,-1.23,normal,-0.61,0,mm,-10461.47
198.461,94,414.2,-26935.23,-26935.23,1196,-1196,175.81,175.82,175.8665,-10.02,0.74,1.00,TREND,-2.81,stressed,-2.56,0,mm,-15554.89,103.01,103.02,102.9929,0.83,0.64,0.23,chop,1.47,calm,-0.13,-1196,mm,-930.97,27.98,27.99,27.9972,-4.74,0.52,1.00,mixed,-1.23,normal,-0.61,0,mm,-10461.47
198.743,94,416.1,-26935.23,-26935.23,1196,-1196,175.81,175.82,175.8619,-9.95,0.74,1.00,TREND,-2.66,stressed,-2.56,0,mm,-15554.89,103.01,103.02,102.9949,1.13,0.64,0.29,mixed,2.55,calm,-0.13,-1196,mm,-930.97,27.98,27.99,27.9961,-4.59,0.52,1.00,mixed,-1.21,normal,-0.61,0,mm,-10461.47
199.166,94,417.0,-26935.23,-26935.23,1196,-1196,175.81,175.82,175.8557,-9.73,0.76,1.00,TREND,-2.53,stressed,-2.56,0,mm,-15554.89,103.02,103.04,102.9995,1.86,0.69,0.40,mixed,3.85,normal,-0.13,-1196,mm,-930.97,27.98,27.99,27.9946,-4.36,0.50,1.00,mixed,-1.17,normal,-0.61,0,mm,-10461.47
199.327,94,417.0,-26935.23,-26935.23,3096,-3096,175.81,175.82,175.8536,-9.62,0.76,1.00,TREND,-2.53,stressed,-2.56,0,mm,-15554.89,103.03,103.04,103.0013,2.12,0.69,0.40,mixed,3.85,normal,-0.13,-3096,mm,-989.65,27.98,27.99,27.9941,-4.28,0.50,1.00,mixed,-1.17,normal,-0.61,0,mm,-10461.47
199.546,94,417.0,-26935.23,-26935.23,3096,-3096,175.81,175.82,175.8509,-9.46,0.76,1.00,TREND,-2.41,stressed,-2.56,0,mm,-15554.89,103.03,103.04,103.0036,2.38,0.69,0.40,mixed,4.02,normal,-0.13,-3096,mm,-989.65,27.98,27.99,27.9935,-4.17,0.50,1.00,mixed,-1.15,normal,-0.61,0,mm,-10461.47
199.651,95,411.6,-27006.01,-27006.01,896,-896,175.81,175.82,175.8497,-9.37,0.76,1.00,TREND,-2.41,stressed,-3.06,0,mm,-15554.89,103.03,103.04,103.0047,2.49,0.69,0.40,mixed,4.02,normal,0.35,-396,mm,-968.05,27.98,27.99,27.9932,-4.11,0.50,1.00,mixed,-1.15,normal,-0.77,-500,mm,-10460.92
199.845,95,411.6,-27006.01,-27006.01,896,-896,175.81,175.82,175.8475,-9.21,0.77,1.00,TREND,-2.31,stressed,-3.06,0,mm,-15554.89,103.03,103.04,103.0066,2.64,0.63,0.40,mixed,3.68,normal,0.35,-396,mm,-968.05,27.98,27.99,27.9927,-4.02,0.49,1.00,mixed,-1.12,normal,-0.77,-500,mm,-10460.92
199.880,95,411.6,-27006.01,-27006.01,896,-896,175.81,175.82,175.8471,-9.18,0.77,1.00,TREND,-2.31,stressed,-3.06,0,mm,-15554.89,103.03,103.04,103.0070,2.66,0.63,0.40,mixed,3.68,normal,0.35,-396,mm,-968.05,27.98,27.99,27.9926,-4.00,0.49,1.00,mixed,-1.12,normal,-0.77,-500,mm,-10455.92
199.925,95,411.6,-27006.01,-27006.01,896,-896,175.81,175.82,175.8467,-9.14,0.77,1.00,TREND,-2.31,stressed,-3.06,0,mm,-15554.89,103.03,103.04,103.0074,2.69,0.63,0.40,mixed,3.68,normal,0.35,-396,mm,-968.05,27.98,27.99,27.9925,-3.98,0.49,1.00,mixed,-1.12,normal,-0.77,-500,mm,-10455.92
200.150,95,412.7,-27006.01,-27006.01,896,-896,175.81,175.82,175.8444,-8.94,0.77,1.00,TREND,-2.23,stressed,-3.06,0,mm,-15554.89,103.03,103.04,103.0094,2.80,0.63,0.40,mixed,3.41,normal,0.35,-396,mm,-968.05,27.98,27.99,27.9919,-3.87,0.49,1.00,mixed,-1.11,normal,-0.77,-500,mm,-10455.92
200.180,95,412.7,-27006.01,-27006.01,896,-896,175.81,175.82,175.8441,-8.91,0.77,1.00,TREND,-2.23,stressed,-3.06,0,mm,-15554.89,103.03,103.04,103.0096,2.81,0.63,0.40,mixed,3.41,normal,0.35,-396,mm,-968.05,27.98,27.99,27.9919,-3.86,0.49,1.00,mixed,-1.11,normal,-0.77,-500,mm,-10455.92
200.242,95,412.7,-27006.01,-27006.01,896,-896,175.81,175.82,175.8435,-8.85,0.77,1.00,TREND,-2.23,stressed,-3.06,0,mm,-15554.89,103.03,103.04,103.0101,2.83,0.63,0.40,mixed,3.41,normal,0.35,-396,mm,-968.05,27.98,27.99,27.9917,-3.83,0.49,1.00,mixed,-1.11,normal,-0.77,-500,mm,-10455.92
200.444,95,412.7,-27006.01,-27006.01,3096,-3096,175.81,175.82,175.8417,-8.67,0.77,1.00,TREND,-2.15,stressed,-3.06,0,mm,-15554.89,103.03,103.06,103.0124,3.04,0.63,0.44,mixed,3.79,normal,0.35,-2596,mm,-1024.37,27.98,27.99,27.9913,-3.74,0.47,1.00,mixed,-1.09,normal,-0.77,-500,mm,-10455.92
200.489,95,412.7,-27006.01,-27006.01,3096,-3096,175.81,175.82,175.8413,-8.63,0.77,1.00,TREND,-2.15,stressed,-3.06,0,mm,-15554.89,103.03,103.06,103.0129,3.08,0.63,0.44,mixed,3.79,normal,0.35,-2596,mm,-1024.37,27.98,27.99,27.9912,-3.71,0.47,1.00,mixed,-1.09,normal,-0.77,-500,mm,-10455.92
200.543,95,412.7,-27006.01,-27006.01,3096,-3096,175.81,175.82,175.8408,-8.58,0.77,1.00,TREND,-2.15,stressed,-3.06,0,mm,-15554.89,103.03,103.06,103.0134,3.12,0.63,0.44,mixed,3.79,normal,0.35,-2596,mm,-1024.37,27.98,27.99,27.9911,-3.69,0.47,1.00,mixed,-1.09,normal,-0.77,-500,mm,-10455.92
200.646,95,412.7,-27006.01,-27006.01,3096,-3096,175.81,175.82,175.8399,-8.48,0.77,1.00,TREND,-2.15,stressed,-3.06,0,mm,-15554.89,103.05,103.06,103.0148,3.28,0.63,0.44,mixed,3.79,normal,0.35,-2596,mm,-1024.37,27.98,27.99,27.9909,-3.64,0.47,1.00,mixed,-1.09,normal,-0.77,-500,mm,-10455.92
201.058,95,414.7,-27006.01,-27006.01,3096,-3096,175.8,175.82,175.8361,-8.25,0.72,1.00,TREND,-2.12,stressed,-3.06,0,mm,-15554.89,103.03,103.05,103.0181,3.28,0.65,0.35,mixed,3.17,normal,0.35,-2596,mm,-1024.37,27.98,27.99,27.9901,-3.46,0.45,1.00,mixed,-1.05,normal,-0.77,-500,mm,-10455.92
201.458,96,409.2,-27008.20,-27008.20,1004,4,175.8,175.81,175.8322,-8.11,0.72,1.00,TREND,-2.10,stressed,-3.60,0,mm,-15554.89,103.04,103.05,103.0214,3.37,0.65,0.37,mixed,3.23,normal,0.41,504,mm,-997.79,27.98,27.99,27.9895,-3.30,0.45,1.00,mixed,-1.02,normal,-0.81,-500,mm,-10455.92
201.577,96,409.2,-27008.20,-27008.20,1004,4,175.8,175.81,175.8312,-8.05,0.67,1.00,TREND,-2.10,stressed,-3.60,0,mm,-15554.89,103.04,103.05,103.0223,3.38,0.60,0.37,mixed,3.23,normal,0.41,504,mm,-997.79,27.98,27.99,27.9893,-3.25,0.42,1.00,mixed,-1.02,normal,-0.81,-500,mm,-10455.92
201.721,96,409.2,-27008.20,-27008.20,1396,-1396,175.8,175.81,175.8299,-7.97,0.67,1.00,TREND,-2.03,stressed,-3.60,0,mm,-15554.89,103.04,103.05,103.0234,3.38,0.60,0.31,mixed,3.04,normal,0.41,-896,mm,-1013.47,27.98,27.99,27.9891,-3.19,0.42,1.00,mixed,-1.01,normal,-0.81,-500,mm,-10455.92
201.786,96,409.2,-27008.20,-27008.20,1396,-1396,175.8,175.81,175.8294,-7.93,0.67,1.00,TREND,-2.03,stressed,-3.60,0,mm,-15554.89,103.04,103.05,103.0239,3.38,0.60,0.31,mixed,3.04,normal,0.41,-896,mm,-1013.47,27.98,27.99,27.9890,-3.16,0.42,1.00,mixed,-1.01,normal,-0.81,-500,mm,-10455.92
201.804,96,409.2,-27008.20,-27008.20,1396,-1396,175.8,175.81,175.8293,-7.92,0.67,1.00,TREND,-2.03,stressed,-3.60,0,mm,-15554.89,103.04,103.05,103.0240,3.38,0.60,0.31,mixed,3.04,normal,0.41,-896,mm,-1013.47,27.98,27.99,27.9890,-3.16,0.42,1.00,mixed,-1.01,normal,-0.81,-500,mm,-10455.92
201.953,96,409.2,-27008.20,-27008.20,1396,-1396,175.8,175.82,175.8283,-7.76,0.67,1.00,TREND,-2.03,stressed,-3.60,0,mm,-15554.89,103.04,103.05,103.0250,3.37,0.60,0.31,mixed,3.04,normal,0.41,-896,mm,-995.55,27.98,27.99,27.9888,-3.10,0.42,1.00,mixed,-1.01,normal,-0.81,-500,mm,-10455.92
202.292,96,411.0,-27008.20,-27008.20,3504,104,175.8,175.82,175.8264,-7.43,0.71,0.93,TREND,-1.91,stressed,-3.60,-1200,mm,-15552.13,103.02,103.05,103.0261,3.07,0.66,0.23,chop,2.34,normal,0.41,1804,mm,-1028.07,27.98,27.99,27.9884,-2.97,0.40,1.00,mixed,-0.99,normal,-0.81,-500,mm,-10455.92
202.533,96,411.0,-27008.20,-27008.20,3504,104,175.81,175.82,175.8255,-7.11,0.71,0.93,TREND,-1.91,stressed,-3.60,-1200,mm,-15552.13,103.03,103.04,103.0267,2.90,0.66,0.23,chop,2.34,normal,0.41,1804,mm,-1028.07,27.98,27.99,27.9881,-2.88,0.40,1.00,mixed,-0.99,normal,-0.81,-500,mm,-10455.92
202.578,96,411.6,-27008.20,-27008.20,3504,104,175.81,175.82,175.8254,-7.06,0.71,0.83,TREND,-1.79,stressed,-3.60,-1200,mm,-15552.13,103.03,103.04,103.0269,2.87,0.66,0.20,chop,2.25,calm,0.41,1804,mm,-1028.07,27.98,27.99,27.9881,-2.87,0.40,1.00,mixed,-0.97,normal,-0.81,-500,mm,-10455.92
202.670,96,411.6,-27008.20,-27008.20,3096,-3096,175.81,175.82,175.8250,-6.94,0.71,0.83,TREND,-1.79,stressed,-3.60,-1200,mm,-15552.13,103.04,103.05,103.0274,2.88,0.66,0.20,chop,2.25,calm,0.41,-996,mm,-1007.55,27.98,27.99,27.9880,-2.83,0.40,1.00,mixed,-0.97,normal,-0.81,-900,mm,-10460.48
203.313,96,411.6,-27008.20,-27008.20,3096,-3096,175.81,175.82,175.8231,-6.27,0.74,0.80,TREND,-1.71,stressed,-3.60,-1200,mm,-15552.13,103.04,103.05,103.0308,2.90,0.66,0.33,mixed,2.66,calm,0.41,-996,mm,-1007.55,27.98,27.99,27.9874,-2.62,0.38,1.00,mixed,-0.92,normal,-0.81,-900,mm,-10460.48
203.419,97,407.1,-27021.36,-27021.36,5096,-5096,175.81,175.82,175.8228,-6.17,0.74,0.80,TREND,-1.71,stressed,-3.41,-1200,mm,-15552.13,103.06,103.07,103.0320,3.07,0.66,0.33,mixed,2.66,calm,0.13,-2996,mm,-1071.47,27.98,28.0,27.9875,-2.54,0.38,1.00,mixed,-0.92,normal,-0.82,-900,mm,-10460.48
203.520,97,407.1,-27021.36,-27021.36,5096,-5096,175.81,175.82,175.8226,-6.07,0.74,0.80,TREND,-1.71,stressed,-3.41,-1200,mm,-15552.13,103.06,103.07,103.0331,3.20,0.66,0.33,mixed,2.66,calm,0.13,-2996,mm,-1071.47,27.98,28.0,27.9876,-2.47,0.38,1.00,mixed,-0.92,normal,-0.82,-900,mm,-10460.48
203.565,97,407.1,-27021.36,-27021.36,5096,-5096,175.81,175.82,175.8225,-6.03,0.74,0.80,TREND,-1.66,stressed,-3.41,-1200,mm,-15552.13,103.06,103.07,103.0335,3.26,0.66,0.41,mixed,3.42,normal,0.13,-2996,mm,-1071.47,27.98,28.0,27.9876,-2.44,0.38,0.60,mixed,-0.85,normal,-0.82,-900,mm,-10460.48
203.619,97,407.1,-27021.36,-27021.36,5096,-5096,175.81,175.82,175.8223,-5.99,0.74,0.80,TREND,-1.66,stressed,-3.41,-1200,mm,-15552.13,103.06,103.07,103.0341,3.32,0.66,0.41,mixed,3.42,normal,0.13,-2996,mm,-1071.47,27.98,28.0,27.9877,-2.41,0.38,0.60,mixed,-0.85,normal,-0.82,-900,mm,-10460.48
203.800,97,407.1,-27021.36,-27021.36,3696,-3696,175.81,175.83,175.8222,-5.76,0.74,0.80,TREND,-1.66,stressed,-3.41,-2400,mm,-15561.37,103.06,103.07,103.0359,3.49,0.66,0.41,mixed,3.42,normal,0.13,-396,mm,-998.67,27.99,28.0,27.9881,-2.23,0.38,0.60,mixed,-0.85,normal,-0.82,-900,mm,-10460.48
204.033,97,408.4,-27021.36,-27021.36,3696,-3696,175.82,175.84,175.8228,-5.32,0.85,0.57,mixed,-1.45,stressed,-3.41,-2400,mm,-15561.37,102.95,103.0,103.0314,2.03,1.25,0.00,chop,-1.02,normal,0.13,-396,mm,-998.67,27.99,28.01,27.9890,-1.95,0.49,0.00,chop,-0.72,normal,-0.82,-900,mm,-10460.48
204.384,97,408.4,-27021.36,-27021.36,6104,-1896,175.83,175.85,175.8247,-4.53,0.85,0.42,mixed,-1.30,normal,-3.41,-3100,mm,-15614.76,102.96,102.99,103.0252,0.42,1.25,0.07,chop,-1.00,calm,0.13,2104,mm,-1051.61,27.99,28.01,27.9902,-1.62,0.49,0.50,mixed,-0.71,normal,-0.82,-900,mm,-10469.48
204.846,97,410.1,-27021.36,-27021.36,6204,-1996,175.87,175.88,175.8318,-2.69,1.19,0.07,chop,-0.87,normal,-3.41,-3200,mm,-15678.53,102.97,102.98,103.0180,-0.93,1.17,0.05,chop,-0.98,calm,0.13,2104,mm,-1051.61,27.99,28.01,27.9916,-1.31,0.45,1.00,mixed,-0.71,normal,-0.82,-900,mm,-10469.48
205.354,97,410.1,-27021.36,-27021.36,6304,-2096,175.89,175.9,175.8416,-0.78,1.24,0.12,chop,-0.63,normal,-3.41,-3300,mm,-15775.80,102.96,102.98,103.0106,-1.94,1.06,0.07,chop,-1.21,calm,0.13,2104,mm,-1051.61,28.0,28.01,27.9937,-0.92,0.45,1.00,mixed,-0.64,normal,-0.82,-900,mm,-10469.48
206.096,98,406.5,-27296.89,-27296.89,7404,-3396,175.92,175.93,175.8598,1.96,1.35,0.33,mixed,-0.25,normal,-1.38,-3900,mm,-15813.42,102.96,102.98,103.0017,-2.60,0.99,0.09,chop,-1.18,calm,-0.54,2004,mm,-1025.81,28.01,28.02,27.9983,-0.16,0.49,1.00,mixed,-0.53,normal,-0.81,-1500,mm,-10477.82
206.329,98,406.5,-27296.89,-27296.89,4450,-4450,175.96,176.01,175.8692,3.51,1.35,0.33,mixed,-0.25,normal,-1.38,-2154,mm,-16069.03,102.95,102.97,102.9986,-2.86,0.99,0.09,chop,-1.18,calm,-0.54,-796,mm,-1011.37,28.01,28.02,27.9996,-0.02,0.49,1.00,mixed,-0.53,normal,-0.81,-1500,mm,-10477.82
206.486,98,406.5,-27296.89,-27296.89,4450,-4450,175.96,176.01,175.8750,4.32,1.35,0.57,TREND,0.43,normal,-1.38,-2154,mm,-16069.03,102.95,102.97,102.9967,-3.00,0.99,0.09,chop,-1.62,calm,-0.54,-796,mm,-1011.37,28.01,28.02,28.0004,0.05,0.49,1.00,mixed,-0.53,normal,-0.81,-1500,mm,-10477.82
206.636,98,407.6,-27296.89,-27296.89,4458,-2850,175.99,176.0,175.8809,5.09,1.79,0.57,TREND,0.43,normal,-1.38,-2154,mm,-16112.11,102.95,102.96,102.9946,-3.16,0.99,0.09,chop,-1.62,calm,-0.54,804,mm,-1014.65,28.01,28.02,28.0011,0.11,0.45,1.00,mixed,-0.53,normal,-0.81,-1500,mm,-10477.82
206.839,98,407.6,-27296.89,-27296.89,4458,-2850,175.99,176.01,175.8887,6.01,1.79,0.59,TREND,0.60,stressed,-1.38,-2154,mm,-16112.11,102.95,102.96,102.9920,-3.33,0.99,0.11,chop,-1.80,calm,-0.54,804,mm,-1014.65,28.01,28.02,28.0020,0.18,0.45,1.00,mixed,-0.52,normal,-0.81,-1500,mm,-10477.82
207.034,98,407.6,-27296.89,-27296.89,4458,-2850,176.0,176.03,175.8965,6.91,1.79,0.59,TREND,0.60,stressed,-1.38,-2154,mm,-16112.11,102.95,102.96,102.9897,-3.44,0.99,0.11,chop,-1.80,calm,-0.54,804,mm,-1014.65,28.01,28.02,28.0028,0.23,0.45,1.00,mixed,-0.52,normal,-0.81,-1500,mm,-10477.82
207.127,98,408.6,-27296.89,-27296.89,4458,-2850,176.0,176.03,175.9001,7.27,1.79,0.79,TREND,0.77,stressed,-1.38,-2154,mm,-16112.11,102.95,102.96,102.9887,-3.48,0.99,0.19,chop,-1.75,calm,-0.54,804,mm,-1014.65,28.01,28.02,28.0032,0.25,0.45,1.00,mixed,-0.51,normal,-0.81,-1500,mm,-10477.82
207.166,98,408.6,-27296.89,-27296.89,4458,-2850,176.0,176.03,175.9016,7.41,1.67,0.79,TREND,0.77,stressed,-1.38,-2154,mm,-16112.11,102.95,102.96,102.9882,-3.49,0.94,0.19,chop,-1.75,calm,-0.54,804,mm,-1014.65,28.01,28.02,28.0033,0.26,0.42,1.00,mixed,-0.51,normal,-0.81,-1500,mm,-10477.82
207.462,98,408.6,-27296.89,-27296.89,2296,-2296,176.02,176.06,175.9146,8.77,1.67,0.81,TREND,1.05,stressed,-1.38,0,mm,-16193.82,102.95,102.96,102.9851,-3.57,0.94,0.19,chop,-1.70,calm,-0.54,-696,mm,-1009.61,28.01,28.02,28.0044,0.30,0.42,1.00,mixed,-0.49,normal,-0.81,-1600,mm,-10476.71
207.616,99,403.4,-27680.14,-27680.14,2296,-2296,176.05,176.08,175.9221,9.61,1.67,0.81,TREND,1.05,stressed,-0.02,0,mm,-16193.82,102.95,102.96,102.9836,-3.58,0.94,0.19,chop,-1.70,calm,-0.66,-696,mm,-1009.61,28.01,28.02,28.0049,0.32,0.42,1.00,mixed,-0.49,normal,-0.80,-1600,mm,-10476.71
207.638,99,403.4,-27680.14,-27680.14,2296,-2296,176.05,176.08,175.9231,9.71,1.67,0.81,TREND,1.05,stressed,-0.02,0,mm,-16193.82,102.95,102.96,102.9834,-3.58,0.94,0.19,chop,-1.70,calm,-0.66,-696,mm,-1009.61,28.01,28.02,28.0050,0.32,0.42,1.00,mixed,-0.49,normal,-0.80,-1600,mm,-10476.71
207.671,99,403.4,-27680.14,-27680.14,2296,-2296,176.05,176.08,175.9246,9.85,1.84,0.81,TREND,1.05,stressed,-0.02,0,mm,-16193.82,102.95,102.96,102.9831,-3.58,0.88,0.19,chop,-1.70,calm,-0.66,-696,mm,-1009.61,28.01,28.02,28.0051,0.33,0.39,1.00,mixed,-0.49,normal,-0.80,-1600,mm,-10476.71
207.687,99,403.4,-27680.14,-27680.14,2296,-2296,176.05,176.08,175.9255,9.93,1.84,0.81,TREND,1.05,stressed,-0.02,0,mm,-16193.82,102.95,102.96,102.9830,-3.59,0.88,0.19,chop,-1.70,calm,-0.66,-696,mm,-1009.61,28.01,28.02,28.0052,0.33,0.39,1.00,mixed,-0.49,normal,-0.80,-1600,mm,-10476.71
207.912,99,403.4,-27680.14,-27680.14,2296,-2296,176.08,176.1,175.9373,11.21,1.84,0.93,TREND,1.61,stressed,-0.02,0,mm,-16193.82,102.95,102.96,102.9809,-3.58,0.88,0.25,chop,-1.65,calm,-0.66,-696,mm,-1009.61,28.01,28.02,28.0059,0.35,0.39,1.00,mixed,-0.47,normal,-0.80,-1600,mm,-10476.71
208.074,99,403.4,-27680.14,-27680.14,2396,-2396,176.09,176.1,175.9456,11.96,1.84,0.93,TREND,1.61,stressed,-0.02,0,mm,-16193.82,103.02,103.05,102.9838,-2.53,0.88,0.25,chop,-1.65,calm,-0.66,-796,mm,-1081.45,28.01,28.02,28.0064,0.35,0.39,1.00,mixed,-0.47,normal,-0.80,-1600,mm,-10476.71
208.324,99,404.9,-27680.14,-27680.14,1600,-1600,176.09,176.1,175.9575,12.83,1.77,0.93,TREND,1.64,stressed,-0.02,0,mm,-16193.82,103.04,103.05,102.9886,-1.04,1.64,0.11,chop,2.17,calm,-0.66,0,mm,-1080.34,28.01,28.02,28.0070,0.36,0.36,1.00,mixed,-0.45,normal,-0.80,-1600,mm,-10476.71
208.495,99,404.9,-27680.14,-27680.14,1600,-1600,176.09,176.1,175.9651,13.25,1.77,0.93,TREND,1.64,stressed,-0.02,0,mm,-16193.82,103.04,103.05,102.9918,-0.23,1.64,0.11,chop,2.17,calm,-0.66,0,mm,-1080.34,28.01,28.02,28.0075,0.37,0.36,1.00,mixed,-0.45,normal,-0.80,-1600,mm,-10476.71
208.749,99,404.9,-27680.14,-27680.14,1600,-1600,176.09,176.13,175.9767,13.95,1.77,0.94,TREND,1.77,stressed,-0.02,0,mm,-16193.82,103.04,103.07,102.9969,0.91,1.64,0.14,chop,2.45,calm,-0.66,0,mm,-1080.34,28.01,28.02,28.0081,0.37,0.36,1.00,mixed,-0.42,normal,-0.80,-1600,mm,-10476.71
208.952,99,406.2,-27680.14,-27680.14,1600,-1600,176.12,176.13,175.9864,14.55,1.70,0.94,TREND,1.77,stressed,-0.02,0,mm,-16193.82,103.05,103.06,103.0007,1.62,1.51,0.14,chop,2.45,calm,-0.66,0,mm,-1080.34,28.01,28.02,28.0085,0.37,0.33,1.00,mixed,-0.42,normal,-0.80,-1600,mm,-10476.71
209.136,99,406.2,-27680.14,-27680.14,2400,-2400,176.12,176.14,175.9949,15.00,1.70,0.94,TREND,1.94,stressed,-0.02,0,mm,-16193.82,103.05,103.07,103.0042,2.20,1.51,0.11,chop,2.52,calm,-0.66,0,mm,-1080.34,28.01,28.03,28.0092,0.44,0.33,1.00,mixed,-0.25,normal,-0.80,-2400,mm,-10491.83
209.166,99,406.2,-27680.14,-27680.14,2400,-2400,176.12,176.14,175.9963,15.06,1.70,0.94,TREND,1.94,stressed,-0.02,0,mm,-16193.82,103.05,103.07,103.0047,2.28,1.51,0.11,chop,2.52,calm,-0.66,0,mm,-1080.34,28.01,28.03,28.0093,0.45,0.33,1.00,mixed,-0.25,normal,-0.80,-2400,mm,-10491.83
209.317,99,406.2,-27680.14,-27680.14,2400,-2400,176.12,176.14,176.0028,15.31,1.70,0.94,TREND,1.94,stressed,-0.02,0,mm,-16193.82,103.05,103.07,103.0074,2.65,1.51,0.11,chop,2.52,calm,-0.66,0,mm,-1080.34,28.01,28.03,28.0099,0.49,0.33,1.00,mixed,-0.25,normal,-0.80,-2400,mm,-10491.83
209.453,99,406.2,-27680.14,-27680.14,2700,-2100,176.13,176.16,176.0090,15.62,1.53,0.94,TREND,2.04,stressed,-0.02,0,mm,-16193.82,103.02,103.05,103.0086,2.66,1.60,0.00,chop,1.50,calm,-0.66,300,mm,-1089.94,28.01,28.02,28.0101,0.47,0.30,0.75,mixed,-0.39,normal,-0.80,-2400,mm,-10467.83
209.735,100,401.7,-27751.59,-27751.59,2700,-2100,176.15,176.16,176.0220,16.26,1.53,0.94,TREND,2.09,stressed,0.45,0,mm,-16193.82,103.04,103.05,103.0119,2.86,1.60,0.03,chop,1.81,calm,0.30,300,mm,-1089.94,28.01,28.03,28.0110,0.54,0.30,0.78,mixed,-0.21,normal,-0.25,-2400,mm,-10467.83
209.948,100,401.7,-27751.59,-27751.59,2400,-2400,176.15,176.16,176.0312,16.53,1.53,0.94,TREND,2.09,stressed,0.45,0,mm,-16193.82,103.04,103.06,103.0145,3.04,1.60,0.03,chop,1.81,calm,0.30,0,mm,-1083.52,28.01,28.02,28.0112,0.49,0.30,0.78,mixed,-0.21,normal,-0.25,-2400,mm,-10467.83
210.086,100,401.7,-27751.59,-27751.59,2700,-2700,176.15,176.16,176.0368,16.63,1.46,0.94,TREND,2.03,stressed,0.45,0,dir,-16193.82,103.05,103.06,103.0163,3.18,1.59,0.06,chop,2.10,calm,0.30,-300,mm,-1087.12,28.01,28.02,28.0114,0.46,0.28,0.60,mixed,-0.34,normal,-0.25,-2400,mm,-10491.83
210.287,100,401.7,-27751.59,-27751.59,2700,-2700,176.15,176.16,176.0444,16.68,1.46,0.94,TREND,2.03,stressed,0.45,0,dir,-16193.82,103.05,103.06,103.0188,3.34,1.59,0.06,chop,2.10,calm,0.30,-300,mm,-1087.12,28.01,28.02,28.0116,0.43,0.28,0.60,mixed,-0.34,normal,-0.25,-2400,mm,-10491.83
210.499,100,403.2,-27751.59,-27751.59,3000,-2400,176.15,176.16,176.0519,16.64,1.46,0.97,TREND,1.97,stressed,0.45,300,dir,-16197.63,103.04,103.05,103.0206,3.29,1.59,0.02,chop,1.68,calm,0.30,-300,mm,-1087.12,28.01,28.02,28.0119,0.40,0.28,0.60,mixed,-0.33,normal,-0.25,-2400,mm,-10467.83
211.002,100,403.2,-27751.59,-27751.59,5800,400,176.15,176.16,176.0678,16.29,1.49,0.97,TREND,1.92,stressed,0.45,3100,dir,-16233.19,103.04,103.06,103.0251,3.33,1.52,0.03,chop,1.80,calm,0.30,-300,mm,-1087.12,28.01,28.02,28.0123,0.34,0.26,0.60,mixed,-0.31,normal,-0.25,-2400,mm,-10467.83
211.179,100,404.6,-27751.59,-27751.59,6800,2000,176.15,176.18,176.0733,16.24,1.49,0.97,TREND,1.92,stressed,0.45,4200,dir,-16257.16,103.03,103.05,103.0260,3.17,1.52,0.03,chop,1.80,calm,0.30,200,mm,-1084.12,28.01,28.02,28.0125,0.33,0.26,0.60,mixed,-0.31,normal,-0.25,-2400,mm,-10467.83
211.365,100,404.6,-27751.59,-27751.59,6800,2000,176.17,176.18,176.0794,16.28,1.49,1.00,TREND,2.05,stressed,0.45,4200,dir,-16173.16,103.03,103.05,103.0268,3.03,1.52,0.02,chop,1.40,calm,0.30,200,mm,-1084.12,28.01,28.02,28.0127,0.31,0.26,0.60,mixed,-0.29,normal,-0.25,-2400,mm,-10467.83
211.820,100,404.6,-27751.59,-27751.59,6800,2000,176.17,176.18,176.0928,16.12,1.37,1.00,TREND,1.99,stressed,0.45,4200,dir,-16173.16,102.99,103.04,103.0252,1.96,1.72,0.06,chop,0.50,calm,0.30,200,mm,-1084.12,28.01,28.02,28.0130,0.28,0.24,0.60,mixed,-0.26,normal,-0.25,-2400,mm,-10467.83
212.065,101,400.3,-27725.11,-27725.11,6800,2000,176.17,176.19,176.0996,16.00,1.37,1.00,TREND,1.99,stressed,0.58,4200,dir,-16173.16,103.01,103.02,103.0244,1.56,1.72,0.06,chop,0.50,calm,0.13,200,mm,-1090.12,28.01,28.02,28.0131,0.27,0.24,0.60,mixed,-0.26,normal,-0.26,-2400,mm,-10467.83
212.374,101,400.3,-27725.11,-27725.11,9300,1900,176.18,176.19,176.1080,15.87,1.29,1.00,TREND,2.02,stressed,0.58,5600,dir,-16148.94,103.04,103.06,103.0269,1.97,1.86,0.04,chop,1.66,calm,0.13,-1300,mm,-1124.12,28.01,28.02,28.0133,0.25,0.22,0.60,mixed,-0.23,normal,-0.26,-2400,mm,-10467.83
212.438,101,400.3,-27725.11,-27725.11,9300,1900,176.18,176.19,176.1096,15.82,1.29,1.00,TREND,2.02,stressed,0.58,5600,dir,-16148.94,103.04,103.06,103.0273,2.03,1.86,0.04,chop,1.66,calm,0.13,-1300,mm,-1124.12,28.01,28.02,28.0134,0.25,0.22,0.60,mixed,-0.23,normal,-0.26,-2400,mm,-10467.83
212.531,101,401.2,-27725.11,-27725.11,9300,1900,176.18,176.19,176.1119,15.75,1.29,1.00,TREND,2.02,stressed,0.58,5600,dir,-16148.94,103.04,103.06,103.0280,2.12,1.86,0.04,chop,1.66,calm,0.13,-1300,mm,-1124.12,28.01,28.02,28.0134,0.25,0.22,0.60,mixed,-0.23,normal,-0.26,-2400,mm,-10467.83
212.702,101,401.2,-27725.11,-27725.11,9300,1900,176.18,176.19,176.1159,15.60,1.29,1.00,TREND,1.96,stressed,0.58,5600,dir,-16148.94,103.04,103.05,103.0290,2.18,1.86,0.00,chop,1.45,calm,0.13,-1300,mm,-1111.12,28.01,28.02,28.0135,0.24,0.22,0.60,mixed,-0.21,normal,-0.26,-2400,mm,-10467.83
212.809,101,401.2,-27725.11,-27725.11,9300,1900,176.18,176.19,176.1183,15.48,1.29,1.00,TREND,1.96,stressed,0.58,5600,dir,-16148.94,103.04,103.05,103.0295,2.21,1.86,0.00,chop,1.45,calm,0.13,-1300,mm,-1111.12,28.01,28.02,28.0135,0.24,0.22,0.60,mixed,-0.21,normal,-0.26,-2400,mm,-10467.83
212.914,101,401.2,-27725.11,-27725.11,8342,2858,176.18,176.19,176.1206,15.37,1.31,1.00,TREND,1.96,stressed,0.58,5600,dir,-16148.94,103.05,103.09,103.0309,2.45,1.82,0.00,chop,1.45,calm,0.13,-1300,mm,-1111.12,28.01,28.02,28.0136,0.23,0.20,0.60,mixed,-0.21,normal,-0.26,-1442,mm,-10447.61
213.031,101,402.2,-27725.11,-27725.11,8342,2858,176.18,176.19,176.1230,15.23,1.31,1.00,TREND,1.90,stressed,0.58,5600,dir,-16148.94,103.05,103.09,103.0324,2.68,1.82,0.06,chop,2.19,calm,0.13,-1300,mm,-1111.12,28.01,28.02,28.0136,0.23,0.20,0.60,mixed,-0.19,normal,-0.26,-1442,mm,-10447.61
213.432,101,402.2,-27725.11,-27725.11,8000,3200,176.18,176.19,176.1307,14.71,1.31,1.00,TREND,1.85,stressed,0.58,5600,dir,-16148.94,103.06,103.07,103.0365,3.11,1.73,0.00,chop,1.95,calm,0.13,-1300,mm,-1111.12,28.0,28.01,28.0126,-0.07,0.27,0.27,mixed,-0.51,normal,-0.26,-1100,mm,-10440.40
213.546,102,397.2,-27734.51,-27734.51,9600,7400,176.18,176.19,176.1328,14.55,1.31,1.00,TREND,1.85,stressed,0.67,7100,dir,-16167.99,103.06,103.07,103.0375,3.19,1.73,0.00,chop,1.95,calm,0.41,1400,mm,-1130.52,28.0,28.01,28.0123,-0.13,0.27,0.27,mixed,-0.51,normal,-0.35,-1100,mm,-10429.40
213.714,102,397.2,-27734.51,-27734.51,9300,7700,176.19,176.2,176.1362,14.45,1.31,1.00,TREND,1.88,stressed,0.67,7100,dir,-16167.99,103.06,103.07,103.0390,3.29,1.73,0.31,mixed,1.88,calm,0.41,1400,mm,-1130.52,28.0,28.01,28.0119,-0.21,0.27,0.11,chop,-0.49,normal,-0.35,-800,mm,-10426.07
213.744,102,397.2,-27734.51,-27734.51,9300,7700,176.19,176.2,176.1368,14.42,1.31,1.00,TREND,1.88,stressed,0.67,7100,dir,-16167.99,103.06,103.07,103.0393,3.30,1.73,0.31,mixed,1.88,calm,0.41,1400,mm,-1130.52,28.0,28.01,28.0118,-0.22,0.27,0.11,chop,-0.49,normal,-0.35,-800,mm,-10426.07
213.779,102,397.2,-27734.51,-27734.51,9300,7700,176.19,176.2,176.1374,14.40,1.31,1.00,TREND,1.88,stressed,0.67,7100,dir,-16167.99,103.06,103.07,103.0396,3.31,1.73,0.31,mixed,1.88,calm,0.41,1400,mm,-1130.52,28.0,28.01,28.0117,-0.23,0.27,0.11,chop,-0.49,normal,-0.35,-800,mm,-10426.07
213.919,102,397.2,-27734.51,-27734.51,9300,7700,176.19,176.2,176.1400,14.28,1.31,1.00,TREND,1.88,stressed,0.67,7100,dir,-16167.99,103.05,103.07,103.0405,3.31,1.73,0.31,mixed,1.88,calm,0.41,1400,mm,-1130.52,28.0,28.01,28.0114,-0.28,0.27,0.11,chop,-0.49,normal,-0.35,-800,mm,-10426.07
213.939,102,397.2,-27734.51,-27734.51,9300,7700,176.19,176.2,176.1404,14.26,1.21,1.00,TREND,1.88,stressed,0.67,7100,dir,-16167.99,103.05,103.07,103.0406,3.30,1.64,0.31,mixed,1.88,calm,0.41,1400,mm,-1130.52,28.0,28.01,28.0114,-0.29,0.25,0.11,chop,-0.49,normal,-0.35,-800,mm,-10426.07
213.982,102,397.2,-27734.51,-27734.51,9300,7700,176.19,176.2,176.1412,14.22,1.21,1.00,TREND,1.83,stressed,0.67,7100,dir,-16167.99,103.05,103.07,103.0409,3.30,1.64,0.29,mixed,1.67,normal,0.41,1400,mm,-1130.52,28.0,28.01,28.0113,-0.30,0.25,0.11,chop,-0.47,calm,-0.35,-800,mm,-10426.07
214.034,102,397.2,-27734.51,-27734.51,9300,7700,176.19,176.2,176.1421,14.17,1.21,1.00,TREND,1.83,stressed,0.67,7100,dir,-16167.99,103.05,103.07,103.0412,3.30,1.64,0.29,mixed,1.67,normal,0.41,1400,mm,-1130.52,28.0,28.01,28.0112,-0.32,0.25,0.11,chop,-0.47,calm,-0.35,-800,mm,-10426.07
214.306,102,398.5,-27734.51,-27734.51,9300,7700,176.2,176.21,176.1475,14.09,1.21,1.00,TREND,1.85,stressed,0.67,7100,dir,-16167.99,103.05,103.06,103.0424,3.15,1.64,0.27,mixed,1.47,normal,0.41,1400,mm,-1130.52,28.0,28.01,28.0107,-0.38,0.25,0.11,chop,-0.46,calm,-0.35,-800,mm,-10426.07
214.374,102,398.5,-27734.51,-27734.51,9300,7700,176.2,176.22,176.1489,14.08,1.21,1.00,TREND,1.85,stressed,0.67,7100,dir,-16167.99,103.05,103.06,103.0427,3.12,1.64,0.27,mixed,1.47,normal,0.41,1400,mm,-1130.52,28.0,28.01,28.0105,-0.40,0.25,0.11,chop,-0.46,calm,-0.35,-800,mm,-10426.07
214.500,102,398.5,-27734.51,-27734.51,9300,7700,176.2,176.22,176.1514,14.05,1.11,1.00,TREND,1.85,stressed,0.67,7100,dir,-16167.99,103.05,103.06,103.0432,3.06,1.55,0.27,mixed,1.47,normal,0.41,1400,mm,-1130.52,28.0,28.01,28.0103,-0.42,0.23,0.11,chop,-0.46,calm,-0.35,-800,mm,-10426.07
214.678,102,398.5,-27734.51,-27734.51,9300,7700,176.21,176.22,176.1551,14.04,1.11,1.00,TREND,1.87,stressed,0.67,7100,dir,-16167.99,102.99,103.0,103.0404,2.13,1.55,0.06,chop,-0.36,normal,0.41,1400,mm,-1130.52,28.0,28.01,28.0100,-0.44,0.23,0.11,chop,-0.44,calm,-0.35,-800,mm,-10426.07
214.868,102,399.8,-27734.51,-27734.51,9300,7700,176.21,176.22,176.1588,13.97,1.11,1.00,TREND,1.87,stressed,0.67,7100,dir,-16167.99,102.99,103.0,103.0377,1.31,1.55,0.06,chop,-0.36,normal,0.41,1400,mm,-1130.52,28.0,28.01,28.0097,-0.46,0.23,0.11,chop,-0.44,calm,-0.35,-800,mm,-10426.07
214.948,102,399.8,-27734.51,-27734.51,9300,7700,176.21,176.22,176.1602,13.93,1.11,1.00,TREND,1.82,stressed,0.67,7100,dir,-16167.99,102.99,103.0,103.0365,1.02,1.55,0.07,chop,-0.36,calm,0.41,1400,mm,-1130.52,28.0,28.01,28.0096,-0.47,0.23,0.00,chop,-0.42,calm,-0.35,-800,mm,-10426.07
215.023,102,399.8,-27734.51,-27734.51,9300,7700,176.21,176.22,176.1616,13.89,1.07,1.00,TREND,1.82,stressed,0.67,7100,dir,-16167.99,102.99,103.0,103.0355,0.76,1.96,0.07,chop,-0.36,calm,0.41,1400,mm,-1130.52,28.0,28.01,28.0095,-0.47,0.21,0.00,chop,-0.42,calm,-0.35,-800,mm,-10426.07
215.051,102,399.8,-27734.51,-27734.51,9300,7700,176.21,176.22,176.1621,13.87,1.07,1.00,TREND,1.82,stressed,0.67,7100,dir,-16167.99,102.99,103.0,103.0351,0.67,1.96,0.07,chop,-0.36,calm,0.41,1400,mm,-1130.52,28.0,28.01,28.0094,-0.47,0.21,0.00,chop,-0.42,calm,-0.35,-800,mm,-10426.07
215.063,102,399.8,-27734.51,-27734.51,9300,7700,176.21,176.22,176.1623,13.86,1.07,1.00,TREND,1.82,stressed,0.67,7100,dir,-16167.99,102.99,103.0,103.0350,0.64,1.96,0.07,chop,-0.36,calm,0.41,1400,mm,-1130.52,28.0,28.01,28.0094,-0.47,0.21,0.00,chop,-0.42,calm,-0.35,-800,mm,-10426.07
215.344,102,399.8,-27734.51,-27734.51,9500,7900,176.21,176.22,176.1670,13.64,1.07,1.00,TREND,1.77,stressed,0.67,7300,dir,-15957.53,102.99,103.01,103.0319,-0.01,1.96,0.08,chop,-0.21,calm,0.41,1400,mm,-1214.52,28.0,28.01,28.0090,-0.48,0.21,0.00,chop,-0.40,calm,-0.35,-800,mm,-10426.07
215.712,103,395.5,-27589.52,-27589.52,9400,5200,176.22,176.23,176.1737,13.53,0.98,1.00,TREND,1.79,stressed,0.89,7300,dir,-15957.53,102.97,103.01,103.0270,-0.87,1.77,0.05,chop,-0.52,calm,0.00,-1300,mm,-1205.92,28.0,28.01,28.0085,-0.49,0.20,0.33,mixed,-0.38,calm,-1.48,-800,mm,-10426.07
215.847,103,395.5,-27589.52,-27589.52,10800,3800,176.22,176.23,176.1759,13.45,0.98,1.00,TREND,1.79,stressed,0.89,7300,dir,-15957.53,103.0,103.01,103.0261,-0.93,1.77,0.05,chop,-0.52,calm,0.00,-2700,mm,-1205.96,28.0,28.01,28.0084,-0.49,0.20,0.33,mixed,-0.38,calm,-1.48,-800,mm,-10426.07
216.048,103,395.5,-27589.52,-27589.52,10800,3800,176.22,176.23,176.1791,13.30,0.98,1.00,TREND,1.74,stressed,0.89,7300,dir,-15957.53,103.0,103.01,103.0247,-1.01,1.77,0.09,chop,-0.06,calm,0.00,-2700,mm,-1205.96,28.0,28.01,28.0082,-0.49,0.20,0.33,mixed,-0.36,normal,-1.48,-800,mm,-10426.07
216.151,103,396.4,-27589.52,-27589.52,10800,3800,176.22,176.24,176.1808,13.25,0.98,1.00,TREND,1.74,stressed,0.89,7300,dir,-15957.53,103.03,103.04,103.0251,-0.79,1.77,0.09,chop,-0.06,calm,0.00,-2700,mm,-1205.96,28.0,28.01,28.0081,-0.48,0.20,0.33,mixed,-0.36,normal,-1.48,-800,mm,-10426.07
216.222,103,396.4,-27589.52,-27589.52,10800,3800,176.22,176.24,176.1820,13.21,0.95,1.00,TREND,1.74,stressed,0.89,7300,dir,-15957.53,103.03,103.04,103.0253,-0.65,2.04,0.09,chop,-0.06,calm,0.00,-2700,mm,-1205.96,28.0,28.01,28.0080,-0.48,0.18,0.33,mixed,-0.36,normal,-1.48,-800,mm,-10426.07
216.303,103,396.4,-27589.52,-27589.52,10800,3800,176.22,176.24,176.1832,13.16,0.95,1.00,TREND,1.72,stressed,0.89,7300,dir,-15957.53,103.03,103.04,103.0256,-0.50,2.04,0.19,chop,0.84,calm,0.00,-2700,mm,-1205.96,28.0,28.01,28.0079,-0.48,0.18,0.33,mixed,-0.34,normal,-1.48,-800,mm,-10426.07
216.406,103,396.4,-27589.52,-27589.52,10800,3800,176.22,176.24,176.1848,13.09,0.95,1.00,TREND,1.72,stressed,0.89,7300,dir,-15957.53,103.03,103.04,103.0259,-0.33,2.04,0.19,chop,0.84,calm,0.00,-2700,mm,-1205.96,28.0,28.01,28.0078,-0.48,0.18,0.33,mixed,-0.34,normal,-1.48,-800,mm,-10426.07
216.529,103,396.4,-27589.52,-27589.52,10800,3800,176.23,176.24,176.1868,13.04,0.95,1.00,TREND,1.72,stressed,0.89,7300,dir,-15957.53,103.03,103.04,103.0262,-0.15,2.04,0.19,chop,0.84,calm,0.00,-2700,mm,-1205.96,28.0,28.01,28.0077,-0.47,0.18,0.33,mixed,-0.34,normal,-1.48,-800,mm,-10426.07
216.546,103,396.4,-27589.52,-27589.52,10800,3800,176.23,176.24,176.1871,13.03,0.95,1.00,TREND,1.72,stressed,0.89,7300,dir,-15957.53,103.03,103.04,103.0263,-0.13,2.04,0.19,chop,0.84,calm,0.00,-2700,mm,-1205.96,28.0,28.01,28.0077,-0.47,0.18,0.33,mixed,-0.34,normal,-1.48,-800,mm,-10426.07
216.817,103,397.7,-27589.52,-27589.52,15769,8769,176.23,176.25,176.1916,12.97,0.87,1.00,TREND,1.73,stressed,0.89,12269,dir,-15918.71,103.02,103.05,103.0270,0.18,1.84,0.20,chop,0.81,calm,0.00,-2700,mm,-1367.96,27.99,28.01,28.0070,-0.56,0.20,0.43,mixed,-0.50,normal,-1.48,-800,mm,-10426.07
217.064,103,397.7,-27589.52,-27589.52,16469,8069,176.24,176.26,176.1962,13.02,0.87,1.00,TREND,1.73,stressed,0.89,12269,dir,-15918.71,103.03,103.04,103.0277,0.39,1.84,0.20,chop,0.81,calm,0.00,-3400,mm,-1437.36,27.99,28.0,28.0061,-0.72,0.20,0.43,mixed,-0.50,normal,-1.48,-800,mm,-10426.07
217.334,103,398.7,-27589.52,-27589.52,13069,11469,176.25,176.26,176.2013,13.08,0.81,1.00,TREND,1.78,stressed,0.89,12269,dir,-15673.33,102.95,103.04,103.0249,-0.26,2.03,0.09,chop,-0.40,calm,0.00,0,mm,-1330.60,27.99,28.0,28.0051,-0.84,0.22,0.50,mixed,-0.69,normal,-1.48,-800,mm,-10418.07
217.490,103,398.7,-27589.52,-27589.52,13069,11469,176.25,176.26,176.2040,13.05,0.81,1.00,TREND,1.78,stressed,0.89,12269,dir,-15673.33,102.97,103.03,103.0236,-0.49,2.03,0.09,chop,-0.40,calm,0.00,0,mm,-1330.60,27.98,27.99,28.0041,-1.02,0.22,0.50,mixed,-0.69,normal,-1.48,-800,mm,-10418.07
217.700,103,398.7,-27589.52,-27589.52,13069,11469,176.25,176.26,176.2074,12.97,0.81,1.00,TREND,1.72,stressed,0.89,12269,dir,-15673.33,102.97,103.03,103.0220,-0.73,2.03,0.10,chop,-0.25,calm,0.00,0,mm,-1330.60,27.98,27.99,28.0028,-1.20,0.22,0.60,mixed,-1.10,normal,-1.48,-800,mm,-10418.07
217.787,104,393.7,-27422.00,-27422.00,13069,11469,176.25,176.26,176.2088,12.92,0.81,1.00,TREND,1.72,stressed,1.02,12269,dir,-15673.33,102.99,103.02,103.0215,-0.78,2.03,0.10,chop,-0.25,calm,0.11,0,mm,-1330.60,27.97,27.99,28.0022,-1.30,0.22,0.60,mixed,-1.10,normal,-1.95,-800,mm,-10418.07
217.818,104,393.7,-27422.00,-27422.00,13069,11469,176.25,176.26,176.2092,12.90,0.81,1.00,TREND,1.72,stressed,1.02,12269,dir,-15673.33,102.99,103.02,103.0214,-0.80,2.03,0.10,chop,-0.25,calm,0.11,0,mm,-1330.60,27.97,27.99,28.0020,-1.34,0.22,0.60,mixed,-1.10,normal,-1.95,-800,mm,-10418.07
217.889,104,393.7,-27422.00,-27422.00,13069,11469,176.25,176.26,176.2103,12.85,0.84,1.00,TREND,1.72,stressed,1.02,12269,dir,-15673.33,102.99,103.02,103.0210,-0.84,1.94,0.10,chop,-0.25,calm,0.11,0,mm,-1330.60,27.97,27.99,28.0014,-1.41,0.32,0.60,mixed,-1.10,normal,-1.95,-800,mm,-10418.07
218.054,104,393.7,-27422.00,-27422.00,13069,11469,176.25,176.26,176.2127,12.72,0.84,1.00,TREND,1.66,stressed,1.02,12269,dir,-15673.33,103.0,103.01,103.0201,-0.91,1.94,0.11,chop,-0.12,calm,0.11,0,mm,-1330.60,27.97,27.98,28.0000,-1.62,0.32,0.67,mixed,-1.51,normal,-1.95,-800,mm,-10418.07
218.290,104,393.7,-27422.00,-27422.00,13069,11469,176.25,176.26,176.2159,12.51,0.84,1.00,TREND,1.66,stressed,1.02,12269,dir,-15673.33,103.0,103.01,103.0190,-0.98,1.94,0.11,chop,-0.12,calm,0.11,0,mm,-1330.60,27.97,27.98,27.9981,-1.85,0.32,0.67,mixed,-1.51,normal,-1.95,-800,mm,-10418.07
218.604,104,395.2,-27422.00,-27422.00,13069,11469,176.25,176.26,176.2197,12.19,0.85,1.00,TREND,1.61,stressed,1.02,12269,dir,-15673.33,103.0,103.04,103.0191,-0.70,1.90,0.10,chop,0.33,calm,0.11,0,mm,-1330.60,27.97,27.98,27.9959,-2.05,0.31,0.67,mixed,-1.48,normal,-1.95,-800,mm,-10418.07
218.684,104,395.2,-27422.00,-27422.00,13069,11469,176.25,176.26,176.2207,12.11,0.85,1.00,TREND,1.61,stressed,1.02,12269,dir,-15673.33,103.0,103.04,103.0191,-0.64,1.90,0.10,chop,0.33,calm,0.11,0,mm,-1330.60,27.97,27.98,27.9953,-2.09,0.31,0.67,mixed,-1.48,normal,-1.95,-800,mm,-10418.07
218.815,104,395.2,-27422.00,-27422.00,13069,11469,176.25,176.26,176.2221,11.96,0.85,1.00,TREND,1.61,stressed,1.02,12269,dir,-15673.33,103.03,103.04,103.0198,-0.39,1.90,0.10,chop,0.33,calm,0.11,0,mm,-1330.60,27.97,27.98,27.9944,-2.15,0.31,0.67,mixed,-1.48,normal,-1.95,-800,mm,-10418.07
218.928,104,395.8,-27422.00,-27422.00,13069,11469,176.25,176.26,176.2233,11.83,0.85,1.00,TREND,1.57,stressed,1.02,12269,dir,-15673.33,103.03,103.04,103.0203,-0.21,1.90,0.07,chop,0.76,calm,0.11,0,mm,-1330.60,27.97,27.98,27.9937,-2.18,0.31,0.82,mixed,-1.46,normal,-1.95,-800,mm,-10418.07
218.998,104,395.8,-27422.00,-27422.00,13069,11469,176.25,176.26,176.2241,11.75,0.85,1.00,TREND,1.57,stressed,1.02,12269,dir,-15673.33,103.03,103.05,103.0208,-0.07,1.90,0.07,chop,0.76,calm,0.11,0,mm,-1330.60,27.97,27.98,27.9933,-2.20,0.31,0.82,mixed,-1.46,normal,-1.95,-800,mm,-10418.07
219.027,104,395.8,-27422.00,-27422.00,13069,11469,176.25,176.26,176.2244,11.72,0.85,1.00,TREND,1.57,stressed,1.02,12269,dir,-15673.33,103.03,103.05,103.0210,-0.02,1.90,0.07,chop,0.76,calm,0.11,0,mm,-1330.60,27.97,27.98,27.9931,-2.21,0.31,0.82,mixed,-1.46,normal,-1.95,-800,mm,-10418.07
219.080,104,395.8,-27422.00,-27422.00,13069,11469,176.25,176.26,176.2249,11.66,0.85,1.00,TREND,1.57,stressed,1.02,12269,dir,-15673.33,103.03,103.05,103.0213,0.07,1.90,0.07,chop,0.76,calm,0.11,0,mm,-1330.60,27.97,27.98,27.9928,-2.22,0.31,0.82,mixed,-1.46,normal,-1.95,-800,mm,-10418.07
219.134,104,395.8,-27422.00,-27422.00,13069,11469,176.25,176.26,176.2254,11.59,0.85,1.00,TREND,1.57,stressed,1.02,12269,dir,-15673.33,103.03,103.05,103.0216,0.16,1.89,0.07,chop,0.76,calm,0.11,0,mm,-1330.60,27.97,27.98,27.9925,-2.23,0.31,0.82,mixed,-1.46,normal,-1.95,-800,mm,-10418.07
219.452,104,395.8,-27422.00,-27422.00,13069,11469,176.26,176.27,176.2294,11.45,0.85,1.00,TREND,1.57,stressed,1.02,12269,dir,-15550.64,103.03,103.05,103.0235,0.58,1.89,0.01,chop,0.88,calm,0.11,0,mm,-1330.60,27.97,27.98,27.9907,-2.26,0.31,0.80,mixed,-1.45,normal,-1.95,-800,mm,-10402.07
219.671,105,391.4,-27283.31,-27283.31,13269,11669,176.26,176.27,176.2319,11.30,0.78,1.00,TREND,1.57,stressed,1.06,12469,dir,-15677.87,103.07,103.1,103.0278,1.55,2.09,0.01,chop,0.88,calm,0.57,0,mm,-1330.60,27.96,27.97,27.9889,-2.44,0.34,0.80,mixed,-1.45,normal,-1.83,-800,mm,-10402.07
219.933,105,391.4,-27283.31,-27283.31,13269,11669,176.26,176.28,176.2351,11.18,0.78,1.00,TREND,1.55,stressed,1.06,12469,dir,-15677.87,103.07,103.08,103.0317,2.23,2.09,0.05,chop,1.88,calm,0.57,0,mm,-1330.60,27.96,27.97,27.9869,-2.58,0.34,1.00,mixed,-1.91,normal,-1.83,-800,mm,-10402.07
220.325,105,392.6,-27283.31,-27283.31,13269,11669,176.27,176.28,176.2399,11.06,0.71,1.00,TREND,1.52,stressed,1.06,12469,dir,-15677.87,103.07,103.08,103.0370,2.90,2.03,0.08,chop,1.81,calm,0.57,0,mm,-1330.60,27.96,27.97,27.9843,-2.69,0.34,1.00,mixed,-1.93,normal,-1.83,-800,mm,-10394.07
220.419,105,392.6,-27283.31,-27283.31,13269,11669,176.27,176.28,176.2410,11.01,0.71,1.00,TREND,1.52,stressed,1.06,12469,dir,-15677.87,103.07,103.08,103.0382,3.02,2.03,0.08,chop,1.81,calm,0.57,0,mm,-1330.60,27.96,27.97,27.9837,-2.70,0.34,1.00,mixed,-1.93,normal,-1.83,-800,mm,-10394.07
220.707,105,392.6,-27283.31,-27283.31,13269,11669,176.26,176.28,176.2437,10.71,0.71,0.92,TREND,1.45,stressed,1.06,12469,dir,-15677.87,103.07,103.08,103.0415,3.29,2.03,0.07,chop,1.75,calm,0.57,0,mm,-1330.60,27.96,27.97,27.9820,-2.72,0.34,1.00,mixed,-1.92,normal,-1.83,-800,mm,-10394.07
221.015,105,393.9,-27283.31,-27283.31,13269,11669,176.26,176.28,176.2462,10.37,0.76,0.92,TREND,1.41,stressed,1.06,12469,dir,-15677.87,103.08,103.1,103.0463,3.80,1.92,0.11,chop,2.10,calm,0.57,0,mm,-1330.60,27.96,27.97,27.9803,-2.71,0.33,1.00,mixed,-1.91,normal,-1.83,-800,mm,-10394.07
221.217,105,393.9,-27283.31,-27283.31,14469,12869,176.27,176.29,176.2484,10.31,0.76,0.92,TREND,1.41,stressed,1.06,12469,dir,-15677.87,103.1,103.11,103.0501,4.27,1.92,0.11,chop,2.10,calm,0.57,1200,mm,-1345.00,27.96,27.97,27.9793,-2.69,0.33,1.00,mixed,-1.91,normal,-1.83,-800,mm,-10394.07
221.405,106,388.9,-27139.56,-27139.56,14469,12869,176.27,176.29,176.2503,10.22,0.76,0.91,TREND,1.42,stressed,1.09,12469,dir,-15428.49,103.08,103.11,103.0528,4.45,1.92,0.24,chop,2.15,calm,0.57,1200,mm,-1309.00,27.96,27.98,27.9788,-2.59,0.33,0.82,mixed,-1.62,normal,-1.63,-800,mm,-10402.07
221.537,106,388.9,-27139.56,-27139.56,14469,12869,176.27,176.29,176.2516,10.14,0.71,0.91,TREND,1.42,stressed,1.09,12469,dir,-15428.49,103.08,103.11,103.0546,4.55,1.73,0.24,chop,2.15,calm,0.57,1200,mm,-1309.00,27.96,27.98,27.9784,-2.52,0.37,0.82,mixed,-1.62,normal,-1.63,-800,mm,-10402.07
221.666,106,388.9,-27139.56,-27139.56,15369,13769,176.27,176.29,176.2528,10.05,0.71,0.91,TREND,1.38,stressed,1.09,12469,dir,-15428.49,103.03,103.1,103.0551,4.31,1.73,0.14,chop,1.27,calm,0.57,2100,mm,-1406.80,27.97,27.99,27.9784,-2.35,0.37,0.54,mixed,-1.05,normal,-1.63,-800,mm,-10410.07
222.148,106,390.3,-27139.56,-27139.56,15469,13669,176.27,176.29,176.2568,9.67,0.71,0.90,TREND,1.34,stressed,1.09,12469,dir,-15428.49,103.09,103.11,103.0617,4.73,1.56,0.14,chop,2.15,calm,0.57,2100,mm,-1406.80,27.97,28.0,27.9794,-1.72,0.48,0.43,mixed,-0.74,normal,-1.63,-900,mm,-10418.96
222.202,106,390.3,-27139.56,-27139.56,15469,13669,176.27,176.29,176.2572,9.62,0.71,0.90,TREND,1.34,stressed,1.09,12469,dir,-15428.49,103.1,103.11,103.0625,4.78,1.56,0.14,chop,2.15,calm,0.57,2100,mm,-1406.80,27.99,28.0,27.9797,-1.61,0.48,0.43,mixed,-0.74,normal,-1.63,-900,mm,-10418.96
222.332,106,390.3,-27139.56,-27139.56,15469,13669,176.27,176.29,176.2582,9.51,0.71,0.90,TREND,1.34,stressed,1.09,12469,dir,-15428.49,103.1,103.11,103.0643,4.89,1.56,0.14,chop,2.15,calm,0.57,2100,mm,-1406.80,27.99,28.0,27.9803,-1.39,0.48,0.43,mixed,-0.74,normal,-1.63,-900,mm,-10418.96
222.468,106,390.9,-27139.56,-27139.56,15469,13669,176.27,176.29,176.2592,9.39,0.71,0.90,TREND,1.31,stressed,1.09,12469,dir,-15428.49,103.1,103.11,103.0661,4.97,1.56,0.16,chop,2.18,normal,0.57,2100,mm,-1259.80,27.99,28.02,27.9814,-1.08,0.48,0.11,chop,0.51,normal,-1.63,-900,mm,-10436.96
222.851,106,390.9,-27139.56,-27139.56,15469,13669,176.27,176.29,176.2617,9.03,0.70,0.90,TREND,1.27,stressed,1.09,12469,dir,-15428.49,103.1,103.11,103.0707,5.09,1.41,0.10,chop,2.08,normal,0.57,2100,mm,-1259.80,28.01,28.02,27.9854,-0.13,0.71,0.00,chop,1.15,calm,-1.63,-900,mm,-10436.96
223.324,107,386.7,-27143.25,-27143.25,15469,13669,176.27,176.29,176.2643,8.57,0.70,0.90,TREND,1.24,stressed,1.09,12469,dir,-15428.49,103.1,103.11,103.0757,5.08,1.41,0.12,chop,2.00,normal,0.62,2100,mm,-1259.80,28.02,28.04,27.9919,1.07,0.71,0.24,chop,2.06,calm,-0.40,-900,mm,-10454.96
223.529,107,386.7,-27143.25,-27143.25,16169,14369,176.27,176.29,176.2654,8.37,0.69,0.90,TREND,1.24,stressed,1.09,12469,dir,-15428.49,103.08,103.11,103.0770,4.88,1.41,0.12,chop,2.00,normal,0.62,2800,mm,-1310.20,28.03,28.06,27.9954,1.66,0.88,0.24,chop,2.06,calm,-0.40,-900,mm,-10454.96
223.662,107,386.7,-27143.25,-27143.25,16169,14369,176.27,176.29,176.2660,8.25,0.69,0.89,TREND,1.20,stressed,1.09,12469,dir,-15428.49,103.08,103.11,103.0778,4.76,1.41,0.09,chop,1.69,normal,0.62,2800,mm,-1310.20,28.03,28.06,27.9976,1.97,0.88,0.33,mixed,2.83,calm,-0.40,-900,mm,-10454.96
223.764,107,386.7,-27143.25,-27143.25,16269,14269,176.27,176.29,176.2665,8.15,0.69,0.89,TREND,1.20,stressed,1.09,12469,dir,-15428.49,103.08,103.09,103.0780,4.59,1.41,0.09,chop,1.69,normal,0.62,2800,mm,-1310.20,28.04,28.07,27.9995,2.26,0.88,0.33,mixed,2.83,calm,-0.40,-1000,mm,-10482.85
223.977,107,387.9,-27143.25,-27143.25,16269,14269,176.27,176.29,176.2674,7.95,0.69,0.89,TREND,1.17,stressed,1.09,12469,dir,-15428.49,103.06,103.09,103.0778,4.11,1.41,0.04,chop,1.16,normal,0.62,2800,mm,-1310.20,28.06,28.07,28.0040,2.92,0.88,0.43,mixed,3.61,normal,-0.40,-1000,mm,-10482.85
224.009,107,387.9,-27143.25,-27143.25,16269,14269,176.27,176.29,176.2675,7.92,0.69,0.89,TREND,1.17,stressed,1.09,12469,dir,-15428.49,103.06,103.09,103.0778,4.04,1.41,0.04,chop,1.16,normal,0.62,2800,mm,-1310.20,28.06,28.07,28.0046,3.01,0.88,0.43,mixed,3.61,normal,-0.40,-1000,mm,-10482.85
224.058,107,387.9,-27143.25,-27143.25,16269,14269,176.27,176.29,176.2677,7.87,0.67,0.89,TREND,1.17,stressed,1.09,12469,dir,-15428.49,103.06,103.09,103.0777,3.94,1.48,0.04,chop,1.16,normal,0.62,2800,mm,-1310.20,28.06,28.07,28.0056,3.13,0.92,0.43,mixed,3.61,normal,-0.40,-1000,mm,-10482.85
224.099,107,387.9,-27143.25,-27143.25,16269,14269,176.27,176.29,176.2679,7.84,0.67,0.89,TREND,1.17,stressed,1.09,12469,dir,-15428.49,103.06,103.09,103.0777,3.87,1.48,0.04,chop,1.16,normal,0.62,2800,mm,-1310.20,28.06,28.07,28.0064,3.23,0.92,0.43,mixed,3.61,normal,-0.40,-1000,mm,-10482.85
224.200,107,387.9,-27143.25,-27143.25,16269,14269,176.27,176.29,176.2683,7.74,0.67,0.89,TREND,1.17,stressed,1.09,12469,dir,-15428.49,103.06,103.09,103.0776,3.69,1.48,0.04,chop,1.16,normal,0.62,2800,mm,-1310.20,28.06,28.07,28.0083,3.45,0.92,0.43,mixed,3.61,normal,-0.40,-1000,mm,-10482.85
224.305,107,387.9,-27143.25,-27143.25,15269,15269,176.27,176.29,176.2687,7.65,0.67,0.88,TREND,1.15,stressed,1.09,12469,dir,-15428.49,103.05,103.06,103.0768,3.34,1.48,0.00,chop,0.66,normal,0.62,2800,mm,-1310.20,28.06,28.07,28.0103,3.65,0.92,0.43,mixed,3.32,normal,-0.40,0,mm,-10484.35
224.482,107,387.9,-27143.25,-27143.25,15269,15269,176.27,176.29,176.2693,7.49,0.67,0.88,TREND,1.15,stressed,1.09,12469,dir,-15428.49,103.05,103.09,103.0764,3.05,1.48,0.00,chop,0.66,normal,0.62,2800,mm,-1310.20,28.06,28.07,28.0134,3.93,0.92,0.43,mixed,3.32,normal,-0.40,0,mm,-10484.35
224.531,107,388.9,-27143.25,-27143.25,15269,15269,176.27,176.3,176.2696,7.46,0.67,0.88,TREND,1.15,stressed,1.09,12469,dir,-15428.49,103.05,103.09,103.0763,2.97,1.48,0.00,chop,0.66,normal,0.62,2800,mm,-1310.20,28.06,28.07,28.0142,3.99,0.92,0.43,mixed,3.32,normal,-0.40,0,mm,-10484.35
224.564,107,388.9,-27143.25,-27143.25,15269,15269,176.27,176.3,176.2698,7.45,0.60,0.87,mixed,1.15,stressed,1.09,12469,dir,-15428.49,103.05,103.09,103.0763,2.93,1.39,0.22,chop,1.01,normal,0.62,2800,mm,-1310.20,28.06,28.07,28.0148,4.04,0.89,0.43,mixed,3.07,normal,-0.40,0,mm,-10484.35
224.761,107,388.9,-27143.25,-27143.25,15269,15269,176.27,176.3,176.2707,7.34,0.60,0.87,mixed,1.15,stressed,1.09,12469,dir,-15428.49,103.05,103.09,103.0759,2.67,1.39,0.22,chop,1.01,normal,0.62,2800,mm,-1310.20,28.06,28.07,28.0180,4.24,0.89,0.43,mixed,3.07,normal,-0.40,0,mm,-10484.35
224.806,107,388.9,-27143.25,-27143.25,15269,15269,176.28,176.29,176.2709,7.32,0.60,0.87,mixed,1.15,stressed,1.09,12469,dir,-15428.49,103.06,103.1,103.0759,2.65,1.39,0.22,chop,1.01,normal,0.62,2800,mm,-1310.20,28.06,28.07,28.0187,4.28,0.89,0.43,mixed,3.07,normal,-0.40,0,mm,-10484.35
224.857,107,388.9,-27143.25,-27143.25,15269,15269,176.28,176.29,176.2712,7.29,0.60,0.87,mixed,1.13,normal,1.09,12469,dir,-15428.49,103.06,103.1,103.0760,2.64,1.39,0.25,chop,1.24,normal,0.62,2800,mm,-1310.20,28.06,28.07,28.0195,4.32,0.89,0.43,mixed,2.88,normal,-0.40,0,mm,-10484.35
224.994,107,388.9,-27143.25,-27143.25,15269,15269,176.28,176.29,176.2718,7.21,0.60,0.87,mixed,1.13,normal,1.09,12469,dir,-15428.49,103.06,103.1,103.0762,2.59,1.39,0.25,chop,1.24,normal,0.62,2800,mm,-1310.20,28.06,28.07,28.0215,4.41,0.89,0.43,mixed,2.88,normal,-0.40,0,mm,-10484.35
225.037,107,389.9,-27143.25,-27143.25,15269,15269,176.28,176.29,176.2720,7.18,0.60,0.87,mixed,1.13,normal,1.09,12469,dir,-15428.49,103.08,103.09,103.0763,2.60,1.39,0.25,chop,1.24,normal,0.62,2800,mm,-1310.20,28.06,28.07,28.0221,4.43,0.89,0.43,mixed,2.88,normal,-0.40,0,mm,-10484.35
225.140,107,389.9,-27143.25,-27143.25,15269,15269,176.28,176.29,176.2724,7.11,0.59,0.87,mixed,1.10,normal,1.09,12469,dir,-15428.49,103.08,103.09,103.0766,2.60,1.38,0.25,chop,1.32,normal,0.62,2800,mm,-1310.20,28.06,28.07,28.0235,4.48,0.86,0.43,mixed,2.70,normal,-0.40,0,mm,-10484.35
225.206,107,389.9,-27143.25,-27143.25,15269,15269,176.28,176.29,176.2727,7.07,0.59,0.87,mixed,1.10,normal,1.09,12469,dir,-15428.49,103.08,103.09,103.0768,2.61,1.38,0.25,chop,1.32,normal,0.62,2800,mm,-1310.20,28.06,28.07,28.0244,4.51,0.86,0.43,mixed,2.70,normal,-0.40,0,mm,-10484.35
225.481,107,389.9,-27143.25,-27143.25,15269,15269,176.28,176.29,176.2738,6.89,0.59,0.86,mixed,1.07,normal,1.09,12469,dir,-15303.80,103.09,103.11,103.0788,2.91,1.38,0.31,mixed,1.64,normal,0.62,2800,mm,-1282.20,28.07,28.08,28.0289,4.78,0.86,0.47,mixed,2.91,normal,-0.40,0,mm,-10484.35
225.835,108,385.7,-27070.35,-27070.35,15269,15269,176.28,176.29,176.2750,6.64,0.57,0.86,mixed,1.05,normal,1.16,12469,dir,-15303.80,103.09,103.11,103.0811,3.16,1.36,0.28,mixed,1.59,normal,0.49,2800,mm,-1282.20,28.07,28.08,28.0340,4.96,0.81,0.47,mixed,2.73,normal,0.10,0,mm,-10484.35
225.898,108,385.7,-27070.35,-27070.35,15269,15269,176.28,176.29,176.2752,6.60,0.57,0.86,mixed,1.05,normal,1.16,12469,dir,-15303.80,103.09,103.11,103.0815,3.18,1.36,0.28,mixed,1.59,normal,0.49,2800,mm,-1282.20,28.07,28.08,28.0348,4.98,0.81,0.47,mixed,2.73,normal,0.10,0,mm,-10484.35
226.028,108,385.7,-27070.35,-27070.35,15269,15269,176.28,176.29,176.2756,6.50,0.57,0.86,mixed,1.05,normal,1.16,12469,dir,-15303.80,103.11,103.12,103.0830,3.39,1.36,0.28,mixed,1.59,normal,0.49,2800,mm,-1226.20,28.07,28.08,28.0365,5.01,0.81,0.47,mixed,2.73,normal,0.10,0,mm,-10484.35
226.174,108,385.7,-27070.35,-27070.35,15269,15269,176.28,176.29,176.2761,6.40,0.57,0.85,mixed,1.02,normal,1.16,12469,dir,-15303.80,103.11,103.12,103.0845,3.59,1.36,0.25,mixed,1.89,normal,0.49,2800,mm,-1226.20,28.07,28.08,28.0383,5.02,0.81,0.47,mixed,2.58,normal,0.10,0,mm,-10484.35
226.253,108,385.7,-27070.35,-27070.35,15269,15269,176.28,176.29,176.2763,6.34,0.57,0.85,mixed,1.02,normal,1.16,12469,dir,-15303.80,103.11,103.12,103.0853,3.67,1.36,0.25,mixed,1.89,normal,0.49,2800,mm,-1226.20,28.07,28.09,28.0394,5.06,0.81,0.47,mixed,2.58,normal,0.10,0,mm,-10484.35
226.728,108,387.3,-27070.35,-27070.35,15269,15269,176.28,176.29,176.2776,6.01,0.55,0.82,mixed,1.00,normal,1.16,12469,dir,-15303.80,103.11,103.12,103.0896,4.01,1.33,0.25,mixed,1.82,normal,0.49,2800,mm,-1226.20,28.08,28.09,28.0461,5.31,0.77,0.55,mixed,2.76,normal,0.10,0,mm,-10484.35
227.515,109,383.1,-27887.18,-27887.18,15269,15269,176.21,176.26,176.2678,3.22,0.98,0.22,chop,0.69,normal,0.95,12469,cut,-16176.63,103.11,103.13,103.0966,4.35,1.20,0.43,mixed,1.86,normal,0.70,2800,mm,-1226.20,28.08,28.09,28.0550,5.28,0.75,0.71,mixed,2.59,normal,0.30,0,mm,-10484.35
227.659,109,383.1,-27887.18,-27887.18,15269,15269,176.19,176.2,176.2643,2.43,0.98,0.22,chop,0.69,normal,0.95,12469,cut,-16176.63,103.11,103.13,103.0977,4.35,1.20,0.43,mixed,1.86,normal,0.70,2800,mm,-1226.20,28.08,28.09,28.0564,5.24,0.75,0.71,mixed,2.59,normal,0.30,0,mm,-10484.35
227.888,109,383.1,-27887.18,-27887.18,15269,15269,176.15,176.17,176.2567,0.79,0.98,0.58,mixed,0.27,normal,0.95,12469,cut,-16176.63,103.11,103.13,103.0993,4.34,1.20,0.42,mixed,1.80,normal,0.70,2800,mm,-1226.20,28.08,28.09,28.0585,5.17,0.75,0.85,mixed,2.45,normal,0.30,0,mm,-10484.35
228.062,109,384.0,-27887.18,-27887.18,10769,9769,176.15,176.16,176.2510,-0.28,1.58,0.58,mixed,0.27,normal,0.95,7469,cut,-16804.82,103.11,103.13,103.1005,4.31,1.12,0.42,mixed,1.80,normal,0.70,2800,mm,-1226.20,28.08,28.09,28.0600,5.10,0.73,0.85,mixed,2.45,normal,0.30,-500,mm,-10483.80
228.111,109,384.0,-27887.18,-27887.18,10769,9769,176.15,176.16,176.2494,-0.54,1.58,0.58,mixed,0.27,normal,0.95,7469,cut,-16804.82,103.11,103.13,103.1008,4.31,1.12,0.42,mixed,1.80,normal,0.70,2800,mm,-1226.20,28.08,28.09,28.0604,5.08,0.73,0.85,mixed,2.45,normal,0.30,-500,mm,-10483.80
228.236,109,384.0,-27887.18,-27887.18,10769,9769,176.15,176.16,176.2456,-1.15,1.58,0.59,mixed,0.22,normal,0.95,7469,cut,-16804.82,103.11,103.13,103.1016,4.28,1.12,0.38,mixed,1.74,normal,0.70,2800,mm,-1226.20,28.08,28.09,28.0614,5.03,0.73,0.85,mixed,2.33,normal,0.30,-500,mm,-10483.80
228.280,109,384.0,-27887.18,-27887.18,10769,9769,176.14,176.16,176.2442,-1.37,1.58,0.59,mixed,0.22,normal,0.95,7469,cut,-16804.82,103.12,103.13,103.1019,4.29,1.12,0.38,mixed,1.74,normal,0.70,2800,mm,-1226.20,28.08,28.09,28.0618,5.01,0.73,0.85,mixed,2.33,normal,0.30,-500,mm,-10483.80
228.385,109,384.0,-27887.18,-27887.18,10769,9769,176.14,176.16,176.2409,-1.84,1.58,0.59,mixed,0.22,normal,0.95,7469,cut,-16804.82,103.12,103.13,103.1027,4.30,1.12,0.38,mixed,1.74,normal,0.70,2800,mm,-1226.20,28.08,28.09,28.0626,4.96,0.73,0.85,mixed,2.33,normal,0.30,-500,mm,-10483.80
228.416,109,384.0,-27887.18,-27887.18,10769,9769,176.14,176.16,176.2400,-1.96,1.58,0.59,mixed,0.22,normal,0.95,7469,cut,-16804.82,103.12,103.13,103.1030,4.31,1.12,0.38,mixed,1.74,normal,0.70,2800,mm,-1226.20,28.08,28.09,28.0628,4.95,0.73,0.85,mixed,2.33,normal,0.30,-500,mm,-10483.80
228.446,109,384.0,-27887.18,-27887.18,10769,9769,176.14,176.16,176.2391,-2.08,1.58,0.59,mixed,0.22,normal,0.95,7469,cut,-16804.82,103.12,103.13,103.1032,4.31,1.12,0.38,mixed,1.74,normal,0.70,2800,mm,-1226.20,28.08,28.09,28.0630,4.94,0.73,0.85,mixed,2.33,normal,0.30,-500,mm,-10483.80
228.626,109,385.0,-27887.18,-27887.18,10769,9769,176.09,176.13,176.2317,-3.28,1.74,0.67,TREND,-0.05,normal,0.95,7469,cut,-16804.82,103.12,103.14,103.1047,4.38,1.06,0.41,mixed,1.89,normal,0.70,2800,mm,-1198.20,28.08,28.09,28.0643,4.85,0.70,0.85,mixed,2.22,normal,0.30,-500,mm,-10483.80
228.906,109,385.0,-27887.18,-27887.18,7847,2691,176.04,176.12,176.2182,-5.33,1.74,0.71,TREND,-0.25,stressed,0.95,2469,cut,-17602.91,103.13,103.14,103.1074,4.54,1.06,0.38,mixed,1.92,normal,0.70,2800,mm,-1170.20,28.08,28.09,28.0661,4.72,0.70,0.85,mixed,2.13,normal,0.30,-2578,mm,-10481.51
229.290,109,386.2,-27887.18,-27887.18,7969,2569,176.05,176.1,176.2011,-7.34,1.77,0.79,TREND,-0.28,stressed,0.95,2469,cut,-17602.91,103.13,103.14,103.1107,4.64,0.95,0.37,mixed,1.87,normal,0.70,2800,mm,-1170.20,28.08,28.09,28.0684,4.53,0.67,0.85,mixed,2.06,normal,0.30,-2700,mm,-10481.38
229.406,109,386.2,-27887.18,-27887.18,7969,2569,176.02,176.08,176.1954,-8.01,1.77,0.79,TREND,-0.28,stressed,0.95,2469,cut,-17652.29,103.13,103.14,103.1116,4.65,0.95,0.37,mixed,1.87,normal,0.70,2800,mm,-1170.20,28.08,28.09,28.0690,4.47,0.67,0.85,mixed,2.06,normal,0.30,-2700,mm,-10481.38
229.452,109,386.2,-27887.18,-27887.18,7969,2569,176.02,176.08,176.1931,-8.25,1.77,0.79,TREND,-0.28,stressed,0.95,2469,cut,-17652.29,103.13,103.14,103.1120,4.65,0.95,0.37,mixed,1.87,normal,0.70,2800,mm,-1170.20,28.08,28.09,28.0693,4.45,0.67,0.85,mixed,2.06,normal,0.30,-2700,mm,-10481.38
229.507,109,386.2,-27887.18,-27887.18,7969,2569,176.02,176.08,176.1905,-8.52,1.77,0.79,TREND,-0.28,stressed,0.95,2469,cut,-17652.29,103.13,103.14,103.1124,4.64,0.95,0.37,mixed,1.87,normal,0.70,2800,mm,-1170.20,28.08,28.09,28.0695,4.42,0.67,0.85,mixed,2.06,normal,0.30,-2700,mm,-10481.38
229.911,110,381.7,-29303.87,-29303.87,6469,4069,175.99,176.03,176.1679,-11.09,2.04,0.87,TREND,-0.72,stressed,0.08,2469,cut,-17652.29,103.13,103.14,103.1152,4.59,0.90,0.27,mixed,1.79,normal,0.83,2800,mm,-1170.20,28.08,28.1,28.0721,4.37,0.61,1.00,TREND,2.09,normal,0.35,-1200,mm,-10464.73
230.876,110,383.4,-29303.87,-29303.87,6000,800,175.94,175.97,176.1095,-16.18,2.15,0.91,TREND,-1.19,stressed,0.08,0,mm,-17856.47,103.11,103.12,103.1152,3.27,1.03,0.11,chop,1.31,normal,0.83,3400,mm,-1267.40,28.08,28.1,28.0770,4.06,0.59,1.00,TREND,1.98,stressed,0.35,-2600,mm,-10489.19
231.324,110,383.4,-29303.87,-29303.87,5700,1100,175.93,175.96,176.0868,-17.08,2.15,0.97,TREND,-1.29,stressed,0.08,0,mm,-17856.47,103.11,103.12,103.1152,2.91,1.03,0.09,chop,1.28,normal,0.83,3400,mm,-1267.40,28.09,28.11,28.0802,4.19,0.59,1.00,TREND,2.15,stressed,0.35,-2300,mm,-10485.68
231.434,111,378.9,-29575.55,-29575.55,5700,1100,175.94,175.95,176.0818,-17.18,2.06,0.97,TREND,-1.29,stressed,0.00,0,mm,-17856.47,103.11,103.12,103.1151,2.83,0.95,0.09,chop,1.28,normal,0.67,3400,mm,-1233.40,28.09,28.12,28.0811,4.25,0.63,1.00,TREND,2.15,stressed,0.61,-2300,mm,-10485.68
231.538,111,378.9,-29575.55,-29575.55,5700,1100,175.94,175.95,176.0770,-17.24,2.06,0.97,TREND,-1.29,stressed,0.00,0,mm,-17856.47,103.11,103.12,103.1151,2.76,0.95,0.09,chop,1.28,normal,0.67,3400,mm,-1233.40,28.09,28.12,28.0819,4.29,0.63,1.00,TREND,2.15,stressed,0.61,-2300,mm,-10485.68
231.840,111,378.9,-29575.55,-29575.55,5700,1100,175.93,175.95,176.0640,-17.38,2.06,0.97,TREND,-1.43,stressed,0.00,0,mm,-17856.47,103.1,103.12,103.1147,2.48,0.95,0.06,chop,1.14,normal,0.67,3400,mm,-1233.40,28.1,28.12,28.0846,4.46,0.63,1.00,TREND,2.29,stressed,0.61,-2300,mm,-10485.68
232.254,111,380.3,-29575.55,-29575.55,5700,1100,175.89,175.92,176.0435,-18.26,2.01,0.97,TREND,-1.63,stressed,0.00,0,mm,-17856.47,103.1,103.12,103.1141,2.18,0.91,0.03,chop,1.12,normal,0.67,3400,mm,-1233.40,28.1,28.12,28.0879,4.56,0.57,1.00,TREND,2.20,stressed,0.61,-2300,mm,-10485.68
232.490,111,380.3,-29575.55,-29575.55,6400,400,175.89,175.92,176.0331,-18.46,2.01,0.97,TREND,-1.63,stressed,0.00,0,dir,-17856.47,103.1,103.12,103.1137,2.05,0.91,0.03,chop,1.12,normal,0.67,3400,mm,-1267.40,28.12,28.13,28.0906,4.83,0.57,1.00,TREND,2.20,stressed,0.61,-3000,mm,-10530.91
232.847,111,381.3,-29575.55,-29575.55,8500,-1700,175.89,175.91,176.0182,-18.60,1.98,0.97,TREND,-1.79,stressed,0.00,-2100,dir,-17881.64,103.09,103.11,103.1122,1.62,0.92,0.03,chop,0.90,normal,0.67,3400,mm,-1267.40,28.12,28.14,28.0950,5.20,0.65,1.00,TREND,2.54,stressed,0.61,-3000,mm,-10560.91
233.197,111,381.3,-29575.55,-29575.55,7000,-3200,175.9,175.91,176.0058,-18.33,1.98,0.95,TREND,-1.70,stressed,0.00,-2100,dir,-17881.64,103.09,103.1,103.1103,1.19,0.92,0.06,chop,0.79,normal,0.67,1900,mm,-1244.40,28.12,28.15,28.0994,5.51,0.65,1.00,TREND,2.52,stressed,0.61,-3000,mm,-10560.91
233.568,112,377.1,-29728.62,-29728.62,7300,-3500,175.85,175.89,175.9900,-18.81,1.85,0.95,TREND,-1.98,stressed,-0.07,-2100,dir,-17860.64,103.09,103.15,103.1114,1.54,1.01,0.14,chop,1.25,normal,0.64,1900,mm,-1244.40,28.14,28.16,28.1053,6.04,0.70,1.00,TREND,2.70,stressed,1.34,-3300,mm,-10623.58
234.139,112,377.1,-29728.62,-29728.62,7000,-3200,175.83,175.87,175.9658,-19.51,1.69,0.96,TREND,-2.24,stressed,-0.07,-5100,dir,-17908.30,103.11,103.13,103.1129,1.81,0.92,0.45,mixed,1.21,normal,0.64,1900,mm,-1206.40,28.15,28.17,28.1148,6.74,0.65,1.00,TREND,2.71,stressed,1.34,0,mm,-10694.53
234.574,112,378.8,-29728.62,-29728.62,7000,-3200,175.8,175.86,175.9476,-20.00,1.69,0.98,TREND,-2.38,stressed,-0.07,-5100,dir,-17908.30,103.12,103.14,103.1152,2.19,0.92,0.43,mixed,1.37,normal,0.64,1900,mm,-1206.40,28.19,28.21,28.1262,8.10,0.65,1.00,TREND,3.25,stressed,1.34,0,mm,-10694.53
235.822,113,375.5,-29393.72,-29393.72,7600,-4000,175.79,175.8,175.8957,-20.97,1.82,0.98,TREND,-2.65,stressed,-0.23,-5800,dir,-17553.19,103.14,103.16,103.1270,3.60,1.09,0.38,mixed,1.71,normal,0.85,1800,mm,-1146.00,28.2,28.22,28.1547,9.61,0.96,1.00,TREND,3.14,stressed,2.12,0,mm,-10694.53
236.128,113,376.0,-29393.72,-29393.72,10200,-8200,175.79,175.8,175.8860,-20.62,1.82,0.98,TREND,-2.52,stressed,-0.23,-9200,dir,-17596.37,103.15,103.16,103.1297,3.77,1.09,0.33,mixed,1.76,normal,0.85,1000,mm,-1129.60,28.23,28.25,28.1629,10.23,0.96,1.00,TREND,3.36,stressed,2.12,0,mm,-10694.53
236.200,113,376.0,-29393.72,-29393.72,10200,-8200,175.79,175.8,175.8838,-20.52,1.82,0.98,TREND,-2.52,stressed,-0.23,-9200,dir,-17596.37,103.15,103.16,103.1303,3.80,1.09,0.33,mixed,1.76,normal,0.85,1000,mm,-1129.60,28.23,28.25,28.1648,10.34,0.96,1.00,TREND,3.36,stressed,2.12,0,mm,-10694.53
236.380,113,376.0,-29393.72,-29393.72,10200,-8200,175.79,175.8,175.8786,-20.26,1.87,0.98,TREND,-2.44,stressed,-0.23,-9200,dir,-17596.37,103.15,103.16,103.1318,3.85,0.98,0.33,mixed,1.71,normal,0.85,1000,mm,-1129.60,28.26,28.27,28.1706,10.89,1.25,1.00,TREND,3.42,stressed,2.12,0,mm,-10694.53
236.437,113,376.0,-29393.72,-29393.72,10200,-8200,175.79,175.8,175.8771,-20.17,1.87,0.98,TREND,-2.44,stressed,-0.23,-9200,dir,-17596.37,103.15,103.16,103.1322,3.86,0.98,0.33,mixed,1.71,normal,0.85,1000,mm,-1129.60,28.26,28.27,28.1724,11.03,1.25,1.00,TREND,3.42,stressed,2.12,0,mm,-10694.53
236.661,113,376.9,-29393.72,-29393.72,10200,-8200,175.79,175.8,175.8712,-19.80,1.87,0.98,TREND,-2.35,stressed,-0.23,-9200,dir,-17596.37,103.14,103.16,103.1335,3.79,0.98,0.28,mixed,1.59,normal,0.85,1000,mm,-1129.60,28.26,28.27,28.1790,11.48,1.25,1.00,TREND,3.14,stressed,2.12,0,mm,-10694.53
236.984,113,376.9,-29393.72,-29393.72,12200,-10200,175.79,175.8,175.8634,-19.22,1.89,0.98,TREND,-2.27,stressed,-0.23,-11200,dir,-17621.77,103.14,103.16,103.1352,3.69,0.97,0.25,mixed,1.56,normal,0.85,1000,mm,-1139.60,28.26,28.29,28.1888,12.08,1.19,1.00,TREND,3.03,stressed,2.12,0,mm,-10694.53
237.205,113,377.8,-29393.72,-29393.72,12200,-10200,175.79,175.8,175.8586,-18.80,1.89,0.98,TREND,-2.27,stressed,-0.23,-11200,dir,-17621.77,103.14,103.15,103.1359,3.53,0.97,0.25,mixed,1.56,normal,0.85,1000,mm,-1139.60,28.27,28.31,28.1959,12.56,1.19,1.00,TREND,3.03,stressed,2.12,0,mm,-10694.53
237.431,113,377.8,-29393.72,-29393.72,12200,-10200,175.77,175.8,175.8533,-18.54,1.89,0.98,TREND,-2.24,stressed,-0.23,-11200,dir,-17621.77,103.14,103.15,103.1365,3.38,0.97,0.20,chop,1.45,normal,0.85,1000,mm,-1139.60,28.28,28.31,28.2031,12.96,1.19,1.00,TREND,3.04,stressed,2.12,0,mm,-10694.53
237.797,113,377.8,-29393.72,-29393.72,12400,-10400,175.79,175.8,175.8466,-17.76,1.89,0.92,TREND,-2.10,stressed,-0.23,-11400,dir,-17624.31,103.11,103.15,103.1358,2.78,1.09,0.07,chop,1.13,normal,0.85,1000,mm,-1139.60,28.29,28.31,28.2141,13.41,1.15,1.00,TREND,2.88,stressed,2.12,0,mm,-10694.53
237.922,114,373.7,-29455.90,-29455.90,12400,-10400,175.79,175.8,175.8445,-17.50,1.89,0.92,TREND,-2.10,stressed,-0.10,-11400,dir,-17624.31,103.12,103.14,103.1355,2.61,1.09,0.07,chop,1.13,normal,0.69,1000,mm,-1169.60,28.29,28.32,28.2179,13.53,1.15,1.00,TREND,2.88,stressed,2.38,0,mm,-10694.53
238.030,114,373.7,-29455.90,-29455.90,12400,-10400,175.79,175.8,175.8428,-17.28,1.89,0.92,TREND,-2.10,stressed,-0.10,-11400,dir,-17624.31,103.12,103.14,103.1353,2.48,1.09,0.07,chop,1.13,normal,0.69,1000,mm,-1169.60,28.29,28.32,28.2209,13.61,1.15,1.00,TREND,2.88,stressed,2.38,0,mm,-10694.53
238.105,114,373.7,-29455.90,-29455.90,12400,-10400,175.78,175.79,175.8414,-17.19,1.89,0.92,TREND,-2.07,stressed,-0.10,-11400,dir,-17624.31,103.13,103.14,103.1353,2.43,1.09,0.10,chop,1.23,normal,0.69,1000,mm,-1169.60,28.3,28.32,28.2231,13.67,1.15,1.00,TREND,2.79,stressed,2.38,0,mm,-10694.53
238.154,114,373.7,-29455.90,-29455.90,12400,-10400,175.78,175.79,175.8404,-17.12,1.89,0.92,TREND,-2.07,stressed,-0.10,-11400,dir,-17624.31,103.13,103.14,103.1353,2.40,1.09,0.10,chop,1.23,normal,0.69,1000,mm,-1169.60,28.3,28.32,28.2245,13.71,1.15,1.00,TREND,2.79,stressed,2.38,0,mm,-10694.53
238.206,114,373.7,-29455.90,-29455.90,12400,-10400,175.78,175.79,175.8395,-17.05,1.89,0.92,TREND,-2.07,stressed,-0.10,-11400,dir,-17624.31,103.13,103.14,103.1353,2.36,1.09,0.10,chop,1.23,normal,0.69,1000,mm,-1169.60,28.3,28.32,28.2260,13.74,1.15,1.00,TREND,2.79,stressed,2.38,0,mm,-10694.53
238.300,114,373.7,-29455.90,-29455.90,12400,-10400,175.78,175.79,175.8378,-16.93,1.78,0.92,TREND,-2.07,stressed,-0.10,-11400,dir,-17624.31,103.13,103.14,103.1353,2.31,1.01,0.10,chop,1.23,normal,0.69,1000,mm,-1169.60,28.3,28.32,28.2286,13.78,1.10,1.00,TREND,2.79,stressed,2.38,0,mm,-10694.53
238.476,114,374.6,-29455.90,-29455.90,12400,-10400,175.78,175.79,175.8348,-16.68,1.78,0.92,TREND,-1.99,stressed,-0.10,-11400,dir,-17624.31,103.13,103.14,103.1353,2.21,1.01,0.04,chop,1.19,normal,0.69,1000,mm,-1169.60,28.31,28.32,28.2335,13.87,1.10,1.00,TREND,2.67,stressed,2.38,0,mm,-10694.53
238.547,114,374.6,-29455.90,-29455.90,12400,-10400,175.78,175.79,175.8336,-16.57,1.78,0.92,TREND,-1.99,stressed,-0.10,-11400,dir,-17624.31,103.13,103.14,103.1353,2.17,1.01,0.04,chop,1.19,normal,0.69,1000,mm,-1169.60,28.31,28.32,28.2354,13.89,1.10,1.00,TREND,2.67,stressed,2.38,0,mm,-10694.53
238.588,114,374.6,-29455.90,-29455.90,12400,-10400,175.77,175.79,175.8329,-16.53,1.78,0.92,TREND,-1.99,stressed,-0.10,-11400,dir,-17624.31,103.11,103.14,103.1352,2.12,1.01,0.04,chop,1.19,normal,0.69,1000,mm,-1169.60,28.31,28.32,28.2365,13.90,1.10,1.00,TREND,2.67,stressed,2.38,0,mm,-10694.53
238.661,114,374.6,-29455.90,-29455.90,12400,-10400,175.77,175.79,175.8316,-16.45,1.78,0.92,TREND,-1.99,stressed,-0.10,-11400,dir,-17624.31,103.11,103.14,103.1349,2.02,1.01,0.04,chop,1.19,normal,0.69,1000,mm,-1169.60,28.31,28.32,28.2384,13.90,1.10,1.00,TREND,2.67,stressed,2.38,0,mm,-10694.53
239.220,114,374.6,-29455.90,-29455.90,15400,-13400,175.76,175.81,175.8238,-15.54,1.77,0.91,TREND,-1.91,stressed,-0.10,-14400,dir,-17578.41,103.12,103.13,103.1332,1.48,1.01,0.07,chop,0.95,normal,0.69,1000,mm,-1159.60,28.31,28.32,28.2513,13.68,1.09,1.00,TREND,2.51,stressed,2.38,0,mm,-10694.53
239.411,115,370.8,-29258.74,-29258.74,16500,-12300,175.77,175.78,175.8207,-15.37,1.77,0.91,TREND,-1.91,stressed,-0.12,-14400,dir,-17434.41,103.12,103.13,103.1327,1.35,1.01,0.07,chop,0.95,normal,0.46,2100,mm,-1129.80,28.31,28.32,28.2553,13.53,1.09,1.00,TREND,2.51,stressed,2.47,0,mm,-10694.53
239.427,115,370.8,-29258.74,-29258.74,16500,-12300,175.77,175.78,175.8205,-15.35,1.77,0.91,TREND,-1.91,stressed,-0.12,-14400,dir,-17434.41,103.12,103.13,103.1327,1.34,1.01,0.07,chop,0.95,normal,0.46,2100,mm,-1129.80,28.31,28.32,28.2556,13.51,1.09,1.00,TREND,2.51,stressed,2.47,0,mm,-10694.53
239.558,115,370.8,-29258.74,-29258.74,16500,-12300,175.77,175.78,175.8186,-15.21,1.77,0.89,TREND,-1.88,stressed,-0.12,-14400,dir,-17434.41,103.12,103.13,103.1324,1.26,1.01,0.07,chop,0.91,normal,0.46,2100,mm,-1129.80,28.31,28.32,28.2581,13.39,1.09,1.00,TREND,2.36,stressed,2.47,0,mm,-10694.53
239.669,115,370.8,-29258.74,-29258.74,16500,-12300,175.77,175.78,175.8170,-15.09,1.77,0.89,TREND,-1.88,stressed,-0.12,-14400,dir,-17434.41,103.12,103.13,103.1321,1.20,1.01,0.07,chop,0.91,normal,0.46,2100,mm,-1129.80,28.31,28.32,28.2602,13.28,1.09,1.00,TREND,2.36,stressed,2.47,0,mm,-10694.53
239.715,115,370.8,-29258.74,-29258.74,16500,-12300,175.77,175.78,175.8163,-15.04,1.77,0.89,TREND,-1.88,stressed,-0.12,-14400,dir,-17434.41,103.12,103.13,103.1320,1.18,1.01,0.07,chop,0.91,normal,0.46,2100,mm,-1129.80,28.31,28.32,28.2610,13.23,1.09,1.00,TREND,2.36,stressed,2.47,0,mm,-10694.53
240.100,115,370.8,-29258.74,-29258.74,16500,-12300,175.77,175.78,175.8114,-14.55,1.64,0.86,TREND,-1.81,stressed,-0.12,-14400,dir,-17434.41,103.1,103.16,103.1317,1.15,0.95,0.12,chop,0.99,normal,0.46,2100,mm,-1129.80,28.31,28.32,28.2675,12.80,1.11,1.00,TREND,2.24,stressed,2.47,0,mm,-10694.53
240.286,115,372.2,-29258.74,-29258.74,17700,-11100,175.77,175.78,175.8092,-14.29,1.64,0.86,TREND,-1.81,stressed,-0.12,-14400,dir,-17434.41,103.11,103.15,103.1316,1.13,0.95,0.12,chop,0.99,normal,0.46,2100,mm,-1129.80,28.31,28.33,28.2706,12.65,1.11,1.00,TREND,2.24,stressed,2.47,1200,mm,-10693.21
240.415,115,372.2,-29258.74,-29258.74,17700,-11100,175.77,175.78,175.8078,-14.11,1.64,0.86,TREND,-1.74,stressed,-0.12,-14400,dir,-17434.41,103.13,103.14,103.1318,1.17,0.95,0.15,chop,1.07,normal,0.46,2100,mm,-1129.80,28.31,28.33,28.2727,12.53,1.11,1.00,TREND,2.18,stressed,2.47,1200,mm,-10693.21
240.528,115,372.2,-29258.74,-29258.74,17700,-11100,175.77,175.78,175.8065,-13.95,1.64,0.86,TREND,-1.74,stressed,-0.12,-14400,dir,-17434.41,103.13,103.14,103.1319,1.20,0.95,0.15,chop,1.07,normal,0.46,2100,mm,-1129.80,28.31,28.33,28.2745,12.42,1.11,1.00,TREND,2.18,stressed,2.47,1200,mm,-10693.21
240.763,115,372.2,-29258.74,-29258.74,17700,-11100,175.77,175.78,175.8042,-13.61,1.62,0.86,TREND,-1.68,stressed,-0.12,-14400,dir,-17434.41,103.13,103.14,103.1321,1.25,0.89,0.15,chop,1.04,normal,0.46,2100,mm,-1129.80,28.31,28.33,28.2779,12.18,1.08,1.00,TREND,2.08,stressed,2.47,1200,mm,-10681.21
241.088,115,373.5,-29258.74,-29258.74,17700,-11100,175.77,175.78,175.8012,-13.14,1.62,0.85,TREND,-1.64,stressed,-0.12,-14400,dir,-17434.41,103.13,103.14,103.1324,1.28,0.89,0.15,chop,1.03,normal,0.46,2100,mm,-1129.80,28.3,28.33,28.2817,11.69,1.08,0.96,TREND,1.97,stressed,2.47,1200,mm,-10681.21
241.210,115,373.5,-29258.74,-29258.74,17700,-11100,175.78,175.81,175.8009,-12.76,1.62,0.85,TREND,-1.64,stressed,-0.12,-14400,dir,-17434.41,103.13,103.16,103.1329,1.39,0.89,0.15,chop,1.03,normal,0.46,2100,mm,-1129.80,28.29,28.33,28.2828,11.47,1.08,0.96,TREND,1.97,stressed,2.47,1200,mm,-10681.21
241.295,115,373.5,-29258.74,-29258.74,17700,-11100,175.78,175.81,175.8008,-12.51,1.76,0.85,TREND,-1.64,stressed,-0.12,-14400,dir,-17434.41,103.13,103.16,103.1333,1.45,0.88,0.15,chop,1.03,normal,0.46,2100,mm,-1129.80,28.29,28.33,28.2836,11.31,1.17,0.96,TREND,1.97,stressed,2.47,1200,mm,-10681.21
241.445,116,368.9,-32848.42,-32848.42,17700,-11100,175.79,176.03,175.8008,-12.51,1.76,0.85,TREND,-1.64,stressed,-0.12,-14400,dir,-21034.41,103.13,103.16,103.1338,1.55,0.88,0.26,mixed,1.20,normal,0.51,2100,mm,-1108.80,28.29,28.33,28.2848,11.06,1.17,0.91,TREND,1.84,stressed,2.42,1200,mm,-10705.21
241.531,116,368.9,-32848.42,-32848.42,17700,-11100,175.79,176.03,175.8008,-12.51,1.76,0.85,TREND,-1.64,stressed,-0.12,-14400,dir,-21034.41,103.13,103.16,103.1341,1.59,0.88,0.26,mixed,1.20,normal,0.51,2100,mm,-1108.80,28.29,28.33,28.2856,10.91,1.17,0.91,TREND,1.84,stressed,2.42,1200,mm,-10705.21
241.977,116,368.9,-32848.42,-32848.42,17700,-11100,175.8,176.03,175.8008,-12.51,1.76,0.85,TREND,-1.64,stressed,-0.12,-14400,dir,-21034.41,103.14,103.15,103.1356,1.75,0.81,0.26,mixed,1.17,normal,0.51,2100,mm,-1108.80,28.29,28.32,28.2882,10.07,1.20,0.87,TREND,1.73,stressed,2.42,1200,mm,-10705.21
242.430,116,370.4,-32848.42,-32848.42,20200,-13600,175.84,175.85,175.8069,-9.84,2.13,0.24,chop,-1.23,stressed,-0.12,-16900,dir,-21427.16,103.14,103.15,103.1369,1.81,0.81,0.36,mixed,1.15,normal,0.51,2100,mm,-1087.80,28.3,28.31,28.2906,9.36,1.20,0.85,TREND,1.68,stressed,2.42,1200,mm,-10705.21
242.749,116,370.4,-32848.42,-32848.42,20200,-13600,175.84,175.85,175.8108,-8.48,2.13,0.24,chop,-1.19,normal,-0.12,-16900,dir,-21427.16,103.14,103.15,103.1378,1.82,0.75,0.36,mixed,1.12,normal,0.51,2100,mm,-1087.80,28.3,28.31,28.2920,8.91,1.16,0.85,TREND,1.63,stressed,2.42,1200,mm,-10705.21
242.939,116,370.4,-32848.42,-32848.42,20200,-13600,175.84,175.85,175.8129,-7.84,1.96,0.24,chop,-1.19,normal,-0.12,-16900,dir,-21427.16,103.15,103.16,103.1388,1.96,0.75,0.36,mixed,1.12,normal,0.51,2100,mm,-1087.80,28.1,28.23,28.2920,8.91,1.16,0.85,TREND,1.63,stressed,2.42,1200,mm,-10705.21
243.037,116,371.4,-32848.42,-32848.42,20200,-13600,175.84,175.85,175.8139,-7.54,1.96,0.27,mixed,-1.16,normal,-0.12,-16900,dir,-21427.16,103.15,103.16,103.1393,2.02,0.75,0.46,mixed,1.29,normal,0.51,2100,mm,-1087.80,28.1,28.23,28.2920,8.91,1.16,0.85,TREND,1.63,stressed,2.42,1200,mm,-10705.21
243.172,116,371.4,-32848.42,-32848.42,20200,-13600,175.84,175.85,175.8153,-7.17,1.96,0.27,mixed,-1.16,normal,-0.12,-16900,dir,-21427.16,103.15,103.16,103.1400,2.09,0.75,0.46,mixed,1.29,normal,0.51,2100,mm,-1087.80,28.21,28.22,28.2887,7.75,1.16,0.28,mixed,0.85,stressed,2.42,1200,mm,-10705.21
243.191,116,371.4,-32848.42,-32848.42,20200,-13600,175.84,175.85,175.8155,-7.12,1.96,0.27,mixed,-1.16,normal,-0.12,-16900,dir,-21427.16,103.15,103.16,103.1401,2.10,0.75,0.46,mixed,1.29,normal,0.51,2100,mm,-1087.80,28.21,28.22,28.2882,7.60,1.16,0.28,mixed,0.85,stressed,2.42,1200,mm,-10705.21
243.296,116,371.4,-32848.42,-32848.42,20200,-13600,175.84,175.85,175.8165,-6.86,1.96,0.14,chop,-1.13,normal,-0.12,-16900,dir,-21427.16,103.15,103.16,103.1406,2.14,0.75,0.33,mixed,1.26,normal,0.51,2100,mm,-1087.80,28.21,28.22,28.2857,6.82,1.92,0.28,mixed,0.85,stressed,2.42,1200,mm,-10705.21
243.432,116,371.4,-32848.42,-32848.42,20200,-13600,175.85,175.87,175.8184,-6.39,1.96,0.14,chop,-1.13,normal,-0.12,-16900,dir,-18892.16,103.15,103.16,103.1413,2.18,0.75,0.33,mixed,1.26,normal,0.51,2100,mm,-1066.80,28.06,28.22,28.2857,6.82,1.92,0.28,mixed,0.85,stressed,2.42,1200,mm,-10981.21
243.559,117,367.0,-30940.17,-30940.17,20200,-13600,175.85,175.87,175.8201,-6.00,1.94,0.05,chop,-1.03,normal,0.16,-16900,dir,-18892.16,103.15,103.16,103.1418,2.21,0.75,0.33,mixed,1.22,normal,0.46,2100,mm,-1066.80,28.06,28.22,28.2857,6.82,1.92,0.28,mixed,0.85,stressed,2.42,1200,mm,-10981.21
243.577,117,367.0,-30940.17,-30940.17,20200,-13600,175.85,175.87,175.8204,-5.95,1.94,0.05,chop,-1.03,normal,0.16,-16900,dir,-18892.16,103.15,103.16,103.1419,2.22,0.75,0.33,mixed,1.22,normal,0.46,2100,mm,-1066.80,28.06,28.22,28.2857,6.82,1.92,0.28,mixed,0.85,stressed,2.42,1200,mm,-10981.21
243.984,117,367.0,-30940.17,-30940.17,19000,-14800,175.84,175.87,175.8247,-5.10,1.94,0.03,chop,-1.02,normal,0.16,-16900,dir,-18892.16,103.15,103.16,103.1436,2.26,0.70,0.33,mixed,1.19,normal,0.46,2100,mm,-1066.80,28.06,28.22,28.2857,6.82,1.92,0.28,mixed,0.85,stressed,2.42,0,mm,-10992.88
244.099,117,367.0,-30940.17,-30940.17,19000,-14800,175.86,175.88,175.8265,-4.76,1.85,0.03,chop,-1.02,normal,0.16,-16900,dir,-18892.16,103.14,103.16,103.1438,2.22,0.70,0.33,mixed,1.19,normal,0.46,2100,mm,-1066.80,28.08,28.21,28.2857,6.82,1.92,0.28,mixed,0.85,stressed,2.42,0,mm,-10992.88
244.452,117,368.4,-30940.17,-30940.17,19000,-14800,175.89,175.9,175.8340,-3.29,1.85,0.32,mixed,-0.80,normal,0.16,-16900,dir,-18892.16,103.15,103.17,103.1456,2.34,0.70,0.30,mixed,1.24,normal,0.46,2100,mm,-1066.80,28.14,28.19,28.2724,3.44,2.16,0.13,chop,0.39,normal,2.42,0,mm,-10992.88
244.590,117,368.4,-30940.17,-30940.17,19000,-14800,175.89,175.9,175.8368,-2.84,1.85,0.32,mixed,-0.80,normal,0.16,-16900,cut,-18892.16,103.15,103.17,103.1462,2.37,0.65,0.30,mixed,1.24,normal,0.46,2100,mm,-1066.80,28.14,28.19,28.2675,2.42,2.16,0.13,chop,0.39,normal,2.42,0,mm,-10992.88
245.213,117,369.6,-30940.17,-30940.17,15000,-10800,175.89,175.9,175.8476,-1.45,1.90,0.59,mixed,-0.76,normal,0.16,-12900,cut,-19425.36,103.15,103.16,103.1479,2.21,0.66,0.06,chop,1.13,normal,0.46,2100,mm,-1087.80,28.15,28.17,28.2475,-0.84,1.96,0.19,chop,0.32,normal,2.42,0,mm,-10992.88
246.185,118,366.0,-31893.44,-31893.44,15200,-10600,175.93,175.94,175.8717,1.58,2.06,0.67,TREND,-0.53,normal,0.33,-12900,cut,-19812.36,103.14,103.15,103.1471,1.46,0.70,0.11,chop,0.89,normal,1.07,2300,mm,-1088.20,28.15,28.17,28.2234,-2.90,1.82,0.49,mixed,0.27,normal,0.79,0,mm,-10992.88
246.412,118,366.0,-31893.44,-31893.44,15900,-9900,175.93,175.94,175.8764,1.91,2.06,0.67,TREND,-0.53,normal,0.33,-12900,cut,-19812.36,103.11,103.15,103.1458,1.09,0.70,0.11,chop,0.89,normal,1.07,3000,mm,-1179.60,28.16,28.18,28.2195,-2.93,1.82,0.49,mixed,0.27,normal,0.79,0,mm,-10992.88
246.712,118,366.8,-31893.44,-31893.44,10100,-6100,175.99,176.01,175.8881,3.67,2.39,0.75,TREND,-0.20,stressed,0.33,-7900,cut,-20315.81,103.13,103.14,103.1448,0.83,0.72,0.16,chop,0.62,normal,1.07,2000,mm,-1121.60,28.16,28.18,28.2148,-2.93,1.78,0.49,mixed,0.34,normal,0.79,-200,mm,-11000.66
246.838,118,366.8,-31893.44,-31893.44,10100,-6100,176.0,176.01,175.8928,4.28,2.39,0.75,TREND,-0.20,stressed,0.33,-7900,cut,-20315.81,103.1,103.14,103.1438,0.59,0.72,0.16,chop,0.62,normal,1.07,2000,mm,-1121.60,28.16,28.18,28.2129,-2.92,1.78,0.49,mixed,0.34,normal,0.79,-200,mm,-11000.66
246.921,118,366.8,-31893.44,-31893.44,10100,-6100,176.0,176.01,175.8959,4.64,2.39,0.75,TREND,-0.20,stressed,0.33,-7900,cut,-20315.81,103.1,103.14,103.1431,0.44,0.72,0.16,chop,0.62,normal,1.07,2000,mm,-1121.60,28.16,28.18,28.2118,-2.91,1.78,0.49,mixed,0.34,normal,0.79,-200,mm,-11000.66
247.178,118,366.8,-31893.44,-31893.44,11861,-4661,176.03,176.04,175.9073,6.13,2.39,0.83,TREND,-0.02,stressed,0.33,-7900,cut,-20315.81,103.11,103.13,103.1412,0.08,0.72,0.24,chop,0.22,calm,1.07,3600,mm,-1207.36,28.17,28.2,28.2096,-2.59,1.78,0.52,mixed,0.44,normal,0.79,-361,mm,-10994.48
247.801,119,363.4,-33102.62,-33102.62,11181,-7581,176.04,176.07,175.9349,8.95,2.54,0.84,TREND,0.10,stressed,0.36,-7900,cut,-20947.81,103.11,103.14,103.1382,-0.28,0.74,0.05,chop,0.30,calm,1.03,1800,mm,-1156.96,28.2,28.26,28.2134,-0.28,2.18,0.28,mixed,0.78,normal,0.97,-1481,mm,-11019.25
247.945,119,363.4,-33102.62,-33102.62,11181,-7581,176.04,176.07,175.9406,9.32,2.54,0.84,TREND,0.10,stressed,0.36,-7900,cut,-20947.81,103.11,103.14,103.1376,-0.33,0.74,0.05,chop,0.30,calm,1.03,1800,mm,-1156.96,28.2,28.26,28.2142,0.06,2.18,0.28,mixed,0.78,normal,0.97,-1481,mm,-11019.25
