t,case_tick,sec_left,pnl,nlv,gross,net,CNR_bid,CNR_ask,CNR_fair,CNR_gap,CNR_vol,CNR_er,CNR_regime,CNR_bbz,CNR_vstate,CNR_tslow,CNR_pos,CNR_mode,CNR_pnl,RY_bid,RY_ask,RY_fair,RY_gap,RY_vol,RY_er,RY_regime,RY_bbz,RY_vstate,RY_tslow,RY_pos,RY_mode,RY_pnl,AC_bid,AC_ask,AC_fair,AC_gap,AC_vol,AC_er,AC_regime,AC_bbz,AC_vstate,AC_tslow,AC_pos,AC_mode,AC_pnl
19.464,49,251.0,0.00,0.00,0,0,155.49,155.5,155.4950,0.00,1.00,0.00,warmup,0.00,normal,0.00,0,mm,0.00,99.86,99.87,99.8650,0.00,1.00,0.00,warmup,0.00,normal,0.00,0,mm,0.00,25.31,25.35,25.3300,0.00,1.00,0.00,warmup,0.00,normal,0.00,0,mm,0.00
19.525,49,251.0,0.00,0.00,0,0,155.49,155.5,155.4950,0.00,1.00,0.00,warmup,0.00,normal,0.00,0,mm,0.00,99.86,99.87,99.8650,0.00,1.00,0.00,warmup,0.00,normal,0.00,0,mm,0.00,25.33,25.34,25.3301,0.02,1.00,0.00,warmup,0.00,normal,0.00,0,mm,0.00
19.558,49,251.0,0.00,0.00,0,0,155.49,155.5,155.4950,0.00,1.00,0.00,warmup,0.00,normal,0.00,0,mm,0.00,99.86,99.87,99.8650,0.00,1.00,0.00,warmup,0.00,normal,0.00,0,mm,0.00,25.33,25.34,25.3302,0.04,1.00,0.00,warmup,0.00,normal,0.00,0,mm,0.00
19.592,49,251.0,0.00,0.00,0,0,155.49,155.5,155.4950,0.00,1.00,0.00,warmup,0.00,normal,0.00,0,mm,0.00,99.86,99.87,99.8650,0.00,1.00,0.00,warmup,0.00,normal,0.00,0,mm,0.00,25.33,25.34,25.3303,0.05,1.00,0.00,warmup,0.00,normal,0.00,0,mm,0.00
19.657,49,251.0,0.00,0.00,500,500,155.49,155.5,155.4950,0.00,1.00,0.00,warmup,0.00,normal,0.00,0,mm,0.00,99.86,99.87,99.8650,0.00,1.00,0.00,warmup,0.00,normal,0.00,0,mm,0.00,25.33,25.34,25.3304,0.07,1.00,0.00,warmup,0.00,normal,0.00,500,mm,5.55
19.702,49,251.0,0.00,0.00,500,500,155.48,155.5,155.4949,-0.02,1.00,0.00,warmup,0.00,normal,0.00,0,mm,0.00,99.86,99.87,99.8650,0.00,1.00,0.00,warmup,0.00,normal,0.00,0,mm,0.00,25.33,25.34,25.3305,0.09,1.00,0.00,warmup,0.00,normal,0.00,500,mm,5.55
19.768,49,251.0,0.00,0.00,1300,-1300,155.48,155.49,155.4946,-0.07,1.00,0.00,warmup,0.00,normal,0.00,0,mm,0.00,99.86,99.87,99.8650,0.00,1.00,0.00,warmup,0.00,normal,0.00,0,mm,0.00,25.33,25.34,25.3307,0.11,1.00,0.00,warmup,0.00,normal,0.00,-1300,mm,12.53
19.822,49,251.0,0.00,0.00,1300,-1300,155.48,155.49,155.4944,-0.11,1.00,0.00,warmup,0.00,normal,0.00,0,mm,0.00,99.86,99.87,99.8650,0.00,1.00,0.00,warmup,0.00,normal,0.00,0,mm,0.00,25.33,25.34,25.3308,0.12,1.00,0.00,warmup,0.00,normal,0.00,-1300,mm,12.53
19.843,49,251.0,0.00,0.00,1300,-1300,155.48,155.49,155.4943,-0.12,1.00,0.00,warmup,0.00,normal,0.00,0,mm,0.00,99.86,99.87,99.8650,0.00,1.00,0.00,warmup,0.00,normal,0.00,0,mm,0.00,25.33,25.34,25.3308,0.13,1.00,0.00,warmup,0.00,normal,0.00,-1300,mm,12.53
19.894,49,251.0,0.00,0.00,1300,-1300,155.48,155.49,155.4940,-0.16,1.00,0.00,warmup,0.00,normal,0.00,0,mm,0.00,99.86,99.87,99.8650,0.00,1.00,0.00,warmup,0.00,normal,0.00,0,mm,0.00,25.33,25.34,25.3309,0.14,1.00,0.00,warmup,0.00,normal,0.00,-1300,mm,12.53
19.921,49,251.0,0.00,0.00,1300,-1300,155.48,155.49,155.4939,-0.17,1.00,0.00,warmup,0.00,normal,0.00,0,mm,0.00,99.86,99.87,99.8650,0.00,1.00,0.00,warmup,0.00,normal,0.00,0,mm,0.00,25.33,25.34,25.3310,0.14,1.00,0.00,warmup,0.00,normal,0.00,-1300,mm,12.53
19.938,49,251.0,0.00,0.00,1300,-1300,155.48,155.49,155.4939,-0.18,1.00,0.00,warmup,0.00,normal,0.00,0,mm,0.00,99.86,99.87,99.8650,0.00,1.00,0.00,warmup,0.00,normal,0.00,0,mm,0.00,25.33,25.34,25.3310,0.15,1.00,0.00,warmup,0.00,normal,0.00,-1300,mm,12.53
19.960,50,250.0,5.55,5.55,1300,-1300,155.48,155.49,155.4938,-0.20,1.00,0.00,warmup,0.00,normal,0.00,0,mm,0.00,99.86,99.87,99.8650,0.00,1.00,0.00,warmup,0.00,normal,0.00,0,mm,0.00,25.33,25.34,25.3310,0.15,1.00,0.00,warmup,0.00,normal,0.00,-1300,mm,12.53
20.043,50,250.0,5.55,5.55,7600,2400,155.48,155.49,155.4934,-0.24,0.99,0.00,warmup,0.00,normal,0.00,5000,mm,-63.50,99.86,99.87,99.8650,0.00,0.90,0.00,warmup,0.00,normal,0.00,0,mm,0.00,25.33,25.34,25.3312,0.17,0.95,0.00,warmup,0.00,normal,0.00,-2600,mm,37.14
20.078,50,250.0,5.55,5.55,7600,2400,155.48,155.49,155.4933,-0.26,0.99,0.00,warmup,0.00,normal,0.00,5000,mm,-63.50,99.86,99.87,99.8650,0.00,0.90,0.00,warmup,0.00,normal,0.00,0,mm,0.00,25.33,25.34,25.3313,0.18,0.95,0.00,warmup,0.00,normal,0.00,-2600,mm,37.14
20.111,50,250.0,5.55,5.55,7600,2400,155.48,155.49,155.4932,-0.28,0.99,0.00,warmup,0.00,normal,0.00,5000,mm,-63.50,99.86,99.87,99.8650,0.00,0.90,0.00,warmup,0.00,normal,0.00,0,mm,0.00,25.33,25.34,25.3313,0.18,0.95,0.00,warmup,0.00,normal,0.00,-2600,mm,37.14
20.132,50,250.0,5.55,5.55,7600,2400,155.48,155.49,155.4931,-0.29,0.99,0.00,warmup,0.00,normal,0.00,5000,mm,-63.50,99.86,99.87,99.8650,0.00,0.90,0.00,warmup,0.00,normal,0.00,0,mm,0.00,25.33,25.34,25.3314,0.19,0.95,0.00,warmup,0.00,normal,0.00,-2600,mm,37.14
20.156,50,250.0,5.55,5.55,7600,2400,155.48,155.49,155.4930,-0.30,0.99,0.00,warmup,0.00,normal,0.00,5000,mm,-63.50,99.86,99.87,99.8650,0.00,0.90,0.00,warmup,0.00,normal,0.00,0,mm,0.00,25.33,25.34,25.3314,0.19,0.95,0.00,warmup,0.00,normal,0.00,-2600,mm,37.14
20.183,50,250.0,5.55,5.55,7600,2400,155.48,155.49,155.4929,-0.31,0.99,0.00,warmup,0.00,normal,0.00,5000,mm,-63.50,99.86,99.87,99.8650,0.00,0.90,0.00,warmup,0.00,normal,0.00,0,mm,0.00,25.33,25.34,25.3314,0.20,0.95,0.00,warmup,0.00,normal,0.00,-2600,mm,37.14
20.208,50,250.0,5.55,5.55,7600,2400,155.48,155.49,155.4928,-0.32,0.99,0.00,warmup,0.00,normal,0.00,5000,mm,-63.50,99.86,99.87,99.8650,0.00,0.90,0.00,warmup,0.00,normal,0.00,0,mm,0.00,25.33,25.34,25.3315,0.20,0.95,0.00,warmup,0.00,normal,0.00,-2600,mm,37.14
20.239,50,250.0,5.55,5.55,6500,3500,155.48,155.49,155.4927,-0.33,0.99,0.00,warmup,0.00,normal,0.00,5000,mm,-63.50,99.86,99.87,99.8650,0.00,0.90,0.00,warmup,0.00,normal,0.00,0,mm,0.00,25.33,25.34,25.3315,0.21,0.95,0.00,warmup,0.00,normal,0.00,-1500,mm,94.35
20.275,50,250.0,5.55,5.55,6500,3500,155.48,155.49,155.4926,-0.35,0.99,0.00,warmup,0.00,normal,0.00,5000,mm,-63.50,99.86,99.87,99.8650,0.00,0.90,0.00,warmup,0.00,normal,0.00,0,mm,0.00,25.33,25.34,25.3316,0.21,0.95,0.00,warmup,0.00,normal,0.00,-1500,mm,94.35
20.297,50,250.0,5.55,5.55,6500,3500,155.48,155.49,155.4925,-0.36,0.99,0.00,warmup,0.00,normal,0.00,5000,mm,-63.50,99.86,99.87,99.8650,0.00,0.90,0.00,warmup,0.00,normal,0.00,0,mm,0.00,25.33,25.34,25.3316,0.21,0.95,0.00,warmup,0.00,normal,0.00,-1500,mm,94.35
20.319,50,250.0,5.55,5.55,6500,3500,155.48,155.49,155.4924,-0.37,0.99,0.00,warmup,0.00,normal,0.00,5000,mm,-63.50,99.86,99.87,99.8650,0.00,0.90,0.00,warmup,0.00,normal,0.00,0,mm,0.00,25.33,25.34,25.3317,0.22,0.95,0.00,warmup,0.00,normal,0.00,-1500,mm,94.35
20.347,50,250.0,5.55,5.55,6500,3500,155.48,155.49,155.4923,-0.38,0.99,0.00,warmup,0.00,normal,0.00,5000,mm,-63.50,99.86,99.87,99.8650,0.00,0.90,0.00,warmup,0.00,normal,0.00,0,mm,0.00,25.33,25.34,25.3317,0.22,0.95,0.00,warmup,0.00,normal,0.00,-1500,mm,94.35
20.378,50,250.0,5.55,5.55,6500,3500,155.48,155.49,155.4922,-0.39,0.99,0.00,warmup,0.00,normal,0.00,5000,mm,-63.50,99.86,99.87,99.8650,0.00,0.90,0.00,warmup,0.00,normal,0.00,0,mm,0.00,25.33,25.34,25.3318,0.23,0.95,0.00,warmup,0.00,normal,0.00,-1500,mm,94.35
20.398,50,250.0,5.55,5.55,6500,3500,155.48,155.49,155.4921,-0.39,0.99,0.00,warmup,0.00,normal,0.00,5000,mm,-63.50,99.86,99.87,99.8650,0.00,0.90,0.00,warmup,0.00,normal,0.00,0,mm,0.00,25.33,25.34,25.3318,0.23,0.95,0.00,warmup,0.00,normal,0.00,-1500,mm,94.35
20.424,50,250.0,5.55,5.55,6500,3500,155.48,155.49,155.4920,-0.40,0.99,0.00,warmup,0.00,normal,0.00,5000,mm,-63.50,99.86,99.87,99.8650,0.00,0.90,0.00,warmup,0.00,normal,0.00,0,mm,0.00,25.33,25.34,25.3318,0.23,0.95,0.00,warmup,0.00,normal,0.00,-1500,mm,94.35
20.449,50,250.0,5.55,5.55,6500,3500,155.48,155.49,155.4920,-0.41,0.99,0.00,warmup,0.00,normal,0.00,5000,mm,-63.50,99.86,99.87,99.8650,0.00,0.90,0.00,warmup,0.00,normal,0.00,0,mm,0.00,25.33,25.34,25.3319,0.23,0.95,0.00,warmup,0.00,normal,0.00,-1500,mm,94.35
20.491,50,250.0,5.55,5.55,3500,500,155.48,155.49,155.4918,-0.42,0.99,0.00,warmup,0.00,normal,0.00,2000,mm,-26.60,99.86,99.87,99.8650,0.00,0.90,0.00,warmup,0.00,normal,0.00,0,mm,0.00,25.33,25.34,25.3319,0.24,0.95,0.00,warmup,0.00,normal,0.00,-1500,mm,49.35
20.540,50,250.0,5.55,5.55,3500,500,155.48,155.49,155.4917,-0.44,0.99,0.00,warmup,0.00,normal,0.00,2000,mm,-26.60,99.86,99.87,99.8650,0.00,0.90,0.00,warmup,0.00,normal,0.00,0,mm,0.00,25.33,25.34,25.3320,0.24,0.95,0.00,warmup,0.00,normal,0.00,-1500,mm,49.35
20.560,50,250.0,5.55,5.55,3500,500,155.48,155.49,155.4916,-0.44,0.90,0.00,warmup,0.00,normal,0.00,2000,mm,-26.60,99.86,99.87,99.8650,0.00,0.81,0.00,warmup,0.00,normal,0.00,0,mm,0.00,25.33,25.34,25.3320,0.24,0.86,0.00,warmup,0.00,normal,0.00,-1500,mm,49.35
20.587,50,250.0,5.55,5.55,3500,500,155.48,155.49,155.4915,-0.45,0.90,0.00,warmup,0.00,normal,0.00,2000,mm,-26.60,99.86,99.87,99.8650,0.00,0.81,0.00,warmup,0.00,normal,0.00,0,mm,0.00,25.33,25.34,25.3321,0.25,0.86,0.00,warmup,0.00,normal,0.00,-1500,mm,49.35
20.627,50,250.0,5.55,5.55,3500,500,155.48,155.49,155.4914,-0.46,0.90,0.00,warmup,0.00,normal,0.00,2000,mm,-26.60,99.86,99.87,99.8650,0.00,0.81,0.00,warmup,0.00,normal,0.00,0,mm,0.00,25.33,25.34,25.3321,0.25,0.86,0.00,warmup,0.00,normal,0.00,-1500,mm,49.35
20.687,50,250.0,5.55,5.55,3500,500,155.48,155.49,155.4912,-0.47,0.90,0.00,warmup,0.00,normal,0.00,2000,mm,-26.60,99.86,99.87,99.8650,0.00,0.81,0.00,warmup,0.00,normal,0.00,0,mm,0.00,25.33,25.34,25.3322,0.26,0.86,0.00,warmup,0.00,normal,0.00,-1500,mm,49.35
20.768,50,250.0,5.55,5.55,3900,100,155.48,155.49,155.4910,-0.49,0.90,0.00,warmup,0.00,normal,0.00,2000,mm,-26.60,99.86,99.87,99.8650,0.00,0.81,0.00,warmup,0.00,normal,0.00,0,mm,0.00,25.33,25.34,25.3323,0.26,0.86,0.00,warmup,0.00,normal,0.00,-1900,mm,49.79
20.823,50,250.0,5.55,5.55,3900,100,155.48,155.49,155.4908,-0.50,0.90,0.00,warmup,0.00,normal,0.00,2000,mm,-26.60,99.86,99.87,99.8650,0.00,0.81,0.00,warmup,0.00,normal,0.00,0,mm,0.00,25.33,25.34,25.3324,0.26,0.86,0.00,warmup,0.00,normal,0.00,-1900,mm,49.79
20.839,50,250.0,5.55,5.55,3900,100,155.48,155.49,155.4908,-0.50,0.90,0.00,warmup,0.00,normal,0.00,2000,mm,-26.60,99.86,99.87,99.8650,0.00,0.81,0.00,warmup,0.00,normal,0.00,0,mm,0.00,25.33,25.34,25.3324,0.27,0.86,0.00,warmup,0.00,normal,0.00,-1900,mm,49.79
20.882,50,250.0,5.55,5.55,3900,100,155.48,155.49,155.4907,-0.51,0.90,0.00,warmup,0.00,normal,0.00,2000,mm,-26.60,99.86,99.87,99.8650,0.00,0.81,0.00,warmup,0.00,normal,0.00,0,mm,0.00,25.33,25.34,25.3324,0.27,0.86,0.00,warmup,0.00,normal,0.00,-1900,mm,49.79
20.894,50,250.0,5.55,5.55,3900,100,155.48,155.49,155.4906,-0.51,0.90,0.00,warmup,0.00,normal,0.00,2000,mm,-26.60,99.86,99.87,99.8650,0.00,0.81,0.00,warmup,0.00,normal,0.00,0,mm,0.00,25.33,25.34,25.3325,0.27,0.86,0.00,warmup,0.00,normal,0.00,-1900,mm,49.79
20.919,50,250.0,5.55,5.55,3900,100,155.48,155.49,155.4906,-0.51,0.90,0.00,warmup,0.00,normal,0.00,2000,mm,-26.60,99.86,99.87,99.8650,0.00,0.81,0.00,warmup,0.00,normal,0.00,0,mm,0.00,25.33,25.34,25.3325,0.27,0.86,0.00,warmup,0.00,normal,0.00,-1900,mm,49.79
20.944,50,250.0,5.55,5.55,3900,100,155.48,155.49,155.4905,-0.52,0.90,0.00,warmup,0.00,normal,0.00,2000,mm,-26.60,99.86,99.87,99.8650,0.00,0.81,0.00,warmup,0.00,normal,0.00,0,mm,0.00,25.33,25.34,25.3325,0.27,0.86,0.00,warmup,0.00,normal,0.00,-1900,mm,49.79
20.975,50,250.0,5.55,5.55,3900,100,155.48,155.49,155.4904,-0.52,0.90,0.00,warmup,0.00,normal,0.00,2000,mm,-26.60,99.86,99.87,99.8650,0.00,0.81,0.00,warmup,0.00,normal,0.00,0,mm,0.00,25.33,25.34,25.3325,0.27,0.86,0.00,warmup,0.00,normal,0.00,-1900,mm,49.79
21.024,51,249.0,22.75,22.75,4500,-500,155.48,155.49,155.4903,-0.53,0.90,0.00,warmup,0.00,normal,0.00,2000,mm,-26.60,99.86,99.87,99.8650,0.00,0.81,0.00,warmup,0.00,normal,0.00,0,mm,0.00,25.35,25.37,25.3332,0.37,0.86,0.00,warmup,0.00,normal,0.00,-2500,mm,50.45
21.101,51,249.0,22.75,22.75,4500,-500,155.48,155.49,155.4901,-0.54,0.82,0.00,warmup,0.00,normal,0.00,2000,mm,-26.60,99.86,99.87,99.8650,0.00,0.73,0.00,warmup,0.00,normal,0.00,0,mm,0.00,25.35,25.37,25.3341,0.52,0.99,0.00,warmup,0.00,normal,0.00,-2500,mm,50.45
21.126,51,249.0,22.75,22.75,4500,-500,155.48,155.49,155.4901,-0.54,0.82,0.00,warmup,0.00,normal,0.00,2000,mm,-26.60,99.86,99.87,99.8650,0.00,0.73,0.00,warmup,0.00,normal,0.00,0,mm,0.00,25.35,25.37,25.3344,0.56,0.99,0.00,warmup,0.00,normal,0.00,-2500,mm,50.45
21.153,51,249.0,22.75,22.75,4500,-500,155.48,155.49,155.4900,-0.54,0.82,0.00,warmup,0.00,normal,0.00,2000,mm,-26.60,99.86,99.87,99.8650,0.00,0.73,0.00,warmup,0.00,normal,0.00,0,mm,0.00,25.35,25.37,25.3348,0.61,0.99,0.00,warmup,0.00,normal,0.00,-2500,mm,50.45
21.178,51,249.0,22.75,22.75,4500,-500,155.48,155.49,155.4899,-0.54,0.82,0.00,warmup,0.00,normal,0.00,2000,mm,-26.60,99.86,99.87,99.8650,0.00,0.73,0.00,warmup,0.00,normal,0.00,0,mm,0.00,25.35,25.37,25.3351,0.65,0.99,0.00,warmup,0.00,normal,0.00,-2500,mm,50.45
21.205,51,249.0,22.75,22.75,4500,-500,155.48,155.49,155.4899,-0.55,0.82,0.00,warmup,0.00,normal,0.00,2000,mm,-26.60,99.86,99.87,99.8650,0.00,0.73,0.00,warmup,0.00,normal,0.00,0,mm,0.00,25.35,25.37,25.3354,0.69,0.99,0.00,warmup,0.00,normal,0.00,-2500,mm,50.45
21.231,51,249.0,22.75,22.75,4500,-500,155.48,155.49,155.4898,-0.55,0.82,0.00,warmup,0.00,normal,0.00,2000,mm,-26.60,99.86,99.87,99.8650,0.00,0.73,0.00,warmup,0.00,normal,0.00,0,mm,0.00,25.35,25.37,25.3357,0.73,0.99,0.00,warmup,0.00,normal,0.00,-2500,mm,50.45
21.256,51,249.0,22.75,22.75,4500,-500,155.48,155.49,155.4898,-0.55,0.82,0.00,warmup,0.00,normal,0.00,2000,mm,-26.60,99.86,99.87,99.8650,0.00,0.73,0.00,warmup,0.00,normal,0.00,0,mm,0.00,25.35,25.37,25.3360,0.77,0.99,0.00,warmup,0.00,normal,0.00,-2500,mm,50.45
21.301,51,249.0,22.75,22.75,3890,110,155.48,155.49,155.4897,-0.55,0.82,0.00,warmup,0.00,normal,0.00,2000,mm,-26.60,99.86,99.87,99.8650,0.00,0.73,0.00,warmup,0.00,normal,0.00,0,mm,0.00,25.36,25.37,25.3366,0.86,0.99,0.00,warmup,0.00,normal,0.00,-1890,mm,-19.37
21.339,51,249.0,22.75,22.75,3890,110,155.48,155.49,155.4896,-0.56,0.82,0.00,warmup,0.00,normal,0.00,2000,mm,-26.60,99.86,99.87,99.8650,0.00,0.73,0.00,warmup,0.00,normal,0.00,0,mm,0.00,25.36,25.37,25.3371,0.92,0.99,0.00,warmup,0.00,normal,0.00,-1890,mm,-19.37
21.364,51,249.0,22.75,22.75,3890,110,155.48,155.49,155.4895,-0.56,0.82,0.00,warmup,0.00,normal,0.00,2000,mm,-26.60,99.86,99.87,99.8650,0.00,0.73,0.00,warmup,0.00,normal,0.00,0,mm,0.00,25.36,25.37,25.3374,0.96,0.99,0.00,warmup,0.00,normal,0.00,-1890,mm,-19.37
21.392,51,249.0,22.75,22.75,3890,110,155.48,155.49,155.4895,-0.56,0.82,0.00,warmup,0.00,normal,0.00,2000,mm,-26.60,99.86,99.87,99.8650,0.00,0.73,0.00,warmup,0.00,normal,0.00,0,mm,0.00,25.36,25.37,25.3378,1.01,0.99,0.00,warmup,0.00,normal,0.00,-1890,mm,-19.37
21.411,51,249.0,22.75,22.75,3890,110,155.48,155.49,155.4894,-0.56,0.82,0.00,warmup,0.00,normal,0.00,2000,mm,-26.60,99.86,99.87,99.8650,0.00,0.73,0.00,warmup,0.00,normal,0.00,0,mm,0.00,25.36,25.37,25.3380,1.04,0.99,0.00,warmup,0.00,normal,0.00,-1890,mm,-19.37
21.437,51,249.0,22.75,22.75,3890,110,155.48,155.49,155.4894,-0.56,0.82,0.00,warmup,0.00,normal,0.00,2000,mm,-26.60,99.86,99.87,99.8650,0.00,0.73,0.00,warmup,0.00,normal,0.00,0,mm,0.00,25.36,25.37,25.3383,1.08,0.99,0.00,warmup,0.00,normal,0.00,-1890,mm,-19.37
21.463,51,249.0,22.75,22.75,3890,110,155.48,155.49,155.4893,-0.56,0.82,0.00,warmup,0.00,normal,0.00,2000,mm,-26.60,99.86,99.87,99.8650,0.00,0.73,0.00,warmup,0.00,normal,0.00,0,mm,0.00,25.36,25.37,25.3386,1.12,0.99,0.00,warmup,0.00,normal,0.00,-1890,mm,-19.37
21.488,51,249.0,22.75,22.75,3890,110,155.48,155.49,155.4893,-0.56,0.82,0.00,warmup,0.00,normal,0.00,2000,mm,-26.60,99.86,99.87,99.8650,0.00,0.73,0.00,warmup,0.00,normal,0.00,0,mm,0.00,25.36,25.37,25.3390,1.15,0.99,0.00,warmup,0.00,normal,0.00,-1890,mm,-19.37
21.564,51,249.0,22.75,22.75,6390,-6390,155.48,155.49,155.4891,-0.56,0.82,0.00,warmup,0.00,normal,0.00,-1600,mm,1.68,99.86,99.87,99.8650,0.00,0.73,0.00,warmup,0.00,normal,0.00,0,mm,0.00,25.36,25.49,25.3390,1.15,0.99,0.00,warmup,0.00,normal,0.00,-4790,mm,-119.24
21.620,51,249.0,22.75,22.75,6390,-6390,155.48,155.49,155.4890,-0.57,0.74,0.00,warmup,0.00,normal,0.00,-1600,mm,1.68,99.86,99.87,99.8650,0.00,0.66,0.00,warmup,0.00,normal,0.00,0,mm,0.00,25.36,25.49,25.3390,1.15,0.99,0.00,warmup,0.00,normal,0.00,-4790,mm,-119.24
21.685,51,249.0,22.75,22.75,5290,-5290,155.48,155.49,155.4889,-0.57,0.74,0.00,warmup,0.00,normal,0.00,-100,mm,20.13,99.86,99.87,99.8650,0.00,0.66,0.00,warmup,0.00,normal,0.00,0,mm,0.00,25.47,25.48,25.3430,1.80,1.90,0.00,warmup,0.00,normal,0.00,-5190,mm,-507.03
21.726,51,249.0,22.75,22.75,5290,-5290,155.48,155.49,155.4888,-0.57,0.74,0.00,warmup,0.00,normal,0.00,-100,mm,20.13,99.86,99.87,99.8650,0.00,0.66,0.00,warmup,0.00,normal,0.00,0,mm,0.00,25.47,25.48,25.3456,2.19,1.90,0.00,warmup,0.00,normal,0.00,-5190,mm,-507.03
21.747,51,249.0,22.75,22.75,5290,-5290,155.48,155.49,155.4888,-0.57,0.74,0.00,warmup,0.00,normal,0.00,-100,mm,20.13,99.86,99.87,99.8650,0.00,0.66,0.00,warmup,0.00,normal,0.00,0,mm,0.00,25.47,25.48,25.3468,2.38,1.90,0.00,warmup,0.00,normal,0.00,-5190,mm,-507.03
21.786,51,249.0,22.75,22.75,4020,-4020,155.48,155.49,155.4887,-0.57,0.74,0.00,warmup,0.00,normal,0.00,-100,mm,20.13,99.86,99.87,99.8650,0.00,0.66,0.00,warmup,0.00,normal,0.00,0,mm,0.00,25.47,25.59,25.3468,2.38,1.90,0.00,warmup,0.00,normal,0.00,-3920,mm,-985.36
21.808,51,249.0,22.75,22.75,4020,-4020,155.48,155.49,155.4887,-0.57,0.74,0.00,warmup,0.00,normal,0.00,-100,mm,20.13,99.86,99.87,99.8650,0.00,0.66,0.00,warmup,0.00,normal,0.00,0,mm,0.00,25.47,25.59,25.3468,2.38,1.90,0.00,warmup,0.00,normal,0.00,-3920,mm,-985.36
21.834,51,249.0,22.75,22.75,4020,-4020,155.48,155.49,155.4886,-0.57,0.74,0.00,warmup,0.00,normal,0.00,-100,mm,20.13,99.86,99.87,99.8650,0.00,0.66,0.00,warmup,0.00,normal,0.00,0,mm,0.00,25.47,25.59,25.3468,2.38,1.90,0.00,warmup,0.00,normal,0.00,-3920,mm,-985.36
21.850,51,249.0,22.75,22.75,4020,-4020,155.48,155.49,155.4886,-0.57,0.74,0.00,warmup,0.00,normal,0.00,-100,mm,20.13,99.86,99.87,99.8650,0.00,0.66,0.00,warmup,0.00,normal,0.00,0,mm,0.00,25.47,25.59,25.3468,2.38,1.90,0.00,warmup,0.00,normal,0.00,-3920,mm,-985.36
21.876,51,249.0,22.75,22.75,4020,-4020,155.48,155.49,155.4886,-0.57,0.74,0.00,warmup,0.00,normal,0.00,-100,mm,20.13,99.86,99.87,99.8650,0.00,0.66,0.00,warmup,0.00,normal,0.00,0,mm,0.00,25.47,25.59,25.3468,2.38,1.90,0.00,warmup,0.00,normal,0.00,-3920,mm,-985.36
21.900,51,249.0,22.75,22.75,4020,-4020,155.48,155.49,155.4885,-0.57,0.74,0.00,warmup,0.00,normal,0.00,-100,mm,20.13,99.86,99.87,99.8650,0.00,0.66,0.00,warmup,0.00,normal,0.00,0,mm,0.00,25.47,25.59,25.3468,2.38,1.90,0.00,warmup,0.00,normal,0.00,-3920,mm,-985.36
21.925,51,249.0,22.75,22.75,4020,-4020,155.48,155.49,155.4885,-0.57,0.74,0.00,warmup,0.00,normal,0.00,-100,mm,20.13,99.86,99.87,99.8650,0.00,0.66,0.00,warmup,0.00,normal,0.00,0,mm,0.00,25.47,25.59,25.3468,2.38,1.90,0.00,warmup,0.00,normal,0.00,-3920,mm,-985.36
21.950,51,249.0,22.75,22.75,4020,-4020,155.48,155.49,155.4884,-0.57,0.74,0.00,warmup,0.00,normal,0.00,-100,mm,20.13,99.86,99.87,99.8650,0.00,0.66,0.00,warmup,0.00,normal,0.00,0,mm,0.00,25.47,25.59,25.3468,2.38,1.90,0.00,warmup,0.00,normal,0.00,-3920,mm,-985.36
21.978,51,249.0,22.75,22.75,4020,-4020,155.48,155.49,155.4884,-0.57,0.74,0.00,warmup,0.00,normal,0.00,-100,mm,20.13,99.86,99.87,99.8650,0.00,0.66,0.00,warmup,0.00,normal,0.00,0,mm,0.00,25.47,25.59,25.3468,2.38,1.90,0.00,warmup,0.00,normal,0.00,-3920,mm,-985.36
22.003,51,249.0,22.75,22.75,4020,-4020,155.48,155.49,155.4883,-0.57,0.74,0.00,warmup,0.00,normal,0.00,-100,mm,20.13,99.86,99.87,99.8650,0.00,0.66,0.00,warmup,0.00,normal,0.00,0,mm,0.00,25.47,25.59,25.3468,2.38,1.90,0.00,warmup,0.00,normal,0.00,-3920,mm,-985.36
22.083,52,248.0,-486.90,-486.90,4820,-4820,155.48,155.49,155.4882,-0.56,0.74,0.00,warmup,0.00,normal,0.00,-1800,mm,24.04,99.86,99.87,99.8650,0.00,0.66,0.00,warmup,0.00,normal,0.00,0,mm,0.00,25.59,25.61,25.3562,3.85,1.90,0.00,warmup,0.00,normal,0.00,-3020,mm,-939.37
22.112,52,248.0,-486.90,-486.90,4820,-4820,155.48,155.49,155.4882,-0.56,0.74,0.00,warmup,0.00,normal,0.00,-1800,mm,24.04,99.86,99.87,99.8650,0.00,0.66,0.00,warmup,0.00,normal,0.00,0,mm,0.00,25.59,25.61,25.3594,4.33,1.90,0.00,warmup,0.00,normal,0.00,-3020,mm,-939.37
22.140,52,248.0,-486.90,-486.90,4820,-4820,155.48,155.49,155.4881,-0.56,0.68,0.00,warmup,0.00,normal,0.00,-1800,mm,24.04,99.86,99.87,99.8650,0.00,0.59,0.00,warmup,0.00,normal,0.00,0,mm,0.00,25.59,25.61,25.3626,4.81,1.90,0.00,warmup,0.00,normal,0.00,-3020,mm,-939.37
22.159,52,248.0,-486.90,-486.90,4820,-4820,155.48,155.49,155.4881,-0.56,0.68,0.00,warmup,0.00,normal,0.00,-1800,mm,24.04,99.86,99.87,99.8650,0.00,0.59,0.00,warmup,0.00,normal,0.00,0,mm,0.00,25.59,25.61,25.3647,5.11,1.90,0.00,warmup,0.00,normal,0.00,-3020,mm,-939.37
22.185,52,248.0,-486.90,-486.90,4820,-4820,155.48,155.49,155.4881,-0.56,0.68,0.00,warmup,0.00,normal,0.00,-1800,mm,24.04,99.86,99.87,99.8650,0.00,0.59,0.00,warmup,0.00,normal,0.00,0,mm,0.00,25.59,25.61,25.3676,5.52,2.71,0.00,warmup,0.00,normal,0.00,-3020,mm,-939.37
22.210,52,248.0,-486.90,-486.90,4820,-4820,155.48,155.49,155.4880,-0.56,0.68,0.00,warmup,0.00,normal,0.00,-1800,mm,24.04,99.86,99.87,99.8650,0.00,0.59,0.00,warmup,0.00,normal,0.00,0,mm,0.00,25.59,25.61,25.3703,5.90,2.71,0.00,warmup,0.00,normal,0.00,-3020,mm,-939.37
22.236,52,248.0,-486.90,-486.90,4820,-4820,155.48,155.49,155.4880,-0.56,0.68,0.00,warmup,0.00,normal,0.00,-1800,mm,24.04,99.86,99.87,99.8650,0.00,0.59,0.00,warmup,0.00,normal,0.00,0,mm,0.00,25.59,25.61,25.3732,6.29,2.71,0.00,warmup,0.00,normal,0.00,-3020,mm,-939.37
22.262,52,248.0,-486.90,-486.90,4820,-4820,155.48,155.49,155.4880,-0.56,0.68,0.00,warmup,0.00,normal,0.00,-1800,mm,24.04,99.86,99.87,99.8650,0.00,0.59,0.00,warmup,0.00,normal,0.00,0,mm,0.00,25.59,25.61,25.3759,6.65,2.71,0.00,warmup,0.00,normal,0.00,-3020,mm,-939.37
22.288,52,248.0,-486.90,-486.90,4820,-4820,155.48,155.49,155.4879,-0.56,0.68,0.00,warmup,0.00,normal,0.00,-1800,mm,24.04,99.86,99.87,99.8650,0.00,0.59,0.00,warmup,0.00,normal,0.00,0,mm,0.00,25.59,25.61,25.3787,7.02,2.71,0.00,warmup,0.00,normal,0.00,-3020,mm,-939.37
22.358,52,248.0,-486.90,-486.90,4220,-1820,155.48,155.49,155.4878,-0.55,0.68,0.00,warmup,0.00,normal,0.00,1200,mm,48.94,99.86,99.87,99.8650,0.00,0.59,0.00,warmup,0.00,normal,0.00,0,mm,0.00,25.63,25.64,25.3869,8.11,2.71,0.00,warmup,0.00,normal,0.00,-3020,mm,-939.37
22.406,52,248.0,-486.90,-486.90,4220,-1820,155.48,155.49,155.4878,-0.55,0.68,0.00,warmup,0.00,normal,0.00,1200,mm,48.94,99.86,99.87,99.8650,0.00,0.59,0.00,warmup,0.00,normal,0.00,0,mm,0.00,25.63,25.64,25.3925,8.82,2.71,0.00,warmup,0.00,normal,0.00,-3020,mm,-939.37
22.433,52,248.0,-486.90,-486.90,4220,-1820,155.48,155.49,155.4877,-0.55,0.68,0.00,warmup,0.00,normal,0.00,1200,mm,48.94,99.86,99.87,99.8650,0.00,0.59,0.00,warmup,0.00,normal,0.00,0,mm,0.00,25.63,25.64,25.3956,9.20,2.71,0.00,warmup,0.00,normal,0.00,-3020,mm,-939.37
22.455,52,248.0,-486.90,-486.90,4220,-1820,155.48,155.49,155.4877,-0.55,0.68,0.00,warmup,0.00,normal,0.00,1200,mm,48.94,99.86,99.87,99.8650,0.00,0.59,0.00,warmup,0.00,normal,0.00,0,mm,0.00,25.63,25.64,25.3980,9.49,2.71,0.00,warmup,0.00,normal,0.00,-3020,mm,-939.37
22.481,52,248.0,-486.90,-486.90,4220,-1820,155.48,155.49,155.4877,-0.55,0.68,0.00,warmup,0.00,normal,0.00,1200,mm,48.94,99.86,99.87,99.8650,0.00,0.59,0.00,warmup,0.00,normal,0.00,0,mm,0.00,25.63,25.64,25.4009,9.83,2.71,0.00,warmup,0.00,normal,0.00,-3020,mm,-939.37
22.509,52,248.0,-486.90,-486.90,4220,-1820,155.48,155.49,155.4876,-0.55,0.68,0.00,warmup,0.00,normal,0.00,1200,mm,48.94,99.86,99.87,99.8650,0.00,0.59,0.00,warmup,0.00,normal,0.00,0,mm,0.00,25.63,25.64,25.4040,10.19,2.71,0.00,warmup,0.00,normal,0.00,-3020,mm,-939.37
22.537,52,248.0,-486.90,-486.90,4220,-1820,155.48,155.49,155.4876,-0.55,0.68,0.00,warmup,0.00,normal,0.00,1200,mm,48.94,99.86,99.87,99.8650,0.00,0.59,0.00,warmup,0.00,normal,0.00,0,mm,0.00,25.63,25.64,25.4070,10.52,2.71,0.00,warmup,0.00,normal,0.00,-3020,mm,-939.37
22.569,52,248.0,-486.90,-486.90,4220,-1820,155.48,155.49,155.4876,-0.54,0.68,0.00,warmup,0.00,normal,0.00,1200,mm,48.94,99.86,99.87,99.8650,0.00,0.59,0.00,warmup,0.00,normal,0.00,0,mm,0.00,25.63,25.64,25.4105,10.90,2.71,0.00,warmup,0.00,normal,0.00,-3020,mm,-939.37
22.612,52,248.0,-486.90,-486.90,4220,-1820,155.48,155.49,155.4875,-0.54,0.68,0.00,warmup,0.00,normal,0.00,1200,mm,48.94,99.86,99.87,99.8650,0.00,0.59,0.00,warmup,0.00,normal,0.00,0,mm,0.00,25.63,25.64,25.4149,11.37,2.71,0.00,warmup,0.00,normal,0.00,-3020,mm,-939.37
22.627,52,248.0,-486.90,-486.90,4220,-1820,155.48,155.49,155.4875,-0.54,0.68,0.00,warmup,0.00,normal,0.00,1200,mm,48.94,99.86,99.87,99.8650,0.00,0.59,0.00,warmup,0.00,normal,0.00,0,mm,0.00,25.63,25.64,25.4165,11.54,2.71,0.00,warmup,0.00,normal,0.00,-3020,mm,-939.37
22.661,52,248.0,-486.90,-486.90,4220,-1820,155.48,155.49,155.4875,-0.54,0.61,0.00,warmup,0.00,normal,0.00,1200,mm,48.94,99.86,99.87,99.8650,0.00,0.53,0.00,warmup,0.00,normal,0.00,0,mm,0.00,25.63,25.64,25.4199,11.88,2.71,0.00,warmup,0.00,normal,0.00,-3020,mm,-1090.37
22.692,52,248.0,-486.90,-486.90,4220,-1820,155.48,155.49,155.4874,-0.54,0.61,0.00,warmup,0.00,normal,0.00,1200,mm,48.94,99.86,99.87,99.8650,0.00,0.53,0.00,warmup,0.00,normal,0.00,0,mm,0.00,25.63,25.64,25.4231,12.19,2.53,0.00,warmup,0.00,normal,0.00,-3020,mm,-1090.37
22.736,52,248.0,-486.90,-486.90,4220,-1820,155.48,155.49,155.4874,-0.54,0.61,0.00,warmup,0.00,normal,0.00,1200,mm,48.94,99.86,99.87,99.8650,0.00,0.53,0.00,warmup,0.00,normal,0.00,0,mm,0.00,25.63,25.64,25.4274,12.60,2.53,0.00,warmup,0.00,normal,0.00,-3020,mm,-1090.37
22.761,52,248.0,-486.90,-486.90,4220,-1820,155.48,155.49,155.4873,-0.53,0.61,0.00,warmup,0.00,normal,0.00,1200,mm,48.94,99.86,99.87,99.8650,0.00,0.53,0.00,warmup,0.00,normal,0.00,0,mm,0.00,25.63,25.64,25.4298,12.83,2.53,0.00,warmup,0.00,normal,0.00,-3020,mm,-1090.37
22.779,52,248.0,-486.90,-486.90,4220,-1820,155.48,155.49,155.4873,-0.53,0.61,0.00,warmup,0.00,normal,0.00,1200,mm,48.94,99.86,99.87,99.8650,0.00,0.53,0.00,warmup,0.00,normal,0.00,0,mm,0.00,25.63,25.64,25.4315,12.98,2.53,0.00,warmup,0.00,normal,0.00,-3020,mm,-1090.37
22.829,52,248.0,-486.90,-486.90,377,377,155.48,155.49,155.4873,-0.53,0.61,0.00,warmup,0.00,normal,0.00,377,mm,59.06,99.86,99.87,99.8650,0.00,0.53,0.00,warmup,0.00,normal,0.00,0,mm,0.00,25.63,25.64,25.4363,13.39,2.53,0.00,warmup,0.00,normal,0.00,0,mm,-1095.14
22.886,52,248.0,-486.90,-486.90,377,377,155.48,155.49,155.4872,-0.53,0.61,0.00,warmup,0.00,normal,0.00,377,mm,59.06,99.86,99.87,99.8650,0.00,0.53,0.00,warmup,0.00,normal,0.00,0,mm,0.00,25.63,25.64,25.4416,13.83,2.53,0.00,warmup,0.00,normal,0.00,0,mm,-1095.14
22.901,52,248.0,-486.90,-486.90,377,377,155.48,155.49,155.4872,-0.53,0.61,0.00,warmup,0.00,normal,0.00,377,mm,59.06,99.86,99.87,99.8650,0.00,0.53,0.00,warmup,0.00,normal,0.00,0,mm,0.00,25.63,25.64,25.4429,13.94,2.53,0.00,warmup,0.00,normal,0.00,0,mm,-1095.14
22.931,52,248.0,-486.90,-486.90,377,377,155.48,155.49,155.4872,-0.52,0.61,0.00,warmup,0.00,normal,0.00,377,mm,59.06,99.86,99.87,99.8650,0.00,0.53,0.00,warmup,0.00,normal,0.00,0,mm,0.00,25.63,25.64,25.4456,14.14,2.53,0.00,warmup,0.00,normal,0.00,0,mm,-1095.14
22.951,52,248.0,-486.90,-486.90,377,377,155.48,155.49,155.4871,-0.52,0.61,0.00,warmup,0.00,normal,0.00,377,mm,59.06,99.86,99.87,99.8650,0.00,0.53,0.00,warmup,0.00,normal,0.00,0,mm,0.00,25.63,25.64,25.4474,14.28,2.53,0.00,warmup,0.00,normal,0.00,0,mm,-1095.14
22.977,52,248.0,-486.90,-486.90,377,377,155.48,155.49,155.4871,-0.52,0.61,0.00,warmup,0.00,normal,0.00,377,mm,59.06,99.86,99.87,99.8650,0.00,0.53,0.00,warmup,0.00,normal,0.00,0,mm,0.00,25.63,25.64,25.4497,14.45,2.53,0.00,warmup,0.00,normal,0.00,0,mm,-1095.14
23.001,52,248.0,-486.90,-486.90,377,377,155.48,155.49,155.4871,-0.52,0.61,0.00,warmup,0.00,normal,0.00,377,mm,59.06,99.86,99.87,99.8650,0.00,0.53,0.00,warmup,0.00,normal,0.00,0,mm,0.00,25.63,25.64,25.4518,14.60,2.53,0.00,warmup,0.00,normal,0.00,0,mm,-1095.14
23.027,52,248.0,-486.90,-486.90,377,377,155.48,155.49,155.4871,-0.52,0.61,0.00,warmup,0.00,normal,0.00,377,mm,59.06,99.86,99.87,99.8650,0.00,0.53,0.00,warmup,0.00,normal,0.00,0,mm,0.00,25.63,25.64,25.4540,14.75,2.53,0.00,warmup,0.00,normal,0.00,0,mm,-1095.14
23.059,53,247.0,-1041.43,-1041.43,377,377,155.48,155.49,155.4870,-0.52,0.61,0.00,warmup,0.00,normal,0.00,377,mm,59.06,99.86,99.87,99.8650,0.00,0.53,0.00,warmup,0.00,normal,0.00,0,mm,0.00,25.63,25.64,25.4566,14.93,2.53,0.00,warmup,0.00,normal,0.00,0,mm,-1095.14
23.089,53,247.0,-1041.43,-1041.43,377,377,155.48,155.49,155.4870,-0.51,0.61,0.00,warmup,0.00,normal,0.00,377,mm,59.06,99.86,99.87,99.8650,0.00,0.53,0.00,warmup,0.00,normal,0.00,0,mm,0.00,25.63,25.65,25.4594,15.11,2.53,0.00,warmup,0.00,normal,0.00,0,mm,-1095.14
23.141,53,247.0,-1041.43,-1041.43,377,377,155.48,155.49,155.4870,-0.51,0.61,0.00,warmup,0.00,normal,0.00,377,mm,59.06,99.86,99.87,99.8650,0.00,0.53,0.00,warmup,0.00,normal,0.00,0,mm,0.00,25.63,25.65,25.4636,15.39,2.53,0.00,warmup,0.00,normal,0.00,0,mm,-1095.14
23.155,53,247.0,-1041.43,-1041.43,377,377,155.48,155.49,155.4869,-0.51,0.61,0.00,warmup,0.00,normal,0.00,377,mm,59.06,99.86,99.87,99.8650,0.00,0.53,0.00,warmup,0.00,normal,0.00,0,mm,0.00,25.63,25.65,25.4648,15.46,2.53,0.00,warmup,0.00,normal,0.00,0,mm,-1095.14
23.188,53,247.0,-1041.43,-1041.43,377,377,155.48,155.49,155.4869,-0.51,0.56,0.00,warmup,0.00,normal,0.00,377,mm,59.06,99.86,99.87,99.8650,0.00,0.48,0.00,warmup,0.00,normal,0.00,0,mm,0.00,25.63,25.65,25.4675,15.62,2.53,0.00,warmup,0.00,normal,0.00,0,mm,-1095.14
23.207,53,247.0,-1041.43,-1041.43,377,377,155.48,155.49,155.4869,-0.51,0.56,0.00,warmup,0.00,normal,0.00,377,mm,59.06,99.86,99.87,99.8650,0.00,0.48,0.00,warmup,0.00,normal,0.00,0,mm,0.00,25.63,25.65,25.4690,15.71,2.46,0.00,warmup,0.00,normal,0.00,0,mm,-1095.14
23.231,53,247.0,-1041.43,-1041.43,377,377,155.48,155.49,155.4869,-0.51,0.56,0.00,warmup,0.00,normal,0.00,377,mm,59.06,99.86,99.87,99.8650,0.00,0.48,0.00,warmup,0.00,normal,0.00,0,mm,0.00,25.63,25.65,25.4710,15.82,2.46,0.00,warmup,0.00,normal,0.00,0,mm,-1095.14
23.256,53,247.0,-1041.43,-1041.43,377,377,155.48,155.49,155.4869,-0.50,0.56,0.00,warmup,0.00,normal,0.00,377,mm,59.06,99.86,99.87,99.8650,0.00,0.48,0.00,warmup,0.00,normal,0.00,0,mm,0.00,25.63,25.65,25.4730,15.94,2.46,0.00,warmup,0.00,normal,0.00,0,mm,-1095.14
23.283,53,247.0,-1041.43,-1041.43,377,377,155.48,155.49,155.4868,-0.50,0.56,0.00,warmup,0.00,normal,0.00,377,mm,59.06,99.86,99.87,99.8650,0.00,0.48,0.00,warmup,0.00,normal,0.00,0,mm,0.00,25.63,25.65,25.4751,16.05,2.46,0.00,warmup,0.00,normal,0.00,0,mm,-1095.14
23.309,53,247.0,-1041.43,-1041.43,377,377,155.48,155.49,155.4868,-0.50,0.56,0.00,warmup,0.00,normal,0.00,377,mm,59.06,99.86,99.87,99.8650,0.00,0.48,0.00,warmup,0.00,normal,0.00,0,mm,0.00,25.63,25.65,25.4771,16.15,2.46,0.00,warmup,0.00,normal,0.00,0,mm,-1095.14
23.337,53,247.0,-1041.43,-1041.43,3377,3377,155.48,155.49,155.4868,-0.50,0.56,0.00,warmup,0.00,normal,0.00,377,mm,59.06,99.86,99.87,99.8650,0.00,0.48,0.00,warmup,0.00,normal,0.00,0,mm,0.00,25.63,25.64,25.4792,16.24,2.46,0.00,warmup,0.00,normal,0.00,3000,mm,-1121.84
23.366,53,247.0,-1041.43,-1041.43,3377,3377,155.48,155.49,155.4868,-0.50,0.56,0.00,warmup,0.00,normal,0.00,377,mm,59.06,99.86,99.87,99.8650,0.00,0.48,0.00,warmup,0.00,normal,0.00,0,mm,0.00,25.63,25.64,25.4812,16.33,2.46,0.00,warmup,0.00,normal,0.00,3000,mm,-1121.84
23.397,53,247.0,-1041.43,-1041.43,3377,3377,155.48,155.49,155.4867,-0.49,0.56,0.00,warmup,0.00,normal,0.00,377,mm,59.06,99.86,99.87,99.8650,0.00,0.48,0.00,warmup,0.00,normal,0.00,0,mm,0.00,25.63,25.64,25.4835,16.42,2.46,0.00,warmup,0.00,normal,0.00,3000,mm,-1121.84
23.414,53,247.0,-1041.43,-1041.43,3377,3377,155.48,155.49,155.4867,-0.49,0.56,0.00,warmup,0.00,normal,0.00,377,mm,59.06,99.86,99.87,99.8650,0.00,0.48,0.00,warmup,0.00,normal,0.00,0,mm,0.00,25.63,25.64,25.4847,16.47,2.46,0.00,warmup,0.00,normal,0.00,3000,mm,-1121.84
23.440,53,247.0,-1041.43,-1041.43,3377,3377,155.48,155.49,155.4867,-0.49,0.56,0.00,warmup,0.00,normal,0.00,377,mm,59.06,99.86,99.87,99.8650,0.00,0.48,0.00,warmup,0.00,normal,0.00,0,mm,0.00,25.63,25.64,25.4865,16.54,2.46,0.00,warmup,0.00,normal,0.00,3000,mm,-1121.84
23.464,53,247.0,-1041.43,-1041.43,3377,3377,155.48,155.49,155.4867,-0.49,0.56,0.00,warmup,0.00,normal,0.00,377,mm,59.06,99.86,99.87,99.8650,0.00,0.48,0.00,warmup,0.00,normal,0.00,0,mm,0.00,25.63,25.64,25.4882,16.60,2.46,0.00,warmup,0.00,normal,0.00,3000,mm,-1121.84
23.491,53,247.0,-1041.43,-1041.43,3377,3377,155.48,155.49,155.4867,-0.49,0.56,0.00,warmup,0.00,normal,0.00,377,mm,59.06,99.86,99.87,99.8650,0.00,0.48,0.00,warmup,0.00,normal,0.00,0,mm,0.00,25.63,25.64,25.4901,16.66,2.46,0.00,warmup,0.00,normal,0.00,3000,mm,-1121.84
23.516,53,247.0,-1041.43,-1041.43,3377,3377,155.48,155.49,155.4866,-0.49,0.56,0.00,warmup,0.00,normal,0.00,377,mm,59.06,99.86,99.87,99.8650,0.00,0.48,0.00,warmup,0.00,normal,0.00,0,mm,0.00,25.63,25.64,25.4918,16.72,2.46,0.00,warmup,0.00,normal,0.00,3000,mm,-1121.84
23.540,53,247.0,-1041.43,-1041.43,3377,3377,155.48,155.49,155.4866,-0.48,0.56,0.00,warmup,0.00,normal,0.00,377,mm,59.06,99.86,99.87,99.8650,0.00,0.48,0.00,warmup,0.00,normal,0.00,0,mm,0.00,25.63,25.64,25.4934,16.77,2.46,0.00,warmup,0.00,normal,0.00,3000,mm,-1121.84
23.571,53,247.0,-1041.43,-1041.43,3377,3377,155.48,155.49,155.4866,-0.48,0.56,0.00,warmup,0.00,normal,0.00,377,mm,59.06,99.86,99.87,99.8650,0.00,0.48,0.00,warmup,0.00,normal,0.00,0,mm,0.00,25.63,25.64,25.4955,16.83,2.46,0.00,warmup,0.00,normal,0.00,3000,mm,-1121.84
23.597,53,247.0,-1041.43,-1041.43,3377,3377,155.48,155.49,155.4866,-0.48,0.56,0.00,warmup,0.00,normal,0.00,377,mm,59.06,99.86,99.87,99.8650,0.00,0.48,0.00,warmup,0.00,normal,0.00,0,mm,0.00,25.63,25.66,25.4973,16.90,2.46,0.00,warmup,0.00,normal,0.00,3000,mm,-1121.84
23.645,53,247.0,-1041.43,-1041.43,3377,3377,155.48,155.49,155.4865,-0.48,0.56,0.00,warmup,0.00,normal,0.00,377,mm,59.06,99.86,99.87,99.8650,0.00,0.48,0.00,warmup,0.00,normal,0.00,0,mm,0.00,25.63,25.66,25.5006,17.01,2.46,0.00,warmup,0.00,normal,0.00,3000,mm,-1121.84
23.687,53,247.0,-1041.43,-1041.43,3377,3377,155.48,155.49,155.4865,-0.47,0.51,0.00,warmup,0.00,normal,0.00,377,mm,59.06,99.86,99.87,99.8650,0.00,0.43,0.00,warmup,0.00,normal,0.00,0,mm,0.00,25.63,25.65,25.5033,17.09,2.46,0.00,warmup,0.00,normal,0.00,3000,mm,-1121.84
23.745,53,247.0,-1041.43,-1041.43,3377,3377,155.48,155.49,155.4865,-0.47,0.51,0.00,warmup,0.00,normal,0.00,377,mm,59.06,99.86,99.87,99.8650,0.00,0.43,0.00,warmup,0.00,normal,0.00,0,mm,0.00,25.63,25.65,25.5069,17.17,2.43,0.00,warmup,0.00,normal,0.00,3000,mm,-1121.84
23.766,53,247.0,-1041.43,-1041.43,3377,3377,155.48,155.49,155.4865,-0.47,0.51,0.00,warmup,0.00,normal,0.00,377,mm,59.06,99.86,99.87,99.8650,0.00,0.43,0.00,warmup,0.00,normal,0.00,0,mm,0.00,25.63,25.65,25.5083,17.20,2.43,0.00,warmup,0.00,normal,0.00,3000,mm,-1121.84
23.781,53,247.0,-1041.43,-1041.43,3377,3377,155.48,155.49,155.4864,-0.47,0.51,1.00,mixed,0.00,normal,0.00,377,mm,59.06,99.86,99.87,99.8650,0.00,0.43,0.00,chop,0.00,normal,0.00,0,mm,0.00,25.63,25.65,25.5092,17.22,2.43,0.00,warmup,0.00,normal,0.00,3000,mm,-1121.84
23.805,53,247.0,-1041.43,-1041.43,3377,3377,155.48,155.49,155.4864,-0.47,0.51,1.00,mixed,0.00,normal,0.00,377,mm,59.06,99.86,99.87,99.8650,0.00,0.43,0.00,chop,0.00,normal,0.00,0,mm,0.00,25.63,25.65,25.5107,17.24,2.43,0.00,warmup,0.00,normal,0.00,3000,mm,-1121.84
23.859,53,247.0,-1041.43,-1041.43,3377,3377,155.48,155.49,155.4864,-0.46,0.51,1.00,mixed,0.00,normal,0.00,377,mm,59.06,99.86,99.87,99.8650,0.00,0.43,0.00,chop,0.00,normal,0.00,0,mm,0.00,25.63,25.64,25.5138,17.27,2.43,0.00,warmup,0.00,normal,0.00,3000,mm,-1121.84
23.879,53,247.0,-1041.43,-1041.43,3377,3377,155.48,155.49,155.4864,-0.46,0.51,1.00,mixed,0.00,normal,0.00,377,mm,59.06,99.86,99.87,99.8650,0.00,0.43,0.00,chop,0.00,normal,0.00,0,mm,0.00,25.63,25.64,25.5150,17.28,2.43,0.00,warmup,0.00,normal,0.00,3000,mm,-1121.84
23.906,53,247.0,-1041.43,-1041.43,3377,3377,155.48,155.49,155.4864,-0.46,0.51,1.00,mixed,0.00,normal,0.00,377,mm,59.06,99.86,99.87,99.8650,0.00,0.43,0.00,chop,0.00,normal,0.00,0,mm,0.00,25.63,25.64,25.5165,17.29,2.43,0.00,warmup,0.00,normal,0.00,3000,mm,-1121.84
23.931,53,247.0,-1041.43,-1041.43,3377,3377,155.48,155.49,155.4863,-0.46,0.51,1.00,mixed,0.00,normal,0.00,377,mm,59.06,99.86,99.87,99.8650,0.00,0.43,0.00,chop,0.00,normal,0.00,0,mm,0.00,25.63,25.64,25.5179,17.30,2.43,0.00,warmup,0.00,normal,0.00,3000,mm,-1121.84
23.958,53,247.0,-1041.43,-1041.43,3377,3377,155.48,155.49,155.4863,-0.46,0.51,1.00,mixed,0.00,normal,0.00,377,mm,59.06,99.86,99.87,99.8650,0.00,0.43,0.00,chop,0.00,normal,0.00,0,mm,0.00,25.63,25.64,25.5194,17.30,2.43,0.94,TREND,0.00,normal,0.00,3000,mm,-1121.84
23.975,53,247.0,-1041.43,-1041.43,3377,3377,155.48,155.49,155.4863,-0.45,0.51,1.00,mixed,0.00,normal,0.00,377,mm,59.06,99.86,99.87,99.8650,0.00,0.43,0.00,chop,0.00,normal,0.00,0,mm,0.00,25.63,25.64,25.5203,17.31,2.43,0.94,TREND,0.00,normal,0.00,3000,mm,-1121.84
24.000,53,247.0,-1041.43,-1041.43,3377,3377,155.48,155.49,155.4863,-0.45,0.51,1.00,mixed,0.00,normal,0.00,377,mm,59.06,99.86,99.87,99.8650,0.00,0.43,0.00,chop,0.00,normal,0.00,0,mm,0.00,25.63,25.64,25.5216,17.31,2.43,0.94,TREND,0.00,normal,0.00,3000,mm,-1121.84
24.026,53,247.0,-1041.43,-1041.43,3377,3377,155.48,155.49,155.4863,-0.45,0.51,1.00,mixed,0.00,normal,0.00,377,mm,59.06,99.86,99.87,99.8650,0.00,0.43,0.00,chop,0.00,normal,0.00,0,mm,0.00,25.63,25.64,25.5230,17.31,2.43,0.94,TREND,0.00,normal,0.00,3000,mm,-1121.84
24.052,53,247.0,-1041.43,-1041.43,3377,3377,155.48,155.49,155.4863,-0.45,0.51,1.00,mixed,0.00,normal,0.00,377,mm,59.06,99.86,99.87,99.8650,0.00,0.43,0.00,chop,0.00,normal,0.00,0,mm,0.00,25.63,25.64,25.5243,17.30,2.43,0.94,TREND,0.00,normal,0.00,3000,mm,-1121.84
24.079,54,246.0,-1062.78,-1062.78,3377,3377,155.48,155.49,155.4863,-0.45,0.51,1.00,mixed,0.00,normal,0.00,377,mm,59.06,99.86,99.87,99.8650,0.00,0.43,0.00,chop,0.00,normal,0.00,0,mm,0.00,25.63,25.64,25.5258,17.30,2.43,0.94,TREND,0.00,normal,0.00,3000,mm,-1121.84
24.138,54,246.0,-1062.78,-1062.78,4413,2967,155.48,155.49,155.4862,-0.44,0.51,1.00,mixed,0.00,normal,0.00,-723,mm,94.56,99.86,99.87,99.8650,0.00,0.43,0.00,chop,0.00,normal,0.00,0,mm,0.00,25.54,25.63,25.5274,17.04,2.43,0.94,TREND,0.00,normal,0.00,3690,mm,-1433.08
24.197,54,246.0,-1062.78,-1062.78,4413,2967,155.48,155.49,155.4862,-0.44,0.46,1.00,mixed,0.00,normal,0.00,-723,mm,94.56,99.86,99.87,99.8650,0.00,0.39,0.00,chop,0.00,normal,0.00,0,mm,0.00,25.54,25.63,25.5290,16.80,2.43,0.94,TREND,0.00,normal,0.00,3690,mm,-1433.08
24.213,54,246.0,-1062.78,-1062.78,4413,2967,155.48,155.49,155.4862,-0.44,0.46,1.00,mixed,0.00,normal,0.00,-723,mm,94.56,99.86,99.87,99.8650,0.00,0.39,0.00,chop,0.00,normal,0.00,0,mm,0.00,25.54,25.63,25.5294,16.73,2.43,0.68,TREND,0.00,normal,0.00,3690,mm,-1433.08
24.233,54,246.0,-1062.78,-1062.78,4413,2967,155.48,155.49,155.4862,-0.44,0.46,1.00,mixed,0.00,normal,0.00,-723,mm,94.56,99.86,99.87,99.8650,0.00,0.39,0.00,chop,0.00,normal,0.00,0,mm,0.00,25.54,25.63,25.5299,16.66,2.43,0.68,TREND,0.00,normal,0.00,3690,mm,-1433.08
24.259,54,246.0,-1062.78,-1062.78,4413,2967,155.48,155.49,155.4862,-0.43,0.46,1.00,mixed,0.00,normal,0.00,-723,mm,94.56,99.86,99.87,99.8650,0.00,0.39,0.00,chop,0.00,normal,0.00,0,mm,0.00,25.54,25.63,25.5306,16.55,2.88,0.68,TREND,0.00,normal,0.00,3690,mm,-1433.08
24.284,54,246.0,-1062.78,-1062.78,4413,2967,155.48,155.49,155.4861,-0.43,0.46,1.00,mixed,0.00,normal,0.00,-723,mm,94.56,99.86,99.87,99.8650,0.00,0.39,0.00,chop,0.00,normal,0.00,0,mm,0.00,25.54,25.63,25.5312,16.45,2.88,0.68,TREND,0.00,normal,0.00,3690,mm,-1433.08
24.310,54,246.0,-1062.78,-1062.78,4413,2967,155.48,155.49,155.4861,-0.43,0.46,1.00,mixed,0.00,normal,0.00,-723,mm,94.56,99.86,99.87,99.8650,0.00,0.39,0.00,chop,0.00,normal,0.00,0,mm,0.00,25.54,25.63,25.5319,16.35,2.88,0.68,TREND,0.00,normal,0.00,3690,mm,-1433.08
24.336,54,246.0,-1062.78,-1062.78,4413,2967,155.48,155.49,155.4861,-0.43,0.46,1.00,mixed,0.00,normal,0.00,-723,mm,94.56,99.86,99.87,99.8650,0.00,0.39,0.00,chop,0.00,normal,0.00,0,mm,0.00,25.54,25.63,25.5325,16.25,2.88,0.68,TREND,0.00,normal,0.00,3690,mm,-1433.08
24.367,54,246.0,-1062.78,-1062.78,723,-723,155.48,155.49,155.4861,-0.43,0.46,1.00,mixed,0.00,normal,0.00,-723,mm,94.56,99.86,99.87,99.8650,0.00,0.39,0.00,chop,0.00,normal,0.00,0,mm,0.00,25.54,25.62,25.5332,16.11,2.88,0.68,TREND,0.00,normal,0.00,0,mm,-1567.92
24.392,54,246.0,-1062.78,-1062.78,723,-723,155.48,155.49,155.4861,-0.43,0.46,1.00,mixed,0.00,normal,0.00,-723,mm,94.56,99.86,99.87,99.8650,0.00,0.39,0.00,chop,0.00,normal,0.00,0,mm,0.00,25.54,25.62,25.5338,16.01,2.88,0.68,TREND,0.00,normal,0.00,0,mm,-1567.92
24.422,54,246.0,-1062.78,-1062.78,723,-723,155.48,155.49,155.4861,-0.42,0.46,1.00,mixed,0.00,normal,0.00,-723,mm,94.56,99.86,99.87,99.8650,0.00,0.39,0.00,chop,0.00,normal,0.00,0,mm,0.00,25.54,25.62,25.5344,15.88,2.88,0.68,TREND,0.00,normal,0.00,0,mm,-1567.92
24.442,54,246.0,-1062.78,-1062.78,723,-723,155.48,155.49,155.4861,-0.42,0.46,1.00,mixed,0.00,normal,0.00,-723,mm,94.56,99.86,99.87,99.8650,0.00,0.39,0.00,chop,0.00,normal,0.00,0,mm,0.00,25.54,25.62,25.5348,15.80,2.88,0.68,TREND,0.00,normal,0.00,0,mm,-1567.92
24.473,54,246.0,-1062.78,-1062.78,723,-723,155.48,155.49,155.4860,-0.42,0.46,1.00,mixed,0.00,normal,0.00,-723,mm,94.56,99.86,99.87,99.8650,0.00,0.39,0.00,chop,0.00,normal,0.00,0,mm,0.00,25.54,25.62,25.5355,15.68,2.88,0.65,TREND,0.00,normal,0.00,0,mm,-1567.92
24.492,54,246.0,-1062.78,-1062.78,723,-723,155.48,155.49,155.4860,-0.42,0.46,1.00,mixed,0.00,normal,0.00,-723,mm,94.56,99.86,99.87,99.8650,0.00,0.39,0.00,chop,0.00,normal,0.00,0,mm,0.00,25.54,25.62,25.5359,15.60,2.88,0.65,TREND,0.00,normal,0.00,0,mm,-1567.92
24.518,54,246.0,-1062.78,-1062.78,723,-723,155.48,155.49,155.4860,-0.42,0.46,1.00,mixed,0.00,normal,0.00,-723,mm,94.56,99.86,99.87,99.8650,0.00,0.39,0.00,chop,0.00,normal,0.00,0,mm,0.00,25.54,25.62,25.5364,15.50,2.88,0.65,TREND,0.00,normal,0.00,0,mm,-1567.92
24.544,54,246.0,-1062.78,-1062.78,723,-723,155.48,155.49,155.4860,-0.42,0.46,1.00,mixed,0.00,normal,0.00,-723,mm,94.56,99.86,99.87,99.8650,0.00,0.39,0.00,chop,0.00,normal,0.00,0,mm,0.00,25.54,25.62,25.5370,15.40,2.88,0.65,TREND,0.00,normal,0.00,0,mm,-1567.92
24.569,54,246.0,-1062.78,-1062.78,723,-723,155.48,155.49,155.4860,-0.41,0.46,1.00,mixed,-0.10,normal,0.00,-723,mm,94.56,99.86,99.87,99.8650,0.00,0.39,0.00,chop,0.00,calm,0.00,0,mm,0.00,25.54,25.62,25.5375,15.30,2.88,0.65,TREND,0.00,normal,0.00,0,mm,-1567.92
24.598,54,246.0,-1062.78,-1062.78,723,-723,155.48,155.49,155.4860,-0.41,0.46,1.00,mixed,-0.10,normal,0.00,-723,mm,94.56,99.86,99.87,99.8650,0.00,0.39,0.00,chop,0.00,calm,0.00,0,mm,0.00,25.54,25.62,25.5381,15.19,2.88,0.65,TREND,0.00,normal,0.00,0,mm,-1567.92
24.634,54,246.0,-1062.78,-1062.78,723,-723,155.48,155.49,155.4860,-0.41,0.46,1.00,mixed,-0.10,normal,0.00,-723,mm,94.56,99.86,99.87,99.8650,0.00,0.39,0.00,chop,0.00,calm,0.00,0,mm,0.00,25.35,25.61,25.5381,15.19,2.88,0.65,TREND,0.00,normal,0.00,0,mm,-1567.92
24.649,54,246.0,-1062.78,-1062.78,723,-723,155.48,155.49,155.4860,-0.41,0.46,1.00,mixed,-0.10,normal,0.00,-723,mm,94.56,99.86,99.87,99.8650,0.00,0.39,0.00,chop,0.00,calm,0.00,0,mm,0.00,25.35,25.61,25.5381,15.19,2.88,0.65,TREND,0.00,normal,0.00,0,mm,-1567.92
24.695,54,246.0,-1062.78,-1062.78,723,-723,155.48,155.49,155.4859,-0.41,0.46,1.00,mixed,-0.10,normal,0.00,-723,mm,94.56,99.86,99.87,99.8650,0.00,0.39,0.00,chop,0.00,calm,0.00,0,mm,0.00,25.32,25.6,25.5381,15.19,2.88,0.65,TREND,0.00,normal,0.00,0,mm,-1567.92
24.740,54,246.0,-1062.78,-1062.78,723,-723,155.48,155.49,155.4859,-0.40,0.42,1.00,mixed,-0.10,normal,0.00,-723,mm,94.56,99.86,99.87,99.8650,0.00,0.35,0.00,chop,0.00,calm,0.00,0,mm,0.00,25.32,25.6,25.5381,15.19,2.88,0.65,TREND,0.00,normal,0.00,0,mm,-1567.92
24.754,54,246.0,-1062.78,-1062.78,723,-723,155.48,155.49,155.4859,-0.40,0.42,1.00,mixed,-0.10,normal,0.00,-723,mm,94.56,99.86,99.87,99.8650,0.00,0.35,0.00,chop,0.00,calm,0.00,0,mm,0.00,25.32,25.6,25.5381,15.19,2.88,0.65,TREND,0.00,normal,0.00,0,mm,-1567.92
24.779,54,246.0,-1062.78,-1062.78,723,-723,155.48,155.49,155.4859,-0.40,0.42,1.00,mixed,-0.10,normal,0.00,-723,mm,94.56,99.86,99.87,99.8650,0.00,0.35,0.00,chop,0.00,calm,0.00,0,mm,0.00,25.32,25.6,25.5381,15.19,2.88,0.65,TREND,0.00,normal,0.00,0,mm,-1567.92
24.801,54,246.0,-1062.78,-1062.78,723,-723,155.48,155.49,155.4859,-0.40,0.42,1.00,mixed,-0.10,normal,0.00,-723,mm,94.56,99.86,99.87,99.8650,0.00,0.35,0.00,chop,0.00,calm,0.00,0,mm,0.00,25.32,25.6,25.5381,15.19,2.88,0.65,TREND,0.00,normal,0.00,0,mm,-1567.92
24.827,54,246.0,-1062.78,-1062.78,723,-723,155.48,155.49,155.4859,-0.40,0.42,1.00,mixed,-0.10,normal,0.00,-723,mm,94.56,99.86,99.87,99.8650,0.00,0.35,0.00,chop,0.00,calm,0.00,0,mm,0.00,25.32,25.6,25.5381,15.19,2.88,0.65,TREND,0.00,normal,0.00,0,mm,-1567.92
24.872,54,246.0,-1062.78,-1062.78,723,-723,155.48,155.49,155.4859,-0.39,0.42,1.00,mixed,-0.10,normal,0.00,-723,mm,94.56,99.86,99.87,99.8650,0.00,0.35,0.00,chop,0.00,calm,0.00,0,mm,0.00,25.28,25.59,25.5381,15.19,2.88,0.65,TREND,0.00,normal,0.00,0,mm,-1567.92
24.885,54,246.0,-1062.78,-1062.78,859,-859,155.48,155.49,155.4859,-0.39,0.42,1.00,mixed,-0.10,normal,0.00,-723,mm,94.56,99.86,99.9,99.8651,0.02,0.35,0.00,chop,0.00,calm,0.00,-136,mm,-0.27,25.28,25.59,25.5381,15.19,2.88,0.65,TREND,0.00,normal,0.00,0,mm,-1567.92
24.933,54,246.0,-1062.78,-1062.78,859,-859,155.48,155.49,155.4858,-0.39,0.42,1.00,mixed,-0.10,normal,0.00,-723,mm,94.56,99.86,99.9,99.8654,0.07,0.35,0.00,chop,0.00,calm,0.00,-136,mm,-0.27,25.28,25.59,25.5381,15.19,2.88,0.65,TREND,0.00,normal,0.00,0,mm,-1567.92
24.950,54,246.0,-1062.78,-1062.78,859,-859,155.48,155.49,155.4858,-0.39,0.42,1.00,mixed,-0.10,normal,0.00,-723,mm,94.56,99.86,99.9,99.8655,0.09,0.35,0.00,chop,0.00,calm,0.00,-136,mm,-0.27,25.28,25.59,25.5381,15.19,2.88,0.65,TREND,0.00,normal,0.00,0,mm,-1567.92
24.975,54,246.0,-1062.78,-1062.78,859,-859,155.48,155.49,155.4858,-0.39,0.42,1.00,mixed,-0.10,normal,0.00,-723,mm,94.56,99.86,99.9,99.8657,0.12,0.35,0.00,chop,0.00,calm,0.00,-136,mm,-0.27,25.28,25.59,25.5381,15.19,2.88,0.65,TREND,0.00,normal,0.00,0,mm,-1567.92
25.014,54,246.0,-1062.78,-1062.78,859,-859,155.48,155.49,155.4858,-0.38,0.42,1.00,mixed,-0.10,normal,0.00,-723,mm,94.56,99.86,99.9,99.8660,0.16,0.35,0.00,chop,0.00,calm,0.00,-136,mm,-0.27,25.28,25.59,25.5381,15.19,2.88,0.65,TREND,0.00,normal,0.00,0,mm,-1567.92
25.027,54,246.0,-1062.78,-1062.78,859,-859,155.48,155.49,155.4858,-0.38,0.42,1.00,mixed,-0.10,normal,0.00,-723,mm,94.56,99.86,99.9,99.8661,0.17,0.35,0.00,chop,0.00,calm,0.00,-136,mm,-0.27,25.28,25.59,25.5381,15.19,2.88,0.65,TREND,0.00,normal,0.00,0,mm,-1567.92
25.054,54,246.0,-1062.78,-1062.78,859,-859,155.48,155.49,155.4858,-0.38,0.42,1.00,mixed,-0.10,normal,0.00,-723,mm,94.56,99.86,99.9,99.8662,0.20,0.35,0.00,chop,0.00,calm,0.00,-136,mm,-0.27,25.28,25.59,25.5381,15.19,2.88,0.65,TREND,0.00,normal,0.00,0,mm,-1567.92
25.079,54,246.0,-1062.78,-1062.78,859,-859,155.48,155.49,155.4858,-0.38,0.42,1.00,mixed,-0.09,normal,0.00,-723,mm,94.56,99.86,99.9,99.8664,0.23,0.35,1.00,mixed,2.86,calm,0.00,-136,mm,-0.27,25.28,25.59,25.5381,15.19,2.88,0.65,TREND,0.00,normal,0.00,0,mm,-1567.92
25.126,55,245.0,-1473.36,-1473.36,859,-859,155.48,155.49,155.4858,-0.38,0.42,1.00,mixed,-0.09,normal,0.00,-723,mm,94.56,99.86,99.9,99.8667,0.27,0.35,1.00,mixed,2.86,calm,0.00,-136,mm,-2.99,25.28,25.58,25.5381,15.19,2.88,0.65,TREND,0.00,normal,0.00,0,mm,-1567.92
25.141,55,245.0,-1473.36,-1473.36,859,-859,155.48,155.49,155.4858,-0.38,0.42,1.00,mixed,-0.09,normal,0.00,-723,mm,94.56,99.86,99.9,99.8668,0.28,0.35,1.00,mixed,2.86,calm,0.00,-136,mm,-2.99,25.28,25.58,25.5381,15.19,2.88,0.65,TREND,0.00,normal,0.00,0,mm,-1567.92
25.175,55,245.0,-1473.36,-1473.36,859,-859,155.48,155.49,155.4857,-0.37,0.42,1.00,mixed,-0.09,normal,0.00,-723,mm,94.56,99.86,99.9,99.8670,0.31,0.35,1.00,mixed,2.86,calm,0.00,-136,mm,-2.99,25.28,25.58,25.5381,15.19,2.88,0.65,TREND,0.00,normal,0.00,0,mm,-1567.92
25.190,55,245.0,-1473.36,-1473.36,859,-859,155.48,155.49,155.4857,-0.37,0.42,1.00,mixed,-0.09,normal,0.00,-723,mm,94.56,99.86,99.9,99.8671,0.33,0.35,1.00,mixed,2.86,calm,0.00,-136,mm,-2.99,25.28,25.58,25.5381,15.19,2.88,0.65,TREND,0.00,normal,0.00,0,mm,-1567.92
25.227,55,245.0,-1473.36,-1473.36,859,-859,155.48,155.49,155.4857,-0.37,0.42,1.00,mixed,-0.09,normal,0.00,-723,mm,94.56,99.86,99.9,99.8673,0.36,0.35,1.00,mixed,2.86,calm,0.00,-136,mm,-2.99,25.28,25.58,25.5381,15.19,2.88,0.65,TREND,0.00,normal,0.00,0,mm,-1567.92
25.244,55,245.0,-1473.36,-1473.36,859,-859,155.48,155.49,155.4857,-0.37,0.38,1.00,mixed,-0.09,normal,0.00,-723,mm,94.56,99.86,99.9,99.8674,0.37,0.45,1.00,mixed,2.86,calm,0.00,-136,mm,-2.99,25.28,25.58,25.5381,15.19,2.88,0.65,TREND,0.00,normal,0.00,0,mm,-1567.92
25.267,55,245.0,-1473.36,-1473.36,859,-859,155.48,155.49,155.4857,-0.37,0.38,1.00,mixed,-0.09,normal,0.00,-723,mm,94.56,99.86,99.9,99.8676,0.39,0.45,1.00,mixed,2.86,calm,0.00,-136,mm,-2.99,25.28,25.58,25.5381,15.19,2.88,0.65,TREND,0.00,normal,0.00,0,mm,-1567.92
25.293,55,245.0,-1473.36,-1473.36,859,-859,155.48,155.49,155.4857,-0.37,0.38,1.00,mixed,-0.09,normal,0.00,-723,mm,94.56,99.86,99.9,99.8677,0.41,0.45,1.00,mixed,2.86,calm,0.00,-136,mm,-2.99,25.28,25.58,25.5381,15.19,2.88,0.65,TREND,0.00,normal,0.00,0,mm,-1567.92
25.319,55,245.0,-1473.36,-1473.36,859,-859,155.48,155.49,155.4857,-0.37,0.38,1.00,mixed,-0.09,normal,0.00,-723,mm,94.56,99.86,99.9,99.8678,0.43,0.45,1.00,mixed,2.86,calm,0.00,-136,mm,-2.99,25.28,25.58,25.5381,15.19,2.88,0.65,TREND,0.00,normal,0.00,0,mm,-1567.92
25.346,55,245.0,-1473.36,-1473.36,859,-859,155.48,155.49,155.4857,-0.36,0.38,1.00,mixed,-0.09,normal,0.00,-723,mm,94.56,99.86,99.9,99.8680,0.45,0.45,1.00,mixed,2.74,normal,0.00,-136,mm,-2.99,25.28,25.58,25.5381,15.19,2.88,0.65,TREND,0.00,normal,0.00,0,mm,-1567.92
25.381,55,245.0,-1473.36,-1473.36,3259,-3259,155.48,155.49,155.4857,-0.36,0.38,1.00,mixed,-0.09,normal,0.00,-323,mm,99.48,99.87,99.89,99.8682,0.47,0.45,1.00,mixed,2.74,normal,0.00,-2936,mm,-37.95,25.29,25.57,25.5381,15.19,2.88,0.65,TREND,0.00,normal,0.00,0,mm,-1567.92
25.440,55,245.0,-1473.36,-1473.36,3259,-3259,155.48,155.49,155.4857,-0.36,0.38,1.00,mixed,-0.09,normal,0.00,-323,mm,99.48,99.87,99.89,99.8685,0.51,0.45,1.00,mixed,2.74,normal,0.00,-2936,mm,-37.95,25.29,25.57,25.5381,15.19,2.88,0.65,TREND,0.00,normal,0.00,0,mm,-1567.92
25.460,55,245.0,-1473.36,-1473.36,3259,-3259,155.48,155.49,155.4857,-0.36,0.38,1.00,mixed,-0.09,normal,0.00,-323,mm,99.48,99.87,99.89,99.8686,0.52,0.45,1.00,mixed,2.74,normal,0.00,-2936,mm,-37.95,25.29,25.57,25.5381,15.19,2.88,0.65,TREND,0.00,normal,0.00,0,mm,-1567.92
25.491,55,245.0,-1473.36,-1473.36,3259,-3259,155.48,155.49,155.4856,-0.35,0.38,1.00,mixed,-0.09,normal,0.00,-323,mm,99.48,99.87,99.89,99.8688,0.54,0.45,1.00,mixed,2.74,normal,0.00,-2936,mm,-37.95,25.29,25.57,25.5381,15.19,2.88,0.65,TREND,0.00,normal,0.00,0,mm,-1567.92
25.516,55,245.0,-1473.36,-1473.36,3259,-3259,155.48,155.49,155.4856,-0.35,0.38,1.00,mixed,-0.09,normal,0.00,-323,mm,99.48,99.87,99.89,99.8689,0.55,0.45,1.00,mixed,2.74,normal,0.00,-2936,mm,-37.95,25.29,25.57,25.5381,15.19,2.88,0.65,TREND,0.00,normal,0.00,0,mm,-1567.92
25.537,55,245.0,-1473.36,-1473.36,3259,-3259,155.48,155.49,155.4856,-0.35,0.38,1.00,mixed,-0.09,normal,0.00,-323,mm,99.48,99.87,99.89,99.8690,0.56,0.45,1.00,mixed,2.74,normal,0.00,-2936,mm,-37.95,25.29,25.57,25.5381,15.19,2.88,0.65,TREND,0.00,normal,0.00,0,mm,-1567.92
25.562,55,245.0,-1473.36,-1473.36,3259,-3259,155.48,155.49,155.4856,-0.35,0.38,1.00,mixed,-0.09,normal,0.00,-323,mm,99.48,99.87,99.89,99.8692,0.58,0.45,1.00,mixed,2.74,normal,0.00,-2936,mm,-37.95,25.29,25.57,25.5381,15.19,2.88,0.65,TREND,0.00,normal,0.00,0,mm,-1567.92
25.588,55,245.0,-1473.36,-1473.36,3259,-3259,155.48,155.49,155.4856,-0.35,0.38,1.00,mixed,-0.09,normal,0.00,-323,mm,99.48,99.87,99.89,99.8693,0.59,0.45,1.00,mixed,2.74,normal,0.00,-2936,mm,-37.95,25.29,25.57,25.5381,15.19,2.88,0.65,TREND,0.00,normal,0.00,0,mm,-1567.92
25.617,55,245.0,-1473.36,-1473.36,3259,-3259,155.48,155.49,155.4856,-0.35,0.38,1.00,mixed,-0.08,normal,0.00,-323,mm,99.48,99.87,99.89,99.8694,0.60,0.45,1.00,mixed,2.62,normal,0.00,-2936,mm,-37.95,25.29,25.57,25.5381,15.19,2.88,0.65,TREND,0.00,normal,0.00,0,mm,-1567.92
25.642,55,245.0,-1473.36,-1473.36,3259,-3259,155.48,155.49,155.4856,-0.35,0.38,1.00,mixed,-0.08,normal,0.00,-323,mm,99.48,99.87,99.89,99.8696,0.61,0.45,1.00,mixed,2.62,normal,0.00,-2936,mm,-8.59,25.29,25.55,25.5381,15.19,2.88,0.65,TREND,0.00,normal,0.00,0,mm,-1567.92
25.694,55,245.0,-1473.36,-1473.36,3259,-3259,155.48,155.49,155.4856,-0.34,0.38,1.00,mixed,-0.08,normal,0.00,-323,mm,99.48,99.87,99.89,99.8698,0.64,0.45,1.00,mixed,2.62,normal,0.00,-2936,mm,-8.59,25.29,25.57,25.5381,15.19,2.88,0.65,TREND,0.00,normal,0.00,0,mm,-1567.92
25.741,55,245.0,-1473.36,-1473.36,3259,-3259,155.48,155.49,155.4856,-0.34,0.38,1.00,mixed,-0.08,normal,0.00,-323,mm,99.48,99.87,99.89,99.8700,0.66,0.45,1.00,mixed,2.62,normal,0.00,-2936,mm,-8.59,25.29,25.57,25.5381,15.19,2.88,0.65,TREND,0.00,normal,0.00,0,mm,-1567.92
25.768,55,245.0,-1473.36,-1473.36,3259,-3259,155.48,155.49,155.4856,-0.34,0.35,1.00,mixed,-0.08,normal,0.00,-323,mm,99.48,99.87,99.89,99.8702,0.67,0.42,1.00,mixed,2.62,normal,0.00,-2936,mm,-8.59,25.29,25.57,25.5381,15.19,2.88,0.65,TREND,0.00,normal,0.00,0,mm,-1567.92
25.789,55,245.0,-1473.36,-1473.36,3259,-3259,155.48,155.49,155.4856,-0.34,0.35,1.00,mixed,-0.08,normal,0.00,-323,mm,99.48,99.87,99.89,99.8703,0.68,0.42,1.00,mixed,2.62,normal,0.00,-2936,mm,-8.59,25.29,25.57,25.5381,15.19,2.88,0.65,TREND,0.00,normal,0.00,0,mm,-1567.92
25.808,55,245.0,-1473.36,-1473.36,3259,-3259,155.48,155.49,155.4856,-0.34,0.35,1.00,mixed,-0.08,normal,0.00,-323,mm,99.48,99.87,99.89,99.8704,0.68,0.42,1.00,mixed,2.62,normal,0.00,-2936,mm,-8.59,25.29,25.57,25.5381,15.19,2.88,0.65,TREND,0.00,normal,0.00,0,mm,-1567.92
25.832,55,245.0,-1473.36,-1473.36,3259,-3259,155.48,155.49,155.4856,-0.33,0.35,1.00,mixed,-0.08,normal,0.00,-323,mm,99.48,99.87,99.89,99.8705,0.69,0.42,1.00,mixed,2.62,normal,0.00,-2936,mm,-8.59,25.29,25.57,25.5381,15.19,2.88,0.65,TREND,0.00,normal,0.00,0,mm,-1567.92
25.857,55,245.0,-1473.36,-1473.36,3259,-3259,155.48,155.49,155.4855,-0.33,0.35,1.00,mixed,-0.08,normal,0.00,-323,mm,99.48,99.87,99.89,99.8706,0.70,0.42,1.00,mixed,2.62,normal,0.00,-2936,mm,-8.59,25.29,25.57,25.5381,15.19,2.88,0.65,TREND,0.00,normal,0.00,0,mm,-1567.92
25.885,55,245.0,-1473.36,-1473.36,3259,-3259,155.48,155.49,155.4855,-0.33,0.35,1.00,mixed,-0.08,normal,0.00,-323,mm,99.48,99.87,99.89,99.8707,0.71,0.42,1.00,mixed,2.29,normal,0.00,-2936,mm,-8.59,25.29,25.57,25.5381,15.19,2.88,0.65,TREND,0.00,normal,0.00,0,mm,-1567.92
25.934,55,245.0,-1473.36,-1473.36,5413,-459,155.48,155.49,155.4855,-0.33,0.35,1.00,mixed,-0.08,normal,0.00,2477,mm,109.15,99.88,99.89,99.8710,0.74,0.42,1.00,mixed,2.29,normal,0.00,-2936,mm,-8.59,25.3,25.56,25.5381,15.19,2.88,0.65,TREND,0.00,normal,0.00,0,mm,-1567.92
25.969,55,245.0,-1473.36,-1473.36,5413,-459,155.48,155.49,155.4855,-0.33,0.35,1.00,mixed,-0.08,normal,0.00,2477,mm,109.15,99.88,99.89,99.8713,0.77,0.42,1.00,mixed,2.29,normal,0.00,-2936,mm,-8.59,25.3,25.56,25.5381,15.19,2.88,0.65,TREND,0.00,normal,0.00,0,mm,-1567.92
25.994,55,245.0,-1473.36,-1473.36,5413,-459,155.48,155.49,155.4855,-0.33,0.35,1.00,mixed,-0.08,normal,0.00,2477,mm,109.15,99.88,99.89,99.8714,0.78,0.42,1.00,mixed,2.29,normal,0.00,-2936,mm,-8.59,25.3,25.56,25.5381,15.19,2.88,0.65,TREND,0.00,normal,0.00,0,mm,-1567.92
26.012,55,245.0,-1473.36,-1473.36,5413,-459,155.48,155.49,155.4855,-0.32,0.35,1.00,mixed,-0.08,normal,0.00,2477,mm,109.15,99.88,99.89,99.8715,0.79,0.42,1.00,mixed,2.29,normal,0.00,-2936,mm,-8.59,25.3,25.56,25.5381,15.19,2.88,0.65,TREND,0.00,normal,0.00,0,mm,-1567.92
26.042,55,245.0,-1473.36,-1473.36,5413,-459,155.48,155.49,155.4855,-0.32,0.35,1.00,mixed,-0.08,normal,0.00,2477,mm,109.15,99.88,99.89,99.8717,0.81,0.42,1.00,mixed,2.29,normal,0.00,-2936,mm,-8.59,25.3,25.56,25.5381,15.19,2.88,0.65,TREND,0.00,normal,0.00,0,mm,-1567.92
26.063,55,245.0,-1473.36,-1473.36,5413,-459,155.48,155.49,155.4855,-0.32,0.35,1.00,mixed,-0.08,normal,0.00,2477,mm,109.15,99.88,99.89,99.8718,0.83,0.42,1.00,mixed,2.29,normal,0.00,-2936,mm,-8.59,25.3,25.56,25.5381,15.19,2.88,0.65,TREND,0.00,normal,0.00,0,mm,-1567.92
26.091,55,245.0,-1473.36,-1473.36,5413,-459,155.48,155.49,155.4855,-0.32,0.35,1.00,mixed,-0.08,normal,0.00,2477,mm,109.15,99.88,99.89,99.8720,0.84,0.42,1.00,mixed,2.29,normal,0.00,-2936,mm,-8.59,25.3,25.56,25.5381,15.19,2.88,0.65,TREND,0.00,normal,0.00,0,mm,-1567.92
26.121,56,244.0,-1477.03,-1477.03,5413,-459,155.48,155.49,155.4855,-0.32,0.35,1.00,mixed,-0.08,normal,0.00,2477,mm,109.15,99.88,99.89,99.8722,0.86,0.42,1.00,mixed,2.29,normal,0.00,-2936,mm,-8.59,25.3,25.56,25.5381,15.19,2.88,0.65,TREND,0.00,normal,0.00,0,mm,-1567.92
26.143,56,244.0,-1477.03,-1477.03,5413,-459,155.48,155.49,155.4855,-0.32,0.35,1.00,mixed,-0.08,normal,0.00,2477,mm,109.15,99.88,99.89,99.8723,0.87,0.42,1.00,mixed,2.66,normal,0.00,-2936,mm,-8.59,25.3,25.56,25.5381,15.19,2.88,0.65,TREND,0.00,normal,0.00,0,mm,-1567.92
26.171,56,244.0,-1477.03,-1477.03,5413,-459,155.48,155.49,155.4855,-0.32,0.35,1.00,mixed,-0.08,normal,0.00,2477,mm,109.15,99.88,99.89,99.8725,0.88,0.42,1.00,mixed,2.66,normal,0.00,-2936,mm,-8.59,25.31,25.56,25.5381,15.19,2.88,0.65,TREND,0.00,normal,0.00,0,mm,-1567.92
26.208,56,244.0,-1477.03,-1477.03,5413,-459,155.48,155.49,155.4855,-0.31,0.35,1.00,mixed,-0.08,normal,0.00,2477,mm,109.15,99.88,99.89,99.8727,0.90,0.42,1.00,mixed,2.66,normal,0.00,-2936,mm,-8.59,25.31,25.56,25.5381,15.19,2.88,0.65,TREND,0.00,normal,0.00,0,mm,-1567.92
26.224,56,244.0,-1477.03,-1477.03,5413,-459,155.48,155.49,155.4855,-0.31,0.35,1.00,mixed,-0.08,normal,0.00,2477,mm,109.15,99.88,99.89,99.8728,0.91,0.42,1.00,mixed,2.66,normal,0.00,-2936,mm,-8.59,25.31,25.56,25.5381,15.19,2.88,0.65,TREND,0.00,normal,0.00,0,mm,-1567.92
26.250,56,244.0,-1477.03,-1477.03,5413,-459,155.48,155.49,155.4855,-0.31,0.35,1.00,mixed,-0.08,normal,0.00,2477,mm,109.15,99.88,99.89,99.8730,0.92,0.42,1.00,mixed,2.66,normal,0.00,-2936,mm,-8.59,25.31,25.56,25.5381,15.19,2.88,0.65,TREND,0.00,normal,0.00,0,mm,-1567.92
26.275,56,244.0,-1477.03,-1477.03,5413,-459,155.48,155.49,155.4854,-0.31,0.31,1.00,mixed,-0.08,normal,0.00,2477,mm,109.15,99.88,99.89,99.8731,0.93,0.41,1.00,mixed,2.66,normal,0.00,-2936,mm,-8.59,25.31,25.56,25.5381,15.19,2.88,0.65,TREND,0.00,normal,0.00,0,mm,-1567.92
26.308,56,244.0,-1477.03,-1477.03,5413,-459,155.48,155.49,155.4854,-0.31,0.31,1.00,mixed,-0.08,normal,0.00,2477,mm,109.15,99.88,99.89,99.8733,0.94,0.41,1.00,mixed,2.66,normal,0.00,-2936,mm,-8.59,25.31,25.56,25.5381,15.19,2.88,0.65,TREND,0.00,normal,0.00,0,mm,-1567.92
26.327,56,244.0,-1477.03,-1477.03,5413,-459,155.48,155.49,155.4854,-0.31,0.31,1.00,mixed,-0.08,normal,0.00,2477,mm,109.15,99.88,99.89,99.8734,0.95,0.41,1.00,mixed,2.66,normal,0.00,-2936,mm,-8.59,25.31,25.56,25.5381,15.19,2.88,0.65,TREND,0.00,normal,0.00,0,mm,-1567.92
26.352,56,244.0,-1477.03,-1477.03,5413,-459,155.48,155.49,155.4854,-0.31,0.31,1.00,mixed,-0.08,normal,0.00,2477,mm,109.15,99.88,99.89,99.8735,0.96,0.41,1.00,mixed,2.66,normal,0.00,-2936,mm,-8.59,25.31,25.56,25.5381,15.19,2.88,0.65,TREND,0.00,normal,0.00,0,mm,-1567.92
26.379,56,244.0,-1477.03,-1477.03,5413,-459,155.48,155.49,155.4854,-0.30,0.31,1.00,mixed,-0.08,normal,0.00,2477,mm,109.15,99.88,99.89,99.8737,0.97,0.41,1.00,mixed,2.66,normal,0.00,-2936,mm,-8.59,25.31,25.56,25.5381,15.19,2.88,0.65,TREND,0.00,normal,0.00,0,mm,-1567.92
26.410,56,244.0,-1477.03,-1477.03,5413,-459,155.48,155.49,155.4854,-0.30,0.31,1.00,mixed,-0.07,normal,0.00,2477,mm,109.15,99.88,99.89,99.8738,0.98,0.41,1.00,mixed,2.32,normal,0.00,-2936,mm,-8.59,25.32,25.55,25.5381,15.19,2.88,0.65,TREND,0.00,normal,0.00,0,mm,-1567.92
26.438,56,244.0,-1477.03,-1477.03,5413,-459,155.48,155.49,155.4854,-0.30,0.31,1.00,mixed,-0.07,normal,0.00,2477,mm,109.15,99.88,99.89,99.8740,0.99,0.41,1.00,mixed,2.32,normal,0.00,-2936,mm,-8.59,25.32,25.55,25.5381,15.19,2.88,0.65,TREND,0.00,normal,0.00,0,mm,-1567.92
26.461,56,244.0,-1477.03,-1477.03,5413,-459,155.48,155.49,155.4854,-0.30,0.31,1.00,mixed,-0.07,normal,0.00,2477,mm,109.15,99.88,99.89,99.8741,1.00,0.41,1.00,mixed,2.32,normal,0.00,-2936,mm,-8.59,25.32,25.55,25.5381,15.19,2.88,0.65,TREND,0.00,normal,0.00,0,mm,-1567.92
26.486,56,244.0,-1477.03,-1477.03,5413,-459,155.48,155.49,155.4854,-0.30,0.31,1.00,mixed,-0.07,normal,0.00,2477,mm,109.15,99.88,99.89,99.8742,1.00,0.41,1.00,mixed,2.32,normal,0.00,-2936,mm,-8.59,25.32,25.55,25.5381,15.19,2.88,0.65,TREND,0.00,normal,0.00,0,mm,-1567.92
26.510,56,244.0,-1477.03,-1477.03,5413,-459,155.48,155.49,155.4854,-0.30,0.31,1.00,mixed,-0.07,normal,0.00,2477,mm,109.15,99.88,99.89,99.8743,1.01,0.41,1.00,mixed,2.32,normal,0.00,-2936,mm,-8.59,25.32,25.55,25.5381,15.19,2.88,0.65,TREND,0.00,normal,0.00,0,mm,-1567.92
26.536,56,244.0,-1477.03,-1477.03,5413,-459,155.48,155.49,155.4854,-0.30,0.31,1.00,mixed,-0.07,normal,0.00,2477,mm,109.15,99.88,99.89,99.8745,1.02,0.41,1.00,mixed,2.32,normal,0.00,-2936,mm,-8.59,25.32,25.55,25.5381,15.19,2.88,0.65,TREND,0.00,normal,0.00,0,mm,-1567.92
26.563,56,244.0,-1477.03,-1477.03,5413,-459,155.48,155.49,155.4854,-0.30,0.31,1.00,mixed,-0.07,normal,0.00,2477,mm,109.15,99.88,99.89,99.8746,1.03,0.41,1.00,mixed,2.32,normal,0.00,-2936,mm,-8.59,25.32,25.55,25.5381,15.19,2.88,0.65,TREND,0.00,normal,0.00,0,mm,-1567.92
26.587,56,244.0,-1477.03,-1477.03,5413,-459,155.48,155.49,155.4854,-0.29,0.31,1.00,mixed,-0.07,normal,0.00,2477,mm,109.15,99.88,99.89,99.8747,1.03,0.41,1.00,mixed,2.32,normal,0.00,-2936,mm,-8.59,25.32,25.55,25.5381,15.19,2.88,0.65,TREND,0.00,normal,0.00,0,mm,-1567.92
26.611,56,244.0,-1477.03,-1477.03,5413,-459,155.48,155.49,155.4854,-0.29,0.31,1.00,mixed,-0.07,normal,0.00,2477,mm,109.15,99.88,99.89,99.8748,1.04,0.41,1.00,mixed,2.32,normal,0.00,-2936,mm,-8.59,25.32,25.55,25.5381,15.19,2.88,0.65,TREND,0.00,normal,0.00,0,mm,-1567.92
26.660,56,244.0,-1477.03,-1477.03,5413,-459,155.48,155.49,155.4854,-0.29,0.31,1.00,mixed,-0.07,normal,0.00,2477,mm,109.15,99.88,99.9,99.8752,1.07,0.41,1.00,mixed,2.32,normal,0.00,-2936,mm,-8.59,25.33,25.54,25.5381,15.19,2.88,0.65,TREND,0.00,normal,0.00,0,mm,-1567.92
26.758,56,244.0,-1477.03,-1477.03,5413,-459,155.48,155.49,155.4854,-0.29,0.31,0.00,chop,-0.07,normal,0.00,2477,mm,109.15,99.88,99.9,99.8759,1.12,0.41,1.00,mixed,2.59,normal,0.00,-2936,mm,-37.95,25.33,25.54,25.5381,15.19,2.88,0.65,TREND,0.00,normal,0.00,0,mm,-1567.92
26.783,56,244.0,-1477.03,-1477.03,5413,-459,155.48,155.49,155.4854,-0.28,0.28,0.00,chop,-0.07,normal,0.00,2477,mm,109.15,99.88,99.9,99.8760,1.14,0.40,1.00,mixed,2.59,normal,0.00,-2936,mm,-37.95,25.33,25.54,25.5381,15.19,2.88,0.65,TREND,0.00,normal,0.00,0,mm,-1567.92
26.807,56,244.0,-1477.03,-1477.03,5413,-459,155.48,155.49,155.4853,-0.28,0.28,0.00,chop,-0.07,normal,0.00,2477,mm,109.15,99.88,99.9,99.8762,1.15,0.40,1.00,mixed,2.59,normal,0.00,-2936,mm,-37.95,25.33,25.54,25.5381,15.19,2.88,0.65,TREND,0.00,normal,0.00,0,mm,-1567.92
26.823,56,244.0,-1477.03,-1477.03,5413,-459,155.48,155.49,155.4853,-0.28,0.28,0.00,chop,-0.07,normal,0.00,2477,mm,109.15,99.88,99.9,99.8763,1.15,0.40,1.00,mixed,2.59,normal,0.00,-2936,mm,-37.95,25.33,25.54,25.5381,15.19,2.88,0.65,TREND,0.00,normal,0.00,0,mm,-1567.92
26.850,56,244.0,-1477.03,-1477.03,5413,-459,155.48,155.49,155.4853,-0.28,0.28,0.00,chop,-0.07,normal,0.00,2477,mm,109.15,99.88,99.9,99.8765,1.17,0.40,1.00,mixed,2.59,normal,0.00,-2936,mm,-37.95,25.33,25.54,25.5381,15.19,2.88,0.65,TREND,0.00,normal,0.00,0,mm,-1567.92
26.875,56,244.0,-1477.03,-1477.03,5413,-459,155.48,155.49,155.4853,-0.28,0.28,0.00,chop,-0.07,normal,0.00,2477,mm,109.15,99.88,99.9,99.8766,1.18,0.40,1.00,mixed,2.59,normal,0.00,-2936,mm,-37.95,25.33,25.54,25.5381,15.19,2.88,0.65,TREND,0.00,normal,0.00,0,mm,-1567.92
26.925,56,244.0,-1477.03,-1477.03,5413,-459,155.48,155.49,155.4853,-0.28,0.28,0.00,chop,-0.07,normal,0.00,2477,mm,109.15,99.88,99.9,99.8769,1.20,0.40,1.00,mixed,2.59,normal,0.00,-2936,mm,-37.95,25.33,25.45,25.5381,15.19,2.88,0.65,TREND,0.00,normal,0.00,0,mm,-1567.92
26.944,56,244.0,-1477.03,-1477.03,5413,-459,155.48,155.49,155.4853,-0.28,0.28,0.00,chop,-0.07,normal,0.00,2477,mm,109.15,99.89,99.9,99.8771,1.21,0.40,1.00,mixed,2.59,normal,0.00,-2936,mm,-37.95,25.33,25.45,25.5381,15.19,2.88,0.65,TREND,0.00,normal,0.00,0,mm,-1567.92
26.970,56,244.0,-1477.03,-1477.03,5413,-459,155.48,155.49,155.4853,-0.27,0.28,0.00,chop,-0.07,normal,0.00,2477,mm,109.15,99.89,99.9,99.8773,1.23,0.40,1.00,mixed,2.59,normal,0.00,-2936,mm,-37.95,25.33,25.45,25.5381,15.19,2.88,0.65,TREND,0.00,normal,0.00,0,mm,-1567.92
26.987,56,244.0,-1477.03,-1477.03,5413,-459,155.48,155.49,155.4853,-0.27,0.28,0.00,chop,-0.07,normal,0.00,2477,mm,109.15,99.89,99.9,99.8775,1.25,0.40,1.00,mixed,2.59,normal,0.00,-2936,mm,-37.95,25.33,25.45,25.5381,15.19,2.88,0.65,TREND,0.00,normal,0.00,0,mm,-1567.92
27.014,56,244.0,-1477.03,-1477.03,5413,-459,155.48,155.49,155.4853,-0.27,0.28,0.00,chop,-0.07,calm,0.00,2477,mm,109.15,99.89,99.9,99.8777,1.27,0.40,1.00,mixed,2.71,normal,0.00,-2936,mm,-37.95,25.33,25.45,25.5381,15.19,2.88,0.65,TREND,0.00,normal,0.00,0,mm,-1567.92
27.038,56,244.0,-1477.03,-1477.03,5413,-459,155.48,155.49,155.4853,-0.27,0.28,0.00,chop,-0.07,calm,0.00,2477,mm,109.15,99.89,99.9,99.8779,1.28,0.40,1.00,mixed,2.71,normal,0.00,-2936,mm,-37.95,25.33,25.45,25.5381,15.19,2.88,0.65,TREND,0.00,normal,0.00,0,mm,-1567.92
27.069,56,244.0,-1477.03,-1477.03,5413,-459,155.48,155.49,155.4853,-0.27,0.28,0.00,chop,-0.07,calm,0.00,2477,mm,109.15,99.89,99.9,99.8781,1.30,0.40,1.00,mixed,2.71,normal,0.00,-2936,mm,-37.95,25.33,25.45,25.5381,15.19,2.88,0.65,TREND,0.00,normal,0.00,0,mm,-1567.92
27.089,56,244.0,-1477.03,-1477.03,5413,-459,155.48,155.49,155.4853,-0.27,0.28,0.00,chop,-0.07,calm,0.00,2477,mm,109.15,99.89,99.9,99.8783,1.32,0.40,1.00,mixed,2.71,normal,0.00,-2936,mm,-37.95,25.33,25.45,25.5381,15.19,2.88,0.65,TREND,0.00,normal,0.00,0,mm,-1567.92
27.121,56,244.0,-1477.03,-1477.03,5413,-459,155.48,155.49,155.4853,-0.27,0.28,0.00,chop,-0.07,calm,0.00,2477,mm,109.15,99.89,99.9,99.8785,1.34,0.40,1.00,mixed,2.71,normal,0.00,-2936,mm,-37.95,25.33,25.45,25.5381,15.19,2.88,0.65,TREND,0.00,normal,0.00,0,mm,-1567.92
27.144,57,243.0,-1496.72,-1496.72,5413,-459,155.48,155.49,155.4853,-0.27,0.28,0.00,chop,-0.07,calm,0.00,2477,mm,109.15,99.89,99.9,99.8787,1.35,0.40,1.00,mixed,2.71,normal,0.00,-2936,mm,-37.95,25.33,25.45,25.5381,15.19,2.88,0.65,TREND,0.00,normal,0.00,0,mm,-1567.92
27.198,57,243.0,-1496.72,-1496.72,5413,-459,155.48,155.49,155.4853,-0.26,0.28,0.00,chop,-0.07,calm,0.00,2477,mm,109.15,99.89,99.9,99.8791,1.38,0.40,1.00,mixed,2.71,normal,0.00,-2936,mm,-37.95,25.35,25.44,25.5345,14.21,4.43,0.11,chop,-0.71,stressed,0.00,0,mm,-1567.92
27.232,57,243.0,-1496.72,-1496.72,3113,-2759,155.48,155.49,155.4853,-0.26,0.28,0.00,chop,-0.07,calm,0.00,177,mm,137.44,99.89,99.9,99.8794,1.40,0.40,1.00,mixed,2.71,normal,0.00,-2936,mm,-37.95,25.35,25.44,25.5323,13.60,4.43,0.11,chop,-0.71,stressed,0.00,0,mm,-1567.92
27.267,57,243.0,-1496.72,-1496.72,3113,-2759,155.48,155.49,155.4853,-0.26,0.28,0.00,chop,-0.07,calm,0.00,177,mm,137.44,99.89,99.9,99.8796,1.41,0.40,1.00,mixed,2.39,normal,0.00,-2936,mm,-37.95,25.35,25.44,25.5300,13.00,4.43,0.11,chop,-0.71,stressed,0.00,0,mm,-1567.92
27.291,57,243.0,-1496.72,-1496.72,3113,-2759,155.48,155.49,155.4853,-0.26,0.26,0.00,chop,-0.07,calm,0.00,177,mm,137.44,99.89,99.9,99.8798,1.42,0.38,1.00,mixed,2.39,normal,0.00,-2936,mm,-37.95,25.35,25.44,25.5285,12.60,4.43,0.11,chop,-0.71,stressed,0.00,0,mm,-1567.92
27.321,57,243.0,-1496.72,-1496.72,3113,-2759,155.48,155.49,155.4853,-0.26,0.26,0.00,chop,-0.07,calm,0.00,177,mm,137.44,99.89,99.9,99.8800,1.44,0.38,1.00,mixed,2.39,normal,0.00,-2936,mm,-37.95,25.35,25.44,25.5266,12.12,4.43,0.11,chop,-0.71,stressed,0.00,0,mm,-1567.92
27.343,57,243.0,-1496.72,-1496.72,3113,-2759,155.48,155.49,155.4853,-0.26,0.26,0.00,chop,-0.07,calm,0.00,177,mm,137.44,99.89,99.9,99.8802,1.45,0.38,1.00,mixed,2.39,normal,0.00,-2936,mm,-37.95,25.35,25.44,25.5253,11.78,4.43,0.11,chop,-0.71,stressed,0.00,0,mm,-1567.92
27.370,57,243.0,-1496.72,-1496.72,3113,-2759,155.48,155.49,155.4853,-0.26,0.26,0.00,chop,-0.07,calm,0.00,177,mm,137.44,99.89,99.9,99.8803,1.46,0.38,1.00,mixed,2.39,normal,0.00,-2936,mm,-37.95,25.35,25.44,25.5236,11.37,4.43,0.11,chop,-0.71,stressed,0.00,0,mm,-1567.92
27.395,57,243.0,-1496.72,-1496.72,3113,-2759,155.48,155.49,155.4853,-0.26,0.26,0.00,chop,-0.07,calm,0.00,177,mm,137.44,99.89,99.9,99.8805,1.47,0.38,1.00,mixed,2.39,normal,0.00,-2936,mm,-37.95,25.35,25.44,25.5221,10.99,4.43,0.11,chop,-0.71,stressed,0.00,0,mm,-1567.92
27.420,57,243.0,-1496.72,-1496.72,3113,-2759,155.48,155.49,155.4853,-0.25,0.26,0.00,chop,-0.07,calm,0.00,177,mm,137.44,99.89,99.9,99.8807,1.48,0.38,1.00,mixed,2.39,normal,0.00,-2936,mm,-37.95,25.35,25.44,25.5206,10.63,4.43,0.11,chop,-0.71,stressed,0.00,0,mm,-1567.92
27.468,57,243.0,-1496.72,-1496.72,3113,-2759,155.48,155.49,155.4853,-0.25,0.26,0.00,chop,-0.07,calm,0.00,177,mm,137.44,99.89,99.9,99.8810,1.49,0.38,1.00,mixed,2.39,normal,0.00,-2936,mm,-37.95,25.35,25.43,25.5177,9.95,4.43,0.10,chop,-0.72,normal,0.00,0,mm,-1567.92
27.512,57,243.0,-1496.72,-1496.72,3113,-2759,155.48,155.49,155.4852,-0.25,0.26,0.00,chop,-0.07,calm,0.00,177,mm,137.44,99.89,99.9,99.8813,1.51,0.38,1.00,mixed,2.39,normal,0.00,-2936,mm,-37.95,25.35,25.43,25.5151,9.35,4.43,0.10,chop,-0.72,normal,0.00,0,mm,-1567.92
27.541,57,243.0,-1496.72,-1496.72,3113,-2759,155.48,155.49,155.4852,-0.25,0.26,0.00,chop,-0.06,calm,0.00,177,mm,137.44,99.89,99.9,99.8815,1.51,0.38,1.00,mixed,2.16,stressed,0.00,-2936,mm,-37.95,25.35,25.43,25.5134,8.98,4.43,0.10,chop,-0.72,normal,0.00,0,mm,-1567.92
27.570,57,243.0,-1496.72,-1496.72,3113,-2759,155.48,155.49,155.4852,-0.25,0.26,0.00,chop,-0.06,calm,0.00,177,mm,137.44,99.89,99.9,99.8817,1.52,0.38,1.00,mixed,2.16,stressed,0.00,-2936,mm,-37.95,25.35,25.43,25.5117,8.60,4.43,0.10,chop,-0.72,normal,0.00,0,mm,-1567.92
27.591,57,243.0,-1496.72,-1496.72,3113,-2759,155.48,155.49,155.4852,-0.25,0.26,0.00,chop,-0.06,calm,0.00,177,mm,137.44,99.89,99.9,99.8818,1.53,0.38,1.00,mixed,2.16,stressed,0.00,-2936,mm,-37.95,25.35,25.43,25.5105,8.34,4.43,0.10,chop,-0.72,normal,0.00,0,mm,-1567.92
27.618,57,243.0,-1496.72,-1496.72,3113,-2759,155.48,155.49,155.4852,-0.25,0.26,0.00,chop,-0.06,calm,0.00,177,mm,137.44,99.89,99.9,99.8820,1.53,0.38,1.00,mixed,2.16,stressed,0.00,-2936,mm,-37.95,25.35,25.43,25.5090,8.02,4.43,0.10,chop,-0.72,normal,0.00,0,mm,-1567.92
27.651,57,243.0,-1496.72,-1496.72,3113,-2759,155.48,155.49,155.4852,-0.24,0.26,0.00,chop,-0.06,calm,0.00,177,mm,137.44,99.89,99.9,99.8822,1.54,0.38,1.00,mixed,2.16,stressed,0.00,-2936,mm,-37.95,25.35,25.43,25.5071,7.62,4.43,0.10,chop,-0.72,normal,0.00,0,mm,-1567.92
27.668,57,243.0,-1496.72,-1496.72,3113,-2759,155.48,155.49,155.4852,-0.24,0.26,0.00,chop,-0.06,calm,0.00,177,mm,137.44,99.89,99.9,99.8823,1.55,0.38,1.00,mixed,2.16,stressed,0.00,-2936,mm,-37.95,25.35,25.43,25.5062,7.43,4.43,0.10,chop,-0.72,normal,0.00,0,mm,-1567.92
27.769,57,243.0,-1496.72,-1496.72,7813,1941,155.47,155.49,155.4850,-0.28,0.26,0.00,chop,-0.06,calm,0.00,4877,mm,148.25,99.89,99.9,99.8829,1.56,0.38,1.00,mixed,2.16,stressed,0.00,-2936,mm,-37.95,25.35,25.42,25.5006,6.32,4.02,0.09,chop,-0.73,normal,0.00,0,mm,-1567.92
27.799,57,243.0,-1496.72,-1496.72,7813,1941,155.47,155.49,155.4849,-0.29,0.28,1.00,mixed,-1.03,calm,0.00,4877,mm,148.25,99.89,99.9,99.8830,1.57,0.37,1.00,mixed,1.99,stressed,0.00,-2936,mm,-37.95,25.35,25.42,25.4989,6.00,4.02,0.09,chop,-0.73,normal,0.00,0,mm,-1567.92
27.820,57,243.0,-1496.72,-1496.72,7813,1941,155.47,155.49,155.4849,-0.29,0.28,1.00,mixed,-1.03,calm,0.00,4877,mm,148.25,99.89,99.9,99.8831,1.57,0.37,1.00,mixed,1.99,stressed,0.00,-2936,mm,-37.95,25.35,25.42,25.4979,5.80,4.02,0.09,chop,-0.73,normal,0.00,0,mm,-1567.92
27.845,57,243.0,-1496.72,-1496.72,7813,1941,155.47,155.49,155.4848,-0.30,0.28,1.00,mixed,-1.03,calm,0.00,4877,mm,148.25,99.89,99.9,99.8833,1.58,0.37,1.00,mixed,1.99,stressed,0.00,-2936,mm,-37.95,25.35,25.42,25.4965,5.54,4.02,0.09,chop,-0.73,normal,0.00,0,mm,-1567.92
27.868,57,243.0,-1496.72,-1496.72,7813,1941,155.47,155.49,155.4848,-0.31,0.28,1.00,mixed,-1.03,calm,0.00,4877,mm,148.25,99.89,99.9,99.8834,1.58,0.37,1.00,mixed,1.99,stressed,0.00,-2936,mm,-37.95,25.35,25.42,25.4953,5.32,4.02,0.09,chop,-0.73,normal,0.00,0,mm,-1567.92
27.897,57,243.0,-1496.72,-1496.72,7813,1941,155.47,155.49,155.4847,-0.32,0.28,1.00,mixed,-1.03,calm,0.00,4877,mm,148.25,99.89,99.9,99.8836,1.58,0.37,1.00,mixed,1.99,stressed,0.00,-2936,mm,-37.95,25.35,25.42,25.4938,5.05,4.02,0.09,chop,-0.73,normal,0.00,0,mm,-1567.92
27.917,57,243.0,-1496.72,-1496.72,7813,1941,155.47,155.49,155.4847,-0.32,0.28,1.00,mixed,-1.03,calm,0.00,4877,mm,148.25,99.89,99.9,99.8837,1.58,0.37,1.00,mixed,1.99,stressed,0.00,-2936,mm,-37.95,25.35,25.42,25.4928,4.87,4.02,0.09,chop,-0.73,normal,0.00,0,mm,-1567.92
27.944,57,243.0,-1496.72,-1496.72,7813,1941,155.47,155.49,155.4846,-0.33,0.28,1.00,mixed,-1.03,calm,0.00,4877,mm,148.25,99.89,99.9,99.8838,1.59,0.37,1.00,mixed,1.99,stressed,0.00,-2936,mm,-37.95,25.35,25.42,25.4915,4.64,4.02,0.09,chop,-0.73,normal,0.00,0,mm,-1567.92
27.982,57,243.0,-1496.72,-1496.72,7813,1941,155.47,155.48,155.4844,-0.35,0.28,1.00,mixed,-1.03,calm,0.00,4877,mm,148.25,99.89,99.9,99.8840,1.59,0.37,1.00,mixed,1.99,stressed,0.00,-2936,mm,-37.95,25.32,25.41,25.4892,4.25,4.02,0.09,chop,-0.73,normal,0.00,0,mm,-1567.92
28.009,57,243.0,-1496.72,-1496.72,7813,1941,155.47,155.48,155.4843,-0.37,0.28,1.00,mixed,-1.03,calm,0.00,4877,mm,148.25,99.89,99.9,99.8842,1.59,0.37,1.00,mixed,1.99,stressed,0.00,-2936,mm,-37.95,25.32,25.41,25.4876,3.98,4.02,0.09,chop,-0.73,normal,0.00,0,mm,-1567.92
28.033,57,243.0,-1496.72,-1496.72,7813,1941,155.47,155.48,155.4842,-0.39,0.28,1.00,mixed,-1.03,calm,0.00,4877,mm,148.25,99.89,99.9,99.8843,1.59,0.37,1.00,mixed,1.99,stressed,0.00,-2936,mm,-37.95,25.32,25.41,25.4862,3.75,4.02,0.01,chop,-0.85,normal,0.00,0,mm,-1567.92
28.058,57,243.0,-1496.72,-1496.72,7813,1941,155.47,155.48,155.4841,-0.40,0.28,1.00,mixed,-1.97,normal,0.00,4877,mm,148.25,99.89,99.9,99.8844,1.59,0.37,1.00,mixed,1.85,stressed,0.00,-2936,mm,-37.95,25.32,25.41,25.4848,3.52,4.02,0.01,chop,-0.85,normal,0.00,0,mm,-1567.92
28.095,57,243.0,-1496.72,-1496.72,7813,1941,155.47,155.48,155.4839,-0.42,0.28,1.00,mixed,-1.97,normal,0.00,4877,mm,148.25,99.89,99.9,99.8846,1.59,0.37,1.00,mixed,1.85,stressed,0.00,-2936,mm,-37.95,25.32,25.41,25.4827,3.19,4.02,0.01,chop,-0.85,normal,0.00,0,mm,-1567.92
28.107,57,243.0,-1496.72,-1496.72,7813,1941,155.47,155.48,155.4839,-0.43,0.28,1.00,mixed,-1.97,normal,0.00,4877,mm,148.25,99.89,99.9,99.8847,1.60,0.37,1.00,mixed,1.85,stressed,0.00,-2936,mm,-37.95,25.32,25.41,25.4821,3.09,4.02,0.01,chop,-0.85,normal,0.00,0,mm,-1567.92
28.133,57,243.0,-1496.72,-1496.72,7813,1941,155.47,155.48,155.4838,-0.44,0.28,1.00,mixed,-1.97,normal,0.00,4877,mm,148.25,99.89,99.9,99.8848,1.60,0.37,1.00,mixed,1.85,stressed,0.00,-2936,mm,-37.95,25.32,25.41,25.4806,2.86,4.02,0.01,chop,-0.85,normal,0.00,0,mm,-1567.92
28.161,58,242.0,-1457.62,-1457.62,7813,1941,155.47,155.48,155.4837,-0.45,0.28,1.00,mixed,-1.97,normal,0.00,4877,mm,148.25,99.89,99.9,99.8849,1.60,0.37,1.00,mixed,1.85,stressed,0.00,-2936,mm,-37.95,25.32,25.41,25.4791,2.63,4.02,0.01,chop,-0.85,normal,0.00,0,mm,-1567.92
28.185,58,242.0,-1457.62,-1457.62,7813,1941,155.47,155.48,155.4836,-0.47,0.28,1.00,mixed,-1.97,normal,0.00,4877,mm,148.25,99.89,99.9,99.8850,1.60,0.37,1.00,mixed,1.85,stressed,0.00,-2936,mm,-37.95,25.32,25.41,25.4779,2.45,4.02,0.01,chop,-0.85,normal,0.00,0,mm,-1567.92
28.226,58,242.0,-1457.62,-1457.62,7813,1941,155.47,155.48,155.4834,-0.49,0.28,1.00,mixed,-1.97,normal,0.00,4877,mm,148.25,99.89,99.9,99.8852,1.60,0.37,1.00,mixed,1.85,stressed,0.00,-2936,mm,-37.95,25.33,25.4,25.4757,2.13,4.02,0.01,chop,-0.85,normal,0.00,0,mm,-1567.92
28.240,58,242.0,-1457.62,-1457.62,7813,1941,155.47,155.48,155.4833,-0.49,0.28,1.00,mixed,-1.97,normal,0.00,4877,mm,148.25,99.89,99.9,99.8853,1.60,0.37,1.00,mixed,1.85,stressed,0.00,-2936,mm,-37.95,25.33,25.4,25.4750,2.02,4.02,0.01,chop,-0.85,normal,0.00,0,mm,-1567.92
28.273,58,242.0,-1457.62,-1457.62,7813,1941,155.47,155.48,155.4832,-0.51,0.28,1.00,mixed,-1.97,normal,0.00,4877,mm,148.25,99.89,99.9,99.8854,1.60,0.37,1.00,mixed,1.85,stressed,0.00,-2936,mm,-37.95,25.33,25.4,25.4732,1.78,3.74,0.01,chop,-0.85,normal,0.00,0,mm,-1567.92
28.292,58,242.0,-1457.62,-1457.62,7813,1941,155.47,155.48,155.4831,-0.51,0.28,1.00,mixed,-1.97,normal,0.00,4877,mm,148.25,99.89,99.9,99.8855,1.60,0.37,1.00,mixed,1.85,stressed,0.00,-2936,mm,-37.95,25.33,25.4,25.4723,1.65,3.74,0.00,chop,-0.82,normal,0.00,0,mm,-1567.92
28.318,58,242.0,-1457.62,-1457.62,7813,1941,155.47,155.48,155.4830,-0.53,0.29,1.00,mixed,-1.91,normal,0.00,4877,mm,148.25,99.89,99.9,99.8856,1.60,0.35,1.00,mixed,1.74,stressed,0.00,-2936,mm,-37.95,25.33,25.4,25.4710,1.47,3.74,0.00,chop,-0.82,normal,0.00,0,mm,-1567.92
28.346,58,242.0,-1457.62,-1457.62,7813,1941,155.47,155.48,155.4829,-0.54,0.29,1.00,mixed,-1.91,normal,0.00,4877,mm,148.25,99.89,99.9,99.8858,1.59,0.35,1.00,mixed,1.74,stressed,0.00,-2936,mm,-37.95,25.33,25.4,25.4696,1.27,3.74,0.00,chop,-0.82,normal,0.00,0,mm,-1567.92
28.371,58,242.0,-1457.62,-1457.62,7813,1941,155.47,155.48,155.4828,-0.55,0.29,1.00,mixed,-1.91,normal,0.00,4877,mm,148.25,99.89,99.9,99.8859,1.59,0.35,1.00,mixed,1.74,stressed,0.00,-2936,mm,-37.95,25.33,25.4,25.4684,1.12,3.74,0.00,chop,-0.82,normal,0.00,0,mm,-1567.92
28.397,58,242.0,-1457.62,-1457.62,7813,1941,155.47,155.48,155.4827,-0.56,0.29,1.00,mixed,-1.91,normal,0.00,4877,mm,148.25,99.89,99.9,99.8860,1.59,0.35,1.00,mixed,1.74,stressed,0.00,-2936,mm,-37.95,25.33,25.4,25.4671,0.95,3.74,0.00,chop,-0.82,normal,0.00,0,mm,-1567.92
28.420,58,242.0,-1457.62,-1457.62,7813,1941,155.47,155.48,155.4827,-0.56,0.29,1.00,mixed,-1.91,normal,0.00,4877,mm,148.25,99.89,99.9,99.8861,1.59,0.35,1.00,mixed,1.74,stressed,0.00,-2936,mm,-37.95,25.33,25.4,25.4660,0.81,3.74,0.00,chop,-0.82,normal,0.00,0,mm,-1567.92
28.444,58,242.0,-1457.62,-1457.62,7813,1941,155.47,155.48,155.4826,-0.57,0.29,1.00,mixed,-1.91,normal,0.00,4877,mm,148.25,99.89,99.9,99.8862,1.59,0.35,1.00,mixed,1.74,stressed,0.00,-2936,mm,-37.95,25.33,25.4,25.4649,0.66,3.74,0.00,chop,-0.82,normal,0.00,0,mm,-1567.92
28.484,58,242.0,-1457.62,-1457.62,7813,1941,155.46,155.48,155.4823,-0.60,0.29,1.00,mixed,-1.91,normal,0.00,4877,mm,148.25,99.89,99.9,99.8863,1.59,0.35,1.00,mixed,1.74,stressed,0.00,-2936,mm,-37.95,25.32,25.4,25.4629,0.42,3.74,0.00,chop,-0.82,normal,0.00,0,mm,-1567.92
28.500,58,242.0,-1457.62,-1457.62,7813,1941,155.46,155.48,155.4823,-0.61,0.29,1.00,mixed,-1.91,normal,0.00,4877,mm,148.25,99.89,99.9,99.8864,1.59,0.35,1.00,mixed,1.74,stressed,0.00,-2936,mm,-37.95,25.32,25.4,25.4622,0.32,3.74,0.00,chop,-0.82,normal,0.00,0,mm,-1567.92
28.544,58,242.0,-1457.62,-1457.62,7813,1941,155.46,155.48,155.4820,-0.64,0.29,1.00,mixed,-1.91,normal,0.00,4877,mm,148.25,99.89,99.9,99.8866,1.58,0.35,1.00,mixed,1.74,stressed,0.00,-2936,mm,-37.95,25.32,25.4,25.4601,0.07,3.74,0.25,mixed,-0.83,normal,0.00,0,mm,-1567.92
28.559,58,242.0,-1457.62,-1457.62,7813,1941,155.46,155.48,155.4819,-0.65,0.29,1.00,mixed,-1.91,normal,0.00,4877,mm,148.25,99.89,99.9,99.8866,1.58,0.35,1.00,mixed,1.74,stressed,0.00,-2936,mm,-37.95,25.32,25.4,25.4594,-0.01,3.74,0.25,mixed,-0.83,normal,0.00,0,mm,-1567.92
28.593,58,242.0,-1457.62,-1457.62,7813,1941,155.46,155.48,155.4817,-0.67,0.29,1.00,mixed,-2.83,normal,0.00,4877,mm,148.25,99.89,99.9,99.8868,1.58,0.35,1.00,mixed,1.64,stressed,0.00,-2936,mm,-37.95,25.32,25.4,25.4578,-0.20,3.74,0.25,mixed,-0.83,normal,0.00,0,mm,-1567.92
28.614,58,242.0,-1457.62,-1457.62,7813,1941,155.46,155.48,155.4816,-0.69,0.29,1.00,mixed,-2.83,normal,0.00,4877,mm,148.25,99.89,99.9,99.8869,1.58,0.35,1.00,mixed,1.64,stressed,0.00,-2936,mm,-37.95,25.32,25.4,25.4568,-0.31,3.74,0.25,mixed,-0.83,normal,0.00,0,mm,-1567.92
28.634,58,242.0,-1457.62,-1457.62,7813,1941,155.46,155.48,155.4815,-0.70,0.29,1.00,mixed,-2.83,normal,0.00,4877,mm,148.25,99.89,99.9,99.8869,1.57,0.35,1.00,mixed,1.64,stressed,0.00,-2936,mm,-37.95,25.32,25.4,25.4559,-0.41,3.74,0.25,mixed,-0.83,normal,0.00,0,mm,-1567.92
28.659,58,242.0,-1457.62,-1457.62,7813,1941,155.46,155.48,155.4814,-0.71,0.29,1.00,mixed,-2.83,normal,0.00,4877,mm,148.25,99.89,99.9,99.8870,1.57,0.35,1.00,mixed,1.64,stressed,0.00,-2936,mm,-37.95,25.32,25.4,25.4548,-0.54,3.74,0.25,mixed,-0.83,normal,0.00,0,mm,-1567.92
28.727,58,242.0,-1457.62,-1457.62,7813,1941,155.46,155.48,155.4810,-0.75,0.29,1.00,mixed,-2.83,normal,0.00,4877,mm,50.71,99.89,99.9,99.8873,1.57,0.35,1.00,mixed,1.64,stressed,0.00,-2936,mm,-37.95,25.32,25.4,25.4518,-0.86,3.74,0.25,mixed,-0.83,normal,0.00,0,mm,-1567.92
28.765,58,242.0,-1457.62,-1457.62,7813,1941,155.46,155.47,155.4807,-0.78,0.29,1.00,mixed,-2.83,normal,0.00,4877,mm,50.71,99.89,99.9,99.8874,1.56,0.35,1.00,mixed,1.64,stressed,0.00,-2936,mm,-37.95,25.34,25.4,25.4503,-1.00,3.74,0.25,mixed,-0.83,normal,0.00,0,mm,-1567.92
28.816,58,242.0,-1457.62,-1457.62,7813,1941,155.46,155.47,155.4804,-0.83,0.29,1.00,mixed,-2.83,normal,0.00,4877,mm,50.71,99.89,99.9,99.8876,1.56,0.35,1.00,mixed,1.64,stressed,0.00,-2936,mm,-37.95,25.34,25.4,25.4485,-1.17,3.48,0.68,TREND,-0.73,normal,0.00,0,mm,-1567.92
28.835,58,242.0,-1457.62,-1457.62,7813,1941,155.46,155.47,155.4802,-0.84,0.34,1.00,mixed,-2.83,normal,0.00,4877,mm,50.71,99.89,99.9,99.8877,1.55,0.33,1.00,mixed,1.64,stressed,0.00,-2936,mm,-37.95,25.34,25.4,25.4477,-1.23,3.48,0.68,TREND,-0.73,normal,0.00,0,mm,-1567.92
28.871,58,242.0,-1457.62,-1457.62,7813,1941,155.46,155.47,155.4800,-0.87,0.34,1.00,mixed,-3.72,normal,0.00,4877,mm,50.71,99.89,99.9,99.8878,1.55,0.33,1.00,mixed,1.56,stressed,0.00,-2936,mm,-37.95,25.34,25.4,25.4464,-1.34,3.48,0.68,TREND,-0.73,normal,0.00,0,mm,-1567.92
28.885,58,242.0,-1457.62,-1457.62,7813,1941,155.46,155.47,155.4799,-0.88,0.34,1.00,mixed,-3.72,normal,0.00,4877,mm,50.71,99.89,99.9,99.8878,1.55,0.33,1.00,mixed,1.56,stressed,0.00,-2936,mm,-37.95,25.34,25.4,25.4459,-1.39,3.48,0.68,TREND,-0.73,normal,0.00,0,mm,-1567.92
28.910,58,242.0,-1457.62,-1457.62,7813,1941,155.46,155.47,155.4797,-0.90,0.34,1.00,mixed,-3.72,normal,0.00,4877,mm,50.71,99.89,99.9,99.8879,1.54,0.33,1.00,mixed,1.56,stressed,0.00,-2936,mm,-37.95,25.34,25.4,25.4450,-1.46,3.48,0.68,TREND,-0.73,normal,0.00,0,mm,-1567.92
28.935,58,242.0,-1457.62,-1457.62,7813,1941,155.46,155.47,155.4795,-0.92,0.34,1.00,mixed,-3.72,normal,0.00,4877,mm,50.71,99.89,99.9,99.8880,1.54,0.33,1.00,mixed,1.56,stressed,0.00,-2936,mm,-37.95,25.34,25.4,25.4441,-1.54,3.48,0.68,TREND,-0.73,normal,0.00,0,mm,-1567.92
28.960,58,242.0,-1457.62,-1457.62,7813,1941,155.46,155.47,155.4793,-0.93,0.34,1.00,mixed,-3.72,normal,0.00,4877,mm,50.71,99.89,99.9,99.8881,1.54,0.33,1.00,mixed,1.56,stressed,0.00,-2936,mm,-37.95,25.34,25.4,25.4433,-1.60,3.48,0.68,TREND,-0.73,normal,0.00,0,mm,-1567.92
28.995,58,242.0,-1457.62,-1457.62,7813,1941,155.46,155.47,155.4791,-0.96,0.34,1.00,mixed,-3.72,normal,0.00,4877,mm,50.71,99.87,99.9,99.8880,1.50,0.33,1.00,mixed,1.56,stressed,0.00,-2936,mm,-37.95,25.35,25.4,25.4421,-1.69,3.48,0.68,TREND,-0.73,normal,0.00,0,mm,-1567.92
29.044,58,242.0,-1457.62,-1457.62,7813,1941,155.46,155.47,155.4788,-0.99,0.34,1.00,mixed,-3.72,normal,0.00,4877,mm,50.71,99.87,99.9,99.8880,1.46,0.33,1.00,mixed,1.56,stressed,0.00,-2936,mm,-37.95,25.35,25.4,25.4406,-1.79,3.48,0.68,TREND,-0.73,normal,0.00,0,mm,-1567.92
29.068,58,242.0,-1457.62,-1457.62,7813,1941,155.46,155.47,155.4786,-1.00,0.34,1.00,mixed,-3.72,normal,0.00,4877,mm,50.71,99.87,99.9,99.8879,1.44,0.33,1.00,mixed,1.56,stressed,0.00,-2936,mm,-37.95,25.35,25.4,25.4399,-1.84,3.48,0.65,TREND,-0.67,stressed,0.00,0,mm,-1567.92
29.096,58,242.0,-1457.62,-1457.62,7813,1941,155.46,155.47,155.4785,-1.02,0.34,1.00,mixed,-3.72,normal,0.00,4877,mm,50.71,99.87,99.9,99.8879,1.41,0.33,1.00,mixed,1.56,stressed,0.00,-2936,mm,-37.95,25.35,25.4,25.4390,-1.90,3.48,0.65,TREND,-0.67,stressed,0.00,0,mm,-1567.92
29.129,58,242.0,-1457.62,-1457.62,7813,1941,155.46,155.47,155.4782,-1.03,0.34,1.00,mixed,-3.16,normal,0.00,4877,mm,50.71,99.87,99.9,99.8878,1.38,0.33,0.50,mixed,0.76,stressed,0.00,-2936,mm,-37.95,25.35,25.4,25.4380,-1.96,3.48,0.65,TREND,-0.67,stressed,0.00,0,mm,-1567.92
29.152,58,242.0,-1457.62,-1457.62,7813,1941,155.46,155.47,155.4781,-1.04,0.34,1.00,mixed,-3.16,normal,0.00,4877,mm,50.71,99.87,99.9,99.8878,1.37,0.33,0.50,mixed,0.76,stressed,0.00,-2936,mm,-37.95,25.35,25.4,25.4374,-2.00,3.48,0.65,TREND,-0.67,stressed,0.00,0,mm,-1567.92
29.176,58,242.0,-1457.62,-1457.62,7813,1941,155.46,155.47,155.4780,-1.06,0.34,1.00,mixed,-3.16,normal,0.00,4877,mm,50.71,99.87,99.9,99.8878,1.35,0.33,0.50,mixed,0.76,stressed,0.00,-2936,mm,-37.95,25.35,25.4,25.4367,-2.05,3.48,0.65,TREND,-0.67,stressed,0.00,0,mm,-1567.92
29.207,59,234.8,-1555.16,-1555.16,7813,1941,155.46,155.47,155.4778,-1.07,0.34,1.00,mixed,-3.16,normal,0.00,4877,mm,50.71,99.87,99.9,99.8877,1.32,0.33,0.50,mixed,0.76,stressed,0.00,-2936,mm,-37.95,25.35,25.4,25.4358,-2.10,3.48,0.65,TREND,-0.67,stressed,0.00,0,mm,-1567.92
29.227,59,234.8,-1555.16,-1555.16,7813,1941,155.46,155.47,155.4776,-1.08,0.34,1.00,mixed,-3.16,normal,0.00,4877,mm,50.71,99.87,99.9,99.8877,1.31,0.33,0.50,mixed,0.76,stressed,0.00,-2936,mm,-37.95,25.35,25.4,25.4352,-2.13,3.48,0.65,TREND,-0.67,stressed,0.00,0,mm,-1567.92
29.268,59,234.8,-1555.16,-1555.16,7913,1841,155.46,155.47,155.4774,-1.10,0.34,1.00,mixed,-3.16,normal,0.00,4877,mm,50.71,99.88,99.9,99.8878,1.29,0.33,0.50,mixed,0.76,stressed,0.00,-2936,mm,-37.95,25.36,25.4,25.4341,-2.18,3.48,0.65,TREND,-0.67,stressed,0.00,-100,mm,-1566.81
29.314,59,234.8,-1555.16,-1555.16,7913,1841,155.46,155.47,155.4771,-1.12,0.34,1.00,mixed,-3.16,normal,0.00,4877,mm,50.71,99.88,99.9,99.8878,1.28,0.33,0.50,mixed,0.76,stressed,0.00,-2936,mm,-37.95,25.36,25.4,25.4329,-2.23,3.48,0.65,TREND,-0.67,stressed,0.00,-100,mm,-1566.81
29.335,59,234.8,-1555.16,-1555.16,7913,1841,155.46,155.47,155.4770,-1.12,0.32,1.00,mixed,-3.16,normal,0.00,4877,mm,50.71,99.88,99.9,99.8878,1.27,0.36,0.50,mixed,0.76,stressed,0.00,-2936,mm,-37.95,25.36,25.4,25.4324,-2.25,3.28,0.81,TREND,-0.62,stressed,0.00,-100,mm,-1566.81
29.363,59,234.8,-1555.16,-1555.16,7913,1841,155.46,155.47,155.4768,-1.13,0.32,1.00,mixed,-3.16,normal,0.00,4877,mm,50.71,99.88,99.9,99.8879,1.26,0.36,0.50,mixed,0.76,stressed,0.00,-2936,mm,-37.95,25.36,25.4,25.4317,-2.28,3.28,0.81,TREND,-0.62,stressed,0.00,-100,mm,-1566.81
29.403,59,234.8,-1555.16,-1555.16,7913,1841,155.46,155.47,155.4766,-1.15,0.32,1.00,mixed,-2.77,normal,0.00,4877,mm,50.71,99.88,99.9,99.8879,1.25,0.36,0.56,mixed,1.12,stressed,0.00,-2936,mm,-37.95,25.36,25.4,25.4307,-2.32,3.28,0.81,TREND,-0.62,stressed,0.00,-100,mm,-1566.81
29.426,59,234.8,-1555.16,-1555.16,7913,1841,155.46,155.47,155.4765,-1.16,0.32,1.00,mixed,-2.77,normal,0.00,4877,mm,50.71,99.88,99.9,99.8879,1.24,0.36,0.56,mixed,1.12,stressed,0.00,-2936,mm,-37.95,25.36,25.4,25.4302,-2.34,3.28,0.81,TREND,-0.62,stressed,0.00,-100,mm,-1566.81
29.452,59,234.8,-1555.16,-1555.16,7913,1841,155.46,155.47,155.4764,-1.16,0.32,1.00,mixed,-2.77,normal,0.00,4877,mm,50.71,99.88,99.9,99.8879,1.23,0.36,0.56,mixed,1.12,stressed,0.00,-2936,mm,-37.95,25.36,25.4,25.4296,-2.36,3.28,0.81,TREND,-0.62,stressed,0.00,-100,mm,-1566.81
29.478,59,234.8,-1555.16,-1555.16,7913,1841,155.46,155.47,155.4762,-1.17,0.32,1.00,mixed,-2.77,normal,0.00,4877,mm,50.71,99.88,99.9,99.8880,1.22,0.36,0.56,mixed,1.12,stressed,0.00,-2936,mm,-37.95,25.36,25.4,25.4289,-2.39,3.28,0.81,TREND,-0.62,stressed,0.00,-100,mm,-1566.81
29.513,59,234.8,-1555.16,-1555.16,7913,1841,155.46,155.47,155.4760,-1.18,0.32,1.00,mixed,-2.77,normal,0.00,4877,mm,50.71,99.88,99.89,99.8879,1.20,0.36,0.56,mixed,1.12,stressed,0.00,-2936,mm,-8.59,25.37,25.4,25.4282,-2.40,3.28,0.81,TREND,-0.62,stressed,0.00,-100,mm,-1566.81
29.565,59,234.8,-1555.16,-1555.16,7913,1841,155.46,155.47,155.4758,-1.19,0.32,1.00,mixed,-2.77,normal,0.00,4877,mm,50.71,99.88,99.89,99.8878,1.16,0.36,0.56,mixed,1.12,stressed,0.00,-2936,mm,-8.59,25.37,25.4,25.4272,-2.42,3.28,0.81,TREND,-0.62,stressed,0.00,-100,mm,-1566.81
29.589,59,234.8,-1555.16,-1555.16,7913,1841,155.46,155.47,155.4756,-1.20,0.32,1.00,mixed,-2.77,normal,0.00,4877,mm,50.71,99.88,99.89,99.8878,1.15,0.36,0.56,mixed,1.12,stressed,0.00,-2936,mm,-8.59,25.37,25.4,25.4267,-2.43,3.28,0.78,TREND,-0.56,stressed,0.00,-100,mm,-1566.81
29.618,59,234.8,-1555.16,-1555.16,7913,1841,155.46,155.47,155.4755,-1.21,0.32,1.00,mixed,-2.77,normal,0.00,4877,mm,50.71,99.88,99.89,99.8878,1.13,0.36,0.56,mixed,1.12,stressed,0.00,-2936,mm,-8.59,25.37,25.4,25.4261,-2.43,3.28,0.78,TREND,-0.56,stressed,0.00,-100,mm,-1566.81
29.637,59,234.8,-1555.16,-1555.16,7913,1841,155.46,155.47,155.4754,-1.21,0.32,1.00,mixed,-2.77,normal,0.00,4877,mm,50.71,99.88,99.89,99.8877,1.12,0.36,0.56,mixed,1.12,stressed,0.00,-2936,mm,-8.59,25.37,25.4,25.4257,-2.44,3.28,0.78,TREND,-0.56,stressed,0.00,-100,mm,-1566.81
29.668,59,234.8,-1555.16,-1555.16,7913,1841,155.46,155.47,155.4752,-1.22,0.32,1.00,mixed,-2.50,normal,0.00,4877,mm,50.71,99.88,99.89,99.8877,1.10,0.36,0.40,mixed,0.71,stressed,0.00,-2936,mm,-8.59,25.37,25.4,25.4251,-2.45,3.28,0.78,TREND,-0.56,stressed,0.00,-100,mm,-1566.81
29.724,59,234.8,-1555.16,-1555.16,7913,1841,155.45,155.47,155.4748,-1.25,0.32,1.00,mixed,-2.50,normal,0.00,4877,mm,50.71,99.87,99.88,99.8874,1.02,0.36,0.40,mixed,0.71,stressed,0.00,-2936,mm,-8.59,25.38,25.39,25.4241,-2.46,3.28,0.78,TREND,-0.56,stressed,0.00,-100,mm,-1566.81
29.813,60,225.8,-1528.33,-1528.33,8613,1141,155.45,155.47,155.4742,-1.29,0.32,1.00,mixed,-2.50,normal,-2.11,4877,mm,1.94,99.86,99.88,99.8866,0.87,0.36,0.40,mixed,0.71,stressed,0.18,-2936,mm,20.77,25.36,25.39,25.4220,-2.55,3.28,0.78,TREND,-0.56,stressed,0.00,-800,mm,-1551.04
29.848,60,225.8,-1528.33,-1528.33,8613,1141,155.45,155.47,155.4740,-1.31,0.32,1.00,mixed,-2.50,normal,-2.11,4877,mm,1.94,99.86,99.88,99.8864,0.82,0.51,0.40,mixed,0.71,stressed,0.18,-2936,mm,20.77,25.36,25.39,25.4212,-2.58,2.96,0.82,TREND,-0.63,stressed,0.00,-800,mm,-1551.04
29.872,60,225.8,-1528.33,-1528.33,8613,1141,155.45,155.47,155.4738,-1.32,0.32,1.00,mixed,-2.50,normal,-2.11,4877,mm,1.94,99.86,99.88,99.8862,0.78,0.51,0.40,mixed,0.71,stressed,0.18,-2936,mm,20.77,25.36,25.39,25.4207,-2.60,2.96,0.82,TREND,-0.63,stressed,0.00,-800,mm,-1551.04
29.908,60,225.8,-1528.33,-1528.33,8613,1141,155.45,155.47,155.4736,-1.33,0.32,1.00,mixed,-2.50,normal,-2.11,4877,mm,1.94,99.86,99.88,99.8859,0.73,0.51,0.40,mixed,0.71,stressed,0.18,-2936,mm,20.77,25.36,25.39,25.4199,-2.62,2.96,0.82,TREND,-0.63,stressed,0.00,-800,mm,-1551.04
29.923,60,225.8,-1528.33,-1528.33,8613,1141,155.45,155.47,155.4735,-1.34,0.32,1.00,mixed,-2.84,normal,-2.11,4877,mm,1.94,99.86,99.88,99.8858,0.71,0.51,0.08,chop,-0.47,stressed,0.18,-2936,mm,20.77,25.36,25.39,25.4196,-2.63,2.96,0.82,TREND,-0.63,stressed,0.00,-800,mm,-1551.04
29.947,60,225.8,-1528.33,-1528.33,8613,1141,155.45,155.47,155.4733,-1.35,0.32,1.00,mixed,-2.84,normal,-2.11,4877,mm,1.94,99.86,99.88,99.8856,0.67,0.51,0.08,chop,-0.47,stressed,0.18,-2936,mm,20.77,25.36,25.39,25.4190,-2.65,2.96,0.82,TREND,-0.63,stressed,0.00,-800,mm,-1551.04
29.971,60,225.8,-1528.33,-1528.33,8613,1141,155.45,155.47,155.4732,-1.36,0.32,1.00,mixed,-2.84,normal,-2.11,4877,mm,1.94,99.86,99.88,99.8854,0.64,0.51,0.08,chop,-0.47,stressed,0.18,-2936,mm,20.77,25.36,25.39,25.4185,-2.67,2.96,0.82,TREND,-0.63,stressed,0.00,-800,mm,-1551.04
30.027,60,225.8,-1528.33,-1528.33,8613,1141,155.45,155.46,155.4727,-1.40,0.32,1.00,mixed,-2.84,normal,-2.11,4877,mm,1.94,99.86,99.87,99.8849,0.54,0.51,0.08,chop,-0.47,stressed,0.18,-2936,mm,20.77,25.37,25.38,25.4174,-2.70,2.96,0.82,TREND,-0.63,stressed,0.00,-800,mm,-1551.04
30.057,60,225.8,-1528.33,-1528.33,8613,1141,155.45,155.46,155.4724,-1.42,0.32,1.00,mixed,-2.84,normal,-2.11,4877,mm,1.94,99.86,99.87,99.8846,0.50,0.51,0.08,chop,-0.47,stressed,0.18,-2936,mm,20.77,25.37,25.38,25.4167,-2.72,2.96,0.82,TREND,-0.63,stressed,0.00,-800,mm,-1551.04
30.080,60,225.8,-1528.33,-1528.33,8613,1141,155.45,155.46,155.4722,-1.44,0.32,1.00,mixed,-2.84,normal,-2.11,4877,mm,1.94,99.86,99.87,99.8844,0.46,0.51,0.08,chop,-0.47,stressed,0.18,-2936,mm,20.77,25.37,25.38,25.4163,-2.73,2.96,0.82,TREND,-0.63,stressed,0.00,-800,mm,-1551.04
30.103,60,225.8,-1528.33,-1528.33,8613,1141,155.45,155.46,155.4720,-1.45,0.32,1.00,mixed,-2.84,normal,-2.11,4877,mm,1.94,99.86,99.87,99.8841,0.42,0.51,0.08,chop,-0.47,stressed,0.18,-2936,mm,20.77,25.37,25.38,25.4158,-2.74,2.96,0.81,TREND,-0.61,stressed,0.00,-800,mm,-1551.04
30.140,60,225.8,-1528.33,-1528.33,8613,1141,155.45,155.46,155.4717,-1.47,0.32,1.00,mixed,-2.84,normal,-2.11,4877,mm,1.94,99.86,99.87,99.8838,0.37,0.51,0.08,chop,-0.47,stressed,0.18,-2936,mm,20.77,25.37,25.38,25.4151,-2.76,2.96,0.81,TREND,-0.61,stressed,0.00,-800,mm,-1551.04
30.158,60,225.8,-1528.33,-1528.33,8613,1141,155.45,155.46,155.4716,-1.48,0.32,1.00,mixed,-2.84,normal,-2.11,4877,mm,1.94,99.86,99.87,99.8836,0.34,0.51,0.08,chop,-0.47,stressed,0.18,-2936,mm,20.77,25.37,25.38,25.4147,-2.77,2.96,0.81,TREND,-0.61,stressed,0.00,-800,mm,-1551.04
30.182,60,225.8,-1528.33,-1528.33,8613,1141,155.45,155.46,155.4714,-1.50,0.32,1.00,mixed,-3.03,normal,-2.11,4877,mm,1.94,99.86,99.87,99.8834,0.31,0.51,0.00,chop,-0.85,stressed,0.18,-2936,mm,20.77,25.37,25.38,25.4143,-2.78,2.96,0.81,TREND,-0.61,stressed,0.00,-800,mm,-1551.04
30.207,60,225.8,-1528.33,-1528.33,8613,1141,155.45,155.46,155.4712,-1.51,0.32,1.00,mixed,-3.03,normal,-2.11,4877,mm,1.94,99.86,99.87,99.8832,0.28,0.51,0.00,chop,-0.85,stressed,0.18,-2936,mm,20.77,25.37,25.38,25.4138,-2.79,2.96,0.81,TREND,-0.61,stressed,0.00,-800,mm,-1551.04
30.233,60,225.8,-1528.33,-1528.33,8613,1141,155.45,155.46,155.4710,-1.52,0.32,1.00,mixed,-3.03,normal,-2.11,4877,mm,1.94,99.86,99.87,99.8830,0.24,0.51,0.00,chop,-0.85,stressed,0.18,-2936,mm,20.77,25.37,25.38,25.4133,-2.80,2.96,0.81,TREND,-0.61,stressed,0.00,-800,mm,-1551.04
30.273,60,225.8,-1528.33,-1528.33,8613,1141,155.45,155.46,155.4707,-1.54,0.32,1.00,mixed,-3.03,normal,-2.11,4877,mm,1.94,99.86,99.87,99.8826,0.19,0.51,0.00,chop,-0.85,stressed,0.18,-2936,mm,20.77,25.37,25.38,25.4126,-2.81,2.96,0.81,TREND,-0.61,stressed,0.00,-800,mm,-1551.04
30.305,60,236.6,-1528.33,-1528.33,8613,1141,155.45,155.46,155.4704,-1.56,0.32,1.00,mixed,-3.03,normal,-2.11,4877,mm,1.94,99.86,99.87,99.8824,0.15,0.51,0.00,chop,-0.85,stressed,0.18,-2936,mm,20.77,25.37,25.38,25.4120,-2.83,2.96,0.81,TREND,-0.61,stressed,0.00,-800,mm,-1551.04
30.330,60,236.6,-1528.33,-1528.33,8613,1141,155.45,155.46,155.4703,-1.57,0.32,1.00,mixed,-3.03,normal,-2.11,4877,mm,1.94,99.86,99.87,99.8821,0.12,0.51,0.00,chop,-0.85,stressed,0.18,-2936,mm,20.77,25.37,25.38,25.4116,-2.83,2.96,0.81,TREND,-0.61,stressed,0.00,-800,mm,-1551.04
30.352,60,236.6,-1528.33,-1528.33,8613,1141,155.45,155.46,155.4701,-1.58,0.31,1.00,mixed,-3.03,normal,-2.11,4877,mm,1.94,99.86,99.87,99.8820,0.10,0.50,0.00,chop,-0.85,stressed,0.18,-2936,mm,20.77,25.37,25.38,25.4112,-2.84,2.71,0.81,TREND,-0.61,stressed,0.00,-800,mm,-1551.04
30.377,60,236.6,-1528.33,-1528.33,8613,1141,155.45,155.46,155.4699,-1.59,0.31,1.00,mixed,-3.03,normal,-2.11,4877,mm,1.94,99.86,99.87,99.8818,0.07,0.50,0.00,chop,-0.85,stressed,0.18,-2936,mm,20.77,25.37,25.38,25.4108,-2.85,2.71,0.81,TREND,-0.60,stressed,0.00,-800,mm,-1551.04
30.409,60,236.6,-1528.33,-1528.33,8613,1141,155.45,155.46,155.4697,-1.60,0.31,1.00,mixed,-3.03,normal,-2.11,4877,mm,1.94,99.86,99.87,99.8815,0.03,0.50,0.00,chop,-0.85,stressed,0.18,-2936,mm,20.77,25.37,25.38,25.4102,-2.85,2.71,0.81,TREND,-0.60,stressed,0.00,-800,mm,-1551.04
30.428,60,236.6,-1528.33,-1528.33,8613,1141,155.45,155.46,155.4696,-1.61,0.31,1.00,mixed,-3.03,normal,-2.11,4877,mm,1.94,99.86,99.87,99.8814,0.01,0.50,0.00,chop,-0.85,stressed,0.18,-2936,mm,20.77,25.37,25.38,25.4099,-2.86,2.71,0.81,TREND,-0.60,stressed,0.00,-800,mm,-1551.04
30.455,60,236.6,-1528.33,-1528.33,8613,1141,155.45,155.46,155.4694,-1.62,0.31,1.00,mixed,-2.71,normal,-2.11,4877,mm,1.94,99.86,99.87,99.8812,-0.02,0.50,0.00,chop,-0.83,stressed,0.18,-2936,mm,20.77,25.37,25.38,25.4095,-2.86,2.71,0.81,TREND,-0.60,stressed,0.00,-800,mm,-1551.04
30.479,60,236.6,-1528.33,-1528.33,8613,1141,155.45,155.46,155.4692,-1.62,0.31,1.00,mixed,-2.71,normal,-2.11,4877,mm,1.94,99.86,99.87,99.8810,-0.04,0.50,0.00,chop,-0.83,stressed,0.18,-2936,mm,20.77,25.37,25.38,25.4091,-2.87,2.71,0.81,TREND,-0.60,stressed,0.00,-800,mm,-1551.04
30.505,60,236.6,-1528.33,-1528.33,8613,1141,155.45,155.46,155.4690,-1.63,0.31,1.00,mixed,-2.71,normal,-2.11,4877,mm,1.94,99.86,99.87,99.8808,-0.06,0.50,0.00,chop,-0.83,stressed,0.18,-2936,mm,20.77,25.37,25.38,25.4087,-2.87,2.71,0.81,TREND,-0.60,stressed,0.00,-800,mm,-1551.04
30.540,60,236.6,-1528.33,-1528.33,8613,1141,155.44,155.45,155.4686,-1.67,0.31,1.00,mixed,-2.71,normal,-2.11,4877,mm,1.94,99.86,99.87,99.8805,-0.10,0.50,0.00,chop,-0.83,stressed,0.18,-2936,mm,50.13,25.37,25.38,25.4081,-2.88,2.71,0.81,TREND,-0.60,stressed,0.00,-800,mm,-1543.04
30.578,60,236.6,-1528.33,-1528.33,8613,1141,155.44,155.45,155.4682,-1.71,0.31,1.00,mixed,-2.71,normal,-2.11,4877,mm,1.94,99.86,99.87,99.8802,-0.13,0.50,0.00,chop,-0.83,stressed,0.18,-2936,mm,50.13,25.37,25.38,25.4075,-2.88,2.71,0.81,TREND,-0.60,stressed,0.00,-800,mm,-1543.04
30.603,60,236.6,-1528.33,-1528.33,8613,1141,155.44,155.45,155.4679,-1.74,0.31,1.00,mixed,-2.71,normal,-2.11,4877,mm,1.94,99.86,99.87,99.8801,-0.15,0.50,0.00,chop,-0.83,stressed,0.18,-2936,mm,50.13,25.37,25.38,25.4071,-2.89,2.71,0.81,TREND,-0.60,stressed,0.00,-800,mm,-1543.04
30.629,60,236.6,-1528.33,-1528.33,8613,1141,155.44,155.45,155.4677,-1.76,0.31,1.00,mixed,-2.71,normal,-2.11,4877,mm,1.94,99.86,99.87,99.8799,-0.17,0.50,0.00,chop,-0.83,stressed,0.18,-2936,mm,50.13,25.37,25.38,25.4067,-2.89,2.71,0.84,TREND,-0.59,stressed,0.00,-800,mm,-1543.04
30.664,60,236.6,-1528.33,-1528.33,8613,1141,155.44,155.45,155.4673,-1.79,0.31,1.00,mixed,-2.71,normal,-2.11,4877,mm,1.94,99.86,99.87,99.8796,-0.20,0.50,0.00,chop,-0.83,stressed,0.18,-2936,mm,50.13,25.37,25.38,25.4062,-2.89,2.71,0.84,TREND,-0.59,stressed,0.00,-800,mm,-1543.04
30.680,60,236.6,-1528.33,-1528.33,8613,1141,155.44,155.45,155.4671,-1.81,0.31,1.00,mixed,-2.71,normal,-2.11,4877,mm,1.94,99.86,99.87,99.8795,-0.21,0.50,0.00,chop,-0.83,stressed,0.18,-2936,mm,50.13,25.37,25.38,25.4060,-2.89,2.71,0.84,TREND,-0.59,stressed,0.00,-800,mm,-1543.04
30.741,60,236.6,-1528.33,-1528.33,8613,1141,155.44,155.45,155.4665,-1.86,0.31,1.00,mixed,-3.24,stressed,-2.11,4877,mm,-46.83,99.86,99.87,99.8791,-0.26,0.50,0.00,chop,-0.82,stressed,0.18,-2936,mm,50.13,25.37,25.38,25.4051,-2.89,2.71,0.84,TREND,-0.59,stressed,0.00,-800,mm,-1543.04
30.765,60,236.6,-1528.33,-1528.33,8613,1141,155.44,155.45,155.4663,-1.87,0.31,1.00,mixed,-3.24,stressed,-2.11,4877,mm,-46.83,99.86,99.87,99.8790,-0.28,0.50,0.00,chop,-0.82,stressed,0.18,-2936,mm,50.13,25.37,25.38,25.4048,-2.89,2.71,0.84,TREND,-0.59,stressed,0.00,-800,mm,-1543.04
30.816,60,236.6,-1528.33,-1528.33,8613,1141,155.44,155.45,155.4658,-1.91,0.31,1.00,mixed,-3.24,stressed,-2.11,4877,mm,-46.83,99.86,99.87,99.8786,-0.31,0.50,0.00,chop,-0.82,stressed,0.18,-2936,mm,50.13,25.37,25.38,25.4041,-2.89,2.71,0.84,TREND,-0.59,stressed,0.00,-800,mm,-1543.04
30.850,61,226.8,-1539.74,-1539.74,8613,1141,155.44,155.45,155.4654,-1.94,0.31,1.00,mixed,-3.24,stressed,-2.59,4877,mm,-46.83,99.86,99.87,99.8784,-0.33,0.50,0.00,chop,-0.82,stressed,0.00,-2936,mm,50.13,25.37,25.38,25.4036,-2.89,2.71,0.84,TREND,-0.59,stressed,0.00,-800,mm,-1543.04
30.867,61,226.8,-1539.74,-1539.74,8613,1141,155.44,155.45,155.4652,-1.95,0.35,1.00,mixed,-3.24,stressed,-2.59,4877,mm,-46.83,99.86,99.87,99.8783,-0.34,0.46,0.00,chop,-0.82,stressed,0.00,-2936,mm,50.13,25.37,25.38,25.4033,-2.89,2.48,0.84,TREND,-0.59,stressed,0.00,-800,mm,-1543.04
30.916,61,226.8,-1539.74,-1539.74,8613,1141,155.44,155.45,155.4648,-1.98,0.35,1.00,mixed,-3.24,stressed,-2.59,4877,mm,-46.83,99.86,99.87,99.8780,-0.37,0.46,0.00,chop,-0.82,stressed,0.00,-2936,mm,50.13,25.37,25.38,25.4027,-2.89,2.48,0.81,TREND,-0.58,stressed,0.00,-800,mm,-1543.04
30.926,61,226.8,-1539.74,-1539.74,8613,1141,155.44,155.45,155.4647,-1.98,0.35,1.00,mixed,-3.24,stressed,-2.59,4877,mm,-46.83,99.86,99.87,99.8779,-0.38,0.46,0.00,chop,-0.82,stressed,0.00,-2936,mm,50.13,25.37,25.38,25.4025,-2.89,2.48,0.81,TREND,-0.58,stressed,0.00,-800,mm,-1543.04
30.952,61,226.8,-1539.74,-1539.74,8613,1141,155.44,155.45,155.4644,-2.00,0.35,1.00,mixed,-3.24,stressed,-2.59,4877,mm,-46.83,99.86,99.87,99.8777,-0.39,0.46,0.00,chop,-0.82,stressed,0.00,-2936,mm,50.13,25.37,25.38,25.4022,-2.89,2.48,0.81,TREND,-0.58,stressed,0.00,-800,mm,-1543.04
30.977,61,226.8,-1539.74,-1539.74,8613,1141,155.44,155.45,155.4642,-2.01,0.35,1.00,mixed,-3.24,stressed,-2.59,4877,mm,-46.83,99.86,99.87,99.8776,-0.41,0.46,0.00,chop,-0.82,stressed,0.00,-2936,mm,50.13,25.37,25.38,25.4019,-2.88,2.48,0.81,TREND,-0.58,stressed,0.00,-800,mm,-1543.04
31.004,61,226.8,-1539.74,-1539.74,8613,1141,155.44,155.45,155.4639,-2.02,0.35,1.00,mixed,-2.88,stressed,-2.59,4877,mm,-46.83,99.86,99.87,99.8774,-0.42,0.46,0.00,chop,-0.80,stressed,0.00,-2936,mm,50.13,25.37,25.38,25.4015,-2.88,2.48,0.81,TREND,-0.58,stressed,0.00,-800,mm,-1543.04
31.054,61,226.8,-1539.74,-1539.74,4013,-3459,155.44,155.45,155.4635,-2.05,0.35,1.00,mixed,-2.88,stressed,-2.59,277,mm,9.75,99.86,99.87,99.8771,-0.44,0.46,0.00,chop,-0.80,stressed,0.00,-2936,mm,50.13,25.37,25.38,25.4009,-2.87,2.48,0.81,TREND,-0.58,stressed,0.00,-800,mm,-1543.04
31.122,61,226.8,-1539.74,-1539.74,4013,-3459,155.44,155.45,155.4629,-2.07,0.35,1.00,mixed,-2.88,stressed,-2.59,277,mm,9.75,99.86,99.87,99.8767,-0.47,0.46,0.00,chop,-0.80,stressed,0.00,-2936,mm,50.13,25.37,25.38,25.4000,-2.86,2.48,0.81,TREND,-0.58,stressed,0.00,-800,mm,-1543.04
31.151,61,226.8,-1539.74,-1539.74,4013,-3459,155.44,155.45,155.4626,-2.09,0.35,1.00,mixed,-2.88,stressed,-2.59,277,mm,9.75,99.86,99.87,99.8766,-0.49,0.46,0.00,chop,-0.80,stressed,0.00,-2936,mm,50.13,25.37,25.38,25.3997,-2.86,2.48,0.81,TREND,-0.58,stressed,0.00,-800,mm,-1543.04
31.176,61,226.8,-1539.74,-1539.74,4013,-3459,155.44,155.45,155.4624,-2.09,0.35,1.00,mixed,-2.88,stressed,-2.59,277,mm,9.75,99.86,99.87,99.8764,-0.50,0.46,0.00,chop,-0.80,stressed,0.00,-2936,mm,50.13,25.37,25.38,25.3994,-2.85,2.48,0.80,TREND,-0.57,stressed,0.00,-800,mm,-1543.04
31.196,61,226.8,-1539.74,-1539.74,4013,-3459,155.44,155.45,155.4623,-2.10,0.35,1.00,mixed,-2.88,stressed,-2.59,277,mm,9.75,99.86,99.87,99.8763,-0.51,0.46,0.00,chop,-0.80,stressed,0.00,-2936,mm,50.13,25.37,25.38,25.3992,-2.85,2.48,0.80,TREND,-0.57,stressed,0.00,-800,mm,-1543.04
31.222,61,226.8,-1539.74,-1539.74,4013,-3459,155.44,155.45,155.4620,-2.11,0.35,1.00,mixed,-2.88,stressed,-2.59,277,mm,9.75,99.86,99.87,99.8762,-0.51,0.46,0.00,chop,-0.80,stressed,0.00,-2936,mm,50.13,25.37,25.38,25.3989,-2.85,2.48,0.80,TREND,-0.57,stressed,0.00,-800,mm,-1543.04
31.250,61,226.8,-1539.74,-1539.74,4013,-3459,155.44,155.45,155.4618,-2.12,0.35,1.00,mixed,-2.88,stressed,-2.59,277,mm,9.75,99.86,99.87,99.8760,-0.53,0.46,0.00,chop,-0.80,stressed,0.00,-2936,mm,50.13,25.37,25.38,25.3985,-2.84,2.48,0.80,TREND,-0.57,stressed,0.00,-800,mm,-1543.04
31.287,61,226.8,-1539.74,-1539.74,4517,-3963,155.44,155.45,155.4615,-2.13,0.35,1.00,mixed,-2.61,stressed,-2.59,277,mm,9.75,99.86,99.87,99.8758,-0.54,0.46,0.00,chop,-0.79,stressed,0.00,-2936,mm,50.13,25.37,25.38,25.3981,-2.83,2.48,0.80,TREND,-0.57,stressed,0.00,-1304,mm,-1550.49
31.332,61,226.8,-1539.74,-1539.74,4517,-3963,155.44,155.45,155.4612,-2.14,0.35,1.00,mixed,-2.61,stressed,-2.59,277,mm,9.75,99.86,99.87,99.8756,-0.55,0.46,0.00,chop,-0.79,stressed,0.00,-2936,mm,50.13,25.37,25.38,25.3976,-2.82,2.48,0.80,TREND,-0.57,stressed,0.00,-1304,mm,-1550.49
31.355,61,236.8,-1539.74,-1539.74,4517,-3963,155.44,155.45,155.4610,-2.14,0.35,1.00,mixed,-2.61,stressed,-2.59,277,mm,9.75,99.86,99.87,99.8755,-0.56,0.46,0.00,chop,-0.79,stressed,0.00,-2936,mm,50.13,25.37,25.38,25.3974,-2.82,2.48,0.80,TREND,-0.57,stressed,0.00,-1304,mm,-1550.49
31.375,61,236.8,-1539.74,-1539.74,4517,-3963,155.44,155.45,155.4608,-2.15,0.34,1.00,mixed,-2.61,stressed,-2.59,277,mm,9.75,99.86,99.87,99.8754,-0.57,0.43,0.00,chop,-0.79,stressed,0.00,-2936,mm,50.13,25.37,25.38,25.3972,-2.81,2.27,0.80,TREND,-0.57,stressed,0.00,-1304,mm,-1550.49
31.404,61,236.8,-1539.74,-1539.74,4517,-3963,155.44,155.45,155.4606,-2.15,0.34,1.00,mixed,-2.61,stressed,-2.59,277,mm,9.75,99.86,99.87,99.8752,-0.58,0.43,0.00,chop,-0.79,stressed,0.00,-2936,mm,50.13,25.37,25.38,25.3969,-2.81,2.27,0.80,TREND,-0.57,stressed,0.00,-1304,mm,-1550.49
31.427,61,236.8,-1539.74,-1539.74,4517,-3963,155.44,155.45,155.4605,-2.16,0.34,1.00,mixed,-2.61,stressed,-2.59,277,mm,9.75,99.86,99.87,99.8751,-0.58,0.43,0.00,chop,-0.79,stressed,0.00,-2936,mm,50.13,25.37,25.38,25.3966,-2.80,2.27,0.80,TREND,-0.56,stressed,0.00,-1304,mm,-1550.49
31.457,61,236.8,-1539.74,-1539.74,4517,-3963,155.44,155.45,155.4602,-2.16,0.34,1.00,mixed,-2.61,stressed,-2.59,277,mm,9.75,99.86,99.87,99.8750,-0.59,0.43,0.00,chop,-0.79,stressed,0.00,-2936,mm,50.13,25.37,25.38,25.3963,-2.80,2.27,0.80,TREND,-0.56,stressed,0.00,-1304,mm,-1550.49
31.480,61,236.8,-1539.74,-1539.74,4517,-3963,155.44,155.45,155.4601,-2.17,0.34,1.00,mixed,-2.61,stressed,-2.59,277,mm,9.75,99.86,99.87,99.8749,-0.60,0.43,0.00,chop,-0.79,stressed,0.00,-2936,mm,50.13,25.37,25.38,25.3961,-2.79,2.27,0.80,TREND,-0.56,stressed,0.00,-1304,mm,-1550.49
31.503,61,236.8,-1539.74,-1539.74,4517,-3963,155.44,155.45,155.4599,-2.17,0.34,1.00,mixed,-2.61,stressed,-2.59,277,mm,9.75,99.86,99.87,99.8748,-0.60,0.43,0.00,chop,-0.79,stressed,0.00,-2936,mm,50.13,25.37,25.38,25.3959,-2.79,2.27,0.80,TREND,-0.56,stressed,0.00,-1304,mm,-1550.49
31.545,61,236.8,-1539.74,-1539.74,5417,-4863,155.44,155.45,155.4596,-2.18,0.34,1.00,mixed,-2.41,stressed,-2.59,277,mm,9.75,99.86,99.87,99.8746,-0.61,0.43,0.00,chop,-0.77,stressed,0.00,-2936,mm,50.13,25.37,25.39,25.3956,-2.76,2.27,0.80,TREND,-0.56,stressed,0.00,-2204,mm,-1549.50
31.581,61,236.8,-1539.74,-1539.74,5417,-4863,155.44,155.45,155.4594,-2.18,0.34,1.00,mixed,-2.41,stressed,-2.59,277,mm,9.75,99.86,99.87,99.8744,-0.62,0.43,0.00,chop,-0.77,stressed,0.00,-2936,mm,50.13,25.37,25.39,25.3953,-2.73,2.27,0.80,TREND,-0.56,stressed,0.00,-2204,mm,-1549.50
31.609,61,236.8,-1539.74,-1539.74,5417,-4863,155.44,155.45,155.4592,-2.18,0.34,1.00,mixed,-2.41,stressed,-2.59,277,mm,9.75,99.86,99.87,99.8743,-0.63,0.43,0.00,chop,-0.77,stressed,0.00,-2936,mm,50.13,25.37,25.39,25.3951,-2.72,2.27,0.80,TREND,-0.56,stressed,0.00,-2204,mm,-1549.50
31.627,61,236.8,-1539.74,-1539.74,5417,-4863,155.44,155.45,155.4591,-2.18,0.34,1.00,mixed,-2.41,stressed,-2.59,277,mm,9.75,99.86,99.87,99.8742,-0.63,0.43,0.00,chop,-0.77,stressed,0.00,-2936,mm,50.13,25.37,25.39,25.3950,-2.71,2.27,0.80,TREND,-0.56,stressed,0.00,-2204,mm,-1549.50
31.661,61,236.8,-1539.74,-1539.74,5417,-4863,155.44,155.45,155.4588,-2.19,0.34,1.00,mixed,-2.41,stressed,-2.59,277,mm,9.75,99.86,99.87,99.8741,-0.64,0.43,0.00,chop,-0.77,stressed,0.00,-2936,mm,50.13,25.37,25.39,25.3947,-2.69,2.27,0.80,TREND,-0.56,stressed,0.00,-2204,mm,-1549.50
31.676,61,236.8,-1539.74,-1539.74,5417,-4863,155.44,155.45,155.4587,-2.19,0.34,1.00,mixed,-2.41,stressed,-2.59,277,mm,9.75,99.86,99.87,99.8740,-0.64,0.43,0.00,chop,-0.77,stressed,0.00,-2936,mm,50.13,25.37,25.39,25.3946,-2.68,2.27,0.80,TREND,-0.56,stressed,0.00,-2204,mm,-1549.50
31.746,61,236.8,-1539.74,-1539.74,5417,-4863,155.43,155.45,155.4581,-2.22,0.34,1.00,mixed,-2.41,stressed,-2.59,277,mm,9.75,99.86,99.87,99.8737,-0.65,0.43,0.00,chop,-0.77,stressed,0.00,-2936,mm,50.13,25.37,25.39,25.3941,-2.63,2.27,0.20,chop,-0.50,stressed,0.00,-2204,mm,-1549.50
31.759,61,236.8,-1539.74,-1539.74,5417,-4863,155.43,155.45,155.4580,-2.22,0.34,1.00,mixed,-2.41,stressed,-2.59,277,mm,6.98,99.86,99.87,99.8737,-0.65,0.43,0.00,chop,-0.77,stressed,0.00,-2936,mm,50.13,25.38,25.4,25.3941,-2.62,2.27,0.20,chop,-0.50,stressed,0.00,-2204,mm,-1571.54
31.819,61,236.8,-1539.74,-1539.74,5417,-4863,155.43,155.44,155.4574,-2.27,0.34,1.00,mixed,-2.84,stressed,-2.59,277,mm,6.98,99.86,99.87,99.8734,-0.66,0.43,0.00,chop,-0.76,stressed,0.00,-2936,mm,50.13,25.38,25.4,25.3940,-2.54,2.27,0.20,chop,-0.50,stressed,0.00,-2204,mm,-1571.54
31.859,62,226.9,-1514.42,-1514.42,5417,-4863,155.43,155.44,155.4569,-2.29,0.34,1.00,mixed,-2.84,stressed,-2.98,277,mm,6.98,99.86,99.87,99.8733,-0.67,0.43,0.00,chop,-0.76,stressed,0.00,-2936,mm,50.13,25.38,25.4,25.3939,-2.48,2.27,0.20,chop,-0.50,stressed,0.00,-2204,mm,-1571.54
31.879,62,226.9,-1514.42,-1514.42,5417,-4863,155.43,155.44,155.4567,-2.31,0.37,1.00,mixed,-2.84,stressed,-2.98,277,mm,6.98,99.86,99.87,99.8732,-0.67,0.39,0.00,chop,-0.76,stressed,0.00,-2936,mm,50.13,25.38,25.4,25.3939,-2.45,2.21,0.20,chop,-0.50,stressed,0.00,-2204,mm,-1571.54
31.913,62,226.9,-1514.42,-1514.42,5417,-4863,155.43,155.44,155.4564,-2.33,0.37,1.00,mixed,-2.84,stressed,-2.98,277,mm,6.98,99.86,99.87,99.8731,-0.67,0.39,0.00,chop,-0.76,stressed,0.00,-2936,mm,50.13,25.38,25.4,25.3938,-2.41,2.21,0.20,chop,-0.50,stressed,0.00,-2204,mm,-1571.54
31.932,62,226.9,-1514.42,-1514.42,5417,-4863,155.43,155.44,155.4562,-2.34,0.37,1.00,mixed,-2.84,stressed,-2.98,277,mm,6.98,99.86,99.87,99.8730,-0.68,0.39,0.00,chop,-0.76,stressed,0.00,-2936,mm,50.13,25.38,25.4,25.3938,-2.39,2.21,0.20,chop,-0.50,stressed,0.00,-2204,mm,-1571.54
31.957,62,226.9,-1514.42,-1514.42,5417,-4863,155.43,155.44,155.4559,-2.35,0.37,1.00,mixed,-2.84,stressed,-2.98,277,mm,6.98,99.86,99.87,99.8729,-0.68,0.39,0.00,chop,-0.76,stressed,0.00,-2936,mm,50.13,25.38,25.4,25.3937,-2.36,2.21,0.20,chop,-0.50,stressed,0.00,-2204,mm,-1571.54
31.984,62,226.9,-1514.42,-1514.42,5417,-4863,155.43,155.44,155.4557,-2.37,0.37,1.00,mixed,-2.84,stressed,-2.98,277,mm,6.98,99.86,99.87,99.8728,-0.68,0.39,0.00,chop,-0.76,stressed,0.00,-2936,mm,50.13,25.38,25.4,25.3937,-2.33,2.21,0.20,chop,-0.50,stressed,0.00,-2204,mm,-1571.54
32.015,62,226.9,-1514.42,-1514.42,5417,-4863,155.43,155.44,155.4554,-2.38,0.37,1.00,mixed,-2.84,stressed,-2.98,277,mm,6.98,99.86,99.87,99.8727,-0.68,0.39,0.00,chop,-0.76,stressed,0.00,-2936,mm,50.13,25.38,25.4,25.3936,-2.29,2.21,0.06,chop,-0.41,normal,0.00,-2204,mm,-1571.54
32.059,62,226.9,-1514.42,-1514.42,6517,-5963,155.42,155.44,155.4548,-2.42,0.37,1.00,mixed,-2.84,stressed,-2.98,277,mm,4.21,99.86,99.87,99.8725,-0.69,0.39,0.00,chop,-0.76,stressed,0.00,-2936,mm,50.13,25.38,25.42,25.3938,-2.21,2.21,0.06,chop,-0.41,normal,0.00,-3304,mm,-1592.37
32.104,62,226.9,-1514.42,-1514.42,6517,-5963,155.42,155.44,155.4543,-2.46,0.37,1.00,mixed,-2.86,stressed,-2.98,277,mm,4.21,99.86,99.87,99.8723,-0.69,0.39,0.27,mixed,-0.75,stressed,0.00,-2936,mm,50.13,25.38,25.42,25.3939,-2.12,2.21,0.06,chop,-0.41,normal,0.00,-3304,mm,-1592.37
32.122,62,226.9,-1514.42,-1514.42,6517,-5963,155.42,155.44,155.4541,-2.47,0.37,1.00,mixed,-2.86,stressed,-2.98,277,mm,4.21,99.86,99.87,99.8723,-0.69,0.39,0.27,mixed,-0.75,stressed,0.00,-2936,mm,50.13,25.38,25.42,25.3940,-2.09,2.21,0.06,chop,-0.41,normal,0.00,-3304,mm,-1592.37
32.146,62,226.9,-1514.42,-1514.42,6517,-5963,155.42,155.44,155.4538,-2.49,0.37,1.00,mixed,-2.86,stressed,-2.98,277,mm,4.21,99.86,99.87,99.8722,-0.69,0.39,0.27,mixed,-0.75,stressed,0.00,-2936,mm,50.13,25.38,25.42,25.3940,-2.05,2.21,0.06,chop,-0.41,normal,0.00,-3304,mm,-1592.37
32.173,62,226.9,-1514.42,-1514.42,6517,-5963,155.42,155.44,155.4535,-2.51,0.37,1.00,mixed,-2.86,stressed,-2.98,277,mm,4.21,99.86,99.87,99.8721,-0.70,0.39,0.27,mixed,-0.75,stressed,0.00,-2936,mm,50.13,25.38,25.42,25.3941,-2.00,2.21,0.06,chop,-0.41,normal,0.00,-3304,mm,-1592.37
32.199,62,226.9,-1514.42,-1514.42,6517,-5963,155.42,155.44,155.4532,-2.53,0.37,1.00,mixed,-2.86,stressed,-2.98,277,mm,4.21,99.86,99.87,99.8720,-0.70,0.39,0.27,mixed,-0.75,stressed,0.00,-2936,mm,50.13,25.38,25.42,25.3942,-1.96,2.21,0.06,chop,-0.41,normal,0.00,-3304,mm,-1592.37
32.225,62,226.9,-1514.42,-1514.42,6517,-5963,155.42,155.44,155.4529,-2.54,0.37,1.00,mixed,-2.86,stressed,-2.98,277,mm,4.21,99.86,99.87,99.8719,-0.70,0.39,0.27,mixed,-0.75,stressed,0.00,-2936,mm,50.13,25.38,25.42,25.3943,-1.92,2.21,0.06,chop,-0.41,normal,0.00,-3304,mm,-1592.37
32.250,62,226.9,-1514.42,-1514.42,6517,-5963,155.42,155.44,155.4526,-2.56,0.37,1.00,mixed,-2.86,stressed,-2.98,277,mm,4.21,99.86,99.87,99.8718,-0.70,0.39,0.27,mixed,-0.75,stressed,0.00,-2936,mm,50.13,25.38,25.42,25.3943,-1.88,2.21,0.06,chop,-0.41,normal,0.00,-3304,mm,-1592.37
32.276,62,226.9,-1514.42,-1514.42,6517,-5963,155.42,155.44,155.4523,-2.57,0.37,1.00,mixed,-2.86,stressed,-2.98,277,mm,4.21,99.86,99.87,99.8718,-0.70,0.39,0.27,mixed,-0.75,stressed,0.00,-2936,mm,50.13,25.38,25.42,25.3944,-1.84,2.21,0.05,chop,-0.32,normal,0.00,-3304,mm,-1592.37
32.384,62,226.9,-1514.42,-1514.42,6540,-6540,155.42,155.43,155.4510,-2.67,0.39,1.00,mixed,-2.86,stressed,-2.98,0,mm,3.46,99.86,99.87,99.8714,-0.70,0.36,0.27,mixed,-0.74,stressed,0.00,-2936,mm,50.13,25.38,25.46,25.3957,-1.52,2.27,0.05,chop,-0.32,normal,0.00,-3604,mm,-1691.16
32.442,62,237.6,-1514.42,-1514.42,6540,-6540,155.42,155.43,155.4503,-2.71,0.39,1.00,mixed,-2.86,stressed,-2.98,0,mm,3.46,99.86,99.87,99.8712,-0.70,0.36,0.27,mixed,-0.74,stressed,0.00,-2936,mm,50.13,25.38,25.46,25.3963,-1.36,2.27,0.05,chop,-0.32,normal,0.00,-3604,mm,-1691.16
32.468,62,237.6,-1514.42,-1514.42,6540,-6540,155.42,155.43,155.4499,-2.73,0.39,1.00,mixed,-2.86,stressed,-2.98,0,mm,3.46,99.86,99.87,99.8712,-0.70,0.36,0.27,mixed,-0.74,stressed,0.00,-2936,mm,50.13,25.38,25.46,25.3966,-1.29,2.27,0.05,chop,-0.32,normal,0.00,-3604,mm,-1691.16
32.489,62,237.6,-1514.42,-1514.42,6540,-6540,155.42,155.43,155.4497,-2.75,0.39,1.00,mixed,-2.86,stressed,-2.98,0,mm,3.46,99.86,99.87,99.8711,-0.71,0.36,0.27,mixed,-0.74,stressed,0.00,-2936,mm,50.13,25.38,25.46,25.3969,-1.24,2.27,0.05,chop,-0.32,normal,0.00,-3604,mm,-1691.16
32.516,62,237.6,-1514.42,-1514.42,6540,-6540,155.42,155.43,155.4494,-2.76,0.39,1.00,mixed,-2.86,stressed,-2.98,0,mm,3.46,99.86,99.87,99.8710,-0.71,0.36,0.27,mixed,-0.74,stressed,0.00,-2936,mm,50.13,25.38,25.46,25.3972,-1.17,2.27,0.05,chop,-0.32,normal,0.00,-3604,mm,-1691.16
32.540,62,237.6,-1514.42,-1514.42,6540,-6540,155.42,155.43,155.4491,-2.78,0.39,1.00,mixed,-2.86,stressed,-2.98,0,mm,3.46,99.86,99.87,99.8710,-0.71,0.36,0.27,mixed,-0.74,stressed,0.00,-2936,mm,50.13,25.38,25.46,25.3974,-1.11,2.27,0.22,chop,-0.14,normal,0.00,-3604,mm,-1691.16
32.579,62,237.6,-1514.42,-1514.42,7040,-7040,155.42,155.43,155.4487,-2.80,0.39,1.00,mixed,-2.86,stressed,-2.98,0,mm,3.46,99.86,99.87,99.8709,-0.71,0.36,0.27,mixed,-0.74,stressed,0.00,-2936,mm,50.13,25.38,25.43,25.3976,-1.07,2.27,0.22,chop,-0.14,normal,0.00,-4104,mm,-1649.57
32.643,62,237.6,-1514.42,-1514.42,7040,-7040,155.42,155.43,155.4480,-2.84,0.39,1.00,mixed,-2.63,stressed,-2.98,0,mm,3.46,99.86,99.87,99.8707,-0.70,0.36,0.27,mixed,-0.73,stressed,0.00,-2936,mm,50.13,25.38,25.43,25.3978,-1.00,2.27,0.22,chop,-0.14,normal,0.00,-4104,mm,-1649.57
32.657,62,237.6,-1514.42,-1514.42,7040,-7040,155.42,155.43,155.4478,-2.84,0.39,1.00,mixed,-2.63,stressed,-2.98,0,mm,3.46,99.86,99.87,99.8706,-0.70,0.36,0.27,mixed,-0.73,stressed,0.00,-2936,mm,50.13,25.38,25.43,25.3978,-0.99,2.27,0.22,chop,-0.14,normal,0.00,-4104,mm,-1649.57
32.690,62,237.6,-1514.42,-1514.42,7040,-7040,155.42,155.43,155.4475,-2.86,0.39,1.00,mixed,-2.63,stressed,-2.98,0,mm,3.46,99.86,99.87,99.8705,-0.70,0.36,0.27,mixed,-0.73,stressed,0.00,-2936,mm,50.13,25.38,25.43,25.3979,-0.95,2.27,0.22,chop,-0.14,normal,0.00,-4104,mm,-1649.57
32.711,62,237.6,-1514.42,-1514.42,7040,-7040,155.42,155.43,155.4473,-2.87,0.39,1.00,mixed,-2.63,stressed,-2.98,0,mm,3.46,99.86,99.87,99.8705,-0.70,0.36,0.27,mixed,-0.73,stressed,0.00,-2936,mm,50.13,25.38,25.43,25.3980,-0.93,2.27,0.22,chop,-0.14,normal,0.00,-4104,mm,-1649.57
32.738,62,237.6,-1514.42,-1514.42,7040,-7040,155.42,155.43,155.4470,-2.88,0.39,1.00,mixed,-2.63,stressed,-2.98,0,mm,3.46,99.86,99.87,99.8704,-0.70,0.36,0.27,mixed,-0.73,stressed,0.00,-2936,mm,50.13,25.39,25.42,25.3981,-0.91,2.27,0.22,chop,-0.14,normal,0.00,-4104,mm,-1608.53
32.813,62,237.6,-1514.42,-1514.42,7040,-7040,155.42,155.43,155.4462,-2.91,0.39,1.00,mixed,-2.63,stressed,-2.98,0,mm,3.46,99.86,99.87,99.8702,-0.70,0.36,0.27,mixed,-0.73,stressed,0.00,-2936,mm,50.13,25.39,25.42,25.3983,-0.84,2.27,0.08,chop,-0.27,normal,0.00,-4104,mm,-1608.53
32.835,62,237.6,-1514.42,-1514.42,7040,-7040,155.42,155.43,155.4460,-2.91,0.39,1.00,mixed,-2.63,stressed,-2.98,0,mm,3.46,99.86,99.87,99.8702,-0.70,0.36,0.27,mixed,-0.73,stressed,0.00,-2936,mm,50.13,25.4,25.42,25.3985,-0.81,2.27,0.08,chop,-0.27,normal,0.00,-4104,mm,-1608.53
32.890,62,237.6,-1514.42,-1514.42,7040,-7040,155.42,155.43,155.4454,-2.93,0.39,1.00,mixed,-2.63,stressed,-2.98,0,mm,3.46,99.86,99.87,99.8701,-0.70,0.34,0.27,mixed,-0.73,stressed,0.00,-2936,mm,50.13,25.4,25.42,25.3987,-0.75,2.15,0.08,chop,-0.27,normal,0.00,-4104,mm,-1608.53
32.911,62,237.6,-1514.42,-1514.42,7040,-7040,155.42,155.43,155.4452,-2.93,0.39,1.00,mixed,-2.44,stressed,-2.98,0,mm,3.46,99.86,99.87,99.8700,-0.70,0.34,0.27,mixed,-0.71,stressed,0.00,-2936,mm,50.13,25.4,25.42,25.3989,-0.72,2.15,0.08,chop,-0.27,normal,0.00,-4104,mm,-1608.53
32.967,62,237.6,-1514.42,-1514.42,7040,-7040,155.42,155.43,155.4447,-2.95,0.39,1.00,mixed,-2.44,stressed,-2.98,0,mm,3.46,99.86,99.87,99.8699,-0.70,0.34,0.27,mixed,-0.71,stressed,0.00,-2936,mm,50.13,25.4,25.42,25.3992,-0.66,2.15,0.08,chop,-0.27,normal,0.00,-4104,mm,-1608.53
32.982,63,228.9,-1554.93,-1554.93,7040,-7040,155.42,155.43,155.4446,-2.95,0.39,1.00,mixed,-2.44,stressed,-3.37,0,mm,3.46,99.86,99.87,99.8698,-0.70,0.34,0.27,mixed,-0.71,stressed,0.00,-2936,mm,50.13,25.4,25.42,25.3992,-0.64,2.15,0.08,chop,-0.27,normal,0.21,-4104,mm,-1608.53
33.001,63,228.9,-1554.93,-1554.93,7040,-7040,155.42,155.43,155.4444,-2.95,0.39,1.00,mixed,-2.44,stressed,-3.37,0,mm,3.46,99.86,99.87,99.8698,-0.69,0.34,0.27,mixed,-0.71,stressed,0.00,-2936,mm,50.13,25.4,25.42,25.3993,-0.62,2.15,0.08,chop,-0.27,normal,0.21,-4104,mm,-1608.53
33.027,63,228.9,-1554.93,-1554.93,7040,-7040,155.42,155.43,155.4441,-2.96,0.39,1.00,mixed,-2.44,stressed,-3.37,0,mm,3.46,99.86,99.87,99.8697,-0.69,0.34,0.27,mixed,-0.71,stressed,0.00,-2936,mm,50.13,25.4,25.42,25.3995,-0.59,2.15,0.08,chop,-0.27,normal,0.21,-4104,mm,-1608.53
33.055,63,228.9,-1554.93,-1554.93,7040,-7040,155.42,155.43,155.4439,-2.96,0.39,1.00,mixed,-2.44,stressed,-3.37,0,mm,3.46,99.86,99.87,99.8697,-0.69,0.34,0.27,mixed,-0.71,stressed,0.00,-2936,mm,50.13,25.4,25.42,25.3996,-0.57,2.15,0.08,chop,-0.27,normal,0.21,-4104,mm,-1608.53
33.100,63,228.9,-1554.93,-1554.93,7040,-7040,155.42,155.43,155.4435,-2.97,0.39,1.00,mixed,-2.44,stressed,-3.37,0,mm,3.46,99.86,99.87,99.8696,-0.69,0.34,0.27,mixed,-0.71,stressed,0.00,-2936,mm,50.13,25.4,25.42,25.3998,-0.52,2.15,0.11,chop,-0.22,normal,0.21,-4104,mm,-1608.53
33.117,63,228.9,-1554.93,-1554.93,7040,-7040,155.42,155.43,155.4433,-2.97,0.39,1.00,mixed,-2.44,stressed,-3.37,0,mm,3.46,99.86,99.87,99.8695,-0.69,0.34,0.27,mixed,-0.71,stressed,0.00,-2936,mm,50.13,25.4,25.42,25.3999,-0.51,2.15,0.11,chop,-0.22,normal,0.21,-4104,mm,-1608.53
33.143,63,228.9,-1554.93,-1554.93,7040,-7040,155.42,155.43,155.4431,-2.97,0.39,1.00,mixed,-2.44,stressed,-3.37,0,mm,3.46,99.86,99.87,99.8695,-0.69,0.34,0.27,mixed,-0.71,stressed,0.00,-2936,mm,50.13,25.4,25.42,25.4000,-0.48,2.15,0.11,chop,-0.22,normal,0.21,-4104,mm,-1608.53
33.165,63,228.9,-1554.93,-1554.93,7040,-7040,155.42,155.43,155.4429,-2.97,0.39,1.00,mixed,-2.29,stressed,-3.37,0,mm,3.46,99.86,99.87,99.8694,-0.69,0.34,0.40,mixed,-0.70,stressed,0.00,-2936,mm,50.13,25.4,25.42,25.4001,-0.46,2.15,0.11,chop,-0.22,normal,0.21,-4104,mm,-1608.53
33.200,63,228.9,-1554.93,-1554.93,7040,-7040,155.42,155.43,155.4426,-2.97,0.39,1.00,mixed,-2.29,stressed,-3.37,0,mm,3.46,99.86,99.87,99.8694,-0.68,0.34,0.40,mixed,-0.70,stressed,0.00,-2936,mm,50.13,25.4,25.42,25.4003,-0.44,2.15,0.11,chop,-0.22,normal,0.21,-4104,mm,-1608.53
33.214,63,228.9,-1554.93,-1554.93,7040,-7040,155.42,155.43,155.4425,-2.97,0.39,1.00,mixed,-2.29,stressed,-3.37,0,mm,3.46,99.86,99.87,99.8693,-0.68,0.34,0.40,mixed,-0.70,stressed,0.00,-2936,mm,50.13,25.4,25.42,25.4004,-0.42,2.15,0.11,chop,-0.22,normal,0.21,-4104,mm,-1608.53
33.239,63,228.9,-1554.93,-1554.93,7040,-7040,155.42,155.43,155.4423,-2.97,0.39,1.00,mixed,-2.29,stressed,-3.37,0,mm,3.46,99.86,99.87,99.8693,-0.68,0.34,0.40,mixed,-0.70,stressed,0.00,-2936,mm,50.13,25.4,25.42,25.4005,-0.40,2.15,0.11,chop,-0.22,normal,0.21,-4104,mm,-1608.53
33.266,63,228.9,-1554.93,-1554.93,7040,-7040,155.42,155.43,155.4421,-2.97,0.39,1.00,mixed,-2.29,stressed,-3.37,0,mm,3.46,99.86,99.87,99.8692,-0.68,0.34,0.40,mixed,-0.70,stressed,0.00,-2936,mm,50.13,25.4,25.42,25.4006,-0.38,2.15,0.11,chop,-0.22,normal,0.21,-4104,mm,-1608.53
33.290,63,228.9,-1554.93,-1554.93,7040,-7040,155.42,155.43,155.4419,-2.97,0.39,1.00,mixed,-2.29,stressed,-3.37,0,mm,3.46,99.86,99.87,99.8692,-0.68,0.34,0.40,mixed,-0.70,stressed,0.00,-2936,mm,50.13,25.4,25.42,25.4007,-0.36,2.15,0.11,chop,-0.22,normal,0.21,-4104,mm,-1608.53
33.338,63,228.9,-1554.93,-1554.93,7640,-7640,155.42,155.43,155.4415,-2.97,0.39,1.00,mixed,-2.29,stressed,-3.37,0,mm,3.46,99.86,99.87,99.8691,-0.68,0.34,0.40,mixed,-0.70,stressed,0.00,-2936,mm,50.13,25.41,25.49,25.4018,-0.17,2.15,0.11,chop,-0.22,normal,0.21,-4704,mm,-1831.07
33.386,63,228.9,-1554.93,-1554.93,7640,-7640,155.42,155.43,155.4411,-2.97,0.39,1.00,mixed,-2.29,stressed,-3.37,0,mm,3.46,99.86,99.87,99.8690,-0.67,0.34,0.40,mixed,-0.70,stressed,0.00,-2936,mm,50.13,25.41,25.49,25.4029,0.00,2.15,0.31,mixed,0.15,normal,0.21,-4704,mm,-1831.07
33.411,63,228.9,-1554.93,-1554.93,7640,-7640,155.42,155.43,155.4409,-2.97,0.39,1.00,mixed,-2.29,stressed,-3.37,0,mm,3.46,99.86,99.87,99.8689,-0.67,0.31,0.40,mixed,-0.70,stressed,0.00,-2936,mm,50.13,25.41,25.49,25.4035,0.09,2.29,0.31,mixed,0.15,normal,0.21,-4704,mm,-1831.07
33.444,63,228.9,-1554.93,-1554.93,7640,-7640,155.42,155.43,155.4407,-2.97,0.39,1.00,mixed,-2.16,stressed,-3.37,0,mm,3.46,99.86,99.87,99.8689,-0.67,0.31,0.56,mixed,-0.69,stressed,0.00,-2936,mm,50.13,25.41,25.49,25.4042,0.21,2.29,0.31,mixed,0.15,normal,0.21,-4704,mm,-1831.07
33.473,63,228.9,-1554.93,-1554.93,7640,-7640,155.42,155.43,155.4405,-2.96,0.39,1.00,mixed,-2.16,stressed,-3.37,0,mm,3.46,99.86,99.87,99.8688,-0.67,0.31,0.56,mixed,-0.69,stressed,0.00,-2936,mm,50.13,25.41,25.49,25.4049,0.30,2.29,0.31,mixed,0.15,normal,0.21,-4704,mm,-1831.07
33.492,63,237.5,-1554.93,-1554.93,7640,-7640,155.42,155.43,155.4403,-2.96,0.39,1.00,mixed,-2.16,stressed,-3.37,0,mm,3.46,99.86,99.87,99.8688,-0.67,0.31,0.56,mixed,-0.69,stressed,0.00,-2936,mm,50.13,25.41,25.49,25.4053,0.37,2.29,0.31,mixed,0.15,normal,0.21,-4704,mm,-1831.07
33.514,63,237.5,-1554.93,-1554.93,7640,-7640,155.42,155.43,155.4402,-2.96,0.39,1.00,mixed,-2.16,stressed,-3.37,0,mm,3.46,99.86,99.87,99.8687,-0.66,0.31,0.56,mixed,-0.69,stressed,0.00,-2936,mm,50.13,25.41,25.49,25.4057,0.43,2.29,0.31,mixed,0.15,normal,0.21,-4704,mm,-1831.07
33.539,63,237.5,-1554.93,-1554.93,7640,-7640,155.42,155.43,155.4400,-2.96,0.39,1.00,mixed,-2.16,stressed,-3.37,0,mm,3.46,99.86,99.87,99.8687,-0.66,0.31,0.56,mixed,-0.69,stressed,0.00,-2936,mm,50.13,25.41,25.49,25.4062,0.51,2.29,0.31,mixed,0.15,normal,0.21,-4704,mm,-1831.07
33.596,63,237.5,-1554.93,-1554.93,7640,-7640,155.42,155.43,155.4396,-2.95,0.39,1.00,mixed,-2.16,stressed,-3.37,0,mm,3.46,99.86,99.87,99.8686,-0.66,0.31,0.56,mixed,-0.69,stressed,0.00,-2936,mm,50.13,25.41,25.45,25.4069,0.59,2.29,0.31,mixed,0.15,normal,0.21,-4704,mm,-1878.11
33.664,63,237.5,-1554.93,-1554.93,7640,-7640,155.42,155.43,155.4391,-2.94,0.39,1.00,mixed,-2.16,stressed,-3.37,0,mm,3.46,99.86,99.87,99.8685,-0.65,0.31,0.56,mixed,-0.69,stressed,0.00,-2936,mm,50.13,25.41,25.45,25.4076,0.67,2.29,0.18,chop,-0.04,normal,0.21,-4704,mm,-1878.11
33.684,63,237.5,-1554.93,-1554.93,7640,-7640,155.42,155.43,155.4390,-2.94,0.39,1.00,mixed,-2.16,stressed,-3.37,0,mm,3.46,99.86,99.87,99.8685,-0.65,0.31,0.56,mixed,-0.69,stressed,0.00,-2936,mm,50.13,25.41,25.45,25.4078,0.69,2.29,0.18,chop,-0.04,normal,0.21,-4704,mm,-1878.11
33.727,63,237.5,-1554.93,-1554.93,7640,-7640,155.42,155.43,155.4387,-2.93,0.39,1.00,mixed,-2.06,stressed,-3.37,0,mm,3.46,99.86,99.87,99.8684,-0.65,0.31,0.56,mixed,-0.68,stressed,0.00,-2936,mm,50.13,25.41,25.45,25.4082,0.74,2.29,0.18,chop,-0.04,normal,0.21,-4704,mm,-1878.11
33.755,63,237.5,-1554.93,-1554.93,7640,-7640,155.42,155.43,155.4385,-2.92,0.39,1.00,mixed,-2.06,stressed,-3.37,0,mm,3.46,99.86,99.87,99.8683,-0.65,0.31,0.56,mixed,-0.68,stressed,0.00,-2936,mm,50.13,25.41,25.45,25.4085,0.77,2.29,0.18,chop,-0.04,normal,0.21,-4704,mm,-1736.99
33.788,63,237.5,-1554.93,-1554.93,7640,-7640,155.42,155.43,155.4383,-2.92,0.39,1.00,mixed,-2.06,stressed,-3.37,0,mm,3.46,99.86,99.87,99.8683,-0.64,0.31,0.56,mixed,-0.68,stressed,0.00,-2936,mm,50.13,25.41,25.45,25.4088,0.80,2.29,0.18,chop,-0.04,normal,0.21,-4704,mm,-1736.99
33.816,63,237.5,-1554.93,-1554.93,7640,-7640,155.42,155.43,155.4382,-2.91,0.39,1.00,mixed,-2.06,stressed,-3.37,0,mm,3.46,99.86,99.87,99.8683,-0.64,0.31,0.56,mixed,-0.68,stressed,0.00,-2936,mm,50.13,25.41,25.45,25.4091,0.83,2.29,0.18,chop,-0.04,normal,0.21,-4704,mm,-1736.99
33.865,63,237.5,-1554.93,-1554.93,7640,-7640,155.42,155.43,155.4379,-2.90,0.39,1.00,mixed,-2.06,stressed,-3.37,0,mm,3.46,99.86,99.87,99.8682,-0.64,0.31,0.56,mixed,-0.68,stressed,0.00,-2936,mm,50.13,25.41,25.45,25.4096,0.88,2.29,0.18,chop,-0.04,normal,0.21,-4704,mm,-1736.99
33.885,63,237.5,-1554.93,-1554.93,7640,-7640,155.42,155.43,155.4377,-2.90,0.39,1.00,mixed,-2.06,stressed,-3.37,0,mm,3.46,99.86,99.87,99.8681,-0.64,0.31,0.56,mixed,-0.68,stressed,0.00,-2936,mm,50.13,25.41,25.45,25.4098,0.90,2.29,0.18,chop,-0.04,normal,0.21,-4704,mm,-1736.99
33.903,63,237.5,-1554.93,-1554.93,7640,-7640,155.42,155.43,155.4376,-2.89,0.39,1.00,mixed,-2.06,stressed,-3.37,0,mm,3.46,99.86,99.87,99.8681,-0.63,0.31,0.56,mixed,-0.68,stressed,0.00,-2936,mm,50.13,25.41,25.45,25.4100,0.91,2.29,0.18,chop,-0.04,normal,0.21,-4704,mm,-1736.99
33.928,63,237.5,-1554.93,-1554.93,7640,-7640,155.42,155.43,155.4375,-2.89,0.38,1.00,mixed,-2.06,stressed,-3.37,0,mm,3.46,99.86,99.87,99.8681,-0.63,0.29,0.56,mixed,-0.68,stressed,0.00,-2936,mm,50.13,25.41,25.45,25.4102,0.93,2.28,0.18,chop,-0.04,normal,0.21,-4704,mm,-1736.99
33.956,63,237.5,-1554.93,-1554.93,7640,-7640,155.42,155.43,155.4373,-2.88,0.38,1.00,mixed,-2.06,stressed,-3.37,0,mm,3.46,99.86,99.87,99.8680,-0.63,0.29,0.56,mixed,-0.68,stressed,0.00,-2936,mm,50.13,25.41,25.45,25.4105,0.96,2.28,0.18,chop,-0.04,normal,0.21,-4704,mm,-1736.99
33.980,63,237.5,-1554.93,-1554.93,7640,-7640,155.42,155.43,155.4372,-2.87,0.38,1.00,mixed,-1.96,stressed,-3.37,0,mm,3.46,99.86,99.87,99.8680,-0.63,0.29,0.75,mixed,-0.68,stressed,0.00,-2936,mm,50.13,25.41,25.45,25.4107,0.97,2.28,0.18,chop,-0.04,normal,0.21,-4704,mm,-1736.99
34.008,64,228.8,-1683.39,-1683.39,7640,-7640,155.42,155.43,155.4370,-2.87,0.38,1.00,mixed,-1.96,stressed,-3.29,0,mm,3.46,99.86,99.87,99.8680,-0.63,0.29,0.75,mixed,-0.68,stressed,0.00,-2936,mm,50.13,25.41,25.45,25.4109,1.00,2.28,0.18,chop,-0.04,normal,0.26,-4704,mm,-1736.99
34.031,64,228.8,-1683.39,-1683.39,7640,-7640,155.42,155.43,155.4369,-2.86,0.38,1.00,mixed,-1.96,stressed,-3.29,0,mm,3.46,99.86,99.87,99.8679,-0.62,0.29,0.75,mixed,-0.68,stressed,0.00,-2936,mm,50.13,25.41,25.45,25.4112,1.01,2.28,0.18,chop,-0.04,normal,0.26,-4704,mm,-1736.99
34.059,64,228.8,-1683.39,-1683.39,7640,-7640,155.42,155.43,155.4367,-2.85,0.38,1.00,mixed,-1.96,stressed,-3.29,0,mm,3.46,99.86,99.87,99.8679,-0.62,0.29,0.75,mixed,-0.68,stressed,0.00,-2936,mm,50.13,25.41,25.45,25.4114,1.03,2.28,0.18,chop,-0.04,normal,0.26,-4704,mm,-1736.99
34.102,64,228.8,-1683.39,-1683.39,7640,-7640,155.41,155.43,155.4364,-2.86,0.38,1.00,mixed,-1.96,stressed,-3.29,0,mm,3.46,99.86,99.87,99.8678,-0.62,0.29,0.75,mixed,-0.68,stressed,0.00,-2936,mm,50.13,25.43,25.44,25.4119,1.08,2.28,0.18,chop,-0.04,normal,0.26,-4704,mm,-1736.99
34.156,64,228.8,-1683.39,-1683.39,7640,-7640,155.41,155.43,155.4360,-2.86,0.38,1.00,mixed,-1.96,stressed,-3.29,0,mm,3.46,99.86,99.87,99.8678,-0.61,0.29,0.75,mixed,-0.68,stressed,0.00,-2936,mm,50.13,25.43,25.44,25.4125,1.13,2.28,0.18,chop,-0.04,normal,0.26,-4704,mm,-1736.99
34.178,64,228.8,-1683.39,-1683.39,7640,-7640,155.41,155.43,155.4358,-2.87,0.38,1.00,mixed,-1.96,stressed,-3.29,0,mm,3.46,99.86,99.87,99.8677,-0.61,0.29,0.75,mixed,-0.68,stressed,0.00,-2936,mm,50.13,25.43,25.44,25.4127,1.15,2.28,0.23,chop,0.01,normal,0.26,-4704,mm,-1736.99
34.194,64,228.8,-1683.39,-1683.39,7640,-7640,155.41,155.43,155.4357,-2.87,0.38,1.00,mixed,-1.96,stressed,-3.29,0,mm,3.46,99.86,99.87,99.8677,-0.61,0.29,0.75,mixed,-0.68,stressed,0.00,-2936,mm,50.13,25.43,25.44,25.4129,1.17,2.28,0.23,chop,0.01,normal,0.26,-4704,mm,-1736.99
34.225,64,228.8,-1683.39,-1683.39,7640,-7640,155.41,155.43,155.4354,-2.87,0.38,1.00,mixed,-1.96,stressed,-3.29,0,mm,3.46,99.86,99.87,99.8677,-0.61,0.29,0.75,mixed,-0.68,stressed,0.00,-2936,mm,50.13,25.43,25.44,25.4132,1.19,2.28,0.23,chop,0.01,normal,0.26,-4704,mm,-1736.99
34.245,64,228.8,-1683.39,-1683.39,7640,-7640,155.41,155.43,155.4353,-2.87,0.38,1.00,mixed,-2.08,stressed,-3.29,0,mm,3.46,99.86,99.87,99.8677,-0.61,0.29,0.75,mixed,-0.67,stressed,0.00,-2936,mm,50.13,25.43,25.44,25.4134,1.21,2.28,0.23,chop,0.01,normal,0.26,-4704,mm,-1736.99
34.273,64,228.8,-1683.39,-1683.39,7640,-7640,155.41,155.43,155.4351,-2.87,0.38,1.00,mixed,-2.08,stressed,-3.29,0,mm,3.46,99.86,99.87,99.8676,-0.60,0.29,0.75,mixed,-0.67,stressed,0.00,-2936,mm,50.13,25.43,25.44,25.4137,1.23,2.28,0.23,chop,0.01,normal,0.26,-4704,mm,-1736.99
34.298,64,228.8,-1683.39,-1683.39,7640,-7640,155.41,155.43,155.4349,-2.87,0.38,1.00,mixed,-2.08,stressed,-3.29,0,mm,3.46,99.86,99.87,99.8676,-0.60,0.29,0.75,mixed,-0.67,stressed,0.00,-2936,mm,50.13,25.43,25.44,25.4139,1.25,2.28,0.23,chop,0.01,normal,0.26,-4704,mm,-1736.99
34.324,64,228.8,-1683.39,-1683.39,7640,-7640,155.41,155.43,155.4347,-2.87,0.38,1.00,mixed,-2.08,stressed,-3.29,0,mm,3.46,99.86,99.87,99.8676,-0.60,0.29,0.75,mixed,-0.67,stressed,0.00,-2936,mm,50.13,25.43,25.44,25.4142,1.27,2.28,0.23,chop,0.01,normal,0.26,-4704,mm,-1736.99
34.383,64,228.8,-1683.39,-1683.39,7040,-7040,155.41,155.42,155.4342,-2.89,0.38,1.00,mixed,-2.08,stressed,-3.29,0,mm,3.46,99.86,99.87,99.8675,-0.59,0.29,0.75,mixed,-0.67,stressed,0.00,-2936,mm,50.13,25.43,25.44,25.4148,1.32,2.28,0.23,chop,0.01,normal,0.26,-4104,mm,-1683.29
34.439,64,228.8,-1683.39,-1683.39,7040,-7040,155.41,155.42,155.4337,-2.91,0.40,1.00,mixed,-2.08,stressed,-3.29,0,mm,3.46,99.86,99.87,99.8674,-0.59,0.26,0.75,mixed,-0.67,stressed,0.00,-2936,mm,50.13,25.43,25.44,25.4153,1.35,2.08,0.26,mixed,0.01,normal,0.26,-4104,mm,-1683.29
34.461,64,228.8,-1683.39,-1683.39,7040,-7040,155.41,155.42,155.4335,-2.91,0.40,1.00,mixed,-2.08,stressed,-3.29,0,mm,3.46,99.86,99.87,99.8674,-0.59,0.26,0.75,mixed,-0.67,stressed,0.00,-2936,mm,50.13,25.43,25.44,25.4155,1.37,2.08,0.26,mixed,0.01,normal,0.26,-4104,mm,-1683.29
34.486,64,228.8,-1683.39,-1683.39,7040,-7040,155.41,155.42,155.4333,-2.92,0.40,1.00,mixed,-2.08,stressed,-3.29,0,mm,3.46,99.86,99.87,99.8674,-0.59,0.26,0.75,mixed,-0.67,stressed,0.00,-2936,mm,50.13,25.43,25.44,25.4158,1.38,2.08,0.26,mixed,0.01,normal,0.26,-4104,mm,-1683.29
34.515,64,236.8,-1683.39,-1683.39,7040,-7040,155.41,155.42,155.4330,-2.93,0.40,1.00,mixed,-2.18,stressed,-3.29,0,mm,3.46,99.86,99.87,99.8673,-0.58,0.26,0.75,mixed,-0.66,stressed,0.00,-2936,mm,50.13,25.43,25.44,25.4160,1.40,2.08,0.26,mixed,0.01,normal,0.26,-4104,mm,-1683.29
34.536,64,236.8,-1683.39,-1683.39,7040,-7040,155.41,155.42,155.4328,-2.93,0.40,1.00,mixed,-2.18,stressed,-3.29,0,mm,3.46,99.86,99.87,99.8673,-0.58,0.26,0.75,mixed,-0.66,stressed,0.00,-2936,mm,50.13,25.43,25.44,25.4162,1.41,2.08,0.26,mixed,0.01,normal,0.26,-4104,mm,-1683.29
34.562,64,236.8,-1683.39,-1683.39,7040,-7040,155.41,155.42,155.4326,-2.94,0.40,1.00,mixed,-2.18,stressed,-3.29,0,mm,3.46,99.86,99.87,99.8673,-0.58,0.26,0.75,mixed,-0.66,stressed,0.00,-2936,mm,50.13,25.43,25.44,25.4164,1.43,2.08,0.26,mixed,0.01,normal,0.26,-4104,mm,-1683.29
34.588,64,236.8,-1683.39,-1683.39,7040,-7040,155.41,155.42,155.4324,-2.94,0.40,1.00,mixed,-2.18,stressed,-3.29,0,mm,3.46,99.86,99.87,99.8673,-0.58,0.26,0.75,mixed,-0.66,stressed,0.00,-2936,mm,50.13,25.43,25.44,25.4167,1.44,2.08,0.26,mixed,0.01,normal,0.26,-4104,mm,-1683.29
34.638,64,236.8,-1683.39,-1683.39,5440,-5440,155.41,155.42,155.4320,-2.95,0.40,1.00,mixed,-2.18,stressed,-3.29,0,mm,3.46,99.86,99.87,99.8672,-0.57,0.26,0.75,mixed,-0.66,stressed,0.00,-2936,mm,50.13,25.43,25.44,25.4171,1.46,2.08,0.26,mixed,0.01,normal,0.26,-2504,mm,-1665.53
34.688,64,236.8,-1683.39,-1683.39,5440,-5440,155.41,155.42,155.4316,-2.96,0.40,1.00,mixed,-2.18,stressed,-3.29,0,mm,3.46,99.86,99.87,99.8671,-0.57,0.26,0.75,mixed,-0.66,stressed,0.00,-2936,mm,50.13,25.43,25.44,25.4175,1.49,2.08,0.26,mixed,0.01,normal,0.26,-2504,mm,-1665.53
34.704,64,236.8,-1683.39,-1683.39,5440,-5440,155.41,155.42,155.4315,-2.96,0.40,1.00,mixed,-2.18,stressed,-3.29,0,mm,3.46,99.86,99.87,99.8671,-0.57,0.26,0.75,mixed,-0.66,stressed,0.00,-2936,mm,50.13,25.43,25.44,25.4176,1.49,2.08,0.26,mixed,0.01,normal,0.26,-2504,mm,-1665.53
34.776,64,236.8,-1683.39,-1683.39,5440,-5440,155.41,155.42,155.4309,-2.97,0.40,1.00,mixed,-2.08,stressed,-3.29,0,mm,3.46,99.86,99.87,99.8671,-0.56,0.26,0.75,mixed,-0.65,stressed,0.00,-2936,mm,50.13,25.43,25.44,25.4182,1.52,2.08,0.26,mixed,0.01,normal,0.26,-2504,mm,-1665.53
34.837,64,236.8,-1683.39,-1683.39,5440,-5440,155.41,155.42,155.4305,-2.97,0.40,1.00,mixed,-2.08,stressed,-3.29,0,mm,3.46,99.86,99.87,99.8670,-0.56,0.26,0.75,mixed,-0.65,stressed,0.00,-2936,mm,50.13,25.43,25.44,25.4187,1.54,2.08,0.26,mixed,0.01,normal,0.26,-2504,mm,-1665.53
34.855,64,236.8,-1683.39,-1683.39,5440,-5440,155.41,155.42,155.4303,-2.97,0.40,1.00,mixed,-2.08,stressed,-3.29,0,mm,3.46,99.86,99.87,99.8670,-0.55,0.26,0.75,mixed,-0.65,stressed,0.00,-2936,mm,50.13,25.43,25.44,25.4188,1.55,2.08,0.26,mixed,0.01,normal,0.26,-2504,mm,-1665.53
34.911,64,236.8,-1683.39,-1683.39,5440,-5440,155.41,155.42,155.4299,-2.97,0.40,1.00,mixed,-2.08,stressed,-3.29,0,mm,3.46,99.86,99.87,99.8669,-0.55,0.26,0.75,mixed,-0.65,stressed,0.00,-2936,mm,50.13,25.43,25.44,25.4193,1.56,2.08,0.26,mixed,0.01,normal,0.26,-2504,mm,-1665.53
34.939,64,236.8,-1683.39,-1683.39,5440,-5440,155.41,155.42,155.4298,-2.97,0.40,1.00,mixed,-2.08,stressed,-3.29,0,mm,3.46,99.86,99.87,99.8669,-0.55,0.24,0.75,mixed,-0.65,stressed,0.00,-2936,mm,50.13,25.43,25.44,25.4195,1.57,1.89,0.41,mixed,0.01,normal,0.26,-2504,mm,-1665.53
34.951,64,236.8,-1683.39,-1683.39,5440,-5440,155.41,155.42,155.4297,-2.97,0.40,1.00,mixed,-2.08,stressed,-3.29,0,mm,3.46,99.86,99.87,99.8669,-0.55,0.24,0.75,mixed,-0.65,stressed,0.00,-2936,mm,50.13,25.43,25.44,25.4195,1.57,1.89,0.41,mixed,0.01,normal,0.26,-2504,mm,-1665.53
34.981,64,236.8,-1683.39,-1683.39,5440,-5440,155.41,155.42,155.4295,-2.97,0.40,1.00,mixed,-2.08,stressed,-3.29,0,mm,3.46,99.86,99.87,99.8669,-0.54,0.24,0.75,mixed,-0.65,stressed,0.00,-2936,mm,50.13,25.43,25.44,25.4198,1.58,1.89,0.41,mixed,0.01,normal,0.26,-2504,mm,-1665.53
35.002,64,236.8,-1683.39,-1683.39,5440,-5440,155.41,155.42,155.4293,-2.96,0.40,1.00,mixed,-2.08,stressed,-3.29,0,mm,3.46,99.86,99.87,99.8669,-0.54,0.24,0.75,mixed,-0.65,stressed,0.00,-2936,mm,50.13,25.43,25.44,25.4199,1.58,1.89,0.41,mixed,0.01,normal,0.26,-2504,mm,-1665.53
35.030,65,228.6,-1611.93,-1611.93,5440,-5440,155.41,155.42,155.4291,-2.96,0.40,1.00,mixed,-1.99,stressed,-3.65,0,mm,3.46,99.86,99.87,99.8668,-0.54,0.24,0.75,mixed,-0.64,stressed,0.00,-2936,mm,50.13,25.43,25.44,25.4201,1.59,1.89,0.41,mixed,0.01,normal,0.28,-2504,mm,-1665.53
35.058,65,228.6,-1611.93,-1611.93,5440,-5440,155.41,155.42,155.4290,-2.96,0.40,1.00,mixed,-1.99,stressed,-3.65,0,mm,3.46,99.86,99.87,99.8668,-0.54,0.24,0.75,mixed,-0.64,stressed,0.00,-2936,mm,50.13,25.43,25.44,25.4203,1.60,1.89,0.41,mixed,0.01,normal,0.28,-2504,mm,-1665.53
35.077,65,228.6,-1611.93,-1611.93,5440,-5440,155.41,155.42,155.4288,-2.96,0.40,1.00,mixed,-1.99,stressed,-3.65,0,mm,3.46,99.86,99.87,99.8668,-0.53,0.24,0.75,mixed,-0.64,stressed,0.00,-2936,mm,50.13,25.43,25.44,25.4204,1.60,1.89,0.41,mixed,0.01,normal,0.28,-2504,mm,-1665.53
35.102,65,228.6,-1611.93,-1611.93,5440,-5440,155.41,155.42,155.4287,-2.96,0.40,1.00,mixed,-1.99,stressed,-3.65,0,mm,3.46,99.86,99.87,99.8668,-0.53,0.24,0.75,mixed,-0.64,stressed,0.00,-2936,mm,50.13,25.43,25.44,25.4206,1.60,1.89,0.41,mixed,0.01,normal,0.28,-2504,mm,-1665.53
35.134,65,228.6,-1611.93,-1611.93,5740,-5740,155.41,155.42,155.4284,-2.95,0.40,1.00,mixed,-1.99,stressed,-3.65,0,mm,3.46,99.86,99.87,99.8667,-0.53,0.24,0.75,mixed,-0.64,stressed,0.00,-2936,mm,50.13,25.43,25.49,25.4212,1.67,1.89,0.41,mixed,0.01,normal,0.28,-2804,mm,-1799.40
35.188,65,228.6,-1611.93,-1611.93,5740,-5740,155.41,155.42,155.4281,-2.94,0.40,1.00,mixed,-1.99,stressed,-3.65,0,mm,3.46,99.86,99.87,99.8667,-0.53,0.24,0.75,mixed,-0.64,stressed,0.00,-2936,mm,50.13,25.43,25.49,25.4222,1.78,1.89,0.41,mixed,0.01,normal,0.28,-2804,mm,-1799.40
35.220,65,228.6,-1611.93,-1611.93,5740,-5740,155.41,155.42,155.4279,-2.94,0.40,1.00,mixed,-1.99,stressed,-3.65,0,mm,3.46,99.86,99.87,99.8667,-0.52,0.24,0.75,mixed,-0.64,stressed,0.00,-2936,mm,50.13,25.43,25.49,25.4228,1.84,1.89,0.49,mixed,0.25,normal,0.28,-2804,mm,-1799.40
35.241,65,228.6,-1611.93,-1611.93,5740,-5740,155.41,155.42,155.4278,-2.94,0.40,1.00,mixed,-1.99,stressed,-3.65,0,mm,3.46,99.86,99.87,99.8667,-0.52,0.24,0.75,mixed,-0.64,stressed,0.00,-2936,mm,50.13,25.43,25.49,25.4231,1.89,1.89,0.49,mixed,0.25,normal,0.28,-2804,mm,-1799.40
35.265,65,228.6,-1611.93,-1611.93,5740,-5740,155.41,155.42,155.4276,-2.93,0.40,1.00,mixed,-1.99,stressed,-3.65,0,mm,3.46,99.86,99.87,99.8666,-0.52,0.24,0.75,mixed,-0.64,stressed,0.00,-2936,mm,50.13,25.43,25.49,25.4236,1.93,1.89,0.49,mixed,0.25,normal,0.28,-2804,mm,-1799.40
35.298,65,228.6,-1611.93,-1611.93,5740,-5740,155.41,155.42,155.4274,-2.93,0.40,1.00,mixed,-1.91,stressed,-3.65,0,mm,3.46,99.86,99.87,99.8666,-0.52,0.24,0.75,mixed,-0.64,stressed,0.00,-2936,mm,50.13,25.43,25.49,25.4241,1.99,1.89,0.49,mixed,0.25,normal,0.28,-2804,mm,-1799.40
35.316,65,228.6,-1611.93,-1611.93,5740,-5740,155.41,155.42,155.4273,-2.92,0.40,1.00,mixed,-1.91,stressed,-3.65,0,mm,3.46,99.86,99.87,99.8666,-0.51,0.24,0.75,mixed,-0.64,stressed,0.00,-2936,mm,50.13,25.43,25.49,25.4245,2.02,1.89,0.49,mixed,0.25,normal,0.28,-2804,mm,-1799.40
35.342,65,228.6,-1611.93,-1611.93,5740,-5740,155.41,155.42,155.4272,-2.92,0.40,1.00,mixed,-1.91,stressed,-3.65,0,mm,3.46,99.86,99.87,99.8666,-0.51,0.24,0.75,mixed,-0.64,stressed,0.00,-2936,mm,50.13,25.43,25.49,25.4249,2.06,1.89,0.49,mixed,0.25,normal,0.28,-2804,mm,-1799.40
35.368,65,228.6,-1611.93,-1611.93,2936,-2936,155.41,155.42,155.4270,-2.91,0.40,1.00,mixed,-1.91,stressed,-3.65,0,mm,3.46,99.86,99.87,99.8666,-0.51,0.24,0.75,mixed,-0.64,stressed,0.00,-2936,mm,50.13,25.44,25.49,25.4254,2.11,1.89,0.49,mixed,0.25,normal,0.28,0,mm,-1784.60
35.411,65,228.6,-1611.93,-1611.93,2936,-2936,155.41,155.42,155.4268,-2.90,0.40,1.00,mixed,-1.91,stressed,-3.65,0,mm,3.46,99.86,99.87,99.8665,-0.51,0.24,0.75,mixed,-0.64,stressed,0.00,-2936,mm,50.13,25.44,25.49,25.4262,2.19,1.89,0.49,mixed,0.25,normal,0.28,0,mm,-1784.60
35.432,65,228.6,-1611.93,-1611.93,2936,-2936,155.41,155.42,155.4267,-2.90,0.40,1.00,mixed,-1.91,stressed,-3.65,0,mm,3.46,99.86,99.87,99.8665,-0.50,0.24,0.75,mixed,-0.64,stressed,0.00,-2936,mm,50.13,25.44,25.49,25.4266,2.23,1.89,0.49,mixed,0.25,normal,0.28,0,mm,-1784.60
35.458,65,228.6,-1611.93,-1611.93,2936,-2936,155.41,155.42,155.4265,-2.89,0.39,1.00,mixed,-1.91,stressed,-3.65,0,mm,3.46,99.86,99.87,99.8665,-0.50,0.22,0.75,mixed,-0.64,stressed,0.00,-2936,mm,50.13,25.44,25.49,25.4270,2.27,1.96,0.49,mixed,0.25,normal,0.28,0,mm,-1784.60
35.490,65,228.6,-1611.93,-1611.93,2936,-2936,155.41,155.42,155.4263,-2.89,0.39,1.00,mixed,-1.91,stressed,-3.65,0,mm,3.46,99.86,99.87,99.8665,-0.50,0.22,0.75,mixed,-0.64,stressed,0.00,-2936,mm,50.13,25.44,25.49,25.4276,2.33,1.96,0.54,mixed,0.30,normal,0.28,0,mm,-1784.60
35.507,65,228.6,-1611.93,-1611.93,2936,-2936,155.41,155.42,155.4263,-2.88,0.39,1.00,mixed,-1.91,stressed,-3.65,0,mm,3.46,99.86,99.87,99.8665,-0.50,0.22,0.75,mixed,-0.64,stressed,0.00,-2936,mm,50.13,25.44,25.49,25.4279,2.35,1.96,0.54,mixed,0.30,normal,0.28,0,mm,-1784.60
35.548,65,236.2,-1611.93,-1611.93,2936,-2936,155.41,155.42,155.4260,-2.87,0.39,1.00,mixed,-1.91,stressed,-3.65,0,mm,3.46,99.86,99.87,99.8664,-0.50,0.22,0.75,mixed,-0.64,stressed,0.00,-2936,mm,50.13,25.44,25.49,25.4286,2.42,1.96,0.54,mixed,0.30,normal,0.28,0,mm,-1784.60
35.565,65,236.2,-1611.93,-1611.93,2936,-2936,155.41,155.42,155.4260,-2.87,0.39,1.00,mixed,-1.84,stressed,-3.65,0,mm,3.46,99.86,99.87,99.8664,-0.49,0.22,0.75,mixed,-0.63,stressed,0.00,-2936,mm,50.13,25.44,25.49,25.4289,2.44,1.96,0.54,mixed,0.30,normal,0.28,0,mm,-1784.60
35.586,65,236.2,-1611.93,-1611.93,2936,-2936,155.41,155.42,155.4258,-2.86,0.39,1.00,mixed,-1.84,stressed,-3.65,0,mm,3.46,99.86,99.87,99.8664,-0.49,0.22,0.75,mixed,-0.63,stressed,0.00,-2936,mm,50.13,25.44,25.49,25.4293,2.48,1.96,0.54,mixed,0.30,normal,0.28,0,mm,-1784.60
35.632,65,236.2,-1611.93,-1611.93,2936,-2936,155.41,155.42,155.4256,-2.85,0.39,1.00,mixed,-1.84,stressed,-3.65,0,mm,3.46,99.86,99.87,99.8664,-0.49,0.22,0.75,mixed,-0.63,stressed,0.00,-2936,mm,50.13,25.45,25.49,25.4301,2.56,1.96,0.54,mixed,0.30,normal,0.28,0,mm,-1784.60
35.702,65,236.2,-1611.93,-1611.93,2936,-2936,155.41,155.42,155.4253,-2.83,0.39,1.00,mixed,-1.84,stressed,-3.65,0,mm,3.46,99.86,99.87,99.8663,-0.48,0.22,0.75,mixed,-0.63,stressed,0.00,-2936,mm,50.13,25.45,25.49,25.4314,2.67,1.96,0.54,mixed,0.30,normal,0.28,0,mm,-1784.60
35.724,65,236.2,-1611.93,-1611.93,2936,-2936,155.41,155.42,155.4252,-2.83,0.39,1.00,mixed,-1.84,stressed,-3.65,0,mm,3.46,99.86,99.87,99.8663,-0.48,0.22,0.75,mixed,-0.63,stressed,0.00,-2936,mm,50.13,25.45,25.49,25.4318,2.71,1.96,0.54,mixed,0.30,normal,0.28,0,mm,-1784.60
35.773,65,236.2,-1611.93,-1611.93,2936,-2936,155.41,155.42,155.4249,-2.81,0.39,1.00,mixed,-1.84,stressed,-3.65,0,mm,3.46,99.86,99.87,99.8663,-0.48,0.22,0.75,mixed,-0.63,stressed,0.00,-2936,mm,50.13,25.46,25.5,25.4329,2.82,1.96,0.55,mixed,0.45,normal,0.28,0,mm,-1784.60
35.849,65,236.2,-1611.93,-1611.93,2936,-2936,155.41,155.42,155.4246,-2.79,0.39,1.00,mixed,-1.78,stressed,-3.65,0,mm,3.46,99.86,99.87,99.8662,-0.47,0.22,0.75,mixed,-0.62,normal,0.00,-2936,mm,50.13,25.46,25.5,25.4346,2.97,1.96,0.55,mixed,0.45,normal,0.28,0,mm,-1784.60
35.949,65,236.2,-1611.93,-1611.93,2936,-2936,155.41,155.42,155.4241,-2.76,0.39,1.00,mixed,-1.78,stressed,-3.65,0,mm,3.46,99.86,99.87,99.8662,-0.46,0.22,0.75,mixed,-0.62,normal,0.00,-2936,mm,50.13,25.47,25.52,25.4374,3.27,1.96,0.55,mixed,0.45,normal,0.28,0,mm,-1784.60
35.990,65,236.2,-1611.93,-1611.93,2936,-2936,155.41,155.42,155.4240,-2.75,0.38,1.00,mixed,-1.78,stressed,-3.65,0,mm,3.46,99.86,99.87,99.8662,-0.46,0.21,0.75,mixed,-0.62,normal,0.00,-2936,mm,50.13,25.47,25.52,25.4385,3.39,1.99,0.55,mixed,0.45,normal,0.28,0,mm,-1784.60
36.013,65,236.2,-1611.93,-1611.93,2936,-2936,155.41,155.42,155.4239,-2.74,0.38,1.00,mixed,-1.78,stressed,-3.65,0,mm,3.46,99.86,99.87,99.8661,-0.46,0.21,0.75,mixed,-0.62,normal,0.00,-2936,mm,50.13,25.47,25.52,25.4390,3.44,1.99,0.55,mixed,0.45,normal,0.28,0,mm,-1784.60
36.038,66,228.2,-1731.01,-1731.01,2936,-2936,155.41,155.42,155.4238,-2.73,0.38,1.00,mixed,-1.78,stressed,-3.57,0,mm,3.46,99.86,99.87,99.8661,-0.46,0.21,0.75,mixed,-0.62,normal,0.00,-2936,mm,50.13,25.47,25.52,25.4397,3.51,1.99,0.57,mixed,0.59,normal,0.43,0,mm,-1784.60
36.062,66,228.2,-1731.01,-1731.01,2936,-2936,155.41,155.42,155.4237,-2.73,0.38,1.00,mixed,-1.78,stressed,-3.57,0,mm,3.46,99.86,99.87,99.8661,-0.45,0.21,0.75,mixed,-0.62,normal,0.00,-2936,mm,50.13,25.47,25.52,25.4404,3.56,1.99,0.57,mixed,0.59,normal,0.43,0,mm,-1784.60
36.094,66,228.2,-1731.01,-1731.01,2936,-2936,155.41,155.42,155.4235,-2.72,0.38,1.00,mixed,-1.78,stressed,-3.57,0,mm,3.46,99.86,99.87,99.8661,-0.45,0.21,0.75,mixed,-0.62,normal,0.00,-2936,mm,50.13,25.47,25.52,25.4412,3.64,1.99,0.57,mixed,0.59,normal,0.43,0,mm,-1784.60
36.115,66,228.2,-1731.01,-1731.01,2936,-2936,155.41,155.42,155.4234,-2.71,0.38,1.00,mixed,-1.72,stressed,-3.57,0,mm,3.46,99.86,99.87,99.8661,-0.45,0.21,1.00,mixed,-0.61,normal,0.00,-2936,mm,50.13,25.47,25.52,25.4417,3.68,1.99,0.57,mixed,0.59,normal,0.43,0,mm,-1784.60
36.168,66,228.2,-1731.01,-1731.01,2936,-2936,155.41,155.42,155.4232,-2.69,0.38,1.00,mixed,-1.72,stressed,-3.57,0,mm,3.46,99.86,99.87,99.8661,-0.45,0.21,1.00,mixed,-0.61,normal,0.00,-2936,mm,50.13,25.47,25.51,25.4429,3.77,1.99,0.57,mixed,0.59,normal,0.43,0,mm,-1784.60
36.206,66,228.2,-1731.01,-1731.01,2936,-2936,155.41,155.42,155.4231,-2.68,0.38,1.00,mixed,-1.72,stressed,-3.57,0,mm,3.46,99.86,99.87,99.8660,-0.44,0.21,1.00,mixed,-0.61,normal,0.00,-2936,mm,50.13,25.47,25.51,25.4438,3.83,1.99,0.57,mixed,0.59,normal,0.43,0,mm,-1784.60
36.229,66,228.2,-1731.01,-1731.01,2936,-2936,155.41,155.42,155.4230,-2.67,0.38,1.00,mixed,-1.72,stressed,-3.57,0,mm,3.46,99.86,99.87,99.8660,-0.44,0.21,1.00,mixed,-0.61,normal,0.00,-2936,mm,50.13,25.47,25.51,25.4443,3.87,1.99,0.57,mixed,0.59,normal,0.43,0,mm,-1784.60
36.252,66,228.2,-1731.01,-1731.01,2936,-2936,155.41,155.42,155.4229,-2.66,0.38,1.00,mixed,-1.72,stressed,-3.57,0,mm,3.46,99.86,99.87,99.8660,-0.44,0.21,1.00,mixed,-0.61,normal,0.00,-2936,mm,50.13,25.47,25.51,25.4448,3.90,1.99,0.57,mixed,0.59,normal,0.43,0,mm,-1784.60
36.278,66,228.2,-1731.01,-1731.01,2936,-2936,155.41,155.42,155.4228,-2.65,0.38,1.00,mixed,-1.72,stressed,-3.57,0,mm,3.46,99.86,99.87,99.8660,-0.44,0.21,1.00,mixed,-0.61,normal,0.00,-2936,mm,50.13,25.47,25.51,25.4453,3.94,1.99,0.57,mixed,0.59,normal,0.43,0,mm,-1784.60
36.303,66,228.2,-1731.01,-1731.01,2936,-2936,155.41,155.42,155.4227,-2.64,0.38,1.00,mixed,-1.72,stressed,-3.57,0,mm,3.46,99.86,99.87,99.8660,-0.44,0.21,1.00,mixed,-0.61,normal,0.00,-2936,mm,50.13,25.47,25.51,25.4459,3.97,1.99,0.52,mixed,0.53,normal,0.43,0,mm,-1784.60
36.329,66,228.2,-1731.01,-1731.01,2936,-2936,155.41,155.42,155.4226,-2.64,0.38,1.00,mixed,-1.72,stressed,-3.57,0,mm,3.46,99.86,99.87,99.8660,-0.43,0.21,1.00,mixed,-0.61,normal,0.00,-2936,mm,50.13,25.47,25.51,25.4464,4.00,1.99,0.52,mixed,0.53,normal,0.43,0,mm,-1784.60
36.356,66,228.2,-1731.01,-1731.01,2936,-2936,155.41,155.42,155.4225,-2.63,0.38,1.00,mixed,-1.72,stressed,-3.57,0,mm,3.46,99.86,99.87,99.8660,-0.43,0.21,1.00,mixed,-0.61,normal,0.00,-2936,mm,50.13,25.47,25.51,25.4470,4.04,1.99,0.52,mixed,0.53,normal,0.43,0,mm,-1784.60
36.382,66,228.2,-1731.01,-1731.01,2936,-2936,155.41,155.42,155.4224,-2.62,0.38,1.00,mixed,-1.67,stressed,-3.57,0,mm,3.46,99.86,99.87,99.8660,-0.43,0.21,1.00,mixed,-0.61,normal,0.00,-2936,mm,50.13,25.47,25.51,25.4475,4.07,1.99,0.52,mixed,0.53,normal,0.43,0,mm,-1784.60
36.412,66,228.2,-1731.01,-1731.01,2936,-2936,155.41,155.42,155.4223,-2.61,0.38,1.00,mixed,-1.67,stressed,-3.57,0,mm,3.46,99.86,99.87,99.8659,-0.43,0.21,1.00,mixed,-0.61,normal,0.00,-2936,mm,50.13,25.48,25.51,25.4482,4.11,1.99,0.52,mixed,0.53,normal,0.43,0,mm,-1784.60
36.445,66,228.2,-1731.01,-1731.01,2936,-2936,155.41,155.42,155.4222,-2.60,0.38,1.00,mixed,-1.67,stressed,-3.57,0,mm,3.46,99.86,99.87,99.8659,-0.43,0.21,1.00,mixed,-0.61,normal,0.00,-2936,mm,50.13,25.48,25.51,25.4489,4.16,1.99,0.52,mixed,0.53,normal,0.43,0,mm,-1784.60
36.468,66,228.2,-1731.01,-1731.01,2936,-2936,155.41,155.42,155.4221,-2.59,0.38,1.00,mixed,-1.67,stressed,-3.57,0,mm,3.46,99.86,99.87,99.8659,-0.42,0.21,1.00,mixed,-0.61,normal,0.00,-2936,mm,50.13,25.48,25.51,25.4494,4.19,1.99,0.52,mixed,0.53,normal,0.43,0,mm,-1784.60
36.492,66,228.2,-1731.01,-1731.01,2936,-2936,155.41,155.42,155.4221,-2.58,0.36,1.00,mixed,-1.67,stressed,-3.57,0,mm,3.46,99.86,99.87,99.8659,-0.42,0.19,1.00,mixed,-0.61,normal,0.00,-2936,mm,50.13,25.48,25.51,25.4499,4.22,1.85,0.52,mixed,0.53,normal,0.43,0,mm,-1784.60
36.516,66,228.2,-1731.01,-1731.01,2936,-2936,155.41,155.42,155.4220,-2.57,0.36,1.00,mixed,-1.67,stressed,-3.57,0,mm,3.46,99.86,99.87,99.8659,-0.42,0.19,1.00,mixed,-0.61,normal,0.00,-2936,mm,50.13,25.48,25.51,25.4504,4.25,1.85,0.52,mixed,0.53,normal,0.43,0,mm,-1784.60
36.547,66,235.2,-1731.01,-1731.01,2936,-2936,155.41,155.42,155.4219,-2.56,0.36,1.00,mixed,-1.67,stressed,-3.57,0,mm,3.46,99.86,99.87,99.8659,-0.42,0.19,1.00,mixed,-0.61,normal,0.00,-2936,mm,50.13,25.48,25.51,25.4511,4.29,1.85,0.52,mixed,0.53,normal,0.43,0,mm,-1784.60
36.568,66,235.2,-1731.01,-1731.01,2936,-2936,155.41,155.42,155.4218,-2.55,0.36,1.00,mixed,-1.67,stressed,-3.57,0,mm,3.46,99.86,99.87,99.8659,-0.42,0.19,1.00,mixed,-0.61,normal,0.00,-2936,mm,50.13,25.48,25.51,25.4515,4.31,1.85,0.52,mixed,0.58,normal,0.43,0,mm,-1784.60
36.601,66,235.2,-1731.01,-1731.01,2936,-2936,155.41,155.42,155.4217,-2.54,0.36,1.00,mixed,-1.67,stressed,-3.57,0,mm,3.46,99.86,99.87,99.8659,-0.41,0.19,1.00,mixed,-0.61,normal,0.00,-2936,mm,50.13,25.48,25.51,25.4522,4.35,1.85,0.52,mixed,0.58,normal,0.43,0,mm,-1784.60
36.622,66,235.2,-1731.01,-1731.01,2936,-2936,155.41,155.42,155.4216,-2.53,0.36,1.00,mixed,-1.67,stressed,-3.57,0,mm,3.46,99.86,99.87,99.8659,-0.41,0.19,1.00,mixed,-0.61,normal,0.00,-2936,mm,50.13,25.48,25.51,25.4526,4.37,1.85,0.52,mixed,0.58,normal,0.43,0,mm,-1784.60
36.661,66,235.2,-1731.01,-1731.01,2936,-2936,155.41,155.42,155.4215,-2.52,0.36,1.00,mixed,-1.62,stressed,-3.57,0,mm,3.46,99.86,99.87,99.8658,-0.41,0.19,1.00,mixed,-0.60,normal,0.00,-2936,mm,50.13,25.48,25.55,25.4538,4.47,1.85,0.52,mixed,0.58,normal,0.43,0,mm,-1784.60
36.691,66,235.2,-1731.01,-1731.01,2936,-2936,155.41,155.42,155.4214,-2.51,0.36,1.00,mixed,-1.62,stressed,-3.57,0,mm,3.46,99.86,99.87,99.8658,-0.41,0.19,1.00,mixed,-0.60,normal,0.00,-2936,mm,50.13,25.48,25.55,25.4546,4.55,1.85,0.52,mixed,0.58,normal,0.43,0,mm,-1784.60
36.728,66,235.2,-1731.01,-1731.01,2936,-2936,155.41,155.42,155.4213,-2.49,0.36,1.00,mixed,-1.62,stressed,-3.57,0,mm,3.46,99.86,99.87,99.8658,-0.41,0.19,1.00,mixed,-0.60,normal,0.00,-2936,mm,50.13,25.48,25.55,25.4556,4.63,1.85,0.52,mixed,0.58,normal,0.43,0,mm,-1784.60
36.779,66,235.2,-1731.01,-1731.01,2936,-2936,155.41,155.42,155.4212,-2.48,0.36,1.00,mixed,-1.62,stressed,-3.57,0,mm,3.46,99.86,99.87,99.8658,-0.40,0.19,1.00,mixed,-0.60,normal,0.00,-2936,mm,50.13,25.5,25.55,25.4573,4.78,1.85,0.52,mixed,0.58,normal,0.43,0,mm,-1784.60
36.840,66,235.2,-1731.01,-1731.01,2936,-2936,155.41,155.42,155.4210,-2.45,0.36,1.00,mixed,-1.62,stressed,-3.57,0,mm,3.46,99.86,99.87,99.8658,-0.40,0.19,1.00,mixed,-0.60,normal,0.00,-2936,mm,50.13,25.5,25.55,25.4592,4.95,1.85,0.65,TREND,0.88,normal,0.43,0,mm,-1784.60
36.864,66,235.2,-1731.01,-1731.01,2936,-2936,155.41,155.42,155.4209,-2.45,0.36,1.00,mixed,-1.62,stressed,-3.57,0,mm,3.46,99.86,99.87,99.8658,-0.40,0.19,1.00,mixed,-0.60,normal,0.00,-2936,mm,50.13,25.5,25.55,25.4599,5.02,1.85,0.65,TREND,0.88,normal,0.43,0,mm,-1784.60
36.889,66,235.2,-1731.01,-1731.01,2936,-2936,155.41,155.42,155.4209,-2.44,0.36,1.00,mixed,-1.62,stressed,-3.57,0,mm,3.46,99.86,99.87,99.8658,-0.39,0.19,1.00,mixed,-0.60,normal,0.00,-2936,mm,50.13,25.5,25.55,25.4607,5.08,1.85,0.65,TREND,0.88,normal,0.43,0,mm,-1784.60
36.936,66,235.2,-1731.01,-1731.01,2936,-2936,155.41,155.42,155.4207,-2.42,0.36,1.00,mixed,-1.58,stressed,-3.57,0,mm,3.46,99.86,99.87,99.8657,-0.39,0.19,1.00,mixed,-0.59,normal,0.00,-2936,mm,50.13,25.51,25.54,25.4621,5.19,1.85,0.65,TREND,0.88,normal,0.43,0,mm,-1784.60
36.983,66,235.2,-1731.01,-1731.01,2936,-2936,155.41,155.42,155.4206,-2.40,0.36,1.00,mixed,-1.58,stressed,-3.57,0,mm,3.46,99.86,99.87,99.8657,-0.39,0.19,1.00,mixed,-0.59,normal,0.00,-2936,mm,50.13,25.51,25.54,25.4635,5.29,1.85,0.65,TREND,0.88,normal,0.43,0,mm,-1784.60
37.007,66,235.2,-1731.01,-1731.01,2936,-2936,155.41,155.42,155.4205,-2.39,0.35,1.00,mixed,-1.58,stressed,-3.57,0,mm,3.46,99.86,99.87,99.8657,-0.39,0.17,1.00,mixed,-0.59,normal,0.00,-2936,mm,50.13,25.51,25.54,25.4641,5.34,1.88,0.65,TREND,0.88,normal,0.43,0,mm,-1784.60
37.030,66,235.2,-1731.01,-1731.01,2936,-2936,155.41,155.42,155.4205,-2.39,0.35,1.00,mixed,-1.58,stressed,-3.57,0,mm,3.46,99.86,99.87,99.8657,-0.38,0.17,1.00,mixed,-0.59,normal,0.00,-2936,mm,50.13,25.51,25.54,25.4648,5.39,1.88,0.65,TREND,0.88,normal,0.43,0,mm,-1784.60
37.059,67,227.8,-1731.01,-1731.01,2936,-2936,155.41,155.42,155.4204,-2.38,0.35,1.00,mixed,-1.58,stressed,-3.50,0,mm,3.46,99.86,99.87,99.8657,-0.38,0.17,1.00,mixed,-0.59,normal,0.00,-2936,mm,50.13,25.51,25.54,25.4657,5.44,1.88,0.65,TREND,0.88,normal,0.51,0,mm,-1784.60
37.081,67,227.8,-1731.01,-1731.01,2936,-2936,155.41,155.42,155.4203,-2.37,0.35,1.00,mixed,-1.58,stressed,-3.50,0,mm,3.46,99.86,99.87,99.8657,-0.38,0.17,1.00,mixed,-0.59,normal,0.00,-2936,mm,50.13,25.51,25.54,25.4663,5.48,1.88,0.65,TREND,0.88,normal,0.51,0,mm,-1784.60
37.116,67,227.8,-1731.01,-1731.01,2936,-2936,155.41,155.42,155.4203,-2.35,0.35,1.00,mixed,-1.58,stressed,-3.50,0,mm,3.46,99.86,99.87,99.8657,-0.38,0.17,1.00,mixed,-0.59,normal,0.00,-2936,mm,50.13,25.51,25.54,25.4673,5.54,1.88,0.65,TREND,0.86,stressed,0.51,0,mm,-1784.60
37.134,67,227.8,-1731.01,-1731.01,2936,-2936,155.41,155.42,155.4202,-2.35,0.35,1.00,mixed,-1.58,stressed,-3.50,0,mm,3.46,99.86,99.87,99.8657,-0.38,0.17,1.00,mixed,-0.59,normal,0.00,-2936,mm,50.13,25.51,25.54,25.4677,5.57,1.88,0.65,TREND,0.86,stressed,0.51,0,mm,-1784.60
37.173,67,227.8,-1731.01,-1731.01,2936,-2936,155.41,155.42,155.4201,-2.33,0.35,1.00,mixed,-1.58,stressed,-3.50,0,mm,3.46,99.86,99.87,99.8657,-0.38,0.17,1.00,mixed,-0.59,normal,0.00,-2936,mm,50.13,25.51,25.54,25.4688,5.63,1.88,0.65,TREND,0.86,stressed,0.51,0,mm,-1784.60
37.193,67,227.8,-1731.01,-1731.01,2936,-2936,155.41,155.42,155.4201,-2.33,0.35,1.00,mixed,-1.54,stressed,-3.50,0,mm,3.46,99.86,99.87,99.8657,-0.37,0.17,0.00,chop,-0.59,normal,0.00,-2936,mm,50.13,25.51,25.54,25.4693,5.66,1.88,0.65,TREND,0.86,stressed,0.51,0,mm,-1784.60
37.212,67,227.8,-1731.01,-1731.01,2936,-2936,155.41,155.42,155.4200,-2.32,0.35,1.00,mixed,-1.54,stressed,-3.50,0,mm,3.46,99.86,99.87,99.8656,-0.37,0.17,0.00,chop,-0.59,normal,0.00,-2936,mm,50.13,25.51,25.54,25.4698,5.69,1.88,0.65,TREND,0.86,stressed,0.51,0,mm,-1784.60
37.242,67,227.8,-1731.01,-1731.01,2936,-2936,155.41,155.42,155.4200,-2.31,0.35,1.00,mixed,-1.54,stressed,-3.50,0,mm,3.46,99.86,99.87,99.8656,-0.37,0.17,0.00,chop,-0.59,normal,0.00,-2936,mm,50.13,25.51,25.54,25.4706,5.73,1.88,0.65,TREND,0.86,stressed,0.51,0,mm,-1784.60
37.271,67,227.8,-1731.01,-1731.01,2936,-2936,155.41,155.42,155.4199,-2.30,0.35,1.00,mixed,-1.54,stressed,-3.50,0,mm,3.46,99.86,99.87,99.8656,-0.37,0.17,0.00,chop,-0.59,normal,0.00,-2936,mm,50.13,25.51,25.54,25.4714,5.76,1.88,0.65,TREND,0.86,stressed,0.51,0,mm,-1784.60
37.289,67,227.8,-1731.01,-1731.01,2936,-2936,155.41,155.42,155.4198,-2.29,0.35,1.00,mixed,-1.54,stressed,-3.50,0,mm,3.46,99.86,99.87,99.8656,-0.37,0.17,0.00,chop,-0.59,normal,0.00,-2936,mm,50.13,25.51,25.54,25.4718,5.79,1.88,0.65,TREND,0.86,stressed,0.51,0,mm,-1784.60
37.314,67,227.8,-1731.01,-1731.01,2936,-2936,155.41,155.42,155.4198,-2.28,0.35,1.00,mixed,-1.54,stressed,-3.50,0,mm,3.46,99.86,99.87,99.8656,-0.37,0.17,0.00,chop,-0.59,normal,0.00,-2936,mm,50.13,25.51,25.54,25.4725,5.81,1.88,0.65,TREND,0.86,stressed,0.51,0,mm,-1784.60
37.341,67,227.8,-1731.01,-1731.01,2936,-2936,155.41,155.42,155.4197,-2.27,0.35,1.00,mixed,-1.54,stressed,-3.50,0,mm,3.46,99.86,99.87,99.8656,-0.36,0.17,0.00,chop,-0.59,normal,0.00,-2936,mm,50.13,25.51,25.54,25.4731,5.84,1.88,0.65,TREND,0.86,stressed,0.51,0,mm,-1784.60
37.370,67,227.8,-1731.01,-1731.01,2936,-2936,155.41,155.42,155.4197,-2.26,0.35,1.00,mixed,-1.54,stressed,-3.50,0,mm,3.46,99.86,99.87,99.8656,-0.36,0.17,0.00,chop,-0.59,normal,0.00,-2936,mm,50.13,25.51,25.54,25.4738,5.87,1.88,0.65,TREND,0.85,stressed,0.51,0,mm,-1784.60
37.392,67,227.8,-1731.01,-1731.01,2936,-2936,155.41,155.42,155.4196,-2.25,0.35,1.00,mixed,-1.54,stressed,-3.50,0,mm,3.46,99.86,99.87,99.8656,-0.36,0.17,0.00,chop,-0.59,normal,0.00,-2936,mm,50.13,25.51,25.54,25.4744,5.90,1.88,0.65,TREND,0.85,stressed,0.51,0,mm,-1784.60
37.441,67,227.8,-1731.01,-1731.01,2936,-2936,155.41,155.42,155.4195,-2.24,0.35,1.00,mixed,-1.54,stressed,-3.50,0,mm,3.46,99.86,99.87,99.8656,-0.36,0.17,0.00,chop,-0.59,normal,0.00,-2936,mm,50.13,25.51,25.53,25.4754,5.92,1.88,0.65,TREND,0.85,stressed,0.51,0,mm,-1784.60
37.453,67,227.8,-1731.01,-1731.01,2936,-2936,155.41,155.42,155.4195,-2.23,0.35,1.00,mixed,-1.50,stressed,-3.50,0,mm,3.46,99.86,99.87,99.8656,-0.36,0.17,0.00,chop,-0.58,normal,0.00,-2936,mm,50.13,25.51,25.53,25.4757,5.93,1.88,0.65,TREND,0.85,stressed,0.51,0,mm,-1784.60
37.484,67,227.8,-1731.01,-1731.01,2936,-2936,155.41,155.42,155.4194,-2.22,0.35,1.00,mixed,-1.50,stressed,-3.50,0,mm,3.46,99.86,99.87,99.8656,-0.36,0.17,0.00,chop,-0.58,normal,0.00,-2936,mm,50.13,25.51,25.53,25.4763,5.94,1.88,0.65,TREND,0.85,stressed,0.51,0,mm,-1784.60
37.512,67,227.8,-1731.01,-1731.01,2936,-2936,155.41,155.42,155.4194,-2.21,0.33,1.00,mixed,-1.50,stressed,-3.50,0,mm,3.46,99.86,99.87,99.8656,-0.35,0.16,0.00,chop,-0.58,normal,0.00,-2936,mm,50.13,25.51,25.53,25.4769,5.95,1.82,0.65,TREND,0.85,stressed,0.51,0,mm,-1784.60
37.529,67,227.8,-1731.01,-1731.01,2936,-2936,155.41,155.42,155.4193,-2.21,0.33,1.00,mixed,-1.50,stressed,-3.50,0,mm,3.46,99.86,99.87,99.8656,-0.35,0.16,0.00,chop,-0.58,normal,0.00,-2936,mm,50.13,25.51,25.53,25.4773,5.96,1.82,0.65,TREND,0.85,stressed,0.51,0,mm,-1784.60
37.556,67,227.8,-1731.01,-1731.01,2936,-2936,155.41,155.42,155.4193,-2.20,0.33,1.00,mixed,-1.50,stressed,-3.50,0,mm,3.46,99.86,99.87,99.8656,-0.35,0.16,0.00,chop,-0.58,normal,0.00,-2936,mm,50.13,25.51,25.53,25.4778,5.96,1.82,0.65,TREND,0.85,stressed,0.51,0,mm,-1784.60
37.587,67,234.6,-1731.01,-1731.01,2936,-2936,155.41,155.42,155.4192,-2.18,0.33,1.00,mixed,-1.50,stressed,-3.50,0,mm,3.46,99.86,99.87,99.8655,-0.35,0.16,0.00,chop,-0.58,normal,0.00,-2936,mm,50.13,25.51,25.53,25.4784,5.97,1.82,0.65,TREND,0.85,stressed,0.51,0,mm,-1784.60
37.622,67,234.6,-1731.01,-1731.01,2936,-2936,155.41,155.42,155.4191,-2.17,0.33,1.00,mixed,-1.50,stressed,-3.50,0,mm,3.46,99.86,99.87,99.8655,-0.35,0.16,0.00,chop,-0.58,normal,0.00,-2936,mm,50.13,25.51,25.53,25.4791,5.98,1.82,0.62,TREND,0.79,stressed,0.51,0,mm,-1784.60
37.631,67,234.6,-1731.01,-1731.01,2936,-2936,155.41,155.42,155.4191,-2.17,0.33,1.00,mixed,-1.50,stressed,-3.50,0,mm,3.46,99.86,99.87,99.8655,-0.35,0.16,0.00,chop,-0.58,normal,0.00,-2936,mm,50.13,25.51,25.53,25.4793,5.98,1.82,0.62,TREND,0.79,stressed,0.51,0,mm,-1784.60
37.661,67,234.6,-1731.01,-1731.01,2936,-2936,155.41,155.42,155.4191,-2.16,0.33,1.00,mixed,-1.50,stressed,-3.50,0,mm,3.46,99.86,99.87,99.8655,-0.34,0.16,0.00,chop,-0.58,normal,0.00,-2936,mm,50.13,25.51,25.53,25.4798,5.99,1.82,0.62,TREND,0.79,stressed,0.51,0,mm,-1784.60
37.699,67,234.6,-1731.01,-1731.01,2936,-2936,155.41,155.42,155.4190,-2.15,0.33,1.00,mixed,-1.50,stressed,-3.50,0,mm,3.46,99.86,99.87,99.8655,-0.34,0.16,0.00,chop,-0.58,normal,0.00,-2936,mm,50.13,25.51,25.53,25.4805,5.99,1.82,0.62,TREND,0.79,stressed,0.51,0,mm,-1784.60
37.716,67,234.6,-1731.01,-1731.01,2936,-2936,155.41,155.42,155.4190,-2.14,0.33,1.00,mixed,-1.47,stressed,-3.50,0,mm,3.46,99.86,99.87,99.8655,-0.34,0.16,0.00,chop,-0.58,normal,0.00,-2936,mm,50.13,25.51,25.53,25.4809,6.00,1.82,0.62,TREND,0.79,stressed,0.51,0,mm,-1784.60
37.763,67,234.6,-1731.01,-1731.01,2936,-2936,155.41,155.42,155.4189,-2.12,0.33,1.00,mixed,-1.47,stressed,-3.50,0,mm,3.46,99.86,99.87,99.8655,-0.34,0.16,0.00,chop,-0.58,normal,0.00,-2936,mm,50.13,25.51,25.53,25.4817,6.00,1.82,0.62,TREND,0.79,stressed,0.51,0,mm,-1784.60
37.793,67,234.6,-1731.01,-1731.01,2936,-2936,155.41,155.42,155.4188,-2.11,0.33,1.00,mixed,-1.47,stressed,-3.50,0,mm,3.46,99.86,99.87,99.8655,-0.34,0.16,0.00,chop,-0.58,normal,0.00,-2936,mm,50.13,25.51,25.53,25.4822,6.00,1.82,0.62,TREND,0.79,stressed,0.51,0,mm,-1784.60
37.821,67,234.6,-1731.01,-1731.01,2936,-2936,155.41,155.42,155.4188,-2.10,0.33,1.00,mixed,-1.47,stressed,-3.50,0,mm,3.46,99.86,99.87,99.8655,-0.33,0.16,0.00,chop,-0.58,normal,0.00,-2936,mm,50.13,25.51,25.53,25.4827,6.00,1.82,0.62,TREND,0.79,stressed,0.51,0,mm,-1784.60
37.837,67,234.6,-1731.01,-1731.01,2936,-2936,155.41,155.42,155.4187,-2.10,0.33,1.00,mixed,-1.47,stressed,-3.50,0,mm,3.46,99.86,99.87,99.8655,-0.33,0.16,0.00,chop,-0.58,normal,0.00,-2936,mm,50.13,25.51,25.53,25.4830,6.00,1.82,0.62,TREND,0.79,stressed,0.51,0,mm,-1784.60
37.861,67,234.6,-1731.01,-1731.01,2936,-2936,155.41,155.42,155.4187,-2.09,0.33,1.00,mixed,-1.47,stressed,-3.50,0,mm,3.46,99.86,99.87,99.8655,-0.33,0.16,0.00,chop,-0.58,normal,0.00,-2936,mm,50.13,25.51,25.53,25.4834,6.00,1.82,0.62,TREND,0.79,stressed,0.51,0,mm,-1784.60
37.894,67,234.6,-1731.01,-1731.01,2936,-2936,155.41,155.42,155.4186,-2.08,0.33,1.00,mixed,-1.47,stressed,-3.50,0,mm,3.46,99.86,99.87,99.8655,-0.33,0.16,0.00,chop,-0.58,normal,0.00,-2936,mm,50.13,25.51,25.53,25.4840,6.00,1.82,0.62,TREND,0.78,stressed,0.51,0,mm,-1784.60
37.969,67,234.6,-1731.01,-1731.01,2936,-2936,155.41,155.42,155.4185,-2.05,0.33,1.00,mixed,-1.43,stressed,-3.50,0,mm,3.46,99.86,99.87,99.8655,-0.33,0.16,0.00,chop,-0.57,normal,0.00,-2936,mm,50.13,25.51,25.53,25.4852,5.99,1.82,0.62,TREND,0.78,stressed,0.51,0,mm,-1784.60
37.984,67,234.6,-1731.01,-1731.01,2936,-2936,155.41,155.42,155.4185,-2.05,0.33,1.00,mixed,-1.43,stressed,-3.50,0,mm,3.46,99.86,99.87,99.8655,-0.33,0.16,0.00,chop,-0.57,normal,0.00,-2936,mm,50.13,25.51,25.52,25.4855,5.98,1.82,0.62,TREND,0.78,stressed,0.51,0,mm,-1784.60
38.020,67,234.6,-1731.01,-1731.01,2936,-2936,155.41,155.42,155.4184,-2.04,0.32,1.00,mixed,-1.43,stressed,-3.50,0,mm,3.46,99.86,99.87,99.8654,-0.32,0.15,0.00,chop,-0.57,normal,0.00,-2936,mm,50.13,25.51,25.52,25.4860,5.96,1.75,0.62,TREND,0.78,stressed,0.51,0,mm,-1784.60
38.040,67,234.6,-1731.01,-1731.01,2936,-2936,155.41,155.42,155.4184,-2.03,0.32,1.00,mixed,-1.43,stressed,-3.50,0,mm,3.46,99.86,99.87,99.8654,-0.32,0.15,0.00,chop,-0.57,normal,0.00,-2936,mm,50.13,25.51,25.52,25.4862,5.95,1.75,0.62,TREND,0.78,stressed,0.51,0,mm,-1784.60
38.059,67,234.6,-1731.01,-1731.01,2936,-2936,155.41,155.42,155.4184,-2.02,0.32,1.00,mixed,-1.43,stressed,-3.50,0,mm,3.46,99.86,99.87,99.8654,-0.32,0.15,0.00,chop,-0.57,normal,0.00,-2936,mm,50.13,25.51,25.52,25.4865,5.94,1.75,0.62,TREND,0.78,stressed,0.51,0,mm,-1784.60
38.087,68,227.4,-1731.01,-1731.01,2936,-2936,155.41,155.42,155.4183,-2.01,0.32,1.00,mixed,-1.43,stressed,-3.44,0,mm,3.46,99.86,99.87,99.8654,-0.32,0.15,0.00,chop,-0.57,normal,0.00,-2936,mm,50.13,25.51,25.52,25.4869,5.92,1.75,0.62,TREND,0.78,stressed,0.49,0,mm,-1784.60
38.110,68,227.4,-1731.01,-1731.01,2936,-2936,155.41,155.42,155.4183,-2.01,0.32,1.00,mixed,-1.43,stressed,-3.44,0,mm,3.46,99.86,99.87,99.8654,-0.32,0.15,0.00,chop,-0.57,normal,0.00,-2936,mm,50.13,25.51,25.52,25.4872,5.90,1.75,0.62,TREND,0.78,stressed,0.49,0,mm,-1784.60
38.143,68,227.4,-1731.01,-1731.01,2936,-2936,155.41,155.42,155.4182,-1.99,0.32,1.00,mixed,-1.43,stressed,-3.44,0,mm,3.46,99.86,99.87,99.8654,-0.32,0.15,0.00,chop,-0.57,normal,0.00,-2936,mm,50.13,25.51,25.52,25.4876,5.88,1.75,0.62,TREND,0.78,stressed,0.49,0,mm,-1784.60
38.163,68,227.4,-1731.01,-1731.01,2936,-2936,155.41,155.42,155.4182,-1.99,0.32,1.00,mixed,-1.43,stressed,-3.44,0,mm,3.46,99.86,99.87,99.8654,-0.32,0.15,0.00,chop,-0.57,normal,0.00,-2936,mm,50.13,25.51,25.52,25.4879,5.87,1.75,0.58,TREND,0.71,stressed,0.49,0,mm,-1784.60
38.196,68,227.4,-1731.01,-1731.01,2936,-2936,155.41,155.42,155.4182,-1.98,0.32,1.00,mixed,-1.43,stressed,-3.44,0,mm,3.46,99.86,99.87,99.8654,-0.31,0.15,0.00,chop,-0.57,normal,0.00,-2936,mm,50.13,25.51,25.52,25.4883,5.85,1.75,0.58,TREND,0.71,stressed,0.49,0,mm,-1784.60
38.224,68,227.4,-1731.01,-1731.01,2936,-2936,155.41,155.42,155.4181,-1.97,0.32,1.00,mixed,-1.40,stressed,-3.44,0,mm,3.46,99.86,99.87,99.8654,-0.31,0.15,0.00,chop,-0.57,normal,0.00,-2936,mm,50.13,25.51,25.52,25.4886,5.83,1.75,0.58,TREND,0.71,stressed,0.49,0,mm,-1784.60
38.244,68,227.4,-1731.01,-1731.01,2936,-2936,155.41,155.42,155.4181,-1.96,0.32,1.00,mixed,-1.40,stressed,-3.44,0,mm,3.46,99.86,99.87,99.8654,-0.31,0.15,0.00,chop,-0.57,normal,0.00,-2936,mm,50.13,25.51,25.52,25.4889,5.82,1.75,0.58,TREND,0.71,stressed,0.49,0,mm,-1784.60
38.267,68,227.4,-1731.01,-1731.01,2936,-2936,155.41,155.42,155.4180,-1.95,0.32,1.00,mixed,-1.40,stressed,-3.44,0,mm,3.46,99.86,99.87,99.8654,-0.31,0.15,0.00,chop,-0.57,normal,0.00,-2936,mm,50.13,25.51,25.52,25.4892,5.80,1.75,0.58,TREND,0.71,stressed,0.49,0,mm,-1784.60
38.291,68,227.4,-1731.01,-1731.01,2936,-2936,155.41,155.42,155.4180,-1.95,0.32,1.00,mixed,-1.40,stressed,-3.44,0,mm,3.46,99.86,99.87,99.8654,-0.31,0.15,0.00,chop,-0.57,normal,0.00,-2936,mm,50.13,25.51,25.52,25.4895,5.79,1.75,0.58,TREND,0.71,stressed,0.49,0,mm,-1784.60
38.317,68,227.4,-1731.01,-1731.01,2936,-2936,155.41,155.42,155.4180,-1.94,0.32,1.00,mixed,-1.40,stressed,-3.44,0,mm,3.46,99.86,99.87,99.8654,-0.31,0.15,0.00,chop,-0.57,normal,0.00,-2936,mm,50.13,25.51,25.52,25.4898,5.77,1.75,0.58,TREND,0.71,stressed,0.49,0,mm,-1784.60
38.343,68,227.4,-1731.01,-1731.01,2936,-2936,155.41,155.42,155.4179,-1.93,0.32,1.00,mixed,-1.40,stressed,-3.44,0,mm,3.46,99.86,99.87,99.8654,-0.31,0.15,0.00,chop,-0.57,normal,0.00,-2936,mm,50.13,25.51,25.52,25.4901,5.75,1.75,0.58,TREND,0.71,stressed,0.49,0,mm,-1784.60
38.373,68,227.4,-1731.01,-1731.01,2936,-2936,155.41,155.42,155.4179,-1.92,0.32,1.00,mixed,-1.40,stressed,-3.44,0,mm,3.46,99.86,99.87,99.8654,-0.30,0.15,0.00,chop,-0.57,normal,0.00,-2936,mm,50.13,25.51,25.52,25.4904,5.73,1.75,0.58,TREND,0.71,stressed,0.49,0,mm,-1784.60
38.397,68,227.4,-1731.01,-1731.01,2936,-2936,155.41,155.42,155.4179,-1.91,0.32,1.00,mixed,-1.40,stressed,-3.44,0,mm,3.46,99.86,99.87,99.8654,-0.30,0.15,0.00,chop,-0.57,normal,0.00,-2936,mm,50.13,25.51,25.52,25.4907,5.71,1.75,0.58,TREND,0.71,stressed,0.49,0,mm,-1784.60
38.445,68,227.4,-1731.01,-1731.01,2936,-2936,155.41,155.42,155.4178,-1.90,0.32,1.00,mixed,-1.40,stressed,-3.44,0,mm,3.46,99.86,99.87,99.8654,-0.30,0.15,0.00,chop,-0.57,normal,0.00,-2936,mm,50.13,25.51,25.53,25.4914,5.70,1.75,0.58,TREND,0.76,stressed,0.49,0,mm,-1784.60
38.482,68,227.4,-1731.01,-1731.01,2936,-2936,155.41,155.42,155.4178,-1.88,0.32,1.00,mixed,-1.37,stressed,-3.44,0,mm,3.46,99.86,99.87,99.8654,-0.30,0.15,0.00,chop,-0.56,normal,0.00,-2936,mm,50.13,25.51,25.53,25.4919,5.69,1.75,0.58,TREND,0.76,stressed,0.49,0,mm,-1784.60
38.509,68,227.4,-1731.01,-1731.01,2936,-2936,155.41,155.42,155.4177,-1.87,0.32,1.00,mixed,-1.37,stressed,-3.44,0,mm,3.46,99.86,99.87,99.8654,-0.30,0.15,0.00,chop,-0.56,normal,0.00,-2936,mm,50.13,25.51,25.53,25.4922,5.68,1.75,0.58,TREND,0.76,stressed,0.49,0,mm,-1784.60
38.527,68,227.4,-1731.01,-1731.01,2936,-2936,155.41,155.42,155.4177,-1.87,0.30,1.00,mixed,-1.37,stressed,-3.44,0,mm,3.46,99.86,99.87,99.8653,-0.30,0.14,0.00,chop,-0.56,normal,0.00,-2936,mm,50.13,25.51,25.53,25.4925,5.67,1.58,0.58,TREND,0.76,stressed,0.49,0,mm,-1784.60
38.556,68,227.4,-1731.01,-1731.01,2936,-2936,155.41,155.42,155.4177,-1.86,0.30,1.00,mixed,-1.37,stressed,-3.44,0,mm,3.46,99.86,99.87,99.8653,-0.29,0.14,0.00,chop,-0.56,normal,0.00,-2936,mm,50.13,25.51,25.53,25.4929,5.66,1.58,0.58,TREND,0.76,stressed,0.49,0,mm,-1784.60
38.579,68,227.4,-1731.01,-1731.01,2936,-2936,155.41,155.42,155.4176,-1.85,0.30,1.00,mixed,-1.37,stressed,-3.44,0,mm,3.46,99.86,99.87,99.8653,-0.29,0.14,0.00,chop,-0.56,normal,0.00,-2936,mm,50.13,25.51,25.53,25.4931,5.65,1.58,0.58,TREND,0.76,stressed,0.49,0,mm,-1784.60
38.607,68,233.8,-1731.01,-1731.01,2936,-2936,155.41,155.42,155.4176,-1.84,0.30,1.00,mixed,-1.37,stressed,-3.44,0,mm,3.46,99.86,99.87,99.8653,-0.29,0.14,0.00,chop,-0.56,normal,0.00,-2936,mm,50.13,25.51,25.53,25.4935,5.64,1.58,0.58,TREND,0.76,stressed,0.49,0,mm,-1784.60
38.630,68,233.8,-1731.01,-1731.01,2936,-2936,155.41,155.42,155.4176,-1.84,0.30,1.00,mixed,-1.37,stressed,-3.44,0,mm,3.46,99.86,99.87,99.8653,-0.29,0.14,0.00,chop,-0.56,normal,0.00,-2936,mm,50.13,25.51,25.53,25.4938,5.63,1.58,0.58,TREND,0.76,stressed,0.49,0,mm,-1784.60
38.660,68,233.8,-1731.01,-1731.01,2936,-2936,155.41,155.42,155.4175,-1.83,0.30,1.00,mixed,-1.37,stressed,-3.44,0,mm,3.46,99.86,99.87,99.8653,-0.29,0.14,0.00,chop,-0.56,normal,0.00,-2936,mm,50.13,25.51,25.53,25.4941,5.62,1.58,0.58,TREND,0.76,stressed,0.49,0,mm,-1784.60
38.688,68,233.8,-1731.01,-1731.01,2936,-2936,155.41,155.42,155.4175,-1.82,0.30,1.00,mixed,-1.37,stressed,-3.44,0,mm,3.46,99.86,99.87,99.8653,-0.29,0.14,0.00,chop,-0.56,normal,0.00,-2936,mm,50.13,25.51,25.53,25.4945,5.60,1.58,0.58,TREND,0.76,stressed,0.49,0,mm,-1784.60
38.711,68,233.8,-1731.01,-1731.01,2936,-2936,155.41,155.42,155.4175,-1.81,0.30,1.00,mixed,-1.37,stressed,-3.44,0,mm,3.46,99.86,99.87,99.8653,-0.29,0.14,0.00,chop,-0.56,normal,0.00,-2936,mm,50.13,25.51,25.53,25.4948,5.59,1.58,0.58,TREND,0.75,stressed,0.49,0,mm,-1784.60
38.746,68,233.8,-1731.01,-1731.01,2936,-2936,155.41,155.42,155.4174,-1.80,0.30,1.00,mixed,-1.35,stressed,-3.44,0,mm,3.46,99.86,99.87,99.8653,-0.28,0.14,0.00,chop,-0.56,normal,0.00,-2936,mm,50.13,25.51,25.53,25.4952,5.58,1.58,0.58,TREND,0.75,stressed,0.49,0,mm,-1784.60
38.788,68,233.8,-1731.01,-1731.01,2936,-2936,155.41,155.42,155.4174,-1.79,0.30,1.00,mixed,-1.35,stressed,-3.44,0,mm,3.46,99.86,99.87,99.8653,-0.28,0.14,0.00,chop,-0.56,normal,0.00,-2936,mm,50.13,25.5,25.53,25.4956,5.54,1.58,0.58,TREND,0.75,stressed,0.49,0,mm,-1784.60
38.829,68,233.8,-1731.01,-1731.01,2936,-2936,155.41,155.42,155.4173,-1.77,0.30,1.00,mixed,-1.35,stressed,-3.44,0,mm,3.46,99.86,99.87,99.8653,-0.28,0.14,0.00,chop,-0.56,normal,0.00,-2936,mm,50.13,25.5,25.53,25.4959,5.50,1.58,0.58,TREND,0.75,stressed,0.49,0,mm,-1784.60
38.858,68,233.8,-1731.01,-1731.01,2936,-2936,155.41,155.42,155.4173,-1.77,0.30,1.00,mixed,-1.35,stressed,-3.44,0,mm,3.46,99.86,99.87,99.8653,-0.28,0.14,0.00,chop,-0.56,normal,0.00,-2936,mm,50.13,25.5,25.53,25.4962,5.48,1.58,0.58,TREND,0.75,stressed,0.49,0,mm,-1784.60
38.877,68,233.8,-1731.01,-1731.01,2936,-2936,155.41,155.42,155.4173,-1.76,0.30,1.00,mixed,-1.35,stressed,-3.44,0,mm,3.46,99.86,99.87,99.8653,-0.28,0.14,0.00,chop,-0.56,normal,0.00,-2936,mm,50.13,25.5,25.53,25.4963,5.46,1.58,0.58,TREND,0.75,stressed,0.49,0,mm,-1784.60
38.902,68,233.8,-1731.01,-1731.01,2936,-2936,155.41,155.42,155.4173,-1.75,0.30,1.00,mixed,-1.35,stressed,-3.44,0,mm,3.46,99.86,99.87,99.8653,-0.28,0.14,0.00,chop,-0.56,normal,0.00,-2936,mm,50.13,25.5,25.53,25.4966,5.44,1.58,0.58,TREND,0.75,stressed,0.49,0,mm,-1784.60
38.935,68,233.8,-1731.01,-1731.01,2936,-2936,155.41,155.42,155.4172,-1.74,0.30,1.00,mixed,-1.35,stressed,-3.44,0,mm,3.46,99.86,99.87,99.8653,-0.28,0.14,0.00,chop,-0.56,normal,0.00,-2936,mm,50.13,25.5,25.53,25.4968,5.41,1.58,0.58,TREND,0.75,stressed,0.49,0,mm,-1784.60
38.963,68,233.8,-1731.01,-1731.01,4436,-1436,155.41,155.42,155.4172,-1.73,0.30,1.00,mixed,-1.35,stressed,-3.44,0,mm,3.46,99.86,99.87,99.8653,-0.27,0.14,0.00,chop,-0.56,normal,0.00,-2936,mm,50.13,25.5,25.52,25.4970,5.38,1.58,0.50,TREND,0.63,stressed,0.49,1500,mm,-1782.95
39.008,68,233.8,-1731.01,-1731.01,4436,-1436,155.41,155.42,155.4171,-1.72,0.30,1.00,mixed,-1.32,stressed,-3.44,0,mm,3.46,99.86,99.87,99.8653,-0.27,0.14,0.00,chop,-0.55,normal,0.00,-2936,mm,50.13,25.5,25.52,25.4973,5.32,1.58,0.50,TREND,0.63,stressed,0.49,1500,mm,-1782.95
39.029,68,233.8,-1731.01,-1731.01,4436,-1436,155.41,155.42,155.4171,-1.72,0.29,1.00,mixed,-1.32,stressed,-3.44,0,mm,3.46,99.86,99.87,99.8653,-0.27,0.12,0.00,chop,-0.55,normal,0.00,-2936,mm,50.13,25.5,25.52,25.4974,5.29,1.57,0.50,TREND,0.63,stressed,0.49,1500,mm,-1782.95
39.055,68,233.8,-1731.01,-1731.01,4436,-1436,155.41,155.42,155.4171,-1.71,0.29,1.00,mixed,-1.32,stressed,-3.44,0,mm,3.46,99.86,99.87,99.8653,-0.27,0.12,0.00,chop,-0.55,normal,0.00,-2936,mm,50.13,25.5,25.52,25.4976,5.26,1.57,0.50,TREND,0.63,stressed,0.49,1500,mm,-1782.95
39.080,68,233.8,-1731.01,-1731.01,4436,-1436,155.41,155.42,155.4171,-1.70,0.29,1.00,mixed,-1.32,stressed,-3.44,0,mm,3.46,99.86,99.87,99.8653,-0.27,0.12,0.00,chop,-0.55,normal,0.00,-2936,mm,50.13,25.5,25.52,25.4977,5.23,1.57,0.50,TREND,0.63,stressed,0.49,1500,mm,-1782.95
39.112,69,226.9,-1731.01,-1731.01,4436,-1436,155.41,155.42,155.4170,-1.69,0.29,1.00,mixed,-1.32,stressed,-3.39,0,mm,3.46,99.86,99.87,99.8653,-0.27,0.12,0.00,chop,-0.55,normal,0.00,-2936,mm,50.13,25.5,25.52,25.4979,5.19,1.57,0.50,TREND,0.63,stressed,0.47,1500,mm,-1782.95
39.136,69,226.9,-1731.01,-1731.01,4436,-1436,155.41,155.42,155.4170,-1.68,0.29,1.00,mixed,-1.32,stressed,-3.39,0,mm,3.46,99.86,99.87,99.8653,-0.27,0.12,0.00,chop,-0.55,normal,0.00,-2936,mm,50.13,25.5,25.52,25.4980,5.16,1.57,0.50,TREND,0.63,stressed,0.47,1500,mm,-1782.95
39.158,69,226.9,-1731.01,-1731.01,4436,-1436,155.41,155.42,155.4170,-1.68,0.29,1.00,mixed,-1.32,stressed,-3.39,0,mm,3.46,99.86,99.87,99.8653,-0.26,0.12,0.00,chop,-0.55,normal,0.00,-2936,mm,50.13,25.5,25.52,25.4982,5.14,1.57,0.50,TREND,0.63,stressed,0.47,1500,mm,-1782.95
39.185,69,226.9,-1731.01,-1731.01,4436,-1436,155.41,155.42,155.4170,-1.67,0.29,1.00,mixed,-1.32,stressed,-3.39,0,mm,3.46,99.86,99.87,99.8653,-0.26,0.12,0.00,chop,-0.55,normal,0.00,-2936,mm,50.13,25.5,25.52,25.4983,5.11,1.57,0.50,TREND,0.63,stressed,0.47,1500,mm,-1782.95
39.223,69,226.9,-1731.01,-1731.01,4436,-1436,155.41,155.42,155.4169,-1.66,0.29,1.00,mixed,-1.32,stressed,-3.39,0,mm,3.46,99.86,99.87,99.8653,-0.26,0.12,0.00,chop,-0.55,normal,0.00,-2936,mm,50.13,25.5,25.52,25.4985,5.06,1.57,0.48,TREND,0.63,stressed,0.47,1500,mm,-1782.95
39.237,69,226.9,-1731.01,-1731.01,4436,-1436,155.41,155.42,155.4169,-1.65,0.29,1.00,mixed,-1.32,stressed,-3.39,0,mm,3.46,99.86,99.87,99.8652,-0.26,0.12,0.00,chop,-0.55,normal,0.00,-2936,mm,50.13,25.5,25.52,25.4986,5.05,1.57,0.48,TREND,0.63,stressed,0.47,1500,mm,-1782.95
39.269,69,226.9,-1731.01,-1731.01,4436,-1436,155.41,155.42,155.4169,-1.65,0.29,1.00,mixed,-1.30,stressed,-3.39,0,mm,3.46,99.86,99.87,99.8652,-0.26,0.12,0.00,chop,-0.55,normal,0.00,-2936,mm,50.13,25.5,25.52,25.4988,5.01,1.57,0.48,TREND,0.63,stressed,0.47,1500,mm,-1782.95
39.289,69,226.9,-1731.01,-1731.01,4436,-1436,155.41,155.42,155.4169,-1.64,0.29,1.00,mixed,-1.30,stressed,-3.39,0,mm,3.46,99.86,99.87,99.8652,-0.26,0.12,0.00,chop,-0.55,normal,0.00,-2936,mm,50.13,25.5,25.52,25.4989,4.99,1.57,0.48,TREND,0.63,stressed,0.47,1500,mm,-1782.95
39.312,69,226.9,-1731.01,-1731.01,4436,-1436,155.41,155.42,155.4169,-1.63,0.29,1.00,mixed,-1.30,stressed,-3.39,0,mm,3.46,99.86,99.87,99.8652,-0.26,0.12,0.00,chop,-0.55,normal,0.00,-2936,mm,50.13,25.5,25.52,25.4990,4.96,1.57,0.48,TREND,0.63,stressed,0.47,1500,mm,-1782.95
39.339,69,226.9,-1731.01,-1731.01,4436,-1436,155.41,155.42,155.4168,-1.63,0.29,1.00,mixed,-1.30,stressed,-3.39,0,mm,3.46,99.86,99.87,99.8652,-0.26,0.12,0.00,chop,-0.55,normal,0.00,-2936,mm,50.13,25.5,25.52,25.4991,4.93,1.57,0.48,TREND,0.63,stressed,0.47,1500,mm,-1782.95
39.364,69,226.9,-1731.01,-1731.01,4436,-1436,155.41,155.42,155.4168,-1.62,0.29,1.00,mixed,-1.30,stressed,-3.39,0,mm,3.46,99.86,99.87,99.8652,-0.26,0.12,0.00,chop,-0.55,normal,0.00,-2936,mm,50.13,25.5,25.52,25.4993,4.91,1.57,0.48,TREND,0.63,stressed,0.47,1500,mm,-1782.95
39.394,69,226.9,-1731.01,-1731.01,4436,-1436,155.41,155.42,155.4168,-1.61,0.29,1.00,mixed,-1.30,stressed,-3.39,0,mm,3.46,99.86,99.87,99.8652,-0.25,0.12,0.00,chop,-0.55,normal,0.00,-2936,mm,50.13,25.5,25.52,25.4994,4.87,1.57,0.48,TREND,0.63,stressed,0.47,1500,mm,-1782.95
39.416,69,226.9,-1731.01,-1731.01,4436,-1436,155.41,155.42,155.4168,-1.60,0.29,1.00,mixed,-1.30,stressed,-3.39,0,mm,3.46,99.86,99.87,99.8652,-0.25,0.12,0.00,chop,-0.55,normal,0.00,-2936,mm,50.13,25.5,25.52,25.4995,4.85,1.57,0.48,TREND,0.63,stressed,0.47,1500,mm,-1782.95
39.449,69,226.9,-1731.01,-1731.01,4436,-1436,155.41,155.42,155.4167,-1.59,0.29,1.00,mixed,-1.30,stressed,-3.39,0,mm,3.46,99.86,99.87,99.8652,-0.25,0.12,0.00,chop,-0.55,normal,0.00,-2936,mm,50.13,25.5,25.52,25.4997,4.82,1.57,0.48,TREND,0.63,stressed,0.47,1500,mm,-1782.95
39.468,69,226.9,-1731.01,-1731.01,4436,-1436,155.41,155.42,155.4167,-1.59,0.29,1.00,mixed,-1.30,stressed,-3.39,0,mm,3.46,99.86,99.87,99.8652,-0.25,0.12,0.00,chop,-0.55,normal,0.00,-2936,mm,50.13,25.5,25.52,25.4998,4.79,1.57,0.48,TREND,0.63,stressed,0.47,1500,mm,-1782.95
39.502,69,226.9,-1731.01,-1731.01,4436,-1436,155.41,155.42,155.4167,-1.58,0.29,1.00,mixed,-1.30,stressed,-3.39,0,mm,3.46,99.86,99.87,99.8652,-0.25,0.12,0.00,chop,-0.55,normal,0.00,-2936,mm,50.13,25.48,25.51,25.4997,4.72,1.57,0.33,TREND,0.46,stressed,0.47,1500,mm,-1782.95
39.544,69,226.9,-1731.01,-1731.01,4436,-1436,155.41,155.42,155.4167,-1.57,0.27,1.00,mixed,-1.28,stressed,-3.39,0,mm,3.46,99.86,99.87,99.8652,-0.25,0.11,0.00,chop,-0.54,normal,0.00,-2936,mm,50.13,25.48,25.51,25.4996,4.63,1.59,0.33,TREND,0.46,stressed,0.47,1500,mm,-1782.95
39.564,69,226.9,-1731.01,-1731.01,4436,-1436,155.41,155.42,155.4166,-1.56,0.27,1.00,mixed,-1.28,stressed,-3.39,0,mm,3.46,99.86,99.87,99.8652,-0.25,0.11,0.00,chop,-0.54,normal,0.00,-2936,mm,50.13,25.48,25.51,25.4996,4.59,1.59,0.33,TREND,0.46,stressed,0.47,1500,mm,-1782.95
39.592,69,226.9,-1731.01,-1731.01,4436,-1436,155.41,155.42,155.4166,-1.56,0.27,1.00,mixed,-1.28,stressed,-3.39,0,mm,3.46,99.86,99.87,99.8652,-0.25,0.11,0.00,chop,-0.54,normal,0.00,-2936,mm,50.13,25.48,25.51,25.4995,4.53,1.59,0.33,TREND,0.46,stressed,0.47,1500,mm,-1782.95
39.619,69,232.8,-1731.01,-1731.01,4436,-1436,155.41,155.42,155.4166,-1.55,0.27,1.00,mixed,-1.28,stressed,-3.39,0,mm,3.46,99.86,99.87,99.8652,-0.24,0.11,0.00,chop,-0.54,normal,0.00,-2936,mm,50.13,25.48,25.51,25.4995,4.47,1.59,0.33,TREND,0.46,stressed,0.47,1500,mm,-1782.95
39.652,69,232.8,-1731.01,-1731.01,4436,-1436,155.41,155.42,155.4166,-1.54,0.27,1.00,mixed,-1.28,stressed,-3.39,0,mm,3.46,99.86,99.87,99.8652,-0.24,0.11,0.00,chop,-0.54,normal,0.00,-2936,mm,50.13,25.48,25.51,25.4994,4.41,1.59,0.33,TREND,0.46,stressed,0.47,1500,mm,-1782.95
39.668,69,232.8,-1731.01,-1731.01,4436,-1436,155.41,155.42,155.4166,-1.53,0.27,1.00,mixed,-1.28,stressed,-3.39,0,mm,3.46,99.86,99.87,99.8652,-0.24,0.11,0.00,chop,-0.54,normal,0.00,-2936,mm,50.13,25.48,25.51,25.4994,4.37,1.59,0.33,TREND,0.46,stressed,0.47,1500,mm,-1782.95
39.696,69,232.8,-1731.01,-1731.01,4436,-1436,155.41,155.42,155.4166,-1.53,0.27,1.00,mixed,-1.28,stressed,-3.39,0,mm,3.46,99.86,99.87,99.8652,-0.24,0.11,0.00,chop,-0.54,normal,0.00,-2936,mm,50.13,25.48,25.51,25.4993,4.32,1.59,0.33,TREND,0.46,stressed,0.47,1500,mm,-1782.95
39.718,69,232.8,-1731.01,-1731.01,4436,-1436,155.41,155.42,155.4165,-1.52,0.27,1.00,mixed,-1.28,stressed,-3.39,0,mm,3.46,99.86,99.87,99.8652,-0.24,0.11,0.00,chop,-0.54,normal,0.00,-2936,mm,50.13,25.48,25.51,25.4993,4.28,1.59,0.33,TREND,0.46,stressed,0.47,1500,mm,-1782.95
39.796,69,232.8,-1731.01,-1731.01,5936,64,155.41,155.42,155.4165,-1.50,0.27,1.00,mixed,-1.25,stressed,-3.39,0,mm,3.46,99.86,99.87,99.8652,-0.24,0.11,0.00,chop,-0.54,normal,0.00,-2936,mm,50.13,25.49,25.51,25.4993,4.17,1.59,0.44,TREND,0.51,stressed,0.47,3000,mm,-1796.30
39.824,69,232.8,-1731.01,-1731.01,5936,64,155.41,155.42,155.4165,-1.49,0.27,1.00,mixed,-1.25,stressed,-3.39,0,mm,3.46,99.86,99.87,99.8652,-0.24,0.11,0.00,chop,-0.54,normal,0.00,-2936,mm,50.13,25.49,25.51,25.4993,4.13,1.59,0.44,TREND,0.51,stressed,0.47,3000,mm,-1796.30
39.841,69,232.8,-1731.01,-1731.01,5936,64,155.41,155.42,155.4164,-1.49,0.27,1.00,mixed,-1.25,stressed,-3.39,0,mm,3.46,99.86,99.87,99.8652,-0.23,0.11,0.00,chop,-0.54,normal,0.00,-2936,mm,50.13,25.49,25.51,25.4993,4.11,1.59,0.44,TREND,0.51,stressed,0.47,3000,mm,-1796.30
39.874,69,232.8,-1731.01,-1731.01,5936,64,155.41,155.42,155.4164,-1.48,0.27,1.00,mixed,-1.25,stressed,-3.39,0,mm,3.46,99.86,99.87,99.8652,-0.23,0.11,0.00,chop,-0.54,normal,0.00,-2936,mm,50.13,25.49,25.51,25.4993,4.06,1.59,0.44,TREND,0.51,stressed,0.47,3000,mm,-1796.30
39.889,69,232.8,-1731.01,-1731.01,5936,64,155.41,155.42,155.4164,-1.48,0.27,1.00,mixed,-1.25,stressed,-3.39,0,mm,3.46,99.86,99.87,99.8652,-0.23,0.11,0.00,chop,-0.54,normal,0.00,-2936,mm,50.13,25.49,25.51,25.4993,4.05,1.59,0.44,TREND,0.51,stressed,0.47,3000,mm,-1796.30
39.914,69,232.8,-1731.01,-1731.01,5936,64,155.41,155.42,155.4164,-1.47,0.27,1.00,mixed,-1.25,stressed,-3.39,0,mm,3.46,99.86,99.87,99.8652,-0.23,0.11,0.00,chop,-0.54,normal,0.00,-2936,mm,50.13,25.49,25.51,25.4993,4.01,1.59,0.44,TREND,0.51,stressed,0.47,3000,mm,-1796.30
39.938,69,232.8,-1731.01,-1731.01,5936,64,155.41,155.42,155.4164,-1.46,0.27,1.00,mixed,-1.25,stressed,-3.39,0,mm,3.46,99.86,99.87,99.8652,-0.23,0.11,0.00,chop,-0.54,normal,0.00,-2936,mm,50.13,25.49,25.51,25.4993,3.98,1.59,0.44,TREND,0.51,stressed,0.47,3000,mm,-1796.30
39.967,69,232.8,-1731.01,-1731.01,5936,64,155.41,155.42,155.4164,-1.46,0.27,1.00,mixed,-1.25,stressed,-3.39,0,mm,3.46,99.86,99.87,99.8652,-0.23,0.11,0.00,chop,-0.54,normal,0.00,-2936,mm,50.13,25.49,25.51,25.4993,3.95,1.59,0.44,TREND,0.51,stressed,0.47,3000,mm,-1796.30
40.017,69,232.8,-1731.01,-1731.01,5936,64,155.41,155.42,155.4163,-1.44,0.27,1.00,mixed,-1.25,stressed,-3.39,0,mm,3.46,99.86,99.87,99.8652,-0.23,0.11,0.00,chop,-0.54,normal,0.00,-2936,mm,50.13,25.47,25.5,25.4990,3.83,1.59,0.44,TREND,0.51,stressed,0.47,3000,mm,-1796.30
40.068,69,232.8,-1731.01,-1731.01,5936,64,155.41,155.42,155.4163,-1.43,0.26,1.00,mixed,-1.23,stressed,-3.39,0,mm,3.46,99.86,99.87,99.8652,-0.23,0.10,0.00,chop,-0.53,normal,0.00,-2936,mm,50.13,25.47,25.5,25.4987,3.71,1.54,0.33,TREND,0.35,stressed,0.47,3000,mm,-1796.30
40.088,69,232.8,-1731.01,-1731.01,5936,64,155.41,155.42,155.4163,-1.43,0.26,1.00,mixed,-1.23,stressed,-3.39,0,mm,3.46,99.86,99.87,99.8652,-0.22,0.10,0.00,chop,-0.53,normal,0.00,-2936,mm,50.13,25.47,25.5,25.4985,3.66,1.54,0.33,TREND,0.35,stressed,0.47,3000,mm,-1796.30
40.112,69,232.8,-1731.01,-1731.01,5936,64,155.41,155.42,155.4163,-1.42,0.26,1.00,mixed,-1.23,stressed,-3.39,0,mm,3.46,99.86,99.87,99.8652,-0.22,0.10,0.00,chop,-0.53,normal,0.00,-2936,mm,50.13,25.47,25.5,25.4984,3.61,1.54,0.33,TREND,0.35,stressed,0.47,3000,mm,-1796.30
40.146,70,226.5,-1742.71,-1742.71,5936,64,155.41,155.42,155.4163,-1.41,0.26,1.00,mixed,-1.23,stressed,-3.04,0,mm,3.46,99.86,99.87,99.8652,-0.22,0.10,0.00,chop,-0.53,normal,0.00,-2936,mm,50.13,25.47,25.5,25.4982,3.54,1.54,0.33,TREND,0.35,stressed,0.41,3000,mm,-1796.30
40.167,70,226.5,-1742.71,-1742.71,5936,64,155.41,155.42,155.4162,-1.41,0.26,1.00,mixed,-1.23,stressed,-3.04,0,mm,3.46,99.86,99.87,99.8652,-0.22,0.10,0.00,chop,-0.53,normal,0.00,-2936,mm,50.13,25.47,25.5,25.4980,3.49,1.54,0.33,TREND,0.35,stressed,0.41,3000,mm,-1796.30
40.195,70,226.5,-1742.71,-1742.71,5936,64,155.41,155.42,155.4162,-1.40,0.26,1.00,mixed,-1.23,stressed,-3.04,0,mm,3.46,99.86,99.87,99.8652,-0.22,0.10,0.00,chop,-0.53,normal,0.00,-2936,mm,50.13,25.47,25.5,25.4979,3.43,1.54,0.33,TREND,0.35,stressed,0.41,3000,mm,-1796.30
40.224,70,226.5,-1742.71,-1742.71,5936,64,155.41,155.42,155.4162,-1.39,0.26,1.00,mixed,-1.23,stressed,-3.04,0,mm,3.46,99.86,99.87,99.8652,-0.22,0.10,0.00,chop,-0.53,normal,0.00,-2936,mm,50.13,25.47,25.5,25.4977,3.38,1.54,0.33,TREND,0.35,stressed,0.41,3000,mm,-1796.30
40.270,70,226.5,-1742.71,-1742.71,5936,64,155.41,155.42,155.4162,-1.38,0.26,1.00,mixed,-1.23,stressed,-3.04,0,mm,3.46,99.86,99.87,99.8652,-0.22,0.10,0.00,chop,-0.53,normal,0.00,-2936,mm,50.13,25.47,25.49,25.4973,3.27,1.54,0.33,TREND,0.35,stressed,0.41,3000,mm,-1826.30
40.313,70,226.5,-1742.71,-1742.71,5936,64,155.41,155.42,155.4162,-1.37,0.26,1.00,mixed,-1.23,stressed,-3.04,0,mm,3.46,99.86,99.87,99.8651,-0.22,0.10,0.00,chop,-0.53,normal,0.00,-2936,mm,50.13,25.47,25.49,25.4970,3.17,1.54,0.33,TREND,0.35,stressed,0.41,3000,mm,-1826.30
40.333,70,226.5,-1742.71,-1742.71,5936,64,155.41,155.42,155.4161,-1.37,0.26,1.00,mixed,-1.21,stressed,-3.04,0,mm,3.46,99.86,99.87,99.8651,-0.22,0.10,0.00,chop,-0.53,normal,0.00,-2936,mm,50.13,25.47,25.49,25.4968,3.13,1.54,0.16,chop,0.29,stressed,0.41,3000,mm,-1826.30
40.359,70,226.5,-1742.71,-1742.71,5936,64,155.41,155.42,155.4161,-1.36,0.26,1.00,mixed,-1.21,stressed,-3.04,0,mm,3.46,99.86,99.87,99.8651,-0.21,0.10,0.00,chop,-0.53,normal,0.00,-2936,mm,50.13,25.47,25.49,25.4966,3.07,1.54,0.16,chop,0.29,stressed,0.41,3000,mm,-1826.30
40.385,70,226.5,-1742.71,-1742.71,5936,64,155.41,155.42,155.4161,-1.35,0.26,1.00,mixed,-1.21,stressed,-3.04,0,mm,3.46,99.86,99.87,99.8651,-0.21,0.10,0.00,chop,-0.53,normal,0.00,-2936,mm,50.13,25.47,25.49,25.4964,3.02,1.54,0.16,chop,0.29,stressed,0.41,3000,mm,-1826.30
40.410,70,226.5,-1742.71,-1742.71,5936,64,155.41,155.42,155.4161,-1.35,0.26,1.00,mixed,-1.21,stressed,-3.04,0,mm,3.46,99.86,99.87,99.8651,-0.21,0.10,0.00,chop,-0.53,normal,0.00,-2936,mm,50.13,25.47,25.49,25.4962,2.97,1.54,0.16,chop,0.29,stressed,0.41,3000,mm,-1826.30
40.436,70,226.5,-1742.71,-1742.71,5936,64,155.41,155.42,155.4161,-1.34,0.26,1.00,mixed,-1.21,stressed,-3.04,0,mm,3.46,99.86,99.87,99.8651,-0.21,0.10,0.00,chop,-0.53,normal,0.00,-2936,mm,50.13,25.47,25.49,25.4960,2.92,1.54,0.16,chop,0.29,stressed,0.41,3000,mm,-1826.30
40.469,70,226.5,-1742.71,-1742.71,5936,64,155.41,155.42,155.4161,-1.33,0.26,1.00,mixed,-1.21,stressed,-3.04,0,mm,3.46,99.86,99.87,99.8651,-0.21,0.10,0.00,chop,-0.53,normal,0.00,-2936,mm,50.13,25.47,25.49,25.4958,2.85,1.54,0.16,chop,0.29,stressed,0.41,3000,mm,-1826.30
40.504,70,226.5,-1742.71,-1742.71,5936,64,155.4,155.41,155.4159,-1.35,0.26,1.00,mixed,-1.21,stressed,-3.04,0,mm,3.46,99.86,99.87,99.8651,-0.21,0.10,0.00,chop,-0.53,normal,0.00,-2936,mm,50.13,25.47,25.48,25.4954,2.77,1.54,0.16,chop,0.29,stressed,0.41,3000,mm,-1856.30
40.551,70,226.5,-1742.71,-1742.71,5936,64,155.4,155.41,155.4157,-1.38,0.26,1.00,mixed,-1.21,stressed,-3.04,0,mm,3.46,99.86,99.87,99.8651,-0.21,0.10,0.00,chop,-0.53,normal,0.00,-2936,mm,50.13,25.47,25.48,25.4950,2.67,1.54,0.16,chop,0.29,stressed,0.41,3000,mm,-1856.30
40.571,70,226.5,-1742.71,-1742.71,5936,64,155.4,155.41,155.4156,-1.39,0.31,1.00,mixed,-1.21,stressed,-3.04,0,mm,3.46,99.86,99.87,99.8651,-0.21,0.10,0.00,chop,-0.53,normal,0.00,-2936,mm,50.13,25.47,25.48,25.4948,2.63,1.49,0.16,chop,0.29,stressed,0.41,3000,mm,-1856.30
40.597,70,226.5,-1742.71,-1742.71,5936,64,155.4,155.41,155.4154,-1.40,0.31,1.00,mixed,-1.50,stressed,-3.04,0,mm,3.46,99.86,99.87,99.8651,-0.21,0.10,0.00,chop,-0.53,normal,0.00,-2936,mm,50.13,25.47,25.48,25.4945,2.58,1.49,0.26,mixed,0.21,normal,0.41,3000,mm,-1856.30
40.623,70,226.5,-1742.71,-1742.71,5936,64,155.4,155.41,155.4153,-1.41,0.31,1.00,mixed,-1.50,stressed,-3.04,0,mm,3.46,99.86,99.87,99.8651,-0.20,0.10,0.00,chop,-0.53,normal,0.00,-2936,mm,50.13,25.47,25.48,25.4943,2.52,1.49,0.26,mixed,0.21,normal,0.41,3000,mm,-1856.30
40.652,70,232.1,-1742.71,-1742.71,5936,64,155.4,155.41,155.4152,-1.43,0.31,1.00,mixed,-1.50,stressed,-3.04,0,mm,3.46,99.86,99.87,99.8651,-0.20,0.10,0.00,chop,-0.53,normal,0.00,-2936,mm,50.13,25.47,25.48,25.4940,2.46,1.49,0.26,mixed,0.21,normal,0.41,3000,mm,-1856.30
40.676,70,232.1,-1742.71,-1742.71,5936,64,155.4,155.41,155.4150,-1.44,0.31,1.00,mixed,-1.50,stressed,-3.04,0,mm,3.46,99.86,99.87,99.8651,-0.20,0.10,0.00,chop,-0.53,normal,0.00,-2936,mm,50.13,25.47,25.48,25.4938,2.42,1.49,0.26,mixed,0.21,normal,0.41,3000,mm,-1856.30
40.701,70,232.1,-1742.71,-1742.71,5936,64,155.4,155.41,155.4149,-1.45,0.31,1.00,mixed,-1.50,stressed,-3.04,0,mm,3.46,99.86,99.87,99.8651,-0.20,0.10,0.00,chop,-0.53,normal,0.00,-2936,mm,50.13,25.47,25.48,25.4936,2.37,1.49,0.26,mixed,0.21,normal,0.41,3000,mm,-1856.30
40.728,70,232.1,-1742.71,-1742.71,5936,64,155.4,155.41,155.4148,-1.46,0.31,1.00,mixed,-1.50,stressed,-3.04,0,mm,3.46,99.86,99.87,99.8651,-0.20,0.10,0.00,chop,-0.53,normal,0.00,-2936,mm,50.13,25.47,25.48,25.4934,2.32,1.49,0.26,mixed,0.21,normal,0.41,3000,mm,-1856.30
40.812,70,232.1,-1742.71,-1742.71,5936,64,155.39,155.41,155.4142,-1.52,0.31,1.00,mixed,-1.50,stressed,-3.04,0,mm,3.46,99.86,99.87,99.8651,-0.20,0.10,0.00,chop,-0.53,normal,0.00,-2936,mm,50.13,25.45,25.48,25.4923,2.11,1.49,0.26,mixed,0.21,normal,0.41,3000,mm,-1916.30
40.851,70,232.1,-1742.71,-1742.71,5936,64,155.39,155.41,155.4140,-1.55,0.31,1.00,mixed,-1.62,stressed,-3.04,0,mm,3.46,99.86,99.87,99.8651,-0.20,0.10,0.00,chop,-0.52,normal,0.00,-2936,mm,50.13,25.45,25.48,25.4918,2.02,1.49,0.19,chop,0.10,normal,0.41,3000,mm,-1916.30
40.878,70,232.1,-1742.71,-1742.71,5936,64,155.39,155.41,155.4138,-1.56,0.31,1.00,mixed,-1.62,stressed,-3.04,0,mm,3.46,99.86,99.87,99.8651,-0.20,0.10,0.00,chop,-0.52,normal,0.00,-2936,mm,50.13,25.45,25.48,25.4914,1.95,1.49,0.19,chop,0.10,normal,0.41,3000,mm,-1916.30
40.898,70,232.1,-1742.71,-1742.71,5936,64,155.39,155.41,155.4137,-1.58,0.31,1.00,mixed,-1.62,stressed,-3.04,0,mm,3.46,99.86,99.87,99.8651,-0.19,0.10,0.00,chop,-0.52,normal,0.00,-2936,mm,50.13,25.45,25.48,25.4912,1.91,1.49,0.19,chop,0.10,normal,0.41,3000,mm,-1916.30
40.921,70,232.1,-1742.71,-1742.71,5936,64,155.39,155.41,155.4135,-1.59,0.31,1.00,mixed,-1.62,stressed,-3.04,0,mm,3.46,99.86,99.87,99.8651,-0.19,0.10,0.00,chop,-0.52,normal,0.00,-2936,mm,50.13,25.45,25.48,25.4909,1.86,1.49,0.19,chop,0.10,normal,0.41,3000,mm,-1916.30
40.949,70,232.1,-1742.71,-1742.71,5936,64,155.39,155.41,155.4133,-1.61,0.31,1.00,mixed,-1.62,stressed,-3.04,0,mm,3.46,99.86,99.87,99.8651,-0.19,0.10,0.00,chop,-0.52,normal,0.00,-2936,mm,50.13,25.45,25.48,25.4906,1.80,1.49,0.19,chop,0.10,normal,0.41,3000,mm,-1916.30
40.976,70,232.1,-1742.71,-1742.71,5936,64,155.39,155.41,155.4132,-1.62,0.31,1.00,mixed,-1.62,stressed,-3.04,0,mm,3.46,99.86,99.87,99.8651,-0.19,0.10,0.00,chop,-0.52,normal,0.00,-2936,mm,50.13,25.45,25.48,25.4902,1.74,1.49,0.19,chop,0.10,normal,0.41,3000,mm,-1916.30
41.037,70,232.1,-1742.71,-1742.71,6436,564,155.39,155.4,155.4127,-1.68,0.31,1.00,mixed,-1.62,stressed,-3.04,0,mm,3.46,99.86,99.87,99.8651,-0.19,0.10,0.00,chop,-0.52,normal,0.00,-2936,mm,50.13,25.46,25.47,25.4895,1.62,1.49,0.19,chop,0.10,normal,0.41,3500,mm,-1880.75
41.080,70,232.1,-1742.71,-1742.71,6436,564,155.39,155.4,155.4123,-1.71,0.35,1.00,mixed,-1.62,stressed,-3.04,0,mm,3.46,99.86,99.87,99.8651,-0.19,0.09,0.00,chop,-0.52,normal,0.00,-2936,mm,50.13,25.46,25.47,25.4890,1.54,1.43,0.19,chop,0.10,normal,0.41,3500,mm,-1880.75
41.102,70,232.1,-1742.71,-1742.71,6436,564,155.39,155.4,155.4121,-1.73,0.35,1.00,mixed,-1.73,stressed,-3.04,0,mm,3.46,99.86,99.87,99.8651,-0.19,0.09,0.00,chop,-0.52,normal,0.00,-2936,mm,50.13,25.46,25.47,25.4888,1.50,1.43,0.17,chop,0.10,normal,0.41,3500,mm,-1880.75
41.128,70,232.1,-1742.71,-1742.71,6436,564,155.39,155.4,155.4119,-1.75,0.35,1.00,mixed,-1.73,stressed,-3.04,0,mm,3.46,99.86,99.87,99.8651,-0.19,0.09,0.00,chop,-0.52,normal,0.00,-2936,mm,50.13,25.46,25.47,25.4885,1.46,1.43,0.17,chop,0.10,normal,0.41,3500,mm,-1880.75
41.159,71,225.8,-1862.71,-1862.71,6436,564,155.39,155.4,155.4117,-1.77,0.35,1.00,mixed,-1.73,stressed,-3.21,0,mm,3.46,99.86,99.87,99.8651,-0.19,0.09,0.00,chop,-0.52,normal,0.00,-2936,mm,50.13,25.46,25.47,25.4882,1.40,1.43,0.17,chop,0.10,normal,0.35,3500,mm,-1880.75
41.179,71,225.8,-1862.71,-1862.71,6436,564,155.39,155.4,155.4115,-1.79,0.35,1.00,mixed,-1.73,stressed,-3.21,0,mm,3.46,99.86,99.87,99.8651,-0.19,0.09,0.00,chop,-0.52,normal,0.00,-2936,mm,50.13,25.46,25.47,25.4879,1.37,1.43,0.17,chop,0.10,normal,0.35,3500,mm,-1880.75
41.205,71,225.8,-1862.71,-1862.71,6436,564,155.39,155.4,155.4113,-1.80,0.35,1.00,mixed,-1.73,stressed,-3.21,0,mm,3.46,99.86,99.87,99.8651,-0.18,0.09,0.00,chop,-0.52,normal,0.00,-2936,mm,50.13,25.46,25.47,25.4877,1.33,1.43,0.17,chop,0.10,normal,0.35,3500,mm,-1880.75
41.230,71,225.8,-1862.71,-1862.71,6436,564,155.39,155.4,155.4111,-1.82,0.35,1.00,mixed,-1.73,stressed,-3.21,0,mm,3.46,99.86,99.87,99.8651,-0.18,0.09,0.00,chop,-0.52,normal,0.00,-2936,mm,50.13,25.46,25.47,25.4874,1.29,1.43,0.17,chop,0.10,normal,0.35,3500,mm,-1880.75
41.279,71,225.8,-1862.71,-1862.71,6436,564,155.38,155.4,155.4106,-1.87,0.35,1.00,mixed,-1.73,stressed,-3.21,0,mm,3.46,99.86,99.87,99.8651,-0.18,0.09,0.00,chop,-0.52,normal,0.00,-2936,mm,50.13,25.46,25.47,25.4869,1.21,1.43,0.17,chop,0.10,normal,0.35,3500,mm,-1880.75
41.300,71,225.8,-1862.71,-1862.71,6436,564,155.38,155.4,155.4104,-1.89,0.35,1.00,mixed,-1.73,stressed,-3.21,0,mm,3.46,99.86,99.87,99.8651,-0.18,0.09,0.00,chop,-0.52,normal,0.00,-2936,mm,50.13,25.46,25.47,25.4867,1.18,1.43,0.17,chop,0.10,normal,0.35,3500,mm,-1880.75
41.317,71,225.8,-1862.71,-1862.71,6436,564,155.38,155.4,155.4103,-1.90,0.35,1.00,mixed,-1.73,stressed,-3.21,0,mm,3.46,99.86,99.87,99.8651,-0.18,0.09,0.00,chop,-0.52,normal,0.00,-2936,mm,50.13,25.46,25.47,25.4865,1.16,1.43,0.17,chop,0.10,normal,0.35,3500,mm,-1880.75
41.350,71,225.8,-1862.71,-1862.71,6436,564,155.38,155.4,155.4100,-1.93,0.35,1.00,mixed,-1.73,stressed,-3.21,0,mm,3.46,99.86,99.87,99.8651,-0.18,0.09,0.00,chop,-0.52,normal,0.00,-2936,mm,50.13,25.46,25.47,25.4862,1.11,1.43,0.17,chop,0.10,normal,0.35,3500,mm,-1880.75
41.365,71,225.8,-1862.71,-1862.71,6436,564,155.38,155.4,155.4098,-1.95,0.35,1.00,mixed,-1.82,stressed,-3.21,0,mm,3.46,99.86,99.87,99.8651,-0.18,0.09,0.00,chop,-0.52,normal,0.00,-2936,mm,50.13,25.46,25.47,25.4860,1.09,1.43,0.17,chop,0.06,normal,0.35,3500,mm,-1880.75
41.392,71,225.8,-1862.71,-1862.71,6436,564,155.38,155.4,155.4096,-1.97,0.35,1.00,mixed,-1.82,stressed,-3.21,0,mm,3.46,99.86,99.87,99.8651,-0.18,0.09,0.00,chop,-0.52,normal,0.00,-2936,mm,50.13,25.46,25.47,25.4857,1.05,1.43,0.17,chop,0.06,normal,0.35,3500,mm,-1880.75
41.416,71,225.8,-1862.71,-1862.71,6436,564,155.38,155.4,155.4093,-1.99,0.35,1.00,mixed,-1.82,stressed,-3.21,0,mm,3.46,99.86,99.87,99.8651,-0.18,0.09,0.00,chop,-0.52,normal,0.00,-2936,mm,50.13,25.46,25.47,25.4855,1.02,1.43,0.17,chop,0.06,normal,0.35,3500,mm,-1880.75
41.443,71,225.8,-1862.71,-1862.71,6436,564,155.38,155.4,155.4091,-2.01,0.35,1.00,mixed,-1.82,stressed,-3.21,0,mm,3.46,99.86,99.87,99.8651,-0.18,0.09,0.00,chop,-0.52,normal,0.00,-2936,mm,50.13,25.46,25.47,25.4852,0.99,1.43,0.17,chop,0.06,normal,0.35,3500,mm,-1880.75
41.469,71,225.8,-1862.71,-1862.71,6436,564,155.38,155.4,155.4089,-2.03,0.35,1.00,mixed,-1.82,stressed,-3.21,0,mm,3.46,99.86,99.87,99.8651,-0.18,0.09,0.00,chop,-0.52,normal,0.00,-2936,mm,50.13,25.46,25.47,25.4850,0.96,1.43,0.17,chop,0.06,normal,0.35,3500,mm,-1880.75
41.535,71,225.8,-1862.71,-1862.71,6836,964,155.38,155.39,155.4081,-2.10,0.35,1.00,mixed,-1.82,stressed,-3.21,0,mm,3.46,99.86,99.87,99.8651,-0.17,0.09,0.00,chop,-0.52,normal,0.00,-2936,mm,50.13,25.4,25.47,25.4835,0.72,1.43,0.17,chop,0.06,normal,0.35,3900,mm,-2028.31
41.609,71,225.8,-1862.71,-1862.71,6836,964,155.38,155.39,155.4073,-2.17,0.38,1.00,mixed,-1.82,stressed,-3.21,0,mm,3.46,99.86,99.87,99.8651,-0.17,0.08,0.00,chop,-0.52,normal,0.00,-2936,mm,50.13,25.4,25.47,25.4818,0.48,1.55,0.17,chop,0.06,normal,0.35,3900,mm,-2028.31
41.632,71,225.8,-1862.71,-1862.71,6836,964,155.38,155.39,155.4071,-2.19,0.38,1.00,mixed,-1.90,stressed,-3.21,0,mm,3.46,99.86,99.87,99.8651,-0.17,0.08,0.00,chop,-0.52,normal,0.00,-2936,mm,50.13,25.4,25.47,25.4813,0.41,1.55,0.00,chop,-0.31,normal,0.35,3900,mm,-2028.31
41.663,71,231.1,-1862.71,-1862.71,6836,964,155.38,155.39,155.4068,-2.22,0.38,1.00,mixed,-1.90,stressed,-3.21,0,mm,3.46,99.86,99.87,99.8651,-0.17,0.08,0.00,chop,-0.52,normal,0.00,-2936,mm,50.13,25.4,25.47,25.4806,0.31,1.55,0.00,chop,-0.31,normal,0.35,3900,mm,-2028.31
41.683,71,231.1,-1862.71,-1862.71,6836,964,155.38,155.39,155.4066,-2.23,0.38,1.00,mixed,-1.90,stressed,-3.21,0,mm,3.46,99.86,99.87,99.8651,-0.17,0.08,0.00,chop,-0.52,normal,0.00,-2936,mm,50.13,25.4,25.47,25.4802,0.25,1.55,0.00,chop,-0.31,normal,0.35,3900,mm,-2028.31
41.709,71,231.1,-1862.71,-1862.71,6836,964,155.38,155.39,155.4063,-2.25,0.38,1.00,mixed,-1.90,stressed,-3.21,0,mm,3.46,99.86,99.87,99.8651,-0.17,0.08,0.00,chop,-0.52,normal,0.00,-2936,mm,50.13,25.4,25.47,25.4796,0.18,1.55,0.00,chop,-0.31,normal,0.35,3900,mm,-2028.31
41.736,71,231.1,-1862.71,-1862.71,6836,964,155.38,155.39,155.4060,-2.27,0.38,1.00,mixed,-1.90,stressed,-3.21,0,mm,3.46,99.86,99.87,99.8651,-0.17,0.08,0.00,chop,-0.52,normal,0.00,-2936,mm,50.13,25.4,25.47,25.4791,0.10,1.55,0.00,chop,-0.31,normal,0.35,3900,mm,-2028.31
41.786,71,231.1,-1862.71,-1862.71,2936,-2936,155.38,155.39,155.4055,-2.31,0.38,1.00,mixed,-1.90,stressed,-3.21,0,mm,3.46,99.86,99.87,99.8651,-0.17,0.08,0.00,chop,-0.52,normal,0.00,-2936,mm,50.13,25.39,25.46,25.4778,-0.07,1.55,0.00,chop,-0.31,normal,0.35,0,mm,-2089.16
41.828,71,231.1,-1862.71,-1862.71,2936,-2936,155.38,155.39,155.4051,-2.34,0.38,1.00,mixed,-1.90,stressed,-3.21,0,mm,3.46,99.86,99.87,99.8651,-0.17,0.08,0.00,chop,-0.52,normal,0.00,-2936,mm,50.13,25.39,25.46,25.4768,-0.20,1.55,0.00,chop,-0.31,normal,0.35,0,mm,-2089.16
41.860,71,231.1,-1862.71,-1862.71,2936,-2936,155.38,155.39,155.4048,-2.36,0.38,1.00,mixed,-1.90,stressed,-3.21,0,mm,3.46,99.86,99.87,99.8651,-0.16,0.08,0.00,chop,-0.52,normal,0.00,-2936,mm,50.13,25.39,25.46,25.4760,-0.30,1.55,0.00,chop,-0.31,normal,0.35,0,mm,-2089.16
41.881,71,231.1,-1862.71,-1862.71,2936,-2936,155.38,155.39,155.4046,-2.37,0.38,1.00,mixed,-1.90,stressed,-3.21,0,mm,3.46,99.86,99.87,99.8651,-0.16,0.08,0.00,chop,-0.52,normal,0.00,-2936,mm,50.13,25.39,25.46,25.4755,-0.37,1.55,0.00,chop,-0.31,normal,0.35,0,mm,-2089.16
41.900,71,231.1,-1862.71,-1862.71,2936,-2936,155.38,155.39,155.4045,-2.38,0.38,1.00,mixed,-1.85,stressed,-3.21,0,mm,3.46,99.86,99.87,99.8651,-0.16,0.08,0.00,chop,-0.52,normal,0.00,-2936,mm,50.13,25.39,25.46,25.4751,-0.42,1.55,0.05,chop,-0.42,normal,0.35,0,mm,-2089.16
41.925,71,231.1,-1862.71,-1862.71,2936,-2936,155.38,155.39,155.4042,-2.39,0.38,1.00,mixed,-1.85,stressed,-3.21,0,mm,3.46,99.86,99.87,99.8651,-0.16,0.08,0.00,chop,-0.52,normal,0.00,-2936,mm,50.13,25.39,25.46,25.4745,-0.50,1.55,0.05,chop,-0.42,normal,0.35,0,mm,-2089.16
41.952,71,231.1,-1862.71,-1862.71,2936,-2936,155.38,155.39,155.4040,-2.41,0.38,1.00,mixed,-1.85,stressed,-3.21,0,mm,3.46,99.86,99.87,99.8651,-0.16,0.08,0.00,chop,-0.52,normal,0.00,-2936,mm,50.13,25.39,25.46,25.4739,-0.57,1.55,0.05,chop,-0.42,normal,0.35,0,mm,-2089.16
41.978,71,231.1,-1862.71,-1862.71,2936,-2936,155.38,155.39,155.4038,-2.42,0.38,1.00,mixed,-1.85,stressed,-3.21,0,mm,3.46,99.86,99.87,99.8651,-0.16,0.08,0.00,chop,-0.52,normal,0.00,-2936,mm,50.13,25.39,25.46,25.4733,-0.64,1.55,0.05,chop,-0.42,normal,0.35,0,mm,-2089.16
42.021,71,231.1,-1862.71,-1862.71,2936,-2936,155.38,155.39,155.4034,-2.44,0.38,1.00,mixed,-1.85,stressed,-3.21,0,mm,3.46,99.86,99.87,99.8651,-0.16,0.08,0.00,chop,-0.52,normal,0.00,-2936,mm,50.13,25.4,25.44,25.4722,-0.77,1.55,0.05,chop,-0.42,normal,0.35,0,mm,-2089.16
42.061,71,231.1,-1862.71,-1862.71,2936,-2936,155.38,155.39,155.4031,-2.45,0.38,1.00,mixed,-1.85,stressed,-3.21,0,mm,3.46,99.86,99.87,99.8651,-0.16,0.08,0.00,chop,-0.52,normal,0.00,-2936,mm,50.13,25.4,25.44,25.4712,-0.88,1.55,0.05,chop,-0.42,normal,0.35,0,mm,-2089.16
42.085,71,231.1,-1862.71,-1862.71,2936,-2936,155.38,155.39,155.4029,-2.46,0.38,1.00,mixed,-1.85,stressed,-3.21,0,mm,3.46,99.86,99.87,99.8651,-0.16,0.08,0.00,chop,-0.52,normal,0.00,-2936,mm,50.13,25.4,25.44,25.4707,-0.95,1.55,0.05,chop,-0.42,normal,0.35,0,mm,-2089.16
42.111,71,231.1,-1862.71,-1862.71,2936,-2936,155.38,155.39,155.4026,-2.47,0.37,1.00,mixed,-1.85,stressed,-3.21,0,mm,3.46,99.86,99.87,99.8651,-0.16,0.07,0.00,chop,-0.52,normal,0.00,-2936,mm,50.13,25.4,25.44,25.4701,-1.02,1.50,0.05,chop,-0.42,normal,0.35,0,mm,-2089.16
42.129,71,231.1,-1862.71,-1862.71,2936,-2936,155.38,155.39,155.4025,-2.48,0.37,1.00,mixed,-1.85,stressed,-3.21,0,mm,3.46,99.86,99.87,99.8651,-0.16,0.07,0.00,chop,-0.52,normal,0.00,-2936,mm,50.13,25.4,25.44,25.4696,-1.06,1.50,0.05,chop,-0.42,normal,0.35,0,mm,-2089.16
42.156,71,231.1,-1862.71,-1862.71,2936,-2936,155.38,155.39,155.4023,-2.49,0.37,1.00,mixed,-1.79,stressed,-3.21,0,mm,3.46,99.86,99.87,99.8651,-0.16,0.07,0.00,chop,-0.52,normal,0.00,-2936,mm,50.13,25.4,25.44,25.4690,-1.13,1.50,0.20,chop,-0.50,normal,0.35,0,mm,-2089.16
42.184,72,225.2,-2035.57,-2035.57,2936,-2936,155.38,155.39,155.4020,-2.50,0.37,1.00,mixed,-1.79,stressed,-3.56,0,mm,3.46,99.86,99.87,99.8651,-0.15,0.07,0.00,chop,-0.52,normal,0.00,-2936,mm,50.13,25.4,25.44,25.4683,-1.20,1.50,0.20,chop,-0.50,normal,0.23,0,mm,-2089.16
42.206,72,225.2,-2035.57,-2035.57,2936,-2936,155.38,155.39,155.4019,-2.50,0.37,1.00,mixed,-1.79,stressed,-3.56,0,mm,3.46,99.86,99.87,99.8651,-0.15,0.07,0.00,chop,-0.52,normal,0.00,-2936,mm,50.13,25.4,25.44,25.4678,-1.25,1.50,0.20,chop,-0.50,normal,0.23,0,mm,-2089.16
42.233,72,225.2,-2035.57,-2035.57,2936,-2936,155.38,155.39,155.4016,-2.51,0.37,1.00,mixed,-1.79,stressed,-3.56,0,mm,3.46,99.86,99.87,99.8651,-0.15,0.07,0.00,chop,-0.52,normal,0.00,-2936,mm,50.13,25.4,25.44,25.4672,-1.31,1.50,0.20,chop,-0.50,normal,0.23,0,mm,-2089.16
42.258,72,225.2,-2035.57,-2035.57,2936,-2936,155.38,155.39,155.4014,-2.51,0.37,1.00,mixed,-1.79,stressed,-3.56,0,mm,3.46,99.86,99.87,99.8651,-0.15,0.07,0.00,chop,-0.52,normal,0.00,-2936,mm,50.13,25.4,25.44,25.4667,-1.37,1.50,0.20,chop,-0.50,normal,0.23,0,mm,-2089.16
42.298,72,225.2,-2035.57,-2035.57,2936,-2936,155.38,155.39,155.4011,-2.52,0.37,1.00,mixed,-1.79,stressed,-3.56,0,mm,3.46,99.86,99.87,99.8651,-0.15,0.07,0.00,chop,-0.52,normal,0.00,-2936,mm,50.13,25.4,25.43,25.4657,-1.47,1.50,0.20,chop,-0.50,normal,0.23,0,mm,-2089.16
42.323,72,225.2,-2035.57,-2035.57,2936,-2936,155.38,155.39,155.4010,-2.53,0.37,1.00,mixed,-1.79,stressed,-3.56,0,mm,3.46,99.86,99.87,99.8651,-0.15,0.07,0.00,chop,-0.52,normal,0.00,-2936,mm,50.13,25.4,25.43,25.4651,-1.53,1.50,0.20,chop,-0.50,normal,0.23,0,mm,-2089.16
42.349,72,225.2,-2035.57,-2035.57,2936,-2936,155.38,155.39,155.4008,-2.53,0.37,1.00,mixed,-1.79,stressed,-3.56,0,mm,3.46,99.86,99.87,99.8651,-0.15,0.07,0.00,chop,-0.52,normal,0.00,-2936,mm,50.13,25.4,25.43,25.4645,-1.59,1.50,0.20,chop,-0.50,normal,0.23,0,mm,-2089.16
42.376,72,225.2,-2035.57,-2035.57,2936,-2936,155.38,155.39,155.4006,-2.54,0.37,1.00,mixed,-1.79,stressed,-3.56,0,mm,3.46,99.86,99.87,99.8651,-0.15,0.07,0.00,chop,-0.52,normal,0.00,-2936,mm,50.13,25.4,25.43,25.4639,-1.65,1.50,0.20,chop,-0.50,normal,0.23,0,mm,-2089.16
42.397,72,225.2,-2035.57,-2035.57,2936,-2936,155.38,155.39,155.4004,-2.54,0.37,1.00,mixed,-1.79,stressed,-3.56,0,mm,3.46,99.86,99.87,99.8651,-0.15,0.07,0.00,chop,-0.52,normal,0.00,-2936,mm,50.13,25.4,25.43,25.4634,-1.69,1.50,0.20,chop,-0.50,normal,0.23,0,mm,-2089.16
42.425,72,225.2,-2035.57,-2035.57,2936,-2936,155.38,155.39,155.4002,-2.54,0.37,1.00,mixed,-1.73,stressed,-3.56,0,mm,3.46,99.86,99.87,99.8651,-0.15,0.07,0.00,chop,-0.52,normal,0.00,-2936,mm,50.13,25.4,25.43,25.4627,-1.75,1.50,0.25,mixed,-0.60,normal,0.23,0,mm,-2089.16
42.449,72,225.2,-2035.57,-2035.57,2936,-2936,155.38,155.39,155.4000,-2.55,0.37,1.00,mixed,-1.73,stressed,-3.56,0,mm,3.46,99.86,99.87,99.8651,-0.15,0.07,0.00,chop,-0.52,normal,0.00,-2936,mm,50.13,25.4,25.43,25.4622,-1.80,1.50,0.25,mixed,-0.60,normal,0.23,0,mm,-2089.16
42.474,72,225.2,-2035.57,-2035.57,2936,-2936,155.38,155.39,155.3998,-2.55,0.37,1.00,mixed,-1.73,stressed,-3.56,0,mm,3.46,99.86,99.87,99.8651,-0.15,0.07,0.00,chop,-0.52,normal,0.00,-2936,mm,50.13,25.4,25.43,25.4616,-1.85,1.50,0.25,mixed,-0.60,normal,0.23,0,mm,-2089.16
42.501,72,225.2,-2035.57,-2035.57,2936,-2936,155.38,155.39,155.3997,-2.55,0.37,1.00,mixed,-1.73,stressed,-3.56,0,mm,3.46,99.86,99.87,99.8651,-0.15,0.07,0.00,chop,-0.52,normal,0.00,-2936,mm,50.13,25.4,25.43,25.4611,-1.90,1.50,0.25,mixed,-0.60,normal,0.23,0,mm,-2089.16
42.539,72,225.2,-2035.57,-2035.57,2936,-2936,155.38,155.39,155.3994,-2.55,0.37,1.00,mixed,-1.73,stressed,-3.56,0,mm,3.46,99.86,99.87,99.8651,-0.15,0.07,0.00,chop,-0.52,normal,0.00,-2936,mm,50.13,25.41,25.42,25.4602,-1.97,1.50,0.25,mixed,-0.60,normal,0.23,0,mm,-2089.16
42.576,72,225.2,-2035.57,-2035.57,2936,-2936,155.38,155.39,155.3991,-2.55,0.37,1.00,mixed,-1.73,stressed,-3.56,0,mm,3.46,99.86,99.87,99.8651,-0.14,0.07,0.00,chop,-0.52,normal,0.00,-2936,mm,50.13,25.41,25.42,25.4594,-2.03,1.50,0.25,mixed,-0.60,normal,0.23,0,mm,-2089.16
42.599,72,225.2,-2035.57,-2035.57,2936,-2936,155.38,155.39,155.3990,-2.55,0.37,1.00,mixed,-1.73,stressed,-3.56,0,mm,3.46,99.86,99.87,99.8651,-0.14,0.07,0.00,chop,-0.52,normal,0.00,-2936,mm,50.13,25.41,25.42,25.4590,-2.07,1.50,0.25,mixed,-0.60,normal,0.23,0,mm,-2089.16
42.625,72,225.2,-2035.57,-2035.57,2936,-2936,155.38,155.39,155.3988,-2.56,0.37,1.00,mixed,-1.73,stressed,-3.56,0,mm,3.46,99.86,99.87,99.8651,-0.14,0.07,0.00,chop,-0.52,normal,0.00,-2936,mm,50.13,25.41,25.42,25.4584,-2.11,1.35,0.25,mixed,-0.60,normal,0.23,0,mm,-2089.16
42.643,72,225.2,-2035.57,-2035.57,2936,-2936,155.38,155.39,155.3987,-2.56,0.37,1.00,mixed,-1.73,stressed,-3.56,0,mm,3.46,99.86,99.87,99.8650,-0.14,0.07,0.00,chop,-0.52,normal,0.00,-2936,mm,50.13,25.41,25.42,25.4581,-2.14,1.35,0.25,mixed,-0.60,normal,0.23,0,mm,-2089.16
42.670,72,225.2,-2035.57,-2035.57,2936,-2936,155.38,155.39,155.3985,-2.56,0.37,1.00,mixed,-1.73,stressed,-3.56,0,mm,3.46,99.86,99.87,99.8650,-0.14,0.07,0.00,chop,-0.52,normal,0.00,-2936,mm,50.13,25.41,25.42,25.4575,-2.18,1.35,0.25,mixed,-0.60,normal,0.23,0,mm,-2089.16
42.698,72,230.3,-2035.57,-2035.57,2936,-2936,155.38,155.39,155.3984,-2.56,0.37,1.00,mixed,-1.69,stressed,-3.56,0,mm,3.46,99.86,99.87,99.8650,-0.14,0.07,0.00,chop,-0.52,normal,0.00,-2936,mm,50.13,25.41,25.42,25.4570,-2.22,1.35,0.35,mixed,-0.60,normal,0.23,0,mm,-2089.16
42.720,72,230.3,-2035.57,-2035.57,2936,-2936,155.38,155.39,155.3982,-2.55,0.37,1.00,mixed,-1.69,stressed,-3.56,0,mm,3.46,99.86,99.87,99.8650,-0.14,0.07,0.00,chop,-0.52,normal,0.00,-2936,mm,50.13,25.41,25.42,25.4565,-2.26,1.35,0.35,mixed,-0.60,normal,0.23,0,mm,-2089.16
42.745,72,230.3,-2035.57,-2035.57,2936,-2936,155.38,155.39,155.3981,-2.55,0.37,1.00,mixed,-1.69,stressed,-3.56,0,mm,3.46,99.86,99.87,99.8650,-0.14,0.07,0.00,chop,-0.52,normal,0.00,-2936,mm,50.13,25.41,25.42,25.4560,-2.29,1.35,0.35,mixed,-0.60,normal,0.23,0,mm,-2089.16
42.772,72,230.3,-2035.57,-2035.57,2936,-2936,155.38,155.39,155.3979,-2.55,0.37,1.00,mixed,-1.69,stressed,-3.56,0,mm,3.46,99.86,99.87,99.8650,-0.14,0.07,0.00,chop,-0.52,normal,0.00,-2936,mm,50.13,25.41,25.42,25.4555,-2.32,1.35,0.35,mixed,-0.60,normal,0.23,0,mm,-2089.16
42.825,72,230.3,-2035.57,-2035.57,2936,-2936,155.38,155.39,155.3976,-2.55,0.37,1.00,mixed,-1.69,stressed,-3.56,0,mm,3.46,99.86,99.87,99.8650,-0.14,0.07,0.00,chop,-0.52,normal,0.00,-2936,mm,50.13,25.41,25.42,25.4545,-2.39,1.35,0.35,mixed,-0.60,normal,0.23,0,mm,-2089.16
42.852,72,230.3,-2035.57,-2035.57,2936,-2936,155.38,155.39,155.3974,-2.55,0.37,1.00,mixed,-1.69,stressed,-3.56,0,mm,3.46,99.86,99.87,99.8650,-0.14,0.07,0.00,chop,-0.52,normal,0.00,-2936,mm,50.13,25.41,25.42,25.4541,-2.42,1.35,0.35,mixed,-0.60,normal,0.23,0,mm,-2089.16
42.865,72,230.3,-2035.57,-2035.57,2936,-2936,155.38,155.39,155.3974,-2.55,0.37,1.00,mixed,-1.69,stressed,-3.56,0,mm,3.46,99.86,99.87,99.8650,-0.14,0.07,0.00,chop,-0.52,normal,0.00,-2936,mm,50.13,25.41,25.42,25.4538,-2.43,1.35,0.35,mixed,-0.60,normal,0.23,0,mm,-2089.16
42.891,72,230.3,-2035.57,-2035.57,2936,-2936,155.38,155.39,155.3972,-2.55,0.37,1.00,mixed,-1.69,stressed,-3.56,0,mm,3.46,99.86,99.87,99.8650,-0.14,0.07,0.00,chop,-0.52,normal,0.00,-2936,mm,50.13,25.41,25.42,25.4533,-2.46,1.35,0.35,mixed,-0.60,normal,0.23,0,mm,-2089.16
42.916,72,230.3,-2035.57,-2035.57,2936,-2936,155.38,155.39,155.3971,-2.54,0.37,1.00,mixed,-1.69,stressed,-3.56,0,mm,3.46,99.86,99.87,99.8650,-0.14,0.07,0.00,chop,-0.52,normal,0.00,-2936,mm,50.13,25.41,25.42,25.4529,-2.49,1.35,0.35,mixed,-0.60,normal,0.23,0,mm,-2089.16
42.941,72,230.3,-2035.57,-2035.57,2936,-2936,155.38,155.39,155.3969,-2.54,0.37,1.00,mixed,-1.69,stressed,-3.56,0,mm,3.46,99.86,99.87,99.8650,-0.14,0.07,0.00,chop,-0.52,normal,0.00,-2936,mm,50.13,25.41,25.42,25.4525,-2.51,1.35,0.35,mixed,-0.60,normal,0.23,0,mm,-2089.16
42.966,72,230.3,-2035.57,-2035.57,2936,-2936,155.38,155.39,155.3968,-2.54,0.37,1.00,mixed,-1.64,stressed,-3.56,0,mm,3.46,99.86,99.87,99.8650,-0.13,0.07,0.00,chop,-0.52,normal,0.00,-2936,mm,50.13,25.41,25.42,25.4520,-2.54,1.35,0.47,mixed,-0.61,normal,0.23,0,mm,-2089.16
42.990,72,230.3,-2035.57,-2035.57,2936,-2936,155.38,155.39,155.3966,-2.53,0.37,1.00,mixed,-1.64,stressed,-3.56,0,mm,3.46,99.86,99.87,99.8650,-0.13,0.07,0.00,chop,-0.52,normal,0.00,-2936,mm,50.13,25.41,25.42,25.4516,-2.56,1.35,0.47,mixed,-0.61,normal,0.23,0,mm,-2089.16
43.038,72,230.3,-2035.57,-2035.57,2936,-2936,155.38,155.39,155.3964,-2.53,0.37,1.00,mixed,-1.64,stressed,-3.56,0,mm,3.46,99.86,99.87,99.8650,-0.13,0.07,0.00,chop,-0.52,normal,0.00,-2936,mm,50.13,25.41,25.42,25.4508,-2.60,1.35,0.47,mixed,-0.61,normal,0.23,0,mm,-2089.16
43.053,72,230.3,-2035.57,-2035.57,2936,-2936,155.38,155.39,155.3963,-2.53,0.37,1.00,mixed,-1.64,stressed,-3.56,0,mm,3.46,99.86,99.87,99.8650,-0.13,0.07,0.00,chop,-0.52,normal,0.00,-2936,mm,50.13,25.41,25.42,25.4505,-2.61,1.35,0.47,mixed,-0.61,normal,0.23,0,mm,-2089.16
43.090,72,230.3,-2035.57,-2035.57,2936,-2936,155.38,155.39,155.3961,-2.52,0.37,1.00,mixed,-1.64,stressed,-3.56,0,mm,3.46,99.86,99.87,99.8650,-0.13,0.07,0.00,chop,-0.52,normal,0.00,-2936,mm,50.13,25.41,25.42,25.4499,-2.64,1.35,0.47,mixed,-0.61,normal,0.23,0,mm,-2089.16
43.103,72,230.3,-2035.57,-2035.57,2936,-2936,155.38,155.39,155.3960,-2.52,0.37,1.00,mixed,-1.64,stressed,-3.56,0,mm,3.46,99.86,99.87,99.8650,-0.13,0.07,0.00,chop,-0.52,normal,0.00,-2936,mm,50.13,25.41,25.42,25.4497,-2.65,1.35,0.47,mixed,-0.61,normal,0.23,0,mm,-2089.16
43.126,72,230.3,-2035.57,-2035.57,2936,-2936,155.38,155.39,155.3959,-2.52,0.36,1.00,mixed,-1.64,stressed,-3.56,0,mm,3.46,99.86,99.87,99.8650,-0.13,0.06,0.00,chop,-0.52,normal,0.00,-2936,mm,50.13,25.41,25.42,25.4493,-2.67,1.26,0.47,mixed,-0.61,normal,0.23,0,mm,-2089.16
43.150,72,230.3,-2035.57,-2035.57,2936,-2936,155.38,155.39,155.3958,-2.51,0.36,1.00,mixed,-1.64,stressed,-3.56,0,mm,3.46,99.86,99.87,99.8650,-0.13,0.06,0.00,chop,-0.52,normal,0.00,-2936,mm,50.13,25.41,25.42,25.4489,-2.69,1.26,0.47,mixed,-0.61,normal,0.23,0,mm,-2089.16
43.178,72,230.3,-2035.57,-2035.57,2936,-2936,155.38,155.39,155.3957,-2.51,0.36,1.00,mixed,-1.64,stressed,-3.56,0,mm,3.46,99.86,99.87,99.8650,-0.13,0.06,0.00,chop,-0.52,normal,0.00,-2936,mm,50.13,25.41,25.42,25.4485,-2.70,1.26,0.47,mixed,-0.61,normal,0.23,0,mm,-2089.16
43.206,73,224.6,-2035.57,-2035.57,2936,-2936,155.38,155.39,155.3955,-2.50,0.36,1.00,mixed,-1.64,stressed,-3.56,0,mm,3.46,99.86,99.87,99.8650,-0.13,0.06,0.00,chop,-0.52,normal,0.00,-2936,mm,50.13,25.41,25.42,25.4480,-2.72,1.26,0.47,mixed,-0.61,normal,0.21,0,mm,-2089.16
43.230,73,224.6,-2035.57,-2035.57,2936,-2936,155.38,155.39,155.3954,-2.50,0.36,1.00,mixed,-1.58,stressed,-3.56,0,mm,3.46,99.86,99.87,99.8650,-0.13,0.06,0.00,chop,-0.52,normal,0.00,-2936,mm,50.13,25.41,25.42,25.4477,-2.74,1.26,0.45,mixed,-0.58,normal,0.21,0,mm,-2089.16
43.255,73,224.6,-2035.57,-2035.57,2936,-2936,155.38,155.39,155.3953,-2.49,0.36,1.00,mixed,-1.58,stressed,-3.56,0,mm,3.46,99.86,99.87,99.8650,-0.13,0.06,0.00,chop,-0.52,normal,0.00,-2936,mm,50.13,25.41,25.42,25.4473,-2.75,1.26,0.45,mixed,-0.58,normal,0.21,0,mm,-2089.16
43.302,73,224.6,-2035.57,-2035.57,2936,-2936,155.38,155.39,155.3951,-2.48,0.36,1.00,mixed,-1.58,stressed,-3.56,0,mm,3.46,99.86,99.87,99.8650,-0.13,0.06,0.00,chop,-0.52,normal,0.00,-2936,mm,50.13,25.41,25.42,25.4466,-2.77,1.26,0.45,mixed,-0.58,normal,0.21,0,mm,-2089.16
43.314,73,224.6,-2035.57,-2035.57,2936,-2936,155.38,155.39,155.3950,-2.48,0.36,1.00,mixed,-1.58,stressed,-3.56,0,mm,3.46,99.86,99.87,99.8650,-0.13,0.06,0.00,chop,-0.52,normal,0.00,-2936,mm,50.13,25.41,25.42,25.4464,-2.78,1.26,0.45,mixed,-0.58,normal,0.21,0,mm,-2089.16
43.355,73,224.6,-2035.57,-2035.57,2936,-2936,155.38,155.39,155.3948,-2.47,0.36,1.00,mixed,-1.58,stressed,-3.56,0,mm,3.46,99.86,99.87,99.8650,-0.13,0.06,0.00,chop,-0.52,normal,0.00,-2936,mm,50.13,25.41,25.42,25.4458,-2.80,1.26,0.45,mixed,-0.58,normal,0.21,0,mm,-2089.16
43.368,73,224.6,-2035.57,-2035.57,2936,-2936,155.38,155.39,155.3947,-2.47,0.36,1.00,mixed,-1.58,stressed,-3.56,0,mm,3.46,99.86,99.87,99.8650,-0.13,0.06,0.00,chop,-0.52,normal,0.00,-2936,mm,50.13,25.41,25.42,25.4456,-2.81,1.26,0.45,mixed,-0.58,normal,0.21,0,mm,-2089.16
43.398,73,224.6,-2035.57,-2035.57,2936,-2936,155.38,155.39,155.3946,-2.46,0.36,1.00,mixed,-1.58,stressed,-3.56,0,mm,3.46,99.86,99.87,99.8650,-0.13,0.06,0.00,chop,-0.52,normal,0.00,-2936,mm,50.13,25.41,25.42,25.4452,-2.82,1.26,0.45,mixed,-0.58,normal,0.21,0,mm,-2089.16
43.417,73,224.6,-2035.57,-2035.57,2936,-2936,155.38,155.39,155.3945,-2.46,0.36,1.00,mixed,-1.58,stressed,-3.56,0,mm,3.46,99.86,99.87,99.8650,-0.12,0.06,0.00,chop,-0.52,normal,0.00,-2936,mm,50.13,25.41,25.42,25.4449,-2.82,1.26,0.45,mixed,-0.58,normal,0.21,0,mm,-2089.16
43.442,73,224.6,-2035.57,-2035.57,2936,-2936,155.38,155.39,155.3944,-2.45,0.36,1.00,mixed,-1.58,stressed,-3.56,0,mm,3.46,99.86,99.87,99.8650,-0.12,0.06,0.00,chop,-0.52,normal,0.00,-2936,mm,50.13,25.41,25.42,25.4446,-2.83,1.26,0.45,mixed,-0.58,normal,0.21,0,mm,-2089.16
43.469,73,224.6,-2035.57,-2035.57,2936,-2936,155.38,155.39,155.3943,-2.45,0.36,1.00,mixed,-1.58,stressed,-3.56,0,mm,3.46,99.86,99.87,99.8650,-0.12,0.06,0.00,chop,-0.52,normal,0.00,-2936,mm,50.13,25.41,25.42,25.4442,-2.84,1.26,0.45,mixed,-0.58,normal,0.21,0,mm,-2089.16
43.495,73,224.6,-2035.57,-2035.57,2936,-2936,155.38,155.39,155.3942,-2.44,0.36,1.00,mixed,-1.54,stressed,-3.56,0,mm,3.46,99.86,99.87,99.8650,-0.12,0.06,0.00,chop,-0.52,normal,0.00,-2936,mm,50.13,25.41,25.42,25.4438,-2.85,1.26,0.50,mixed,-0.56,normal,0.21,0,mm,-2089.16
43.522,73,224.6,-2035.57,-2035.57,2936,-2936,155.38,155.39,155.3941,-2.43,0.36,1.00,mixed,-1.54,stressed,-3.56,0,mm,3.46,99.86,99.87,99.8650,-0.12,0.06,0.00,chop,-0.52,normal,0.00,-2936,mm,50.13,25.41,25.42,25.4435,-2.86,1.26,0.50,mixed,-0.56,normal,0.21,0,mm,-2089.16
43.561,73,224.6,-2035.57,-2035.57,2936,-2936,155.38,155.39,155.3939,-2.42,0.36,1.00,mixed,-1.54,stressed,-3.56,0,mm,3.46,99.86,99.87,99.8650,-0.12,0.06,0.00,chop,-0.52,normal,0.00,-2936,mm,50.13,25.41,25.42,25.4429,-2.87,1.26,0.50,mixed,-0.56,normal,0.21,0,mm,-2089.16
43.584,73,224.6,-2035.57,-2035.57,2936,-2936,155.38,155.39,155.3938,-2.42,0.36,1.00,mixed,-1.54,stressed,-3.56,0,mm,3.46,99.86,99.87,99.8650,-0.12,0.06,0.00,chop,-0.52,normal,0.00,-2936,mm,50.13,25.41,25.42,25.4426,-2.88,1.26,0.50,mixed,-0.56,normal,0.21,0,mm,-2089.16
43.614,73,224.6,-2035.57,-2035.57,2936,-2936,155.38,155.39,155.3937,-2.41,0.36,1.00,mixed,-1.54,stressed,-3.56,0,mm,3.46,99.86,99.87,99.8650,-0.12,0.06,0.00,chop,-0.52,normal,0.00,-2936,mm,50.13,25.41,25.42,25.4422,-2.88,1.26,0.50,mixed,-0.56,normal,0.21,0,mm,-2089.16
43.626,73,224.6,-2035.57,-2035.57,2936,-2936,155.38,155.39,155.3936,-2.41,0.34,1.00,mixed,-1.54,stressed,-3.56,0,mm,3.46,99.86,99.87,99.8650,-0.12,0.06,0.00,chop,-0.52,normal,0.00,-2936,mm,50.13,25.41,25.42,25.4421,-2.89,1.17,0.50,mixed,-0.56,normal,0.21,0,mm,-2089.16
43.659,73,224.6,-2035.57,-2035.57,2936,-2936,155.38,155.39,155.3935,-2.40,0.34,1.00,mixed,-1.54,stressed,-3.56,0,mm,3.46,99.86,99.87,99.8650,-0.12,0.06,0.00,chop,-0.52,normal,0.00,-2936,mm,50.13,25.41,25.42,25.4417,-2.89,1.17,0.50,mixed,-0.56,normal,0.21,0,mm,-2089.16
43.678,73,224.6,-2035.57,-2035.57,2936,-2936,155.38,155.39,155.3934,-2.39,0.34,1.00,mixed,-1.54,stressed,-3.56,0,mm,3.46,99.86,99.87,99.8650,-0.12,0.06,0.00,chop,-0.52,normal,0.00,-2936,mm,50.13,25.41,25.42,25.4414,-2.89,1.17,0.50,mixed,-0.56,normal,0.21,0,mm,-2089.16
43.706,73,229.3,-2035.57,-2035.57,2936,-2936,155.38,155.39,155.3933,-2.39,0.34,1.00,mixed,-1.54,stressed,-3.56,0,mm,3.46,99.86,99.87,99.8650,-0.12,0.06,0.00,chop,-0.52,normal,0.00,-2936,mm,50.13,25.41,25.42,25.4411,-2.90,1.17,0.50,mixed,-0.56,normal,0.21,0,mm,-2089.16
43.732,73,229.3,-2035.57,-2035.57,2936,-2936,155.38,155.39,155.3932,-2.38,0.34,1.00,mixed,-1.54,stressed,-3.56,0,mm,3.46,99.86,99.87,99.8650,-0.12,0.06,0.00,chop,-0.52,normal,0.00,-2936,mm,50.13,25.41,25.42,25.4408,-2.90,1.17,0.50,mixed,-0.56,normal,0.21,0,mm,-2089.16
43.759,73,229.3,-2035.57,-2035.57,2936,-2936,155.38,155.39,155.3931,-2.37,0.34,1.00,mixed,-1.51,stressed,-3.56,0,mm,3.46,99.86,99.87,99.8650,-0.12,0.06,0.00,chop,-0.52,normal,0.00,-2936,mm,50.13,25.41,25.42,25.4404,-2.91,1.17,0.85,mixed,-0.56,normal,0.21,0,mm,-2089.16
43.799,73,229.3,-2035.57,-2035.57,3536,-3536,155.37,155.39,155.3929,-2.38,0.34,1.00,mixed,-1.51,stressed,-3.56,0,mm,3.46,99.86,99.87,99.8650,-0.12,0.06,0.00,chop,-0.52,normal,0.00,-2936,mm,50.13,25.41,25.43,25.4401,-2.89,1.17,0.85,mixed,-0.56,normal,0.21,-600,mm,-2088.50
43.845,73,229.3,-2035.57,-2035.57,3536,-3536,155.37,155.39,155.3926,-2.38,0.34,1.00,mixed,-1.51,stressed,-3.56,0,mm,3.46,99.86,99.87,99.8650,-0.12,0.06,0.00,chop,-0.52,normal,0.00,-2936,mm,50.13,25.41,25.43,25.4396,-2.88,1.17,0.85,mixed,-0.56,normal,0.21,-600,mm,-2088.50
43.871,73,229.3,-2035.57,-2035.57,3536,-3536,155.37,155.39,155.3924,-2.39,0.34,1.00,mixed,-1.51,stressed,-3.56,0,mm,3.46,99.86,99.87,99.8650,-0.11,0.06,0.00,chop,-0.52,normal,0.00,-2936,mm,50.13,25.41,25.43,25.4394,-2.87,1.17,0.85,mixed,-0.56,normal,0.21,-600,mm,-2088.50
43.888,73,229.3,-2035.57,-2035.57,3536,-3536,155.37,155.39,155.3923,-2.39,0.34,1.00,mixed,-1.51,stressed,-3.56,0,mm,3.46,99.86,99.87,99.8650,-0.11,0.06,0.00,chop,-0.52,normal,0.00,-2936,mm,50.13,25.41,25.43,25.4392,-2.87,1.17,0.85,mixed,-0.56,normal,0.21,-600,mm,-2088.50
43.918,73,229.3,-2035.57,-2035.57,3536,-3536,155.37,155.39,155.3922,-2.39,0.34,1.00,mixed,-1.51,stressed,-3.56,0,mm,3.46,99.86,99.87,99.8650,-0.11,0.06,0.00,chop,-0.52,normal,0.00,-2936,mm,50.13,25.41,25.43,25.4390,-2.86,1.17,0.85,mixed,-0.56,normal,0.21,-600,mm,-2088.50
43.939,73,229.3,-2035.57,-2035.57,3536,-3536,155.37,155.39,155.3920,-2.39,0.34,1.00,mixed,-1.51,stressed,-3.56,0,mm,3.46,99.86,99.87,99.8650,-0.11,0.06,0.00,chop,-0.52,normal,0.00,-2936,mm,50.13,25.41,25.43,25.4388,-2.85,1.17,0.85,mixed,-0.56,normal,0.21,-600,mm,-2088.50
43.964,73,229.3,-2035.57,-2035.57,3536,-3536,155.37,155.39,155.3919,-2.39,0.34,1.00,mixed,-1.51,stressed,-3.56,0,mm,3.46,99.86,99.87,99.8650,-0.11,0.06,0.00,chop,-0.52,normal,0.00,-2936,mm,50.13,25.41,25.43,25.4386,-2.84,1.17,0.85,mixed,-0.56,normal,0.21,-600,mm,-2088.50
43.990,73,229.3,-2035.57,-2035.57,3536,-3536,155.37,155.39,155.3918,-2.39,0.34,1.00,mixed,-1.51,stressed,-3.56,0,mm,3.46,99.86,99.87,99.8650,-0.11,0.06,0.00,chop,-0.52,normal,0.00,-2936,mm,50.13,25.41,25.43,25.4383,-2.83,1.17,0.85,mixed,-0.56,normal,0.21,-600,mm,-2088.50
44.019,73,229.3,-2035.57,-2035.57,3536,-3536,155.37,155.39,155.3916,-2.39,0.34,1.00,mixed,-1.61,stressed,-3.56,0,mm,3.46,99.86,99.87,99.8650,-0.11,0.06,0.00,chop,-0.52,normal,0.00,-2936,mm,50.13,25.41,25.43,25.4381,-2.82,1.17,0.78,mixed,-0.47,normal,0.21,-600,mm,-2088.50
44.043,73,229.3,-2035.57,-2035.57,3536,-3536,155.37,155.39,155.3915,-2.39,0.34,1.00,mixed,-1.61,stressed,-3.56,0,mm,3.46,99.86,99.87,99.8650,-0.11,0.06,0.00,chop,-0.52,normal,0.00,-2936,mm,50.13,25.41,25.43,25.4379,-2.82,1.17,0.78,mixed,-0.47,normal,0.21,-600,mm,-2088.50
44.074,73,229.3,-2035.57,-2035.57,3536,-3536,155.37,155.38,155.3912,-2.41,0.34,1.00,mixed,-1.61,stressed,-3.56,0,mm,3.46,99.86,99.87,99.8650,-0.11,0.06,0.00,chop,-0.52,normal,0.00,-2936,mm,50.13,25.42,25.43,25.4377,-2.79,1.17,0.78,mixed,-0.47,normal,0.21,-600,mm,-2088.50
44.120,73,229.3,-2035.57,-2035.57,3536,-3536,155.37,155.38,155.3909,-2.42,0.34,1.00,mixed,-1.61,stressed,-3.56,0,mm,3.46,99.86,99.87,99.8650,-0.11,0.06,0.00,chop,-0.52,normal,0.00,-2936,mm,50.13,25.42,25.43,25.4374,-2.76,1.17,0.78,mixed,-0.47,normal,0.21,-600,mm,-2088.50
44.138,73,229.3,-2035.57,-2035.57,3536,-3536,155.37,155.38,155.3907,-2.43,0.38,1.00,mixed,-1.61,stressed,-3.56,0,mm,3.46,99.86,99.87,99.8650,-0.11,0.05,0.00,chop,-0.52,normal,0.00,-2936,mm,50.13,25.42,25.43,25.4373,-2.75,1.18,0.78,mixed,-0.47,normal,0.21,-600,mm,-2088.50
44.165,73,229.3,-2035.57,-2035.57,3536,-3536,155.37,155.38,155.3905,-2.44,0.38,1.00,mixed,-1.61,stressed,-3.56,0,mm,3.46,99.86,99.87,99.8650,-0.11,0.05,0.00,chop,-0.52,normal,0.00,-2936,mm,50.13,25.42,25.43,25.4372,-2.73,1.18,0.78,mixed,-0.47,normal,0.21,-600,mm,-2088.50
44.189,73,229.3,-2035.57,-2035.57,3536,-3536,155.37,155.38,155.3904,-2.44,0.38,1.00,mixed,-1.61,stressed,-3.56,0,mm,3.46,99.86,99.87,99.8650,-0.11,0.05,0.00,chop,-0.52,normal,0.00,-2936,mm,50.13,25.42,25.43,25.4370,-2.71,1.18,0.78,mixed,-0.47,normal,0.21,-600,mm,-2088.50
44.216,74,223.8,-2034.91,-2034.91,3536,-3536,155.37,155.38,155.3902,-2.45,0.38,1.00,mixed,-1.61,stressed,-3.93,0,mm,3.46,99.86,99.87,99.8650,-0.11,0.05,0.00,chop,-0.52,normal,0.00,-2936,mm,50.13,25.42,25.43,25.4369,-2.69,1.18,0.78,mixed,-0.47,normal,0.17,-600,mm,-2088.50
44.240,74,223.8,-2034.91,-2034.91,3536,-3536,155.37,155.38,155.3900,-2.46,0.38,1.00,mixed,-1.61,stressed,-3.93,0,mm,3.46,99.86,99.87,99.8650,-0.11,0.05,0.00,chop,-0.52,normal,0.00,-2936,mm,50.13,25.42,25.43,25.4368,-2.68,1.18,0.78,mixed,-0.47,normal,0.17,-600,mm,-2088.50
44.265,74,223.8,-2034.91,-2034.91,3536,-3536,155.37,155.38,155.3898,-2.46,0.38,1.00,mixed,-1.61,stressed,-3.93,0,mm,3.46,99.86,99.87,99.8650,-0.11,0.05,0.00,chop,-0.52,normal,0.00,-2936,mm,50.13,25.42,25.43,25.4366,-2.66,1.18,0.78,mixed,-0.47,normal,0.17,-600,mm,-2088.50
44.292,74,223.8,-2034.91,-2034.91,3536,-3536,155.37,155.38,155.3896,-2.47,0.38,1.00,mixed,-1.69,stressed,-3.93,0,mm,3.46,99.86,99.87,99.8650,-0.11,0.05,0.00,chop,-0.52,normal,0.00,-2936,mm,50.13,25.42,25.43,25.4365,-2.64,1.18,0.71,mixed,-0.36,normal,0.17,-600,mm,-2088.50
44.327,74,223.8,-2034.91,-2034.91,3536,-3536,155.37,155.38,155.3894,-2.48,0.38,1.00,mixed,-1.69,stressed,-3.93,0,mm,3.46,99.86,99.87,99.8650,-0.11,0.05,0.00,chop,-0.52,normal,0.00,-2936,mm,50.13,25.42,25.43,25.4363,-2.62,1.18,0.71,mixed,-0.36,normal,0.17,-600,mm,-2088.50
44.357,74,223.8,-2034.91,-2034.91,3536,-3536,155.37,155.38,155.3892,-2.48,0.38,1.00,mixed,-1.69,stressed,-3.93,0,mm,3.46,99.86,99.87,99.8650,-0.11,0.05,0.00,chop,-0.52,normal,0.00,-2936,mm,50.13,25.42,25.43,25.4361,-2.60,1.18,0.71,mixed,-0.36,normal,0.17,-600,mm,-2088.50
44.380,74,223.8,-2034.91,-2034.91,3536,-3536,155.37,155.38,155.3890,-2.49,0.38,1.00,mixed,-1.69,stressed,-3.93,0,mm,3.46,99.86,99.87,99.8650,-0.11,0.05,0.00,chop,-0.52,normal,0.00,-2936,mm,50.13,25.42,25.43,25.4360,-2.58,1.18,0.71,mixed,-0.36,normal,0.17,-600,mm,-2088.50
44.398,74,223.8,-2034.91,-2034.91,3536,-3536,155.37,155.38,155.3889,-2.49,0.38,1.00,mixed,-1.69,stressed,-3.93,0,mm,3.46,99.86,99.87,99.8650,-0.10,0.05,0.00,chop,-0.52,normal,0.00,-2936,mm,50.13,25.42,25.43,25.4359,-2.57,1.18,0.71,mixed,-0.36,normal,0.17,-600,mm,-2088.50
44.426,74,223.8,-2034.91,-2034.91,3536,-3536,155.37,155.38,155.3887,-2.49,0.38,1.00,mixed,-1.69,stressed,-3.93,0,mm,3.46,99.86,99.87,99.8650,-0.10,0.05,0.00,chop,-0.52,normal,0.00,-2936,mm,50.13,25.42,25.43,25.4358,-2.56,1.18,0.71,mixed,-0.36,normal,0.17,-600,mm,-2088.50
44.450,74,223.8,-2034.91,-2034.91,3536,-3536,155.37,155.38,155.3886,-2.50,0.38,1.00,mixed,-1.69,stressed,-3.93,0,mm,3.46,99.86,99.87,99.8650,-0.10,0.05,0.00,chop,-0.52,normal,0.00,-2936,mm,50.13,25.42,25.43,25.4356,-2.54,1.18,0.71,mixed,-0.36,normal,0.17,-600,mm,-2088.50
44.476,74,223.8,-2034.91,-2034.91,3536,-3536,155.37,155.38,155.3884,-2.50,0.38,1.00,mixed,-1.69,stressed,-3.93,0,mm,3.46,99.86,99.87,99.8650,-0.10,0.05,0.00,chop,-0.52,normal,0.00,-2936,mm,50.13,25.42,25.43,25.4355,-2.52,1.18,0.71,mixed,-0.36,normal,0.17,-600,mm,-2088.50
44.500,74,223.8,-2034.91,-2034.91,3536,-3536,155.37,155.38,155.3883,-2.50,0.38,1.00,mixed,-1.69,stressed,-3.93,0,mm,3.46,99.86,99.87,99.8650,-0.10,0.05,0.00,chop,-0.52,normal,0.00,-2936,mm,50.13,25.42,25.43,25.4354,-2.51,1.18,0.71,mixed,-0.36,normal,0.17,-600,mm,-2088.50
44.526,74,223.8,-2034.91,-2034.91,3536,-3536,155.37,155.38,155.3881,-2.50,0.38,1.00,mixed,-1.69,stressed,-3.93,0,mm,3.46,99.86,99.87,99.8650,-0.10,0.05,0.00,chop,-0.52,normal,0.00,-2936,mm,50.13,25.42,25.43,25.4353,-2.49,1.18,0.71,mixed,-0.36,normal,0.17,-600,mm,-2088.50
44.552,74,223.8,-2034.91,-2034.91,3536,-3536,155.37,155.38,155.3879,-2.50,0.38,1.00,mixed,-1.65,stressed,-3.93,0,mm,3.46,99.86,99.87,99.8650,-0.10,0.05,0.00,chop,-0.52,normal,0.00,-2936,mm,50.13,25.42,25.43,25.4351,-2.48,1.18,0.70,mixed,-0.33,normal,0.17,-600,mm,-2088.50
44.592,74,223.8,-2034.91,-2034.91,5236,-5236,155.37,155.38,155.3877,-2.51,0.38,1.00,mixed,-1.65,stressed,-3.93,0,mm,3.46,99.86,99.87,99.8650,-0.10,0.05,0.00,chop,-0.52,normal,0.00,-2936,mm,50.13,25.43,25.44,25.4351,-2.42,1.18,0.70,mixed,-0.33,normal,0.17,-2300,mm,-2092.63
44.650,74,223.8,-2034.91,-2034.91,5236,-5236,155.37,155.38,155.3874,-2.51,0.37,1.00,mixed,-1.65,stressed,-3.93,0,mm,3.46,99.86,99.87,99.8650,-0.10,0.05,0.00,chop,-0.52,normal,0.00,-2936,mm,50.13,25.43,25.44,25.4351,-2.35,1.18,0.70,mixed,-0.33,normal,0.17,-2300,mm,-2092.63
44.660,74,223.8,-2034.91,-2034.91,5236,-5236,155.37,155.38,155.3873,-2.51,0.37,1.00,mixed,-1.65,stressed,-3.93,0,mm,3.46,99.86,99.87,99.8650,-0.10,0.05,0.00,chop,-0.52,normal,0.00,-2936,mm,50.13,25.43,25.44,25.4351,-2.33,1.18,0.70,mixed,-0.33,normal,0.17,-2300,mm,-2092.63
44.688,74,223.8,-2034.91,-2034.91,5236,-5236,155.37,155.38,155.3871,-2.51,0.37,1.00,mixed,-1.65,stressed,-3.93,0,mm,3.46,99.86,99.87,99.8650,-0.10,0.05,0.00,chop,-0.52,normal,0.00,-2936,mm,50.13,25.43,25.44,25.4351,-2.30,1.18,0.70,mixed,-0.33,normal,0.17,-2300,mm,-2092.63
44.711,74,223.8,-2034.91,-2034.91,5236,-5236,155.37,155.38,155.3870,-2.51,0.37,1.00,mixed,-1.65,stressed,-3.93,0,mm,3.46,99.86,99.87,99.8650,-0.10,0.05,0.00,chop,-0.52,normal,0.00,-2936,mm,50.13,25.43,25.44,25.4351,-2.27,1.18,0.70,mixed,-0.33,normal,0.17,-2300,mm,-2092.63
44.740,74,228.5,-2034.91,-2034.91,5236,-5236,155.37,155.38,155.3868,-2.51,0.37,1.00,mixed,-1.65,stressed,-3.93,0,mm,3.46,99.86,99.87,99.8650,-0.10,0.05,0.00,chop,-0.52,normal,0.00,-2936,mm,50.13,25.43,25.44,25.4351,-2.23,1.18,0.70,mixed,-0.33,normal,0.17,-2300,mm,-2092.63
44.762,74,228.5,-2034.91,-2034.91,5236,-5236,155.37,155.38,155.3867,-2.51,0.37,1.00,mixed,-1.65,stressed,-3.93,0,mm,3.46,99.86,99.87,99.8650,-0.10,0.05,0.00,chop,-0.52,normal,0.00,-2936,mm,50.13,25.43,25.44,25.4351,-2.21,1.18,0.70,mixed,-0.33,normal,0.17,-2300,mm,-2092.63
44.799,74,228.5,-2034.91,-2034.91,5536,-5536,155.37,155.38,155.3865,-2.50,0.37,1.00,mixed,-1.65,stressed,-3.93,0,mm,3.46,99.86,99.87,99.8650,-0.10,0.05,0.00,chop,-0.52,normal,0.00,-2936,mm,50.13,25.43,25.45,25.4352,-2.15,1.18,0.70,mixed,-0.33,normal,0.17,-2600,mm,-2118.30
44.864,74,228.5,-2034.91,-2034.91,5536,-5536,155.37,155.38,155.3862,-2.50,0.37,1.00,mixed,-1.60,stressed,-3.93,0,mm,3.46,99.86,99.87,99.8650,-0.10,0.05,0.00,chop,-0.52,normal,0.00,-2936,mm,50.13,25.44,25.47,25.4358,-1.98,1.18,0.39,mixed,0.14,normal,0.17,-2600,mm,-2118.30
44.917,74,228.5,-2034.91,-2034.91,5536,-5536,155.37,155.38,155.3859,-2.50,0.37,1.00,mixed,-1.60,stressed,-3.93,0,mm,3.46,99.86,99.87,99.8650,-0.10,0.05,0.00,chop,-0.52,normal,0.00,-2936,mm,50.13,25.44,25.47,25.4363,-1.84,1.18,0.39,mixed,0.14,normal,0.17,-2600,mm,-2118.30
44.948,74,228.5,-2034.91,-2034.91,5536,-5536,155.37,155.38,155.3857,-2.49,0.37,1.00,mixed,-1.60,stressed,-3.93,0,mm,3.46,99.86,99.87,99.8650,-0.10,0.05,0.00,chop,-0.52,normal,0.00,-2936,mm,50.13,25.44,25.47,25.4365,-1.77,1.18,0.39,mixed,0.14,normal,0.17,-2600,mm,-2118.30
44.967,74,228.5,-2034.91,-2034.91,5536,-5536,155.37,155.38,155.3856,-2.49,0.37,1.00,mixed,-1.60,stressed,-3.93,0,mm,3.46,99.86,99.87,99.8650,-0.09,0.05,0.00,chop,-0.52,normal,0.00,-2936,mm,50.13,25.44,25.47,25.4367,-1.72,1.18,0.39,mixed,0.14,normal,0.17,-2600,mm,-2118.30
44.993,74,228.5,-2034.91,-2034.91,5536,-5536,155.37,155.38,155.3855,-2.49,0.37,1.00,mixed,-1.60,stressed,-3.93,0,mm,3.46,99.86,99.87,99.8650,-0.09,0.05,0.00,chop,-0.52,normal,0.00,-2936,mm,50.13,25.44,25.47,25.4369,-1.66,1.18,0.39,mixed,0.14,normal,0.17,-2600,mm,-2118.30
45.021,74,228.5,-2034.91,-2034.91,5536,-5536,155.37,155.38,155.3854,-2.49,0.37,1.00,mixed,-1.60,stressed,-3.93,0,mm,3.46,99.86,99.87,99.8650,-0.09,0.05,0.00,chop,-0.52,normal,0.00,-2936,mm,50.13,25.44,25.47,25.4372,-1.60,1.18,0.39,mixed,0.14,normal,0.17,-2600,mm,-2118.30
45.045,74,228.5,-2034.91,-2034.91,5536,-5536,155.37,155.38,155.3853,-2.48,0.37,1.00,mixed,-1.60,stressed,-3.93,0,mm,3.46,99.86,99.87,99.8650,-0.09,0.05,0.00,chop,-0.52,normal,0.00,-2936,mm,50.13,25.44,25.47,25.4374,-1.55,1.18,0.39,mixed,0.14,normal,0.17,-2600,mm,-2118.30
45.071,74,228.5,-2034.91,-2034.91,5536,-5536,155.37,155.38,155.3851,-2.48,0.37,1.00,mixed,-1.60,stressed,-3.93,0,mm,3.46,99.86,99.87,99.8650,-0.09,0.05,0.00,chop,-0.52,normal,0.00,-2936,mm,50.13,25.44,25.47,25.4376,-1.49,1.18,0.39,mixed,0.14,normal,0.17,-2600,mm,-2118.30
45.105,74,228.5,-2034.91,-2034.91,6536,-6536,155.37,155.38,155.3850,-2.47,0.37,1.00,mixed,-1.60,stressed,-3.93,0,mm,3.46,99.86,99.87,99.8650,-0.09,0.05,0.00,chop,-0.52,normal,0.00,-2936,mm,50.13,25.45,25.46,25.4379,-1.42,1.18,0.39,mixed,0.14,normal,0.17,-3600,mm,-2133.20
45.183,74,228.5,-2034.91,-2034.91,6536,-6536,155.37,155.38,155.3846,-2.46,0.36,1.00,mixed,-1.56,stressed,-3.93,0,mm,3.46,99.86,99.87,99.8650,-0.09,0.04,0.00,chop,-0.52,normal,0.00,-2936,mm,50.13,25.45,25.46,25.4385,-1.27,1.25,0.38,mixed,0.19,normal,0.17,-3600,mm,-2133.20
45.196,74,228.5,-2034.91,-2034.91,6536,-6536,155.37,155.38,155.3846,-2.46,0.36,1.00,mixed,-1.56,stressed,-3.93,0,mm,3.46,99.86,99.87,99.8650,-0.09,0.04,0.00,chop,-0.52,normal,0.00,-2936,mm,50.13,25.45,25.46,25.4386,-1.25,1.25,0.38,mixed,0.19,normal,0.17,-3600,mm,-2133.20
45.222,74,228.5,-2034.91,-2034.91,6536,-6536,155.37,155.38,155.3844,-2.45,0.36,1.00,mixed,-1.56,stressed,-3.93,0,mm,3.46,99.86,99.87,99.8650,-0.09,0.04,0.00,chop,-0.52,normal,0.00,-2936,mm,50.13,25.45,25.46,25.4388,-1.20,1.25,0.38,mixed,0.19,normal,0.17,-3600,mm,-2133.20
45.252,75,223.2,-2064.71,-2064.71,6536,-6536,155.37,155.38,155.3843,-2.45,0.36,1.00,mixed,-1.56,stressed,-3.93,0,mm,3.46,99.86,99.87,99.8650,-0.09,0.04,0.00,chop,-0.52,normal,-0.67,-2936,mm,50.13,25.45,25.46,25.4390,-1.15,1.25,0.38,mixed,0.19,normal,-0.49,-3600,mm,-2133.20
45.275,75,223.2,-2064.71,-2064.71,6536,-6536,155.37,155.38,155.3842,-2.45,0.36,1.00,mixed,-1.56,stressed,-3.93,0,mm,3.46,99.86,99.87,99.8650,-0.09,0.04,0.00,chop,-0.52,normal,-0.67,-2936,mm,50.13,25.45,25.46,25.4392,-1.11,1.25,0.38,mixed,0.19,normal,-0.49,-3600,mm,-2133.20
45.301,75,223.2,-2064.71,-2064.71,6536,-6536,155.37,155.38,155.3841,-2.44,0.36,1.00,mixed,-1.56,stressed,-3.93,0,mm,3.46,99.86,99.87,99.8650,-0.09,0.04,0.00,chop,-0.52,normal,-0.67,-2936,mm,50.13,25.45,25.46,25.4394,-1.07,1.25,0.38,mixed,0.19,normal,-0.49,-3600,mm,-2133.20
45.345,75,223.2,-2064.71,-2064.71,6636,-6636,155.37,155.38,155.3839,-2.43,0.36,1.00,mixed,-1.56,stressed,-3.93,0,mm,3.46,99.86,99.87,99.8650,-0.09,0.04,0.00,chop,-0.52,normal,-0.67,-2936,mm,50.13,25.46,25.48,25.4400,-0.94,1.25,0.38,mixed,0.19,normal,-0.49,-3700,mm,-2205.09
45.388,75,223.2,-2064.71,-2064.71,6636,-6636,155.37,155.38,155.3837,-2.42,0.36,1.00,mixed,-1.56,stressed,-3.93,0,mm,3.46,99.86,99.87,99.8650,-0.09,0.04,0.00,chop,-0.52,normal,-0.67,-2936,mm,50.13,25.46,25.48,25.4406,-0.83,1.25,0.38,mixed,0.19,normal,-0.49,-3700,mm,-2205.09
45.411,75,223.2,-2064.71,-2064.71,6636,-6636,155.37,155.38,155.3836,-2.42,0.36,1.00,mixed,-1.56,stressed,-3.93,0,mm,3.46,99.86,99.87,99.8650,-0.09,0.04,0.00,chop,-0.52,normal,-0.67,-2936,mm,50.13,25.46,25.48,25.4409,-0.77,1.25,0.38,mixed,0.19,normal,-0.49,-3700,mm,-2205.09
45.434,75,223.2,-2064.71,-2064.71,6636,-6636,155.37,155.38,155.3835,-2.41,0.36,1.00,mixed,-1.52,stressed,-3.93,0,mm,3.46,99.86,99.87,99.8650,-0.09,0.04,0.00,chop,-0.52,normal,-0.67,-2936,mm,50.13,25.46,25.48,25.4412,-0.71,1.25,0.29,mixed,0.58,normal,-0.49,-3700,mm,-2205.09
45.461,75,223.2,-2064.71,-2064.71,6636,-6636,155.37,155.38,155.3834,-2.41,0.36,1.00,mixed,-1.52,stressed,-3.93,0,mm,3.46,99.86,99.87,99.8650,-0.09,0.04,0.00,chop,-0.52,normal,-0.67,-2936,mm,50.13,25.46,25.48,25.4416,-0.65,1.25,0.29,mixed,0.58,normal,-0.49,-3700,mm,-2205.09
45.485,75,223.2,-2064.71,-2064.71,6636,-6636,155.37,155.38,155.3833,-2.40,0.36,1.00,mixed,-1.52,stressed,-3.93,0,mm,3.46,99.86,99.87,99.8650,-0.09,0.04,0.00,chop,-0.52,normal,-0.67,-2936,mm,50.13,25.46,25.48,25.4419,-0.59,1.25,0.29,mixed,0.58,normal,-0.49,-3700,mm,-2205.09
45.510,75,223.2,-2064.71,-2064.71,6636,-6636,155.37,155.38,155.3832,-2.40,0.36,1.00,mixed,-1.52,stressed,-3.93,0,mm,3.46,99.86,99.87,99.8650,-0.09,0.04,0.00,chop,-0.52,normal,-0.67,-2936,mm,50.13,25.46,25.48,25.4423,-0.53,1.25,0.29,mixed,0.58,normal,-0.49,-3700,mm,-2205.09
45.538,75,223.2,-2064.71,-2064.71,6636,-6636,155.37,155.38,155.3831,-2.39,0.36,1.00,mixed,-1.52,stressed,-3.93,0,mm,3.46,99.86,99.87,99.8650,-0.09,0.04,0.00,chop,-0.52,normal,-0.67,-2936,mm,50.13,25.46,25.48,25.4426,-0.47,1.25,0.29,mixed,0.58,normal,-0.49,-3700,mm,-2205.09
45.561,75,223.2,-2064.71,-2064.71,6636,-6636,155.37,155.38,155.3830,-2.38,0.36,1.00,mixed,-1.52,stressed,-3.93,0,mm,3.46,99.86,99.87,99.8650,-0.09,0.04,0.00,chop,-0.52,normal,-0.67,-2936,mm,50.13,25.46,25.48,25.4429,-0.42,1.25,0.29,mixed,0.58,normal,-0.49,-3700,mm,-2205.09
45.592,75,223.2,-2064.71,-2064.71,6736,-6736,155.37,155.38,155.3829,-2.38,0.36,1.00,mixed,-1.52,stressed,-3.93,0,mm,3.46,99.86,99.87,99.8650,-0.08,0.04,0.00,chop,-0.52,normal,-0.67,-2936,mm,50.13,25.47,25.51,25.4436,-0.30,1.25,0.29,mixed,0.58,normal,-0.49,-3800,mm,-2278.98
45.655,75,223.2,-2064.71,-2064.71,6736,-6736,155.37,155.38,155.3827,-2.36,0.36,1.00,mixed,-1.52,stressed,-3.93,0,mm,3.46,99.86,99.87,99.8650,-0.08,0.04,0.00,chop,-0.52,normal,-0.67,-2936,mm,50.13,25.47,25.51,25.4450,-0.08,1.25,0.29,mixed,0.58,normal,-0.49,-3800,mm,-2278.98
45.676,75,223.2,-2064.71,-2064.71,6736,-6736,155.37,155.38,155.3826,-2.35,0.36,1.00,mixed,-1.52,stressed,-3.93,0,mm,3.46,99.86,99.87,99.8650,-0.08,0.04,0.00,chop,-0.52,normal,-0.67,-2936,mm,50.13,25.47,25.51,25.4454,-0.01,1.25,0.29,mixed,0.58,normal,-0.49,-3800,mm,-2278.98
45.707,75,223.2,-2064.71,-2064.71,6736,-6736,155.37,155.38,155.3825,-2.35,0.34,1.00,mixed,-1.48,stressed,-3.93,0,mm,3.46,99.86,99.87,99.8650,-0.08,0.04,0.00,chop,-0.53,normal,-0.67,-2936,mm,50.13,25.47,25.51,25.4461,0.09,1.43,0.16,chop,1.03,normal,-0.49,-3800,mm,-2278.98
45.727,75,223.2,-2064.71,-2064.71,6736,-6736,155.37,155.38,155.3824,-2.34,0.34,1.00,mixed,-1.48,stressed,-3.93,0,mm,3.46,99.86,99.87,99.8650,-0.08,0.04,0.00,chop,-0.53,normal,-0.67,-2936,mm,50.13,25.47,25.51,25.4465,0.15,1.43,0.16,chop,1.03,normal,-0.49,-3800,mm,-2278.98
45.755,75,227.5,-2064.71,-2064.71,6736,-6736,155.37,155.38,155.3823,-2.33,0.34,1.00,mixed,-1.48,stressed,-3.93,0,mm,3.46,99.86,99.87,99.8650,-0.08,0.04,0.00,chop,-0.53,normal,-0.67,-2936,mm,50.13,25.47,25.51,25.4470,0.24,1.43,0.16,chop,1.03,normal,-0.49,-3800,mm,-2278.98
45.779,75,227.5,-2064.71,-2064.71,6736,-6736,155.37,155.38,155.3823,-2.33,0.34,1.00,mixed,-1.48,stressed,-3.93,0,mm,3.46,99.86,99.87,99.8650,-0.08,0.04,0.00,chop,-0.53,normal,-0.67,-2936,mm,50.13,25.47,25.51,25.4475,0.31,1.43,0.16,chop,1.03,normal,-0.49,-3800,mm,-2278.98
45.818,75,227.5,-2064.71,-2064.71,3936,-3936,155.37,155.38,155.3821,-2.32,0.34,1.00,mixed,-1.48,stressed,-3.93,0,mm,3.46,99.86,99.87,99.8650,-0.08,0.04,0.00,chop,-0.53,normal,-0.67,-2936,mm,50.13,25.48,25.58,25.4490,0.54,1.43,0.16,chop,1.03,normal,-0.49,-1000,mm,-2451.40
45.834,75,227.5,-2064.71,-2064.71,3936,-3936,155.37,155.38,155.3821,-2.31,0.34,1.00,mixed,-1.48,stressed,-3.93,0,mm,3.46,99.86,99.87,99.8650,-0.08,0.04,0.00,chop,-0.53,normal,-0.67,-2936,mm,50.13,25.57,25.58,25.4500,0.70,1.43,0.16,chop,1.03,normal,-0.49,-1000,mm,-2451.40
45.875,75,227.5,-2064.71,-2064.71,3936,-3936,155.37,155.38,155.3819,-2.30,0.34,1.00,mixed,-1.48,stressed,-3.93,0,mm,3.46,99.86,99.87,99.8650,-0.08,0.04,0.00,chop,-0.53,normal,-0.67,-2936,mm,50.13,25.57,25.58,25.4523,1.08,1.43,0.16,chop,1.03,normal,-0.49,-1000,mm,-2451.40
45.929,75,227.5,-2064.71,-2064.71,3936,-3936,155.37,155.38,155.3818,-2.29,0.34,1.00,mixed,-1.48,stressed,-3.93,0,mm,3.46,99.86,99.87,99.8650,-0.08,0.04,0.00,chop,-0.53,normal,-0.67,-2936,mm,50.13,25.57,25.58,25.4554,1.56,1.43,0.16,chop,1.03,normal,-0.49,-1000,mm,-2451.40
45.942,75,227.5,-2064.71,-2064.71,3936,-3936,155.37,155.38,155.3817,-2.28,0.34,1.00,mixed,-1.48,stressed,-3.93,0,mm,3.46,99.86,99.87,99.8650,-0.08,0.04,0.00,chop,-0.53,normal,-0.67,-2936,mm,50.13,25.57,25.58,25.4561,1.66,1.43,0.16,chop,1.03,normal,-0.49,-1000,mm,-2451.40
45.974,75,227.5,-2064.71,-2064.71,3936,-3936,155.37,155.38,155.3816,-2.28,0.34,1.00,mixed,-1.45,stressed,-3.93,0,mm,3.46,99.86,99.87,99.8650,-0.08,0.04,0.00,chop,-0.52,normal,-0.67,-2936,mm,50.13,25.57,25.58,25.4579,1.91,1.43,0.25,chop,2.57,normal,-0.49,-1000,mm,-2451.40
45.993,75,227.5,-2064.71,-2064.71,3936,-3936,155.37,155.38,155.3816,-2.27,0.34,1.00,mixed,-1.45,stressed,-3.93,0,mm,3.46,99.86,99.87,99.8650,-0.08,0.04,0.00,chop,-0.52,normal,-0.67,-2936,mm,50.13,25.57,25.58,25.4590,2.07,1.43,0.25,chop,2.57,normal,-0.49,-1000,mm,-2451.40
46.017,75,227.5,-2064.71,-2064.71,3936,-3936,155.37,155.38,155.3815,-2.26,0.34,1.00,mixed,-1.45,stressed,-3.93,0,mm,3.46,99.86,99.87,99.8650,-0.08,0.04,0.00,chop,-0.52,normal,-0.67,-2936,mm,50.13,25.57,25.58,25.4603,2.26,1.43,0.25,chop,2.57,normal,-0.49,-1000,mm,-2451.40
46.042,75,227.5,-2064.71,-2064.71,3936,-3936,155.37,155.38,155.3814,-2.26,0.34,1.00,mixed,-1.45,stressed,-3.93,0,mm,3.46,99.86,99.87,99.8650,-0.08,0.04,0.00,chop,-0.52,normal,-0.67,-2936,mm,50.13,25.57,25.58,25.4616,2.45,1.43,0.25,chop,2.57,normal,-0.49,-1000,mm,-2451.40
46.068,75,227.5,-2064.71,-2064.71,3936,-3936,155.37,155.38,155.3813,-2.25,0.34,1.00,mixed,-1.45,stressed,-3.93,0,mm,3.46,99.86,99.87,99.8650,-0.08,0.04,0.00,chop,-0.52,normal,-0.67,-2936,mm,50.13,25.57,25.58,25.4629,2.63,1.43,0.25,chop,2.57,normal,-0.49,-1000,mm,-2451.40
46.118,75,227.5,-2064.71,-2064.71,3936,-3936,155.37,155.38,155.3812,-2.23,0.34,1.00,mixed,-1.45,stressed,-3.93,0,mm,3.46,99.86,99.87,99.8650,-0.08,0.04,0.00,chop,-0.52,normal,-0.67,-2936,mm,50.13,25.57,25.59,25.4657,3.00,1.43,0.25,chop,2.57,normal,-0.49,-1000,mm,-2451.40
46.133,75,227.5,-2064.71,-2064.71,3936,-3936,155.37,155.38,155.3812,-2.23,0.34,1.00,mixed,-1.45,stressed,-3.93,0,mm,3.46,99.86,99.87,99.8650,-0.08,0.04,0.00,chop,-0.52,normal,-0.67,-2936,mm,50.13,25.57,25.59,25.4665,3.10,1.43,0.25,chop,2.57,normal,-0.49,-1000,mm,-2451.40
46.157,75,227.5,-2064.71,-2064.71,3936,-3936,155.37,155.38,155.3811,-2.22,0.34,1.00,mixed,-1.45,stressed,-3.93,0,mm,3.46,99.86,99.87,99.8650,-0.08,0.04,0.00,chop,-0.52,normal,-0.67,-2936,mm,50.13,25.57,25.59,25.4678,3.27,1.43,0.25,chop,2.57,normal,-0.49,-1000,mm,-2451.40
46.185,75,227.5,-2064.71,-2064.71,3936,-3936,155.37,155.38,155.3810,-2.21,0.34,1.00,mixed,-1.45,stressed,-3.93,0,mm,3.46,99.86,99.87,99.8650,-0.08,0.04,0.00,chop,-0.52,normal,-0.67,-2936,mm,50.13,25.57,25.59,25.4692,3.46,1.43,0.25,chop,2.57,normal,-0.49,-1000,mm,-2451.40
46.208,75,227.5,-2064.71,-2064.71,3936,-3936,155.37,155.38,155.3809,-2.21,0.33,1.00,mixed,-1.45,stressed,-3.93,0,mm,3.46,99.86,99.87,99.8650,-0.08,0.04,0.00,chop,-0.52,normal,-0.67,-2936,mm,50.13,25.57,25.59,25.4704,3.60,2.06,0.25,chop,2.57,normal,-0.49,-1000,mm,-2451.40
46.240,75,227.5,-2064.71,-2064.71,3936,-3936,155.37,155.38,155.3808,-2.20,0.33,1.00,mixed,-1.42,stressed,-3.93,0,mm,3.46,99.86,99.87,99.8650,-0.08,0.04,0.00,chop,-0.52,normal,-0.67,-2936,mm,50.13,25.57,25.59,25.4720,3.80,2.06,0.26,mixed,2.53,normal,-0.49,-1000,mm,-2451.40
46.264,76,222.4,-2397.81,-2397.81,3936,-3936,155.37,155.38,155.3808,-2.19,0.33,1.00,mixed,-1.42,stressed,-3.93,0,mm,3.46,99.86,99.87,99.8650,-0.08,0.04,0.00,chop,-0.52,normal,-0.89,-2936,mm,50.13,25.57,25.59,25.4733,3.95,2.06,0.26,mixed,2.53,normal,-0.17,-1000,mm,-2451.40
46.286,76,222.4,-2397.81,-2397.81,3936,-3936,155.37,155.38,155.3807,-2.18,0.33,1.00,mixed,-1.42,stressed,-3.93,0,mm,3.46,99.86,99.87,99.8650,-0.08,0.04,0.00,chop,-0.52,normal,-0.89,-2936,mm,50.13,25.57,25.59,25.4744,4.07,2.06,0.26,mixed,2.53,normal,-0.17,-1000,mm,-2451.40
46.312,76,222.4,-2397.81,-2397.81,3936,-3936,155.37,155.38,155.3807,-2.18,0.33,1.00,mixed,-1.42,stressed,-3.93,0,mm,3.46,99.86,99.87,99.8650,-0.07,0.04,0.00,chop,-0.52,normal,-0.89,-2936,mm,50.13,25.57,25.59,25.4757,4.22,2.06,0.26,mixed,2.53,normal,-0.17,-1000,mm,-2451.40
46.353,76,222.4,-2397.81,-2397.81,3936,-3936,155.37,155.38,155.3805,-2.16,0.33,1.00,mixed,-1.42,stressed,-3.93,0,mm,3.46,99.86,99.87,99.8650,-0.07,0.04,0.00,chop,-0.52,normal,-0.89,-2936,mm,50.13,25.58,25.6,25.4779,4.47,2.06,0.26,mixed,2.53,normal,-0.17,-1000,mm,-2451.40
46.367,76,222.4,-2397.81,-2397.81,3936,-3936,155.37,155.38,155.3805,-2.16,0.33,1.00,mixed,-1.42,stressed,-3.93,0,mm,3.46,99.86,99.87,99.8650,-0.07,0.04,0.00,chop,-0.52,normal,-0.89,-2936,mm,50.13,25.58,25.6,25.4786,4.56,2.06,0.26,mixed,2.53,normal,-0.17,-1000,mm,-2451.40
46.392,76,222.4,-2397.81,-2397.81,3936,-3936,155.37,155.38,155.3804,-2.15,0.33,1.00,mixed,-1.42,stressed,-3.93,0,mm,3.46,99.86,99.87,99.8650,-0.07,0.04,0.00,chop,-0.52,normal,-0.89,-2936,mm,50.13,25.58,25.6,25.4799,4.70,2.06,0.26,mixed,2.53,normal,-0.17,-1000,mm,-2451.40
46.432,76,222.4,-2397.81,-2397.81,3936,-3936,155.37,155.38,155.3803,-2.14,0.33,1.00,mixed,-1.42,stressed,-3.93,0,mm,3.46,99.86,99.87,99.8650,-0.07,0.04,0.00,chop,-0.52,normal,-0.89,-2936,mm,50.13,25.58,25.6,25.4819,4.92,2.06,0.26,mixed,2.53,normal,-0.17,-1000,mm,-2451.40
46.443,76,222.4,-2397.81,-2397.81,3936,-3936,155.37,155.38,155.3803,-2.14,0.33,1.00,mixed,-1.42,stressed,-3.93,0,mm,3.46,99.86,99.87,99.8650,-0.07,0.04,0.00,chop,-0.52,normal,-0.89,-2936,mm,50.13,25.58,25.6,25.4825,4.98,2.06,0.26,mixed,2.53,normal,-0.17,-1000,mm,-2451.40
46.470,76,222.4,-2397.81,-2397.81,3936,-3936,155.37,155.38,155.3802,-2.13,0.33,1.00,mixed,-1.42,stressed,-3.93,0,mm,3.46,99.86,99.87,99.8650,-0.07,0.04,0.00,chop,-0.52,normal,-0.89,-2936,mm,50.13,25.58,25.6,25.4838,5.12,2.06,0.26,mixed,2.53,normal,-0.17,-1000,mm,-2451.40
46.499,76,222.4,-2397.81,-2397.81,3936,-3936,155.37,155.38,155.3802,-2.12,0.33,1.00,mixed,-1.39,stressed,-3.93,0,mm,3.46,99.86,99.87,99.8650,-0.07,0.04,0.00,chop,-0.50,normal,-0.89,-2936,mm,50.13,25.58,25.6,25.4853,5.26,2.06,0.36,mixed,2.56,normal,-0.17,-1000,mm,-2451.40
46.522,76,222.4,-2397.81,-2397.81,3936,-3936,155.37,155.38,155.3801,-2.11,0.33,1.00,mixed,-1.39,stressed,-3.93,0,mm,3.46,99.86,99.87,99.8650,-0.07,0.04,0.00,chop,-0.50,normal,-0.89,-2936,mm,50.13,25.58,25.6,25.4865,5.38,2.06,0.36,mixed,2.56,normal,-0.17,-1000,mm,-2451.40
46.547,76,222.4,-2397.81,-2397.81,3936,-3936,155.37,155.38,155.3801,-2.11,0.33,1.00,mixed,-1.39,stressed,-3.93,0,mm,3.46,99.86,99.87,99.8650,-0.07,0.04,0.00,chop,-0.50,normal,-0.89,-2936,mm,50.13,25.58,25.6,25.4877,5.50,2.06,0.36,mixed,2.56,normal,-0.17,-1000,mm,-2451.40
46.574,76,222.4,-2397.81,-2397.81,3936,-3936,155.37,155.38,155.3800,-2.10,0.33,1.00,mixed,-1.39,stressed,-3.93,0,mm,3.46,99.86,99.87,99.8650,-0.07,0.04,0.00,chop,-0.50,normal,-0.89,-2936,mm,50.13,25.58,25.6,25.4890,5.62,2.06,0.36,mixed,2.56,normal,-0.17,-1000,mm,-2451.40
46.600,76,222.4,-2397.81,-2397.81,3936,-3936,155.37,155.38,155.3799,-2.09,0.33,1.00,mixed,-1.39,stressed,-3.93,0,mm,3.46,99.86,99.87,99.8650,-0.07,0.04,0.00,chop,-0.50,normal,-0.89,-2936,mm,50.13,25.58,25.6,25.4902,5.73,2.06,0.36,mixed,2.56,normal,-0.17,-1000,mm,-2451.40
46.640,76,222.4,-2397.81,-2397.81,3936,-3936,155.37,155.38,155.3798,-2.08,0.33,1.00,mixed,-1.39,stressed,-3.93,0,mm,3.46,99.86,99.87,99.8650,-0.07,0.04,0.00,chop,-0.50,normal,-0.89,-2936,mm,50.13,25.59,25.63,25.4925,5.97,2.06,0.36,mixed,2.56,normal,-0.17,-1000,mm,-2451.40
46.670,76,222.4,-2397.81,-2397.81,3936,-3936,155.37,155.38,155.3798,-2.07,0.33,1.00,mixed,-1.39,stressed,-3.93,0,mm,3.46,99.86,99.87,99.8650,-0.07,0.04,0.00,chop,-0.50,normal,-0.89,-2936,mm,50.13,25.59,25.63,25.4941,6.13,2.06,0.36,mixed,2.56,normal,-0.17,-1000,mm,-2451.40
46.692,76,222.4,-2397.81,-2397.81,3936,-3936,155.37,155.38,155.3797,-2.06,0.33,1.00,mixed,-1.39,stressed,-3.93,0,mm,3.46,99.86,99.87,99.8650,-0.07,0.04,0.00,chop,-0.50,normal,-0.89,-2936,mm,50.13,25.59,25.63,25.4953,6.25,2.06,0.36,mixed,2.56,normal,-0.17,-1000,mm,-2451.40
46.716,76,222.4,-2397.81,-2397.81,3936,-3936,155.37,155.38,155.3797,-2.05,0.31,1.00,mixed,-1.39,stressed,-3.93,0,mm,3.46,99.86,99.87,99.8650,-0.07,0.03,0.00,chop,-0.50,normal,-0.89,-2936,mm,50.13,25.59,25.63,25.4966,6.37,2.01,0.36,mixed,2.56,normal,-0.17,-1000,mm,-2451.40
46.749,76,222.4,-2397.81,-2397.81,3936,-3936,155.37,155.38,155.3796,-2.04,0.31,1.00,mixed,-1.36,stressed,-3.93,0,mm,3.46,99.86,99.87,99.8650,-0.07,0.03,0.00,chop,-0.49,normal,-0.89,-2936,mm,50.13,25.59,25.63,25.4984,6.53,2.01,0.39,mixed,2.74,normal,-0.17,-1000,mm,-2451.40
46.770,76,226.5,-2397.81,-2397.81,3936,-3936,155.37,155.38,155.3796,-2.04,0.31,1.00,mixed,-1.36,stressed,-3.93,0,mm,3.46,99.86,99.87,99.8650,-0.07,0.03,0.00,chop,-0.49,normal,-0.89,-2936,mm,50.13,25.59,25.63,25.4995,6.63,2.01,0.39,mixed,2.74,normal,-0.17,-1000,mm,-2451.40
46.805,76,226.5,-2397.81,-2397.81,2936,-2936,155.37,155.38,155.3795,-2.03,0.31,1.00,mixed,-1.36,stressed,-3.93,0,mm,3.46,99.86,99.87,99.8650,-0.07,0.03,0.00,chop,-0.49,normal,-0.89,-2936,mm,50.13,25.6,25.63,25.5013,6.81,2.01,0.39,mixed,2.74,normal,-0.17,0,mm,-2502.90
46.845,76,226.5,-2397.81,-2397.81,2936,-2936,155.37,155.38,155.3794,-2.01,0.31,1.00,mixed,-1.36,stressed,-3.93,0,mm,3.46,99.86,99.87,99.8650,-0.07,0.03,0.00,chop,-0.49,normal,-0.89,-2936,mm,50.13,25.6,25.63,25.5035,7.00,2.01,0.39,mixed,2.74,normal,-0.17,0,mm,-2502.90
46.880,76,226.5,-2397.81,-2397.81,2936,-2936,155.37,155.38,155.3793,-2.00,0.31,1.00,mixed,-1.36,stressed,-3.93,0,mm,3.46,99.86,99.87,99.8650,-0.07,0.03,0.00,chop,-0.49,normal,-0.89,-2936,mm,50.13,25.61,25.64,25.5054,7.19,2.01,0.39,mixed,2.74,normal,-0.17,0,mm,-2502.90
46.929,76,226.5,-2397.81,-2397.81,2936,-2936,155.37,155.38,155.3792,-1.99,0.31,1.00,mixed,-1.36,stressed,-3.93,0,mm,3.46,99.86,99.87,99.8650,-0.07,0.03,0.00,chop,-0.49,normal,-0.89,-2936,mm,50.13,25.61,25.64,25.5081,7.43,2.01,0.39,mixed,2.74,normal,-0.17,0,mm,-2502.90
46.951,76,226.5,-2397.81,-2397.81,2936,-2936,155.37,155.38,155.3792,-1.98,0.31,1.00,mixed,-1.36,stressed,-3.93,0,mm,3.46,99.86,99.87,99.8650,-0.07,0.03,0.00,chop,-0.49,normal,-0.89,-2936,mm,50.13,25.61,25.64,25.5093,7.53,2.01,0.39,mixed,2.74,normal,-0.17,0,mm,-2502.90
46.983,76,226.5,-2397.81,-2397.81,2936,-2936,155.37,155.38,155.3791,-1.97,0.31,1.00,mixed,-1.36,stressed,-3.93,0,mm,3.46,99.86,99.87,99.8650,-0.07,0.03,0.00,chop,-0.49,normal,-0.89,-2936,mm,50.13,25.61,25.64,25.5111,7.68,2.01,0.39,mixed,2.74,normal,-0.17,0,mm,-2502.90
47.008,76,226.5,-2397.81,-2397.81,2936,-2936,155.37,155.38,155.3791,-1.97,0.31,1.00,mixed,-1.34,stressed,-3.93,0,mm,3.46,99.86,99.87,99.8650,-0.07,0.03,0.00,chop,-0.48,normal,-0.89,-2936,mm,50.13,25.61,25.64,25.5123,7.79,2.01,0.50,TREND,2.81,normal,-0.17,0,mm,-2502.90
47.028,76,226.5,-2397.81,-2397.81,2936,-2936,155.37,155.38,155.3790,-1.96,0.31,1.00,mixed,-1.34,stressed,-3.93,0,mm,3.46,99.86,99.87,99.8650,-0.07,0.03,0.00,chop,-0.48,normal,-0.89,-2936,mm,50.13,25.61,25.64,25.5135,7.87,2.01,0.50,TREND,2.81,normal,-0.17,0,mm,-2502.90
47.053,76,226.5,-2397.81,-2397.81,2936,-2936,155.37,155.38,155.3790,-1.95,0.31,1.00,mixed,-1.34,stressed,-3.93,0,mm,3.46,99.86,99.87,99.8650,-0.07,0.03,0.00,chop,-0.48,normal,-0.89,-2936,mm,50.13,25.61,25.64,25.5148,7.98,2.01,0.50,TREND,2.81,normal,-0.17,0,mm,-2502.90
47.079,76,226.5,-2397.81,-2397.81,2936,-2936,155.37,155.38,155.3789,-1.94,0.31,1.00,mixed,-1.34,stressed,-3.93,0,mm,3.46,99.86,99.87,99.8650,-0.07,0.03,0.00,chop,-0.48,normal,-0.89,-2936,mm,50.13,25.61,25.64,25.5161,8.08,2.01,0.50,TREND,2.81,normal,-0.17,0,mm,-2502.90
47.105,76,226.5,-2397.81,-2397.81,2936,-2936,155.37,155.38,155.3789,-1.94,0.31,1.00,mixed,-1.34,stressed,-3.93,0,mm,3.46,99.86,99.87,99.8650,-0.06,0.03,0.00,chop,-0.48,normal,-0.89,-2936,mm,50.13,25.61,25.64,25.5174,8.18,2.01,0.50,TREND,2.81,normal,-0.17,0,mm,-2502.90
47.131,76,226.5,-2397.81,-2397.81,2936,-2936,155.37,155.38,155.3788,-1.93,0.31,1.00,mixed,-1.34,stressed,-3.93,0,mm,3.46,99.86,99.87,99.8650,-0.06,0.03,0.00,chop,-0.48,normal,-0.89,-2936,mm,50.13,25.61,25.64,25.5187,8.27,2.01,0.50,TREND,2.81,normal,-0.17,0,mm,-2502.90
47.175,76,226.5,-2397.81,-2397.81,2936,-2936,155.37,155.38,155.3788,-1.92,0.31,1.00,mixed,-1.34,stressed,-3.93,0,mm,3.46,99.86,99.87,99.8650,-0.06,0.03,0.00,chop,-0.48,normal,-0.89,-2936,mm,50.13,25.61,25.62,25.5206,8.38,2.01,0.50,TREND,2.81,normal,-0.17,0,mm,-2502.90
47.188,76,226.5,-2397.81,-2397.81,2936,-2936,155.37,155.38,155.3787,-1.91,0.31,1.00,mixed,-1.34,stressed,-3.93,0,mm,3.46,99.86,99.87,99.8650,-0.06,0.03,0.00,chop,-0.48,normal,-0.89,-2936,mm,50.13,25.61,25.62,25.5212,8.42,2.01,0.50,TREND,2.81,normal,-0.17,0,mm,-2502.90
47.212,76,226.5,-2397.81,-2397.81,2936,-2936,155.37,155.38,155.3787,-1.90,0.31,1.00,mixed,-1.34,stressed,-3.93,0,mm,3.46,99.86,99.87,99.8650,-0.06,0.03,0.00,chop,-0.48,normal,-0.89,-2936,mm,50.13,25.61,25.62,25.5223,8.48,2.01,0.50,TREND,2.81,normal,-0.17,0,mm,-2502.90
47.250,76,226.5,-2397.81,-2397.81,2936,-2936,155.37,155.38,155.3786,-1.89,0.30,1.00,mixed,-1.34,stressed,-3.93,0,mm,3.46,99.86,99.87,99.8650,-0.06,0.03,0.00,chop,-0.48,normal,-0.89,-2936,mm,50.13,25.61,25.62,25.5239,8.56,1.89,0.50,TREND,2.81,normal,-0.17,0,mm,-2502.90
47.265,76,226.5,-2397.81,-2397.81,2936,-2936,155.37,155.38,155.3786,-1.89,0.30,1.00,mixed,-1.31,stressed,-3.93,0,mm,3.46,99.86,99.87,99.8650,-0.06,0.03,0.00,chop,-0.46,normal,-0.89,-2936,mm,50.13,25.61,25.62,25.5245,8.59,1.89,0.47,TREND,2.52,stressed,-0.17,0,mm,-2502.90
47.291,77,221.6,-2449.31,-2449.31,2936,-2936,155.37,155.38,155.3786,-1.88,0.30,1.00,mixed,-1.31,stressed,-3.93,0,mm,3.46,99.86,99.87,99.8650,-0.06,0.03,0.00,chop,-0.46,normal,-1.34,-2936,mm,50.13,25.61,25.62,25.5256,8.65,1.89,0.47,TREND,2.52,stressed,-0.06,0,mm,-2502.90
47.314,77,221.6,-2449.31,-2449.31,2936,-2936,155.37,155.38,155.3785,-1.87,0.30,1.00,mixed,-1.31,stressed,-3.93,0,mm,3.46,99.86,99.87,99.8650,-0.06,0.03,0.00,chop,-0.46,normal,-1.34,-2936,mm,50.13,25.61,25.62,25.5267,8.70,1.89,0.47,TREND,2.52,stressed,-0.06,0,mm,-2502.90
47.340,77,221.6,-2449.31,-2449.31,2936,-2936,155.37,155.38,155.3785,-1.87,0.30,1.00,mixed,-1.31,stressed,-3.93,0,mm,3.46,99.86,99.87,99.8650,-0.06,0.03,0.00,chop,-0.46,normal,-1.34,-2936,mm,50.13,25.61,25.62,25.5277,8.75,1.89,0.47,TREND,2.52,stressed,-0.06,0,mm,-2502.90
47.376,77,221.6,-2449.31,-2449.31,2936,-2936,155.37,155.38,155.3784,-1.85,0.30,1.00,mixed,-1.31,stressed,-3.93,0,mm,3.46,99.86,99.87,99.8650,-0.06,0.03,0.00,chop,-0.46,normal,-1.34,-2936,mm,50.13,25.62,25.64,25.5295,8.85,1.89,0.47,TREND,2.52,stressed,-0.06,0,mm,-2502.90
47.423,77,221.6,-2449.31,-2449.31,2936,-2936,155.37,155.38,155.3783,-1.84,0.30,1.00,mixed,-1.31,stressed,-3.93,0,mm,3.46,99.86,99.87,99.8650,-0.06,0.03,0.00,chop,-0.46,normal,-1.34,-2936,mm,50.13,25.62,25.64,25.5317,8.98,1.89,0.47,TREND,2.52,stressed,-0.06,0,mm,-2502.90
47.439,77,221.6,-2449.31,-2449.31,2936,-2936,155.37,155.38,155.3783,-1.84,0.30,1.00,mixed,-1.31,stressed,-3.93,0,mm,3.46,99.86,99.87,99.8650,-0.06,0.03,0.00,chop,-0.46,normal,-1.34,-2936,mm,50.13,25.62,25.64,25.5324,9.02,1.89,0.47,TREND,2.52,stressed,-0.06,0,mm,-2502.90
47.463,77,221.6,-2449.31,-2449.31,2936,-2936,155.37,155.38,155.3783,-1.83,0.30,1.00,mixed,-1.31,stressed,-3.93,0,mm,3.46,99.86,99.87,99.8650,-0.06,0.03,0.00,chop,-0.46,normal,-1.34,-2936,mm,50.13,25.62,25.64,25.5335,9.09,1.89,0.47,TREND,2.52,stressed,-0.06,0,mm,-2502.90
47.490,77,221.6,-2449.31,-2449.31,2936,-2936,155.37,155.38,155.3782,-1.82,0.30,1.00,mixed,-1.31,stressed,-3.93,0,mm,3.46,99.86,99.87,99.8650,-0.06,0.03,0.00,chop,-0.46,normal,-1.34,-2936,mm,50.13,25.62,25.64,25.5347,9.15,1.89,0.47,TREND,2.52,stressed,-0.06,0,mm,-2502.90
47.521,77,221.6,-2449.31,-2449.31,2936,-2936,155.37,155.38,155.3782,-1.81,0.30,1.00,mixed,-1.29,stressed,-3.93,0,mm,3.46,99.86,99.87,99.8650,-0.06,0.03,0.00,chop,-0.44,normal,-1.34,-2936,mm,50.13,25.62,25.64,25.5361,9.22,1.89,0.53,TREND,2.61,stressed,-0.06,0,mm,-2502.90
47.544,77,221.6,-2449.31,-2449.31,2936,-2936,155.37,155.38,155.3782,-1.81,0.30,1.00,mixed,-1.29,stressed,-3.93,0,mm,3.46,99.86,99.87,99.8650,-0.06,0.03,0.00,chop,-0.44,normal,-1.34,-2936,mm,50.13,25.62,25.64,25.5371,9.27,1.89,0.53,TREND,2.61,stressed,-0.06,0,mm,-2502.90
47.569,77,221.6,-2449.31,-2449.31,2936,-2936,155.37,155.38,155.3781,-1.80,0.30,1.00,mixed,-1.29,stressed,-3.93,0,mm,3.46,99.86,99.87,99.8650,-0.06,0.03,0.00,chop,-0.44,normal,-1.34,-2936,mm,50.13,25.62,25.64,25.5382,9.32,1.89,0.53,TREND,2.61,stressed,-0.06,0,mm,-2502.90
47.596,77,221.6,-2449.31,-2449.31,2936,-2936,155.37,155.38,155.3781,-1.79,0.30,1.00,mixed,-1.29,stressed,-3.93,0,mm,3.46,99.86,99.87,99.8650,-0.06,0.03,0.00,chop,-0.44,normal,-1.34,-2936,mm,50.13,25.62,25.64,25.5394,9.38,1.89,0.53,TREND,2.61,stressed,-0.06,0,mm,-2502.90
47.647,77,221.6,-2449.31,-2449.31,2936,-2936,155.37,155.38,155.3780,-1.77,0.30,1.00,mixed,-1.29,stressed,-3.93,0,mm,3.46,99.86,99.87,99.8650,-0.06,0.03,0.00,chop,-0.44,normal,-1.34,-2936,mm,50.13,25.62,25.63,25.5414,9.45,1.89,0.53,TREND,2.61,stressed,-0.06,0,mm,-2502.90
47.665,77,221.6,-2449.31,-2449.31,2936,-2936,155.37,155.38,155.3780,-1.77,0.30,1.00,mixed,-1.29,stressed,-3.93,0,mm,3.46,99.86,99.87,99.8650,-0.06,0.03,0.00,chop,-0.44,normal,-1.34,-2936,mm,50.13,25.62,25.63,25.5421,9.47,1.89,0.53,TREND,2.61,stressed,-0.06,0,mm,-2502.90
47.686,77,221.6,-2449.31,-2449.31,2936,-2936,155.37,155.38,155.3780,-1.76,0.30,1.00,mixed,-1.29,stressed,-3.93,0,mm,3.46,99.86,99.87,99.8650,-0.06,0.03,0.00,chop,-0.44,normal,-1.34,-2936,mm,50.13,25.62,25.63,25.5430,9.50,1.89,0.53,TREND,2.61,stressed,-0.06,0,mm,-2502.90
47.711,77,221.6,-2449.31,-2449.31,2936,-2936,155.37,155.38,155.3779,-1.76,0.30,1.00,mixed,-1.29,stressed,-3.93,0,mm,3.46,99.86,99.87,99.8650,-0.06,0.03,0.00,chop,-0.44,normal,-1.34,-2936,mm,50.13,25.62,25.63,25.5439,9.53,1.89,0.53,TREND,2.61,stressed,-0.06,0,mm,-2502.90
47.735,77,221.6,-2449.31,-2449.31,2936,-2936,155.37,155.38,155.3779,-1.75,0.30,1.00,mixed,-1.29,stressed,-3.93,0,mm,3.46,99.86,99.87,99.8650,-0.06,0.03,0.00,chop,-0.44,normal,-1.34,-2936,mm,50.13,25.62,25.63,25.5448,9.55,1.89,0.53,TREND,2.61,stressed,-0.06,0,mm,-2502.90
47.769,77,221.6,-2449.31,-2449.31,2936,-2936,155.37,155.38,155.3778,-1.74,0.28,1.00,mixed,-1.29,stressed,-3.93,0,mm,3.46,99.86,99.87,99.8650,-0.06,0.03,0.00,chop,-0.44,normal,-1.34,-2936,mm,50.13,25.62,25.63,25.5461,9.59,1.74,0.53,TREND,2.61,stressed,-0.06,0,mm,-2502.90
47.818,78,217.1,-2449.31,-2449.31,2936,-2936,155.37,155.38,155.3778,-1.73,0.28,1.00,mixed,-1.27,stressed,-3.56,0,mm,3.46,99.86,99.87,99.8650,-0.06,0.03,0.00,chop,-0.40,normal,-1.34,-2936,mm,50.13,25.62,25.63,25.5479,9.63,1.74,0.55,TREND,2.42,stressed,1.66,0,mm,-2502.90
47.842,78,217.1,-2449.31,-2449.31,2936,-2936,155.37,155.38,155.3777,-1.72,0.28,1.00,mixed,-1.27,stressed,-3.56,0,mm,3.46,99.86,99.87,99.8650,-0.06,0.03,0.00,chop,-0.40,normal,-1.34,-2936,mm,50.13,25.62,25.63,25.5488,9.65,1.74,0.55,TREND,2.42,stressed,1.66,0,mm,-2502.90
47.863,78,217.1,-2449.31,-2449.31,2936,-2936,155.37,155.38,155.3777,-1.71,0.28,1.00,mixed,-1.27,stressed,-3.56,0,mm,3.46,99.86,99.87,99.8650,-0.06,0.03,0.00,chop,-0.40,normal,-1.34,-2936,mm,50.13,25.62,25.63,25.5496,9.66,1.74,0.55,TREND,2.42,stressed,1.66,0,mm,-2502.90
47.915,78,217.1,-2449.31,-2449.31,2936,-2936,155.36,155.38,155.3775,-1.72,0.28,1.00,mixed,-1.27,stressed,-3.56,0,mm,3.46,99.86,99.87,99.8650,-0.06,0.03,0.00,chop,-0.40,normal,-1.34,-2936,mm,50.13,25.61,25.63,25.5513,9.68,1.74,0.55,TREND,2.42,stressed,1.66,0,mm,-2502.90
47.969,78,217.1,-2449.31,-2449.31,2936,-2936,155.36,155.38,155.3773,-1.72,0.28,1.00,mixed,-1.27,stressed,-3.56,0,mm,3.46,99.86,99.87,99.8650,-0.06,0.03,0.00,chop,-0.40,normal,-1.34,-2936,mm,50.13,25.61,25.63,25.5530,9.68,1.74,0.55,TREND,2.42,stressed,1.66,0,mm,-2502.90
47.993,78,217.1,-2449.31,-2449.31,2936,-2936,155.36,155.38,155.3773,-1.72,0.28,1.00,mixed,-1.27,stressed,-3.56,0,mm,3.46,99.86,99.87,99.8650,-0.06,0.03,0.00,chop,-0.40,normal,-1.34,-2936,mm,50.13,25.61,25.63,25.5538,9.68,1.74,0.55,TREND,2.42,stressed,1.66,0,mm,-2502.90
48.024,78,217.1,-2449.31,-2449.31,2936,-2936,155.36,155.38,155.3771,-1.73,0.28,1.00,mixed,-1.27,stressed,-3.56,0,mm,3.46,99.86,99.87,99.8650,-0.06,0.03,0.00,chop,-0.40,normal,-1.34,-2936,mm,50.13,25.61,25.63,25.5548,9.68,1.74,0.55,TREND,2.42,stressed,1.66,0,mm,-2502.90
48.044,78,217.1,-2449.31,-2449.31,2936,-2936,155.36,155.38,155.3771,-1.73,0.28,1.00,mixed,-1.27,stressed,-3.56,0,mm,3.46,99.86,99.87,99.8650,-0.05,0.03,0.00,chop,-0.40,normal,-1.34,-2936,mm,50.13,25.61,25.63,25.5554,9.68,1.74,0.55,TREND,2.42,stressed,1.66,0,mm,-2502.90
48.068,78,217.1,-2449.31,-2449.31,2936,-2936,155.36,155.38,155.3770,-1.73,0.28,1.00,mixed,-1.27,stressed,-3.56,0,mm,3.46,99.86,99.87,99.8650,-0.05,0.03,0.00,chop,-0.40,normal,-1.34,-2936,mm,50.13,25.61,25.63,25.5561,9.68,1.74,0.55,TREND,2.42,stressed,1.66,0,mm,-2502.90
48.095,78,217.1,-2449.31,-2449.31,2936,-2936,155.36,155.38,155.3769,-1.73,0.28,1.00,mixed,-1.40,stressed,-3.56,0,mm,3.46,99.86,99.87,99.8650,-0.05,0.03,0.00,chop,-0.38,normal,-1.34,-2936,mm,50.13,25.61,25.63,25.5569,9.68,1.74,0.53,TREND,2.26,stressed,1.66,0,mm,-2502.90
48.120,78,217.1,-2449.31,-2449.31,2936,-2936,155.36,155.38,155.3768,-1.73,0.28,1.00,mixed,-1.40,stressed,-3.56,0,mm,3.46,99.86,99.87,99.8650,-0.05,0.03,0.00,chop,-0.38,normal,-1.34,-2936,mm,50.13,25.61,25.63,25.5577,9.67,1.74,0.53,TREND,2.26,stressed,1.66,0,mm,-2502.90
48.177,78,217.1,-2449.31,-2449.31,2936,-2936,155.36,155.37,155.3765,-1.75,0.28,1.00,mixed,-1.40,stressed,-3.56,0,mm,3.46,99.86,99.87,99.8650,-0.05,0.03,0.00,chop,-0.38,normal,-1.34,-2936,mm,50.13,25.61,25.62,25.5592,9.64,1.74,0.53,TREND,2.26,stressed,1.66,0,mm,-2502.90
48.212,78,217.1,-2449.31,-2449.31,2936,-2936,155.36,155.37,155.3763,-1.77,0.28,1.00,mixed,-1.40,stressed,-3.56,0,mm,3.46,99.86,99.87,99.8650,-0.05,0.03,0.00,chop,-0.38,normal,-1.34,-2936,mm,50.13,25.61,25.62,25.5601,9.62,1.74,0.53,TREND,2.26,stressed,1.66,0,mm,-2502.90
48.235,78,217.1,-2449.31,-2449.31,2936,-2936,155.36,155.37,155.3762,-1.77,0.28,1.00,mixed,-1.40,stressed,-3.56,0,mm,3.46,99.86,99.87,99.8650,-0.05,0.03,0.00,chop,-0.38,normal,-1.34,-2936,mm,50.13,25.61,25.62,25.5608,9.60,1.74,0.53,TREND,2.26,stressed,1.66,0,mm,-2502.90
48.260,78,217.1,-2449.31,-2449.31,2936,-2936,155.36,155.37,155.3761,-1.78,0.28,1.00,mixed,-1.40,stressed,-3.56,0,mm,3.46,99.86,99.87,99.8650,-0.05,0.03,0.00,chop,-0.38,normal,-1.34,-2936,mm,50.13,25.61,25.62,25.5614,9.58,1.74,0.53,TREND,2.26,stressed,1.66,0,mm,-2502.90
48.295,78,220.7,-2449.31,-2449.31,2936,-2936,155.36,155.37,155.3759,-1.79,0.33,1.00,mixed,-1.40,stressed,-3.56,0,mm,3.46,99.86,99.87,99.8650,-0.05,0.03,0.00,chop,-0.38,normal,-1.34,-2936,mm,50.13,25.61,25.62,25.5623,9.56,1.77,0.53,TREND,2.26,stressed,1.66,0,mm,-2502.90
48.313,78,220.7,-2449.31,-2449.31,2936,-2936,155.36,155.37,155.3758,-1.80,0.33,1.00,mixed,-1.40,stressed,-3.56,0,mm,3.46,99.86,99.87,99.8650,-0.05,0.03,0.00,chop,-0.38,normal,-1.34,-2936,mm,50.13,25.61,25.62,25.5627,9.54,1.77,0.53,TREND,2.26,stressed,1.66,0,mm,-2502.90
48.339,78,220.7,-2449.31,-2449.31,2936,-2936,155.36,155.37,155.3757,-1.81,0.33,1.00,mixed,-1.40,stressed,-3.56,0,mm,3.46,99.86,99.87,99.8650,-0.05,0.03,0.00,chop,-0.38,normal,-1.34,-2936,mm,50.13,25.61,25.62,25.5634,9.52,1.77,0.53,TREND,2.26,stressed,1.66,0,mm,-2502.90
48.365,78,220.7,-2449.31,-2449.31,2936,-2936,155.36,155.37,155.3755,-1.81,0.33,1.00,mixed,-1.53,stressed,-3.56,0,mm,3.46,99.86,99.87,99.8650,-0.05,0.03,0.00,chop,-0.38,normal,-1.34,-2936,mm,50.13,25.61,25.62,25.5640,9.50,1.77,0.50,TREND,2.10,stressed,1.66,0,mm,-2502.90
48.423,78,220.7,-2449.31,-2449.31,2936,-2936,155.35,155.37,155.3751,-1.85,0.33,1.00,mixed,-1.53,stressed,-3.56,0,mm,3.46,99.86,99.87,99.8650,-0.05,0.03,0.00,chop,-0.38,normal,-1.34,-2936,mm,50.13,25.6,25.62,25.5652,9.43,1.77,0.50,TREND,2.10,stressed,1.66,0,mm,-2502.90
48.460,78,220.7,-2449.31,-2449.31,2936,-2936,155.35,155.37,155.3748,-1.87,0.33,1.00,mixed,-1.53,stressed,-3.56,0,mm,3.46,99.86,99.87,99.8650,-0.05,0.03,0.00,chop,-0.38,normal,-1.34,-2936,mm,50.13,25.6,25.62,25.5660,9.39,1.77,0.50,TREND,2.10,stressed,1.66,0,mm,-2502.90
48.482,78,220.7,-2449.31,-2449.31,2936,-2936,155.35,155.37,155.3747,-1.89,0.33,1.00,mixed,-1.53,stressed,-3.56,0,mm,3.46,99.86,99.87,99.8650,-0.05,0.03,0.00,chop,-0.38,normal,-1.34,-2936,mm,50.13,25.6,25.62,25.5665,9.36,1.77,0.50,TREND,2.10,stressed,1.66,0,mm,-2502.90
48.507,78,220.7,-2449.31,-2449.31,2936,-2936,155.35,155.37,155.3745,-1.90,0.33,1.00,mixed,-1.53,stressed,-3.56,0,mm,3.46,99.86,99.87,99.8650,-0.05,0.03,0.00,chop,-0.38,normal,-1.34,-2936,mm,50.13,25.6,25.62,25.5670,9.33,1.77,0.50,TREND,2.10,stressed,1.66,0,mm,-2502.90
48.538,78,220.7,-2449.31,-2449.31,2936,-2936,155.35,155.37,155.3743,-1.91,0.33,1.00,mixed,-1.53,stressed,-3.56,0,mm,3.46,99.86,99.87,99.8650,-0.05,0.03,0.00,chop,-0.38,normal,-1.34,-2936,mm,50.13,25.6,25.62,25.5676,9.29,1.77,0.50,TREND,2.10,stressed,1.66,0,mm,-2502.90
48.559,78,220.7,-2449.31,-2449.31,2936,-2936,155.35,155.37,155.3742,-1.92,0.33,1.00,mixed,-1.53,stressed,-3.56,0,mm,3.46,99.86,99.87,99.8650,-0.05,0.03,0.00,chop,-0.38,normal,-1.34,-2936,mm,50.13,25.6,25.62,25.5680,9.27,1.77,0.50,TREND,2.10,stressed,1.66,0,mm,-2502.90
48.585,78,220.7,-2449.31,-2449.31,2936,-2936,155.35,155.37,155.3740,-1.94,0.33,1.00,mixed,-1.53,stressed,-3.56,0,mm,3.46,99.86,99.87,99.8650,-0.05,0.03,0.00,chop,-0.38,normal,-1.34,-2936,mm,50.13,25.6,25.62,25.5685,9.24,1.77,0.50,TREND,2.10,stressed,1.66,0,mm,-2502.90
48.610,78,220.7,-2449.31,-2449.31,2936,-2936,155.35,155.37,155.3738,-1.95,0.33,1.00,mixed,-1.53,stressed,-3.56,0,mm,3.46,99.86,99.87,99.8650,-0.05,0.03,0.00,chop,-0.38,normal,-1.34,-2936,mm,50.13,25.6,25.62,25.5690,9.20,1.77,0.50,TREND,2.10,stressed,1.66,0,mm,-2502.90
48.665,78,220.7,-2449.31,-2449.31,2936,-2936,155.35,155.36,155.3734,-1.99,0.33,1.00,mixed,-1.81,stressed,-3.56,0,mm,3.46,99.86,99.87,99.8650,-0.05,0.03,0.00,chop,-0.36,normal,-1.34,-2936,mm,50.13,25.59,25.61,25.5698,9.09,1.77,0.58,TREND,1.83,stressed,1.66,0,mm,-2502.90
48.709,78,220.7,-2449.31,-2449.31,2936,-2936,155.35,155.36,155.3730,-2.03,0.33,1.00,mixed,-1.81,stressed,-3.56,0,mm,3.46,99.86,99.87,99.8650,-0.05,0.03,0.00,chop,-0.36,normal,-1.34,-2936,mm,50.13,25.59,25.61,25.5704,9.00,1.77,0.58,TREND,1.83,stressed,1.66,0,mm,-2502.90
48.731,78,220.7,-2449.31,-2449.31,2936,-2936,155.35,155.36,155.3728,-2.04,0.33,1.00,mixed,-1.81,stressed,-3.56,0,mm,3.46,99.86,99.87,99.8650,-0.05,0.03,0.00,chop,-0.36,normal,-1.34,-2936,mm,50.13,25.59,25.61,25.5707,8.96,1.77,0.58,TREND,1.83,stressed,1.66,0,mm,-2502.90
48.756,78,220.7,-2449.31,-2449.31,2936,-2936,155.35,155.36,155.3726,-2.06,0.33,1.00,mixed,-1.81,stressed,-3.56,0,mm,3.46,99.86,99.87,99.8650,-0.05,0.03,0.00,chop,-0.36,normal,-1.34,-2936,mm,50.13,25.59,25.61,25.5711,8.91,1.77,0.58,TREND,1.83,stressed,1.66,0,mm,-2502.90
48.781,78,220.7,-2449.31,-2449.31,2936,-2936,155.35,155.36,155.3724,-2.07,0.33,1.00,mixed,-1.81,stressed,-3.56,0,mm,3.46,99.86,99.87,99.8650,-0.05,0.03,0.00,chop,-0.36,normal,-1.34,-2936,mm,50.13,25.59,25.61,25.5714,8.86,1.77,0.58,TREND,1.83,stressed,1.66,0,mm,-2502.90
48.813,78,224.7,-2449.31,-2449.31,2936,-2936,155.35,155.36,155.3721,-2.09,0.37,1.00,mixed,-1.81,stressed,-3.56,0,mm,3.46,99.86,99.87,99.8650,-0.05,0.02,0.00,chop,-0.36,normal,-1.34,-2936,mm,50.13,25.59,25.61,25.5718,8.80,1.83,0.58,TREND,1.83,stressed,1.66,0,mm,-2502.90
48.909,78,224.7,-2449.31,-2449.31,3146,-2726,155.34,155.36,155.3711,-2.18,0.37,1.00,mixed,-1.81,stressed,-3.56,0,mm,3.46,99.86,99.87,99.8650,-0.05,0.02,0.00,chop,-0.36,normal,-1.34,-2936,mm,50.13,25.58,25.6,25.5726,8.54,1.83,0.58,TREND,1.83,stressed,1.66,210,mm,-2504.77
49.005,78,224.7,-2449.31,-2449.31,3146,-2726,155.34,155.35,155.3700,-2.30,0.37,1.00,mixed,-2.08,stressed,-3.56,0,mm,3.46,99.86,99.87,99.8650,-0.05,0.02,0.00,chop,-0.34,calm,-1.34,-2936,mm,50.13,25.58,25.59,25.5732,8.26,1.83,0.55,TREND,1.59,stressed,1.66,210,mm,-2504.77
49.057,78,224.7,-2449.31,-2449.31,3146,-2726,155.34,155.35,155.3694,-2.36,0.37,1.00,mixed,-2.08,stressed,-3.56,0,mm,3.46,99.86,99.87,99.8650,-0.05,0.02,0.00,chop,-0.34,calm,-1.34,-2936,mm,50.13,25.58,25.59,25.5735,8.12,1.83,0.55,TREND,1.59,stressed,1.66,210,mm,-2504.77
49.086,78,224.7,-2449.31,-2449.31,3146,-2726,155.34,155.35,155.3691,-2.38,0.37,1.00,mixed,-2.08,stressed,-3.56,0,mm,3.46,99.86,99.87,99.8650,-0.05,0.02,0.00,chop,-0.34,calm,-1.34,-2936,mm,50.13,25.58,25.59,25.5736,8.04,1.83,0.55,TREND,1.59,stressed,1.66,210,mm,-2504.77
49.103,78,224.7,-2449.31,-2449.31,3146,-2726,155.34,155.35,155.3689,-2.40,0.37,1.00,mixed,-2.08,stressed,-3.56,0,mm,3.46,99.86,99.87,99.8650,-0.05,0.02,0.00,chop,-0.34,calm,-1.34,-2936,mm,50.13,25.58,25.59,25.5737,8.00,1.83,0.55,TREND,1.59,stressed,1.66,210,mm,-2504.77
49.133,78,224.7,-2449.31,-2449.31,3146,-2726,155.34,155.35,155.3685,-2.43,0.37,1.00,mixed,-2.08,stressed,-3.56,0,mm,3.46,99.86,99.87,99.8650,-0.05,0.02,0.00,chop,-0.34,calm,-1.34,-2936,mm,50.13,25.58,25.59,25.5739,7.92,1.83,0.55,TREND,1.59,stressed,1.66,210,mm,-2504.77
49.154,78,224.7,-2449.31,-2449.31,3146,-2726,155.34,155.35,155.3683,-2.45,0.37,1.00,mixed,-2.08,stressed,-3.56,0,mm,3.46,99.86,99.87,99.8650,-0.05,0.02,0.00,chop,-0.34,calm,-1.34,-2936,mm,50.13,25.58,25.59,25.5740,7.87,1.83,0.55,TREND,1.59,stressed,1.66,210,mm,-2504.77
49.187,78,224.7,-2449.31,-2449.31,4646,-1226,155.34,155.35,155.3679,-2.48,0.37,1.00,mixed,-2.08,stressed,-3.56,0,mm,3.46,99.86,99.87,99.8650,-0.04,0.02,0.00,chop,-0.34,calm,-1.34,-2936,mm,50.13,25.58,25.59,25.5741,7.78,1.83,0.55,TREND,1.59,stressed,1.66,1710,mm,-2503.12
49.211,78,224.7,-2449.31,-2449.31,4646,-1226,155.34,155.35,155.3677,-2.50,0.37,1.00,mixed,-2.08,stressed,-3.56,0,mm,3.46,99.86,99.87,99.8650,-0.04,0.02,0.00,chop,-0.34,calm,-1.34,-2936,mm,50.13,25.58,25.59,25.5743,7.72,1.83,0.55,TREND,1.59,stressed,1.66,1710,mm,-2503.12
49.234,78,224.7,-2449.31,-2449.31,4646,-1226,155.34,155.35,155.3674,-2.51,0.37,1.00,mixed,-2.08,stressed,-3.56,0,mm,3.46,99.86,99.87,99.8650,-0.04,0.02,0.00,chop,-0.34,calm,-1.34,-2936,mm,50.13,25.58,25.59,25.5744,7.67,1.83,0.55,TREND,1.59,stressed,1.66,1710,mm,-2503.12
49.256,78,224.7,-2449.31,-2449.31,4646,-1226,155.34,155.35,155.3672,-2.53,0.37,1.00,mixed,-2.08,stressed,-3.56,0,mm,3.46,99.86,99.87,99.8650,-0.04,0.02,0.00,chop,-0.34,calm,-1.34,-2936,mm,50.13,25.58,25.59,25.5745,7.62,1.83,0.55,TREND,1.59,stressed,1.66,1710,mm,-2503.12
49.282,78,224.7,-2449.31,-2449.31,4646,-1226,155.34,155.35,155.3670,-2.55,0.37,1.00,mixed,-2.04,stressed,-3.56,0,mm,3.46,99.86,99.87,99.8650,-0.04,0.02,0.00,chop,-0.31,calm,-1.34,-2936,mm,50.13,25.58,25.59,25.5746,7.56,1.83,0.61,TREND,1.55,stressed,1.66,1710,mm,-2503.12
49.312,79,219.9,-2451.18,-2451.18,4646,-1226,155.34,155.35,155.3666,-2.57,0.37,1.00,mixed,-2.04,stressed,-3.21,0,mm,3.46,99.86,99.87,99.8650,-0.04,0.02,0.00,chop,-0.31,calm,-0.89,-2936,mm,50.13,25.58,25.59,25.5748,7.48,1.83,0.61,TREND,1.55,stressed,1.27,1710,mm,-2503.12
49.338,79,219.9,-2451.18,-2451.18,4646,-1226,155.34,155.35,155.3664,-2.59,0.39,1.00,mixed,-2.04,stressed,-3.21,0,mm,3.46,99.86,99.87,99.8650,-0.04,0.02,0.00,chop,-0.31,calm,-0.89,-2936,mm,50.13,25.58,25.59,25.5749,7.42,1.86,0.61,TREND,1.55,stressed,1.27,1710,mm,-2503.12
49.363,79,219.9,-2451.18,-2451.18,4646,-1226,155.34,155.35,155.3661,-2.60,0.39,1.00,mixed,-2.04,stressed,-3.21,0,mm,3.46,99.86,99.87,99.8650,-0.04,0.02,0.00,chop,-0.31,calm,-0.89,-2936,mm,50.13,25.58,25.59,25.5750,7.37,1.86,0.61,TREND,1.55,stressed,1.27,1710,mm,-2503.12
49.384,79,219.9,-2451.18,-2451.18,4646,-1226,155.34,155.35,155.3659,-2.61,0.39,1.00,mixed,-2.04,stressed,-3.21,0,mm,3.46,99.86,99.87,99.8650,-0.04,0.02,0.00,chop,-0.31,calm,-0.89,-2936,mm,50.13,25.58,25.59,25.5751,7.32,1.86,0.61,TREND,1.55,stressed,1.27,1710,mm,-2503.12
49.413,79,219.9,-2451.18,-2451.18,5046,-826,155.34,155.35,155.3656,-2.63,0.39,1.00,mixed,-2.04,stressed,-3.21,0,mm,3.46,99.86,99.87,99.8650,-0.04,0.02,0.00,chop,-0.31,calm,-0.89,-2936,mm,50.13,25.58,25.59,25.5752,7.26,1.86,0.61,TREND,1.55,stressed,1.27,2110,mm,-2519.78
49.446,79,219.9,-2451.18,-2451.18,5046,-826,155.34,155.35,155.3653,-2.65,0.39,1.00,mixed,-2.04,stressed,-3.21,0,mm,3.46,99.86,99.87,99.8650,-0.04,0.02,0.00,chop,-0.31,calm,-0.89,-2936,mm,50.13,25.58,25.59,25.5754,7.19,1.86,0.61,TREND,1.55,stressed,1.27,2110,mm,-2519.78
49.463,79,219.9,-2451.18,-2451.18,5046,-826,155.34,155.35,155.3651,-2.65,0.39,1.00,mixed,-2.04,stressed,-3.21,0,mm,3.46,99.86,99.87,99.8650,-0.04,0.02,0.00,chop,-0.31,calm,-0.89,-2936,mm,50.13,25.58,25.59,25.5755,7.15,1.86,0.61,TREND,1.55,stressed,1.27,2110,mm,-2519.78
49.488,79,219.9,-2451.18,-2451.18,5046,-826,155.34,155.35,155.3649,-2.67,0.39,1.00,mixed,-2.04,stressed,-3.21,0,mm,3.46,99.86,99.87,99.8650,-0.04,0.02,0.00,chop,-0.31,calm,-0.89,-2936,mm,50.13,25.58,25.59,25.5756,7.09,1.86,0.61,TREND,1.55,stressed,1.27,2110,mm,-2519.78
49.514,79,219.9,-2451.18,-2451.18,5046,-826,155.34,155.35,155.3647,-2.68,0.39,1.00,mixed,-2.04,stressed,-3.21,0,mm,3.46,99.86,99.87,99.8650,-0.04,0.02,0.00,chop,-0.31,calm,-0.89,-2936,mm,50.13,25.58,25.59,25.5757,7.04,1.86,0.61,TREND,1.55,stressed,1.27,2110,mm,-2519.78
49.540,79,219.9,-2451.18,-2451.18,5046,-826,155.34,155.35,155.3644,-2.69,0.39,1.00,mixed,-2.01,stressed,-3.21,0,mm,3.46,99.86,99.87,99.8650,-0.04,0.02,0.00,chop,-0.27,calm,-0.89,-2936,mm,50.13,25.58,25.59,25.5758,6.99,1.86,0.61,TREND,1.50,stressed,1.27,2110,mm,-2519.78
49.565,79,219.9,-2451.18,-2451.18,5046,-826,155.34,155.35,155.3642,-2.70,0.39,1.00,mixed,-2.01,stressed,-3.21,0,mm,3.46,99.86,99.87,99.8650,-0.04,0.02,0.00,chop,-0.27,calm,-0.89,-2936,mm,50.13,25.58,25.59,25.5759,6.94,1.86,0.61,TREND,1.50,stressed,1.27,2110,mm,-2519.78
49.594,79,219.9,-2451.18,-2451.18,5046,-826,155.34,155.35,155.3639,-2.71,0.39,1.00,mixed,-2.01,stressed,-3.21,0,mm,3.46,99.86,99.87,99.8650,-0.04,0.02,0.00,chop,-0.27,calm,-0.89,-2936,mm,50.13,25.58,25.59,25.5760,6.88,1.86,0.61,TREND,1.50,stressed,1.27,2110,mm,-2519.78
49.624,79,219.9,-2451.18,-2451.18,5046,-826,155.34,155.35,155.3637,-2.72,0.39,1.00,mixed,-2.01,stressed,-3.21,0,mm,3.46,99.86,99.87,99.8650,-0.04,0.02,0.00,chop,-0.27,calm,-0.89,-2936,mm,50.13,25.58,25.59,25.5762,6.82,1.86,0.61,TREND,1.50,stressed,1.27,2110,mm,-2519.78
49.646,79,219.9,-2451.18,-2451.18,5046,-826,155.34,155.35,155.3635,-2.73,0.39,1.00,mixed,-2.01,stressed,-3.21,0,mm,3.46,99.86,99.87,99.8650,-0.04,0.02,0.00,chop,-0.27,calm,-0.89,-2936,mm,50.13,25.58,25.59,25.5763,6.78,1.86,0.61,TREND,1.50,stressed,1.27,2110,mm,-2519.78
49.677,79,219.9,-2451.18,-2451.18,3974,3974,155.33,155.35,155.3631,-2.75,0.39,1.00,mixed,-2.01,stressed,-3.21,0,mm,3.46,99.85,99.87,99.8649,-0.05,0.02,0.00,chop,-0.27,calm,-0.89,964,mm,62.05,25.57,25.58,25.5762,6.70,1.86,0.61,TREND,1.50,stressed,1.27,3010,mm,-2518.79
49.724,79,219.9,-2451.18,-2451.18,3974,3974,155.33,155.35,155.3626,-2.78,0.39,1.00,mixed,-2.01,stressed,-3.21,0,mm,3.46,99.85,99.87,99.8648,-0.07,0.02,0.00,chop,-0.27,calm,-0.89,964,mm,62.05,25.57,25.58,25.5762,6.57,1.86,0.61,TREND,1.50,stressed,1.27,3010,mm,-2518.79
49.745,79,219.9,-2451.18,-2451.18,3974,3974,155.33,155.35,155.3624,-2.79,0.39,1.00,mixed,-2.01,stressed,-3.21,0,mm,3.46,99.85,99.87,99.8648,-0.08,0.02,0.00,chop,-0.27,calm,-0.89,964,mm,62.05,25.57,25.58,25.5762,6.52,1.86,0.61,TREND,1.50,stressed,1.27,3010,mm,-2518.79
49.769,79,219.9,-2451.18,-2451.18,3974,3974,155.33,155.35,155.3622,-2.81,0.39,1.00,mixed,-2.01,stressed,-3.21,0,mm,3.46,99.85,99.87,99.8647,-0.09,0.02,0.00,chop,-0.27,calm,-0.89,964,mm,62.05,25.57,25.58,25.5762,6.46,1.86,0.61,TREND,1.50,stressed,1.27,3010,mm,-2518.79
49.795,79,219.9,-2451.18,-2451.18,3974,3974,155.33,155.35,155.3619,-2.82,0.39,1.00,mixed,-2.12,stressed,-3.21,0,mm,3.46,99.85,99.87,99.8647,-0.10,0.02,1.00,mixed,-1.16,calm,-0.89,964,mm,62.05,25.57,25.58,25.5762,6.39,1.86,0.55,TREND,1.33,stressed,1.27,3010,mm,-2518.79
49.872,80,215.8,-2876.53,-2876.53,7546,-526,155.33,155.34,155.3609,-2.89,0.41,1.00,mixed,-2.12,stressed,-3.32,0,mm,3.46,99.94,99.95,99.8676,0.40,0.74,1.00,mixed,-1.16,calm,0.93,-4036,mm,-301.55,25.55,25.57,25.5756,6.12,1.95,0.55,TREND,1.33,stressed,1.09,3510,mm,-2578.44
50.005,80,215.8,-2876.53,-2876.53,7546,-526,155.33,155.34,155.3593,-2.99,0.41,1.00,mixed,-2.12,stressed,-3.32,0,mm,3.46,99.96,100.01,99.8748,1.55,0.74,1.00,mixed,-1.16,calm,0.93,-4036,mm,-301.55,25.55,25.56,25.5743,5.63,1.95,0.55,TREND,1.33,stressed,1.09,3510,mm,-2578.44
50.043,80,215.8,-2876.53,-2876.53,7546,-526,155.33,155.34,155.3589,-3.01,0.41,1.00,mixed,-2.12,stressed,-3.32,0,mm,3.46,99.96,100.01,99.8768,1.84,0.74,1.00,mixed,-1.16,calm,0.93,-4036,mm,-301.55,25.55,25.56,25.5740,5.50,1.95,0.55,TREND,1.33,stressed,1.09,3510,mm,-2578.44
50.059,80,215.8,-2876.53,-2876.53,7546,-526,155.33,155.34,155.3587,-3.02,0.41,1.00,mixed,-2.22,stressed,-3.32,0,mm,3.46,99.96,100.01,99.8775,1.96,0.74,0.92,mixed,8.42,stressed,0.93,-4036,mm,-301.55,25.55,25.56,25.5738,5.45,1.95,0.45,TREND,1.04,stressed,1.09,3510,mm,-2578.44
50.085,80,215.8,-2876.53,-2876.53,7546,-526,155.33,155.34,155.3584,-3.04,0.41,1.00,mixed,-2.22,stressed,-3.32,0,mm,3.46,99.96,100.01,99.8789,2.16,0.74,0.92,mixed,8.42,stressed,0.93,-4036,mm,-301.55,25.55,25.56,25.5736,5.37,1.95,0.45,TREND,1.04,stressed,1.09,3510,mm,-2578.44
50.111,80,215.8,-2876.53,-2876.53,7546,-526,155.33,155.34,155.3581,-3.05,0.41,1.00,mixed,-2.22,stressed,-3.32,0,mm,3.46,99.96,100.01,99.8802,2.34,0.74,0.92,mixed,8.42,stressed,0.93,-4036,mm,-301.55,25.55,25.56,25.5734,5.28,1.95,0.45,TREND,1.04,stressed,1.09,3510,mm,-2578.44
50.134,80,215.8,-2876.53,-2876.53,7546,-526,155.33,155.34,155.3579,-3.06,0.41,1.00,mixed,-2.22,stressed,-3.32,0,mm,3.46,99.96,100.01,99.8814,2.50,0.74,0.92,mixed,8.42,stressed,0.93,-4036,mm,-301.55,25.55,25.56,25.5732,5.21,1.95,0.45,TREND,1.04,stressed,1.09,3510,mm,-2578.44
50.185,80,215.8,-2876.53,-2876.53,7546,-526,155.33,155.34,155.3573,-3.08,0.41,1.00,mixed,-2.22,stressed,-3.32,0,mm,3.46,99.96,100.01,99.8838,2.83,0.74,0.92,mixed,8.42,stressed,0.93,-4036,mm,-301.55,25.55,25.56,25.5727,5.06,1.95,0.45,TREND,1.04,stressed,1.09,3510,mm,-2578.44
50.211,80,215.8,-2876.53,-2876.53,3510,3510,155.32,155.34,155.3570,-3.11,0.41,1.00,mixed,-2.22,stressed,-3.32,0,mm,3.46,100.0,100.02,99.8854,3.05,0.74,0.92,mixed,8.42,stressed,0.93,0,mm,-507.34,25.55,25.56,25.5725,4.99,1.95,0.45,TREND,1.04,stressed,1.09,3510,mm,-2578.44
50.249,80,215.8,-2876.53,-2876.53,3510,3510,155.32,155.34,155.3565,-3.13,0.41,1.00,mixed,-2.22,stressed,-3.32,0,mm,3.46,100.0,100.02,99.8876,3.36,0.74,0.92,mixed,8.42,stressed,0.93,0,mm,-507.34,25.55,25.56,25.5722,4.88,1.95,0.45,TREND,1.04,stressed,1.09,3510,mm,-2578.44
50.269,80,215.8,-2876.53,-2876.53,3510,3510,155.32,155.34,155.3563,-3.15,0.41,1.00,mixed,-2.22,stressed,-3.32,0,mm,3.46,100.0,100.02,99.8888,3.51,0.74,0.92,mixed,8.42,stressed,0.93,0,mm,-507.34,25.55,25.56,25.5720,4.82,1.95,0.45,TREND,1.04,stressed,1.09,3510,mm,-2578.44
50.292,80,215.8,-2876.53,-2876.53,3510,3510,155.32,155.34,155.3560,-3.17,0.41,1.00,mixed,-2.22,stressed,-3.32,0,mm,3.46,100.0,100.02,99.8901,3.68,0.74,0.92,mixed,8.42,stressed,0.93,0,mm,-507.34,25.55,25.56,25.5719,4.76,1.95,0.45,TREND,1.04,stressed,1.09,3510,mm,-2578.44
50.315,80,215.8,-2876.53,-2876.53,3510,3510,155.32,155.34,155.3557,-3.18,0.41,1.00,mixed,-2.31,stressed,-3.32,0,mm,3.46,100.0,100.02,99.8914,3.85,0.74,0.94,TREND,6.68,stressed,0.93,0,mm,-507.34,25.55,25.56,25.5717,4.70,1.95,0.45,TREND,1.02,stressed,1.09,3510,mm,-2578.44
50.345,80,219.2,-2876.53,-2876.53,3510,3510,155.32,155.34,155.3553,-3.20,0.41,1.00,mixed,-2.31,stressed,-3.32,0,mm,3.46,100.0,100.02,99.8931,4.06,0.74,0.94,TREND,6.68,stressed,0.93,0,mm,-507.34,25.55,25.56,25.5714,4.62,1.95,0.45,TREND,1.02,stressed,1.09,3510,mm,-2578.44
50.368,80,219.2,-2876.53,-2876.53,3510,3510,155.32,155.34,155.3550,-3.21,0.41,1.00,mixed,-2.31,stressed,-3.32,0,mm,3.46,100.0,100.02,99.8943,4.22,0.74,0.94,TREND,6.68,stressed,0.93,0,mm,-507.34,25.55,25.56,25.5713,4.56,1.95,0.45,TREND,1.02,stressed,1.09,3510,mm,-2578.44
50.394,80,219.2,-2876.53,-2876.53,3510,3510,155.32,155.34,155.3547,-3.23,0.37,1.00,mixed,-2.31,stressed,-3.32,0,mm,3.46,100.0,100.02,99.8958,4.39,1.18,0.94,TREND,6.68,stressed,0.93,0,mm,-507.34,25.55,25.56,25.5711,4.50,1.82,0.45,TREND,1.02,stressed,1.09,3510,mm,-2578.44
50.464,80,219.2,-2876.53,-2876.53,3510,3510,155.32,155.33,155.3538,-3.29,0.37,1.00,mixed,-2.31,stressed,-3.32,0,mm,3.46,100.05,100.09,99.9014,5.14,1.18,0.94,TREND,6.68,stressed,0.93,0,mm,-507.34,25.54,25.56,25.5704,4.31,1.82,0.45,TREND,1.02,stressed,1.09,3510,mm,-2578.44
50.515,80,219.2,-2876.53,-2876.53,3510,3510,155.32,155.33,155.3531,-3.33,0.37,1.00,mixed,-2.31,stressed,-3.32,0,mm,3.46,100.05,100.09,99.9054,5.66,1.18,0.94,TREND,6.68,stressed,0.93,0,mm,-507.34,25.54,25.56,25.5699,4.18,1.82,0.45,TREND,1.02,stressed,1.09,3510,mm,-2578.44
50.540,80,219.2,-2876.53,-2876.53,3510,3510,155.32,155.33,155.3528,-3.35,0.37,1.00,mixed,-2.31,stressed,-3.32,0,mm,3.46,100.05,100.09,99.9074,5.91,1.18,0.94,TREND,6.68,stressed,0.93,0,mm,-507.34,25.54,25.56,25.5697,4.11,1.82,0.45,TREND,1.02,stressed,1.09,3510,mm,-2578.44
50.562,80,219.2,-2876.53,-2876.53,3510,3510,155.32,155.33,155.3525,-3.37,0.37,1.00,mixed,-2.31,stressed,-3.32,0,mm,3.46,100.05,100.09,99.9091,6.12,1.18,0.94,TREND,6.68,stressed,0.93,0,mm,-507.34,25.54,25.56,25.5695,4.05,1.82,0.45,TREND,1.02,stressed,1.09,3510,mm,-2578.44
50.590,80,219.2,-2876.53,-2876.53,3510,3510,155.32,155.33,155.3521,-3.39,0.37,1.00,mixed,-2.39,stressed,-3.32,0,mm,3.46,100.05,100.09,99.9111,6.37,1.18,0.95,TREND,6.46,stressed,0.93,0,mm,-507.34,25.54,25.56,25.5692,3.99,1.82,0.43,TREND,0.93,stressed,1.09,3510,mm,-2578.44
50.619,80,219.2,-2876.53,-2876.53,3510,3510,155.32,155.33,155.3517,-3.41,0.37,1.00,mixed,-2.39,stressed,-3.32,0,mm,3.46,100.05,100.09,99.9133,6.62,1.18,0.95,TREND,6.46,stressed,0.93,0,mm,-507.34,25.54,25.56,25.5689,3.92,1.82,0.43,TREND,0.93,stressed,1.09,3510,mm,-2578.44
50.645,80,219.2,-2876.53,-2876.53,3510,3510,155.32,155.33,155.3514,-3.42,0.37,1.00,mixed,-2.39,stressed,-3.32,0,mm,3.46,100.05,100.09,99.9153,6.85,1.18,0.95,TREND,6.46,stressed,0.93,0,mm,-507.34,25.54,25.56,25.5687,3.86,1.82,0.43,TREND,0.93,stressed,1.09,3510,mm,-2578.44
50.667,80,219.2,-2876.53,-2876.53,3510,3510,155.32,155.33,155.3511,-3.44,0.37,1.00,mixed,-2.39,stressed,-3.32,0,mm,3.46,100.05,100.09,99.9168,7.02,1.18,0.95,TREND,6.46,stressed,0.93,0,mm,-507.34,25.54,25.56,25.5685,3.81,1.82,0.43,TREND,0.93,stressed,1.09,3510,mm,-2578.44
50.716,80,219.2,-2876.53,-2876.53,3610,3610,155.32,155.33,155.3506,-3.46,0.37,1.00,mixed,-2.39,stressed,-3.32,0,mm,3.46,99.97,100.11,99.9168,7.02,1.18,0.95,TREND,6.46,stressed,0.93,100,mm,-512.54,25.54,25.56,25.5681,3.70,1.82,0.43,TREND,0.93,stressed,1.09,3510,mm,-2578.44
50.774,80,219.2,-2876.53,-2876.53,3610,3610,155.32,155.33,155.3499,-3.49,0.37,1.00,mixed,-2.39,stressed,-3.32,0,mm,3.46,99.97,100.11,99.9168,7.02,1.18,0.95,TREND,6.46,stressed,0.93,100,mm,-512.54,25.54,25.56,25.5676,3.58,1.82,0.43,TREND,0.93,stressed,1.09,3510,mm,-2578.44
50.876,81,215.0,-3136.62,-3136.62,3610,3610,155.32,155.33,155.3487,-3.53,0.37,1.00,mixed,-2.32,stressed,-3.27,0,mm,3.46,99.85,100.1,99.9168,7.02,1.18,0.95,TREND,6.46,stressed,0.93,100,mm,-526.54,25.54,25.55,25.5665,3.34,1.82,0.40,TREND,0.83,stressed,1.00,3510,mm,-2613.54
50.974,81,215.0,-3136.62,-3136.62,3510,3510,155.32,155.33,155.3476,-3.55,0.34,1.00,mixed,-2.32,stressed,-3.27,0,mm,3.46,99.97,100.04,99.9209,7.27,1.23,0.50,TREND,3.84,stressed,0.93,0,mm,-514.40,25.53,25.55,25.5653,3.09,1.80,0.40,TREND,0.83,stressed,1.00,3510,mm,-2648.64
51.030,81,215.0,-3136.62,-3136.62,3510,3510,155.32,155.33,155.3470,-3.57,0.34,1.00,mixed,-2.32,stressed,-3.27,0,mm,3.46,99.97,100.04,99.9231,7.39,1.23,0.50,TREND,3.84,stressed,0.93,0,mm,-514.40,25.53,25.55,25.5647,2.96,1.80,0.40,TREND,0.83,stressed,1.00,3510,mm,-2648.64
51.057,81,215.0,-3136.62,-3136.62,3510,3510,155.32,155.33,155.3467,-3.57,0.34,1.00,mixed,-2.32,stressed,-3.27,0,mm,3.46,99.97,100.04,99.9241,7.44,1.23,0.50,TREND,3.84,stressed,0.93,0,mm,-514.40,25.53,25.55,25.5643,2.90,1.80,0.40,TREND,0.83,stressed,1.00,3510,mm,-2648.64
51.080,81,215.0,-3136.62,-3136.62,3510,3510,155.32,155.33,155.3465,-3.57,0.34,1.00,mixed,-2.32,stressed,-3.27,0,mm,3.46,99.97,100.04,99.9250,7.48,1.23,0.50,TREND,3.84,stressed,0.93,0,mm,-514.40,25.53,25.55,25.5641,2.85,1.80,0.40,TREND,0.83,stressed,1.00,3510,mm,-2648.64
51.113,81,215.0,-3136.62,-3136.62,3510,3510,155.32,155.33,155.3462,-3.58,0.34,1.00,mixed,-2.32,stressed,-3.27,0,mm,3.46,99.97,100.04,99.9262,7.54,1.23,0.50,TREND,3.84,stressed,0.93,0,mm,-514.40,25.53,25.55,25.5637,2.78,1.80,0.40,TREND,0.83,stressed,1.00,3510,mm,-2648.64
51.130,81,215.0,-3136.62,-3136.62,3510,3510,155.32,155.33,155.3460,-3.58,0.34,1.00,mixed,-2.24,stressed,-3.27,0,mm,3.46,99.97,100.04,99.9269,7.57,1.23,0.50,TREND,3.84,stressed,0.93,0,mm,-514.40,25.53,25.55,25.5635,2.74,1.80,0.37,TREND,0.74,stressed,1.00,3510,mm,-2648.64
51.155,81,215.0,-3136.62,-3136.62,3510,3510,155.32,155.33,155.3457,-3.58,0.34,1.00,mixed,-2.24,stressed,-3.27,0,mm,3.46,99.97,100.04,99.9278,7.62,1.23,0.50,TREND,3.84,stressed,0.93,0,mm,-514.40,25.53,25.55,25.5632,2.69,1.80,0.37,TREND,0.74,stressed,1.00,3510,mm,-2648.64
51.184,81,215.0,-3136.62,-3136.62,3510,3510,155.32,155.33,155.3455,-3.58,0.34,1.00,mixed,-2.24,stressed,-3.27,0,mm,3.46,99.97,100.04,99.9288,7.66,1.23,0.50,TREND,3.84,stressed,0.93,0,mm,-514.40,25.53,25.55,25.5629,2.63,1.80,0.37,TREND,0.74,stressed,1.00,3510,mm,-2648.64
51.223,81,215.0,-3136.62,-3136.62,3510,3510,155.31,155.32,155.3449,-3.62,0.34,1.00,mixed,-2.24,stressed,-3.27,0,mm,3.46,99.98,100.01,99.9301,7.69,1.23,0.50,TREND,3.84,stressed,0.93,0,mm,-514.40,25.54,25.55,25.5626,2.57,1.80,0.37,TREND,0.74,stressed,1.00,3510,mm,-2613.54
51.310,81,215.0,-3136.62,-3136.62,3510,3510,155.31,155.32,155.3437,-3.68,0.34,1.00,mixed,-2.24,stressed,-3.27,0,mm,3.46,99.98,100.01,99.9327,7.73,1.23,0.45,TREND,3.25,stressed,0.93,0,mm,-514.40,25.54,25.55,25.5619,2.45,1.80,0.37,TREND,0.74,stressed,1.00,3510,mm,-2613.54
51.328,81,215.0,-3136.62,-3136.62,3510,3510,155.31,155.32,155.3434,-3.69,0.34,1.00,mixed,-2.24,stressed,-3.27,0,mm,3.46,99.98,100.01,99.9332,7.74,1.23,0.45,TREND,3.25,stressed,0.93,0,mm,-514.40,25.54,25.55,25.5617,2.42,1.80,0.37,TREND,0.74,stressed,1.00,3510,mm,-2613.54
51.355,81,215.0,-3136.62,-3136.62,3510,3510,155.31,155.32,155.3431,-3.71,0.34,1.00,mixed,-2.24,stressed,-3.27,0,mm,3.46,99.98,100.01,99.9340,7.75,1.23,0.45,TREND,3.25,stressed,0.93,0,mm,-514.40,25.54,25.55,25.5615,2.38,1.80,0.37,TREND,0.74,stressed,1.00,3510,mm,-2613.54
51.392,81,218.5,-3136.62,-3136.62,3510,3510,155.31,155.32,155.3426,-3.73,0.34,1.00,mixed,-2.46,stressed,-3.27,0,mm,3.46,99.98,100.01,99.9351,7.76,1.23,0.45,TREND,3.25,stressed,0.93,0,mm,-514.40,25.54,25.55,25.5612,2.34,1.80,0.37,TREND,0.80,stressed,1.00,3510,mm,-2613.54
51.403,81,218.5,-3136.62,-3136.62,3510,3510,155.31,155.32,155.3424,-3.74,0.34,1.00,mixed,-2.46,stressed,-3.27,0,mm,3.46,99.98,100.01,99.9354,7.77,1.23,0.45,TREND,3.25,stressed,0.93,0,mm,-514.40,25.54,25.55,25.5611,2.32,1.80,0.37,TREND,0.80,stressed,1.00,3510,mm,-2613.54
51.433,81,218.5,-3136.62,-3136.62,3510,3510,155.31,155.32,155.3421,-3.76,0.34,1.00,mixed,-2.46,stressed,-3.27,0,mm,3.46,99.98,100.01,99.9362,7.77,1.23,0.45,TREND,3.25,stressed,0.93,0,mm,-514.40,25.54,25.55,25.5609,2.28,1.80,0.37,TREND,0.80,stressed,1.00,3510,mm,-2613.54
51.487,81,218.5,-3136.62,-3136.62,3510,3510,155.31,155.32,155.3414,-3.78,0.36,1.00,mixed,-2.46,stressed,-3.27,0,mm,3.46,99.97,100.0,99.9375,7.74,1.39,0.45,TREND,3.25,stressed,0.93,0,mm,-514.40,25.54,25.55,25.5605,2.22,1.66,0.37,TREND,0.80,stressed,1.00,3510,mm,-2613.54
51.502,81,218.5,-3136.62,-3136.62,3510,3510,155.31,155.32,155.3412,-3.79,0.36,1.00,mixed,-2.46,stressed,-3.27,0,mm,3.46,99.97,100.0,99.9378,7.73,1.39,0.45,TREND,3.25,stressed,0.93,0,mm,-514.40,25.54,25.55,25.5604,2.20,1.66,0.37,TREND,0.80,stressed,1.00,3510,mm,-2613.54
51.540,81,218.5,-3136.62,-3136.62,3510,3510,155.31,155.32,155.3407,-3.81,0.36,1.00,mixed,-2.46,stressed,-3.27,0,mm,3.46,99.97,100.0,99.9386,7.71,1.39,0.45,TREND,3.25,stressed,0.93,0,mm,-514.40,25.54,25.55,25.5601,2.15,1.66,0.37,TREND,0.80,stressed,1.00,3510,mm,-2613.54
51.557,81,218.5,-3136.62,-3136.62,3510,3510,155.31,155.32,155.3405,-3.81,0.36,1.00,mixed,-2.46,stressed,-3.27,0,mm,3.46,99.97,100.0,99.9390,7.70,1.39,0.45,TREND,3.25,stressed,0.93,0,mm,-514.40,25.54,25.55,25.5600,2.13,1.66,0.37,TREND,0.80,stressed,1.00,3510,mm,-2613.54
51.582,81,218.5,-3136.62,-3136.62,3510,3510,155.31,155.32,155.3402,-3.82,0.36,1.00,mixed,-2.46,stressed,-3.27,0,mm,3.46,99.97,100.0,99.9395,7.68,1.39,0.40,TREND,2.81,stressed,0.93,0,mm,-514.40,25.54,25.55,25.5598,2.11,1.66,0.37,TREND,0.80,stressed,1.00,3510,mm,-2613.54
51.611,81,218.5,-3136.62,-3136.62,3510,3510,155.31,155.32,155.3399,-3.83,0.36,1.00,mixed,-2.46,stressed,-3.27,0,mm,3.46,99.97,100.0,99.9402,7.66,1.39,0.40,TREND,2.81,stressed,0.93,0,mm,-514.40,25.54,25.55,25.5596,2.07,1.66,0.37,TREND,0.80,stressed,1.00,3510,mm,-2613.54
51.634,81,218.5,-3136.62,-3136.62,3510,3510,155.31,155.32,155.3396,-3.84,0.36,1.00,mixed,-2.46,stressed,-3.27,0,mm,3.46,99.97,100.0,99.9406,7.64,1.39,0.40,TREND,2.81,stressed,0.93,0,mm,-514.40,25.54,25.55,25.5595,2.05,1.66,0.37,TREND,0.80,stressed,1.00,3510,mm,-2613.54
51.662,81,218.5,-3136.62,-3136.62,3510,3510,155.31,155.32,155.3393,-3.85,0.36,1.00,mixed,-2.37,stressed,-3.27,0,mm,3.46,99.97,100.0,99.9412,7.62,1.39,0.40,TREND,2.81,stressed,0.93,0,mm,-514.40,25.54,25.55,25.5593,2.02,1.66,0.31,mixed,0.78,stressed,1.00,3510,mm,-2613.54
51.685,81,218.5,-3136.62,-3136.62,3510,3510,155.31,155.32,155.3390,-3.85,0.36,1.00,mixed,-2.37,stressed,-3.27,0,mm,3.46,99.97,100.0,99.9417,7.61,1.39,0.40,TREND,2.81,stressed,0.93,0,mm,-514.40,25.54,25.55,25.5591,2.00,1.66,0.31,mixed,0.78,stressed,1.00,3510,mm,-2613.54
51.706,81,218.5,-3136.62,-3136.62,3510,3510,155.31,155.32,155.3388,-3.86,0.36,1.00,mixed,-2.37,stressed,-3.27,0,mm,3.46,99.97,100.0,99.9421,7.59,1.39,0.40,TREND,2.81,stressed,0.93,0,mm,-514.40,25.54,25.55,25.5590,1.98,1.66,0.31,mixed,0.78,stressed,1.00,3510,mm,-2613.54
51.756,81,218.5,-3136.62,-3136.62,3510,3510,155.31,155.32,155.3382,-3.87,0.36,1.00,mixed,-2.37,stressed,-3.27,0,mm,3.46,99.97,100.01,99.9432,7.57,1.39,0.40,TREND,2.81,stressed,0.93,0,mm,-514.40,25.54,25.55,25.5587,1.93,1.66,0.31,mixed,0.78,stressed,1.00,3510,mm,-2613.54
51.776,81,218.5,-3136.62,-3136.62,3510,3510,155.31,155.32,155.3380,-3.87,0.36,1.00,mixed,-2.37,stressed,-3.27,0,mm,3.46,99.97,100.01,99.9437,7.57,1.39,0.40,TREND,2.81,stressed,0.93,0,mm,-514.40,25.54,25.55,25.5585,1.91,1.66,0.31,mixed,0.78,stressed,1.00,3510,mm,-2613.54
51.805,81,218.5,-3136.62,-3136.62,3510,3510,155.31,155.32,155.3377,-3.87,0.36,1.00,mixed,-2.37,stressed,-3.27,0,mm,3.46,99.97,100.01,99.9443,7.55,1.39,0.40,TREND,2.81,stressed,0.93,0,mm,-514.40,25.54,25.55,25.5584,1.88,1.66,0.31,mixed,0.78,stressed,1.00,3510,mm,-2613.54
51.891,81,218.5,-3136.62,-3136.62,3510,3510,155.3,155.31,155.3364,-3.95,0.36,1.00,mixed,-2.37,stressed,-3.27,0,mm,3.46,99.98,100.02,99.9465,7.58,1.39,0.43,TREND,2.97,stressed,0.93,0,mm,-514.40,25.54,25.55,25.5578,1.80,1.66,0.31,mixed,0.78,stressed,1.00,3510,mm,-2613.54
51.967,82,214.7,-3124.48,-3124.48,3510,3510,155.3,155.31,155.3353,-4.01,0.36,1.00,mixed,-2.55,stressed,-3.32,0,mm,3.46,99.98,100.02,99.9484,7.60,1.39,0.43,TREND,2.97,stressed,1.43,0,mm,-514.40,25.54,25.55,25.5574,1.74,1.66,0.31,mixed,0.76,normal,0.91,3510,mm,-2613.54
52.004,82,214.7,-3124.48,-3124.48,3510,3510,155.3,155.31,155.3348,-4.03,0.37,1.00,mixed,-2.55,stressed,-3.32,0,mm,3.46,99.99,100.01,99.9493,7.60,1.31,0.43,TREND,2.97,stressed,1.43,0,mm,-514.40,25.54,25.55,25.5572,1.71,1.50,0.31,mixed,0.76,normal,0.91,3510,mm,-2613.54
52.039,82,214.7,-3124.48,-3124.48,3510,3510,155.3,155.31,155.3343,-4.05,0.37,1.00,mixed,-2.55,stressed,-3.32,0,mm,3.46,99.99,100.01,99.9502,7.60,1.31,0.43,TREND,2.97,stressed,1.43,0,mm,-514.40,25.54,25.55,25.5570,1.68,1.50,0.31,mixed,0.76,normal,0.91,3510,mm,-2613.54
52.075,82,214.7,-3124.48,-3124.48,3510,3510,155.3,155.31,155.3338,-4.07,0.37,1.00,mixed,-2.55,stressed,-3.32,0,mm,3.46,99.99,100.01,99.9510,7.60,1.31,0.43,TREND,2.97,stressed,1.43,0,mm,-514.40,25.54,25.55,25.5568,1.66,1.50,0.31,mixed,0.76,normal,0.91,3510,mm,-2613.54
52.092,82,214.7,-3124.48,-3124.48,3510,3510,155.3,155.31,155.3335,-4.08,0.37,1.00,mixed,-2.55,stressed,-3.32,0,mm,3.46,99.99,100.01,99.9514,7.60,1.31,0.43,TREND,2.97,stressed,1.43,0,mm,-514.40,25.54,25.55,25.5567,1.64,1.50,0.31,mixed,0.76,normal,0.91,3510,mm,-2613.54
52.112,82,214.7,-3124.48,-3124.48,3510,3510,155.3,155.31,155.3333,-4.09,0.37,1.00,mixed,-2.55,stressed,-3.32,0,mm,3.46,99.99,100.01,99.9518,7.60,1.31,0.43,TREND,2.97,stressed,1.43,0,mm,-514.40,25.54,25.55,25.5566,1.63,1.50,0.31,mixed,0.76,normal,0.91,3510,mm,-2613.54
52.137,82,214.7,-3124.48,-3124.48,3510,3510,155.3,155.31,155.3329,-4.10,0.37,1.00,mixed,-2.55,stressed,-3.32,0,mm,3.46,99.99,100.01,99.9524,7.60,1.31,0.43,TREND,2.97,stressed,1.43,0,mm,-514.40,25.54,25.55,25.5564,1.61,1.50,0.31,mixed,0.76,normal,0.91,3510,mm,-2613.54
52.166,82,214.7,-3124.48,-3124.48,3510,3510,155.3,155.31,155.3325,-4.11,0.37,1.00,mixed,-2.55,stressed,-3.32,0,mm,3.46,99.99,100.01,99.9531,7.59,1.31,0.43,TREND,2.76,stressed,1.43,0,mm,-514.40,25.54,25.55,25.5563,1.59,1.50,0.31,mixed,0.76,normal,0.91,3510,mm,-2613.54
52.194,82,214.7,-3124.48,-3124.48,3510,3510,155.3,155.31,155.3322,-4.12,0.37,1.00,mixed,-2.55,stressed,-3.32,0,mm,3.46,99.99,100.01,99.9537,7.59,1.31,0.43,TREND,2.76,stressed,1.43,0,mm,-514.40,25.54,25.55,25.5561,1.57,1.50,0.31,mixed,0.76,normal,0.91,3510,mm,-2613.54
52.221,82,214.7,-3124.48,-3124.48,3510,3510,155.3,155.31,155.3318,-4.13,0.37,1.00,mixed,-2.44,stressed,-3.32,0,mm,3.46,99.99,100.01,99.9543,7.59,1.31,0.43,TREND,2.76,stressed,1.43,0,mm,-514.40,25.54,25.55,25.5560,1.55,1.50,0.27,mixed,0.74,normal,0.91,3510,mm,-2613.54
52.265,82,214.7,-3124.48,-3124.48,3510,3510,155.3,155.31,155.3313,-4.15,0.37,1.00,mixed,-2.44,stressed,-3.32,0,mm,3.46,99.96,100.01,99.9549,7.52,1.31,0.43,TREND,2.76,stressed,1.43,0,mm,-514.40,25.54,25.55,25.5557,1.52,1.50,0.27,mixed,0.74,normal,0.91,3510,mm,-2613.54
52.281,82,214.7,-3124.48,-3124.48,3510,3510,155.3,155.31,155.3311,-4.15,0.37,1.00,mixed,-2.44,stressed,-3.32,0,mm,3.46,99.96,100.01,99.9552,7.50,1.31,0.43,TREND,2.76,stressed,1.43,0,mm,-514.40,25.54,25.55,25.5557,1.51,1.50,0.27,mixed,0.74,normal,0.91,3510,mm,-2613.54
52.314,82,214.7,-3124.48,-3124.48,3510,3510,155.3,155.31,155.3307,-4.16,0.37,1.00,mixed,-2.44,stressed,-3.32,0,mm,3.46,99.96,100.01,99.9556,7.45,1.31,0.43,TREND,2.76,stressed,1.43,0,mm,-514.40,25.54,25.55,25.5555,1.49,1.50,0.27,mixed,0.74,normal,0.91,3510,mm,-2613.54
52.329,82,214.7,-3124.48,-3124.48,3510,3510,155.3,155.31,155.3305,-4.17,0.37,1.00,mixed,-2.44,stressed,-3.32,0,mm,3.46,99.96,100.01,99.9558,7.43,1.31,0.43,TREND,2.76,stressed,1.43,0,mm,-514.40,25.54,25.55,25.5554,1.48,1.50,0.27,mixed,0.74,normal,0.91,3510,mm,-2613.54
52.355,82,214.7,-3124.48,-3124.48,3510,3510,155.3,155.31,155.3302,-4.17,0.37,1.00,mixed,-2.44,stressed,-3.32,0,mm,3.46,99.96,100.01,99.9562,7.40,1.31,0.43,TREND,2.76,stressed,1.43,0,mm,-514.40,25.54,25.55,25.5553,1.47,1.50,0.27,mixed,0.74,normal,0.91,3510,mm,-2613.54
52.381,82,214.7,-3124.48,-3124.48,3510,3510,155.3,155.31,155.3299,-4.18,0.37,1.00,mixed,-2.44,stressed,-3.32,0,mm,3.46,99.96,100.01,99.9565,7.36,1.31,0.43,TREND,2.76,stressed,1.43,0,mm,-514.40,25.54,25.55,25.5552,1.45,1.50,0.27,mixed,0.74,normal,0.91,3510,mm,-2613.54
52.405,82,214.7,-3124.48,-3124.48,3510,3510,155.3,155.31,155.3296,-4.18,0.37,1.00,mixed,-2.44,stressed,-3.32,0,mm,3.46,99.96,100.01,99.9569,7.33,1.31,0.43,TREND,2.76,stressed,1.43,0,mm,-514.40,25.54,25.55,25.5550,1.44,1.50,0.27,mixed,0.74,normal,0.91,3510,mm,-2613.54
52.431,82,214.7,-3124.48,-3124.48,3510,3510,155.3,155.31,155.3293,-4.18,0.37,1.00,mixed,-2.44,stressed,-3.32,0,mm,3.46,99.96,100.01,99.9572,7.29,1.31,0.36,TREND,2.30,stressed,1.43,0,mm,-514.40,25.54,25.55,25.5549,1.42,1.50,0.27,mixed,0.74,normal,0.91,3510,mm,-2613.54
52.461,82,218.0,-3124.48,-3124.48,3510,3510,155.3,155.31,155.3289,-4.19,0.37,1.00,mixed,-2.44,stressed,-3.32,0,mm,3.46,99.96,100.01,99.9576,7.25,1.31,0.36,TREND,2.30,stressed,1.43,0,mm,-514.40,25.54,25.55,25.5548,1.41,1.50,0.27,mixed,0.74,normal,0.91,3510,mm,-2613.54
52.494,82,218.0,-3124.48,-3124.48,3510,3510,155.3,155.31,155.3286,-4.19,0.37,1.00,mixed,-2.34,stressed,-3.32,0,mm,3.46,99.97,99.98,99.9579,7.18,1.31,0.36,TREND,2.30,stressed,1.43,0,mm,-514.40,25.54,25.55,25.5546,1.39,1.50,0.27,mixed,0.72,normal,0.91,3510,mm,-2613.54
52.521,82,218.0,-3124.48,-3124.48,3510,3510,155.3,155.31,155.3283,-4.19,0.38,1.00,mixed,-2.34,stressed,-3.32,0,mm,3.46,99.97,99.98,99.9581,7.12,1.49,0.36,TREND,2.30,stressed,1.43,0,mm,-514.40,25.54,25.55,25.5545,1.37,1.36,0.27,mixed,0.72,normal,0.91,3510,mm,-2613.54
52.549,82,218.0,-3124.48,-3124.48,3510,3510,155.3,155.31,155.3280,-4.19,0.38,1.00,mixed,-2.34,stressed,-3.32,0,mm,3.46,99.97,99.98,99.9583,7.07,1.49,0.36,TREND,2.30,stressed,1.43,0,mm,-514.40,25.54,25.55,25.5544,1.36,1.36,0.27,mixed,0.72,normal,0.91,3510,mm,-2613.54
52.564,82,218.0,-3124.48,-3124.48,3510,3510,155.3,155.31,155.3278,-4.19,0.38,1.00,mixed,-2.34,stressed,-3.32,0,mm,3.46,99.97,99.98,99.9584,7.04,1.49,0.36,TREND,2.30,stressed,1.43,0,mm,-514.40,25.54,25.55,25.5543,1.35,1.36,0.27,mixed,0.72,normal,0.91,3510,mm,-2613.54
52.587,82,218.0,-3124.48,-3124.48,3510,3510,155.3,155.31,155.3276,-4.19,0.38,1.00,mixed,-2.34,stressed,-3.32,0,mm,3.46,99.97,99.98,99.9586,6.99,1.49,0.36,TREND,2.30,stressed,1.43,0,mm,-514.40,25.54,25.55,25.5542,1.34,1.36,0.27,mixed,0.72,normal,0.91,3510,mm,-2613.54
52.611,82,218.0,-3124.48,-3124.48,3510,3510,155.3,155.31,155.3273,-4.19,0.38,1.00,mixed,-2.34,stressed,-3.32,0,mm,3.46,99.97,99.98,99.9588,6.94,1.49,0.36,TREND,2.30,stressed,1.43,0,mm,-514.40,25.54,25.55,25.5541,1.33,1.36,0.27,mixed,0.72,normal,0.91,3510,mm,-2613.54
52.638,82,218.0,-3124.48,-3124.48,3510,3510,155.3,155.31,155.3270,-4.19,0.38,1.00,mixed,-2.34,stressed,-3.32,0,mm,3.46,99.97,99.98,99.9590,6.89,1.49,0.36,TREND,2.30,stressed,1.43,0,mm,-514.40,25.54,25.55,25.5540,1.31,1.36,0.27,mixed,0.72,normal,0.91,3510,mm,-2613.54
52.662,82,218.0,-3124.48,-3124.48,3510,3510,155.3,155.31,155.3268,-4.19,0.38,1.00,mixed,-2.34,stressed,-3.32,0,mm,3.46,99.97,99.98,99.9592,6.84,1.49,0.36,TREND,2.30,stressed,1.43,0,mm,-514.40,25.54,25.55,25.5539,1.30,1.36,0.27,mixed,0.72,normal,0.91,3510,mm,-2613.54
52.692,82,218.0,-3124.48,-3124.48,3510,3510,155.3,155.31,155.3265,-4.19,0.38,1.00,mixed,-2.34,stressed,-3.32,0,mm,3.46,99.97,99.98,99.9594,6.78,1.49,0.32,mixed,2.01,stressed,1.43,0,mm,-514.40,25.54,25.55,25.5538,1.29,1.36,0.27,mixed,0.72,normal,0.91,3510,mm,-2613.54
52.727,82,218.0,-3124.48,-3124.48,3510,3510,155.3,155.31,155.3261,-4.19,0.38,1.00,mixed,-2.34,stressed,-3.32,0,mm,3.46,99.97,99.98,99.9596,6.71,1.49,0.32,mixed,2.01,stressed,1.43,0,mm,-514.40,25.54,25.55,25.5536,1.27,1.36,0.27,mixed,0.72,normal,0.91,3510,mm,-2613.54
52.744,82,218.0,-3124.48,-3124.48,3510,3510,155.3,155.31,155.3260,-4.19,0.38,1.00,mixed,-2.26,stressed,-3.32,0,mm,3.46,99.97,99.98,99.9598,6.68,1.49,0.32,mixed,2.01,stressed,1.43,0,mm,-514.40,25.54,25.55,25.5536,1.26,1.36,0.22,chop,0.70,normal,0.91,3510,mm,-2613.54
52.774,82,218.0,-3124.48,-3124.48,3510,3510,155.3,155.31,155.3257,-4.18,0.38,1.00,mixed,-2.26,stressed,-3.32,0,mm,3.46,99.84,99.98,99.9598,6.68,1.49,0.32,mixed,2.01,stressed,1.43,0,mm,-514.40,25.54,25.55,25.5534,1.25,1.36,0.22,chop,0.70,normal,0.91,3510,mm,-2613.54
52.808,82,218.0,-3124.48,-3124.48,3510,3510,155.3,155.31,155.3253,-4.18,0.38,1.00,mixed,-2.26,stressed,-3.32,0,mm,3.46,99.84,99.98,99.9598,6.68,1.49,0.32,mixed,2.01,stressed,1.43,0,mm,-514.40,25.54,25.55,25.5533,1.24,1.36,0.22,chop,0.70,normal,0.91,3510,mm,-2613.54
52.861,82,218.0,-3124.48,-3124.48,3510,3510,155.3,155.31,155.3248,-4.17,0.38,1.00,mixed,-2.26,stressed,-3.32,0,mm,3.46,99.84,99.98,99.9598,6.68,1.49,0.32,mixed,2.01,stressed,1.43,0,mm,-514.40,25.54,25.55,25.5531,1.21,1.36,0.22,chop,0.70,normal,0.91,3510,mm,-2613.54
52.895,82,218.0,-3124.48,-3124.48,3510,3510,155.3,155.31,155.3245,-4.17,0.38,1.00,mixed,-2.26,stressed,-3.32,0,mm,3.46,99.84,99.98,99.9598,6.68,1.49,0.32,mixed,2.01,stressed,1.43,0,mm,-514.40,25.54,25.55,25.5530,1.20,1.36,0.22,chop,0.70,normal,0.91,3510,mm,-2613.54
52.912,82,218.0,-3124.48,-3124.48,3510,3510,155.3,155.31,155.3244,-4.16,0.38,1.00,mixed,-2.26,stressed,-3.32,0,mm,3.46,99.84,99.98,99.9598,6.68,1.49,0.32,mixed,2.01,stressed,1.43,0,mm,-514.40,25.54,25.55,25.5529,1.19,1.36,0.22,chop,0.70,normal,0.91,3510,mm,-2613.54
52.937,82,218.0,-3124.48,-3124.48,3510,3510,155.3,155.31,155.3241,-4.16,0.38,1.00,mixed,-2.26,stressed,-3.32,0,mm,3.46,99.84,99.98,99.9598,6.68,1.49,0.32,mixed,2.01,stressed,1.43,0,mm,-514.40,25.54,25.55,25.5528,1.18,1.36,0.22,chop,0.70,normal,0.91,3510,mm,-2613.54
53.034,82,218.0,-3124.48,-3124.48,3510,3510,155.3,155.31,155.3233,-4.14,0.39,1.00,mixed,-2.17,stressed,-3.32,0,mm,3.46,99.84,99.98,99.9598,6.68,1.49,0.32,mixed,2.01,stressed,1.43,0,mm,-514.40,25.54,25.55,25.5525,1.15,1.23,0.18,chop,0.68,normal,0.91,3510,mm,-2613.54
53.055,83,214.4,-3124.48,-3124.48,3510,3510,155.3,155.31,155.3231,-4.13,0.39,1.00,mixed,-2.17,stressed,-3.04,0,mm,3.46,99.84,100.06,99.9598,6.68,1.49,0.32,mixed,2.01,stressed,1.43,0,mm,-514.40,25.54,25.55,25.5524,1.14,1.23,0.18,chop,0.68,normal,0.79,3510,mm,-2613.54
53.085,83,214.4,-3124.48,-3124.48,3510,3510,155.3,155.31,155.3228,-4.12,0.39,1.00,mixed,-2.17,stressed,-3.04,0,mm,3.46,99.84,100.06,99.9598,6.68,1.49,0.32,mixed,2.01,stressed,1.43,0,mm,-514.40,25.54,25.55,25.5523,1.13,1.23,0.18,chop,0.68,normal,0.79,3510,mm,-2613.54
53.110,83,214.4,-3124.48,-3124.48,3510,3510,155.3,155.31,155.3226,-4.11,0.39,1.00,mixed,-2.17,stressed,-3.04,0,mm,3.46,99.84,100.06,99.9598,6.68,1.49,0.32,mixed,2.01,stressed,1.43,0,mm,-514.40,25.54,25.55,25.5522,1.12,1.23,0.18,chop,0.68,normal,0.79,3510,mm,-2613.54
53.135,83,214.4,-3124.48,-3124.48,3510,3510,155.3,155.31,155.3224,-4.11,0.39,1.00,mixed,-2.17,stressed,-3.04,0,mm,3.46,99.84,100.06,99.9598,6.68,1.49,0.32,mixed,2.01,stressed,1.43,0,mm,-514.40,25.54,25.55,25.5521,1.11,1.23,0.18,chop,0.68,normal,0.79,3510,mm,-2613.54
53.149,83,214.4,-3124.48,-3124.48,3510,3510,155.3,155.31,155.3223,-4.10,0.39,1.00,mixed,-2.17,stressed,-3.04,0,mm,3.46,99.84,100.06,99.9598,6.68,1.49,0.32,mixed,2.01,stressed,1.43,0,mm,-514.40,25.54,25.55,25.5521,1.10,1.23,0.18,chop,0.68,normal,0.79,3510,mm,-2613.54
53.175,83,214.4,-3124.48,-3124.48,3510,3510,155.3,155.31,155.3221,-4.10,0.39,1.00,mixed,-2.17,stressed,-3.04,0,mm,3.46,99.84,100.06,99.9598,6.68,1.49,0.32,mixed,2.01,stressed,1.43,0,mm,-514.40,25.54,25.55,25.5520,1.09,1.23,0.18,chop,0.68,normal,0.79,3510,mm,-2613.54
53.199,83,214.4,-3124.48,-3124.48,3510,3510,155.3,155.31,155.3219,-4.09,0.39,1.00,mixed,-2.17,stressed,-3.04,0,mm,3.46,99.84,100.06,99.9598,6.68,1.49,0.32,mixed,2.01,stressed,1.43,0,mm,-514.40,25.54,25.55,25.5519,1.09,1.23,0.18,chop,0.68,normal,0.79,3510,mm,-2613.54
53.229,83,214.4,-3124.48,-3124.48,3510,3510,155.3,155.31,155.3217,-4.08,0.39,1.00,mixed,-2.17,stressed,-3.04,0,mm,3.46,99.84,100.06,99.9598,6.68,1.49,0.32,mixed,2.01,stressed,1.43,0,mm,-514.40,25.54,25.55,25.5518,1.08,1.23,0.18,chop,0.68,normal,0.79,3510,mm,-2613.54
53.251,83,214.4,-3124.48,-3124.48,3510,3510,155.3,155.31,155.3215,-4.07,0.39,1.00,mixed,-2.17,stressed,-3.04,0,mm,3.46,99.84,100.06,99.9598,6.68,1.49,0.32,mixed,2.01,stressed,1.43,0,mm,-514.40,25.54,25.55,25.5517,1.07,1.23,0.18,chop,0.68,normal,0.79,3510,mm,-2613.54
53.300,83,214.4,-3124.48,-3124.48,3510,3510,155.3,155.31,155.3211,-4.05,0.39,1.00,mixed,-2.09,stressed,-3.04,0,mm,3.46,99.92,100.05,99.9598,6.68,1.49,0.32,mixed,2.01,stressed,1.43,0,mm,-514.40,25.54,25.55,25.5516,1.05,1.23,0.29,mixed,0.66,normal,0.79,3510,mm,-2613.54
53.317,83,214.4,-3124.48,-3124.48,3510,3510,155.3,155.31,155.3210,-4.05,0.39,1.00,mixed,-2.09,stressed,-3.04,0,mm,3.46,99.92,100.05,99.9598,6.68,1.49,0.32,mixed,2.01,stressed,1.43,0,mm,-514.40,25.54,25.55,25.5515,1.05,1.23,0.29,mixed,0.66,normal,0.79,3510,mm,-2613.54
53.343,83,214.4,-3124.48,-3124.48,3510,3510,155.3,155.31,155.3208,-4.04,0.39,1.00,mixed,-2.09,stressed,-3.04,0,mm,3.46,99.92,100.05,99.9598,6.68,1.49,0.32,mixed,2.01,stressed,1.43,0,mm,-514.40,25.54,25.55,25.5515,1.04,1.23,0.29,mixed,0.66,normal,0.79,3510,mm,-2613.54
53.363,83,214.4,-3124.48,-3124.48,3510,3510,155.3,155.31,155.3206,-4.03,0.39,1.00,mixed,-2.09,stressed,-3.04,0,mm,3.46,99.92,100.05,99.9598,6.68,1.49,0.32,mixed,2.01,stressed,1.43,0,mm,-514.40,25.54,25.55,25.5514,1.03,1.23,0.29,mixed,0.66,normal,0.79,3510,mm,-2613.54
53.389,83,214.4,-3124.48,-3124.48,3510,3510,155.3,155.31,155.3205,-4.02,0.39,1.00,mixed,-2.09,stressed,-3.04,0,mm,3.46,99.92,100.05,99.9598,6.68,1.49,0.32,mixed,2.01,stressed,1.43,0,mm,-514.40,25.54,25.55,25.5513,1.03,1.23,0.29,mixed,0.66,normal,0.79,3510,mm,-2613.54
53.413,83,214.4,-3124.48,-3124.48,3510,3510,155.3,155.31,155.3203,-4.01,0.39,1.00,mixed,-2.09,stressed,-3.04,0,mm,3.46,99.92,100.05,99.9598,6.68,1.49,0.32,mixed,2.01,stressed,1.43,0,mm,-514.40,25.54,25.55,25.5512,1.02,1.23,0.29,mixed,0.66,normal,0.79,3510,mm,-2613.54
53.440,83,214.4,-3124.48,-3124.48,3510,3510,155.3,155.31,155.3201,-4.00,0.39,1.00,mixed,-2.09,stressed,-3.04,0,mm,3.46,99.92,100.05,99.9598,6.68,1.49,0.32,mixed,2.01,stressed,1.43,0,mm,-514.40,25.54,25.55,25.5512,1.01,1.23,0.29,mixed,0.66,normal,0.79,3510,mm,-2613.54
53.465,83,214.4,-3124.48,-3124.48,3510,3510,155.3,155.31,155.3199,-3.99,0.39,1.00,mixed,-2.09,stressed,-3.04,0,mm,3.46,99.92,100.05,99.9598,6.68,1.49,0.32,mixed,2.01,stressed,1.43,0,mm,-514.40,25.54,25.55,25.5511,1.00,1.23,0.29,mixed,0.66,normal,0.79,3510,mm,-2613.54
53.491,83,214.4,-3124.48,-3124.48,3510,3510,155.3,155.31,155.3197,-3.98,0.39,1.00,mixed,-2.09,stressed,-3.04,0,mm,3.46,99.92,100.05,99.9598,6.68,1.49,0.32,mixed,2.01,stressed,1.43,0,mm,-514.40,25.54,25.55,25.5510,0.99,1.23,0.29,mixed,0.66,normal,0.79,3510,mm,-2613.54
53.517,83,214.4,-3124.48,-3124.48,3510,3510,155.3,155.31,155.3195,-3.97,0.39,1.00,mixed,-2.09,stressed,-3.04,0,mm,3.46,99.92,100.05,99.9598,6.68,1.49,0.32,mixed,2.01,stressed,1.43,0,mm,-514.40,25.54,25.55,25.5509,0.99,1.23,0.29,mixed,0.66,normal,0.79,3510,mm,-2613.54
53.552,83,217.6,-3124.48,-3124.48,3510,3510,155.3,155.31,155.3193,-3.96,0.39,1.00,mixed,-2.02,stressed,-3.04,0,mm,3.46,99.93,99.99,99.9598,6.58,1.53,0.27,mixed,1.61,stressed,1.43,0,mm,-514.40,25.54,25.55,25.5508,0.98,1.11,0.29,mixed,0.64,normal,0.79,3510,mm,-2613.54
53.578,83,217.6,-3124.48,-3124.48,3510,3510,155.3,155.31,155.3191,-3.95,0.39,1.00,mixed,-2.02,stressed,-3.04,0,mm,3.46,99.93,99.99,99.9598,6.50,1.53,0.27,mixed,1.61,stressed,1.43,0,mm,-514.40,25.54,25.55,25.5508,0.97,1.11,0.29,mixed,0.64,normal,0.79,3510,mm,-2613.54
53.607,83,217.6,-3124.48,-3124.48,3510,3510,155.3,155.31,155.3189,-3.93,0.39,1.00,mixed,-2.02,stressed,-3.04,0,mm,3.46,99.93,99.99,99.9598,6.42,1.53,0.27,mixed,1.61,stressed,1.43,0,mm,-514.40,25.54,25.55,25.5507,0.96,1.11,0.29,mixed,0.64,normal,0.79,3510,mm,-2613.54
53.624,83,217.6,-3124.48,-3124.48,3510,3510,155.3,155.31,155.3188,-3.93,0.39,1.00,mixed,-2.02,stressed,-3.04,0,mm,3.46,99.93,99.99,99.9598,6.37,1.53,0.27,mixed,1.61,stressed,1.43,0,mm,-514.40,25.54,25.55,25.5507,0.96,1.11,0.29,mixed,0.64,normal,0.79,3510,mm,-2613.54
53.648,83,217.6,-3124.48,-3124.48,3510,3510,155.3,155.31,155.3187,-3.92,0.39,1.00,mixed,-2.02,stressed,-3.04,0,mm,3.46,99.93,99.99,99.9598,6.30,1.53,0.27,mixed,1.61,stressed,1.43,0,mm,-514.40,25.54,25.55,25.5506,0.95,1.11,0.29,mixed,0.64,normal,0.79,3510,mm,-2613.54
53.673,83,217.6,-3124.48,-3124.48,3510,3510,155.3,155.31,155.3185,-3.90,0.39,1.00,mixed,-2.02,stressed,-3.04,0,mm,3.46,99.93,99.99,99.9598,6.23,1.53,0.27,mixed,1.61,stressed,1.43,0,mm,-514.40,25.54,25.55,25.5505,0.95,1.11,0.29,mixed,0.64,normal,0.79,3510,mm,-2613.54
53.696,83,217.6,-3124.48,-3124.48,3510,3510,155.3,155.31,155.3184,-3.89,0.39,1.00,mixed,-2.02,stressed,-3.04,0,mm,3.46,99.93,99.99,99.9598,6.17,1.53,0.27,mixed,1.61,stressed,1.43,0,mm,-514.40,25.54,25.55,25.5505,0.94,1.11,0.29,mixed,0.64,normal,0.79,3510,mm,-2613.54
53.723,83,217.6,-3124.48,-3124.48,3510,3510,155.3,155.31,155.3182,-3.88,0.39,1.00,mixed,-2.02,stressed,-3.04,0,mm,3.46,99.93,99.99,99.9598,6.10,1.53,0.27,mixed,1.61,stressed,1.43,0,mm,-514.40,25.54,25.55,25.5504,0.93,1.11,0.29,mixed,0.64,normal,0.79,3510,mm,-2613.54
53.752,83,217.6,-3124.48,-3124.48,3510,3510,155.3,155.31,155.3180,-3.87,0.39,1.00,mixed,-2.02,stressed,-3.04,0,mm,3.46,99.93,99.99,99.9598,6.02,1.53,0.27,mixed,1.61,stressed,1.43,0,mm,-514.40,25.54,25.55,25.5503,0.93,1.11,0.29,mixed,0.64,normal,0.79,3510,mm,-2613.54
53.800,83,217.6,-3124.48,-3124.48,3510,3510,155.29,155.31,155.3176,-3.87,0.39,1.00,mixed,-2.02,stressed,-3.04,0,mm,3.46,99.93,99.98,99.9597,5.88,1.53,0.27,mixed,1.61,stressed,1.43,0,mm,-514.40,25.54,25.55,25.5502,0.91,1.11,0.29,mixed,0.64,normal,0.79,3510,mm,-2613.54
53.846,83,217.6,-3124.48,-3124.48,3510,3510,155.29,155.31,155.3172,-3.86,0.39,1.00,mixed,-2.07,stressed,-3.04,0,mm,3.46,99.93,99.98,99.9596,5.75,1.53,0.25,mixed,1.46,stressed,1.43,0,mm,-514.40,25.54,25.55,25.5501,0.90,1.11,0.67,mixed,0.62,normal,0.79,3510,mm,-2613.54
53.885,83,217.6,-3124.48,-3124.48,3510,3510,155.29,155.31,155.3169,-3.86,0.39,1.00,mixed,-2.07,stressed,-3.04,0,mm,3.46,99.93,99.98,99.9595,5.65,1.53,0.25,mixed,1.46,stressed,1.43,0,mm,-514.40,25.54,25.55,25.5500,0.89,1.11,0.67,mixed,0.62,normal,0.79,3510,mm,-2613.54
53.930,83,217.6,-3124.48,-3124.48,3510,3510,155.29,155.31,155.3166,-3.85,0.39,1.00,mixed,-2.07,stressed,-3.04,0,mm,3.46,99.93,99.98,99.9594,5.53,1.53,0.25,mixed,1.46,stressed,1.43,0,mm,-514.40,25.54,25.55,25.5499,0.88,1.11,0.67,mixed,0.62,normal,0.79,3510,mm,-2613.54
53.950,83,217.6,-3124.48,-3124.48,3510,3510,155.29,155.31,155.3164,-3.85,0.39,1.00,mixed,-2.07,stressed,-3.04,0,mm,3.46,99.93,99.98,99.9594,5.48,1.53,0.25,mixed,1.46,stressed,1.43,0,mm,-514.40,25.54,25.55,25.5498,0.88,1.11,0.67,mixed,0.62,normal,0.79,3510,mm,-2613.54
53.976,83,217.6,-3124.48,-3124.48,3510,3510,155.29,155.31,155.3162,-3.85,0.39,1.00,mixed,-2.07,stressed,-3.04,0,mm,3.46,99.93,99.98,99.9593,5.41,1.53,0.25,mixed,1.46,stressed,1.43,0,mm,-514.40,25.54,25.55,25.5498,0.87,1.11,0.67,mixed,0.62,normal,0.79,3510,mm,-2613.54
54.000,83,217.6,-3124.48,-3124.48,3510,3510,155.29,155.31,155.3160,-3.84,0.39,1.00,mixed,-2.07,stressed,-3.04,0,mm,3.46,99.93,99.98,99.9593,5.35,1.53,0.25,mixed,1.46,stressed,1.43,0,mm,-514.40,25.54,25.55,25.5497,0.87,1.11,0.67,mixed,0.62,normal,0.79,3510,mm,-2613.54
54.025,83,217.6,-3124.48,-3124.48,3510,3510,155.29,155.31,155.3158,-3.84,0.39,1.00,mixed,-2.07,stressed,-3.04,0,mm,3.46,99.93,99.98,99.9592,5.29,1.53,0.25,mixed,1.46,stressed,1.43,0,mm,-514.40,25.54,25.55,25.5497,0.86,1.11,0.67,mixed,0.62,normal,0.79,3510,mm,-2613.54
54.083,84,213.6,-3124.48,-3124.48,6010,1010,155.29,155.3,155.3153,-3.85,0.40,1.00,mixed,-2.07,stressed,-3.32,0,mm,3.46,99.93,99.98,99.9591,5.16,1.45,0.25,mixed,1.46,stressed,0.83,-2500,mm,-494.40,25.54,25.55,25.5496,0.85,1.00,0.67,mixed,0.62,normal,0.68,3510,mm,-2613.54
54.129,84,213.6,-3124.48,-3124.48,6010,1010,155.29,155.3,155.3148,-3.86,0.40,1.00,mixed,-2.11,stressed,-3.32,0,mm,3.46,99.93,99.98,99.9590,5.05,1.45,0.25,mixed,1.40,stressed,0.83,-2500,mm,-494.40,25.54,25.55,25.5495,0.84,1.00,0.64,mixed,0.60,normal,0.68,3510,mm,-2613.54
54.144,84,213.6,-3124.48,-3124.48,6010,1010,155.29,155.3,155.3147,-3.86,0.40,1.00,mixed,-2.11,stressed,-3.32,0,mm,3.46,99.93,99.98,99.9590,5.02,1.45,0.25,mixed,1.40,stressed,0.83,-2500,mm,-494.40,25.54,25.55,25.5494,0.84,1.00,0.64,mixed,0.60,normal,0.68,3510,mm,-2613.54
54.173,84,213.6,-3124.48,-3124.48,6010,1010,155.29,155.3,155.3144,-3.86,0.40,1.00,mixed,-2.11,stressed,-3.32,0,mm,3.46,99.93,99.98,99.9589,4.96,1.45,0.25,mixed,1.40,stressed,0.83,-2500,mm,-494.40,25.54,25.55,25.5494,0.83,1.00,0.64,mixed,0.60,normal,0.68,3510,mm,-2613.54
54.197,84,213.6,-3124.48,-3124.48,6010,1010,155.29,155.3,155.3142,-3.86,0.40,1.00,mixed,-2.11,stressed,-3.32,0,mm,3.46,99.93,99.98,99.9589,4.90,1.45,0.25,mixed,1.40,stressed,0.83,-2500,mm,-494.40,25.54,25.55,25.5493,0.83,1.00,0.64,mixed,0.60,normal,0.68,3510,mm,-2613.54
54.223,84,213.6,-3124.48,-3124.48,6010,1010,155.29,155.3,155.3140,-3.86,0.40,1.00,mixed,-2.11,stressed,-3.32,0,mm,3.46,99.93,99.98,99.9588,4.85,1.45,0.25,mixed,1.40,stressed,0.83,-2500,mm,-494.40,25.54,25.55,25.5493,0.82,1.00,0.64,mixed,0.60,normal,0.68,3510,mm,-2613.54
54.250,84,213.6,-3124.48,-3124.48,6010,1010,155.29,155.3,155.3137,-3.87,0.40,1.00,mixed,-2.11,stressed,-3.32,0,mm,3.46,99.93,99.98,99.9588,4.79,1.45,0.25,mixed,1.40,stressed,0.83,-2500,mm,-494.40,25.54,25.55,25.5492,0.82,1.00,0.64,mixed,0.60,normal,0.68,3510,mm,-2613.54
54.276,84,213.6,-3124.48,-3124.48,6010,1010,155.29,155.3,155.3135,-3.87,0.40,1.00,mixed,-2.11,stressed,-3.32,0,mm,3.46,99.93,99.98,99.9587,4.74,1.45,0.25,mixed,1.40,stressed,0.83,-2500,mm,-494.40,25.54,25.55,25.5492,0.81,1.00,0.64,mixed,0.60,normal,0.68,3510,mm,-2613.54
54.301,84,213.6,-3124.48,-3124.48,6010,1010,155.29,155.3,155.3133,-3.87,0.40,1.00,mixed,-2.11,stressed,-3.32,0,mm,3.46,99.93,99.98,99.9587,4.69,1.45,0.25,mixed,1.40,stressed,0.83,-2500,mm,-494.40,25.54,25.55,25.5491,0.81,1.00,0.64,mixed,0.60,normal,0.68,3510,mm,-2613.54
54.341,84,213.6,-3124.48,-3124.48,6010,1010,155.29,155.3,155.3129,-3.87,0.40,1.00,mixed,-2.11,stressed,-3.32,0,mm,3.46,99.93,99.99,99.9587,4.63,1.45,0.25,mixed,1.40,stressed,0.83,-2500,mm,-494.40,25.54,25.55,25.5490,0.80,1.00,0.64,mixed,0.60,normal,0.68,3510,mm,-2613.54
54.399,84,213.6,-3124.48,-3124.48,6010,1010,155.29,155.3,155.3125,-3.86,0.40,1.00,mixed,-2.03,stressed,-3.32,0,mm,3.46,99.93,99.99,99.9588,4.55,1.45,0.26,mixed,1.46,stressed,0.83,-2500,mm,-494.40,25.54,25.55,25.5489,0.79,1.00,0.89,mixed,0.58,normal,0.68,3510,mm,-2613.54
54.414,84,213.6,-3124.48,-3124.48,6010,1010,155.29,155.3,155.3123,-3.86,0.40,1.00,mixed,-2.03,stressed,-3.32,0,mm,3.46,99.93,99.99,99.9588,4.53,1.45,0.26,mixed,1.46,stressed,0.83,-2500,mm,-494.40,25.54,25.55,25.5489,0.78,1.00,0.89,mixed,0.58,normal,0.68,3510,mm,-2613.54
54.441,84,213.6,-3124.48,-3124.48,6010,1010,155.29,155.3,155.3121,-3.86,0.40,1.00,mixed,-2.03,stressed,-3.32,0,mm,3.46,99.93,99.99,99.9588,4.49,1.45,0.26,mixed,1.46,stressed,0.83,-2500,mm,-494.40,25.54,25.55,25.5488,0.78,1.00,0.89,mixed,0.58,normal,0.68,3510,mm,-2613.54
54.463,84,213.6,-3124.48,-3124.48,6010,1010,155.29,155.3,155.3119,-3.86,0.40,1.00,mixed,-2.03,stressed,-3.32,0,mm,3.46,99.93,99.99,99.9588,4.46,1.45,0.26,mixed,1.46,stressed,0.83,-2500,mm,-494.40,25.54,25.55,25.5488,0.78,1.00,0.89,mixed,0.58,normal,0.68,3510,mm,-2613.54
54.487,84,213.6,-3124.48,-3124.48,6010,1010,155.29,155.3,155.3117,-3.86,0.40,1.00,mixed,-2.03,stressed,-3.32,0,mm,3.46,99.93,99.99,99.9588,4.43,1.45,0.26,mixed,1.46,stressed,0.83,-2500,mm,-494.40,25.54,25.55,25.5488,0.77,1.00,0.89,mixed,0.58,normal,0.68,3510,mm,-2613.54
54.512,84,213.6,-3124.48,-3124.48,6010,1010,155.29,155.3,155.3115,-3.85,0.40,1.00,mixed,-2.03,stressed,-3.32,0,mm,3.46,99.93,99.99,99.9588,4.39,1.45,0.26,mixed,1.46,stressed,0.83,-2500,mm,-494.40,25.54,25.55,25.5487,0.77,1.00,0.89,mixed,0.58,normal,0.68,3510,mm,-2613.54
54.537,84,213.6,-3124.48,-3124.48,6010,1010,155.29,155.3,155.3114,-3.85,0.40,1.00,mixed,-2.03,stressed,-3.32,0,mm,3.46,99.93,99.99,99.9588,4.36,1.45,0.26,mixed,1.46,stressed,0.83,-2500,mm,-494.40,25.54,25.55,25.5487,0.76,1.00,0.89,mixed,0.58,normal,0.68,3510,mm,-2613.54
54.588,84,216.8,-3124.48,-3124.48,5510,1510,155.29,155.3,155.3110,-3.84,0.40,1.00,mixed,-2.03,stressed,-3.32,0,mm,3.46,99.93,100.1,99.9588,4.36,1.45,0.26,mixed,1.46,stressed,0.83,-2000,mm,-543.40,25.54,25.55,25.5486,0.75,0.91,0.89,mixed,0.58,normal,0.68,3510,mm,-2613.54
54.650,84,216.8,-3124.48,-3124.48,5510,1510,155.29,155.3,155.3105,-3.83,0.40,1.00,mixed,-1.97,stressed,-3.32,0,mm,3.46,99.93,100.1,99.9588,4.36,1.45,0.26,mixed,1.46,stressed,0.83,-2000,mm,-543.40,25.54,25.55,25.5485,0.74,0.91,0.89,mixed,0.56,normal,0.68,3510,mm,-2613.54
54.674,84,216.8,-3124.48,-3124.48,5510,1510,155.29,155.3,155.3103,-3.83,0.40,1.00,mixed,-1.97,stressed,-3.32,0,mm,3.46,99.93,100.1,99.9588,4.36,1.45,0.26,mixed,1.46,stressed,0.83,-2000,mm,-543.40,25.54,25.55,25.5484,0.74,0.91,0.89,mixed,0.56,normal,0.68,3510,mm,-2613.54
54.692,84,216.8,-3124.48,-3124.48,5510,1510,155.29,155.3,155.3102,-3.82,0.40,1.00,mixed,-1.97,stressed,-3.32,0,mm,3.46,99.93,100.1,99.9588,4.36,1.45,0.26,mixed,1.46,stressed,0.83,-2000,mm,-543.40,25.54,25.55,25.5484,0.74,0.91,0.89,mixed,0.56,normal,0.68,3510,mm,-2613.54
54.716,84,216.8,-3124.48,-3124.48,5510,1510,155.29,155.3,155.3100,-3.82,0.40,1.00,mixed,-1.97,stressed,-3.32,0,mm,3.46,99.93,100.1,99.9588,4.36,1.45,0.26,mixed,1.46,stressed,0.83,-2000,mm,-543.40,25.54,25.55,25.5484,0.73,0.91,0.89,mixed,0.56,normal,0.68,3510,mm,-2613.54
54.744,84,216.8,-3124.48,-3124.48,5510,1510,155.29,155.3,155.3098,-3.81,0.40,1.00,mixed,-1.97,stressed,-3.32,0,mm,3.46,99.93,100.1,99.9588,4.36,1.45,0.26,mixed,1.46,stressed,0.83,-2000,mm,-543.40,25.54,25.55,25.5483,0.73,0.91,0.89,mixed,0.56,normal,0.68,3510,mm,-2613.54
54.768,84,216.8,-3124.48,-3124.48,5510,1510,155.29,155.3,155.3097,-3.80,0.40,1.00,mixed,-1.97,stressed,-3.32,0,mm,3.46,99.93,100.1,99.9588,4.36,1.45,0.26,mixed,1.46,stressed,0.83,-2000,mm,-543.40,25.54,25.55,25.5483,0.72,0.91,0.89,mixed,0.56,normal,0.68,3510,mm,-2613.54
54.793,84,216.8,-3124.48,-3124.48,5510,1510,155.29,155.3,155.3095,-3.80,0.40,1.00,mixed,-1.97,stressed,-3.32,0,mm,3.46,99.93,100.1,99.9588,4.36,1.45,0.26,mixed,1.46,stressed,0.83,-2000,mm,-543.40,25.54,25.55,25.5483,0.72,0.91,0.89,mixed,0.56,normal,0.68,3510,mm,-2613.54
54.820,84,216.8,-3124.48,-3124.48,5510,1510,155.29,155.3,155.3093,-3.79,0.40,1.00,mixed,-1.97,stressed,-3.32,0,mm,3.46,99.93,100.1,99.9588,4.36,1.45,0.26,mixed,1.46,stressed,0.83,-2000,mm,-543.40,25.54,25.55,25.5482,0.72,0.91,0.89,mixed,0.56,normal,0.68,3510,mm,-2613.54
54.919,84,216.8,-3124.48,-3124.48,1022,1022,155.28,155.3,155.3084,-3.80,0.40,1.00,mixed,-2.02,stressed,-3.32,0,mm,3.46,99.93,100.06,99.9588,4.36,1.45,0.26,mixed,1.46,stressed,0.83,0,mm,-530.42,25.54,25.55,25.5481,0.70,0.91,0.88,mixed,0.55,normal,0.68,1022,mm,-2585.92
54.985,84,216.8,-3124.48,-3124.48,1022,1022,155.28,155.3,155.3079,-3.81,0.40,1.00,mixed,-2.02,stressed,-3.32,0,mm,3.46,99.93,100.06,99.9588,4.36,1.45,0.26,mixed,1.46,stressed,0.83,0,mm,-530.42,25.54,25.55,25.5480,0.69,0.91,0.88,mixed,0.55,normal,0.68,1022,mm,-2585.92
55.012,84,216.8,-3124.48,-3124.48,1022,1022,155.28,155.3,155.3076,-3.81,0.40,1.00,mixed,-2.02,stressed,-3.32,0,mm,3.46,99.93,100.06,99.9588,4.36,1.45,0.26,mixed,1.46,stressed,0.83,0,mm,-530.42,25.54,25.55,25.5479,0.69,0.91,0.88,mixed,0.55,normal,0.68,1022,mm,-2585.92
55.025,84,216.8,-3124.48,-3124.48,1022,1022,155.28,155.3,155.3075,-3.81,0.40,1.00,mixed,-2.02,stressed,-3.32,0,mm,3.46,99.93,100.06,99.9588,4.36,1.45,0.26,mixed,1.46,stressed,0.83,0,mm,-530.42,25.54,25.55,25.5479,0.69,0.91,0.88,mixed,0.55,normal,0.68,1022,mm,-2585.92
55.048,84,216.8,-3124.48,-3124.48,1022,1022,155.28,155.3,155.3074,-3.81,0.40,1.00,mixed,-2.02,stressed,-3.32,0,mm,3.46,99.93,100.06,99.9588,4.36,1.45,0.26,mixed,1.46,stressed,0.83,0,mm,-530.42,25.54,25.55,25.5479,0.68,0.91,0.88,mixed,0.55,normal,0.68,1022,mm,-2585.92
55.115,85,212.9,-3112.88,-3112.88,590,-590,155.27,155.28,155.3064,-3.88,0.51,1.00,mixed,-2.02,stressed,-3.39,0,mm,3.46,100.04,100.05,99.9615,4.72,2.09,0.40,mixed,2.90,stressed,1.31,0,mm,-530.42,25.54,25.55,25.5478,0.67,0.82,0.88,mixed,0.55,normal,0.65,-590,mm,-2573.93
55.204,85,212.9,-3112.88,-3112.88,590,-590,155.27,155.28,155.3050,-3.97,0.51,1.00,mixed,-2.27,stressed,-3.39,0,mm,3.46,100.04,100.05,99.9650,5.16,2.09,0.40,mixed,2.90,stressed,1.31,0,mm,-530.42,25.54,25.55,25.5477,0.66,0.82,0.87,mixed,0.53,normal,0.65,-590,mm,-2573.93
55.225,85,212.9,-3112.88,-3112.88,590,-590,155.27,155.28,155.3047,-3.99,0.51,1.00,mixed,-2.27,stressed,-3.39,0,mm,3.46,100.04,100.05,99.9658,5.25,2.09,0.40,mixed,2.90,stressed,1.31,0,mm,-530.42,25.54,25.55,25.5477,0.66,0.82,0.87,mixed,0.53,normal,0.65,-590,mm,-2573.93
55.245,85,212.9,-3112.88,-3112.88,590,-590,155.27,155.28,155.3045,-4.01,0.51,1.00,mixed,-2.27,stressed,-3.39,0,mm,3.46,100.04,100.05,99.9665,5.34,2.09,0.40,mixed,2.90,stressed,1.31,0,mm,-530.42,25.54,25.55,25.5476,0.65,0.82,0.87,mixed,0.53,normal,0.65,-590,mm,-2573.93
55.277,85,212.9,-3112.88,-3112.88,590,-590,155.27,155.28,155.3040,-4.03,0.51,1.00,mixed,-2.27,stressed,-3.39,0,mm,3.46,100.04,100.05,99.9677,5.48,2.09,0.40,mixed,2.90,stressed,1.31,0,mm,-530.42,25.54,25.55,25.5476,0.65,0.82,0.87,mixed,0.53,normal,0.65,-590,mm,-2573.93
55.295,85,212.9,-3112.88,-3112.88,590,-590,155.27,155.28,155.3038,-4.05,0.51,1.00,mixed,-2.27,stressed,-3.39,0,mm,3.46,100.04,100.05,99.9683,5.55,2.09,0.40,mixed,2.90,stressed,1.31,0,mm,-530.42,25.54,25.55,25.5476,0.65,0.82,0.87,mixed,0.53,normal,0.65,-590,mm,-2573.93
55.351,85,212.9,-3112.88,-3112.88,590,-590,155.27,155.28,155.3030,-4.09,0.51,1.00,mixed,-2.27,stressed,-3.39,0,mm,3.46,100.04,100.05,99.9704,5.77,2.09,0.40,mixed,2.90,stressed,1.31,0,mm,-530.42,25.54,25.55,25.5475,0.64,0.82,0.87,mixed,0.53,normal,0.65,-590,mm,-2573.93
55.368,85,212.9,-3112.88,-3112.88,590,-590,155.27,155.28,155.3028,-4.10,0.51,1.00,mixed,-2.27,stressed,-3.39,0,mm,3.46,100.04,100.05,99.9709,5.83,2.09,0.40,mixed,2.71,stressed,1.31,0,mm,-530.42,25.54,25.55,25.5475,0.64,0.82,0.87,mixed,0.53,normal,0.65,-590,mm,-2573.93
55.400,85,212.9,-3112.88,-3112.88,590,-590,155.27,155.28,155.3024,-4.12,0.51,1.00,mixed,-2.27,stressed,-3.39,0,mm,3.46,100.04,100.05,99.9721,5.94,2.09,0.40,mixed,2.71,stressed,1.31,0,mm,-530.42,25.54,25.55,25.5474,0.63,0.82,0.87,mixed,0.53,normal,0.65,-590,mm,-2573.93
55.423,85,212.9,-3112.88,-3112.88,590,-590,155.27,155.28,155.3021,-4.13,0.51,1.00,mixed,-2.27,stressed,-3.39,0,mm,3.46,100.04,100.05,99.9729,6.02,2.09,0.40,mixed,2.71,stressed,1.31,0,mm,-530.42,25.54,25.55,25.5474,0.63,0.82,0.87,mixed,0.53,normal,0.65,-590,mm,-2573.93
55.462,85,212.9,-3112.88,-3112.88,590,-590,155.27,155.28,155.3016,-4.15,0.51,1.00,mixed,-2.18,stressed,-3.39,0,mm,3.46,100.04,100.05,99.9742,6.15,2.09,0.40,mixed,2.71,stressed,1.31,0,mm,-530.42,25.54,25.55,25.5474,0.63,0.82,0.85,mixed,0.51,normal,0.65,-590,mm,-2573.93
55.478,85,212.9,-3112.88,-3112.88,590,-590,155.27,155.28,155.3014,-4.16,0.51,1.00,mixed,-2.18,stressed,-3.39,0,mm,3.46,100.04,100.05,99.9747,6.20,2.09,0.40,mixed,2.71,stressed,1.31,0,mm,-530.42,25.54,25.55,25.5474,0.62,0.82,0.85,mixed,0.51,normal,0.65,-590,mm,-2573.93
55.510,85,212.9,-3112.88,-3112.88,590,-590,155.27,155.28,155.3010,-4.17,0.51,1.00,mixed,-2.18,stressed,-3.39,0,mm,3.46,100.04,100.05,99.9758,6.30,2.09,0.40,mixed,2.71,stressed,1.31,0,mm,-530.42,25.54,25.55,25.5473,0.62,0.82,0.85,mixed,0.51,normal,0.65,-590,mm,-2573.93
55.525,85,212.9,-3112.88,-3112.88,590,-590,155.27,155.28,155.3008,-4.18,0.51,1.00,mixed,-2.18,stressed,-3.39,0,mm,3.46,100.04,100.05,99.9763,6.34,2.09,0.40,mixed,2.71,stressed,1.31,0,mm,-530.42,25.54,25.55,25.5473,0.62,0.82,0.85,mixed,0.51,normal,0.65,-590,mm,-2573.93
55.552,85,212.9,-3112.88,-3112.88,590,-590,155.27,155.28,155.3005,-4.19,0.51,1.00,mixed,-2.18,stressed,-3.39,0,mm,3.46,100.04,100.05,99.9772,6.42,2.09,0.40,mixed,2.71,stressed,1.31,0,mm,-530.42,25.54,25.55,25.5473,0.62,0.82,0.85,mixed,0.51,normal,0.65,-590,mm,-2573.93
55.600,85,215.8,-3112.88,-3112.88,590,-590,155.27,155.28,155.2999,-4.21,0.51,1.00,mixed,-2.18,stressed,-3.39,0,mm,3.46,100.04,100.05,99.9787,6.54,2.09,0.40,mixed,2.71,stressed,1.31,0,mm,-530.42,25.54,25.55,25.5472,0.61,0.82,0.85,mixed,0.51,normal,0.65,-590,mm,-2573.93
55.648,85,215.8,-3112.88,-3112.88,590,-590,155.27,155.28,155.2994,-4.22,0.51,1.00,mixed,-2.18,stressed,-3.39,0,mm,3.46,100.04,100.05,99.9801,6.66,1.99,0.40,mixed,2.57,stressed,1.31,0,mm,-530.42,25.54,25.55,25.5472,0.60,0.74,0.85,mixed,0.51,normal,0.65,-590,mm,-2573.93
55.670,85,215.8,-3112.88,-3112.88,590,-590,155.27,155.28,155.2991,-4.23,0.51,1.00,mixed,-2.18,stressed,-3.39,0,mm,3.46,100.04,100.05,99.9808,6.71,1.99,0.40,mixed,2.57,stressed,1.31,0,mm,-530.42,25.54,25.55,25.5471,0.60,0.74,0.85,mixed,0.51,normal,0.65,-590,mm,-2573.93
55.701,85,215.8,-3112.88,-3112.88,590,-590,155.27,155.28,155.2988,-4.24,0.51,1.00,mixed,-2.18,stressed,-3.39,0,mm,3.46,100.04,100.05,99.9817,6.78,1.99,0.40,mixed,2.57,stressed,1.31,0,mm,-530.42,25.54,25.55,25.5471,0.60,0.74,0.85,mixed,0.51,normal,0.65,-590,mm,-2573.93
55.725,85,215.8,-3112.88,-3112.88,590,-590,155.27,155.28,155.2985,-4.24,0.51,1.00,mixed,-2.10,stressed,-3.39,0,mm,3.46,100.04,100.05,99.9825,6.83,1.99,0.40,mixed,2.57,stressed,1.31,0,mm,-530.42,25.54,25.55,25.5471,0.59,0.74,0.85,mixed,0.49,normal,0.65,-590,mm,-2573.93
55.755,85,215.8,-3112.88,-3112.88,590,-590,155.27,155.28,155.2982,-4.25,0.51,1.00,mixed,-2.10,stressed,-3.39,0,mm,3.46,100.04,100.05,99.9833,6.89,1.99,0.40,mixed,2.57,stressed,1.31,0,mm,-530.42,25.54,25.55,25.5471,0.59,0.74,0.85,mixed,0.49,normal,0.65,-590,mm,-2573.93
55.776,85,215.8,-3112.88,-3112.88,590,-590,155.27,155.28,155.2979,-4.25,0.51,1.00,mixed,-2.10,stressed,-3.39,0,mm,3.46,100.04,100.05,99.9839,6.93,1.99,0.40,mixed,2.57,stressed,1.31,0,mm,-530.42,25.54,25.55,25.5470,0.59,0.74,0.85,mixed,0.49,normal,0.65,-590,mm,-2573.93
55.797,85,215.8,-3112.88,-3112.88,590,-590,155.27,155.28,155.2977,-4.26,0.51,1.00,mixed,-2.10,stressed,-3.39,0,mm,3.46,100.04,100.05,99.9845,6.97,1.99,0.40,mixed,2.57,stressed,1.31,0,mm,-530.42,25.54,25.55,25.5470,0.59,0.74,0.85,mixed,0.49,normal,0.65,-590,mm,-2573.93
55.821,85,215.8,-3112.88,-3112.88,590,-590,155.27,155.28,155.2974,-4.26,0.51,1.00,mixed,-2.10,stressed,-3.39,0,mm,3.46,100.04,100.05,99.9852,7.02,1.99,0.40,mixed,2.57,stressed,1.31,0,mm,-530.42,25.54,25.55,25.5470,0.58,0.74,0.85,mixed,0.49,normal,0.65,-590,mm,-2573.93
55.872,85,215.8,-3112.88,-3112.88,2090,910,155.27,155.28,155.2969,-4.26,0.51,1.00,mixed,-2.10,stressed,-3.39,0,mm,3.46,100.0,100.02,99.9858,6.96,1.99,0.40,mixed,2.57,stressed,1.31,1500,mm,-578.42,25.54,25.55,25.5470,0.58,0.74,0.85,mixed,0.49,normal,0.65,-590,mm,-2573.93
55.912,85,215.8,-3112.88,-3112.88,2090,910,155.27,155.28,155.2965,-4.27,0.51,1.00,mixed,-2.10,stressed,-3.39,0,mm,3.46,100.0,100.02,99.9863,6.91,1.99,0.30,mixed,1.89,stressed,1.31,1500,mm,-578.42,25.54,25.55,25.5469,0.57,0.74,0.85,mixed,0.49,normal,0.65,-590,mm,-2573.93
55.943,85,215.8,-3112.88,-3112.88,2090,910,155.27,155.28,155.2962,-4.27,0.51,1.00,mixed,-2.10,stressed,-3.39,0,mm,3.46,100.0,100.02,99.9866,6.88,1.99,0.30,mixed,1.89,stressed,1.31,1500,mm,-578.42,25.54,25.55,25.5469,0.57,0.74,0.85,mixed,0.49,normal,0.65,-590,mm,-2573.93
55.960,85,215.8,-3112.88,-3112.88,2090,910,155.27,155.28,155.2960,-4.27,0.51,1.00,mixed,-2.10,stressed,-3.39,0,mm,3.46,100.0,100.02,99.9868,6.86,1.99,0.30,mixed,1.89,stressed,1.31,1500,mm,-578.42,25.54,25.55,25.5469,0.57,0.74,0.85,mixed,0.49,normal,0.65,-590,mm,-2573.93
56.001,85,215.8,-3112.88,-3112.88,2090,910,155.27,155.28,155.2956,-4.27,0.51,1.00,mixed,-2.03,stressed,-3.39,0,mm,3.46,100.0,100.02,99.9872,6.81,1.99,0.30,mixed,1.89,stressed,1.31,1500,mm,-578.42,25.54,25.55,25.5468,0.56,0.74,0.80,mixed,0.47,normal,0.65,-590,mm,-2573.93
56.013,85,215.8,-3112.88,-3112.88,2090,910,155.27,155.28,155.2955,-4.27,0.51,1.00,mixed,-2.03,stressed,-3.39,0,mm,3.46,100.0,100.02,99.9874,6.80,1.99,0.30,mixed,1.89,stressed,1.31,1500,mm,-578.42,25.54,25.55,25.5468,0.56,0.74,0.80,mixed,0.47,normal,0.65,-590,mm,-2573.93
56.037,85,215.8,-3112.88,-3112.88,2090,910,155.27,155.28,155.2953,-4.27,0.51,1.00,mixed,-2.03,stressed,-3.39,0,mm,3.46,100.0,100.02,99.9876,6.77,1.99,0.30,mixed,1.89,stressed,1.31,1500,mm,-578.42,25.54,25.55,25.5468,0.56,0.74,0.80,mixed,0.47,normal,0.65,-590,mm,-2573.93
56.062,85,215.8,-3112.88,-3112.88,2090,910,155.27,155.28,155.2950,-4.26,0.51,1.00,mixed,-2.03,stressed,-3.39,0,mm,3.46,100.0,100.02,99.9879,6.74,1.99,0.30,mixed,1.89,stressed,1.31,1500,mm,-578.42,25.54,25.55,25.5468,0.56,0.74,0.80,mixed,0.47,normal,0.65,-590,mm,-2573.93
56.091,86,211.9,-3148.89,-3148.89,2090,910,155.27,155.28,155.2948,-4.26,0.51,1.00,mixed,-2.03,stressed,-3.39,0,mm,3.46,100.0,100.02,99.9882,6.71,1.99,0.30,mixed,1.89,stressed,1.01,1500,mm,-578.42,25.54,25.55,25.5468,0.55,0.74,0.80,mixed,0.47,normal,0.31,-590,mm,-2573.93
56.127,86,211.9,-3148.89,-3148.89,2090,910,155.27,155.28,155.2944,-4.26,0.51,1.00,mixed,-2.03,stressed,-3.39,0,mm,3.46,100.0,100.02,99.9886,6.67,1.99,0.30,mixed,1.89,stressed,1.01,1500,mm,-578.42,25.54,25.55,25.5467,0.55,0.74,0.80,mixed,0.47,normal,0.31,-590,mm,-2573.93
56.170,86,211.9,-3148.89,-3148.89,2090,910,155.27,155.28,155.2941,-4.25,0.50,1.00,mixed,-2.03,stressed,-3.39,0,mm,3.46,100.0,100.02,99.9890,6.62,2.20,0.30,mixed,1.81,stressed,1.01,1500,mm,-578.42,25.54,25.55,25.5467,0.55,0.67,0.80,mixed,0.47,normal,0.31,-590,mm,-2573.93
56.191,86,211.9,-3148.89,-3148.89,2090,910,155.27,155.28,155.2939,-4.25,0.50,1.00,mixed,-2.03,stressed,-3.39,0,mm,3.46,100.0,100.02,99.9892,6.60,2.20,0.30,mixed,1.81,stressed,1.01,1500,mm,-578.42,25.54,25.55,25.5467,0.54,0.67,0.80,mixed,0.47,normal,0.31,-590,mm,-2573.93
56.223,86,211.9,-3148.89,-3148.89,2090,910,155.27,155.28,155.2936,-4.24,0.50,1.00,mixed,-2.03,stressed,-3.39,0,mm,3.46,100.0,100.02,99.9895,6.56,2.20,0.30,mixed,1.81,stressed,1.01,1500,mm,-578.42,25.54,25.55,25.5467,0.54,0.67,0.80,mixed,0.47,normal,0.31,-590,mm,-2573.93
56.243,86,211.9,-3148.89,-3148.89,2090,910,155.27,155.28,155.2934,-4.24,0.50,1.00,mixed,-2.03,stressed,-3.39,0,mm,3.46,100.0,100.02,99.9897,6.54,2.20,0.30,mixed,1.81,stressed,1.01,1500,mm,-578.42,25.54,25.55,25.5466,0.54,0.67,0.80,mixed,0.47,normal,0.31,-590,mm,-2573.93
56.275,86,211.9,-3148.89,-3148.89,2090,910,155.27,155.28,155.2931,-4.23,0.50,1.00,mixed,-1.94,stressed,-3.39,0,mm,3.46,100.0,100.02,99.9900,6.51,2.20,0.30,mixed,1.81,stressed,1.01,1500,mm,-578.42,25.54,25.55,25.5466,0.53,0.67,0.80,mixed,0.45,normal,0.31,-590,mm,-2573.93
56.294,86,211.9,-3148.89,-3148.89,2090,910,155.27,155.28,155.2930,-4.23,0.50,1.00,mixed,-1.94,stressed,-3.39,0,mm,3.46,100.0,100.02,99.9902,6.49,2.20,0.30,mixed,1.81,stressed,1.01,1500,mm,-578.42,25.54,25.55,25.5466,0.53,0.67,0.80,mixed,0.45,normal,0.31,-590,mm,-2573.93
56.318,86,211.9,-3148.89,-3148.89,2090,910,155.27,155.28,155.2928,-4.23,0.50,1.00,mixed,-1.94,stressed,-3.39,0,mm,3.46,100.0,100.02,99.9904,6.46,2.20,0.30,mixed,1.81,stressed,1.01,1500,mm,-578.42,25.54,25.55,25.5466,0.53,0.67,0.80,mixed,0.45,normal,0.31,-590,mm,-2573.93
56.344,86,211.9,-3148.89,-3148.89,2090,910,155.27,155.28,155.2925,-4.22,0.50,1.00,mixed,-1.94,stressed,-3.39,0,mm,3.46,100.0,100.02,99.9906,6.43,2.20,0.30,mixed,1.81,stressed,1.01,1500,mm,-578.42,25.54,25.55,25.5466,0.53,0.67,0.80,mixed,0.45,normal,0.31,-590,mm,-2573.93
56.388,86,211.9,-3148.89,-3148.89,2090,910,155.26,155.28,155.2921,-4.23,0.50,1.00,mixed,-1.94,stressed,-3.39,0,mm,3.46,100.0,100.02,99.9910,6.38,2.20,0.30,mixed,1.81,stressed,1.01,1500,mm,-578.42,25.54,25.55,25.5465,0.52,0.67,0.80,mixed,0.45,normal,0.31,-590,mm,-2573.93
56.404,86,211.9,-3148.89,-3148.89,2090,910,155.26,155.28,155.2919,-4.23,0.50,1.00,mixed,-1.94,stressed,-3.39,0,mm,3.46,100.0,100.02,99.9912,6.37,2.20,0.30,mixed,1.81,stressed,1.01,1500,mm,-578.42,25.54,25.55,25.5465,0.52,0.67,0.80,mixed,0.45,normal,0.31,-590,mm,-2573.93
56.433,86,211.9,-3148.89,-3148.89,2090,910,155.26,155.28,155.2916,-4.23,0.50,1.00,mixed,-1.94,stressed,-3.39,0,mm,3.46,100.0,100.02,99.9914,6.34,2.20,0.30,mixed,1.74,stressed,1.01,1500,mm,-578.42,25.54,25.55,25.5465,0.52,0.67,0.80,mixed,0.45,normal,0.31,-590,mm,-2573.93
56.454,86,211.9,-3148.89,-3148.89,2090,910,155.26,155.28,155.2914,-4.23,0.50,1.00,mixed,-1.94,stressed,-3.39,0,mm,3.46,100.0,100.02,99.9916,6.31,2.20,0.30,mixed,1.74,stressed,1.01,1500,mm,-578.42,25.54,25.55,25.5465,0.52,0.67,0.80,mixed,0.45,normal,0.31,-590,mm,-2573.93
56.478,86,211.9,-3148.89,-3148.89,2090,910,155.26,155.28,155.2911,-4.24,0.50,1.00,mixed,-1.94,stressed,-3.39,0,mm,3.46,100.0,100.02,99.9918,6.29,2.20,0.30,mixed,1.74,stressed,1.01,1500,mm,-578.42,25.54,25.55,25.5465,0.51,0.67,0.80,mixed,0.45,normal,0.31,-590,mm,-2573.93
56.502,86,211.9,-3148.89,-3148.89,2090,910,155.26,155.28,155.2909,-4.24,0.50,1.00,mixed,-1.94,stressed,-3.39,0,mm,3.46,100.0,100.02,99.9920,6.26,2.20,0.30,mixed,1.74,stressed,1.01,1500,mm,-578.42,25.54,25.55,25.5465,0.51,0.67,0.80,mixed,0.45,normal,0.31,-590,mm,-2573.93
56.528,86,211.9,-3148.89,-3148.89,2090,910,155.26,155.28,155.2907,-4.24,0.50,1.00,mixed,-1.98,stressed,-3.39,0,mm,3.46,100.0,100.02,99.9923,6.23,2.20,0.30,mixed,1.74,stressed,1.01,1500,mm,-578.42,25.54,25.55,25.5464,0.51,0.67,0.80,mixed,0.44,normal,0.31,-590,mm,-2573.93
56.554,86,211.9,-3148.89,-3148.89,2090,910,155.26,155.28,155.2904,-4.24,0.50,1.00,mixed,-1.98,stressed,-3.39,0,mm,3.46,100.0,100.02,99.9925,6.21,2.20,0.30,mixed,1.74,stressed,1.01,1500,mm,-578.42,25.54,25.55,25.5464,0.51,0.67,0.80,mixed,0.44,normal,0.31,-590,mm,-2573.93
56.580,86,211.9,-3148.89,-3148.89,2090,910,155.26,155.28,155.2902,-4.24,0.50,1.00,mixed,-1.98,stressed,-3.39,0,mm,3.46,100.0,100.02,99.9927,6.18,2.20,0.30,mixed,1.74,stressed,1.01,1500,mm,-578.42,25.54,25.55,25.5464,0.50,0.67,0.80,mixed,0.44,normal,0.31,-590,mm,-2573.93
56.643,86,215.0,-3148.89,-3148.89,2990,1810,155.26,155.27,155.2894,-4.26,0.50,1.00,mixed,-1.98,stressed,-3.39,0,mm,3.46,100.0,100.01,99.9931,6.09,2.20,0.30,mixed,1.74,stressed,1.01,2400,mm,-667.22,25.54,25.55,25.5464,0.50,0.67,0.80,mixed,0.44,normal,0.31,-590,mm,-2573.93
56.686,86,215.0,-3148.89,-3148.89,2990,1810,155.26,155.27,155.2889,-4.27,0.50,1.00,mixed,-1.98,stressed,-3.39,0,mm,3.46,100.0,100.01,99.9933,6.03,2.08,0.30,mixed,1.62,stressed,1.01,2400,mm,-667.22,25.54,25.55,25.5463,0.50,0.61,0.80,mixed,0.44,normal,0.31,-590,mm,-2573.93
56.710,86,215.0,-3148.89,-3148.89,2990,1810,155.26,155.27,155.2887,-4.28,0.50,1.00,mixed,-1.98,stressed,-3.39,0,mm,3.46,100.0,100.01,99.9934,5.99,2.08,0.30,mixed,1.62,stressed,1.01,2400,mm,-667.22,25.54,25.55,25.5463,0.49,0.61,0.80,mixed,0.44,normal,0.31,-590,mm,-2573.93
56.735,86,215.0,-3148.89,-3148.89,2990,1810,155.26,155.27,155.2884,-4.29,0.50,1.00,mixed,-1.98,stressed,-3.39,0,mm,3.46,100.0,100.01,99.9936,5.96,2.08,0.30,mixed,1.62,stressed,1.01,2400,mm,-667.22,25.54,25.55,25.5463,0.49,0.61,0.80,mixed,0.44,normal,0.31,-590,mm,-2573.93
56.757,86,215.0,-3148.89,-3148.89,2990,1810,155.26,155.27,155.2881,-4.29,0.50,1.00,mixed,-1.98,stressed,-3.39,0,mm,3.46,100.0,100.01,99.9937,5.93,2.08,0.30,mixed,1.62,stressed,1.01,2400,mm,-667.22,25.54,25.55,25.5463,0.49,0.61,0.80,mixed,0.44,normal,0.31,-590,mm,-2573.93
56.783,86,215.0,-3148.89,-3148.89,2990,1810,155.26,155.27,155.2879,-4.29,0.50,1.00,mixed,-2.02,stressed,-3.39,0,mm,3.46,100.0,100.01,99.9938,5.89,2.08,0.30,mixed,1.62,stressed,1.01,2400,mm,-667.22,25.54,25.55,25.5463,0.49,0.61,0.75,mixed,0.42,normal,0.31,-590,mm,-2573.93
56.808,86,215.0,-3148.89,-3148.89,2990,1810,155.26,155.27,155.2876,-4.30,0.50,1.00,mixed,-2.02,stressed,-3.39,0,mm,3.46,100.0,100.01,99.9939,5.86,2.08,0.30,mixed,1.62,stressed,1.01,2400,mm,-667.22,25.54,25.55,25.5463,0.48,0.61,0.75,mixed,0.42,normal,0.31,-590,mm,-2573.93
56.840,86,215.0,-3148.89,-3148.89,2990,1810,155.26,155.27,155.2873,-4.30,0.50,1.00,mixed,-2.02,stressed,-3.39,0,mm,3.46,100.0,100.01,99.9941,5.82,2.08,0.30,mixed,1.62,stressed,1.01,2400,mm,-667.22,25.54,25.55,25.5462,0.48,0.61,0.75,mixed,0.42,normal,0.31,-590,mm,-2573.93
56.859,86,215.0,-3148.89,-3148.89,2990,1810,155.26,155.27,155.2871,-4.31,0.50,1.00,mixed,-2.02,stressed,-3.39,0,mm,3.46,100.0,100.01,99.9942,5.79,2.08,0.30,mixed,1.62,stressed,1.01,2400,mm,-667.22,25.54,25.55,25.5462,0.48,0.61,0.75,mixed,0.42,normal,0.31,-590,mm,-2573.93
56.897,86,215.0,-3148.89,-3148.89,3590,2410,155.26,155.27,155.2867,-4.31,0.50,1.00,mixed,-2.02,stressed,-3.39,0,mm,3.46,99.99,100.0,99.9942,5.72,2.08,0.30,mixed,1.62,stressed,1.01,3000,mm,-590.42,25.54,25.55,25.5462,0.48,0.61,0.75,mixed,0.42,normal,0.31,-590,mm,-2573.93
56.950,86,215.0,-3148.89,-3148.89,3590,2410,155.26,155.27,155.2861,-4.31,0.50,1.00,mixed,-2.02,stressed,-3.39,0,mm,3.46,99.99,100.0,99.9942,5.61,2.08,0.03,chop,1.42,stressed,1.01,3000,mm,-590.42,25.54,25.55,25.5462,0.47,0.61,0.75,mixed,0.42,normal,0.31,-590,mm,-2573.93
56.972,86,215.0,-3148.89,-3148.89,3590,2410,155.26,155.27,155.2859,-4.31,0.50,1.00,mixed,-2.02,stressed,-3.39,0,mm,3.46,99.99,100.0,99.9942,5.56,2.08,0.03,chop,1.42,stressed,1.01,3000,mm,-590.42,25.54,25.55,25.5462,0.47,0.61,0.75,mixed,0.42,normal,0.31,-590,mm,-2573.93
57.003,86,215.0,-3148.89,-3148.89,3590,2410,155.26,155.27,155.2856,-4.31,0.50,1.00,mixed,-2.02,stressed,-3.39,0,mm,3.46,99.99,100.0,99.9943,5.50,2.08,0.03,chop,1.42,stressed,1.01,3000,mm,-590.42,25.54,25.55,25.5461,0.47,0.61,0.75,mixed,0.42,normal,0.31,-590,mm,-2573.93
57.023,86,215.0,-3148.89,-3148.89,3590,2410,155.26,155.27,155.2854,-4.31,0.50,1.00,mixed,-2.02,stressed,-3.39,0,mm,3.46,99.99,100.0,99.9943,5.46,2.08,0.03,chop,1.42,stressed,1.01,3000,mm,-590.42,25.54,25.55,25.5461,0.47,0.61,0.75,mixed,0.42,normal,0.31,-590,mm,-2573.93
57.040,86,215.0,-3148.89,-3148.89,3590,2410,155.26,155.27,155.2853,-4.31,0.50,1.00,mixed,-1.95,stressed,-3.39,0,mm,3.46,99.99,100.0,99.9943,5.43,2.08,0.03,chop,1.42,stressed,1.01,3000,mm,-590.42,25.54,25.55,25.5461,0.46,0.61,0.50,mixed,0.41,normal,0.31,-590,mm,-2573.93
57.072,86,215.0,-3148.89,-3148.89,3590,2410,155.26,155.27,155.2850,-4.31,0.50,1.00,mixed,-1.95,stressed,-3.39,0,mm,3.46,99.99,100.0,99.9943,5.37,2.08,0.03,chop,1.42,stressed,1.01,3000,mm,-590.42,25.54,25.55,25.5461,0.46,0.61,0.50,mixed,0.41,normal,0.31,-590,mm,-2573.93
57.092,86,215.0,-3148.89,-3148.89,3590,2410,155.26,155.27,155.2848,-4.31,0.50,1.00,mixed,-1.95,stressed,-3.39,0,mm,3.46,99.99,100.0,99.9943,5.34,2.08,0.03,chop,1.42,stressed,1.01,3000,mm,-590.42,25.54,25.55,25.5461,0.46,0.61,0.50,mixed,0.41,normal,0.31,-590,mm,-2573.93
57.143,87,211.2,-3160.89,-3160.89,1590,410,155.26,155.27,155.2843,-4.30,0.50,1.00,mixed,-1.95,stressed,-3.68,0,dir,3.46,100.03,100.07,99.9956,5.47,2.08,0.03,chop,1.42,stressed,1.25,1000,mm,-524.42,25.54,25.55,25.5461,0.46,0.61,0.50,mixed,0.41,normal,0.13,-590,mm,-2573.93
57.227,87,211.2,-3160.89,-3160.89,1590,410,155.26,155.27,155.2835,-4.29,0.50,1.00,mixed,-1.95,stressed,-3.68,0,dir,3.46,100.03,100.07,99.9977,5.67,2.23,0.10,chop,2.18,stressed,1.25,1000,mm,-524.42,25.54,25.55,25.5460,0.45,0.55,0.50,mixed,0.41,normal,0.13,-590,mm,-2573.93
57.256,87,211.2,-3160.89,-3160.89,1590,410,155.26,155.27,155.2833,-4.29,0.50,1.00,mixed,-1.95,stressed,-3.68,0,dir,3.46,100.03,100.07,99.9985,5.73,2.23,0.10,chop,2.18,stressed,1.25,1000,mm,-524.42,25.54,25.55,25.5460,0.45,0.55,0.50,mixed,0.41,normal,0.13,-590,mm,-2573.93
57.280,87,211.2,-3160.89,-3160.89,1590,410,155.26,155.27,155.2831,-4.28,0.50,1.00,mixed,-1.95,stressed,-3.68,0,dir,3.46,100.03,100.07,99.9990,5.78,2.23,0.10,chop,2.18,stressed,1.25,1000,mm,-524.42,25.54,25.55,25.5460,0.44,0.55,0.50,mixed,0.41,normal,0.13,-590,mm,-2573.93
57.303,87,211.2,-3160.89,-3160.89,1590,410,155.26,155.27,155.2829,-4.28,0.50,1.00,mixed,-1.87,stressed,-3.68,0,dir,3.46,100.03,100.07,99.9996,5.82,2.23,0.10,chop,2.18,stressed,1.25,1000,mm,-524.42,25.54,25.55,25.5460,0.44,0.55,0.50,mixed,0.40,normal,0.13,-590,mm,-2573.93
57.334,87,211.2,-3160.89,-3160.89,1590,410,155.26,155.27,155.2826,-4.27,0.50,1.00,mixed,-1.87,stressed,-3.68,0,dir,3.46,100.03,100.07,100.0003,5.88,2.23,0.10,chop,2.18,stressed,1.25,1000,mm,-524.42,25.54,25.55,25.5460,0.44,0.55,0.50,mixed,0.40,normal,0.13,-590,mm,-2573.93
57.355,87,211.2,-3160.89,-3160.89,1590,410,155.26,155.27,155.2825,-4.27,0.50,1.00,mixed,-1.87,stressed,-3.68,0,dir,3.46,100.03,100.07,100.0008,5.92,2.23,0.10,chop,2.18,stressed,1.25,1000,mm,-524.42,25.54,25.55,25.5460,0.44,0.55,0.50,mixed,0.40,normal,0.13,-590,mm,-2573.93
57.441,87,211.2,-3160.89,-3160.89,4838,-4838,155.25,155.27,155.2816,-4.28,0.50,1.00,mixed,-1.87,stressed,-3.68,-4248,dir,-72.96,100.03,100.07,100.0028,6.06,2.23,0.10,chop,2.18,stressed,1.25,0,mm,-456.42,25.54,25.55,25.5459,0.43,0.55,0.50,mixed,0.40,normal,0.13,-590,mm,-2573.93
57.480,87,211.2,-3160.89,-3160.89,4838,-4838,155.25,155.27,155.2812,-4.28,0.50,1.00,mixed,-1.87,stressed,-3.68,-4248,dir,-72.96,100.03,100.07,100.0037,6.12,2.23,0.06,chop,2.08,stressed,1.25,0,mm,-456.42,25.54,25.55,25.5459,0.43,0.55,0.50,mixed,0.40,normal,0.13,-590,mm,-2573.93
57.501,87,211.2,-3160.89,-3160.89,4838,-4838,155.25,155.27,155.2810,-4.28,0.50,1.00,mixed,-1.87,stressed,-3.68,-4248,dir,-72.96,100.03,100.07,100.0041,6.14,2.23,0.06,chop,2.08,stressed,1.25,0,mm,-456.42,25.54,25.55,25.5459,0.43,0.55,0.50,mixed,0.40,normal,0.13,-590,mm,-2573.93
57.533,87,211.2,-3160.89,-3160.89,4838,-4838,155.25,155.27,155.2806,-4.28,0.50,1.00,mixed,-1.87,stressed,-3.68,-4248,dir,-72.96,100.03,100.07,100.0048,6.19,2.23,0.06,chop,2.08,stressed,1.25,0,mm,-456.42,25.54,25.55,25.5459,0.42,0.55,0.50,mixed,0.40,normal,0.13,-590,mm,-2573.93
57.550,87,211.2,-3160.89,-3160.89,4838,-4838,155.25,155.27,155.2805,-4.28,0.50,1.00,mixed,-1.87,stressed,-3.68,-4248,dir,-72.96,100.03,100.07,100.0052,6.21,2.23,0.06,chop,2.08,stressed,1.25,0,mm,-456.42,25.54,25.55,25.5459,0.42,0.55,0.50,mixed,0.40,normal,0.13,-590,mm,-2573.93
57.572,87,211.2,-3160.89,-3160.89,4838,-4838,155.25,155.27,155.2803,-4.28,0.50,1.00,mixed,-1.91,stressed,-3.68,-4248,dir,-72.96,100.03,100.07,100.0056,6.23,2.23,0.06,chop,2.08,stressed,1.25,0,mm,-456.42,25.54,25.55,25.5459,0.42,0.55,0.33,mixed,0.39,normal,0.13,-590,mm,-2573.93
57.604,87,211.2,-3160.89,-3160.89,4838,-4838,155.25,155.27,155.2800,-4.28,0.50,1.00,mixed,-1.91,stressed,-3.68,-4248,dir,-72.96,100.03,100.07,100.0063,6.27,2.23,0.06,chop,2.08,stressed,1.25,0,mm,-456.42,25.54,25.55,25.5459,0.42,0.55,0.33,mixed,0.39,normal,0.13,-590,mm,-2573.93
57.628,87,213.9,-3160.89,-3160.89,4838,-4838,155.25,155.27,155.2797,-4.28,0.50,1.00,mixed,-1.91,stressed,-3.68,-4248,dir,-72.96,100.03,100.07,100.0068,6.29,2.23,0.06,chop,2.08,stressed,1.25,0,mm,-456.42,25.54,25.55,25.5459,0.42,0.55,0.33,mixed,0.39,normal,0.13,-590,mm,-2573.93
57.695,87,213.9,-3160.89,-3160.89,5138,-4538,155.25,155.26,155.2790,-4.31,0.50,1.00,mixed,-1.91,stressed,-3.68,-4248,dir,-72.96,100.02,100.11,100.0086,6.44,2.23,0.06,chop,2.08,stressed,1.25,300,mm,-463.02,25.54,25.55,25.5458,0.41,0.55,0.33,mixed,0.39,normal,0.13,-590,mm,-2573.93
57.713,87,213.9,-3160.89,-3160.89,5138,-4538,155.25,155.26,155.2788,-4.31,0.50,1.00,mixed,-1.91,stressed,-3.68,-4248,dir,-72.96,100.02,100.11,100.0090,6.47,2.23,0.06,chop,2.08,stressed,1.25,300,mm,-463.02,25.54,25.55,25.5458,0.41,0.55,0.33,mixed,0.39,normal,0.13,-590,mm,-2573.93
57.739,87,213.9,-3160.89,-3160.89,5138,-4538,155.25,155.26,155.2785,-4.32,0.50,1.00,mixed,-1.91,stressed,-3.68,-4248,dir,-72.96,100.02,100.11,100.0097,6.52,2.06,0.21,chop,2.19,stressed,1.25,300,mm,-463.02,25.54,25.55,25.5458,0.41,0.50,0.33,mixed,0.39,normal,0.13,-590,mm,-2573.93
57.763,87,213.9,-3160.89,-3160.89,5138,-4538,155.25,155.26,155.2782,-4.32,0.50,1.00,mixed,-1.91,stressed,-3.68,-4248,dir,-72.96,100.02,100.11,100.0104,6.57,2.06,0.21,chop,2.19,stressed,1.25,300,mm,-463.02,25.54,25.55,25.5458,0.41,0.50,0.33,mixed,0.39,normal,0.13,-590,mm,-2573.93
57.794,87,213.9,-3160.89,-3160.89,5138,-4538,155.25,155.26,155.2779,-4.33,0.50,1.00,mixed,-1.91,stressed,-3.68,-4248,dir,-72.96,100.02,100.11,100.0112,6.62,2.06,0.21,chop,2.19,stressed,1.25,300,mm,-463.02,25.54,25.55,25.5458,0.40,0.50,0.33,mixed,0.39,normal,0.13,-590,mm,-2573.93
57.817,87,213.9,-3160.89,-3160.89,5138,-4538,155.25,155.26,155.2776,-4.33,0.50,1.00,mixed,-1.91,stressed,-3.68,-4248,dir,-72.96,100.02,100.11,100.0117,6.66,2.06,0.21,chop,2.19,stressed,1.25,300,mm,-463.02,25.54,25.55,25.5458,0.40,0.50,0.33,mixed,0.39,normal,0.13,-590,mm,-2573.93
57.837,87,213.9,-3160.89,-3160.89,5138,-4538,155.25,155.26,155.2774,-4.34,0.50,1.00,mixed,-1.95,stressed,-3.68,-4248,dir,-72.96,100.02,100.11,100.0122,6.69,2.06,0.21,chop,2.19,stressed,1.25,300,mm,-463.02,25.54,25.55,25.5458,0.40,0.50,0.00,chop,0.38,normal,0.13,-590,mm,-2573.93
57.860,87,213.9,-3160.89,-3160.89,5138,-4538,155.25,155.26,155.2772,-4.34,0.50,1.00,mixed,-1.95,stressed,-3.68,-4248,dir,-72.96,100.02,100.11,100.0128,6.72,2.06,0.21,chop,2.19,stressed,1.25,300,mm,-463.02,25.54,25.55,25.5458,0.40,0.50,0.00,chop,0.38,normal,0.13,-590,mm,-2573.93
57.906,87,213.9,-3160.89,-3160.89,5138,-4538,155.24,155.26,155.2766,-4.36,0.50,1.00,mixed,-1.95,stressed,-3.68,-4248,dir,-30.48,100.0,100.06,100.0132,6.66,2.06,0.21,chop,2.19,stressed,1.25,300,mm,-463.02,25.54,25.55,25.5457,0.40,0.50,0.00,chop,0.38,normal,0.13,-590,mm,-2573.93
57.944,87,213.9,-3160.89,-3160.89,5138,-4538,155.24,155.26,155.2761,-4.38,0.50,1.00,mixed,-1.95,stressed,-3.68,-4248,dir,-30.48,100.0,100.06,100.0135,6.61,2.06,0.21,chop,2.19,stressed,1.25,300,mm,-463.02,25.54,25.55,25.5457,0.39,0.50,0.00,chop,0.38,normal,0.13,-590,mm,-2573.93
57.961,87,213.9,-3160.89,-3160.89,5138,-4538,155.24,155.26,155.2759,-4.39,0.50,1.00,mixed,-1.95,stressed,-3.68,-4248,dir,-30.48,100.0,100.06,100.0136,6.59,2.06,0.21,chop,2.19,stressed,1.25,300,mm,-463.02,25.54,25.55,25.5457,0.39,0.50,0.00,chop,0.38,normal,0.13,-590,mm,-2573.93
58.001,87,213.9,-3160.89,-3160.89,5138,-4538,155.24,155.26,155.2754,-4.40,0.50,1.00,mixed,-1.95,stressed,-3.68,-4248,dir,-30.48,100.0,100.06,100.0139,6.53,2.06,0.08,chop,1.63,stressed,1.25,300,mm,-463.02,25.54,25.55,25.5457,0.39,0.50,0.00,chop,0.38,normal,0.13,-590,mm,-2573.93
58.012,87,213.9,-3160.89,-3160.89,5138,-4538,155.24,155.26,155.2753,-4.41,0.50,1.00,mixed,-1.95,stressed,-3.68,-4248,dir,-30.48,100.0,100.06,100.0140,6.52,2.06,0.08,chop,1.63,stressed,1.25,300,mm,-463.02,25.54,25.55,25.5457,0.39,0.50,0.00,chop,0.38,normal,0.13,-590,mm,-2573.93
58.045,87,213.9,-3160.89,-3160.89,5138,-4538,155.24,155.26,155.2749,-4.42,0.50,1.00,mixed,-1.95,stressed,-3.68,-4248,dir,-30.48,100.0,100.06,100.0142,6.47,2.06,0.08,chop,1.63,stressed,1.25,300,mm,-463.02,25.54,25.55,25.5457,0.39,0.50,0.00,chop,0.38,normal,0.13,-590,mm,-2573.93
58.068,87,213.9,-3160.89,-3160.89,5138,-4538,155.24,155.26,155.2746,-4.42,0.50,1.00,mixed,-1.95,stressed,-3.68,-4248,dir,-30.48,100.0,100.06,100.0144,6.44,2.06,0.08,chop,1.63,stressed,1.25,300,mm,-463.02,25.54,25.55,25.5457,0.38,0.50,0.00,chop,0.38,normal,0.13,-590,mm,-2573.93
58.091,87,213.9,-3160.89,-3160.89,5138,-4538,155.24,155.26,155.2744,-4.43,0.50,1.00,mixed,-1.98,stressed,-3.68,-4248,dir,-30.48,100.0,100.06,100.0146,6.41,2.06,0.08,chop,1.63,stressed,1.25,300,mm,-463.02,25.54,25.55,25.5457,0.38,0.50,1.00,mixed,0.37,normal,0.13,-590,mm,-2573.93
58.114,87,213.9,-3160.89,-3160.89,5138,-4538,155.24,155.26,155.2741,-4.44,0.50,1.00,mixed,-1.98,stressed,-3.68,-4248,dir,-30.48,100.0,100.06,100.0147,6.38,2.06,0.08,chop,1.63,stressed,1.25,300,mm,-463.02,25.54,25.55,25.5457,0.38,0.50,1.00,mixed,0.37,normal,0.13,-590,mm,-2573.93
58.169,88,210.4,-3067.44,-3067.44,5138,-4538,155.23,155.25,155.2732,-4.49,0.50,1.00,mixed,-1.98,stressed,-4.03,-4248,dir,-30.48,99.9,100.05,100.0147,6.38,2.06,0.08,chop,1.63,stressed,1.25,300,mm,-463.02,25.54,25.55,25.5457,0.38,0.50,1.00,mixed,0.37,normal,0.19,-590,mm,-2573.93
58.185,88,210.4,-3067.44,-3067.44,5138,-4538,155.23,155.25,155.2730,-4.50,0.50,1.00,mixed,-1.98,stressed,-4.03,-4248,dir,-30.48,99.9,100.05,100.0147,6.38,2.06,0.08,chop,1.63,stressed,1.25,300,mm,-463.02,25.54,25.55,25.5457,0.38,0.50,1.00,mixed,0.37,normal,0.19,-590,mm,-2573.93
58.208,88,210.4,-3067.44,-3067.44,5138,-4538,155.23,155.25,155.2726,-4.52,0.50,1.00,mixed,-1.98,stressed,-4.03,-4248,dir,-30.48,99.9,100.05,100.0147,6.38,2.06,0.08,chop,1.63,stressed,1.25,300,mm,-463.02,25.54,25.55,25.5456,0.38,0.50,1.00,mixed,0.37,normal,0.19,-590,mm,-2573.93
58.232,88,210.4,-3067.44,-3067.44,5138,-4538,155.23,155.25,155.2723,-4.55,0.50,1.00,mixed,-1.98,stressed,-4.03,-4248,dir,-30.48,99.9,100.05,100.0147,6.38,2.06,0.08,chop,1.63,stressed,1.25,300,mm,-463.02,25.54,25.55,25.5456,0.37,0.50,1.00,mixed,0.37,normal,0.19,-590,mm,-2573.93
58.259,88,210.4,-3067.44,-3067.44,5138,-4538,155.23,155.25,155.2719,-4.57,0.53,1.00,mixed,-1.98,stressed,-4.03,-4248,dir,-30.48,99.9,100.05,100.0147,6.38,2.06,0.08,chop,1.63,stressed,1.25,300,mm,-463.02,25.54,25.55,25.5456,0.37,0.45,1.00,mixed,0.37,normal,0.19,-590,mm,-2573.93
58.307,88,210.4,-3067.44,-3067.44,5138,-4538,155.23,155.25,155.2711,-4.60,0.53,1.00,mixed,-1.98,stressed,-4.03,-4248,dir,-30.48,99.9,100.05,100.0147,6.38,2.06,0.08,chop,1.63,stressed,1.25,300,mm,-463.02,25.54,25.55,25.5456,0.37,0.45,1.00,mixed,0.37,normal,0.19,-590,mm,-2573.93
58.319,88,210.4,-3067.44,-3067.44,5138,-4538,155.23,155.25,155.2710,-4.61,0.53,1.00,mixed,-1.98,stressed,-4.03,-4248,dir,-30.48,99.9,100.05,100.0147,6.38,2.06,0.08,chop,1.63,stressed,1.25,300,mm,-463.02,25.54,25.55,25.5456,0.37,0.45,1.00,mixed,0.37,normal,0.19,-590,mm,-2573.93
58.345,88,210.4,-3067.44,-3067.44,5138,-4538,155.23,155.25,155.2706,-4.63,0.53,1.00,mixed,-2.08,stressed,-4.03,-4248,dir,-30.48,99.9,100.05,100.0147,6.38,2.06,0.08,chop,1.63,stressed,1.25,300,mm,-463.02,25.54,25.55,25.5456,0.37,0.45,0.00,chop,0.37,normal,0.19,-590,mm,-2573.93
58.370,88,210.4,-3067.44,-3067.44,5138,-4538,155.23,155.25,155.2702,-4.64,0.53,1.00,mixed,-2.08,stressed,-4.03,-4248,dir,-30.48,99.9,100.05,100.0147,6.38,2.06,0.08,chop,1.63,stressed,1.25,300,mm,-463.02,25.54,25.55,25.5456,0.36,0.45,0.00,chop,0.37,normal,0.19,-590,mm,-2573.93
58.436,88,210.4,-3067.44,-3067.44,6290,-3890,155.22,155.24,155.2690,-4.73,0.53,1.00,mixed,-2.08,stressed,-4.03,-4500,dir,48.75,99.9,100.02,100.0147,6.38,2.06,0.08,chop,1.63,stressed,1.25,1200,mm,-554.76,25.54,25.55,25.5456,0.36,0.45,0.00,chop,0.37,normal,0.19,-590,mm,-2573.93
58.519,88,210.4,-3067.44,-3067.44,6290,-3890,155.22,155.24,155.2675,-4.83,0.53,1.00,mixed,-2.08,stressed,-4.03,-4500,dir,48.75,99.9,100.02,100.0147,6.38,2.06,0.08,chop,1.63,stressed,1.25,1200,mm,-554.76,25.54,25.55,25.5456,0.35,0.45,0.00,chop,0.37,normal,0.19,-590,mm,-2573.93
58.546,88,210.4,-3067.44,-3067.44,6290,-3890,155.22,155.24,155.2670,-4.86,0.53,1.00,mixed,-2.08,stressed,-4.03,-4500,dir,48.75,99.9,100.02,100.0147,6.38,2.06,0.08,chop,1.63,stressed,1.25,1200,mm,-554.76,25.54,25.55,25.5456,0.35,0.45,0.00,chop,0.37,normal,0.19,-590,mm,-2573.93
58.574,88,210.4,-3067.44,-3067.44,6290,-3890,155.22,155.24,155.2665,-4.88,0.53,1.00,mixed,-2.08,stressed,-4.03,-4500,dir,48.75,99.9,100.02,100.0147,6.38,2.06,0.08,chop,1.63,stressed,1.25,1200,mm,-554.76,25.54,25.55,25.5455,0.35,0.45,0.00,chop,0.37,normal,0.19,-590,mm,-2573.93
58.593,88,210.4,-3067.44,-3067.44,6290,-3890,155.22,155.24,155.2662,-4.90,0.53,1.00,mixed,-2.08,stressed,-4.03,-4500,dir,48.75,99.9,100.02,100.0147,6.38,2.06,0.08,chop,1.63,stressed,1.25,1200,mm,-554.76,25.54,25.55,25.5455,0.35,0.45,0.00,chop,0.37,normal,0.19,-590,mm,-2573.93
58.616,88,210.4,-3067.44,-3067.44,6290,-3890,155.22,155.24,155.2658,-4.92,0.53,1.00,mixed,-2.19,stressed,-4.03,-4500,dir,48.75,99.9,100.02,100.0147,6.38,2.06,0.08,chop,1.63,stressed,1.25,1200,mm,-554.76,25.54,25.55,25.5455,0.35,0.45,0.00,chop,0.36,normal,0.19,-590,mm,-2573.93
58.645,88,213.0,-3067.44,-3067.44,6290,-3890,155.22,155.24,155.2653,-4.95,0.53,1.00,mixed,-2.19,stressed,-4.03,-4500,dir,48.75,99.9,100.02,100.0147,6.38,2.06,0.08,chop,1.63,stressed,1.25,1200,mm,-554.76,25.54,25.55,25.5455,0.35,0.45,0.00,chop,0.36,normal,0.19,-590,mm,-2573.93
58.705,88,213.0,-3067.44,-3067.44,6086,-6086,155.22,155.23,155.2642,-5.02,0.53,1.00,mixed,-2.19,stressed,-4.03,-5496,dir,81.11,99.92,99.93,100.0122,5.80,3.20,0.19,chop,0.13,stressed,1.25,0,mm,-517.08,25.54,25.55,25.5455,0.34,0.45,0.00,chop,0.36,normal,0.19,-590,mm,-2573.93
58.721,88,213.0,-3067.44,-3067.44,6086,-6086,155.22,155.23,155.2639,-5.04,0.53,1.00,mixed,-2.19,stressed,-4.03,-5496,dir,81.11,99.92,99.93,100.0116,5.65,3.20,0.19,chop,0.13,stressed,1.25,0,mm,-517.08,25.54,25.55,25.5455,0.34,0.45,0.00,chop,0.36,normal,0.19,-590,mm,-2573.93
58.750,88,213.0,-3067.44,-3067.44,6086,-6086,155.22,155.23,155.2634,-5.07,0.53,1.00,mixed,-2.19,stressed,-4.03,-5496,dir,81.11,99.92,99.93,100.0104,5.39,3.20,0.19,chop,0.13,stressed,1.25,0,mm,-517.08,25.54,25.55,25.5455,0.34,0.45,0.00,chop,0.36,normal,0.19,-590,mm,-2573.93
58.769,88,213.0,-3067.44,-3067.44,6086,-6086,155.22,155.23,155.2630,-5.08,0.56,1.00,mixed,-2.19,stressed,-4.03,-5496,dir,81.11,99.92,99.93,100.0097,5.23,3.20,0.19,chop,0.13,stressed,1.25,0,mm,-517.08,25.54,25.55,25.5455,0.34,0.41,0.00,chop,0.36,normal,0.19,-590,mm,-2573.93
58.802,88,213.0,-3067.44,-3067.44,6086,-6086,155.22,155.23,155.2625,-5.12,0.56,1.00,mixed,-2.19,stressed,-4.03,-5496,dir,81.11,99.92,99.93,100.0084,4.95,3.20,0.19,chop,0.13,stressed,1.25,0,mm,-517.08,25.54,25.55,25.5455,0.34,0.41,0.00,chop,0.36,normal,0.19,-590,mm,-2573.93
58.828,88,213.0,-3067.44,-3067.44,6086,-6086,155.22,155.23,155.2620,-5.14,0.56,1.00,mixed,-2.19,stressed,-4.03,-5496,dir,81.11,99.92,99.93,100.0073,4.73,3.20,0.19,chop,0.13,stressed,1.25,0,mm,-517.08,25.54,25.55,25.5455,0.34,0.41,0.00,chop,0.36,normal,0.19,-590,mm,-2573.93
58.845,88,213.0,-3067.44,-3067.44,6086,-6086,155.22,155.23,155.2617,-5.15,0.56,1.00,mixed,-2.19,stressed,-4.03,-5496,dir,81.11,99.92,99.93,100.0067,4.59,3.20,0.19,chop,0.13,stressed,1.25,0,mm,-517.08,25.54,25.55,25.5455,0.33,0.41,0.00,chop,0.36,normal,0.19,-590,mm,-2573.93
58.906,88,213.0,-3067.44,-3067.44,6086,-6086,155.22,155.23,155.2607,-5.20,0.56,1.00,mixed,-2.20,stressed,-4.03,-5496,dir,81.11,99.89,99.93,100.0040,4.05,3.20,0.19,chop,0.13,stressed,1.25,0,mm,-517.08,25.54,25.55,25.5455,0.33,0.41,0.00,chop,0.36,normal,0.19,-590,mm,-2573.93
58.927,88,213.0,-3067.44,-3067.44,6086,-6086,155.22,155.23,155.2603,-5.21,0.56,1.00,mixed,-2.20,stressed,-4.03,-5496,dir,81.11,99.89,99.93,100.0030,3.87,3.20,0.19,chop,0.13,stressed,1.25,0,mm,-517.08,25.54,25.55,25.5455,0.33,0.41,0.00,chop,0.36,normal,0.19,-590,mm,-2573.93
58.962,88,213.0,-3067.44,-3067.44,6086,-6086,155.22,155.23,155.2597,-5.24,0.56,1.00,mixed,-2.20,stressed,-4.03,-5496,dir,81.11,99.89,99.93,100.0015,3.58,3.20,0.22,chop,-0.09,stressed,1.25,0,mm,-517.08,25.54,25.55,25.5455,0.33,0.41,0.00,chop,0.36,normal,0.19,-590,mm,-2573.93
58.981,88,213.0,-3067.44,-3067.44,6086,-6086,155.22,155.23,155.2594,-5.25,0.56,1.00,mixed,-2.20,stressed,-4.03,-5496,dir,81.11,99.89,99.93,100.0007,3.42,3.20,0.22,chop,-0.09,stressed,1.25,0,mm,-517.08,25.54,25.55,25.5455,0.33,0.41,0.00,chop,0.36,normal,0.19,-590,mm,-2573.93
59.010,88,213.0,-3067.44,-3067.44,6086,-6086,155.22,155.23,155.2590,-5.26,0.56,1.00,mixed,-2.20,stressed,-4.03,-5496,dir,81.11,99.89,99.93,99.9995,3.19,3.20,0.22,chop,-0.09,stressed,1.25,0,mm,-517.08,25.54,25.55,25.5454,0.33,0.41,0.00,chop,0.36,normal,0.19,-590,mm,-2573.93
59.026,88,213.0,-3067.44,-3067.44,6086,-6086,155.22,155.23,155.2587,-5.27,0.56,1.00,mixed,-2.20,stressed,-4.03,-5496,dir,81.11,99.89,99.93,99.9988,3.07,3.20,0.22,chop,-0.09,stressed,1.25,0,mm,-517.08,25.54,25.55,25.5454,0.32,0.41,0.00,chop,0.36,normal,0.19,-590,mm,-2573.93
59.069,88,213.0,-3067.44,-3067.44,6086,-6086,155.22,155.23,155.2580,-5.29,0.56,1.00,mixed,-2.20,stressed,-4.03,-5496,dir,81.11,99.89,99.93,99.9970,2.75,3.20,0.22,chop,-0.09,stressed,1.25,0,mm,-517.08,25.54,25.55,25.5454,0.32,0.41,0.00,chop,0.36,normal,0.19,-590,mm,-2573.93
59.090,88,213.0,-3067.44,-3067.44,6086,-6086,155.22,155.23,155.2577,-5.30,0.56,1.00,mixed,-2.20,stressed,-4.03,-5496,dir,81.11,99.89,99.93,99.9962,2.61,3.20,0.22,chop,-0.09,stressed,1.25,0,mm,-517.08,25.54,25.55,25.5454,0.32,0.41,0.00,chop,0.36,normal,0.19,-590,mm,-2573.93
59.107,88,213.0,-3067.44,-3067.44,6086,-6086,155.22,155.23,155.2574,-5.31,0.56,1.00,mixed,-2.20,stressed,-4.03,-5496,dir,81.11,99.89,99.93,99.9955,2.49,3.20,0.22,chop,-0.09,stressed,1.25,0,mm,-517.08,25.54,25.55,25.5454,0.32,0.41,0.00,chop,0.36,normal,0.19,-590,mm,-2573.93
59.132,88,213.0,-3067.44,-3067.44,6086,-6086,155.22,155.23,155.2571,-5.32,0.56,1.00,mixed,-2.20,stressed,-4.03,-5496,dir,81.11,99.89,99.93,99.9945,2.31,3.20,0.22,chop,-0.09,stressed,1.25,0,mm,-517.08,25.54,25.55,25.5454,0.32,0.41,0.00,chop,0.36,normal,0.19,-590,mm,-2573.93
59.161,89,209.4,-3009.91,-3009.91,6086,-6086,155.22,155.23,155.2566,-5.33,0.56,1.00,mixed,-2.11,stressed,-4.43,-5496,dir,81.11,99.89,99.93,99.9933,2.12,3.20,0.22,chop,-0.09,stressed,0.21,0,mm,-517.08,25.54,25.55,25.5454,0.32,0.41,0.00,chop,0.35,normal,0.22,-590,mm,-2573.93
59.183,89,209.4,-3009.91,-3009.91,6086,-6086,155.22,155.23,155.2563,-5.34,0.56,1.00,mixed,-2.11,stressed,-4.43,-5496,dir,81.11,99.89,99.93,99.9925,1.98,3.20,0.22,chop,-0.09,stressed,0.21,0,mm,-517.08,25.54,25.55,25.5454,0.32,0.41,0.00,chop,0.35,normal,0.22,-590,mm,-2573.93
59.210,89,209.4,-3009.91,-3009.91,6086,-6086,155.21,155.23,155.2558,-5.35,0.56,1.00,mixed,-2.11,stressed,-4.43,-5496,dir,81.11,99.88,99.92,99.9913,1.79,3.06,0.22,chop,-0.09,stressed,0.21,0,mm,-517.08,25.54,25.55,25.5454,0.31,0.41,0.00,chop,0.35,normal,0.22,-590,mm,-2573.93
59.243,89,209.4,-3009.91,-3009.91,6086,-6086,155.21,155.23,155.2553,-5.37,0.56,1.00,mixed,-2.11,stressed,-4.43,-5496,dir,81.11,99.88,99.92,99.9899,1.57,3.06,0.21,chop,-0.25,stressed,0.21,0,mm,-517.08,25.54,25.55,25.5454,0.31,0.41,0.00,chop,0.35,normal,0.22,-590,mm,-2573.93
59.265,89,209.4,-3009.91,-3009.91,6086,-6086,155.21,155.23,155.2549,-5.39,0.56,1.00,mixed,-2.11,stressed,-4.43,-5496,dir,81.11,99.88,99.92,99.9889,1.42,3.06,0.21,chop,-0.25,stressed,0.21,0,mm,-517.08,25.54,25.55,25.5454,0.31,0.41,0.00,chop,0.35,normal,0.22,-590,mm,-2573.93
59.288,89,209.4,-3009.91,-3009.91,6086,-6086,155.21,155.23,155.2545,-5.40,0.52,1.00,mixed,-2.11,stressed,-4.43,-5496,dir,81.11,99.88,99.92,99.9880,1.27,3.06,0.21,chop,-0.25,stressed,0.21,0,mm,-517.08,25.54,25.55,25.5454,0.31,0.37,0.00,chop,0.35,normal,0.22,-590,mm,-2573.93
59.325,89,209.4,-3009.91,-3009.91,6086,-6086,155.21,155.23,155.2539,-5.42,0.52,1.00,mixed,-2.11,stressed,-4.43,-5496,dir,81.11,99.88,99.92,99.9864,1.04,3.06,0.21,chop,-0.25,stressed,0.21,0,mm,-517.08,25.54,25.55,25.5454,0.31,0.37,0.00,chop,0.35,normal,0.22,-590,mm,-2573.93
59.345,89,209.4,-3009.91,-3009.91,6086,-6086,155.21,155.23,155.2536,-5.43,0.52,1.00,mixed,-2.11,stressed,-4.43,-5496,dir,81.11,99.88,99.92,99.9856,0.92,3.06,0.21,chop,-0.25,stressed,0.21,0,mm,-517.08,25.54,25.55,25.5454,0.31,0.37,0.00,chop,0.35,normal,0.22,-590,mm,-2573.93
59.368,89,209.4,-3009.91,-3009.91,6086,-6086,155.21,155.23,155.2533,-5.44,0.52,1.00,mixed,-2.11,stressed,-4.43,-5496,dir,81.11,99.88,99.92,99.9848,0.79,3.06,0.21,chop,-0.25,stressed,0.21,0,mm,-517.08,25.54,25.55,25.5454,0.31,0.37,0.00,chop,0.35,normal,0.22,-590,mm,-2573.93
59.392,89,209.4,-3009.91,-3009.91,6086,-6086,155.21,155.23,155.2529,-5.45,0.52,1.00,mixed,-2.11,stressed,-4.43,-5496,dir,81.11,99.88,99.92,99.9838,0.64,3.06,0.21,chop,-0.25,stressed,0.21,0,mm,-517.08,25.54,25.55,25.5454,0.30,0.37,0.00,chop,0.35,normal,0.22,-590,mm,-2573.93
59.447,89,209.4,-3009.91,-3009.91,6086,-6086,155.21,155.22,155.2519,-5.49,0.52,1.00,mixed,-2.20,stressed,-4.43,-5496,dir,81.11,100.02,100.05,99.9851,0.93,3.06,0.21,chop,-0.25,stressed,0.21,0,mm,-517.08,25.54,25.55,25.5454,0.30,0.37,0.00,chop,0.34,normal,0.22,-590,mm,-2573.93
59.462,89,209.4,-3009.91,-3009.91,6086,-6086,155.21,155.22,155.2516,-5.50,0.52,1.00,mixed,-2.20,stressed,-4.43,-5496,dir,81.11,100.02,100.05,99.9854,1.01,3.06,0.21,chop,-0.25,stressed,0.21,0,mm,-517.08,25.54,25.55,25.5454,0.30,0.37,0.00,chop,0.34,normal,0.22,-590,mm,-2573.93
59.490,89,209.4,-3009.91,-3009.91,6086,-6086,155.21,155.22,155.2512,-5.51,0.52,1.00,mixed,-2.20,stressed,-4.43,-5496,dir,81.11,100.02,100.05,99.9861,1.15,3.06,0.21,chop,-0.25,stressed,0.21,0,mm,-517.08,25.54,25.55,25.5454,0.30,0.37,0.00,chop,0.34,normal,0.22,-590,mm,-2573.93
59.514,89,209.4,-3009.91,-3009.91,6086,-6086,155.21,155.22,155.2508,-5.53,0.52,1.00,mixed,-2.20,stressed,-4.43,-5496,dir,81.11,100.02,100.05,99.9866,1.26,3.06,0.11,chop,1.61,stressed,0.21,0,mm,-517.08,25.54,25.55,25.5454,0.30,0.37,0.00,chop,0.34,normal,0.22,-590,mm,-2573.93
59.540,89,209.4,-3009.91,-3009.91,6086,-6086,155.21,155.22,155.2503,-5.54,0.52,1.00,mixed,-2.20,stressed,-4.43,-5496,dir,81.11,100.02,100.05,99.9872,1.38,3.06,0.11,chop,1.61,stressed,0.21,0,mm,-517.08,25.54,25.55,25.5453,0.30,0.37,0.00,chop,0.34,normal,0.22,-590,mm,-2573.93
59.575,89,209.4,-3009.91,-3009.91,6086,-6086,155.21,155.22,155.2497,-5.56,0.52,1.00,mixed,-2.20,stressed,-4.43,-5496,dir,81.11,100.02,100.05,99.9880,1.54,3.06,0.11,chop,1.61,stressed,0.21,0,mm,-517.08,25.54,25.55,25.5453,0.29,0.37,0.00,chop,0.34,normal,0.22,-590,mm,-2573.93
59.594,89,209.4,-3009.91,-3009.91,6086,-6086,155.21,155.22,155.2494,-5.57,0.52,1.00,mixed,-2.20,stressed,-4.43,-5496,dir,81.11,100.02,100.05,99.9884,1.62,3.06,0.11,chop,1.61,stressed,0.21,0,mm,-517.08,25.54,25.55,25.5453,0.29,0.37,0.00,chop,0.34,normal,0.22,-590,mm,-2573.93
59.616,89,209.4,-3009.91,-3009.91,6086,-6086,155.21,155.22,155.2491,-5.58,0.52,1.00,mixed,-2.20,stressed,-4.43,-5496,dir,81.11,100.02,100.05,99.9889,1.71,3.06,0.11,chop,1.61,stressed,0.21,0,mm,-517.08,25.54,25.55,25.5453,0.29,0.37,0.00,chop,0.34,normal,0.22,-590,mm,-2573.93
59.641,89,209.4,-3009.91,-3009.91,6086,-6086,155.21,155.22,155.2487,-5.59,0.52,1.00,mixed,-2.20,stressed,-4.43,-5496,dir,81.11,100.02,100.05,99.9895,1.81,3.06,0.11,chop,1.61,stressed,0.21,0,mm,-517.08,25.54,25.55,25.5453,0.29,0.37,0.00,chop,0.34,normal,0.22,-590,mm,-2573.93
59.672,89,212.1,-3009.91,-3009.91,6086,-6086,155.21,155.22,155.2482,-5.60,0.52,1.00,mixed,-2.20,stressed,-4.43,-5496,dir,81.11,100.02,100.05,99.9901,1.93,3.06,0.11,chop,1.61,stressed,0.21,0,mm,-517.08,25.54,25.55,25.5453,0.29,0.37,0.00,chop,0.34,normal,0.22,-590,mm,-2573.93
59.722,89,212.1,-3009.91,-3009.91,6086,-6086,155.2,155.22,155.2473,-5.63,0.52,1.00,mixed,-2.20,stressed,-4.43,-5496,dir,81.11,100.03,100.06,99.9914,2.16,4.12,0.11,chop,1.61,stressed,0.21,0,mm,-517.08,25.54,25.55,25.5453,0.29,0.37,0.00,chop,0.34,normal,0.22,-590,mm,-2573.93
59.771,89,212.1,-3009.91,-3009.91,6086,-6086,155.2,155.22,155.2465,-5.66,0.52,1.00,mixed,-2.20,stressed,-4.43,-5496,dir,81.11,100.03,100.06,99.9926,2.37,4.12,0.13,chop,1.69,stressed,0.21,0,mm,-517.08,25.54,25.55,25.5453,0.28,0.37,0.00,chop,0.34,normal,0.22,-590,mm,-2573.93
59.791,89,212.1,-3009.91,-3009.91,6086,-6086,155.2,155.22,155.2461,-5.67,0.50,1.00,mixed,-2.20,stressed,-4.43,-5496,dir,81.11,100.03,100.06,99.9931,2.45,4.12,0.13,chop,1.69,stressed,0.21,0,mm,-517.08,25.54,25.55,25.5453,0.28,0.33,0.00,chop,0.34,normal,0.22,-590,mm,-2573.93
59.816,89,212.1,-3009.91,-3009.91,6086,-6086,155.2,155.22,155.2457,-5.69,0.50,1.00,mixed,-2.20,stressed,-4.43,-5496,dir,81.11,100.03,100.06,99.9937,2.55,4.12,0.13,chop,1.69,stressed,0.21,0,mm,-517.08,25.54,25.55,25.5453,0.28,0.33,0.00,chop,0.34,normal,0.22,-590,mm,-2573.93
59.851,89,212.1,-3009.91,-3009.91,6086,-6086,155.2,155.22,155.2451,-5.70,0.50,1.00,mixed,-2.20,stressed,-4.43,-5496,dir,81.11,100.03,100.06,99.9945,2.68,4.12,0.13,chop,1.69,stressed,0.21,0,mm,-517.08,25.54,25.55,25.5453,0.28,0.33,0.00,chop,0.34,normal,0.22,-590,mm,-2573.93
59.868,89,212.1,-3009.91,-3009.91,6086,-6086,155.2,155.22,155.2448,-5.71,0.50,1.00,mixed,-2.20,stressed,-4.43,-5496,dir,81.11,100.03,100.06,99.9949,2.75,4.12,0.13,chop,1.69,stressed,0.21,0,mm,-517.08,25.54,25.55,25.5453,0.28,0.33,0.00,chop,0.34,normal,0.22,-590,mm,-2573.93
59.953,89,212.1,-3009.91,-3009.91,10990,-10990,155.21,155.22,155.2437,-5.71,0.50,1.00,mixed,-2.20,stressed,-4.43,-9000,dir,72.53,100.09,100.11,99.9991,3.41,4.12,0.13,chop,1.69,stressed,0.21,-1400,mm,-570.88,25.54,25.55,25.5453,0.27,0.33,0.00,chop,0.34,normal,0.22,-590,mm,-2573.93
60.018,89,212.1,-3009.91,-3009.91,10990,-10990,155.21,155.22,155.2428,-5.70,0.50,0.90,mixed,-2.04,stressed,-4.43,-9000,dir,72.53,100.09,100.11,100.0021,3.86,4.12,0.13,chop,1.69,stressed,0.21,-1400,mm,-570.88,25.54,25.55,25.5453,0.27,0.33,0.00,chop,0.33,normal,0.22,-590,mm,-2573.93
60.037,89,212.1,-3009.91,-3009.91,10990,-10990,155.21,155.22,155.2425,-5.70,0.50,0.90,mixed,-2.04,stressed,-4.43,-9000,dir,72.53,100.09,100.11,100.0030,4.00,4.12,0.24,chop,2.32,stressed,0.21,-1400,mm,-570.88,25.54,25.55,25.5453,0.27,0.33,0.00,chop,0.33,normal,0.22,-590,mm,-2573.93
60.060,89,212.1,-3009.91,-3009.91,10990,-10990,155.21,155.22,155.2422,-5.70,0.50,0.90,mixed,-2.04,stressed,-4.43,-9000,dir,72.53,100.09,100.11,100.0040,4.14,4.12,0.24,chop,2.32,stressed,0.21,-1400,mm,-570.88,25.54,25.55,25.5453,0.27,0.33,0.00,chop,0.33,normal,0.22,-590,mm,-2573.93
60.110,89,212.1,-3009.91,-3009.91,10990,-10990,155.21,155.22,155.2416,-5.69,0.50,0.90,mixed,-2.04,stressed,-4.43,-9000,dir,72.53,100.09,100.11,100.0062,4.45,4.12,0.24,chop,2.32,stressed,0.21,-1400,mm,-570.88,25.54,25.55,25.5453,0.27,0.33,0.00,chop,0.33,normal,0.22,-590,mm,-2573.93
60.121,89,212.1,-3009.91,-3009.91,10990,-10990,155.21,155.22,155.2415,-5.68,0.50,0.90,mixed,-2.04,stressed,-4.43,-9000,dir,72.53,100.09,100.11,100.0068,4.52,4.12,0.24,chop,2.32,stressed,0.21,-1400,mm,-570.88,25.54,25.55,25.5453,0.27,0.33,0.00,chop,0.33,normal,0.22,-590,mm,-2573.93
60.148,89,212.1,-3009.91,-3009.91,10990,-10990,155.21,155.22,155.2411,-5.68,0.50,0.90,mixed,-2.04,stressed,-4.43,-9000,dir,72.53,100.09,100.11,100.0079,4.68,4.12,0.24,chop,2.32,stressed,0.21,-1400,mm,-570.88,25.54,25.55,25.5453,0.27,0.33,0.00,chop,0.33,normal,0.22,-590,mm,-2573.93
60.175,90,208.5,-3072.29,-3072.29,10990,-10990,155.21,155.22,155.2408,-5.67,0.50,0.90,mixed,-2.04,stressed,-4.80,-9000,dir,72.53,100.09,100.11,100.0091,4.83,4.12,0.24,chop,2.32,stressed,0.83,-1400,mm,-570.88,25.54,25.55,25.5453,0.26,0.33,0.00,chop,0.33,normal,0.39,-590,mm,-2573.93
60.237,90,208.5,-3072.29,-3072.29,10990,-10990,155.2,155.22,155.2399,-5.68,0.50,0.90,mixed,-2.04,stressed,-4.80,-9000,dir,72.53,100.1,100.12,100.0120,5.20,4.23,0.24,chop,2.32,stressed,0.83,-1400,mm,-570.88,25.54,25.55,25.5452,0.26,0.33,0.00,chop,0.33,normal,0.39,-590,mm,-2573.93
60.255,90,208.5,-3072.29,-3072.29,10990,-10990,155.2,155.22,155.2397,-5.68,0.50,0.90,mixed,-2.04,stressed,-4.80,-9000,dir,72.53,100.1,100.12,100.0128,5.31,4.23,0.24,chop,2.32,stressed,0.83,-1400,mm,-570.88,25.54,25.55,25.5452,0.26,0.33,0.00,chop,0.33,normal,0.39,-590,mm,-2573.93
60.279,90,208.5,-3072.29,-3072.29,10990,-10990,155.2,155.22,155.2393,-5.68,0.50,0.90,mixed,-2.05,stressed,-4.80,-9000,dir,72.53,100.1,100.12,100.0139,5.44,4.23,0.24,chop,2.32,stressed,0.83,-1400,mm,-570.88,25.54,25.55,25.5452,0.26,0.33,0.00,chop,0.33,normal,0.39,-590,mm,-2573.93
60.299,90,208.5,-3072.29,-3072.29,10990,-10990,155.2,155.22,155.2391,-5.68,0.51,0.90,mixed,-2.05,stressed,-4.80,-9000,dir,72.53,100.1,100.12,100.0148,5.55,4.23,0.25,mixed,2.33,stressed,0.83,-1400,mm,-570.88,25.54,25.55,25.5452,0.26,0.30,0.00,chop,0.33,normal,0.39,-590,mm,-2573.93
60.327,90,208.5,-3072.29,-3072.29,10990,-10990,155.2,155.22,155.2387,-5.68,0.51,0.90,mixed,-2.05,stressed,-4.80,-9000,dir,72.53,100.1,100.12,100.0161,5.70,4.23,0.25,mixed,2.33,stressed,0.83,-1400,mm,-570.88,25.54,25.55,25.5452,0.26,0.30,0.00,chop,0.33,normal,0.39,-590,mm,-2573.93
60.356,90,208.5,-3072.29,-3072.29,10990,-10990,155.2,155.22,155.2383,-5.68,0.51,0.90,mixed,-2.05,stressed,-4.80,-9000,dir,72.53,100.1,100.12,100.0174,5.85,4.23,0.25,mixed,2.33,stressed,0.83,-1400,mm,-570.88,25.54,25.55,25.5452,0.26,0.30,0.00,chop,0.33,normal,0.39,-590,mm,-2573.93
60.377,90,208.5,-3072.29,-3072.29,10990,-10990,155.2,155.22,155.2380,-5.68,0.51,0.90,mixed,-2.05,stressed,-4.80,-9000,dir,72.53,100.1,100.12,100.0183,5.95,4.23,0.25,mixed,2.33,stressed,0.83,-1400,mm,-570.88,25.54,25.55,25.5452,0.25,0.30,0.00,chop,0.33,normal,0.39,-590,mm,-2573.93
60.403,90,208.5,-3072.29,-3072.29,10990,-10990,155.2,155.22,155.2377,-5.68,0.51,0.90,mixed,-2.05,stressed,-4.80,-9000,dir,72.53,100.1,100.12,100.0194,6.07,4.23,0.25,mixed,2.33,stressed,0.83,-1400,mm,-570.88,25.54,25.55,25.5452,0.25,0.30,0.00,chop,0.33,normal,0.39,-590,mm,-2573.93
60.430,90,208.5,-3072.29,-3072.29,10990,-10990,155.2,155.22,155.2373,-5.67,0.51,0.90,mixed,-2.05,stressed,-4.80,-9000,dir,72.53,100.1,100.12,100.0205,6.20,4.23,0.25,mixed,2.33,stressed,0.83,-1400,mm,-570.88,25.54,25.55,25.5452,0.25,0.30,0.00,chop,0.33,normal,0.39,-590,mm,-2573.93
60.480,90,208.5,-3072.29,-3072.29,10990,-10990,155.2,155.21,155.2366,-5.69,0.51,0.90,mixed,-2.05,stressed,-4.80,-9000,dir,72.53,100.1,100.13,100.0227,6.43,4.23,0.25,mixed,2.33,stressed,0.83,-1400,mm,-570.88,25.54,25.55,25.5452,0.25,0.30,0.00,chop,0.33,normal,0.39,-590,mm,-2573.93
60.492,90,208.5,-3072.29,-3072.29,10990,-10990,155.2,155.21,155.2364,-5.69,0.51,0.90,mixed,-2.05,stressed,-4.80,-9000,dir,72.53,100.1,100.13,100.0233,6.48,4.23,0.25,mixed,2.33,stressed,0.83,-1400,mm,-570.88,25.54,25.55,25.5452,0.25,0.30,0.00,chop,0.33,normal,0.39,-590,mm,-2573.93
60.558,90,208.5,-3072.29,-3072.29,10990,-10990,155.2,155.21,155.2354,-5.70,0.51,0.91,mixed,-2.06,stressed,-4.80,-9000,dir,72.53,100.1,100.13,100.0260,6.76,4.23,0.26,mixed,2.27,stressed,0.83,-1400,mm,-570.88,25.54,25.55,25.5452,0.25,0.30,0.00,chop,0.32,normal,0.39,-590,mm,-2573.93
60.582,90,208.5,-3072.29,-3072.29,10990,-10990,155.2,155.21,155.2351,-5.70,0.51,0.91,mixed,-2.06,stressed,-4.80,-9000,dir,72.53,100.1,100.13,100.0271,6.86,4.23,0.26,mixed,2.27,stressed,0.83,-1400,mm,-570.88,25.54,25.55,25.5452,0.25,0.30,0.00,chop,0.32,normal,0.39,-590,mm,-2573.93
60.609,90,208.5,-3072.29,-3072.29,10990,-10990,155.2,155.21,155.2347,-5.71,0.51,0.91,mixed,-2.06,stressed,-4.80,-9000,dir,72.53,100.1,100.13,100.0282,6.96,4.23,0.26,mixed,2.27,stressed,0.83,-1400,mm,-570.88,25.54,25.55,25.5452,0.24,0.30,0.00,chop,0.32,normal,0.39,-590,mm,-2573.93
60.630,90,208.5,-3072.29,-3072.29,10990,-10990,155.2,155.21,155.2344,-5.71,0.51,0.91,mixed,-2.06,stressed,-4.80,-9000,dir,72.53,100.1,100.13,100.0290,7.04,4.23,0.26,mixed,2.27,stressed,0.83,-1400,mm,-570.88,25.54,25.55,25.5452,0.24,0.30,0.00,chop,0.32,normal,0.39,-590,mm,-2573.93
60.648,90,208.5,-3072.29,-3072.29,10990,-10990,155.2,155.21,155.2341,-5.71,0.51,0.91,mixed,-2.06,stressed,-4.80,-9000,dir,72.53,100.1,100.13,100.0298,7.11,4.23,0.26,mixed,2.27,stressed,0.83,-1400,mm,-570.88,25.54,25.55,25.5452,0.24,0.30,0.00,chop,0.32,normal,0.39,-590,mm,-2573.93
60.677,90,211.1,-3072.29,-3072.29,10990,-10990,155.2,155.21,155.2338,-5.71,0.51,0.91,mixed,-2.06,stressed,-4.80,-9000,dir,72.53,100.1,100.13,100.0309,7.21,4.23,0.26,mixed,2.27,stressed,0.83,-1400,mm,-570.88,25.54,25.55,25.5452,0.24,0.30,0.00,chop,0.32,normal,0.39,-590,mm,-2573.93
60.733,90,211.1,-3072.29,-3072.29,10990,-10990,155.19,155.21,155.2329,-5.73,0.51,0.91,mixed,-2.06,stressed,-4.80,-9000,dir,72.53,100.08,100.1,100.0325,7.28,4.23,0.26,mixed,2.27,stressed,0.83,-1400,mm,-570.88,25.54,25.55,25.5452,0.24,0.30,0.00,chop,0.32,normal,0.39,-590,mm,-2573.93
60.754,90,211.1,-3072.29,-3072.29,10990,-10990,155.19,155.21,155.2326,-5.74,0.51,0.91,mixed,-2.06,stressed,-4.80,-9000,dir,72.53,100.08,100.1,100.0330,7.30,4.10,0.26,mixed,2.27,stressed,0.83,-1400,mm,-570.88,25.54,25.55,25.5452,0.24,0.30,0.00,chop,0.32,normal,0.39,-590,mm,-2573.93
60.787,90,211.1,-3072.29,-3072.29,10990,-10990,155.19,155.21,155.2321,-5.75,0.51,0.91,mixed,-2.06,stressed,-4.80,-9000,dir,72.53,100.08,100.1,100.0339,7.34,4.10,0.26,mixed,2.27,stressed,0.83,-1400,mm,-570.88,25.54,25.55,25.5452,0.24,0.30,0.00,chop,0.32,normal,0.39,-590,mm,-2573.93
60.804,90,211.1,-3072.29,-3072.29,10990,-10990,155.19,155.21,155.2318,-5.75,0.49,0.91,mixed,-2.06,stressed,-4.80,-9000,dir,72.53,100.08,100.1,100.0344,7.36,4.10,0.26,mixed,2.27,stressed,0.83,-1400,mm,-570.88,25.54,25.55,25.5452,0.24,0.27,0.00,chop,0.32,normal,0.39,-590,mm,-2573.93
60.826,90,211.1,-3072.29,-3072.29,10990,-10990,155.19,155.21,155.2315,-5.76,0.49,0.91,mixed,-2.07,stressed,-4.80,-9000,dir,72.53,100.08,100.1,100.0350,7.38,4.10,0.22,chop,1.88,stressed,0.83,-1400,mm,-570.88,25.54,25.55,25.5452,0.24,0.27,0.00,chop,0.31,normal,0.39,-590,mm,-2573.93
60.851,90,211.1,-3072.29,-3072.29,10990,-10990,155.19,155.21,155.2311,-5.76,0.49,0.91,mixed,-2.07,stressed,-4.80,-9000,dir,72.53,100.08,100.1,100.0356,7.40,4.10,0.22,chop,1.88,stressed,0.83,-1400,mm,-570.88,25.54,25.55,25.5452,0.23,0.27,0.00,chop,0.31,normal,0.39,-590,mm,-2573.93
60.946,90,211.1,-3072.29,-3072.29,10990,-10990,155.19,155.2,155.2295,-5.81,0.49,0.91,mixed,-2.07,stressed,-4.80,-9000,dir,252.53,100.07,100.09,100.0375,7.40,4.10,0.22,chop,1.88,stressed,0.83,-1400,mm,-542.88,25.54,25.55,25.5452,0.23,0.27,0.00,chop,0.31,normal,0.39,-590,mm,-2573.93
60.987,90,211.1,-3072.29,-3072.29,10990,-10990,155.19,155.2,155.2289,-5.83,0.49,0.91,mixed,-2.07,stressed,-4.80,-9000,dir,252.53,100.07,100.08,100.0382,7.38,4.10,0.22,chop,1.88,stressed,0.83,-1400,mm,-542.88,25.54,25.55,25.5452,0.23,0.27,0.00,chop,0.31,normal,0.39,-590,mm,-2573.93
61.023,90,211.1,-3072.29,-3072.29,10990,-10990,155.19,155.2,155.2283,-5.84,0.49,0.91,mixed,-2.07,stressed,-4.80,-9000,dir,252.53,100.07,100.08,100.0389,7.37,4.10,0.22,chop,1.88,stressed,0.83,-1400,mm,-542.88,25.54,25.55,25.5452,0.23,0.27,0.00,chop,0.31,normal,0.39,-590,mm,-2573.93
61.049,90,211.1,-3072.29,-3072.29,10990,-10990,155.19,155.2,155.2279,-5.85,0.49,0.91,mixed,-2.07,stressed,-4.80,-9000,dir,252.53,100.07,100.08,100.0393,7.35,4.10,0.22,chop,1.88,stressed,0.83,-1400,mm,-542.88,25.54,25.55,25.5452,0.23,0.27,0.00,chop,0.31,normal,0.39,-590,mm,-2573.93
61.061,90,211.1,-3072.29,-3072.29,10990,-10990,155.19,155.2,155.2277,-5.85,0.49,0.91,mixed,-2.07,stressed,-4.80,-9000,dir,252.53,100.07,100.08,100.0395,7.35,4.10,0.22,chop,1.88,stressed,0.83,-1400,mm,-542.88,25.54,25.55,25.5452,0.23,0.27,0.00,chop,0.31,normal,0.39,-590,mm,-2573.93
61.086,90,211.1,-3072.29,-3072.29,10990,-10990,155.19,155.2,155.2273,-5.86,0.49,0.91,mixed,-2.08,stressed,-4.80,-9000,dir,252.53,100.07,100.08,100.0399,7.33,4.10,0.19,chop,1.64,stressed,0.83,-1400,mm,-542.88,25.54,25.55,25.5452,0.22,0.27,0.00,chop,0.30,normal,0.39,-590,mm,-2573.93
61.112,90,211.1,-3072.29,-3072.29,10990,-10990,155.19,155.2,155.2269,-5.87,0.49,0.91,mixed,-2.08,stressed,-4.80,-9000,dir,252.53,100.07,100.08,100.0403,7.32,4.10,0.19,chop,1.64,stressed,0.83,-1400,mm,-542.88,25.54,25.55,25.5452,0.22,0.27,0.00,chop,0.30,normal,0.39,-590,mm,-2573.93
61.142,90,211.1,-3072.29,-3072.29,10990,-10990,155.19,155.2,155.2265,-5.87,0.49,0.91,mixed,-2.08,stressed,-4.80,-9000,dir,252.53,100.07,100.08,100.0408,7.30,4.10,0.19,chop,1.64,stressed,0.83,-1400,mm,-542.88,25.54,25.55,25.5452,0.22,0.27,0.00,chop,0.30,normal,0.39,-590,mm,-2573.93
61.163,90,211.1,-3072.29,-3072.29,10990,-10990,155.19,155.2,155.2262,-5.88,0.49,0.91,mixed,-2.08,stressed,-4.80,-9000,dir,252.53,100.07,100.08,100.0412,7.29,4.10,0.19,chop,1.64,stressed,0.83,-1400,mm,-542.88,25.54,25.55,25.5452,0.22,0.27,0.00,chop,0.30,normal,0.39,-590,mm,-2573.93
61.193,91,207.7,-2864.29,-2864.29,10990,-10990,155.19,155.2,155.2257,-5.88,0.49,0.91,mixed,-2.08,stressed,-4.80,-9000,dir,252.53,100.07,100.08,100.0416,7.27,4.10,0.19,chop,1.64,stressed,0.74,-1400,mm,-542.88,25.54,25.55,25.5452,0.22,0.27,0.00,chop,0.30,normal,0.52,-590,mm,-2573.93
61.262,91,207.7,-2864.29,-2864.29,10990,-10990,155.18,155.2,155.2246,-5.91,0.49,0.91,mixed,-2.08,stressed,-4.80,-9000,dir,252.53,100.03,100.04,100.0414,7.01,4.28,0.19,chop,1.64,stressed,0.74,-1400,mm,-542.88,25.54,25.55,25.5452,0.22,0.27,0.00,chop,0.30,normal,0.52,-590,mm,-2573.93
61.280,91,207.7,-2864.29,-2864.29,10990,-10990,155.18,155.2,155.2243,-5.92,0.49,0.91,mixed,-2.08,stressed,-4.80,-9000,dir,252.53,100.03,100.04,100.0414,6.94,4.28,0.19,chop,1.64,stressed,0.74,-1400,mm,-542.88,25.54,25.55,25.5452,0.22,0.27,0.00,chop,0.30,normal,0.52,-590,mm,-2573.93
61.311,91,207.7,-2864.29,-2864.29,10990,-10990,155.18,155.2,155.2238,-5.93,0.47,0.91,mixed,-2.08,stressed,-4.80,-9000,dir,252.53,100.03,100.04,100.0413,6.83,4.28,0.19,chop,1.64,stressed,0.74,-1400,mm,-542.88,25.54,25.55,25.5452,0.22,0.25,0.00,chop,0.30,normal,0.52,-590,mm,-2573.93
61.328,91,207.7,-2864.29,-2864.29,10990,-10990,155.18,155.2,155.2235,-5.94,0.47,0.91,mixed,-2.08,stressed,-4.80,-9000,dir,252.53,100.03,100.04,100.0412,6.77,4.28,0.19,chop,1.64,stressed,0.74,-1400,mm,-542.88,25.54,25.55,25.5451,0.22,0.25,0.00,chop,0.30,normal,0.52,-590,mm,-2573.93
61.354,91,207.7,-2864.29,-2864.29,10990,-10990,155.18,155.2,155.2231,-5.94,0.47,0.91,mixed,-2.08,stressed,-4.80,-9000,dir,252.53,100.03,100.04,100.0412,6.68,4.28,0.11,chop,1.13,stressed,0.74,-1400,mm,-542.88,25.54,25.55,25.5451,0.21,0.25,0.00,chop,0.29,normal,0.52,-590,mm,-2573.93
61.377,91,207.7,-2864.29,-2864.29,10990,-10990,155.18,155.2,155.2228,-5.95,0.47,0.91,mixed,-2.08,stressed,-4.80,-9000,dir,252.53,100.03,100.04,100.0411,6.60,4.28,0.11,chop,1.13,stressed,0.74,-1400,mm,-542.88,25.54,25.55,25.5451,0.21,0.25,0.00,chop,0.29,normal,0.52,-590,mm,-2573.93
61.410,91,207.7,-2864.29,-2864.29,10990,-10990,155.18,155.2,155.2222,-5.96,0.47,0.91,mixed,-2.08,stressed,-4.80,-9000,dir,252.53,100.03,100.04,100.0410,6.49,4.28,0.11,chop,1.13,stressed,0.74,-1400,mm,-542.88,25.54,25.55,25.5451,0.21,0.25,0.00,chop,0.29,normal,0.52,-590,mm,-2573.93
61.430,91,207.7,-2864.29,-2864.29,10990,-10990,155.18,155.2,155.2220,-5.96,0.47,0.91,mixed,-2.08,stressed,-4.80,-9000,dir,252.53,100.03,100.04,100.0409,6.43,4.28,0.11,chop,1.13,stressed,0.74,-1400,mm,-542.88,25.54,25.55,25.5451,0.21,0.25,0.00,chop,0.29,normal,0.52,-590,mm,-2573.93
61.457,91,207.7,-2864.29,-2864.29,10990,-10990,155.18,155.2,155.2215,-5.96,0.47,0.91,mixed,-2.08,stressed,-4.80,-9000,dir,252.53,100.03,100.04,100.0409,6.34,4.28,0.11,chop,1.13,stressed,0.74,-1400,mm,-542.88,25.54,25.55,25.5451,0.21,0.25,0.00,chop,0.29,normal,0.52,-590,mm,-2573.93
61.543,91,207.7,-2864.29,-2864.29,10990,-10990,155.19,155.2,155.2205,-5.94,0.47,0.91,mixed,-2.08,stressed,-4.80,-9000,dir,252.53,100.04,100.07,100.0414,6.21,4.28,0.11,chop,1.13,stressed,0.74,-1400,mm,-542.88,25.54,25.55,25.5451,0.21,0.25,0.00,chop,0.29,normal,0.52,-590,mm,-2573.93
61.584,91,207.7,-2864.29,-2864.29,10990,-10990,155.19,155.2,155.2200,-5.92,0.47,0.91,mixed,-2.08,stressed,-4.80,-9000,dir,252.53,100.04,100.07,100.0417,6.15,4.28,0.11,chop,1.13,stressed,0.74,-1400,mm,-542.88,25.54,25.55,25.5451,0.21,0.25,0.00,chop,0.29,normal,0.52,-590,mm,-2573.93
61.602,91,207.7,-2864.29,-2864.29,10990,-10990,155.19,155.2,155.2198,-5.92,0.47,0.91,mixed,-2.08,stressed,-4.80,-9000,dir,252.53,100.04,100.07,100.0418,6.13,4.28,0.11,chop,1.13,stressed,0.74,-1400,mm,-542.88,25.54,25.55,25.5451,0.21,0.25,0.00,chop,0.29,normal,0.52,-590,mm,-2573.93
61.625,91,207.7,-2864.29,-2864.29,10990,-10990,155.19,155.2,155.2195,-5.91,0.47,0.83,mixed,-1.94,stressed,-4.80,-9000,dir,252.53,100.04,100.07,100.0419,6.09,4.28,0.02,chop,1.33,stressed,0.74,-1400,mm,-542.88,25.54,25.55,25.5451,0.20,0.25,0.00,chop,0.27,normal,0.52,-590,mm,-2573.93
61.661,91,207.7,-2864.29,-2864.29,10990,-10990,155.19,155.2,155.2191,-5.89,0.47,0.83,mixed,-1.94,stressed,-4.80,-9000,dir,252.53,100.04,100.07,100.0422,6.04,4.28,0.02,chop,1.33,stressed,0.74,-1400,mm,-542.88,25.54,25.55,25.5451,0.20,0.25,0.00,chop,0.27,normal,0.52,-590,mm,-2573.93
61.673,91,207.7,-2864.29,-2864.29,10990,-10990,155.19,155.2,155.2190,-5.89,0.47,0.83,mixed,-1.94,stressed,-4.80,-9000,dir,252.53,100.04,100.07,100.0422,6.03,4.28,0.02,chop,1.33,stressed,0.74,-1400,mm,-542.88,25.54,25.55,25.5451,0.20,0.25,0.00,chop,0.27,normal,0.52,-590,mm,-2573.93
61.706,91,210.2,-2864.29,-2864.29,10990,-10990,155.19,155.2,155.2186,-5.88,0.47,0.83,mixed,-1.94,stressed,-4.80,-9000,dir,252.53,100.04,100.07,100.0424,5.98,4.28,0.02,chop,1.33,stressed,0.74,-1400,mm,-542.88,25.54,25.55,25.5451,0.20,0.25,0.00,chop,0.27,normal,0.52,-590,mm,-2573.93
61.784,91,210.2,-2864.29,-2864.29,10990,-10990,155.2,155.21,155.2181,-5.78,0.47,0.83,mixed,-1.94,stressed,-4.80,-9000,dir,252.53,100.02,100.05,100.0421,5.75,3.89,0.02,chop,1.33,stressed,0.74,-1400,mm,-542.88,25.54,25.55,25.5451,0.20,0.25,0.00,chop,0.27,normal,0.52,-590,mm,-2573.93
61.804,91,210.2,-2864.29,-2864.29,10990,-10990,155.2,155.21,155.2180,-5.76,0.47,0.83,mixed,-1.94,stressed,-4.80,-9000,dir,252.53,100.02,100.05,100.0421,5.70,3.89,0.02,chop,1.33,stressed,0.74,-1400,mm,-542.88,25.54,25.55,25.5451,0.20,0.25,0.00,chop,0.27,normal,0.52,-590,mm,-2573.93
61.832,91,210.2,-2864.29,-2864.29,10990,-10990,155.2,155.21,155.2178,-5.72,0.63,0.83,mixed,-1.94,stressed,-4.80,-9000,dir,252.53,100.02,100.05,100.0420,5.62,3.89,0.02,chop,1.33,stressed,0.74,-1400,mm,-542.88,25.54,25.55,25.5451,0.20,0.22,0.00,chop,0.27,normal,0.52,-590,mm,-2573.93
61.850,91,210.2,-2864.29,-2864.29,10990,-10990,155.2,155.21,155.2177,-5.70,0.63,0.83,mixed,-1.94,stressed,-4.80,-9000,dir,252.53,100.02,100.05,100.0419,5.57,3.89,0.02,chop,1.33,stressed,0.74,-1400,mm,-542.88,25.54,25.55,25.5451,0.20,0.22,0.00,chop,0.27,normal,0.52,-590,mm,-2573.93
61.875,91,210.2,-2864.29,-2864.29,10990,-10990,155.2,155.21,155.2176,-5.67,0.63,0.83,mixed,-1.94,stressed,-4.80,-9000,dir,252.53,100.02,100.05,100.0419,5.51,3.89,0.02,chop,1.33,stressed,0.74,-1400,mm,-542.88,25.54,25.55,25.5451,0.20,0.22,0.00,chop,0.27,normal,0.52,-590,mm,-2573.93
61.923,91,210.2,-2864.29,-2864.29,10990,-10990,155.2,155.21,155.2173,-5.62,0.63,0.68,mixed,-1.73,stressed,-4.80,-9000,dir,162.53,100.0,100.03,100.0413,5.31,3.89,0.05,chop,0.83,stressed,0.74,-1400,mm,-458.88,25.54,25.55,25.5451,0.19,0.22,0.00,chop,0.26,normal,0.52,-590,mm,-2573.93
61.968,91,210.2,-2864.29,-2864.29,10990,-10990,155.2,155.21,155.2170,-5.56,0.63,0.68,mixed,-1.73,stressed,-4.80,-9000,dir,162.53,100.0,100.03,100.0407,5.13,3.89,0.05,chop,0.83,stressed,0.74,-1400,mm,-458.88,25.54,25.55,25.5451,0.19,0.22,0.00,chop,0.26,normal,0.52,-590,mm,-2573.93
62.043,91,210.2,-2864.29,-2864.29,10990,-10990,155.19,155.21,155.2164,-5.51,0.63,0.68,mixed,-1.73,stressed,-4.80,-9000,dir,162.53,100.02,100.03,100.0401,4.90,3.89,0.05,chop,0.83,stressed,0.74,-1400,mm,-458.88,25.54,25.55,25.5451,0.19,0.22,0.00,chop,0.26,normal,0.52,-590,mm,-2573.93
62.063,91,210.2,-2864.29,-2864.29,10990,-10990,155.19,155.21,155.2163,-5.49,0.63,0.68,mixed,-1.73,stressed,-4.80,-9000,dir,162.53,100.02,100.03,100.0400,4.85,3.89,0.05,chop,0.83,stressed,0.74,-1400,mm,-458.88,25.54,25.55,25.5451,0.19,0.22,0.00,chop,0.26,normal,0.52,-590,mm,-2573.93
62.099,91,210.2,-2864.29,-2864.29,10990,-10990,155.19,155.21,155.2160,-5.47,0.63,0.68,mixed,-1.73,stressed,-4.80,-9000,dir,162.53,100.02,100.03,100.0398,4.75,3.89,0.05,chop,0.83,stressed,0.74,-1400,mm,-458.88,25.54,25.55,25.5451,0.19,0.22,0.00,chop,0.26,normal,0.52,-590,mm,-2573.93
62.115,91,210.2,-2864.29,-2864.29,10990,-10990,155.19,155.21,155.2159,-5.45,0.63,0.68,mixed,-1.73,stressed,-4.80,-9000,dir,162.53,100.02,100.03,100.0396,4.71,3.89,0.05,chop,0.83,stressed,0.74,-1400,mm,-458.88,25.54,25.55,25.5451,0.19,0.22,0.00,chop,0.26,normal,0.52,-590,mm,-2573.93
62.141,91,210.2,-2864.29,-2864.29,10990,-10990,155.19,155.21,155.2157,-5.43,0.63,0.68,mixed,-1.73,stressed,-4.80,-9000,dir,162.53,100.02,100.03,100.0395,4.63,3.89,0.05,chop,0.83,stressed,0.74,-1400,mm,-458.88,25.54,25.55,25.5451,0.19,0.22,0.00,chop,0.26,normal,0.52,-590,mm,-2573.93
62.176,91,210.2,-2864.29,-2864.29,10990,-10990,155.19,155.21,155.2154,-5.41,0.63,0.65,mixed,-1.75,stressed,-4.80,-9000,dir,162.53,100.02,100.03,100.0392,4.55,3.89,0.03,chop,0.92,stressed,0.74,-1400,mm,-458.88,25.54,25.55,25.5451,0.19,0.22,0.00,chop,0.24,normal,0.52,-590,mm,-2573.93
62.190,91,210.2,-2864.29,-2864.29,10990,-10990,155.19,155.21,155.2153,-5.40,0.63,0.65,mixed,-1.75,stressed,-4.80,-9000,dir,162.53,100.02,100.03,100.0391,4.51,3.89,0.03,chop,0.92,stressed,0.74,-1400,mm,-458.88,25.54,25.55,25.5451,0.19,0.22,0.00,chop,0.24,normal,0.52,-590,mm,-2573.93
62.218,92,206.8,-2870.29,-2870.29,10990,-10990,155.19,155.21,155.2151,-5.38,0.63,0.65,mixed,-1.75,stressed,-4.18,-9000,dir,162.53,100.02,100.03,100.0390,4.44,3.89,0.03,chop,0.92,stressed,0.55,-1400,mm,-458.88,25.54,25.55,25.5451,0.18,0.22,0.00,chop,0.24,normal,0.87,-590,mm,-2573.93
62.247,92,206.8,-2870.29,-2870.29,10990,-10990,155.19,155.21,155.2149,-5.35,0.63,0.65,mixed,-1.75,stressed,-4.18,-9000,dir,162.53,100.02,100.03,100.0388,4.37,3.89,0.03,chop,0.92,stressed,0.55,-1400,mm,-458.88,25.54,25.55,25.5451,0.18,0.22,0.00,chop,0.24,normal,0.87,-590,mm,-2573.93
62.278,92,206.8,-2870.29,-2870.29,10990,-10990,155.2,155.22,155.2149,-5.31,0.63,0.65,mixed,-1.75,stressed,-4.18,-9000,dir,162.53,99.99,100.0,100.0381,4.22,3.89,0.03,chop,0.92,stressed,0.55,-1400,mm,-458.88,25.54,25.55,25.5451,0.18,0.22,0.00,chop,0.24,normal,0.87,-590,mm,-2573.93
62.313,92,206.8,-2870.29,-2870.29,10990,-10990,155.2,155.22,155.2148,-5.25,0.63,0.65,mixed,-1.75,stressed,-4.18,-9000,dir,162.53,99.99,100.0,100.0374,4.06,3.89,0.03,chop,0.92,stressed,0.55,-1400,mm,-458.88,25.54,25.55,25.5451,0.18,0.22,0.00,chop,0.24,normal,0.87,-590,mm,-2573.93
62.340,92,206.8,-2870.29,-2870.29,10990,-10990,155.2,155.22,155.2147,-5.21,0.65,0.65,mixed,-1.75,stressed,-4.18,-9000,dir,162.53,99.99,100.0,100.0369,3.93,3.89,0.03,chop,0.92,stressed,0.55,-1400,mm,-458.88,25.54,25.55,25.5451,0.18,0.20,0.00,chop,0.24,normal,0.87,-590,mm,-2573.93
62.364,92,206.8,-2870.29,-2870.29,10990,-10990,155.2,155.22,155.2147,-5.18,0.65,0.65,mixed,-1.75,stressed,-4.18,-9000,dir,162.53,99.99,100.0,100.0364,3.83,3.89,0.03,chop,0.92,stressed,0.55,-1400,mm,-458.88,25.54,25.55,25.5451,0.18,0.20,0.00,chop,0.24,normal,0.87,-590,mm,-2573.93
62.388,92,206.8,-2870.29,-2870.29,10990,-10990,155.2,155.22,155.2146,-5.14,0.65,0.65,mixed,-1.75,stressed,-4.18,-9000,dir,162.53,99.99,100.0,100.0359,3.73,3.89,0.03,chop,0.92,stressed,0.55,-1400,mm,-458.88,25.54,25.55,25.5451,0.18,0.20,0.00,chop,0.24,normal,0.87,-590,mm,-2573.93
62.412,92,206.8,-2870.29,-2870.29,10990,-10990,155.2,155.22,155.2146,-5.11,0.65,0.65,mixed,-1.75,stressed,-4.18,-9000,dir,162.53,99.99,100.0,100.0355,3.63,3.89,0.03,chop,0.92,stressed,0.55,-1400,mm,-458.88,25.54,25.55,25.5451,0.18,0.20,0.00,chop,0.24,normal,0.87,-590,mm,-2573.93
62.444,92,206.8,-2870.29,-2870.29,10990,-10990,155.2,155.22,155.2145,-5.06,0.65,0.52,mixed,-1.55,stressed,-4.18,-9000,dir,162.53,99.99,100.0,100.0349,3.49,3.89,0.07,chop,0.55,stressed,0.55,-1400,mm,-458.88,25.54,25.55,25.5451,0.18,0.20,0.00,chop,0.23,normal,0.87,-590,mm,-2573.93
62.468,92,206.8,-2870.29,-2870.29,10990,-10990,155.2,155.22,155.2144,-5.03,0.65,0.52,mixed,-1.55,stressed,-4.18,-9000,dir,162.53,99.99,100.0,100.0344,3.40,3.89,0.07,chop,0.55,stressed,0.55,-1400,mm,-458.88,25.54,25.55,25.5451,0.18,0.20,0.00,chop,0.23,normal,0.87,-590,mm,-2573.93
62.490,92,206.8,-2870.29,-2870.29,10990,-10990,155.2,155.22,155.2144,-5.00,0.65,0.52,mixed,-1.55,stressed,-4.18,-9000,dir,162.53,99.99,100.0,100.0340,3.32,3.89,0.07,chop,0.55,stressed,0.55,-1400,mm,-458.88,25.54,25.55,25.5451,0.18,0.20,0.00,chop,0.23,normal,0.87,-590,mm,-2573.93
62.602,92,206.8,-2870.29,-2870.29,11138,-10538,155.2,155.3,155.2162,-4.50,0.65,0.52,mixed,-1.55,stressed,-4.18,-10248,dir,-635.72,99.97,100.0,100.0315,2.83,3.89,0.07,chop,0.55,stressed,0.55,300,mm,-390.28,25.54,25.55,25.5451,0.17,0.20,0.00,chop,0.23,normal,0.87,-590,mm,-2573.93
62.625,92,206.8,-2870.29,-2870.29,11138,-10538,155.2,155.3,155.2166,-4.40,0.65,0.52,mixed,-1.55,stressed,-4.18,-10248,dir,-635.72,99.97,100.0,100.0310,2.73,3.89,0.07,chop,0.55,stressed,0.55,300,mm,-390.28,25.54,25.55,25.5451,0.17,0.20,0.00,chop,0.23,normal,0.87,-590,mm,-2573.93
62.658,92,206.8,-2870.29,-2870.29,11138,-10538,155.2,155.3,155.2171,-4.27,0.65,0.52,mixed,-1.55,stressed,-4.18,-10248,dir,-635.72,99.97,100.0,100.0303,2.60,3.89,0.07,chop,0.55,stressed,0.55,300,mm,-390.28,25.54,25.55,25.5451,0.17,0.20,0.00,chop,0.23,normal,0.87,-590,mm,-2573.93
62.676,92,206.8,-2870.29,-2870.29,11138,-10538,155.2,155.3,155.2174,-4.20,0.65,0.52,mixed,-1.55,stressed,-4.18,-10248,dir,-635.72,99.97,100.0,100.0299,2.53,3.89,0.07,chop,0.55,stressed,0.55,300,mm,-390.28,25.54,25.55,25.5451,0.17,0.20,0.00,chop,0.23,normal,0.87,-590,mm,-2573.93
62.699,92,206.8,-2870.29,-2870.29,11138,-10538,155.2,155.3,155.2177,-4.11,0.65,0.15,chop,-0.90,stressed,-4.18,-10248,dir,-635.72,99.97,100.0,100.0294,2.45,3.89,0.04,chop,0.41,stressed,0.55,300,mm,-390.28,25.54,25.55,25.5451,0.17,0.20,0.00,chop,0.21,normal,0.87,-590,mm,-2573.93
62.723,92,209.3,-2870.29,-2870.29,11138,-10538,155.2,155.3,155.2181,-4.02,0.65,0.15,chop,-0.90,stressed,-4.18,-10248,dir,-635.72,99.97,100.0,100.0289,2.36,3.89,0.04,chop,0.41,stressed,0.55,300,mm,-390.28,25.54,25.55,25.5451,0.17,0.20,0.00,chop,0.21,normal,0.87,-590,mm,-2573.93
62.749,92,209.3,-2870.29,-2870.29,11138,-10538,155.2,155.3,155.2185,-3.93,0.65,0.15,chop,-0.90,stressed,-4.18,-10248,dir,-635.72,99.97,100.0,100.0284,2.27,3.89,0.04,chop,0.41,stressed,0.55,300,mm,-390.28,25.54,25.55,25.5451,0.17,0.20,0.00,chop,0.21,normal,0.87,-590,mm,-2573.93
62.820,92,209.3,-2870.29,-2870.29,11438,-11438,155.21,155.31,155.2199,-3.62,0.65,0.15,chop,-0.90,stressed,-4.18,-10248,dir,-635.72,99.89,100.0,100.0256,1.80,3.94,0.04,chop,0.41,stressed,0.55,-600,mm,-386.08,25.54,25.55,25.5451,0.17,0.20,0.00,chop,0.21,normal,0.87,-590,mm,-2573.93
62.842,92,209.3,-2870.29,-2870.29,11438,-11438,155.21,155.31,155.2203,-3.53,1.07,0.15,chop,-0.90,stressed,-4.18,-10248,dir,-635.72,99.89,100.0,100.0248,1.66,3.94,0.04,chop,0.41,stressed,0.55,-600,mm,-386.08,25.54,25.55,25.5451,0.16,0.18,0.00,chop,0.21,normal,0.87,-590,mm,-2573.93
62.861,92,209.3,-2870.29,-2870.29,11438,-11438,155.21,155.31,155.2206,-3.46,1.07,0.15,chop,-0.90,stressed,-4.18,-10248,dir,-635.72,99.89,100.0,100.0241,1.55,3.94,0.04,chop,0.41,stressed,0.55,-600,mm,-386.08,25.54,25.55,25.5451,0.16,0.18,0.00,chop,0.21,normal,0.87,-590,mm,-2573.93
62.884,92,209.3,-2870.29,-2870.29,11438,-11438,155.21,155.31,155.2210,-3.37,1.07,0.15,chop,-0.90,stressed,-4.18,-10248,dir,-635.72,99.89,100.0,100.0233,1.41,3.94,0.04,chop,0.41,stressed,0.55,-600,mm,-386.08,25.54,25.55,25.5451,0.16,0.18,0.00,chop,0.21,normal,0.87,-590,mm,-2573.93
62.918,92,209.3,-2870.29,-2870.29,11438,-11438,155.22,155.31,155.2217,-3.22,1.07,0.15,chop,-0.90,stressed,-4.18,-10248,dir,-840.68,99.94,99.95,100.0220,1.22,3.94,0.04,chop,0.41,stressed,0.55,-600,mm,-332.08,25.54,25.55,25.5451,0.16,0.18,0.00,chop,0.21,normal,0.87,-590,mm,-2573.93
62.955,92,209.3,-2870.29,-2870.29,11438,-11438,155.22,155.31,155.2225,-3.08,1.07,0.06,chop,-0.65,stressed,-4.18,-10248,dir,-840.68,99.94,99.95,100.0207,1.02,3.94,0.09,chop,-0.09,stressed,0.55,-600,mm,-332.08,25.54,25.55,25.5451,0.16,0.18,0.00,chop,0.19,normal,0.87,-590,mm,-2573.93
62.983,92,209.3,-2870.29,-2870.29,11438,-11438,155.22,155.31,155.2230,-2.97,1.07,0.06,chop,-0.65,stressed,-4.18,-10248,dir,-840.68,99.94,99.95,100.0197,0.87,3.94,0.09,chop,-0.09,stressed,0.55,-600,mm,-332.08,25.54,25.55,25.5451,0.16,0.18,0.00,chop,0.19,normal,0.87,-590,mm,-2573.93
63.008,92,209.3,-2870.29,-2870.29,11438,-11438,155.22,155.31,155.2235,-2.87,1.07,0.06,chop,-0.65,stressed,-4.18,-10248,dir,-840.68,99.94,99.95,100.0188,0.73,3.94,0.09,chop,-0.09,stressed,0.55,-600,mm,-332.08,25.54,25.55,25.5451,0.16,0.18,0.00,chop,0.19,normal,0.87,-590,mm,-2573.93
63.069,92,209.3,-2870.29,-2870.29,11438,-11438,155.23,155.31,155.2249,-2.62,1.07,0.06,chop,-0.65,stressed,-4.18,-10248,dir,-840.68,99.94,100.0,100.0174,0.56,3.94,0.09,chop,-0.09,stressed,0.55,-600,mm,-332.08,25.54,25.55,25.5451,0.16,0.18,0.00,chop,0.19,normal,0.87,-590,mm,-2573.93
63.087,92,209.3,-2870.29,-2870.29,11438,-11438,155.23,155.31,155.2252,-2.55,1.07,0.06,chop,-0.65,stressed,-4.18,-10248,dir,-840.68,99.94,100.0,100.0170,0.50,3.94,0.09,chop,-0.09,stressed,0.55,-600,mm,-332.08,25.54,25.55,25.5451,0.16,0.18,0.00,chop,0.19,normal,0.87,-590,mm,-2573.93
63.117,92,209.3,-2870.29,-2870.29,11438,-11438,155.23,155.31,155.2259,-2.44,1.07,0.06,chop,-0.65,stressed,-4.18,-10248,dir,-840.68,99.94,100.0,100.0164,0.42,3.94,0.09,chop,-0.09,stressed,0.55,-600,mm,-332.08,25.54,25.55,25.5451,0.16,0.18,0.00,chop,0.19,normal,0.87,-590,mm,-2573.93
63.133,92,209.3,-2870.29,-2870.29,11438,-11438,155.23,155.31,155.2262,-2.38,1.07,0.06,chop,-0.65,stressed,-4.18,-10248,dir,-840.68,99.94,100.0,100.0160,0.38,3.94,0.09,chop,-0.09,stressed,0.55,-600,mm,-332.08,25.54,25.55,25.5451,0.16,0.18,0.00,chop,0.19,normal,0.87,-590,mm,-2573.93
63.159,92,209.3,-2870.29,-2870.29,11438,-11438,155.23,155.31,155.2267,-2.29,1.07,0.06,chop,-0.65,stressed,-4.18,-10248,dir,-840.68,99.94,100.0,100.0155,0.31,3.94,0.09,chop,-0.09,stressed,0.55,-600,mm,-332.08,25.54,25.55,25.5451,0.16,0.18,0.00,chop,0.19,normal,0.87,-590,mm,-2573.93
63.185,92,209.3,-2870.29,-2870.29,11438,-11438,155.23,155.31,155.2272,-2.19,1.07,0.06,chop,-0.65,stressed,-4.18,-10248,dir,-840.68,99.94,100.0,100.0149,0.25,3.94,0.09,chop,-0.09,stressed,0.55,-600,mm,-332.08,25.54,25.55,25.5451,0.16,0.18,0.00,chop,0.19,normal,0.87,-590,mm,-2573.93
63.211,92,209.3,-2870.29,-2870.29,11438,-11438,155.23,155.31,155.2277,-2.11,1.07,0.03,chop,-0.55,stressed,-4.18,-10248,dir,-840.68,99.94,100.0,100.0144,0.19,3.94,0.06,chop,0.20,stressed,0.55,-600,mm,-332.08,25.54,25.55,25.5451,0.15,0.18,0.00,chop,0.17,normal,0.87,-590,mm,-2573.93
63.245,93,206.0,-3746.70,-3746.70,11438,-11438,155.23,155.31,155.2284,-1.99,1.07,0.03,chop,-0.55,stressed,-1.27,-10248,dir,-840.68,99.94,100.0,100.0137,0.11,3.94,0.06,chop,0.20,stressed,0.35,-600,mm,-332.08,25.54,25.55,25.5451,0.15,0.18,0.00,chop,0.17,normal,0.91,-590,mm,-2573.93
63.268,93,206.0,-3746.70,-3746.70,11438,-11438,155.23,155.31,155.2289,-1.92,1.07,0.03,chop,-0.55,stressed,-1.27,-10248,dir,-840.68,99.94,100.0,100.0132,0.05,3.94,0.06,chop,0.20,stressed,0.35,-600,mm,-332.08,25.54,25.55,25.5451,0.15,0.18,0.00,chop,0.17,normal,0.91,-590,mm,-2573.93
63.336,93,206.0,-3746.70,-3746.70,11438,-11438,155.32,155.35,155.2322,-1.36,1.07,0.03,chop,-0.55,stressed,-1.27,-10248,dir,-840.68,100.03,100.04,100.0139,0.26,4.41,0.06,chop,0.20,stressed,0.35,-600,mm,-332.08,25.54,25.55,25.5451,0.15,0.18,0.00,chop,0.17,normal,0.91,-590,mm,-2573.93
63.356,93,206.0,-3746.70,-3746.70,11438,-11438,155.32,155.35,155.2332,-1.20,1.63,0.03,chop,-0.55,stressed,-1.27,-10248,dir,-840.68,100.03,100.04,100.0141,0.32,4.41,0.06,chop,0.20,stressed,0.35,-600,mm,-332.08,25.54,25.55,25.5451,0.15,0.16,0.00,chop,0.17,normal,0.91,-590,mm,-2573.93
63.383,93,206.0,-3746.70,-3746.70,11438,-11438,155.32,155.35,155.2345,-1.00,1.63,0.03,chop,-0.55,stressed,-1.27,-10248,dir,-840.68,100.03,100.04,100.0143,0.39,4.41,0.06,chop,0.20,stressed,0.35,-600,mm,-332.08,25.54,25.55,25.5451,0.15,0.16,0.00,chop,0.17,normal,0.91,-590,mm,-2573.93
63.399,93,206.0,-3746.70,-3746.70,11438,-11438,155.32,155.35,155.2353,-0.88,1.63,0.03,chop,-0.55,stressed,-1.27,-10248,dir,-840.68,100.03,100.04,100.0145,0.43,4.41,0.06,chop,0.20,stressed,0.35,-600,mm,-332.08,25.54,25.55,25.5451,0.15,0.16,0.00,chop,0.17,normal,0.91,-590,mm,-2573.93
63.426,93,206.0,-3746.70,-3746.70,11438,-11438,155.32,155.35,155.2365,-0.70,1.63,0.03,chop,-0.55,stressed,-1.27,-10248,dir,-840.68,100.03,100.04,100.0148,0.50,4.41,0.06,chop,0.20,stressed,0.35,-600,mm,-332.08,25.54,25.55,25.5451,0.15,0.16,0.00,chop,0.17,normal,0.91,-590,mm,-2573.93
63.450,93,206.0,-3746.70,-3746.70,11438,-11438,155.32,155.35,155.2377,-0.52,1.63,0.03,chop,-0.55,stressed,-1.27,-10248,dir,-840.68,100.03,100.04,100.0150,0.56,4.41,0.06,chop,0.20,stressed,0.35,-600,mm,-332.08,25.54,25.55,25.5451,0.15,0.16,0.00,chop,0.17,normal,0.91,-590,mm,-2573.93
63.475,93,206.0,-3746.70,-3746.70,11438,-11438,155.32,155.35,155.2388,-0.35,1.63,0.27,mixed,0.51,stressed,-1.27,-10248,dir,-840.68,100.03,100.04,100.0152,0.62,4.41,0.03,chop,0.97,stressed,0.35,-600,mm,-332.08,25.54,25.55,25.5451,0.15,0.16,0.00,chop,0.14,normal,0.91,-590,mm,-2573.93
63.511,93,206.0,-3746.70,-3746.70,11438,-11438,155.32,155.35,155.2404,-0.11,1.63,0.27,mixed,0.51,stressed,-1.27,-10248,dir,-840.68,100.03,100.04,100.0156,0.71,4.41,0.03,chop,0.97,stressed,0.35,-600,mm,-332.08,25.54,25.55,25.5451,0.15,0.16,0.00,chop,0.14,normal,0.91,-590,mm,-2573.93
63.577,93,206.0,-3746.70,-3746.70,11438,-11438,155.33,155.36,155.2436,0.34,1.63,0.27,mixed,0.51,stressed,-1.27,-10248,cut,-840.68,99.97,100.0,100.0146,0.60,4.41,0.03,chop,0.97,stressed,0.35,-600,mm,-332.08,25.54,25.55,25.5451,0.14,0.16,0.00,chop,0.14,normal,0.91,-590,mm,-2573.93
63.610,93,206.0,-3746.70,-3746.70,11438,-11438,155.33,155.36,155.2452,0.56,1.63,0.27,mixed,0.51,stressed,-1.27,-10248,cut,-840.68,99.97,100.0,100.0142,0.54,4.41,0.03,chop,0.97,stressed,0.35,-600,mm,-332.08,25.54,25.55,25.5451,0.14,0.16,0.00,chop,0.14,normal,0.91,-590,mm,-2573.93
63.633,93,206.0,-3746.70,-3746.70,11438,-11438,155.33,155.36,155.2462,0.70,1.63,0.27,mixed,0.51,stressed,-1.27,-10248,cut,-840.68,99.97,100.0,100.0139,0.51,4.41,0.03,chop,0.97,stressed,0.35,-600,mm,-332.08,25.54,25.55,25.5451,0.14,0.16,0.00,chop,0.14,normal,0.91,-590,mm,-2573.93
63.659,93,206.0,-3746.70,-3746.70,11438,-11438,155.33,155.36,155.2474,0.86,1.63,0.27,mixed,0.51,stressed,-1.27,-10248,cut,-840.68,99.97,100.0,100.0135,0.47,4.41,0.03,chop,0.97,stressed,0.35,-600,mm,-332.08,25.54,25.55,25.5450,0.14,0.16,0.00,chop,0.14,normal,0.91,-590,mm,-2573.93
63.683,93,206.0,-3746.70,-3746.70,11438,-11438,155.33,155.36,155.2486,1.02,1.63,0.27,mixed,0.51,stressed,-1.27,-10248,cut,-840.68,99.97,100.0,100.0132,0.43,4.41,0.03,chop,0.97,stressed,0.35,-600,mm,-332.08,25.54,25.55,25.5450,0.14,0.16,0.00,chop,0.14,normal,0.91,-590,mm,-2573.93
63.706,93,206.0,-3746.70,-3746.70,11438,-11438,155.33,155.36,155.2496,1.14,1.63,0.27,mixed,0.51,stressed,-1.27,-10248,cut,-840.68,99.97,100.0,100.0129,0.40,4.41,0.03,chop,0.97,stressed,0.35,-600,mm,-332.08,25.54,25.55,25.5450,0.14,0.16,0.00,chop,0.14,normal,0.91,-590,mm,-2573.93
63.732,93,206.0,-3746.70,-3746.70,11438,-11438,155.33,155.36,155.2507,1.29,1.63,0.32,mixed,0.68,stressed,-1.27,-10248,cut,-840.68,99.97,100.0,100.0125,0.36,4.41,0.02,chop,0.34,stressed,0.35,-600,mm,-332.08,25.54,25.55,25.5450,0.14,0.16,0.00,chop,0.12,normal,0.91,-590,mm,-2573.93
63.760,93,208.4,-3746.70,-3746.70,11438,-11438,155.33,155.36,155.2520,1.45,1.63,0.32,mixed,0.68,stressed,-1.27,-10248,cut,-840.68,99.97,100.0,100.0122,0.32,4.41,0.02,chop,0.34,stressed,0.35,-600,mm,-332.08,25.54,25.55,25.5450,0.14,0.16,0.00,chop,0.12,normal,0.91,-590,mm,-2573.93
63.831,93,208.4,-3746.70,-3746.70,6438,-6438,155.33,155.37,155.2552,1.84,1.63,0.32,mixed,0.68,stressed,-1.27,-5248,cut,-1432.15,99.97,99.99,100.0111,0.20,4.41,0.02,chop,0.34,stressed,0.35,-600,mm,-332.08,25.54,25.55,25.5450,0.14,0.16,0.00,chop,0.12,normal,0.91,-590,mm,-2573.93
63.859,93,208.4,-3746.70,-3746.70,6438,-6438,155.33,155.37,155.2564,1.99,1.52,0.32,mixed,0.68,stressed,-1.27,-5248,cut,-1432.15,99.97,99.99,100.0107,0.16,4.49,0.02,chop,0.34,stressed,0.35,-600,mm,-332.08,25.54,25.55,25.5450,0.14,0.15,0.00,chop,0.12,normal,0.91,-590,mm,-2573.93
63.880,93,208.4,-3746.70,-3746.70,6438,-6438,155.33,155.37,155.2574,2.10,1.52,0.32,mixed,0.68,stressed,-1.27,-5248,cut,-1432.15,99.97,99.99,100.0104,0.12,4.49,0.02,chop,0.34,stressed,0.35,-600,mm,-332.08,25.54,25.55,25.5450,0.14,0.15,0.00,chop,0.12,normal,0.91,-590,mm,-2573.93
63.917,93,208.4,-3746.70,-3746.70,8438,-8438,155.34,155.37,155.2590,2.29,1.52,0.32,mixed,0.68,stressed,-1.27,-5248,cut,-1432.15,99.97,100.01,100.0101,0.10,4.49,0.02,chop,0.34,stressed,0.35,-2600,mm,-392.08,25.54,25.55,25.5450,0.14,0.15,0.00,chop,0.12,normal,0.91,-590,mm,-2573.93
63.939,93,208.4,-3746.70,-3746.70,8438,-8438,155.34,155.37,155.2600,2.41,1.52,0.32,mixed,0.68,stressed,-1.27,-5248,cut,-1432.15,99.97,100.01,100.0098,0.08,4.49,0.02,chop,0.34,stressed,0.35,-2600,mm,-392.08,25.54,25.55,25.5450,0.14,0.15,0.00,chop,0.12,normal,0.91,-590,mm,-2573.93
63.975,93,208.4,-3746.70,-3746.70,8438,-8438,155.34,155.37,155.2616,2.58,1.52,0.32,mixed,0.68,stressed,-1.27,-5248,cut,-1432.15,99.97,100.01,100.0095,0.06,4.49,0.02,chop,0.34,stressed,0.35,-2600,mm,-392.08,25.54,25.55,25.5450,0.13,0.15,0.00,chop,0.12,normal,0.91,-590,mm,-2573.93
64.001,93,208.4,-3746.70,-3746.70,8438,-8438,155.34,155.37,155.2627,2.70,1.52,0.35,mixed,0.86,stressed,-1.27,-5248,cut,-1432.15,99.97,100.01,100.0093,0.04,4.49,0.01,chop,0.38,stressed,0.35,-2600,mm,-392.08,25.54,25.55,25.5450,0.13,0.15,0.00,chop,0.09,normal,0.91,-590,mm,-2573.93
64.020,93,208.4,-3746.70,-3746.70,8438,-8438,155.34,155.37,155.2636,2.79,1.52,0.35,mixed,0.86,stressed,-1.27,-5248,cut,-1432.15,99.97,100.01,100.0091,0.03,4.49,0.01,chop,0.38,stressed,0.35,-2600,mm,-392.08,25.54,25.55,25.5450,0.13,0.15,0.00,chop,0.09,normal,0.91,-590,mm,-2573.93
64.040,93,208.4,-3746.70,-3746.70,8438,-8438,155.34,155.37,155.2645,2.88,1.52,0.35,mixed,0.86,stressed,-1.27,-5248,cut,-1432.15,99.97,100.01,100.0089,0.02,4.49,0.01,chop,0.38,stressed,0.35,-2600,mm,-392.08,25.54,25.55,25.5450,0.13,0.15,0.00,chop,0.09,normal,0.91,-590,mm,-2573.93
64.088,93,208.4,-3746.70,-3746.70,6358,-4138,155.35,155.37,155.2665,3.10,1.52,0.35,mixed,0.86,stressed,-1.27,-5248,cut,-1432.15,99.92,100.01,100.0080,-0.10,4.49,0.01,chop,0.38,stressed,0.35,0,mm,-267.28,25.54,25.55,25.5450,0.13,0.15,0.00,chop,0.09,normal,0.91,1110,mm,-2566.16
64.150,93,208.4,-3746.70,-3746.70,6358,-4138,155.35,155.37,155.2692,3.38,1.52,0.35,mixed,0.86,stressed,-1.27,-5248,cut,-1432.15,99.92,100.01,100.0067,-0.26,4.49,0.01,chop,0.38,stressed,0.35,0,mm,-267.28,25.54,25.55,25.5450,0.13,0.15,0.00,chop,0.09,normal,0.91,1110,mm,-2566.16
64.167,93,208.4,-3746.70,-3746.70,6358,-4138,155.35,155.37,155.2700,3.45,1.52,0.35,mixed,0.86,stressed,-1.27,-5248,cut,-1432.15,99.92,100.01,100.0064,-0.30,4.49,0.01,chop,0.38,stressed,0.35,0,mm,-267.28,25.54,25.55,25.5450,0.13,0.15,0.00,chop,0.09,normal,0.91,1110,mm,-2566.16
64.196,93,208.4,-3746.70,-3746.70,6358,-4138,155.35,155.37,155.2712,3.56,1.52,0.35,mixed,0.86,stressed,-1.27,-5248,cut,-1432.15,99.92,100.01,100.0058,-0.36,4.49,0.01,chop,0.38,stressed,0.35,0,mm,-267.28,25.54,25.55,25.5450,0.13,0.15,0.00,chop,0.09,normal,0.91,1110,mm,-2566.16
64.223,93,208.4,-3746.70,-3746.70,6358,-4138,155.35,155.37,155.2723,3.67,1.52,0.35,mixed,0.86,stressed,-1.27,-5248,cut,-1432.15,99.92,100.01,100.0053,-0.42,4.49,0.01,chop,0.38,stressed,0.35,0,mm,-267.28,25.54,25.55,25.5450,0.13,0.15,0.00,chop,0.09,normal,0.91,1110,mm,-2566.16
64.244,93,208.4,-3746.70,-3746.70,6358,-4138,155.35,155.37,155.2732,3.75,1.52,0.35,mixed,0.86,stressed,-1.27,-5248,cut,-1432.15,99.92,100.01,100.0049,-0.46,4.49,0.01,chop,0.38,stressed,0.35,0,mm,-267.28,25.54,25.55,25.5450,0.13,0.15,0.00,chop,0.09,normal,0.91,1110,mm,-2566.16
64.278,94,205.2,-4398.17,-4398.17,6358,-4138,155.35,155.37,155.2746,3.87,1.52,0.36,mixed,0.95,stressed,-0.11,-5248,cut,-1432.15,99.92,100.01,100.0043,-0.53,4.49,0.11,chop,0.06,stressed,0.34,0,mm,-267.28,25.54,25.55,25.5450,0.13,0.15,0.00,chop,0.06,normal,0.84,1110,mm,-2566.16
64.294,94,205.2,-4398.17,-4398.17,6358,-4138,155.35,155.37,155.2752,3.93,1.52,0.36,mixed,0.95,stressed,-0.11,-5248,cut,-1432.15,99.92,100.01,100.0040,-0.56,4.49,0.11,chop,0.06,stressed,0.34,0,mm,-267.28,25.54,25.55,25.5450,0.13,0.15,0.00,chop,0.06,normal,0.84,1110,mm,-2566.16
64.350,94,205.2,-4398.17,-4398.17,7858,-2638,155.36,155.37,155.2776,4.13,1.52,0.36,mixed,0.95,stressed,-0.11,-5248,cut,-1432.15,99.9,99.93,100.0016,-0.90,4.49,0.11,chop,0.06,stressed,0.34,1500,mm,-285.28,25.54,25.55,25.5450,0.13,0.15,0.00,chop,0.06,normal,0.84,1110,mm,-2566.16
64.378,94,205.2,-4398.17,-4398.17,7858,-2638,155.36,155.37,155.2787,4.23,1.42,0.36,mixed,0.95,stressed,-0.11,-5248,cut,-1432.15,99.9,99.93,100.0005,-1.05,4.61,0.11,chop,0.06,stressed,0.34,1500,mm,-285.28,25.54,25.55,25.5450,0.13,0.13,0.00,chop,0.06,normal,0.84,1110,mm,-2566.16
64.404,94,205.2,-4398.17,-4398.17,7858,-2638,155.36,155.37,155.2797,4.32,1.42,0.36,mixed,0.95,stressed,-0.11,-5248,cut,-1432.15,99.9,99.93,99.9995,-1.19,4.61,0.11,chop,0.06,stressed,0.34,1500,mm,-285.28,25.54,25.55,25.5450,0.13,0.13,0.00,chop,0.06,normal,0.84,1110,mm,-2566.16
64.426,94,205.2,-4398.17,-4398.17,7858,-2638,155.36,155.37,155.2806,4.39,1.42,0.36,mixed,0.95,stressed,-0.11,-5248,cut,-1432.15,99.9,99.93,99.9986,-1.31,4.61,0.11,chop,0.06,stressed,0.34,1500,mm,-285.28,25.54,25.55,25.5450,0.12,0.13,0.00,chop,0.06,normal,0.84,1110,mm,-2566.16
64.451,94,205.2,-4398.17,-4398.17,7858,-2638,155.36,155.37,155.2816,4.47,1.42,0.36,mixed,0.95,stressed,-0.11,-5248,cut,-1432.15,99.9,99.93,99.9976,-1.43,4.61,0.11,chop,0.06,stressed,0.34,1500,mm,-285.28,25.54,25.55,25.5450,0.12,0.13,0.00,chop,0.06,normal,0.84,1110,mm,-2566.16
64.481,94,205.2,-4398.17,-4398.17,7858,-2638,155.36,155.37,155.2828,4.56,1.42,0.36,mixed,0.95,stressed,-0.11,-5248,cut,-1432.15,99.9,99.93,99.9965,-1.58,4.61,0.11,chop,0.06,stressed,0.34,1500,mm,-285.28,25.54,25.55,25.5450,0.12,0.13,0.00,chop,0.06,normal,0.84,1110,mm,-2566.16
64.503,94,205.2,-4398.17,-4398.17,7858,-2638,155.36,155.37,155.2836,4.62,1.42,0.36,mixed,0.95,stressed,-0.11,-5248,cut,-1432.15,99.9,99.93,99.9957,-1.68,4.61,0.11,chop,0.06,stressed,0.34,1500,mm,-285.28,25.54,25.55,25.5450,0.12,0.13,0.00,chop,0.06,normal,0.84,1110,mm,-2566.16
64.531,94,205.2,-4398.17,-4398.17,7858,-2638,155.36,155.37,155.2847,4.70,1.42,0.40,mixed,1.04,stressed,-0.11,-5248,cut,-1432.15,99.9,99.93,99.9946,-1.81,4.61,0.16,chop,-0.59,stressed,0.34,1500,mm,-285.28,25.54,25.55,25.5450,0.12,0.13,0.00,chop,0.02,normal,0.84,1110,mm,-2566.16
64.585,94,205.2,-4398.17,-4398.17,7858,-2638,155.36,155.37,155.2867,4.85,1.42,0.40,mixed,1.04,stressed,-0.11,-5248,cut,-1432.15,99.9,99.92,99.9924,-2.08,4.61,0.16,chop,-0.59,stressed,0.34,1500,mm,-285.28,25.54,25.55,25.5450,0.12,0.13,0.00,chop,0.02,normal,0.84,1110,mm,-2566.16
64.621,94,205.2,-4398.17,-4398.17,7858,-2638,155.37,155.41,155.2884,5.00,1.42,0.40,mixed,1.04,stressed,-0.11,-5248,cut,-1432.15,99.9,99.92,99.9911,-2.23,4.61,0.16,chop,-0.59,stressed,0.34,1500,mm,-285.28,25.54,25.55,25.5450,0.12,0.13,0.00,chop,0.02,normal,0.84,1110,mm,-2566.16
64.644,94,205.2,-4398.17,-4398.17,7858,-2638,155.37,155.41,155.2896,5.11,1.42,0.40,mixed,1.04,stressed,-0.11,-5248,cut,-1432.15,99.9,99.92,99.9902,-2.34,4.61,0.16,chop,-0.59,stressed,0.34,1500,mm,-285.28,25.54,25.55,25.5450,0.12,0.13,0.00,chop,0.02,normal,0.84,1110,mm,-2566.16
64.666,94,205.2,-4398.17,-4398.17,7858,-2638,155.37,155.41,155.2906,5.20,1.42,0.40,mixed,1.04,stressed,-0.11,-5248,cut,-1432.15,99.9,99.92,99.9893,-2.43,4.61,0.16,chop,-0.59,stressed,0.34,1500,mm,-285.28,25.54,25.55,25.5450,0.12,0.13,0.00,chop,0.02,normal,0.84,1110,mm,-2566.16
64.695,94,205.2,-4398.17,-4398.17,7858,-2638,155.37,155.41,155.2920,5.32,1.42,0.40,mixed,1.04,stressed,-0.11,-5248,cut,-1432.15,99.9,99.92,99.9882,-2.55,4.61,0.16,chop,-0.59,stressed,0.34,1500,mm,-285.28,25.54,25.55,25.5450,0.12,0.13,0.00,chop,0.02,normal,0.84,1110,mm,-2566.16
64.718,94,205.2,-4398.17,-4398.17,7858,-2638,155.37,155.41,155.2930,5.40,1.42,0.40,mixed,1.04,stressed,-0.11,-5248,cut,-1432.15,99.9,99.92,99.9874,-2.64,4.61,0.16,chop,-0.59,stressed,0.34,1500,mm,-285.28,25.54,25.55,25.5450,0.12,0.13,0.00,chop,0.02,normal,0.84,1110,mm,-2566.16
64.742,94,205.2,-4398.17,-4398.17,7858,-2638,155.37,155.41,155.2941,5.50,1.42,0.40,mixed,1.04,stressed,-0.11,-5248,cut,-1432.15,99.9,99.92,99.9865,-2.73,4.61,0.16,chop,-0.59,stressed,0.34,1500,mm,-285.28,25.54,25.55,25.5450,0.12,0.13,0.00,chop,0.02,normal,0.84,1110,mm,-2566.16
64.772,94,205.2,-4398.17,-4398.17,7858,-2638,155.37,155.41,155.2954,5.60,1.42,0.40,mixed,1.04,stressed,-0.11,-5248,cut,-1432.15,99.9,99.92,99.9855,-2.84,4.61,0.16,chop,-0.59,stressed,0.34,1500,mm,-285.28,25.54,25.55,25.5450,0.12,0.13,0.00,chop,0.02,normal,0.84,1110,mm,-2566.16
64.801,94,207.5,-4398.17,-4398.17,7858,-2638,155.37,155.41,155.2968,5.71,1.42,0.47,TREND,1.45,stressed,-0.11,-5248,cut,-1432.15,99.9,99.92,99.9844,-2.95,4.61,0.19,chop,-0.66,stressed,0.34,1500,mm,-285.28,25.54,25.55,25.5450,0.12,0.13,0.00,chop,-0.02,normal,0.84,1110,mm,-2566.16
64.871,94,207.5,-4398.17,-4398.17,2858,2362,155.38,155.4,155.2997,5.93,1.42,0.47,TREND,1.45,stressed,-0.11,-248,cut,-1635.57,99.95,99.99,99.9840,-2.85,4.61,0.19,chop,-0.66,stressed,0.34,1500,mm,-285.28,25.54,25.55,25.5450,0.12,0.13,0.00,chop,-0.02,normal,0.84,1110,mm,-2566.16
64.890,94,207.5,-4398.17,-4398.17,2858,2362,155.38,155.4,155.3005,5.99,1.41,0.47,TREND,1.45,stressed,-0.11,-248,cut,-1635.57,99.95,99.99,99.9838,-2.83,4.72,0.19,chop,-0.66,stressed,0.34,1500,mm,-285.28,25.54,25.55,25.5450,0.11,0.12,0.00,chop,-0.02,normal,0.84,1110,mm,-2566.16
64.919,94,207.5,-4398.17,-4398.17,2858,2362,155.38,155.4,155.3018,6.07,1.41,0.47,TREND,1.45,stressed,-0.11,-248,cut,-1635.57,99.95,99.99,99.9837,-2.79,4.72,0.19,chop,-0.66,stressed,0.34,1500,mm,-285.28,25.54,25.55,25.5450,0.11,0.12,0.00,chop,-0.02,normal,0.84,1110,mm,-2566.16
64.981,94,207.5,-4398.17,-4398.17,2858,2362,155.39,155.42,155.3047,6.31,1.41,0.47,TREND,1.45,stressed,-0.11,-248,cut,-1638.05,99.96,99.98,99.9833,-2.71,4.72,0.19,chop,-0.66,stressed,0.34,1500,mm,-195.28,25.54,25.55,25.5450,0.11,0.12,0.00,chop,-0.02,normal,0.84,1110,mm,-2566.16
65.029,94,207.5,-4398.17,-4398.17,2858,2362,155.39,155.42,155.3070,6.49,1.41,0.47,TREND,1.45,stressed,-0.11,-248,cut,-1638.05,99.96,99.98,99.9830,-2.65,4.72,0.19,chop,-0.66,stressed,0.34,1500,mm,-195.28,25.54,25.55,25.5450,0.11,0.12,0.00,chop,-0.02,normal,0.84,1110,mm,-2566.16
65.063,94,207.5,-4398.17,-4398.17,2858,2362,155.39,155.42,155.3084,6.59,1.41,0.53,TREND,1.69,stressed,-0.11,-248,cut,-1638.05,99.96,99.98,99.9828,-2.62,4.72,0.07,chop,0.09,stressed,0.34,1500,mm,-195.28,25.54,25.55,25.5450,0.11,0.12,0.00,chop,-0.06,calm,0.84,1110,mm,-2566.16
65.106,94,207.5,-4398.17,-4398.17,2858,2362,155.4,155.41,155.3104,6.74,1.41,0.53,TREND,1.69,stressed,-0.11,-248,cut,-1638.05,99.96,99.98,99.9825,-2.57,4.72,0.07,chop,0.09,stressed,0.34,1500,mm,-195.28,25.54,25.55,25.5450,0.11,0.12,0.00,chop,-0.06,calm,0.84,1110,mm,-2566.16
65.139,94,207.5,-4398.17,-4398.17,2858,2362,155.4,155.41,155.3119,6.84,1.41,0.53,TREND,1.69,stressed,-0.11,-248,cut,-1638.05,99.96,99.98,99.9823,-2.53,4.72,0.07,chop,0.09,stressed,0.34,1500,mm,-195.28,25.54,25.55,25.5450,0.11,0.12,0.00,chop,-0.06,calm,0.84,1110,mm,-2566.16
65.165,94,207.5,-4398.17,-4398.17,2858,2362,155.4,155.41,155.3130,6.91,1.41,0.53,TREND,1.69,stressed,-0.11,-248,cut,-1638.05,99.96,99.98,99.9822,-2.50,4.72,0.07,chop,0.09,stressed,0.34,1500,mm,-195.28,25.54,25.55,25.5450,0.11,0.12,0.00,chop,-0.06,calm,0.84,1110,mm,-2566.16
65.183,94,207.5,-4398.17,-4398.17,2858,2362,155.4,155.41,155.3138,6.96,1.41,0.53,TREND,1.69,stressed,-0.11,-248,cut,-1638.05,99.96,99.98,99.9821,-2.48,4.72,0.07,chop,0.09,stressed,0.34,1500,mm,-195.28,25.54,25.55,25.5450,0.11,0.12,0.00,chop,-0.06,calm,0.84,1110,mm,-2566.16
65.206,94,207.5,-4398.17,-4398.17,2858,2362,155.4,155.41,155.3148,7.03,1.41,0.53,TREND,1.69,stressed,-0.11,-248,cut,-1638.05,99.96,99.98,99.9819,-2.46,4.72,0.07,chop,0.09,stressed,0.34,1500,mm,-195.28,25.54,25.55,25.5450,0.11,0.12,0.00,chop,-0.06,calm,0.84,1110,mm,-2566.16
65.233,94,207.5,-4398.17,-4398.17,2858,2362,155.4,155.41,155.3159,7.10,1.41,0.53,TREND,1.69,stressed,-0.11,-248,cut,-1638.05,99.96,99.98,99.9818,-2.43,4.72,0.07,chop,0.09,stressed,0.34,1500,mm,-195.28,25.54,25.55,25.5450,0.11,0.12,0.00,chop,-0.06,calm,0.84,1110,mm,-2566.16
65.260,94,207.5,-4398.17,-4398.17,2858,2362,155.4,155.41,155.3171,7.16,1.41,0.53,TREND,1.69,stressed,-0.11,-248,cut,-1638.05,99.96,99.98,99.9816,-2.40,4.72,0.07,chop,0.09,stressed,0.34,1500,mm,-195.28,25.54,25.55,25.5450,0.11,0.12,0.00,chop,-0.06,calm,0.84,1110,mm,-2566.16
65.286,94,207.5,-4398.17,-4398.17,2858,2362,155.4,155.41,155.3181,7.22,1.41,0.53,TREND,1.69,stressed,-0.11,-248,cut,-1638.05,99.96,99.98,99.9815,-2.38,4.72,0.07,chop,0.09,stressed,0.34,1500,mm,-195.28,25.54,25.55,25.5450,0.11,0.12,0.00,chop,-0.06,calm,0.84,1110,mm,-2566.16
65.354,95,204.5,-4399.50,-4399.50,2958,2462,155.4,155.42,155.3210,7.39,1.41,0.59,TREND,1.75,stressed,0.25,-248,cut,-1638.05,99.96,99.98,99.9811,-2.31,4.72,0.06,chop,0.07,stressed,0.35,1600,mm,-274.48,25.54,25.55,25.5450,0.11,0.12,0.00,chop,-0.11,calm,0.64,1110,mm,-2566.16
65.384,95,204.5,-4399.50,-4399.50,2958,2462,155.4,155.42,155.3223,7.47,1.41,0.59,TREND,1.75,stressed,0.25,-248,cut,-1638.05,99.96,99.98,99.9810,-2.28,4.72,0.06,chop,0.07,stressed,0.35,1600,mm,-274.48,25.54,25.55,25.5450,0.11,0.12,0.00,chop,-0.11,calm,0.64,1110,mm,-2566.16
65.414,95,204.5,-4399.50,-4399.50,2958,2462,155.4,155.42,155.3235,7.53,1.35,0.59,TREND,1.75,stressed,0.25,-248,cut,-1638.05,99.96,99.98,99.9808,-2.26,4.27,0.06,chop,0.07,stressed,0.35,1600,mm,-274.48,25.54,25.55,25.5450,0.10,0.11,0.00,chop,-0.11,calm,0.64,1110,mm,-2566.16
65.432,95,204.5,-4399.50,-4399.50,2958,2462,155.4,155.42,155.3242,7.57,1.35,0.59,TREND,1.75,stressed,0.25,-248,cut,-1638.05,99.96,99.98,99.9807,-2.24,4.27,0.06,chop,0.07,stressed,0.35,1600,mm,-274.48,25.54,25.55,25.5450,0.10,0.11,0.00,chop,-0.11,calm,0.64,1110,mm,-2566.16
65.455,95,204.5,-4399.50,-4399.50,2958,2462,155.4,155.42,155.3252,7.62,1.35,0.59,TREND,1.75,stressed,0.25,-248,cut,-1638.05,99.96,99.98,99.9806,-2.22,4.27,0.06,chop,0.07,stressed,0.35,1600,mm,-274.48,25.54,25.55,25.5450,0.10,0.11,0.00,chop,-0.11,calm,0.64,1110,mm,-2566.16
65.482,95,204.5,-4399.50,-4399.50,2958,2462,155.4,155.42,155.3262,7.67,1.35,0.59,TREND,1.75,stressed,0.25,-248,cut,-1638.05,99.96,99.98,99.9805,-2.20,4.27,0.06,chop,0.07,stressed,0.35,1600,mm,-274.48,25.54,25.55,25.5450,0.10,0.11,0.00,chop,-0.11,calm,0.64,1110,mm,-2566.16
65.506,95,204.5,-4399.50,-4399.50,2958,2462,155.4,155.42,155.3272,7.71,1.35,0.59,TREND,1.75,stressed,0.25,-248,cut,-1638.05,99.96,99.98,99.9804,-2.18,4.27,0.06,chop,0.07,stressed,0.35,1600,mm,-274.48,25.54,25.55,25.5450,0.10,0.11,0.00,chop,-0.11,calm,0.64,1110,mm,-2566.16
65.535,95,204.5,-4399.50,-4399.50,2958,2462,155.4,155.42,155.3283,7.77,1.35,0.59,TREND,1.75,stressed,0.25,-248,cut,-1638.05,99.96,99.98,99.9802,-2.15,4.27,0.06,chop,0.07,stressed,0.35,1600,mm,-274.48,25.54,25.55,25.5450,0.10,0.11,0.00,chop,-0.11,calm,0.64,1110,mm,-2566.16
65.568,95,204.5,-4399.50,-4399.50,2958,2462,155.4,155.42,155.3296,7.82,1.35,0.59,TREND,1.75,stressed,0.25,-248,cut,-1638.05,99.96,99.98,99.9801,-2.13,4.27,0.06,chop,0.07,stressed,0.35,1600,mm,-274.48,25.54,25.55,25.5450,0.10,0.11,0.00,chop,-0.11,calm,0.64,1110,mm,-2566.16
65.625,95,204.5,-4399.50,-4399.50,2958,2462,155.41,155.42,155.3318,7.93,1.35,0.65,TREND,1.80,stressed,0.25,-248,cut,-1638.05,99.91,99.92,99.9784,-2.33,4.27,0.01,chop,-0.66,stressed,0.35,1600,mm,-194.48,25.54,25.55,25.5450,0.10,0.11,0.00,chop,-0.16,calm,0.64,1110,mm,-2566.16
65.691,95,204.5,-4399.50,-4399.50,2958,2462,155.41,155.42,155.3344,8.04,1.35,0.65,TREND,1.80,stressed,0.25,-248,cut,-1638.05,99.91,99.92,99.9764,-2.55,4.27,0.01,chop,-0.66,stressed,0.35,1600,mm,-194.48,25.54,25.55,25.5450,0.10,0.11,0.00,chop,-0.16,calm,0.64,1110,mm,-2566.16
65.705,95,204.5,-4399.50,-4399.50,2958,2462,155.41,155.42,155.3349,8.07,1.35,0.65,TREND,1.80,stressed,0.25,-248,cut,-1638.05,99.91,99.92,99.9760,-2.59,4.27,0.01,chop,-0.66,stressed,0.35,1600,mm,-194.48,25.54,25.55,25.5450,0.10,0.11,0.00,chop,-0.16,calm,0.64,1110,mm,-2566.16
65.732,95,204.5,-4399.50,-4399.50,2958,2462,155.41,155.42,155.3359,8.11,1.35,0.65,TREND,1.80,stressed,0.25,-248,cut,-1638.05,99.91,99.92,99.9752,-2.68,4.27,0.01,chop,-0.66,stressed,0.35,1600,mm,-194.48,25.54,25.55,25.5450,0.10,0.11,0.00,chop,-0.16,calm,0.64,1110,mm,-2566.16
65.755,95,204.5,-4399.50,-4399.50,2958,2462,155.41,155.42,155.3368,8.14,1.35,0.65,TREND,1.80,stressed,0.25,-248,cut,-1638.05,99.91,99.92,99.9746,-2.74,4.27,0.01,chop,-0.66,stressed,0.35,1600,mm,-194.48,25.54,25.55,25.5450,0.10,0.11,0.00,chop,-0.16,calm,0.64,1110,mm,-2566.16
65.780,95,204.5,-4399.50,-4399.50,2958,2462,155.41,155.42,155.3377,8.17,1.35,0.65,TREND,1.80,stressed,0.25,-248,cut,-1638.05,99.91,99.92,99.9739,-2.82,4.27,0.01,chop,-0.66,stressed,0.35,1600,mm,-194.48,25.54,25.55,25.5450,0.10,0.11,0.00,chop,-0.16,calm,0.64,1110,mm,-2566.16
65.807,95,204.5,-4399.50,-4399.50,2958,2462,155.41,155.42,155.3387,8.21,1.35,0.65,TREND,1.80,stressed,0.25,-248,cut,-1638.05,99.91,99.92,99.9731,-2.89,4.27,0.01,chop,-0.66,stressed,0.35,1600,mm,-194.48,25.54,25.55,25.5450,0.10,0.11,0.00,chop,-0.16,calm,0.64,1110,mm,-2566.16
65.908,95,207.0,-4399.50,-4399.50,3110,3110,155.41,155.43,155.3424,8.36,1.35,0.68,TREND,1.84,stressed,0.25,0,mm,-1639.70,99.88,99.92,99.9697,-3.27,4.27,0.01,chop,-0.87,stressed,0.35,2000,mm,-327.28,25.54,25.55,25.5450,0.10,0.11,0.00,chop,-0.23,calm,0.64,1110,mm,-2566.16
65.961,95,207.0,-4399.50,-4399.50,3110,3110,155.41,155.42,155.3442,8.40,1.28,0.68,TREND,1.84,stressed,0.25,0,mm,-1639.70,99.88,99.92,99.9680,-3.44,4.45,0.01,chop,-0.87,stressed,0.35,2000,mm,-327.28,25.54,25.55,25.5450,0.09,0.10,0.00,chop,-0.23,calm,0.64,1110,mm,-2566.16
66.000,95,207.0,-4399.50,-4399.50,3110,3110,155.41,155.42,155.3455,8.43,1.28,0.68,TREND,1.84,stressed,0.25,0,mm,-1639.70,99.88,99.92,99.9668,-3.56,4.45,0.01,chop,-0.87,stressed,0.35,2000,mm,-327.28,25.54,25.55,25.5450,0.09,0.10,0.00,chop,-0.23,calm,0.64,1110,mm,-2566.16
66.019,95,207.0,-4399.50,-4399.50,3110,3110,155.41,155.42,155.3461,8.44,1.28,0.68,TREND,1.84,stressed,0.25,0,mm,-1639.70,99.88,99.92,99.9662,-3.62,4.45,0.01,chop,-0.87,stressed,0.35,2000,mm,-327.28,25.54,25.55,25.5450,0.09,0.10,0.00,chop,-0.23,calm,0.64,1110,mm,-2566.16
66.054,95,207.0,-4399.50,-4399.50,3110,3110,155.41,155.42,155.3473,8.47,1.28,0.68,TREND,1.84,stressed,0.25,0,mm,-1639.70,99.88,99.92,99.9651,-3.73,4.45,0.01,chop,-0.87,stressed,0.35,2000,mm,-327.28,25.54,25.55,25.5450,0.09,0.10,0.00,chop,-0.23,calm,0.64,1110,mm,-2566.16
66.097,95,207.0,-4399.50,-4399.50,3110,3110,155.41,155.42,155.3486,8.49,1.28,0.68,TREND,1.84,stressed,0.25,0,mm,-1639.70,99.88,99.92,99.9638,-3.85,4.45,0.01,chop,-0.87,stressed,0.35,2000,mm,-327.28,25.54,25.55,25.5450,0.09,0.10,0.00,chop,-0.23,calm,0.64,1110,mm,-2566.16
66.118,95,207.0,-4399.50,-4399.50,3110,3110,155.41,155.42,155.3493,8.50,1.28,0.68,TREND,1.84,stressed,0.25,0,mm,-1639.70,99.9,99.91,99.9632,-3.89,4.45,0.01,chop,-0.87,stressed,0.35,2000,mm,-327.28,25.54,25.55,25.5450,0.09,0.10,0.00,chop,-0.23,calm,0.64,1110,mm,-2566.16
66.154,95,207.0,-4399.50,-4399.50,3110,3110,155.41,155.42,155.3504,8.51,1.28,0.68,TREND,1.84,stressed,0.25,0,mm,-1639.70,99.9,99.91,99.9623,-3.97,4.45,0.01,chop,-0.87,stressed,0.35,2000,mm,-327.28,25.54,25.55,25.5450,0.09,0.10,0.00,chop,-0.23,calm,0.64,1110,mm,-2566.16
66.188,95,207.0,-4399.50,-4399.50,3110,3110,155.41,155.42,155.3514,8.52,1.28,0.66,TREND,1.74,stressed,0.25,0,mm,-1639.70,99.9,99.91,99.9614,-4.04,4.45,0.01,chop,-0.82,stressed,0.35,2000,mm,-327.28,25.54,25.55,25.5450,0.09,0.10,0.00,chop,-0.28,calm,0.64,1110,mm,-2566.16
66.209,95,207.0,-4399.50,-4399.50,3110,3110,155.41,155.42,155.3520,8.53,1.28,0.66,TREND,1.74,stressed,0.25,0,mm,-1639.70,99.9,99.91,99.9608,-4.08,4.45,0.01,chop,-0.82,stressed,0.35,2000,mm,-327.28,25.54,25.55,25.5450,0.09,0.10,0.00,chop,-0.28,calm,0.64,1110,mm,-2566.16
66.233,95,207.0,-4399.50,-4399.50,3110,3110,155.41,155.42,155.3527,8.54,1.28,0.66,TREND,1.74,stressed,0.25,0,mm,-1639.70,99.9,99.91,99.9602,-4.12,4.45,0.01,chop,-0.82,stressed,0.35,2000,mm,-327.28,25.54,25.55,25.5450,0.09,0.10,0.00,chop,-0.28,calm,0.64,1110,mm,-2566.16
66.261,95,207.0,-4399.50,-4399.50,3110,3110,155.41,155.42,155.3535,8.54,1.28,0.66,TREND,1.74,stressed,0.25,0,mm,-1639.70,99.9,99.91,99.9595,-4.17,4.45,0.01,chop,-0.82,stressed,0.35,2000,mm,-327.28,25.54,25.55,25.5450,0.09,0.10,0.00,chop,-0.28,calm,0.64,1110,mm,-2566.16
66.286,95,207.0,-4399.50,-4399.50,3110,3110,155.41,155.42,155.3542,8.55,1.28,0.66,TREND,1.74,stressed,0.25,0,mm,-1639.70,99.9,99.91,99.9588,-4.22,4.45,0.01,chop,-0.82,stressed,0.35,2000,mm,-327.28,25.54,25.55,25.5450,0.09,0.10,0.00,chop,-0.28,calm,0.64,1110,mm,-2566.16
66.311,95,207.0,-4399.50,-4399.50,3110,3110,155.41,155.42,155.3549,8.55,1.28,0.66,TREND,1.74,stressed,0.25,0,mm,-1639.70,99.9,99.91,99.9582,-4.26,4.45,0.01,chop,-0.82,stressed,0.35,2000,mm,-327.28,25.54,25.55,25.5450,0.09,0.10,0.00,chop,-0.28,calm,0.64,1110,mm,-2566.16
66.356,96,203.5,-4533.15,-4533.15,2010,2010,155.41,155.42,155.3562,8.55,1.28,0.66,TREND,1.74,stressed,0.28,0,mm,-1639.70,99.87,99.93,99.9570,-4.34,4.45,0.01,chop,-0.82,stressed,0.11,900,mm,-269.28,25.54,25.55,25.5450,0.09,0.10,0.00,chop,-0.28,calm,-0.56,1110,mm,-2566.16
66.390,96,203.5,-4533.15,-4533.15,2010,2010,155.41,155.42,155.3571,8.55,1.28,0.66,TREND,1.74,stressed,0.28,0,mm,-1639.70,99.87,99.93,99.9561,-4.41,4.45,0.01,chop,-0.82,stressed,0.11,900,mm,-269.28,25.54,25.55,25.5450,0.09,0.10,0.00,chop,-0.28,calm,-0.56,1110,mm,-2566.16
66.414,96,203.5,-4533.15,-4533.15,2010,2010,155.41,155.42,155.3578,8.55,1.28,0.66,TREND,1.74,stressed,0.28,0,mm,-1639.70,99.87,99.93,99.9554,-4.45,4.45,0.01,chop,-0.82,stressed,0.11,900,mm,-269.28,25.54,25.55,25.5450,0.09,0.10,0.00,chop,-0.28,calm,-0.56,1110,mm,-2566.16
66.436,96,203.5,-4533.15,-4533.15,2010,2010,155.41,155.42,155.3584,8.55,1.28,0.66,TREND,1.74,stressed,0.28,0,mm,-1639.70,99.87,99.93,99.9549,-4.49,4.45,0.01,chop,-0.82,stressed,0.11,900,mm,-269.28,25.54,25.55,25.5450,0.09,0.10,0.00,chop,-0.28,calm,-0.56,1110,mm,-2566.16
66.468,96,203.5,-4533.15,-4533.15,2010,2010,155.41,155.42,155.3592,8.54,1.25,0.71,TREND,1.71,stressed,0.28,0,mm,-1639.70,99.87,99.93,99.9541,-4.54,4.09,0.20,chop,-0.90,stressed,0.11,900,mm,-269.28,25.54,25.55,25.5450,0.09,0.09,0.00,chop,-0.35,calm,-0.56,1110,mm,-2566.16
66.488,96,203.5,-4533.15,-4533.15,2010,2010,155.41,155.42,155.3598,8.54,1.25,0.71,TREND,1.71,stressed,0.28,0,mm,-1639.70,99.87,99.93,99.9535,-4.57,4.09,0.20,chop,-0.90,stressed,0.11,900,mm,-269.28,25.54,25.55,25.5450,0.09,0.09,0.00,chop,-0.35,calm,-0.56,1110,mm,-2566.16
66.515,96,203.5,-4533.15,-4533.15,2010,2010,155.41,155.42,155.3605,8.54,1.25,0.71,TREND,1.71,stressed,0.28,0,mm,-1639.70,99.87,99.93,99.9529,-4.61,4.09,0.20,chop,-0.90,stressed,0.11,900,mm,-269.28,25.54,25.55,25.5450,0.09,0.09,0.00,chop,-0.35,calm,-0.56,1110,mm,-2566.16
66.544,96,203.5,-4533.15,-4533.15,2010,2010,155.41,155.42,155.3612,8.53,1.25,0.71,TREND,1.71,stressed,0.28,0,mm,-1639.70,99.87,99.93,99.9521,-4.65,4.09,0.20,chop,-0.90,stressed,0.11,900,mm,-269.28,25.54,25.55,25.5450,0.09,0.09,0.00,chop,-0.35,calm,-0.56,1110,mm,-2566.16
66.568,96,203.5,-4533.15,-4533.15,2010,2010,155.41,155.42,155.3618,8.52,1.25,0.71,TREND,1.71,stressed,0.28,0,mm,-1639.70,99.87,99.93,99.9515,-4.68,4.09,0.20,chop,-0.90,stressed,0.11,900,mm,-269.28,25.54,25.55,25.5450,0.09,0.09,0.00,chop,-0.35,calm,-0.56,1110,mm,-2566.16
66.597,96,203.5,-4533.15,-4533.15,2010,2010,155.41,155.42,155.3625,8.51,1.25,0.71,TREND,1.71,stressed,0.28,0,mm,-1639.70,99.92,99.93,99.9512,-4.66,4.09,0.20,chop,-0.90,stressed,0.11,900,mm,-224.28,25.54,25.55,25.5450,0.08,0.09,0.00,chop,-0.35,calm,-0.56,1110,mm,-2566.16
66.660,96,203.5,-4533.15,-4533.15,2010,2010,155.41,155.42,155.3641,8.49,1.25,0.71,TREND,1.71,stressed,0.28,0,mm,-1639.70,99.92,99.93,99.9504,-4.62,4.09,0.20,chop,-0.90,stressed,0.11,900,mm,-224.28,25.54,25.55,25.5450,0.08,0.09,0.00,chop,-0.35,calm,-0.56,1110,mm,-2566.16
66.684,96,203.5,-4533.15,-4533.15,2010,2010,155.41,155.42,155.3646,8.48,1.25,0.71,TREND,1.71,stressed,0.28,0,mm,-1639.70,99.92,99.93,99.9501,-4.60,4.09,0.20,chop,-0.90,stressed,0.11,900,mm,-224.28,25.54,25.55,25.5450,0.08,0.09,0.00,chop,-0.35,calm,-0.56,1110,mm,-2566.16
66.702,96,203.5,-4533.15,-4533.15,2010,2010,155.41,155.42,155.3651,8.48,1.25,0.71,TREND,1.71,stressed,0.28,0,mm,-1639.70,99.92,99.93,99.9499,-4.58,4.09,0.20,chop,-0.90,stressed,0.11,900,mm,-224.28,25.54,25.55,25.5450,0.08,0.09,0.00,chop,-0.35,calm,-0.56,1110,mm,-2566.16
66.730,96,203.5,-4533.15,-4533.15,2010,2010,155.41,155.42,155.3657,8.46,1.25,0.75,TREND,1.68,stressed,0.28,0,mm,-1639.70,99.92,99.93,99.9496,-4.56,4.09,0.17,chop,-0.58,stressed,0.11,900,mm,-224.28,25.54,25.55,25.5450,0.08,0.09,0.00,chop,-0.42,calm,-0.56,1110,mm,-2566.16
66.755,96,203.5,-4533.15,-4533.15,2010,2010,155.41,155.42,155.3663,8.45,1.25,0.75,TREND,1.68,stressed,0.28,0,mm,-1639.70,99.92,99.93,99.9493,-4.55,4.09,0.17,chop,-0.58,stressed,0.11,900,mm,-224.28,25.54,25.55,25.5450,0.08,0.09,0.00,chop,-0.42,calm,-0.56,1110,mm,-2566.16
66.786,96,203.5,-4533.15,-4533.15,2010,2010,155.41,155.42,155.3670,8.44,1.25,0.75,TREND,1.68,stressed,0.28,0,mm,-1639.70,99.92,99.93,99.9490,-4.52,4.09,0.17,chop,-0.58,stressed,0.11,900,mm,-224.28,25.54,25.55,25.5450,0.08,0.09,0.00,chop,-0.42,calm,-0.56,1110,mm,-2566.16
66.804,96,203.5,-4533.15,-4533.15,2010,2010,155.41,155.42,155.3674,8.43,1.25,0.75,TREND,1.68,stressed,0.28,0,mm,-1639.70,99.92,99.93,99.9487,-4.51,4.09,0.17,chop,-0.58,stressed,0.11,900,mm,-224.28,25.54,25.55,25.5450,0.08,0.09,0.00,chop,-0.42,calm,-0.56,1110,mm,-2566.16
66.831,96,203.5,-4533.15,-4533.15,2010,2010,155.41,155.42,155.3680,8.41,1.25,0.75,TREND,1.68,stressed,0.28,0,mm,-1639.70,99.92,99.93,99.9485,-4.49,4.09,0.17,chop,-0.58,stressed,0.11,900,mm,-224.28,25.54,25.55,25.5450,0.08,0.09,0.00,chop,-0.42,calm,-0.56,1110,mm,-2566.16
66.873,96,205.8,-4533.15,-4533.15,1710,1710,155.41,155.42,155.3689,8.39,1.25,0.75,TREND,1.68,stressed,0.28,0,mm,-1639.70,99.92,99.96,99.9483,-4.41,4.09,0.17,chop,-0.58,stressed,0.11,600,mm,-218.88,25.54,25.55,25.5450,0.08,0.09,0.00,chop,-0.42,calm,-0.56,1110,mm,-2566.16
66.965,96,205.8,-4533.15,-4533.15,1710,1710,155.41,155.42,155.3709,8.34,1.25,0.75,TREND,1.68,stressed,0.28,0,mm,-1639.70,99.92,99.94,99.9475,-4.31,4.09,0.17,chop,-0.58,stressed,0.11,600,mm,-218.88,25.54,25.55,25.5450,0.08,0.09,0.00,chop,-0.42,calm,-0.56,1110,mm,-2566.16
66.994,96,205.8,-4533.15,-4533.15,1710,1710,155.41,155.42,155.3715,8.32,1.22,0.74,TREND,1.64,stressed,0.28,0,mm,-1639.70,99.92,99.94,99.9473,-4.28,4.02,0.27,mixed,-0.51,stressed,0.11,600,mm,-218.88,25.54,25.55,25.5450,0.08,0.08,0.00,chop,-0.41,calm,-0.56,1110,mm,-2566.16
67.025,96,205.8,-4533.15,-4533.15,1710,1710,155.41,155.42,155.3721,8.30,1.22,0.74,TREND,1.64,stressed,0.28,0,mm,-1639.70,99.92,99.94,99.9470,-4.25,4.02,0.27,mixed,-0.51,stressed,0.11,600,mm,-218.88,25.54,25.55,25.5450,0.08,0.08,0.00,chop,-0.41,calm,-0.56,1110,mm,-2566.16
67.049,96,205.8,-4533.15,-4533.15,1710,1710,155.41,155.42,155.3726,8.28,1.22,0.74,TREND,1.64,stressed,0.28,0,mm,-1639.70,99.92,99.94,99.9468,-4.23,4.02,0.27,mixed,-0.51,stressed,0.11,600,mm,-218.88,25.54,25.55,25.5450,0.08,0.08,0.00,chop,-0.41,calm,-0.56,1110,mm,-2566.16
67.069,96,205.8,-4533.15,-4533.15,1710,1710,155.41,155.42,155.3730,8.27,1.22,0.74,TREND,1.64,stressed,0.28,0,mm,-1639.70,99.92,99.94,99.9467,-4.21,4.02,0.27,mixed,-0.51,stressed,0.11,600,mm,-218.88,25.54,25.55,25.5450,0.08,0.08,0.00,chop,-0.41,calm,-0.56,1110,mm,-2566.16
67.088,96,205.8,-4533.15,-4533.15,1710,1710,155.41,155.42,155.3733,8.25,1.22,0.74,TREND,1.64,stressed,0.28,0,mm,-1639.70,99.92,99.94,99.9465,-4.19,4.02,0.27,mixed,-0.51,stressed,0.11,600,mm,-218.88,25.54,25.55,25.5450,0.08,0.08,0.00,chop,-0.41,calm,-0.56,1110,mm,-2566.16
67.125,96,205.8,-4533.15,-4533.15,1910,310,155.41,155.42,155.3741,8.22,1.22,0.74,TREND,1.64,stressed,0.28,0,mm,-1639.70,99.87,99.94,99.9458,-4.23,4.02,0.27,mixed,-0.51,stressed,0.11,-800,mm,-168.48,25.54,25.55,25.5450,0.08,0.08,0.00,chop,-0.41,calm,-0.56,1110,mm,-2566.16
67.178,96,205.8,-4533.15,-4533.15,1910,310,155.41,155.42,155.3751,8.18,1.22,0.74,TREND,1.64,stressed,0.28,0,mm,-1639.70,99.87,99.94,99.9448,-4.28,4.02,0.27,mixed,-0.51,stressed,0.11,-800,mm,-168.48,25.54,25.55,25.5450,0.08,0.08,0.00,chop,-0.41,calm,-0.56,1110,mm,-2566.16
67.201,96,205.8,-4533.15,-4533.15,1910,310,155.41,155.42,155.3755,8.17,1.22,0.74,TREND,1.64,stressed,0.28,0,mm,-1639.70,99.87,99.94,99.9444,-4.30,4.02,0.27,mixed,-0.51,stressed,0.11,-800,mm,-168.48,25.54,25.55,25.5450,0.08,0.08,0.00,chop,-0.41,calm,-0.56,1110,mm,-2566.16
67.221,96,205.8,-4533.15,-4533.15,1910,310,155.41,155.42,155.3759,8.15,1.22,0.74,TREND,1.64,stressed,0.28,0,mm,-1639.70,99.87,99.94,99.9440,-4.32,4.02,0.27,mixed,-0.51,stressed,0.11,-800,mm,-168.48,25.54,25.55,25.5450,0.08,0.08,0.00,chop,-0.41,calm,-0.56,1110,mm,-2566.16
67.247,96,205.8,-4533.15,-4533.15,1910,310,155.41,155.42,155.3763,8.13,1.22,0.77,TREND,1.62,stressed,0.28,0,mm,-1639.70,99.87,99.94,99.9436,-4.34,4.02,0.31,mixed,-0.87,stressed,0.11,-800,mm,-168.48,25.54,25.55,25.5450,0.08,0.08,0.00,chop,-0.46,calm,-0.56,1110,mm,-2566.16
67.273,96,205.8,-4533.15,-4533.15,1910,310,155.41,155.42,155.3768,8.11,1.22,0.77,TREND,1.62,stressed,0.28,0,mm,-1639.70,99.87,99.94,99.9431,-4.36,4.02,0.31,mixed,-0.87,stressed,0.11,-800,mm,-168.48,25.54,25.55,25.5450,0.08,0.08,0.00,chop,-0.46,calm,-0.56,1110,mm,-2566.16
67.301,96,205.8,-4533.15,-4533.15,1910,310,155.41,155.42,155.3773,8.09,1.22,0.77,TREND,1.62,stressed,0.28,0,mm,-1639.70,99.87,99.94,99.9426,-4.38,4.02,0.31,mixed,-0.87,stressed,0.11,-800,mm,-168.48,25.54,25.55,25.5450,0.07,0.08,0.00,chop,-0.46,calm,-0.56,1110,mm,-2566.16
67.324,96,205.8,-4533.15,-4533.15,1910,310,155.41,155.42,155.3777,8.07,1.22,0.77,TREND,1.62,stressed,0.28,0,mm,-1639.70,99.87,99.94,99.9422,-4.39,4.02,0.31,mixed,-0.87,stressed,0.11,-800,mm,-168.48,25.54,25.55,25.5450,0.07,0.08,0.00,chop,-0.46,calm,-0.56,1110,mm,-2566.16
67.353,96,205.8,-4533.15,-4533.15,1910,310,155.41,155.42,155.3782,8.04,1.22,0.77,TREND,1.62,stressed,0.28,0,mm,-1639.70,99.87,99.94,99.9417,-4.41,4.02,0.31,mixed,-0.87,stressed,0.11,-800,mm,-168.48,25.54,25.55,25.5450,0.07,0.08,0.00,chop,-0.46,calm,-0.56,1110,mm,-2566.16
67.390,97,202.7,-4424.75,-4424.75,1910,310,155.41,155.42,155.3789,8.01,1.22,0.77,TREND,1.62,stressed,0.28,0,mm,-1639.70,99.86,99.93,99.9409,-4.47,4.02,0.31,mixed,-0.87,stressed,0.10,-800,mm,-152.48,25.54,25.55,25.5450,0.07,0.08,0.00,chop,-0.46,calm,-1.42,1110,mm,-2566.16
67.450,97,202.7,-4424.75,-4424.75,1910,310,155.41,155.42,155.3799,7.96,1.22,0.77,TREND,1.62,stressed,0.28,0,mm,-1639.70,99.86,99.93,99.9396,-4.54,4.02,0.31,mixed,-0.87,stressed,0.10,-800,mm,-152.48,25.54,25.55,25.5450,0.07,0.08,0.00,chop,-0.46,calm,-1.42,1110,mm,-2566.16
67.482,97,202.7,-4424.75,-4424.75,1910,310,155.41,155.42,155.3804,7.93,1.22,0.77,TREND,1.62,stressed,0.28,0,mm,-1639.70,99.86,99.93,99.9389,-4.58,4.02,0.31,mixed,-0.87,stressed,0.10,-800,mm,-152.48,25.54,25.55,25.5450,0.07,0.08,0.00,chop,-0.46,calm,-1.42,1110,mm,-2566.16
67.497,97,202.7,-4424.75,-4424.75,1910,310,155.41,155.42,155.3806,7.91,1.19,0.81,TREND,1.61,stressed,0.28,0,mm,-1639.70,99.86,99.93,99.9386,-4.60,3.90,0.33,mixed,-1.04,stressed,0.10,-800,mm,-152.48,25.54,25.55,25.5450,0.07,0.07,0.00,chop,-0.43,calm,-1.42,1110,mm,-2566.16
67.524,97,202.7,-4424.75,-4424.75,1910,310,155.41,155.42,155.3811,7.89,1.19,0.81,TREND,1.61,stressed,0.28,0,mm,-1639.70,99.86,99.93,99.9381,-4.62,3.90,0.33,mixed,-1.04,stressed,0.10,-800,mm,-152.48,25.54,25.55,25.5450,0.07,0.07,0.00,chop,-0.43,calm,-1.42,1110,mm,-2566.16
67.547,97,202.7,-4424.75,-4424.75,1910,310,155.41,155.42,155.3814,7.87,1.19,0.81,TREND,1.61,stressed,0.28,0,mm,-1639.70,99.86,99.93,99.9376,-4.65,3.90,0.33,mixed,-1.04,stressed,0.10,-800,mm,-152.48,25.54,25.55,25.5450,0.07,0.07,0.00,chop,-0.43,calm,-1.42,1110,mm,-2566.16
67.573,97,202.7,-4424.75,-4424.75,1910,310,155.41,155.42,155.3818,7.84,1.19,0.81,TREND,1.61,stressed,0.28,0,mm,-1639.70,99.86,99.93,99.9371,-4.67,3.90,0.33,mixed,-1.04,stressed,0.10,-800,mm,-152.48,25.54,25.55,25.5450,0.07,0.07,0.00,chop,-0.43,calm,-1.42,1110,mm,-2566.16
67.597,97,202.7,-4424.75,-4424.75,1910,310,155.41,155.42,155.3822,7.82,1.19,0.81,TREND,1.61,stressed,0.28,0,mm,-1639.70,99.86,99.93,99.9366,-4.70,3.90,0.33,mixed,-1.04,stressed,0.10,-800,mm,-152.48,25.54,25.55,25.5450,0.07,0.07,0.00,chop,-0.43,calm,-1.42,1110,mm,-2566.16
67.658,97,202.7,-4424.75,-4424.75,3010,-790,155.41,155.42,155.3831,7.76,1.19,0.81,TREND,1.61,stressed,0.28,0,mm,-1639.70,99.92,99.94,99.9364,-4.58,3.90,0.33,mixed,-1.04,stressed,0.10,-1900,mm,-173.68,25.54,25.55,25.5450,0.07,0.07,0.00,chop,-0.43,calm,-1.42,1110,mm,-2566.16
67.685,97,202.7,-4424.75,-4424.75,3010,-790,155.41,155.42,155.3836,7.74,1.19,0.81,TREND,1.61,stressed,0.28,0,mm,-1639.70,99.92,99.94,99.9363,-4.53,3.90,0.33,mixed,-1.04,stressed,0.10,-1900,mm,-173.68,25.54,25.55,25.5450,0.07,0.07,0.00,chop,-0.43,calm,-1.42,1110,mm,-2566.16
67.720,97,202.7,-4424.75,-4424.75,3010,-790,155.41,155.42,155.3841,7.70,1.19,0.81,TREND,1.61,stressed,0.28,0,mm,-1639.70,99.92,99.94,99.9362,-4.46,3.90,0.33,mixed,-1.04,stressed,0.10,-1900,mm,-173.68,25.54,25.55,25.5450,0.07,0.07,0.00,chop,-0.43,calm,-1.42,1110,mm,-2566.16
67.744,97,202.7,-4424.75,-4424.75,3010,-790,155.41,155.42,155.3844,7.68,1.19,0.81,TREND,1.61,stressed,0.28,0,mm,-1639.70,99.92,99.94,99.9362,-4.42,3.90,0.33,mixed,-1.04,stressed,0.10,-1900,mm,-173.68,25.54,25.55,25.5450,0.07,0.07,0.00,chop,-0.43,calm,-1.42,1110,mm,-2566.16
67.764,97,202.7,-4424.75,-4424.75,3010,-790,155.41,155.42,155.3847,7.66,1.19,0.84,TREND,1.59,stressed,0.28,0,mm,-1639.70,99.92,99.94,99.9361,-4.39,3.90,0.24,chop,-0.57,stressed,0.10,-1900,mm,-173.68,25.54,25.55,25.5450,0.07,0.07,0.00,chop,-0.41,calm,-1.42,1110,mm,-2566.16
67.792,97,202.7,-4424.75,-4424.75,3010,-790,155.41,155.42,155.3851,7.63,1.19,0.84,TREND,1.59,stressed,0.28,0,mm,-1639.70,99.92,99.94,99.9360,-4.34,3.90,0.24,chop,-0.57,stressed,0.10,-1900,mm,-173.68,25.54,25.55,25.5450,0.07,0.07,0.00,chop,-0.41,calm,-1.42,1110,mm,-2566.16
67.815,97,202.7,-4424.75,-4424.75,3010,-790,155.41,155.42,155.3854,7.61,1.19,0.84,TREND,1.59,stressed,0.28,0,mm,-1639.70,99.92,99.94,99.9360,-4.30,3.90,0.24,chop,-0.57,stressed,0.10,-1900,mm,-173.68,25.54,25.55,25.5450,0.07,0.07,0.00,chop,-0.41,calm,-1.42,1110,mm,-2566.16
67.842,97,202.7,-4424.75,-4424.75,3010,-790,155.41,155.42,155.3858,7.58,1.19,0.84,TREND,1.59,stressed,0.28,0,mm,-1639.70,99.92,99.94,99.9359,-4.25,3.90,0.24,chop,-0.57,stressed,0.10,-1900,mm,-173.68,25.54,25.55,25.5450,0.07,0.07,0.00,chop,-0.41,calm,-1.42,1110,mm,-2566.16
67.867,97,202.7,-4424.75,-4424.75,3010,-790,155.41,155.42,155.3861,7.56,1.19,0.84,TREND,1.59,stressed,0.28,0,mm,-1639.70,99.92,99.94,99.9358,-4.21,3.90,0.24,chop,-0.57,stressed,0.10,-1900,mm,-173.68,25.54,25.55,25.5450,0.07,0.07,0.00,chop,-0.41,calm,-1.42,1110,mm,-2566.16
67.925,97,205.0,-4424.75,-4424.75,3010,-790,155.42,155.43,155.3872,7.55,1.19,0.84,TREND,1.59,stressed,0.28,0,mm,-1639.70,99.86,99.87,99.9339,-4.42,3.90,0.24,chop,-0.57,stressed,0.10,-1900,mm,-173.68,25.54,25.55,25.5450,0.07,0.07,0.00,chop,-0.41,calm,-1.42,1110,mm,-2566.16
68.030,97,205.0,-4424.75,-4424.75,3010,-790,155.42,155.43,155.3890,7.52,1.08,0.88,TREND,1.69,stressed,0.28,0,mm,-1639.70,99.86,99.87,99.9306,-4.76,3.71,0.29,mixed,-1.46,stressed,0.10,-1900,mm,-21.68,25.54,25.55,25.5450,0.07,0.07,0.00,chop,-0.41,calm,-1.42,1110,mm,-2566.16
68.063,97,205.0,-4424.75,-4424.75,3010,-790,155.42,155.43,155.3896,7.51,1.08,0.88,TREND,1.69,stressed,0.28,0,mm,-1639.70,99.86,99.87,99.9296,-4.86,3.71,0.29,mixed,-1.46,stressed,0.10,-1900,mm,-21.68,25.54,25.55,25.5450,0.07,0.07,0.00,chop,-0.41,calm,-1.42,1110,mm,-2566.16
68.085,97,205.0,-4424.75,-4424.75,3010,-790,155.42,155.43,155.3899,7.50,1.08,0.88,TREND,1.69,stressed,0.28,0,mm,-1639.70,99.86,99.87,99.9289,-4.91,3.71,0.29,mixed,-1.46,stressed,0.10,-1900,mm,-21.68,25.54,25.55,25.5450,0.07,0.07,0.00,chop,-0.41,calm,-1.42,1110,mm,-2566.16
68.110,97,205.0,-4424.75,-4424.75,3010,-790,155.42,155.43,155.3903,7.49,1.08,0.88,TREND,1.69,stressed,0.28,0,mm,-1639.70,99.86,99.87,99.9282,-4.98,3.71,0.29,mixed,-1.46,stressed,0.10,-1900,mm,-21.68,25.54,25.55,25.5450,0.07,0.07,0.00,chop,-0.41,calm,-1.42,1110,mm,-2566.16
68.176,97,205.0,-4424.75,-4424.75,3010,-790,155.42,155.43,155.3914,7.46,1.08,0.88,TREND,1.69,stressed,0.28,0,mm,-1639.70,99.86,99.87,99.9263,-5.15,3.71,0.29,mixed,-1.46,stressed,0.10,-1900,mm,-21.68,25.54,25.55,25.5450,0.06,0.07,0.00,chop,-0.41,calm,-1.42,1110,mm,-2566.16
68.193,97,205.0,-4424.75,-4424.75,3210,-990,155.42,155.43,155.3917,7.45,1.08,0.88,TREND,1.69,stressed,0.28,0,mm,-1639.70,99.86,99.87,99.9258,-5.19,3.71,0.29,mixed,-1.46,stressed,0.10,-2100,mm,-62.08,25.54,25.55,25.5450,0.06,0.07,0.00,chop,-0.41,calm,-1.42,1110,mm,-2566.16
68.231,97,205.0,-4424.75,-4424.75,3210,-990,155.42,155.43,155.3922,7.43,1.08,0.88,TREND,1.69,stressed,0.28,0,mm,-1639.70,99.86,99.87,99.9247,-5.27,3.71,0.29,mixed,-1.46,stressed,0.10,-2100,mm,-62.08,25.54,25.55,25.5450,0.06,0.07,0.00,chop,-0.41,calm,-1.42,1110,mm,-2566.16
68.257,97,205.0,-4424.75,-4424.75,3210,-990,155.42,155.43,155.3926,7.42,1.08,0.88,TREND,1.69,stressed,0.28,0,mm,-1639.70,99.86,99.87,99.9240,-5.33,3.71,0.29,mixed,-1.46,stressed,0.10,-2100,mm,-62.08,25.54,25.55,25.5450,0.06,0.07,0.00,chop,-0.41,calm,-1.42,1110,mm,-2566.16
68.276,97,205.0,-4424.75,-4424.75,3210,-990,155.42,155.43,155.3929,7.41,1.08,0.88,TREND,1.69,stressed,0.28,0,mm,-1639.70,99.86,99.87,99.9235,-5.37,3.71,0.29,mixed,-1.46,stressed,0.10,-2100,mm,-62.08,25.54,25.55,25.5450,0.06,0.07,0.00,chop,-0.41,calm,-1.42,1110,mm,-2566.16
68.304,97,205.0,-4424.75,-4424.75,3210,-990,155.42,155.43,155.3933,7.39,1.08,0.92,TREND,1.66,stressed,0.28,0,mm,-1639.70,99.86,99.87,99.9227,-5.42,3.71,0.25,chop,-1.46,stressed,0.10,-2100,mm,-62.08,25.54,25.55,25.5450,0.06,0.07,0.00,chop,-0.39,calm,-1.42,1110,mm,-2566.16
68.330,97,205.0,-4424.75,-4424.75,3210,-990,155.42,155.43,155.3937,7.38,1.08,0.92,TREND,1.66,stressed,0.28,0,mm,-1639.70,99.86,99.87,99.9220,-5.47,3.71,0.25,chop,-1.46,stressed,0.10,-2100,mm,-62.08,25.54,25.55,25.5450,0.06,0.07,0.00,chop,-0.39,calm,-1.42,1110,mm,-2566.16
68.354,97,205.0,-4424.75,-4424.75,3210,-990,155.42,155.43,155.3941,7.37,1.08,0.92,TREND,1.66,stressed,0.28,0,mm,-1639.70,99.86,99.87,99.9214,-5.52,3.71,0.25,chop,-1.46,stressed,0.10,-2100,mm,-62.08,25.54,25.55,25.5450,0.06,0.07,0.00,chop,-0.39,calm,-1.42,1110,mm,-2566.16
68.379,97,205.0,-4424.75,-4424.75,3210,-990,155.42,155.43,155.3944,7.35,1.08,0.92,TREND,1.66,stressed,0.28,0,mm,-1639.70,99.86,99.87,99.9207,-5.56,3.71,0.25,chop,-1.46,stressed,0.10,-2100,mm,-62.08,25.54,25.55,25.5450,0.06,0.07,0.00,chop,-0.39,calm,-1.42,1110,mm,-2566.16
68.418,98,201.8,-4227.55,-4227.55,3210,-990,155.42,155.44,155.3951,7.34,1.08,0.92,TREND,1.66,stressed,0.39,0,mm,-1639.70,99.85,99.86,99.9195,-5.66,3.71,0.25,chop,-1.46,stressed,-0.03,-2100,mm,-62.08,25.54,25.55,25.5450,0.06,0.07,0.00,chop,-0.39,calm,-1.69,1110,mm,-2566.16
68.490,98,201.8,-4227.55,-4227.55,3210,-990,155.42,155.44,155.3963,7.32,1.08,0.92,TREND,1.66,stressed,0.39,0,mm,-1639.70,99.85,99.86,99.9173,-5.82,3.71,0.25,chop,-1.46,stressed,-0.03,-2100,mm,-62.08,25.54,25.55,25.5450,0.06,0.07,0.00,chop,-0.39,calm,-1.69,1110,mm,-2566.16
68.510,98,201.8,-4227.55,-4227.55,3210,-990,155.42,155.44,155.3966,7.32,1.08,0.92,TREND,1.66,stressed,0.39,0,mm,-1639.70,99.85,99.86,99.9168,-5.86,3.71,0.25,chop,-1.46,stressed,-0.03,-2100,mm,-62.08,25.54,25.55,25.5450,0.06,0.07,0.00,chop,-0.39,calm,-1.69,1110,mm,-2566.16
68.527,98,201.8,-4227.55,-4227.55,3210,-990,155.42,155.44,155.3968,7.31,1.08,0.92,TREND,1.66,stressed,0.39,0,mm,-1639.70,99.85,99.86,99.9162,-5.90,3.71,0.25,chop,-1.46,stressed,-0.03,-2100,mm,-62.08,25.54,25.55,25.5450,0.06,0.07,0.00,chop,-0.39,calm,-1.69,1110,mm,-2566.16
68.552,98,201.8,-4227.55,-4227.55,3210,-990,155.42,155.44,155.3972,7.30,1.01,0.92,TREND,1.66,stressed,0.39,0,mm,-1639.70,99.85,99.86,99.9156,-5.94,3.35,0.25,chop,-1.46,stressed,-0.03,-2100,mm,-62.08,25.54,25.55,25.5450,0.06,0.06,0.00,chop,-0.39,calm,-1.69,1110,mm,-2566.16
68.578,98,201.8,-4227.55,-4227.55,3210,-990,155.42,155.44,155.3976,7.29,1.01,0.92,TREND,1.71,stressed,0.39,0,mm,-1639.70,99.85,99.86,99.9148,-5.99,3.35,0.30,mixed,-1.63,stressed,-0.03,-2100,mm,-62.08,25.54,25.55,25.5450,0.06,0.06,0.00,chop,-0.35,calm,-1.69,1110,mm,-2566.16
68.603,98,201.8,-4227.55,-4227.55,3210,-990,155.42,155.44,155.3980,7.28,1.01,0.92,TREND,1.71,stressed,0.39,0,mm,-1639.70,99.85,99.86,99.9141,-6.04,3.35,0.30,mixed,-1.63,stressed,-0.03,-2100,mm,-62.08,25.54,25.55,25.5450,0.06,0.06,0.00,chop,-0.35,calm,-1.69,1110,mm,-2566.16
68.629,98,201.8,-4227.55,-4227.55,3210,-990,155.42,155.44,155.3984,7.27,1.01,0.92,TREND,1.71,stressed,0.39,0,mm,-1639.70,99.85,99.86,99.9134,-6.08,3.35,0.30,mixed,-1.63,stressed,-0.03,-2100,mm,-62.08,25.54,25.55,25.5450,0.06,0.06,0.00,chop,-0.35,calm,-1.69,1110,mm,-2566.16
68.684,98,201.8,-4227.55,-4227.55,3910,-1690,155.42,155.44,155.3992,7.25,1.01,0.92,TREND,1.71,stressed,0.39,0,mm,-1639.70,99.95,99.96,99.9145,-5.73,3.35,0.30,mixed,-1.63,stressed,-0.03,-2800,mm,-49.48,25.54,25.55,25.5450,0.06,0.06,0.00,chop,-0.35,calm,-1.69,1110,mm,-2566.16
68.735,98,201.8,-4227.55,-4227.55,3910,-1690,155.42,155.44,155.3999,7.22,1.01,0.92,TREND,1.71,stressed,0.39,0,mm,-1639.70,99.95,99.96,99.9154,-5.42,3.35,0.30,mixed,-1.63,stressed,-0.03,-2800,mm,-49.48,25.54,25.55,25.5450,0.06,0.06,0.00,chop,-0.35,calm,-1.69,1110,mm,-2566.16
68.748,98,201.8,-4227.55,-4227.55,3910,-1690,155.42,155.44,155.4001,7.22,1.01,0.92,TREND,1.71,stressed,0.39,0,mm,-1639.70,99.95,99.96,99.9157,-5.34,3.35,0.30,mixed,-1.63,stressed,-0.03,-2800,mm,-49.48,25.54,25.55,25.5450,0.06,0.06,0.00,chop,-0.35,calm,-1.69,1110,mm,-2566.16
68.776,98,201.8,-4227.55,-4227.55,3910,-1690,155.42,155.44,155.4005,7.20,1.01,0.92,TREND,1.71,stressed,0.39,0,mm,-1639.70,99.95,99.96,99.9162,-5.18,3.35,0.30,mixed,-1.63,stressed,-0.03,-2800,mm,-49.48,25.54,25.55,25.5450,0.06,0.06,0.00,chop,-0.35,calm,-1.69,1110,mm,-2566.16
68.802,98,201.8,-4227.55,-4227.55,3910,-1690,155.42,155.44,155.4009,7.19,1.01,0.92,TREND,1.71,stressed,0.39,0,mm,-1639.70,99.95,99.96,99.9167,-5.04,3.35,0.30,mixed,-1.63,stressed,-0.03,-2800,mm,-49.48,25.54,25.55,25.5450,0.06,0.06,0.00,chop,-0.35,calm,-1.69,1110,mm,-2566.16
68.825,98,201.8,-4227.55,-4227.55,3910,-1690,155.42,155.44,155.4012,7.18,1.01,0.92,TREND,1.71,stressed,0.39,0,mm,-1639.70,99.95,99.96,99.9171,-4.91,3.35,0.30,mixed,-1.63,stressed,-0.03,-2800,mm,-49.48,25.54,25.55,25.5450,0.06,0.06,0.00,chop,-0.35,calm,-1.69,1110,mm,-2566.16
68.848,98,201.8,-4227.55,-4227.55,3910,-1690,155.42,155.44,155.4015,7.16,1.01,0.92,TREND,1.68,stressed,0.39,0,mm,-1639.70,99.95,99.96,99.9175,-4.79,3.35,0.08,chop,-0.24,stressed,-0.03,-2800,mm,-49.48,25.54,25.55,25.5450,0.06,0.06,0.00,chop,-0.33,calm,-1.69,1110,mm,-2566.16
68.882,98,201.8,-4227.55,-4227.55,3910,-1690,155.42,155.44,155.4019,7.14,1.01,0.92,TREND,1.68,stressed,0.39,0,mm,-1639.70,99.95,99.96,99.9181,-4.62,3.35,0.08,chop,-0.24,stressed,-0.03,-2800,mm,-49.48,25.54,25.55,25.5450,0.06,0.06,0.00,chop,-0.33,calm,-1.69,1110,mm,-2566.16
68.916,98,201.8,-4227.55,-4227.55,3910,-1690,155.43,155.44,155.4025,7.14,1.01,0.92,TREND,1.68,stressed,0.39,0,mm,-1639.70,99.97,99.99,99.9191,-4.37,3.35,0.08,chop,-0.24,stressed,-0.03,-2800,mm,-329.48,25.54,25.55,25.5450,0.06,0.06,0.00,chop,-0.33,calm,-1.69,1110,mm,-2566.16
68.974,99,199.0,-4563.35,-4563.35,3910,-1690,155.43,155.44,155.4034,7.12,1.01,0.92,TREND,1.68,stressed,0.65,0,mm,-1639.70,99.97,99.99,99.9207,-3.98,3.35,0.08,chop,-0.24,stressed,0.34,-2800,mm,-357.48,25.54,25.55,25.5450,0.06,0.06,0.00,chop,-0.33,calm,-1.41,1110,mm,-2566.16
69.031,99,199.0,-4563.35,-4563.35,3910,-1690,155.43,155.44,155.4042,7.10,1.01,0.92,TREND,1.68,stressed,0.65,0,mm,-1639.70,99.97,99.99,99.9223,-3.63,3.35,0.08,chop,-0.24,stressed,0.34,-2800,mm,-357.48,25.54,25.55,25.5450,0.06,0.06,0.00,chop,-0.33,calm,-1.41,1110,mm,-2566.16
69.058,99,199.0,-4563.35,-4563.35,3910,-1690,155.43,155.44,155.4046,7.09,0.93,0.92,TREND,1.68,stressed,0.65,0,mm,-1639.70,99.97,99.99,99.9230,-3.46,4.22,0.08,chop,-0.24,stressed,0.34,-2800,mm,-357.48,25.54,25.55,25.5450,0.05,0.05,0.00,chop,-0.33,calm,-1.41,1110,mm,-2566.16
69.074,99,199.0,-4563.35,-4563.35,3910,-1690,155.43,155.44,155.4048,7.09,0.93,0.92,TREND,1.68,stressed,0.65,0,mm,-1639.70,99.97,99.99,99.9235,-3.37,4.22,0.08,chop,-0.24,stressed,0.34,-2800,mm,-357.48,25.54,25.55,25.5450,0.05,0.05,0.00,chop,-0.33,calm,-1.41,1110,mm,-2566.16
69.108,99,199.0,-4563.35,-4563.35,3910,-1690,155.43,155.44,155.4053,7.08,0.93,0.96,TREND,1.72,stressed,0.65,0,mm,-1639.70,99.97,99.99,99.9244,-3.18,4.22,0.06,chop,0.10,stressed,0.34,-2800,mm,-357.48,25.54,25.55,25.5450,0.05,0.05,0.00,chop,-0.31,calm,-1.41,1110,mm,-2566.16
69.123,99,199.0,-4563.35,-4563.35,3910,-1690,155.43,155.44,155.4055,7.07,0.93,0.96,TREND,1.72,stressed,0.65,0,mm,-1639.70,99.97,99.99,99.9248,-3.09,4.22,0.06,chop,0.10,stressed,0.34,-2800,mm,-357.48,25.54,25.55,25.5450,0.05,0.05,0.00,chop,-0.31,calm,-1.41,1110,mm,-2566.16
69.148,99,199.0,-4563.35,-4563.35,3910,-1690,155.43,155.44,155.4059,7.06,0.93,0.96,TREND,1.72,stressed,0.65,0,mm,-1639.70,99.97,99.99,99.9254,-2.96,4.22,0.06,chop,0.10,stressed,0.34,-2800,mm,-357.48,25.54,25.55,25.5450,0.05,0.05,0.00,chop,-0.31,calm,-1.41,1110,mm,-2566.16
69.221,99,199.0,-4563.35,-4563.35,2110,2110,155.43,155.44,155.4068,7.03,0.93,0.96,TREND,1.72,stressed,0.65,0,mm,-1639.70,99.98,99.99,99.9274,-2.56,4.22,0.06,chop,0.10,stressed,0.34,1000,mm,-379.60,25.54,25.55,25.5450,0.05,0.05,0.00,chop,-0.31,calm,-1.41,1110,mm,-2566.16
69.267,99,199.0,-4563.35,-4563.35,2110,2110,155.43,155.44,155.4075,7.00,0.93,0.96,TREND,1.72,stressed,0.65,0,mm,-1639.70,99.98,99.99,99.9287,-2.31,4.22,0.06,chop,0.10,stressed,0.34,1000,mm,-379.60,25.54,25.55,25.5450,0.05,0.05,0.00,chop,-0.31,calm,-1.41,1110,mm,-2566.16
69.308,99,199.0,-4563.35,-4563.35,2110,2110,155.43,155.44,155.4080,6.98,0.93,0.96,TREND,1.72,stressed,0.65,0,mm,-1639.70,99.98,99.99,99.9298,-2.11,4.22,0.06,chop,0.10,stressed,0.34,1000,mm,-379.60,25.54,25.55,25.5450,0.05,0.05,0.00,chop,-0.31,calm,-1.41,1110,mm,-2566.16
69.332,99,199.0,-4563.35,-4563.35,2110,2110,155.43,155.44,155.4083,6.97,0.93,0.96,TREND,1.72,stressed,0.65,0,mm,-1639.70,99.98,99.99,99.9304,-2.00,4.22,0.06,chop,0.10,stressed,0.34,1000,mm,-379.60,25.54,25.55,25.5450,0.05,0.05,0.00,chop,-0.31,calm,-1.41,1110,mm,-2566.16
69.353,99,199.0,-4563.35,-4563.35,2110,2110,155.43,155.44,155.4086,6.96,0.93,0.96,TREND,1.72,stressed,0.65,0,mm,-1639.70,99.98,99.99,99.9309,-1.89,4.22,0.06,chop,0.10,stressed,0.34,1000,mm,-379.60,25.54,25.55,25.5450,0.05,0.05,0.00,chop,-0.31,calm,-1.41,1110,mm,-2566.16
69.376,99,199.0,-4563.35,-4563.35,2110,2110,155.43,155.44,155.4088,6.94,0.93,0.96,TREND,1.68,stressed,0.65,0,mm,-1639.70,99.98,99.99,99.9315,-1.79,4.22,0.01,chop,0.15,stressed,0.34,1000,mm,-379.60,25.54,25.55,25.5450,0.05,0.05,0.00,chop,-0.29,calm,-1.41,1110,mm,-2566.16
69.401,99,199.0,-4563.35,-4563.35,2110,2110,155.43,155.44,155.4091,6.93,0.93,0.96,TREND,1.68,stressed,0.65,0,mm,-1639.70,99.98,99.99,99.9321,-1.68,4.22,0.01,chop,0.15,stressed,0.34,1000,mm,-379.60,25.54,25.55,25.5450,0.05,0.05,0.00,chop,-0.29,calm,-1.41,1110,mm,-2566.16
69.443,99,199.0,-4563.35,-4563.35,2210,2210,155.43,155.44,155.4097,6.90,0.93,0.96,TREND,1.68,stressed,0.65,0,mm,-1639.70,99.88,99.97,99.9320,-1.71,4.22,0.01,chop,0.15,stressed,0.34,1100,mm,-337.80,25.54,25.55,25.5450,0.05,0.05,0.00,chop,-0.29,calm,-1.41,1110,mm,-2566.16
69.484,99,201.1,-4563.35,-4563.35,2210,2210,155.43,155.44,155.4101,6.88,0.93,0.96,TREND,1.68,stressed,0.65,0,mm,-1639.70,99.88,99.97,99.9318,-1.73,4.22,0.01,chop,0.15,stressed,0.34,1100,mm,-337.80,25.54,25.55,25.5450,0.05,0.05,0.00,chop,-0.29,calm,-1.41,1110,mm,-2566.16
69.513,99,201.1,-4563.35,-4563.35,2210,2210,155.43,155.44,155.4105,6.86,0.93,0.96,TREND,1.68,stressed,0.65,0,mm,-1639.70,99.88,99.97,99.9318,-1.74,4.22,0.01,chop,0.15,stressed,0.34,1100,mm,-337.80,25.54,25.55,25.5450,0.05,0.05,0.00,chop,-0.29,calm,-1.41,1110,mm,-2566.16
69.533,99,201.1,-4563.35,-4563.35,2210,2210,155.43,155.44,155.4107,6.85,0.93,0.96,TREND,1.68,stressed,0.65,0,mm,-1639.70,99.88,99.97,99.9317,-1.75,4.22,0.01,chop,0.15,stressed,0.34,1100,mm,-337.80,25.54,25.55,25.5450,0.05,0.05,0.00,chop,-0.29,calm,-1.41,1110,mm,-2566.16
69.561,99,201.1,-4563.35,-4563.35,2210,2210,155.43,155.44,155.4110,6.83,0.91,0.96,TREND,1.68,stressed,0.65,0,mm,-1639.70,99.88,99.97,99.9316,-1.76,4.33,0.01,chop,0.15,stressed,0.34,1100,mm,-337.80,25.54,25.55,25.5450,0.05,0.05,0.00,chop,-0.29,calm,-1.41,1110,mm,-2566.16
69.583,99,201.1,-4563.35,-4563.35,2210,2210,155.43,155.44,155.4113,6.82,0.91,0.96,TREND,1.68,stressed,0.65,0,mm,-1639.70,99.88,99.97,99.9315,-1.77,4.33,0.01,chop,0.15,stressed,0.34,1100,mm,-337.80,25.54,25.55,25.5450,0.05,0.05,0.00,chop,-0.29,calm,-1.41,1110,mm,-2566.16
69.609,99,201.1,-4563.35,-4563.35,2210,2210,155.43,155.44,155.4116,6.80,0.91,0.96,TREND,1.68,stressed,0.65,0,mm,-1639.70,99.88,99.97,99.9315,-1.78,4.33,0.01,chop,0.15,stressed,0.34,1100,mm,-337.80,25.54,25.55,25.5450,0.05,0.05,0.00,chop,-0.29,calm,-1.41,1110,mm,-2566.16
69.634,99,201.1,-4563.35,-4563.35,2210,2210,155.43,155.44,155.4118,6.78,0.91,0.95,TREND,1.65,stressed,0.65,0,mm,-1639.70,99.88,99.97,99.9314,-1.79,4.33,0.08,chop,-0.76,stressed,0.34,1100,mm,-337.80,25.54,25.55,25.5450,0.05,0.05,0.00,chop,-0.28,calm,-1.41,1110,mm,-2566.16
69.659,99,201.1,-4563.35,-4563.35,2210,2210,155.43,155.44,155.4121,6.76,0.91,0.95,TREND,1.65,stressed,0.65,0,mm,-1639.70,99.88,99.97,99.9313,-1.80,4.33,0.08,chop,-0.76,stressed,0.34,1100,mm,-337.80,25.54,25.55,25.5450,0.05,0.05,0.00,chop,-0.28,calm,-1.41,1110,mm,-2566.16
69.703,99,201.1,-4563.35,-4563.35,2210,2210,155.43,155.44,155.4126,6.73,0.91,0.95,TREND,1.65,stressed,0.65,0,mm,-1639.70,99.88,99.97,99.9312,-1.81,4.33,0.08,chop,-0.76,stressed,0.34,1100,mm,-337.80,25.54,25.55,25.5450,0.05,0.05,0.00,chop,-0.28,calm,-1.41,1110,mm,-2566.16
69.720,99,201.1,-4563.35,-4563.35,3210,3210,155.43,155.44,155.4128,6.72,0.91,0.95,TREND,1.65,stressed,0.65,0,mm,-1639.70,99.83,99.94,99.9308,-1.87,4.33,0.08,chop,-0.76,stressed,0.34,2100,mm,-445.80,25.54,25.55,25.5450,0.05,0.05,0.00,chop,-0.28,calm,-1.41,1110,mm,-2566.16
69.764,99,201.1,-4563.35,-4563.35,3210,3210,155.43,155.44,155.4132,6.69,0.91,0.95,TREND,1.65,stressed,0.65,0,mm,-1639.70,99.83,99.94,99.9299,-2.02,4.33,0.08,chop,-0.76,stressed,0.34,2100,mm,-445.80,25.54,25.55,25.5450,0.05,0.05,0.00,chop,-0.28,calm,-1.41,1110,mm,-2566.16
69.786,99,201.1,-4563.35,-4563.35,3210,3210,155.43,155.44,155.4134,6.67,0.91,0.95,TREND,1.65,stressed,0.65,0,mm,-1639.70,99.83,99.94,99.9294,-2.09,4.33,0.08,chop,-0.76,stressed,0.34,2100,mm,-445.80,25.54,25.55,25.5450,0.05,0.05,0.00,chop,-0.28,calm,-1.41,1110,mm,-2566.16
69.823,99,201.1,-4563.35,-4563.35,3210,3210,155.43,155.44,155.4138,6.64,0.91,0.95,TREND,1.65,stressed,0.65,0,mm,-1639.70,99.83,99.94,99.9286,-2.21,4.33,0.08,chop,-0.76,stressed,0.34,2100,mm,-445.80,25.54,25.55,25.5450,0.05,0.05,0.00,chop,-0.28,calm,-1.41,1110,mm,-2566.16
69.843,99,201.1,-4563.35,-4563.35,3210,3210,155.43,155.44,155.4140,6.63,0.91,0.95,TREND,1.65,stressed,0.65,0,mm,-1639.70,99.83,99.94,99.9282,-2.27,4.33,0.08,chop,-0.76,stressed,0.34,2100,mm,-445.80,25.54,25.55,25.5450,0.05,0.05,0.00,chop,-0.28,calm,-1.41,1110,mm,-2566.16
69.862,99,201.1,-4563.35,-4563.35,3210,3210,155.43,155.44,155.4142,6.61,0.91,0.95,TREND,1.65,stressed,0.65,0,mm,-1639.70,99.83,99.94,99.9278,-2.33,4.33,0.08,chop,-0.76,stressed,0.34,2100,mm,-445.80,25.54,25.55,25.5450,0.05,0.05,0.00,chop,-0.28,calm,-1.41,1110,mm,-2566.16
69.888,99,201.1,-4563.35,-4563.35,3210,3210,155.43,155.44,155.4144,6.60,0.91,0.94,TREND,1.61,stressed,0.65,0,mm,-1639.70,99.83,99.94,99.9273,-2.40,4.33,0.08,chop,-1.38,stressed,0.34,2100,mm,-445.80,25.54,25.55,25.5450,0.05,0.05,0.00,chop,-0.26,calm,-1.41,1110,mm,-2566.16
69.913,99,201.1,-4563.35,-4563.35,3210,3210,155.43,155.44,155.4147,6.58,0.91,0.94,TREND,1.61,stressed,0.65,0,mm,-1639.70,99.83,99.94,99.9268,-2.47,4.33,0.08,chop,-1.38,stressed,0.34,2100,mm,-445.80,25.54,25.55,25.5450,0.05,0.05,0.00,chop,-0.26,calm,-1.41,1110,mm,-2566.16
69.939,99,201.1,-4563.35,-4563.35,3210,3210,155.43,155.44,155.4149,6.55,0.91,0.94,TREND,1.61,stressed,0.65,0,mm,-1639.70,99.83,99.94,99.9263,-2.54,4.33,0.08,chop,-1.38,stressed,0.34,2100,mm,-445.80,25.54,25.55,25.5450,0.05,0.05,0.00,chop,-0.26,calm,-1.41,1110,mm,-2566.16
70.052,99,201.1,-4563.35,-4563.35,4710,4710,155.43,155.44,155.4160,6.46,0.91,0.94,TREND,1.61,stressed,0.65,1500,mm,-1621.25,99.83,99.92,99.9237,-2.91,4.33,0.08,chop,-1.38,stressed,0.34,2100,mm,-445.80,25.54,25.55,25.5450,0.05,0.05,0.00,chop,-0.26,calm,-1.41,1110,mm,-2566.16
70.119,100,198.6,-4633.21,-4633.21,4710,4710,155.43,155.44,155.4166,6.41,0.89,0.94,TREND,1.61,stressed,0.73,1500,mm,-1621.25,99.83,99.92,99.9222,-3.10,4.33,0.08,chop,-1.38,stressed,0.03,2100,mm,-445.80,25.54,25.55,25.5450,0.05,0.04,0.00,chop,-0.26,calm,-0.67,1110,mm,-2566.16
70.152,100,198.6,-4633.21,-4633.21,4710,4710,155.43,155.44,155.4169,6.38,0.89,0.94,TREND,1.57,stressed,0.73,1500,mm,-1621.25,99.83,99.92,99.9214,-3.19,4.33,0.13,chop,-1.54,stressed,0.03,2100,mm,-445.80,25.54,25.55,25.5450,0.05,0.04,0.00,chop,-0.23,calm,-0.67,1110,mm,-2566.16
70.163,100,198.6,-4633.21,-4633.21,4710,4710,155.43,155.44,155.4170,6.37,0.89,0.94,TREND,1.57,stressed,0.73,1500,mm,-1621.25,99.83,99.92,99.9212,-3.22,4.33,0.13,chop,-1.54,stressed,0.03,2100,mm,-445.80,25.54,25.55,25.5450,0.05,0.04,0.00,chop,-0.23,calm,-0.67,1110,mm,-2566.16
70.191,100,198.6,-4633.21,-4633.21,4710,4710,155.43,155.44,155.4172,6.35,0.89,0.94,TREND,1.57,stressed,0.73,1500,mm,-1621.25,99.83,99.92,99.9206,-3.29,4.33,0.13,chop,-1.54,stressed,0.03,2100,mm,-445.80,25.54,25.55,25.5450,0.04,0.04,0.00,chop,-0.23,calm,-0.67,1110,mm,-2566.16
70.249,100,198.6,-4633.21,-4633.21,4110,1110,155.43,155.44,155.4177,6.30,0.89,0.94,TREND,1.57,stressed,0.73,1500,mm,-1621.25,99.83,99.91,99.9192,-3.45,4.33,0.13,chop,-1.54,stressed,0.03,-1500,mm,-267.00,25.54,25.55,25.5450,0.04,0.04,0.00,chop,-0.23,calm,-0.67,1110,mm,-2566.16
70.280,100,198.6,-4633.21,-4633.21,4110,1110,155.43,155.44,155.4179,6.28,0.89,0.94,TREND,1.57,stressed,0.73,1500,mm,-1621.25,99.83,99.91,99.9185,-3.53,4.33,0.13,chop,-1.54,stressed,0.03,-1500,mm,-267.00,25.54,25.55,25.5450,0.04,0.04,0.00,chop,-0.23,calm,-0.67,1110,mm,-2566.16
70.302,100,198.6,-4633.21,-4633.21,4110,1110,155.43,155.44,155.4181,6.26,0.89,0.94,TREND,1.57,stressed,0.73,1500,mm,-1621.25,99.83,99.91,99.9180,-3.58,4.33,0.13,chop,-1.54,stressed,0.03,-1500,mm,-267.00,25.54,25.55,25.5450,0.04,0.04,0.00,chop,-0.23,calm,-0.67,1110,mm,-2566.16
70.339,100,198.6,-4633.21,-4633.21,4110,1110,155.43,155.44,155.4184,6.23,0.89,0.94,TREND,1.57,stressed,0.73,1500,mm,-1621.25,99.83,99.91,99.9172,-3.67,4.33,0.13,chop,-1.54,stressed,0.03,-1500,mm,-267.00,25.54,25.55,25.5450,0.04,0.04,0.00,chop,-0.23,calm,-0.67,1110,mm,-2566.16
70.355,100,198.6,-4633.21,-4633.21,4110,1110,155.43,155.44,155.4185,6.21,0.89,0.94,TREND,1.57,stressed,0.73,1500,mm,-1621.25,99.83,99.91,99.9168,-3.71,4.33,0.13,chop,-1.54,stressed,0.03,-1500,mm,-267.00,25.54,25.55,25.5450,0.04,0.04,0.00,chop,-0.23,calm,-0.67,1110,mm,-2566.16
70.378,100,198.6,-4633.21,-4633.21,4110,1110,155.43,155.44,155.4187,6.19,0.89,0.94,TREND,1.57,stressed,0.73,1500,mm,-1621.25,99.83,99.91,99.9163,-3.76,4.33,0.13,chop,-1.54,stressed,0.03,-1500,mm,-267.00,25.54,25.55,25.5450,0.04,0.04,0.00,chop,-0.23,calm,-0.67,1110,mm,-2566.16
70.405,100,198.6,-4633.21,-4633.21,4110,1110,155.43,155.44,155.4189,6.17,0.89,0.91,TREND,1.54,stressed,0.73,1500,mm,-1621.25,99.83,99.91,99.9157,-3.82,4.33,0.24,chop,-1.57,stressed,0.03,-1500,mm,-267.00,25.54,25.55,25.5450,0.04,0.04,0.00,chop,-0.23,calm,-0.67,1110,mm,-2566.16
70.436,100,198.6,-4633.21,-4633.21,4110,1110,155.43,155.44,155.4191,6.14,0.89,0.91,TREND,1.54,stressed,0.73,1500,mm,-1621.25,99.83,99.91,99.9151,-3.88,4.33,0.24,chop,-1.57,stressed,0.03,-1500,mm,-267.00,25.54,25.55,25.5450,0.04,0.04,0.00,chop,-0.23,calm,-0.67,1110,mm,-2566.16
70.455,100,198.6,-4633.21,-4633.21,4110,1110,155.43,155.44,155.4193,6.13,0.89,0.91,TREND,1.54,stressed,0.73,1500,mm,-1621.25,99.83,99.91,99.9146,-3.92,4.33,0.24,chop,-1.57,stressed,0.03,-1500,mm,-267.00,25.54,25.55,25.5450,0.04,0.04,0.00,chop,-0.23,calm,-0.67,1110,mm,-2566.16
70.516,100,198.6,-4633.21,-4633.21,5910,1110,155.4,155.44,155.4193,6.00,0.89,0.91,TREND,1.54,stressed,0.73,2400,mm,-1682.18,99.84,99.9,99.9133,-4.03,4.33,0.24,chop,-1.57,stressed,0.03,-2400,mm,-385.80,25.54,25.55,25.5450,0.04,0.04,0.00,chop,-0.23,calm,-0.67,1110,mm,-2566.16
70.549,100,198.6,-4633.21,-4633.21,5910,1110,155.4,155.44,155.4193,5.93,0.89,0.91,TREND,1.54,stressed,0.73,2400,mm,-1682.18,99.84,99.9,99.9127,-4.09,4.33,0.24,chop,-1.57,stressed,0.03,-2400,mm,-385.80,25.54,25.55,25.5450,0.04,0.04,0.00,chop,-0.23,calm,-0.67,1110,mm,-2566.16
70.579,100,198.6,-4633.21,-4633.21,5910,1110,155.4,155.44,155.4193,5.88,0.89,0.91,TREND,1.54,stressed,0.73,2400,mm,-1682.18,99.84,99.9,99.9121,-4.14,4.33,0.24,chop,-1.57,stressed,0.03,-2400,mm,-385.80,25.54,25.55,25.5450,0.04,0.04,0.00,chop,-0.23,calm,-0.67,1110,mm,-2566.16
70.609,100,200.6,-4633.21,-4633.21,5910,1110,155.4,155.44,155.4193,5.82,0.89,0.91,TREND,1.54,stressed,0.73,2400,mm,-1682.18,99.84,99.9,99.9115,-4.19,4.33,0.24,chop,-1.57,stressed,0.03,-2400,mm,-385.80,25.54,25.55,25.5450,0.04,0.04,0.00,chop,-0.23,calm,-0.67,1110,mm,-2566.16
70.651,100,200.6,-4633.21,-4633.21,5910,1110,155.4,155.44,155.4193,5.74,0.99,0.91,TREND,1.54,stressed,0.73,2400,mm,-1682.18,99.84,99.9,99.9107,-4.25,3.91,0.24,chop,-1.57,stressed,0.03,-2400,mm,-385.80,25.54,25.55,25.5450,0.04,0.04,0.00,chop,-0.23,calm,-0.67,1110,mm,-2566.16
70.673,100,200.6,-4633.21,-4633.21,5910,1110,155.4,155.44,155.4194,5.70,0.99,0.65,TREND,1.32,stressed,0.73,2400,mm,-1682.18,99.84,99.9,99.9103,-4.28,3.91,0.18,chop,-1.58,stressed,0.03,-2400,mm,-385.80,25.54,25.55,25.5450,0.04,0.04,0.00,chop,-0.20,calm,-0.67,1110,mm,-2566.16
70.700,100,200.6,-4633.21,-4633.21,5910,1110,155.4,155.44,155.4194,5.65,0.99,0.65,TREND,1.32,stressed,0.73,2400,mm,-1682.18,99.84,99.9,99.9097,-4.32,3.91,0.18,chop,-1.58,stressed,0.03,-2400,mm,-385.80,25.54,25.55,25.5450,0.04,0.04,0.00,chop,-0.20,calm,-0.67,1110,mm,-2566.16
70.716,100,200.6,-4633.21,-4633.21,5910,1110,155.4,155.44,155.4194,5.62,0.99,0.65,TREND,1.32,stressed,0.73,2400,mm,-1682.18,99.84,99.9,99.9095,-4.34,3.91,0.18,chop,-1.58,stressed,0.03,-2400,mm,-385.80,25.54,25.55,25.5450,0.04,0.04,0.00,chop,-0.20,calm,-0.67,1110,mm,-2566.16
70.771,100,200.6,-4633.21,-4633.21,5910,1110,155.38,155.43,155.4190,5.46,0.99,0.65,TREND,1.32,stressed,0.73,2400,mm,-1730.18,99.9,99.96,99.9100,-4.14,3.91,0.18,chop,-1.58,stressed,0.03,-2400,mm,-289.80,25.54,25.55,25.5450,0.04,0.04,0.00,chop,-0.20,calm,-0.67,1110,mm,-2566.16
70.876,100,200.6,-4633.21,-4633.21,5910,1110,155.38,155.43,155.4183,5.17,0.99,0.65,TREND,1.32,stressed,0.73,2400,mm,-1730.18,99.9,99.96,99.9109,-3.80,3.91,0.18,chop,-1.58,stressed,0.03,-2400,mm,-289.80,25.54,25.55,25.5450,0.04,0.04,0.00,chop,-0.20,calm,-0.67,1110,mm,-2566.16
70.920,100,200.6,-4633.21,-4633.21,5910,1110,155.38,155.43,155.4181,5.06,0.99,0.65,TREND,1.32,stressed,0.73,2400,mm,-1730.18,99.9,99.96,99.9113,-3.66,3.91,0.18,chop,-1.58,stressed,0.03,-2400,mm,-289.80,25.54,25.55,25.5450,0.04,0.04,0.00,chop,-0.20,calm,-0.67,1110,mm,-2566.16
70.939,100,200.6,-4633.21,-4633.21,5910,1110,155.38,155.43,155.4179,5.01,0.99,0.42,mixed,1.11,stressed,0.73,2400,mm,-1730.18,99.9,99.96,99.9115,-3.61,3.91,0.09,chop,-0.70,stressed,0.03,-2400,mm,-289.80,25.54,25.55,25.5450,0.04,0.04,0.00,chop,-0.13,calm,-0.67,1110,mm,-2566.16
71.078,100,200.6,-4633.21,-4633.21,5010,3210,155.36,155.37,155.4146,4.26,0.99,0.42,mixed,1.11,stressed,0.73,3000,mm,-1788.80,99.83,99.93,99.9095,-3.75,3.91,0.09,chop,-0.70,stressed,0.03,-900,mm,-135.00,25.54,25.55,25.5450,0.04,0.04,0.00,chop,-0.13,calm,-0.67,1110,mm,-2566.16
71.172,101,197.9,-4489.96,-4489.96,5010,3210,155.36,155.37,155.4124,3.81,1.42,0.42,mixed,1.11,stressed,0.26,3000,mm,-1788.80,99.83,99.93,99.9082,-3.83,3.67,0.09,chop,-0.70,stressed,0.04,-900,mm,-135.00,25.54,25.55,25.5450,0.04,0.04,0.00,chop,-0.13,calm,0.00,1110,mm,-2566.16
71.216,101,197.9,-4489.96,-4489.96,5010,3210,155.36,155.37,155.4114,3.61,1.42,0.03,chop,0.59,stressed,0.26,3000,mm,-1788.80,99.83,99.93,99.9076,-3.86,3.67,0.12,chop,-1.47,stressed,0.04,-900,mm,-135.00,25.54,25.55,25.5450,0.04,0.04,0.00,chop,-0.03,calm,0.00,1110,mm,-2566.16
71.238,101,197.9,-4489.96,-4489.96,5010,3210,155.36,155.37,155.4110,3.52,1.42,0.03,chop,0.59,stressed,0.26,3000,mm,-1788.80,99.83,99.93,99.9074,-3.87,3.67,0.12,chop,-1.47,stressed,0.04,-900,mm,-135.00,25.54,25.55,25.5450,0.04,0.04,0.00,chop,-0.03,calm,0.00,1110,mm,-2566.16
71.340,101,197.9,-4489.96,-4489.96,2110,310,155.33,155.34,155.4074,2.86,1.42,0.03,chop,0.59,stressed,0.26,100,mm,-1889.67,99.89,99.9,99.9068,-3.81,3.67,0.12,chop,-1.47,stressed,0.04,-900,mm,-108.00,25.54,25.55,25.5450,0.04,0.04,0.00,chop,-0.03,calm,0.00,1110,mm,-2566.16
71.382,101,197.9,-4489.96,-4489.96,2110,310,155.33,155.34,155.4060,2.62,1.42,0.03,chop,0.59,stressed,0.26,100,mm,-1889.67,99.89,99.9,99.9065,-3.79,3.67,0.12,chop,-1.47,stressed,0.04,-900,mm,-108.00,25.54,25.55,25.5450,0.04,0.04,0.00,chop,-0.03,calm,0.00,1110,mm,-2566.16
71.408,101,197.9,-4489.96,-4489.96,2110,310,155.33,155.34,155.4051,2.47,1.42,0.03,chop,0.59,stressed,0.26,100,mm,-1889.67,99.89,99.9,99.9064,-3.77,3.67,0.12,chop,-1.47,stressed,0.04,-900,mm,-108.00,25.54,25.55,25.5450,0.04,0.04,0.00,chop,-0.03,calm,0.00,1110,mm,-2566.16
71.438,101,197.9,-4489.96,-4489.96,2110,310,155.33,155.34,155.4041,2.31,1.42,0.03,chop,0.59,stressed,0.26,100,mm,-1889.67,99.89,99.9,99.9062,-3.75,3.67,0.12,chop,-1.47,stressed,0.04,-900,mm,-108.00,25.54,25.55,25.5450,0.04,0.04,0.00,chop,-0.03,calm,0.00,1110,mm,-2566.16
71.453,101,197.9,-4489.96,-4489.96,2110,310,155.33,155.34,155.4036,2.23,1.42,0.03,chop,0.59,stressed,0.26,100,mm,-1889.67,99.89,99.9,99.9062,-3.75,3.67,0.12,chop,-1.47,stressed,0.04,-900,mm,-108.00,25.54,25.55,25.5450,0.04,0.04,0.00,chop,-0.03,calm,0.00,1110,mm,-2566.16
71.478,101,197.9,-4489.96,-4489.96,2110,310,155.33,155.34,155.4028,2.10,1.42,0.17,chop,0.21,stressed,0.26,100,mm,-1889.67,99.89,99.9,99.9060,-3.73,3.67,0.03,chop,-1.20,stressed,0.04,-900,mm,-108.00,25.54,25.55,25.5450,0.04,0.04,0.00,chop,-0.00,calm,0.00,1110,mm,-2566.16
71.524,101,197.9,-4489.96,-4489.96,3210,-790,155.33,155.34,155.4014,1.87,1.42,0.17,chop,0.21,stressed,0.26,100,mm,-1889.67,99.89,99.91,99.9059,-3.69,3.67,0.03,chop,-1.20,stressed,0.04,-2000,mm,-86.20,25.54,25.55,25.5450,0.04,0.04,0.00,chop,-0.00,calm,0.00,1110,mm,-2566.16
71.611,101,197.9,-4489.96,-4489.96,3210,-790,155.33,155.34,155.3987,1.46,1.42,0.17,chop,0.21,stressed,0.26,100,mm,-1889.67,99.89,99.91,99.9057,-3.60,3.67,0.03,chop,-1.20,stressed,0.04,-2000,mm,-86.20,25.54,25.55,25.5450,0.03,0.04,0.00,chop,-0.00,calm,0.00,1110,mm,-2566.16
71.627,101,197.9,-4489.96,-4489.96,3210,-790,155.33,155.34,155.3982,1.39,1.42,0.17,chop,0.21,stressed,0.26,100,mm,-1889.67,99.89,99.91,99.9056,-3.59,3.67,0.03,chop,-1.20,stressed,0.04,-2000,mm,-86.20,25.54,25.55,25.5450,0.03,0.04,0.00,chop,-0.00,calm,0.00,1110,mm,-2566.16
71.664,101,199.8,-4489.96,-4489.96,3210,-790,155.33,155.34,155.3971,1.23,1.42,0.17,chop,0.21,stressed,0.26,100,mm,-1889.67,99.89,99.91,99.9055,-3.55,3.67,0.03,chop,-1.20,stressed,0.04,-2000,mm,-86.20,25.54,25.55,25.5450,0.03,0.04,0.00,chop,-0.00,calm,0.00,1110,mm,-2566.16
71.693,101,199.8,-4489.96,-4489.96,3210,-790,155.33,155.34,155.3963,1.11,1.54,0.17,chop,0.21,stressed,0.26,100,mm,-1889.67,99.89,99.91,99.9054,-3.53,3.53,0.03,chop,-1.20,stressed,0.04,-2000,mm,-86.20,25.54,25.55,25.5450,0.03,0.03,0.00,chop,-0.00,calm,0.00,1110,mm,-2566.16
71.709,101,199.8,-4489.96,-4489.96,3210,-790,155.33,155.34,155.3958,1.04,1.54,0.17,chop,0.21,stressed,0.26,100,mm,-1889.67,99.89,99.91,99.9054,-3.51,3.53,0.03,chop,-1.20,stressed,0.04,-2000,mm,-86.20,25.54,25.55,25.5450,0.03,0.03,0.00,chop,-0.00,calm,0.00,1110,mm,-2566.16
71.734,101,199.8,-4489.96,-4489.96,3210,-790,155.33,155.34,155.3951,0.95,1.54,0.35,mixed,0.21,stressed,0.26,100,mm,-1889.67,99.89,99.91,99.9053,-3.49,3.53,0.01,chop,-1.11,stressed,0.04,-2000,mm,-86.20,25.54,25.55,25.5450,0.03,0.03,0.00,chop,-0.00,calm,0.00,1110,mm,-2566.16
71.764,101,199.8,-4489.96,-4489.96,5310,1110,155.33,155.34,155.3942,0.83,1.54,0.35,mixed,0.21,stressed,0.26,100,mm,-1889.67,99.93,99.99,99.9061,-3.32,3.53,0.01,chop,-1.11,stressed,0.04,-2100,mm,-39.40,25.39,25.55,25.5450,0.03,0.03,0.00,chop,-0.00,calm,0.00,3110,mm,-2563.96
71.887,101,199.8,-4489.96,-4489.96,5310,1110,155.33,155.34,155.3910,0.40,1.54,0.35,mixed,0.21,stressed,0.26,100,mm,-1889.67,99.93,99.99,99.9091,-2.68,3.53,0.01,chop,-1.11,stressed,0.04,-2100,mm,-39.40,25.39,25.55,25.5450,0.03,0.03,0.00,chop,-0.00,calm,0.00,3110,mm,-2563.96
71.899,101,199.8,-4489.96,-4489.96,5310,1110,155.33,155.34,155.3906,0.36,1.54,0.35,mixed,0.21,stressed,0.26,100,mm,-1889.67,99.93,99.99,99.9094,-2.62,3.53,0.01,chop,-1.11,stressed,0.04,-2100,mm,-39.40,25.39,25.55,25.5450,0.03,0.03,0.00,chop,-0.00,calm,0.00,3110,mm,-2563.96
71.924,101,199.8,-4489.96,-4489.96,5310,1110,155.33,155.34,155.3899,0.28,1.54,0.35,mixed,0.21,stressed,0.26,100,mm,-1889.67,99.93,99.99,99.9100,-2.49,3.53,0.01,chop,-1.11,stressed,0.04,-2100,mm,-39.40,25.39,25.55,25.5450,0.03,0.03,0.00,chop,-0.00,calm,0.00,3110,mm,-2563.96
71.958,101,199.8,-4489.96,-4489.96,5310,1110,155.33,155.34,155.3891,0.18,1.54,0.35,mixed,0.21,stressed,0.26,100,mm,-1889.67,99.93,99.99,99.9108,-2.33,3.53,0.01,chop,-1.11,stressed,0.04,-2100,mm,-39.40,25.39,25.55,25.5450,0.03,0.03,0.00,chop,-0.00,calm,0.00,3110,mm,-2563.96
71.996,101,199.8,-4489.96,-4489.96,2200,-2000,155.32,155.33,155.3880,0.04,1.54,0.53,mixed,0.09,stressed,0.26,100,mm,-1890.67,99.91,99.93,99.9110,-2.29,3.53,0.08,chop,-0.78,stressed,0.04,-2100,mm,-102.40,25.37,25.38,25.5421,-0.48,0.03,1.00,TREND,-8.88,calm,0.00,0,mm,-2971.27
72.062,101,199.8,-4489.96,-4489.96,1900,-1700,155.32,155.33,155.3860,-0.20,1.54,0.53,mixed,0.09,stressed,0.26,100,mm,-1890.67,99.86,99.91,99.9102,-2.39,3.53,0.08,chop,-0.78,stressed,0.04,-1800,mm,-64.00,25.37,25.38,25.5369,-1.34,0.03,1.00,TREND,-8.88,calm,0.00,0,mm,-2971.27
72.084,101,199.8,-4489.96,-4489.96,1900,-1700,155.32,155.33,155.3854,-0.27,1.54,0.53,mixed,0.09,stressed,0.26,100,mm,-1890.67,99.86,99.91,99.9099,-2.42,3.53,0.08,chop,-0.78,stressed,0.04,-1800,mm,-64.00,25.37,25.38,25.5353,-1.59,0.03,1.00,TREND,-8.88,calm,0.00,0,mm,-2971.27
72.113,101,199.8,-4489.96,-4489.96,1900,-1700,155.32,155.33,155.3846,-0.36,1.54,0.53,mixed,0.09,stressed,0.26,100,mm,-1890.67,99.86,99.91,99.9096,-2.47,3.53,0.08,chop,-0.78,stressed,0.04,-1800,mm,-64.00,25.37,25.38,25.5330,-1.95,0.03,1.00,TREND,-8.88,calm,0.00,0,mm,-2971.27
72.137,101,199.8,-4489.96,-4489.96,1900,-1700,155.32,155.33,155.3839,-0.44,1.54,0.53,mixed,0.09,stressed,0.26,100,mm,-1890.67,99.86,99.91,99.9093,-2.50,3.53,0.08,chop,-0.78,stressed,0.04,-1800,mm,-64.00,25.37,25.38,25.5313,-2.21,0.03,1.00,TREND,-8.88,calm,0.00,0,mm,-2971.27
72.181,102,196.9,-4964.34,-4964.34,1900,-1700,155.32,155.33,155.3827,-0.57,1.54,0.53,mixed,0.09,stressed,0.13,100,mm,-1890.67,99.86,99.91,99.9088,-2.55,3.53,0.08,chop,-0.78,stressed,0.06,-1800,mm,-64.00,25.37,25.38,25.5281,-2.70,0.03,1.00,TREND,-8.88,calm,-1.00,0,mm,-2971.27
72.206,102,196.9,-4964.34,-4964.34,1900,-1700,155.32,155.33,155.3820,-0.64,1.43,0.53,mixed,0.09,stressed,0.13,100,mm,-1890.67,99.86,99.91,99.9085,-2.59,3.29,0.08,chop,-0.78,stressed,0.06,-1800,mm,-64.00,25.37,25.38,25.5262,-2.97,1.56,1.00,TREND,-8.88,calm,-1.00,0,mm,-2971.27
72.229,102,196.9,-4964.34,-4964.34,1900,-1700,155.32,155.33,155.3814,-0.71,1.43,0.53,mixed,0.09,stressed,0.13,100,mm,-1890.67,99.86,99.91,99.9083,-2.61,3.29,0.08,chop,-0.78,stressed,0.06,-1800,mm,-64.00,25.37,25.38,25.5246,-3.21,1.56,1.00,TREND,-8.88,calm,-1.00,0,mm,-2971.27
72.251,102,196.9,-4964.34,-4964.34,1900,-1700,155.32,155.33,155.3808,-0.77,1.43,0.59,mixed,0.09,stressed,0.13,100,mm,-1890.67,99.86,99.91,99.9080,-2.64,3.29,0.12,chop,-1.28,stressed,0.06,-1800,mm,-64.00,25.37,25.38,25.5231,-3.43,1.56,1.00,TREND,-6.24,stressed,-1.00,0,mm,-2971.27
72.343,102,196.9,-4964.34,-4964.34,1800,-1800,155.29,155.31,155.3774,-1.18,1.43,0.59,mixed,0.09,stressed,0.13,0,mm,-1891.94,99.83,99.94,99.9070,-2.73,3.29,0.12,chop,-1.28,stressed,0.06,-1800,mm,-64.00,25.37,25.38,25.5168,-4.28,1.56,1.00,TREND,-6.24,stressed,-1.00,0,mm,-2971.27
72.387,102,196.9,-4964.34,-4964.34,1800,-1800,155.29,155.31,155.3758,-1.36,1.43,0.59,mixed,0.09,stressed,0.13,0,mm,-1891.94,99.83,99.94,99.9066,-2.77,3.29,0.12,chop,-1.28,stressed,0.06,-1800,mm,-64.00,25.37,25.38,25.5139,-4.65,1.56,1.00,TREND,-6.24,stressed,-1.00,0,mm,-2971.27
72.429,102,196.9,-4964.34,-4964.34,1800,-1800,155.29,155.31,155.3743,-1.53,1.43,0.59,mixed,0.09,stressed,0.13,0,mm,-1891.94,99.83,99.94,99.9062,-2.81,3.29,0.12,chop,-1.28,stressed,0.06,-1800,mm,-64.00,25.37,25.38,25.5112,-4.99,1.56,1.00,TREND,-6.24,stressed,-1.00,0,mm,-2971.27
72.468,102,196.9,-4964.34,-4964.34,1800,-1800,155.29,155.31,155.3729,-1.67,1.43,0.59,mixed,0.09,stressed,0.13,0,mm,-1891.94,99.83,99.94,99.9058,-2.84,3.29,0.12,chop,-1.28,stressed,0.06,-1800,mm,-64.00,25.37,25.38,25.5087,-5.29,1.56,1.00,TREND,-6.24,stressed,-1.00,0,mm,-2971.27
72.488,102,196.9,-4964.34,-4964.34,1800,-1800,155.29,155.31,155.3723,-1.74,1.43,0.59,mixed,0.09,stressed,0.13,0,mm,-1891.94,99.83,99.94,99.9056,-2.86,3.29,0.12,chop,-1.28,stressed,0.06,-1800,mm,-64.00,25.37,25.38,25.5074,-5.44,1.56,1.00,TREND,-6.24,stressed,-1.00,0,mm,-2971.27
72.508,102,196.9,-4964.34,-4964.34,1800,-1800,155.29,155.31,155.3716,-1.81,1.43,0.70,mixed,-0.23,stressed,0.13,0,mm,-1891.94,99.83,99.94,99.9054,-2.87,3.29,0.05,chop,-1.25,stressed,0.06,-1800,mm,-64.00,25.37,25.38,25.5062,-5.58,1.56,1.00,TREND,-5.07,stressed,-1.00,0,mm,-2971.27
72.604,102,196.9,-4964.34,-4964.34,1800,-1800,155.29,155.31,155.3684,-2.13,1.43,0.70,mixed,-0.23,stressed,0.13,0,mm,-1891.94,99.83,99.94,99.9045,-2.94,3.29,0.05,chop,-1.25,stressed,0.06,-1800,mm,-64.00,25.37,25.38,25.5003,-6.22,1.56,1.00,TREND,-5.07,stressed,-1.00,0,mm,-2971.27
72.690,102,196.9,-4964.34,-4964.34,1900,-1900,155.2,155.28,155.3633,-2.78,1.43,0.70,mixed,-0.23,stressed,0.13,0,mm,-1891.94,99.89,99.96,99.9053,-2.71,3.29,0.05,chop,-1.25,stressed,0.06,-1900,mm,-155.20,25.37,25.38,25.4953,-6.73,1.56,1.00,TREND,-5.07,stressed,-1.00,0,mm,-2971.27
72.754,102,199.1,-4964.34,-4964.34,1900,-1900,155.2,155.28,155.3596,-3.22,2.01,0.70,mixed,-0.23,stressed,0.13,0,mm,-1891.94,99.89,99.96,99.9059,-2.56,3.35,0.05,chop,-1.25,stressed,0.06,-1900,mm,-155.20,25.37,25.38,25.4918,-7.07,1.56,1.00,TREND,-5.07,stressed,-1.00,0,mm,-2971.27
72.771,102,199.1,-4964.34,-4964.34,1900,-1900,155.2,155.28,155.3587,-3.33,2.01,0.82,TREND,-0.97,stressed,0.13,0,mm,-1891.94,99.89,99.96,99.9060,-2.52,3.35,0.04,chop,-0.64,stressed,0.06,-1900,mm,-155.20,25.37,25.38,25.4909,-7.15,1.56,1.00,TREND,-4.36,stressed,-1.00,0,mm,-2971.27
72.870,102,199.1,-4964.34,-4964.34,1900,-1900,155.17,155.19,155.3505,-4.40,2.01,0.82,TREND,-0.97,stressed,0.13,0,mm,-1891.94,99.84,99.92,99.9048,-2.65,3.35,0.04,chop,-0.64,stressed,0.06,-1900,mm,-79.20,25.37,25.38,25.4856,-7.61,1.56,1.00,TREND,-4.36,stressed,-1.00,0,mm,-2971.27
72.945,102,199.1,-4964.34,-4964.34,1900,-1900,155.17,155.19,155.3446,-5.13,2.01,0.82,TREND,-0.97,stressed,0.13,0,mm,-1891.94,99.84,99.92,99.9040,-2.74,3.35,0.04,chop,-0.64,stressed,0.06,-1900,mm,-79.20,25.37,25.38,25.4817,-7.91,1.56,1.00,TREND,-4.36,stressed,-1.00,0,mm,-2971.27
72.962,102,199.1,-4964.34,-4964.34,1900,-1900,155.17,155.19,155.3433,-5.28,2.01,0.82,TREND,-0.97,stressed,0.13,0,mm,-1891.94,99.84,99.92,99.9038,-2.76,3.35,0.04,chop,-0.64,stressed,0.06,-1900,mm,-79.20,25.37,25.38,25.4809,-7.98,1.56,1.00,TREND,-4.36,stressed,-1.00,0,mm,-2971.27
73.082,102,199.1,-4964.34,-4964.34,1900,-1900,155.17,155.18,155.3342,-6.32,2.01,0.86,TREND,-1.73,stressed,0.13,0,mm,-1891.94,99.87,99.91,99.9030,-2.78,3.35,0.02,chop,-1.14,stressed,0.06,-1900,mm,-60.20,25.37,25.38,25.4751,-8.38,1.56,1.00,TREND,-3.87,stressed,-1.00,0,mm,-2971.27
73.168,102,199.1,-4964.34,-4964.34,1900,-1900,155.17,155.18,155.3278,-6.98,2.01,0.86,TREND,-1.73,stressed,0.13,0,mm,-1891.94,99.87,99.9,99.9023,-2.82,3.35,0.02,chop,-1.14,stressed,0.06,-1900,mm,-60.20,25.37,25.38,25.4711,-8.63,1.56,1.00,TREND,-3.87,stressed,-1.00,0,mm,-2971.27
73.194,102,199.1,-4964.34,-4964.34,1900,-1900,155.17,155.18,155.3259,-7.17,2.01,0.86,TREND,-1.73,stressed,0.13,0,mm,-1891.94,99.87,99.9,99.9021,-2.84,3.35,0.02,chop,-1.14,stressed,0.06,-1900,mm,-60.20,25.37,25.38,25.4700,-8.70,1.56,1.00,TREND,-3.87,stressed,-1.00,0,mm,-2971.27
73.219,102,199.1,-4964.34,-4964.34,1900,-1900,155.17,155.18,155.3242,-7.34,2.01,0.86,TREND,-1.73,stressed,0.13,0,mm,-1891.94,99.87,99.9,99.9019,-2.85,3.35,0.02,chop,-1.14,stressed,0.06,-1900,mm,-60.20,25.37,25.38,25.4689,-8.76,1.56,1.00,TREND,-3.87,stressed,-1.00,0,mm,-2971.27
73.254,103,196.2,-4923.41,-4923.41,1900,-1900,155.17,155.18,155.3217,-7.57,2.01,0.86,TREND,-1.73,stressed,-0.59,0,mm,-1891.94,99.87,99.9,99.9016,-2.86,3.35,0.02,chop,-1.14,stressed,-0.18,-1900,mm,-60.20,25.37,25.38,25.4673,-8.84,1.56,1.00,TREND,-3.87,stressed,-1.00,0,mm,-2971.27
73.267,103,196.2,-4923.41,-4923.41,1900,-1900,155.17,155.18,155.3208,-7.65,2.28,0.86,TREND,-1.73,stressed,-0.59,0,mm,-1891.94,99.87,99.9,99.9015,-2.86,3.38,0.02,chop,-1.14,stressed,-0.18,-1900,mm,-60.20,25.37,25.38,25.4667,-8.87,1.54,1.00,TREND,-3.87,stressed,-1.00,0,mm,-2971.27
73.341,103,196.2,-4923.41,-4923.41,1100,1100,155.17,155.18,155.3158,-8.09,2.28,0.86,TREND,-1.68,stressed,-0.59,0,mm,-1891.94,99.85,99.86,99.8999,-3.06,3.38,0.06,chop,-1.59,stressed,-0.18,1100,mm,17.80,25.36,25.38,25.4634,-9.05,1.54,1.00,TREND,-3.60,stressed,-1.00,0,mm,-2971.27
73.407,103,196.2,-4923.41,-4923.41,1100,1100,155.17,155.18,155.3115,-8.45,2.28,0.86,TREND,-1.68,stressed,-0.59,0,mm,-1891.94,99.85,99.86,99.8985,-3.22,3.38,0.06,chop,-1.59,stressed,-0.18,1100,mm,17.80,25.36,25.38,25.4605,-9.19,1.54,1.00,TREND,-3.60,stressed,-1.00,0,mm,-2971.27
73.434,103,196.2,-4923.41,-4923.41,1100,1100,155.17,155.18,155.3097,-8.58,2.28,0.86,TREND,-1.68,stressed,-0.59,0,mm,-1891.94,99.85,99.86,99.8980,-3.29,3.38,0.06,chop,-1.59,stressed,-0.18,1100,mm,17.80,25.36,25.38,25.4594,-9.25,1.54,1.00,TREND,-3.60,stressed,-1.00,0,mm,-2971.27
73.455,103,196.2,-4923.41,-4923.41,1100,1100,155.17,155.18,155.3084,-8.69,2.28,0.86,TREND,-1.68,stressed,-0.59,0,mm,-1891.94,99.85,99.86,99.8976,-3.33,3.38,0.06,chop,-1.59,stressed,-0.18,1100,mm,17.80,25.36,25.38,25.4585,-9.29,1.54,1.00,TREND,-3.60,stressed,-1.00,0,mm,-2971.27
73.499,103,196.2,-4923.41,-4923.41,1100,1100,155.17,155.18,155.3057,-8.89,2.28,0.86,TREND,-1.68,stressed,-0.59,0,mm,-1891.94,99.85,99.86,99.8967,-3.42,3.38,0.06,chop,-1.59,stressed,-0.18,1100,mm,17.80,25.36,25.38,25.4567,-9.36,1.54,1.00,TREND,-3.60,stressed,-1.00,0,mm,-2971.27
73.525,103,196.2,-4923.41,-4923.41,1100,1100,155.17,155.18,155.3041,-9.00,2.28,0.86,TREND,-1.68,stressed,-0.59,0,mm,-1891.94,99.85,99.86,99.8962,-3.48,3.38,0.06,chop,-1.59,stressed,-0.18,1100,mm,17.80,25.36,25.38,25.4556,-9.40,1.54,1.00,TREND,-3.60,stressed,-1.00,0,mm,-2971.27
73.594,103,196.2,-4923.41,-4923.41,200,-200,155.17,155.18,155.3001,-9.27,2.28,0.86,TREND,-1.64,stressed,-0.59,0,mm,-1891.94,99.86,99.89,99.8955,-3.50,3.38,0.07,chop,-1.28,stressed,-0.18,-200,mm,200.00,25.36,25.37,25.4529,-9.53,1.54,1.00,TREND,-3.39,stressed,-1.00,0,mm,-2971.27
73.668,103,196.2,-4923.41,-4923.41,200,-200,155.17,155.18,155.2956,-9.55,2.28,0.86,TREND,-1.64,stressed,-0.59,0,mm,-1891.94,99.86,99.89,99.8948,-3.51,3.38,0.07,chop,-1.28,stressed,-0.18,-200,mm,200.00,25.36,25.37,25.4497,-9.65,1.54,1.00,TREND,-3.39,stressed,-1.00,0,mm,-2971.27
73.688,103,196.2,-4923.41,-4923.41,200,-200,155.17,155.18,155.2945,-9.62,2.28,0.86,TREND,-1.64,stressed,-0.59,0,mm,-1891.94,99.86,99.89,99.8946,-3.52,3.38,0.07,chop,-1.28,stressed,-0.18,-200,mm,200.00,25.36,25.37,25.4489,-9.68,1.54,1.00,TREND,-3.39,stressed,-1.00,0,mm,-2971.27
73.711,103,196.2,-4923.41,-4923.41,200,-200,155.17,155.18,155.2932,-9.69,2.28,0.86,TREND,-1.64,stressed,-0.59,0,mm,-1891.94,99.86,99.89,99.8944,-3.52,3.38,0.07,chop,-1.28,stressed,-0.18,-200,mm,200.00,25.36,25.37,25.4480,-9.71,1.54,1.00,TREND,-3.39,stressed,-1.00,0,mm,-2971.27
73.736,103,196.2,-4923.41,-4923.41,200,-200,155.17,155.18,155.2919,-9.77,2.28,0.86,TREND,-1.64,stressed,-0.59,0,mm,-1891.94,99.86,99.89,99.8942,-3.52,3.38,0.07,chop,-1.28,stressed,-0.18,-200,mm,200.00,25.36,25.37,25.4471,-9.74,1.54,1.00,TREND,-3.39,stressed,-1.00,0,mm,-2971.27
73.778,103,198.1,-4923.41,-4923.41,200,-200,155.17,155.18,155.2895,-9.89,2.21,0.86,TREND,-1.64,stressed,-0.59,0,mm,-1891.94,99.86,99.89,99.8938,-3.53,3.10,0.07,chop,-1.28,stressed,-0.18,-200,mm,200.00,25.36,25.37,25.4454,-9.79,1.42,1.00,TREND,-3.39,stressed,-1.00,0,mm,-2971.27
73.801,103,198.1,-4923.41,-4923.41,900,-900,155.15,155.18,155.2883,-9.97,2.21,0.86,TREND,-1.64,stressed,-0.59,0,mm,-1891.94,99.86,99.9,99.8937,-3.52,3.10,0.07,chop,-1.28,stressed,-0.18,-900,mm,184.00,25.36,25.37,25.4446,-9.81,1.42,1.00,TREND,-3.39,stressed,-1.00,0,mm,-2971.27
73.887,103,198.1,-4923.41,-4923.41,900,-900,155.15,155.18,155.2834,-10.25,2.21,0.86,TREND,-1.70,stressed,-0.59,0,mm,-1891.94,99.86,99.9,99.8931,-3.49,3.10,0.07,chop,-1.17,stressed,-0.18,-900,mm,184.00,25.36,25.37,25.4415,-9.89,1.42,1.00,TREND,-3.13,stressed,-1.00,0,mm,-2971.27
73.905,103,198.1,-4923.41,-4923.41,900,-900,155.15,155.18,155.2823,-10.31,2.21,0.86,TREND,-1.70,stressed,-0.59,0,mm,-1891.94,99.86,99.9,99.8930,-3.49,3.10,0.07,chop,-1.17,stressed,-0.18,-900,mm,184.00,25.36,25.37,25.4408,-9.91,1.42,1.00,TREND,-3.13,stressed,-1.00,0,mm,-2971.27
73.932,103,198.1,-4923.41,-4923.41,900,-900,155.15,155.18,155.2809,-10.39,2.21,0.86,TREND,-1.70,stressed,-0.59,0,mm,-1891.94,99.86,99.9,99.8928,-3.48,3.10,0.07,chop,-1.17,stressed,-0.18,-900,mm,184.00,25.36,25.37,25.4398,-9.93,1.42,1.00,TREND,-3.13,stressed,-1.00,0,mm,-2971.27
73.959,103,198.1,-4923.41,-4923.41,900,-900,155.15,155.18,155.2794,-10.46,2.21,0.86,TREND,-1.70,stressed,-0.59,0,mm,-1891.94,99.86,99.9,99.8927,-3.47,3.10,0.07,chop,-1.17,stressed,-0.18,-900,mm,184.00,25.36,25.37,25.4389,-9.94,1.42,1.00,TREND,-3.13,stressed,-1.00,0,mm,-2971.27
74.029,103,198.1,-4923.41,-4923.41,900,-900,155.15,155.18,155.2757,-10.64,2.21,0.86,TREND,-1.70,stressed,-0.59,0,mm,-1891.94,99.85,99.86,99.8915,-3.58,3.10,0.07,chop,-1.17,stressed,-0.18,-900,mm,184.00,25.35,25.37,25.4364,-10.01,1.42,1.00,TREND,-3.13,stressed,-1.00,0,mm,-2971.27
74.084,103,198.1,-4923.41,-4923.41,2700,-2700,155.15,155.17,155.2727,-10.78,2.21,0.86,TREND,-1.70,stressed,-0.59,0,mm,-1891.94,99.84,99.86,99.8904,-3.68,3.10,0.07,chop,-1.17,stressed,-0.18,-2700,mm,306.40,25.35,25.37,25.4344,-10.05,1.42,1.00,TREND,-3.13,stressed,-1.00,0,mm,-2971.27
74.164,103,198.1,-4923.41,-4923.41,2700,-2700,155.15,155.17,155.2686,-10.96,2.21,0.86,TREND,-1.71,stressed,-0.59,0,mm,-1891.94,99.84,99.86,99.8889,-3.82,3.10,0.08,chop,-1.56,stressed,-0.18,-2700,mm,306.40,25.35,25.37,25.4317,-10.10,1.42,1.00,TREND,-3.00,stressed,-1.00,0,mm,-2971.27
74.195,103,198.1,-4923.41,-4923.41,2700,-2700,155.15,155.17,155.2671,-11.02,2.21,0.86,TREND,-1.71,stressed,-0.59,0,mm,-1891.94,99.84,99.86,99.8884,-3.87,3.10,0.08,chop,-1.56,stressed,-0.18,-2700,mm,306.40,25.35,25.37,25.4306,-10.11,1.42,1.00,TREND,-3.00,stressed,-1.00,0,mm,-2971.27
74.210,103,198.1,-4923.41,-4923.41,2700,-2700,155.15,155.17,155.2662,-11.05,2.21,0.86,TREND,-1.71,stressed,-0.59,0,mm,-1891.94,99.84,99.86,99.8881,-3.89,3.10,0.08,chop,-1.56,stressed,-0.18,-2700,mm,306.40,25.35,25.37,25.4301,-10.12,1.42,1.00,TREND,-3.00,stressed,-1.00,0,mm,-2971.27
74.231,103,198.1,-4923.41,-4923.41,2700,-2700,155.15,155.17,155.2652,-11.09,2.21,0.86,TREND,-1.71,stressed,-0.59,0,mm,-1891.94,99.84,99.86,99.8877,-3.92,3.10,0.08,chop,-1.56,stressed,-0.18,-2700,mm,306.40,25.35,25.37,25.4294,-10.12,1.42,1.00,TREND,-3.00,stressed,-1.00,0,mm,-2971.27
74.260,103,198.1,-4923.41,-4923.41,2700,-2700,155.15,155.17,155.2638,-11.14,2.21,0.86,TREND,-1.71,stressed,-0.59,0,mm,-1891.94,99.84,99.86,99.8872,-3.96,3.10,0.08,chop,-1.56,stressed,-0.18,-2700,mm,306.40,25.35,25.37,25.4285,-10.13,1.42,1.00,TREND,-3.00,stressed,-1.00,0,mm,-2971.27
74.287,104,195.4,-4556.81,-4556.81,2700,-2700,155.15,155.17,155.2625,-11.19,2.00,0.86,TREND,-1.71,stressed,-0.61,0,mm,-1891.94,99.84,99.86,99.8867,-3.99,2.98,0.08,chop,-1.56,stressed,-0.44,-2700,mm,306.40,25.35,25.37,25.4276,-10.14,1.35,1.00,TREND,-3.00,stressed,-1.09,0,mm,-2971.27
74.368,104,195.4,-4556.81,-4556.81,4800,-4800,155.15,155.16,155.2584,-11.34,2.00,0.86,TREND,-1.71,stressed,-0.61,0,mm,-1891.94,99.85,99.86,99.8855,-4.06,2.98,0.08,chop,-1.56,stressed,-0.44,-4800,mm,-194.80,25.35,25.36,25.4249,-10.18,1.35,1.00,TREND,-3.00,stressed,-1.09,0,mm,-2971.27
74.414,104,195.4,-4556.81,-4556.81,4800,-4800,155.15,155.16,155.2563,-11.41,2.00,0.86,TREND,-1.71,stressed,-0.61,0,mm,-1891.94,99.85,99.86,99.8849,-4.09,2.98,0.08,chop,-1.56,stressed,-0.44,-4800,mm,-194.80,25.35,25.36,25.4234,-10.20,1.35,1.00,TREND,-3.00,stressed,-1.09,0,mm,-2971.27
74.446,104,195.4,-4556.81,-4556.81,4800,-4800,155.15,155.16,155.2547,-11.45,2.00,0.87,TREND,-1.71,stressed,-0.61,0,mm,-1891.94,99.85,99.86,99.8844,-4.11,2.98,0.06,chop,-1.46,stressed,-0.44,-4800,mm,-194.80,25.35,25.36,25.4224,-10.21,1.35,1.00,TREND,-2.88,stressed,-1.09,0,mm,-2971.27
74.465,104,195.4,-4556.81,-4556.81,4800,-4800,155.15,155.16,155.2539,-11.48,2.00,0.87,TREND,-1.71,stressed,-0.61,0,mm,-1891.94,99.85,99.86,99.8842,-4.12,2.98,0.06,chop,-1.46,stressed,-0.44,-4800,mm,-194.80,25.35,25.36,25.4218,-10.21,1.35,1.00,TREND,-2.88,stressed,-1.09,0,mm,-2971.27
74.487,104,195.4,-4556.81,-4556.81,4800,-4800,155.15,155.16,155.2528,-11.51,2.00,0.87,TREND,-1.71,stressed,-0.61,0,mm,-1891.94,99.85,99.86,99.8839,-4.14,2.98,0.06,chop,-1.46,stressed,-0.44,-4800,mm,-194.80,25.35,25.36,25.4211,-10.22,1.35,1.00,TREND,-2.88,stressed,-1.09,0,mm,-2971.27
74.507,104,195.4,-4556.81,-4556.81,4800,-4800,155.15,155.16,155.2519,-11.53,2.00,0.87,TREND,-1.71,stressed,-0.61,0,mm,-1891.94,99.85,99.86,99.8836,-4.15,2.98,0.06,chop,-1.46,stressed,-0.44,-4800,mm,-194.80,25.35,25.36,25.4204,-10.22,1.35,1.00,TREND,-2.88,stressed,-1.09,0,mm,-2971.27
74.534,104,195.4,-4556.81,-4556.81,4800,-4800,155.15,155.16,155.2506,-11.56,2.00,0.87,TREND,-1.71,stressed,-0.61,0,mm,-1891.94,99.85,99.86,99.8832,-4.16,2.98,0.06,chop,-1.46,stressed,-0.44,-4800,mm,-194.80,25.35,25.36,25.4196,-10.22,1.35,1.00,TREND,-2.88,stressed,-1.09,0,mm,-2971.27
74.585,104,195.4,-4556.81,-4556.81,4800,-4800,155.14,155.16,155.2482,-11.63,2.00,0.87,TREND,-1.71,stressed,-0.61,0,mm,-1891.94,99.85,99.86,99.8826,-4.18,2.98,0.06,chop,-1.46,stressed,-0.44,-4800,mm,-194.80,25.35,25.36,25.4181,-10.22,1.35,1.00,TREND,-2.88,stressed,-1.09,0,mm,-2971.27
74.653,104,195.4,-4556.81,-4556.81,4800,-4800,155.14,155.16,155.2451,-11.71,2.00,0.87,TREND,-1.71,stressed,-0.61,0,mm,-1891.94,99.85,99.86,99.8817,-4.21,2.98,0.06,chop,-1.46,stressed,-0.44,-4800,mm,-194.80,25.35,25.36,25.4161,-10.22,1.35,1.00,TREND,-2.88,stressed,-1.09,0,mm,-2971.27
74.698,104,195.4,-4556.81,-4556.81,4800,-4800,155.14,155.16,155.2432,-11.75,2.00,0.87,TREND,-1.71,stressed,-0.61,0,mm,-1891.94,99.85,99.86,99.8811,-4.22,2.98,0.11,chop,-1.43,stressed,-0.44,-4800,mm,-194.80,25.35,25.36,25.4148,-10.21,1.35,1.00,TREND,-2.71,stressed,-1.09,0,mm,-2971.27
74.714,104,195.4,-4556.81,-4556.81,4800,-4800,155.14,155.16,155.2425,-11.77,2.00,0.87,TREND,-1.71,stressed,-0.61,0,mm,-1891.94,99.85,99.86,99.8809,-4.23,2.98,0.11,chop,-1.43,stressed,-0.44,-4800,mm,-194.80,25.35,25.36,25.4144,-10.21,1.35,1.00,TREND,-2.71,stressed,-1.09,0,mm,-2971.27
74.738,104,195.4,-4556.81,-4556.81,4800,-4800,155.14,155.16,155.2414,-11.79,2.00,0.87,TREND,-1.71,stressed,-0.61,0,mm,-1891.94,99.85,99.86,99.8806,-4.24,2.98,0.11,chop,-1.43,stressed,-0.44,-4800,mm,-194.80,25.35,25.36,25.4137,-10.20,1.35,1.00,TREND,-2.71,stressed,-1.09,0,mm,-2971.27
74.765,104,195.4,-4556.81,-4556.81,4800,-4800,155.14,155.16,155.2402,-11.81,2.00,0.87,TREND,-1.71,stressed,-0.61,0,mm,-1891.94,99.85,99.86,99.8803,-4.24,2.98,0.11,chop,-1.43,stressed,-0.44,-4800,mm,-194.80,25.35,25.36,25.4129,-10.19,1.35,1.00,TREND,-2.71,stressed,-1.09,0,mm,-2971.27
74.824,104,197.3,-4556.81,-4556.81,4800,-4800,155.14,155.15,155.2376,-11.87,1.81,0.87,TREND,-1.71,stressed,-0.61,0,mm,-1891.94,99.83,99.86,99.8793,-4.30,2.69,0.11,chop,-1.43,stressed,-0.44,-4800,mm,333.20,25.35,25.36,25.4114,-10.17,1.28,1.00,TREND,-2.71,stressed,-1.09,0,mm,-2971.27
74.898,104,197.3,-4556.81,-4556.81,4800,-4800,155.14,155.15,155.2345,-11.93,1.81,0.87,TREND,-1.71,stressed,-0.61,0,mm,-1891.94,99.83,99.86,99.8782,-4.37,2.69,0.11,chop,-1.43,stressed,-0.44,-4800,mm,333.20,25.35,25.36,25.4094,-10.14,1.28,1.00,TREND,-2.71,stressed,-1.09,0,mm,-2971.27
74.909,104,197.3,-4556.81,-4556.81,4800,-4800,155.14,155.15,155.2340,-11.93,1.81,0.87,TREND,-1.71,stressed,-0.61,0,mm,-1891.94,99.83,99.86,99.8780,-4.37,2.69,0.11,chop,-1.43,stressed,-0.44,-4800,mm,333.20,25.35,25.36,25.4091,-10.13,1.28,1.00,TREND,-2.71,stressed,-1.09,0,mm,-2971.27
74.935,104,197.3,-4556.81,-4556.81,4800,-4800,155.14,155.15,155.2329,-11.95,1.81,0.87,TREND,-1.71,stressed,-0.61,0,mm,-1891.94,99.83,99.86,99.8776,-4.39,2.69,0.11,chop,-1.43,stressed,-0.44,-4800,mm,333.20,25.35,25.36,25.4085,-10.12,1.28,1.00,TREND,-2.71,stressed,-1.09,0,mm,-2971.27
74.961,104,197.3,-4556.81,-4556.81,4800,-4800,155.14,155.15,155.2319,-11.97,1.81,0.93,TREND,-1.71,stressed,-0.61,0,mm,-1891.94,99.83,99.86,99.8772,-4.41,2.69,0.03,chop,-1.52,stressed,-0.44,-4800,mm,333.20,25.35,25.36,25.4078,-10.11,1.28,1.00,TREND,-2.56,stressed,-1.09,0,mm,-2971.27
74.992,104,197.3,-4556.81,-4556.81,4800,-4800,155.14,155.15,155.2306,-11.98,1.81,0.93,TREND,-1.71,stressed,-0.61,0,mm,-1891.94,99.83,99.86,99.8767,-4.43,2.69,0.03,chop,-1.52,stressed,-0.44,-4800,mm,333.20,25.35,25.36,25.4071,-10.09,1.28,1.00,TREND,-2.56,stressed,-1.09,0,mm,-2971.27
75.024,104,197.3,-4556.81,-4556.81,5100,-5100,155.14,155.15,155.2293,-11.99,1.81,0.93,TREND,-1.71,stressed,-0.61,0,mm,-1891.94,99.85,99.95,99.8771,-4.31,2.69,0.03,chop,-1.52,stressed,-0.44,-5100,mm,-117.40,25.35,25.36,25.4063,-10.07,1.28,1.00,TREND,-2.56,stressed,-1.09,0,mm,-2971.27
75.077,104,197.3,-4556.81,-4556.81,5100,-5100,155.14,155.15,155.2272,-12.01,1.81,0.93,TREND,-1.71,stressed,-0.61,0,mm,-1891.94,99.85,99.95,99.8776,-4.12,2.69,0.03,chop,-1.52,stressed,-0.44,-5100,mm,-117.40,25.35,25.36,25.4050,-10.04,1.28,1.00,TREND,-2.56,stressed,-1.09,0,mm,-2971.27
75.141,104,197.3,-4556.81,-4556.81,5100,-5100,155.14,155.15,155.2248,-12.02,1.81,0.93,TREND,-1.71,stressed,-0.61,0,mm,-1891.94,99.85,99.87,99.8771,-4.10,2.69,0.03,chop,-1.52,stressed,-0.44,-5100,mm,-117.40,25.35,25.36,25.4036,-9.99,1.28,1.00,TREND,-2.56,stressed,-1.09,0,mm,-2971.27
75.208,104,197.3,-4556.81,-4556.81,5100,-5100,155.14,155.15,155.2224,-12.02,1.81,0.93,TREND,-1.71,stressed,-0.61,0,mm,-1891.94,99.85,99.87,99.8766,-4.08,2.69,0.03,chop,-1.52,stressed,-0.44,-5100,mm,-117.40,25.35,25.36,25.4021,-9.94,1.28,1.00,TREND,-2.56,stressed,-1.09,0,mm,-2971.27
75.270,104,197.3,-4556.81,-4556.81,5100,-5100,155.14,155.15,155.2202,-12.01,1.81,0.93,TREND,-1.66,stressed,-0.61,0,mm,-1891.94,99.85,99.87,99.8761,-4.06,2.69,0.01,chop,-1.28,stressed,-0.44,-5100,mm,-117.40,25.35,25.36,25.4007,-9.89,1.28,1.00,TREND,-2.43,stressed,-1.09,0,mm,-2971.27
75.296,105,194.4,-4980.61,-4980.61,5100,-5100,155.14,155.15,155.2192,-12.01,1.81,0.93,TREND,-1.66,stressed,-0.59,0,mm,-1891.94,99.85,99.87,99.8759,-4.05,2.69,0.01,chop,-1.28,stressed,-0.28,-5100,mm,-117.40,25.35,25.36,25.4001,-9.87,1.28,1.00,TREND,-2.43,stressed,-1.12,0,mm,-2971.27
75.371,105,194.4,-4980.61,-4980.61,5500,-5500,155.13,155.15,155.2164,-12.01,1.73,0.93,TREND,-1.66,stressed,-0.59,0,mm,-1891.94,99.86,99.95,99.8769,-3.76,3.02,0.01,chop,-1.28,stressed,-0.28,-5500,mm,-303.20,25.35,25.36,25.3986,-9.80,1.26,1.00,TREND,-2.43,stressed,-1.12,0,mm,-2971.27
75.455,105,194.4,-4980.61,-4980.61,5500,-5500,155.13,155.15,155.2135,-12.01,1.73,0.93,TREND,-1.66,stressed,-0.59,0,mm,-1891.94,99.86,99.95,99.8780,-3.45,3.02,0.01,chop,-1.28,stressed,-0.28,-5500,mm,-303.20,25.35,25.36,25.3969,-9.72,1.26,1.00,TREND,-2.43,stressed,-1.12,0,mm,-2971.27
75.476,105,194.4,-4980.61,-4980.61,5500,-5500,155.13,155.15,155.2128,-12.00,1.73,0.93,TREND,-1.66,stressed,-0.59,0,mm,-1891.94,99.86,99.95,99.8783,-3.38,3.02,0.01,chop,-1.28,stressed,-0.28,-5500,mm,-303.20,25.35,25.36,25.3965,-9.70,1.26,1.00,TREND,-2.43,stressed,-1.12,0,mm,-2971.27
75.496,105,194.4,-4980.61,-4980.61,5500,-5500,155.13,155.15,155.2121,-12.00,1.73,0.93,TREND,-1.66,stressed,-0.59,0,mm,-1891.94,99.86,99.95,99.8785,-3.31,3.02,0.01,chop,-1.28,stressed,-0.28,-5500,mm,-303.20,25.35,25.36,25.3961,-9.68,1.26,1.00,TREND,-2.43,stressed,-1.12,0,mm,-2971.27
75.520,105,194.4,-4980.61,-4980.61,5500,-5500,155.13,155.15,155.2112,-11.99,1.73,0.97,TREND,-1.66,stressed,-0.59,0,mm,-1891.94,99.86,99.95,99.8788,-3.23,3.02,0.07,chop,-0.66,stressed,-0.28,-5500,mm,-303.20,25.35,25.36,25.3956,-9.66,1.26,1.00,TREND,-2.31,stressed,-1.12,0,mm,-2971.27
75.551,105,194.4,-4980.61,-4980.61,5500,-5500,155.13,155.15,155.2102,-11.98,1.73,0.97,TREND,-1.66,stressed,-0.59,0,mm,-1891.94,99.86,99.95,99.8792,-3.14,3.02,0.07,chop,-0.66,stressed,-0.28,-5500,mm,-303.20,25.35,25.36,25.3950,-9.62,1.26,1.00,TREND,-2.31,stressed,-1.12,0,mm,-2971.27
75.596,105,194.4,-4980.61,-4980.61,500,-500,155.14,155.15,155.2089,-11.95,1.73,0.97,TREND,-1.66,stressed,-0.59,0,mm,-1891.94,99.89,99.99,99.8805,-2.88,3.02,0.07,chop,-0.66,stressed,-0.28,-500,mm,-288.20,25.35,25.36,25.3942,-9.58,1.26,1.00,TREND,-2.31,stressed,-1.12,0,mm,-2971.27
75.620,105,194.4,-4980.61,-4980.61,500,-500,155.14,155.15,155.2081,-11.92,1.73,0.97,TREND,-1.66,stressed,-0.59,0,mm,-1891.94,99.89,99.99,99.8812,-2.73,3.02,0.07,chop,-0.66,stressed,-0.28,-500,mm,-288.20,25.35,25.36,25.3937,-9.55,1.26,1.00,TREND,-2.31,stressed,-1.12,0,mm,-2971.27
75.648,105,194.4,-4980.61,-4980.61,500,-500,155.14,155.15,155.2073,-11.90,1.73,0.97,TREND,-1.66,stressed,-0.59,0,mm,-1891.94,99.89,99.99,99.8819,-2.58,3.02,0.07,chop,-0.66,stressed,-0.28,-500,mm,-288.20,25.35,25.36,25.3932,-9.52,1.26,1.00,TREND,-2.31,stressed,-1.12,0,mm,-2971.27
75.678,105,194.4,-4980.61,-4980.61,500,-500,155.14,155.15,155.2064,-11.87,1.73,0.97,TREND,-1.66,stressed,-0.59,0,mm,-1891.94,99.89,99.99,99.8828,-2.42,3.02,0.07,chop,-0.66,stressed,-0.28,-500,mm,-288.20,25.35,25.36,25.3927,-9.49,1.26,1.00,TREND,-2.31,stressed,-1.12,0,mm,-2971.27
75.698,105,194.4,-4980.61,-4980.61,500,-500,155.14,155.15,155.2058,-11.86,1.73,0.97,TREND,-1.66,stressed,-0.59,0,mm,-1891.94,99.89,99.99,99.8833,-2.32,3.02,0.07,chop,-0.66,stressed,-0.28,-500,mm,-288.20,25.35,25.36,25.3923,-9.47,1.26,1.00,TREND,-2.31,stressed,-1.12,0,mm,-2971.27
75.717,105,194.4,-4980.61,-4980.61,500,-500,155.14,155.15,155.2053,-11.84,1.73,0.97,TREND,-1.66,stressed,-0.59,0,mm,-1891.94,99.89,99.99,99.8838,-2.22,3.02,0.07,chop,-0.66,stressed,-0.28,-500,mm,-288.20,25.35,25.36,25.3920,-9.45,1.26,1.00,TREND,-2.31,stressed,-1.12,0,mm,-2971.27
75.743,105,194.4,-4980.61,-4980.61,500,-500,155.14,155.15,155.2046,-11.81,1.73,0.97,TREND,-1.66,stressed,-0.59,0,mm,-1891.94,99.89,99.99,99.8845,-2.09,3.02,0.07,chop,-0.66,stressed,-0.28,-500,mm,-288.20,25.35,25.36,25.3915,-9.42,1.26,1.00,TREND,-2.31,stressed,-1.12,0,mm,-2971.27
75.766,105,194.4,-4980.61,-4980.61,500,-500,155.14,155.15,155.2039,-11.79,1.73,0.97,TREND,-1.66,stressed,-0.59,0,mm,-1891.94,99.89,99.99,99.8851,-1.98,3.02,0.07,chop,-0.66,stressed,-0.28,-500,mm,-288.20,25.35,25.36,25.3912,-9.39,1.26,1.00,TREND,-2.31,stressed,-1.12,0,mm,-2971.27
75.796,105,196.2,-4980.61,-4980.61,500,-500,155.14,155.15,155.2031,-11.76,1.73,0.93,TREND,-1.57,stressed,-0.59,0,mm,-1891.94,99.89,99.99,99.8858,-1.84,3.02,0.02,chop,-0.18,stressed,-0.28,-500,mm,-288.20,25.35,25.36,25.3907,-9.36,1.26,1.00,TREND,-2.21,stressed,-1.12,0,mm,-2971.27
75.847,105,196.2,-4980.61,-4980.61,500,-500,155.14,155.15,155.2017,-11.71,1.73,0.93,TREND,-1.57,stressed,-0.59,0,mm,-1891.94,99.96,99.99,99.8880,-1.47,3.02,0.02,chop,-0.18,stressed,-0.28,-500,mm,-288.20,25.35,25.36,25.3898,-9.30,1.26,1.00,TREND,-2.21,stressed,-1.12,0,mm,-2971.27
75.873,105,196.2,-4980.61,-4980.61,500,-500,155.14,155.15,155.2010,-11.68,1.74,0.93,TREND,-1.57,stressed,-0.59,0,mm,-1891.94,99.96,99.99,99.8890,-1.29,3.34,0.02,chop,-0.18,stressed,-0.28,-500,mm,-288.20,25.35,25.36,25.3894,-9.27,1.23,1.00,TREND,-2.21,stressed,-1.12,0,mm,-2971.27
75.909,105,196.2,-4980.61,-4980.61,500,-500,155.14,155.15,155.2001,-11.64,1.74,0.93,TREND,-1.57,stressed,-0.59,0,mm,-1891.94,99.96,99.99,99.8905,-1.05,3.34,0.02,chop,-0.18,stressed,-0.28,-500,mm,-288.20,25.35,25.36,25.3888,-9.23,1.23,1.00,TREND,-2.21,stressed,-1.12,0,mm,-2971.27
75.924,105,196.2,-4980.61,-4980.61,500,-500,155.14,155.15,155.1997,-11.63,1.74,0.93,TREND,-1.57,stressed,-0.59,0,mm,-1891.94,99.96,99.99,99.8911,-0.95,3.34,0.02,chop,-0.18,stressed,-0.28,-500,mm,-288.20,25.35,25.36,25.3886,-9.22,1.23,1.00,TREND,-2.21,stressed,-1.12,0,mm,-2971.27
75.952,105,196.2,-4980.61,-4980.61,500,-500,155.14,155.15,155.1990,-11.60,1.74,0.93,TREND,-1.57,stressed,-0.59,0,mm,-1891.94,99.96,99.99,99.8922,-0.77,3.34,0.02,chop,-0.18,stressed,-0.28,-500,mm,-288.20,25.35,25.36,25.3881,-9.18,1.23,1.00,TREND,-2.21,stressed,-1.12,0,mm,-2971.27
75.972,105,196.2,-4980.61,-4980.61,500,-500,155.14,155.15,155.1985,-11.57,1.74,0.93,TREND,-1.57,stressed,-0.59,0,mm,-1891.94,99.96,99.99,99.8929,-0.65,3.34,0.02,chop,-0.18,stressed,-0.28,-500,mm,-288.20,25.35,25.36,25.3878,-9.16,1.23,1.00,TREND,-2.21,stressed,-1.12,0,mm,-2971.27
76.025,105,196.2,-4980.61,-4980.61,500,-500,155.12,155.15,155.1969,-11.55,1.74,0.93,TREND,-1.57,stressed,-0.59,0,mm,-1891.94,99.96,99.97,99.8947,-0.37,3.34,0.02,chop,-0.18,stressed,-0.28,-500,mm,-288.20,25.35,25.36,25.3870,-9.10,1.23,1.00,TREND,-2.21,stressed,-1.12,0,mm,-2971.27
76.083,105,196.2,-4980.61,-4980.61,500,-500,155.12,155.15,155.1953,-11.53,1.74,0.97,TREND,-1.62,stressed,-0.59,0,mm,-1891.94,99.96,99.97,99.8966,-0.09,3.34,0.02,chop,0.16,stressed,-0.28,-500,mm,-283.20,25.35,25.36,25.3861,-9.03,1.23,1.00,TREND,-2.12,stressed,-1.12,0,mm,-2971.27
76.137,105,196.2,-4980.61,-4980.61,500,-500,155.12,155.14,155.1936,-11.52,1.74,0.97,TREND,-1.62,stressed,-0.59,0,mm,-1891.94,99.96,99.97,99.8983,0.15,3.34,0.02,chop,0.16,stressed,-0.28,-500,mm,-283.20,25.35,25.36,25.3854,-8.96,1.23,1.00,TREND,-2.12,stressed,-1.12,0,mm,-2971.27
76.198,105,196.2,-4980.61,-4980.61,500,-500,155.12,155.14,155.1918,-11.51,1.74,0.97,TREND,-1.62,stressed,-0.59,0,mm,-1891.94,99.96,99.97,99.9002,0.41,3.34,0.02,chop,0.16,stressed,-0.28,-500,mm,-283.20,25.35,25.36,25.3845,-8.89,1.23,1.00,TREND,-2.12,stressed,-1.12,0,mm,-2971.27
76.218,105,196.2,-4980.61,-4980.61,500,-500,155.12,155.14,155.1913,-11.50,1.74,0.97,TREND,-1.62,stressed,-0.59,0,mm,-1891.94,99.96,99.97,99.9008,0.49,3.34,0.02,chop,0.16,stressed,-0.28,-500,mm,-283.20,25.35,25.36,25.3842,-8.87,1.23,1.00,TREND,-2.12,stressed,-1.12,0,mm,-2971.27
76.246,105,196.2,-4980.61,-4980.61,500,-500,155.12,155.14,155.1904,-11.49,1.74,0.97,TREND,-1.62,stressed,-0.59,0,mm,-1891.94,99.96,99.97,99.9017,0.60,3.34,0.02,chop,0.16,stressed,-0.28,-500,mm,-283.20,25.35,25.36,25.3839,-8.83,1.23,1.00,TREND,-2.12,stressed,-1.12,0,mm,-2971.27
76.271,105,196.2,-4980.61,-4980.61,500,-500,155.12,155.14,155.1897,-11.48,1.74,0.97,TREND,-1.62,stressed,-0.59,0,mm,-1891.94,99.96,99.97,99.9024,0.69,3.34,0.02,chop,0.16,stressed,-0.28,-500,mm,-283.20,25.35,25.36,25.3835,-8.80,1.23,1.00,TREND,-2.12,stressed,-1.12,0,mm,-2971.27
76.301,106,193.4,-5146.41,-5146.41,500,-500,155.12,155.14,155.1889,-11.47,1.74,0.97,TREND,-1.62,stressed,-0.66,0,mm,-1891.94,99.96,99.97,99.9033,0.80,3.34,0.02,chop,0.16,stressed,-0.24,-500,mm,-283.20,25.35,25.36,25.3831,-8.76,1.23,1.00,TREND,-2.12,stressed,-1.12,0,mm,-2971.27
76.341,106,193.4,-5146.41,-5146.41,0,0,155.12,155.13,155.1877,-11.46,1.74,0.97,TREND,-1.67,stressed,-0.66,0,mm,-1891.94,99.86,99.87,99.9026,0.62,3.34,0.17,chop,-1.18,stressed,-0.24,0,mm,-274.20,25.35,25.36,25.3826,-8.72,1.23,1.00,TREND,-2.03,stressed,-1.12,0,mm,-2971.27
76.399,106,193.4,-5146.41,-5146.41,0,0,155.12,155.13,155.1860,-11.45,1.63,0.97,TREND,-1.67,stressed,-0.66,0,mm,-1891.94,99.86,99.87,99.9016,0.37,4.07,0.17,chop,-1.18,stressed,-0.24,0,mm,-274.20,25.35,25.36,25.3818,-8.64,1.19,1.00,TREND,-2.03,stressed,-1.12,0,mm,-2971.27
76.420,106,193.4,-5146.41,-5146.41,0,0,155.12,155.13,155.1854,-11.45,1.63,0.97,TREND,-1.67,stressed,-0.66,0,mm,-1891.94,99.86,99.87,99.9012,0.29,4.07,0.17,chop,-1.18,stressed,-0.24,0,mm,-274.20,25.35,25.36,25.3816,-8.62,1.19,1.00,TREND,-2.03,stressed,-1.12,0,mm,-2971.27
76.441,106,193.4,-5146.41,-5146.41,0,0,155.12,155.13,155.1848,-11.44,1.63,0.97,TREND,-1.67,stressed,-0.66,0,mm,-1891.94,99.86,99.87,99.9008,0.20,4.07,0.17,chop,-1.18,stressed,-0.24,0,mm,-274.20,25.35,25.36,25.3813,-8.59,1.19,1.00,TREND,-2.03,stressed,-1.12,0,mm,-2971.27
76.465,106,193.4,-5146.41,-5146.41,0,0,155.12,155.13,155.1841,-11.43,1.63,0.97,TREND,-1.67,stressed,-0.66,0,mm,-1891.94,99.86,99.87,99.9004,0.11,4.07,0.17,chop,-1.18,stressed,-0.24,0,mm,-274.20,25.35,25.36,25.3810,-8.56,1.19,1.00,TREND,-2.03,stressed,-1.12,0,mm,-2971.27
76.487,106,193.4,-5146.41,-5146.41,0,0,155.12,155.13,155.1835,-11.43,1.63,0.97,TREND,-1.67,stressed,-0.66,0,mm,-1891.94,99.86,99.87,99.9001,0.03,4.07,0.17,chop,-1.18,stressed,-0.24,0,mm,-274.20,25.35,25.36,25.3808,-8.54,1.19,1.00,TREND,-2.03,stressed,-1.12,0,mm,-2971.27
76.513,106,193.4,-5146.41,-5146.41,0,0,155.12,155.13,155.1828,-11.42,1.63,0.97,TREND,-1.67,stressed,-0.66,0,mm,-1891.94,99.86,99.87,99.8996,-0.07,4.07,0.17,chop,-1.18,stressed,-0.24,0,mm,-274.20,25.35,25.36,25.3804,-8.50,1.19,1.00,TREND,-2.03,stressed,-1.12,0,mm,-2971.27
76.538,106,193.4,-5146.41,-5146.41,0,0,155.12,155.13,155.1821,-11.41,1.63,0.97,TREND,-1.67,stressed,-0.66,0,mm,-1891.94,99.86,99.87,99.8992,-0.16,4.07,0.17,chop,-1.18,stressed,-0.24,0,mm,-274.20,25.35,25.36,25.3801,-8.47,1.19,1.00,TREND,-2.03,stressed,-1.12,0,mm,-2971.27
76.564,106,193.4,-5146.41,-5146.41,0,0,155.12,155.13,155.1814,-11.39,1.63,0.97,TREND,-1.67,stressed,-0.66,0,mm,-1891.94,99.86,99.87,99.8988,-0.25,4.07,0.17,chop,-1.18,stressed,-0.24,0,mm,-274.20,25.35,25.36,25.3798,-8.44,1.19,1.00,TREND,-2.03,stressed,-1.12,0,mm,-2971.27
76.621,106,193.4,-5146.41,-5146.41,100,100,155.11,155.13,155.1798,-11.39,1.63,0.97,TREND,-1.67,stressed,-0.66,0,mm,-1891.94,99.8,99.81,99.8964,-0.70,4.07,0.17,chop,-1.93,stressed,-0.24,100,mm,-278.40,25.35,25.36,25.3792,-8.37,1.19,1.00,TREND,-1.96,stressed,-1.12,0,mm,-2971.27
76.684,106,193.4,-5146.41,-5146.41,100,100,155.11,155.13,155.1780,-11.37,1.63,0.97,TREND,-1.67,stressed,-0.66,0,mm,-1891.94,99.8,99.81,99.8936,-1.18,4.07,0.17,chop,-1.93,stressed,-0.24,100,mm,-278.40,25.35,25.36,25.3785,-8.29,1.19,1.00,TREND,-1.96,stressed,-1.12,0,mm,-2971.27
76.704,106,193.4,-5146.41,-5146.41,100,100,155.11,155.13,155.1775,-11.36,1.63,0.97,TREND,-1.67,stressed,-0.66,0,mm,-1891.94,99.8,99.81,99.8928,-1.33,4.07,0.17,chop,-1.93,stressed,-0.24,100,mm,-278.40,25.35,25.36,25.3782,-8.26,1.19,1.00,TREND,-1.96,stressed,-1.12,0,mm,-2971.27
76.735,106,193.4,-5146.41,-5146.41,100,100,155.11,155.13,155.1767,-11.35,1.63,0.97,TREND,-1.67,stressed,-0.66,0,mm,-1891.94,99.8,99.81,99.8916,-1.54,4.07,0.17,chop,-1.93,stressed,-0.24,100,mm,-278.40,25.35,25.36,25.3779,-8.23,1.19,1.00,TREND,-1.96,stressed,-1.12,0,mm,-2971.27
76.754,106,193.4,-5146.41,-5146.41,100,100,155.11,155.13,155.1762,-11.34,1.63,0.97,TREND,-1.67,stressed,-0.66,0,mm,-1891.94,99.8,99.81,99.8908,-1.67,4.07,0.17,chop,-1.93,stressed,-0.24,100,mm,-278.40,25.35,25.36,25.3777,-8.20,1.19,1.00,TREND,-1.96,stressed,-1.12,0,mm,-2971.27
76.780,106,193.4,-5146.41,-5146.41,100,100,155.11,155.13,155.1755,-11.33,1.63,0.97,TREND,-1.67,stressed,-0.66,0,mm,-1891.94,99.8,99.81,99.8897,-1.84,4.07,0.17,chop,-1.93,stressed,-0.24,100,mm,-278.40,25.35,25.36,25.3774,-8.17,1.19,1.00,TREND,-1.96,stressed,-1.12,0,mm,-2971.27
76.811,106,195.2,-5146.41,-5146.41,100,100,155.11,155.13,155.1747,-11.32,1.63,0.97,TREND,-1.67,stressed,-0.66,0,mm,-1891.94,99.8,99.81,99.8885,-2.03,4.07,0.17,chop,-1.93,stressed,-0.24,100,mm,-278.40,25.35,25.36,25.3771,-8.13,1.19,1.00,TREND,-1.96,stressed,-1.12,0,mm,-2971.27
76.845,106,195.2,-5146.41,-5146.41,0,0,155.11,155.12,155.1737,-11.32,1.63,0.97,TREND,-1.67,stressed,-0.66,0,mm,-1891.94,99.8,99.87,99.8877,-2.16,4.07,0.17,chop,-1.93,stressed,-0.24,0,mm,-276.60,25.35,25.36,25.3767,-8.09,1.19,1.00,TREND,-1.96,stressed,-1.12,0,mm,-2971.27
76.913,106,195.2,-5146.41,-5146.41,0,0,155.11,155.12,155.1719,-11.30,1.50,0.97,TREND,-1.67,stressed,-0.66,0,mm,-1891.94,99.8,99.87,99.8860,-2.39,3.89,0.07,chop,-1.50,stressed,-0.24,0,mm,-276.60,25.35,25.36,25.3761,-8.01,1.15,1.00,TREND,-1.88,stressed,-1.12,0,mm,-2971.27
76.928,106,195.2,-5146.41,-5146.41,0,0,155.11,155.12,155.1715,-11.30,1.50,0.97,TREND,-1.67,stressed,-0.66,0,mm,-1891.94,99.8,99.87,99.8856,-2.44,3.89,0.07,chop,-1.50,stressed,-0.24,0,mm,-276.60,25.35,25.36,25.3759,-7.99,1.15,1.00,TREND,-1.88,stressed,-1.12,0,mm,-2971.27
76.948,106,195.2,-5146.41,-5146.41,0,0,155.11,155.12,155.1709,-11.29,1.50,0.97,TREND,-1.67,stressed,-0.66,0,mm,-1891.94,99.8,99.87,99.8852,-2.50,3.89,0.07,chop,-1.50,stressed,-0.24,0,mm,-276.60,25.35,25.36,25.3757,-7.96,1.15,1.00,TREND,-1.88,stressed,-1.12,0,mm,-2971.27
76.978,106,195.2,-5146.41,-5146.41,0,0,155.11,155.12,155.1702,-11.28,1.50,0.97,TREND,-1.67,stressed,-0.66,0,mm,-1891.94,99.8,99.87,99.8845,-2.60,3.89,0.07,chop,-1.50,stressed,-0.24,0,mm,-276.60,25.35,25.36,25.3754,-7.92,1.15,1.00,TREND,-1.88,stressed,-1.12,0,mm,-2971.27
77.030,106,195.2,-5146.41,-5146.41,0,0,155.11,155.12,155.1689,-11.26,1.50,0.97,TREND,-1.67,stressed,-0.66,0,mm,-1891.94,99.86,99.87,99.8840,-2.62,3.89,0.07,chop,-1.50,stressed,-0.24,0,mm,-276.60,25.35,25.36,25.3749,-7.86,1.15,1.00,TREND,-1.88,stressed,-1.12,0,mm,-2971.27
77.141,106,195.2,-5146.41,-5146.41,0,0,155.11,155.12,155.1661,-11.21,1.50,0.97,TREND,-1.67,stressed,-0.66,0,mm,-1891.94,99.86,99.87,99.8830,-2.67,3.89,0.07,chop,-1.50,stressed,-0.24,0,mm,-276.60,25.35,25.36,25.3739,-7.73,1.15,1.00,TREND,-1.88,stressed,-1.12,0,mm,-2971.27
77.177,106,195.2,-5146.41,-5146.41,0,0,155.11,155.12,155.1652,-11.18,1.50,0.97,TREND,-1.63,stressed,-0.66,0,mm,-1891.94,99.87,99.92,99.8833,-2.59,3.89,0.03,chop,-0.67,stressed,-0.24,0,mm,-276.60,25.35,25.36,25.3736,-7.68,1.15,1.00,TREND,-1.82,stressed,-1.12,0,mm,-2971.27
77.264,106,195.2,-5146.41,-5146.41,0,0,155.11,155.12,155.1632,-11.12,1.50,0.97,TREND,-1.63,stressed,-0.66,0,mm,-1891.94,99.87,99.92,99.8837,-2.42,3.89,0.03,chop,-0.67,stressed,-0.24,0,mm,-276.60,25.35,25.36,25.3729,-7.57,1.15,1.00,TREND,-1.82,stressed,-1.12,0,mm,-2971.27
77.286,106,195.2,-5146.41,-5146.41,0,0,155.11,155.12,155.1627,-11.11,1.50,0.97,TREND,-1.63,stressed,-0.66,0,mm,-1891.94,99.87,99.92,99.8838,-2.38,3.89,0.03,chop,-0.67,stressed,-0.24,0,mm,-276.60,25.35,25.36,25.3727,-7.55,1.15,1.00,TREND,-1.82,stressed,-1.12,0,mm,-2971.27
77.319,107,192.5,-5139.81,-5139.81,0,0,155.11,155.12,155.1620,-11.08,1.50,0.97,TREND,-1.63,stressed,-0.68,0,mm,-1891.94,99.87,99.92,99.8840,-2.32,3.89,0.03,chop,-0.67,stressed,-0.33,0,mm,-276.60,25.35,25.36,25.3724,-7.51,1.15,1.00,TREND,-1.82,stressed,-1.12,0,mm,-2971.27
77.350,107,192.5,-5139.81,-5139.81,0,0,155.1,155.12,155.1613,-11.07,1.50,0.97,TREND,-1.63,stressed,-0.68,0,mm,-1891.94,99.89,99.95,99.8845,-2.21,3.89,0.03,chop,-0.67,stressed,-0.33,0,mm,-276.60,25.35,25.36,25.3722,-7.47,1.15,1.00,TREND,-1.82,stressed,-1.12,0,mm,-2971.27
77.393,107,192.5,-5139.81,-5139.81,0,0,155.1,155.12,155.1602,-11.05,1.50,0.97,TREND,-1.63,stressed,-0.68,0,mm,-1891.94,99.89,99.95,99.8853,-2.05,3.89,0.03,chop,-0.67,stressed,-0.33,0,mm,-276.60,25.35,25.36,25.3718,-7.42,1.15,1.00,TREND,-1.82,stressed,-1.12,0,mm,-2971.27
77.418,107,192.5,-5139.81,-5139.81,0,0,155.1,155.12,155.1596,-11.03,1.42,0.97,TREND,-1.63,stressed,-0.68,0,mm,-1891.94,99.89,99.95,99.8856,-1.97,4.33,0.03,chop,-0.67,stressed,-0.33,0,mm,-276.60,25.35,25.36,25.3716,-7.39,1.11,1.00,TREND,-1.82,stressed,-1.12,0,mm,-2971.27
77.440,107,192.5,-5139.81,-5139.81,0,0,155.1,155.12,155.1591,-11.02,1.42,0.97,TREND,-1.63,stressed,-0.68,0,mm,-1891.94,99.89,99.95,99.8860,-1.89,4.33,0.07,chop,-0.31,stressed,-0.33,0,mm,-276.60,25.35,25.36,25.3714,-7.36,1.11,1.00,TREND,-1.76,stressed,-1.12,0,mm,-2971.27
77.466,107,192.5,-5139.81,-5139.81,0,0,155.1,155.12,155.1585,-11.01,1.42,0.97,TREND,-1.63,stressed,-0.68,0,mm,-1891.94,99.89,99.95,99.8864,-1.80,4.33,0.07,chop,-0.31,stressed,-0.33,0,mm,-276.60,25.35,25.36,25.3712,-7.33,1.11,1.00,TREND,-1.76,stressed,-1.12,0,mm,-2971.27
77.493,107,192.5,-5139.81,-5139.81,0,0,155.1,155.12,155.1579,-10.99,1.42,0.97,TREND,-1.63,stressed,-0.68,0,mm,-1891.94,99.89,99.95,99.8868,-1.72,4.33,0.07,chop,-0.31,stressed,-0.33,0,mm,-276.60,25.35,25.36,25.3710,-7.30,1.11,1.00,TREND,-1.76,stressed,-1.12,0,mm,-2971.27
77.518,107,192.5,-5139.81,-5139.81,0,0,155.1,155.12,155.1573,-10.97,1.42,0.97,TREND,-1.63,stressed,-0.68,0,mm,-1891.94,99.89,99.95,99.8872,-1.64,4.33,0.07,chop,-0.31,stressed,-0.33,0,mm,-276.60,25.35,25.36,25.3708,-7.27,1.11,1.00,TREND,-1.76,stressed,-1.12,0,mm,-2971.27
77.541,107,192.5,-5139.81,-5139.81,0,0,155.1,155.12,155.1568,-10.96,1.42,0.97,TREND,-1.63,stressed,-0.68,0,mm,-1891.94,99.89,99.95,99.8876,-1.57,4.33,0.07,chop,-0.31,stressed,-0.33,0,mm,-276.60,25.35,25.36,25.3707,-7.24,1.11,1.00,TREND,-1.76,stressed,-1.12,0,mm,-2971.27
77.567,107,192.5,-5139.81,-5139.81,0,0,155.1,155.12,155.1563,-10.94,1.42,0.97,TREND,-1.63,stressed,-0.68,0,mm,-1891.94,99.89,99.95,99.8880,-1.49,4.33,0.07,chop,-0.31,stressed,-0.33,0,mm,-276.60,25.35,25.36,25.3705,-7.21,1.11,1.00,TREND,-1.76,stressed,-1.12,0,mm,-2971.27
77.638,107,192.5,-5139.81,-5139.81,1500,1500,155.1,155.12,155.1547,-10.89,1.42,0.97,TREND,-1.63,stressed,-0.68,0,mm,-1891.94,99.88,99.93,99.8886,-1.38,4.33,0.07,chop,-0.31,stressed,-0.33,1500,mm,-309.60,25.35,25.36,25.3700,-7.13,1.11,1.00,TREND,-1.76,stressed,-1.12,0,mm,-2971.27
77.710,107,192.5,-5139.81,-5139.81,1500,1500,155.1,155.12,155.1533,-10.83,1.42,0.97,TREND,-1.58,stressed,-0.68,0,mm,-1891.94,99.88,99.93,99.8891,-1.27,4.33,0.05,chop,-0.49,stressed,-0.33,1500,mm,-309.60,25.35,25.36,25.3695,-7.04,1.11,1.00,TREND,-1.70,stressed,-1.12,0,mm,-2971.27
77.738,107,192.5,-5139.81,-5139.81,1500,1500,155.1,155.12,155.1527,-10.80,1.42,0.97,TREND,-1.58,stressed,-0.68,0,mm,-1891.94,99.88,99.93,99.8893,-1.23,4.33,0.05,chop,-0.49,stressed,-0.33,1500,mm,-309.60,25.35,25.36,25.3693,-7.01,1.11,1.00,TREND,-1.70,stressed,-1.12,0,mm,-2971.27
77.751,107,192.5,-5139.81,-5139.81,1500,1500,155.1,155.12,155.1524,-10.79,1.42,0.97,TREND,-1.58,stressed,-0.68,0,mm,-1891.94,99.88,99.93,99.8894,-1.21,4.33,0.05,chop,-0.49,stressed,-0.33,1500,mm,-309.60,25.35,25.36,25.3692,-6.99,1.11,1.00,TREND,-1.70,stressed,-1.12,0,mm,-2971.27
77.777,107,192.5,-5139.81,-5139.81,1500,1500,155.1,155.12,155.1519,-10.77,1.42,0.97,TREND,-1.58,stressed,-0.68,0,mm,-1891.94,99.88,99.93,99.8896,-1.17,4.33,0.05,chop,-0.49,stressed,-0.33,1500,mm,-309.60,25.35,25.36,25.3690,-6.96,1.11,1.00,TREND,-1.70,stressed,-1.12,0,mm,-2971.27
77.799,107,192.5,-5139.81,-5139.81,1500,1500,155.1,155.12,155.1514,-10.75,1.42,0.97,TREND,-1.58,stressed,-0.68,0,mm,-1891.94,99.88,99.93,99.8898,-1.14,4.33,0.05,chop,-0.49,stressed,-0.33,1500,mm,-309.60,25.35,25.36,25.3689,-6.94,1.11,1.00,TREND,-1.70,stressed,-1.12,0,mm,-2971.27
77.831,107,194.2,-5139.81,-5139.81,1500,1500,155.1,155.12,155.1509,-10.72,1.42,0.97,TREND,-1.58,stressed,-0.68,0,mm,-1891.94,99.88,99.93,99.8900,-1.10,4.33,0.05,chop,-0.49,stressed,-0.33,1500,mm,-309.60,25.35,25.36,25.3687,-6.90,1.11,1.00,TREND,-1.70,stressed,-1.12,0,mm,-2971.27
77.869,107,194.2,-5139.81,-5139.81,100,100,155.1,155.12,155.1501,-10.68,1.42,0.97,TREND,-1.58,stressed,-0.68,0,mm,-1891.94,99.89,99.92,99.8902,-1.05,4.33,0.05,chop,-0.49,stressed,-0.33,100,mm,-199.80,25.35,25.36,25.3684,-6.86,1.11,1.00,TREND,-1.70,stressed,-1.12,0,mm,-2971.27
77.904,107,194.2,-5139.81,-5139.81,100,100,155.1,155.12,155.1495,-10.65,1.42,0.97,TREND,-1.58,stressed,-0.68,0,mm,-1891.94,99.89,99.92,99.8905,-1.01,4.33,0.05,chop,-0.49,stressed,-0.33,100,mm,-199.80,25.35,25.36,25.3682,-6.82,1.11,1.00,TREND,-1.70,stressed,-1.12,0,mm,-2971.27
77.935,107,194.2,-5139.81,-5139.81,100,100,155.1,155.12,155.1489,-10.62,1.40,0.97,TREND,-1.58,stressed,-0.68,0,mm,-1891.94,99.89,99.92,99.8907,-0.97,4.05,0.05,chop,-0.49,stressed,-0.33,100,mm,-199.80,25.35,25.36,25.3680,-6.78,1.06,1.00,TREND,-1.70,stressed,-1.12,0,mm,-2971.27
77.948,107,194.2,-5139.81,-5139.81,100,100,155.1,155.12,155.1486,-10.60,1.40,0.97,TREND,-1.58,stressed,-0.68,0,mm,-1891.94,99.89,99.92,99.8908,-0.96,4.05,0.05,chop,-0.49,stressed,-0.33,100,mm,-199.80,25.35,25.36,25.3679,-6.77,1.06,1.00,TREND,-1.70,stressed,-1.12,0,mm,-2971.27
77.971,107,194.2,-5139.81,-5139.81,100,100,155.1,155.12,155.1482,-10.58,1.40,0.97,TREND,-1.54,stressed,-0.68,0,mm,-1891.94,99.89,99.92,99.8909,-0.93,4.05,0.03,chop,-0.48,stressed,-0.33,100,mm,-199.80,25.35,25.36,25.3678,-6.74,1.06,1.00,TREND,-1.65,stressed,-1.12,0,mm,-2971.27
77.998,107,194.2,-5139.81,-5139.81,100,100,155.1,155.12,155.1478,-10.55,1.40,0.97,TREND,-1.54,stressed,-0.68,0,mm,-1891.94,99.89,99.92,99.8911,-0.90,4.05,0.03,chop,-0.48,stressed,-0.33,100,mm,-199.80,25.35,25.36,25.3676,-6.71,1.06,1.00,TREND,-1.65,stressed,-1.12,0,mm,-2971.27
78.176,107,194.2,-5139.81,-5139.81,100,100,155.1,155.12,155.1447,-10.35,1.40,0.97,TREND,-1.54,stressed,-0.68,0,mm,-1891.94,99.9,99.94,99.8934,-0.53,4.05,0.03,chop,-0.48,stressed,-0.33,100,mm,-189.80,25.35,25.36,25.3666,-6.52,1.06,1.00,TREND,-1.65,stressed,-1.12,0,mm,-2971.27
78.240,107,194.2,-5139.81,-5139.81,100,100,155.1,155.12,155.1437,-10.28,1.40,0.96,TREND,-1.50,stressed,-0.68,0,mm,-1891.94,99.83,99.95,99.8934,-0.53,4.05,0.03,chop,-0.48,stressed,-0.33,100,mm,-189.80,25.35,25.36,25.3663,-6.45,1.06,1.00,TREND,-1.59,stressed,-1.12,0,mm,-2971.27
78.269,107,194.2,-5139.81,-5139.81,100,100,155.1,155.12,155.1433,-10.24,1.40,0.96,TREND,-1.50,stressed,-0.68,0,mm,-1891.94,99.83,99.95,99.8934,-0.53,4.05,0.03,chop,-0.48,stressed,-0.33,100,mm,-189.80,25.35,25.36,25.3661,-6.41,1.06,1.00,TREND,-1.59,stressed,-1.12,0,mm,-2971.27
78.289,107,194.2,-5139.81,-5139.81,100,100,155.1,155.12,155.1429,-10.22,1.40,0.96,TREND,-1.50,stressed,-0.68,0,mm,-1891.94,99.83,99.95,99.8934,-0.53,4.05,0.03,chop,-0.48,stressed,-0.33,100,mm,-189.80,25.35,25.36,25.3660,-6.39,1.06,1.00,TREND,-1.59,stressed,-1.12,0,mm,-2971.27
78.315,107,194.2,-5139.81,-5139.81,100,100,155.1,155.12,155.1425,-10.19,1.40,0.96,TREND,-1.50,stressed,-0.68,0,mm,-1891.94,99.83,99.95,99.8934,-0.53,4.05,0.03,chop,-0.48,stressed,-0.33,100,mm,-189.80,25.35,25.36,25.3659,-6.36,1.06,1.00,TREND,-1.59,stressed,-1.12,0,mm,-2971.27
78.415,108,191.8,-5053.01,-5053.01,100,100,155.1,155.12,155.1411,-10.06,1.40,0.96,TREND,-1.50,stressed,-0.59,0,mm,-1891.94,99.8,99.91,99.8917,-0.85,4.05,0.06,chop,-1.13,stressed,-0.57,100,mm,-189.80,25.35,25.36,25.3654,-6.26,1.06,1.00,TREND,-1.59,stressed,-1.12,0,mm,-2971.27
78.459,108,191.8,-5053.01,-5053.01,3400,3400,155.1,155.11,155.1403,-10.03,1.31,0.96,TREND,-1.50,stressed,-0.59,0,mm,-1891.94,99.8,99.91,99.8909,-0.98,4.10,0.06,chop,-1.13,stressed,-0.57,3400,mm,-450.24,25.35,25.36,25.3652,-6.21,1.01,1.00,TREND,-1.59,stressed,-1.12,0,mm,-2971.27
78.500,108,191.8,-5053.01,-5053.01,3400,3400,155.1,155.11,155.1396,-9.99,1.31,0.96,TREND,-1.50,stressed,-0.59,0,mm,-1891.94,99.8,99.91,99.8902,-1.10,4.10,0.06,chop,-1.13,stressed,-0.57,3400,mm,-450.24,25.35,25.36,25.3650,-6.17,1.01,1.00,TREND,-1.55,stressed,-1.12,0,mm,-2971.27
78.525,108,191.8,-5053.01,-5053.01,3400,3400,155.1,155.11,155.1392,-9.97,1.31,0.96,TREND,-1.50,stressed,-0.59,0,mm,-1891.94,99.8,99.91,99.8898,-1.17,4.10,0.06,chop,-1.13,stressed,-0.57,3400,mm,-450.24,25.35,25.36,25.3649,-6.14,1.01,1.00,TREND,-1.55,stressed,-1.12,0,mm,-2971.27
78.550,108,191.8,-5053.01,-5053.01,3400,3400,155.1,155.11,155.1388,-9.94,1.31,0.96,TREND,-1.50,stressed,-0.59,0,mm,-1891.94,99.8,99.91,99.8894,-1.23,4.10,0.06,chop,-1.13,stressed,-0.57,3400,mm,-450.24,25.35,25.36,25.3647,-6.11,1.01,1.00,TREND,-1.55,stressed,-1.12,0,mm,-2971.27
78.575,108,191.8,-5053.01,-5053.01,3400,3400,155.1,155.11,155.1384,-9.92,1.31,0.96,TREND,-1.50,stressed,-0.59,0,mm,-1891.94,99.8,99.91,99.8890,-1.30,4.10,0.06,chop,-1.13,stressed,-0.57,3400,mm,-450.24,25.35,25.36,25.3646,-6.09,1.01,1.00,TREND,-1.55,stressed,-1.12,0,mm,-2971.27
78.641,108,191.8,-5053.01,-5053.01,3300,3300,155.09,155.11,155.1372,-9.88,1.31,0.96,TREND,-1.50,stressed,-0.59,0,mm,-1891.94,99.84,99.92,99.8887,-1.32,4.10,0.06,chop,-1.13,stressed,-0.57,3300,mm,-306.44,25.35,25.36,25.3643,-6.02,1.01,1.00,TREND,-1.55,stressed,-1.12,0,mm,-2971.27
78.695,108,191.8,-5053.01,-5053.01,3300,3300,155.09,155.11,155.1363,-9.85,1.31,0.96,TREND,-1.50,stressed,-0.59,0,mm,-1891.94,99.84,99.92,99.8885,-1.34,4.10,0.03,chop,-0.76,stressed,-0.57,3300,mm,-306.44,25.35,25.36,25.3641,-5.96,1.01,1.00,TREND,-1.55,stressed,-1.12,0,mm,-2971.27
78.724,108,191.8,-5053.01,-5053.01,3300,3300,155.09,155.11,155.1358,-9.83,1.31,0.96,TREND,-1.50,stressed,-0.59,0,mm,-1891.94,99.84,99.92,99.8884,-1.35,4.10,0.03,chop,-0.76,stressed,-0.57,3300,mm,-306.44,25.35,25.36,25.3640,-5.93,1.01,1.00,TREND,-1.55,stressed,-1.12,0,mm,-2971.27
78.742,108,191.8,-5053.01,-5053.01,3300,3300,155.09,155.11,155.1355,-9.81,1.31,0.96,TREND,-1.50,stressed,-0.59,0,mm,-1891.94,99.84,99.92,99.8883,-1.36,4.10,0.03,chop,-0.76,stressed,-0.57,3300,mm,-306.44,25.35,25.36,25.3639,-5.91,1.01,1.00,TREND,-1.55,stressed,-1.12,0,mm,-2971.27
78.767,108,191.8,-5053.01,-5053.01,3300,3300,155.09,155.11,155.1351,-9.80,1.31,0.96,TREND,-1.51,stressed,-0.59,0,mm,-1891.94,99.84,99.92,99.8882,-1.37,4.10,0.03,chop,-0.76,stressed,-0.57,3300,mm,-306.44,25.35,25.36,25.3638,-5.89,1.01,1.00,TREND,-1.50,stressed,-1.12,0,mm,-2971.27
78.792,108,191.8,-5053.01,-5053.01,3300,3300,155.09,155.11,155.1347,-9.78,1.31,0.96,TREND,-1.51,stressed,-0.59,0,mm,-1891.94,99.84,99.92,99.8881,-1.37,4.10,0.03,chop,-0.76,stressed,-0.57,3300,mm,-306.44,25.35,25.36,25.3637,-5.86,1.01,1.00,TREND,-1.50,stressed,-1.12,0,mm,-2971.27
78.818,108,191.8,-5053.01,-5053.01,3300,3300,155.09,155.11,155.1343,-9.76,1.31,0.96,TREND,-1.51,stressed,-0.59,0,mm,-1891.94,99.84,99.92,99.8880,-1.38,4.10,0.03,chop,-0.76,stressed,-0.57,3300,mm,-306.44,25.35,25.36,25.3636,-5.84,1.01,1.00,TREND,-1.50,stressed,-1.12,0,mm,-2971.27
78.846,108,193.2,-5053.01,-5053.01,3300,3300,155.09,155.11,155.1338,-9.74,1.31,0.96,TREND,-1.51,stressed,-0.59,0,mm,-1891.94,99.84,99.92,99.8879,-1.39,4.10,0.03,chop,-0.76,stressed,-0.57,3300,mm,-306.44,25.35,25.36,25.3635,-5.81,1.01,1.00,TREND,-1.50,stressed,-1.12,0,mm,-2971.27
78.873,108,193.2,-5053.01,-5053.01,1700,1700,155.09,155.1,155.1333,-9.72,1.31,0.96,TREND,-1.51,stressed,-0.59,0,mm,-1891.94,99.88,99.97,99.8884,-1.30,4.10,0.03,chop,-0.76,stressed,-0.57,1700,mm,-55.24,25.35,25.36,25.3634,-5.78,1.01,1.00,TREND,-1.50,stressed,-1.12,0,mm,-2971.27
78.928,108,193.2,-5053.01,-5053.01,1700,1700,155.09,155.1,155.1323,-9.70,1.31,0.96,TREND,-1.51,stressed,-0.59,0,mm,-1891.94,99.88,99.97,99.8893,-1.12,4.10,0.03,chop,-0.76,stressed,-0.57,1700,mm,-55.24,25.35,25.36,25.3632,-5.73,1.01,1.00,TREND,-1.50,stressed,-1.12,0,mm,-2971.27
78.950,108,193.2,-5053.01,-5053.01,1700,1700,155.09,155.1,155.1320,-9.69,1.31,0.96,TREND,-1.51,stressed,-0.59,0,mm,-1891.94,99.88,99.97,99.8897,-1.06,4.10,0.01,chop,-0.13,stressed,-0.57,1700,mm,-55.24,25.35,25.36,25.3631,-5.71,1.01,1.00,TREND,-1.50,stressed,-1.12,0,mm,-2971.27
78.978,108,193.2,-5053.01,-5053.01,1700,1700,155.09,155.1,155.1315,-9.67,1.19,0.96,TREND,-1.51,stressed,-0.59,0,mm,-1891.94,99.88,99.97,99.8901,-0.97,4.36,0.01,chop,-0.13,stressed,-0.57,1700,mm,-55.24,25.35,25.36,25.3630,-5.68,0.96,1.00,TREND,-1.50,stressed,-1.12,0,mm,-2971.27
78.998,108,193.2,-5053.01,-5053.01,1700,1700,155.09,155.1,155.1311,-9.66,1.19,0.96,TREND,-1.51,stressed,-0.59,0,mm,-1891.94,99.88,99.97,99.8905,-0.91,4.36,0.01,chop,-0.13,stressed,-0.57,1700,mm,-55.24,25.35,25.36,25.3629,-5.66,0.96,1.00,TREND,-1.50,stressed,-1.12,0,mm,-2971.27
79.040,108,193.2,-5053.01,-5053.01,1700,1700,155.09,155.1,155.1304,-9.64,1.19,0.96,TREND,-1.51,stressed,-0.59,0,mm,-1891.94,99.79,99.91,99.8905,-0.91,4.36,0.01,chop,-0.13,stressed,-0.57,1700,mm,-208.24,25.35,25.36,25.3627,-5.62,0.96,1.00,mixed,-1.46,stressed,-1.12,0,mm,-2971.27
79.082,108,193.2,-5053.01,-5053.01,1700,1700,155.09,155.1,155.1297,-9.61,1.19,0.96,TREND,-1.51,stressed,-0.59,0,mm,-1891.94,99.79,99.91,99.8905,-0.91,4.36,0.01,chop,-0.13,stressed,-0.57,1700,mm,-208.24,25.35,25.36,25.3626,-5.58,0.96,1.00,mixed,-1.46,stressed,-1.12,0,mm,-2971.27
79.174,108,193.2,-5053.01,-5053.01,600,600,155.09,155.1,155.1283,-9.55,1.19,0.96,TREND,-1.51,stressed,-0.59,0,mm,-1891.94,99.88,99.91,99.8907,-0.87,4.36,0.01,chop,-0.13,stressed,-0.57,600,mm,65.30,25.35,25.36,25.3623,-5.49,0.96,1.00,mixed,-1.46,stressed,-1.12,0,mm,-2971.27
79.210,108,193.2,-5053.01,-5053.01,600,600,155.09,155.1,155.1277,-9.52,1.19,0.96,TREND,-1.51,stressed,-0.59,0,mm,-1891.94,99.88,99.91,99.8907,-0.86,4.36,0.01,chop,-0.53,stressed,-0.57,600,mm,65.30,25.35,25.36,25.3621,-5.46,0.96,1.00,mixed,-1.46,stressed,-1.12,0,mm,-2971.27
79.251,108,193.2,-5053.01,-5053.01,600,600,155.09,155.1,155.1271,-9.49,1.19,0.96,TREND,-1.51,stressed,-0.59,0,mm,-1891.94,99.88,99.91,99.8908,-0.84,4.36,0.01,chop,-0.53,stressed,-0.57,600,mm,65.30,25.35,25.36,25.3620,-5.42,0.96,1.00,mixed,-1.46,stressed,-1.12,0,mm,-2971.27
79.263,108,193.2,-5053.01,-5053.01,600,600,155.09,155.1,155.1269,-9.48,1.19,0.96,TREND,-1.51,stressed,-0.59,0,mm,-1891.94,99.88,99.91,99.8908,-0.84,4.36,0.01,chop,-0.53,stressed,-0.57,600,mm,65.30,25.35,25.36,25.3620,-5.41,0.96,1.00,mixed,-1.46,stressed,-1.12,0,mm,-2971.27
79.288,108,193.2,-5053.01,-5053.01,600,600,155.09,155.1,155.1265,-9.46,1.19,0.96,TREND,-1.51,stressed,-0.59,0,mm,-1891.94,99.88,99.91,99.8909,-0.83,4.36,0.01,chop,-0.53,stressed,-0.57,600,mm,65.30,25.35,25.36,25.3619,-5.38,0.96,1.00,mixed,-1.46,stressed,-1.12,0,mm,-2971.27
79.314,108,193.2,-5053.01,-5053.01,600,600,155.09,155.1,155.1261,-9.44,1.19,0.96,TREND,-1.47,stressed,-0.59,0,mm,-1891.94,99.88,99.91,99.8909,-0.82,4.36,0.01,chop,-0.53,stressed,-0.57,600,mm,65.30,25.35,25.36,25.3618,-5.36,0.96,1.00,mixed,-1.42,normal,-1.12,0,mm,-2971.27
79.340,108,193.2,-5053.01,-5053.01,600,600,155.09,155.1,155.1258,-9.42,1.19,0.96,TREND,-1.47,stressed,-0.59,0,mm,-1891.94,99.88,99.91,99.8910,-0.81,4.36,0.01,chop,-0.53,stressed,-0.57,600,mm,65.30,25.35,25.36,25.3617,-5.34,0.96,1.00,mixed,-1.42,normal,-1.12,0,mm,-2971.27
79.390,109,190.8,-5071.45,-5071.45,600,600,155.09,155.1,155.1251,-9.38,1.19,0.96,TREND,-1.47,stressed,-0.59,0,mm,-1891.94,99.95,99.96,99.8925,-0.55,4.36,0.01,chop,-0.53,stressed,0.14,600,mm,29.30,25.35,25.36,25.3616,-5.29,0.96,1.00,mixed,-1.42,normal,-1.12,0,mm,-2971.27
79.432,109,190.8,-5071.45,-5071.45,600,600,155.09,155.1,155.1245,-9.34,1.19,0.96,TREND,-1.47,stressed,-0.59,0,mm,-1891.94,99.95,99.96,99.8937,-0.35,4.36,0.01,chop,-0.53,stressed,0.14,600,mm,29.30,25.35,25.36,25.3614,-5.25,0.96,1.00,mixed,-1.42,normal,-1.12,0,mm,-2971.27
79.457,109,190.8,-5071.45,-5071.45,600,600,155.09,155.1,155.1241,-9.32,1.19,0.96,TREND,-1.47,stressed,-0.59,0,mm,-1891.94,99.95,99.96,99.8944,-0.23,4.36,0.01,chop,-0.53,stressed,0.14,600,mm,29.30,25.35,25.36,25.3614,-5.23,0.96,1.00,mixed,-1.42,normal,-1.12,0,mm,-2971.27
79.482,109,190.8,-5071.45,-5071.45,600,600,155.09,155.1,155.1238,-9.29,1.16,0.96,TREND,-1.47,stressed,-0.59,0,mm,-1891.94,99.95,99.96,99.8951,-0.11,4.17,0.09,chop,0.34,stressed,0.14,600,mm,29.30,25.35,25.36,25.3613,-5.20,0.91,1.00,mixed,-1.42,normal,-1.12,0,mm,-2971.27
79.514,109,190.8,-5071.45,-5071.45,600,600,155.09,155.1,155.1233,-9.26,1.16,0.96,TREND,-1.47,stressed,-0.59,0,mm,-1891.94,99.95,99.96,99.8960,0.03,4.17,0.09,chop,0.34,stressed,0.14,600,mm,29.30,25.35,25.36,25.3612,-5.18,0.91,1.00,mixed,-1.42,normal,-1.12,0,mm,-2971.27
79.533,109,190.8,-5071.45,-5071.45,600,600,155.09,155.1,155.1231,-9.24,1.16,0.96,TREND,-1.47,stressed,-0.59,0,mm,-1891.94,99.95,99.96,99.8965,0.10,4.17,0.09,chop,0.34,stressed,0.14,600,mm,29.30,25.35,25.36,25.3611,-5.16,0.91,1.00,mixed,-1.42,normal,-1.12,0,mm,-2971.27
79.558,109,190.8,-5071.45,-5071.45,600,600,155.09,155.1,155.1228,-9.22,1.16,0.96,TREND,-1.47,stressed,-0.59,0,mm,-1891.94,99.95,99.96,99.8973,0.21,4.17,0.09,chop,0.34,stressed,0.14,600,mm,29.30,25.35,25.36,25.3611,-5.14,0.91,1.00,mixed,-1.42,normal,-1.12,0,mm,-2971.27
79.584,109,190.8,-5071.45,-5071.45,600,600,155.09,155.1,155.1224,-9.19,1.16,0.94,TREND,-1.43,stressed,-0.59,0,mm,-1891.94,99.95,99.96,99.8980,0.32,4.17,0.09,chop,0.34,stressed,0.14,600,mm,29.30,25.35,25.36,25.3610,-5.11,0.91,1.00,mixed,-1.37,normal,-1.12,0,mm,-2971.27
79.610,109,190.8,-5071.45,-5071.45,600,600,155.09,155.1,155.1221,-9.17,1.16,0.94,TREND,-1.43,stressed,-0.59,0,mm,-1891.94,99.95,99.96,99.8987,0.42,4.17,0.09,chop,0.34,stressed,0.14,600,mm,29.30,25.35,25.36,25.3609,-5.09,0.91,1.00,mixed,-1.37,normal,-1.12,0,mm,-2971.27
79.683,109,190.8,-5071.45,-5071.45,1800,1800,155.09,155.1,155.1212,-9.09,1.16,0.94,TREND,-1.43,stressed,-0.59,0,mm,-1891.94,99.89,99.93,99.8990,0.43,4.17,0.09,chop,0.34,stressed,0.14,1800,mm,-69.10,25.35,25.36,25.3607,-5.03,0.91,1.00,mixed,-1.37,normal,-1.12,0,mm,-2971.27
79.743,109,190.8,-5071.45,-5071.45,1800,1800,155.09,155.1,155.1204,-9.03,1.16,0.94,TREND,-1.43,stressed,-0.59,0,mm,-1891.94,99.89,99.93,99.8993,0.44,4.17,0.02,chop,-0.31,stressed,0.14,1800,mm,-69.10,25.35,25.36,25.3606,-4.97,0.91,1.00,mixed,-1.37,normal,-1.12,0,mm,-2971.27
79.774,109,190.8,-5071.45,-5071.45,1800,1800,155.09,155.1,155.1201,-9.00,1.16,0.94,TREND,-1.43,stressed,-0.59,0,mm,-1891.94,99.89,99.93,99.8995,0.44,4.17,0.02,chop,-0.31,stressed,0.14,1800,mm,-69.10,25.35,25.36,25.3605,-4.95,0.91,1.00,mixed,-1.37,normal,-1.12,0,mm,-2971.27
79.793,109,190.8,-5071.45,-5071.45,1800,1800,155.09,155.1,155.1198,-8.98,1.16,0.94,TREND,-1.43,stressed,-0.59,0,mm,-1891.94,99.89,99.93,99.8996,0.44,4.17,0.02,chop,-0.31,stressed,0.14,1800,mm,-69.10,25.35,25.36,25.3604,-4.93,0.91,1.00,mixed,-1.37,normal,-1.12,0,mm,-2971.27
79.819,109,190.8,-5071.45,-5071.45,1800,1800,155.09,155.1,155.1195,-8.95,1.16,0.94,TREND,-1.43,stressed,-0.59,0,mm,-1891.94,99.89,99.93,99.8997,0.45,4.17,0.02,chop,-0.31,stressed,0.14,1800,mm,-69.10,25.35,25.36,25.3604,-4.91,0.91,1.00,mixed,-1.37,normal,-1.12,0,mm,-2971.27
79.845,109,190.8,-5071.45,-5071.45,1800,1800,155.09,155.1,155.1192,-8.92,1.16,0.89,TREND,-1.40,stressed,-0.59,0,mm,-1891.94,99.89,99.93,99.8998,0.45,4.17,0.02,chop,-0.31,stressed,0.14,1800,mm,-69.10,25.35,25.36,25.3603,-4.89,0.91,1.00,mixed,-1.33,normal,-1.12,0,mm,-2971.27
79.966,109,192.6,-5071.45,-5071.45,4000,1000,155.08,155.1,155.1176,-8.84,1.16,0.89,TREND,-1.40,stressed,-0.59,-1500,mm,-1888.49,99.79,99.92,99.8998,0.45,4.17,0.02,chop,-0.31,stressed,0.14,2500,mm,-227.50,25.35,25.36,25.3600,-4.78,0.91,1.00,mixed,-1.33,normal,-1.12,0,mm,-2971.27
79.997,109,192.6,-5071.45,-5071.45,4000,1000,155.08,155.1,155.1172,-8.81,1.09,0.89,TREND,-1.40,stressed,-0.59,-1500,mm,-1888.49,99.79,99.92,99.8998,0.45,4.17,0.02,chop,-0.31,stressed,0.14,2500,mm,-227.50,25.35,25.36,25.3599,-4.76,0.86,1.00,mixed,-1.33,normal,-1.12,0,mm,-2971.27
80.090,109,192.6,-5071.45,-5071.45,4000,1000,155.08,155.1,155.1161,-8.74,1.09,0.89,TREND,-1.40,stressed,-0.59,-1500,mm,-1873.49,99.91,99.92,99.9005,0.49,4.16,0.03,chop,-0.23,stressed,0.14,2500,mm,22.50,25.35,25.36,25.3597,-4.68,0.86,1.00,mixed,-1.33,normal,-1.12,0,mm,-2971.27
80.154,109,192.6,-5071.45,-5071.45,4000,1000,155.08,155.1,155.1153,-8.68,1.09,0.89,TREND,-1.42,stressed,-0.59,-1500,mm,-1873.49,99.91,99.92,99.9009,0.52,4.16,0.03,chop,-0.23,stressed,0.14,2500,mm,22.50,25.35,25.36,25.3596,-4.63,0.86,1.00,mixed,-1.31,normal,-1.12,0,mm,-2971.27
80.201,109,192.6,-5071.45,-5071.45,5000,2000,155.08,155.1,155.1148,-8.64,1.09,0.89,TREND,-1.42,stressed,-0.59,-1500,mm,-1873.49,99.79,99.88,99.8995,0.24,4.16,0.03,chop,-0.23,stressed,0.14,3500,mm,-347.50,25.35,25.36,25.3595,-4.59,0.86,1.00,mixed,-1.31,normal,-1.12,0,mm,-2971.27
80.233,109,192.6,-5071.45,-5071.45,5000,2000,155.08,155.1,155.1144,-8.61,1.09,0.89,TREND,-1.42,stressed,-0.59,-1500,mm,-1873.49,99.79,99.88,99.8985,0.05,4.16,0.03,chop,-0.23,stressed,0.14,3500,mm,-347.50,25.35,25.36,25.3594,-4.57,0.86,1.00,mixed,-1.31,normal,-1.12,0,mm,-2971.27
80.260,109,192.6,-5071.45,-5071.45,5000,2000,155.08,155.1,155.1141,-8.59,1.09,0.89,TREND,-1.42,stressed,-0.59,-1500,mm,-1873.49,99.79,99.88,99.8977,-0.09,4.16,0.03,chop,-0.23,stressed,0.14,3500,mm,-347.50,25.35,25.36,25.3594,-4.54,0.86,1.00,mixed,-1.31,normal,-1.12,0,mm,-2971.27
80.281,109,192.6,-5071.45,-5071.45,5000,2000,155.08,155.1,155.1138,-8.57,1.09,0.89,TREND,-1.42,stressed,-0.59,-1500,mm,-1873.49,99.79,99.88,99.8971,-0.21,4.16,0.03,chop,-0.23,stressed,0.14,3500,mm,-347.50,25.35,25.36,25.3593,-4.53,0.86,1.00,mixed,-1.31,normal,-1.12,0,mm,-2971.27
80.304,109,192.6,-5071.45,-5071.45,5000,2000,155.08,155.1,155.1136,-8.55,1.09,0.89,TREND,-1.42,stressed,-0.59,-1500,mm,-1873.49,99.79,99.88,99.8964,-0.33,4.16,0.03,chop,-0.23,stressed,0.14,3500,mm,-347.50,25.35,25.36,25.3593,-4.51,0.86,1.00,mixed,-1.31,normal,-1.12,0,mm,-2971.27
80.332,109,192.6,-5071.45,-5071.45,5000,2000,155.08,155.1,155.1133,-8.52,1.09,0.89,TREND,-1.42,stressed,-0.59,-1500,mm,-1873.49,99.79,99.88,99.8956,-0.47,4.16,0.03,chop,-0.23,stressed,0.14,3500,mm,-347.50,25.35,25.36,25.3592,-4.49,0.86,1.00,mixed,-1.31,normal,-1.12,0,mm,-2971.27
80.356,109,192.6,-5071.45,-5071.45,5000,2000,155.08,155.1,155.1130,-8.50,1.09,0.89,TREND,-1.42,stressed,-0.59,-1500,mm,-1873.49,99.79,99.88,99.8950,-0.59,4.16,0.02,chop,-1.36,stressed,0.14,3500,mm,-347.50,25.35,25.36,25.3592,-4.47,0.86,1.00,mixed,-1.31,normal,-1.12,0,mm,-2971.27
80.401,110,189.8,-4822.26,-4822.26,5000,2000,155.08,155.1,155.1125,-8.45,1.09,0.89,TREND,-1.42,stressed,-0.57,-1500,mm,-1873.49,99.89,99.92,99.8952,-0.55,4.16,0.02,chop,-1.36,stressed,-0.72,3500,mm,-347.50,25.35,25.36,25.3591,-4.43,0.86,1.00,mixed,-1.31,normal,-1.12,0,mm,-2971.27
80.443,110,189.8,-4822.26,-4822.26,3000,0,155.08,155.1,155.1121,-8.41,1.09,0.89,TREND,-1.38,stressed,-0.57,-1500,mm,-1873.49,99.89,99.92,99.8954,-0.51,4.16,0.02,chop,-1.36,stressed,-0.72,1500,mm,-1.50,25.35,25.36,25.3590,-4.40,0.86,1.00,mixed,-1.26,normal,-1.12,0,mm,-2971.27
80.467,110,189.8,-4822.26,-4822.26,3000,0,155.08,155.1,155.1118,-8.39,1.09,0.89,TREND,-1.38,stressed,-0.57,-1500,mm,-1873.49,99.89,99.92,99.8955,-0.49,4.16,0.02,chop,-1.36,stressed,-0.72,1500,mm,-1.50,25.35,25.36,25.3590,-4.38,0.86,1.00,mixed,-1.26,normal,-1.12,0,mm,-2971.27
80.489,110,189.8,-4822.26,-4822.26,3000,0,155.08,155.1,155.1116,-8.37,1.09,0.89,TREND,-1.38,stressed,-0.57,-1500,mm,-1873.49,99.89,99.92,99.8956,-0.47,4.16,0.02,chop,-1.36,stressed,-0.72,1500,mm,-1.50,25.35,25.36,25.3589,-4.37,0.86,1.00,mixed,-1.26,normal,-1.12,0,mm,-2971.27
80.517,110,189.8,-4822.26,-4822.26,3000,0,155.08,155.1,155.1113,-8.34,1.06,0.89,TREND,-1.38,stressed,-0.57,-1500,mm,-1873.49,99.89,99.92,99.8957,-0.45,4.16,0.02,chop,-1.36,stressed,-0.72,1500,mm,-1.50,25.35,25.36,25.3589,-4.34,0.81,1.00,mixed,-1.26,normal,-1.12,0,mm,-2971.27
80.550,110,189.8,-4822.26,-4822.26,3000,0,155.08,155.1,155.1110,-8.31,1.06,0.89,TREND,-1.38,stressed,-0.57,-1500,mm,-1873.49,99.89,99.92,99.8959,-0.43,4.16,0.02,chop,-1.36,stressed,-0.72,1500,mm,-1.50,25.35,25.36,25.3588,-4.32,0.81,1.00,mixed,-1.26,normal,-1.12,0,mm,-2971.27
80.566,110,189.8,-4822.26,-4822.26,3000,0,155.08,155.1,155.1108,-8.29,1.06,0.89,TREND,-1.38,stressed,-0.57,-1500,mm,-1873.49,99.89,99.92,99.8959,-0.42,4.16,0.02,chop,-1.36,stressed,-0.72,1500,mm,-1.50,25.35,25.36,25.3588,-4.31,0.81,1.00,mixed,-1.26,normal,-1.12,0,mm,-2971.27
80.590,110,189.8,-4822.26,-4822.26,3000,0,155.08,155.1,155.1106,-8.26,1.06,0.89,TREND,-1.38,stressed,-0.57,-1500,mm,-1873.49,99.89,99.92,99.8960,-0.40,3.85,0.02,chop,-1.36,stressed,-0.72,1500,mm,-1.50,25.35,25.36,25.3587,-4.29,0.81,1.00,mixed,-1.26,normal,-1.12,0,mm,-2971.27
80.615,110,189.8,-4822.26,-4822.26,3000,0,155.08,155.1,155.1104,-8.24,1.06,0.89,TREND,-1.38,stressed,-0.57,-1500,mm,-1873.49,99.89,99.92,99.8961,-0.38,3.85,0.03,chop,-0.36,stressed,-0.72,1500,mm,-1.50,25.35,25.36,25.3587,-4.27,0.81,1.00,mixed,-1.26,normal,-1.12,0,mm,-2971.27
80.688,110,189.8,-4822.26,-4822.26,3400,400,155.07,155.1,155.1095,-8.19,1.06,0.89,TREND,-1.38,stressed,-0.57,-1500,mm,-1873.49,99.9,99.91,99.8964,-0.34,3.85,0.03,chop,-0.36,stressed,-0.72,1900,mm,-89.30,25.35,25.36,25.3586,-4.22,0.81,1.00,mixed,-1.26,normal,-1.12,0,mm,-2971.27
80.742,110,189.8,-4822.26,-4822.26,3400,400,155.07,155.1,155.1089,-8.15,1.06,0.89,TREND,-1.39,stressed,-0.57,-1500,mm,-1873.49,99.9,99.91,99.8967,-0.30,3.85,0.03,chop,-0.36,stressed,-0.72,1900,mm,-89.30,25.35,25.36,25.3585,-4.18,0.81,1.00,mixed,-1.23,normal,-1.12,0,mm,-2971.27
80.761,110,189.8,-4822.26,-4822.26,3400,400,155.07,155.1,155.1087,-8.14,1.06,0.89,TREND,-1.39,stressed,-0.57,-1500,mm,-1873.49,99.9,99.91,99.8967,-0.29,3.85,0.03,chop,-0.36,stressed,-0.72,1900,mm,-89.30,25.35,25.36,25.3584,-4.16,0.81,1.00,mixed,-1.23,normal,-1.12,0,mm,-2971.27
80.784,110,189.8,-4822.26,-4822.26,3400,400,155.07,155.1,155.1084,-8.12,1.06,0.89,TREND,-1.39,stressed,-0.57,-1500,mm,-1873.49,99.9,99.91,99.8968,-0.28,3.85,0.03,chop,-0.36,stressed,-0.72,1900,mm,-89.30,25.35,25.36,25.3584,-4.14,0.81,1.00,mixed,-1.23,normal,-1.12,0,mm,-2971.27
80.817,110,189.8,-4822.26,-4822.26,3400,400,155.07,155.1,155.1081,-8.10,1.06,0.89,TREND,-1.39,stressed,-0.57,-1500,mm,-1873.49,99.9,99.91,99.8969,-0.26,3.85,0.03,chop,-0.36,stressed,-0.72,1900,mm,-89.30,25.35,25.36,25.3584,-4.12,0.81,1.00,mixed,-1.23,normal,-1.12,0,mm,-2971.27
80.836,110,189.8,-4822.26,-4822.26,3400,400,155.07,155.1,155.1079,-8.08,1.06,0.89,TREND,-1.39,stressed,-0.57,-1500,mm,-1873.49,99.9,99.91,99.8970,-0.25,3.85,0.03,chop,-0.36,stressed,-0.72,1900,mm,-89.30,25.35,25.36,25.3583,-4.11,0.81,1.00,mixed,-1.23,normal,-1.12,0,mm,-2971.27
80.861,110,189.8,-4822.26,-4822.26,3400,400,155.07,155.1,155.1076,-8.07,1.06,0.89,TREND,-1.39,stressed,-0.57,-1500,mm,-1873.49,99.9,99.91,99.8971,-0.24,3.85,0.03,chop,-0.36,stressed,-0.72,1900,mm,-89.30,25.35,25.36,25.3583,-4.09,0.81,1.00,mixed,-1.23,normal,-1.12,0,mm,-2971.27
80.990,110,191.6,-4822.26,-4822.26,3400,400,155.08,155.09,155.1063,-7.96,1.06,0.89,TREND,-1.39,stressed,-0.57,-1500,mm,-1873.49,99.9,99.91,99.8976,-0.18,3.85,0.07,chop,-0.34,stressed,-0.72,1900,mm,-89.30,25.35,25.36,25.3581,-4.00,0.81,1.00,mixed,-1.23,normal,-1.12,0,mm,-2971.27
81.055,110,191.6,-4822.26,-4822.26,2100,1700,155.06,155.09,155.1053,-7.96,1.02,0.89,TREND,-1.44,stressed,-0.57,-200,mm,-1826.50,99.79,99.93,99.8976,-0.18,3.85,0.07,chop,-0.34,stressed,-0.72,1900,mm,-184.30,25.35,25.36,25.3580,-3.95,0.76,1.00,mixed,-1.19,normal,-1.12,0,mm,-2971.27
81.123,110,191.6,-4822.26,-4822.26,2100,1700,155.06,155.09,155.1044,-7.95,1.02,0.89,TREND,-1.44,stressed,-0.57,-200,mm,-1826.50,99.79,99.93,99.8976,-0.18,3.85,0.07,chop,-0.34,stressed,-0.72,1900,mm,-184.30,25.35,25.36,25.3579,-3.90,0.76,1.00,mixed,-1.19,normal,-1.12,0,mm,-2971.27
81.145,110,191.6,-4822.26,-4822.26,2100,1700,155.06,155.09,155.1041,-7.95,1.02,0.89,TREND,-1.44,stressed,-0.57,-200,mm,-1826.50,99.79,99.93,99.8976,-0.18,3.85,0.07,chop,-0.34,stressed,-0.72,1900,mm,-184.30,25.35,25.36,25.3579,-3.89,0.76,1.00,mixed,-1.19,normal,-1.12,0,mm,-2971.27
81.222,110,191.6,-4822.26,-4822.26,2800,2800,155.07,155.1,155.1034,-7.87,1.02,0.89,TREND,-1.44,stressed,-0.57,1500,mm,-1833.59,99.87,99.99,99.8976,-0.18,3.85,0.07,chop,-0.34,stressed,-0.72,1300,mm,-68.50,25.35,25.36,25.3578,-3.84,0.76,1.00,mixed,-1.19,normal,-1.12,0,mm,-2971.27
81.307,110,191.6,-4822.26,-4822.26,2800,2800,155.07,155.1,155.1027,-7.78,1.02,0.70,mixed,-1.34,stressed,-0.57,1500,mm,-1833.59,99.87,99.99,99.8976,-0.18,3.85,0.07,chop,-0.34,stressed,-0.72,1300,mm,-68.50,25.35,25.36,25.3577,-3.78,0.76,0.00,chop,-1.18,normal,-1.12,0,mm,-2971.27
81.344,110,191.6,-4822.26,-4822.26,2800,2800,155.07,155.1,155.1024,-7.74,1.02,0.70,mixed,-1.34,stressed,-0.57,1500,mm,-1833.59,99.87,99.99,99.8976,-0.18,3.85,0.07,chop,-0.34,stressed,-0.72,1300,mm,-68.50,25.35,25.36,25.3576,-3.76,0.76,0.00,chop,-1.18,normal,-1.12,0,mm,-2971.27
81.359,110,191.6,-4822.26,-4822.26,2800,2800,155.07,155.1,155.1022,-7.72,1.02,0.70,mixed,-1.34,stressed,-0.57,1500,mm,-1833.59,99.87,99.99,99.8976,-0.18,3.85,0.07,chop,-0.34,stressed,-0.72,1300,mm,-68.50,25.35,25.36,25.3576,-3.75,0.76,0.00,chop,-1.18,normal,-1.12,0,mm,-2971.27
81.384,110,191.6,-4822.26,-4822.26,2800,2800,155.07,155.1,155.1020,-7.70,1.02,0.70,mixed,-1.34,stressed,-0.57,1500,mm,-1833.59,99.87,99.99,99.8976,-0.18,3.85,0.07,chop,-0.34,stressed,-0.72,1300,mm,-68.50,25.35,25.36,25.3576,-3.73,0.76,0.00,chop,-1.18,normal,-1.12,0,mm,-2971.27
81.410,111,188.8,-4982.07,-4982.07,2800,2800,155.07,155.1,155.1018,-7.67,1.02,0.70,mixed,-1.34,stressed,-0.50,1500,mm,-1833.59,99.87,99.99,99.8976,-0.18,3.85,0.07,chop,-0.34,stressed,-0.72,1300,mm,-68.50,25.35,25.36,25.3575,-3.71,0.76,0.00,chop,-1.18,normal,-1.12,0,mm,-2971.27
81.477,111,188.8,-4982.07,-4982.07,1500,1500,155.07,155.09,155.1011,-7.62,1.02,0.70,mixed,-1.34,stressed,-0.50,1300,mm,-1812.13,99.99,100.01,99.9008,0.36,4.32,0.16,chop,1.14,stressed,-0.72,200,mm,128.30,25.35,25.36,25.3575,-3.67,0.76,0.00,chop,-1.18,normal,-1.12,0,mm,-2971.27
81.528,111,188.8,-4982.07,-4982.07,1500,1500,155.07,155.09,155.1006,-7.59,1.02,0.70,mixed,-1.34,stressed,-0.50,1300,mm,-1812.13,99.99,100.01,99.9031,0.74,4.32,0.16,chop,1.14,stressed,-0.72,200,mm,128.30,25.35,25.36,25.3574,-3.64,0.76,0.00,chop,-1.18,normal,-1.12,0,mm,-2971.27
81.553,111,188.8,-4982.07,-4982.07,1500,1500,155.07,155.09,155.1004,-7.57,1.02,0.70,mixed,-1.34,stressed,-0.50,1300,mm,-1812.13,99.99,100.01,99.9043,0.92,4.32,0.16,chop,1.14,stressed,-0.72,200,mm,128.30,25.35,25.36,25.3574,-3.62,0.76,0.00,chop,-1.18,normal,-1.12,0,mm,-2971.27
81.569,111,188.8,-4982.07,-4982.07,1500,1500,155.07,155.09,155.1002,-7.56,1.04,0.70,mixed,-1.35,stressed,-0.50,1300,mm,-1812.13,99.99,100.01,99.9050,1.03,4.32,0.16,chop,1.14,stressed,-0.72,200,mm,128.30,25.35,25.36,25.3574,-3.61,0.72,0.00,chop,-1.13,normal,-1.12,0,mm,-2971.27
81.600,111,188.8,-4982.07,-4982.07,1500,1500,155.07,155.09,155.1000,-7.53,1.04,0.70,mixed,-1.35,stressed,-0.50,1300,mm,-1812.13,99.99,100.01,99.9064,1.24,4.32,0.16,chop,1.14,stressed,-0.72,200,mm,128.30,25.35,25.36,25.3573,-3.59,0.72,0.00,chop,-1.13,normal,-1.12,0,mm,-2971.27
81.620,111,188.8,-4982.07,-4982.07,1500,1500,155.07,155.09,155.0998,-7.52,1.04,0.70,mixed,-1.35,stressed,-0.50,1300,mm,-1812.13,99.99,100.01,99.9072,1.37,4.32,0.16,chop,1.14,stressed,-0.72,200,mm,128.30,25.35,25.36,25.3573,-3.58,0.72,0.00,chop,-1.13,normal,-1.12,0,mm,-2971.27
81.644,111,188.8,-4982.07,-4982.07,1500,1500,155.07,155.09,155.0995,-7.50,1.04,0.70,mixed,-1.35,stressed,-0.50,1300,mm,-1812.13,99.99,100.01,99.9083,1.52,4.32,0.16,chop,1.14,stressed,-0.72,200,mm,128.30,25.35,25.36,25.3573,-3.56,0.72,0.00,chop,-1.13,normal,-1.12,0,mm,-2971.27
81.670,111,188.8,-4982.07,-4982.07,1500,1500,155.07,155.09,155.0993,-7.48,1.04,0.70,mixed,-1.35,stressed,-0.50,1300,mm,-1812.13,99.99,100.01,99.9094,1.68,4.32,0.16,chop,1.14,stressed,-0.72,200,mm,128.30,25.35,25.36,25.3572,-3.55,0.72,0.00,chop,-1.13,normal,-1.12,0,mm,-2971.27
81.730,111,188.8,-4982.07,-4982.07,2300,700,155.06,155.08,155.0985,-7.48,1.04,0.70,mixed,-1.35,stressed,-0.50,1300,mm,-1825.13,100.0,100.01,99.9121,2.05,4.32,0.16,chop,1.29,stressed,-0.72,200,mm,126.30,25.35,25.36,25.3572,-3.51,0.72,0.00,chop,-1.13,normal,-1.12,-800,mm,-2970.39
81.775,111,188.8,-4982.07,-4982.07,2300,700,155.06,155.08,155.0979,-7.47,1.04,0.70,mixed,-1.35,stressed,-0.50,1300,mm,-1825.13,100.0,100.01,99.9140,2.32,4.32,0.16,chop,1.29,stressed,-0.72,200,mm,126.30,25.35,25.36,25.3571,-3.48,0.72,0.00,chop,-1.13,normal,-1.12,-800,mm,-2970.39
81.818,111,188.8,-4982.07,-4982.07,2300,700,155.06,155.08,155.0973,-7.47,1.04,0.70,mixed,-1.35,stressed,-0.50,1300,mm,-1825.13,100.0,100.01,99.9158,2.55,4.32,0.16,chop,1.29,stressed,-0.72,200,mm,126.30,25.35,25.36,25.3571,-3.46,0.72,0.00,chop,-1.13,normal,-1.12,-800,mm,-2970.39
81.834,111,188.8,-4982.07,-4982.07,2300,700,155.06,155.08,155.0971,-7.47,1.04,0.71,mixed,-1.39,stressed,-0.50,1300,mm,-1825.13,100.0,100.01,99.9165,2.64,4.32,0.16,chop,1.29,stressed,-0.72,200,mm,126.30,25.35,25.36,25.3571,-3.45,0.72,0.00,chop,-1.10,normal,-1.12,-800,mm,-2970.39
81.864,111,188.8,-4982.07,-4982.07,2300,700,155.06,155.08,155.0967,-7.46,1.04,0.71,mixed,-1.39,stressed,-0.50,1300,mm,-1825.13,100.0,100.01,99.9178,2.79,4.32,0.16,chop,1.29,stressed,-0.72,200,mm,126.30,25.35,25.36,25.3570,-3.43,0.72,0.00,chop,-1.10,normal,-1.12,-800,mm,-2970.39
81.886,111,188.8,-4982.07,-4982.07,2300,700,155.06,155.08,155.0965,-7.46,1.04,0.71,mixed,-1.39,stressed,-0.50,1300,mm,-1825.13,100.0,100.01,99.9187,2.90,4.32,0.16,chop,1.29,stressed,-0.72,200,mm,126.30,25.35,25.36,25.3570,-3.41,0.72,0.00,chop,-1.10,normal,-1.12,-800,mm,-2970.39
81.911,111,190.4,-4982.07,-4982.07,2300,700,155.06,155.08,155.0962,-7.45,1.04,0.71,mixed,-1.39,stressed,-0.50,1300,mm,-1825.13,100.0,100.01,99.9196,3.02,4.32,0.16,chop,1.29,stressed,-0.72,200,mm,126.30,25.35,25.36,25.3570,-3.40,0.72,0.00,chop,-1.10,normal,-1.12,-800,mm,-2970.39
82.019,111,190.4,-4982.07,-4982.07,4240,2640,155.06,155.08,155.0949,-7.42,1.04,0.71,mixed,-1.39,stressed,-0.50,1300,mm,-1838.13,99.98,100.01,99.9234,3.42,4.02,0.16,chop,1.22,stressed,-0.72,2140,mm,143.82,25.35,25.36,25.3569,-3.34,0.72,0.00,chop,-1.10,normal,-1.12,-800,mm,-2970.39
82.122,111,190.4,-4982.07,-4982.07,4240,2640,155.05,155.07,155.0932,-7.46,1.05,0.74,mixed,-1.44,stressed,-0.50,1300,mm,-1838.13,99.9,100.0,99.9246,3.39,4.02,0.16,chop,1.22,stressed,-0.72,2140,mm,143.82,25.35,25.39,25.3575,-3.16,0.81,1.00,mixed,-0.92,normal,-1.12,-800,mm,-2970.39
82.176,111,190.4,-4982.07,-4982.07,4240,2640,155.05,155.07,155.0924,-7.47,1.05,0.74,mixed,-1.44,stressed,-0.50,1300,mm,-1838.13,99.9,100.0,99.9253,3.37,4.02,0.16,chop,1.22,stressed,-0.72,2140,mm,143.82,25.35,25.39,25.3578,-3.07,0.81,1.00,mixed,-0.92,normal,-1.12,-800,mm,-2970.39
82.283,111,190.4,-4982.07,-4982.07,6340,3340,155.06,155.07,155.0910,-7.44,1.05,0.74,mixed,-1.44,stressed,-0.50,1300,mm,-1838.13,99.87,99.99,99.9253,3.37,4.02,0.16,chop,1.22,stressed,-0.72,3540,mm,-177.58,25.35,25.36,25.3577,-3.03,0.81,1.00,mixed,-0.92,normal,-1.12,-1500,mm,-2999.62
82.313,111,190.4,-4982.07,-4982.07,6340,3340,155.06,155.07,155.0907,-7.43,1.05,0.74,mixed,-1.44,stressed,-0.50,1300,mm,-1838.13,99.87,99.99,99.9253,3.37,4.02,0.16,chop,1.22,stressed,-0.72,3540,mm,-177.58,25.35,25.36,25.3577,-3.02,0.81,1.00,mixed,-0.92,normal,-1.12,-1500,mm,-2999.62
82.328,111,190.4,-4982.07,-4982.07,6340,3340,155.06,155.07,155.0905,-7.43,1.05,0.74,mixed,-1.44,stressed,-0.50,1300,mm,-1838.13,99.87,99.99,99.9253,3.37,4.02,0.16,chop,1.22,stressed,-0.72,3540,mm,-177.58,25.35,25.36,25.3576,-3.01,0.81,1.00,mixed,-0.92,normal,-1.12,-1500,mm,-2999.62
82.352,111,190.4,-4982.07,-4982.07,6340,3340,155.06,155.07,155.0902,-7.42,1.05,0.74,mixed,-1.44,stressed,-0.50,1300,mm,-1838.13,99.87,99.99,99.9253,3.37,4.02,0.16,chop,1.22,stressed,-0.72,3540,mm,-177.58,25.35,25.36,25.3576,-3.00,0.81,1.00,mixed,-0.92,normal,-1.12,-1500,mm,-2999.62
82.380,111,190.4,-4982.07,-4982.07,6340,3340,155.06,155.07,155.0899,-7.41,1.05,0.65,mixed,-1.37,stressed,-0.50,1300,mm,-1838.13,99.87,99.99,99.9253,3.37,4.02,0.16,chop,1.22,stressed,-0.72,3540,mm,-177.58,25.35,25.36,25.3576,-2.99,0.81,0.00,chop,-1.05,normal,-1.12,-1500,mm,-2999.62
82.410,111,190.4,-4982.07,-4982.07,6340,3340,155.06,155.07,155.0895,-7.40,1.05,0.65,mixed,-1.37,stressed,-0.50,1300,mm,-1838.13,99.87,99.99,99.9253,3.37,4.02,0.16,chop,1.22,stressed,-0.72,3540,mm,-177.58,25.35,25.36,25.3575,-2.98,0.81,0.00,chop,-1.05,normal,-1.12,-1500,mm,-2999.62
82.433,112,187.9,-4664.70,-4664.70,6340,3340,155.06,155.07,155.0893,-7.39,1.05,0.65,mixed,-1.37,stressed,-0.62,1300,mm,-1838.13,99.87,99.99,99.9253,3.37,4.02,0.16,chop,1.22,stressed,-0.72,3540,mm,-177.58,25.35,25.36,25.3575,-2.97,0.81,0.00,chop,-1.05,normal,-1.12,-1500,mm,-2999.62
82.484,112,187.9,-4664.70,-4664.70,6340,3340,155.06,155.07,155.0887,-7.36,1.05,0.65,mixed,-1.37,stressed,-0.62,1300,mm,-1838.13,99.87,99.99,99.9253,3.37,4.02,0.16,chop,1.22,stressed,-0.72,3540,mm,-177.58,25.35,25.37,25.3576,-2.93,0.81,0.00,chop,-1.05,normal,-1.12,-1500,mm,-2999.62
82.533,112,187.9,-4664.70,-4664.70,6340,3340,155.06,155.07,155.0882,-7.34,1.05,0.65,mixed,-1.37,stressed,-0.62,1300,mm,-1825.13,99.98,99.99,99.9266,3.49,3.78,0.09,chop,1.21,stressed,-0.72,3540,mm,-283.78,25.35,25.37,25.3576,-2.90,0.81,0.00,chop,-1.05,normal,-1.12,-1500,mm,-2954.62
82.563,112,187.9,-4664.70,-4664.70,6340,3340,155.06,155.07,155.0878,-7.32,1.05,0.65,mixed,-1.37,stressed,-0.62,1300,mm,-1825.13,99.98,99.99,99.9275,3.57,3.78,0.09,chop,1.21,stressed,-0.72,3540,mm,-283.78,25.35,25.37,25.3577,-2.87,0.81,0.00,chop,-1.05,normal,-1.12,-1500,mm,-2954.62
82.582,112,187.9,-4664.70,-4664.70,6340,3340,155.06,155.07,155.0876,-7.31,1.05,0.65,mixed,-1.37,stressed,-0.62,1300,mm,-1825.13,99.98,99.99,99.9280,3.61,3.78,0.09,chop,1.21,stressed,-0.72,3540,mm,-283.78,25.35,25.37,25.3577,-2.86,0.81,0.00,chop,-1.05,normal,-1.12,-1500,mm,-2954.62
82.607,112,187.9,-4664.70,-4664.70,6340,3340,155.06,155.07,155.0874,-7.30,1.05,0.65,mixed,-1.37,stressed,-0.62,1300,mm,-1825.13,99.98,99.99,99.9286,3.66,3.78,0.09,chop,1.21,stressed,-0.72,3540,mm,-283.78,25.35,25.37,25.3577,-2.84,0.81,0.00,chop,-1.05,normal,-1.12,-1500,mm,-2954.62
82.634,112,187.9,-4664.70,-4664.70,6340,3340,155.06,155.07,155.0871,-7.28,1.07,0.73,mixed,-1.35,stressed,-0.62,1300,mm,-1825.13,99.98,99.99,99.9293,3.72,3.78,0.09,chop,1.21,stressed,-0.72,3540,mm,-283.78,25.35,25.37,25.3577,-2.82,0.81,0.14,chop,-0.98,normal,-1.12,-1500,mm,-2954.62
82.665,112,187.9,-4664.70,-4664.70,6340,3340,155.06,155.07,155.0868,-7.26,1.07,0.73,mixed,-1.35,stressed,-0.62,1300,mm,-1825.13,99.98,99.99,99.9302,3.78,3.78,0.09,chop,1.21,stressed,-0.72,3540,mm,-283.78,25.35,25.37,25.3578,-2.80,0.81,0.14,chop,-0.98,normal,-1.12,-1500,mm,-2954.62
82.685,112,187.9,-4664.70,-4664.70,6340,3340,155.06,155.07,155.0866,-7.25,1.07,0.73,mixed,-1.35,stressed,-0.62,1300,mm,-1825.13,99.98,99.99,99.9307,3.82,3.78,0.09,chop,1.21,stressed,-0.72,3540,mm,-283.78,25.35,25.37,25.3578,-2.78,0.81,0.14,chop,-0.98,normal,-1.12,-1500,mm,-2954.62
82.716,112,187.9,-4664.70,-4664.70,3740,540,155.06,155.07,155.0862,-7.23,1.07,0.73,mixed,-1.35,stressed,-0.62,1300,mm,-1825.13,99.87,99.97,99.9305,3.72,3.78,0.09,chop,1.21,stressed,-0.72,840,mm,47.44,25.35,25.38,25.3579,-2.75,0.81,0.14,chop,-0.98,normal,-1.12,-1600,mm,-2984.51
82.780,112,187.9,-4664.70,-4664.70,3740,540,155.06,155.07,155.0856,-7.19,1.07,0.73,mixed,-1.35,stressed,-0.62,1300,mm,-1825.13,99.87,99.97,99.9302,3.51,3.78,0.09,chop,1.21,stressed,-0.72,840,mm,47.44,25.35,25.38,25.3581,-2.68,0.81,0.14,chop,-0.98,normal,-1.12,-1600,mm,-2984.51
82.821,112,187.9,-4664.70,-4664.70,3740,540,155.06,155.07,155.0852,-7.16,1.07,0.73,mixed,-1.35,stressed,-0.62,1300,mm,-1825.13,99.87,99.97,99.9300,3.38,3.78,0.02,chop,0.04,stressed,-0.72,840,mm,47.44,25.35,25.38,25.3582,-2.64,0.81,0.14,chop,-0.98,normal,-1.12,-1600,mm,-2984.51
82.835,112,187.9,-4664.70,-4664.70,3740,540,155.06,155.07,155.0851,-7.15,1.07,0.73,mixed,-1.35,stressed,-0.62,1300,mm,-1825.13,99.87,99.97,99.9299,3.34,3.78,0.02,chop,0.04,stressed,-0.72,840,mm,47.44,25.35,25.38,25.3583,-2.63,0.81,0.14,chop,-0.98,normal,-1.12,-1600,mm,-2984.51
82.860,112,187.9,-4664.70,-4664.70,3740,540,155.06,155.07,155.0848,-7.14,1.07,0.73,mixed,-1.35,stressed,-0.62,1300,mm,-1825.13,99.87,99.97,99.9298,3.27,3.78,0.02,chop,0.04,stressed,-0.72,840,mm,47.44,25.35,25.38,25.3584,-2.60,0.81,0.14,chop,-0.98,normal,-1.12,-1600,mm,-2984.51
82.886,112,187.9,-4664.70,-4664.70,3740,540,155.06,155.07,155.0846,-7.12,1.07,0.70,mixed,-1.32,stressed,-0.62,1300,mm,-1825.13,99.87,99.97,99.9297,3.19,3.78,0.02,chop,0.04,stressed,-0.72,840,mm,47.44,25.35,25.38,25.3584,-2.57,0.81,0.25,mixed,-0.90,normal,-1.12,-1600,mm,-2984.51
82.919,112,187.9,-4664.70,-4664.70,3740,540,155.06,155.07,155.0843,-7.09,1.07,0.70,mixed,-1.32,stressed,-0.62,1300,mm,-1825.13,99.87,99.97,99.9296,3.10,3.78,0.02,chop,0.04,stressed,-0.72,840,mm,47.44,25.35,25.38,25.3585,-2.54,0.81,0.25,mixed,-0.90,normal,-1.12,-1600,mm,-2984.51
82.941,112,189.4,-4664.70,-4664.70,3740,540,155.06,155.07,155.0841,-7.08,1.07,0.70,mixed,-1.32,stressed,-0.62,1300,mm,-1825.13,99.87,99.97,99.9295,3.04,3.78,0.02,chop,0.04,stressed,-0.72,840,mm,47.44,25.35,25.38,25.3586,-2.52,0.81,0.25,mixed,-0.90,normal,-1.12,-1600,mm,-2984.51
82.975,112,189.4,-4664.70,-4664.70,3740,540,155.06,155.07,155.0838,-7.05,1.07,0.70,mixed,-1.32,stressed,-0.62,1300,mm,-1825.13,99.87,99.93,99.9290,2.90,3.78,0.02,chop,0.04,stressed,-0.72,840,mm,47.44,25.36,25.41,25.3590,-2.44,0.81,0.25,mixed,-0.90,normal,-1.12,-1600,mm,-2984.51
83.008,112,189.4,-4664.70,-4664.70,2900,-300,155.06,155.07,155.0835,-7.03,1.07,0.70,mixed,-1.32,stressed,-0.62,1300,mm,-1825.13,99.87,99.93,99.9285,2.76,3.78,0.02,chop,0.04,stressed,-0.72,0,mm,73.82,25.36,25.41,25.3594,-2.36,0.81,0.25,mixed,-0.90,normal,-1.12,-1600,mm,-2984.51
83.050,112,189.4,-4664.70,-4664.70,2900,-300,155.06,155.07,155.0831,-7.00,1.07,0.70,mixed,-1.32,stressed,-0.62,1300,mm,-1825.13,99.87,99.92,99.9279,2.58,4.27,0.02,chop,0.04,stressed,-0.72,0,mm,73.82,25.37,25.41,25.3600,-2.24,0.81,0.25,mixed,-0.90,normal,-1.12,-1600,mm,-3032.51
83.096,112,189.4,-4664.70,-4664.70,2900,-300,155.06,155.07,155.0828,-6.96,1.07,0.70,mixed,-1.32,stressed,-0.62,1300,mm,-1825.13,99.87,99.92,99.9272,2.39,4.27,0.08,chop,-0.41,stressed,-0.72,0,mm,73.82,25.37,25.41,25.3606,-2.12,0.81,0.25,mixed,-0.90,normal,-1.12,-1600,mm,-3032.51
83.118,112,189.4,-4664.70,-4664.70,2900,-300,155.06,155.07,155.0826,-6.94,1.07,0.70,mixed,-1.32,stressed,-0.62,1300,mm,-1825.13,99.87,99.92,99.9269,2.30,4.27,0.08,chop,-0.41,stressed,-0.72,0,mm,73.82,25.37,25.41,25.3610,-2.06,0.81,0.25,mixed,-0.90,normal,-1.12,-1600,mm,-3032.51
83.142,112,189.4,-4664.70,-4664.70,2900,-300,155.06,155.07,155.0824,-6.93,1.03,0.70,mixed,-1.30,stressed,-0.62,1300,mm,-1825.13,99.87,99.92,99.9265,2.21,4.27,0.08,chop,-0.41,stressed,-0.72,0,mm,73.82,25.37,25.41,25.3613,-2.00,1.01,0.54,mixed,-0.62,normal,-1.12,-1600,mm,-3032.51
83.171,112,189.4,-4664.70,-4664.70,2900,-300,155.06,155.07,155.0821,-6.90,1.03,0.70,mixed,-1.30,stressed,-0.62,1300,mm,-1825.13,99.87,99.92,99.9261,2.10,4.27,0.08,chop,-0.41,stressed,-0.72,0,mm,73.82,25.37,25.41,25.3617,-1.93,1.01,0.54,mixed,-0.62,normal,-1.12,-1600,mm,-3032.51
83.192,112,189.4,-4664.70,-4664.70,2900,-300,155.06,155.07,155.0820,-6.88,1.03,0.70,mixed,-1.30,stressed,-0.62,1300,mm,-1825.13,99.87,99.92,99.9258,2.02,4.27,0.08,chop,-0.41,stressed,-0.72,0,mm,73.82,25.37,25.41,25.3620,-1.88,1.01,0.54,mixed,-0.62,normal,-1.12,-1600,mm,-3032.51
83.222,112,189.4,-4664.70,-4664.70,2900,-300,155.06,155.07,155.0817,-6.86,1.03,0.70,mixed,-1.30,stressed,-0.62,1300,mm,-1825.13,99.87,99.91,99.9253,1.90,4.27,0.08,chop,-0.41,stressed,-0.72,0,mm,73.82,25.43,25.55,25.3620,-1.88,1.01,0.54,mixed,-0.62,normal,-1.12,-1600,mm,-3032.51
83.301,112,189.4,-4664.70,-4664.70,2900,-300,155.06,155.07,155.0811,-6.80,1.03,0.70,mixed,-1.30,stressed,-0.62,1300,mm,-1825.13,99.87,99.91,99.9240,1.60,4.27,0.08,chop,-0.41,stressed,-0.72,0,mm,73.82,25.43,25.55,25.3620,-1.88,1.01,0.54,mixed,-0.62,normal,-1.12,-1600,mm,-3032.51
83.347,112,189.4,-4664.70,-4664.70,2900,-300,155.06,155.07,155.0808,-6.76,1.03,0.70,mixed,-1.30,stressed,-0.62,1300,mm,-1825.13,99.87,99.91,99.9233,1.44,4.27,0.03,chop,-0.49,stressed,-0.72,0,mm,73.82,25.43,25.55,25.3620,-1.88,1.01,0.54,mixed,-0.62,normal,-1.12,-1600,mm,-3032.51
83.374,112,189.4,-4664.70,-4664.70,2900,-300,155.06,155.07,155.0806,-6.73,1.03,0.70,mixed,-1.30,stressed,-0.62,1300,mm,-1825.13,99.87,99.91,99.9228,1.35,4.27,0.03,chop,-0.49,stressed,-0.72,0,mm,73.82,25.43,25.55,25.3620,-1.88,1.01,0.54,mixed,-0.62,normal,-1.12,-1600,mm,-3032.51
83.398,112,189.4,-4664.70,-4664.70,2900,-300,155.06,155.07,155.0804,-6.71,1.03,0.67,mixed,-1.27,stressed,-0.62,1300,mm,-1825.13,99.87,99.91,99.9225,1.28,4.27,0.03,chop,-0.49,stressed,-0.72,0,mm,73.82,25.43,25.55,25.3620,-1.88,1.01,0.54,mixed,-0.62,normal,-1.12,-1600,mm,-3032.51
83.437,112,189.4,-4664.70,-4664.70,2900,-300,155.06,155.07,155.0801,-6.68,1.03,0.67,mixed,-1.27,stressed,-0.62,1300,mm,-1825.13,99.87,99.91,99.9219,1.15,4.27,0.03,chop,-0.49,stressed,-0.72,0,mm,73.82,25.43,25.55,25.3620,-1.88,1.01,0.54,mixed,-0.62,normal,-1.12,-1600,mm,-3032.51
83.453,113,187.0,-4783.82,-4783.82,2900,-300,155.06,155.07,155.0800,-6.67,1.03,0.67,mixed,-1.27,stressed,-1.01,1300,mm,-1825.13,99.87,99.91,99.9216,1.10,4.27,0.03,chop,-0.49,stressed,-0.69,0,mm,73.82,25.43,25.55,25.3620,-1.88,1.01,0.54,mixed,-0.62,normal,-1.12,-1600,mm,-3032.51
83.483,113,187.0,-4783.82,-4783.82,2900,-300,155.06,155.07,155.0798,-6.64,1.03,0.67,mixed,-1.27,stressed,-1.01,1300,mm,-1825.13,99.87,99.91,99.9212,1.01,4.27,0.03,chop,-0.49,stressed,-0.69,0,mm,73.82,25.43,25.55,25.3620,-1.88,1.01,0.54,mixed,-0.62,normal,-1.12,-1600,mm,-3032.51
83.504,113,187.0,-4783.82,-4783.82,2900,-300,155.06,155.07,155.0797,-6.62,1.03,0.67,mixed,-1.27,stressed,-1.01,1300,mm,-1825.13,99.87,99.9,99.9208,0.94,4.27,0.03,chop,-0.49,stressed,-0.69,0,mm,73.82,25.49,25.62,25.3620,-1.88,1.01,0.54,mixed,-0.62,normal,-1.12,-1600,mm,-3032.51
83.533,113,187.0,-4783.82,-4783.82,2900,-300,155.06,155.07,155.0795,-6.60,1.03,0.67,mixed,-1.27,stressed,-1.01,1300,mm,-1825.13,99.87,99.9,99.9204,0.85,4.27,0.03,chop,-0.49,stressed,-0.69,0,mm,73.82,25.49,25.62,25.3620,-1.88,1.01,0.54,mixed,-0.62,normal,-1.12,-1600,mm,-3032.51
83.562,113,187.0,-4783.82,-4783.82,2900,-300,155.06,155.07,155.0793,-6.57,1.03,0.67,mixed,-1.27,stressed,-1.01,1300,mm,-1825.13,99.87,99.9,99.9199,0.76,3.90,0.03,chop,-0.49,stressed,-0.69,0,mm,73.82,25.49,25.62,25.3620,-1.88,1.01,0.54,mixed,-0.62,normal,-1.12,-1600,mm,-3032.51
83.586,113,187.0,-4783.82,-4783.82,2900,-300,155.06,155.07,155.0791,-6.55,1.03,0.67,mixed,-1.27,stressed,-1.01,1300,mm,-1825.13,99.87,99.9,99.9195,0.68,3.90,0.03,chop,-0.49,stressed,-0.69,0,mm,73.82,25.49,25.62,25.3620,-1.88,1.01,0.54,mixed,-0.62,normal,-1.12,-1600,mm,-3032.51
83.609,113,187.0,-4783.82,-4783.82,2900,-300,155.06,155.07,155.0790,-6.53,1.03,0.67,mixed,-1.27,stressed,-1.01,1300,mm,-1825.13,99.87,99.9,99.9191,0.62,3.90,0.11,chop,-0.58,normal,-0.69,0,mm,73.82,25.49,25.62,25.3620,-1.88,1.01,0.54,mixed,-0.62,normal,-1.12,-1600,mm,-3032.51
83.634,113,187.0,-4783.82,-4783.82,2900,-300,155.06,155.07,155.0788,-6.51,1.03,0.67,mixed,-1.27,stressed,-1.01,1300,mm,-1825.13,99.87,99.9,99.9187,0.54,3.90,0.11,chop,-0.58,normal,-0.69,0,mm,73.82,25.49,25.62,25.3620,-1.88,1.01,0.54,mixed,-0.62,normal,-1.12,-1600,mm,-3032.51
83.660,113,187.0,-4783.82,-4783.82,2900,-300,155.06,155.07,155.0786,-6.48,0.98,0.65,mixed,-1.24,stressed,-1.01,1300,mm,-1825.13,99.87,99.9,99.9183,0.47,3.90,0.11,chop,-0.58,normal,-0.69,0,mm,73.82,25.49,25.62,25.3620,-1.88,1.01,0.54,mixed,-0.62,normal,-1.12,-1600,mm,-3032.51
83.686,113,187.0,-4783.82,-4783.82,2900,-300,155.06,155.07,155.0785,-6.46,0.98,0.65,mixed,-1.24,stressed,-1.01,1300,mm,-1825.13,99.87,99.9,99.9179,0.40,3.90,0.11,chop,-0.58,normal,-0.69,0,mm,73.82,25.49,25.62,25.3620,-1.88,1.01,0.54,mixed,-0.62,normal,-1.12,-1600,mm,-3032.51
83.710,113,187.0,-4783.82,-4783.82,2900,-300,155.06,155.07,155.0783,-6.44,0.98,0.65,mixed,-1.24,stressed,-1.01,1300,mm,-1825.13,99.87,99.9,99.9175,0.34,3.90,0.11,chop,-0.58,normal,-0.69,0,mm,73.82,25.49,25.62,25.3620,-1.88,1.01,0.54,mixed,-0.62,normal,-1.12,-1600,mm,-3032.51
83.735,113,187.0,-4783.82,-4783.82,2900,-300,155.06,155.07,155.0781,-6.42,0.98,0.65,mixed,-1.24,stressed,-1.01,1300,mm,-1825.13,99.87,99.9,99.9171,0.27,3.90,0.11,chop,-0.58,normal,-0.69,0,mm,73.82,25.49,25.62,25.3620,-1.88,1.01,0.54,mixed,-0.62,normal,-1.12,-1600,mm,-3032.51
83.773,113,187.0,-4783.82,-4783.82,6900,-4300,155.06,155.07,155.0779,-6.38,0.98,0.65,mixed,-1.24,stressed,-1.01,1300,mm,-1825.13,99.88,99.91,99.9168,0.21,3.90,0.11,chop,-0.58,normal,-0.69,-4000,mm,-349.18,25.64,25.66,25.3670,-1.02,3.24,0.91,TREND,2.15,normal,-1.12,-1600,mm,-3032.51
83.788,113,187.0,-4783.82,-4783.82,6900,-4300,155.06,155.07,155.0778,-6.37,0.98,0.65,mixed,-1.24,stressed,-1.01,1300,mm,-1825.13,99.88,99.91,99.9166,0.19,3.90,0.11,chop,-0.58,normal,-0.69,-4000,mm,-349.18,25.64,25.66,25.3690,-0.68,3.24,0.91,TREND,2.15,normal,-1.12,-1600,mm,-3032.51
83.814,113,187.0,-4783.82,-4783.82,6900,-4300,155.06,155.07,155.0777,-6.34,0.98,0.65,mixed,-1.24,stressed,-1.01,1300,mm,-1825.13,99.88,99.91,99.9163,0.15,3.90,0.11,chop,-0.58,normal,-0.69,-4000,mm,-349.18,25.64,25.66,25.3724,-0.10,3.24,0.91,TREND,2.15,normal,-1.12,-1600,mm,-3032.51
83.840,113,187.0,-4783.82,-4783.82,6900,-4300,155.06,155.07,155.0775,-6.32,0.98,0.65,mixed,-1.24,stressed,-1.01,1300,mm,-1825.13,99.88,99.91,99.9161,0.11,3.90,0.11,chop,-0.58,normal,-0.69,-4000,mm,-349.18,25.64,25.66,25.3757,0.44,3.24,0.91,TREND,2.15,normal,-1.12,-1600,mm,-3032.51
83.865,113,187.0,-4783.82,-4783.82,6900,-4300,155.06,155.07,155.0774,-6.30,0.98,0.65,mixed,-1.24,stressed,-1.01,1300,mm,-1825.13,99.88,99.91,99.9158,0.07,3.90,0.08,chop,-0.34,normal,-0.69,-4000,mm,-349.18,25.64,25.66,25.3791,0.98,3.24,0.91,TREND,2.15,normal,-1.12,-1600,mm,-3032.51
83.890,113,187.0,-4783.82,-4783.82,6900,-4300,155.06,155.07,155.0772,-6.28,0.98,0.65,mixed,-1.24,stressed,-1.01,1300,mm,-1825.13,99.88,99.91,99.9156,0.03,3.90,0.08,chop,-0.34,normal,-0.69,-4000,mm,-349.18,25.64,25.66,25.3823,1.48,3.24,0.91,TREND,2.15,normal,-1.12,-1600,mm,-3032.51
83.916,113,187.0,-4783.82,-4783.82,6900,-4300,155.06,155.07,155.0771,-6.25,0.98,0.63,mixed,-1.22,stressed,-1.01,1300,mm,-1825.13,99.88,99.91,99.9153,-0.00,3.90,0.08,chop,-0.34,normal,-0.69,-4000,mm,-349.18,25.64,25.66,25.3855,1.99,3.24,0.91,TREND,2.15,normal,-1.12,-1600,mm,-3032.51
83.945,113,187.0,-4783.82,-4783.82,6900,-4300,155.06,155.07,155.0769,-6.23,0.98,0.63,mixed,-1.22,stressed,-1.01,1300,mm,-1825.13,99.88,99.91,99.9151,-0.04,3.90,0.08,chop,-0.34,normal,-0.69,-4000,mm,-349.18,25.64,25.66,25.3891,2.53,3.24,0.91,TREND,2.15,normal,-1.12,-1600,mm,-3032.51
83.970,113,188.5,-4783.82,-4783.82,6900,-4300,155.06,155.07,155.0768,-6.20,0.98,0.63,mixed,-1.22,stressed,-1.01,1300,mm,-1825.13,99.88,99.91,99.9148,-0.07,3.90,0.08,chop,-0.34,normal,-0.69,-4000,mm,-349.18,25.64,25.66,25.3921,2.99,3.24,0.91,TREND,2.15,normal,-1.12,-1600,mm,-3032.51
83.991,113,188.5,-4783.82,-4783.82,6900,-4300,155.06,155.07,155.0767,-6.18,0.98,0.63,mixed,-1.22,stressed,-1.01,1300,mm,-1825.13,99.88,99.91,99.9146,-0.10,3.90,0.08,chop,-0.34,normal,-0.69,-4000,mm,-349.18,25.64,25.66,25.3947,3.36,3.24,0.91,TREND,2.15,normal,-1.12,-1600,mm,-3032.51
84.024,113,188.5,-4783.82,-4783.82,6900,-4300,155.06,155.07,155.0765,-6.15,0.98,0.63,mixed,-1.22,stressed,-1.01,1300,mm,-1825.13,99.9,99.91,99.9145,-0.12,3.90,0.08,chop,-0.34,normal,-0.69,-4000,mm,-349.18,25.65,25.66,25.3987,3.94,3.24,0.91,TREND,2.13,stressed,-1.12,-1600,mm,-3032.51
84.088,113,188.5,-4783.82,-4783.82,6900,-4300,155.06,155.07,155.0761,-6.10,0.98,0.63,mixed,-1.22,stressed,-1.01,1300,mm,-1825.13,99.9,99.91,99.9142,-0.14,3.73,0.08,chop,-0.34,normal,-0.69,-4000,mm,90.82,25.65,25.66,25.4063,5.01,3.24,0.91,TREND,2.13,stressed,-1.12,-1600,mm,-3432.51
84.121,113,188.5,-4783.82,-4783.82,6900,-4300,155.06,155.07,155.0760,-6.07,0.98,0.63,mixed,-1.22,stressed,-1.01,1300,mm,-1825.13,99.9,99.91,99.9141,-0.15,3.73,0.01,chop,-0.11,normal,-0.69,-4000,mm,90.82,25.65,25.66,25.4100,5.51,3.24,0.91,TREND,2.13,stressed,-1.12,-1600,mm,-3432.51
84.144,113,188.5,-4783.82,-4783.82,6900,-4300,155.06,155.07,155.0758,-6.04,0.98,0.63,mixed,-1.22,stressed,-1.01,1300,mm,-1825.13,99.9,99.91,99.9140,-0.16,3.73,0.01,chop,-0.11,normal,-0.69,-4000,mm,90.82,25.65,25.66,25.4127,5.87,3.24,0.91,TREND,2.13,stressed,-1.12,-1600,mm,-3432.51
84.165,113,188.5,-4783.82,-4783.82,6900,-4300,155.06,155.07,155.0757,-6.03,0.94,0.63,mixed,-1.22,stressed,-1.01,1300,mm,-1825.13,99.9,99.91,99.9139,-0.17,3.73,0.01,chop,-0.11,normal,-0.69,-4000,mm,90.82,25.65,25.66,25.4150,6.16,3.24,0.91,TREND,2.13,stressed,-1.12,-1600,mm,-3432.51
84.188,113,188.5,-4783.82,-4783.82,6900,-4300,155.06,155.07,155.0756,-6.01,0.94,0.63,mixed,-1.20,stressed,-1.01,1300,mm,-1825.13,99.9,99.91,99.9138,-0.18,3.73,0.01,chop,-0.11,normal,-0.69,-4000,mm,90.82,25.65,25.66,25.4176,6.50,3.24,0.91,TREND,2.13,stressed,-1.12,-1600,mm,-3432.51
84.216,113,188.5,-4783.82,-4783.82,6900,-4300,155.06,155.07,155.0755,-5.98,0.94,0.63,mixed,-1.20,stressed,-1.01,1300,mm,-1825.13,99.9,99.91,99.9137,-0.19,3.73,0.01,chop,-0.11,normal,-0.69,-4000,mm,90.82,25.65,25.66,25.4207,6.89,3.24,0.91,TREND,2.13,stressed,-1.12,-1600,mm,-3432.51
84.240,113,188.5,-4783.82,-4783.82,6900,-4300,155.06,155.07,155.0754,-5.96,0.94,0.63,mixed,-1.20,stressed,-1.01,1300,mm,-1825.13,99.9,99.91,99.9136,-0.19,3.73,0.01,chop,-0.11,normal,-0.69,-4000,mm,90.82,25.65,25.66,25.4234,7.21,3.24,0.91,TREND,2.13,stressed,-1.12,-1600,mm,-3432.51
84.276,113,188.5,-4783.82,-4783.82,5300,-2700,155.06,155.07,155.0752,-5.93,0.94,0.63,mixed,-1.20,stressed,-1.01,1300,mm,-1825.13,99.9,99.91,99.9134,-0.21,3.73,0.01,chop,-0.11,normal,-0.69,-4000,mm,90.82,25.65,25.67,25.4272,7.68,3.07,0.91,TREND,2.12,stressed,-1.12,0,mm,-3436.83
84.310,113,188.5,-4783.82,-4783.82,5300,-2700,155.06,155.07,155.0750,-5.89,0.94,0.63,mixed,-1.20,stressed,-1.01,1300,mm,-1825.13,99.9,99.91,99.9133,-0.22,3.73,0.01,chop,-0.11,normal,-0.69,-4000,mm,90.82,25.65,25.67,25.4311,8.13,3.07,0.91,TREND,2.12,stressed,-1.12,0,mm,-3436.83
84.346,113,188.5,-4783.82,-4783.82,5300,-2700,155.06,155.07,155.0749,-5.86,0.94,0.63,mixed,-1.20,stressed,-1.01,1300,mm,-1825.13,99.9,99.91,99.9131,-0.23,3.73,0.01,chop,-0.11,normal,-0.69,-4000,mm,90.82,25.65,25.67,25.4348,8.56,3.07,0.91,TREND,2.12,stressed,-1.12,0,mm,-3436.83
84.366,113,188.5,-4783.82,-4783.82,5300,-2700,155.06,155.07,155.0748,-5.84,0.94,0.63,mixed,-1.20,stressed,-1.01,1300,mm,-1825.13,99.9,99.91,99.9131,-0.23,3.73,0.01,chop,-0.11,normal,-0.69,-4000,mm,90.82,25.65,25.67,25.4370,8.79,3.07,0.91,TREND,2.12,stressed,-1.12,0,mm,-3436.83
84.388,113,188.5,-4783.82,-4783.82,5300,-2700,155.06,155.07,155.0747,-5.82,0.94,0.63,mixed,-1.20,stressed,-1.01,1300,mm,-1825.13,99.9,99.91,99.9130,-0.24,3.73,0.02,chop,-0.10,normal,-0.69,-4000,mm,90.82,25.65,25.67,25.4393,9.05,3.07,0.91,TREND,2.12,stressed,-1.12,0,mm,-3436.83
84.421,113,188.5,-4783.82,-4783.82,5300,-2700,155.06,155.07,155.0745,-5.79,0.94,0.63,mixed,-1.20,stressed,-1.01,1300,mm,-1825.13,99.9,99.91,99.9129,-0.25,3.73,0.02,chop,-0.10,normal,-0.69,-4000,mm,90.82,25.65,25.67,25.4426,9.40,3.07,0.91,TREND,2.12,stressed,-1.12,0,mm,-3436.83
84.439,113,188.5,-4783.82,-4783.82,5300,-2700,155.06,155.07,155.0744,-5.78,0.94,0.60,mixed,-1.17,stressed,-1.01,1300,mm,-1825.13,99.9,99.91,99.9128,-0.25,3.73,0.02,chop,-0.10,normal,-0.69,-4000,mm,90.82,25.65,25.67,25.4445,9.60,3.07,0.91,TREND,2.12,stressed,-1.12,0,mm,-3436.83
84.465,113,188.5,-4783.82,-4783.82,5300,-2700,155.06,155.07,155.0743,-5.75,0.94,0.60,mixed,-1.17,stressed,-1.01,1300,mm,-1825.13,99.9,99.91,99.9127,-0.26,3.73,0.02,chop,-0.10,normal,-0.69,-4000,mm,90.82,25.65,25.67,25.4471,9.87,3.07,0.91,TREND,2.12,stressed,-1.12,0,mm,-3436.83
84.492,114,186.1,-5166.82,-5166.82,5300,-2700,155.06,155.07,155.0742,-5.73,0.94,0.60,mixed,-1.17,stressed,-1.69,1300,mm,-1825.13,99.9,99.91,99.9126,-0.26,3.73,0.02,chop,-0.10,normal,-0.45,-4000,mm,90.82,25.65,25.67,25.4498,10.14,3.07,0.91,TREND,2.12,stressed,0.32,0,mm,-3436.83
84.515,114,186.1,-5166.82,-5166.82,5300,-2700,155.06,155.07,155.0741,-5.71,0.94,0.60,mixed,-1.17,stressed,-1.69,1300,mm,-1825.13,99.9,99.91,99.9125,-0.27,3.73,0.02,chop,-0.10,normal,-0.45,-4000,mm,90.82,25.65,25.67,25.4521,10.36,3.07,0.91,TREND,2.12,stressed,0.32,0,mm,-3436.83
84.549,114,186.1,-5166.82,-5166.82,3200,-600,155.06,155.07,155.0740,-5.68,0.94,0.60,mixed,-1.17,stressed,-1.69,1300,mm,-1825.13,99.88,99.92,99.9123,-0.29,3.73,0.02,chop,-0.10,normal,-0.45,-1900,mm,107.62,25.66,25.67,25.4554,10.68,3.07,0.91,TREND,2.11,stressed,0.32,0,mm,-3436.83
84.575,114,186.1,-5166.82,-5166.82,3200,-600,155.06,155.07,155.0739,-5.65,0.94,0.60,mixed,-1.17,stressed,-1.69,1300,mm,-1825.13,99.88,99.92,99.9122,-0.30,3.73,0.02,chop,-0.10,normal,-0.45,-1900,mm,107.62,25.66,25.67,25.4580,10.93,3.07,0.91,TREND,2.11,stressed,0.32,0,mm,-3436.83
84.603,114,186.1,-5166.82,-5166.82,3200,-600,155.06,155.07,155.0737,-5.63,0.94,0.60,mixed,-1.17,stressed,-1.69,1300,mm,-1825.13,99.88,99.92,99.9120,-0.32,3.38,0.02,chop,-0.10,normal,-0.45,-1900,mm,107.62,25.66,25.67,25.4607,11.17,3.07,0.91,TREND,2.11,stressed,0.32,0,mm,-3436.83
84.628,114,186.1,-5166.82,-5166.82,3200,-600,155.06,155.07,155.0736,-5.61,0.94,0.60,mixed,-1.17,stressed,-1.69,1300,mm,-1825.13,99.88,99.92,99.9119,-0.33,3.38,0.02,chop,-0.10,normal,-0.45,-1900,mm,107.62,25.66,25.67,25.4631,11.39,3.07,0.91,TREND,2.11,stressed,0.32,0,mm,-3436.83
84.653,114,186.1,-5166.82,-5166.82,3200,-600,155.06,155.07,155.0735,-5.59,0.94,0.60,mixed,-1.17,stressed,-1.69,1300,mm,-1825.13,99.88,99.92,99.9117,-0.35,3.38,0.01,chop,-0.19,normal,-0.45,-1900,mm,107.62,25.66,25.67,25.4654,11.59,3.07,0.91,TREND,2.11,stressed,0.32,0,mm,-3436.83
84.679,114,186.1,-5166.82,-5166.82,3200,-600,155.06,155.07,155.0734,-5.56,0.89,0.60,mixed,-1.17,stressed,-1.69,1300,mm,-1825.13,99.88,99.92,99.9116,-0.36,3.38,0.01,chop,-0.19,normal,-0.45,-1900,mm,107.62,25.66,25.67,25.4678,11.80,3.07,0.91,TREND,2.11,stressed,0.32,0,mm,-3436.83
84.703,114,186.1,-5166.82,-5166.82,3200,-600,155.06,155.07,155.0733,-5.54,0.89,0.60,mixed,-1.13,stressed,-1.69,1300,mm,-1825.13,99.88,99.92,99.9115,-0.37,3.38,0.01,chop,-0.19,normal,-0.45,-1900,mm,107.62,25.66,25.67,25.4701,11.99,3.07,0.91,TREND,2.11,stressed,0.32,0,mm,-3436.83
84.729,114,186.1,-5166.82,-5166.82,3200,-600,155.06,155.07,155.0732,-5.52,0.89,0.60,mixed,-1.13,stressed,-1.69,1300,mm,-1825.13,99.88,99.92,99.9113,-0.39,3.38,0.01,chop,-0.19,normal,-0.45,-1900,mm,107.62,25.66,25.67,25.4725,12.18,3.07,0.91,TREND,2.11,stressed,0.32,0,mm,-3436.83
84.757,114,186.1,-5166.82,-5166.82,3200,-600,155.06,155.07,155.0731,-5.49,0.89,0.60,mixed,-1.13,stressed,-1.69,1300,mm,-1825.13,99.88,99.92,99.9112,-0.40,3.38,0.01,chop,-0.19,normal,-0.45,-1900,mm,107.62,25.66,25.67,25.4750,12.38,3.07,0.91,TREND,2.11,stressed,0.32,0,mm,-3436.83
84.788,114,186.1,-5166.82,-5166.82,3200,-600,155.06,155.07,155.0730,-5.47,0.89,0.60,mixed,-1.13,stressed,-1.69,1300,mm,-1825.13,99.88,99.93,99.9111,-0.40,3.38,0.01,chop,-0.19,normal,-0.45,-1900,mm,107.62,25.66,25.68,25.4778,12.61,2.90,0.91,TREND,2.11,stressed,0.32,0,mm,-3436.83
84.830,114,186.1,-5166.82,-5166.82,1300,1300,155.06,155.07,155.0729,-5.43,0.89,0.60,mixed,-1.13,stressed,-1.69,1300,mm,-1825.13,99.88,99.93,99.9110,-0.40,3.38,0.01,chop,-0.19,normal,-0.45,0,mm,141.82,25.66,25.68,25.4816,12.89,2.90,0.91,TREND,2.09,stressed,0.32,0,mm,-3436.83
84.855,114,186.1,-5166.82,-5166.82,1300,1300,155.06,155.07,155.0728,-5.41,0.89,0.60,mixed,-1.13,stressed,-1.69,1300,mm,-1825.13,99.88,99.93,99.9109,-0.40,3.38,0.01,chop,-0.19,normal,-0.45,0,mm,141.82,25.66,25.68,25.4838,13.06,2.90,0.91,TREND,2.09,stressed,0.32,0,mm,-3436.83
84.881,114,186.1,-5166.82,-5166.82,1300,1300,155.06,155.07,155.0727,-5.38,0.89,0.60,mixed,-1.13,stressed,-1.69,1300,mm,-1825.13,99.88,99.93,99.9108,-0.40,3.38,0.01,chop,-0.19,normal,-0.45,0,mm,141.82,25.66,25.68,25.4861,13.22,2.90,0.91,TREND,2.09,stressed,0.32,0,mm,-3436.83
84.908,114,186.1,-5166.82,-5166.82,1300,1300,155.06,155.07,155.0726,-5.36,0.89,0.60,mixed,-1.13,stressed,-1.69,1300,mm,-1825.13,99.88,99.93,99.9108,-0.41,3.38,0.00,chop,-0.04,normal,-0.45,0,mm,141.82,25.66,25.68,25.4884,13.38,2.90,0.91,TREND,2.09,stressed,0.32,0,mm,-3436.83
84.932,114,186.1,-5166.82,-5166.82,1300,1300,155.06,155.07,155.0725,-5.34,0.89,0.60,mixed,-1.13,stressed,-1.69,1300,mm,-1825.13,99.88,99.93,99.9107,-0.41,3.38,0.00,chop,-0.04,normal,-0.45,0,mm,141.82,25.66,25.68,25.4905,13.52,2.90,0.91,TREND,2.09,stressed,0.32,0,mm,-3436.83
84.960,114,186.1,-5166.82,-5166.82,1300,1300,155.06,155.07,155.0724,-5.31,0.89,0.60,mixed,-1.10,stressed,-1.69,1300,mm,-1825.13,99.88,99.93,99.9106,-0.41,3.38,0.00,chop,-0.04,normal,-0.45,0,mm,141.82,25.66,25.68,25.4927,13.67,2.90,0.91,TREND,2.09,stressed,0.32,0,mm,-3436.83
84.985,114,186.1,-5166.82,-5166.82,1300,1300,155.06,155.07,155.0723,-5.29,0.89,0.60,mixed,-1.10,stressed,-1.69,1300,mm,-1825.13,99.88,99.93,99.9105,-0.41,3.38,0.00,chop,-0.04,normal,-0.45,0,mm,141.82,25.66,25.68,25.4949,13.81,2.90,0.91,TREND,2.09,stressed,0.32,0,mm,-3436.83
85.014,114,187.6,-5166.82,-5166.82,1300,1300,155.06,155.07,155.0722,-5.27,0.89,0.60,mixed,-1.10,stressed,-1.69,1300,mm,-1825.13,99.88,99.93,99.9105,-0.41,3.38,0.00,chop,-0.04,normal,-0.45,0,mm,141.82,25.66,25.68,25.4973,13.96,2.90,0.91,TREND,2.09,stressed,0.32,0,mm,-3436.83
85.086,114,187.6,-5166.82,-5166.82,3900,-1300,155.06,155.07,155.0720,-5.21,0.89,0.60,mixed,-1.10,stressed,-1.69,1300,mm,-1838.13,99.83,99.92,99.9093,-0.58,3.38,0.00,chop,-0.04,normal,-0.45,-2600,mm,136.62,25.66,25.67,25.5028,14.26,2.90,0.89,TREND,1.98,stressed,0.32,0,mm,-3436.83
85.174,114,187.6,-5166.82,-5166.82,3900,-1300,155.05,155.07,155.0715,-5.17,0.89,0.60,mixed,-1.10,stressed,-1.69,1300,mm,-1838.13,99.86,99.92,99.9085,-0.67,3.12,0.06,chop,-0.38,normal,-0.45,-2600,mm,136.62,25.66,25.67,25.5093,14.59,2.90,0.89,TREND,1.98,stressed,0.32,0,mm,-3436.83
85.221,114,187.6,-5166.82,-5166.82,3900,-1300,155.05,155.07,155.0712,-5.14,0.80,0.63,mixed,-1.12,stressed,-1.69,1300,mm,-1838.13,99.86,99.92,99.9081,-0.71,3.12,0.06,chop,-0.38,normal,-0.45,-2600,mm,136.62,25.66,25.67,25.5128,14.75,2.90,0.89,TREND,1.98,stressed,0.32,0,mm,-3436.83
85.244,114,187.6,-5166.82,-5166.82,3900,-1300,155.05,155.07,155.0711,-5.13,0.80,0.63,mixed,-1.12,stressed,-1.69,1300,mm,-1838.13,99.86,99.92,99.9079,-0.73,3.12,0.06,chop,-0.38,normal,-0.45,-2600,mm,136.62,25.66,25.67,25.5144,14.82,2.90,0.89,TREND,1.98,stressed,0.32,0,mm,-3436.83
85.270,114,187.6,-5166.82,-5166.82,3900,-1300,155.05,155.07,155.0710,-5.12,0.80,0.63,mixed,-1.12,stressed,-1.69,1300,mm,-1838.13,99.86,99.92,99.9077,-0.75,3.12,0.06,chop,-0.38,normal,-0.45,-2600,mm,136.62,25.66,25.67,25.5163,14.89,2.90,0.89,TREND,1.98,stressed,0.32,0,mm,-3436.83
85.315,114,187.6,-5166.82,-5166.82,3400,-800,155.05,155.06,155.0706,-5.11,0.80,0.63,mixed,-1.12,stressed,-1.69,1300,mm,-1838.13,99.83,99.84,99.9062,-0.98,3.12,0.06,chop,-0.38,normal,-0.45,-2100,mm,345.32,25.65,25.67,25.5192,14.99,2.92,0.89,TREND,1.98,stressed,0.32,0,mm,-3436.83
85.354,114,187.6,-5166.82,-5166.82,3400,-800,155.05,155.06,155.0704,-5.11,0.80,0.63,mixed,-1.12,stressed,-1.69,1300,mm,-1838.13,99.83,99.84,99.9049,-1.18,3.12,0.06,chop,-0.38,normal,-0.45,-2100,mm,345.32,25.65,25.67,25.5218,15.07,2.92,0.86,TREND,1.89,stressed,0.32,0,mm,-3436.83
85.382,114,187.6,-5166.82,-5166.82,3400,-800,155.05,155.06,155.0702,-5.10,0.80,0.63,mixed,-1.12,stressed,-1.69,1300,mm,-1838.13,99.83,99.84,99.9040,-1.31,3.12,0.06,chop,-0.38,normal,-0.45,-2100,mm,345.32,25.65,25.67,25.5236,15.13,2.92,0.86,TREND,1.89,stressed,0.32,0,mm,-3436.83
85.399,114,187.6,-5166.82,-5166.82,3400,-800,155.05,155.06,155.0700,-5.10,0.80,0.63,mixed,-1.12,stressed,-1.69,1300,mm,-1838.13,99.83,99.84,99.9034,-1.39,3.12,0.06,chop,-0.38,normal,-0.45,-2100,mm,345.32,25.65,25.67,25.5247,15.16,2.92,0.86,TREND,1.89,stressed,0.32,0,mm,-3436.83
85.425,114,187.6,-5166.82,-5166.82,3400,-800,155.05,155.06,155.0699,-5.09,0.80,0.63,mixed,-1.12,stressed,-1.69,1300,mm,-1838.13,99.83,99.84,99.9026,-1.51,3.12,0.03,chop,-1.66,normal,-0.45,-2100,mm,345.32,25.65,25.67,25.5263,15.20,2.92,0.86,TREND,1.89,stressed,0.32,0,mm,-3436.83
85.447,114,187.6,-5166.82,-5166.82,3400,-800,155.05,155.06,155.0697,-5.09,0.80,0.63,mixed,-1.12,stressed,-1.69,1300,mm,-1838.13,99.83,99.84,99.9019,-1.60,3.12,0.03,chop,-1.66,normal,-0.45,-2100,mm,345.32,25.65,25.67,25.5277,15.24,2.92,0.86,TREND,1.89,stressed,0.32,0,mm,-3436.83
85.473,114,187.6,-5166.82,-5166.82,3400,-800,155.05,155.06,155.0695,-5.08,0.80,0.63,mixed,-1.13,stressed,-1.69,1300,mm,-1838.13,99.83,99.84,99.9011,-1.72,3.12,0.03,chop,-1.66,normal,-0.45,-2100,mm,345.32,25.65,25.67,25.5293,15.27,2.92,0.86,TREND,1.89,stressed,0.32,0,mm,-3436.83
85.499,114,187.6,-5166.82,-5166.82,3400,-800,155.05,155.06,155.0693,-5.08,0.80,0.63,mixed,-1.13,stressed,-1.69,1300,mm,-1838.13,99.83,99.84,99.9003,-1.82,3.12,0.03,chop,-1.66,normal,-0.45,-2100,mm,345.32,25.65,25.67,25.5309,15.31,2.92,0.86,TREND,1.89,stressed,0.32,0,mm,-3436.83
85.529,115,185.2,-5138.34,-5138.34,3400,-800,155.05,155.06,155.0691,-5.07,0.80,0.63,mixed,-1.13,stressed,-2.20,1300,mm,-1838.13,99.83,99.84,99.8994,-1.94,3.12,0.03,chop,-1.66,normal,-0.50,-2100,mm,345.32,25.65,25.67,25.5327,15.34,2.92,0.86,TREND,1.89,stressed,0.32,0,mm,-3436.83
85.603,115,185.2,-5138.34,-5138.34,3400,-800,155.05,155.06,155.0687,-5.05,0.80,0.63,mixed,-1.13,stressed,-2.20,1300,mm,-1838.13,99.83,99.84,99.8972,-2.21,3.12,0.03,chop,-1.66,normal,-0.50,-2100,mm,345.32,25.66,25.68,25.5374,15.48,2.92,0.86,TREND,1.89,stressed,0.32,0,mm,-3436.83
85.744,115,185.2,-5138.34,-5138.34,3400,-800,155.05,155.06,155.0678,-5.00,0.73,0.60,mixed,-1.10,stressed,-2.20,1300,mm,-1838.13,99.83,99.84,99.8932,-2.67,3.28,0.07,chop,-1.62,normal,-0.50,-2100,mm,345.32,25.66,25.68,25.5459,15.66,2.92,0.86,TREND,1.93,stressed,0.32,0,mm,-3436.83
85.784,115,185.2,-5138.34,-5138.34,3400,-800,155.05,155.06,155.0675,-4.98,0.73,0.60,mixed,-1.10,stressed,-2.20,1300,mm,-1838.13,99.83,99.84,99.8921,-2.79,3.28,0.07,chop,-1.62,normal,-0.50,-2100,mm,345.32,25.66,25.68,25.5483,15.70,2.92,0.86,TREND,1.93,stressed,0.32,0,mm,-3436.83
85.848,115,185.2,-5138.34,-5138.34,3600,-1000,155.05,155.06,155.0672,-4.96,0.73,0.60,mixed,-1.10,stressed,-2.20,1300,mm,-1838.13,99.83,99.88,99.8910,-2.85,3.28,0.07,chop,-1.62,normal,-0.50,-2300,mm,259.60,25.67,25.68,25.5520,15.77,2.67,0.86,TREND,1.93,stressed,0.32,0,mm,-3436.83
85.987,115,185.2,-5138.34,-5138.34,3600,-1000,155.05,155.06,155.0664,-4.89,0.73,0.60,mixed,-1.10,stressed,-2.20,1300,mm,-1838.13,99.83,99.88,99.8887,-2.98,3.28,0.07,chop,-1.62,normal,-0.50,-2300,mm,259.60,25.67,25.68,25.5598,15.88,2.67,0.86,TREND,1.93,stressed,0.32,0,dir,-3436.83
86.128,116,183.1,-4988.76,-4988.76,3000,-200,155.05,155.06,155.0657,-4.83,0.73,0.57,mixed,-1.06,stressed,-2.24,1300,mm,-1838.13,99.87,99.88,99.8878,-2.87,3.28,0.03,chop,-0.63,normal,-0.33,-1600,mm,286.20,25.67,25.68,25.5670,15.92,2.67,0.86,TREND,1.92,stressed,0.36,100,dir,-3437.98
86.236,116,183.1,-4988.76,-4988.76,3000,-200,155.05,155.06,155.0651,-4.77,0.73,0.57,mixed,-1.06,stressed,-2.24,1300,mm,-1838.13,99.87,99.88,99.8872,-2.79,3.28,0.03,chop,-0.63,normal,-0.33,-1600,mm,286.20,25.67,25.68,25.5726,15.90,2.67,0.86,TREND,1.92,stressed,0.36,100,dir,-3437.98
86.281,116,183.1,-4988.76,-4988.76,3000,-200,155.05,155.06,155.0649,-4.74,0.70,0.57,mixed,-1.06,stressed,-2.24,1300,mm,-1838.13,99.87,99.88,99.8869,-2.75,3.38,0.03,chop,-0.63,normal,-0.33,-1600,mm,286.20,25.67,25.68,25.5748,15.89,2.67,0.86,TREND,1.92,stressed,0.36,100,dir,-3437.98
86.314,116,183.1,-4988.76,-4988.76,3000,-200,155.05,155.06,155.0648,-4.72,0.70,0.57,mixed,-1.06,stressed,-2.24,1300,mm,-1838.13,99.87,99.88,99.8867,-2.73,3.38,0.03,chop,-0.63,normal,-0.33,-1600,mm,286.20,25.67,25.68,25.5763,15.88,2.67,0.86,TREND,1.92,stressed,0.36,100,dir,-3437.98
86.351,116,183.1,-4988.76,-4988.76,4300,1100,155.05,155.06,155.0646,-4.70,0.70,0.57,mixed,-1.06,stressed,-2.24,1300,mm,-1838.13,99.87,99.88,99.8865,-2.71,3.38,0.03,chop,-0.63,normal,-0.33,-1600,mm,286.20,25.67,25.68,25.5780,15.86,2.58,0.86,TREND,1.92,stressed,0.36,1400,dir,-3452.93
86.423,116,183.1,-4988.76,-4988.76,4300,1100,155.05,155.06,155.0643,-4.66,0.70,0.57,mixed,-1.03,stressed,-2.24,1300,mm,-1838.13,99.87,99.88,99.8862,-2.66,3.38,0.14,chop,-0.61,normal,-0.33,-1600,mm,286.20,25.67,25.68,25.5812,15.82,2.58,0.86,TREND,1.87,stressed,0.36,1400,dir,-3452.93
86.438,116,183.1,-4988.76,-4988.76,4300,1100,155.05,155.06,155.0642,-4.65,0.70,0.57,mixed,-1.03,stressed,-2.24,1300,mm,-1838.13,99.87,99.88,99.8861,-2.65,3.38,0.14,chop,-0.61,normal,-0.33,-1600,mm,286.20,25.67,25.68,25.5819,15.81,2.58,0.86,TREND,1.87,stressed,0.36,1400,dir,-3452.93
86.461,116,183.1,-4988.76,-4988.76,4300,1100,155.05,155.06,155.0641,-4.64,0.70,0.57,mixed,-1.03,stressed,-2.24,1300,mm,-1838.13,99.87,99.88,99.8860,-2.63,3.38,0.14,chop,-0.61,normal,-0.33,-1600,mm,286.20,25.67,25.68,25.5829,15.79,2.58,0.86,TREND,1.87,stressed,0.36,1400,dir,-3452.93
86.489,116,183.1,-4988.76,-4988.76,4300,1100,155.05,155.06,155.0640,-4.62,0.70,0.57,mixed,-1.03,stressed,-2.24,1300,mm,-1838.13,99.87,99.88,99.8858,-2.61,3.38,0.14,chop,-0.61,normal,-0.33,-1600,mm,286.20,25.67,25.68,25.5841,15.77,2.58,0.86,TREND,1.87,stressed,0.36,1400,dir,-3452.93
86.512,116,183.1,-4988.76,-4988.76,4300,1100,155.05,155.06,155.0639,-4.61,0.70,0.57,mixed,-1.03,stressed,-2.24,1300,mm,-1838.13,99.87,99.88,99.8857,-2.60,3.38,0.14,chop,-0.61,normal,-0.33,-1600,mm,286.20,25.67,25.68,25.5851,15.75,2.58,0.86,TREND,1.87,stressed,0.36,1400,dir,-3452.93
86.546,116,183.1,-4988.76,-4988.76,4300,1100,155.05,155.06,155.0638,-4.59,0.70,0.57,mixed,-1.03,stressed,-2.24,1300,mm,-1838.13,99.87,99.88,99.8855,-2.58,3.38,0.14,chop,-0.61,normal,-0.33,-1600,mm,286.20,25.67,25.68,25.5866,15.72,2.58,0.86,TREND,1.87,stressed,0.36,1400,dir,-3452.93
86.574,116,183.1,-4988.76,-4988.76,4300,1100,155.05,155.06,155.0636,-4.57,0.70,0.57,mixed,-1.03,stressed,-2.24,1300,mm,-1838.13,99.87,99.88,99.8854,-2.56,3.38,0.14,chop,-0.61,normal,-0.33,-1600,mm,286.20,25.67,25.68,25.5877,15.70,2.58,0.86,TREND,1.87,stressed,0.36,1400,dir,-3452.93
86.610,116,184.4,-4988.76,-4988.76,8600,4000,155.05,155.06,155.0635,-4.55,0.70,0.57,mixed,-1.03,stressed,-2.24,1300,mm,-1838.13,99.87,99.9,99.8854,-2.51,3.38,0.14,chop,-0.61,normal,-0.33,-2300,mm,238.80,25.67,25.68,25.5892,15.66,2.58,0.86,TREND,1.87,stressed,0.36,5000,dir,-3494.33
86.656,116,184.4,-4988.76,-4988.76,8600,4000,155.05,155.06,155.0633,-4.53,0.70,0.57,mixed,-1.03,stressed,-2.24,1300,mm,-1838.13,99.87,99.9,99.8854,-2.44,3.38,0.14,chop,-0.61,normal,-0.33,-2300,mm,238.80,25.67,25.68,25.5910,15.61,2.58,0.86,TREND,1.87,stressed,0.36,5000,dir,-3494.33
86.685,116,184.4,-4988.76,-4988.76,8600,4000,155.05,155.06,155.0632,-4.51,0.70,0.57,mixed,-1.01,stressed,-2.24,1300,mm,-1838.13,99.87,99.9,99.8854,-2.41,3.38,0.05,chop,-0.35,normal,-0.33,-2300,mm,238.80,25.67,25.68,25.5921,15.58,2.58,0.86,TREND,1.82,stressed,0.36,5000,dir,-3494.33
86.703,116,184.4,-4988.76,-4988.76,8600,4000,155.05,155.06,155.0631,-4.50,0.70,0.57,mixed,-1.01,stressed,-2.24,1300,mm,-1838.13,99.87,99.9,99.8854,-2.38,3.38,0.05,chop,-0.35,normal,-0.33,-2300,mm,238.80,25.67,25.68,25.5929,15.56,2.58,0.86,TREND,1.82,stressed,0.36,5000,dir,-3494.33
86.723,116,184.4,-4988.76,-4988.76,8600,4000,155.05,155.06,155.0631,-4.49,0.70,0.57,mixed,-1.01,stressed,-2.24,1300,mm,-1838.13,99.87,99.9,99.8854,-2.36,3.38,0.05,chop,-0.35,normal,-0.33,-2300,mm,238.80,25.67,25.68,25.5936,15.54,2.58,0.86,TREND,1.82,stressed,0.36,5000,dir,-3494.33
86.746,116,184.4,-4988.76,-4988.76,8600,4000,155.05,155.06,155.0630,-4.47,0.70,0.57,mixed,-1.01,stressed,-2.24,1300,mm,-1838.13,99.87,99.9,99.8854,-2.33,3.38,0.05,chop,-0.35,normal,-0.33,-2300,mm,238.80,25.67,25.68,25.5945,15.51,2.58,0.86,TREND,1.82,stressed,0.36,5000,dir,-3494.33
86.773,116,184.4,-4988.76,-4988.76,8600,4000,155.05,155.06,155.0629,-4.46,0.70,0.57,mixed,-1.01,stressed,-2.24,1300,mm,-1838.13,99.87,99.9,99.8854,-2.29,3.38,0.05,chop,-0.35,normal,-0.33,-2300,mm,238.80,25.67,25.68,25.5955,15.48,2.58,0.86,TREND,1.82,stressed,0.36,5000,dir,-3494.33
86.802,116,184.4,-4988.76,-4988.76,8600,4000,155.05,155.06,155.0628,-4.44,0.67,0.57,mixed,-1.01,stressed,-2.24,1300,mm,-1838.13,99.87,99.9,99.8853,-2.26,3.16,0.05,chop,-0.35,normal,-0.33,-2300,mm,238.80,25.67,25.68,25.5966,15.44,2.58,0.86,TREND,1.82,stressed,0.36,5000,dir,-3494.33
86.839,116,184.4,-4988.76,-4988.76,8600,4000,155.05,155.06,155.0626,-4.41,0.67,0.57,mixed,-1.01,stressed,-2.24,1300,mm,-1838.13,99.87,99.94,99.8857,-2.15,3.16,0.05,chop,-0.35,normal,-0.33,-2300,mm,238.80,25.68,25.69,25.5981,15.43,2.58,0.86,TREND,1.82,stressed,0.36,5000,dir,-3494.33
86.865,116,184.4,-4988.76,-4988.76,7200,5400,155.05,155.06,155.0625,-4.40,0.67,0.57,mixed,-1.01,stressed,-2.24,1300,mm,-1838.13,99.87,99.94,99.8859,-2.08,3.16,0.05,chop,-0.35,normal,-0.33,-900,mm,274.40,25.68,25.69,25.5992,15.41,2.40,0.86,TREND,1.82,stressed,0.36,5000,dir,-3494.33
86.893,116,184.4,-4988.76,-4988.76,7200,5400,155.05,155.06,155.0624,-4.38,0.67,0.57,mixed,-1.01,stressed,-2.24,1300,mm,-1838.13,99.87,99.94,99.8862,-2.01,3.16,0.05,chop,-0.35,normal,-0.33,-900,mm,274.40,25.68,25.69,25.6003,15.39,2.40,0.86,TREND,1.82,stressed,0.36,5000,dir,-3494.33
86.920,116,184.4,-4988.76,-4988.76,7200,5400,155.05,155.06,155.0623,-4.37,0.67,0.57,mixed,-1.01,stressed,-2.24,1300,mm,-1838.13,99.87,99.94,99.8864,-1.94,3.16,0.05,chop,-0.35,normal,-0.33,-900,mm,274.40,25.68,25.69,25.6014,15.38,2.40,0.86,TREND,1.82,stressed,0.36,5000,dir,-3494.33
86.942,116,184.4,-4988.76,-4988.76,7200,5400,155.05,155.06,155.0623,-4.35,0.67,0.54,mixed,-0.98,stressed,-2.24,1300,mm,-1838.13,99.87,99.94,99.8866,-1.89,3.16,0.02,chop,0.15,normal,-0.33,-900,mm,274.40,25.68,25.69,25.6022,15.36,2.40,0.87,TREND,1.85,stressed,0.36,5000,dir,-3494.33
86.966,116,184.4,-4988.76,-4988.76,7200,5400,155.05,155.06,155.0622,-4.34,0.67,0.54,mixed,-0.98,stressed,-2.24,1300,mm,-1838.13,99.87,99.94,99.8868,-1.83,3.16,0.02,chop,0.15,normal,-0.33,-900,mm,274.40,25.68,25.69,25.6032,15.34,2.40,0.87,TREND,1.85,stressed,0.36,5000,dir,-3494.33
86.993,116,184.4,-4988.76,-4988.76,7200,5400,155.05,155.06,155.0621,-4.32,0.67,0.54,mixed,-0.98,stressed,-2.24,1300,mm,-1838.13,99.87,99.94,99.8870,-1.77,3.16,0.02,chop,0.15,normal,-0.33,-900,mm,274.40,25.68,25.69,25.6042,15.32,2.40,0.87,TREND,1.85,stressed,0.36,5000,dir,-3494.33
87.020,116,184.4,-4988.76,-4988.76,7200,5400,155.05,155.06,155.0620,-4.30,0.67,0.54,mixed,-0.98,stressed,-2.24,1300,mm,-1838.13,99.87,99.94,99.8873,-1.70,3.16,0.02,chop,0.15,normal,-0.33,-900,mm,274.40,25.68,25.69,25.6052,15.30,2.40,0.87,TREND,1.85,stressed,0.36,5000,dir,-3494.33
87.044,116,184.4,-4988.76,-4988.76,7200,5400,155.05,155.06,155.0619,-4.29,0.67,0.54,mixed,-0.98,stressed,-2.24,1300,mm,-1838.13,99.87,99.94,99.8875,-1.65,3.16,0.02,chop,0.15,normal,-0.33,-900,mm,274.40,25.68,25.69,25.6061,15.28,2.40,0.87,TREND,1.85,stressed,0.36,5000,dir,-3494.33
87.078,116,184.4,-4988.76,-4988.76,9800,2800,155.05,155.06,155.0618,-4.27,0.67,0.54,mixed,-0.98,stressed,-2.24,1300,mm,-1838.13,99.87,99.95,99.8878,-1.56,3.16,0.02,chop,0.15,normal,-0.33,-3500,mm,185.20,25.68,25.69,25.6074,15.25,2.40,0.87,TREND,1.85,stressed,0.36,5000,dir,-3444.33
87.112,117,182.1,-5097.26,-5097.26,9800,2800,155.05,155.06,155.0617,-4.25,0.67,0.54,mixed,-0.98,stressed,-2.24,1300,mm,-1838.13,99.81,99.95,99.8878,-1.56,3.16,0.02,chop,0.15,normal,-0.33,-3500,mm,185.20,25.68,25.69,25.6086,15.21,2.40,0.87,TREND,1.85,stressed,0.39,5000,dir,-3444.33
87.134,117,182.1,-5097.26,-5097.26,9800,2800,155.05,155.06,155.0616,-4.23,0.67,0.54,mixed,-0.98,stressed,-2.24,1300,mm,-1838.13,99.81,99.95,99.8878,-1.56,3.16,0.02,chop,0.15,normal,-0.33,-3500,mm,185.20,25.68,25.69,25.6094,15.19,2.40,0.87,TREND,1.85,stressed,0.39,5000,dir,-3444.33
87.187,117,182.1,-5097.26,-5097.26,9800,2800,155.05,155.06,155.0615,-4.20,0.67,0.54,mixed,-0.98,stressed,-2.24,1300,mm,-1838.13,99.81,99.95,99.8878,-1.56,3.16,0.02,chop,0.15,normal,-0.33,-3500,mm,185.20,25.68,25.69,25.6113,15.13,2.40,0.87,TREND,1.85,stressed,0.39,5000,dir,-3444.33
87.219,117,182.1,-5097.26,-5097.26,9800,2800,155.05,155.06,155.0614,-4.18,0.67,0.54,mixed,-0.96,stressed,-2.24,1300,mm,-1838.13,99.81,99.95,99.8878,-1.56,3.16,0.02,chop,0.15,normal,-0.33,-3500,mm,185.20,25.68,25.69,25.6124,15.09,2.40,0.87,TREND,1.80,stressed,0.39,5000,dir,-3444.33
87.242,117,182.1,-5097.26,-5097.26,9800,2800,155.05,155.06,155.0613,-4.16,0.67,0.54,mixed,-0.96,stressed,-2.24,1300,mm,-1838.13,99.81,99.95,99.8878,-1.56,3.16,0.02,chop,0.15,normal,-0.33,-3500,mm,185.20,25.68,25.69,25.6132,15.07,2.40,0.87,TREND,1.80,stressed,0.39,5000,dir,-3444.33
87.263,117,182.1,-5097.26,-5097.26,9800,2800,155.05,155.06,155.0612,-4.15,0.67,0.54,mixed,-0.96,stressed,-2.24,1300,mm,-1838.13,99.81,99.95,99.8878,-1.56,3.16,0.02,chop,0.15,normal,-0.33,-3500,mm,185.20,25.68,25.69,25.6139,15.04,2.40,0.87,TREND,1.80,stressed,0.39,5000,dir,-3444.33
87.295,117,182.1,-5097.26,-5097.26,9800,2800,155.05,155.06,155.0612,-4.13,0.67,0.54,mixed,-0.96,stressed,-2.24,1300,mm,-1838.13,99.81,99.95,99.8878,-1.56,3.16,0.02,chop,0.15,normal,-0.33,-3500,mm,185.20,25.68,25.69,25.6149,15.00,2.40,0.87,TREND,1.80,stressed,0.39,5000,dir,-3444.33
87.314,117,182.1,-5097.26,-5097.26,9800,2800,155.05,155.06,155.0611,-4.12,0.64,0.54,mixed,-0.96,stressed,-2.24,1300,mm,-1838.13,99.81,99.95,99.8878,-1.56,3.16,0.02,chop,0.15,normal,-0.33,-3500,mm,185.20,25.68,25.69,25.6155,14.98,2.40,0.87,TREND,1.80,stressed,0.39,5000,dir,-3444.33
87.334,117,182.1,-5097.26,-5097.26,9800,2800,155.05,155.06,155.0610,-4.11,0.64,0.54,mixed,-0.96,stressed,-2.24,1300,mm,-1838.13,99.81,99.95,99.8878,-1.56,3.16,0.02,chop,0.15,normal,-0.33,-3500,mm,185.20,25.68,25.69,25.6162,14.95,2.40,0.87,TREND,1.80,stressed,0.39,5000,dir,-3444.33
87.370,117,182.1,-5097.26,-5097.26,9800,2800,155.05,155.06,155.0609,-4.08,0.64,0.54,mixed,-0.96,stressed,-2.24,1300,mm,-1838.13,99.9,99.95,99.8885,-1.43,3.22,0.19,chop,0.64,normal,-0.33,-3500,mm,185.20,25.68,25.69,25.6174,14.90,2.31,0.87,TREND,1.80,stressed,0.39,5000,dir,-3444.33
87.415,117,182.1,-5097.26,-5097.26,9800,2800,155.05,155.06,155.0608,-4.06,0.64,0.54,mixed,-0.96,stressed,-2.24,1300,mm,-1838.13,99.9,99.95,99.8892,-1.27,3.22,0.19,chop,0.64,normal,-0.33,-3500,mm,185.20,25.68,25.69,25.6188,14.84,2.31,0.87,TREND,1.80,stressed,0.39,5000,dir,-3444.33
87.436,117,182.1,-5097.26,-5097.26,9800,2800,155.05,155.06,155.0608,-4.04,0.64,0.54,mixed,-0.96,stressed,-2.24,1300,mm,-1838.13,99.9,99.95,99.8896,-1.20,3.22,0.19,chop,0.64,normal,-0.33,-3500,mm,185.20,25.68,25.69,25.6195,14.81,2.31,0.87,TREND,1.80,stressed,0.39,5000,dir,-3444.33
87.467,117,182.1,-5097.26,-5097.26,9800,2800,155.05,155.06,155.0607,-4.02,0.64,0.54,mixed,-0.96,stressed,-2.24,1300,mm,-1838.13,99.9,99.95,99.8901,-1.10,3.22,0.19,chop,0.64,normal,-0.33,-3500,mm,185.20,25.68,25.69,25.6204,14.77,2.31,0.87,TREND,1.80,stressed,0.39,5000,dir,-3444.33
87.483,117,182.1,-5097.26,-5097.26,9800,2800,155.05,155.06,155.0606,-4.01,0.64,0.54,mixed,-0.94,stressed,-2.24,1300,mm,-1838.13,99.9,99.95,99.8903,-1.05,3.22,0.19,chop,0.64,normal,-0.33,-3500,mm,185.20,25.68,25.69,25.6209,14.75,2.31,0.87,TREND,1.76,stressed,0.39,5000,dir,-3444.33
87.506,117,182.1,-5097.26,-5097.26,9800,2800,155.05,155.06,155.0606,-4.00,0.64,0.54,mixed,-0.94,stressed,-2.24,1300,mm,-1838.13,99.9,99.95,99.8907,-0.98,3.22,0.19,chop,0.64,normal,-0.33,-3500,mm,185.20,25.68,25.69,25.6216,14.71,2.31,0.87,TREND,1.76,stressed,0.39,5000,dir,-3444.33
87.530,117,182.1,-5097.26,-5097.26,9800,2800,155.05,155.06,155.0605,-3.98,0.64,0.54,mixed,-0.94,stressed,-2.24,1300,mm,-1838.13,99.9,99.95,99.8911,-0.90,3.22,0.19,chop,0.64,normal,-0.33,-3500,mm,185.20,25.68,25.69,25.6223,14.68,2.31,0.87,TREND,1.76,stressed,0.39,5000,dir,-3444.33
87.564,117,182.1,-5097.26,-5097.26,9800,2800,155.05,155.06,155.0604,-3.96,0.64,0.54,mixed,-0.94,stressed,-2.24,1300,mm,-1838.13,99.9,99.95,99.8916,-0.80,3.22,0.19,chop,0.64,normal,-0.33,-3500,mm,185.20,25.68,25.69,25.6233,14.63,2.31,0.87,TREND,1.76,stressed,0.39,5000,dir,-3444.33
87.588,117,182.1,-5097.26,-5097.26,9800,2800,155.05,155.06,155.0604,-3.95,0.64,0.54,mixed,-0.94,stressed,-2.24,1300,mm,-1838.13,99.9,99.95,99.8920,-0.73,3.22,0.19,chop,0.64,normal,-0.33,-3500,mm,185.20,25.68,25.69,25.6240,14.59,2.31,0.87,TREND,1.76,stressed,0.39,5000,dir,-3444.33
87.624,117,183.4,-5097.26,-5097.26,10093,10093,155.05,155.06,155.0603,-3.93,0.64,0.54,mixed,-0.94,stressed,-2.24,1300,mm,-1838.13,99.91,99.95,99.8927,-0.62,3.22,0.06,chop,0.75,normal,-0.33,2200,mm,336.80,25.67,25.69,25.6250,14.52,2.31,0.87,TREND,1.76,stressed,0.39,6593,dir,-3462.65
87.712,117,183.4,-5097.26,-5097.26,10093,10093,155.05,155.06,155.0601,-3.87,0.64,0.54,mixed,-0.94,stressed,-2.24,1300,mm,-1838.13,99.91,99.95,99.8942,-0.36,3.22,0.06,chop,0.75,normal,-0.33,2200,mm,336.80,25.67,25.69,25.6271,14.35,2.31,0.87,TREND,1.76,stressed,0.39,6593,dir,-3462.65
87.753,117,183.4,-5097.26,-5097.26,10093,10093,155.05,155.06,155.0600,-3.85,0.64,0.50,mixed,-0.91,stressed,-2.24,1300,mm,-1838.13,99.91,99.95,99.8949,-0.24,3.22,0.06,chop,0.75,normal,-0.33,2200,mm,336.80,25.67,25.69,25.6282,14.27,2.31,0.84,TREND,1.67,stressed,0.39,6593,dir,-3462.65
87.776,117,183.4,-5097.26,-5097.26,10093,10093,155.05,155.06,155.0599,-3.83,0.64,0.50,mixed,-0.91,stressed,-2.24,1300,mm,-1838.13,99.91,99.95,99.8952,-0.18,3.22,0.06,chop,0.75,normal,-0.33,2200,mm,336.80,25.67,25.69,25.6288,14.22,2.31,0.84,TREND,1.67,stressed,0.39,6593,dir,-3462.65
87.796,117,183.4,-5097.26,-5097.26,10093,10093,155.05,155.06,155.0599,-3.82,0.64,0.50,mixed,-0.91,stressed,-2.24,1300,mm,-1838.13,99.91,99.95,99.8956,-0.13,3.22,0.06,chop,0.75,normal,-0.33,2200,mm,336.80,25.67,25.69,25.6292,14.18,2.31,0.84,TREND,1.67,stressed,0.39,6593,dir,-3462.65
87.828,117,183.4,-5097.26,-5097.26,10093,10093,155.05,155.06,155.0598,-3.80,0.60,0.50,mixed,-0.91,stressed,-2.24,1300,mm,-1838.13,99.91,99.95,99.8961,-0.05,3.22,0.06,chop,0.75,normal,-0.33,2200,mm,336.80,25.67,25.69,25.6300,14.12,2.31,0.84,TREND,1.67,stressed,0.39,6593,dir,-3462.65
87.852,117,183.4,-5097.26,-5097.26,10093,10093,155.05,155.06,155.0597,-3.79,0.60,0.50,mixed,-0.91,stressed,-2.24,1300,mm,-1838.13,99.91,99.95,99.8965,0.01,3.22,0.06,chop,0.75,normal,-0.33,2200,mm,336.80,25.67,25.69,25.6306,14.07,2.31,0.84,TREND,1.67,stressed,0.39,6593,dir,-3462.65
87.875,117,183.4,-5097.26,-5097.26,10093,10093,155.05,155.06,155.0597,-3.77,0.60,0.50,mixed,-0.91,stressed,-2.24,1300,mm,-1838.13,99.92,99.95,99.8969,0.07,2.97,0.07,chop,0.86,normal,-0.33,2200,mm,336.80,25.67,25.69,25.6311,14.02,2.26,0.84,TREND,1.67,stressed,0.39,6593,dir,-3462.65
87.897,117,183.4,-5097.26,-5097.26,10093,10093,155.05,155.06,155.0596,-3.76,0.60,0.50,mixed,-0.91,stressed,-2.24,1300,mm,-1838.13,99.92,99.95,99.8973,0.13,2.97,0.07,chop,0.86,normal,-0.33,2200,mm,336.80,25.67,25.69,25.6316,13.98,2.26,0.84,TREND,1.67,stressed,0.39,6593,dir,-3462.65
87.924,117,183.4,-5097.26,-5097.26,10093,10093,155.05,155.06,155.0596,-3.74,0.60,0.50,mixed,-0.91,stressed,-2.24,1300,mm,-1838.13,99.92,99.95,99.8978,0.20,2.97,0.07,chop,0.86,normal,-0.33,2200,mm,336.80,25.67,25.69,25.6322,13.92,2.26,0.84,TREND,1.67,stressed,0.39,6593,dir,-3462.65
87.951,117,183.4,-5097.26,-5097.26,10093,10093,155.05,155.06,155.0595,-3.73,0.60,0.50,mixed,-0.91,stressed,-2.24,1300,mm,-1838.13,99.92,99.95,99.8982,0.27,2.97,0.07,chop,0.86,normal,-0.33,2200,mm,336.80,25.67,25.69,25.6328,13.87,2.26,0.84,TREND,1.67,stressed,0.39,6593,dir,-3462.65
87.972,117,183.4,-5097.26,-5097.26,10093,10093,155.05,155.06,155.0595,-3.71,0.60,0.50,mixed,-0.91,stressed,-2.24,1300,mm,-1838.13,99.92,99.95,99.8986,0.32,2.97,0.07,chop,0.86,normal,-0.33,2200,mm,336.80,25.67,25.69,25.6333,13.83,2.26,0.84,TREND,1.67,stressed,0.39,6593,dir,-3462.65
87.998,117,183.4,-5097.26,-5097.26,10093,10093,155.05,155.06,155.0594,-3.70,0.60,0.50,mixed,-0.91,stressed,-2.24,1300,mm,-1838.13,99.92,99.95,99.8990,0.38,2.97,0.07,chop,0.86,normal,-0.33,2200,mm,336.80,25.67,25.69,25.6338,13.77,2.26,0.84,TREND,1.67,stressed,0.39,6593,dir,-3462.65
88.023,117,183.4,-5097.26,-5097.26,10093,10093,155.05,155.06,155.0594,-3.68,0.60,0.40,mixed,-0.89,stressed,-2.24,1300,mm,-1838.13,99.92,99.95,99.8994,0.44,2.97,0.07,chop,0.86,normal,-0.33,2200,mm,336.80,25.67,25.69,25.6344,13.72,2.26,0.84,TREND,1.64,stressed,0.39,6593,dir,-3462.65
88.049,117,183.4,-5097.26,-5097.26,10093,10093,155.05,155.06,155.0593,-3.67,0.60,0.40,mixed,-0.89,stressed,-2.24,1300,mm,-1838.13,99.92,99.95,99.8999,0.50,2.97,0.07,chop,0.86,normal,-0.33,2200,mm,336.80,25.67,25.69,25.6349,13.67,2.26,0.84,TREND,1.64,stressed,0.39,6593,dir,-3462.65
88.079,117,183.4,-5097.26,-5097.26,10093,10093,155.05,155.06,155.0592,-3.65,0.60,0.40,mixed,-0.89,stressed,-2.24,1300,mm,-1838.13,99.92,99.93,99.9002,0.54,2.97,0.07,chop,0.86,normal,-0.33,2200,mm,578.80,25.65,25.68,25.6354,13.57,2.26,0.84,TREND,1.64,stressed,0.39,6593,dir,-3660.44
88.129,117,183.4,-5097.26,-5097.26,10093,10093,155.05,155.06,155.0591,-3.62,0.60,0.40,mixed,-0.89,stressed,-2.24,1300,mm,-1838.13,99.9,99.93,99.9006,0.57,2.97,0.25,chop,0.37,normal,-0.33,2200,mm,578.80,25.67,25.68,25.6363,13.45,2.26,0.84,TREND,1.64,stressed,0.39,6593,dir,-3660.44
88.163,118,181.2,-4919.77,-4919.77,10093,10093,155.05,155.06,155.0591,-3.60,0.60,0.40,mixed,-0.89,stressed,-2.37,1300,mm,-1838.13,99.9,99.93,99.9008,0.58,2.97,0.25,chop,0.37,normal,-0.20,2200,mm,578.80,25.67,25.68,25.6369,13.37,2.26,0.84,TREND,1.64,stressed,0.36,6593,dir,-3660.44
88.177,118,181.2,-4919.77,-4919.77,10093,10093,155.05,155.06,155.0591,-3.59,0.60,0.40,mixed,-0.89,stressed,-2.37,1300,mm,-1838.13,99.9,99.93,99.9009,0.59,2.97,0.25,chop,0.37,normal,-0.20,2200,mm,578.80,25.67,25.68,25.6371,13.34,2.26,0.84,TREND,1.64,stressed,0.36,6593,dir,-3660.44
88.202,118,181.2,-4919.77,-4919.77,10093,10093,155.05,155.06,155.0590,-3.58,0.60,0.40,mixed,-0.89,stressed,-2.37,1300,mm,-1838.13,99.9,99.93,99.9011,0.60,2.97,0.25,chop,0.37,normal,-0.20,2200,mm,578.80,25.67,25.68,25.6376,13.28,2.26,0.84,TREND,1.64,stressed,0.36,6593,dir,-3660.44
88.225,118,181.2,-4919.77,-4919.77,10093,10093,155.05,155.06,155.0590,-3.56,0.60,0.40,mixed,-0.89,stressed,-2.37,1300,mm,-1838.13,99.9,99.93,99.9012,0.61,2.97,0.25,chop,0.37,normal,-0.20,2200,mm,578.80,25.67,25.68,25.6380,13.23,2.26,0.84,TREND,1.64,stressed,0.36,6593,dir,-3660.44
88.253,118,181.2,-4919.77,-4919.77,10093,10093,155.05,155.06,155.0589,-3.55,0.60,0.40,mixed,-0.89,stressed,-2.37,1300,mm,-1838.13,99.9,99.93,99.9014,0.62,2.97,0.25,chop,0.37,normal,-0.20,2200,mm,578.80,25.67,25.68,25.6385,13.16,2.26,0.84,TREND,1.64,stressed,0.36,6593,dir,-3660.44
88.277,118,181.2,-4919.77,-4919.77,10093,10093,155.05,155.06,155.0589,-3.53,0.60,0.75,mixed,-0.87,stressed,-2.37,1300,mm,-1838.13,99.9,99.93,99.9016,0.63,2.97,0.25,chop,0.37,normal,-0.20,2200,mm,578.80,25.67,25.68,25.6389,13.11,2.26,0.82,TREND,1.56,stressed,0.36,6593,dir,-3660.44
88.304,118,181.2,-4919.77,-4919.77,10093,10093,155.05,155.06,155.0588,-3.52,0.60,0.75,mixed,-0.87,stressed,-2.37,1300,mm,-1838.13,99.9,99.93,99.9017,0.64,2.97,0.25,chop,0.37,normal,-0.20,2200,mm,578.80,25.67,25.68,25.6393,13.04,2.26,0.82,TREND,1.56,stressed,0.36,6593,dir,-3660.44
88.330,118,181.2,-4919.77,-4919.77,10093,10093,155.05,155.06,155.0588,-3.50,0.57,0.75,mixed,-0.87,stressed,-2.37,1300,mm,-1838.13,99.9,99.93,99.9019,0.65,2.97,0.25,chop,0.37,normal,-0.20,2200,mm,578.80,25.67,25.68,25.6398,12.98,2.26,0.82,TREND,1.56,stressed,0.36,6593,dir,-3660.44
88.357,118,181.2,-4919.77,-4919.77,10093,10093,155.05,155.06,155.0587,-3.49,0.57,0.75,mixed,-0.87,stressed,-2.37,1300,mm,-1838.13,99.9,99.93,99.9021,0.66,2.97,0.25,chop,0.37,normal,-0.20,2200,mm,578.80,25.67,25.68,25.6402,12.92,2.26,0.82,TREND,1.56,stressed,0.36,6593,dir,-3660.44
88.393,118,181.2,-4919.77,-4919.77,10093,10093,155.05,155.06,155.0587,-3.47,0.57,0.75,mixed,-0.87,stressed,-2.37,1300,mm,-1838.13,99.9,99.91,99.9021,0.64,2.97,0.27,mixed,0.14,normal,-0.20,2200,mm,578.80,25.64,25.68,25.6406,12.80,2.34,0.82,TREND,1.56,stressed,0.36,6593,dir,-3660.44
88.424,118,181.2,-4919.77,-4919.77,10093,10093,155.05,155.06,155.0586,-3.45,0.57,0.75,mixed,-0.87,stressed,-2.37,1300,mm,-1838.13,99.9,99.91,99.9021,0.63,2.97,0.27,mixed,0.14,normal,-0.20,2200,mm,578.80,25.64,25.68,25.6408,12.69,2.34,0.82,TREND,1.56,stressed,0.36,6593,dir,-3660.44
88.439,118,181.2,-4919.77,-4919.77,10093,10093,155.05,155.06,155.0586,-3.44,0.57,0.75,mixed,-0.87,stressed,-2.37,1300,mm,-1838.13,99.9,99.91,99.9022,0.62,2.97,0.27,mixed,0.14,normal,-0.20,2200,mm,578.80,25.64,25.68,25.6410,12.64,2.34,0.82,TREND,1.56,stressed,0.36,6593,dir,-3660.44
88.475,118,181.2,-4919.77,-4919.77,10093,10093,155.05,155.06,155.0585,-3.42,0.57,0.75,mixed,-0.87,stressed,-2.37,1300,mm,-1838.13,99.9,99.91,99.9022,0.61,2.97,0.27,mixed,0.14,normal,-0.20,2200,mm,578.80,25.64,25.68,25.6413,12.52,2.34,0.82,TREND,1.56,stressed,0.36,6593,dir,-3660.44
88.488,118,181.2,-4919.77,-4919.77,10093,10093,155.05,155.06,155.0585,-3.41,0.57,0.75,mixed,-0.87,stressed,-2.37,1300,mm,-1838.13,99.9,99.91,99.9022,0.60,2.97,0.27,mixed,0.14,normal,-0.20,2200,mm,578.80,25.64,25.68,25.6414,12.48,2.34,0.82,TREND,1.56,stressed,0.36,6593,dir,-3660.44
88.513,118,181.2,-4919.77,-4919.77,10093,10093,155.05,155.06,155.0585,-3.40,0.57,0.75,mixed,-0.87,stressed,-2.37,1300,mm,-1838.13,99.9,99.91,99.9023,0.59,2.97,0.27,mixed,0.14,normal,-0.20,2200,mm,578.80,25.64,25.68,25.6416,12.40,2.34,0.82,TREND,1.56,stressed,0.36,6593,dir,-3660.44
88.538,118,181.2,-4919.77,-4919.77,10093,10093,155.05,155.06,155.0584,-3.38,0.57,0.71,mixed,-0.85,stressed,-2.37,1300,mm,-1838.13,99.9,99.91,99.9023,0.58,2.97,0.27,mixed,0.14,normal,-0.20,2200,mm,578.80,25.64,25.68,25.6418,12.32,2.34,0.75,TREND,1.42,stressed,0.36,6593,dir,-3660.44
88.564,118,181.2,-4919.77,-4919.77,10093,10093,155.05,155.06,155.0584,-3.37,0.57,0.71,mixed,-0.85,stressed,-2.37,1300,mm,-1838.13,99.9,99.91,99.9023,0.57,2.97,0.27,mixed,0.14,normal,-0.20,2200,mm,578.80,25.64,25.68,25.6421,12.24,2.34,0.75,TREND,1.42,stressed,0.36,6593,dir,-3660.44
88.591,118,181.2,-4919.77,-4919.77,10093,10093,155.05,155.06,155.0583,-3.35,0.57,0.71,mixed,-0.85,stressed,-2.37,1300,mm,-1838.13,99.9,99.91,99.9024,0.56,2.97,0.27,mixed,0.14,normal,-0.20,2200,mm,578.80,25.64,25.68,25.6423,12.15,2.34,0.75,TREND,1.42,stressed,0.36,6593,dir,-3660.44
88.626,118,181.2,-4919.77,-4919.77,10093,10093,155.05,155.06,155.0583,-3.33,0.57,0.71,mixed,-0.85,stressed,-2.37,1300,mm,-1838.13,99.9,99.91,99.9024,0.55,2.97,0.27,mixed,0.14,normal,-0.20,2200,mm,578.80,25.55,25.63,25.6414,11.84,2.34,0.75,TREND,1.42,stressed,0.36,6593,dir,-3660.44
88.671,118,182.5,-4919.77,-4919.77,10093,10093,155.05,155.06,155.0582,-3.31,0.57,0.71,mixed,-0.85,stressed,-2.37,1300,mm,-1838.13,99.89,99.91,99.9024,0.51,2.97,0.30,mixed,0.01,normal,-0.20,2200,mm,578.80,25.55,25.63,25.6404,11.48,2.34,0.75,TREND,1.42,stressed,0.36,6593,dir,-3660.44
88.707,118,182.5,-4919.77,-4919.77,10093,10093,155.05,155.06,155.0582,-3.29,0.57,0.71,mixed,-0.85,stressed,-2.37,1300,mm,-1838.13,99.89,99.91,99.9023,0.49,2.97,0.30,mixed,0.01,normal,-0.20,2200,mm,578.80,25.55,25.63,25.6395,11.17,2.34,0.75,TREND,1.42,stressed,0.36,6593,dir,-3660.44
88.731,118,182.5,-4919.77,-4919.77,10093,10093,155.05,155.06,155.0581,-3.27,0.57,0.71,mixed,-0.85,stressed,-2.37,1300,mm,-1838.13,99.89,99.91,99.9023,0.47,2.97,0.30,mixed,0.01,normal,-0.20,2200,mm,578.80,25.55,25.63,25.6390,10.98,2.34,0.75,TREND,1.42,stressed,0.36,6593,dir,-3660.44
88.759,118,182.5,-4919.77,-4919.77,10093,10093,155.05,155.06,155.0581,-3.26,0.57,0.71,mixed,-0.85,stressed,-2.37,1300,mm,-1838.13,99.89,99.91,99.9023,0.45,2.97,0.30,mixed,0.01,normal,-0.20,2200,mm,578.80,25.55,25.63,25.6383,10.77,2.34,0.75,TREND,1.42,stressed,0.36,6593,dir,-3660.44
88.781,118,182.5,-4919.77,-4919.77,10093,10093,155.05,155.06,155.0580,-3.25,0.57,0.71,mixed,-0.85,stressed,-2.37,1300,mm,-1838.13,99.89,99.91,99.9022,0.43,2.97,0.30,mixed,0.01,normal,-0.20,2200,mm,578.80,25.55,25.63,25.6378,10.60,2.34,0.75,TREND,1.42,stressed,0.36,6593,dir,-3660.44
88.808,118,182.5,-4919.77,-4919.77,10093,10093,155.05,155.06,155.0580,-3.23,0.57,0.60,mixed,-0.83,stressed,-2.37,1300,mm,-1838.13,99.89,99.91,99.9022,0.42,2.97,0.30,mixed,0.01,normal,-0.20,2200,mm,578.80,25.55,25.63,25.6372,10.40,2.34,0.49,TREND,0.88,stressed,0.36,6593,dir,-3660.44
88.828,118,182.5,-4919.77,-4919.77,10093,10093,155.05,155.06,155.0580,-3.22,0.57,0.60,mixed,-0.83,stressed,-2.37,1300,mm,-1838.13,99.89,99.91,99.9022,0.40,2.97,0.30,mixed,0.01,normal,-0.20,2200,mm,578.80,25.55,25.63,25.6368,10.26,2.34,0.49,TREND,0.88,stressed,0.36,6593,dir,-3660.44
88.855,118,182.5,-4919.77,-4919.77,10093,10093,155.05,155.06,155.0579,-3.21,0.54,0.60,mixed,-0.83,stressed,-2.37,1300,mm,-1838.13,99.89,99.91,99.9022,0.39,2.97,0.30,mixed,0.01,normal,-0.20,2200,mm,578.80,25.55,25.63,25.6362,10.07,2.34,0.49,TREND,0.88,stressed,0.36,6593,dir,-3660.44
88.891,118,182.5,-4919.77,-4919.77,10093,10093,155.05,155.06,155.0579,-3.19,0.54,0.60,mixed,-0.83,stressed,-2.37,1300,mm,-1838.13,99.89,99.9,99.9020,0.35,2.97,0.30,mixed,0.01,normal,-0.20,2200,mm,578.80,25.5,25.62,25.6362,10.07,2.34,0.49,TREND,0.88,stressed,0.36,6593,dir,-3660.44
88.917,118,182.5,-4919.77,-4919.77,10093,10093,155.05,155.06,155.0579,-3.17,0.54,0.60,mixed,-0.83,stressed,-2.37,1300,mm,-1838.13,99.89,99.9,99.9020,0.33,2.76,0.30,mixed,0.01,normal,-0.20,2200,mm,578.80,25.5,25.62,25.6362,10.07,2.34,0.49,TREND,0.88,stressed,0.36,6593,dir,-3660.44
88.933,118,182.5,-4919.77,-4919.77,10093,10093,155.05,155.06,155.0578,-3.16,0.54,0.60,mixed,-0.83,stressed,-2.37,1300,mm,-1838.13,99.89,99.9,99.9019,0.31,2.76,0.29,mixed,-0.11,normal,-0.20,2200,mm,578.80,25.5,25.62,25.6362,10.07,2.34,0.49,TREND,0.88,stressed,0.36,6593,dir,-3660.44
88.957,118,182.5,-4919.77,-4919.77,10093,10093,155.05,155.06,155.0578,-3.15,0.54,0.60,mixed,-0.83,stressed,-2.37,1300,mm,-1838.13,99.89,99.9,99.9018,0.29,2.76,0.29,mixed,-0.11,normal,-0.20,2200,mm,578.80,25.5,25.62,25.6362,10.07,2.34,0.49,TREND,0.88,stressed,0.36,6593,dir,-3660.44
88.982,118,182.5,-4919.77,-4919.77,10093,10093,155.05,155.06,155.0578,-3.14,0.54,0.60,mixed,-0.83,stressed,-2.37,1300,mm,-1838.13,99.89,99.9,99.9017,0.27,2.76,0.29,mixed,-0.11,normal,-0.20,2200,mm,578.80,25.5,25.62,25.6362,10.07,2.34,0.49,TREND,0.88,stressed,0.36,6593,dir,-3660.44
89.015,118,182.5,-4919.77,-4919.77,10093,10093,155.05,155.06,155.0577,-3.12,0.54,0.60,mixed,-0.83,stressed,-2.37,1300,mm,-1838.13,99.89,99.9,99.9016,0.24,2.76,0.29,mixed,-0.11,normal,-0.20,2200,mm,578.80,25.5,25.62,25.6362,10.07,2.34,0.49,TREND,0.88,stressed,0.36,6593,dir,-3660.44
89.059,118,182.5,-4919.77,-4919.77,10093,10093,155.05,155.06,155.0577,-3.10,0.54,0.33,mixed,-0.81,stressed,-2.37,1300,mm,-1838.13,99.89,99.9,99.9015,0.20,2.76,0.29,mixed,-0.11,normal,-0.20,2200,mm,578.80,25.5,25.62,25.6362,10.07,2.34,0.49,TREND,0.88,stressed,0.36,6593,dir,-3660.44
89.087,118,182.5,-4919.77,-4919.77,10093,10093,155.05,155.06,155.0576,-3.08,0.54,0.33,mixed,-0.81,stressed,-2.37,1300,mm,-1838.13,99.89,99.9,99.9014,0.18,2.76,0.29,mixed,-0.11,normal,-0.20,2200,mm,578.80,25.5,25.62,25.6362,10.07,2.34,0.49,TREND,0.88,stressed,0.36,6593,dir,-3660.44
89.115,118,182.5,-4919.77,-4919.77,10093,10093,155.05,155.06,155.0576,-3.07,0.54,0.33,mixed,-0.81,stressed,-2.37,1300,mm,-1838.13,99.89,99.94,99.9016,0.20,2.76,0.29,mixed,-0.11,normal,-0.20,2200,mm,512.80,25.55,25.62,25.6355,9.87,2.87,0.46,TREND,0.84,stressed,0.36,6593,dir,-4319.74
89.139,118,182.5,-4919.77,-4919.77,10093,10093,155.05,155.06,155.0576,-3.05,0.54,0.33,mixed,-0.81,stressed,-2.37,1300,mm,-1838.13,99.82,99.94,99.9016,0.20,2.76,0.29,mixed,-0.11,normal,-0.20,2200,mm,512.80,25.55,25.61,25.6349,9.69,2.87,0.46,TREND,0.84,stressed,0.36,6593,dir,-4319.74
89.172,119,180.2,-5645.07,-5645.07,10093,10093,155.05,155.06,155.0575,-3.04,0.54,0.33,mixed,-0.81,stressed,-2.42,1300,mm,-1838.13,99.82,99.94,99.9016,0.20,2.76,0.29,mixed,-0.11,normal,-0.20,2200,mm,512.80,25.55,25.61,25.6340,9.45,2.87,0.46,TREND,0.84,stressed,0.09,6593,dir,-4319.74
89.195,119,180.2,-5645.07,-5645.07,10093,10093,155.05,155.06,155.0575,-3.03,0.54,0.33,mixed,-0.81,stressed,-2.42,1300,mm,-1838.13,99.82,99.94,99.9016,0.20,2.76,0.29,mixed,-0.11,normal,-0.20,2200,mm,512.80,25.55,25.61,25.6335,9.28,2.87,0.46,TREND,0.84,stressed,0.09,6593,dir,-4319.74
89.219,119,180.2,-5645.07,-5645.07,10093,10093,155.05,155.06,155.0575,-3.01,0.54,0.33,mixed,-0.81,stressed,-2.42,1300,mm,-1838.13,99.82,99.94,99.9016,0.20,2.76,0.29,mixed,-0.11,normal,-0.20,2200,mm,512.80,25.55,25.61,25.6329,9.12,2.87,0.46,TREND,0.84,stressed,0.09,6593,dir,-4319.74
89.246,119,180.2,-5645.07,-5645.07,10093,10093,155.05,155.06,155.0575,-3.00,0.54,0.33,mixed,-0.81,stressed,-2.42,1300,mm,-1838.13,99.82,99.94,99.9016,0.20,2.76,0.29,mixed,-0.11,normal,-0.20,2200,mm,512.80,25.55,25.61,25.6322,8.94,2.87,0.46,TREND,0.84,stressed,0.09,6593,dir,-4319.74
89.270,119,180.2,-5645.07,-5645.07,10093,10093,155.05,155.06,155.0574,-2.99,0.54,0.33,mixed,-0.81,stressed,-2.42,1300,mm,-1838.13,99.82,99.94,99.9016,0.20,2.76,0.29,mixed,-0.11,normal,-0.20,2200,mm,512.80,25.55,25.61,25.6316,8.79,2.87,0.46,TREND,0.84,stressed,0.09,6593,dir,-4319.74
89.295,119,180.2,-5645.07,-5645.07,10093,10093,155.05,155.06,155.0574,-2.97,0.54,0.33,mixed,-0.81,stressed,-2.42,1300,mm,-1838.13,99.82,99.94,99.9016,0.20,2.76,0.29,mixed,-0.11,normal,-0.20,2200,mm,512.80,25.55,25.61,25.6310,8.62,2.87,0.46,TREND,0.84,stressed,0.09,6593,dir,-4319.74
89.323,119,180.2,-5645.07,-5645.07,10093,10093,155.05,155.06,155.0574,-2.96,0.54,1.00,mixed,-0.79,stressed,-2.42,1300,mm,-1838.13,99.82,99.94,99.9016,0.20,2.76,0.29,mixed,-0.11,normal,-0.20,2200,mm,512.80,25.55,25.61,25.6303,8.44,2.87,0.46,TREND,0.84,stressed,0.09,6593,dir,-4319.74
89.348,119,180.2,-5645.07,-5645.07,10093,10093,155.05,155.06,155.0573,-2.95,0.54,1.00,mixed,-0.79,stressed,-2.42,1300,mm,-1838.13,99.82,99.94,99.9016,0.20,2.76,0.29,mixed,-0.11,normal,-0.20,2200,mm,512.80,25.55,25.61,25.6298,8.29,2.87,0.46,TREND,0.84,stressed,0.09,6593,dir,-4319.74
89.373,119,180.2,-5645.07,-5645.07,10093,10093,155.05,155.06,155.0573,-2.93,0.51,1.00,mixed,-0.79,stressed,-2.42,1300,mm,-1838.13,99.82,99.94,99.9016,0.20,2.76,0.29,mixed,-0.11,normal,-0.20,2200,mm,512.80,25.55,25.61,25.6291,8.13,2.87,0.49,TREND,0.79,stressed,0.09,6593,dir,-4319.74
89.413,119,180.2,-5645.07,-5645.07,10793,10793,155.05,155.06,155.0573,-2.91,0.51,1.00,mixed,-0.79,stressed,-2.42,1300,mm,-1838.13,99.9,99.91,99.9017,0.20,2.76,0.23,chop,0.13,normal,-0.20,2200,mm,468.80,25.56,25.61,25.6283,7.92,2.87,0.49,TREND,0.79,stressed,0.09,7293,dir,-4289.86
89.446,119,180.2,-5645.07,-5645.07,10793,10793,155.05,155.06,155.0572,-2.90,0.51,1.00,mixed,-0.79,stressed,-2.42,1300,mm,-1838.13,99.9,99.91,99.9017,0.20,2.59,0.23,chop,0.13,normal,-0.20,2200,mm,468.80,25.56,25.61,25.6277,7.74,2.87,0.49,TREND,0.79,stressed,0.09,7293,dir,-4289.86
89.467,119,180.2,-5645.07,-5645.07,10793,10793,155.05,155.06,155.0572,-2.89,0.51,1.00,mixed,-0.79,stressed,-2.42,1300,mm,-1838.13,99.9,99.91,99.9017,0.20,2.59,0.23,chop,0.13,normal,-0.20,2200,mm,468.80,25.56,25.61,25.6272,7.63,2.87,0.49,TREND,0.79,stressed,0.09,7293,dir,-4289.86
89.497,119,180.2,-5645.07,-5645.07,10793,10793,155.05,155.06,155.0572,-2.87,0.51,1.00,mixed,-0.79,stressed,-2.42,1300,mm,-1838.13,99.9,99.91,99.9018,0.20,2.59,0.23,chop,0.13,normal,-0.20,2200,mm,468.80,25.56,25.61,25.6267,7.48,2.87,0.49,TREND,0.79,stressed,0.09,7293,dir,-4289.86
89.516,119,180.2,-5645.07,-5645.07,10793,10793,155.05,155.06,155.0572,-2.86,0.51,1.00,mixed,-0.79,stressed,-2.42,1300,mm,-1838.13,99.9,99.91,99.9018,0.20,2.59,0.23,chop,0.13,normal,-0.20,2200,mm,468.80,25.56,25.61,25.6263,7.39,2.87,0.49,TREND,0.79,stressed,0.09,7293,dir,-4289.86
89.545,119,180.2,-5645.07,-5645.07,10793,10793,155.05,155.06,155.0571,-2.85,0.51,1.00,mixed,-0.79,stressed,-2.42,1300,mm,-1838.13,99.9,99.91,99.9019,0.20,2.59,0.23,chop,0.13,normal,-0.20,2200,mm,468.80,25.56,25.61,25.6257,7.25,2.87,0.49,TREND,0.79,stressed,0.09,7293,dir,-4289.86
89.574,119,180.2,-5645.07,-5645.07,10793,10793,155.05,155.06,155.0571,-2.83,0.51,1.00,mixed,-0.78,stressed,-2.42,1300,mm,-1838.13,99.9,99.91,99.9019,0.20,2.59,0.23,chop,0.13,normal,-0.20,2200,mm,468.80,25.56,25.61,25.6252,7.11,2.87,0.49,TREND,0.79,stressed,0.09,7293,dir,-4289.86
89.594,119,180.2,-5645.07,-5645.07,10793,10793,155.05,155.06,155.0571,-2.82,0.51,1.00,mixed,-0.78,stressed,-2.42,1300,mm,-1838.13,99.9,99.91,99.9019,0.20,2.59,0.23,chop,0.13,normal,-0.20,2200,mm,468.80,25.56,25.61,25.6248,7.03,2.87,0.49,TREND,0.79,stressed,0.09,7293,dir,-4289.86
89.619,119,180.2,-5645.07,-5645.07,10793,10793,155.05,155.06,155.0571,-2.81,0.51,1.00,mixed,-0.78,stressed,-2.42,1300,mm,-1838.13,99.9,99.91,99.9020,0.20,2.59,0.23,chop,0.13,normal,-0.20,2200,mm,468.80,25.56,25.61,25.6243,6.92,2.60,0.49,TREND,0.79,stressed,0.09,7293,dir,-4289.86
89.658,119,180.2,-5645.07,-5645.07,8793,8393,155.05,155.06,155.0570,-2.79,0.51,1.00,mixed,-0.78,stressed,-2.42,1300,mm,-1838.13,99.9,99.91,99.9020,0.20,2.59,0.23,chop,0.13,normal,-0.20,-200,mm,594.00,25.51,25.6,25.6230,6.65,2.60,0.41,TREND,0.60,stressed,0.09,7293,dir,-4289.86
89.716,119,181.7,-5645.07,-5645.07,8793,8393,155.05,155.06,155.0570,-2.77,0.51,1.00,mixed,-0.78,stressed,-2.42,1300,mm,-1838.13,99.9,99.91,99.9021,0.20,2.59,0.05,chop,0.12,normal,-0.20,-200,mm,594.00,25.51,25.6,25.6212,6.27,2.60,0.41,TREND,0.60,stressed,0.09,7293,dir,-4289.86
89.756,119,181.7,-5645.07,-5645.07,8793,8393,155.05,155.06,155.0569,-2.75,0.51,1.00,mixed,-0.78,stressed,-2.42,1300,mm,-1838.13,99.9,99.91,99.9022,0.20,2.59,0.05,chop,0.12,normal,-0.20,-200,mm,594.00,25.51,25.6,25.6200,6.03,2.60,0.41,TREND,0.60,stressed,0.09,7293,dir,-4289.86
89.779,119,181.7,-5645.07,-5645.07,8793,8393,155.05,155.06,155.0569,-2.74,0.51,1.00,mixed,-0.78,stressed,-2.42,1300,mm,-1838.13,99.9,99.91,99.9022,0.20,2.59,0.05,chop,0.12,normal,-0.20,-200,mm,594.00,25.51,25.6,25.6193,5.89,2.60,0.41,TREND,0.60,stressed,0.09,7293,dir,-4289.86
89.803,119,181.7,-5645.07,-5645.07,8793,8393,155.05,155.06,155.0569,-2.72,0.51,1.00,mixed,-0.78,stressed,-2.42,1300,mm,-1838.13,99.9,99.91,99.9022,0.20,2.59,0.05,chop,0.12,normal,-0.20,-200,mm,594.00,25.51,25.6,25.6185,5.75,2.60,0.41,TREND,0.60,stressed,0.09,7293,dir,-4289.86
89.835,119,181.7,-5645.07,-5645.07,8793,8393,155.05,155.06,155.0569,-2.71,0.51,1.00,mixed,-0.76,stressed,-2.42,1300,mm,-1838.13,99.9,99.91,99.9023,0.20,2.59,0.05,chop,0.12,normal,-0.20,-200,mm,594.00,25.51,25.6,25.6176,5.57,2.60,0.41,TREND,0.60,stressed,0.09,7293,dir,-4289.86
89.855,119,181.7,-5645.07,-5645.07,8793,8393,155.05,155.06,155.0568,-2.70,0.51,1.00,mixed,-0.76,stressed,-2.42,1300,mm,-1838.13,99.9,99.91,99.9023,0.20,2.59,0.05,chop,0.12,normal,-0.20,-200,mm,594.00,25.51,25.6,25.6170,5.46,2.60,0.41,TREND,0.60,stressed,0.09,7293,dir,-4289.86
89.883,119,181.7,-5645.07,-5645.07,8793,8393,155.05,155.06,155.0568,-2.69,0.48,1.00,mixed,-0.76,stressed,-2.42,1300,mm,-1838.13,99.9,99.91,99.9023,0.20,2.59,0.05,chop,0.12,normal,-0.20,-200,mm,594.00,25.51,25.6,25.6162,5.31,2.60,0.41,TREND,0.60,stressed,0.09,7293,dir,-4289.86
89.913,119,181.7,-5645.07,-5645.07,11793,11793,155.05,155.06,155.0568,-2.67,0.48,1.00,mixed,-0.76,stressed,-2.42,1300,mm,-1838.13,99.84,99.91,99.9019,0.12,2.59,0.05,chop,0.12,normal,-0.20,100,mm,591.40,25.52,25.6,25.6154,5.16,2.60,0.41,TREND,0.64,stressed,0.09,10393,dir,-4834.23
89.981,119,181.7,-5645.07,-5645.07,11793,11793,155.05,155.06,155.0567,-2.64,0.48,1.00,mixed,-0.76,stressed,-2.42,1300,mm,-1838.13,99.84,99.91,99.9011,-0.03,2.60,0.07,chop,-0.63,normal,-0.20,100,mm,591.40,25.52,25.6,25.6137,4.85,2.60,0.41,TREND,0.64,stressed,0.09,10393,dir,-4834.23
90.001,119,181.7,-5645.07,-5645.07,11793,11793,155.05,155.06,155.0567,-2.63,0.48,1.00,mixed,-0.76,stressed,-2.42,1300,mm,-1838.13,99.84,99.91,99.9008,-0.08,2.60,0.07,chop,-0.63,normal,-0.20,100,mm,591.40,25.52,25.6,25.6132,4.76,2.60,0.41,TREND,0.64,stressed,0.09,10393,dir,-4834.23
90.026,119,181.7,-5645.07,-5645.07,11793,11793,155.05,155.06,155.0567,-2.62,0.48,1.00,mixed,-0.76,stressed,-2.42,1300,mm,-1838.13,99.84,99.91,99.9005,-0.13,2.60,0.07,chop,-0.63,normal,-0.20,100,mm,591.40,25.52,25.6,25.6125,4.66,2.60,0.41,TREND,0.64,stressed,0.09,10393,dir,-4834.23
90.050,119,181.7,-5645.07,-5645.07,11793,11793,155.05,155.06,155.0567,-2.61,0.48,1.00,mixed,-0.76,stressed,-2.42,1300,mm,-1838.13,99.84,99.91,99.9002,-0.18,2.60,0.07,chop,-0.63,normal,-0.20,100,mm,591.40,25.52,25.6,25.6119,4.55,2.60,0.41,TREND,0.64,stressed,0.09,10393,dir,-4834.23
90.080,119,181.7,-5645.07,-5645.07,11693,11693,155.05,155.06,155.0567,-2.60,0.48,1.00,mixed,-0.76,stressed,-2.42,1300,mm,-1838.13,99.87,99.9,99.9000,-0.22,2.60,0.07,chop,-0.63,normal,-0.20,0,mm,591.20,25.53,25.59,25.6112,4.43,2.60,0.41,TREND,0.64,stressed,0.09,10393,dir,-4730.30
90.132,119,181.7,-5645.07,-5645.07,11693,11693,155.05,155.06,155.0566,-2.57,0.48,1.00,mixed,-0.74,stressed,-2.42,1300,mm,-1838.13,99.87,99.9,99.8997,-0.27,2.60,0.07,chop,-0.63,normal,-0.20,0,mm,591.20,25.53,25.59,25.6100,4.24,2.57,0.41,TREND,0.64,stressed,0.09,10393,dir,-4730.30
90.176,119,181.7,-5645.07,-5645.07,11693,11693,155.05,155.06,155.0566,-2.55,0.48,1.00,mixed,-0.74,stressed,-2.42,1300,mm,-1838.13,99.87,99.89,99.8993,-0.34,2.60,0.07,chop,-0.63,normal,-0.20,0,mm,591.20,25.53,25.58,25.6089,4.05,2.57,0.36,TREND,0.60,stressed,0.09,10393,dir,-4730.30
90.214,120,179.4,-5977.23,-5977.23,11693,11693,155.05,155.06,155.0566,-2.54,0.48,1.00,mixed,-0.74,stressed,-2.42,1300,mm,-1838.13,99.87,99.89,99.8989,-0.39,2.60,0.07,chop,-0.63,normal,-0.07,0,mm,591.20,25.53,25.58,25.6079,3.90,2.57,0.36,TREND,0.60,stressed,0.03,10393,dir,-4730.30
90.231,120,179.4,-5977.23,-5977.23,11693,11693,155.05,155.06,155.0565,-2.53,0.48,1.00,mixed,-0.74,stressed,-2.42,1300,mm,-1838.13,99.87,99.89,99.8988,-0.42,2.60,0.07,chop,-0.63,normal,-0.07,0,mm,591.20,25.53,25.58,25.6075,3.83,2.57,0.36,TREND,0.60,stressed,0.03,10393,dir,-4730.30
90.257,120,179.4,-5977.23,-5977.23,11693,11693,155.05,155.06,155.0565,-2.52,0.48,1.00,mixed,-0.74,stressed,-2.42,1300,mm,-1838.13,99.87,99.89,99.8985,-0.45,2.60,0.03,chop,-0.49,normal,-0.07,0,mm,591.20,25.53,25.58,25.6068,3.73,2.57,0.36,TREND,0.60,stressed,0.03,10393,dir,-4730.30
90.280,120,179.4,-5977.23,-5977.23,11693,11693,155.05,155.06,155.0565,-2.51,0.48,1.00,mixed,-0.74,stressed,-2.42,1300,mm,-1838.13,99.87,99.89,99.8983,-0.48,2.60,0.03,chop,-0.49,normal,-0.07,0,mm,591.20,25.53,25.58,25.6063,3.65,2.57,0.36,TREND,0.60,stressed,0.03,10393,dir,-4730.30
90.306,120,179.4,-5977.23,-5977.23,11693,11693,155.05,155.06,155.0565,-2.50,0.48,1.00,mixed,-0.74,stressed,-2.42,1300,mm,-1838.13,99.87,99.89,99.8981,-0.51,2.60,0.03,chop,-0.49,normal,-0.07,0,mm,591.20,25.53,25.58,25.6057,3.55,2.57,0.36,TREND,0.60,stressed,0.03,10393,dir,-4730.30
90.331,120,179.4,-5977.23,-5977.23,11693,11693,155.05,155.06,155.0565,-2.48,0.48,1.00,mixed,-0.74,stressed,-2.42,1300,mm,-1838.13,99.87,99.89,99.8979,-0.54,2.60,0.03,chop,-0.49,normal,-0.07,0,mm,591.20,25.53,25.58,25.6051,3.47,2.57,0.36,TREND,0.60,stressed,0.03,10393,dir,-4730.30
90.356,120,179.4,-5977.23,-5977.23,11693,11693,155.05,155.06,155.0565,-2.47,0.48,1.00,mixed,-0.74,stressed,-2.42,1300,mm,-1838.13,99.87,99.89,99.8977,-0.57,2.60,0.03,chop,-0.49,normal,-0.07,0,mm,591.20,25.53,25.58,25.6045,3.38,2.57,0.36,TREND,0.60,stressed,0.03,10393,dir,-4730.30
90.380,120,179.4,-5977.23,-5977.23,11693,11693,155.05,155.06,155.0564,-2.46,0.48,1.00,mixed,-0.73,stressed,-2.42,1300,mm,-1838.13,99.87,99.89,99.8975,-0.60,2.60,0.03,chop,-0.49,normal,-0.07,0,mm,591.20,25.53,25.58,25.6039,3.30,2.57,0.36,TREND,0.60,stressed,0.03,10393,dir,-4730.30
90.419,120,179.4,-5977.23,-5977.23,11693,11693,155.05,155.06,155.0564,-2.45,0.45,1.00,mixed,-0.73,stressed,-2.42,1300,mm,-1838.13,99.9,99.91,99.8976,-0.56,2.60,0.03,chop,-0.49,normal,-0.07,0,mm,591.20,25.5,25.58,25.6027,3.13,2.57,0.36,TREND,0.60,stressed,0.03,10393,cut,-4730.30
90.439,120,179.4,-5977.23,-5977.23,11693,11693,155.05,155.06,155.0564,-2.44,0.45,1.00,mixed,-0.73,stressed,-2.42,1300,mm,-1838.13,99.9,99.91,99.8977,-0.55,2.60,0.03,chop,-0.49,normal,-0.07,0,mm,591.20,25.5,25.58,25.6022,3.04,2.57,0.52,TREND,0.49,stressed,0.03,10393,cut,-4730.30
90.472,120,179.4,-5977.23,-5977.23,11693,11693,155.05,155.06,155.0564,-2.42,0.45,1.00,mixed,-0.73,stressed,-2.42,1300,mm,-1838.13,99.9,99.91,99.8978,-0.52,2.60,0.03,chop,-0.49,normal,-0.07,0,mm,591.20,25.5,25.58,25.6012,2.90,2.57,0.52,TREND,0.49,stressed,0.03,10393,cut,-4730.30
90.494,120,179.4,-5977.23,-5977.23,11693,11693,155.05,155.06,155.0564,-2.41,0.45,1.00,mixed,-0.73,stressed,-2.42,1300,mm,-1838.13,99.9,99.91,99.8979,-0.50,2.63,0.03,chop,-0.49,normal,-0.07,0,mm,591.20,25.5,25.58,25.6006,2.81,2.57,0.52,TREND,0.49,stressed,0.03,10393,cut,-4730.30
90.515,120,179.4,-5977.23,-5977.23,11693,11693,155.05,155.06,155.0563,-2.41,0.45,1.00,mixed,-0.73,stressed,-2.42,1300,mm,-1838.13,99.9,99.91,99.8979,-0.48,2.63,0.06,chop,0.17,normal,-0.07,0,mm,591.20,25.5,25.58,25.6000,2.73,2.57,0.52,TREND,0.49,stressed,0.03,10393,cut,-4730.30
90.540,120,179.4,-5977.23,-5977.23,11693,11693,155.05,155.06,155.0563,-2.40,0.45,1.00,mixed,-0.73,stressed,-2.42,1300,mm,-1838.13,99.9,99.91,99.8980,-0.46,2.63,0.06,chop,0.17,normal,-0.07,0,mm,591.20,25.5,25.58,25.5993,2.63,2.57,0.52,TREND,0.49,stressed,0.03,10393,cut,-4730.30
90.565,120,179.4,-5977.23,-5977.23,11693,11693,155.05,155.06,155.0563,-2.38,0.45,1.00,mixed,-0.73,stressed,-2.42,1300,mm,-1838.13,99.9,99.91,99.8981,-0.44,2.63,0.06,chop,0.17,normal,-0.07,0,mm,591.20,25.5,25.58,25.5986,2.54,2.57,0.52,TREND,0.49,stressed,0.03,10393,cut,-4730.30
90.592,120,179.4,-5977.23,-5977.23,11693,11693,155.05,155.06,155.0563,-2.37,0.45,1.00,mixed,-0.73,stressed,-2.42,1300,mm,-1838.13,99.9,99.91,99.8982,-0.42,2.63,0.06,chop,0.17,normal,-0.07,0,mm,591.20,25.5,25.58,25.5978,2.44,2.57,0.52,TREND,0.49,stressed,0.03,10393,cut,-4730.30
90.617,120,179.4,-5977.23,-5977.23,11693,11693,155.05,155.06,155.0563,-2.36,0.45,1.00,mixed,-0.73,stressed,-2.42,1300,mm,-1838.13,99.9,99.91,99.8983,-0.40,2.63,0.06,chop,0.17,normal,-0.07,0,mm,591.20,25.5,25.58,25.5971,2.35,2.57,0.52,TREND,0.49,stressed,0.03,10393,cut,-4730.30
90.643,120,179.4,-5977.23,-5977.23,11693,11693,155.05,155.06,155.0563,-2.35,0.45,1.00,mixed,-0.71,stressed,-2.42,1300,mm,-1838.13,99.9,99.91,99.8984,-0.38,2.63,0.06,chop,0.17,normal,-0.07,0,mm,591.20,25.5,25.58,25.5965,2.26,2.48,0.52,TREND,0.49,stressed,0.03,10393,cut,-4730.30
90.680,120,179.4,-5977.23,-5977.23,6693,6693,155.05,155.06,155.0562,-2.34,0.45,1.00,mixed,-0.71,stressed,-2.42,1300,mm,-1838.13,99.9,99.93,99.8987,-0.32,2.63,0.06,chop,0.17,normal,-0.07,0,mm,591.20,25.51,25.57,25.5955,2.13,2.48,0.52,TREND,0.49,stressed,0.03,5393,cut,-5310.27
90.709,120,180.6,-5977.23,-5977.23,6693,6693,155.05,155.06,155.0562,-2.33,0.45,1.00,mixed,-0.71,stressed,-2.42,1300,mm,-1838.13,99.9,99.93,99.8989,-0.28,2.63,0.06,chop,0.17,normal,-0.07,0,mm,591.20,25.51,25.57,25.5947,2.04,2.48,0.52,TREND,0.49,stressed,0.03,5393,cut,-5310.27
90.732,120,180.6,-5977.23,-5977.23,6693,6693,155.05,155.06,155.0562,-2.32,0.45,1.00,mixed,-0.71,stressed,-2.42,1300,mm,-1838.13,99.9,99.93,99.8991,-0.25,2.63,0.06,chop,0.17,normal,-0.07,0,mm,591.20,25.51,25.57,25.5941,1.96,2.48,0.52,TREND,0.49,stressed,0.03,5393,cut,-5310.27
90.758,120,180.6,-5977.23,-5977.23,6693,6693,155.05,155.06,155.0562,-2.31,0.45,1.00,mixed,-0.71,stressed,-2.42,1300,mm,-1838.13,99.9,99.93,99.8992,-0.21,2.63,0.06,chop,0.17,normal,-0.07,0,mm,591.20,25.51,25.57,25.5935,1.88,2.48,0.52,TREND,0.49,stressed,0.03,5393,cut,-5310.27
90.783,120,180.6,-5977.23,-5977.23,6693,6693,155.05,155.06,155.0562,-2.30,0.45,1.00,mixed,-0.71,stressed,-2.42,1300,mm,-1838.13,99.9,99.93,99.8994,-0.18,2.63,0.06,chop,0.47,normal,-0.07,0,mm,591.20,25.51,25.57,25.5928,1.81,2.48,0.52,TREND,0.49,stressed,0.03,5393,cut,-5310.27
90.832,120,180.6,-5977.23,-5977.23,6693,6693,155.05,155.06,155.0562,-2.28,0.45,1.00,mixed,-0.71,stressed,-2.42,1300,mm,-1838.13,99.9,99.93,99.8998,-0.12,2.63,0.06,chop,0.47,normal,-0.07,0,mm,591.20,25.51,25.57,25.5917,1.67,2.48,0.52,TREND,0.49,stressed,0.03,5393,cut,-5310.27
90.841,120,180.6,-5977.23,-5977.23,6693,6693,155.05,155.06,155.0562,-2.27,0.45,1.00,mixed,-0.71,stressed,-2.42,1300,mm,-1838.13,99.9,99.93,99.8998,-0.11,2.63,0.06,chop,0.47,normal,-0.07,0,mm,591.20,25.51,25.57,25.5914,1.64,2.48,0.52,TREND,0.49,stressed,0.03,5393,cut,-5310.27
90.867,120,180.6,-5977.23,-5977.23,6693,6693,155.05,155.06,155.0561,-2.26,0.45,1.00,mixed,-0.71,stressed,-2.42,1300,mm,-1838.13,99.9,99.93,99.9000,-0.08,2.63,0.06,chop,0.47,normal,-0.07,0,mm,591.20,25.51,25.57,25.5908,1.57,2.48,0.52,TREND,0.49,stressed,0.03,5393,cut,-5310.27
90.894,120,180.6,-5977.23,-5977.23,6693,6693,155.05,155.06,155.0561,-2.25,0.45,1.00,mixed,-0.70,stressed,-2.42,1300,mm,-1838.13,99.9,99.93,99.9002,-0.05,2.63,0.06,chop,0.47,normal,-0.07,0,mm,591.20,25.51,25.57,25.5902,1.50,2.48,0.52,TREND,0.49,stressed,0.03,5393,cut,-5310.27
90.925,120,180.6,-5977.23,-5977.23,9193,4193,155.05,155.06,155.0561,-2.24,0.42,1.00,mixed,-0.70,stressed,-2.42,1300,mm,-1838.13,99.91,99.94,99.9006,0.02,2.63,0.06,chop,0.47,normal,-0.07,-2500,mm,536.20,25.52,25.57,25.5895,1.43,2.48,0.52,TREND,0.49,stressed,0.03,5393,cut,-5310.27
90.951,120,180.6,-5977.23,-5977.23,9193,4193,155.05,155.06,155.0561,-2.23,0.42,1.00,mixed,-0.70,stressed,-2.42,1300,mm,-1838.13,99.91,99.94,99.9009,0.07,2.63,0.06,chop,0.47,normal,-0.07,-2500,mm,536.20,25.52,25.57,25.5890,1.38,2.48,0.52,TREND,0.49,stressed,0.03,5393,cut,-5310.27
90.976,120,180.6,-5977.23,-5977.23,9193,4193,155.05,155.06,155.0561,-2.22,0.42,1.00,mixed,-0.70,stressed,-2.42,1300,mm,-1838.13,99.91,99.94,99.9012,0.11,2.63,0.06,chop,0.47,normal,-0.07,-2500,mm,536.20,25.52,25.57,25.5885,1.32,2.48,0.52,TREND,0.52,stressed,0.03,5393,cut,-5310.27
90.997,120,180.6,-5977.23,-5977.23,9193,4193,155.05,155.06,155.0561,-2.21,0.42,1.00,mixed,-0.70,stressed,-2.42,1300,mm,-1838.13,99.91,99.94,99.9014,0.15,2.55,0.06,chop,0.47,normal,-0.07,-2500,mm,536.20,25.52,25.57,25.5880,1.28,2.48,0.52,TREND,0.52,stressed,0.03,5393,cut,-5310.27
91.024,120,180.6,-5977.23,-5977.23,9193,4193,155.05,155.06,155.0561,-2.20,0.42,1.00,mixed,-0.70,stressed,-2.42,1300,mm,-1838.13,99.91,99.94,99.9017,0.19,2.55,0.06,chop,0.47,normal,-0.07,-2500,mm,536.20,25.52,25.57,25.5875,1.23,2.48,0.52,TREND,0.52,stressed,0.03,5393,cut,-5310.27
91.047,120,180.6,-5977.23,-5977.23,9193,4193,155.05,155.06,155.0560,-2.19,0.42,1.00,mixed,-0.70,stressed,-2.42,1300,mm,-1838.13,99.91,99.94,99.9019,0.23,2.55,0.06,chop,0.74,normal,-0.07,-2500,mm,536.20,25.52,25.57,25.5870,1.18,2.48,0.52,TREND,0.52,stressed,0.03,5393,cut,-5310.27
91.081,120,180.6,-5977.23,-5977.23,9193,4193,155.05,155.06,155.0560,-2.18,0.42,1.00,mixed,-0.70,stressed,-2.42,1300,mm,-1838.13,99.91,99.94,99.9023,0.29,2.55,0.06,chop,0.74,normal,-0.07,-2500,mm,536.20,25.53,25.56,25.5864,1.12,2.48,0.52,TREND,0.52,stressed,0.03,5393,cut,-5310.27
91.111,120,180.6,-5977.23,-5977.23,9193,4193,155.05,155.06,155.0560,-2.17,0.42,1.00,mixed,-0.70,stressed,-2.42,1300,mm,-1838.13,99.91,99.92,99.9025,0.31,2.55,0.06,chop,0.74,normal,-0.07,-2500,mm,636.20,25.53,25.56,25.5858,1.07,2.48,0.52,TREND,0.52,stressed,0.03,5393,cut,-4932.76
91.152,120,180.6,-5977.23,-5977.23,9193,4193,155.05,155.06,155.0560,-2.15,0.42,1.00,mixed,-0.69,stressed,-2.42,1300,mm,-1838.13,99.91,99.92,99.9027,0.34,2.55,0.06,chop,0.74,normal,-0.07,-2500,mm,636.20,25.53,25.56,25.5850,1.00,2.31,0.52,TREND,0.52,stressed,0.03,5393,cut,-4932.76
91.168,120,180.6,-5977.23,-5977.23,9193,4193,155.05,155.06,155.0560,-2.15,0.42,1.00,mixed,-0.69,stressed,-2.42,1300,mm,-1838.13,99.91,99.92,99.9028,0.35,2.55,0.06,chop,0.74,normal,-0.07,-2500,mm,636.20,25.53,25.56,25.5847,0.97,2.31,0.52,TREND,0.52,stressed,0.03,5393,cut,-4932.76
91.217,120,180.6,-5977.23,-5977.23,9193,4193,155.05,155.06,155.0560,-2.13,0.42,1.00,mixed,-0.69,stressed,-2.42,1300,mm,-1838.13,99.88,99.89,99.9024,0.26,2.55,0.06,chop,0.74,normal,-0.07,-2500,mm,636.20,25.53,25.57,25.5839,0.91,2.31,0.52,TREND,0.52,stressed,0.03,5393,cut,-4932.76
91.251,121,178.5,-6134.69,-6134.69,9193,4193,155.05,155.06,155.0560,-2.11,0.42,1.00,mixed,-0.69,stressed,-2.09,1300,mm,-1838.13,99.88,99.89,99.9021,0.21,2.55,0.06,chop,0.74,normal,-0.04,-2500,mm,636.20,25.53,25.57,25.5834,0.87,2.31,0.52,TREND,0.56,stressed,0.01,5393,cut,-4932.76
91.269,121,178.5,-6134.69,-6134.69,9193,4193,155.05,155.06,155.0559,-2.11,0.42,1.00,mixed,-0.69,stressed,-2.09,1300,mm,-1838.13,99.88,99.89,99.9020,0.18,2.55,0.06,chop,0.74,normal,-0.04,-2500,mm,636.20,25.53,25.57,25.5831,0.85,2.31,0.52,TREND,0.56,stressed,0.01,5393,cut,-4932.76
91.294,121,178.5,-6134.69,-6134.69,9193,4193,155.05,155.06,155.0559,-2.10,0.42,1.00,mixed,-0.69,stressed,-2.09,1300,mm,-1838.13,99.88,99.89,99.9018,0.14,2.55,0.06,chop,0.74,normal,-0.04,-2500,mm,636.20,25.53,25.57,25.5827,0.82,2.31,0.52,TREND,0.56,stressed,0.01,5393,cut,-4932.76
91.329,121,178.5,-6134.69,-6134.69,9193,4193,155.05,155.06,155.0559,-2.09,0.42,1.00,mixed,-0.69,stressed,-2.09,1300,mm,-1838.13,99.88,99.89,99.9015,0.08,2.55,0.06,chop,-0.33,normal,-0.04,-2500,mm,636.20,25.53,25.57,25.5822,0.79,2.31,0.52,TREND,0.56,stressed,0.01,5393,cut,-4932.76
91.347,121,178.5,-6134.69,-6134.69,9193,4193,155.05,155.06,155.0559,-2.08,0.42,1.00,mixed,-0.69,stressed,-2.09,1300,mm,-1838.13,99.88,99.89,99.9014,0.06,2.55,0.06,chop,-0.33,normal,-0.04,-2500,mm,636.20,25.53,25.57,25.5819,0.77,2.31,0.52,TREND,0.56,stressed,0.01,5393,cut,-4932.76
91.372,121,178.5,-6134.69,-6134.69,9193,4193,155.05,155.06,155.0559,-2.07,0.42,1.00,mixed,-0.69,stressed,-2.09,1300,mm,-1838.13,99.88,99.89,99.9012,0.02,2.55,0.06,chop,-0.33,normal,-0.04,-2500,mm,636.20,25.53,25.57,25.5815,0.74,2.31,0.52,TREND,0.56,stressed,0.01,5393,cut,-4932.76
91.397,121,178.5,-6134.69,-6134.69,9193,4193,155.05,155.06,155.0559,-2.06,0.42,1.00,mixed,-0.69,stressed,-2.09,1300,mm,-1838.13,99.88,99.89,99.9010,-0.01,2.55,0.06,chop,-0.33,normal,-0.04,-2500,mm,636.20,25.53,25.57,25.5812,0.72,2.31,0.52,TREND,0.56,stressed,0.01,5393,cut,-4932.76
91.446,121,178.5,-6134.69,-6134.69,7293,6093,155.05,155.06,155.0559,-2.04,0.40,1.00,mixed,-0.69,stressed,-2.09,1300,mm,-1838.13,99.79,99.89,99.8996,-0.25,2.55,0.06,chop,-0.33,normal,-0.04,-600,mm,745.40,25.54,25.57,25.5806,0.69,2.31,0.52,TREND,0.56,stressed,0.01,5393,cut,-4932.76
91.491,121,178.5,-6134.69,-6134.69,7293,6093,155.05,155.06,155.0559,-2.03,0.40,1.00,mixed,-0.69,stressed,-2.09,1300,mm,-1838.13,99.79,99.89,99.8983,-0.47,2.55,0.06,chop,-0.33,normal,-0.04,-600,mm,745.40,25.54,25.57,25.5800,0.67,2.31,0.52,TREND,0.56,stressed,0.01,5393,cut,-4932.76
91.516,121,178.5,-6134.69,-6134.69,7293,6093,155.05,155.06,155.0558,-2.02,0.40,1.00,mixed,-0.69,stressed,-2.09,1300,mm,-1838.13,99.79,99.89,99.8976,-0.58,3.08,0.06,chop,-0.33,normal,-0.04,-600,mm,745.40,25.54,25.57,25.5797,0.65,2.31,0.52,TREND,0.60,stressed,0.01,5393,cut,-4932.76
91.538,121,178.5,-6134.69,-6134.69,7293,6093,155.05,155.06,155.0558,-2.01,0.40,1.00,mixed,-0.69,stressed,-2.09,1300,mm,-1838.13,99.79,99.89,99.8970,-0.67,3.08,0.06,chop,-0.33,normal,-0.04,-600,mm,745.40,25.54,25.57,25.5795,0.64,2.31,0.52,TREND,0.60,stressed,0.01,5393,cut,-4932.76
91.568,121,178.5,-6134.69,-6134.69,7293,6093,155.05,155.06,155.0558,-2.00,0.40,1.00,mixed,-0.69,stressed,-2.09,1300,mm,-1838.13,99.79,99.89,99.8962,-0.80,3.08,0.06,chop,-0.33,normal,-0.04,-600,mm,745.40,25.54,25.57,25.5791,0.63,2.31,0.52,TREND,0.60,stressed,0.01,5393,cut,-4932.76
91.594,121,178.5,-6134.69,-6134.69,7293,6093,155.05,155.06,155.0558,-1.99,0.40,1.00,mixed,-0.69,stressed,-2.09,1300,mm,-1838.13,99.79,99.89,99.8956,-0.91,3.08,0.15,chop,-1.51,normal,-0.04,-600,mm,745.40,25.54,25.57,25.5788,0.61,2.31,0.52,TREND,0.60,stressed,0.01,5393,cut,-4932.76
91.616,121,178.5,-6134.69,-6134.69,7293,6093,155.05,155.06,155.0558,-1.98,0.40,1.00,mixed,-0.69,stressed,-2.09,1300,mm,-1838.13,99.79,99.89,99.8950,-0.99,3.08,0.15,chop,-1.51,normal,-0.04,-600,mm,745.40,25.54,25.57,25.5786,0.61,2.31,0.52,TREND,0.60,stressed,0.01,5393,cut,-4932.76
91.643,121,178.5,-6134.69,-6134.69,7293,6093,155.05,155.06,155.0558,-1.97,0.40,1.00,mixed,-0.69,stressed,-2.09,1300,mm,-1838.13,99.79,99.89,99.8943,-1.10,3.08,0.15,chop,-1.51,normal,-0.04,-600,mm,745.40,25.54,25.57,25.5783,0.59,2.31,0.52,TREND,0.60,stressed,0.01,5393,cut,-4932.76
91.676,121,178.5,-6134.69,-6134.69,2293,1093,155.05,155.06,155.0558,-1.96,0.40,1.00,mixed,-0.69,stressed,-2.09,1300,mm,-1838.13,99.84,99.85,99.8935,-1.21,3.08,0.15,chop,-1.51,normal,-0.04,-600,mm,757.40,25.55,25.69,25.5783,0.59,2.31,0.52,TREND,0.60,stressed,0.01,393,cut,-4712.40
91.728,121,178.5,-6134.69,-6134.69,2293,1093,155.05,155.06,155.0558,-1.94,0.40,1.00,mixed,-0.68,stressed,-2.09,1300,mm,-1838.13,99.84,99.85,99.8923,-1.37,3.08,0.15,chop,-1.51,normal,-0.04,-600,mm,757.40,25.55,25.69,25.5783,0.59,2.31,0.52,TREND,0.60,stressed,0.01,393,cut,-4712.40
91.761,121,179.7,-6134.69,-6134.69,2293,1093,155.05,155.06,155.0557,-1.93,0.40,1.00,mixed,-0.68,stressed,-2.09,1300,mm,-1838.13,99.84,99.85,99.8916,-1.47,3.08,0.15,chop,-1.51,normal,-0.04,-600,mm,757.40,25.55,25.69,25.5783,0.59,2.31,0.52,TREND,0.60,stressed,0.01,393,cut,-4712.40
91.779,121,179.7,-6134.69,-6134.69,2293,1093,155.05,155.06,155.0557,-1.93,0.40,1.00,mixed,-0.68,stressed,-2.09,1300,mm,-1838.13,99.84,99.85,99.8912,-1.52,3.08,0.15,chop,-1.51,normal,-0.04,-600,mm,757.40,25.55,25.69,25.5783,0.59,2.31,0.52,TREND,0.60,stressed,0.01,393,cut,-4712.40
91.808,121,179.7,-6134.69,-6134.69,2293,1093,155.05,155.06,155.0557,-1.92,0.40,1.00,mixed,-0.68,stressed,-2.09,1300,mm,-1838.13,99.84,99.85,99.8906,-1.60,3.08,0.15,chop,-1.51,normal,-0.04,-600,mm,757.40,25.55,25.69,25.5783,0.59,2.31,0.52,TREND,0.60,stressed,0.01,393,cut,-4712.40
91.828,121,179.7,-6134.69,-6134.69,2293,1093,155.05,155.06,155.0557,-1.91,0.40,1.00,mixed,-0.68,stressed,-2.09,1300,mm,-1838.13,99.84,99.85,99.8902,-1.65,3.08,0.15,chop,-1.51,normal,-0.04,-600,mm,757.40,25.55,25.69,25.5783,0.59,2.31,0.52,TREND,0.60,stressed,0.01,393,cut,-4712.40
91.852,121,179.7,-6134.69,-6134.69,2293,1093,155.05,155.06,155.0557,-1.90,0.40,1.00,mixed,-0.68,stressed,-2.09,1300,mm,-1838.13,99.84,99.85,99.8896,-1.72,3.08,0.15,chop,-1.36,normal,-0.04,-600,mm,757.40,25.55,25.69,25.5783,0.59,2.31,0.52,TREND,0.60,stressed,0.01,393,cut,-4712.40
91.881,121,179.7,-6134.69,-6134.69,2293,1093,155.05,155.06,155.0557,-1.89,0.40,1.00,mixed,-0.68,stressed,-2.09,1300,mm,-1838.13,99.84,99.85,99.8890,-1.79,3.08,0.15,chop,-1.36,normal,-0.04,-600,mm,757.40,25.55,25.69,25.5783,0.59,2.31,0.52,TREND,0.60,stressed,0.01,393,cut,-4712.40
91.904,121,179.7,-6134.69,-6134.69,2293,1093,155.05,155.06,155.0557,-1.88,0.40,1.00,mixed,-0.68,stressed,-2.09,1300,mm,-1838.13,99.84,99.85,99.8886,-1.85,3.08,0.15,chop,-1.36,normal,-0.04,-600,mm,757.40,25.55,25.69,25.5783,0.59,2.31,0.52,TREND,0.60,stressed,0.01,393,cut,-4712.40
91.930,121,179.7,-6134.69,-6134.69,2293,1093,155.05,155.06,155.0557,-1.88,0.40,1.00,mixed,-0.68,stressed,-2.09,1300,mm,-1838.13,99.84,99.85,99.8880,-1.91,3.08,0.15,chop,-1.36,normal,-0.04,-600,mm,757.40,25.55,25.69,25.5783,0.59,2.31,0.52,TREND,0.60,stressed,0.01,393,cut,-4712.40
91.973,121,179.7,-6134.69,-6134.69,3493,-107,155.05,155.06,155.0557,-1.86,0.37,1.00,mixed,-0.68,stressed,-2.09,1300,mm,-1838.13,99.89,99.9,99.8882,-1.83,3.08,0.15,chop,-1.36,normal,-0.04,-1800,mm,689.00,25.56,25.7,25.5783,0.59,2.31,0.52,TREND,0.60,stressed,0.01,393,cut,-4712.40
92.013,121,179.7,-6134.69,-6134.69,3493,-107,155.05,155.06,155.0557,-1.85,0.37,1.00,mixed,-0.68,stressed,-2.09,1300,mm,-1838.13,99.89,99.9,99.8883,-1.77,3.08,0.15,chop,-1.36,normal,-0.04,-1800,mm,689.00,25.56,25.7,25.5783,0.59,2.31,0.52,TREND,0.60,stressed,0.01,393,cut,-4712.40
92.036,121,179.7,-6134.69,-6134.69,3493,-107,155.05,155.06,155.0557,-1.84,0.37,1.00,mixed,-0.68,stressed,-2.09,1300,mm,-1838.13,99.89,99.9,99.8884,-1.73,3.32,0.15,chop,-1.36,normal,-0.04,-1800,mm,689.00,25.56,25.7,25.5783,0.59,2.31,0.52,TREND,0.60,stressed,0.01,393,cut,-4712.40
92.088,121,179.7,-6134.69,-6134.69,1693,1693,155.05,155.06,155.0556,-1.82,0.37,1.00,mixed,-0.68,stressed,-2.09,1300,mm,-1838.13,99.87,99.88,99.8881,-1.73,3.32,0.15,chop,-1.36,normal,-0.04,0,mm,721.40,25.56,25.7,25.5783,0.59,2.31,0.52,TREND,0.60,stressed,0.01,393,cut,-4704.54
92.129,121,179.7,-6134.69,-6134.69,1693,1693,155.05,155.06,155.0556,-1.81,0.37,1.00,mixed,-0.68,stressed,-2.09,1300,mm,-1838.13,99.87,99.88,99.8878,-1.73,3.32,0.04,chop,-0.57,normal,-0.04,0,mm,721.40,25.57,25.69,25.5783,0.59,2.31,0.52,TREND,0.60,stressed,0.01,393,cut,-4704.54
92.166,121,179.7,-6134.69,-6134.69,1693,1693,155.05,155.06,155.0556,-1.80,0.37,1.00,mixed,-0.68,stressed,-2.09,1300,mm,-1838.13,99.87,99.88,99.8876,-1.73,3.32,0.04,chop,-0.57,normal,-0.04,0,mm,721.40,25.57,25.69,25.5783,0.59,2.31,0.52,TREND,0.60,stressed,0.01,393,cut,-4704.54
92.187,121,179.7,-6134.69,-6134.69,1693,1693,155.05,155.06,155.0556,-1.79,0.37,1.00,mixed,-0.68,stressed,-2.09,1300,mm,-1838.13,99.87,99.88,99.8875,-1.73,3.32,0.04,chop,-0.57,normal,-0.04,0,mm,721.40,25.57,25.69,25.5783,0.59,2.31,0.52,TREND,0.60,stressed,0.01,393,cut,-4704.54
92.220,121,179.7,-6134.69,-6134.69,2693,693,155.05,155.06,155.0556,-1.78,0.37,1.00,mixed,-0.68,stressed,-2.09,1300,mm,-1838.13,99.87,99.9,99.8874,-1.70,3.32,0.04,chop,-0.57,normal,-0.04,-1000,mm,719.40,25.58,25.59,25.5784,0.66,2.46,0.33,TREND,0.82,stressed,0.01,393,cut,-4704.54
92.238,121,179.7,-6134.69,-6134.69,2693,693,155.05,155.06,155.0556,-1.78,0.37,1.00,mixed,-0.68,stressed,-2.09,1300,mm,-1838.13,99.87,99.9,99.8874,-1.69,3.32,0.04,chop,-0.57,normal,-0.04,-1000,mm,719.40,25.58,25.59,25.5784,0.69,2.46,0.33,TREND,0.82,stressed,0.01,393,cut,-4704.54
92.272,122,177.5,-5821.27,-5821.27,2693,693,155.05,155.06,155.0556,-1.77,0.37,1.00,mixed,-0.68,normal,-1.84,1300,mm,-1838.13,99.87,99.9,99.8874,-1.66,3.32,0.04,chop,-0.57,normal,0.11,-1000,mm,719.40,25.58,25.59,25.5785,0.75,2.46,0.33,TREND,0.82,stressed,0.11,393,cut,-4704.54
92.289,122,177.5,-5821.27,-5821.27,2693,693,155.05,155.06,155.0556,-1.76,0.37,1.00,mixed,-0.68,normal,-1.84,1300,mm,-1838.13,99.87,99.9,99.8873,-1.65,3.32,0.04,chop,-0.57,normal,0.11,-1000,mm,719.40,25.58,25.59,25.5786,0.79,2.46,0.33,TREND,0.82,stressed,0.11,393,cut,-4704.54
92.316,122,177.5,-5821.27,-5821.27,2693,693,155.05,155.06,155.0556,-1.75,0.37,1.00,mixed,-0.68,normal,-1.84,1300,mm,-1838.13,99.87,99.9,99.8873,-1.63,3.32,0.04,chop,-0.57,normal,0.11,-1000,mm,719.40,25.58,25.59,25.5787,0.83,2.46,0.33,TREND,0.82,stressed,0.11,393,cut,-4704.54
92.341,122,177.5,-5821.27,-5821.27,2693,693,155.05,155.06,155.0556,-1.75,0.37,1.00,mixed,-0.68,normal,-1.84,1300,mm,-1838.13,99.87,99.9,99.8873,-1.61,3.32,0.04,chop,-0.57,normal,0.11,-1000,mm,719.40,25.58,25.59,25.5787,0.87,2.46,0.33,TREND,0.82,stressed,0.11,393,cut,-4704.54
92.366,122,177.5,-5821.27,-5821.27,2693,693,155.05,155.06,155.0556,-1.74,0.37,1.00,mixed,-0.68,normal,-1.84,1300,mm,-1838.13,99.87,99.9,99.8873,-1.59,3.32,0.04,chop,-0.57,normal,0.11,-1000,mm,719.40,25.58,25.59,25.5788,0.92,2.46,0.33,TREND,0.82,stressed,0.11,393,cut,-4704.54
92.391,122,177.5,-5821.27,-5821.27,2693,693,155.05,155.06,155.0556,-1.73,0.37,1.00,mixed,-0.68,normal,-1.84,1300,mm,-1838.13,99.87,99.9,99.8872,-1.57,3.32,0.14,chop,-0.29,normal,0.11,-1000,mm,719.40,25.58,25.59,25.5789,0.96,2.46,0.33,TREND,0.82,stressed,0.11,393,cut,-4704.54
92.417,122,177.5,-5821.27,-5821.27,2693,693,155.05,155.06,155.0555,-1.72,0.37,1.00,mixed,-0.68,normal,-1.84,1300,mm,-1838.13,99.87,99.9,99.8872,-1.56,3.32,0.14,chop,-0.29,normal,0.11,-1000,mm,719.40,25.58,25.59,25.5790,0.99,2.46,0.33,TREND,0.82,stressed,0.11,393,cut,-4704.54
92.445,122,177.5,-5821.27,-5821.27,2693,693,155.05,155.06,155.0555,-1.71,0.37,1.00,mixed,-0.68,normal,-1.84,1300,mm,-1838.13,99.87,99.9,99.8872,-1.54,3.32,0.14,chop,-0.29,normal,0.11,-1000,mm,719.40,25.58,25.59,25.5790,1.04,2.46,0.33,TREND,0.82,stressed,0.11,393,cut,-4704.54
92.528,122,177.5,-5821.27,-5821.27,2693,693,155.05,155.06,155.0555,-1.69,0.34,0.00,chop,-0.68,normal,-1.84,1300,mm,-1838.13,99.88,99.89,99.8871,-1.48,3.32,0.14,chop,-0.29,normal,0.11,-1000,mm,719.40,25.58,25.59,25.5793,1.15,2.46,0.40,TREND,0.82,stressed,0.11,393,cut,-4704.54
92.587,122,177.5,-5821.27,-5821.27,2693,693,155.05,155.06,155.0555,-1.67,0.34,0.00,chop,-0.68,normal,-1.84,1300,mm,-1838.13,99.88,99.89,99.8870,-1.44,3.08,0.14,chop,-0.29,normal,0.11,-1000,mm,719.40,25.58,25.59,25.5794,1.23,2.46,0.40,TREND,0.82,stressed,0.11,393,cut,-4704.54
92.600,122,177.5,-5821.27,-5821.27,2693,693,155.05,155.06,155.0555,-1.67,0.34,0.00,chop,-0.68,normal,-1.84,1300,mm,-1838.13,99.88,99.89,99.8870,-1.44,3.08,0.14,chop,-0.29,normal,0.11,-1000,mm,719.40,25.58,25.59,25.5795,1.24,2.46,0.40,TREND,0.82,stressed,0.11,393,cut,-4704.54
92.626,122,177.5,-5821.27,-5821.27,2693,693,155.05,155.06,155.0555,-1.66,0.34,0.00,chop,-0.68,normal,-1.84,1300,mm,-1838.13,99.88,99.89,99.8870,-1.42,3.08,0.14,chop,-0.29,normal,0.11,-1000,mm,719.40,25.58,25.59,25.5795,1.27,2.46,0.40,TREND,0.82,stressed,0.11,393,cut,-4704.54
92.651,122,177.5,-5821.27,-5821.27,2693,693,155.05,155.06,155.0555,-1.65,0.34,0.00,chop,-0.68,normal,-1.84,1300,mm,-1838.13,99.88,99.89,99.8870,-1.41,3.08,0.14,chop,-0.29,normal,0.11,-1000,mm,719.40,25.58,25.59,25.5796,1.30,2.46,0.40,TREND,0.82,stressed,0.11,393,cut,-4704.54
92.676,122,177.5,-5821.27,-5821.27,2693,693,155.05,155.06,155.0555,-1.65,0.34,0.00,chop,-0.68,normal,-1.84,1300,mm,-1838.13,99.88,99.89,99.8870,-1.39,3.08,0.14,chop,-0.29,normal,0.11,-1000,mm,719.40,25.58,25.59,25.5797,1.33,2.46,0.40,TREND,0.82,stressed,0.11,393,cut,-4704.54
92.711,122,177.5,-5821.27,-5821.27,2300,300,155.05,155.06,155.0555,-1.63,0.34,0.00,chop,-0.68,normal,-1.84,1300,mm,-1838.13,99.78,99.9,99.8870,-1.39,3.08,0.14,chop,-0.29,normal,0.11,-1000,mm,719.40,25.58,25.62,25.5800,1.41,2.46,0.40,TREND,0.82,stressed,0.11,0,mm,-4701.19
92.731,122,177.5,-5821.27,-5821.27,2300,300,155.05,155.06,155.0555,-1.63,0.34,0.00,chop,-0.68,normal,-1.84,1300,mm,-1838.13,99.78,99.9,99.8870,-1.39,3.08,0.14,chop,-0.29,normal,0.11,-1000,mm,719.40,25.58,25.62,25.5802,1.45,2.33,0.40,TREND,0.82,stressed,0.11,0,mm,-4701.19
92.768,122,177.5,-5821.27,-5821.27,2300,300,155.05,155.06,155.0555,-1.62,0.34,0.00,chop,-0.68,normal,-1.84,1300,mm,-1838.13,99.78,99.9,99.8870,-1.39,3.08,0.14,chop,-0.29,normal,0.11,-1000,mm,719.40,25.58,25.62,25.5805,1.53,2.33,0.40,TREND,0.82,stressed,0.11,0,mm,-4701.19
92.787,122,178.8,-5821.27,-5821.27,2300,300,155.05,155.06,155.0555,-1.61,0.34,0.00,chop,-0.68,normal,-1.84,1300,mm,-1838.13,99.78,99.9,99.8870,-1.39,3.08,0.14,chop,-0.29,normal,0.11,-1000,mm,719.40,25.58,25.62,25.5807,1.56,2.33,0.30,mixed,0.92,stressed,0.11,0,mm,-4701.19
92.807,122,178.8,-5821.27,-5821.27,2300,300,155.05,155.06,155.0555,-1.61,0.34,0.00,chop,-0.68,normal,-1.84,1300,mm,-1838.13,99.78,99.9,99.8870,-1.39,3.08,0.14,chop,-0.29,normal,0.11,-1000,mm,719.40,25.58,25.62,25.5809,1.61,2.33,0.30,mixed,0.92,stressed,0.11,0,mm,-4701.19
92.831,122,178.8,-5821.27,-5821.27,2300,300,155.05,155.06,155.0555,-1.60,0.34,0.00,chop,-0.68,normal,-1.84,1300,mm,-1838.13,99.78,99.9,99.8870,-1.39,3.08,0.14,chop,-0.29,normal,0.11,-1000,mm,719.40,25.58,25.62,25.5811,1.65,2.33,0.30,mixed,0.92,stressed,0.11,0,mm,-4701.19
92.859,122,178.8,-5821.27,-5821.27,2300,300,155.05,155.06,155.0554,-1.59,0.34,0.00,chop,-0.68,normal,-1.84,1300,mm,-1838.13,99.78,99.9,99.8870,-1.39,3.08,0.14,chop,-0.29,normal,0.11,-1000,mm,719.40,25.58,25.62,25.5813,1.70,2.33,0.30,mixed,0.92,stressed,0.11,0,mm,-4701.19
92.883,122,178.8,-5821.27,-5821.27,2300,300,155.05,155.06,155.0554,-1.59,0.34,0.00,chop,-0.68,normal,-1.84,1300,mm,-1838.13,99.78,99.9,99.8870,-1.39,3.08,0.14,chop,-0.29,normal,0.11,-1000,mm,719.40,25.58,25.62,25.5816,1.75,2.33,0.30,mixed,0.92,stressed,0.11,0,mm,-4701.19
92.908,122,178.8,-5821.27,-5821.27,2300,300,155.05,155.06,155.0554,-1.58,0.34,0.00,chop,-0.68,normal,-1.84,1300,mm,-1838.13,99.78,99.9,99.8870,-1.39,3.08,0.14,chop,-0.29,normal,0.11,-1000,mm,719.40,25.58,25.62,25.5818,1.79,2.33,0.30,mixed,0.92,stressed,0.11,0,mm,-4701.19
92.935,122,178.8,-5821.27,-5821.27,2300,300,155.05,155.06,155.0554,-1.57,0.34,0.00,chop,-0.68,normal,-1.84,1300,mm,-1838.13,99.78,99.9,99.8870,-1.39,3.08,0.14,chop,-0.29,normal,0.11,-1000,mm,719.40,25.58,25.62,25.5820,1.83,2.33,0.30,mixed,0.92,stressed,0.11,0,mm,-4701.19
92.963,122,178.8,-5821.27,-5821.27,2300,300,155.05,155.06,155.0554,-1.56,0.34,0.00,chop,-0.68,normal,-1.84,1300,mm,-1838.13,99.78,99.9,99.8870,-1.39,3.08,0.14,chop,-0.29,normal,0.11,-1000,mm,719.40,25.58,25.62,25.5822,1.88,2.33,0.30,mixed,0.92,stressed,0.11,0,mm,-4701.19
93.041,122,178.8,-5821.27,-5821.27,2300,300,155.05,155.06,155.0554,-1.54,0.32,0.00,chop,-0.69,normal,-1.84,1300,mm,-1838.13,99.78,99.89,99.8851,-1.66,3.08,0.11,chop,-1.56,normal,0.11,-1000,mm,719.40,25.59,25.62,25.5831,2.03,2.33,0.30,mixed,0.95,normal,0.11,0,mm,-4701.19
93.061,122,178.8,-5821.27,-5821.27,2300,300,155.05,155.06,155.0554,-1.54,0.32,0.00,chop,-0.69,normal,-1.84,1300,mm,-1838.13,99.78,99.89,99.8846,-1.72,3.08,0.11,chop,-1.56,normal,0.11,-1000,mm,719.40,25.59,25.62,25.5833,2.06,2.33,0.30,mixed,0.95,normal,0.11,0,mm,-4701.19
93.108,122,178.8,-5821.27,-5821.27,2300,300,155.05,155.06,155.0554,-1.52,0.32,0.00,chop,-0.69,normal,-1.84,1300,mm,-1838.13,99.83,99.88,99.8840,-1.79,3.03,0.11,chop,-1.56,normal,0.11,-1000,mm,729.40,25.6,25.62,25.5838,2.16,2.33,0.30,mixed,0.95,normal,0.11,0,mm,-4701.19
93.329,123,176.7,-5809.93,-5809.93,1300,1300,155.05,155.06,155.0554,-1.47,0.32,0.00,chop,-0.70,normal,-3.74,1300,mm,-1838.13,99.78,99.88,99.8786,-2.46,3.03,0.12,chop,-1.63,normal,-0.63,0,mm,777.40,25.59,25.6,25.5849,2.30,2.17,0.33,mixed,0.85,normal,0.67,0,mm,-4701.19
93.376,123,176.7,-5809.93,-5809.93,1300,1300,155.05,155.06,155.0553,-1.45,0.32,0.00,chop,-0.70,normal,-3.74,1300,mm,-1838.13,99.78,99.88,99.8775,-2.57,3.03,0.12,chop,-1.63,normal,-0.63,0,mm,777.40,25.59,25.6,25.5852,2.32,2.17,0.33,mixed,0.85,normal,0.67,0,mm,-4701.19
93.400,123,176.7,-5809.93,-5809.93,1300,1300,155.05,155.06,155.0553,-1.45,0.32,0.00,chop,-0.70,normal,-3.74,1300,mm,-1838.13,99.78,99.88,99.8770,-2.63,3.03,0.12,chop,-1.63,normal,-0.63,0,mm,777.40,25.59,25.6,25.5853,2.33,2.17,0.33,mixed,0.85,normal,0.67,0,mm,-4701.19
93.425,123,176.7,-5809.93,-5809.93,1300,1300,155.05,155.06,155.0553,-1.44,0.32,0.00,chop,-0.70,normal,-3.74,1300,mm,-1838.13,99.78,99.88,99.8764,-2.69,3.03,0.12,chop,-1.63,normal,-0.63,0,mm,777.40,25.59,25.6,25.5854,2.35,2.17,0.33,mixed,0.85,normal,0.67,0,mm,-4701.19
93.449,123,176.7,-5809.93,-5809.93,1300,1300,155.05,155.06,155.0553,-1.44,0.32,0.00,chop,-0.70,normal,-3.74,1300,mm,-1838.13,99.78,99.88,99.8759,-2.74,3.03,0.12,chop,-1.63,normal,-0.63,0,mm,777.40,25.59,25.6,25.5855,2.35,2.17,0.33,mixed,0.85,normal,0.67,0,mm,-4701.19
93.474,123,176.7,-5809.93,-5809.93,1300,1300,155.05,155.06,155.0553,-1.43,0.32,0.00,chop,-0.70,normal,-3.74,1300,mm,-1838.13,99.78,99.88,99.8754,-2.79,3.03,0.12,chop,-1.63,normal,-0.63,0,mm,777.40,25.59,25.6,25.5856,2.36,2.17,0.33,mixed,0.85,normal,0.67,0,mm,-4701.19
93.529,123,176.7,-5809.93,-5809.93,4500,4500,155.05,155.06,155.0553,-1.41,0.32,0.00,chop,-0.70,normal,-3.74,1300,mm,-1838.13,99.78,99.82,99.8734,-3.04,3.03,0.12,chop,-1.63,normal,-0.63,2700,mm,718.00,25.59,25.6,25.5859,2.39,2.17,0.33,mixed,0.85,normal,0.67,500,mm,-4700.64
93.591,123,176.7,-5809.93,-5809.93,4500,4500,155.05,155.06,155.0553,-1.40,0.30,0.00,chop,-0.72,normal,-3.74,1300,mm,-1838.13,99.78,99.82,99.8713,-3.29,3.03,0.22,chop,-2.28,normal,-0.63,2700,mm,718.00,25.59,25.6,25.5861,2.40,2.17,0.33,mixed,0.83,normal,0.67,500,mm,-4700.64
93.612,123,176.7,-5809.93,-5809.93,4500,4500,155.05,155.06,155.0553,-1.39,0.30,0.00,chop,-0.72,normal,-3.74,1300,mm,-1838.13,99.78,99.82,99.8706,-3.38,3.18,0.22,chop,-2.28,normal,-0.63,2700,mm,718.00,25.59,25.6,25.5862,2.41,2.17,0.33,mixed,0.83,normal,0.67,500,mm,-4700.64
93.634,123,176.7,-5809.93,-5809.93,4500,4500,155.05,155.06,155.0553,-1.39,0.30,0.00,chop,-0.72,normal,-3.74,1300,mm,-1838.13,99.78,99.82,99.8699,-3.46,3.18,0.22,chop,-2.28,normal,-0.63,2700,mm,718.00,25.59,25.6,25.5863,2.42,2.17,0.33,mixed,0.83,normal,0.67,500,mm,-4700.64
93.656,123,176.7,-5809.93,-5809.93,4500,4500,155.05,155.06,155.0553,-1.38,0.30,0.00,chop,-0.72,normal,-3.74,1300,mm,-1838.13,99.78,99.82,99.8692,-3.54,3.18,0.22,chop,-2.28,normal,-0.63,2700,mm,718.00,25.59,25.6,25.5864,2.42,2.17,0.33,mixed,0.83,normal,0.67,500,mm,-4700.64
93.687,123,176.7,-5809.93,-5809.93,4500,4500,155.05,155.06,155.0553,-1.38,0.30,0.00,chop,-0.72,normal,-3.74,1300,mm,-1838.13,99.78,99.82,99.8682,-3.65,3.18,0.22,chop,-2.28,normal,-0.63,2700,mm,718.00,25.59,25.6,25.5865,2.43,2.17,0.33,mixed,0.83,normal,0.67,500,mm,-4700.64
93.709,123,176.7,-5809.93,-5809.93,4500,4500,155.05,155.06,155.0553,-1.37,0.30,0.00,chop,-0.72,normal,-3.74,1300,mm,-1838.13,99.78,99.82,99.8674,-3.72,3.18,0.22,chop,-2.28,normal,-0.63,2700,mm,718.00,25.59,25.6,25.5866,2.43,2.17,0.33,mixed,0.83,normal,0.67,500,mm,-4700.64
93.733,123,176.7,-5809.93,-5809.93,4500,4500,155.05,155.06,155.0553,-1.36,0.30,0.00,chop,-0.72,normal,-3.74,1300,mm,-1838.13,99.78,99.82,99.8667,-3.80,3.18,0.22,chop,-2.28,normal,-0.63,2700,mm,718.00,25.59,25.6,25.5867,2.44,2.17,0.33,mixed,0.83,normal,0.67,500,mm,-4700.64
93.758,123,176.7,-5809.93,-5809.93,4500,4500,155.05,155.06,155.0553,-1.36,0.30,0.00,chop,-0.72,normal,-3.74,1300,mm,-1838.13,99.78,99.82,99.8659,-3.88,3.18,0.22,chop,-2.28,normal,-0.63,2700,mm,718.00,25.59,25.6,25.5868,2.44,2.17,0.33,mixed,0.83,normal,0.67,500,mm,-4700.64
93.788,123,176.7,-5809.93,-5809.93,4500,4500,155.05,155.06,155.0553,-1.35,0.30,0.00,chop,-0.72,normal,-3.74,1300,mm,-1838.13,99.78,99.82,99.8650,-3.97,3.18,0.22,chop,-2.28,normal,-0.63,2700,mm,718.00,25.59,25.6,25.5869,2.45,2.17,0.33,mixed,0.83,normal,0.67,500,mm,-4700.64
93.813,123,176.7,-5809.93,-5809.93,4500,4500,155.05,155.06,155.0553,-1.35,0.30,0.00,chop,-0.72,normal,-3.74,1300,mm,-1838.13,99.78,99.82,99.8642,-4.05,3.18,0.22,chop,-2.28,normal,-0.63,2700,mm,718.00,25.59,25.6,25.5870,2.45,2.17,0.33,mixed,0.83,normal,0.67,500,mm,-4700.64
93.841,123,177.9,-5809.93,-5809.93,4500,4500,155.05,155.06,155.0553,-1.34,0.30,0.00,chop,-0.72,normal,-3.74,1300,mm,-1838.13,99.78,99.82,99.8634,-4.13,3.18,0.22,chop,-2.28,normal,-0.63,2700,mm,718.00,25.59,25.6,25.5871,2.46,1.98,0.33,mixed,0.83,normal,0.67,500,mm,-4700.64
93.864,123,177.9,-5809.93,-5809.93,4500,4500,155.05,155.06,155.0553,-1.33,0.30,0.00,chop,-0.76,normal,-3.74,1300,mm,-1838.13,99.78,99.82,99.8627,-4.19,3.18,0.28,mixed,-2.18,normal,-0.63,2700,mm,718.00,25.59,25.6,25.5872,2.46,1.98,0.39,mixed,0.81,normal,0.67,500,mm,-4700.64
93.896,123,177.9,-5809.93,-5809.93,4500,4500,155.05,155.06,155.0553,-1.33,0.30,0.00,chop,-0.76,normal,-3.74,1300,mm,-1838.13,99.78,99.82,99.8618,-4.28,3.18,0.28,mixed,-2.18,normal,-0.63,2700,mm,718.00,25.59,25.6,25.5873,2.46,1.98,0.39,mixed,0.81,normal,0.67,500,mm,-4700.64
93.921,123,177.9,-5809.93,-5809.93,4500,4500,155.05,155.06,155.0553,-1.32,0.30,0.00,chop,-0.76,normal,-3.74,1300,mm,-1838.13,99.78,99.82,99.8611,-4.34,3.18,0.28,mixed,-2.18,normal,-0.63,2700,mm,718.00,25.59,25.6,25.5874,2.46,1.98,0.39,mixed,0.81,normal,0.67,500,mm,-4700.64
93.943,123,177.9,-5809.93,-5809.93,4500,4500,155.05,155.06,155.0553,-1.32,0.30,0.00,chop,-0.76,normal,-3.74,1300,mm,-1838.13,99.78,99.82,99.8604,-4.39,3.18,0.28,mixed,-2.18,normal,-0.63,2700,mm,718.00,25.59,25.6,25.5875,2.47,1.98,0.39,mixed,0.81,normal,0.67,500,mm,-4700.64
93.967,123,177.9,-5809.93,-5809.93,4500,4500,155.05,155.06,155.0553,-1.31,0.30,0.00,chop,-0.76,normal,-3.74,1300,mm,-1838.13,99.78,99.82,99.8597,-4.45,3.18,0.28,mixed,-2.18,normal,-0.63,2700,mm,718.00,25.59,25.6,25.5876,2.47,1.98,0.39,mixed,0.81,normal,0.67,500,mm,-4700.64
93.994,123,177.9,-5809.93,-5809.93,4500,4500,155.05,155.06,155.0553,-1.30,0.30,0.00,chop,-0.76,normal,-3.74,1300,mm,-1838.13,99.78,99.82,99.8590,-4.51,3.18,0.28,mixed,-2.18,normal,-0.63,2700,mm,718.00,25.59,25.6,25.5877,2.47,1.98,0.39,mixed,0.81,normal,0.67,500,mm,-4700.64
94.019,123,177.9,-5809.93,-5809.93,4500,4500,155.05,155.06,155.0553,-1.30,0.30,0.00,chop,-0.76,normal,-3.74,1300,mm,-1838.13,99.78,99.82,99.8583,-4.57,3.18,0.28,mixed,-2.18,normal,-0.63,2700,mm,718.00,25.59,25.6,25.5877,2.47,1.98,0.39,mixed,0.81,normal,0.67,500,mm,-4700.64
94.057,123,177.9,-5809.93,-5809.93,4500,4500,155.05,155.06,155.0553,-1.29,0.30,0.00,chop,-0.76,normal,-3.74,1300,mm,-1838.13,99.82,99.85,99.8579,-4.54,3.18,0.28,mixed,-2.18,normal,-0.63,2700,mm,718.00,25.59,25.7,25.5887,2.62,1.98,0.39,mixed,0.81,normal,0.67,500,mm,-4700.64
94.073,123,177.9,-5809.93,-5809.93,4500,4500,155.05,155.06,155.0553,-1.29,0.30,0.00,chop,-0.76,normal,-3.74,1300,mm,-1838.13,99.82,99.85,99.8577,-4.53,3.18,0.28,mixed,-2.18,normal,-0.63,2700,mm,718.00,25.59,25.7,25.5891,2.68,1.98,0.39,mixed,0.81,normal,0.67,500,mm,-4700.64
94.114,123,177.9,-5809.93,-5809.93,4500,4500,155.05,155.06,155.0552,-1.28,0.28,0.00,chop,-0.78,calm,-3.74,1300,mm,-1838.13,99.77,99.85,99.8568,-4.58,3.04,0.32,mixed,-1.86,normal,-0.63,2700,mm,637.00,25.59,25.7,25.5902,2.84,1.98,0.14,chop,1.14,normal,0.67,500,mm,-4700.64
94.143,123,177.9,-5809.93,-5809.93,4500,4500,155.05,155.06,155.0552,-1.27,0.28,0.00,chop,-0.78,calm,-3.74,1300,mm,-1838.13,99.77,99.85,99.8562,-4.61,3.04,0.32,mixed,-1.86,normal,-0.63,2700,mm,637.00,25.59,25.7,25.5909,2.94,1.98,0.14,chop,1.14,normal,0.67,500,mm,-4700.64
94.164,123,177.9,-5809.93,-5809.93,4500,4500,155.05,155.06,155.0552,-1.27,0.28,0.00,chop,-0.78,calm,-3.74,1300,mm,-1838.13,99.77,99.85,99.8557,-4.64,3.04,0.32,mixed,-1.86,normal,-0.63,2700,mm,637.00,25.59,25.7,25.5915,3.01,1.98,0.14,chop,1.14,normal,0.67,500,mm,-4700.64
94.184,123,177.9,-5809.93,-5809.93,4500,4500,155.05,155.06,155.0552,-1.26,0.28,0.00,chop,-0.78,calm,-3.74,1300,mm,-1838.13,99.77,99.85,99.8553,-4.66,3.04,0.32,mixed,-1.86,normal,-0.63,2700,mm,637.00,25.59,25.7,25.5920,3.08,1.98,0.14,chop,1.14,normal,0.67,500,mm,-4700.64
94.211,123,177.9,-5809.93,-5809.93,4500,4500,155.05,155.06,155.0552,-1.25,0.28,0.00,chop,-0.78,calm,-3.74,1300,mm,-1838.13,99.77,99.85,99.8547,-4.69,3.04,0.32,mixed,-1.86,normal,-0.63,2700,mm,637.00,25.59,25.7,25.5927,3.17,1.98,0.14,chop,1.14,normal,0.67,500,mm,-4700.64
94.233,123,177.9,-5809.93,-5809.93,4500,4500,155.05,155.06,155.0552,-1.25,0.28,0.00,chop,-0.78,calm,-3.74,1300,mm,-1838.13,99.77,99.85,99.8542,-4.71,3.04,0.32,mixed,-1.86,normal,-0.63,2700,mm,637.00,25.59,25.7,25.5932,3.24,1.98,0.14,chop,1.14,normal,0.67,500,mm,-4700.64
94.258,123,177.9,-5809.93,-5809.93,4500,4500,155.05,155.06,155.0552,-1.24,0.28,0.00,chop,-0.78,calm,-3.74,1300,mm,-1838.13,99.77,99.85,99.8537,-4.73,3.04,0.32,mixed,-1.86,normal,-0.63,2700,mm,637.00,25.59,25.7,25.5938,3.32,1.98,0.14,chop,1.14,normal,0.67,500,mm,-4700.64
94.290,123,177.9,-5809.93,-5809.93,4500,4500,155.05,155.06,155.0552,-1.24,0.28,0.00,chop,-0.78,calm,-3.74,1300,mm,-1838.13,99.82,99.83,99.8533,-4.72,3.04,0.32,mixed,-1.86,normal,-0.63,2700,mm,637.00,25.6,25.69,25.5946,3.41,1.98,0.14,chop,1.14,normal,0.67,500,mm,-4700.64
94.320,123,177.9,-5809.93,-5809.93,4500,4500,155.05,155.06,155.0552,-1.23,0.28,0.00,chop,-0.78,calm,-3.74,1300,mm,-1838.13,99.82,99.83,99.8529,-4.71,3.04,0.32,mixed,-1.86,normal,-0.63,2700,mm,637.00,25.6,25.69,25.5953,3.50,1.98,0.14,chop,1.14,normal,0.67,500,mm,-4700.64
94.350,123,177.9,-5809.93,-5809.93,4500,4500,155.05,155.06,155.0552,-1.22,0.28,0.00,chop,-0.78,calm,-3.74,1300,mm,-1838.13,99.82,99.83,99.8525,-4.70,3.04,0.32,mixed,-1.86,normal,-0.63,2700,mm,637.00,25.6,25.69,25.5960,3.58,2.21,0.14,chop,1.14,normal,0.67,500,mm,-4700.64
94.385,124,175.8,-5901.78,-5901.78,4500,4500,155.05,155.06,155.0552,-1.22,0.28,0.00,chop,-0.76,calm,-3.37,1300,mm,-1838.13,99.82,99.83,99.8521,-4.69,3.04,0.26,mixed,-1.47,normal,-0.23,2700,mm,637.00,25.6,25.69,25.5968,3.67,2.21,0.14,chop,1.11,normal,0.82,500,mm,-4700.64
94.406,124,175.8,-5901.78,-5901.78,4500,4500,155.05,155.06,155.0552,-1.21,0.28,0.00,chop,-0.76,calm,-3.37,1300,mm,-1838.13,99.82,99.83,99.8518,-4.68,3.04,0.26,mixed,-1.47,normal,-0.23,2700,mm,637.00,25.6,25.69,25.5973,3.72,2.21,0.14,chop,1.11,normal,0.82,500,mm,-4700.64
94.443,124,175.8,-5901.78,-5901.78,4500,4500,155.05,155.06,155.0552,-1.20,0.28,0.00,chop,-0.76,calm,-3.37,1300,mm,-1838.13,99.82,99.83,99.8513,-4.67,3.04,0.26,mixed,-1.47,normal,-0.23,2700,mm,637.00,25.6,25.69,25.5981,3.81,2.21,0.14,chop,1.11,normal,0.82,500,mm,-4700.64
94.456,124,175.8,-5901.78,-5901.78,4500,4500,155.05,155.06,155.0552,-1.20,0.28,0.00,chop,-0.76,calm,-3.37,1300,mm,-1838.13,99.82,99.83,99.8512,-4.66,3.04,0.26,mixed,-1.47,normal,-0.23,2700,mm,637.00,25.6,25.69,25.5984,3.84,2.21,0.14,chop,1.11,normal,0.82,500,mm,-4700.64
94.482,124,175.8,-5901.78,-5901.78,4500,4500,155.05,155.06,155.0552,-1.20,0.28,0.00,chop,-0.76,calm,-3.37,1300,mm,-1838.13,99.82,99.83,99.8508,-4.65,3.04,0.26,mixed,-1.47,normal,-0.23,2700,mm,637.00,25.6,25.69,25.5989,3.90,2.21,0.14,chop,1.11,normal,0.82,500,mm,-4700.64
94.506,124,175.8,-5901.78,-5901.78,4500,4500,155.05,155.06,155.0552,-1.19,0.28,0.00,chop,-0.76,calm,-3.37,1300,mm,-1838.13,99.82,99.83,99.8506,-4.64,3.04,0.26,mixed,-1.47,normal,-0.23,2700,mm,637.00,25.6,25.69,25.5994,3.95,2.21,0.14,chop,1.11,normal,0.82,500,mm,-4700.64
94.538,124,175.8,-5901.78,-5901.78,4500,4500,155.05,155.06,155.0552,-1.18,0.28,0.00,chop,-0.76,calm,-3.37,1300,mm,-1838.13,99.82,99.83,99.8502,-4.63,3.04,0.26,mixed,-1.47,normal,-0.23,2700,mm,637.00,25.6,25.69,25.6001,4.02,2.21,0.14,chop,1.11,normal,0.82,500,mm,-4700.64
94.566,124,175.8,-5901.78,-5901.78,4500,4500,155.05,155.06,155.0552,-1.18,0.28,0.00,chop,-0.76,calm,-3.37,1300,mm,-1838.13,99.82,99.83,99.8498,-4.62,3.04,0.26,mixed,-1.47,normal,-0.23,2700,mm,772.00,25.61,25.63,25.6004,4.02,2.21,0.14,chop,1.11,normal,0.82,500,mm,-4690.64
94.614,124,175.8,-5901.78,-5901.78,4500,4500,155.05,155.06,155.0552,-1.17,0.26,0.00,chop,-0.76,calm,-3.37,1300,mm,-1838.13,99.82,99.83,99.8493,-4.60,2.94,0.26,mixed,-1.47,normal,-0.23,2700,mm,772.00,25.61,25.63,25.6008,4.01,2.21,0.14,chop,1.11,normal,0.82,500,mm,-4690.64
94.638,124,175.8,-5901.78,-5901.78,4500,4500,155.05,155.06,155.0552,-1.16,0.26,0.00,chop,-0.75,calm,-3.37,1300,mm,-1838.13,99.82,99.83,99.8490,-4.58,2.94,0.28,mixed,-1.45,normal,-0.23,2700,mm,772.00,25.61,25.63,25.6010,4.01,2.21,0.20,chop,0.91,normal,0.82,500,mm,-4690.64
94.661,124,175.8,-5901.78,-5901.78,4500,4500,155.05,155.06,155.0552,-1.16,0.26,0.00,chop,-0.75,calm,-3.37,1300,mm,-1838.13,99.82,99.83,99.8487,-4.57,2.94,0.28,mixed,-1.45,normal,-0.23,2700,mm,772.00,25.61,25.63,25.6013,4.01,2.21,0.20,chop,0.91,normal,0.82,500,mm,-4690.64
94.688,124,175.8,-5901.78,-5901.78,4500,4500,155.05,155.06,155.0552,-1.15,0.26,0.00,chop,-0.75,calm,-3.37,1300,mm,-1838.13,99.82,99.83,99.8484,-4.56,2.94,0.28,mixed,-1.45,normal,-0.23,2700,mm,772.00,25.61,25.63,25.6015,4.00,2.21,0.20,chop,0.91,normal,0.82,500,mm,-4690.64
94.711,124,175.8,-5901.78,-5901.78,4500,4500,155.05,155.06,155.0552,-1.15,0.26,0.00,chop,-0.75,calm,-3.37,1300,mm,-1838.13,99.82,99.83,99.8482,-4.55,2.94,0.28,mixed,-1.45,normal,-0.23,2700,mm,772.00,25.61,25.63,25.6017,4.00,2.21,0.20,chop,0.91,normal,0.82,500,mm,-4690.64
94.739,124,175.8,-5901.78,-5901.78,4500,4500,155.05,155.06,155.0552,-1.14,0.26,0.00,chop,-0.75,calm,-3.37,1300,mm,-1838.13,99.82,99.83,99.8479,-4.54,2.94,0.28,mixed,-1.45,normal,-0.23,2700,mm,772.00,25.61,25.63,25.6019,4.00,2.21,0.20,chop,0.91,normal,0.82,500,mm,-4690.64
94.766,124,175.8,-5901.78,-5901.78,4500,4500,155.05,155.06,155.0552,-1.14,0.26,0.00,chop,-0.75,calm,-3.37,1300,mm,-1838.13,99.82,99.83,99.8476,-4.52,2.94,0.28,mixed,-1.45,normal,-0.23,2700,mm,772.00,25.61,25.63,25.6022,3.99,2.21,0.20,chop,0.91,normal,0.82,500,mm,-4690.64
94.812,124,175.8,-5901.78,-5901.78,4500,4500,155.05,155.06,155.0552,-1.13,0.26,0.00,chop,-0.75,calm,-3.37,1300,mm,-1838.13,99.79,99.81,99.8466,-4.59,2.94,0.28,mixed,-1.45,normal,-0.23,2700,mm,772.00,25.62,25.63,25.6026,4.00,2.21,0.20,chop,0.91,normal,0.82,500,mm,-4690.64
94.875,124,175.8,-5901.78,-5901.78,2600,2600,155.05,155.06,155.0552,-1.12,0.26,0.00,chop,-0.75,calm,-3.37,1300,mm,-1838.13,99.79,99.81,99.8452,-4.68,2.94,0.28,mixed,-1.45,normal,-0.23,800,mm,806.20,25.62,25.63,25.6033,4.01,2.23,0.20,chop,0.91,normal,0.82,500,mm,-4690.64
94.925,124,177.1,-5901.78,-5901.78,2600,2600,155.05,155.06,155.0552,-1.11,0.26,0.00,chop,-0.74,calm,-3.37,1300,mm,-1838.13,99.79,99.81,99.8442,-4.74,2.94,0.34,mixed,-1.94,normal,-0.23,800,mm,806.20,25.62,25.63,25.6038,4.02,2.23,0.18,chop,0.92,normal,0.82,500,mm,-4690.64
94.941,124,177.1,-5901.78,-5901.78,2600,2600,155.05,155.06,155.0552,-1.10,0.26,0.00,chop,-0.74,calm,-3.37,1300,mm,-1838.13,99.79,99.81,99.8439,-4.76,2.94,0.34,mixed,-1.94,normal,-0.23,800,mm,806.20,25.62,25.63,25.6040,4.02,2.23,0.18,chop,0.92,normal,0.82,500,mm,-4690.64
94.966,124,177.1,-5901.78,-5901.78,2600,2600,155.05,155.06,155.0552,-1.10,0.26,0.00,chop,-0.74,calm,-3.37,1300,mm,-1838.13,99.79,99.81,99.8433,-4.79,2.94,0.34,mixed,-1.94,normal,-0.23,800,mm,806.20,25.62,25.63,25.6042,4.02,2.23,0.18,chop,0.92,normal,0.82,500,mm,-4690.64
94.989,124,177.1,-5901.78,-5901.78,2600,2600,155.05,155.06,155.0552,-1.09,0.26,0.00,chop,-0.74,calm,-3.37,1300,mm,-1838.13,99.79,99.81,99.8429,-4.81,2.94,0.34,mixed,-1.94,normal,-0.23,800,mm,806.20,25.62,25.63,25.6044,4.02,2.23,0.18,chop,0.92,normal,0.82,500,mm,-4690.64
95.014,124,177.1,-5901.78,-5901.78,2600,2600,155.05,155.06,155.0552,-1.09,0.26,0.00,chop,-0.74,calm,-3.37,1300,mm,-1838.13,99.79,99.81,99.8424,-4.84,2.94,0.34,mixed,-1.94,normal,-0.23,800,mm,806.20,25.62,25.63,25.6047,4.02,2.23,0.18,chop,0.92,normal,0.82,500,mm,-4690.64
95.039,124,177.1,-5901.78,-5901.78,2600,2600,155.05,155.06,155.0552,-1.08,0.26,0.00,chop,-0.74,calm,-3.37,1300,mm,-1838.13,99.79,99.81,99.8419,-4.86,2.94,0.34,mixed,-1.94,normal,-0.23,800,mm,806.20,25.62,25.63,25.6049,4.03,2.23,0.18,chop,0.92,normal,0.82,500,mm,-4690.64
95.076,124,177.1,-5901.78,-5901.78,2300,1300,155.05,155.06,155.0552,-1.08,0.26,0.00,chop,-0.74,calm,-3.37,1300,mm,-1838.13,99.81,99.85,99.8417,-4.81,2.94,0.34,mixed,-1.94,normal,-0.23,-500,mm,857.00,25.62,25.63,25.6053,4.03,2.23,0.18,chop,0.92,normal,0.82,500,mm,-4685.64
95.142,124,177.1,-5901.78,-5901.78,2300,1300,155.05,155.06,155.0552,-1.06,0.24,0.00,chop,-0.74,calm,-3.37,1300,mm,-1838.13,99.81,99.85,99.8413,-4.71,2.73,0.34,mixed,-1.94,normal,-0.23,-500,mm,857.00,25.62,25.63,25.6059,4.02,2.23,0.18,chop,0.92,normal,0.82,500,mm,-4685.64
95.165,124,177.1,-5901.78,-5901.78,2300,1300,155.05,155.06,155.0552,-1.06,0.24,0.00,chop,-0.74,calm,-3.37,1300,mm,-1838.13,99.81,99.85,99.8412,-4.68,2.73,0.34,mixed,-1.94,normal,-0.23,-500,mm,857.00,25.62,25.63,25.6061,4.02,2.23,0.18,chop,0.92,normal,0.82,500,mm,-4685.64
95.199,124,177.1,-5901.78,-5901.78,2300,1300,155.05,155.06,155.0551,-1.05,0.24,0.00,chop,-0.73,calm,-3.37,1300,mm,-1838.13,99.81,99.85,99.8410,-4.63,2.73,0.21,chop,-1.25,normal,-0.23,-500,mm,857.00,25.62,25.63,25.6064,4.02,2.23,0.17,chop,0.89,normal,0.82,500,mm,-4685.64
95.225,124,177.1,-5901.78,-5901.78,2300,1300,155.05,155.06,155.0551,-1.05,0.24,0.00,chop,-0.73,calm,-3.37,1300,mm,-1838.13,99.81,99.85,99.8409,-4.60,2.73,0.21,chop,-1.25,normal,-0.23,-500,mm,857.00,25.62,25.63,25.6066,4.02,2.23,0.17,chop,0.89,normal,0.82,500,mm,-4685.64
95.245,124,177.1,-5901.78,-5901.78,2300,1300,155.05,155.06,155.0551,-1.05,0.24,0.00,chop,-0.73,calm,-3.37,1300,mm,-1838.13,99.81,99.85,99.8408,-4.57,2.73,0.21,chop,-1.25,normal,-0.23,-500,mm,857.00,25.62,25.63,25.6068,4.01,2.23,0.17,chop,0.89,normal,0.82,500,mm,-4685.64
95.265,124,177.1,-5901.78,-5901.78,2300,1300,155.05,155.06,155.0551,-1.04,0.24,0.00,chop,-0.73,calm,-3.37,1300,mm,-1838.13,99.81,99.85,99.8407,-4.54,2.73,0.21,chop,-1.25,normal,-0.23,-500,mm,857.00,25.62,25.63,25.6069,4.01,2.23,0.17,chop,0.89,normal,0.82,500,mm,-4685.64
95.294,124,177.1,-5901.78,-5901.78,2300,1300,155.05,155.06,155.0551,-1.04,0.24,0.00,chop,-0.73,calm,-3.37,1300,mm,-1838.13,99.81,99.85,99.8405,-4.50,2.73,0.21,chop,-1.25,normal,-0.23,-500,mm,857.00,25.62,25.63,25.6072,4.01,2.23,0.17,chop,0.89,normal,0.82,500,mm,-4685.64
95.336,124,177.1,-5901.78,-5901.78,1800,1800,155.05,155.06,155.0551,-1.03,0.24,0.00,chop,-0.73,calm,-3.37,1300,mm,-1838.13,99.79,99.86,99.8402,-4.47,2.73,0.21,chop,-1.25,normal,-0.23,0,mm,1007.44,25.62,25.63,25.6075,4.00,2.23,0.17,chop,0.89,normal,0.82,500,mm,-4685.64
95.385,124,177.1,-5901.78,-5901.78,1800,1800,155.05,155.06,155.0551,-1.02,0.24,0.00,chop,-0.73,calm,-3.37,1300,mm,-1838.13,99.79,99.86,99.8399,-4.42,2.73,0.21,chop,-1.25,normal,-0.23,0,mm,1007.44,25.62,25.63,25.6079,3.99,2.05,0.17,chop,0.89,normal,0.82,500,mm,-4685.64
95.422,125,174.9,-5666.78,-5666.78,1800,1800,155.05,155.06,155.0551,-1.01,0.24,0.00,chop,-0.73,calm,-3.02,1300,mm,-1838.13,99.79,99.86,99.8396,-4.39,2.73,0.21,chop,-1.25,normal,-0.26,0,mm,1007.44,25.62,25.63,25.6082,3.98,2.05,0.17,chop,0.89,normal,0.80,500,mm,-4685.64
95.437,125,174.9,-5666.78,-5666.78,1800,1800,155.05,155.06,155.0551,-1.01,0.24,0.00,chop,-0.73,calm,-3.02,1300,mm,-1838.13,99.79,99.86,99.8395,-4.38,2.73,0.21,chop,-1.25,normal,-0.26,0,mm,1007.44,25.62,25.63,25.6083,3.98,2.05,0.17,chop,0.89,normal,0.80,500,mm,-4685.64
95.462,125,174.9,-5666.78,-5666.78,1800,1800,155.05,155.06,155.0551,-1.01,0.24,0.00,chop,-0.72,calm,-3.02,1300,mm,-1838.13,99.79,99.86,99.8394,-4.36,2.73,0.19,chop,-1.34,normal,-0.26,0,mm,1007.44,25.62,25.63,25.6085,3.98,2.05,0.12,chop,0.87,normal,0.80,500,mm,-4685.64
95.487,125,174.9,-5666.78,-5666.78,1800,1800,155.05,155.06,155.0551,-1.00,0.24,0.00,chop,-0.72,calm,-3.02,1300,mm,-1838.13,99.79,99.86,99.8392,-4.34,2.73,0.19,chop,-1.34,normal,-0.26,0,mm,1007.44,25.62,25.63,25.6087,3.97,2.05,0.12,chop,0.87,normal,0.80,500,mm,-4685.64
95.512,125,174.9,-5666.78,-5666.78,1800,1800,155.05,155.06,155.0551,-1.00,0.24,0.00,chop,-0.72,calm,-3.02,1300,mm,-1838.13,99.79,99.86,99.8390,-4.31,2.73,0.19,chop,-1.34,normal,-0.26,0,mm,1007.44,25.62,25.63,25.6089,3.96,2.05,0.12,chop,0.87,normal,0.80,500,mm,-4685.64
95.540,125,174.9,-5666.78,-5666.78,1800,1800,155.05,155.06,155.0551,-0.99,0.24,0.00,chop,-0.72,calm,-3.02,1300,mm,-1838.13,99.79,99.86,99.8388,-4.29,2.73,0.19,chop,-1.34,normal,-0.26,0,mm,1007.44,25.62,25.63,25.6091,3.96,2.05,0.12,chop,0.87,normal,0.80,500,mm,-4685.64
95.600,125,174.9,-5666.78,-5666.78,1800,1800,155.05,155.06,155.0551,-0.98,0.24,0.00,chop,-0.72,calm,-3.02,1300,mm,-1838.13,99.8,99.81,99.8379,-4.34,2.73,0.19,chop,-1.34,normal,-0.26,0,mm,1007.44,25.62,25.63,25.6096,3.94,2.05,0.12,chop,0.87,normal,0.80,500,mm,-4685.64
95.647,125,174.9,-5666.78,-5666.78,1800,1800,155.05,155.06,155.0551,-0.97,0.22,0.00,chop,-0.72,calm,-3.02,1300,mm,-1838.13,99.8,99.81,99.8372,-4.37,2.65,0.19,chop,-1.34,normal,-0.26,0,mm,1007.44,25.62,25.63,25.6099,3.93,2.05,0.12,chop,0.87,normal,0.80,500,mm,-4685.64
95.664,125,174.9,-5666.78,-5666.78,1800,1800,155.05,155.06,155.0551,-0.97,0.22,0.00,chop,-0.72,calm,-3.02,1300,mm,-1838.13,99.8,99.81,99.8369,-4.38,2.65,0.19,chop,-1.34,normal,-0.26,0,mm,1007.44,25.62,25.63,25.6100,3.92,2.05,0.12,chop,0.87,normal,0.80,500,mm,-4685.64
95.686,125,174.9,-5666.78,-5666.78,1800,1800,155.05,155.06,155.0551,-0.97,0.22,0.00,chop,-0.72,calm,-3.02,1300,mm,-1838.13,99.8,99.81,99.8366,-4.39,2.65,0.19,chop,-1.34,normal,-0.26,0,mm,1007.44,25.62,25.63,25.6102,3.91,2.05,0.12,chop,0.87,normal,0.80,500,mm,-4685.64
95.712,125,174.9,-5666.78,-5666.78,1800,1800,155.05,155.06,155.0551,-0.96,0.22,0.00,chop,-0.72,calm,-3.02,1300,mm,-1838.13,99.8,99.81,99.8362,-4.41,2.65,0.19,chop,-1.34,normal,-0.26,0,mm,1007.44,25.62,25.63,25.6104,3.91,2.05,0.12,chop,0.87,normal,0.80,500,mm,-4685.64
95.738,125,174.9,-5666.78,-5666.78,1800,1800,155.05,155.06,155.0551,-0.96,0.22,0.00,chop,-0.71,calm,-3.02,1300,mm,-1838.13,99.8,99.81,99.8358,-4.42,2.65,0.23,chop,-1.73,normal,-0.26,0,mm,1007.44,25.62,25.63,25.6105,3.90,2.05,0.16,chop,0.85,normal,0.80,500,mm,-4685.64
95.770,125,174.9,-5666.78,-5666.78,1800,1800,155.05,155.06,155.0551,-0.95,0.22,0.00,chop,-0.71,calm,-3.02,1300,mm,-1838.13,99.8,99.81,99.8354,-4.44,2.65,0.23,chop,-1.73,normal,-0.26,0,mm,1007.44,25.62,25.63,25.6108,3.89,2.05,0.16,chop,0.85,normal,0.80,500,mm,-4685.64
95.788,125,174.9,-5666.78,-5666.78,1800,1800,155.05,155.06,155.0551,-0.95,0.22,0.00,chop,-0.71,calm,-3.02,1300,mm,-1838.13,99.8,99.81,99.8351,-4.44,2.65,0.23,chop,-1.73,normal,-0.26,0,mm,1007.44,25.62,25.63,25.6109,3.88,2.05,0.16,chop,0.85,normal,0.80,500,mm,-4685.64
95.829,125,174.9,-5666.78,-5666.78,3300,3300,155.05,155.06,155.0551,-0.94,0.22,0.00,chop,-0.71,calm,-3.02,1300,mm,-1838.13,99.77,99.87,99.8348,-4.41,2.65,0.23,chop,-1.73,normal,-0.26,1500,mm,974.44,25.62,25.63,25.6111,3.87,2.05,0.16,chop,0.85,normal,0.80,500,mm,-4685.64
95.857,125,174.9,-5666.78,-5666.78,3300,3300,155.05,155.06,155.0551,-0.94,0.22,0.00,chop,-0.71,calm,-3.02,1300,mm,-1838.13,99.77,99.87,99.8346,-4.39,2.65,0.23,chop,-1.73,normal,-0.26,1500,mm,974.44,25.62,25.63,25.6113,3.86,2.05,0.16,chop,0.85,normal,0.80,500,mm,-4685.64
95.879,125,174.9,-5666.78,-5666.78,3300,3300,155.05,155.06,155.0551,-0.93,0.22,0.00,chop,-0.71,calm,-3.02,1300,mm,-1838.13,99.77,99.87,99.8345,-4.37,2.65,0.23,chop,-1.73,normal,-0.26,1500,mm,974.44,25.62,25.63,25.6115,3.85,2.05,0.16,chop,0.85,normal,0.80,500,mm,-4685.64
95.908,125,176.0,-5666.78,-5666.78,3300,3300,155.05,155.06,155.0551,-0.93,0.22,0.00,chop,-0.71,calm,-3.02,1300,mm,-1838.13,99.77,99.87,99.8343,-4.35,2.65,0.23,chop,-1.73,normal,-0.26,1500,mm,974.44,25.62,25.63,25.6117,3.84,1.88,0.16,chop,0.85,normal,0.80,500,mm,-4685.64
95.928,125,176.0,-5666.78,-5666.78,3300,3300,155.05,155.06,155.0551,-0.93,0.22,0.00,chop,-0.71,calm,-3.02,1300,mm,-1838.13,99.77,99.87,99.8341,-4.33,2.65,0.23,chop,-1.73,normal,-0.26,1500,mm,974.44,25.62,25.63,25.6118,3.83,1.88,0.16,chop,0.85,normal,0.80,500,mm,-4685.64
95.954,125,176.0,-5666.78,-5666.78,3300,3300,155.05,155.06,155.0551,-0.92,0.22,0.00,chop,-0.71,calm,-3.02,1300,mm,-1838.13,99.77,99.87,99.8340,-4.31,2.65,0.23,chop,-1.73,normal,-0.26,1500,mm,974.44,25.62,25.63,25.6119,3.82,1.88,0.16,chop,0.85,normal,0.80,500,mm,-4685.64
95.980,125,176.0,-5666.78,-5666.78,3300,3300,155.05,155.06,155.0551,-0.92,0.22,0.00,chop,-0.71,calm,-3.02,1300,mm,-1838.13,99.77,99.87,99.8338,-4.29,2.65,0.23,chop,-1.73,normal,-0.26,1500,mm,974.44,25.62,25.63,25.6121,3.81,1.88,0.16,chop,0.85,normal,0.80,500,mm,-4685.64
96.005,125,176.0,-5666.78,-5666.78,3300,3300,155.05,155.06,155.0551,-0.91,0.22,0.00,chop,-0.70,calm,-3.02,1300,mm,-1838.13,99.77,99.87,99.8336,-4.27,2.65,0.18,chop,-1.39,normal,-0.26,1500,mm,974.44,25.62,25.63,25.6123,3.80,1.88,0.19,chop,0.82,normal,0.80,500,mm,-4685.64
96.032,125,176.0,-5666.78,-5666.78,3300,3300,155.05,155.06,155.0551,-0.91,0.22,0.00,chop,-0.70,calm,-3.02,1300,mm,-1838.13,99.77,99.87,99.8335,-4.25,2.65,0.18,chop,-1.39,normal,-0.26,1500,mm,974.44,25.62,25.63,25.6124,3.79,1.88,0.19,chop,0.82,normal,0.80,500,mm,-4685.64
96.064,125,176.0,-5666.78,-5666.78,3300,3300,155.05,155.06,155.0551,-0.90,0.22,0.00,chop,-0.70,calm,-3.02,1300,mm,-1838.13,99.8,99.86,99.8334,-4.20,2.65,0.18,chop,-1.39,normal,-0.26,1500,mm,1034.44,25.62,25.63,25.6126,3.78,1.88,0.19,chop,0.82,normal,0.80,500,mm,-4685.64
96.114,125,176.0,-5666.78,-5666.78,3300,3300,155.05,155.06,155.0551,-0.90,0.22,0.00,chop,-0.70,calm,-3.02,1300,mm,-1838.13,99.8,99.86,99.8333,-4.13,2.65,0.18,chop,-1.39,normal,-0.26,1500,mm,1019.44,25.62,25.63,25.6129,3.76,1.88,0.19,chop,0.82,normal,0.80,500,mm,-4685.64
96.140,125,176.0,-5666.78,-5666.78,3300,3300,155.05,155.06,155.0551,-0.89,0.22,0.00,chop,-0.70,calm,-3.02,1300,mm,-1838.13,99.8,99.86,99.8333,-4.09,2.65,0.18,chop,-1.39,normal,-0.26,1500,mm,1019.44,25.62,25.63,25.6130,3.74,1.88,0.19,chop,0.82,normal,0.80,500,mm,-4685.64
96.164,125,176.0,-5666.78,-5666.78,3300,3300,155.05,155.06,155.0551,-0.89,0.21,0.00,chop,-0.70,calm,-3.02,1300,mm,-1838.13,99.8,99.86,99.8332,-4.05,2.66,0.18,chop,-1.39,normal,-0.26,1500,mm,1019.44,25.62,25.63,25.6132,3.73,1.88,0.19,chop,0.82,normal,0.80,500,mm,-4685.64
96.192,125,176.0,-5666.78,-5666.78,3300,3300,155.05,155.06,155.0551,-0.88,0.21,0.00,chop,-0.70,calm,-3.02,1300,mm,-1838.13,99.8,99.86,99.8332,-4.02,2.66,0.18,chop,-1.39,normal,-0.26,1500,mm,1019.44,25.62,25.63,25.6133,3.72,1.88,0.19,chop,0.82,normal,0.80,500,mm,-4685.64
96.232,125,176.0,-5666.78,-5666.78,3300,3300,155.05,155.06,155.0551,-0.88,0.21,0.00,chop,-0.70,calm,-3.02,1300,mm,-1838.13,99.8,99.86,99.8331,-3.96,2.66,0.18,chop,-1.39,normal,-0.26,1500,mm,1019.44,25.62,25.63,25.6135,3.71,1.88,0.19,chop,0.82,normal,0.80,500,mm,-4685.64
96.241,125,176.0,-5666.78,-5666.78,3300,3300,155.05,155.06,155.0551,-0.88,0.21,0.00,chop,-0.70,calm,-3.02,1300,mm,-1838.13,99.8,99.86,99.8331,-3.95,2.66,0.18,chop,-1.39,normal,-0.26,1500,mm,1019.44,25.62,25.63,25.6136,3.70,1.88,0.19,chop,0.82,normal,0.80,500,mm,-4685.64
96.267,125,176.0,-5666.78,-5666.78,3300,3300,155.05,155.06,155.0551,-0.87,0.21,0.00,chop,-0.69,calm,-3.02,1300,mm,-1838.13,99.8,99.86,99.8331,-3.91,2.66,0.18,chop,-1.17,normal,-0.26,1500,mm,1019.44,25.62,25.63,25.6137,3.69,1.88,0.22,chop,0.80,normal,0.80,500,mm,-4685.64
96.294,125,176.0,-5666.78,-5666.78,3300,3300,155.05,155.06,155.0551,-0.87,0.21,0.00,chop,-0.69,calm,-3.02,1300,mm,-1838.13,99.8,99.86,99.8331,-3.87,2.66,0.18,chop,-1.17,normal,-0.26,1500,mm,1019.44,25.62,25.63,25.6139,3.68,1.88,0.22,chop,0.80,normal,0.80,500,mm,-4685.64
96.352,125,176.0,-5666.78,-5666.78,3200,2800,155.05,155.06,155.0551,-0.86,0.21,0.00,chop,-0.69,calm,-3.02,1300,mm,-1838.13,99.86,99.88,99.8341,-3.61,2.66,0.18,chop,-1.17,normal,-0.26,-200,mm,1119.04,25.62,25.63,25.6142,3.65,1.88,0.22,chop,0.80,normal,0.80,1700,mm,-4689.32
96.390,125,176.0,-5666.78,-5666.78,3200,2800,155.05,155.06,155.0551,-0.85,0.21,0.00,chop,-0.69,calm,-3.02,1300,mm,-1838.13,99.86,99.88,99.8347,-3.45,2.66,0.18,chop,-1.17,normal,-0.26,-200,mm,1119.04,25.62,25.63,25.6144,3.63,1.88,0.22,chop,0.80,normal,0.80,1700,mm,-4689.32
96.441,126,173.9,-5504.34,-5504.34,3200,2800,155.05,155.06,155.0551,-0.85,0.21,0.00,chop,-0.69,calm,-2.68,1300,mm,-1838.13,99.86,99.88,99.8355,-3.25,2.66,0.18,chop,-1.17,normal,-0.07,-200,mm,1119.04,25.62,25.63,25.6146,3.61,1.72,0.22,chop,0.80,normal,0.82,1700,mm,-4689.32
96.451,126,173.9,-5504.34,-5504.34,3200,2800,155.05,155.06,155.0551,-0.84,0.21,0.00,chop,-0.69,calm,-2.68,1300,mm,-1838.13,99.86,99.88,99.8357,-3.20,2.66,0.18,chop,-1.17,normal,-0.07,-200,mm,1119.04,25.62,25.63,25.6147,3.61,1.72,0.22,chop,0.80,normal,0.82,1700,mm,-4689.32
96.475,126,173.9,-5504.34,-5504.34,3200,2800,155.05,155.06,155.0551,-0.84,0.21,0.00,chop,-0.69,calm,-2.68,1300,mm,-1838.13,99.86,99.88,99.8361,-3.11,2.66,0.18,chop,-1.17,normal,-0.07,-200,mm,1119.04,25.62,25.63,25.6148,3.60,1.72,0.22,chop,0.80,normal,0.82,1700,mm,-4689.32
96.502,126,173.9,-5504.34,-5504.34,3200,2800,155.05,155.06,155.0551,-0.84,0.21,0.00,chop,-0.69,calm,-2.68,1300,mm,-1838.13,99.86,99.88,99.8365,-3.01,2.66,0.18,chop,-1.17,normal,-0.07,-200,mm,1119.04,25.62,25.63,25.6149,3.58,1.72,0.22,chop,0.80,normal,0.82,1700,mm,-4689.32
96.529,126,173.9,-5504.34,-5504.34,3200,2800,155.05,155.06,155.0551,-0.83,0.21,0.00,chop,-0.68,calm,-2.68,1300,mm,-1838.13,99.86,99.88,99.8369,-2.91,2.66,0.08,chop,-0.33,normal,-0.07,-200,mm,1119.04,25.62,25.63,25.6150,3.57,1.72,0.39,mixed,0.78,normal,0.82,1700,mm,-4689.32
96.558,126,173.9,-5504.34,-5504.34,3200,2800,155.05,155.06,155.0551,-0.83,0.21,0.00,chop,-0.68,calm,-2.68,1300,mm,-1838.13,99.87,99.88,99.8374,-2.79,2.66,0.08,chop,-0.33,normal,-0.07,-200,mm,1119.04,25.62,25.63,25.6152,3.56,1.72,0.39,mixed,0.78,normal,0.82,1700,mm,-4689.32
96.581,126,173.9,-5504.34,-5504.34,3200,2800,155.05,155.06,155.0551,-0.83,0.21,0.00,chop,-0.68,calm,-2.68,1300,mm,-1838.13,99.87,99.88,99.8378,-2.71,2.66,0.08,chop,-0.33,normal,-0.07,-200,mm,1119.04,25.62,25.63,25.6153,3.55,1.72,0.39,mixed,0.78,normal,0.82,1700,mm,-4689.32
96.610,126,173.9,-5504.34,-5504.34,3200,2800,155.05,155.06,155.0551,-0.82,0.21,0.00,chop,-0.68,calm,-2.68,1300,mm,-1838.13,99.87,99.88,99.8383,-2.60,2.66,0.08,chop,-0.33,normal,-0.07,-200,mm,1119.04,25.62,25.63,25.6154,3.53,1.72,0.39,mixed,0.78,normal,0.82,1700,mm,-4689.32
96.635,126,173.9,-5504.34,-5504.34,3200,2800,155.05,155.06,155.0551,-0.82,0.21,0.00,chop,-0.68,calm,-2.68,1300,mm,-1838.13,99.87,99.88,99.8388,-2.51,2.66,0.08,chop,-0.33,normal,-0.07,-200,mm,1119.04,25.62,25.63,25.6155,3.52,1.72,0.39,mixed,0.78,normal,0.82,1700,mm,-4689.32
96.660,126,173.9,-5504.34,-5504.34,3200,2800,155.05,155.06,155.0551,-0.81,0.21,0.00,chop,-0.68,calm,-2.68,1300,mm,-1838.13,99.87,99.88,99.8392,-2.42,2.66,0.08,chop,-0.33,normal,-0.07,-200,mm,1119.04,25.62,25.63,25.6156,3.51,1.72,0.39,mixed,0.78,normal,0.82,1700,mm,-4689.32
96.684,126,173.9,-5504.34,-5504.34,3200,2800,155.05,155.06,155.0551,-0.81,0.19,0.00,chop,-0.68,calm,-2.68,1300,mm,-1838.13,99.87,99.88,99.8396,-2.33,2.83,0.08,chop,-0.33,normal,-0.07,-200,mm,1119.04,25.62,25.63,25.6157,3.50,1.72,0.39,mixed,0.78,normal,0.82,1700,mm,-4689.32
96.711,126,173.9,-5504.34,-5504.34,3200,2800,155.05,155.06,155.0551,-0.81,0.19,0.00,chop,-0.68,calm,-2.68,1300,mm,-1838.13,99.87,99.88,99.8400,-2.24,2.83,0.08,chop,-0.33,normal,-0.07,-200,mm,1119.04,25.62,25.63,25.6159,3.48,1.72,0.39,mixed,0.78,normal,0.82,1700,mm,-4689.32
96.737,126,173.9,-5504.34,-5504.34,3200,2800,155.05,155.06,155.0551,-0.80,0.19,0.00,chop,-0.68,calm,-2.68,1300,mm,-1838.13,99.87,99.88,99.8405,-2.16,2.83,0.08,chop,-0.33,normal,-0.07,-200,mm,1119.04,25.62,25.63,25.6160,3.47,1.72,0.39,mixed,0.78,normal,0.82,1700,mm,-4689.32
96.763,126,173.9,-5504.34,-5504.34,3200,2800,155.05,155.06,155.0551,-0.80,0.19,0.00,chop,-0.68,calm,-2.68,1300,mm,-1838.13,99.87,99.88,99.8409,-2.07,2.83,0.08,chop,-0.33,normal,-0.07,-200,mm,1119.04,25.62,25.63,25.6161,3.46,1.72,0.39,mixed,0.78,normal,0.82,1700,mm,-4689.32
96.791,126,173.9,-5504.34,-5504.34,3200,2800,155.05,155.06,155.0551,-0.80,0.19,0.00,chop,-0.66,calm,-2.68,1300,mm,-1838.13,99.87,99.88,99.8413,-1.99,2.83,0.00,chop,-0.22,normal,-0.07,-200,mm,1119.04,25.62,25.63,25.6162,3.45,1.72,0.37,mixed,0.76,normal,0.82,1700,mm,-4689.32
96.815,126,173.9,-5504.34,-5504.34,4300,4300,155.05,155.06,155.0551,-0.79,0.19,0.00,chop,-0.66,calm,-2.68,1300,mm,-1838.13,99.84,99.88,99.8416,-1.94,2.83,0.00,chop,-0.22,normal,-0.07,1300,mm,1094.04,25.62,25.63,25.6163,3.43,1.72,0.37,mixed,0.76,normal,0.82,1700,mm,-4689.32
96.842,126,173.9,-5504.34,-5504.34,4300,4300,155.05,155.06,155.0551,-0.79,0.19,0.00,chop,-0.66,calm,-2.68,1300,mm,-1838.13,99.84,99.88,99.8418,-1.90,2.83,0.00,chop,-0.22,normal,-0.07,1300,mm,1094.04,25.62,25.63,25.6164,3.42,1.72,0.37,mixed,0.76,normal,0.82,1700,mm,-4689.32
96.865,126,173.9,-5504.34,-5504.34,4300,4300,155.05,155.06,155.0551,-0.79,0.19,0.00,chop,-0.66,calm,-2.68,1300,mm,-1838.13,99.84,99.88,99.8420,-1.86,2.83,0.00,chop,-0.22,normal,-0.07,1300,mm,1094.04,25.62,25.63,25.6165,3.41,1.72,0.37,mixed,0.76,normal,0.82,1700,mm,-4689.32
96.891,126,173.9,-5504.34,-5504.34,4300,4300,155.05,155.06,155.0551,-0.78,0.19,0.00,chop,-0.66,calm,-2.68,1300,mm,-1838.13,99.84,99.88,99.8422,-1.81,2.83,0.00,chop,-0.22,normal,-0.07,1300,mm,1094.04,25.62,25.63,25.6166,3.40,1.72,0.37,mixed,0.76,normal,0.82,1700,mm,-4689.32
96.920,126,175.0,-5504.34,-5504.34,4300,4300,155.05,155.06,155.0551,-0.78,0.19,0.00,chop,-0.66,calm,-2.68,1300,mm,-1838.13,99.84,99.88,99.8424,-1.77,2.83,0.00,chop,-0.22,normal,-0.07,1300,mm,1094.04,25.62,25.63,25.6167,3.38,1.72,0.37,mixed,0.76,normal,0.82,1700,mm,-4689.32
96.942,126,175.0,-5504.34,-5504.34,4300,4300,155.05,155.06,155.0551,-0.77,0.19,0.00,chop,-0.66,calm,-2.68,1300,mm,-1838.13,99.84,99.88,99.8426,-1.73,2.83,0.00,chop,-0.22,normal,-0.07,1300,mm,1094.04,25.62,25.63,25.6168,3.37,1.57,0.37,mixed,0.76,normal,0.82,1700,mm,-4689.32
96.967,126,175.0,-5504.34,-5504.34,4300,4300,155.05,155.06,155.0551,-0.77,0.19,0.00,chop,-0.66,calm,-2.68,1300,mm,-1838.13,99.84,99.88,99.8428,-1.69,2.83,0.00,chop,-0.22,normal,-0.07,1300,mm,1094.04,25.62,25.63,25.6169,3.36,1.57,0.37,mixed,0.76,normal,0.82,1700,mm,-4689.32
96.994,126,175.0,-5504.34,-5504.34,4300,4300,155.05,155.06,155.0551,-0.77,0.19,0.00,chop,-0.66,calm,-2.68,1300,mm,-1838.13,99.84,99.88,99.8430,-1.65,2.83,0.00,chop,-0.22,normal,-0.07,1300,mm,1094.04,25.62,25.63,25.6170,3.35,1.57,0.37,mixed,0.76,normal,0.82,1700,mm,-4689.32
97.020,126,175.0,-5504.34,-5504.34,4300,4300,155.05,155.06,155.0551,-0.76,0.19,0.00,chop,-0.66,calm,-2.68,1300,mm,-1838.13,99.84,99.88,99.8432,-1.61,2.83,0.00,chop,-0.22,normal,-0.07,1300,mm,1094.04,25.62,25.63,25.6171,3.33,1.57,0.37,mixed,0.76,normal,0.82,1700,mm,-4689.32
97.048,126,175.0,-5504.34,-5504.34,4300,4300,155.05,155.06,155.0551,-0.76,0.19,0.00,chop,-0.66,calm,-2.68,1300,mm,-1838.13,99.84,99.88,99.8435,-1.57,2.83,0.03,chop,-0.53,normal,-0.07,1300,mm,1094.04,25.62,25.63,25.6172,3.32,1.57,0.41,mixed,0.75,normal,0.82,1700,mm,-4689.32
97.080,126,175.0,-5504.34,-5504.34,4300,4300,155.05,155.06,155.0551,-0.76,0.19,0.00,chop,-0.66,calm,-2.68,1300,mm,-1838.13,99.85,99.87,99.8437,-1.53,2.83,0.03,chop,-0.53,normal,-0.07,1300,mm,1094.04,25.62,25.63,25.6173,3.31,1.57,0.41,mixed,0.75,normal,0.82,1700,mm,-4689.32
97.116,126,175.0,-5504.34,-5504.34,4300,4300,155.05,155.06,155.0551,-0.75,0.19,0.00,chop,-0.66,calm,-2.68,1300,mm,-1838.13,99.85,99.87,99.8440,-1.48,2.83,0.03,chop,-0.53,normal,-0.07,1300,mm,1107.04,25.62,25.63,25.6174,3.29,1.57,0.41,mixed,0.75,normal,0.82,1700,mm,-4672.32
97.133,126,175.0,-5504.34,-5504.34,4300,4300,155.05,155.06,155.0551,-0.75,0.19,0.00,chop,-0.66,calm,-2.68,1300,mm,-1838.13,99.85,99.87,99.8441,-1.46,2.83,0.03,chop,-0.53,normal,-0.07,1300,mm,1107.04,25.62,25.63,25.6175,3.28,1.57,0.41,mixed,0.75,normal,0.82,1700,mm,-4672.32
97.158,126,175.0,-5504.34,-5504.34,4300,4300,155.05,155.06,155.0551,-0.75,0.19,0.00,chop,-0.66,calm,-2.68,1300,mm,-1838.13,99.85,99.87,99.8443,-1.42,2.83,0.03,chop,-0.53,normal,-0.07,1300,mm,1107.04,25.62,25.63,25.6176,3.27,1.57,0.41,mixed,0.75,normal,0.82,1700,mm,-4672.32
97.178,126,175.0,-5504.34,-5504.34,4300,4300,155.05,155.06,155.0551,-0.74,0.19,0.00,chop,-0.66,calm,-2.68,1300,mm,-1838.13,99.85,99.87,99.8445,-1.40,2.83,0.03,chop,-0.53,normal,-0.07,1300,mm,1107.04,25.62,25.63,25.6177,3.26,1.57,0.41,mixed,0.75,normal,0.82,1700,mm,-4672.32
97.206,126,175.0,-5504.34,-5504.34,4300,4300,155.05,155.06,155.0551,-0.74,0.18,0.00,chop,-0.66,calm,-2.68,1300,mm,-1838.13,99.85,99.87,99.8447,-1.36,2.70,0.03,chop,-0.53,normal,-0.07,1300,mm,1107.04,25.62,25.63,25.6178,3.24,1.57,0.41,mixed,0.75,normal,0.82,1700,mm,-4672.32
97.229,126,175.0,-5504.34,-5504.34,4300,4300,155.05,155.06,155.0551,-0.74,0.18,0.00,chop,-0.66,calm,-2.68,1300,mm,-1838.13,99.85,99.87,99.8448,-1.34,2.70,0.03,chop,-0.53,normal,-0.07,1300,mm,1107.04,25.62,25.63,25.6178,3.23,1.57,0.41,mixed,0.75,normal,0.82,1700,mm,-4672.32
97.256,126,175.0,-5504.34,-5504.34,4300,4300,155.05,155.06,155.0551,-0.73,0.18,0.00,chop,-0.66,calm,-2.68,1300,mm,-1838.13,99.85,99.87,99.8450,-1.30,2.70,0.03,chop,-0.53,normal,-0.07,1300,mm,1107.04,25.62,25.63,25.6179,3.22,1.57,0.41,mixed,0.75,normal,0.82,1700,mm,-4672.32
97.280,126,175.0,-5504.34,-5504.34,4300,4300,155.05,155.06,155.0551,-0.73,0.18,0.00,chop,-0.66,calm,-2.68,1300,mm,-1838.13,99.85,99.87,99.8452,-1.28,2.70,0.03,chop,-0.53,normal,-0.07,1300,mm,1107.04,25.62,25.63,25.6180,3.21,1.57,0.41,mixed,0.75,normal,0.82,1700,mm,-4672.32
97.306,126,175.0,-5504.34,-5504.34,4300,4300,155.05,155.06,155.0551,-0.73,0.18,0.00,chop,-0.65,calm,-2.68,1300,mm,-1838.13,99.85,99.87,99.8454,-1.25,2.70,0.04,chop,-0.51,normal,-0.07,1300,mm,1107.04,25.62,25.63,25.6181,3.19,1.57,0.55,mixed,0.73,normal,0.82,1700,mm,-4672.32
97.339,126,175.0,-5504.34,-5504.34,4300,4300,155.05,155.06,155.0551,-0.72,0.18,0.00,chop,-0.65,calm,-2.68,1300,mm,-1838.13,99.81,99.82,99.8449,-1.33,2.70,0.04,chop,-0.51,normal,-0.07,1300,mm,1107.04,25.62,25.63,25.6182,3.18,1.57,0.55,mixed,0.73,normal,0.82,1700,mm,-4672.32
97.373,126,175.0,-5504.34,-5504.34,4300,4300,155.05,155.06,155.0551,-0.72,0.18,0.00,chop,-0.65,calm,-2.68,1300,mm,-1838.13,99.81,99.82,99.8444,-1.42,2.70,0.04,chop,-0.51,normal,-0.07,1300,mm,1107.04,25.62,25.63,25.6183,3.16,1.57,0.55,mixed,0.73,normal,0.82,1700,mm,-4672.32
97.399,126,175.0,-5504.34,-5504.34,4300,4300,155.05,155.06,155.0551,-0.71,0.18,0.00,chop,-0.65,calm,-2.68,1300,mm,-1838.13,99.81,99.82,99.8441,-1.48,2.70,0.04,chop,-0.51,normal,-0.07,1300,mm,1107.04,25.62,25.63,25.6184,3.15,1.57,0.55,mixed,0.73,normal,0.82,1700,mm,-4672.32
97.416,126,175.0,-5504.34,-5504.34,4300,4300,155.05,155.06,155.0551,-0.71,0.18,0.00,chop,-0.65,calm,-2.68,1300,mm,-1838.13,99.81,99.82,99.8438,-1.51,2.70,0.04,chop,-0.51,normal,-0.07,1300,mm,1107.04,25.62,25.63,25.6184,3.14,1.57,0.55,mixed,0.73,normal,0.82,1700,mm,-4672.32
97.444,127,173.0,-5403.42,-5403.42,4300,4300,155.05,155.06,155.0551,-0.71,0.18,0.00,chop,-0.65,calm,-2.35,1300,mm,-1838.13,99.81,99.82,99.8435,-1.57,2.70,0.04,chop,-0.51,normal,-0.31,1300,mm,1107.04,25.62,25.63,25.6185,3.13,1.44,0.55,mixed,0.73,normal,0.82,1700,mm,-4672.32
97.466,127,173.0,-5403.42,-5403.42,4300,4300,155.05,155.06,155.0551,-0.71,0.18,0.00,chop,-0.65,calm,-2.35,1300,mm,-1838.13,99.81,99.82,99.8432,-1.62,2.70,0.04,chop,-0.51,normal,-0.31,1300,mm,1107.04,25.62,25.63,25.6186,3.12,1.44,0.55,mixed,0.73,normal,0.82,1700,mm,-4672.32
97.490,127,173.0,-5403.42,-5403.42,4300,4300,155.05,155.06,155.0551,-0.70,0.18,0.00,chop,-0.65,calm,-2.35,1300,mm,-1838.13,99.81,99.82,99.8429,-1.67,2.70,0.04,chop,-0.51,normal,-0.31,1300,mm,1107.04,25.62,25.63,25.6187,3.11,1.44,0.55,mixed,0.73,normal,0.82,1700,mm,-4672.32
97.515,127,173.0,-5403.42,-5403.42,4300,4300,155.05,155.06,155.0550,-0.70,0.18,0.00,chop,-0.65,calm,-2.35,1300,mm,-1838.13,99.81,99.82,99.8425,-1.73,2.70,0.04,chop,-0.51,normal,-0.31,1300,mm,1107.04,25.62,25.63,25.6187,3.09,1.44,0.55,mixed,0.73,normal,0.82,1700,mm,-4672.32
97.541,127,173.0,-5403.42,-5403.42,4300,4300,155.05,155.06,155.0550,-0.70,0.18,0.00,chop,-0.65,calm,-2.35,1300,mm,-1838.13,99.81,99.82,99.8422,-1.78,2.70,0.04,chop,-0.51,normal,-0.31,1300,mm,1107.04,25.62,25.63,25.6188,3.08,1.44,0.55,mixed,0.73,normal,0.82,1700,mm,-4672.32
97.567,127,173.0,-5403.42,-5403.42,4300,4300,155.05,155.06,155.0550,-0.69,0.18,0.00,chop,-0.64,calm,-2.35,1300,mm,-1838.13,99.81,99.82,99.8418,-1.83,2.70,0.19,chop,-1.43,normal,-0.31,1300,mm,1107.04,25.62,25.63,25.6189,3.07,1.44,0.55,mixed,0.69,normal,0.82,1700,mm,-4672.32
97.601,127,173.0,-5403.42,-5403.42,5200,5200,155.05,155.06,155.0550,-0.69,0.18,0.00,chop,-0.64,calm,-2.35,1300,mm,-1838.13,99.77,99.82,99.8411,-1.94,2.70,0.19,chop,-1.43,normal,-0.31,2200,mm,983.24,25.62,25.63,25.6190,3.05,1.44,0.55,mixed,0.69,normal,0.82,1700,mm,-4672.32
97.627,127,173.0,-5403.42,-5403.42,5200,5200,155.05,155.06,155.0550,-0.69,0.18,0.00,chop,-0.64,calm,-2.35,1300,mm,-1838.13,99.77,99.82,99.8406,-2.02,2.70,0.19,chop,-1.43,normal,-0.31,2200,mm,983.24,25.62,25.63,25.6191,3.04,1.44,0.55,mixed,0.69,normal,0.82,1700,mm,-4672.32
97.654,127,173.0,-5403.42,-5403.42,5200,5200,155.05,155.06,155.0550,-0.68,0.18,0.00,chop,-0.64,calm,-2.35,1300,mm,-1838.13,99.77,99.82,99.8400,-2.11,2.70,0.19,chop,-1.43,normal,-0.31,2200,mm,983.24,25.62,25.63,25.6191,3.03,1.44,0.55,mixed,0.69,normal,0.82,1700,mm,-4672.32
97.680,127,173.0,-5403.42,-5403.42,5200,5200,155.05,155.06,155.0550,-0.68,0.18,0.00,chop,-0.64,calm,-2.35,1300,mm,-1838.13,99.77,99.82,99.8394,-2.19,2.70,0.19,chop,-1.43,normal,-0.31,2200,mm,983.24,25.62,25.63,25.6192,3.01,1.44,0.55,mixed,0.69,normal,0.82,1700,mm,-4672.32
97.703,127,173.0,-5403.42,-5403.42,5200,5200,155.05,155.06,155.0550,-0.68,0.18,0.00,chop,-0.64,calm,-2.35,1300,mm,-1838.13,99.77,99.82,99.8390,-2.26,2.70,0.19,chop,-1.43,normal,-0.31,2200,mm,983.24,25.62,25.63,25.6193,3.00,1.44,0.55,mixed,0.69,normal,0.82,1700,mm,-4672.32
97.731,127,173.0,-5403.42,-5403.42,5200,5200,155.05,155.06,155.0550,-0.67,0.16,0.00,chop,-0.64,calm,-2.35,1300,mm,-1838.13,99.77,99.82,99.8384,-2.34,3.01,0.19,chop,-1.43,normal,-0.31,2200,mm,983.24,25.62,25.63,25.6193,2.99,1.44,0.55,mixed,0.69,normal,0.82,1700,mm,-4672.32
97.753,127,173.0,-5403.42,-5403.42,5200,5200,155.05,155.06,155.0550,-0.67,0.16,0.00,chop,-0.64,calm,-2.35,1300,mm,-1838.13,99.77,99.82,99.8379,-2.40,3.01,0.19,chop,-1.43,normal,-0.31,2200,mm,983.24,25.62,25.63,25.6194,2.98,1.44,0.55,mixed,0.69,normal,0.82,1700,mm,-4672.32
97.780,127,173.0,-5403.42,-5403.42,5200,5200,155.05,155.06,155.0550,-0.67,0.16,0.00,chop,-0.64,calm,-2.35,1300,mm,-1838.13,99.77,99.82,99.8374,-2.47,3.01,0.19,chop,-1.43,normal,-0.31,2200,mm,983.24,25.62,25.63,25.6195,2.97,1.44,0.55,mixed,0.69,normal,0.82,1700,mm,-4672.32
97.805,127,173.0,-5403.42,-5403.42,5200,5200,155.05,155.06,155.0550,-0.67,0.16,0.00,chop,-0.64,calm,-2.35,1300,mm,-1838.13,99.77,99.82,99.8369,-2.54,3.01,0.19,chop,-1.43,normal,-0.31,2200,mm,983.24,25.62,25.63,25.6195,2.95,1.44,0.55,mixed,0.69,normal,0.82,1700,mm,-4672.32
97.834,127,173.0,-5403.42,-5403.42,5200,5200,155.05,155.06,155.0550,-0.66,0.16,0.00,chop,-0.63,calm,-2.35,1300,mm,-1838.13,99.77,99.82,99.8363,-2.61,3.01,0.25,mixed,-1.84,normal,-0.31,2200,mm,983.24,25.62,25.63,25.6196,2.94,1.44,0.53,mixed,0.67,normal,0.82,1700,mm,-4672.32
97.861,127,173.0,-5403.42,-5403.42,3500,3500,155.05,155.06,155.0550,-0.66,0.16,0.00,chop,-0.63,calm,-2.35,1300,mm,-1838.13,99.77,99.78,99.8355,-2.72,3.01,0.25,mixed,-1.84,normal,-0.31,500,mm,1091.84,25.62,25.63,25.6197,2.93,1.44,0.53,mixed,0.67,normal,0.82,1700,mm,-4672.32
97.881,127,173.0,-5403.42,-5403.42,3500,3500,155.05,155.06,155.0550,-0.66,0.16,0.00,chop,-0.63,calm,-2.35,1300,mm,-1838.13,99.77,99.78,99.8350,-2.80,3.01,0.25,mixed,-1.84,normal,-0.31,500,mm,1091.84,25.62,25.63,25.6197,2.92,1.44,0.53,mixed,0.67,normal,0.82,1700,mm,-4672.32
97.908,127,173.0,-5403.42,-5403.42,3500,3500,155.05,155.06,155.0550,-0.65,0.16,0.00,chop,-0.63,calm,-2.35,1300,mm,-1838.13,99.77,99.78,99.8342,-2.91,3.01,0.25,mixed,-1.84,normal,-0.31,500,mm,1091.84,25.62,25.63,25.6198,2.90,1.44,0.53,mixed,0.67,normal,0.82,1700,mm,-4672.32
97.936,127,173.0,-5403.42,-5403.42,3500,3500,155.05,155.06,155.0550,-0.65,0.16,0.00,chop,-0.63,calm,-2.35,1300,mm,-1838.13,99.77,99.78,99.8334,-3.01,3.01,0.25,mixed,-1.84,normal,-0.31,500,mm,1091.84,25.62,25.63,25.6199,2.89,1.44,0.53,mixed,0.67,normal,0.82,1700,mm,-4672.32
97.965,127,174.1,-5403.42,-5403.42,3500,3500,155.05,155.06,155.0550,-0.65,0.16,0.00,chop,-0.63,calm,-2.35,1300,mm,-1838.13,99.77,99.78,99.8327,-3.11,3.01,0.25,mixed,-1.84,normal,-0.31,500,mm,1091.84,25.62,25.63,25.6199,2.88,1.32,0.53,mixed,0.67,normal,0.82,1700,mm,-4672.32
97.986,127,174.1,-5403.42,-5403.42,3500,3500,155.05,155.06,155.0550,-0.64,0.16,0.00,chop,-0.63,calm,-2.35,1300,mm,-1838.13,99.77,99.78,99.8321,-3.18,3.01,0.25,mixed,-1.84,normal,-0.31,500,mm,1091.84,25.62,25.63,25.6200,2.87,1.32,0.53,mixed,0.67,normal,0.82,1700,mm,-4672.32
98.012,127,174.1,-5403.42,-5403.42,3500,3500,155.05,155.06,155.0550,-0.64,0.16,0.00,chop,-0.63,calm,-2.35,1300,mm,-1838.13,99.77,99.78,99.8314,-3.27,3.01,0.25,mixed,-1.84,normal,-0.31,500,mm,1091.84,25.62,25.63,25.6200,2.86,1.32,0.53,mixed,0.67,normal,0.82,1700,mm,-4672.32
98.038,127,174.1,-5403.42,-5403.42,3500,3500,155.05,155.06,155.0550,-0.64,0.16,0.00,chop,-0.63,calm,-2.35,1300,mm,-1838.13,99.77,99.78,99.8307,-3.35,3.01,0.25,mixed,-1.84,normal,-0.31,500,mm,1091.84,25.62,25.63,25.6201,2.84,1.32,0.53,mixed,0.67,normal,0.82,1700,mm,-4672.32
98.066,127,174.1,-5403.42,-5403.42,3500,3500,155.05,155.06,155.0550,-0.64,0.16,0.00,chop,-0.63,calm,-2.35,1300,mm,-1838.13,99.77,99.78,99.8300,-3.44,3.01,0.25,mixed,-1.84,normal,-0.31,500,mm,1091.84,25.62,25.63,25.6202,2.83,1.32,0.53,mixed,0.67,normal,0.82,1700,mm,-4672.32
98.096,127,174.1,-5403.42,-5403.42,4000,2000,155.05,155.06,155.0550,-0.63,0.16,0.00,chop,-0.62,calm,-2.35,1300,mm,-1838.13,99.77,99.84,99.8296,-3.45,3.01,0.25,chop,-1.59,normal,-0.31,-1000,mm,1038.84,25.62,25.63,25.6202,2.82,1.32,0.52,mixed,0.66,normal,0.82,1700,mm,-4672.32
98.130,127,174.1,-5403.42,-5403.42,4000,2000,155.05,155.06,155.0550,-0.63,0.16,0.00,chop,-0.62,calm,-2.35,1300,mm,-1838.13,99.77,99.84,99.8292,-3.47,3.01,0.25,chop,-1.59,normal,-0.31,-1000,mm,1038.84,25.62,25.63,25.6203,2.80,1.32,0.52,mixed,0.66,normal,0.82,1700,mm,-4672.32
98.155,127,174.1,-5403.42,-5403.42,4000,2000,155.05,155.06,155.0550,-0.63,0.16,0.00,chop,-0.62,calm,-2.35,1300,mm,-1838.13,99.77,99.84,99.8289,-3.48,3.01,0.25,chop,-1.59,normal,-0.31,-1000,mm,1038.84,25.62,25.63,25.6204,2.79,1.32,0.52,mixed,0.66,normal,0.82,1700,mm,-4672.32
98.192,127,174.1,-5403.42,-5403.42,4000,2000,155.05,155.06,155.0550,-0.62,0.16,0.00,chop,-0.62,calm,-2.35,1300,mm,-1838.13,99.77,99.84,99.8285,-3.50,3.01,0.25,chop,-1.59,normal,-0.31,-1000,mm,1038.84,25.62,25.63,25.6204,2.77,1.32,0.52,mixed,0.66,normal,0.82,1700,mm,-4672.32
98.207,127,174.1,-5403.42,-5403.42,4000,2000,155.05,155.06,155.0550,-0.62,0.16,0.00,chop,-0.62,calm,-2.35,1300,mm,-1838.13,99.77,99.84,99.8284,-3.50,3.01,0.25,chop,-1.59,normal,-0.31,-1000,mm,1038.84,25.62,25.63,25.6205,2.76,1.32,0.52,mixed,0.66,normal,0.82,1700,mm,-4672.32
98.234,127,174.1,-5403.42,-5403.42,4000,2000,155.05,155.06,155.0550,-0.62,0.15,0.00,chop,-0.62,calm,-2.35,1300,mm,-1838.13,99.77,99.84,99.8281,-3.51,2.86,0.25,chop,-1.59,normal,-0.31,-1000,mm,1038.84,25.62,25.63,25.6205,2.75,1.32,0.52,mixed,0.66,normal,0.82,1700,mm,-4672.32
98.259,127,174.1,-5403.42,-5403.42,4000,2000,155.05,155.06,155.0550,-0.61,0.15,0.00,chop,-0.62,calm,-2.35,1300,mm,-1838.13,99.77,99.84,99.8278,-3.52,2.86,0.25,chop,-1.59,normal,-0.31,-1000,mm,1038.84,25.62,25.63,25.6206,2.74,1.32,0.52,mixed,0.66,normal,0.82,1700,mm,-4672.32
98.286,127,174.1,-5403.42,-5403.42,4000,2000,155.05,155.06,155.0550,-0.61,0.15,0.00,chop,-0.62,calm,-2.35,1300,mm,-1838.13,99.77,99.84,99.8275,-3.53,2.86,0.25,chop,-1.59,normal,-0.31,-1000,mm,1038.84,25.62,25.63,25.6206,2.73,1.32,0.52,mixed,0.66,normal,0.82,1700,mm,-4672.32
98.313,127,174.1,-5403.42,-5403.42,4000,2000,155.05,155.06,155.0550,-0.61,0.15,0.00,chop,-0.62,calm,-2.35,1300,mm,-1838.13,99.77,99.84,99.8272,-3.54,2.86,0.25,chop,-1.59,normal,-0.31,-1000,mm,1038.84,25.62,25.63,25.6207,2.72,1.32,0.52,mixed,0.66,normal,0.82,1700,mm,-4672.32
98.338,127,174.1,-5403.42,-5403.42,4000,2000,155.05,155.06,155.0550,-0.61,0.15,0.00,chop,-0.62,calm,-2.35,1300,mm,-1838.13,99.77,99.84,99.8270,-3.54,2.86,0.25,chop,-1.59,normal,-0.31,-1000,mm,1038.84,25.62,25.63,25.6207,2.71,1.32,0.52,mixed,0.66,normal,0.82,1700,mm,-4672.32
98.382,127,174.1,-5403.42,-5403.42,5000,1000,155.05,155.06,155.0550,-0.60,0.15,0.00,chop,-0.61,calm,-2.35,1300,mm,-1838.13,99.85,99.86,99.8275,-3.38,2.86,0.06,chop,-0.55,normal,-0.31,-2000,mm,1026.84,25.62,25.63,25.6208,2.69,1.32,0.50,mixed,0.64,normal,0.82,1700,mm,-4672.32
98.413,127,174.1,-5403.42,-5403.42,5000,1000,155.05,155.06,155.0550,-0.60,0.15,0.00,chop,-0.61,calm,-2.35,1300,mm,-1838.13,99.85,99.86,99.8280,-3.26,2.86,0.06,chop,-0.55,normal,-0.31,-2000,mm,1026.84,25.62,25.63,25.6209,2.67,1.32,0.50,mixed,0.64,normal,0.82,1700,mm,-4672.32
98.439,127,174.1,-5403.42,-5403.42,5000,1000,155.05,155.06,155.0550,-0.59,0.15,0.00,chop,-0.61,calm,-2.35,1300,mm,-1838.13,99.85,99.86,99.8283,-3.17,2.86,0.06,chop,-0.55,normal,-0.31,-2000,mm,1026.84,25.62,25.63,25.6209,2.66,1.32,0.50,mixed,0.64,normal,0.82,1700,mm,-4672.32
98.472,128,172.0,-5471.62,-5471.62,5000,1000,155.05,155.06,155.0550,-0.59,0.15,0.00,chop,-0.61,calm,-2.15,1300,mm,-1838.13,99.85,99.86,99.8287,-3.06,2.86,0.06,chop,-0.55,normal,0.02,-2000,mm,1026.84,25.62,25.63,25.6210,2.65,1.21,0.50,mixed,0.64,normal,0.82,1700,mm,-4672.32
98.489,128,172.0,-5471.62,-5471.62,5000,1000,155.05,155.06,155.0550,-0.59,0.15,0.00,chop,-0.61,calm,-2.15,1300,mm,-1838.13,99.85,99.86,99.8289,-3.00,2.86,0.06,chop,-0.55,normal,0.02,-2000,mm,1026.84,25.62,25.63,25.6210,2.64,1.21,0.50,mixed,0.64,normal,0.82,1700,mm,-4672.32
98.516,128,172.0,-5471.62,-5471.62,5000,1000,155.05,155.06,155.0550,-0.59,0.15,0.00,chop,-0.61,calm,-2.15,1300,mm,-1838.13,99.85,99.86,99.8292,-2.92,2.86,0.06,chop,-0.55,normal,0.02,-2000,mm,1026.84,25.62,25.63,25.6211,2.63,1.21,0.50,mixed,0.64,normal,0.82,1700,mm,-4672.32
98.541,128,172.0,-5471.62,-5471.62,5000,1000,155.05,155.06,155.0550,-0.58,0.15,0.00,chop,-0.61,calm,-2.15,1300,mm,-1838.13,99.85,99.86,99.8295,-2.83,2.86,0.06,chop,-0.55,normal,0.02,-2000,mm,1026.84,25.62,25.63,25.6211,2.61,1.21,0.50,mixed,0.64,normal,0.82,1700,mm,-4672.32
98.567,128,172.0,-5471.62,-5471.62,5000,1000,155.05,155.06,155.0550,-0.58,0.15,0.00,chop,-0.61,calm,-2.15,1300,mm,-1838.13,99.85,99.86,99.8298,-2.75,2.86,0.06,chop,-0.55,normal,0.02,-2000,mm,1026.84,25.62,25.63,25.6212,2.60,1.21,0.50,mixed,0.64,normal,0.82,1700,mm,-4672.32
98.592,128,172.0,-5471.62,-5471.62,5000,1000,155.05,155.06,155.0550,-0.58,0.15,0.00,chop,-0.61,calm,-2.15,1300,mm,-1838.13,99.85,99.86,99.8301,-2.68,2.86,0.06,chop,-0.55,normal,0.02,-2000,mm,1026.84,25.62,25.63,25.6212,2.59,1.21,0.50,mixed,0.64,normal,0.82,1700,mm,-4672.32
98.624,128,172.0,-5471.62,-5471.62,5700,300,155.05,155.06,155.0550,-0.58,0.15,0.00,chop,-0.61,calm,-2.15,1300,mm,-1838.13,99.86,99.89,99.8308,-2.53,2.86,0.06,chop,-0.55,normal,0.02,-2700,mm,938.44,25.62,25.63,25.6213,2.58,1.21,0.50,mixed,0.64,normal,0.82,1700,mm,-4672.32
98.652,128,172.0,-5471.62,-5471.62,5700,300,155.05,155.06,155.0550,-0.57,0.15,0.00,chop,-0.59,calm,-2.15,1300,mm,-1838.13,99.86,99.89,99.8314,-2.41,2.86,0.08,chop,-0.13,normal,0.02,-2700,mm,938.44,25.62,25.63,25.6213,2.57,1.21,0.36,mixed,0.62,normal,0.82,1700,mm,-4672.32
98.678,128,172.0,-5471.62,-5471.62,5700,300,155.05,155.06,155.0550,-0.57,0.15,0.00,chop,-0.59,calm,-2.15,1300,mm,-1838.13,99.86,99.89,99.8319,-2.30,2.86,0.08,chop,-0.13,normal,0.02,-2700,mm,938.44,25.62,25.63,25.6214,2.56,1.21,0.36,mixed,0.62,normal,0.82,1700,mm,-4672.32
98.711,128,172.0,-5471.62,-5471.62,5700,300,155.05,155.06,155.0550,-0.57,0.15,0.00,chop,-0.59,calm,-2.15,1300,mm,-1838.13,99.86,99.89,99.8326,-2.16,2.86,0.08,chop,-0.13,normal,0.02,-2700,mm,938.44,25.62,25.63,25.6214,2.54,1.21,0.36,mixed,0.62,normal,0.82,1700,mm,-4672.32
98.730,128,172.0,-5471.62,-5471.62,5700,300,155.05,155.06,155.0550,-0.57,0.15,0.00,chop,-0.59,calm,-2.15,1300,mm,-1838.13,99.86,99.89,99.8330,-2.09,2.86,0.08,chop,-0.13,normal,0.02,-2700,mm,938.44,25.62,25.63,25.6215,2.53,1.21,0.36,mixed,0.62,normal,0.82,1700,mm,-4672.32
98.755,128,172.0,-5471.62,-5471.62,5700,300,155.05,155.06,155.0550,-0.56,0.14,0.00,chop,-0.59,calm,-2.15,1300,mm,-1838.13,99.86,99.89,99.8335,-1.99,3.25,0.08,chop,-0.13,normal,0.02,-2700,mm,938.44,25.62,25.63,25.6215,2.52,1.21,0.36,mixed,0.62,normal,0.82,1700,mm,-4672.32
98.781,128,172.0,-5471.62,-5471.62,5700,300,155.05,155.06,155.0550,-0.56,0.14,0.00,chop,-0.59,calm,-2.15,1300,mm,-1838.13,99.86,99.89,99.8340,-1.89,3.25,0.08,chop,-0.13,normal,0.02,-2700,mm,938.44,25.62,25.63,25.6215,2.51,1.21,0.36,mixed,0.62,normal,0.82,1700,mm,-4672.32
98.807,128,172.0,-5471.62,-5471.62,5700,300,155.05,155.06,155.0550,-0.56,0.14,0.00,chop,-0.59,calm,-2.15,1300,mm,-1838.13,99.86,99.89,99.8345,-1.79,3.25,0.08,chop,-0.13,normal,0.02,-2700,mm,938.44,25.62,25.63,25.6216,2.50,1.21,0.36,mixed,0.62,normal,0.82,1700,mm,-4672.32
98.832,128,172.0,-5471.62,-5471.62,5700,300,155.05,155.06,155.0550,-0.55,0.14,0.00,chop,-0.59,calm,-2.15,1300,mm,-1838.13,99.86,99.89,99.8349,-1.70,3.25,0.08,chop,-0.13,normal,0.02,-2700,mm,938.44,25.62,25.63,25.6216,2.49,1.21,0.36,mixed,0.62,normal,0.82,1700,mm,-4672.32
98.864,128,172.0,-5471.62,-5471.62,6500,1100,155.05,155.06,155.0550,-0.55,0.14,0.00,chop,-0.59,calm,-2.15,1300,mm,-1838.13,99.9,99.91,99.8360,-1.51,3.25,0.08,chop,-0.13,normal,0.02,-2700,mm,938.44,25.6,25.63,25.6215,2.45,1.21,0.36,mixed,0.62,normal,0.82,2500,mm,-4713.44
98.893,128,172.0,-5471.62,-5471.62,6500,1100,155.05,155.06,155.0550,-0.55,0.14,0.00,chop,-0.59,calm,-2.15,1300,mm,-1838.13,99.9,99.91,99.8369,-1.35,3.25,0.08,chop,-0.13,normal,0.02,-2700,mm,938.44,25.6,25.63,25.6214,2.42,1.21,0.36,mixed,0.62,normal,0.82,2500,mm,-4713.44
98.918,128,172.0,-5471.62,-5471.62,6500,1100,155.05,155.06,155.0550,-0.55,0.14,0.00,chop,-0.58,calm,-2.15,1300,mm,-1838.13,99.9,99.91,99.8377,-1.21,3.25,0.12,chop,0.51,normal,0.02,-2700,mm,938.44,25.6,25.63,25.6214,2.39,1.21,0.25,chop,0.52,normal,0.82,2500,mm,-4713.44
98.942,128,172.0,-5471.62,-5471.62,6500,1100,155.05,155.06,155.0550,-0.54,0.14,0.00,chop,-0.58,calm,-2.15,1300,mm,-1838.13,99.9,99.91,99.8385,-1.07,3.25,0.12,chop,0.51,normal,0.02,-2700,mm,938.44,25.6,25.63,25.6213,2.36,1.21,0.25,chop,0.52,normal,0.82,2500,mm,-4713.44
98.971,128,173.1,-5471.62,-5471.62,6500,1100,155.05,155.06,155.0550,-0.54,0.14,0.00,chop,-0.58,calm,-2.15,1300,mm,-1838.13,99.9,99.91,99.8394,-0.93,3.25,0.12,chop,0.51,normal,0.02,-2700,mm,938.44,25.6,25.63,25.6212,2.33,1.21,0.25,chop,0.52,normal,0.82,2500,mm,-4713.44
98.993,128,173.1,-5471.62,-5471.62,6500,1100,155.05,155.06,155.0550,-0.54,0.14,0.00,chop,-0.58,calm,-2.15,1300,mm,-1838.13,99.9,99.91,99.8400,-0.81,3.25,0.12,chop,0.51,normal,0.02,-2700,mm,938.44,25.6,25.63,25.6211,2.30,1.20,0.25,chop,0.52,normal,0.82,2500,mm,-4713.44
99.019,128,173.1,-5471.62,-5471.62,6500,1100,155.05,155.06,155.0550,-0.54,0.14,0.00,chop,-0.58,calm,-2.15,1300,mm,-1838.13,99.9,99.91,99.8408,-0.68,3.25,0.12,chop,0.51,normal,0.02,-2700,mm,938.44,25.6,25.63,25.6211,2.27,1.20,0.25,chop,0.52,normal,0.82,2500,mm,-4713.44
99.044,128,173.1,-5471.62,-5471.62,6500,1100,155.05,155.06,155.0550,-0.53,0.14,0.00,chop,-0.58,calm,-2.15,1300,mm,-1838.13,99.9,99.91,99.8416,-0.57,3.25,0.12,chop,0.51,normal,0.02,-2700,mm,938.44,25.6,25.63,25.6210,2.25,1.20,0.25,chop,0.52,normal,0.82,2500,mm,-4713.44
99.074,128,173.1,-5471.62,-5471.62,6500,1100,155.05,155.06,155.0550,-0.53,0.14,0.00,chop,-0.58,calm,-2.15,1300,mm,-1838.13,99.9,99.91,99.8425,-0.42,3.25,0.12,chop,0.51,normal,0.02,-2700,mm,938.44,25.6,25.63,25.6209,2.22,1.20,0.25,chop,0.52,normal,0.82,2500,mm,-4713.44
99.097,128,173.1,-5471.62,-5471.62,6500,1100,155.05,155.06,155.0550,-0.53,0.14,0.00,chop,-0.58,calm,-2.15,1300,mm,-1838.13,99.9,99.91,99.8432,-0.32,3.25,0.12,chop,0.51,normal,0.02,-2700,mm,938.44,25.6,25.63,25.6209,2.19,1.20,0.25,chop,0.52,normal,0.82,2500,mm,-4713.44
99.123,128,173.1,-5471.62,-5471.62,6500,1100,155.05,155.06,155.0550,-0.53,0.14,0.00,chop,-0.58,calm,-2.15,1300,mm,-1838.13,99.9,99.91,99.8439,-0.20,3.25,0.12,chop,0.51,normal,0.02,-2700,mm,938.44,25.6,25.63,25.6208,2.17,1.20,0.25,chop,0.52,normal,0.82,2500,mm,-4713.44
99.166,128,173.1,-5471.62,-5471.62,4600,3000,155.05,155.06,155.0550,-0.52,0.14,0.00,chop,-0.58,calm,-2.15,1300,mm,-1838.13,99.84,99.91,99.8445,-0.13,3.25,0.12,chop,0.51,normal,0.02,-800,mm,918.64,25.59,25.62,25.6205,2.09,1.20,0.25,chop,0.52,normal,0.82,2500,mm,-4713.44
99.209,128,173.1,-5471.62,-5471.62,4600,3000,155.05,155.06,155.0550,-0.52,0.14,0.00,chop,-0.56,calm,-2.15,1300,mm,-1838.13,99.84,99.91,99.8451,-0.05,3.25,0.00,chop,-0.11,normal,0.02,-800,mm,918.64,25.59,25.62,25.6202,2.02,1.20,0.15,chop,0.42,normal,0.82,2500,mm,-4713.44
99.232,128,173.1,-5471.62,-5471.62,4600,3000,155.05,155.06,155.0550,-0.52,0.14,0.00,chop,-0.56,calm,-2.15,1300,mm,-1838.13,99.84,99.91,99.8455,-0.01,3.25,0.00,chop,-0.11,normal,0.02,-800,mm,918.64,25.59,25.62,25.6200,1.98,1.20,0.15,chop,0.42,normal,0.82,2500,mm,-4713.44
99.257,128,173.1,-5471.62,-5471.62,4600,3000,155.05,155.06,155.0550,-0.51,0.13,0.00,chop,-0.56,calm,-2.15,1300,mm,-1838.13,99.84,99.91,99.8458,0.03,2.95,0.00,chop,-0.11,normal,0.02,-800,mm,918.64,25.59,25.62,25.6198,1.94,1.20,0.15,chop,0.42,normal,0.82,2500,mm,-4713.44
99.284,128,173.1,-5471.62,-5471.62,4600,3000,155.05,155.06,155.0550,-0.51,0.13,0.00,chop,-0.56,calm,-2.15,1300,mm,-1838.13,99.84,99.91,99.8462,0.07,2.95,0.00,chop,-0.11,normal,0.02,-800,mm,918.64,25.59,25.62,25.6196,1.90,1.20,0.15,chop,0.42,normal,0.82,2500,mm,-4713.44
99.308,128,173.1,-5471.62,-5471.62,4600,3000,155.05,155.06,155.0550,-0.51,0.13,0.00,chop,-0.56,calm,-2.15,1300,mm,-1838.13,99.84,99.91,99.8465,0.10,2.95,0.00,chop,-0.11,normal,0.02,-800,mm,918.64,25.59,25.62,25.6195,1.86,1.20,0.15,chop,0.42,normal,0.82,2500,mm,-4713.44
99.332,128,173.1,-5471.62,-5471.62,4600,3000,155.05,155.06,155.0550,-0.51,0.13,0.00,chop,-0.56,calm,-2.15,1300,mm,-1838.13,99.84,99.91,99.8468,0.14,2.95,0.00,chop,-0.11,normal,0.02,-800,mm,918.64,25.59,25.62,25.6193,1.82,1.20,0.15,chop,0.42,normal,0.82,2500,mm,-4713.44
99.360,128,173.1,-5471.62,-5471.62,4600,3000,155.05,155.06,155.0550,-0.51,0.13,0.00,chop,-0.56,calm,-2.15,1300,mm,-1838.13,99.84,99.91,99.8472,0.18,2.95,0.00,chop,-0.11,normal,0.02,-800,mm,918.64,25.59,25.62,25.6191,1.78,1.20,0.15,chop,0.42,normal,0.82,2500,mm,-4713.44
99.385,128,173.1,-5471.62,-5471.62,4600,3000,155.05,155.06,155.0550,-0.50,0.13,0.00,chop,-0.56,calm,-2.15,1300,mm,-1838.13,99.84,99.91,99.8475,0.21,2.95,0.00,chop,-0.11,normal,0.02,-800,mm,918.64,25.59,25.62,25.6190,1.75,1.20,0.15,chop,0.42,normal,0.82,2500,mm,-4713.44
99.413,128,173.1,-5471.62,-5471.62,4500,3100,155.05,155.06,155.0550,-0.50,0.13,0.00,chop,-0.56,calm,-2.15,1300,mm,-1838.13,99.8,99.81,99.8469,0.09,2.95,0.00,chop,-0.11,normal,0.02,-700,mm,996.44,25.58,25.61,25.6186,1.69,1.20,0.15,chop,0.42,normal,0.82,2500,mm,-4738.44
99.440,128,173.1,-5471.62,-5471.62,4500,3100,155.05,155.06,155.0550,-0.50,0.13,0.00,chop,-0.56,calm,-2.15,1300,mm,-1838.13,99.8,99.81,99.8464,-0.02,2.95,0.00,chop,-0.11,normal,0.02,-700,mm,996.44,25.58,25.61,25.6183,1.63,1.20,0.15,chop,0.42,normal,0.82,2500,mm,-4738.44
99.467,128,173.1,-5471.62,-5471.62,4500,3100,155.05,155.06,155.0550,-0.50,0.13,0.00,chop,-0.55,calm,-2.15,1300,mm,-1838.13,99.8,99.81,99.8459,-0.13,2.95,0.15,chop,-1.54,normal,0.02,-700,mm,996.44,25.58,25.61,25.6181,1.57,1.20,0.07,chop,0.32,normal,0.82,2500,mm,-4738.44
99.496,129,171.1,-5632.94,-5632.94,4500,3100,155.05,155.06,155.0550,-0.49,0.13,0.00,chop,-0.55,calm,-1.79,1300,mm,-1838.13,99.8,99.81,99.8453,-0.24,2.95,0.15,chop,-1.54,normal,-0.24,-700,mm,996.44,25.58,25.61,25.6177,1.51,1.26,0.07,chop,0.32,normal,0.72,2500,mm,-4738.44
99.514,129,171.1,-5632.94,-5632.94,4500,3100,155.05,155.06,155.0550,-0.49,0.13,0.00,chop,-0.55,calm,-1.79,1300,mm,-1838.13,99.8,99.81,99.8450,-0.31,2.95,0.15,chop,-1.54,normal,-0.24,-700,mm,996.44,25.58,25.61,25.6175,1.48,1.26,0.07,chop,0.32,normal,0.72,2500,mm,-4738.44
99.540,129,171.1,-5632.94,-5632.94,4500,3100,155.05,155.06,155.0550,-0.49,0.13,0.00,chop,-0.55,calm,-1.79,1300,mm,-1838.13,99.8,99.81,99.8445,-0.41,2.95,0.15,chop,-1.54,normal,-0.24,-700,mm,996.44,25.58,25.61,25.6173,1.43,1.26,0.07,chop,0.32,normal,0.72,2500,mm,-4738.44
99.565,129,171.1,-5632.94,-5632.94,4500,3100,155.05,155.06,155.0550,-0.49,0.13,0.00,chop,-0.55,calm,-1.79,1300,mm,-1838.13,99.8,99.81,99.8440,-0.50,2.95,0.15,chop,-1.54,normal,-0.24,-700,mm,996.44,25.58,25.61,25.6170,1.38,1.26,0.07,chop,0.32,normal,0.72,2500,mm,-4738.44
99.590,129,171.1,-5632.94,-5632.94,4500,3100,155.05,155.06,155.0550,-0.49,0.13,0.00,chop,-0.55,calm,-1.79,1300,mm,-1838.13,99.8,99.81,99.8436,-0.59,2.95,0.15,chop,-1.54,normal,-0.24,-700,mm,996.44,25.58,25.61,25.6168,1.34,1.26,0.07,chop,0.32,normal,0.72,2500,mm,-4738.44
99.618,129,171.1,-5632.94,-5632.94,4500,3100,155.05,155.06,155.0550,-0.48,0.13,0.00,chop,-0.55,calm,-1.79,1300,mm,-1838.13,99.8,99.81,99.8431,-0.68,2.95,0.15,chop,-1.54,normal,-0.24,-700,mm,996.44,25.58,25.61,25.6165,1.29,1.26,0.07,chop,0.32,normal,0.72,2500,mm,-4738.44
99.659,129,171.1,-5632.94,-5632.94,4600,3200,155.05,155.06,155.0550,-0.48,0.13,0.00,chop,-0.55,calm,-1.79,1300,mm,-1838.13,99.8,99.82,99.8424,-0.80,2.95,0.15,chop,-1.54,normal,-0.24,-700,mm,982.44,25.54,25.6,25.6156,1.13,1.26,0.07,chop,0.32,normal,0.72,2600,mm,-4864.33
99.719,129,171.1,-5632.94,-5632.94,4600,3200,155.05,155.06,155.0550,-0.47,0.13,0.00,chop,-0.54,calm,-1.79,1300,mm,-1838.13,99.8,99.82,99.8415,-0.96,2.95,0.14,chop,-1.41,normal,-0.24,-700,mm,982.44,25.54,25.6,25.6143,0.92,1.26,0.20,chop,0.07,normal,0.72,2600,mm,-4864.33
99.733,129,171.1,-5632.94,-5632.94,4600,3200,155.05,155.06,155.0550,-0.47,0.13,0.00,chop,-0.54,calm,-1.79,1300,mm,-1838.13,99.8,99.82,99.8413,-0.99,2.95,0.14,chop,-1.41,normal,-0.24,-700,mm,982.44,25.54,25.6,25.6140,0.88,1.26,0.20,chop,0.07,normal,0.72,2600,mm,-4864.33
99.757,129,171.1,-5632.94,-5632.94,4600,3200,155.05,155.06,155.0550,-0.47,0.13,0.00,chop,-0.54,calm,-1.79,1300,mm,-1838.13,99.8,99.82,99.8410,-1.06,2.95,0.14,chop,-1.41,normal,-0.24,-700,mm,982.44,25.54,25.6,25.6135,0.80,1.26,0.20,chop,0.07,normal,0.72,2600,mm,-4864.33
99.783,129,171.1,-5632.94,-5632.94,4600,3200,155.05,155.06,155.0550,-0.47,0.12,0.00,chop,-0.54,calm,-1.79,1300,mm,-1838.13,99.8,99.82,99.8406,-1.12,3.26,0.14,chop,-1.41,normal,-0.24,-700,mm,982.44,25.54,25.6,25.6130,0.71,1.26,0.20,chop,0.07,normal,0.72,2600,mm,-4864.33
99.810,129,171.1,-5632.94,-5632.94,4600,3200,155.05,155.06,155.0550,-0.47,0.12,0.00,chop,-0.54,calm,-1.79,1300,mm,-1838.13,99.8,99.82,99.8402,-1.18,3.26,0.14,chop,-1.41,normal,-0.24,-700,mm,982.44,25.54,25.6,25.6124,0.63,1.26,0.20,chop,0.07,normal,0.72,2600,mm,-4864.33
99.836,129,171.1,-5632.94,-5632.94,4600,3200,155.05,155.06,155.0550,-0.46,0.12,0.00,chop,-0.54,calm,-1.79,1300,mm,-1838.13,99.8,99.82,99.8398,-1.24,3.26,0.14,chop,-1.41,normal,-0.24,-700,mm,982.44,25.54,25.6,25.6119,0.55,1.26,0.20,chop,0.07,normal,0.72,2600,mm,-4864.33
99.861,129,171.1,-5632.94,-5632.94,4600,3200,155.05,155.06,155.0550,-0.46,0.12,0.00,chop,-0.54,calm,-1.79,1300,mm,-1838.13,99.8,99.82,99.8395,-1.30,3.26,0.14,chop,-1.41,normal,-0.24,-700,mm,982.44,25.54,25.6,25.6114,0.48,1.26,0.20,chop,0.07,normal,0.72,2600,mm,-4864.33
99.894,129,171.1,-5632.94,-5632.94,2000,600,155.05,155.06,155.0550,-0.46,0.12,0.00,chop,-0.54,calm,-1.79,1300,mm,-1838.13,99.81,99.82,99.8391,-1.35,3.26,0.14,chop,-1.41,normal,-0.24,-700,mm,982.44,25.56,25.59,25.6109,0.40,1.26,0.20,chop,0.07,normal,0.72,0,mm,-4935.23
99.914,129,171.1,-5632.94,-5632.94,2000,600,155.05,155.06,155.0550,-0.46,0.12,0.00,chop,-0.54,calm,-1.79,1300,mm,-1838.13,99.81,99.82,99.8389,-1.38,3.26,0.14,chop,-1.41,normal,-0.24,-700,mm,982.44,25.56,25.59,25.6106,0.35,1.26,0.20,chop,0.07,normal,0.72,0,mm,-4935.23
99.941,129,171.1,-5632.94,-5632.94,2000,600,155.05,155.06,155.0550,-0.46,0.12,0.00,chop,-0.54,calm,-1.79,1300,mm,-1838.13,99.81,99.82,99.8386,-1.43,3.26,0.14,chop,-1.41,normal,-0.24,-700,mm,982.44,25.56,25.59,25.6101,0.29,1.26,0.20,chop,0.07,normal,0.72,0,mm,-4935.23
99.967,129,171.1,-5632.94,-5632.94,2000,600,155.05,155.06,155.0550,-0.45,0.12,0.00,chop,-0.54,calm,-1.79,1300,mm,-1838.13,99.81,99.82,99.8383,-1.47,3.26,0.14,chop,-1.41,normal,-0.24,-700,mm,982.44,25.56,25.59,25.6097,0.23,1.26,0.20,chop,0.07,normal,0.72,0,mm,-4935.23
99.996,129,172.1,-5632.94,-5632.94,2000,600,155.05,155.06,155.0550,-0.45,0.12,0.00,chop,-0.53,calm,-1.79,1300,mm,-1838.13,99.81,99.82,99.8380,-1.51,3.26,0.04,chop,-1.27,normal,-0.24,-700,mm,982.44,25.56,25.59,25.6092,0.17,1.31,0.20,chop,0.11,normal,0.72,0,mm,-4935.23
100.017,129,172.1,-5632.94,-5632.94,2000,600,155.05,155.06,155.0550,-0.45,0.12,0.00,chop,-0.53,calm,-1.79,1300,mm,-1838.13,99.81,99.82,99.8378,-1.54,3.26,0.04,chop,-1.27,normal,-0.24,-700,mm,982.44,25.56,25.59,25.6089,0.12,1.31,0.20,chop,0.11,normal,0.72,0,mm,-4935.23
100.046,129,172.1,-5632.94,-5632.94,2000,600,155.05,155.06,155.0550,-0.45,0.12,0.00,chop,-0.53,calm,-1.79,1300,mm,-1838.13,99.81,99.82,99.8375,-1.58,3.26,0.04,chop,-1.27,normal,-0.24,-700,mm,982.44,25.56,25.59,25.6084,0.06,1.31,0.20,chop,0.11,normal,0.72,0,mm,-4935.23
100.069,129,172.1,-5632.94,-5632.94,2000,600,155.05,155.06,155.0550,-0.45,0.12,0.00,chop,-0.53,calm,-1.79,1300,mm,-1838.13,99.81,99.82,99.8372,-1.61,3.26,0.04,chop,-1.27,normal,-0.24,-700,mm,982.44,25.56,25.59,25.6081,0.02,1.31,0.20,chop,0.11,normal,0.72,0,mm,-4935.23
100.098,129,172.1,-5632.94,-5632.94,2000,600,155.05,155.06,155.0550,-0.44,0.12,0.00,chop,-0.53,calm,-1.79,1300,mm,-1838.13,99.81,99.82,99.8369,-1.65,3.26,0.04,chop,-1.27,normal,-0.24,-700,mm,982.44,25.56,25.59,25.6076,-0.04,1.31,0.20,chop,0.11,normal,0.72,0,mm,-4935.23
100.130,129,172.1,-5632.94,-5632.94,2000,600,155.05,155.06,155.0550,-0.44,0.12,0.00,chop,-0.53,calm,-1.79,1300,mm,-1838.13,99.77,99.82,99.8363,-1.74,3.26,0.04,chop,-1.27,normal,-0.24,-700,mm,989.44,25.55,25.58,25.6070,-0.12,1.31,0.20,chop,0.11,normal,0.72,0,mm,-4935.23
100.153,129,172.1,-5632.94,-5632.94,2000,600,155.05,155.06,155.0550,-0.44,0.12,0.00,chop,-0.53,calm,-1.79,1300,mm,-1838.13,99.77,99.84,99.8359,-1.79,3.26,0.04,chop,-1.27,normal,-0.24,-700,mm,989.44,25.55,25.58,25.6065,-0.18,1.31,0.20,chop,0.11,normal,0.72,0,mm,-4935.23
100.190,129,172.1,-5632.94,-5632.94,2000,600,155.05,155.06,155.0550,-0.44,0.12,0.00,chop,-0.53,calm,-1.79,1300,mm,-1838.13,99.77,99.84,99.8354,-1.86,3.26,0.04,chop,-1.27,normal,-0.24,-700,mm,989.44,25.55,25.58,25.6058,-0.27,1.31,0.20,chop,0.11,normal,0.72,0,mm,-4935.23
100.211,129,172.1,-5632.94,-5632.94,2000,600,155.05,155.06,155.0550,-0.44,0.12,0.00,chop,-0.53,calm,-1.79,1300,mm,-1838.13,99.77,99.84,99.8351,-1.89,3.26,0.04,chop,-1.27,normal,-0.24,-700,mm,989.44,25.55,25.58,25.6054,-0.32,1.31,0.20,chop,0.11,normal,0.72,0,mm,-4935.23
100.235,129,172.1,-5632.94,-5632.94,2000,600,155.05,155.06,155.0550,-0.43,0.12,0.00,chop,-0.53,calm,-1.79,1300,mm,-1838.13,99.77,99.84,99.8348,-1.94,3.26,0.04,chop,-1.27,normal,-0.24,-700,mm,989.44,25.55,25.58,25.6049,-0.38,1.31,0.20,chop,0.11,normal,0.72,0,mm,-4935.23
100.261,129,172.1,-5632.94,-5632.94,2000,600,155.05,155.06,155.0550,-0.43,0.12,0.00,chop,-0.52,calm,-1.79,1300,mm,-1838.13,99.77,99.84,99.8344,-1.98,3.26,0.05,chop,-1.43,normal,-0.24,-700,mm,989.44,25.55,25.58,25.6045,-0.44,1.31,0.20,chop,0.00,normal,0.72,0,mm,-4935.23
100.285,129,172.1,-5632.94,-5632.94,2000,600,155.05,155.06,155.0550,-0.43,0.11,0.00,chop,-0.52,calm,-1.79,1300,mm,-1838.13,99.77,99.84,99.8341,-2.02,2.94,0.05,chop,-1.43,normal,-0.24,-700,mm,989.44,25.55,25.58,25.6040,-0.49,1.31,0.20,chop,0.00,normal,0.72,0,mm,-4935.23
100.309,129,172.1,-5632.94,-5632.94,2000,600,155.05,155.06,155.0550,-0.43,0.11,0.00,chop,-0.52,calm,-1.79,1300,mm,-1838.13,99.77,99.84,99.8338,-2.06,2.94,0.05,chop,-1.43,normal,-0.24,-700,mm,989.44,25.55,25.58,25.6036,-0.54,1.31,0.20,chop,0.00,normal,0.72,0,mm,-4935.23
100.343,129,172.1,-5632.94,-5632.94,2000,600,155.05,155.06,155.0550,-0.43,0.11,0.00,chop,-0.52,calm,-1.79,1300,mm,-1838.13,99.77,99.84,99.8333,-2.11,2.94,0.05,chop,-1.43,normal,-0.24,-700,mm,989.44,25.55,25.58,25.6030,-0.61,1.31,0.20,chop,0.00,normal,0.72,0,mm,-4935.23
100.364,129,172.1,-5632.94,-5632.94,2000,600,155.05,155.06,155.0550,-0.42,0.11,0.00,chop,-0.52,calm,-1.79,1300,mm,-1838.13,99.77,99.84,99.8330,-2.14,2.94,0.05,chop,-1.43,normal,-0.24,-700,mm,989.44,25.55,25.58,25.6026,-0.65,1.31,0.20,chop,0.00,normal,0.72,0,mm,-4935.23
100.404,129,172.1,-5632.94,-5632.94,2000,600,155.05,155.06,155.0550,-0.42,0.11,0.00,chop,-0.52,calm,-1.79,1300,mm,-1838.13,99.8,99.83,99.8327,-2.16,2.94,0.05,chop,-1.43,normal,-0.24,-700,mm,989.44,25.49,25.57,25.6012,-0.84,1.31,0.20,chop,0.00,normal,0.72,0,mm,-4935.23
100.421,129,172.1,-5632.94,-5632.94,2000,600,155.05,155.06,155.0550,-0.42,0.11,0.00,chop,-0.52,calm,-1.79,1300,mm,-1838.13,99.8,99.83,99.8326,-2.17,2.94,0.05,chop,-1.43,normal,-0.24,-700,mm,989.44,25.49,25.57,25.6007,-0.92,1.31,0.20,chop,0.00,normal,0.72,0,mm,-4935.23
100.465,129,172.1,-5632.94,-5632.94,2000,600,155.05,155.06,155.0550,-0.42,0.11,0.00,chop,-0.52,calm,-1.79,1300,mm,-1838.13,99.8,99.83,99.8322,-2.19,2.94,0.05,chop,-1.43,normal,-0.24,-700,mm,989.44,25.49,25.57,25.5992,-1.12,1.31,0.20,chop,0.00,normal,0.72,0,mm,-4935.23
100.490,129,172.1,-5632.94,-5632.94,2000,600,155.05,155.06,155.0550,-0.41,0.11,0.00,chop,-0.52,calm,-1.79,1300,mm,-1838.13,99.8,99.83,99.8320,-2.20,2.94,0.05,chop,-1.43,normal,-0.24,-700,mm,989.44,25.49,25.57,25.5984,-1.22,1.31,0.20,chop,0.00,normal,0.72,0,mm,-4935.23
100.519,130,170.1,-5783.93,-5783.93,2000,600,155.05,155.06,155.0550,-0.41,0.11,0.00,chop,-0.50,calm,-1.57,1300,mm,-1838.13,99.8,99.83,99.8318,-2.22,2.94,0.03,chop,-1.20,normal,-0.73,-700,mm,989.44,25.49,25.57,25.5975,-1.34,1.55,0.35,mixed,-0.34,normal,0.51,0,mm,-4935.23
100.539,130,170.1,-5783.93,-5783.93,2000,600,155.05,155.06,155.0550,-0.41,0.11,0.00,chop,-0.50,calm,-1.57,1300,mm,-1838.13,99.8,99.83,99.8316,-2.23,2.94,0.03,chop,-1.20,normal,-0.73,-700,mm,989.44,25.49,25.57,25.5969,-1.42,1.55,0.35,mixed,-0.34,normal,0.51,0,mm,-4935.23
100.567,130,170.1,-5783.93,-5783.93,2000,600,155.05,155.06,155.0550,-0.41,0.11,0.00,chop,-0.50,calm,-1.57,1300,mm,-1838.13,99.8,99.83,99.8314,-2.24,2.94,0.03,chop,-1.20,normal,-0.73,-700,mm,989.44,25.49,25.57,25.5960,-1.53,1.55,0.35,mixed,-0.34,normal,0.51,0,mm,-4935.23
100.595,130,170.1,-5783.93,-5783.93,2000,600,155.05,155.06,155.0550,-0.41,0.11,0.00,chop,-0.50,calm,-1.57,1300,mm,-1838.13,99.8,99.83,99.8312,-2.25,2.94,0.03,chop,-1.20,normal,-0.73,-700,mm,989.44,25.49,25.57,25.5951,-1.63,1.55,0.35,mixed,-0.34,normal,0.51,0,mm,-4935.23
100.618,130,170.1,-5783.93,-5783.93,2000,600,155.05,155.06,155.0550,-0.41,0.11,0.00,chop,-0.50,calm,-1.57,1300,mm,-1838.13,99.8,99.83,99.8310,-2.26,2.94,0.03,chop,-1.20,normal,-0.73,-700,mm,989.44,25.49,25.57,25.5944,-1.71,1.55,0.35,mixed,-0.34,normal,0.51,0,mm,-4935.23
100.646,130,170.1,-5783.93,-5783.93,3100,-500,155.05,155.06,155.0550,-0.40,0.11,0.00,chop,-0.50,calm,-1.57,1300,mm,-1838.13,99.8,99.86,99.8310,-2.23,2.94,0.03,chop,-1.20,normal,-0.73,-1800,mm,937.24,25.54,25.56,25.5939,-1.76,1.55,0.35,mixed,-0.34,normal,0.51,0,mm,-4935.23
100.672,130,170.1,-5783.93,-5783.93,3100,-500,155.05,155.06,155.0550,-0.40,0.11,0.00,chop,-0.50,calm,-1.57,1300,mm,-1838.13,99.8,99.86,99.8310,-2.21,2.94,0.03,chop,-1.20,normal,-0.73,-1800,mm,937.24,25.54,25.56,25.5933,-1.81,1.55,0.35,mixed,-0.34,normal,0.51,0,mm,-4935.23
100.703,130,170.1,-5783.93,-5783.93,3100,-500,155.05,155.06,155.0550,-0.40,0.11,0.00,chop,-0.50,calm,-1.57,1300,mm,-1838.13,99.8,99.86,99.8310,-2.19,2.94,0.03,chop,-1.20,normal,-0.73,-1800,mm,937.24,25.54,25.56,25.5927,-1.87,1.55,0.35,mixed,-0.34,normal,0.51,0,mm,-4935.23
100.722,130,170.1,-5783.93,-5783.93,3100,-500,155.05,155.06,155.0550,-0.40,0.11,0.00,chop,-0.50,calm,-1.57,1300,mm,-1838.13,99.8,99.86,99.8310,-2.17,2.94,0.03,chop,-1.20,normal,-0.73,-1800,mm,937.24,25.54,25.56,25.5923,-1.90,1.55,0.35,mixed,-0.34,normal,0.51,0,mm,-4935.23
100.748,130,170.1,-5783.93,-5783.93,3100,-500,155.05,155.06,155.0550,-0.40,0.11,0.00,chop,-0.50,calm,-1.57,1300,mm,-1838.13,99.8,99.86,99.8309,-2.15,2.94,0.03,chop,-1.20,normal,-0.73,-1800,mm,937.24,25.54,25.56,25.5918,-1.94,1.55,0.35,mixed,-0.34,normal,0.51,0,mm,-4935.23
100.772,130,170.1,-5783.93,-5783.93,3100,-500,155.05,155.06,155.0550,-0.39,0.11,0.00,chop,-0.49,calm,-1.57,1300,mm,-1838.13,99.8,99.86,99.8309,-2.13,2.94,0.06,chop,-0.88,normal,-0.73,-1800,mm,937.24,25.54,25.56,25.5913,-1.98,1.55,0.22,chop,-0.18,normal,0.51,0,mm,-4935.23
100.798,130,170.1,-5783.93,-5783.93,3100,-500,155.05,155.06,155.0550,-0.39,0.10,0.00,chop,-0.49,calm,-1.57,1300,mm,-1838.13,99.8,99.86,99.8309,-2.11,2.91,0.06,chop,-0.88,normal,-0.73,-1800,mm,937.24,25.54,25.56,25.5908,-2.02,1.55,0.22,chop,-0.18,normal,0.51,0,mm,-4935.23
100.823,130,170.1,-5783.93,-5783.93,3100,-500,155.05,155.06,155.0550,-0.39,0.10,0.00,chop,-0.49,calm,-1.57,1300,mm,-1838.13,99.8,99.86,99.8309,-2.09,2.91,0.06,chop,-0.88,normal,-0.73,-1800,mm,937.24,25.54,25.56,25.5903,-2.05,1.55,0.22,chop,-0.18,normal,0.51,0,mm,-4935.23
100.849,130,170.1,-5783.93,-5783.93,3100,-500,155.05,155.06,155.0550,-0.39,0.10,0.00,chop,-0.49,calm,-1.57,1300,mm,-1838.13,99.8,99.86,99.8309,-2.07,2.91,0.06,chop,-0.88,normal,-0.73,-1800,mm,937.24,25.54,25.56,25.5898,-2.09,1.55,0.22,chop,-0.18,normal,0.51,0,mm,-4935.23
100.876,130,170.1,-5783.93,-5783.93,3100,-500,155.05,155.06,155.0550,-0.39,0.10,0.00,chop,-0.49,calm,-1.57,1300,mm,-1838.13,99.8,99.86,99.8309,-2.05,2.91,0.06,chop,-0.88,normal,-0.73,-1800,mm,937.24,25.54,25.56,25.5893,-2.13,1.55,0.22,chop,-0.18,normal,0.51,0,mm,-4935.23
100.903,130,170.1,-5783.93,-5783.93,3100,-500,155.05,155.06,155.0550,-0.39,0.10,0.00,chop,-0.49,calm,-1.57,1300,mm,-1838.13,99.83,99.84,99.8309,-2.02,2.91,0.06,chop,-0.88,normal,-0.73,-1800,mm,973.24,25.48,25.55,25.5884,-2.24,1.55,0.22,chop,-0.18,normal,0.51,0,mm,-4935.23
100.934,130,170.1,-5783.93,-5783.93,3100,-500,155.05,155.06,155.0550,-0.38,0.10,0.00,chop,-0.49,calm,-1.57,1300,mm,-1838.13,99.83,99.84,99.8310,-1.99,2.91,0.06,chop,-0.88,normal,-0.73,-1800,mm,973.24,25.48,25.55,25.5873,-2.36,1.55,0.22,chop,-0.18,normal,0.51,0,mm,-4935.23
100.958,130,170.1,-5783.93,-5783.93,3100,-500,155.05,155.06,155.0550,-0.38,0.10,0.00,chop,-0.49,calm,-1.57,1300,mm,-1838.13,99.83,99.84,99.8310,-1.96,2.91,0.06,chop,-0.88,normal,-0.73,-1800,mm,973.24,25.48,25.55,25.5865,-2.45,1.55,0.22,chop,-0.18,normal,0.51,0,mm,-4935.23
100.984,130,170.1,-5783.93,-5783.93,3100,-500,155.05,155.06,155.0550,-0.38,0.10,0.00,chop,-0.49,calm,-1.57,1300,mm,-1838.13,99.83,99.84,99.8311,-1.93,2.91,0.06,chop,-0.88,normal,-0.73,-1800,mm,973.24,25.48,25.55,25.5856,-2.55,1.55,0.22,chop,-0.18,normal,0.51,0,mm,-4935.23
101.011,130,170.1,-5783.93,-5783.93,3100,-500,155.05,155.06,155.0550,-0.38,0.10,0.00,chop,-0.49,calm,-1.57,1300,mm,-1838.13,99.83,99.84,99.8311,-1.91,2.91,0.06,chop,-0.88,normal,-0.73,-1800,mm,973.24,25.48,25.55,25.5847,-2.65,1.55,0.22,chop,-0.18,normal,0.51,0,mm,-4935.23
101.038,130,171.2,-5783.93,-5783.93,3100,-500,155.05,155.06,155.0550,-0.38,0.10,0.00,chop,-0.48,calm,-1.57,1300,mm,-1838.13,99.83,99.84,99.8312,-1.88,2.91,0.05,chop,-0.76,normal,-0.73,-1800,mm,973.24,25.48,25.55,25.5839,-2.74,1.47,0.68,TREND,-0.54,normal,0.51,0,mm,-4935.23
101.065,130,171.2,-5783.93,-5783.93,3100,-500,155.05,155.06,155.0550,-0.37,0.10,0.00,chop,-0.48,calm,-1.57,1300,mm,-1838.13,99.83,99.84,99.8312,-1.85,2.91,0.05,chop,-0.76,normal,-0.73,-1800,mm,973.24,25.48,25.55,25.5830,-2.83,1.47,0.68,TREND,-0.54,normal,0.51,0,mm,-4935.23
101.087,130,171.2,-5783.93,-5783.93,3100,-500,155.05,155.06,155.0550,-0.37,0.10,0.00,chop,-0.48,calm,-1.57,1300,mm,-1838.13,99.83,99.84,99.8313,-1.83,2.91,0.05,chop,-0.76,normal,-0.73,-1800,mm,973.24,25.48,25.55,25.5823,-2.90,1.47,0.68,TREND,-0.54,normal,0.51,0,mm,-4935.23
101.111,130,171.2,-5783.93,-5783.93,3100,-500,155.05,155.06,155.0550,-0.37,0.10,0.00,chop,-0.48,calm,-1.57,1300,mm,-1838.13,99.83,99.84,99.8313,-1.81,2.91,0.05,chop,-0.76,normal,-0.73,-1800,mm,973.24,25.48,25.55,25.5815,-2.98,1.47,0.68,TREND,-0.54,normal,0.51,0,mm,-4935.23
101.148,130,171.2,-5783.93,-5783.93,1300,1300,155.05,155.06,155.0550,-0.37,0.10,0.00,chop,-0.48,calm,-1.57,1300,mm,-1838.13,99.83,99.84,99.8314,-1.78,2.91,0.05,chop,-0.76,normal,-0.73,0,mm,1005.64,25.49,25.54,25.5804,-3.09,1.47,0.68,TREND,-0.54,normal,0.51,0,mm,-4935.23
101.183,130,171.2,-5783.93,-5783.93,1300,1300,155.05,155.06,155.0550,-0.37,0.10,0.00,chop,-0.48,calm,-1.57,1300,mm,-1838.13,99.83,99.84,99.8314,-1.74,2.91,0.05,chop,-0.76,normal,-0.73,0,mm,1005.64,25.49,25.53,25.5793,-3.21,1.47,0.68,TREND,-0.54,normal,0.51,0,mm,-4935.23
101.208,130,171.2,-5783.93,-5783.93,1300,1300,155.05,155.06,155.0550,-0.36,0.10,0.00,chop,-0.48,calm,-1.57,1300,mm,-1838.13,99.83,99.84,99.8315,-1.72,2.91,0.05,chop,-0.76,normal,-0.73,0,mm,1005.64,25.49,25.53,25.5785,-3.28,1.47,0.68,TREND,-0.54,normal,0.51,0,mm,-4935.23
101.243,130,171.2,-5783.93,-5783.93,1300,1300,155.05,155.06,155.0550,-0.36,0.10,0.00,chop,-0.48,calm,-1.57,1300,mm,-1838.13,99.83,99.84,99.8315,-1.69,2.91,0.05,chop,-0.76,normal,-0.73,0,mm,1005.64,25.49,25.53,25.5773,-3.39,1.47,0.68,TREND,-0.54,normal,0.51,0,mm,-4935.23
101.256,130,171.2,-5783.93,-5783.93,1300,1300,155.05,155.06,155.0550,-0.36,0.10,0.00,chop,-0.48,calm,-1.57,1300,mm,-1838.13,99.83,99.84,99.8316,-1.68,2.91,0.05,chop,-0.76,normal,-0.73,0,mm,1005.64,25.49,25.53,25.5769,-3.43,1.47,0.68,TREND,-0.54,normal,0.51,0,mm,-4935.23
101.282,130,171.2,-5783.93,-5783.93,1300,1300,155.05,155.06,155.0550,-0.36,0.10,0.00,chop,-0.48,calm,-1.57,1300,mm,-1838.13,99.83,99.84,99.8316,-1.66,2.91,0.05,chop,-0.76,normal,-0.73,0,mm,1005.64,25.49,25.53,25.5761,-3.50,1.47,0.68,TREND,-0.54,normal,0.51,0,mm,-4935.23
101.308,130,171.2,-5783.93,-5783.93,1300,1300,155.05,155.06,155.0550,-0.36,0.09,0.00,chop,-0.47,calm,-1.57,1300,mm,-1838.13,99.83,99.84,99.8316,-1.64,2.68,0.02,chop,-0.75,normal,-0.73,0,mm,1005.64,25.49,25.53,25.5753,-3.57,1.47,0.69,TREND,-0.63,stressed,0.51,0,mm,-4935.23
101.333,130,171.2,-5783.93,-5783.93,1300,1300,155.05,155.06,155.0550,-0.36,0.09,0.00,chop,-0.47,calm,-1.57,1300,mm,-1838.13,99.83,99.84,99.8317,-1.62,2.68,0.02,chop,-0.75,normal,-0.73,0,mm,1005.64,25.49,25.53,25.5745,-3.64,1.47,0.69,TREND,-0.63,stressed,0.51,0,mm,-4935.23
101.359,130,171.2,-5783.93,-5783.93,1300,1300,155.05,155.06,155.0550,-0.36,0.09,0.00,chop,-0.47,calm,-1.57,1300,mm,-1838.13,99.83,99.84,99.8317,-1.60,2.68,0.02,chop,-0.75,normal,-0.73,0,mm,1005.64,25.49,25.53,25.5738,-3.71,1.47,0.69,TREND,-0.63,stressed,0.51,0,mm,-4935.23
101.385,130,171.2,-5783.93,-5783.93,1300,1300,155.05,155.06,155.0550,-0.35,0.09,0.00,chop,-0.47,calm,-1.57,1300,mm,-1838.13,99.83,99.84,99.8318,-1.58,2.68,0.02,chop,-0.75,normal,-0.73,0,mm,1005.64,25.49,25.53,25.5730,-3.77,1.47,0.69,TREND,-0.63,stressed,0.51,0,mm,-4935.23
101.411,130,171.2,-5783.93,-5783.93,1300,1300,155.05,155.06,155.0550,-0.35,0.09,0.00,chop,-0.47,calm,-1.57,1300,mm,-1838.13,99.77,99.78,99.8311,-1.69,2.68,0.02,chop,-0.75,normal,-0.73,0,mm,1005.64,25.45,25.49,25.5717,-3.92,1.47,0.69,TREND,-0.63,stressed,0.51,0,mm,-4935.23
101.455,130,171.2,-5783.93,-5783.93,1300,1300,155.05,155.06,155.0550,-0.35,0.09,0.00,chop,-0.47,calm,-1.57,1300,mm,-1838.13,99.77,99.78,99.8299,-1.86,2.68,0.02,chop,-0.75,normal,-0.73,0,mm,1005.64,25.45,25.49,25.5696,-4.15,1.47,0.69,TREND,-0.63,stressed,0.51,0,mm,-4935.23
101.476,130,171.2,-5783.93,-5783.93,1300,1300,155.05,155.06,155.0550,-0.35,0.09,0.00,chop,-0.47,calm,-1.57,1300,mm,-1838.13,99.77,99.78,99.8294,-1.94,2.68,0.02,chop,-0.75,normal,-0.73,0,mm,1005.64,25.45,25.49,25.5687,-4.26,1.47,0.69,TREND,-0.63,stressed,0.51,0,mm,-4935.23
101.499,130,171.2,-5783.93,-5783.93,1300,1300,155.05,155.06,155.0550,-0.35,0.09,0.00,chop,-0.47,calm,-1.57,1300,mm,-1838.13,99.77,99.78,99.8288,-2.03,2.68,0.02,chop,-0.75,normal,-0.73,0,mm,1005.64,25.45,25.49,25.5676,-4.38,1.47,0.69,TREND,-0.63,stressed,0.51,0,mm,-4935.23
101.525,130,171.2,-5783.93,-5783.93,1300,1300,155.05,155.06,155.0550,-0.35,0.09,0.00,chop,-0.47,calm,-1.57,1300,mm,-1838.13,99.77,99.78,99.8282,-2.12,2.68,0.02,chop,-0.75,normal,-0.73,0,mm,1005.64,25.45,25.49,25.5664,-4.50,1.47,0.69,TREND,-0.63,stressed,0.51,0,mm,-4935.23
101.554,131,169.2,-5767.73,-5767.73,1300,1300,155.05,155.06,155.0550,-0.34,0.09,0.00,chop,-0.47,calm,-1.34,1300,mm,-1838.13,99.77,99.78,99.8274,-2.22,2.68,0.02,chop,-0.75,normal,-0.61,0,mm,1005.64,25.45,25.49,25.5651,-4.64,1.65,0.69,TREND,-0.63,stressed,0.33,0,mm,-4935.23
101.577,131,169.2,-5767.73,-5767.73,1300,1300,155.05,155.06,155.0550,-0.34,0.09,0.00,chop,-0.46,calm,-1.34,1300,mm,-1838.13,99.77,99.78,99.8269,-2.30,2.68,0.09,chop,-1.89,normal,-0.61,0,mm,1005.64,25.45,25.49,25.5641,-4.74,1.65,0.71,TREND,-1.06,stressed,0.33,0,mm,-4935.23
101.603,131,169.2,-5767.73,-5767.73,1300,1300,155.05,155.06,155.0550,-0.34,0.09,0.00,chop,-0.46,calm,-1.34,1300,mm,-1838.13,99.77,99.78,99.8262,-2.38,2.68,0.09,chop,-1.89,normal,-0.61,0,mm,1005.64,25.45,25.49,25.5630,-4.85,1.65,0.71,TREND,-1.06,stressed,0.33,0,mm,-4935.23
101.628,131,169.2,-5767.73,-5767.73,1300,1300,155.05,155.06,155.0550,-0.34,0.09,0.00,chop,-0.46,calm,-1.34,1300,mm,-1838.13,99.77,99.78,99.8256,-2.46,2.68,0.09,chop,-1.89,normal,-0.61,0,mm,1005.64,25.45,25.49,25.5619,-4.96,1.65,0.71,TREND,-1.06,stressed,0.33,0,mm,-4935.23
101.654,131,169.2,-5767.73,-5767.73,1300,1300,155.05,155.06,155.0550,-0.34,0.09,0.00,chop,-0.46,calm,-1.34,1300,mm,-1838.13,99.77,99.78,99.8250,-2.54,2.68,0.09,chop,-1.89,normal,-0.61,0,mm,1005.64,25.45,25.49,25.5608,-5.06,1.65,0.71,TREND,-1.06,stressed,0.33,0,mm,-4935.23
101.690,131,169.2,-5767.73,-5767.73,2850,-250,155.05,155.06,155.0550,-0.34,0.09,0.00,chop,-0.46,calm,-1.34,1300,mm,-1838.13,99.76,99.78,99.8241,-2.66,2.68,0.09,chop,-1.89,normal,-0.61,-1500,mm,897.64,25.46,25.48,25.5592,-5.20,1.65,0.71,TREND,-1.06,stressed,0.33,-50,mm,-4935.18
101.709,131,169.2,-5767.73,-5767.73,2850,-250,155.05,155.06,155.0550,-0.33,0.09,0.00,chop,-0.46,calm,-1.34,1300,mm,-1838.13,99.76,99.78,99.8236,-2.72,2.68,0.09,chop,-1.89,normal,-0.61,-1500,mm,897.64,25.46,25.48,25.5584,-5.27,1.65,0.71,TREND,-1.06,stressed,0.33,-50,mm,-4935.18
101.736,131,169.2,-5767.73,-5767.73,2850,-250,155.05,155.06,155.0550,-0.33,0.09,0.00,chop,-0.46,calm,-1.34,1300,mm,-1838.13,99.76,99.78,99.8229,-2.80,2.68,0.09,chop,-1.89,normal,-0.61,-1500,mm,897.64,25.46,25.48,25.5573,-5.37,1.65,0.71,TREND,-1.06,stressed,0.33,-50,mm,-4935.18
101.759,131,169.2,-5767.73,-5767.73,2850,-250,155.05,155.06,155.0550,-0.33,0.09,0.00,chop,-0.46,calm,-1.34,1300,mm,-1838.13,99.76,99.78,99.8224,-2.87,2.68,0.09,chop,-1.89,normal,-0.61,-1500,mm,897.64,25.46,25.48,25.5564,-5.45,1.65,0.71,TREND,-1.06,stressed,0.33,-50,mm,-4935.18
101.784,131,169.2,-5767.73,-5767.73,2850,-250,155.05,155.06,155.0550,-0.33,0.09,0.00,chop,-0.46,calm,-1.34,1300,mm,-1838.13,99.76,99.78,99.8217,-2.94,2.68,0.09,chop,-1.89,normal,-0.61,-1500,mm,897.64,25.46,25.48,25.5553,-5.54,1.65,0.71,TREND,-1.06,stressed,0.33,-50,mm,-4935.18
101.810,131,169.2,-5767.73,-5767.73,2850,-250,155.05,155.06,155.0550,-0.33,0.09,0.00,chop,-0.46,calm,-1.34,1300,mm,-1838.13,99.76,99.78,99.8211,-3.01,2.99,0.09,chop,-1.89,normal,-0.61,-1500,mm,897.64,25.46,25.48,25.5543,-5.62,1.65,0.71,TREND,-1.06,stressed,0.33,-50,mm,-4935.18
101.833,131,169.2,-5767.73,-5767.73,2850,-250,155.05,155.06,155.0550,-0.33,0.09,0.00,chop,-0.45,calm,-1.34,1300,mm,-1838.13,99.76,99.78,99.8206,-3.08,2.99,0.06,chop,-1.93,normal,-0.61,-1500,mm,897.64,25.46,25.48,25.5534,-5.69,1.65,0.76,TREND,-1.10,stressed,0.33,-50,mm,-4935.18
101.861,131,169.2,-5767.73,-5767.73,2850,-250,155.05,155.06,155.0550,-0.33,0.09,0.00,chop,-0.45,calm,-1.34,1300,mm,-1838.13,99.76,99.78,99.8199,-3.15,2.99,0.06,chop,-1.93,normal,-0.61,-1500,mm,897.64,25.46,25.48,25.5523,-5.78,1.65,0.76,TREND,-1.10,stressed,0.33,-50,mm,-4935.18
101.887,131,169.2,-5767.73,-5767.73,2850,-250,155.05,155.06,155.0550,-0.32,0.09,0.00,chop,-0.45,calm,-1.34,1300,mm,-1838.13,99.76,99.78,99.8193,-3.21,2.99,0.06,chop,-1.93,normal,-0.61,-1500,mm,897.64,25.46,25.48,25.5513,-5.85,1.65,0.76,TREND,-1.10,stressed,0.33,-50,mm,-4935.18
101.914,131,169.2,-5767.73,-5767.73,2850,-250,155.05,155.06,155.0550,-0.32,0.09,0.00,chop,-0.45,calm,-1.34,1300,mm,-1838.13,99.76,99.78,99.8187,-3.28,2.99,0.06,chop,-1.93,normal,-0.61,-1500,mm,897.64,25.46,25.48,25.5503,-5.93,1.65,0.76,TREND,-1.10,stressed,0.33,-50,mm,-4935.18
101.944,131,169.2,-5767.73,-5767.73,2850,-250,155.05,155.06,155.0550,-0.32,0.09,0.00,chop,-0.45,calm,-1.34,1300,mm,-1838.13,99.76,99.78,99.8180,-3.35,2.99,0.06,chop,-1.93,normal,-0.61,-1500,mm,897.64,25.47,25.48,25.5493,-5.99,1.65,0.76,TREND,-1.10,stressed,0.33,-50,mm,-4935.18
101.973,131,169.2,-5767.73,-5767.73,2850,-250,155.05,155.06,155.0550,-0.32,0.09,0.00,chop,-0.45,calm,-1.34,1300,mm,-1838.13,99.76,99.78,99.8173,-3.41,2.99,0.06,chop,-1.93,normal,-0.61,-1500,mm,897.64,25.47,25.48,25.5482,-6.05,1.65,0.76,TREND,-1.10,stressed,0.33,-50,mm,-4935.18
101.998,131,169.2,-5767.73,-5767.73,2850,-250,155.05,155.06,155.0550,-0.32,0.09,0.00,chop,-0.45,calm,-1.34,1300,mm,-1838.13,99.76,99.78,99.8168,-3.47,2.99,0.06,chop,-1.93,normal,-0.61,-1500,mm,897.64,25.47,25.48,25.5474,-6.11,1.65,0.76,TREND,-1.10,stressed,0.33,-50,mm,-4935.18
102.021,131,169.2,-5767.73,-5767.73,2850,-250,155.05,155.06,155.0550,-0.32,0.09,0.00,chop,-0.45,calm,-1.34,1300,mm,-1838.13,99.76,99.78,99.8163,-3.52,2.99,0.06,chop,-1.93,normal,-0.61,-1500,mm,897.64,25.47,25.48,25.5466,-6.15,1.65,0.76,TREND,-1.10,stressed,0.33,-50,mm,-4935.18
102.052,131,169.2,-5767.73,-5767.73,2850,-250,155.05,155.06,155.0550,-0.31,0.09,0.00,chop,-0.45,calm,-1.34,1300,mm,-1838.13,99.76,99.78,99.8156,-3.58,2.99,0.06,chop,-1.93,normal,-0.61,-1500,mm,897.64,25.47,25.48,25.5455,-6.21,1.65,0.76,TREND,-1.10,stressed,0.33,-50,mm,-4935.18
102.077,131,170.3,-5767.73,-5767.73,2850,-250,155.05,155.06,155.0550,-0.31,0.09,0.00,chop,-0.45,calm,-1.34,1300,mm,-1838.13,99.76,99.78,99.8151,-3.62,2.99,0.06,chop,-1.93,normal,-0.61,-1500,mm,897.64,25.47,25.48,25.5447,-6.25,1.64,0.76,TREND,-1.10,stressed,0.33,-50,mm,-4935.18
102.098,131,170.3,-5767.73,-5767.73,2850,-250,155.05,155.06,155.0550,-0.31,0.09,0.00,chop,-0.45,calm,-1.34,1300,mm,-1838.13,99.76,99.78,99.8146,-3.66,2.99,0.12,chop,-1.86,normal,-0.61,-1500,mm,897.64,25.47,25.48,25.5440,-6.29,1.64,0.71,TREND,-1.10,stressed,0.33,-50,mm,-4935.18
102.126,131,170.3,-5767.73,-5767.73,2850,-250,155.05,155.06,155.0550,-0.31,0.09,0.00,chop,-0.45,calm,-1.34,1300,mm,-1838.13,99.76,99.78,99.8141,-3.71,2.99,0.12,chop,-1.86,normal,-0.61,-1500,mm,897.64,25.47,25.48,25.5431,-6.33,1.64,0.71,TREND,-1.10,stressed,0.33,-50,mm,-4935.18
102.162,131,170.3,-5767.73,-5767.73,2850,-250,155.05,155.06,155.0550,-0.31,0.09,0.00,chop,-0.45,calm,-1.34,1300,mm,-1838.13,99.77,99.84,99.8139,-3.67,2.99,0.12,chop,-1.86,normal,-0.61,-1500,mm,927.64,25.47,25.48,25.5420,-6.39,1.64,0.71,TREND,-1.10,stressed,0.33,-50,mm,-4934.18
102.202,131,170.3,-5767.73,-5767.73,2850,-250,155.05,155.06,155.0550,-0.31,0.09,0.00,chop,-0.45,calm,-1.34,1300,mm,-1838.13,99.76,99.77,99.8130,-3.76,2.99,0.12,chop,-1.86,normal,-0.61,-1500,mm,927.64,25.47,25.48,25.5407,-6.45,1.64,0.71,TREND,-1.10,stressed,0.33,-50,mm,-4934.18
102.264,131,170.3,-5767.73,-5767.73,2850,-250,155.05,155.06,155.0550,-0.30,0.09,0.00,chop,-0.45,calm,-1.34,1300,mm,-1838.13,99.76,99.77,99.8116,-3.88,2.99,0.12,chop,-1.86,normal,-0.61,-1500,mm,927.64,25.47,25.48,25.5389,-6.53,1.64,0.71,TREND,-1.10,stressed,0.33,-50,mm,-4934.18
102.277,131,170.3,-5767.73,-5767.73,2850,-250,155.05,155.06,155.0550,-0.30,0.09,0.00,chop,-0.45,calm,-1.34,1300,mm,-1838.13,99.76,99.77,99.8113,-3.90,2.99,0.12,chop,-1.86,normal,-0.61,-1500,mm,927.64,25.47,25.48,25.5385,-6.54,1.64,0.71,TREND,-1.10,stressed,0.33,-50,mm,-4934.18
102.305,131,170.3,-5767.73,-5767.73,2850,-250,155.05,155.06,155.0550,-0.30,0.09,0.00,chop,-0.45,calm,-1.34,1300,mm,-1838.13,99.76,99.77,99.8107,-3.95,2.99,0.12,chop,-1.86,normal,-0.61,-1500,mm,927.64,25.47,25.48,25.5376,-6.57,1.64,0.71,TREND,-1.10,stressed,0.33,-50,mm,-4934.18
102.329,131,170.3,-5767.73,-5767.73,2850,-250,155.05,155.06,155.0550,-0.30,0.08,0.00,chop,-0.45,calm,-1.34,1300,mm,-1838.13,99.76,99.77,99.8102,-4.00,2.71,0.12,chop,-1.86,normal,-0.61,-1500,mm,927.64,25.47,25.48,25.5369,-6.60,1.64,0.71,TREND,-1.10,stressed,0.33,-50,mm,-4934.18
102.355,131,170.3,-5767.73,-5767.73,2850,-250,155.05,155.06,155.0550,-0.30,0.08,0.00,chop,-0.43,calm,-1.34,1300,mm,-1838.13,99.76,99.77,99.8097,-4.04,2.71,0.12,chop,-1.88,normal,-0.61,-1500,mm,927.64,25.47,25.48,25.5362,-6.63,1.64,0.71,TREND,-1.15,stressed,0.33,-50,mm,-4934.18
102.386,131,170.3,-5767.73,-5767.73,2850,-250,155.05,155.06,155.0550,-0.30,0.08,0.00,chop,-0.43,calm,-1.34,1300,mm,-1838.13,99.76,99.77,99.8090,-4.09,2.71,0.12,chop,-1.88,normal,-0.61,-1500,mm,927.64,25.47,25.48,25.5353,-6.66,1.64,0.71,TREND,-1.15,stressed,0.33,-50,mm,-4934.18
102.406,131,170.3,-5767.73,-5767.73,2850,-250,155.05,155.06,155.0550,-0.30,0.08,0.00,chop,-0.43,calm,-1.34,1300,mm,-1838.13,99.76,99.77,99.8086,-4.12,2.71,0.12,chop,-1.88,normal,-0.61,-1500,mm,927.64,25.47,25.48,25.5347,-6.67,1.64,0.71,TREND,-1.15,stressed,0.33,-50,mm,-4934.18
102.437,131,170.3,-5767.73,-5767.73,3850,-1250,155.05,155.06,155.0550,-0.29,0.08,0.00,chop,-0.43,calm,-1.34,1300,mm,-1838.13,99.76,99.82,99.8083,-4.10,2.71,0.12,chop,-1.88,normal,-0.61,-2500,mm,878.64,25.47,25.48,25.5339,-6.70,1.64,0.71,TREND,-1.15,stressed,0.33,-50,mm,-4934.18
102.459,131,170.3,-5767.73,-5767.73,3850,-1250,155.05,155.06,155.0550,-0.29,0.08,0.00,chop,-0.43,calm,-1.34,1300,mm,-1838.13,99.76,99.82,99.8081,-4.09,2.71,0.12,chop,-1.88,normal,-0.61,-2500,mm,878.64,25.47,25.48,25.5333,-6.72,1.64,0.71,TREND,-1.15,stressed,0.33,-50,mm,-4934.18
102.486,131,170.3,-5767.73,-5767.73,3850,-1250,155.05,155.06,155.0550,-0.29,0.08,0.00,chop,-0.43,calm,-1.34,1300,mm,-1838.13,99.76,99.82,99.8079,-4.07,2.71,0.12,chop,-1.88,normal,-0.61,-2500,mm,878.64,25.47,25.48,25.5325,-6.74,1.64,0.71,TREND,-1.15,stressed,0.33,-50,mm,-4934.18
102.513,131,170.3,-5767.73,-5767.73,3850,-1250,155.05,155.06,155.0550,-0.29,0.08,0.00,chop,-0.43,calm,-1.34,1300,mm,-1838.13,99.76,99.82,99.8077,-4.05,2.71,0.12,chop,-1.88,normal,-0.61,-2500,mm,878.64,25.47,25.48,25.5318,-6.75,1.64,0.71,TREND,-1.15,stressed,0.33,-50,mm,-4934.18
102.539,131,170.3,-5767.73,-5767.73,3850,-1250,155.05,155.06,155.0550,-0.29,0.08,0.00,chop,-0.43,calm,-1.34,1300,mm,-1838.13,99.76,99.82,99.8075,-4.04,2.71,0.12,chop,-1.88,normal,-0.61,-2500,mm,878.64,25.47,25.48,25.5311,-6.77,1.64,0.71,TREND,-1.15,stressed,0.33,-50,mm,-4934.18
102.564,131,170.3,-5767.73,-5767.73,3850,-1250,155.05,155.06,155.0550,-0.29,0.08,0.00,chop,-0.43,calm,-1.34,1300,mm,-1838.13,99.76,99.82,99.8073,-4.03,2.71,0.12,chop,-1.88,normal,-0.61,-2500,mm,878.64,25.47,25.48,25.5305,-6.78,1.64,0.71,TREND,-1.15,stressed,0.33,-50,mm,-4934.18
102.594,132,168.3,-5844.68,-5844.68,3850,-1250,155.05,155.06,155.0550,-0.29,0.08,0.00,chop,-0.43,calm,-0.45,1300,mm,-1838.13,99.76,99.82,99.8070,-4.01,2.71,0.12,chop,-1.88,normal,-0.33,-2500,mm,878.64,25.47,25.48,25.5297,-6.80,1.56,0.71,TREND,-1.15,stressed,0.34,-50,mm,-4934.18
102.615,132,168.3,-5844.68,-5844.68,3850,-1250,155.05,155.06,155.0550,-0.28,0.08,0.00,chop,-0.40,calm,-0.45,1300,mm,-1838.13,99.76,99.82,99.8068,-3.99,2.71,0.03,chop,-1.39,normal,-0.33,-2500,mm,878.64,25.47,25.48,25.5291,-6.81,1.56,0.71,TREND,-1.20,stressed,0.34,-50,mm,-4934.18
102.643,132,168.3,-5844.68,-5844.68,3850,-1250,155.05,155.06,155.0550,-0.28,0.08,0.00,chop,-0.40,calm,-0.45,1300,mm,-1838.13,99.76,99.82,99.8066,-3.98,2.71,0.03,chop,-1.39,normal,-0.33,-2500,mm,878.64,25.47,25.48,25.5285,-6.82,1.56,0.71,TREND,-1.20,stressed,0.34,-50,mm,-4934.18
102.666,132,168.3,-5844.68,-5844.68,3850,-1250,155.05,155.06,155.0550,-0.28,0.08,0.00,chop,-0.40,calm,-0.45,1300,mm,-1838.13,99.76,99.82,99.8064,-3.96,2.71,0.03,chop,-1.39,normal,-0.33,-2500,mm,878.64,25.47,25.48,25.5279,-6.83,1.56,0.71,TREND,-1.20,stressed,0.34,-50,mm,-4934.18
102.697,132,168.3,-5844.68,-5844.68,4850,-2250,155.05,155.06,155.0550,-0.28,0.08,0.00,chop,-0.40,calm,-0.45,1300,mm,-1838.13,99.76,99.82,99.8062,-3.95,2.71,0.03,chop,-1.39,normal,-0.33,-3500,mm,856.64,25.47,25.49,25.5272,-6.83,1.56,0.71,TREND,-1.20,stressed,0.34,-50,mm,-4934.18
102.721,132,168.3,-5844.68,-5844.68,4850,-2250,155.05,155.06,155.0550,-0.28,0.08,0.00,chop,-0.40,calm,-0.45,1300,mm,-1838.13,99.76,99.82,99.8060,-3.93,2.71,0.03,chop,-1.39,normal,-0.33,-3500,mm,856.64,25.47,25.49,25.5266,-6.83,1.56,0.71,TREND,-1.20,stressed,0.34,-50,mm,-4934.18
102.747,132,168.3,-5844.68,-5844.68,4850,-2250,155.05,155.06,155.0550,-0.28,0.08,0.00,chop,-0.40,calm,-0.45,1300,mm,-1838.13,99.76,99.82,99.8058,-3.92,2.71,0.03,chop,-1.39,normal,-0.33,-3500,mm,856.64,25.47,25.49,25.5261,-6.82,1.56,0.71,TREND,-1.20,stressed,0.34,-50,mm,-4934.18
102.769,132,168.3,-5844.68,-5844.68,4850,-2250,155.05,155.06,155.0550,-0.28,0.08,0.00,chop,-0.40,calm,-0.45,1300,mm,-1838.13,99.76,99.82,99.8057,-3.90,2.71,0.03,chop,-1.39,normal,-0.33,-3500,mm,856.64,25.47,25.49,25.5256,-6.82,1.56,0.71,TREND,-1.20,stressed,0.34,-50,mm,-4934.18
102.796,132,168.3,-5844.68,-5844.68,4850,-2250,155.05,155.06,155.0550,-0.28,0.08,0.00,chop,-0.40,calm,-0.45,1300,mm,-1838.13,99.76,99.82,99.8055,-3.89,2.71,0.03,chop,-1.39,normal,-0.33,-3500,mm,856.64,25.47,25.49,25.5250,-6.82,1.56,0.71,TREND,-1.20,stressed,0.34,-50,mm,-4934.18
102.820,132,168.3,-5844.68,-5844.68,4850,-2250,155.05,155.06,155.0550,-0.27,0.08,0.00,chop,-0.40,calm,-0.45,1300,mm,-1838.13,99.76,99.82,99.8053,-3.87,2.71,0.03,chop,-1.39,normal,-0.33,-3500,mm,856.64,25.47,25.49,25.5245,-6.81,1.56,0.71,TREND,-1.20,stressed,0.34,-50,mm,-4934.18
102.846,132,168.3,-5844.68,-5844.68,4850,-2250,155.05,155.06,155.0550,-0.27,0.07,0.00,chop,-0.40,calm,-0.45,1300,mm,-1838.13,99.76,99.82,99.8051,-3.86,2.73,0.03,chop,-1.39,normal,-0.33,-3500,mm,856.64,25.47,25.49,25.5240,-6.81,1.56,0.71,TREND,-1.20,stressed,0.34,-50,mm,-4934.18
102.871,132,168.3,-5844.68,-5844.68,4850,-2250,155.05,155.06,155.0550,-0.27,0.07,0.00,chop,-0.34,calm,-0.45,1300,mm,-1838.13,99.76,99.82,99.8049,-3.84,2.73,0.06,chop,-1.38,normal,-0.33,-3500,mm,856.64,25.47,25.49,25.5235,-6.80,1.56,0.67,TREND,-1.21,stressed,0.34,-50,mm,-4934.18
102.897,132,168.3,-5844.68,-5844.68,4850,-2250,155.05,155.06,155.0550,-0.27,0.07,0.00,chop,-0.34,calm,-0.45,1300,mm,-1838.13,99.76,99.82,99.8048,-3.83,2.73,0.06,chop,-1.38,normal,-0.33,-3500,mm,856.64,25.47,25.49,25.5229,-6.79,1.56,0.67,TREND,-1.21,stressed,0.34,-50,mm,-4934.18
102.923,132,168.3,-5844.68,-5844.68,4850,-2250,155.05,155.06,155.0550,-0.27,0.07,0.00,chop,-0.34,calm,-0.45,1300,mm,-1838.13,99.76,99.82,99.8046,-3.81,2.73,0.06,chop,-1.38,normal,-0.33,-3500,mm,856.64,25.47,25.49,25.5224,-6.79,1.56,0.67,TREND,-1.21,stressed,0.34,-50,mm,-4934.18
102.953,132,168.3,-5844.68,-5844.68,4850,-2250,155.05,155.06,155.0550,-0.27,0.07,0.00,chop,-0.34,calm,-0.45,1300,mm,-1838.13,99.82,99.84,99.8049,-3.70,2.73,0.06,chop,-1.38,normal,-0.33,-3500,mm,856.64,25.47,25.48,25.5217,-6.79,1.56,0.67,TREND,-1.21,stressed,0.34,-50,mm,-4934.18
102.980,132,168.3,-5844.68,-5844.68,4850,-2250,155.05,155.06,155.0550,-0.27,0.07,0.00,chop,-0.34,calm,-0.45,1300,mm,-1838.13,99.82,99.84,99.8052,-3.60,2.73,0.06,chop,-1.38,normal,-0.33,-3500,mm,856.64,25.47,25.48,25.5212,-6.79,1.56,0.67,TREND,-1.21,stressed,0.34,-50,mm,-4934.18
103.007,132,168.3,-5844.68,-5844.68,4850,-2250,155.05,155.06,155.0550,-0.27,0.07,0.00,chop,-0.34,calm,-0.45,1300,mm,-1838.13,99.82,99.84,99.8056,-3.50,2.73,0.06,chop,-1.38,normal,-0.33,-3500,mm,856.64,25.47,25.48,25.5206,-6.79,1.56,0.67,TREND,-1.21,stressed,0.34,-50,mm,-4934.18
103.036,132,168.3,-5844.68,-5844.68,4850,-2250,155.05,155.06,155.0550,-0.26,0.07,0.00,chop,-0.34,calm,-0.45,1300,mm,-1838.13,99.82,99.84,99.8059,-3.40,2.73,0.06,chop,-1.38,normal,-0.33,-3500,mm,856.64,25.47,25.48,25.5199,-6.79,1.56,0.67,TREND,-1.21,stressed,0.34,-50,mm,-4934.18
103.056,132,168.3,-5844.68,-5844.68,4850,-2250,155.05,155.06,155.0550,-0.26,0.07,0.00,chop,-0.34,calm,-0.45,1300,mm,-1838.13,99.82,99.84,99.8061,-3.33,2.73,0.06,chop,-1.38,normal,-0.33,-3500,mm,856.64,25.47,25.48,25.5195,-6.79,1.56,0.67,TREND,-1.21,stressed,0.34,-50,mm,-4934.18
103.082,132,168.3,-5844.68,-5844.68,4850,-2250,155.05,155.06,155.0550,-0.26,0.07,0.00,chop,-0.34,calm,-0.45,1300,mm,-1838.13,99.82,99.84,99.8064,-3.24,2.73,0.06,chop,-1.38,normal,-0.33,-3500,mm,856.64,25.47,25.48,25.5190,-6.79,1.56,0.67,TREND,-1.21,stressed,0.34,-50,mm,-4934.18
103.112,132,169.3,-5844.68,-5844.68,4850,-2250,155.05,155.06,155.0550,-0.26,0.07,0.00,chop,-0.34,calm,-0.45,1300,mm,-1838.13,99.82,99.84,99.8067,-3.15,2.73,0.06,chop,-1.38,normal,-0.33,-3500,mm,856.64,25.47,25.48,25.5184,-6.79,1.49,0.67,TREND,-1.21,stressed,0.34,-50,mm,-4934.18
103.144,132,169.3,-5844.68,-5844.68,4850,-2250,155.05,155.06,155.0550,-0.26,0.07,0.00,chop,-0.30,calm,-0.45,1300,mm,-1838.13,99.82,99.84,99.8071,-3.05,2.73,0.00,chop,-0.59,normal,-0.33,-3500,mm,856.64,25.47,25.48,25.5177,-6.78,1.49,0.68,TREND,-1.33,stressed,0.34,-50,mm,-4934.18
103.166,132,169.3,-5844.68,-5844.68,1450,1150,155.05,155.06,155.0550,-0.26,0.07,0.00,chop,-0.30,calm,-0.45,1300,mm,-1838.13,99.8,99.84,99.8072,-3.00,2.73,0.00,chop,-0.59,normal,-0.33,-100,mm,1021.84,25.47,25.48,25.5173,-6.78,1.49,0.68,TREND,-1.33,stressed,0.34,-50,mm,-4934.18
103.208,132,169.3,-5844.68,-5844.68,1450,1150,155.05,155.06,155.0550,-0.26,0.07,0.00,chop,-0.30,calm,-0.45,1300,mm,-1838.13,99.8,99.83,99.8074,-2.92,2.73,0.00,chop,-0.59,normal,-0.33,-100,mm,1022.84,25.47,25.48,25.5165,-6.77,1.49,0.68,TREND,-1.33,stressed,0.34,-50,mm,-4934.18
103.225,132,169.3,-5844.68,-5844.68,1450,1150,155.05,155.06,155.0550,-0.26,0.07,0.00,chop,-0.30,calm,-0.45,1300,mm,-1838.13,99.8,99.83,99.8074,-2.89,2.73,0.00,chop,-0.59,normal,-0.33,-100,mm,1022.84,25.47,25.48,25.5161,-6.77,1.49,0.68,TREND,-1.33,stressed,0.34,-50,mm,-4934.18
103.244,132,169.3,-5844.68,-5844.68,1450,1150,155.05,155.06,155.0550,-0.25,0.07,0.00,chop,-0.30,calm,-0.45,1300,mm,-1838.13,99.8,99.83,99.8075,-2.86,2.73,0.00,chop,-0.59,normal,-0.33,-100,mm,1022.84,25.47,25.48,25.5158,-6.76,1.49,0.68,TREND,-1.33,stressed,0.34,-50,mm,-4934.18
103.270,132,169.3,-5844.68,-5844.68,1450,1150,155.05,155.06,155.0550,-0.25,0.07,0.00,chop,-0.30,calm,-0.45,1300,mm,-1838.13,99.8,99.83,99.8076,-2.81,2.73,0.00,chop,-0.59,normal,-0.33,-100,mm,1022.84,25.47,25.48,25.5153,-6.76,1.49,0.68,TREND,-1.33,stressed,0.34,-50,mm,-4934.18
103.297,132,169.3,-5844.68,-5844.68,1450,1150,155.05,155.06,155.0550,-0.25,0.07,0.00,chop,-0.30,calm,-0.45,1300,mm,-1838.13,99.8,99.83,99.8077,-2.77,2.73,0.00,chop,-0.59,normal,-0.33,-100,mm,1022.84,25.47,25.48,25.5148,-6.75,1.49,0.68,TREND,-1.33,stressed,0.34,-50,mm,-4934.18
103.323,132,169.3,-5844.68,-5844.68,1450,1150,155.05,155.06,155.0550,-0.25,0.07,0.00,chop,-0.30,calm,-0.45,1300,mm,-1838.13,99.8,99.83,99.8078,-2.73,2.73,0.00,chop,-0.59,normal,-0.33,-100,mm,1022.84,25.47,25.48,25.5143,-6.74,1.49,0.68,TREND,-1.33,stressed,0.34,-50,mm,-4934.18
103.348,132,169.3,-5844.68,-5844.68,1450,1150,155.05,155.06,155.0550,-0.25,0.07,0.00,chop,-0.30,calm,-0.45,1300,mm,-1838.13,99.8,99.83,99.8078,-2.69,2.71,0.00,chop,-0.59,normal,-0.33,-100,mm,1022.84,25.47,25.48,25.5138,-6.73,1.49,0.68,TREND,-1.33,stressed,0.34,-50,mm,-4934.18
103.375,132,169.3,-5844.68,-5844.68,1450,1150,155.05,155.06,155.0550,-0.25,0.07,0.00,chop,-0.30,calm,-0.45,1300,mm,-1838.13,99.8,99.83,99.8079,-2.65,2.71,0.00,chop,-0.59,normal,-0.33,-100,mm,1022.84,25.47,25.48,25.5133,-6.72,1.49,0.68,TREND,-1.33,stressed,0.34,-50,mm,-4934.18
103.401,132,169.3,-5844.68,-5844.68,1450,1150,155.05,155.06,155.0550,-0.25,0.07,0.00,chop,-0.30,calm,-0.45,1300,mm,-1838.13,99.8,99.83,99.8080,-2.61,2.71,0.11,chop,-0.89,normal,-0.33,-100,mm,1022.84,25.47,25.48,25.5129,-6.71,1.49,0.68,TREND,-1.31,stressed,0.34,-50,mm,-4934.18
103.427,132,169.3,-5844.68,-5844.68,1450,1150,155.05,155.06,155.0550,-0.25,0.07,0.00,chop,-0.30,calm,-0.45,1300,mm,-1838.13,99.8,99.83,99.8081,-2.57,2.71,0.11,chop,-0.89,normal,-0.33,-100,mm,1022.84,25.47,25.48,25.5124,-6.71,1.49,0.68,TREND,-1.31,stressed,0.34,-50,mm,-4934.18
103.454,132,169.3,-5844.68,-5844.68,2150,2050,155.05,155.06,155.0550,-0.25,0.07,0.00,chop,-0.30,calm,-0.45,1300,mm,-1838.13,99.78,99.83,99.8081,-2.55,2.71,0.11,chop,-0.89,normal,-0.33,800,mm,1001.04,25.47,25.48,25.5119,-6.69,1.49,0.68,TREND,-1.31,stressed,0.34,-50,mm,-4934.18
103.478,132,169.3,-5844.68,-5844.68,2150,2050,155.05,155.06,155.0550,-0.24,0.07,0.00,chop,-0.30,calm,-0.45,1300,mm,-1838.13,99.78,99.83,99.8080,-2.54,2.71,0.11,chop,-0.89,normal,-0.33,800,mm,1001.04,25.47,25.48,25.5115,-6.68,1.49,0.68,TREND,-1.31,stressed,0.34,-50,mm,-4934.18
103.505,132,169.3,-5844.68,-5844.68,2150,2050,155.05,155.06,155.0550,-0.24,0.07,0.00,chop,-0.30,calm,-0.45,1300,mm,-1838.13,99.78,99.83,99.8080,-2.52,2.71,0.11,chop,-0.89,normal,-0.33,800,mm,1001.04,25.47,25.48,25.5111,-6.67,1.49,0.68,TREND,-1.31,stressed,0.34,-50,mm,-4934.18
103.532,132,169.3,-5844.68,-5844.68,2150,2050,155.05,155.06,155.0550,-0.24,0.07,0.00,chop,-0.30,calm,-0.45,1300,mm,-1838.13,99.78,99.83,99.8080,-2.51,2.71,0.11,chop,-0.89,normal,-0.33,800,mm,1001.04,25.47,25.48,25.5106,-6.66,1.49,0.68,TREND,-1.31,stressed,0.34,-50,mm,-4934.18
103.555,132,169.3,-5844.68,-5844.68,2150,2050,155.05,155.06,155.0550,-0.24,0.07,0.00,chop,-0.30,calm,-0.45,1300,mm,-1838.13,99.78,99.83,99.8079,-2.49,2.71,0.11,chop,-0.89,normal,-0.33,800,mm,1001.04,25.47,25.48,25.5102,-6.65,1.49,0.68,TREND,-1.31,stressed,0.34,-50,mm,-4934.18
103.581,132,169.3,-5844.68,-5844.68,2150,2050,155.05,155.06,155.0550,-0.24,0.07,0.00,chop,-0.30,calm,-0.45,1300,mm,-1838.13,99.78,99.83,99.8079,-2.48,2.71,0.11,chop,-0.89,normal,-0.33,800,mm,1001.04,25.47,25.48,25.5098,-6.64,1.49,0.68,TREND,-1.31,stressed,0.34,-50,mm,-4934.18
103.608,132,169.3,-5844.68,-5844.68,2150,2050,155.05,155.06,155.0550,-0.24,0.07,0.00,chop,-0.30,calm,-0.45,1300,mm,-1838.13,99.78,99.83,99.8079,-2.46,2.71,0.11,chop,-0.89,normal,-0.33,800,mm,1001.04,25.47,25.48,25.5094,-6.62,1.49,0.68,TREND,-1.31,stressed,0.34,-50,mm,-4934.18
103.636,133,167.3,-5750.48,-5750.48,2150,2050,155.05,155.06,155.0550,-0.24,0.07,0.00,chop,-0.30,calm,-0.45,1300,mm,-1838.13,99.78,99.83,99.8078,-2.45,2.71,0.11,chop,-0.89,normal,-0.92,800,mm,1001.04,25.47,25.48,25.5089,-6.61,1.41,0.68,TREND,-1.31,stressed,0.34,-50,mm,-4934.18
103.657,133,167.3,-5750.48,-5750.48,2150,2050,155.05,155.06,155.0550,-0.24,0.07,0.00,chop,-0.26,calm,-0.45,1300,mm,-1838.13,99.78,99.83,99.8078,-2.43,2.71,0.14,chop,-1.09,normal,-0.92,800,mm,1001.04,25.47,25.48,25.5086,-6.60,1.41,0.68,TREND,-1.48,stressed,0.34,-50,mm,-4934.18
103.685,133,167.3,-5750.48,-5750.48,2150,2050,155.05,155.06,155.0550,-0.24,0.07,0.00,chop,-0.26,calm,-0.45,1300,mm,-1838.13,99.78,99.83,99.8078,-2.42,2.71,0.14,chop,-1.09,normal,-0.92,800,mm,1001.04,25.47,25.48,25.5081,-6.58,1.41,0.68,TREND,-1.48,stressed,0.34,-50,mm,-4934.18
103.719,133,167.3,-5750.48,-5750.48,3000,1200,155.05,155.06,155.0550,-0.23,0.07,0.00,chop,-0.26,calm,-0.45,1300,mm,-1838.13,99.79,99.82,99.8077,-2.40,2.71,0.14,chop,-1.09,normal,-0.92,800,mm,1017.04,25.47,25.49,25.5077,-6.55,1.41,0.68,TREND,-1.48,stressed,0.34,-900,mm,-4933.74
103.745,133,167.3,-5750.48,-5750.48,3000,1200,155.05,155.06,155.0550,-0.23,0.07,0.00,chop,-0.26,calm,-0.45,1300,mm,-1838.13,99.79,99.82,99.8077,-2.38,2.71,0.14,chop,-1.09,normal,-0.92,800,mm,1017.04,25.47,25.49,25.5074,-6.53,1.41,0.68,TREND,-1.48,stressed,0.34,-900,mm,-4933.74
103.771,133,167.3,-5750.48,-5750.48,3000,1200,155.05,155.06,155.0550,-0.23,0.07,0.00,chop,-0.26,calm,-0.45,1300,mm,-1838.13,99.79,99.82,99.8076,-2.37,2.71,0.14,chop,-1.09,normal,-0.92,800,mm,1017.04,25.47,25.49,25.5070,-6.50,1.41,0.68,TREND,-1.48,stressed,0.34,-900,mm,-4933.74
103.794,133,167.3,-5750.48,-5750.48,3000,1200,155.05,155.06,155.0550,-0.23,0.07,0.00,chop,-0.26,calm,-0.45,1300,mm,-1838.13,99.79,99.82,99.8076,-2.36,2.71,0.14,chop,-1.09,normal,-0.92,800,mm,1017.04,25.47,25.49,25.5067,-6.48,1.41,0.68,TREND,-1.48,stressed,0.34,-900,mm,-4933.74
103.821,133,167.3,-5750.48,-5750.48,3000,1200,155.05,155.06,155.0550,-0.23,0.07,0.00,chop,-0.26,calm,-0.45,1300,mm,-1838.13,99.79,99.82,99.8076,-2.34,2.71,0.14,chop,-1.09,normal,-0.92,800,mm,1017.04,25.47,25.49,25.5064,-6.45,1.41,0.68,TREND,-1.48,stressed,0.34,-900,mm,-4933.74
103.846,133,167.3,-5750.48,-5750.48,3000,1200,155.05,155.06,155.0550,-0.23,0.07,0.00,chop,-0.26,calm,-0.45,1300,mm,-1838.13,99.79,99.82,99.8076,-2.33,2.71,0.14,chop,-1.09,normal,-0.92,800,mm,1017.04,25.47,25.49,25.5061,-6.43,1.41,0.68,TREND,-1.48,stressed,0.34,-900,mm,-4933.74
103.872,133,167.3,-5750.48,-5750.48,3000,1200,155.05,155.06,155.0550,-0.23,0.06,0.00,chop,-0.26,calm,-0.45,1300,mm,-1838.13,99.79,99.82,99.8075,-2.32,2.52,0.14,chop,-1.09,normal,-0.92,800,mm,1017.04,25.47,25.49,25.5058,-6.40,1.41,0.68,TREND,-1.48,stressed,0.34,-900,mm,-4933.74
103.897,133,167.3,-5750.48,-5750.48,3000,1200,155.05,155.06,155.0550,-0.23,0.06,0.00,chop,-0.26,calm,-0.45,1300,mm,-1838.13,99.79,99.82,99.8075,-2.30,2.52,0.14,chop,-1.09,normal,-0.92,800,mm,1017.04,25.47,25.49,25.5055,-6.38,1.41,0.68,TREND,-1.48,stressed,0.34,-900,mm,-4933.74
103.922,133,167.3,-5750.48,-5750.48,3000,1200,155.05,155.06,155.0550,-0.23,0.06,0.00,chop,-0.24,calm,-0.45,1300,mm,-1838.13,99.79,99.82,99.8075,-2.29,2.52,0.11,chop,-1.08,normal,-0.92,800,mm,1017.04,25.47,25.49,25.5052,-6.35,1.41,0.64,TREND,-1.51,stressed,0.34,-900,mm,-4933.74
103.949,133,167.3,-5750.48,-5750.48,3000,1200,155.05,155.06,155.0550,-0.22,0.06,0.00,chop,-0.24,calm,-0.45,1300,mm,-1838.13,99.79,99.82,99.8074,-2.28,2.52,0.11,chop,-1.08,normal,-0.92,800,mm,1017.04,25.47,25.49,25.5048,-6.33,1.41,0.64,TREND,-1.51,stressed,0.34,-900,mm,-4933.74
103.976,133,167.3,-5750.48,-5750.48,3000,1200,155.05,155.06,155.0550,-0.22,0.06,0.00,chop,-0.24,calm,-0.45,1300,mm,-1838.13,99.79,99.84,99.8075,-2.24,2.52,0.11,chop,-1.08,normal,-0.92,800,mm,1025.04,25.48,25.49,25.5046,-6.29,1.41,0.64,TREND,-1.51,stressed,0.34,-900,mm,-4933.74
103.999,133,167.3,-5750.48,-5750.48,3000,1200,155.05,155.06,155.0550,-0.22,0.06,0.00,chop,-0.24,calm,-0.45,1300,mm,-1838.13,99.79,99.84,99.8076,-2.21,2.52,0.11,chop,-1.08,normal,-0.92,800,mm,1025.04,25.48,25.49,25.5044,-6.26,1.41,0.64,TREND,-1.51,stressed,0.34,-900,mm,-4933.74
104.025,133,167.3,-5750.48,-5750.48,3000,1200,155.05,155.06,155.0550,-0.22,0.06,0.00,chop,-0.24,calm,-0.45,1300,mm,-1838.13,99.79,99.84,99.8077,-2.18,2.52,0.11,chop,-1.08,normal,-0.92,800,mm,1025.04,25.48,25.49,25.5041,-6.22,1.41,0.64,TREND,-1.51,stressed,0.34,-900,mm,-4933.74
104.052,133,167.3,-5750.48,-5750.48,3000,1200,155.05,155.06,155.0550,-0.22,0.06,0.00,chop,-0.24,calm,-0.45,1300,mm,-1838.13,99.79,99.84,99.8078,-2.15,2.52,0.11,chop,-1.08,normal,-0.92,800,mm,1025.04,25.48,25.49,25.5039,-6.19,1.41,0.64,TREND,-1.51,stressed,0.34,-900,mm,-4933.74
104.081,133,167.3,-5750.48,-5750.48,3000,1200,155.05,155.06,155.0550,-0.22,0.06,0.00,chop,-0.24,calm,-0.45,1300,mm,-1838.13,99.79,99.84,99.8079,-2.11,2.52,0.11,chop,-1.08,normal,-0.92,800,mm,1025.04,25.48,25.49,25.5036,-6.15,1.41,0.64,TREND,-1.51,stressed,0.34,-900,mm,-4933.74
104.102,133,167.3,-5750.48,-5750.48,3000,1200,155.05,155.06,155.0550,-0.22,0.06,0.00,chop,-0.24,calm,-0.45,1300,mm,-1838.13,99.79,99.84,99.8080,-2.09,2.52,0.11,chop,-1.08,normal,-0.92,800,mm,1025.04,25.48,25.49,25.5035,-6.12,1.41,0.64,TREND,-1.51,stressed,0.34,-900,mm,-4933.74
104.129,133,167.3,-5750.48,-5750.48,3000,1200,155.05,155.06,155.0550,-0.22,0.06,0.00,chop,-0.24,calm,-0.45,1300,mm,-1838.13,99.79,99.84,99.8080,-2.06,2.52,0.11,chop,-1.08,normal,-0.92,800,mm,1025.04,25.48,25.49,25.5032,-6.09,1.41,0.64,TREND,-1.51,stressed,0.34,-900,mm,-4933.74
104.174,134,165.4,-5728.62,-5728.62,3200,1000,155.05,155.06,155.0550,-0.22,0.06,0.00,chop,-0.21,calm,-0.45,1300,mm,-1838.13,99.81,99.82,99.8082,-2.01,2.52,0.09,chop,-0.84,normal,-0.57,800,mm,1041.04,25.48,25.49,25.5029,-6.03,1.43,0.61,TREND,-1.54,stressed,-1.16,-1100,mm,-4931.52
104.195,134,165.4,-5728.62,-5728.62,3200,1000,155.05,155.06,155.0550,-0.22,0.06,0.00,chop,-0.21,calm,-0.45,1300,mm,-1838.13,99.81,99.82,99.8083,-1.98,2.52,0.09,chop,-0.84,normal,-0.57,800,mm,1041.04,25.48,25.49,25.5027,-6.00,1.43,0.61,TREND,-1.54,stressed,-1.16,-1100,mm,-4931.52
104.227,134,165.4,-5728.62,-5728.62,3200,1000,155.05,155.06,155.0550,-0.21,0.06,0.00,chop,-0.21,calm,-0.45,1300,mm,-1838.13,99.81,99.82,99.8084,-1.95,2.52,0.09,chop,-0.84,normal,-0.57,800,mm,1041.04,25.48,25.5,25.5025,-5.95,1.43,0.61,TREND,-1.54,stressed,-1.16,-1100,mm,-4931.52
104.256,134,165.4,-5728.62,-5728.62,3600,600,155.05,155.06,155.0550,-0.21,0.06,0.00,chop,-0.21,calm,-0.45,1300,mm,-1838.13,99.81,99.82,99.8084,-1.92,2.52,0.09,chop,-0.84,normal,-0.57,800,mm,1041.04,25.48,25.5,25.5023,-5.90,1.43,0.61,TREND,-1.54,stressed,-1.16,-1500,mm,-4942.08
104.280,134,165.4,-5728.62,-5728.62,3600,600,155.05,155.06,155.0550,-0.21,0.06,0.00,chop,-0.21,calm,-0.45,1300,mm,-1838.13,99.81,99.82,99.8085,-1.89,2.52,0.09,chop,-0.84,normal,-0.57,800,mm,1041.04,25.48,25.5,25.5022,-5.86,1.43,0.61,TREND,-1.54,stressed,-1.16,-1500,mm,-4942.08
104.303,134,165.4,-5728.62,-5728.62,3600,600,155.05,155.06,155.0550,-0.21,0.06,0.00,chop,-0.21,calm,-0.45,1300,mm,-1838.13,99.81,99.82,99.8086,-1.87,2.52,0.09,chop,-0.84,normal,-0.57,800,mm,1041.04,25.48,25.5,25.5020,-5.83,1.43,0.61,TREND,-1.54,stressed,-1.16,-1500,mm,-4942.08
104.330,134,165.4,-5728.62,-5728.62,3600,600,155.05,155.06,155.0550,-0.21,0.06,0.00,chop,-0.21,calm,-0.45,1300,mm,-1838.13,99.81,99.82,99.8087,-1.84,2.52,0.09,chop,-0.84,normal,-0.57,800,mm,1041.04,25.48,25.5,25.5019,-5.79,1.43,0.61,TREND,-1.54,stressed,-1.16,-1500,mm,-4942.08
104.355,134,165.4,-5728.62,-5728.62,3600,600,155.05,155.06,155.0550,-0.21,0.06,0.00,chop,-0.21,calm,-0.45,1300,mm,-1838.13,99.81,99.82,99.8087,-1.82,2.52,0.09,chop,-0.84,normal,-0.57,800,mm,1041.04,25.48,25.5,25.5017,-5.75,1.43,0.61,TREND,-1.54,stressed,-1.16,-1500,mm,-4942.08
104.380,134,165.4,-5728.62,-5728.62,3600,600,155.05,155.06,155.0550,-0.21,0.06,0.00,chop,-0.21,calm,-0.45,1300,mm,-1838.13,99.81,99.82,99.8088,-1.80,2.38,0.09,chop,-0.84,normal,-0.57,800,mm,1041.04,25.48,25.5,25.5016,-5.71,1.43,0.61,TREND,-1.54,stressed,-1.16,-1500,mm,-4942.08
104.407,134,165.4,-5728.62,-5728.62,3600,600,155.05,155.06,155.0550,-0.21,0.06,0.00,chop,-0.21,calm,-0.45,1300,mm,-1838.13,99.81,99.82,99.8089,-1.77,2.38,0.09,chop,-0.84,normal,-0.57,800,mm,1041.04,25.48,25.5,25.5015,-5.67,1.43,0.61,TREND,-1.54,stressed,-1.16,-1500,mm,-4942.08
104.438,134,165.4,-5728.62,-5728.62,3600,600,155.05,155.06,155.0550,-0.21,0.06,0.00,chop,-0.19,calm,-0.45,1300,mm,-1838.13,99.81,99.82,99.8090,-1.75,2.38,0.00,chop,-0.82,normal,-0.57,800,mm,1041.04,25.48,25.5,25.5013,-5.62,1.43,0.57,TREND,-1.55,stressed,-1.16,-1500,mm,-4942.08
104.460,134,165.4,-5728.62,-5728.62,3600,600,155.05,155.06,155.0550,-0.21,0.06,0.00,chop,-0.19,calm,-0.45,1300,mm,-1838.13,99.81,99.82,99.8090,-1.73,2.38,0.00,chop,-0.82,normal,-0.57,800,mm,1041.04,25.48,25.5,25.5012,-5.59,1.43,0.57,TREND,-1.55,stressed,-1.16,-1500,mm,-4942.08
104.492,134,165.4,-5728.62,-5728.62,4700,1700,155.05,155.06,155.0550,-0.20,0.06,0.00,chop,-0.19,calm,-0.45,1300,mm,-1838.13,99.78,99.79,99.8087,-1.78,2.38,0.00,chop,-0.82,normal,-0.57,1900,mm,992.84,25.48,25.49,25.5009,-5.56,1.43,0.57,TREND,-1.55,stressed,-1.16,-1500,mm,-4927.08
104.514,134,165.4,-5728.62,-5728.62,4700,1700,155.05,155.06,155.0550,-0.20,0.06,0.00,chop,-0.19,calm,-0.45,1300,mm,-1838.13,99.78,99.79,99.8085,-1.81,2.38,0.00,chop,-0.82,normal,-0.57,1900,mm,992.84,25.48,25.49,25.5008,-5.53,1.43,0.57,TREND,-1.55,stressed,-1.16,-1500,mm,-4927.08
104.541,134,165.4,-5728.62,-5728.62,4700,1700,155.05,155.06,155.0550,-0.20,0.06,0.00,chop,-0.19,calm,-0.45,1300,mm,-1838.13,99.78,99.79,99.8082,-1.85,2.38,0.00,chop,-0.82,normal,-0.57,1900,mm,992.84,25.48,25.49,25.5006,-5.51,1.43,0.57,TREND,-1.55,stressed,-1.16,-1500,mm,-4927.08
104.567,134,165.4,-5728.62,-5728.62,4700,1700,155.05,155.06,155.0550,-0.20,0.06,0.00,chop,-0.19,calm,-0.45,1300,mm,-1838.13,99.78,99.79,99.8079,-1.89,2.38,0.00,chop,-0.82,normal,-0.57,1900,mm,992.84,25.48,25.49,25.5004,-5.48,1.43,0.57,TREND,-1.55,stressed,-1.16,-1500,mm,-4927.08
104.592,134,165.4,-5728.62,-5728.62,4700,1700,155.05,155.06,155.0550,-0.20,0.06,0.00,chop,-0.19,calm,-0.45,1300,mm,-1838.13,99.78,99.79,99.8076,-1.92,2.38,0.00,chop,-0.82,normal,-0.57,1900,mm,992.84,25.48,25.49,25.5002,-5.45,1.43,0.57,TREND,-1.55,stressed,-1.16,-1500,mm,-4927.08
104.619,134,165.4,-5728.62,-5728.62,4700,1700,155.05,155.06,155.0550,-0.20,0.06,0.00,chop,-0.19,calm,-0.45,1300,mm,-1838.13,99.78,99.79,99.8073,-1.95,2.38,0.00,chop,-0.82,normal,-0.57,1900,mm,992.84,25.48,25.49,25.5000,-5.43,1.43,0.57,TREND,-1.55,stressed,-1.16,-1500,mm,-4927.08
104.644,134,165.4,-5728.62,-5728.62,4700,1700,155.05,155.06,155.0550,-0.20,0.06,0.00,chop,-0.19,calm,-0.45,1300,mm,-1838.13,99.78,99.79,99.8070,-1.99,2.38,0.00,chop,-0.82,normal,-0.57,1900,mm,992.84,25.48,25.49,25.4998,-5.40,1.43,0.57,TREND,-1.55,stressed,-1.16,-1500,mm,-4927.08
104.672,134,166.4,-5728.62,-5728.62,4700,1700,155.05,155.06,155.0550,-0.20,0.06,0.00,chop,-0.19,calm,-0.45,1300,mm,-1838.13,99.78,99.79,99.8068,-2.02,2.38,0.00,chop,-0.82,normal,-0.57,1900,mm,992.84,25.48,25.49,25.4996,-5.37,1.43,0.57,TREND,-1.55,stressed,-1.16,-1500,mm,-4927.08
104.695,134,166.4,-5728.62,-5728.62,4700,1700,155.05,155.06,155.0550,-0.20,0.06,0.00,chop,-0.16,calm,-0.45,1300,mm,-1838.13,99.78,99.79,99.8065,-2.05,2.38,0.02,chop,-1.45,normal,-0.57,1900,mm,992.84,25.48,25.49,25.4995,-5.35,1.34,0.58,TREND,-1.59,stressed,-1.16,-1500,mm,-4927.08
104.721,134,166.4,-5728.62,-5728.62,4700,1700,155.05,155.06,155.0550,-0.20,0.06,0.00,chop,-0.16,calm,-0.45,1300,mm,-1838.13,99.78,99.79,99.8063,-2.08,2.38,0.02,chop,-1.45,normal,-0.57,1900,mm,992.84,25.48,25.49,25.4993,-5.32,1.34,0.58,TREND,-1.59,stressed,-1.16,-1500,mm,-4927.08
104.748,134,166.4,-5728.62,-5728.62,2900,-100,155.05,155.06,155.0550,-0.20,0.06,0.00,chop,-0.16,calm,-0.45,1300,mm,-1838.13,99.78,99.8,99.8061,-2.10,2.38,0.02,chop,-1.45,normal,-0.57,100,mm,1025.24,25.48,25.49,25.4991,-5.30,1.34,0.58,TREND,-1.59,stressed,-1.16,-1500,mm,-4927.08
104.777,134,166.4,-5728.62,-5728.62,2900,-100,155.05,155.06,155.0550,-0.19,0.06,0.00,chop,-0.16,calm,-0.45,1300,mm,-1838.13,99.78,99.8,99.8058,-2.11,2.38,0.02,chop,-1.45,normal,-0.57,100,mm,1025.24,25.48,25.49,25.4989,-5.27,1.34,0.58,TREND,-1.59,stressed,-1.16,-1500,mm,-4927.08
104.801,134,166.4,-5728.62,-5728.62,2900,-100,155.05,155.06,155.0550,-0.19,0.06,0.00,chop,-0.16,calm,-0.45,1300,mm,-1838.13,99.78,99.8,99.8057,-2.13,2.38,0.02,chop,-1.45,normal,-0.57,100,mm,1025.24,25.48,25.49,25.4988,-5.25,1.34,0.58,TREND,-1.59,stressed,-1.16,-1500,mm,-4927.08
104.825,134,166.4,-5728.62,-5728.62,2900,-100,155.05,155.06,155.0550,-0.19,0.06,0.00,chop,-0.16,calm,-0.45,1300,mm,-1838.13,99.78,99.8,99.8055,-2.14,2.38,0.02,chop,-1.45,normal,-0.57,100,mm,1025.24,25.48,25.49,25.4986,-5.22,1.34,0.58,TREND,-1.59,stressed,-1.16,-1500,mm,-4927.08
104.850,134,166.4,-5728.62,-5728.62,2900,-100,155.05,155.06,155.0550,-0.19,0.06,0.00,chop,-0.16,calm,-0.45,1300,mm,-1838.13,99.78,99.8,99.8053,-2.16,2.38,0.02,chop,-1.45,normal,-0.57,100,mm,1025.24,25.48,25.49,25.4985,-5.20,1.34,0.58,TREND,-1.59,stressed,-1.16,-1500,mm,-4927.08
104.875,134,166.4,-5728.62,-5728.62,2900,-100,155.05,155.06,155.0550,-0.19,0.06,0.00,chop,-0.16,calm,-0.45,1300,mm,-1838.13,99.78,99.8,99.8051,-2.17,2.38,0.02,chop,-1.45,normal,-0.57,100,mm,1025.24,25.48,25.49,25.4983,-5.18,1.34,0.58,TREND,-1.59,stressed,-1.16,-1500,mm,-4927.08
104.901,134,166.4,-5728.62,-5728.62,2900,-100,155.05,155.06,155.0550,-0.19,0.05,0.00,chop,-0.16,calm,-0.45,1300,mm,-1838.13,99.78,99.8,99.8049,-2.18,2.36,0.02,chop,-1.45,normal,-0.57,100,mm,1025.24,25.48,25.49,25.4981,-5.15,1.34,0.58,TREND,-1.59,stressed,-1.16,-1500,mm,-4927.08
104.926,134,166.4,-5728.62,-5728.62,2900,-100,155.05,155.06,155.0550,-0.19,0.05,0.00,chop,-0.16,calm,-0.45,1300,mm,-1838.13,99.78,99.8,99.8048,-2.20,2.36,0.02,chop,-1.45,normal,-0.57,100,mm,1025.24,25.48,25.49,25.4980,-5.13,1.34,0.58,TREND,-1.59,stressed,-1.16,-1500,mm,-4927.08
104.954,134,166.4,-5728.62,-5728.62,2900,-100,155.05,155.06,155.0550,-0.19,0.05,0.00,chop,-0.14,calm,-0.45,1300,mm,-1838.13,99.78,99.8,99.8046,-2.21,2.36,0.03,chop,-1.30,normal,-0.57,100,mm,1025.24,25.48,25.49,25.4978,-5.10,1.34,0.58,TREND,-1.56,stressed,-1.16,-1500,mm,-4927.08
104.978,134,166.4,-5728.62,-5728.62,2900,-100,155.05,155.06,155.0550,-0.19,0.05,0.00,chop,-0.14,calm,-0.45,1300,mm,-1838.13,99.78,99.8,99.8044,-2.22,2.36,0.03,chop,-1.30,normal,-0.57,100,mm,1025.24,25.48,25.49,25.4977,-5.08,1.34,0.58,TREND,-1.56,stressed,-1.16,-1500,mm,-4927.08
105.003,134,166.4,-5728.62,-5728.62,2900,-100,155.05,155.06,155.0550,-0.19,0.05,0.00,chop,-0.14,calm,-0.45,1300,mm,-1838.13,99.76,99.8,99.8041,-2.25,2.36,0.03,chop,-1.30,normal,-0.57,100,mm,1025.24,25.48,25.49,25.4975,-5.05,1.34,0.58,TREND,-1.56,stressed,-1.16,-1500,mm,-4927.08
105.032,134,166.4,-5728.62,-5728.62,2900,-100,155.05,155.06,155.0550,-0.19,0.05,0.00,chop,-0.14,calm,-0.45,1300,mm,-1838.13,99.76,99.8,99.8038,-2.28,2.36,0.03,chop,-1.30,normal,-0.57,100,mm,1025.24,25.48,25.49,25.4974,-5.03,1.34,0.58,TREND,-1.56,stressed,-1.16,-1500,mm,-4927.08
105.056,134,166.4,-5728.62,-5728.62,2900,-100,155.05,155.06,155.0550,-0.19,0.05,0.00,chop,-0.14,calm,-0.45,1300,mm,-1838.13,99.76,99.8,99.8035,-2.31,2.36,0.03,chop,-1.30,normal,-0.57,100,mm,1025.24,25.48,25.49,25.4972,-5.01,1.34,0.58,TREND,-1.56,stressed,-1.16,-1500,mm,-4927.08
105.082,134,166.4,-5728.62,-5728.62,2900,-100,155.05,155.06,155.0550,-0.18,0.05,0.00,chop,-0.14,calm,-0.45,1300,mm,-1838.13,99.76,99.8,99.8033,-2.34,2.36,0.03,chop,-1.30,normal,-0.57,100,mm,1025.24,25.48,25.49,25.4971,-4.98,1.34,0.58,TREND,-1.56,stressed,-1.16,-1500,mm,-4927.08
105.111,134,166.4,-5728.62,-5728.62,2900,-100,155.05,155.06,155.0550,-0.18,0.05,0.00,chop,-0.14,calm,-0.45,1300,mm,-1838.13,99.76,99.8,99.8029,-2.37,2.36,0.03,chop,-1.30,normal,-0.57,100,mm,1025.24,25.48,25.49,25.4969,-4.96,1.34,0.58,TREND,-1.56,stressed,-1.16,-1500,mm,-4927.08
105.135,134,166.4,-5728.62,-5728.62,2900,-100,155.05,155.06,155.0550,-0.18,0.05,0.00,chop,-0.14,calm,-0.45,1300,mm,-1838.13,99.76,99.8,99.8027,-2.39,2.36,0.03,chop,-1.30,normal,-0.57,100,mm,1025.24,25.48,25.49,25.4968,-4.93,1.34,0.58,TREND,-1.56,stressed,-1.16,-1500,mm,-4927.08
105.172,134,166.4,-5728.62,-5728.62,2900,-100,155.05,155.06,155.0550,-0.18,0.05,0.00,chop,-0.14,calm,-0.45,1300,mm,-1838.13,99.78,99.79,99.8024,-2.42,2.36,0.03,chop,-1.30,normal,-0.57,100,mm,1025.24,25.48,25.49,25.4966,-4.90,1.34,0.58,TREND,-1.56,stressed,-1.16,-1500,mm,-4927.08
105.207,135,164.5,-5739.98,-5739.98,2900,-100,155.05,155.06,155.0550,-0.18,0.05,0.00,chop,-0.11,calm,0.00,1300,mm,-1838.13,99.78,99.79,99.8021,-2.43,2.36,0.17,chop,-1.37,normal,-0.66,100,mm,1025.24,25.48,25.49,25.4964,-4.87,1.25,0.58,TREND,-1.50,stressed,-1.16,-1500,mm,-4927.08
105.235,135,164.5,-5739.98,-5739.98,2900,-100,155.05,155.06,155.0550,-0.18,0.05,0.00,chop,-0.11,calm,0.00,1300,mm,-1838.13,99.78,99.79,99.8019,-2.45,2.36,0.17,chop,-1.37,normal,-0.66,100,mm,1025.24,25.48,25.49,25.4962,-4.85,1.25,0.58,TREND,-1.50,stressed,-1.16,-1500,mm,-4927.08
105.258,135,164.5,-5739.98,-5739.98,2900,-100,155.05,155.06,155.0550,-0.18,0.05,0.00,chop,-0.11,calm,0.00,1300,mm,-1838.13,99.78,99.85,99.8020,-2.40,2.36,0.17,chop,-1.37,normal,-0.66,100,mm,1025.24,25.48,25.49,25.4961,-4.82,1.25,0.58,TREND,-1.50,stressed,-1.16,-1500,mm,-4927.08
105.282,135,164.5,-5739.98,-5739.98,2900,-100,155.05,155.06,155.0550,-0.18,0.05,0.00,chop,-0.11,calm,0.00,1300,mm,-1838.13,99.78,99.85,99.8022,-2.35,2.36,0.17,chop,-1.37,normal,-0.66,100,mm,1025.24,25.48,25.49,25.4960,-4.80,1.25,0.58,TREND,-1.50,stressed,-1.16,-1500,mm,-4927.08
105.308,135,164.5,-5739.98,-5739.98,2900,-100,155.05,155.06,155.0550,-0.18,0.05,0.00,chop,-0.11,calm,0.00,1300,mm,-1838.13,99.78,99.85,99.8023,-2.30,2.36,0.17,chop,-1.37,normal,-0.66,100,mm,1025.24,25.48,25.49,25.4959,-4.78,1.25,0.58,TREND,-1.50,stressed,-1.16,-1500,mm,-4927.08
105.336,135,164.5,-5739.98,-5739.98,2900,-100,155.05,155.06,155.0550,-0.18,0.05,0.00,chop,-0.11,calm,0.00,1300,mm,-1838.13,99.78,99.85,99.8025,-2.25,2.36,0.17,chop,-1.37,normal,-0.66,100,mm,1025.24,25.48,25.49,25.4957,-4.76,1.25,0.58,TREND,-1.50,stressed,-1.16,-1500,mm,-4927.08
105.358,135,164.5,-5739.98,-5739.98,2900,-100,155.05,155.06,155.0550,-0.18,0.05,0.00,chop,-0.11,calm,0.00,1300,mm,-1838.13,99.78,99.85,99.8026,-2.21,2.36,0.17,chop,-1.37,normal,-0.66,100,mm,1025.24,25.48,25.49,25.4956,-4.74,1.25,0.58,TREND,-1.50,stressed,-1.16,-1500,mm,-4927.08
105.384,135,164.5,-5739.98,-5739.98,2900,-100,155.05,155.06,155.0550,-0.17,0.05,0.00,chop,-0.11,calm,0.00,1300,mm,-1838.13,99.78,99.85,99.8028,-2.17,2.36,0.17,chop,-1.37,normal,-0.66,100,mm,1025.24,25.48,25.49,25.4955,-4.72,1.25,0.58,TREND,-1.50,stressed,-1.16,-1500,mm,-4927.08
105.412,135,164.5,-5739.98,-5739.98,2900,-100,155.05,155.06,155.0550,-0.17,0.05,0.00,chop,-0.11,calm,0.00,1300,mm,-1838.13,99.78,99.85,99.8029,-2.12,2.38,0.17,chop,-1.37,normal,-0.66,100,mm,1025.24,25.48,25.49,25.4953,-4.69,1.25,0.58,TREND,-1.50,stressed,-1.16,-1500,mm,-4927.08
105.443,135,164.5,-5739.98,-5739.98,2900,-100,155.05,155.06,155.0550,-0.17,0.05,0.00,chop,-0.11,calm,0.00,1300,mm,-1838.13,99.78,99.85,99.8031,-2.07,2.38,0.17,chop,-1.37,normal,-0.66,100,mm,1025.24,25.48,25.49,25.4952,-4.67,1.25,0.58,TREND,-1.50,stressed,-1.16,-1500,mm,-4927.08
105.465,135,164.5,-5739.98,-5739.98,2900,-100,155.05,155.06,155.0550,-0.17,0.05,0.00,chop,-0.09,calm,0.00,1300,mm,-1838.13,99.78,99.85,99.8032,-2.03,2.38,0.14,chop,-0.69,normal,-0.66,100,mm,1025.24,25.48,25.49,25.4951,-4.65,1.25,0.58,TREND,-1.45,stressed,-1.16,-1500,mm,-4927.08
105.503,135,164.5,-5739.98,-5739.98,2900,-100,155.05,155.06,155.0550,-0.17,0.05,0.00,chop,-0.09,calm,0.00,1300,mm,-1838.13,99.78,99.85,99.8034,-1.97,2.38,0.14,chop,-0.69,normal,-0.66,100,mm,1025.24,25.48,25.49,25.4949,-4.61,1.25,0.58,TREND,-1.45,stressed,-1.16,-1500,mm,-4927.08
105.520,135,164.5,-5739.98,-5739.98,5300,2300,155.05,155.06,155.0550,-0.17,0.05,0.00,chop,-0.09,calm,0.00,1300,mm,-1838.13,99.79,99.85,99.8036,-1.94,2.38,0.14,chop,-0.69,normal,-0.66,2500,mm,994.44,25.48,25.49,25.4948,-4.60,1.25,0.58,TREND,-1.45,stressed,-1.16,-1500,mm,-4927.08
105.547,135,164.5,-5739.98,-5739.98,5300,2300,155.05,155.06,155.0550,-0.17,0.05,0.00,chop,-0.09,calm,0.00,1300,mm,-1838.13,99.79,99.85,99.8038,-1.89,2.38,0.14,chop,-0.69,normal,-0.66,2500,mm,994.44,25.48,25.49,25.4947,-4.58,1.25,0.58,TREND,-1.45,stressed,-1.16,-1500,mm,-4927.08
105.569,135,164.5,-5739.98,-5739.98,5300,2300,155.05,155.06,155.0550,-0.17,0.05,0.00,chop,-0.09,calm,0.00,1300,mm,-1838.13,99.79,99.85,99.8039,-1.85,2.38,0.14,chop,-0.69,normal,-0.66,2500,mm,994.44,25.48,25.49,25.4946,-4.56,1.25,0.58,TREND,-1.45,stressed,-1.16,-1500,mm,-4927.08
105.597,135,164.5,-5739.98,-5739.98,5300,2300,155.05,155.06,155.0550,-0.17,0.05,0.00,chop,-0.09,calm,0.00,1300,mm,-1838.13,99.79,99.85,99.8041,-1.80,2.38,0.14,chop,-0.69,normal,-0.66,2500,mm,994.44,25.48,25.49,25.4945,-4.54,1.25,0.58,TREND,-1.45,stressed,-1.16,-1500,mm,-4927.08
105.620,135,164.5,-5739.98,-5739.98,5300,2300,155.05,155.06,155.0550,-0.17,0.05,0.00,chop,-0.09,calm,0.00,1300,mm,-1838.13,99.79,99.85,99.8043,-1.76,2.38,0.14,chop,-0.69,normal,-0.66,2500,mm,994.44,25.48,25.49,25.4944,-4.52,1.25,0.58,TREND,-1.45,stressed,-1.16,-1500,mm,-4927.08
105.644,135,164.5,-5739.98,-5739.98,5300,2300,155.05,155.06,155.0550,-0.17,0.05,0.00,chop,-0.09,calm,0.00,1300,mm,-1838.13,99.79,99.85,99.8045,-1.71,2.38,0.14,chop,-0.69,normal,-0.66,2500,mm,994.44,25.48,25.49,25.4943,-4.50,1.25,0.58,TREND,-1.45,stressed,-1.16,-1500,mm,-4927.08
105.671,135,164.5,-5739.98,-5739.98,5300,2300,155.05,155.06,155.0550,-0.17,0.05,0.00,chop,-0.09,calm,0.00,1300,mm,-1838.13,99.79,99.85,99.8047,-1.67,2.38,0.14,chop,-0.69,normal,-0.66,2500,mm,994.44,25.48,25.49,25.4941,-4.48,1.25,0.58,TREND,-1.45,stressed,-1.16,-1500,mm,-4927.08
105.696,135,164.5,-5739.98,-5739.98,5300,2300,155.05,155.06,155.0550,-0.17,0.05,0.00,chop,-0.09,calm,0.00,1300,mm,-1838.13,99.79,99.85,99.8049,-1.63,2.38,0.14,chop,-0.69,normal,-0.66,2500,mm,994.44,25.48,25.49,25.4940,-4.46,1.25,0.58,TREND,-1.45,stressed,-1.16,-1500,mm,-4927.08
105.725,135,165.5,-5739.98,-5739.98,5300,2300,155.05,155.06,155.0550,-0.16,0.05,0.00,chop,-0.06,calm,0.00,1300,mm,-1838.13,99.79,99.85,99.8051,-1.58,2.38,0.13,chop,-0.57,normal,-0.66,2500,mm,994.44,25.48,25.49,25.4939,-4.43,1.17,0.58,TREND,-1.43,stressed,-1.16,-1500,mm,-4927.08
105.757,135,165.5,-5739.98,-5739.98,5300,2300,155.05,155.06,155.0550,-0.16,0.05,0.00,chop,-0.06,calm,0.00,1300,mm,-1838.13,99.8,99.83,99.8052,-1.55,2.38,0.13,chop,-0.57,normal,-0.66,2500,mm,1069.44,25.48,25.49,25.4938,-4.41,1.17,0.58,TREND,-1.43,stressed,-1.16,-1500,mm,-4927.08
105.783,135,165.5,-5739.98,-5739.98,5300,2300,155.05,155.06,155.0550,-0.16,0.05,0.00,chop,-0.06,calm,0.00,1300,mm,-1838.13,99.8,99.83,99.8053,-1.52,2.38,0.13,chop,-0.57,normal,-0.66,2500,mm,1069.44,25.48,25.49,25.4937,-4.39,1.17,0.58,TREND,-1.43,stressed,-1.16,-1500,mm,-4927.08
105.807,135,165.5,-5739.98,-5739.98,5300,2300,155.05,155.06,155.0550,-0.16,0.05,0.00,chop,-0.06,calm,0.00,1300,mm,-1838.13,99.8,99.83,99.8055,-1.49,2.38,0.13,chop,-0.57,normal,-0.66,2500,mm,1069.44,25.48,25.49,25.4936,-4.37,1.17,0.58,TREND,-1.43,stressed,-1.16,-1500,mm,-4927.08
105.831,135,165.5,-5739.98,-5739.98,5300,2300,155.05,155.06,155.0550,-0.16,0.05,0.00,chop,-0.06,calm,0.00,1300,mm,-1838.13,99.8,99.83,99.8056,-1.46,2.38,0.13,chop,-0.57,normal,-0.66,2500,mm,1069.44,25.48,25.49,25.4935,-4.35,1.17,0.58,TREND,-1.43,stressed,-1.16,-1500,mm,-4927.08
105.859,135,165.5,-5739.98,-5739.98,5300,2300,155.05,155.06,155.0550,-0.16,0.05,0.00,chop,-0.06,calm,0.00,1300,mm,-1838.13,99.8,99.83,99.8057,-1.44,2.38,0.13,chop,-0.57,normal,-0.66,2500,mm,1069.44,25.48,25.49,25.4934,-4.33,1.17,0.58,TREND,-1.43,stressed,-1.16,-1500,mm,-4927.08
105.883,135,165.5,-5739.98,-5739.98,5300,2300,155.05,155.06,155.0550,-0.16,0.05,0.00,chop,-0.06,calm,0.00,1300,mm,-1838.13,99.8,99.83,99.8058,-1.41,2.38,0.13,chop,-0.57,normal,-0.66,2500,mm,1069.44,25.48,25.49,25.4933,-4.31,1.17,0.58,TREND,-1.43,stressed,-1.16,-1500,mm,-4927.08
105.909,135,165.5,-5739.98,-5739.98,5300,2300,155.05,155.06,155.0550,-0.16,0.05,0.00,chop,-0.06,calm,0.00,1300,mm,-1838.13,99.8,99.83,99.8059,-1.39,2.38,0.13,chop,-0.57,normal,-0.66,2500,mm,1069.44,25.48,25.49,25.4932,-4.29,1.17,0.58,TREND,-1.43,stressed,-1.16,-1500,mm,-4927.08
105.935,135,165.5,-5739.98,-5739.98,5300,2300,155.05,155.06,155.0550,-0.16,0.04,0.00,chop,-0.06,calm,0.00,1300,mm,-1838.13,99.8,99.83,99.8060,-1.36,2.14,0.13,chop,-0.57,normal,-0.66,2500,mm,1069.44,25.48,25.49,25.4931,-4.27,1.17,0.58,TREND,-1.43,stressed,-1.16,-1500,mm,-4927.08
105.961,135,165.5,-5739.98,-5739.98,5300,2300,155.05,155.06,155.0550,-0.16,0.04,0.00,chop,-0.06,calm,0.00,1300,mm,-1838.13,99.8,99.83,99.8061,-1.34,2.14,0.13,chop,-0.57,normal,-0.66,2500,mm,1069.44,25.48,25.49,25.4930,-4.25,1.17,0.58,TREND,-1.43,stressed,-1.16,-1500,mm,-4927.08
105.988,135,165.5,-5739.98,-5739.98,5300,2300,155.05,155.06,155.0550,-0.16,0.04,0.00,chop,-0.04,calm,0.00,1300,mm,-1838.13,99.8,99.83,99.8062,-1.31,2.14,0.23,chop,-0.66,normal,-0.66,2500,mm,1069.44,25.48,25.49,25.4929,-4.23,1.17,0.57,TREND,-1.39,stressed,-1.16,-1500,mm,-4927.08
106.016,135,165.5,-5739.98,-5739.98,8100,3500,155.05,155.06,155.0550,-0.16,0.04,0.00,chop,-0.04,calm,0.00,1300,mm,-1838.13,99.75,99.83,99.8060,-1.34,2.14,0.23,chop,-0.66,normal,-0.66,4500,mm,915.44,25.48,25.49,25.4928,-4.21,1.17,0.57,TREND,-1.39,stressed,-1.16,-2300,mm,-4941.20
106.043,135,165.5,-5739.98,-5739.98,8100,3500,155.05,155.06,155.0550,-0.16,0.04,0.00,chop,-0.04,calm,0.00,1300,mm,-1838.13,99.75,99.83,99.8058,-1.37,2.14,0.23,chop,-0.66,normal,-0.66,4500,mm,915.44,25.48,25.49,25.4927,-4.19,1.17,0.57,TREND,-1.39,stressed,-1.16,-2300,mm,-4941.20
106.068,135,165.5,-5739.98,-5739.98,8100,3500,155.05,155.06,155.0550,-0.15,0.04,0.00,chop,-0.04,calm,0.00,1300,mm,-1838.13,99.75,99.83,99.8056,-1.40,2.14,0.23,chop,-0.66,normal,-0.66,4500,mm,915.44,25.48,25.49,25.4926,-4.17,1.17,0.57,TREND,-1.39,stressed,-1.16,-2300,mm,-4941.20
106.093,135,165.5,-5739.98,-5739.98,8100,3500,155.05,155.06,155.0550,-0.15,0.04,0.00,chop,-0.04,calm,0.00,1300,mm,-1838.13,99.75,99.83,99.8055,-1.42,2.14,0.23,chop,-0.66,normal,-0.66,4500,mm,915.44,25.48,25.49,25.4925,-4.15,1.17,0.57,TREND,-1.39,stressed,-1.16,-2300,mm,-4941.20
106.125,135,165.5,-5739.98,-5739.98,8100,3500,155.05,155.06,155.0550,-0.15,0.04,0.00,chop,-0.04,calm,0.00,1300,mm,-1838.13,99.75,99.83,99.8052,-1.45,2.14,0.23,chop,-0.66,normal,-0.66,4500,mm,915.44,25.48,25.49,25.4924,-4.13,1.17,0.57,TREND,-1.39,stressed,-1.16,-2300,mm,-4941.20
106.147,135,165.5,-5739.98,-5739.98,8100,3500,155.05,155.06,155.0550,-0.15,0.04,0.00,chop,-0.04,calm,0.00,1300,mm,-1838.13,99.75,99.83,99.8051,-1.47,2.14,0.23,chop,-0.66,normal,-0.66,4500,mm,915.44,25.48,25.49,25.4923,-4.11,1.17,0.57,TREND,-1.39,stressed,-1.16,-2300,mm,-4941.20
106.181,135,165.5,-5739.98,-5739.98,8100,3500,155.05,155.06,155.0550,-0.15,0.04,0.00,chop,-0.04,calm,0.00,1300,mm,-1838.13,99.76,99.82,99.8048,-1.51,2.14,0.23,chop,-0.66,normal,-0.66,4500,mm,960.44,25.48,25.49,25.4922,-4.08,1.17,0.57,TREND,-1.39,stressed,-1.16,-2300,mm,-4918.20
106.220,135,165.5,-5739.98,-5739.98,8100,3500,155.05,155.06,155.0550,-0.15,0.04,0.00,chop,-0.04,calm,0.00,1300,mm,-1838.13,99.76,99.82,99.8046,-1.54,2.14,0.23,chop,-0.66,normal,-0.66,4500,mm,960.44,25.48,25.49,25.4921,-4.06,1.17,0.57,TREND,-1.39,stressed,-1.16,-2300,mm,-4918.20
106.254,136,163.6,-5795.90,-5795.90,8100,3500,155.05,155.06,155.0550,-0.15,0.04,0.00,chop,-0.01,calm,0.00,1300,mm,-1838.13,99.76,99.82,99.8043,-1.57,2.14,0.22,chop,-1.19,normal,-0.72,4500,mm,960.44,25.48,25.49,25.4919,-4.03,1.09,0.55,TREND,-1.35,stressed,-1.27,-2300,mm,-4918.20
106.280,136,163.6,-5795.90,-5795.90,8700,2900,155.05,155.06,155.0550,-0.15,0.04,0.00,chop,-0.01,calm,0.00,1300,mm,-1838.13,99.81,99.82,99.8045,-1.53,2.14,0.22,chop,-1.19,normal,-0.72,4500,mm,1095.44,25.48,25.51,25.4920,-3.99,1.09,0.55,TREND,-1.35,stressed,-1.27,-2900,mm,-4992.54
106.306,136,163.6,-5795.90,-5795.90,8700,2900,155.05,155.06,155.0550,-0.15,0.04,0.00,chop,-0.01,calm,0.00,1300,mm,-1838.13,99.81,99.82,99.8046,-1.50,2.14,0.22,chop,-1.19,normal,-0.72,4500,mm,1095.44,25.48,25.51,25.4920,-3.95,1.09,0.55,TREND,-1.35,stressed,-1.27,-2900,mm,-4992.54
106.334,136,163.6,-5795.90,-5795.90,8700,2900,155.05,155.06,155.0550,-0.15,0.04,0.00,chop,-0.01,calm,0.00,1300,mm,-1838.13,99.81,99.82,99.8047,-1.47,2.14,0.22,chop,-1.19,normal,-0.72,4500,mm,1095.44,25.48,25.51,25.4921,-3.91,1.09,0.55,TREND,-1.35,stressed,-1.27,-2900,mm,-4992.54
106.361,136,163.6,-5795.90,-5795.90,8700,2900,155.05,155.06,155.0550,-0.15,0.04,0.00,chop,-0.01,calm,0.00,1300,mm,-1838.13,99.81,99.82,99.8049,-1.44,2.14,0.22,chop,-1.19,normal,-0.72,4500,mm,1095.44,25.48,25.51,25.4921,-3.87,1.09,0.55,TREND,-1.35,stressed,-1.27,-2900,mm,-4992.54
106.384,136,163.6,-5795.90,-5795.90,8700,2900,155.05,155.06,155.0550,-0.15,0.04,0.00,chop,-0.01,calm,0.00,1300,mm,-1838.13,99.81,99.82,99.8050,-1.41,2.14,0.22,chop,-1.19,normal,-0.72,4500,mm,1095.44,25.48,25.51,25.4921,-3.84,1.09,0.55,TREND,-1.35,stressed,-1.27,-2900,mm,-4992.54
106.408,136,163.6,-5795.90,-5795.90,8700,2900,155.05,155.06,155.0550,-0.15,0.04,0.00,chop,-0.01,calm,0.00,1300,mm,-1838.13,99.81,99.82,99.8051,-1.38,2.14,0.22,chop,-1.19,normal,-0.72,4500,mm,1095.44,25.48,25.51,25.4922,-3.81,1.09,0.55,TREND,-1.35,stressed,-1.27,-2900,mm,-4992.54
106.434,136,163.6,-5795.90,-5795.90,8700,2900,155.05,155.06,155.0550,-0.15,0.04,0.00,chop,-0.01,calm,0.00,1300,mm,-1838.13,99.81,99.82,99.8052,-1.35,1.93,0.22,chop,-1.19,normal,-0.72,4500,mm,1095.44,25.48,25.51,25.4922,-3.77,1.09,0.55,TREND,-1.35,stressed,-1.27,-2900,mm,-4992.54
106.460,136,163.6,-5795.90,-5795.90,8700,2900,155.05,155.06,155.0550,-0.14,0.04,0.00,chop,-0.01,calm,0.00,1300,mm,-1838.13,99.81,99.82,99.8053,-1.33,1.93,0.22,chop,-1.19,normal,-0.72,4500,mm,1095.44,25.48,25.51,25.4922,-3.73,1.09,0.55,TREND,-1.35,stressed,-1.27,-2900,mm,-4992.54
106.489,136,163.6,-5795.90,-5795.90,8700,2900,155.05,155.06,155.0550,-0.14,0.04,0.00,chop,-0.01,calm,0.00,1300,mm,-1838.13,99.81,99.82,99.8055,-1.30,1.93,0.22,chop,-1.19,normal,-0.72,4500,mm,1095.44,25.48,25.51,25.4923,-3.70,1.09,0.55,TREND,-1.35,stressed,-1.27,-2900,mm,-4992.54
106.518,136,163.6,-5795.90,-5795.90,5300,-500,155.05,155.06,155.0550,-0.14,0.04,0.00,chop,-0.00,calm,0.00,1300,mm,-1838.13,99.79,99.83,99.8055,-1.28,1.93,0.01,chop,-0.72,normal,-0.72,1100,mm,1198.44,25.49,25.5,25.4923,-3.66,1.09,0.45,TREND,-1.18,stressed,-1.27,-2900,mm,-4905.54
106.541,136,163.6,-5795.90,-5795.90,5300,-500,155.05,155.06,155.0550,-0.14,0.04,0.00,chop,-0.00,calm,0.00,1300,mm,-1838.13,99.79,99.83,99.8056,-1.27,1.93,0.01,chop,-0.72,normal,-0.72,1100,mm,1198.44,25.49,25.5,25.4923,-3.63,1.09,0.45,TREND,-1.18,stressed,-1.27,-2900,mm,-4905.54
106.566,136,163.6,-5795.90,-5795.90,5300,-500,155.05,155.06,155.0550,-0.14,0.04,0.00,chop,-0.00,calm,0.00,1300,mm,-1838.13,99.79,99.83,99.8056,-1.25,1.93,0.01,chop,-0.72,normal,-0.72,1100,mm,1198.44,25.49,25.5,25.4924,-3.60,1.09,0.45,TREND,-1.18,stressed,-1.27,-2900,mm,-4905.54
106.594,136,163.6,-5795.90,-5795.90,5300,-500,155.05,155.06,155.0550,-0.14,0.04,0.00,chop,-0.00,calm,0.00,1300,mm,-1838.13,99.79,99.83,99.8057,-1.24,1.93,0.01,chop,-0.72,normal,-0.72,1100,mm,1198.44,25.49,25.5,25.4924,-3.56,1.09,0.45,TREND,-1.18,stressed,-1.27,-2900,mm,-4905.54
106.618,136,163.6,-5795.90,-5795.90,5300,-500,155.05,155.06,155.0550,-0.14,0.04,0.00,chop,-0.00,calm,0.00,1300,mm,-1838.13,99.79,99.83,99.8057,-1.22,1.93,0.01,chop,-0.72,normal,-0.72,1100,mm,1198.44,25.49,25.5,25.4924,-3.53,1.09,0.45,TREND,-1.18,stressed,-1.27,-2900,mm,-4905.54
106.643,136,163.6,-5795.90,-5795.90,5300,-500,155.05,155.06,155.0550,-0.14,0.04,0.00,chop,-0.00,calm,0.00,1300,mm,-1838.13,99.79,99.83,99.8058,-1.21,1.93,0.01,chop,-0.72,normal,-0.72,1100,mm,1198.44,25.49,25.5,25.4925,-3.50,1.09,0.45,TREND,-1.18,stressed,-1.27,-2900,mm,-4905.54
106.670,136,163.6,-5795.90,-5795.90,5300,-500,155.05,155.06,155.0550,-0.14,0.04,0.00,chop,-0.00,calm,0.00,1300,mm,-1838.13,99.79,99.83,99.8058,-1.20,1.93,0.01,chop,-0.72,normal,-0.72,1100,mm,1198.44,25.49,25.5,25.4925,-3.47,1.09,0.45,TREND,-1.18,stressed,-1.27,-2900,mm,-4905.54
106.696,136,163.6,-5795.90,-5795.90,5300,-500,155.05,155.06,155.0550,-0.14,0.04,0.00,chop,-0.00,calm,0.00,1300,mm,-1838.13,99.79,99.83,99.8059,-1.18,1.93,0.01,chop,-0.72,normal,-0.72,1100,mm,1198.44,25.49,25.5,25.4925,-3.44,1.09,0.45,TREND,-1.18,stressed,-1.27,-2900,mm,-4905.54
106.722,136,163.6,-5795.90,-5795.90,5300,-500,155.05,155.06,155.0550,-0.14,0.04,0.00,chop,-0.00,calm,0.00,1300,mm,-1838.13,99.79,99.83,99.8059,-1.17,1.93,0.01,chop,-0.72,normal,-0.72,1100,mm,1198.44,25.49,25.5,25.4926,-3.41,1.09,0.45,TREND,-1.18,stressed,-1.27,-2900,mm,-4905.54
106.753,136,164.5,-5795.90,-5795.90,5300,-500,155.05,155.06,155.0550,-0.14,0.04,0.00,chop,-0.00,calm,0.00,1300,mm,-1838.13,99.79,99.83,99.8060,-1.15,1.93,0.01,chop,-0.72,normal,-0.72,1100,mm,1198.44,25.49,25.5,25.4926,-3.38,1.09,0.45,TREND,-1.18,stressed,-1.27,-2900,mm,-4905.54
106.778,136,164.5,-5795.90,-5795.90,5300,-500,155.05,155.06,155.0550,-0.14,0.04,0.00,chop,-0.00,calm,0.00,1300,mm,-1838.13,99.79,99.82,99.8060,-1.15,1.93,0.01,chop,-0.82,normal,-0.72,1100,mm,1198.44,25.5,25.56,25.4930,-3.28,1.42,0.17,chop,-0.65,stressed,-1.27,-2900,mm,-4905.54
106.820,136,164.5,-5795.90,-5795.90,5300,-500,155.05,155.06,155.0550,-0.14,0.04,0.00,chop,-0.00,calm,0.00,1300,mm,-1838.13,99.79,99.82,99.8060,-1.15,1.93,0.01,chop,-0.82,normal,-0.72,1100,mm,1198.44,25.5,25.56,25.4938,-3.12,1.42,0.17,chop,-0.65,stressed,-1.27,-2900,mm,-4905.54
106.833,136,164.5,-5795.90,-5795.90,5300,-500,155.05,155.06,155.0550,-0.14,0.04,0.00,chop,-0.00,calm,0.00,1300,mm,-1838.13,99.79,99.82,99.8059,-1.15,1.93,0.01,chop,-0.82,normal,-0.72,1100,mm,1198.44,25.5,25.56,25.4940,-3.07,1.42,0.17,chop,-0.65,stressed,-1.27,-2900,mm,-4905.54
106.859,136,164.5,-5795.90,-5795.90,5300,-500,155.05,155.06,155.0550,-0.13,0.04,0.00,chop,-0.00,calm,0.00,1300,mm,-1838.13,99.79,99.82,99.8059,-1.14,1.93,0.01,chop,-0.82,normal,-0.72,1100,mm,1198.44,25.5,25.56,25.4944,-2.98,1.42,0.17,chop,-0.65,stressed,-1.27,-2900,mm,-4905.54
106.885,136,164.5,-5795.90,-5795.90,5300,-500,155.05,155.06,155.0550,-0.13,0.04,0.00,chop,-0.00,calm,0.00,1300,mm,-1838.13,99.79,99.82,99.8059,-1.14,1.93,0.01,chop,-0.82,normal,-0.72,1100,mm,1198.44,25.5,25.56,25.4948,-2.89,1.42,0.17,chop,-0.65,stressed,-1.27,-2900,mm,-4905.54
106.909,136,164.5,-5795.90,-5795.90,5300,-500,155.05,155.06,155.0550,-0.13,0.04,0.00,chop,-0.00,calm,0.00,1300,mm,-1838.13,99.79,99.82,99.8059,-1.14,1.93,0.01,chop,-0.82,normal,-0.72,1100,mm,1198.44,25.5,25.56,25.4952,-2.80,1.42,0.17,chop,-0.65,stressed,-1.27,-2900,mm,-4905.54
106.935,136,164.5,-5795.90,-5795.90,5300,-500,155.05,155.06,155.0550,-0.13,0.04,0.00,chop,-0.00,calm,0.00,1300,mm,-1838.13,99.79,99.82,99.8059,-1.14,1.82,0.01,chop,-0.82,normal,-0.72,1100,mm,1198.44,25.5,25.56,25.4957,-2.72,1.42,0.17,chop,-0.65,stressed,-1.27,-2900,mm,-4905.54
106.961,136,164.5,-5795.90,-5795.90,5300,-500,155.05,155.06,155.0550,-0.13,0.04,0.00,chop,-0.00,calm,0.00,1300,mm,-1838.13,99.79,99.82,99.8059,-1.13,1.82,0.01,chop,-0.82,normal,-0.72,1100,mm,1198.44,25.5,25.56,25.4961,-2.63,1.42,0.17,chop,-0.65,stressed,-1.27,-2900,mm,-4905.54
106.987,136,164.5,-5795.90,-5795.90,5300,-500,155.05,155.06,155.0550,-0.13,0.04,0.00,chop,-0.00,calm,0.00,1300,mm,-1838.13,99.79,99.82,99.8059,-1.13,1.82,0.01,chop,-0.82,normal,-0.72,1100,mm,1198.44,25.5,25.56,25.4965,-2.55,1.42,0.17,chop,-0.65,stressed,-1.27,-2900,mm,-4905.54
107.020,136,164.5,-5795.90,-5795.90,5300,-500,155.05,155.06,155.0550,-0.13,0.04,0.00,chop,-0.00,calm,0.00,1300,mm,-1838.13,99.75,99.76,99.8051,-1.26,1.82,0.01,chop,-0.82,normal,-0.72,1100,mm,1198.44,25.58,25.64,25.4982,-2.24,1.42,0.17,chop,-0.65,stressed,-1.27,-2900,mm,-4905.54
107.062,136,164.5,-5795.90,-5795.90,5300,-500,155.05,155.06,155.0550,-0.13,0.04,0.00,chop,-0.00,calm,0.00,1300,mm,-1838.13,99.75,99.76,99.8041,-1.42,1.82,0.15,chop,-1.87,normal,-0.72,1100,mm,1198.44,25.58,25.64,25.5004,-1.86,1.42,0.11,chop,0.53,normal,-1.27,-2900,mm,-4905.54
107.085,136,164.5,-5795.90,-5795.90,5300,-500,155.05,155.06,155.0550,-0.13,0.04,0.00,chop,-0.00,calm,0.00,1300,mm,-1838.13,99.75,99.76,99.8036,-1.50,1.82,0.15,chop,-1.87,normal,-0.72,1100,mm,1198.44,25.58,25.64,25.5016,-1.64,1.42,0.11,chop,0.53,normal,-1.27,-2900,mm,-4905.54
107.115,136,164.5,-5795.90,-5795.90,5300,-500,155.05,155.06,155.0550,-0.13,0.04,0.00,chop,-0.00,calm,0.00,1300,mm,-1838.13,99.75,99.76,99.8029,-1.61,1.82,0.15,chop,-1.87,normal,-0.72,1100,mm,1198.44,25.58,25.64,25.5031,-1.39,1.42,0.11,chop,0.53,normal,-1.27,-2900,mm,-4905.54
107.138,136,164.5,-5795.90,-5795.90,5300,-500,155.05,155.06,155.0550,-0.13,0.04,0.00,chop,-0.00,calm,0.00,1300,mm,-1838.13,99.75,99.76,99.8024,-1.68,1.82,0.15,chop,-1.87,normal,-0.72,1100,mm,1198.44,25.58,25.64,25.5043,-1.20,1.42,0.11,chop,0.53,normal,-1.27,-2900,mm,-4905.54
107.162,136,164.5,-5795.90,-5795.90,5300,-500,155.05,155.06,155.0550,-0.13,0.04,0.00,chop,-0.00,calm,0.00,1300,mm,-1838.13,99.75,99.76,99.8019,-1.76,1.82,0.15,chop,-1.87,normal,-0.72,1100,mm,1198.44,25.58,25.64,25.5055,-1.01,1.42,0.11,chop,0.53,normal,-1.27,-2900,mm,-4905.54
107.190,136,164.5,-5795.90,-5795.90,5300,-500,155.05,155.06,155.0550,-0.13,0.04,0.00,chop,-0.00,calm,0.00,1300,mm,-1838.13,99.76,99.8,99.8016,-1.79,1.82,0.15,chop,-1.87,normal,-0.72,1100,mm,1165.44,25.59,25.63,25.5068,-0.79,1.42,0.11,chop,0.53,normal,-1.27,-2900,mm,-5311.54
107.244,136,164.5,-5795.90,-5795.90,5300,-500,155.05,155.06,155.0550,-0.13,0.04,0.00,chop,-0.00,calm,0.00,1300,mm,-1838.13,99.76,99.8,99.8010,-1.85,1.82,0.15,chop,-1.87,normal,-0.72,1100,mm,1165.44,25.59,25.63,25.5094,-0.39,1.42,0.11,chop,0.53,normal,-1.27,-2900,mm,-5311.54
107.273,137,162.6,-5984.24,-5984.24,5300,-500,155.05,155.06,155.0550,-0.13,0.04,0.00,chop,-0.00,calm,0.00,1300,mm,-1838.13,99.76,99.8,99.8007,-1.88,1.82,0.15,chop,-1.87,normal,-0.38,1100,mm,1165.44,25.59,25.63,25.5108,-0.18,1.42,0.11,chop,0.53,normal,-0.37,-2900,mm,-5311.54
107.299,137,162.6,-5984.24,-5984.24,1900,1900,155.05,155.06,155.0550,-0.12,0.04,0.00,chop,-0.00,calm,0.00,1300,mm,-1838.13,99.75,99.76,99.8002,-1.96,1.82,0.15,chop,-1.87,normal,-0.38,600,mm,1169.44,25.6,25.62,25.5120,0.00,1.98,0.11,chop,0.53,normal,-0.37,0,mm,-5333.89
107.361,137,162.6,-5984.24,-5984.24,1900,1900,155.05,155.06,155.0550,-0.12,0.04,0.00,chop,-0.00,calm,0.00,1300,mm,-1838.13,99.75,99.76,99.7989,-2.13,1.82,0.16,chop,-1.80,normal,-0.38,600,mm,1169.44,25.6,25.62,25.5148,0.40,1.98,0.31,mixed,0.55,normal,-0.37,0,mm,-5333.89
107.385,137,162.6,-5984.24,-5984.24,1900,1900,155.05,155.06,155.0550,-0.12,0.04,0.00,chop,-0.00,calm,0.00,1300,mm,-1838.13,99.75,99.76,99.7984,-2.20,1.82,0.16,chop,-1.80,normal,-0.38,600,mm,1169.44,25.6,25.62,25.5159,0.56,1.98,0.31,mixed,0.55,normal,-0.37,0,mm,-5333.89
107.413,137,162.6,-5984.24,-5984.24,1900,1900,155.05,155.06,155.0550,-0.12,0.04,0.00,chop,-0.00,calm,0.00,1300,mm,-1838.13,99.75,99.76,99.7978,-2.27,1.82,0.16,chop,-1.80,normal,-0.38,600,mm,1169.44,25.6,25.62,25.5171,0.72,1.98,0.31,mixed,0.55,normal,-0.37,0,mm,-5333.89
107.440,137,162.6,-5984.24,-5984.24,1900,1900,155.05,155.06,155.0550,-0.12,0.03,0.00,chop,-0.00,calm,0.00,1300,mm,-1838.13,99.75,99.76,99.7973,-2.34,2.08,0.16,chop,-1.80,normal,-0.38,600,mm,1169.44,25.6,25.62,25.5183,0.88,1.98,0.31,mixed,0.55,normal,-0.37,0,mm,-5333.89
107.462,137,162.6,-5984.24,-5984.24,1900,1900,155.05,155.06,155.0550,-0.12,0.03,0.00,chop,-0.00,calm,0.00,1300,mm,-1838.13,99.75,99.76,99.7968,-2.39,2.08,0.16,chop,-1.80,normal,-0.38,600,mm,1169.44,25.6,25.62,25.5193,1.01,1.98,0.31,mixed,0.55,normal,-0.37,0,mm,-5333.89
107.486,137,162.6,-5984.24,-5984.24,1900,1900,155.05,155.06,155.0550,-0.12,0.03,0.00,chop,-0.00,calm,0.00,1300,mm,-1838.13,99.75,99.76,99.7964,-2.45,2.08,0.16,chop,-1.80,normal,-0.38,600,mm,1169.44,25.6,25.62,25.5203,1.14,1.98,0.31,mixed,0.55,normal,-0.37,0,mm,-5333.89
107.514,137,162.6,-5984.24,-5984.24,1900,1900,155.05,155.06,155.0550,-0.12,0.03,0.00,chop,-0.00,calm,0.00,1300,mm,-1838.13,99.75,99.76,99.7958,-2.51,2.08,0.16,chop,-1.80,normal,-0.38,600,mm,1169.44,25.6,25.62,25.5215,1.29,1.98,0.31,mixed,0.55,normal,-0.37,0,mm,-5333.89
107.545,137,162.6,-5984.24,-5984.24,1900,1900,155.05,155.06,155.0550,-0.12,0.03,0.00,chop,-0.00,calm,0.00,1300,mm,-1838.13,99.75,99.83,99.7957,-2.49,2.08,0.16,chop,-1.80,normal,-0.38,600,mm,1169.44,25.61,25.62,25.5228,1.45,1.98,0.31,mixed,0.55,normal,-0.37,0,mm,-5333.89
107.566,137,162.6,-5984.24,-5984.24,1900,1900,155.05,155.06,155.0550,-0.12,0.03,0.00,chop,-0.00,calm,0.00,1300,mm,-1838.13,99.75,99.83,99.7957,-2.48,2.08,0.16,chop,-1.80,normal,-0.38,600,mm,1169.44,25.61,25.62,25.5237,1.57,1.98,0.31,mixed,0.55,normal,-0.37,0,mm,-5333.89
107.597,137,162.6,-5984.24,-5984.24,1900,1900,155.05,155.06,155.0550,-0.12,0.03,0.00,chop,-0.00,calm,0.00,1300,mm,-1838.13,99.75,99.83,99.7956,-2.46,2.08,0.16,chop,-1.80,normal,-0.38,600,mm,1169.44,25.61,25.62,25.5251,1.73,1.98,0.31,mixed,0.55,normal,-0.37,0,mm,-5333.89
107.621,137,162.6,-5984.24,-5984.24,1900,1900,155.05,155.06,155.0550,-0.12,0.03,0.00,chop,-0.00,calm,0.00,1300,mm,-1838.13,99.75,99.83,99.7955,-2.44,2.08,0.10,chop,-1.03,normal,-0.38,600,mm,1169.44,25.61,25.62,25.5261,1.85,1.98,0.27,mixed,0.65,normal,-0.37,0,mm,-5333.89
107.643,137,162.6,-5984.24,-5984.24,1900,1900,155.05,155.06,155.0550,-0.12,0.03,0.00,chop,-0.00,calm,0.00,1300,mm,-1838.13,99.75,99.83,99.7955,-2.43,2.08,0.10,chop,-1.03,normal,-0.38,600,mm,1169.44,25.61,25.62,25.5270,1.96,1.98,0.27,mixed,0.65,normal,-0.37,0,mm,-5333.89
107.668,137,162.6,-5984.24,-5984.24,1900,1900,155.05,155.06,155.0550,-0.12,0.03,0.00,chop,-0.00,calm,0.00,1300,mm,-1838.13,99.75,99.83,99.7954,-2.41,2.08,0.10,chop,-1.03,normal,-0.38,600,mm,1169.44,25.61,25.62,25.5280,2.08,1.98,0.27,mixed,0.65,normal,-0.37,0,mm,-5333.89
107.693,137,162.6,-5984.24,-5984.24,1900,1900,155.05,155.06,155.0550,-0.12,0.03,0.00,chop,-0.00,calm,0.00,1300,mm,-1838.13,99.75,99.83,99.7954,-2.40,2.08,0.10,chop,-1.03,normal,-0.38,600,mm,1169.44,25.61,25.62,25.5290,2.19,1.98,0.27,mixed,0.65,normal,-0.37,0,mm,-5333.89
107.720,137,162.6,-5984.24,-5984.24,1900,1900,155.05,155.06,155.0550,-0.12,0.03,0.00,chop,-0.00,calm,0.00,1300,mm,-1838.13,99.75,99.83,99.7953,-2.38,2.08,0.10,chop,-1.03,normal,-0.38,600,mm,1169.44,25.61,25.62,25.5301,2.31,1.98,0.27,mixed,0.65,normal,-0.37,0,mm,-5333.89
107.747,137,162.6,-5984.24,-5984.24,1900,1900,155.05,155.06,155.0550,-0.11,0.03,0.00,chop,-0.00,calm,0.00,1300,mm,-1838.13,99.75,99.83,99.7952,-2.37,2.08,0.10,chop,-1.03,normal,-0.38,600,mm,1169.44,25.61,25.62,25.5312,2.43,1.98,0.27,mixed,0.65,normal,-0.37,0,mm,-5333.89
107.776,137,163.6,-5984.24,-5984.24,1900,1900,155.05,155.06,155.0550,-0.11,0.03,0.00,chop,-0.00,calm,0.00,1300,mm,-1838.13,99.75,99.83,99.7951,-2.35,2.08,0.10,chop,-1.03,normal,-0.38,600,mm,1169.44,25.61,25.62,25.5323,2.55,1.98,0.27,mixed,0.65,normal,-0.37,0,mm,-5333.89
107.803,137,163.6,-5984.24,-5984.24,1900,1900,155.05,155.06,155.0550,-0.11,0.03,0.00,chop,-0.00,calm,0.00,1300,mm,-1838.13,99.75,99.82,99.7950,-2.34,2.08,0.10,chop,-1.03,normal,-0.38,600,mm,1169.44,25.61,25.64,25.5335,2.68,1.84,0.27,mixed,0.65,normal,-0.37,0,mm,-5333.89
107.830,137,163.6,-5984.24,-5984.24,1900,1900,155.05,155.06,155.0550,-0.11,0.03,0.00,chop,-0.00,calm,0.00,1300,mm,-1838.13,99.75,99.82,99.7949,-2.34,2.08,0.10,chop,-1.03,normal,-0.38,600,mm,1169.44,25.61,25.64,25.5347,2.81,1.84,0.27,mixed,0.65,normal,-0.37,0,mm,-5333.89
107.864,137,163.6,-5984.24,-5984.24,1900,1900,155.05,155.06,155.0550,-0.11,0.03,0.00,chop,-0.00,calm,0.00,1300,mm,-1838.13,99.75,99.82,99.7947,-2.33,2.08,0.10,chop,-1.03,normal,-0.38,600,mm,1169.44,25.61,25.64,25.5361,2.96,1.84,0.27,mixed,0.65,normal,-0.37,0,mm,-5333.89
107.880,137,163.6,-5984.24,-5984.24,1900,1900,155.05,155.06,155.0550,-0.11,0.03,0.00,chop,-0.00,calm,0.00,1300,mm,-1838.13,99.75,99.82,99.7947,-2.33,2.08,0.13,chop,-1.12,normal,-0.38,600,mm,1169.44,25.61,25.64,25.5368,3.03,1.84,0.50,mixed,0.79,normal,-0.37,0,mm,-5333.89
107.904,137,163.6,-5984.24,-5984.24,1900,1900,155.05,155.06,155.0550,-0.11,0.03,0.00,chop,-0.00,calm,0.00,1300,mm,-1838.13,99.75,99.82,99.7946,-2.32,2.08,0.13,chop,-1.12,normal,-0.38,600,mm,1169.44,25.61,25.64,25.5378,3.13,1.84,0.50,mixed,0.79,normal,-0.37,0,mm,-5333.89
107.930,137,163.6,-5984.24,-5984.24,1900,1900,155.05,155.06,155.0550,-0.11,0.03,0.00,chop,-0.00,calm,0.00,1300,mm,-1838.13,99.75,99.82,99.7944,-2.32,2.08,0.13,chop,-1.12,normal,-0.38,600,mm,1169.44,25.61,25.64,25.5388,3.24,1.84,0.50,mixed,0.79,normal,-0.37,0,mm,-5333.89
107.955,137,163.6,-5984.24,-5984.24,1900,1900,155.05,155.06,155.0550,-0.11,0.03,0.00,chop,-0.00,calm,0.00,1300,mm,-1838.13,99.75,99.82,99.7943,-2.31,2.20,0.13,chop,-1.12,normal,-0.38,600,mm,1169.44,25.61,25.64,25.5399,3.34,1.84,0.50,mixed,0.79,normal,-0.37,0,mm,-5333.89
107.983,137,163.6,-5984.24,-5984.24,1900,1900,155.05,155.06,155.0550,-0.11,0.03,0.00,chop,-0.00,calm,0.00,1300,mm,-1838.13,99.75,99.82,99.7942,-2.31,2.20,0.13,chop,-1.12,normal,-0.38,600,mm,1169.44,25.61,25.64,25.5409,3.44,1.84,0.50,mixed,0.79,normal,-0.37,0,mm,-5333.89
108.008,137,163.6,-5984.24,-5984.24,1900,1900,155.05,155.06,155.0550,-0.11,0.03,0.00,chop,-0.00,calm,0.00,1300,mm,-1838.13,99.75,99.82,99.7941,-2.30,2.20,0.13,chop,-1.12,normal,-0.38,600,mm,1169.44,25.61,25.64,25.5419,3.54,1.84,0.50,mixed,0.79,normal,-0.37,0,mm,-5333.89
108.034,137,163.6,-5984.24,-5984.24,1900,1900,155.05,155.06,155.0550,-0.11,0.03,0.00,chop,-0.00,calm,0.00,1300,mm,-1838.13,99.75,99.82,99.7940,-2.30,2.20,0.13,chop,-1.12,normal,-0.38,600,mm,1169.44,25.61,25.64,25.5429,3.63,1.84,0.50,mixed,0.79,normal,-0.37,0,mm,-5333.89
108.069,137,163.6,-5984.24,-5984.24,1900,1900,155.05,155.06,155.0550,-0.11,0.03,0.00,chop,-0.00,calm,0.00,1300,mm,-1838.13,99.75,99.82,99.7938,-2.29,2.20,0.13,chop,-1.12,normal,-0.38,600,mm,1163.44,25.62,25.65,25.5444,3.77,1.84,0.50,mixed,0.79,normal,-0.37,0,mm,-5333.89
108.086,137,163.6,-5984.24,-5984.24,1900,1900,155.05,155.06,155.0550,-0.11,0.03,0.00,chop,-0.00,calm,0.00,1300,mm,-1838.13,99.75,99.82,99.7938,-2.28,2.20,0.13,chop,-1.12,normal,-0.38,600,mm,1163.44,25.62,25.65,25.5452,3.85,1.84,0.50,mixed,0.79,normal,-0.37,0,mm,-5333.89
108.116,137,163.6,-5984.24,-5984.24,1900,1900,155.05,155.06,155.0550,-0.11,0.03,0.00,chop,-0.00,calm,0.00,1300,mm,-1838.13,99.75,99.82,99.7936,-2.28,2.20,0.13,chop,-1.12,normal,-0.38,600,mm,1163.44,25.62,25.65,25.5464,3.96,1.84,0.50,mixed,0.79,normal,-0.37,0,mm,-5333.89
108.137,137,163.6,-5984.24,-5984.24,1900,1900,155.05,155.06,155.0550,-0.11,0.03,0.00,chop,-0.00,calm,0.00,1300,mm,-1838.13,99.75,99.82,99.7936,-2.27,2.20,0.13,chop,-1.09,normal,-0.38,600,mm,1163.44,25.62,25.65,25.5473,4.04,1.84,0.56,TREND,0.96,normal,-0.37,0,mm,-5333.89
108.165,137,163.6,-5984.24,-5984.24,1900,1900,155.05,155.06,155.0550,-0.11,0.03,0.00,chop,-0.00,calm,0.00,1300,mm,-1838.13,99.75,99.82,99.7934,-2.27,2.20,0.13,chop,-1.09,normal,-0.38,600,mm,1163.44,25.62,25.65,25.5484,4.15,1.84,0.56,TREND,0.96,normal,-0.37,0,mm,-5333.89
108.198,137,163.6,-5984.24,-5984.24,1686,1686,155.05,155.06,155.0550,-0.11,0.03,0.00,chop,-0.00,calm,0.00,1300,mm,-1838.13,99.76,99.81,99.7933,-2.26,2.20,0.13,chop,-1.09,normal,-0.38,386,mm,1183.99,25.63,25.64,25.5498,4.26,1.84,0.56,TREND,0.96,normal,-0.37,0,mm,-5333.89
108.225,137,163.6,-5984.24,-5984.24,1686,1686,155.05,155.06,155.0550,-0.11,0.03,0.00,chop,-0.00,calm,0.00,1300,mm,-1838.13,99.76,99.81,99.7932,-2.25,2.20,0.13,chop,-1.09,normal,-0.38,386,mm,1183.99,25.63,25.64,25.5508,4.35,1.84,0.56,TREND,0.96,normal,-0.37,0,mm,-5333.89
108.249,137,163.6,-5984.24,-5984.24,1686,1686,155.05,155.06,155.0550,-0.11,0.03,0.00,chop,-0.00,calm,0.00,1300,mm,-1838.13,99.76,99.81,99.7931,-2.25,2.20,0.13,chop,-1.09,normal,-0.38,386,mm,1183.99,25.63,25.64,25.5518,4.43,1.84,0.56,TREND,0.96,normal,-0.37,0,mm,-5333.89
108.280,138,161.7,-5988.04,-5988.04,1686,1686,155.05,155.06,155.0550,-0.10,0.03,0.00,chop,-0.00,calm,0.00,1300,mm,-1838.13,99.76,99.81,99.7930,-2.24,2.20,0.13,chop,-1.09,normal,-0.65,386,mm,1183.99,25.63,25.64,25.5530,4.53,1.84,0.56,TREND,0.96,normal,-0.20,0,mm,-5333.89
108.299,138,161.7,-5988.04,-5988.04,1686,1686,155.05,155.06,155.0550,-0.10,0.03,0.00,chop,-0.00,calm,0.00,1300,mm,-1838.13,99.76,99.81,99.7929,-2.23,2.20,0.13,chop,-1.09,normal,-0.65,386,mm,1183.99,25.63,25.64,25.5537,4.59,1.84,0.56,TREND,0.96,normal,-0.20,0,mm,-5333.89
108.329,138,161.7,-5988.04,-5988.04,1686,1686,155.05,155.06,155.0550,-0.10,0.03,0.00,chop,-0.00,calm,0.00,1300,mm,-1838.13,99.79,99.8,99.7930,-2.20,2.20,0.13,chop,-1.09,normal,-0.65,386,mm,1183.99,25.63,25.64,25.5548,4.67,1.66,0.56,TREND,0.96,normal,-0.20,0,mm,-5333.89
108.353,138,161.7,-5988.04,-5988.04,1686,1686,155.05,155.06,155.0550,-0.10,0.03,0.00,chop,-0.00,calm,0.00,1300,mm,-1838.13,99.79,99.8,99.7930,-2.18,2.20,0.13,chop,-1.09,normal,-0.65,386,mm,1183.99,25.63,25.64,25.5558,4.74,1.66,0.56,TREND,0.96,normal,-0.20,0,mm,-5333.89
108.378,138,161.7,-5988.04,-5988.04,1686,1686,155.05,155.06,155.0550,-0.10,0.03,0.00,chop,-0.00,calm,0.00,1300,mm,-1838.13,99.79,99.8,99.7930,-2.15,2.20,0.13,chop,-1.09,normal,-0.65,386,mm,1183.99,25.63,25.64,25.5567,4.81,1.66,0.56,TREND,0.96,normal,-0.20,0,mm,-5333.89
108.402,138,161.7,-5988.04,-5988.04,1686,1686,155.05,155.06,155.0550,-0.10,0.03,0.00,chop,-0.00,calm,0.00,1300,mm,-1838.13,99.79,99.8,99.7930,-2.13,2.20,0.06,chop,-0.85,normal,-0.65,386,mm,1183.99,25.63,25.64,25.5576,4.87,1.66,0.89,TREND,0.98,stressed,-0.20,0,mm,-5333.89
108.428,138,161.7,-5988.04,-5988.04,1686,1686,155.05,155.06,155.0550,-0.10,0.03,0.00,chop,-0.00,calm,0.00,1300,mm,-1838.13,99.79,99.8,99.7931,-2.10,2.20,0.06,chop,-0.85,normal,-0.65,386,mm,1183.99,25.63,25.64,25.5585,4.94,1.66,0.89,TREND,0.98,stressed,-0.20,0,mm,-5333.89
108.457,138,161.7,-5988.04,-5988.04,1686,1686,155.05,155.06,155.0550,-0.10,0.03,0.00,chop,-0.00,calm,0.00,1300,mm,-1838.13,99.79,99.8,99.7931,-2.07,2.09,0.06,chop,-0.85,normal,-0.65,386,mm,1183.99,25.63,25.64,25.5596,5.01,1.66,0.89,TREND,0.98,stressed,-0.20,0,mm,-5333.89
108.477,138,161.7,-5988.04,-5988.04,1686,1686,155.05,155.06,155.0550,-0.10,0.03,0.00,chop,-0.00,calm,0.00,1300,mm,-1838.13,99.79,99.8,99.7931,-2.05,2.09,0.06,chop,-0.85,normal,-0.65,386,mm,1183.99,25.63,25.64,25.5603,5.06,1.66,0.89,TREND,0.98,stressed,-0.20,0,mm,-5333.89
108.504,138,161.7,-5988.04,-5988.04,1686,1686,155.05,155.06,155.0550,-0.10,0.03,0.00,chop,-0.00,calm,0.00,1300,mm,-1838.13,99.79,99.8,99.7931,-2.03,2.09,0.06,chop,-0.85,normal,-0.65,386,mm,1183.99,25.63,25.64,25.5612,5.12,1.66,0.89,TREND,0.98,stressed,-0.20,0,mm,-5333.89
108.530,138,161.7,-5988.04,-5988.04,1686,1686,155.05,155.06,155.0550,-0.10,0.03,0.00,chop,-0.00,calm,0.00,1300,mm,-1838.13,99.79,99.8,99.7931,-2.01,2.09,0.06,chop,-0.85,normal,-0.65,386,mm,1183.99,25.63,25.64,25.5621,5.17,1.66,0.89,TREND,0.98,stressed,-0.20,0,mm,-5333.89
108.555,138,161.7,-5988.04,-5988.04,1686,1686,155.05,155.06,155.0550,-0.10,0.03,0.00,chop,-0.00,calm,0.00,1300,mm,-1838.13,99.79,99.8,99.7932,-1.98,2.09,0.06,chop,-0.85,normal,-0.65,386,mm,1183.99,25.63,25.64,25.5630,5.22,1.66,0.89,TREND,0.98,stressed,-0.20,0,mm,-5333.89
108.592,138,161.7,-5988.04,-5988.04,1686,1686,155.05,155.06,155.0550,-0.10,0.03,0.00,chop,-0.00,calm,0.00,1300,mm,-1838.13,99.79,99.81,99.7933,-1.94,2.09,0.06,chop,-0.85,normal,-0.65,386,mm,1195.57,25.63,25.64,25.5642,5.30,1.66,0.89,TREND,0.98,stressed,-0.20,0,mm,-5333.89
108.613,138,161.7,-5988.04,-5988.04,1686,1686,155.05,155.06,155.0550,-0.10,0.03,0.00,chop,-0.00,calm,0.00,1300,mm,-1838.13,99.79,99.81,99.7933,-1.91,2.09,0.06,chop,-0.85,normal,-0.65,386,mm,1195.57,25.63,25.64,25.5649,5.33,1.66,0.89,TREND,0.98,stressed,-0.20,0,mm,-5333.89
108.640,138,161.7,-5988.04,-5988.04,1686,1686,155.05,155.06,155.0550,-0.10,0.03,0.00,chop,-0.00,calm,0.00,1300,mm,-1838.13,99.79,99.81,99.7934,-1.88,2.09,0.06,chop,-0.85,normal,-0.65,386,mm,1195.57,25.63,25.64,25.5658,5.38,1.66,0.89,TREND,0.98,stressed,-0.20,0,mm,-5333.89
108.678,138,161.7,-5988.04,-5988.04,1686,1686,155.05,155.06,155.0550,-0.10,0.03,0.00,chop,-0.00,calm,0.00,1300,mm,-1838.13,99.79,99.81,99.7936,-1.83,2.09,0.09,chop,-0.73,normal,-0.65,386,mm,1195.57,25.63,25.64,25.5670,5.45,1.66,0.89,TREND,1.04,stressed,-0.20,0,mm,-5333.89
108.693,138,161.7,-5988.04,-5988.04,1686,1686,155.05,155.06,155.0550,-0.10,0.03,0.00,chop,-0.00,calm,0.00,1300,mm,-1838.13,99.79,99.81,99.7936,-1.82,2.09,0.09,chop,-0.73,normal,-0.65,386,mm,1195.57,25.63,25.64,25.5675,5.47,1.66,0.89,TREND,1.04,stressed,-0.20,0,mm,-5333.89
108.718,138,161.7,-5988.04,-5988.04,1686,1686,155.05,155.06,155.0550,-0.10,0.03,0.00,chop,-0.00,calm,0.00,1300,mm,-1838.13,99.79,99.81,99.7937,-1.79,2.09,0.09,chop,-0.73,normal,-0.65,386,mm,1195.57,25.63,25.64,25.5683,5.51,1.66,0.89,TREND,1.04,stressed,-0.20,0,mm,-5333.89
108.742,138,161.7,-5988.04,-5988.04,1686,1686,155.05,155.06,155.0550,-0.10,0.03,0.00,chop,-0.00,calm,0.00,1300,mm,-1838.13,99.79,99.81,99.7937,-1.76,2.09,0.09,chop,-0.73,normal,-0.65,386,mm,1195.57,25.63,25.64,25.5691,5.55,1.66,0.89,TREND,1.04,stressed,-0.20,0,mm,-5333.89
108.767,138,161.7,-5988.04,-5988.04,1686,1686,155.05,155.06,155.0550,-0.10,0.03,0.00,chop,-0.00,calm,0.00,1300,mm,-1838.13,99.79,99.81,99.7938,-1.73,2.09,0.09,chop,-0.73,normal,-0.65,386,mm,1195.57,25.63,25.64,25.5698,5.58,1.66,0.89,TREND,1.04,stressed,-0.20,0,mm,-5333.89
108.798,138,162.6,-5988.04,-5988.04,1686,1686,155.05,155.06,155.0550,-0.10,0.03,0.00,chop,-0.00,calm,0.00,1300,mm,-1838.13,99.79,99.81,99.7939,-1.70,2.09,0.09,chop,-0.73,normal,-0.65,386,mm,1195.57,25.63,25.64,25.5708,5.62,1.66,0.89,TREND,1.04,stressed,-0.20,0,mm,-5333.89
108.820,138,162.6,-5988.04,-5988.04,1686,1686,155.05,155.06,155.0550,-0.10,0.03,0.00,chop,-0.00,calm,0.00,1300,mm,-1838.13,99.79,99.81,99.7940,-1.68,2.09,0.09,chop,-0.73,normal,-0.65,386,mm,1195.57,25.63,25.64,25.5714,5.65,1.66,0.89,TREND,1.04,stressed,-0.20,0,mm,-5333.89
108.846,138,162.6,-5988.04,-5988.04,1486,1486,155.05,155.06,155.0550,-0.09,0.03,0.00,chop,-0.00,calm,0.00,1300,mm,-1838.13,99.79,99.81,99.7940,-1.65,2.09,0.09,chop,-0.73,normal,-0.65,186,mm,1225.53,25.62,25.64,25.5722,5.67,1.62,0.89,TREND,1.04,stressed,-0.20,0,mm,-5333.89
108.874,138,162.6,-5988.04,-5988.04,1486,1486,155.05,155.06,155.0550,-0.09,0.03,0.00,chop,-0.00,calm,0.00,1300,mm,-1838.13,99.79,99.81,99.7941,-1.63,2.09,0.09,chop,-0.73,normal,-0.65,186,mm,1225.53,25.62,25.64,25.5729,5.70,1.62,0.89,TREND,1.04,stressed,-0.20,0,mm,-5333.89
108.899,138,162.6,-5988.04,-5988.04,1486,1486,155.05,155.06,155.0550,-0.09,0.03,0.00,chop,-0.00,calm,0.00,1300,mm,-1838.13,99.79,99.81,99.7942,-1.60,2.09,0.09,chop,-0.73,normal,-0.65,186,mm,1225.53,25.62,25.64,25.5736,5.71,1.62,0.89,TREND,1.04,stressed,-0.20,0,mm,-5333.89
108.925,138,162.6,-5988.04,-5988.04,1486,1486,155.05,155.06,155.0550,-0.09,0.03,0.00,chop,-0.00,calm,0.00,1300,mm,-1838.13,99.79,99.81,99.7943,-1.58,2.09,0.09,chop,-0.73,normal,-0.65,186,mm,1225.53,25.62,25.64,25.5742,5.73,1.62,0.89,TREND,1.04,stressed,-0.20,0,mm,-5333.89
108.948,138,162.6,-5988.04,-5988.04,1486,1486,155.05,155.06,155.0550,-0.09,0.03,0.00,chop,-0.00,calm,0.00,1300,mm,-1838.13,99.79,99.81,99.7943,-1.56,2.09,0.09,chop,-0.71,normal,-0.65,186,mm,1225.53,25.62,25.64,25.5749,5.75,1.62,0.84,TREND,0.95,stressed,-0.20,0,mm,-5333.89
108.972,138,162.6,-5988.04,-5988.04,1486,1486,155.05,155.06,155.0550,-0.09,0.03,0.00,chop,-0.00,calm,0.00,1300,mm,-1838.13,99.79,99.81,99.7944,-1.53,1.94,0.09,chop,-0.71,normal,-0.65,186,mm,1225.53,25.62,25.64,25.5755,5.76,1.62,0.84,TREND,0.95,stressed,-0.20,0,mm,-5333.89
108.999,138,162.6,-5988.04,-5988.04,1486,1486,155.05,155.06,155.0550,-0.09,0.03,0.00,chop,-0.00,calm,0.00,1300,mm,-1838.13,99.79,99.81,99.7945,-1.51,1.94,0.09,chop,-0.71,normal,-0.65,186,mm,1225.53,25.62,25.64,25.5762,5.77,1.62,0.84,TREND,0.95,stressed,-0.20,0,mm,-5333.89
109.026,138,162.6,-5988.04,-5988.04,1486,1486,155.05,155.06,155.0550,-0.09,0.03,0.00,chop,-0.00,calm,0.00,1300,mm,-1838.13,99.79,99.81,99.7945,-1.49,1.94,0.09,chop,-0.71,normal,-0.65,186,mm,1225.53,25.62,25.64,25.5769,5.79,1.62,0.84,TREND,0.95,stressed,-0.20,0,mm,-5333.89
109.051,138,162.6,-5988.04,-5988.04,1486,1486,155.05,155.06,155.0550,-0.09,0.03,0.00,chop,-0.00,calm,0.00,1300,mm,-1838.13,99.79,99.81,99.7946,-1.47,1.94,0.09,chop,-0.71,normal,-0.65,186,mm,1225.53,25.62,25.64,25.5775,5.80,1.62,0.84,TREND,0.95,stressed,-0.20,0,mm,-5333.89
109.095,138,162.6,-5988.04,-5988.04,2486,2486,155.05,155.07,155.0551,-0.07,0.03,0.00,chop,-0.00,calm,0.00,1300,mm,-1838.13,99.76,99.8,99.7943,-1.50,1.94,0.09,chop,-0.71,normal,-0.65,1186,mm,1240.33,25.62,25.63,25.5784,5.80,1.62,0.84,TREND,0.95,stressed,-0.20,0,mm,-5333.89
109.139,138,162.6,-5988.04,-5988.04,2486,2486,155.05,155.07,155.0552,-0.06,0.03,0.00,chop,-0.00,calm,0.00,1300,mm,-1838.13,99.76,99.8,99.7940,-1.53,1.94,0.09,chop,-0.71,normal,-0.65,1186,mm,1240.33,25.62,25.63,25.5794,5.80,1.62,0.84,TREND,0.95,stressed,-0.20,0,mm,-5333.89
109.154,138,162.6,-5988.04,-5988.04,2486,2486,155.05,155.07,155.0552,-0.05,0.03,0.00,chop,-0.00,calm,0.00,1300,mm,-1838.13,99.76,99.8,99.7939,-1.54,1.94,0.09,chop,-0.71,normal,-0.65,1186,mm,1240.33,25.62,25.63,25.5797,5.80,1.62,0.84,TREND,0.95,stressed,-0.20,0,mm,-5333.89
109.181,138,162.6,-5988.04,-5988.04,2486,2486,155.05,155.07,155.0553,-0.04,0.03,0.00,chop,-0.00,calm,0.00,1300,mm,-1838.13,99.76,99.8,99.7937,-1.56,1.94,0.09,chop,-0.71,normal,-0.65,1186,mm,1240.33,25.62,25.63,25.5803,5.80,1.62,0.84,TREND,0.95,stressed,-0.20,0,mm,-5333.89
109.218,138,162.6,-5988.04,-5988.04,2086,2086,155.06,155.07,155.0555,-0.01,0.03,1.00,mixed,1.98,calm,0.00,1300,mm,-1825.13,99.76,99.81,99.7936,-1.57,1.94,0.06,chop,-1.04,normal,-0.65,786,mm,1334.79,25.62,25.63,25.5811,5.79,1.62,0.79,TREND,0.90,stressed,-0.20,0,mm,-5333.89
109.256,138,162.6,-5988.04,-5988.04,2086,2086,155.06,155.07,155.0556,0.02,0.03,1.00,mixed,1.98,calm,0.00,1300,mm,-1825.13,99.76,99.81,99.7934,-1.58,1.94,0.06,chop,-1.04,normal,-0.65,786,mm,1334.79,25.62,25.63,25.5818,5.79,1.62,0.79,TREND,0.90,stressed,-0.20,0,mm,-5333.89
109.286,138,162.6,-5988.04,-5988.04,2086,2086,155.06,155.07,155.0558,0.04,0.03,1.00,mixed,1.98,calm,0.00,1300,mm,-1825.13,99.76,99.81,99.7933,-1.59,1.94,0.06,chop,-1.04,normal,-0.65,786,mm,1334.79,25.62,25.63,25.5824,5.78,1.62,0.79,TREND,0.90,stressed,-0.20,0,mm,-5333.89
109.306,139,160.7,-5824.24,-5824.24,2086,2086,155.06,155.07,155.0558,0.05,0.03,1.00,mixed,1.98,calm,0.45,1300,mm,-1825.13,99.76,99.81,99.7932,-1.59,1.94,0.06,chop,-1.04,normal,-1.00,786,mm,1334.79,25.62,25.63,25.5828,5.78,1.62,0.79,TREND,0.90,stressed,0.25,0,mm,-5333.89
109.328,139,160.7,-5824.24,-5824.24,2086,2086,155.06,155.07,155.0559,0.07,0.03,1.00,mixed,1.98,calm,0.45,1300,mm,-1825.13,99.76,99.81,99.7931,-1.59,1.94,0.06,chop,-1.04,normal,-1.00,786,mm,1334.79,25.62,25.63,25.5833,5.77,1.62,0.79,TREND,0.90,stressed,0.25,0,mm,-5333.89
109.372,139,160.7,-5824.24,-5824.24,2086,2086,155.06,155.08,155.0562,0.11,0.03,1.00,mixed,1.98,calm,0.45,1300,mm,-1825.13,99.79,99.8,99.7932,-1.57,1.94,0.06,chop,-1.04,normal,-1.00,786,mm,1319.07,25.62,25.65,25.5844,5.80,1.49,0.79,TREND,0.90,stressed,0.25,0,mm,-5333.89
109.435,139,160.7,-5824.24,-5824.24,2086,2086,155.06,155.08,155.0566,0.17,0.03,1.00,mixed,1.98,calm,0.45,1300,mm,-1825.13,99.79,99.8,99.7932,-1.53,1.94,0.06,chop,-1.04,normal,-1.00,786,mm,1319.07,25.62,25.65,25.5858,5.83,1.49,0.79,TREND,0.90,stressed,0.25,0,mm,-5333.89
109.456,139,160.7,-5824.24,-5824.24,2086,2086,155.06,155.08,155.0568,0.19,0.03,1.00,mixed,1.98,calm,0.45,1300,mm,-1825.13,99.79,99.8,99.7932,-1.52,1.94,0.06,chop,-1.04,normal,-1.00,786,mm,1319.07,25.62,25.65,25.5863,5.83,1.49,0.79,TREND,0.90,stressed,0.25,0,mm,-5333.89
109.482,139,160.7,-5824.24,-5824.24,2086,2086,155.06,155.08,155.0569,0.22,0.16,1.00,mixed,2.94,normal,0.45,1300,mm,-1825.13,99.79,99.8,99.7933,-1.50,1.78,0.01,chop,-0.78,normal,-1.00,786,mm,1319.07,25.62,25.65,25.5869,5.84,1.49,0.80,TREND,1.12,stressed,0.25,0,mm,-5333.89
109.508,139,160.7,-5824.24,-5824.24,2086,2086,155.06,155.08,155.0571,0.24,0.16,1.00,mixed,2.94,normal,0.45,1300,mm,-1825.13,99.79,99.8,99.7933,-1.49,1.78,0.01,chop,-0.78,normal,-1.00,786,mm,1319.07,25.62,25.65,25.5875,5.85,1.49,0.80,TREND,1.12,stressed,0.25,0,mm,-5333.89
109.534,139,160.7,-5824.24,-5824.24,2086,2086,155.06,155.08,155.0572,0.26,0.16,1.00,mixed,2.94,normal,0.45,1300,mm,-1825.13,99.79,99.8,99.7933,-1.47,1.78,0.01,chop,-0.78,normal,-1.00,786,mm,1319.07,25.62,25.65,25.5881,5.86,1.49,0.80,TREND,1.12,stressed,0.25,0,mm,-5333.89
109.559,139,160.7,-5824.24,-5824.24,2086,2086,155.06,155.08,155.0574,0.28,0.16,1.00,mixed,2.94,normal,0.45,1300,mm,-1825.13,99.79,99.8,99.7933,-1.46,1.78,0.01,chop,-0.78,normal,-1.00,786,mm,1319.07,25.62,25.65,25.5886,5.87,1.49,0.80,TREND,1.12,stressed,0.25,0,mm,-5333.89
109.628,139,160.7,-5824.24,-5824.24,2486,-914,155.07,155.08,155.0580,0.36,0.16,1.00,mixed,2.94,normal,0.45,-1700,mm,-1837.23,99.74,99.76,99.7919,-1.67,1.78,0.01,chop,-0.78,normal,-1.00,786,mm,1342.65,25.63,25.65,25.5903,5.91,1.49,0.80,TREND,1.12,stressed,0.25,0,mm,-5333.89
109.687,139,160.7,-5824.24,-5824.24,2486,-914,155.07,155.08,155.0584,0.43,0.16,1.00,mixed,2.94,normal,0.45,-1700,mm,-1837.23,99.74,99.76,99.7908,-1.83,1.78,0.01,chop,-0.78,normal,-1.00,786,mm,1342.65,25.63,25.65,25.5916,5.94,1.49,0.80,TREND,1.12,stressed,0.25,0,mm,-5333.89
109.709,139,160.7,-5824.24,-5824.24,2486,-914,155.07,155.08,155.0586,0.45,0.16,1.00,mixed,2.94,normal,0.45,-1700,mm,-1837.23,99.74,99.76,99.7904,-1.89,1.78,0.01,chop,-0.78,normal,-1.00,786,mm,1342.65,25.63,25.65,25.5921,5.95,1.49,0.80,TREND,1.12,stressed,0.25,0,mm,-5333.89
109.734,139,160.7,-5824.24,-5824.24,2486,-914,155.07,155.08,155.0588,0.47,0.16,1.00,mixed,3.89,normal,0.45,-1700,mm,-1837.23,99.74,99.76,99.7899,-1.95,1.78,0.11,chop,-1.81,normal,-1.00,786,mm,1342.65,25.63,25.65,25.5927,5.96,1.49,0.80,TREND,1.21,stressed,0.25,0,mm,-5333.89
109.760,139,160.7,-5824.24,-5824.24,2486,-914,155.07,155.08,155.0590,0.50,0.16,1.00,mixed,3.89,normal,0.45,-1700,mm,-1837.23,99.74,99.76,99.7894,-2.02,1.78,0.11,chop,-1.81,normal,-1.00,786,mm,1342.65,25.63,25.65,25.5933,5.97,1.49,0.80,TREND,1.21,stressed,0.25,0,mm,-5333.89
109.785,139,160.7,-5824.24,-5824.24,2486,-914,155.07,155.08,155.0592,0.52,0.16,1.00,mixed,3.89,normal,0.45,-1700,mm,-1837.23,99.74,99.76,99.7889,-2.08,1.78,0.11,chop,-1.81,normal,-1.00,786,mm,1342.65,25.63,25.65,25.5938,5.97,1.49,0.80,TREND,1.21,stressed,0.25,0,mm,-5333.89
109.817,139,161.6,-5824.24,-5824.24,2486,-914,155.07,155.08,155.0594,0.55,0.16,1.00,mixed,3.89,normal,0.45,-1700,mm,-1837.23,99.74,99.76,99.7884,-2.15,1.78,0.11,chop,-1.81,normal,-1.00,786,mm,1342.65,25.63,25.65,25.5945,5.98,1.49,0.80,TREND,1.21,stressed,0.25,0,mm,-5333.89
109.859,139,161.6,-5824.24,-5824.24,2486,-914,155.07,155.08,155.0597,0.59,0.16,1.00,mixed,3.89,normal,0.45,-1700,mm,-1837.23,99.74,99.76,99.7876,-2.24,1.78,0.11,chop,-1.81,normal,-1.00,786,mm,1319.07,25.63,25.64,25.5953,5.98,1.49,0.80,TREND,1.21,stressed,0.25,0,mm,-5333.89
109.903,139,161.6,-5824.24,-5824.24,2486,-914,155.07,155.08,155.0600,0.62,0.16,1.00,mixed,3.89,normal,0.45,-1700,mm,-1837.23,99.74,99.76,99.7868,-2.33,1.78,0.11,chop,-1.81,normal,-1.00,786,mm,1319.07,25.63,25.64,25.5961,5.97,1.41,0.80,TREND,1.21,stressed,0.25,0,mm,-5333.89
109.946,139,161.6,-5824.24,-5824.24,2486,-914,155.07,155.08,155.0603,0.65,0.16,1.00,mixed,3.89,normal,0.45,-1700,mm,-1837.23,99.74,99.76,99.7861,-2.42,1.78,0.11,chop,-1.81,normal,-1.00,786,mm,1319.07,25.63,25.64,25.5969,5.96,1.41,0.80,TREND,1.21,stressed,0.25,0,mm,-5333.89
109.961,139,161.6,-5824.24,-5824.24,2486,-914,155.07,155.08,155.0604,0.67,0.16,1.00,mixed,3.89,normal,0.45,-1700,mm,-1837.23,99.74,99.76,99.7859,-2.45,1.78,0.11,chop,-1.81,normal,-1.00,786,mm,1319.07,25.63,25.64,25.5972,5.95,1.41,0.80,TREND,1.21,stressed,0.25,0,mm,-5333.89
109.985,139,161.6,-5824.24,-5824.24,2486,-914,155.07,155.08,155.0606,0.68,0.17,1.00,mixed,3.84,normal,0.45,-1700,mm,-1837.23,99.74,99.76,99.7855,-2.49,2.00,0.24,chop,-1.77,normal,-1.00,786,mm,1319.07,25.63,25.64,25.5976,5.95,1.41,0.80,TREND,1.11,stressed,0.25,0,mm,-5333.89
110.008,139,161.6,-5824.24,-5824.24,2486,-914,155.07,155.08,155.0608,0.70,0.17,1.00,mixed,3.84,normal,0.45,-1700,mm,-1837.23,99.74,99.76,99.7851,-2.53,2.00,0.24,chop,-1.77,normal,-1.00,786,mm,1319.07,25.63,25.64,25.5980,5.94,1.41,0.80,TREND,1.11,stressed,0.25,0,mm,-5333.89
110.032,139,161.6,-5824.24,-5824.24,2486,-914,155.07,155.08,155.0609,0.71,0.17,1.00,mixed,3.84,normal,0.45,-1700,mm,-1837.23,99.74,99.76,99.7847,-2.57,2.00,0.24,chop,-1.77,normal,-1.00,786,mm,1319.07,25.63,25.64,25.5984,5.93,1.41,0.80,TREND,1.11,stressed,0.25,0,mm,-5333.89
110.058,139,161.6,-5824.24,-5824.24,2486,-914,155.07,155.08,155.0611,0.73,0.17,1.00,mixed,3.84,normal,0.45,-1700,mm,-1837.23,99.74,99.76,99.7843,-2.61,2.00,0.24,chop,-1.77,normal,-1.00,786,mm,1319.07,25.63,25.64,25.5988,5.92,1.41,0.80,TREND,1.11,stressed,0.25,0,mm,-5333.89
110.097,139,161.6,-5824.24,-5824.24,2514,-2514,155.07,155.08,155.0613,0.76,0.17,1.00,mixed,3.84,normal,0.45,-1700,mm,-1837.23,99.74,99.75,99.7835,-2.69,2.00,0.24,chop,-1.77,normal,-1.00,-814,mm,1298.75,25.63,25.64,25.5995,5.91,1.41,0.80,TREND,1.11,stressed,0.25,0,mm,-5333.89
110.153,139,161.6,-5824.24,-5824.24,2514,-2514,155.07,155.08,155.0617,0.79,0.17,1.00,mixed,3.84,normal,0.45,-1700,mm,-1837.23,99.74,99.75,99.7825,-2.79,2.00,0.24,chop,-1.77,normal,-1.00,-814,mm,1298.75,25.63,25.64,25.6004,5.89,1.41,0.80,TREND,1.11,stressed,0.25,0,mm,-5333.89
110.167,139,161.6,-5824.24,-5824.24,2514,-2514,155.07,155.08,155.0618,0.80,0.17,1.00,mixed,3.84,normal,0.45,-1700,mm,-1837.23,99.74,99.75,99.7823,-2.82,2.00,0.24,chop,-1.77,normal,-1.00,-814,mm,1298.75,25.63,25.64,25.6006,5.88,1.41,0.80,TREND,1.11,stressed,0.25,0,mm,-5333.89
110.193,139,161.6,-5824.24,-5824.24,2514,-2514,155.07,155.08,155.0619,0.81,0.17,1.00,mixed,3.84,normal,0.45,-1700,mm,-1837.23,99.74,99.75,99.7819,-2.86,2.00,0.24,chop,-1.77,normal,-1.00,-814,mm,1298.75,25.63,25.64,25.6011,5.87,1.41,0.80,TREND,1.11,stressed,0.25,0,mm,-5333.89
110.238,139,161.6,-5824.24,-5824.24,2514,-2514,155.07,155.08,155.0622,0.83,0.17,1.00,mixed,3.79,normal,0.45,-1700,mm,-1837.23,99.74,99.75,99.7811,-2.93,2.00,0.21,chop,-1.83,normal,-1.00,-814,mm,1355.73,25.63,25.64,25.6018,5.85,1.41,0.80,TREND,1.10,stressed,0.25,0,mm,-5333.89
110.284,139,161.6,-5824.24,-5824.24,2514,-2514,155.07,155.08,155.0625,0.86,0.17,1.00,mixed,3.79,normal,0.45,-1700,mm,-1837.23,99.74,99.75,99.7803,-3.00,2.00,0.21,chop,-1.83,normal,-1.00,-814,mm,1355.73,25.63,25.64,25.6025,5.83,1.41,0.80,TREND,1.10,stressed,0.25,0,mm,-5333.89
110.308,139,161.6,-5824.24,-5824.24,2514,-2514,155.07,155.08,155.0626,0.87,0.17,1.00,mixed,3.79,normal,0.45,-1700,mm,-1837.23,99.74,99.75,99.7799,-3.04,2.00,0.21,chop,-1.83,normal,-1.00,-814,mm,1355.73,25.63,25.64,25.6029,5.82,1.41,0.80,TREND,1.10,stressed,0.25,0,mm,-5333.89
110.344,140,159.8,-5815.40,-5815.40,2514,-2514,155.07,155.08,155.0628,0.88,0.17,1.00,mixed,3.79,normal,0.89,-1700,mm,-1837.23,99.74,99.81,99.7798,-3.00,2.00,0.21,chop,-1.83,normal,-0.83,-814,mm,1355.73,25.63,25.64,25.6034,5.80,1.41,0.80,TREND,1.10,stressed,0.46,0,mm,-5333.89
110.386,140,159.8,-5815.40,-5815.40,2514,-2514,155.07,155.08,155.0631,0.90,0.17,1.00,mixed,3.79,normal,0.89,-1700,mm,-1837.23,99.74,99.81,99.7797,-2.96,2.00,0.21,chop,-1.83,normal,-0.83,-814,mm,1347.59,25.63,25.64,25.6040,5.78,1.41,0.80,TREND,1.10,stressed,0.46,0,mm,-5333.89
110.415,140,159.8,-5815.40,-5815.40,2514,-2514,155.07,155.08,155.0632,0.91,0.17,1.00,mixed,3.79,normal,0.89,-1700,mm,-1837.23,99.74,99.81,99.7797,-2.93,2.00,0.21,chop,-1.83,normal,-0.83,-814,mm,1347.59,25.63,25.64,25.6044,5.77,1.34,0.80,TREND,1.10,stressed,0.46,0,mm,-5333.89
110.436,140,159.8,-5815.40,-5815.40,2514,-2514,155.07,155.08,155.0634,0.92,0.17,1.00,mixed,3.79,normal,0.89,-1700,mm,-1837.23,99.74,99.81,99.7796,-2.91,2.00,0.21,chop,-1.83,normal,-0.83,-814,mm,1347.59,25.63,25.64,25.6047,5.76,1.34,0.80,TREND,1.10,stressed,0.46,0,mm,-5333.89
110.461,140,159.8,-5815.40,-5815.40,2514,-2514,155.07,155.08,155.0635,0.93,0.17,1.00,mixed,3.79,normal,0.89,-1700,mm,-1837.23,99.74,99.81,99.7796,-2.88,2.00,0.21,chop,-1.83,normal,-0.83,-814,mm,1347.59,25.63,25.64,25.6051,5.74,1.34,0.80,TREND,1.10,stressed,0.46,0,mm,-5333.89
110.486,140,159.8,-5815.40,-5815.40,2514,-2514,155.07,155.08,155.0636,0.94,0.17,1.00,mixed,3.79,normal,0.89,-1700,mm,-1837.23,99.74,99.81,99.7795,-2.86,2.07,0.21,chop,-1.83,normal,-0.83,-814,mm,1347.59,25.63,25.64,25.6054,5.73,1.34,0.80,TREND,1.10,stressed,0.46,0,mm,-5333.89
110.513,140,159.8,-5815.40,-5815.40,2514,-2514,155.07,155.08,155.0638,0.95,0.17,1.00,mixed,3.74,normal,0.89,-1700,mm,-1837.23,99.74,99.81,99.7794,-2.83,2.07,0.09,chop,-1.11,normal,-0.83,-814,mm,1347.59,25.63,25.64,25.6058,5.71,1.34,0.80,TREND,1.08,stressed,0.46,0,mm,-5333.89
110.540,140,159.8,-5815.40,-5815.40,2514,-2514,155.07,155.08,155.0639,0.95,0.17,1.00,mixed,3.74,normal,0.89,-1700,mm,-1837.23,99.74,99.81,99.7794,-2.81,2.07,0.09,chop,-1.11,normal,-0.83,-814,mm,1347.59,25.63,25.64,25.6062,5.70,1.34,0.80,TREND,1.08,stressed,0.46,0,mm,-5333.89
110.564,140,159.8,-5815.40,-5815.40,2514,-2514,155.07,155.08,155.0640,0.96,0.17,1.00,mixed,3.74,normal,0.89,-1700,mm,-1837.23,99.74,99.81,99.7793,-2.79,2.07,0.09,chop,-1.11,normal,-0.83,-814,mm,1347.59,25.63,25.64,25.6065,5.68,1.34,0.80,TREND,1.08,stressed,0.46,0,mm,-5333.89
110.595,140,159.8,-5815.40,-5815.40,2614,-2614,155.07,155.08,155.0642,0.97,0.17,1.00,mixed,3.74,normal,0.89,-1700,mm,-1837.23,99.81,99.83,99.7799,-2.65,2.07,0.09,chop,-1.11,normal,-0.83,-914,mm,1289.41,25.63,25.64,25.6069,5.67,1.34,0.80,TREND,1.08,stressed,0.46,0,mm,-5333.89
110.631,140,159.8,-5815.40,-5815.40,2614,-2614,155.07,155.08,155.0644,0.98,0.17,1.00,mixed,3.74,normal,0.89,-1700,mm,-1837.23,99.81,99.83,99.7806,-2.49,2.07,0.09,chop,-1.11,normal,-0.83,-914,mm,1289.41,25.63,25.64,25.6074,5.65,1.34,0.80,TREND,1.08,stressed,0.46,0,mm,-5333.89
110.654,140,159.8,-5815.40,-5815.40,2614,-2614,155.07,155.08,155.0645,0.99,0.17,1.00,mixed,3.74,normal,0.89,-1700,mm,-1837.23,99.81,99.83,99.7810,-2.39,2.07,0.09,chop,-1.11,normal,-0.83,-914,mm,1289.41,25.63,25.64,25.6077,5.63,1.34,0.80,TREND,1.08,stressed,0.46,0,mm,-5333.89
110.681,140,159.8,-5815.40,-5815.40,2614,-2614,155.07,155.08,155.0646,0.99,0.17,1.00,mixed,3.74,normal,0.89,-1700,mm,-1837.23,99.81,99.83,99.7815,-2.28,2.07,0.09,chop,-1.11,normal,-0.83,-914,mm,1289.41,25.63,25.64,25.6080,5.62,1.34,0.80,TREND,1.08,stressed,0.46,0,mm,-5333.89
110.707,140,159.8,-5815.40,-5815.40,2614,-2614,155.07,155.08,155.0647,1.00,0.17,1.00,mixed,3.74,normal,0.89,-1700,mm,-1837.23,99.81,99.83,99.7820,-2.18,2.07,0.09,chop,-1.11,normal,-0.83,-914,mm,1289.41,25.63,25.64,25.6084,5.60,1.34,0.80,TREND,1.08,stressed,0.46,0,mm,-5333.89
110.738,140,159.8,-5815.40,-5815.40,2614,-2614,155.07,155.08,155.0649,1.00,0.17,1.00,mixed,3.74,normal,0.89,-1700,mm,-1837.23,99.81,99.83,99.7825,-2.06,2.07,0.09,chop,-1.11,normal,-0.83,-914,mm,1289.41,25.63,25.64,25.6088,5.58,1.34,0.80,TREND,1.08,stressed,0.46,0,mm,-5333.89
110.761,140,159.8,-5815.40,-5815.40,2614,-2614,155.07,155.08,155.0650,1.01,0.17,1.00,mixed,3.74,normal,0.89,-1700,mm,-1837.23,99.81,99.83,99.7829,-1.97,2.07,0.09,chop,-1.11,normal,-0.83,-914,mm,1289.41,25.63,25.64,25.6090,5.57,1.34,0.80,TREND,1.08,stressed,0.46,0,mm,-5333.89
110.786,140,159.8,-5815.40,-5815.40,2614,-2614,155.07,155.08,155.0651,1.01,0.17,1.00,mixed,3.57,normal,0.89,-1700,mm,-1837.23,99.81,99.83,99.7834,-1.88,2.07,0.04,chop,-0.01,normal,-0.83,-914,mm,1289.41,25.63,25.64,25.6093,5.55,1.34,0.79,TREND,1.06,stressed,0.46,0,mm,-5333.89
110.812,140,159.8,-5815.40,-5815.40,2614,-2614,155.07,155.08,155.0652,1.02,0.17,1.00,mixed,3.57,normal,0.89,-1700,mm,-1837.23,99.81,99.83,99.7838,-1.78,2.07,0.04,chop,-0.01,normal,-0.83,-914,mm,1289.41,25.63,25.64,25.6097,5.53,1.34,0.79,TREND,1.06,stressed,0.46,0,mm,-5333.89
110.849,140,160.7,-5815.40,-5815.40,2114,-2114,155.07,155.08,155.0654,1.03,0.17,1.00,mixed,3.57,normal,0.89,-1700,mm,-1837.23,99.75,99.76,99.7833,-1.85,2.07,0.04,chop,-0.01,normal,-0.83,-414,mm,1319.97,25.63,25.64,25.6101,5.51,1.34,0.79,TREND,1.06,stressed,0.46,0,mm,-5333.89
110.884,140,160.7,-5815.40,-5815.40,2114,-2114,155.07,155.08,155.0656,1.03,0.17,1.00,mixed,3.57,normal,0.89,-1700,mm,-1837.23,99.75,99.76,99.7829,-1.91,2.07,0.04,chop,-0.01,normal,-0.83,-414,mm,1319.97,25.63,25.64,25.6105,5.49,1.34,0.79,TREND,1.06,stressed,0.46,0,mm,-5333.89
110.908,140,160.7,-5815.40,-5815.40,2114,-2114,155.07,155.08,155.0657,1.04,0.17,1.00,mixed,3.57,normal,0.89,-1700,mm,-1837.23,99.75,99.76,99.7826,-1.95,2.07,0.04,chop,-0.01,normal,-0.83,-414,mm,1319.97,25.63,25.64,25.6108,5.47,1.34,0.79,TREND,1.06,stressed,0.46,0,mm,-5333.89
110.950,140,160.7,-5815.40,-5815.40,2114,-2114,155.07,155.08,155.0659,1.04,0.17,1.00,mixed,3.57,normal,0.89,-1700,mm,-1837.23,99.75,99.76,99.7820,-2.01,2.07,0.04,chop,-0.01,normal,-0.83,-414,mm,1319.97,25.63,25.64,25.6112,5.44,1.26,0.79,TREND,1.06,stressed,0.46,0,mm,-5333.89
110.961,140,160.7,-5815.40,-5815.40,2114,-2114,155.07,155.08,155.0659,1.04,0.17,1.00,mixed,3.57,normal,0.89,-1700,mm,-1837.23,99.75,99.76,99.7819,-2.03,2.07,0.04,chop,-0.01,normal,-0.83,-414,mm,1319.97,25.63,25.64,25.6114,5.43,1.26,0.79,TREND,1.06,stressed,0.46,0,mm,-5333.89
110.987,140,160.7,-5815.40,-5815.40,2114,-2114,155.07,155.08,155.0660,1.05,0.17,1.00,mixed,3.57,normal,0.89,-1700,mm,-1837.23,99.75,99.76,99.7815,-2.07,2.02,0.04,chop,-0.01,normal,-0.83,-414,mm,1319.97,25.63,25.64,25.6117,5.42,1.26,0.79,TREND,1.06,stressed,0.46,0,mm,-5333.89
111.012,140,160.7,-5815.40,-5815.40,2114,-2114,155.07,155.08,155.0661,1.05,0.17,1.00,mixed,3.57,normal,0.89,-1700,mm,-1837.23,99.75,99.76,99.7812,-2.10,2.02,0.04,chop,-0.01,normal,-0.83,-414,mm,1319.97,25.63,25.64,25.6119,5.40,1.26,0.79,TREND,1.06,stressed,0.46,0,mm,-5333.89
111.039,140,160.7,-5815.40,-5815.40,2114,-2114,155.07,155.08,155.0662,1.05,0.17,1.00,mixed,3.30,normal,0.89,-1700,mm,-1837.23,99.75,99.76,99.7809,-2.14,2.02,0.13,chop,-1.57,normal,-0.83,-414,mm,1319.97,25.63,25.64,25.6122,5.38,1.26,0.79,TREND,1.04,stressed,0.46,0,mm,-5333.89
111.064,140,160.7,-5815.40,-5815.40,2114,-2114,155.07,155.08,155.0663,1.05,0.17,1.00,mixed,3.30,normal,0.89,-1700,mm,-1837.23,99.75,99.76,99.7806,-2.17,2.02,0.13,chop,-1.57,normal,-0.83,-414,mm,1319.97,25.63,25.64,25.6125,5.37,1.26,0.79,TREND,1.04,stressed,0.46,0,mm,-5333.89
111.092,140,160.7,-5815.40,-5815.40,2114,-2114,155.07,155.08,155.0664,1.06,0.17,1.00,mixed,3.30,normal,0.89,-1700,mm,-1837.23,99.75,99.76,99.7803,-2.21,2.02,0.13,chop,-1.57,normal,-0.83,-414,mm,1319.97,25.63,25.64,25.6128,5.35,1.26,0.79,TREND,1.04,stressed,0.46,0,mm,-5333.89
111.117,140,160.7,-5815.40,-5815.40,2114,-2114,155.07,155.08,155.0665,1.06,0.17,1.00,mixed,3.30,normal,0.89,-1700,mm,-1837.23,99.75,99.76,99.7800,-2.24,2.02,0.13,chop,-1.57,normal,-0.83,-414,mm,1332.39,25.63,25.64,25.6130,5.33,1.26,0.79,TREND,1.04,stressed,0.46,0,mm,-5333.89
111.143,140,160.7,-5815.40,-5815.40,2114,-2114,155.07,155.08,155.0666,1.06,0.17,1.00,mixed,3.30,normal,0.89,-1700,mm,-1837.23,99.75,99.76,99.7797,-2.27,2.02,0.13,chop,-1.57,normal,-0.83,-414,mm,1332.39,25.63,25.64,25.6133,5.31,1.26,0.79,TREND,1.04,stressed,0.46,0,mm,-5333.89
111.169,140,160.7,-5815.40,-5815.40,2114,-2114,155.07,155.08,155.0668,1.06,0.17,1.00,mixed,3.30,normal,0.89,-1700,mm,-1837.23,99.75,99.76,99.7794,-2.30,2.02,0.13,chop,-1.57,normal,-0.83,-414,mm,1332.39,25.63,25.64,25.6136,5.29,1.26,0.79,TREND,1.04,stressed,0.46,0,mm,-5333.89
111.206,140,160.7,-5815.40,-5815.40,3114,-3114,155.07,155.08,155.0669,1.06,0.17,1.00,mixed,3.30,normal,0.89,-1700,mm,-1837.23,99.74,99.76,99.7789,-2.35,2.02,0.13,chop,-1.57,normal,-0.83,-414,mm,1332.39,25.62,25.65,25.6139,5.27,1.26,0.79,TREND,1.04,stressed,0.46,-1000,mm,-5332.79
111.253,140,160.7,-5815.40,-5815.40,3114,-3114,155.07,155.08,155.0671,1.07,0.17,1.00,mixed,3.30,normal,0.89,-1700,mm,-1837.23,99.74,99.76,99.7782,-2.41,2.02,0.13,chop,-1.57,normal,-0.83,-414,mm,1332.39,25.62,25.65,25.6144,5.23,1.26,0.79,TREND,1.04,stressed,0.46,-1000,mm,-5332.79
111.274,140,160.7,-5815.40,-5815.40,3114,-3114,155.07,155.08,155.0671,1.07,0.17,1.00,mixed,3.30,normal,0.89,-1700,mm,-1837.23,99.74,99.76,99.7780,-2.44,2.02,0.13,chop,-1.57,normal,-0.83,-414,mm,1332.39,25.62,25.65,25.6146,5.22,1.26,0.79,TREND,1.04,stressed,0.46,-1000,mm,-5332.79
111.293,140,160.7,-5815.40,-5815.40,3114,-3114,155.07,155.08,155.0672,1.07,0.17,1.00,mixed,3.06,normal,0.89,-1700,mm,-1837.23,99.74,99.76,99.7777,-2.46,2.02,0.14,chop,-1.64,normal,-0.83,-414,mm,1332.39,25.62,25.65,25.6148,5.20,1.26,0.78,TREND,1.01,stressed,0.46,-1000,mm,-5332.79
111.316,140,160.7,-5815.40,-5815.40,3114,-3114,155.07,155.08,155.0673,1.07,0.17,1.00,mixed,3.06,normal,0.89,-1700,mm,-1837.23,99.74,99.76,99.7774,-2.49,2.02,0.14,chop,-1.64,normal,-0.83,-414,mm,1332.39,25.62,25.65,25.6150,5.19,1.26,0.78,TREND,1.01,stressed,0.46,-1000,mm,-5332.79
111.349,141,158.8,-5837.64,-5837.64,3114,-3114,155.07,155.08,155.0674,1.07,0.17,1.00,mixed,3.06,normal,0.89,-1700,mm,-1837.23,99.74,99.76,99.7770,-2.53,2.02,0.14,chop,-1.64,normal,-1.06,-414,mm,1332.39,25.63,25.66,25.6155,5.19,1.26,0.78,TREND,1.01,stressed,0.54,-1000,mm,-5332.79
111.376,141,158.8,-5837.64,-5837.64,3114,-3114,155.07,155.08,155.0675,1.07,0.17,1.00,mixed,3.06,normal,0.89,-1700,mm,-1837.23,99.74,99.75,99.7766,-2.57,2.02,0.14,chop,-1.64,normal,-1.06,-414,mm,1332.39,25.63,25.66,25.6158,5.19,1.26,0.78,TREND,1.01,stressed,0.54,-1000,mm,-5332.79
111.406,141,158.8,-5837.64,-5837.64,3114,-3114,155.07,155.08,155.0676,1.07,0.17,1.00,mixed,3.06,normal,0.89,-1700,mm,-1837.23,99.74,99.75,99.7761,-2.62,2.02,0.14,chop,-1.64,normal,-1.06,-414,mm,1332.39,25.63,25.66,25.6163,5.19,1.26,0.78,TREND,1.01,stressed,0.54,-1000,mm,-5332.79
111.431,141,158.8,-5837.64,-5837.64,3114,-3114,155.07,155.08,155.0677,1.07,0.17,1.00,mixed,3.06,normal,0.89,-1700,mm,-1837.23,99.74,99.75,99.7758,-2.65,2.02,0.14,chop,-1.64,normal,-1.06,-414,mm,1332.39,25.63,25.66,25.6166,5.19,1.26,0.78,TREND,1.01,stressed,0.54,-1000,mm,-5332.79
111.454,141,158.8,-5837.64,-5837.64,3114,-3114,155.07,155.08,155.0678,1.07,0.17,1.00,mixed,3.06,normal,0.89,-1700,mm,-1837.23,99.74,99.75,99.7754,-2.68,2.02,0.14,chop,-1.64,normal,-1.06,-414,mm,1332.39,25.63,25.66,25.6169,5.19,1.17,0.78,TREND,1.01,stressed,0.54,-1000,mm,-5332.79
111.481,141,158.8,-5837.64,-5837.64,3114,-3114,155.07,155.08,155.0679,1.07,0.17,1.00,mixed,3.06,normal,0.89,-1700,mm,-1837.23,99.74,99.75,99.7751,-2.72,2.02,0.14,chop,-1.64,normal,-1.06,-414,mm,1332.39,25.63,25.66,25.6173,5.19,1.17,0.78,TREND,1.01,stressed,0.54,-1000,mm,-5332.79
111.505,141,158.8,-5837.64,-5837.64,3114,-3114,155.07,155.08,155.0680,1.07,0.17,1.00,mixed,3.06,normal,0.89,-1700,mm,-1837.23,99.74,99.75,99.7747,-2.75,1.88,0.14,chop,-1.64,normal,-1.06,-414,mm,1332.39,25.63,25.66,25.6176,5.19,1.17,0.78,TREND,1.01,stressed,0.54,-1000,mm,-5332.79
111.532,141,158.8,-5837.64,-5837.64,3114,-3114,155.07,155.08,155.0680,1.07,0.17,1.00,mixed,3.06,normal,0.89,-1700,mm,-1837.23,99.74,99.75,99.7743,-2.78,1.88,0.14,chop,-1.64,normal,-1.06,-414,mm,1332.39,25.63,25.66,25.6179,5.19,1.17,0.78,TREND,1.01,stressed,0.54,-1000,mm,-5332.79
111.557,141,158.8,-5837.64,-5837.64,3114,-3114,155.07,155.08,155.0681,1.07,0.17,1.00,mixed,2.86,normal,0.89,-1700,mm,-1837.23,99.74,99.75,99.7740,-2.81,1.88,0.09,chop,-1.72,normal,-1.06,-414,mm,1332.39,25.63,25.66,25.6182,5.19,1.17,0.84,TREND,1.15,stressed,0.54,-1000,mm,-5332.79
111.584,141,158.8,-5837.64,-5837.64,3114,-3114,155.07,155.08,155.0682,1.07,0.17,1.00,mixed,2.86,normal,0.89,-1700,mm,-1837.23,99.74,99.75,99.7736,-2.84,1.88,0.09,chop,-1.72,normal,-1.06,-414,mm,1332.39,25.63,25.66,25.6186,5.18,1.17,0.84,TREND,1.15,stressed,0.54,-1000,mm,-5332.79
111.615,141,158.8,-5837.64,-5837.64,3114,-3114,155.07,155.08,155.0683,1.07,0.17,1.00,mixed,2.86,normal,0.89,-1700,mm,-1837.23,99.74,99.75,99.7732,-2.87,1.88,0.09,chop,-1.72,normal,-1.06,-414,mm,1332.39,25.63,25.66,25.6190,5.18,1.17,0.84,TREND,1.15,stressed,0.54,-1000,mm,-5332.79
111.647,141,158.8,-5837.64,-5837.64,4114,-4114,155.07,155.08,155.0684,1.07,0.17,1.00,mixed,2.86,normal,0.89,-1700,mm,-1837.23,99.74,99.76,99.7729,-2.89,1.88,0.09,chop,-1.72,normal,-1.06,-1414,mm,1330.39,25.63,25.64,25.6192,5.15,1.17,0.84,TREND,1.15,stressed,0.54,-1000,mm,-5322.79
111.683,141,158.8,-5837.64,-5837.64,4114,-4114,155.07,155.08,155.0685,1.07,0.17,1.00,mixed,2.86,normal,0.89,-1700,mm,-1837.23,99.74,99.76,99.7725,-2.91,1.88,0.09,chop,-1.72,normal,-1.06,-1414,mm,1330.39,25.63,25.64,25.6195,5.11,1.17,0.84,TREND,1.15,stressed,0.54,-1000,mm,-5322.79
111.710,141,158.8,-5837.64,-5837.64,4114,-4114,155.07,155.08,155.0686,1.07,0.17,1.00,mixed,2.86,normal,0.89,-1700,mm,-1837.23,99.74,99.76,99.7722,-2.93,1.88,0.09,chop,-1.72,normal,-1.06,-1414,mm,1330.39,25.63,25.64,25.6197,5.09,1.17,0.84,TREND,1.15,stressed,0.54,-1000,mm,-5322.79
111.736,141,158.8,-5837.64,-5837.64,4114,-4114,155.07,155.08,155.0687,1.07,0.17,1.00,mixed,2.86,normal,0.89,-1700,mm,-1837.23,99.74,99.76,99.7719,-2.94,1.88,0.09,chop,-1.72,normal,-1.06,-1414,mm,1330.39,25.63,25.64,25.6198,5.06,1.17,0.84,TREND,1.15,stressed,0.54,-1000,mm,-5322.79
111.761,141,158.8,-5837.64,-5837.64,4114,-4114,155.07,155.08,155.0688,1.06,0.17,1.00,mixed,2.86,normal,0.89,-1700,mm,-1837.23,99.74,99.76,99.7717,-2.95,1.88,0.09,chop,-1.72,normal,-1.06,-1414,mm,1330.39,25.63,25.64,25.6200,5.04,1.17,0.84,TREND,1.15,stressed,0.54,-1000,mm,-5322.79
111.783,141,158.8,-5837.64,-5837.64,4114,-4114,155.07,155.08,155.0688,1.06,0.17,1.00,mixed,2.86,normal,0.89,-1700,mm,-1837.23,99.74,99.76,99.7714,-2.96,1.88,0.09,chop,-1.72,normal,-1.06,-1414,mm,1330.39,25.63,25.64,25.6202,5.02,1.17,0.84,TREND,1.15,stressed,0.54,-1000,mm,-5322.79
111.810,141,158.8,-5837.64,-5837.64,4114,-4114,155.07,155.08,155.0689,1.06,0.17,1.00,mixed,2.69,normal,0.89,-1700,mm,-1837.23,99.74,99.76,99.7712,-2.97,1.88,0.09,chop,-1.57,normal,-1.06,-1414,mm,1330.39,25.63,25.64,25.6204,4.99,1.17,0.75,TREND,0.96,stressed,0.54,-1000,mm,-5322.79
111.835,141,158.8,-5837.64,-5837.64,4114,-4114,155.07,155.08,155.0690,1.06,0.17,1.00,mixed,2.69,normal,0.89,-1700,mm,-1837.23,99.74,99.76,99.7709,-2.98,1.88,0.09,chop,-1.57,normal,-1.06,-1414,mm,1330.39,25.63,25.64,25.6205,4.97,1.17,0.75,TREND,0.96,stressed,0.54,-1000,mm,-5322.79
111.865,141,159.7,-5837.64,-5837.64,4114,-4114,155.07,155.08,155.0691,1.06,0.17,1.00,mixed,2.69,normal,0.89,-1700,mm,-1837.23,99.74,99.76,99.7706,-2.99,1.88,0.09,chop,-1.57,normal,-1.06,-1414,mm,1330.39,25.63,25.64,25.6207,4.94,1.17,0.75,TREND,0.96,stressed,0.54,-1000,mm,-5322.79
111.900,141,159.7,-5837.64,-5837.64,4214,-3014,155.07,155.08,155.0692,1.06,0.17,1.00,mixed,2.69,normal,0.89,-1700,mm,-1837.23,99.74,99.76,99.7703,-3.00,1.88,0.09,chop,-1.57,normal,-1.06,-1914,mm,1296.11,25.63,25.65,25.6211,4.92,1.17,0.75,TREND,0.96,stressed,0.54,600,mm,-5301.03
111.927,141,159.7,-5837.64,-5837.64,4214,-3014,155.07,155.08,155.0692,1.05,0.17,1.00,mixed,2.69,normal,0.89,-1700,mm,-1837.23,99.74,99.76,99.7700,-3.01,1.88,0.09,chop,-1.57,normal,-1.06,-1914,mm,1296.11,25.63,25.65,25.6213,4.91,1.17,0.75,TREND,0.96,stressed,0.54,600,mm,-5301.03
111.945,141,159.7,-5837.64,-5837.64,4214,-3014,155.07,155.08,155.0693,1.05,0.17,1.00,mixed,2.69,normal,0.89,-1700,mm,-1837.23,99.74,99.76,99.7699,-3.02,1.88,0.09,chop,-1.57,normal,-1.06,-1914,mm,1296.11,25.63,25.65,25.6215,4.90,1.17,0.75,TREND,0.96,stressed,0.54,600,mm,-5301.03
111.968,141,159.7,-5837.64,-5837.64,4214,-3014,155.07,155.08,155.0693,1.05,0.17,1.00,mixed,2.69,normal,0.89,-1700,mm,-1837.23,99.74,99.76,99.7697,-3.02,1.88,0.09,chop,-1.57,normal,-1.06,-1914,mm,1296.11,25.63,25.65,25.6217,4.89,1.16,0.75,TREND,0.96,stressed,0.54,600,mm,-5301.03
111.998,141,159.7,-5837.64,-5837.64,4214,-3014,155.07,155.08,155.0694,1.05,0.17,1.00,mixed,2.69,normal,0.89,-1700,mm,-1837.23,99.74,99.76,99.7694,-3.03,1.88,0.09,chop,-1.57,normal,-1.06,-1914,mm,1296.11,25.63,25.65,25.6219,4.87,1.16,0.75,TREND,0.96,stressed,0.54,600,mm,-5301.03
112.021,141,159.7,-5837.64,-5837.64,4214,-3014,155.07,155.08,155.0695,1.05,0.16,1.00,mixed,2.69,normal,0.89,-1700,mm,-1837.23,99.74,99.76,99.7692,-3.04,1.78,0.09,chop,-1.57,normal,-1.06,-1914,mm,1296.11,25.63,25.65,25.6221,4.86,1.16,0.75,TREND,0.96,stressed,0.54,600,mm,-5301.03
112.046,141,159.7,-5837.64,-5837.64,4214,-3014,155.07,155.08,155.0695,1.05,0.16,1.00,mixed,2.69,normal,0.89,-1700,mm,-1837.23,99.74,99.76,99.7689,-3.04,1.78,0.09,chop,-1.57,normal,-1.06,-1914,mm,1296.11,25.63,25.65,25.6223,4.84,1.16,0.75,TREND,0.96,stressed,0.54,600,mm,-5301.03
112.075,141,159.7,-5837.64,-5837.64,4214,-3014,155.07,155.08,155.0696,1.04,0.16,1.00,mixed,2.55,normal,0.89,-1700,mm,-1837.23,99.74,99.76,99.7687,-3.05,1.78,0.08,chop,-1.56,normal,-1.06,-1914,mm,1296.11,25.63,25.65,25.6225,4.83,1.16,0.76,TREND,1.02,stressed,0.54,600,mm,-5301.03
112.098,141,159.7,-5837.64,-5837.64,4214,-3014,155.07,155.08,155.0697,1.04,0.16,1.00,mixed,2.55,normal,0.89,-1700,mm,-1837.23,99.74,99.76,99.7685,-3.05,1.78,0.08,chop,-1.56,normal,-1.06,-1914,mm,1296.11,25.63,25.65,25.6227,4.82,1.16,0.76,TREND,1.02,stressed,0.54,600,mm,-5301.03
112.128,141,159.7,-5837.64,-5837.64,4214,-3014,155.07,155.08,155.0697,1.04,0.16,1.00,mixed,2.55,normal,0.89,-1700,mm,-1837.23,99.75,99.82,99.7687,-2.97,1.78,0.08,chop,-1.56,normal,-1.06,-1914,mm,1296.11,25.63,25.64,25.6229,4.79,1.16,0.76,TREND,1.02,stressed,0.54,600,mm,-5301.03
112.166,141,159.7,-5837.64,-5837.64,4214,-3014,155.07,155.08,155.0698,1.04,0.16,1.00,mixed,2.55,normal,0.89,-1700,mm,-1837.23,99.75,99.82,99.7690,-2.87,1.78,0.08,chop,-1.56,normal,-1.06,-1914,mm,1296.11,25.63,25.64,25.6231,4.75,1.16,0.76,TREND,1.02,stressed,0.54,600,mm,-5301.03
112.195,141,159.7,-5837.64,-5837.64,4214,-3014,155.07,155.08,155.0699,1.03,0.16,1.00,mixed,2.55,normal,0.89,-1700,mm,-1837.23,99.75,99.82,99.7692,-2.80,1.78,0.08,chop,-1.56,normal,-1.06,-1914,mm,1296.11,25.63,25.64,25.6233,4.72,1.16,0.76,TREND,1.02,stressed,0.54,600,mm,-5301.03
112.245,141,159.7,-5837.64,-5837.64,4214,-3014,155.07,155.08,155.0700,1.03,0.16,1.00,mixed,2.55,normal,0.89,-1700,mm,-1837.23,99.77,99.81,99.7697,-2.66,1.78,0.08,chop,-1.56,normal,-1.06,-1914,mm,1238.69,25.63,25.64,25.6236,4.67,1.16,0.76,TREND,1.02,stressed,0.54,600,mm,-5295.03
112.290,141,159.7,-5837.64,-5837.64,4214,-3014,155.07,155.08,155.0701,1.02,0.16,1.00,mixed,2.55,normal,0.89,-1700,mm,-1837.23,99.77,99.81,99.7701,-2.53,1.78,0.08,chop,-1.56,normal,-1.06,-1914,mm,1238.69,25.63,25.64,25.6238,4.63,1.16,0.76,TREND,1.02,stressed,0.54,600,mm,-5295.03
112.310,141,159.7,-5837.64,-5837.64,4214,-3014,155.07,155.08,155.0702,1.02,0.16,1.00,mixed,2.55,normal,0.89,-1700,mm,-1837.23,99.77,99.81,99.7703,-2.48,1.78,0.08,chop,-1.56,normal,-1.06,-1914,mm,1238.69,25.63,25.64,25.6239,4.62,1.16,0.76,TREND,1.02,stressed,0.54,600,mm,-5295.03
112.336,141,159.7,-5837.64,-5837.64,4214,-3014,155.07,155.08,155.0702,1.02,0.16,1.00,mixed,2.42,normal,0.89,-1700,mm,-1837.23,99.77,99.81,99.7706,-2.42,1.78,0.06,chop,-0.53,calm,-1.06,-1914,mm,1238.69,25.63,25.64,25.6240,4.59,1.16,0.71,TREND,0.92,stressed,0.54,600,mm,-5295.03
112.361,141,159.7,-5837.64,-5837.64,4214,-3014,155.07,155.08,155.0703,1.02,0.16,1.00,mixed,2.42,normal,0.89,-1700,mm,-1837.23,99.77,99.81,99.7708,-2.35,1.78,0.06,chop,-0.53,calm,-1.06,-1914,mm,1238.69,25.63,25.64,25.6242,4.57,1.16,0.71,TREND,0.92,stressed,0.54,600,mm,-5295.03
112.395,142,157.9,-5893.58,-5893.58,4586,1186,155.07,155.08,155.0704,1.01,0.16,1.00,mixed,2.42,normal,0.89,-1700,mm,-1837.23,99.73,99.81,99.7708,-2.33,1.78,0.06,chop,-0.53,calm,-0.89,1086,mm,1295.81,25.63,25.64,25.6243,4.54,1.16,0.71,TREND,0.92,stressed,0.29,1800,mm,-5299.71
112.418,142,157.9,-5893.58,-5893.58,4586,1186,155.07,155.08,155.0704,1.01,0.16,1.00,mixed,2.42,normal,0.89,-1700,mm,-1837.23,99.73,99.81,99.7708,-2.31,1.78,0.06,chop,-0.53,calm,-0.89,1086,mm,1295.81,25.63,25.64,25.6245,4.52,1.16,0.71,TREND,0.92,stressed,0.29,1800,mm,-5299.71
112.443,142,157.9,-5893.58,-5893.58,4586,1186,155.07,155.08,155.0705,1.01,0.16,1.00,mixed,2.42,normal,0.89,-1700,mm,-1837.23,99.73,99.81,99.7708,-2.29,1.78,0.06,chop,-0.53,calm,-0.89,1086,mm,1295.81,25.63,25.64,25.6246,4.50,1.16,0.71,TREND,0.92,stressed,0.29,1800,mm,-5299.71
112.468,142,157.9,-5893.58,-5893.58,4586,1186,155.07,155.08,155.0705,1.01,0.16,1.00,mixed,2.42,normal,0.89,-1700,mm,-1837.23,99.73,99.81,99.7708,-2.27,1.78,0.06,chop,-0.53,calm,-0.89,1086,mm,1295.81,25.63,25.64,25.6247,4.47,1.16,0.71,TREND,0.92,stressed,0.29,1800,mm,-5299.71
112.498,142,157.9,-5893.58,-5893.58,4586,1186,155.07,155.08,155.0706,1.00,0.16,1.00,mixed,2.42,normal,0.89,-1700,mm,-1837.23,99.73,99.81,99.7707,-2.25,1.78,0.06,chop,-0.53,calm,-0.89,1086,mm,1295.81,25.63,25.64,25.6248,4.45,1.13,0.71,TREND,0.92,stressed,0.29,1800,mm,-5299.71
112.517,142,157.9,-5893.58,-5893.58,4586,1186,155.07,155.08,155.0706,1.00,0.16,1.00,mixed,2.42,normal,0.89,-1700,mm,-1837.23,99.73,99.81,99.7707,-2.24,1.78,0.06,chop,-0.53,calm,-0.89,1086,mm,1295.81,25.63,25.64,25.6249,4.43,1.13,0.71,TREND,0.92,stressed,0.29,1800,mm,-5299.71
112.543,142,157.9,-5893.58,-5893.58,4586,1186,155.07,155.08,155.0707,1.00,0.16,1.00,mixed,2.42,normal,0.89,-1700,mm,-1837.23,99.73,99.81,99.7707,-2.22,1.81,0.06,chop,-0.53,calm,-0.89,1086,mm,1295.81,25.63,25.64,25.6251,4.41,1.13,0.71,TREND,0.92,stressed,0.29,1800,mm,-5299.71
112.570,142,157.9,-5893.58,-5893.58,4586,1186,155.07,155.08,155.0707,0.99,0.16,1.00,mixed,2.42,normal,0.89,-1700,mm,-1837.23,99.73,99.81,99.7707,-2.20,1.81,0.06,chop,-0.53,calm,-0.89,1086,mm,1295.81,25.63,25.64,25.6252,4.39,1.13,0.71,TREND,0.92,stressed,0.29,1800,mm,-5299.71
112.596,142,157.9,-5893.58,-5893.58,4586,1186,155.07,155.08,155.0708,0.99,0.16,1.00,mixed,2.31,normal,0.89,-1700,mm,-1837.23,99.73,99.81,99.7707,-2.18,1.81,0.11,chop,-1.05,calm,-0.89,1086,mm,1295.81,25.63,25.64,25.6253,4.36,1.13,0.71,TREND,0.90,stressed,0.29,1800,mm,-5299.71
112.621,142,157.9,-5893.58,-5893.58,4586,1186,155.07,155.08,155.0708,0.99,0.16,1.00,mixed,2.31,normal,0.89,-1700,mm,-1837.23,99.73,99.81,99.7707,-2.16,1.81,0.11,chop,-1.05,calm,-0.89,1086,mm,1295.81,25.63,25.64,25.6254,4.34,1.13,0.71,TREND,0.90,stressed,0.29,1800,mm,-5299.71
112.665,142,157.9,-5893.58,-5893.58,4486,1286,155.07,155.08,155.0709,0.98,0.16,1.00,mixed,2.31,normal,0.89,-1600,mm,-1836.00,99.73,99.78,99.7704,-2.19,1.81,0.11,chop,-1.05,calm,-0.89,1086,mm,1295.81,25.58,25.63,25.6250,4.20,1.13,0.71,TREND,0.90,stressed,0.29,1800,mm,-5299.71
112.695,142,157.9,-5893.58,-5893.58,4486,1286,155.07,155.08,155.0710,0.98,0.16,1.00,mixed,2.31,normal,0.89,-1600,mm,-1836.00,99.73,99.78,99.7702,-2.20,1.81,0.11,chop,-1.05,calm,-0.89,1086,mm,1295.81,25.58,25.63,25.6247,4.11,1.13,0.71,TREND,0.90,stressed,0.29,1800,mm,-5299.71
112.736,142,157.9,-5893.58,-5893.58,4486,1286,155.07,155.08,155.0711,0.97,0.16,1.00,mixed,2.31,normal,0.89,-1600,mm,-1836.00,99.73,99.78,99.7699,-2.22,1.81,0.11,chop,-1.05,calm,-0.89,1086,mm,1295.81,25.58,25.63,25.6243,3.98,1.13,0.71,TREND,0.90,stressed,0.29,1800,mm,-5299.71
112.747,142,157.9,-5893.58,-5893.58,4486,1286,155.07,155.08,155.0711,0.97,0.16,1.00,mixed,2.31,normal,0.89,-1600,mm,-1836.00,99.73,99.78,99.7698,-2.23,1.81,0.11,chop,-1.05,calm,-0.89,1086,mm,1295.81,25.58,25.63,25.6242,3.95,1.13,0.71,TREND,0.90,stressed,0.29,1800,mm,-5299.71
112.775,142,157.9,-5893.58,-5893.58,4486,1286,155.07,155.08,155.0711,0.97,0.16,1.00,mixed,2.31,normal,0.89,-1600,mm,-1836.00,99.73,99.78,99.7696,-2.24,1.81,0.11,chop,-1.05,calm,-0.89,1086,mm,1295.81,25.58,25.63,25.6240,3.87,1.13,0.71,TREND,0.90,stressed,0.29,1800,mm,-5299.71
112.798,142,157.9,-5893.58,-5893.58,4486,1286,155.07,155.08,155.0712,0.97,0.16,1.00,mixed,2.31,normal,0.89,-1600,mm,-1836.00,99.73,99.78,99.7694,-2.25,1.81,0.11,chop,-1.05,calm,-0.89,1086,mm,1295.81,25.58,25.63,25.6238,3.80,1.13,0.71,TREND,0.90,stressed,0.29,1800,mm,-5299.71
112.824,142,157.9,-5893.58,-5893.58,4486,1286,155.07,155.08,155.0712,0.96,0.16,1.00,mixed,2.31,normal,0.89,-1600,mm,-1836.00,99.73,99.78,99.7693,-2.26,1.81,0.11,chop,-1.05,calm,-0.89,1086,mm,1295.81,25.58,25.63,25.6235,3.73,1.13,0.71,TREND,0.90,stressed,0.29,1800,mm,-5299.71
112.849,142,157.9,-5893.58,-5893.58,4486,1286,155.07,155.08,155.0713,0.96,0.16,1.00,mixed,2.21,normal,0.89,-1600,mm,-1836.00,99.73,99.78,99.7691,-2.27,1.81,0.13,chop,-1.42,calm,-0.89,1086,mm,1295.81,25.58,25.63,25.6233,3.66,1.13,0.50,TREND,0.41,stressed,0.29,1800,mm,-5299.71
112.876,142,157.9,-5893.58,-5893.58,4486,1286,155.07,155.08,155.0713,0.96,0.16,1.00,mixed,2.21,normal,0.89,-1600,mm,-1836.00,99.73,99.78,99.7689,-2.27,1.81,0.13,chop,-1.42,calm,-0.89,1086,mm,1295.81,25.58,25.63,25.6231,3.59,1.13,0.50,TREND,0.41,stressed,0.29,1800,mm,-5299.71
112.924,142,158.8,-5893.58,-5893.58,4686,4686,155.07,155.08,155.0714,0.95,0.16,1.00,mixed,2.21,normal,0.89,1800,mm,-1812.18,99.73,99.77,99.7685,-2.31,1.81,0.13,chop,-1.42,calm,-0.89,1086,mm,1295.81,25.49,25.61,25.6231,3.59,1.13,0.50,TREND,0.41,stressed,0.29,1800,mm,-5299.71
112.976,142,158.8,-5893.58,-5893.58,4686,4686,155.07,155.08,155.0715,0.95,0.16,1.00,mixed,2.21,normal,0.89,1800,mm,-1812.18,99.73,99.77,99.7681,-2.34,1.81,0.13,chop,-1.42,calm,-0.89,1086,mm,1295.81,25.49,25.61,25.6231,3.59,1.13,0.50,TREND,0.41,stressed,0.29,1800,mm,-5299.71
112.994,142,158.8,-5893.58,-5893.58,4686,4686,155.07,155.08,155.0715,0.94,0.16,1.00,mixed,2.21,normal,0.89,1800,mm,-1812.18,99.73,99.77,99.7679,-2.35,1.81,0.13,chop,-1.42,calm,-0.89,1086,mm,1295.81,25.49,25.61,25.6231,3.59,1.13,0.50,TREND,0.41,stressed,0.29,1800,mm,-5299.71
113.020,142,158.8,-5893.58,-5893.58,4686,4686,155.07,155.08,155.0716,0.94,0.16,1.00,mixed,2.21,normal,0.89,1800,mm,-1812.18,99.73,99.77,99.7677,-2.37,1.81,0.13,chop,-1.42,calm,-0.89,1086,mm,1295.81,25.49,25.61,25.6231,3.59,1.13,0.50,TREND,0.41,stressed,0.29,1800,mm,-5299.71
113.047,142,158.8,-5893.58,-5893.58,4686,4686,155.07,155.08,155.0716,0.94,0.15,1.00,mixed,2.21,normal,0.89,1800,mm,-1812.18,99.73,99.77,99.7675,-2.38,1.80,0.13,chop,-1.42,calm,-0.89,1086,mm,1295.81,25.49,25.61,25.6231,3.59,1.13,0.50,TREND,0.41,stressed,0.29,1800,mm,-5299.71
113.072,142,158.8,-5893.58,-5893.58,4686,4686,155.07,155.08,155.0716,0.93,0.15,1.00,mixed,2.21,normal,0.89,1800,mm,-1812.18,99.73,99.77,99.7673,-2.40,1.80,0.13,chop,-1.42,calm,-0.89,1086,mm,1295.81,25.49,25.61,25.6231,3.59,1.13,0.50,TREND,0.41,stressed,0.29,1800,mm,-5299.71
113.102,142,158.8,-5893.58,-5893.58,4686,4686,155.07,155.08,155.0717,0.93,0.15,1.00,mixed,2.11,normal,0.89,1800,mm,-1812.18,99.73,99.77,99.7670,-2.41,1.80,0.09,chop,-1.52,calm,-0.89,1086,mm,1295.81,25.49,25.61,25.6231,3.59,1.13,0.50,TREND,0.41,stressed,0.29,1800,mm,-5299.71
113.124,142,158.8,-5893.58,-5893.58,4686,4686,155.07,155.08,155.0717,0.93,0.15,1.00,mixed,2.11,normal,0.89,1800,mm,-1812.18,99.73,99.77,99.7668,-2.42,1.80,0.09,chop,-1.52,calm,-0.89,1086,mm,1295.81,25.49,25.61,25.6231,3.59,1.13,0.50,TREND,0.41,stressed,0.29,1800,mm,-5299.71
113.155,142,158.8,-5893.58,-5893.58,2886,2886,155.07,155.08,155.0718,0.92,0.15,1.00,mixed,2.11,normal,0.89,1800,mm,-1812.18,99.77,99.78,99.7670,-2.37,1.80,0.09,chop,-1.52,calm,-0.89,1086,mm,1295.81,25.46,25.47,25.6208,3.15,2.58,0.05,chop,-1.75,stressed,0.29,0,mm,-5546.41
113.212,142,158.8,-5893.58,-5893.58,2886,2886,155.07,155.08,155.0718,0.92,0.15,1.00,mixed,2.11,normal,0.89,1800,mm,-1812.18,99.77,99.78,99.7672,-2.28,1.80,0.09,chop,-1.52,calm,-0.89,1086,mm,1295.81,25.46,25.47,25.6166,2.39,2.58,0.05,chop,-1.75,stressed,0.29,0,mm,-5546.41
113.254,142,158.8,-5893.58,-5893.58,2886,2886,155.07,155.08,155.0719,0.91,0.15,1.00,mixed,2.11,normal,0.89,1800,mm,-1812.18,99.75,99.76,99.7670,-2.29,1.80,0.09,chop,-1.52,calm,-0.89,1086,mm,1317.53,25.45,25.47,25.6136,1.87,2.58,0.05,chop,-1.75,stressed,0.29,0,mm,-5546.41
113.284,142,158.8,-5893.58,-5893.58,2886,2886,155.07,155.08,155.0720,0.91,0.15,1.00,mixed,2.11,normal,0.89,1800,mm,-1812.18,99.75,99.76,99.7668,-2.30,1.80,0.09,chop,-1.52,calm,-0.89,1086,mm,1317.53,25.45,25.47,25.6114,1.49,2.58,0.05,chop,-1.75,stressed,0.29,0,mm,-5546.41
113.316,142,158.8,-5893.58,-5893.58,2886,2886,155.07,155.08,155.0720,0.90,0.15,1.00,mixed,2.11,normal,0.89,1800,mm,-1812.18,99.75,99.76,99.7666,-2.30,1.80,0.09,chop,-1.52,calm,-0.89,1086,mm,1317.53,25.45,25.47,25.6091,1.10,2.58,0.05,chop,-1.75,stressed,0.29,0,mm,-5546.41
113.332,142,158.8,-5893.58,-5893.58,2886,2886,155.07,155.08,155.0720,0.90,0.15,1.00,mixed,2.11,normal,0.89,1800,mm,-1812.18,99.75,99.76,99.7665,-2.30,1.80,0.09,chop,-1.52,calm,-0.89,1086,mm,1317.53,25.45,25.47,25.6080,0.91,2.58,0.05,chop,-1.75,stressed,0.29,0,mm,-5546.41
113.363,142,158.8,-5893.58,-5893.58,2886,2886,155.07,155.08,155.0721,0.90,0.15,1.00,mixed,2.03,normal,0.89,1800,mm,-1812.18,99.75,99.76,99.7663,-2.30,1.80,0.13,chop,-1.35,calm,-0.89,1086,mm,1317.53,25.45,25.47,25.6059,0.56,2.58,0.05,chop,-1.75,stressed,0.29,0,mm,-5546.41
113.386,142,158.8,-5893.58,-5893.58,2886,2886,155.07,155.08,155.0721,0.89,0.15,1.00,mixed,2.03,normal,0.89,1800,mm,-1812.18,99.75,99.76,99.7662,-2.31,1.80,0.13,chop,-1.35,calm,-0.89,1086,mm,1317.53,25.45,25.47,25.6044,0.33,2.58,0.05,chop,-1.75,stressed,0.29,0,mm,-5546.41
113.419,143,156.9,-6041.07,-6041.07,2886,2886,155.07,155.08,155.0721,0.89,0.15,1.00,mixed,2.03,normal,0.89,1800,mm,-1812.18,99.73,99.76,99.7659,-2.34,1.80,0.13,chop,-1.35,calm,-0.70,1086,mm,1317.53,25.46,25.47,25.6021,-0.03,2.58,0.08,chop,-1.70,normal,-0.53,0,mm,-5546.41
113.473,143,156.9,-6041.07,-6041.07,2886,2886,155.07,155.08,155.0722,0.88,0.15,1.00,mixed,2.03,normal,0.89,1800,mm,-1812.18,99.73,99.76,99.7654,-2.38,1.80,0.13,chop,-1.35,calm,-0.70,1086,mm,1317.53,25.46,25.47,25.5987,-0.55,2.58,0.08,chop,-1.70,normal,-0.53,0,mm,-5546.41
113.504,143,156.9,-6041.07,-6041.07,2886,2886,155.07,155.08,155.0723,0.88,0.15,1.00,mixed,2.03,normal,0.89,1800,mm,-1812.18,99.73,99.76,99.7651,-2.40,1.80,0.13,chop,-1.35,calm,-0.70,1086,mm,1317.53,25.46,25.47,25.5968,-0.83,2.58,0.08,chop,-1.70,normal,-0.53,0,mm,-5546.41
113.522,143,156.9,-6041.07,-6041.07,2886,2886,155.07,155.08,155.0723,0.88,0.15,1.00,mixed,2.03,normal,0.89,1800,mm,-1812.18,99.73,99.76,99.7649,-2.42,1.80,0.13,chop,-1.35,calm,-0.70,1086,mm,1317.53,25.46,25.47,25.5957,-0.98,2.58,0.08,chop,-1.70,normal,-0.53,0,mm,-5546.41
113.549,143,156.9,-6041.07,-6041.07,2886,2886,155.07,155.08,155.0723,0.87,0.14,1.00,mixed,2.03,normal,0.89,1800,mm,-1812.18,99.73,99.76,99.7646,-2.44,1.63,0.13,chop,-1.35,calm,-0.70,1086,mm,1317.53,25.46,25.47,25.5940,-1.23,2.58,0.08,chop,-1.70,normal,-0.53,0,mm,-5546.41
113.575,143,156.9,-6041.07,-6041.07,2886,2886,155.07,155.08,155.0723,0.87,0.14,1.00,mixed,2.03,normal,0.89,1800,mm,-1812.18,99.73,99.76,99.7644,-2.45,1.63,0.13,chop,-1.35,calm,-0.70,1086,mm,1317.53,25.46,25.47,25.5924,-1.44,2.58,0.08,chop,-1.70,normal,-0.53,0,mm,-5546.41
113.601,143,156.9,-6041.07,-6041.07,2886,2886,155.07,155.08,155.0724,0.86,0.14,1.00,mixed,2.03,normal,0.89,1800,mm,-1812.18,99.73,99.76,99.7642,-2.47,1.63,0.13,chop,-1.35,calm,-0.70,1086,mm,1317.53,25.46,25.47,25.5909,-1.65,2.58,0.08,chop,-1.70,normal,-0.53,0,mm,-5546.41
113.626,143,156.9,-6041.07,-6041.07,2886,2886,155.07,155.08,155.0724,0.86,0.14,1.00,mixed,1.95,normal,0.89,1800,mm,-1812.18,99.73,99.76,99.7639,-2.48,1.63,0.14,chop,-1.60,calm,-0.70,1086,mm,1317.53,25.46,25.47,25.5894,-1.85,2.58,0.08,chop,-1.70,normal,-0.53,0,mm,-5546.41
113.657,143,156.9,-6041.07,-6041.07,3514,86,155.07,155.08,155.0724,0.86,0.14,1.00,mixed,1.95,normal,0.89,1800,mm,-1812.18,99.79,99.82,99.7645,-2.35,1.63,0.14,chop,-1.60,calm,-0.70,-1714,mm,1282.23,25.46,25.47,25.5876,-2.09,2.45,0.08,chop,-1.70,normal,-0.53,0,mm,-5546.41
113.699,143,156.9,-6041.07,-6041.07,3514,86,155.07,155.08,155.0725,0.85,0.14,1.00,mixed,1.95,normal,0.89,1800,mm,-1812.18,99.79,99.82,99.7653,-2.18,1.63,0.14,chop,-1.60,calm,-0.70,-1714,mm,1282.23,25.46,25.47,25.5852,-2.39,2.45,0.19,chop,-1.65,normal,-0.53,0,mm,-5546.41
113.730,143,156.9,-6041.07,-6041.07,3514,86,155.07,155.08,155.0725,0.85,0.14,1.00,mixed,1.95,normal,0.89,1800,mm,-1812.18,99.79,99.82,99.7659,-2.06,1.63,0.14,chop,-1.60,calm,-0.70,-1714,mm,1282.23,25.46,25.47,25.5835,-2.61,2.45,0.19,chop,-1.65,normal,-0.53,0,mm,-5546.41
113.755,143,156.9,-6041.07,-6041.07,3514,86,155.07,155.08,155.0726,0.84,0.14,1.00,mixed,1.95,normal,0.89,1800,mm,-1812.18,99.79,99.82,99.7664,-1.96,1.63,0.14,chop,-1.60,calm,-0.70,-1714,mm,1282.23,25.46,25.47,25.5820,-2.78,2.45,0.19,chop,-1.65,normal,-0.53,0,mm,-5546.41
113.773,143,156.9,-6041.07,-6041.07,3514,86,155.07,155.08,155.0726,0.84,0.14,1.00,mixed,1.95,normal,0.89,1800,mm,-1812.18,99.79,99.82,99.7667,-1.90,1.63,0.14,chop,-1.60,calm,-0.70,-1714,mm,1282.23,25.46,25.47,25.5811,-2.90,2.45,0.19,chop,-1.65,normal,-0.53,0,mm,-5546.41
113.797,143,156.9,-6041.07,-6041.07,3514,86,155.07,155.08,155.0726,0.84,0.14,1.00,mixed,1.95,normal,0.89,1800,mm,-1812.18,99.79,99.82,99.7671,-1.80,1.63,0.14,chop,-1.60,calm,-0.70,-1714,mm,1282.23,25.46,25.47,25.5797,-3.05,2.45,0.19,chop,-1.65,normal,-0.53,0,mm,-5546.41
113.824,143,156.9,-6041.07,-6041.07,3514,86,155.07,155.08,155.0726,0.84,0.14,1.00,mixed,1.95,normal,0.89,1800,mm,-1812.18,99.79,99.82,99.7676,-1.71,1.63,0.14,chop,-1.60,calm,-0.70,-1714,mm,1282.23,25.46,25.47,25.5783,-3.22,2.45,0.19,chop,-1.65,normal,-0.53,0,mm,-5546.41
113.848,143,156.9,-6041.07,-6041.07,3514,86,155.07,155.08,155.0727,0.83,0.14,1.00,mixed,1.95,normal,0.89,1800,mm,-1812.18,99.79,99.82,99.7680,-1.63,1.63,0.14,chop,-1.60,calm,-0.70,-1714,mm,1282.23,25.46,25.47,25.5770,-3.37,2.45,0.19,chop,-1.65,normal,-0.53,0,mm,-5546.41
113.875,143,156.9,-6041.07,-6041.07,3514,86,155.07,155.08,155.0727,0.83,0.14,1.00,mixed,1.95,normal,0.89,1800,mm,-1812.18,99.79,99.82,99.7685,-1.54,1.63,0.14,chop,-1.60,calm,-0.70,-1714,mm,1282.23,25.46,25.47,25.5757,-3.51,2.45,0.19,chop,-1.65,normal,-0.53,0,mm,-5546.41
113.902,143,156.9,-6041.07,-6041.07,3514,86,155.07,155.08,155.0727,0.83,0.14,1.00,mixed,1.88,normal,0.89,1800,mm,-1812.18,99.79,99.82,99.7689,-1.45,1.63,0.11,chop,0.09,calm,-0.70,-1714,mm,1282.23,25.46,25.47,25.5742,-3.67,2.45,0.19,chop,-1.65,normal,-0.53,0,mm,-5546.41
113.941,143,157.8,-6041.07,-6041.07,1814,1786,155.07,155.08,155.0728,0.82,0.14,1.00,mixed,1.88,normal,0.89,1800,mm,-1812.18,99.8,99.81,99.7696,-1.32,1.63,0.11,chop,0.09,calm,-0.70,-14,mm,1312.69,25.46,25.47,25.5722,-3.88,2.45,0.19,chop,-1.65,normal,-0.53,0,mm,-5546.41
113.983,143,157.8,-6041.07,-6041.07,1814,1786,155.07,155.08,155.0728,0.82,0.14,1.00,mixed,1.88,normal,0.89,1800,mm,-1812.18,99.8,99.81,99.7703,-1.20,1.63,0.11,chop,0.09,calm,-0.70,-14,mm,1312.69,25.46,25.47,25.5701,-4.09,2.45,0.57,TREND,-1.60,normal,-0.53,0,mm,-5546.41
114.015,143,157.8,-6041.07,-6041.07,1814,1786,155.07,155.08,155.0728,0.81,0.14,1.00,mixed,1.88,normal,0.89,1800,mm,-1812.18,99.8,99.81,99.7708,-1.11,1.63,0.11,chop,0.09,calm,-0.70,-14,mm,1312.69,25.46,25.47,25.5686,-4.25,2.45,0.57,TREND,-1.60,normal,-0.53,0,mm,-5546.41
114.036,143,157.8,-6041.07,-6041.07,1814,1786,155.07,155.08,155.0729,0.81,0.14,1.00,mixed,1.88,normal,0.89,1800,mm,-1812.18,99.8,99.81,99.7711,-1.05,1.63,0.11,chop,0.09,calm,-0.70,-14,mm,1312.69,25.46,25.47,25.5676,-4.34,2.45,0.57,TREND,-1.60,normal,-0.53,0,mm,-5546.41
114.060,143,157.8,-6041.07,-6041.07,1814,1786,155.07,155.08,155.0729,0.81,0.14,1.00,mixed,1.88,normal,0.89,1800,mm,-1812.18,99.8,99.81,99.7715,-0.98,2.04,0.11,chop,0.09,calm,-0.70,-14,mm,1312.69,25.46,25.47,25.5664,-4.46,2.45,0.57,TREND,-1.60,normal,-0.53,0,mm,-5546.41
114.089,143,157.8,-6041.07,-6041.07,1814,1786,155.07,155.08,155.0729,0.80,0.14,1.00,mixed,1.88,normal,0.89,1800,mm,-1812.18,99.8,99.81,99.7720,-0.90,2.04,0.11,chop,0.09,calm,-0.70,-14,mm,1312.69,25.46,25.47,25.5650,-4.58,2.45,0.57,TREND,-1.60,normal,-0.53,0,mm,-5546.41
114.114,143,157.8,-6041.07,-6041.07,1814,1786,155.07,155.08,155.0729,0.80,0.14,1.00,mixed,1.88,normal,0.89,1800,mm,-1812.18,99.8,99.81,99.7724,-0.84,2.04,0.11,chop,0.09,calm,-0.70,-14,mm,1312.69,25.46,25.47,25.5638,-4.69,2.45,0.57,TREND,-1.60,normal,-0.53,0,mm,-5546.41
114.139,143,157.8,-6041.07,-6041.07,1814,1786,155.07,155.08,155.0730,0.80,0.14,1.00,mixed,1.88,normal,0.89,1800,mm,-1812.18,99.8,99.81,99.7728,-0.78,2.04,0.11,chop,0.09,calm,-0.70,-14,mm,1312.69,25.46,25.47,25.5627,-4.79,2.45,0.57,TREND,-1.60,normal,-0.53,0,mm,-5546.41
114.173,143,157.8,-6041.07,-6041.07,1814,1786,155.07,155.08,155.0730,0.79,0.14,1.00,mixed,1.82,normal,0.89,1800,mm,-1812.18,99.8,99.81,99.7733,-0.69,2.04,0.11,chop,0.09,calm,-0.70,-14,mm,1312.69,25.46,25.48,25.5612,-4.91,2.35,0.57,TREND,-1.60,normal,-0.53,0,mm,-5546.41
114.217,143,157.8,-6041.07,-6041.07,2686,2686,155.07,155.08,155.0730,0.79,0.14,1.00,mixed,1.82,normal,0.89,1800,mm,-1812.18,99.75,99.79,99.7732,-0.71,2.04,0.11,chop,0.09,calm,-0.70,886,mm,1275.73,25.46,25.48,25.5593,-5.06,2.35,0.57,TREND,-1.60,normal,-0.53,0,mm,-5546.41
114.310,143,157.8,-6041.07,-6041.07,2786,2586,155.07,155.08,155.0731,0.77,0.14,1.00,mixed,1.82,normal,0.89,1800,mm,-1812.18,99.75,99.79,99.7731,-0.75,2.04,0.11,chop,0.09,calm,-0.70,886,mm,1275.73,25.46,25.53,25.5566,-5.16,2.35,0.40,TREND,-1.12,stressed,-0.53,-100,mm,-5546.30
114.340,143,157.8,-6041.07,-6041.07,2786,2586,155.07,155.08,155.0731,0.77,0.14,1.00,mixed,1.82,normal,0.89,1800,mm,-1812.18,99.75,99.79,99.7730,-0.77,2.04,0.11,chop,0.09,calm,-0.70,886,mm,1275.73,25.46,25.53,25.5557,-5.18,2.35,0.40,TREND,-1.12,stressed,-0.53,-100,mm,-5546.30
114.362,143,157.8,-6041.07,-6041.07,2786,2586,155.07,155.08,155.0732,0.77,0.14,1.00,mixed,1.82,normal,0.89,1800,mm,-1812.18,99.75,99.79,99.7730,-0.77,2.04,0.11,chop,0.09,calm,-0.70,886,mm,1275.73,25.46,25.53,25.5551,-5.20,2.35,0.40,TREND,-1.12,stressed,-0.53,-100,mm,-5546.30
114.390,143,157.8,-6041.07,-6041.07,2786,2586,155.07,155.08,155.0732,0.76,0.14,1.00,mixed,1.82,normal,0.89,1800,mm,-1812.18,99.75,99.79,99.7730,-0.78,2.04,0.11,chop,0.09,calm,-0.70,886,mm,1275.73,25.46,25.53,25.5543,-5.23,2.35,0.40,TREND,-1.12,stressed,-0.53,-100,mm,-5546.30
114.414,143,157.8,-6041.07,-6041.07,2786,2586,155.07,155.08,155.0732,0.76,0.14,1.00,mixed,1.82,normal,0.89,1800,mm,-1812.18,99.75,99.79,99.7729,-0.79,2.04,0.11,chop,0.09,calm,-0.70,886,mm,1275.73,25.46,25.53,25.5537,-5.25,2.35,0.40,TREND,-1.12,stressed,-0.53,-100,mm,-5546.30
114.458,144,156.0,-6082.76,-6082.76,4086,1286,155.07,155.08,155.0732,0.76,0.14,1.00,mixed,1.76,normal,0.89,1800,mm,-1812.18,99.78,99.79,99.7732,-0.76,2.04,0.01,chop,-0.47,calm,-0.31,886,mm,1302.31,25.47,25.48,25.5521,-5.35,2.35,0.40,TREND,-1.12,stressed,-0.72,-1400,mm,-5535.87
114.484,144,156.0,-6082.76,-6082.76,4086,1286,155.07,155.08,155.0733,0.75,0.14,1.00,mixed,1.76,normal,0.89,1800,mm,-1812.18,99.78,99.79,99.7733,-0.73,2.04,0.01,chop,-0.47,calm,-0.31,886,mm,1302.31,25.47,25.48,25.5511,-5.40,2.35,0.40,TREND,-1.12,stressed,-0.72,-1400,mm,-5535.87
114.518,144,156.0,-6082.76,-6082.76,4086,1286,155.07,155.08,155.0733,0.75,0.14,1.00,mixed,1.76,normal,0.89,1800,mm,-1812.18,99.78,99.79,99.7735,-0.70,2.04,0.01,chop,-0.47,calm,-0.31,886,mm,1302.31,25.47,25.48,25.5499,-5.48,2.35,0.40,TREND,-1.12,stressed,-0.72,-1400,mm,-5535.87
114.534,144,156.0,-6082.76,-6082.76,4086,1286,155.07,155.08,155.0733,0.75,0.14,1.00,mixed,1.76,normal,0.89,1800,mm,-1812.18,99.78,99.79,99.7736,-0.69,2.04,0.01,chop,-0.47,calm,-0.31,886,mm,1302.31,25.47,25.48,25.5494,-5.51,2.35,0.40,TREND,-1.12,stressed,-0.72,-1400,mm,-5535.87
114.558,144,156.0,-6082.76,-6082.76,4086,1286,155.07,155.08,155.0733,0.74,0.14,1.00,mixed,1.76,normal,0.89,1800,mm,-1812.18,99.78,99.79,99.7737,-0.67,2.04,0.01,chop,-0.47,calm,-0.31,886,mm,1302.31,25.47,25.48,25.5485,-5.55,2.35,0.40,TREND,-1.12,stressed,-0.72,-1400,mm,-5535.87
114.584,144,156.0,-6082.76,-6082.76,4086,1286,155.07,155.08,155.0733,0.74,0.13,1.00,mixed,1.76,normal,0.89,1800,mm,-1812.18,99.78,99.79,99.7738,-0.65,2.04,0.01,chop,-0.47,calm,-0.31,886,mm,1302.31,25.47,25.48,25.5476,-5.60,2.35,0.47,TREND,-1.37,stressed,-0.72,-1400,mm,-5535.87
114.609,144,156.0,-6082.76,-6082.76,4086,1286,155.07,155.08,155.0734,0.74,0.13,1.00,mixed,1.76,normal,0.89,1800,mm,-1812.18,99.78,99.79,99.7740,-0.64,2.04,0.01,chop,-0.47,calm,-0.31,886,mm,1302.31,25.47,25.48,25.5468,-5.65,2.35,0.47,TREND,-1.37,stressed,-0.72,-1400,mm,-5535.87
114.637,144,156.0,-6082.76,-6082.76,4086,1286,155.07,155.08,155.0734,0.73,0.13,1.00,mixed,1.76,normal,0.89,1800,mm,-1812.18,99.78,99.79,99.7741,-0.62,2.04,0.01,chop,-0.47,calm,-0.31,886,mm,1302.31,25.47,25.48,25.5458,-5.69,2.35,0.47,TREND,-1.37,stressed,-0.72,-1400,mm,-5535.87
114.661,144,156.0,-6082.76,-6082.76,4086,1286,155.07,155.08,155.0734,0.73,0.13,1.00,mixed,1.76,normal,0.89,1800,mm,-1812.18,99.78,99.79,99.7742,-0.60,2.04,0.01,chop,-0.47,calm,-0.31,886,mm,1302.31,25.47,25.48,25.5450,-5.73,2.35,0.47,TREND,-1.37,stressed,-0.72,-1400,mm,-5535.87
114.688,144,156.0,-6082.76,-6082.76,4086,1286,155.07,155.08,155.0734,0.73,0.13,1.00,mixed,1.76,normal,0.89,1800,mm,-1812.18,99.78,99.79,99.7744,-0.58,2.04,0.01,chop,-0.47,calm,-0.31,886,mm,1302.31,25.47,25.48,25.5441,-5.78,2.26,0.47,TREND,-1.37,stressed,-0.72,-1400,mm,-5535.87
114.727,144,156.0,-6082.76,-6082.76,4086,1286,155.07,155.08,155.0735,0.72,0.13,1.00,mixed,1.70,normal,0.89,1800,mm,-1812.18,99.78,99.79,99.7746,-0.55,2.04,0.00,chop,-0.45,calm,-0.31,886,mm,1302.31,25.47,25.48,25.5429,-5.83,2.26,0.47,TREND,-1.37,stressed,-0.72,-1400,mm,-5535.87
114.753,144,156.0,-6082.76,-6082.76,4086,1286,155.07,155.08,155.0735,0.72,0.13,1.00,mixed,1.70,normal,0.89,1800,mm,-1812.18,99.78,99.79,99.7747,-0.54,2.04,0.00,chop,-0.45,calm,-0.31,886,mm,1302.31,25.47,25.48,25.5420,-5.87,2.26,0.47,TREND,-1.37,stressed,-0.72,-1400,mm,-5535.87
114.772,144,156.0,-6082.76,-6082.76,4086,1286,155.07,155.08,155.0735,0.72,0.13,1.00,mixed,1.70,normal,0.89,1800,mm,-1812.18,99.78,99.79,99.7748,-0.53,2.04,0.00,chop,-0.45,calm,-0.31,886,mm,1302.31,25.47,25.48,25.5415,-5.89,2.26,0.47,TREND,-1.37,stressed,-0.72,-1400,mm,-5535.87
114.789,144,156.0,-6082.76,-6082.76,4086,1286,155.07,155.08,155.0735,0.71,0.13,1.00,mixed,1.70,normal,0.89,1800,mm,-1812.18,99.78,99.79,99.7749,-0.52,2.04,0.00,chop,-0.45,calm,-0.31,886,mm,1302.31,25.47,25.48,25.5409,-5.91,2.26,0.47,TREND,-1.37,stressed,-0.72,-1400,mm,-5535.87
114.820,144,156.0,-6082.76,-6082.76,4086,1286,155.07,155.08,155.0735,0.71,0.13,1.00,mixed,1.70,normal,0.89,1800,mm,-1812.18,99.78,99.79,99.7750,-0.50,2.04,0.00,chop,-0.45,calm,-0.31,886,mm,1302.31,25.47,25.48,25.5399,-5.95,2.26,0.47,TREND,-1.37,stressed,-0.72,-1400,mm,-5535.87
114.841,144,156.0,-6082.76,-6082.76,4086,1286,155.07,155.08,155.0735,0.71,0.13,1.00,mixed,1.70,normal,0.89,1800,mm,-1812.18,99.78,99.79,99.7751,-0.49,2.04,0.00,chop,-0.45,calm,-0.31,886,mm,1302.31,25.47,25.48,25.5393,-5.98,2.26,0.52,TREND,-1.34,stressed,-0.72,-1400,mm,-5535.87
114.866,144,156.0,-6082.76,-6082.76,4086,1286,155.07,155.08,155.0736,0.71,0.13,1.00,mixed,1.70,normal,0.89,1800,mm,-1812.18,99.78,99.79,99.7752,-0.47,2.04,0.00,chop,-0.45,calm,-0.31,886,mm,1302.31,25.47,25.48,25.5386,-6.00,2.26,0.52,TREND,-1.34,stressed,-0.72,-1400,mm,-5535.87
114.894,144,156.0,-6082.76,-6082.76,4086,1286,155.07,155.08,155.0736,0.70,0.13,1.00,mixed,1.70,normal,0.89,1800,mm,-1812.18,99.78,99.79,99.7754,-0.46,2.04,0.00,chop,-0.45,calm,-0.31,886,mm,1302.31,25.47,25.48,25.5377,-6.03,2.26,0.52,TREND,-1.34,stressed,-0.72,-1400,mm,-5535.87
114.919,144,156.0,-6082.76,-6082.76,4086,1286,155.07,155.08,155.0736,0.70,0.13,1.00,mixed,1.70,normal,0.89,1800,mm,-1812.18,99.78,99.79,99.7755,-0.44,2.04,0.00,chop,-0.45,calm,-0.31,886,mm,1302.31,25.47,25.48,25.5370,-6.05,2.26,0.52,TREND,-1.34,stressed,-0.72,-1400,mm,-5535.87
114.954,144,156.8,-6082.76,-6082.76,5186,2386,155.07,155.08,155.0736,0.70,0.13,1.00,mixed,1.70,normal,0.89,1800,mm,-1812.18,99.73,99.79,99.7752,-0.50,2.04,0.00,chop,-0.45,calm,-0.31,1986,mm,1211.81,25.47,25.49,25.5361,-6.07,2.26,0.52,TREND,-1.34,stressed,-0.72,-1400,mm,-5549.87
114.980,144,156.8,-6082.76,-6082.76,5186,2386,155.07,155.08,155.0736,0.69,0.13,1.00,mixed,1.65,normal,0.89,1800,mm,-1812.18,99.73,99.79,99.7750,-0.53,2.04,0.06,chop,-1.16,calm,-0.31,1986,mm,1211.81,25.47,25.49,25.5354,-6.08,2.26,0.52,TREND,-1.34,stressed,-0.72,-1400,mm,-5549.87
115.002,144,156.8,-6082.76,-6082.76,5186,2386,155.07,155.08,155.0736,0.69,0.13,1.00,mixed,1.65,normal,0.89,1800,mm,-1812.18,99.73,99.79,99.7749,-0.56,2.04,0.06,chop,-1.16,calm,-0.31,1986,mm,1211.81,25.47,25.49,25.5348,-6.09,2.26,0.52,TREND,-1.34,stressed,-0.72,-1400,mm,-5549.87
115.033,144,156.8,-6082.76,-6082.76,5186,2386,155.07,155.08,155.0737,0.69,0.13,1.00,mixed,1.65,normal,0.89,1800,mm,-1812.18,99.73,99.79,99.7747,-0.61,2.04,0.06,chop,-1.16,calm,-0.31,1986,mm,1211.81,25.47,25.49,25.5340,-6.10,2.26,0.52,TREND,-1.34,stressed,-0.72,-1400,mm,-5549.87
115.052,144,156.8,-6082.76,-6082.76,5186,2386,155.07,155.08,155.0737,0.68,0.13,1.00,mixed,1.65,normal,0.89,1800,mm,-1812.18,99.73,99.79,99.7745,-0.63,2.04,0.06,chop,-1.16,calm,-0.31,1986,mm,1211.81,25.47,25.49,25.5336,-6.11,2.26,0.52,TREND,-1.34,stressed,-0.72,-1400,mm,-5549.87
115.077,144,156.8,-6082.76,-6082.76,5186,2386,155.07,155.08,155.0737,0.68,0.13,1.00,mixed,1.65,normal,0.89,1800,mm,-1812.18,99.73,99.79,99.7744,-0.66,2.04,0.06,chop,-1.16,calm,-0.31,1986,mm,1211.81,25.47,25.49,25.5329,-6.12,2.26,0.52,TREND,-1.34,stressed,-0.72,-1400,mm,-5549.87
115.102,144,156.8,-6082.76,-6082.76,5186,2386,155.07,155.08,155.0737,0.68,0.12,1.00,mixed,1.65,normal,0.89,1800,mm,-1812.18,99.73,99.79,99.7742,-0.69,2.07,0.06,chop,-1.16,calm,-0.31,1986,mm,1211.81,25.47,25.49,25.5323,-6.13,2.26,0.54,TREND,-1.25,stressed,-0.72,-1400,mm,-5549.87
115.132,144,156.8,-6082.76,-6082.76,5186,2386,155.07,155.08,155.0737,0.67,0.12,1.00,mixed,1.65,normal,0.89,1800,mm,-1812.18,99.73,99.79,99.7740,-0.73,2.07,0.06,chop,-1.16,calm,-0.31,1986,mm,1211.81,25.47,25.49,25.5316,-6.13,2.26,0.54,TREND,-1.25,stressed,-0.72,-1400,mm,-5549.87
115.155,144,156.8,-6082.76,-6082.76,5186,2386,155.07,155.08,155.0737,0.67,0.12,1.00,mixed,1.65,normal,0.89,1800,mm,-1812.18,99.73,99.79,99.7738,-0.76,2.07,0.06,chop,-1.16,calm,-0.31,1986,mm,1211.81,25.47,25.49,25.5310,-6.14,2.26,0.54,TREND,-1.25,stressed,-0.72,-1400,mm,-5549.87
115.181,144,156.8,-6082.76,-6082.76,5186,2386,155.07,155.08,155.0738,0.67,0.12,1.00,mixed,1.65,normal,0.89,1800,mm,-1812.18,99.73,99.79,99.7737,-0.79,2.07,0.06,chop,-1.16,calm,-0.31,1986,mm,1211.81,25.47,25.49,25.5304,-6.14,2.26,0.54,TREND,-1.25,stressed,-0.72,-1400,mm,-5549.87
115.205,144,156.8,-6082.76,-6082.76,5186,2386,155.07,155.08,155.0738,0.67,0.12,1.00,mixed,1.65,normal,0.89,1800,mm,-1812.18,99.73,99.79,99.7735,-0.81,2.07,0.06,chop,-1.16,calm,-0.31,1986,mm,1211.81,25.47,25.49,25.5298,-6.14,2.15,0.54,TREND,-1.25,stressed,-0.72,-1400,mm,-5549.87
115.235,144,156.8,-6082.76,-6082.76,5186,2386,155.07,155.08,155.0738,0.66,0.12,1.00,mixed,1.60,normal,0.89,1800,mm,-1812.18,99.73,99.78,99.7733,-0.85,2.07,0.09,chop,-1.27,calm,-0.31,1986,mm,1211.81,25.48,25.49,25.5292,-6.14,2.15,0.54,TREND,-1.25,stressed,-0.72,-1400,mm,-5549.87
115.262,144,156.8,-6082.76,-6082.76,5186,2386,155.07,155.08,155.0738,0.66,0.12,1.00,mixed,1.60,normal,0.89,1800,mm,-1812.18,99.73,99.78,99.7730,-0.89,2.07,0.09,chop,-1.27,calm,-0.31,1986,mm,1211.81,25.48,25.49,25.5286,-6.13,2.15,0.54,TREND,-1.25,stressed,-0.72,-1400,mm,-5549.87
115.287,144,156.8,-6082.76,-6082.76,5186,2386,155.07,155.08,155.0738,0.66,0.12,1.00,mixed,1.60,normal,0.89,1800,mm,-1812.18,99.73,99.78,99.7728,-0.92,2.07,0.09,chop,-1.27,calm,-0.31,1986,mm,1211.81,25.48,25.49,25.5281,-6.12,2.15,0.54,TREND,-1.25,stressed,-0.72,-1400,mm,-5549.87
115.310,144,156.8,-6082.76,-6082.76,5186,2386,155.07,155.08,155.0738,0.65,0.12,1.00,mixed,1.60,normal,0.89,1800,mm,-1812.18,99.73,99.78,99.7726,-0.95,2.07,0.09,chop,-1.27,calm,-0.31,1986,mm,1211.81,25.48,25.49,25.5277,-6.11,2.15,0.54,TREND,-1.25,stressed,-0.72,-1400,mm,-5549.87
115.336,144,156.8,-6082.76,-6082.76,5186,2386,155.07,155.08,155.0738,0.65,0.12,1.00,mixed,1.60,normal,0.89,1800,mm,-1812.18,99.73,99.78,99.7724,-0.99,2.07,0.09,chop,-1.27,calm,-0.31,1986,mm,1211.81,25.48,25.49,25.5271,-6.10,2.15,0.54,TREND,-1.25,stressed,-0.72,-1400,mm,-5549.87
115.363,144,156.8,-6082.76,-6082.76,5186,2386,155.07,155.08,155.0739,0.65,0.12,1.00,mixed,1.60,normal,0.89,1800,mm,-1812.18,99.73,99.78,99.7722,-1.02,2.07,0.09,chop,-1.27,calm,-0.31,1986,mm,1211.81,25.48,25.49,25.5266,-6.09,2.15,0.52,TREND,-1.15,stressed,-0.72,-1400,mm,-5549.87
115.386,144,156.8,-6082.76,-6082.76,5186,2386,155.07,155.08,155.0739,0.65,0.12,1.00,mixed,1.60,normal,0.89,1800,mm,-1812.18,99.73,99.78,99.7720,-1.05,2.07,0.09,chop,-1.27,calm,-0.31,1986,mm,1211.81,25.48,25.49,25.5262,-6.08,2.15,0.52,TREND,-1.15,stressed,-0.72,-1400,mm,-5549.87
115.413,144,156.8,-6082.76,-6082.76,5186,2386,155.07,155.08,155.0739,0.64,0.12,1.00,mixed,1.60,normal,0.89,1800,mm,-1812.18,99.73,99.78,99.7718,-1.08,2.07,0.09,chop,-1.27,calm,-0.31,1986,mm,1211.81,25.48,25.49,25.5256,-6.07,2.15,0.52,TREND,-1.15,stressed,-0.72,-1400,mm,-5549.87
115.441,144,156.8,-6082.76,-6082.76,5186,2386,155.07,155.08,155.0739,0.64,0.12,1.00,mixed,1.60,normal,0.89,1800,mm,-1812.18,99.73,99.78,99.7716,-1.11,2.07,0.09,chop,-1.27,calm,-0.31,1986,mm,1211.81,25.48,25.49,25.5251,-6.06,2.15,0.52,TREND,-1.15,stressed,-0.72,-1400,mm,-5549.87
115.475,145,155.0,-6150.25,-6150.25,5186,2386,155.07,155.08,155.0739,0.64,0.12,1.00,mixed,1.60,normal,0.89,1800,mm,-1812.18,99.77,99.78,99.7716,-1.09,2.07,0.09,chop,-1.27,calm,-0.39,1986,mm,1211.81,25.48,25.49,25.5245,-6.04,2.15,0.52,TREND,-1.15,stressed,-0.59,-1400,mm,-5549.87
115.503,145,155.0,-6150.25,-6150.25,5186,2386,155.07,155.08,155.0739,0.63,0.12,1.00,mixed,1.55,normal,0.89,1800,mm,-1812.18,99.77,99.78,99.7717,-1.08,2.07,0.05,chop,-0.69,calm,-0.39,1986,mm,1211.81,25.48,25.49,25.5240,-6.03,2.15,0.52,TREND,-1.15,stressed,-0.59,-1400,mm,-5549.87
115.526,145,155.0,-6150.25,-6150.25,5186,2386,155.07,155.08,155.0739,0.63,0.12,1.00,mixed,1.55,normal,0.89,1800,mm,-1812.18,99.77,99.78,99.7717,-1.06,2.07,0.05,chop,-0.69,calm,-0.39,1986,mm,1211.81,25.48,25.49,25.5235,-6.02,2.15,0.52,TREND,-1.15,stressed,-0.59,-1400,mm,-5549.87
115.551,145,155.0,-6150.25,-6150.25,5186,2386,155.07,155.08,155.0740,0.63,0.12,1.00,mixed,1.55,normal,0.89,1800,mm,-1812.18,99.77,99.78,99.7717,-1.05,2.07,0.05,chop,-0.69,calm,-0.39,1986,mm,1211.81,25.48,25.49,25.5231,-6.00,2.15,0.52,TREND,-1.15,stressed,-0.59,-1400,mm,-5549.87
115.577,145,155.0,-6150.25,-6150.25,5186,2386,155.07,155.08,155.0740,0.63,0.12,1.00,mixed,1.55,normal,0.89,1800,mm,-1812.18,99.77,99.78,99.7718,-1.04,2.07,0.05,chop,-0.69,calm,-0.39,1986,mm,1211.81,25.48,25.49,25.5226,-5.99,2.15,0.52,TREND,-1.15,stressed,-0.59,-1400,mm,-5549.87
115.601,145,155.0,-6150.25,-6150.25,5186,2386,155.07,155.08,155.0740,0.62,0.12,1.00,mixed,1.55,normal,0.89,1800,mm,-1812.18,99.77,99.78,99.7718,-1.03,2.07,0.05,chop,-0.69,calm,-0.39,1986,mm,1211.81,25.48,25.49,25.5222,-5.98,2.15,0.52,TREND,-1.15,stressed,-0.59,-1400,mm,-5549.87
115.627,145,155.0,-6150.25,-6150.25,5186,2386,155.07,155.08,155.0740,0.62,0.12,1.00,mixed,1.55,normal,0.89,1800,mm,-1812.18,99.77,99.78,99.7719,-1.01,2.02,0.05,chop,-0.69,calm,-0.39,1986,mm,1211.81,25.48,25.49,25.5217,-5.96,2.15,0.52,TREND,-1.11,stressed,-0.59,-1400,mm,-5549.87
115.656,145,155.0,-6150.25,-6150.25,5186,2386,155.07,155.08,155.0740,0.62,0.12,1.00,mixed,1.55,normal,0.89,1800,mm,-1812.18,99.77,99.78,99.7719,-1.00,2.02,0.05,chop,-0.69,calm,-0.39,1986,mm,1211.81,25.48,25.49,25.5212,-5.95,2.15,0.52,TREND,-1.11,stressed,-0.59,-1400,mm,-5549.87
115.678,145,155.0,-6150.25,-6150.25,5186,2386,155.07,155.08,155.0740,0.61,0.12,1.00,mixed,1.55,normal,0.89,1800,mm,-1812.18,99.77,99.78,99.7719,-0.99,2.02,0.05,chop,-0.69,calm,-0.39,1986,mm,1211.81,25.48,25.49,25.5209,-5.94,2.15,0.52,TREND,-1.11,stressed,-0.59,-1400,mm,-5549.87
115.709,145,155.0,-6150.25,-6150.25,6086,1486,155.07,155.08,155.0740,0.61,0.12,1.00,mixed,1.55,normal,0.89,1800,mm,-1812.18,99.73,99.77,99.7716,-1.04,2.02,0.05,chop,-0.69,calm,-0.39,1986,mm,1271.39,25.49,25.5,25.5205,-5.89,2.14,0.52,TREND,-1.11,stressed,-0.59,-2300,mm,-5680.22
115.769,145,155.0,-6150.25,-6150.25,6086,1486,155.07,155.08,155.0741,0.61,0.12,1.00,mixed,1.50,normal,0.89,1800,mm,-1812.18,99.73,99.77,99.7710,-1.13,2.02,0.10,chop,-1.36,calm,-0.39,1986,mm,1271.39,25.49,25.5,25.5198,-5.81,2.14,0.52,TREND,-1.11,stressed,-0.59,-2300,mm,-5680.22
115.787,145,155.0,-6150.25,-6150.25,6086,1486,155.07,155.08,155.0741,0.60,0.12,1.00,mixed,1.50,normal,0.89,1800,mm,-1812.18,99.73,99.77,99.7708,-1.15,2.02,0.10,chop,-1.36,calm,-0.39,1986,mm,1271.39,25.49,25.5,25.5196,-5.79,2.14,0.52,TREND,-1.11,stressed,-0.59,-2300,mm,-5680.22
115.812,145,155.0,-6150.25,-6150.25,6086,1486,155.07,155.08,155.0741,0.60,0.12,1.00,mixed,1.50,normal,0.89,1800,mm,-1812.18,99.73,99.77,99.7706,-1.18,2.02,0.10,chop,-1.36,calm,-0.39,1986,mm,1271.39,25.49,25.5,25.5193,-5.76,2.14,0.52,TREND,-1.11,stressed,-0.59,-2300,mm,-5680.22
115.839,145,155.0,-6150.25,-6150.25,6086,1486,155.07,155.08,155.0741,0.60,0.12,1.00,mixed,1.50,normal,0.89,1800,mm,-1812.18,99.73,99.77,99.7703,-1.22,2.02,0.10,chop,-1.36,calm,-0.39,1986,mm,1271.39,25.49,25.5,25.5190,-5.72,2.14,0.52,TREND,-1.11,stressed,-0.59,-2300,mm,-5680.22
115.864,145,155.0,-6150.25,-6150.25,6086,1486,155.07,155.08,155.0741,0.60,0.12,1.00,mixed,1.50,normal,0.89,1800,mm,-1812.18,99.73,99.77,99.7701,-1.25,2.02,0.10,chop,-1.36,calm,-0.39,1986,mm,1271.39,25.49,25.5,25.5187,-5.69,2.14,0.52,TREND,-1.11,stressed,-0.59,-2300,mm,-5680.22
115.890,145,155.0,-6150.25,-6150.25,6086,1486,155.07,155.08,155.0741,0.59,0.12,1.00,mixed,1.50,normal,0.89,1800,mm,-1812.18,99.73,99.77,99.7699,-1.28,2.02,0.10,chop,-1.36,calm,-0.39,1986,mm,1271.39,25.49,25.5,25.5184,-5.66,2.14,0.46,TREND,-0.94,stressed,-0.59,-2300,mm,-5680.22
115.916,145,155.0,-6150.25,-6150.25,6086,1486,155.07,155.08,155.0741,0.59,0.12,1.00,mixed,1.50,normal,0.89,1800,mm,-1812.18,99.73,99.77,99.7696,-1.31,2.02,0.10,chop,-1.36,calm,-0.39,1986,mm,1271.39,25.49,25.5,25.5181,-5.62,2.14,0.46,TREND,-0.94,stressed,-0.59,-2300,mm,-5680.22
115.941,145,155.0,-6150.25,-6150.25,6086,1486,155.07,155.08,155.0741,0.59,0.12,1.00,mixed,1.50,normal,0.89,1800,mm,-1812.18,99.73,99.77,99.7694,-1.34,2.02,0.10,chop,-1.36,calm,-0.39,1986,mm,1271.39,25.49,25.5,25.5179,-5.59,2.14,0.46,TREND,-0.94,stressed,-0.59,-2300,mm,-5680.22
115.986,145,155.8,-6150.25,-6150.25,4286,-314,155.07,155.08,155.0741,0.58,0.12,1.00,mixed,1.50,normal,0.89,1800,mm,-1812.18,99.73,99.77,99.7690,-1.39,2.02,0.10,chop,-1.36,calm,-0.39,186,mm,1321.79,25.49,25.5,25.5174,-5.54,2.14,0.46,TREND,-0.94,stressed,-0.59,-2300,mm,-5588.22
116.007,145,155.8,-6150.25,-6150.25,4286,-314,155.07,155.08,155.0742,0.58,0.12,1.00,mixed,1.50,normal,0.89,1800,mm,-1812.18,99.73,99.77,99.7688,-1.41,2.02,0.10,chop,-1.36,calm,-0.39,186,mm,1321.79,25.49,25.5,25.5172,-5.51,2.14,0.46,TREND,-0.94,stressed,-0.59,-2300,mm,-5588.22
116.022,145,155.8,-6150.25,-6150.25,4286,-314,155.07,155.08,155.0742,0.58,0.12,1.00,mixed,1.46,normal,0.89,1800,mm,-1812.18,99.73,99.77,99.7687,-1.43,2.02,0.10,chop,-1.32,calm,-0.39,186,mm,1321.79,25.49,25.5,25.5170,-5.49,2.14,0.46,TREND,-0.94,stressed,-0.59,-2300,mm,-5588.22
116.048,145,155.8,-6150.25,-6150.25,4286,-314,155.07,155.08,155.0742,0.58,0.12,1.00,mixed,1.46,normal,0.89,1800,mm,-1812.18,99.73,99.77,99.7684,-1.45,2.02,0.10,chop,-1.32,calm,-0.39,186,mm,1321.79,25.49,25.5,25.5167,-5.46,2.14,0.46,TREND,-0.94,stressed,-0.59,-2300,mm,-5588.22
116.074,145,155.8,-6150.25,-6150.25,4286,-314,155.07,155.08,155.0742,0.57,0.12,1.00,mixed,1.46,normal,0.89,1800,mm,-1812.18,99.73,99.77,99.7682,-1.48,2.02,0.10,chop,-1.32,calm,-0.39,186,mm,1321.79,25.49,25.5,25.5165,-5.43,2.14,0.46,TREND,-0.94,stressed,-0.59,-2300,mm,-5588.22
116.099,145,155.8,-6150.25,-6150.25,4286,-314,155.07,155.08,155.0742,0.57,0.12,1.00,mixed,1.46,normal,0.89,1800,mm,-1812.18,99.73,99.77,99.7680,-1.50,2.02,0.10,chop,-1.32,calm,-0.39,186,mm,1321.79,25.49,25.5,25.5162,-5.40,2.14,0.46,TREND,-0.94,stressed,-0.59,-2300,mm,-5588.22
116.125,145,155.8,-6150.25,-6150.25,4286,-314,155.07,155.08,155.0742,0.57,0.12,1.00,mixed,1.46,normal,0.89,1800,mm,-1812.18,99.73,99.77,99.7678,-1.52,2.02,0.10,chop,-1.32,calm,-0.39,186,mm,1321.79,25.49,25.5,25.5160,-5.37,2.14,0.46,TREND,-0.94,stressed,-0.59,-2300,mm,-5588.22
116.152,145,155.8,-6150.25,-6150.25,4286,-314,155.07,155.08,155.0742,0.57,0.11,1.00,mixed,1.46,normal,0.89,1800,mm,-1812.18,99.73,99.77,99.7676,-1.55,2.04,0.10,chop,-1.32,calm,-0.39,186,mm,1321.79,25.49,25.5,25.5157,-5.34,2.14,0.45,TREND,-0.93,stressed,-0.59,-2300,mm,-5588.22
116.177,145,155.8,-6150.25,-6150.25,4286,-314,155.07,155.08,155.0742,0.56,0.11,1.00,mixed,1.46,normal,0.89,1800,mm,-1812.18,99.73,99.77,99.7673,-1.57,2.04,0.10,chop,-1.32,calm,-0.39,186,mm,1321.79,25.49,25.5,25.5155,-5.31,2.14,0.45,TREND,-0.93,stressed,-0.59,-2300,mm,-5588.22
116.203,145,155.8,-6150.25,-6150.25,4286,-314,155.07,155.08,155.0742,0.56,0.11,1.00,mixed,1.46,normal,0.89,1800,mm,-1812.18,99.73,99.77,99.7671,-1.59,2.04,0.10,chop,-1.32,calm,-0.39,186,mm,1321.79,25.49,25.5,25.5152,-5.28,2.14,0.45,TREND,-0.93,stressed,-0.59,-2300,mm,-5588.22
116.240,145,155.8,-6150.25,-6150.25,5914,-2314,155.07,155.08,155.0742,0.56,0.11,1.00,mixed,1.46,normal,0.89,1800,mm,-1812.18,99.74,99.76,99.7668,-1.61,2.04,0.10,chop,-1.32,calm,-0.39,-2814,mm,1375.79,25.48,25.5,25.5148,-5.26,1.93,0.45,TREND,-0.93,stressed,-0.59,-1300,mm,-5544.12
116.286,145,155.8,-6150.25,-6150.25,5914,-2314,155.07,155.08,155.0743,0.55,0.11,1.00,mixed,1.42,normal,0.89,1800,mm,-1812.18,99.74,99.76,99.7665,-1.65,2.04,0.08,chop,-1.29,calm,-0.39,-2814,mm,1375.79,25.48,25.5,25.5142,-5.22,1.93,0.45,TREND,-0.93,stressed,-0.59,-1300,mm,-5544.12
116.313,145,155.8,-6150.25,-6150.25,5914,-2314,155.07,155.08,155.0743,0.55,0.11,1.00,mixed,1.42,normal,0.89,1800,mm,-1812.18,99.74,99.76,99.7663,-1.67,2.04,0.08,chop,-1.29,calm,-0.39,-2814,mm,1375.79,25.48,25.5,25.5139,-5.20,1.93,0.45,TREND,-0.93,stressed,-0.59,-1300,mm,-5544.12
116.332,145,155.8,-6150.25,-6150.25,5914,-2314,155.07,155.08,155.0743,0.55,0.11,1.00,mixed,1.42,normal,0.89,1800,mm,-1812.18,99.74,99.76,99.7661,-1.68,2.04,0.08,chop,-1.29,calm,-0.39,-2814,mm,1375.79,25.48,25.5,25.5137,-5.19,1.93,0.45,TREND,-0.93,stressed,-0.59,-1300,mm,-5544.12
116.356,145,155.8,-6150.25,-6150.25,5914,-2314,155.07,155.08,155.0743,0.55,0.11,1.00,mixed,1.42,normal,0.89,1800,mm,-1812.18,99.74,99.76,99.7659,-1.69,2.04,0.08,chop,-1.29,calm,-0.39,-2814,mm,1375.79,25.48,25.5,25.5135,-5.17,1.93,0.45,TREND,-0.93,stressed,-0.59,-1300,mm,-5544.12
116.378,145,155.8,-6150.25,-6150.25,5914,-2314,155.07,155.08,155.0743,0.54,0.11,1.00,mixed,1.42,normal,0.89,1800,mm,-1812.18,99.74,99.76,99.7658,-1.70,2.04,0.08,chop,-1.29,calm,-0.39,-2814,mm,1375.79,25.48,25.5,25.5132,-5.16,1.93,0.45,TREND,-0.93,stressed,-0.59,-1300,mm,-5544.12
116.403,145,155.8,-6150.25,-6150.25,5914,-2314,155.07,155.08,155.0743,0.54,0.11,1.00,mixed,1.42,normal,0.89,1800,mm,-1812.18,99.74,99.76,99.7656,-1.72,2.04,0.08,chop,-1.29,calm,-0.39,-2814,mm,1375.79,25.48,25.5,25.5130,-5.14,1.93,0.51,TREND,-0.98,stressed,-0.59,-1300,mm,-5544.12
116.428,145,155.8,-6150.25,-6150.25,5914,-2314,155.07,155.08,155.0743,0.54,0.11,1.00,mixed,1.42,normal,0.89,1800,mm,-1812.18,99.74,99.76,99.7654,-1.73,2.04,0.08,chop,-1.29,calm,-0.39,-2814,mm,1375.79,25.48,25.5,25.5127,-5.12,1.93,0.51,TREND,-0.98,stressed,-0.59,-1300,mm,-5544.12
116.454,145,155.8,-6150.25,-6150.25,5914,-2314,155.07,155.08,155.0743,0.54,0.11,1.00,mixed,1.42,normal,0.89,1800,mm,-1812.18,99.74,99.76,99.7652,-1.75,2.04,0.08,chop,-1.29,calm,-0.39,-2814,mm,1375.79,25.48,25.5,25.5124,-5.10,1.93,0.51,TREND,-0.98,stressed,-0.59,-1300,mm,-5544.12
116.491,146,154.0,-5980.52,-5980.52,5914,-2314,155.07,155.08,155.0743,0.53,0.11,1.00,mixed,1.42,normal,0.89,1800,mm,-1812.18,99.74,99.75,99.7649,-1.78,2.04,0.08,chop,-1.29,calm,-1.03,-2814,mm,1375.79,25.48,25.49,25.5119,-5.09,1.93,0.51,TREND,-0.98,stressed,-0.59,-1300,mm,-5544.12
116.511,146,154.0,-5980.52,-5980.52,5914,-2314,155.07,155.08,155.0743,0.53,0.11,1.00,mixed,1.42,normal,0.89,1800,mm,-1812.18,99.74,99.75,99.7647,-1.80,2.04,0.08,chop,-1.29,calm,-1.03,-2814,mm,1375.79,25.48,25.49,25.5117,-5.08,1.93,0.51,TREND,-0.98,stressed,-0.59,-1300,mm,-5544.12
116.538,146,154.0,-5980.52,-5980.52,5914,-2314,155.07,155.08,155.0743,0.53,0.11,1.00,mixed,1.38,normal,0.89,1800,mm,-1812.18,99.74,99.75,99.7644,-1.82,2.04,0.11,chop,-1.39,calm,-1.03,-2814,mm,1375.79,25.48,25.49,25.5113,-5.07,1.93,0.51,TREND,-0.98,stressed,-0.59,-1300,mm,-5544.12
116.562,146,154.0,-5980.52,-5980.52,5914,-2314,155.07,155.08,155.0743,0.53,0.11,1.00,mixed,1.38,normal,0.89,1800,mm,-1812.18,99.74,99.75,99.7642,-1.84,2.04,0.11,chop,-1.39,calm,-1.03,-2814,mm,1375.79,25.48,25.49,25.5111,-5.06,1.93,0.51,TREND,-0.98,stressed,-0.59,-1300,mm,-5544.12
116.587,146,154.0,-5980.52,-5980.52,5914,-2314,155.07,155.08,155.0744,0.53,0.11,1.00,mixed,1.38,normal,0.89,1800,mm,-1812.18,99.74,99.75,99.7640,-1.86,2.04,0.11,chop,-1.39,calm,-1.03,-2814,mm,1375.79,25.48,25.49,25.5107,-5.05,1.93,0.51,TREND,-0.98,stressed,-0.59,-1300,mm,-5544.12
116.612,146,154.0,-5980.52,-5980.52,5914,-2314,155.07,155.08,155.0744,0.52,0.11,1.00,mixed,1.38,normal,0.89,1800,mm,-1812.18,99.74,99.75,99.7638,-1.87,2.04,0.11,chop,-1.39,calm,-1.03,-2814,mm,1375.79,25.48,25.49,25.5104,-5.04,1.93,0.51,TREND,-0.98,stressed,-0.59,-1300,mm,-5544.12
116.641,146,154.0,-5980.52,-5980.52,5914,-2314,155.07,155.08,155.0744,0.52,0.11,1.00,mixed,1.38,normal,0.89,1800,mm,-1812.18,99.74,99.75,99.7635,-1.89,2.04,0.11,chop,-1.39,calm,-1.03,-2814,mm,1375.79,25.48,25.49,25.5101,-5.03,1.93,0.51,TREND,-0.98,stressed,-0.59,-1300,mm,-5544.12
116.663,146,154.0,-5980.52,-5980.52,5914,-2314,155.07,155.08,155.0744,0.52,0.10,1.00,mixed,1.38,normal,0.89,1800,mm,-1812.18,99.74,99.75,99.7633,-1.91,1.85,0.11,chop,-1.39,calm,-1.03,-2814,mm,1375.79,25.48,25.49,25.5098,-5.02,1.93,0.54,TREND,-1.02,stressed,-0.59,-1300,mm,-5544.12
116.689,146,154.0,-5980.52,-5980.52,5914,-2314,155.07,155.08,155.0744,0.52,0.10,1.00,mixed,1.38,normal,0.89,1800,mm,-1812.18,99.74,99.75,99.7631,-1.93,1.85,0.11,chop,-1.39,calm,-1.03,-2814,mm,1375.79,25.48,25.49,25.5095,-5.01,1.93,0.54,TREND,-1.02,stressed,-0.59,-1300,mm,-5544.12
116.716,146,154.0,-5980.52,-5980.52,5914,-2314,155.07,155.08,155.0744,0.51,0.10,1.00,mixed,1.38,normal,0.89,1800,mm,-1812.18,99.74,99.75,99.7629,-1.94,1.85,0.11,chop,-1.39,calm,-1.03,-2814,mm,1375.79,25.48,25.49,25.5092,-5.00,1.93,0.54,TREND,-1.02,stressed,-0.59,-1300,mm,-5544.12
116.750,146,154.0,-5980.52,-5980.52,6314,-2714,155.07,155.08,155.0744,0.51,0.10,1.00,mixed,1.38,normal,0.89,1800,mm,-1812.18,99.74,99.82,99.7632,-1.87,1.85,0.11,chop,-1.39,calm,-1.03,-3314,mm,1247.23,25.46,25.49,25.5087,-5.01,1.82,0.54,TREND,-1.02,stressed,-0.59,-1200,mm,-5541.01
116.769,146,154.0,-5980.52,-5980.52,6314,-2714,155.07,155.08,155.0744,0.51,0.10,1.00,mixed,1.38,normal,0.89,1800,mm,-1812.18,99.74,99.82,99.7633,-1.83,1.85,0.11,chop,-1.39,calm,-1.03,-3314,mm,1247.23,25.46,25.49,25.5084,-5.02,1.82,0.54,TREND,-1.02,stressed,-0.59,-1200,mm,-5541.01
116.794,146,154.0,-5980.52,-5980.52,6314,-2714,155.07,155.08,155.0744,0.51,0.10,0.00,chop,1.35,normal,0.89,1800,mm,-1812.18,99.74,99.82,99.7635,-1.77,1.85,0.07,chop,-0.42,calm,-1.03,-3314,mm,1247.23,25.46,25.49,25.5080,-5.03,1.82,0.54,TREND,-1.02,stressed,-0.59,-1200,mm,-5541.01
116.820,146,154.0,-5980.52,-5980.52,6314,-2714,155.07,155.08,155.0744,0.50,0.10,0.00,chop,1.35,normal,0.89,1800,mm,-1812.18,99.74,99.82,99.7637,-1.72,1.85,0.07,chop,-0.42,calm,-1.03,-3314,mm,1247.23,25.46,25.49,25.5076,-5.03,1.82,0.54,TREND,-1.02,stressed,-0.59,-1200,mm,-5541.01
116.847,146,154.0,-5980.52,-5980.52,6314,-2714,155.07,155.08,155.0744,0.50,0.10,0.00,chop,1.35,normal,0.89,1800,mm,-1812.18,99.74,99.82,99.7639,-1.66,1.85,0.07,chop,-0.42,calm,-1.03,-3314,mm,1247.23,25.46,25.49,25.5072,-5.04,1.82,0.54,TREND,-1.02,stressed,-0.59,-1200,mm,-5541.01
116.871,146,154.0,-5980.52,-5980.52,6314,-2714,155.07,155.08,155.0744,0.50,0.10,0.00,chop,1.35,normal,0.89,1800,mm,-1812.18,99.74,99.82,99.7641,-1.62,1.85,0.07,chop,-0.42,calm,-1.03,-3314,mm,1247.23,25.46,25.49,25.5068,-5.04,1.82,0.54,TREND,-1.02,stressed,-0.59,-1200,mm,-5541.01
116.897,146,154.0,-5980.52,-5980.52,6314,-2714,155.07,155.08,155.0744,0.50,0.10,0.00,chop,1.35,normal,0.89,1800,mm,-1812.18,99.74,99.82,99.7643,-1.57,1.85,0.07,chop,-0.42,calm,-1.03,-3314,mm,1247.23,25.46,25.49,25.5064,-5.05,1.82,0.54,TREND,-1.02,stressed,-0.59,-1200,mm,-5541.01
116.924,146,154.0,-5980.52,-5980.52,6314,-2714,155.07,155.08,155.0745,0.50,0.10,0.00,chop,1.35,normal,0.89,1800,mm,-1812.18,99.74,99.82,99.7645,-1.51,1.85,0.07,chop,-0.42,calm,-1.03,-3314,mm,1247.23,25.46,25.49,25.5060,-5.05,1.82,0.55,TREND,-1.14,stressed,-0.59,-1200,mm,-5541.01
116.950,146,154.0,-5980.52,-5980.52,6314,-2714,155.07,155.08,155.0745,0.49,0.10,0.00,chop,1.35,normal,0.89,1800,mm,-1812.18,99.74,99.82,99.7647,-1.47,1.85,0.07,chop,-0.42,calm,-1.03,-3314,mm,1247.23,25.46,25.49,25.5057,-5.06,1.82,0.55,TREND,-1.14,stressed,-0.59,-1200,mm,-5541.01
116.977,146,154.0,-5980.52,-5980.52,6314,-2714,155.07,155.08,155.0745,0.49,0.10,0.00,chop,1.35,normal,0.89,1800,mm,-1812.18,99.74,99.82,99.7649,-1.42,1.85,0.07,chop,-0.42,calm,-1.03,-3314,mm,1247.23,25.46,25.49,25.5053,-5.06,1.82,0.55,TREND,-1.14,stressed,-0.59,-1200,mm,-5541.01
117.007,146,154.9,-5980.52,-5980.52,5414,-1814,155.07,155.08,155.0745,0.49,0.10,0.00,chop,1.35,normal,0.89,1800,mm,-1812.18,99.77,99.82,99.7653,-1.33,1.85,0.07,chop,-0.42,calm,-1.03,-3314,mm,1247.23,25.47,25.48,25.5048,-5.06,1.82,0.55,TREND,-1.14,stressed,-0.59,-300,mm,-5510.02
117.030,146,154.9,-5980.52,-5980.52,5414,-1814,155.07,155.08,155.0745,0.49,0.10,0.00,chop,1.35,normal,0.89,1800,mm,-1812.18,99.77,99.82,99.7656,-1.27,1.85,0.07,chop,-0.42,calm,-1.03,-3314,mm,1247.23,25.47,25.48,25.5045,-5.06,1.82,0.55,TREND,-1.14,stressed,-0.59,-300,mm,-5510.02
117.056,146,154.9,-5980.52,-5980.52,5414,-1814,155.07,155.08,155.0745,0.48,0.10,0.00,chop,1.31,calm,0.89,1800,mm,-1812.18,99.77,99.82,99.7660,-1.20,1.85,0.10,chop,0.00,calm,-1.03,-3314,mm,1247.23,25.47,25.48,25.5042,-5.06,1.82,0.55,TREND,-1.14,stressed,-0.59,-300,mm,-5510.02
117.080,146,154.9,-5980.52,-5980.52,5414,-1814,155.07,155.08,155.0745,0.48,0.10,0.00,chop,1.31,calm,0.89,1800,mm,-1812.18,99.77,99.82,99.7663,-1.13,1.85,0.10,chop,0.00,calm,-1.03,-3314,mm,1247.23,25.47,25.48,25.5038,-5.06,1.82,0.55,TREND,-1.14,stressed,-0.59,-300,mm,-5510.02
117.107,146,154.9,-5980.52,-5980.52,5414,-1814,155.07,155.08,155.0745,0.48,0.10,0.00,chop,1.31,calm,0.89,1800,mm,-1812.18,99.77,99.82,99.7667,-1.06,1.85,0.10,chop,0.00,calm,-1.03,-3314,mm,1247.23,25.47,25.48,25.5035,-5.06,1.82,0.55,TREND,-1.14,stressed,-0.59,-300,mm,-5510.02
117.132,146,154.9,-5980.52,-5980.52,5414,-1814,155.07,155.08,155.0745,0.48,0.10,0.00,chop,1.31,calm,0.89,1800,mm,-1812.18,99.77,99.82,99.7670,-0.99,1.85,0.10,chop,0.00,calm,-1.03,-3314,mm,1247.23,25.47,25.48,25.5031,-5.06,1.82,0.55,TREND,-1.14,stressed,-0.59,-300,mm,-5510.02
117.158,146,154.9,-5980.52,-5980.52,5414,-1814,155.07,155.08,155.0745,0.48,0.10,0.00,chop,1.31,calm,0.89,1800,mm,-1812.18,99.77,99.82,99.7673,-0.93,1.85,0.10,chop,0.00,calm,-1.03,-3314,mm,1247.23,25.47,25.48,25.5028,-5.06,1.82,0.55,TREND,-1.14,stressed,-0.59,-300,mm,-5510.02
117.186,146,154.9,-5980.52,-5980.52,5414,-1814,155.07,155.08,155.0745,0.47,0.10,0.00,chop,1.31,calm,0.89,1800,mm,-1812.18,99.77,99.82,99.7677,-0.86,2.14,0.10,chop,0.00,calm,-1.03,-3314,mm,1247.23,25.47,25.48,25.5024,-5.06,1.82,0.55,TREND,-1.11,stressed,-0.59,-300,mm,-5510.02
117.212,146,154.9,-5980.52,-5980.52,5414,-1814,155.07,155.08,155.0745,0.47,0.10,0.00,chop,1.31,calm,0.89,1800,mm,-1812.18,99.77,99.82,99.7680,-0.80,2.14,0.10,chop,0.00,calm,-1.03,-3314,mm,1247.23,25.47,25.48,25.5021,-5.05,1.82,0.55,TREND,-1.11,stressed,-0.59,-300,mm,-5510.02
117.257,146,154.9,-5980.52,-5980.52,2186,1586,155.07,155.08,155.0745,0.47,0.10,0.00,chop,1.31,calm,0.89,1800,mm,-1812.18,99.78,99.82,99.7687,-0.68,2.14,0.10,chop,0.00,calm,-1.03,86,mm,1374.71,25.47,25.48,25.5015,-5.05,1.70,0.55,TREND,-1.11,stressed,-0.59,-300,mm,-5507.02
117.310,146,154.9,-5980.52,-5980.52,2186,1586,155.07,155.08,155.0745,0.46,0.10,0.00,chop,1.28,calm,0.89,1800,mm,-1812.18,99.78,99.81,99.7693,-0.57,2.14,0.11,chop,0.01,calm,-1.03,86,mm,1374.71,25.47,25.48,25.5009,-5.04,1.70,0.55,TREND,-1.11,stressed,-0.59,-300,mm,-5507.02
117.337,146,154.9,-5980.52,-5980.52,2186,1586,155.07,155.08,155.0745,0.46,0.10,0.00,chop,1.28,calm,0.89,1800,mm,-1812.18,99.78,99.81,99.7697,-0.52,2.14,0.11,chop,0.01,calm,-1.03,86,mm,1374.71,25.47,25.48,25.5006,-5.03,1.70,0.55,TREND,-1.11,stressed,-0.59,-300,mm,-5507.02
117.351,146,154.9,-5980.52,-5980.52,2186,1586,155.07,155.08,155.0746,0.46,0.10,0.00,chop,1.28,calm,0.89,1800,mm,-1812.18,99.78,99.81,99.7698,-0.49,2.14,0.11,chop,0.01,calm,-1.03,86,mm,1374.71,25.47,25.48,25.5004,-5.03,1.70,0.55,TREND,-1.11,stressed,-0.59,-300,mm,-5507.02
117.378,146,154.9,-5980.52,-5980.52,2186,1586,155.07,155.08,155.0746,0.46,0.10,0.00,chop,1.28,calm,0.89,1800,mm,-1812.18,99.78,99.81,99.7701,-0.44,2.14,0.11,chop,0.01,calm,-1.03,86,mm,1374.71,25.47,25.48,25.5001,-5.03,1.70,0.55,TREND,-1.11,stressed,-0.59,-300,mm,-5507.02
117.401,146,154.9,-5980.52,-5980.52,2186,1586,155.07,155.08,155.0746,0.46,0.10,0.00,chop,1.28,calm,0.89,1800,mm,-1812.18,99.78,99.81,99.7704,-0.39,2.14,0.11,chop,0.01,calm,-1.03,86,mm,1374.71,25.47,25.48,25.4998,-5.02,1.70,0.55,TREND,-1.11,stressed,-0.59,-300,mm,-5507.02
117.427,146,154.9,-5980.52,-5980.52,2186,1586,155.07,155.08,155.0746,0.45,0.10,0.00,chop,1.28,calm,0.89,1800,mm,-1812.18,99.78,99.81,99.7707,-0.35,2.14,0.11,chop,0.01,calm,-1.03,86,mm,1374.71,25.47,25.48,25.4995,-5.01,1.70,0.55,TREND,-1.11,stressed,-0.59,-300,mm,-5507.02
117.452,146,154.9,-5980.52,-5980.52,2186,1586,155.07,155.08,155.0746,0.45,0.10,0.00,chop,1.28,calm,0.89,1800,mm,-1812.18,99.78,99.81,99.7710,-0.30,2.14,0.11,chop,0.01,calm,-1.03,86,mm,1374.71,25.47,25.48,25.4992,-5.01,1.70,0.55,TREND,-1.08,stressed,-0.59,-300,mm,-5507.02
117.477,146,154.9,-5980.52,-5980.52,2186,1586,155.07,155.08,155.0746,0.45,0.10,0.00,chop,1.28,calm,0.89,1800,mm,-1812.18,99.78,99.81,99.7713,-0.26,2.14,0.11,chop,0.01,calm,-1.03,86,mm,1374.71,25.47,25.48,25.4989,-5.00,1.70,0.55,TREND,-1.08,stressed,-0.59,-300,mm,-5507.02
117.513,147,153.1,-5944.50,-5944.50,2186,1586,155.07,155.08,155.0746,0.45,0.10,0.00,chop,1.28,calm,0.89,1800,mm,-1812.18,99.79,99.8,99.7717,-0.20,2.14,0.11,chop,0.01,calm,-0.16,86,mm,1374.71,25.47,25.48,25.4985,-4.99,1.70,0.55,TREND,-1.08,stressed,-0.63,-300,mm,-5507.02
117.538,147,153.1,-5944.50,-5944.50,2186,1586,155.07,155.08,155.0746,0.44,0.10,0.00,chop,1.28,calm,0.89,1800,mm,-1812.18,99.79,99.8,99.7719,-0.16,2.14,0.11,chop,0.01,calm,-0.16,86,mm,1374.71,25.47,25.48,25.4982,-4.98,1.70,0.55,TREND,-1.08,stressed,-0.63,-300,mm,-5507.02
117.558,147,153.1,-5944.50,-5944.50,2186,1586,155.07,155.08,155.0746,0.44,0.10,0.00,chop,1.28,calm,0.89,1800,mm,-1812.18,99.79,99.8,99.7722,-0.13,2.14,0.11,chop,0.01,calm,-0.16,86,mm,1374.71,25.47,25.48,25.4980,-4.97,1.70,0.55,TREND,-1.08,stressed,-0.63,-300,mm,-5507.02
117.590,147,153.1,-5944.50,-5944.50,2186,1586,155.07,155.08,155.0746,0.44,0.10,0.00,chop,1.24,calm,0.89,1800,mm,-1812.18,99.79,99.8,99.7725,-0.08,2.14,0.06,chop,0.02,calm,-0.16,86,mm,1374.71,25.47,25.48,25.4977,-4.96,1.70,0.55,TREND,-1.08,stressed,-0.63,-300,mm,-5507.02
117.613,147,153.1,-5944.50,-5944.50,2186,1586,155.07,155.08,155.0746,0.44,0.10,0.00,chop,1.24,calm,0.89,1800,mm,-1812.18,99.79,99.8,99.7728,-0.05,2.14,0.06,chop,0.02,calm,-0.16,86,mm,1374.71,25.47,25.48,25.4974,-4.96,1.70,0.55,TREND,-1.08,stressed,-0.63,-300,mm,-5507.02
117.637,147,153.1,-5944.50,-5944.50,2186,1586,155.07,155.08,155.0746,0.44,0.10,0.00,chop,1.24,calm,0.89,1800,mm,-1812.18,99.79,99.8,99.7730,-0.01,2.14,0.06,chop,0.02,calm,-0.16,86,mm,1374.71,25.47,25.48,25.4972,-4.95,1.70,0.55,TREND,-1.08,stressed,-0.63,-300,mm,-5507.02
117.662,147,153.1,-5944.50,-5944.50,2186,1586,155.07,155.08,155.0746,0.44,0.10,0.00,chop,1.24,calm,0.89,1800,mm,-1812.18,99.79,99.8,99.7733,0.02,2.14,0.06,chop,0.02,calm,-0.16,86,mm,1374.71,25.47,25.48,25.4969,-4.94,1.70,0.55,TREND,-1.08,stressed,-0.63,-300,mm,-5507.02
117.690,147,153.1,-5944.50,-5944.50,2186,1586,155.07,155.08,155.0746,0.43,0.09,0.00,chop,1.24,calm,0.89,1800,mm,-1812.18,99.79,99.8,99.7735,0.06,1.95,0.06,chop,0.02,calm,-0.16,86,mm,1374.71,25.47,25.48,25.4966,-4.93,1.70,0.55,TREND,-1.08,stressed,-0.63,-300,mm,-5507.02
117.716,147,153.1,-5944.50,-5944.50,2186,1586,155.07,155.08,155.0746,0.43,0.09,0.00,chop,1.24,calm,0.89,1800,mm,-1812.18,99.79,99.8,99.7738,0.09,1.95,0.06,chop,0.02,calm,-0.16,86,mm,1374.71,25.47,25.48,25.4964,-4.92,1.70,0.55,TREND,-1.05,stressed,-0.63,-300,mm,-5507.02
117.741,147,153.1,-5944.50,-5944.50,2186,1586,155.07,155.08,155.0746,0.43,0.09,0.00,chop,1.24,calm,0.89,1800,mm,-1812.18,99.79,99.8,99.7741,0.12,1.95,0.06,chop,0.02,calm,-0.16,86,mm,1374.71,25.47,25.48,25.4961,-4.91,1.70,0.55,TREND,-1.05,stressed,-0.63,-300,mm,-5507.02
117.769,147,153.1,-5944.50,-5944.50,3586,2986,155.07,155.08,155.0746,0.43,0.09,0.00,chop,1.24,calm,0.89,1800,mm,-1812.18,99.72,99.81,99.7739,0.09,1.95,0.06,chop,0.02,calm,-0.16,1486,mm,1282.75,25.47,25.48,25.4958,-4.89,1.58,0.55,TREND,-1.05,stressed,-0.63,-300,mm,-5507.02
117.804,147,153.1,-5944.50,-5944.50,3586,2986,155.07,155.08,155.0746,0.42,0.09,0.00,chop,1.24,calm,0.89,1800,mm,-1812.18,99.72,99.81,99.7738,0.05,1.95,0.06,chop,0.02,calm,-0.16,1486,mm,1282.75,25.47,25.48,25.4955,-4.88,1.58,0.55,TREND,-1.05,stressed,-0.63,-300,mm,-5507.02
117.830,147,153.1,-5944.50,-5944.50,3586,2986,155.07,155.08,155.0746,0.42,0.09,0.00,chop,1.24,calm,0.89,1800,mm,-1812.18,99.72,99.81,99.7737,0.02,1.95,0.06,chop,0.02,calm,-0.16,1486,mm,1282.75,25.47,25.48,25.4953,-4.87,1.58,0.55,TREND,-1.05,stressed,-0.63,-300,mm,-5507.02
117.855,147,153.1,-5944.50,-5944.50,3586,2986,155.07,155.08,155.0746,0.42,0.09,0.00,chop,1.21,calm,0.89,1800,mm,-1812.18,99.72,99.81,99.7736,-0.01,1.95,0.13,chop,-0.80,calm,-0.16,1486,mm,1282.75,25.47,25.48,25.4950,-4.86,1.58,0.55,TREND,-1.05,stressed,-0.63,-300,mm,-5507.02
117.880,147,153.1,-5944.50,-5944.50,3586,2986,155.07,155.08,155.0747,0.42,0.09,0.00,chop,1.21,calm,0.89,1800,mm,-1812.18,99.72,99.81,99.7735,-0.04,1.95,0.13,chop,-0.80,calm,-0.16,1486,mm,1282.75,25.47,25.48,25.4948,-4.85,1.58,0.55,TREND,-1.05,stressed,-0.63,-300,mm,-5507.02
117.906,147,153.1,-5944.50,-5944.50,3586,2986,155.07,155.08,155.0747,0.42,0.09,0.00,chop,1.21,calm,0.89,1800,mm,-1812.18,99.72,99.81,99.7734,-0.06,1.95,0.13,chop,-0.80,calm,-0.16,1486,mm,1282.75,25.47,25.48,25.4945,-4.83,1.58,0.55,TREND,-1.05,stressed,-0.63,-300,mm,-5507.02
117.932,147,153.1,-5944.50,-5944.50,3586,2986,155.07,155.08,155.0747,0.41,0.09,0.00,chop,1.21,calm,0.89,1800,mm,-1812.18,99.72,99.81,99.7733,-0.09,1.95,0.13,chop,-0.80,calm,-0.16,1486,mm,1282.75,25.47,25.48,25.4943,-4.82,1.58,0.55,TREND,-1.05,stressed,-0.63,-300,mm,-5507.02
117.964,147,153.1,-5944.50,-5944.50,3586,2986,155.07,155.08,155.0747,0.41,0.09,0.00,chop,1.21,calm,0.89,1800,mm,-1812.18,99.72,99.81,99.7731,-0.12,1.95,0.13,chop,-0.80,calm,-0.16,1486,mm,1282.75,25.47,25.48,25.4940,-4.81,1.58,0.55,TREND,-1.05,stressed,-0.63,-300,mm,-5507.02
117.984,147,153.1,-5944.50,-5944.50,3586,2986,155.07,155.08,155.0747,0.41,0.09,0.00,chop,1.21,calm,0.89,1800,mm,-1812.18,99.72,99.81,99.7731,-0.14,1.95,0.13,chop,-0.80,calm,-0.16,1486,mm,1282.75,25.47,25.48,25.4938,-4.80,1.58,0.55,TREND,-1.03,stressed,-0.63,-300,mm,-5507.02
118.018,147,153.9,-5944.50,-5944.50,2300,1300,155.07,155.08,155.0747,0.41,0.09,0.00,chop,1.21,calm,0.89,1800,mm,-1812.18,99.72,99.77,99.7726,-0.23,1.95,0.13,chop,-0.80,calm,-0.16,0,mm,1299.69,25.47,25.48,25.4935,-4.78,1.58,0.55,TREND,-1.03,stressed,-0.63,-500,mm,-5509.80
118.042,147,153.9,-5944.50,-5944.50,2300,1300,155.07,155.08,155.0747,0.41,0.09,0.00,chop,1.21,calm,0.89,1800,mm,-1812.18,99.72,99.77,99.7723,-0.28,1.95,0.13,chop,-0.80,calm,-0.16,0,mm,1299.69,25.47,25.48,25.4933,-4.77,1.58,0.55,TREND,-1.03,stressed,-0.63,-500,mm,-5509.80
